<?xml version="1.0" encoding="UTF-8"?>
<kml xmlns="http://www.opengis.net/kml/2.2">
  <Document>
    <name>-/N623FB</name>
    <description><![CDATA[<div style="width:220px; text-align:center;">
<div style="width:210px; text-align:center;">
<div style=" background: #000; color: #fff; font-size: 14px; text-align:left; border: 1px solid #000; padding: 2px 6px; text-shadow: 0 1px 0 #000; box-shadow: 0 1px 3px rgba(0,0,0,0.6); background: -webkit-gradient(linear, left top, left bottom, color-stop(0%,#808080), color-stop(2%,#303030), color-stop(100%,#0c0c0c));"><span style="font-size: 14px; font-weight: bold;"><a href="javascript:void(0);" style="color: #fff; cursor: pointer;text-decoration: none;">-</a></span> / N623FB<br/>United States - Phoenix Police Department</div>

<div style="border-top: 1px solid #005c90; color: #fff; padding-bottom: 5px; box-shadow: 0 0 1px #9BE3F6 inset, 0 1px 0 #9BE3F6 inset, 0 -1px 3px rgba(0,0,0,0.4); background:rgba(43,114,173,1); background: -webkit-gradient(linear, left top, left bottom, color-stop(0%,rgba(92,184,229,1)), color-stop(100%,rgba(43,114,173,1)));">
<a style="text-decoration: none; color: rgb(255, 255, 255); font-size: 12px; width:77px; display: inline-block;" title="Phoenix Airport" href="https://www.flightradar24.com/airport/dvt/departures"><h3 style="padding: 0px; margin: 10px 0px 0px; font-size: 16px; ">DVT</h3>Phoenix</a>
<span style="background: url(https://www.flightradar24.com/static/images/userUI_sprite.png?14) no-repeat scroll 0 -464px rgba(0, 0, 0, 0); border: medium none; display: inline-block; height: 16px; width: 45px;"></span>
<a style="text-decoration: none; color: rgb(255, 255, 255); font-size: 12px; width:77px; display: inline-block;" title="Phoenix Airport" href="https://www.flightradar24.com/airport/dvt/arrivals"><h3 style="padding: 0px; margin: 10px 0px 0px; font-size: 16px;">DVT</h3>Phoenix</a>
<div style=" margin-top:10px;">
<div style="display: inline-block; font-size: 12px; padding: 0 5px;">
<div>
<span style="color: #c1eaff;" title="Actual Time of Departure">ATD </span>
<span title="2025-08-19 11:09">11:09</span> <span title="Coordinated Universal Time">UTC</span>
</div>
</div>
<div style="display: inline-block; font-size: 12px; padding: 0 5px;">
<div>
<span style="color: #c1eaff;" title="Estimated Time of Arrival">ETA </span>
<span title="2025-08-19 11:30">11:30</span> <span title="Coordinated Universal Time">UTC</span>
</div>
</div>
</div>
<br style="clear: both;"/>
</div>

<div style="display: block;">
<table style="border-collapse: collapse; width: 100%;">
<tr style="border-right: 1px solid #dadada; ">
<td style="background: none repeat scroll 0 0 #dadada; padding: 0; width: 31px;">
<span style="background: url(https://www.flightradar24.com/static/images/userUI_sprite.png?14) no-repeat scroll -208px -464px rgba(0, 0, 0, 0); height: 26px; margin: 8px 0 0 4px; width: 23px; display: block;"></span>
</td>
<td colspan="2" style="border-bottom: 1px solid #dadada; border-left: 1px solid #dadada; color: #666; line-height: 1.1em; padding: 3px 6px; vertical-align: top; font-size: 14px;">
Aircraft<span style="float: right; font-size: 12px;">(AS50)</span><br>
<span style="color: #333; font-size: 16px; font-weight: bold; line-height: 1.3em;">Airbus Helicopters H125</span>
</td>
</tr>
<tr style="border-right: 1px solid #dadada; ">
<td style="background: none repeat scroll 0 0 #dadada; padding: 0; width: 31px;">
<td colspan="2" style="border-bottom: 1px solid #dadada; border-left: 1px solid #dadada; color: #666; line-height: 1.1em; padding: 3px 6px; vertical-align: top; font-size: 14px;">
Registration<br>
<span style="color: #333; font-size: 16px; font-weight: bold; line-height: 1.3em;"><a href="https://www.flightradar24.com/reg/n623fb" style="text-decoration: none; color: #333;">N623FB</a></span>
</td>
</tr>
</table>
</div>

</div>
</div>]]></description>
    <Folder>
      <name>Route</name>
      <Placemark>
        <name>2025-08-19 11:09:54 UTC</name>
        <description><![CDATA[<div><div><span><b>Altitude:</b></span> <span>1,825 ft</span></div>
<div><span><b>Speed:</b></span> <span>10 kt</span></div>
<div><span><b>Heading:</b></span> <span>241&deg;</span></div>
</div>]]></description>
        <TimeStamp>
          <when>2025-08-19T11:09:54+00:00</when>
        </TimeStamp>
        <Style>
          <IconStyle>
            <heading>241</heading>
            <Icon>
              <href>http://maps.google.com/mapfiles/kml/shapes/airports.png</href>
            </Icon>
          </IconStyle>
        </Style>
        <Point>
          <altitudeMode>absolute</altitudeMode>
          <coordinates>-112.081528,33.684246,556.26</coordinates>
        </Point>
      </Placemark>
      <Placemark>
        <name>2025-08-19 11:09:59 UTC</name>
        <description><![CDATA[<div><div><span><b>Altitude:</b></span> <span>1,925 ft</span></div>
<div><span><b>Speed:</b></span> <span>99 kt</span></div>
<div><span><b>Heading:</b></span> <span>189&deg;</span></div>
</div>]]></description>
        <TimeStamp>
          <when>2025-08-19T11:09:59+00:00</when>
        </TimeStamp>
        <Style>
          <IconStyle>
            <heading>189</heading>
            <Icon>
              <href>http://maps.google.com/mapfiles/kml/shapes/airports.png</href>
            </Icon>
          </IconStyle>
        </Style>
        <Point>
          <altitudeMode>absolute</altitudeMode>
          <coordinates>-112.082039,33.683575,586.74</coordinates>
        </Point>
      </Placemark>
      <Placemark>
        <name>2025-08-19 11:10:05 UTC</name>
        <description><![CDATA[<div><div><span><b>Altitude:</b></span> <span>2,000 ft</span></div>
<div><span><b>Speed:</b></span> <span>100 kt</span></div>
<div><span><b>Heading:</b></span> <span>189&deg;</span></div>
</div>]]></description>
        <TimeStamp>
          <when>2025-08-19T11:10:05+00:00</when>
        </TimeStamp>
        <Style>
          <IconStyle>
            <heading>189</heading>
            <Icon>
              <href>http://maps.google.com/mapfiles/kml/shapes/airports.png</href>
            </Icon>
          </IconStyle>
        </Style>
        <Point>
          <altitudeMode>absolute</altitudeMode>
          <coordinates>-112.083435,33.678032,609.6</coordinates>
        </Point>
      </Placemark>
      <Placemark>
        <name>2025-08-19 11:10:09 UTC</name>
        <description><![CDATA[<div><div><span><b>Altitude:</b></span> <span>2,025 ft</span></div>
<div><span><b>Speed:</b></span> <span>104 kt</span></div>
<div><span><b>Heading:</b></span> <span>189&deg;</span></div>
</div>]]></description>
        <TimeStamp>
          <when>2025-08-19T11:10:09+00:00</when>
        </TimeStamp>
        <Style>
          <IconStyle>
            <heading>189</heading>
            <Icon>
              <href>http://maps.google.com/mapfiles/kml/shapes/airports.png</href>
            </Icon>
          </IconStyle>
        </Style>
        <Point>
          <altitudeMode>absolute</altitudeMode>
          <coordinates>-112.083862,33.675934,617.22</coordinates>
        </Point>
      </Placemark>
      <Placemark>
        <name>2025-08-19 11:10:11 UTC</name>
        <description><![CDATA[<div><div><span><b>Altitude:</b></span> <span>2,025 ft</span></div>
<div><span><b>Speed:</b></span> <span>107 kt</span></div>
<div><span><b>Heading:</b></span> <span>189&deg;</span></div>
</div>]]></description>
        <TimeStamp>
          <when>2025-08-19T11:10:11+00:00</when>
        </TimeStamp>
        <Style>
          <IconStyle>
            <heading>189</heading>
            <Icon>
              <href>http://maps.google.com/mapfiles/kml/shapes/airports.png</href>
            </Icon>
          </IconStyle>
        </Style>
        <Point>
          <altitudeMode>absolute</altitudeMode>
          <coordinates>-112.084061,33.675003,617.22</coordinates>
        </Point>
      </Placemark>
      <Placemark>
        <name>2025-08-19 11:10:14 UTC</name>
        <description><![CDATA[<div><div><span><b>Altitude:</b></span> <span>2,025 ft</span></div>
<div><span><b>Speed:</b></span> <span>109 kt</span></div>
<div><span><b>Heading:</b></span> <span>189&deg;</span></div>
</div>]]></description>
        <TimeStamp>
          <when>2025-08-19T11:10:14+00:00</when>
        </TimeStamp>
        <Style>
          <IconStyle>
            <heading>189</heading>
            <Icon>
              <href>http://maps.google.com/mapfiles/kml/shapes/airports.png</href>
            </Icon>
          </IconStyle>
        </Style>
        <Point>
          <altitudeMode>absolute</altitudeMode>
          <coordinates>-112.084312,33.673782,617.22</coordinates>
        </Point>
      </Placemark>
      <Placemark>
        <name>2025-08-19 11:10:16 UTC</name>
        <description><![CDATA[<div><div><span><b>Altitude:</b></span> <span>2,025 ft</span></div>
<div><span><b>Speed:</b></span> <span>110 kt</span></div>
<div><span><b>Heading:</b></span> <span>189&deg;</span></div>
</div>]]></description>
        <TimeStamp>
          <when>2025-08-19T11:10:16+00:00</when>
        </TimeStamp>
        <Style>
          <IconStyle>
            <heading>189</heading>
            <Icon>
              <href>http://maps.google.com/mapfiles/kml/shapes/airports.png</href>
            </Icon>
          </IconStyle>
        </Style>
        <Point>
          <altitudeMode>absolute</altitudeMode>
          <coordinates>-112.08448,33.672775,617.22</coordinates>
        </Point>
      </Placemark>
      <Placemark>
        <name>2025-08-19 11:10:25 UTC</name>
        <description><![CDATA[<div><div><span><b>Altitude:</b></span> <span>2,050 ft</span></div>
<div><span><b>Speed:</b></span> <span>115 kt</span></div>
<div><span><b>Heading:</b></span> <span>190&deg;</span></div>
</div>]]></description>
        <TimeStamp>
          <when>2025-08-19T11:10:25+00:00</when>
        </TimeStamp>
        <Style>
          <IconStyle>
            <heading>190</heading>
            <Icon>
              <href>http://maps.google.com/mapfiles/kml/shapes/airports.png</href>
            </Icon>
          </IconStyle>
        </Style>
        <Point>
          <altitudeMode>absolute</altitudeMode>
          <coordinates>-112.085495,33.668114,624.84</coordinates>
        </Point>
      </Placemark>
      <Placemark>
        <name>2025-08-19 11:10:31 UTC</name>
        <description><![CDATA[<div><div><span><b>Altitude:</b></span> <span>2,050 ft</span></div>
<div><span><b>Speed:</b></span> <span>118 kt</span></div>
<div><span><b>Heading:</b></span> <span>191&deg;</span></div>
</div>]]></description>
        <TimeStamp>
          <when>2025-08-19T11:10:31+00:00</when>
        </TimeStamp>
        <Style>
          <IconStyle>
            <heading>191</heading>
            <Icon>
              <href>http://maps.google.com/mapfiles/kml/shapes/airports.png</href>
            </Icon>
          </IconStyle>
        </Style>
        <Point>
          <altitudeMode>absolute</altitudeMode>
          <coordinates>-112.08622,33.664719,624.84</coordinates>
        </Point>
      </Placemark>
      <Placemark>
        <name>2025-08-19 11:10:38 UTC</name>
        <description><![CDATA[<div><div><span><b>Altitude:</b></span> <span>2,050 ft</span></div>
<div><span><b>Speed:</b></span> <span>120 kt</span></div>
<div><span><b>Heading:</b></span> <span>191&deg;</span></div>
</div>]]></description>
        <TimeStamp>
          <when>2025-08-19T11:10:38+00:00</when>
        </TimeStamp>
        <Style>
          <IconStyle>
            <heading>191</heading>
            <Icon>
              <href>http://maps.google.com/mapfiles/kml/shapes/airports.png</href>
            </Icon>
          </IconStyle>
        </Style>
        <Point>
          <altitudeMode>absolute</altitudeMode>
          <coordinates>-112.087173,33.660782,624.84</coordinates>
        </Point>
      </Placemark>
      <Placemark>
        <name>2025-08-19 11:10:45 UTC</name>
        <description><![CDATA[<div><div><span><b>Altitude:</b></span> <span>2,025 ft</span></div>
<div><span><b>Speed:</b></span> <span>122 kt</span></div>
<div><span><b>Heading:</b></span> <span>191&deg;</span></div>
</div>]]></description>
        <TimeStamp>
          <when>2025-08-19T11:10:45+00:00</when>
        </TimeStamp>
        <Style>
          <IconStyle>
            <heading>191</heading>
            <Icon>
              <href>http://maps.google.com/mapfiles/kml/shapes/airports.png</href>
            </Icon>
          </IconStyle>
        </Style>
        <Point>
          <altitudeMode>absolute</altitudeMode>
          <coordinates>-112.088074,33.657314,617.22</coordinates>
        </Point>
      </Placemark>
      <Placemark>
        <name>2025-08-19 11:10:54 UTC</name>
        <description><![CDATA[<div><div><span><b>Altitude:</b></span> <span>2,025 ft</span></div>
<div><span><b>Speed:</b></span> <span>122 kt</span></div>
<div><span><b>Heading:</b></span> <span>189&deg;</span></div>
</div>]]></description>
        <TimeStamp>
          <when>2025-08-19T11:10:54+00:00</when>
        </TimeStamp>
        <Style>
          <IconStyle>
            <heading>189</heading>
            <Icon>
              <href>http://maps.google.com/mapfiles/kml/shapes/airports.png</href>
            </Icon>
          </IconStyle>
        </Style>
        <Point>
          <altitudeMode>absolute</altitudeMode>
          <coordinates>-112.089272,33.6521,617.22</coordinates>
        </Point>
      </Placemark>
      <Placemark>
        <name>2025-08-19 11:11:01 UTC</name>
        <description><![CDATA[<div><div><span><b>Altitude:</b></span> <span>2,025 ft</span></div>
<div><span><b>Speed:</b></span> <span>120 kt</span></div>
<div><span><b>Heading:</b></span> <span>190&deg;</span></div>
</div>]]></description>
        <TimeStamp>
          <when>2025-08-19T11:11:01+00:00</when>
        </TimeStamp>
        <Style>
          <IconStyle>
            <heading>190</heading>
            <Icon>
              <href>http://maps.google.com/mapfiles/kml/shapes/airports.png</href>
            </Icon>
          </IconStyle>
        </Style>
        <Point>
          <altitudeMode>absolute</altitudeMode>
          <coordinates>-112.090073,33.648098,617.22</coordinates>
        </Point>
      </Placemark>
      <Placemark>
        <name>2025-08-19 11:11:08 UTC</name>
        <description><![CDATA[<div><div><span><b>Altitude:</b></span> <span>2,050 ft</span></div>
<div><span><b>Speed:</b></span> <span>118 kt</span></div>
<div><span><b>Heading:</b></span> <span>190&deg;</span></div>
</div>]]></description>
        <TimeStamp>
          <when>2025-08-19T11:11:08+00:00</when>
        </TimeStamp>
        <Style>
          <IconStyle>
            <heading>190</heading>
            <Icon>
              <href>http://maps.google.com/mapfiles/kml/shapes/airports.png</href>
            </Icon>
          </IconStyle>
        </Style>
        <Point>
          <altitudeMode>absolute</altitudeMode>
          <coordinates>-112.090927,33.644302,624.84</coordinates>
        </Point>
      </Placemark>
      <Placemark>
        <name>2025-08-19 11:11:15 UTC</name>
        <description><![CDATA[<div><div><span><b>Altitude:</b></span> <span>2,050 ft</span></div>
<div><span><b>Speed:</b></span> <span>117 kt</span></div>
<div><span><b>Heading:</b></span> <span>192&deg;</span></div>
</div>]]></description>
        <TimeStamp>
          <when>2025-08-19T11:11:15+00:00</when>
        </TimeStamp>
        <Style>
          <IconStyle>
            <heading>192</heading>
            <Icon>
              <href>http://maps.google.com/mapfiles/kml/shapes/airports.png</href>
            </Icon>
          </IconStyle>
        </Style>
        <Point>
          <altitudeMode>absolute</altitudeMode>
          <coordinates>-112.091766,33.640686,624.84</coordinates>
        </Point>
      </Placemark>
      <Placemark>
        <name>2025-08-19 11:11:24 UTC</name>
        <description><![CDATA[<div><div><span><b>Altitude:</b></span> <span>2,075 ft</span></div>
<div><span><b>Speed:</b></span> <span>117 kt</span></div>
<div><span><b>Heading:</b></span> <span>192&deg;</span></div>
</div>]]></description>
        <TimeStamp>
          <when>2025-08-19T11:11:24+00:00</when>
        </TimeStamp>
        <Style>
          <IconStyle>
            <heading>192</heading>
            <Icon>
              <href>http://maps.google.com/mapfiles/kml/shapes/airports.png</href>
            </Icon>
          </IconStyle>
        </Style>
        <Point>
          <altitudeMode>absolute</altitudeMode>
          <coordinates>-112.093048,33.635807,632.46</coordinates>
        </Point>
      </Placemark>
      <Placemark>
        <name>2025-08-19 11:11:30 UTC</name>
        <description><![CDATA[<div><div><span><b>Altitude:</b></span> <span>2,100 ft</span></div>
<div><span><b>Speed:</b></span> <span>117 kt</span></div>
<div><span><b>Heading:</b></span> <span>192&deg;</span></div>
</div>]]></description>
        <TimeStamp>
          <when>2025-08-19T11:11:30+00:00</when>
        </TimeStamp>
        <Style>
          <IconStyle>
            <heading>192</heading>
            <Icon>
              <href>http://maps.google.com/mapfiles/kml/shapes/airports.png</href>
            </Icon>
          </IconStyle>
        </Style>
        <Point>
          <altitudeMode>absolute</altitudeMode>
          <coordinates>-112.093964,33.632504,640.08</coordinates>
        </Point>
      </Placemark>
      <Placemark>
        <name>2025-08-19 11:11:37 UTC</name>
        <description><![CDATA[<div><div><span><b>Altitude:</b></span> <span>2,100 ft</span></div>
<div><span><b>Speed:</b></span> <span>117 kt</span></div>
<div><span><b>Heading:</b></span> <span>188&deg;</span></div>
</div>]]></description>
        <TimeStamp>
          <when>2025-08-19T11:11:37+00:00</when>
        </TimeStamp>
        <Style>
          <IconStyle>
            <heading>188</heading>
            <Icon>
              <href>http://maps.google.com/mapfiles/kml/shapes/airports.png</href>
            </Icon>
          </IconStyle>
        </Style>
        <Point>
          <altitudeMode>absolute</altitudeMode>
          <coordinates>-112.094849,33.628967,640.08</coordinates>
        </Point>
      </Placemark>
      <Placemark>
        <name>2025-08-19 11:11:41 UTC</name>
        <description><![CDATA[<div><div><span><b>Altitude:</b></span> <span>2,100 ft</span></div>
<div><span><b>Speed:</b></span> <span>118 kt</span></div>
<div><span><b>Heading:</b></span> <span>186&deg;</span></div>
</div>]]></description>
        <TimeStamp>
          <when>2025-08-19T11:11:41+00:00</when>
        </TimeStamp>
        <Style>
          <IconStyle>
            <heading>186</heading>
            <Icon>
              <href>http://maps.google.com/mapfiles/kml/shapes/airports.png</href>
            </Icon>
          </IconStyle>
        </Style>
        <Point>
          <altitudeMode>absolute</altitudeMode>
          <coordinates>-112.095169,33.626591,640.08</coordinates>
        </Point>
      </Placemark>
      <Placemark>
        <name>2025-08-19 11:11:43 UTC</name>
        <description><![CDATA[<div><div><span><b>Altitude:</b></span> <span>2,100 ft</span></div>
<div><span><b>Speed:</b></span> <span>118 kt</span></div>
<div><span><b>Heading:</b></span> <span>185&deg;</span></div>
</div>]]></description>
        <TimeStamp>
          <when>2025-08-19T11:11:43+00:00</when>
        </TimeStamp>
        <Style>
          <IconStyle>
            <heading>185</heading>
            <Icon>
              <href>http://maps.google.com/mapfiles/kml/shapes/airports.png</href>
            </Icon>
          </IconStyle>
        </Style>
        <Point>
          <altitudeMode>absolute</altitudeMode>
          <coordinates>-112.095276,33.625427,640.08</coordinates>
        </Point>
      </Placemark>
      <Placemark>
        <name>2025-08-19 11:11:45 UTC</name>
        <description><![CDATA[<div><div><span><b>Altitude:</b></span> <span>2,100 ft</span></div>
<div><span><b>Speed:</b></span> <span>118 kt</span></div>
<div><span><b>Heading:</b></span> <span>185&deg;</span></div>
</div>]]></description>
        <TimeStamp>
          <when>2025-08-19T11:11:45+00:00</when>
        </TimeStamp>
        <Style>
          <IconStyle>
            <heading>185</heading>
            <Icon>
              <href>http://maps.google.com/mapfiles/kml/shapes/airports.png</href>
            </Icon>
          </IconStyle>
        </Style>
        <Point>
          <altitudeMode>absolute</altitudeMode>
          <coordinates>-112.095451,33.62431,640.08</coordinates>
        </Point>
      </Placemark>
      <Placemark>
        <name>2025-08-19 11:11:48 UTC</name>
        <description><![CDATA[<div><div><span><b>Altitude:</b></span> <span>2,100 ft</span></div>
<div><span><b>Speed:</b></span> <span>118 kt</span></div>
<div><span><b>Heading:</b></span> <span>185&deg;</span></div>
</div>]]></description>
        <TimeStamp>
          <when>2025-08-19T11:11:48+00:00</when>
        </TimeStamp>
        <Style>
          <IconStyle>
            <heading>185</heading>
            <Icon>
              <href>http://maps.google.com/mapfiles/kml/shapes/airports.png</href>
            </Icon>
          </IconStyle>
        </Style>
        <Point>
          <altitudeMode>absolute</altitudeMode>
          <coordinates>-112.095566,33.623005,640.08</coordinates>
        </Point>
      </Placemark>
      <Placemark>
        <name>2025-08-19 11:11:50 UTC</name>
        <description><![CDATA[<div><div><span><b>Altitude:</b></span> <span>2,100 ft</span></div>
<div><span><b>Speed:</b></span> <span>118 kt</span></div>
<div><span><b>Heading:</b></span> <span>185&deg;</span></div>
</div>]]></description>
        <TimeStamp>
          <when>2025-08-19T11:11:50+00:00</when>
        </TimeStamp>
        <Style>
          <IconStyle>
            <heading>185</heading>
            <Icon>
              <href>http://maps.google.com/mapfiles/kml/shapes/airports.png</href>
            </Icon>
          </IconStyle>
        </Style>
        <Point>
          <altitudeMode>absolute</altitudeMode>
          <coordinates>-112.095695,33.621826,640.08</coordinates>
        </Point>
      </Placemark>
      <Placemark>
        <name>2025-08-19 11:11:52 UTC</name>
        <description><![CDATA[<div><div><span><b>Altitude:</b></span> <span>2,125 ft</span></div>
<div><span><b>Speed:</b></span> <span>119 kt</span></div>
<div><span><b>Heading:</b></span> <span>185&deg;</span></div>
</div>]]></description>
        <TimeStamp>
          <when>2025-08-19T11:11:52+00:00</when>
        </TimeStamp>
        <Style>
          <IconStyle>
            <heading>185</heading>
            <Icon>
              <href>http://maps.google.com/mapfiles/kml/shapes/airports.png</href>
            </Icon>
          </IconStyle>
        </Style>
        <Point>
          <altitudeMode>absolute</altitudeMode>
          <coordinates>-112.095863,33.620544,647.7</coordinates>
        </Point>
      </Placemark>
      <Placemark>
        <name>2025-08-19 11:11:54 UTC</name>
        <description><![CDATA[<div><div><span><b>Altitude:</b></span> <span>2,125 ft</span></div>
<div><span><b>Speed:</b></span> <span>119 kt</span></div>
<div><span><b>Heading:</b></span> <span>185&deg;</span></div>
</div>]]></description>
        <TimeStamp>
          <when>2025-08-19T11:11:54+00:00</when>
        </TimeStamp>
        <Style>
          <IconStyle>
            <heading>185</heading>
            <Icon>
              <href>http://maps.google.com/mapfiles/kml/shapes/airports.png</href>
            </Icon>
          </IconStyle>
        </Style>
        <Point>
          <altitudeMode>absolute</altitudeMode>
          <coordinates>-112.09597,33.619308,647.7</coordinates>
        </Point>
      </Placemark>
      <Placemark>
        <name>2025-08-19 11:11:57 UTC</name>
        <description><![CDATA[<div><div><span><b>Altitude:</b></span> <span>2,125 ft</span></div>
<div><span><b>Speed:</b></span> <span>119 kt</span></div>
<div><span><b>Heading:</b></span> <span>185&deg;</span></div>
</div>]]></description>
        <TimeStamp>
          <when>2025-08-19T11:11:57+00:00</when>
        </TimeStamp>
        <Style>
          <IconStyle>
            <heading>185</heading>
            <Icon>
              <href>http://maps.google.com/mapfiles/kml/shapes/airports.png</href>
            </Icon>
          </IconStyle>
        </Style>
        <Point>
          <altitudeMode>absolute</altitudeMode>
          <coordinates>-112.096138,33.61821,647.7</coordinates>
        </Point>
      </Placemark>
      <Placemark>
        <name>2025-08-19 11:11:59 UTC</name>
        <description><![CDATA[<div><div><span><b>Altitude:</b></span> <span>2,125 ft</span></div>
<div><span><b>Speed:</b></span> <span>119 kt</span></div>
<div><span><b>Heading:</b></span> <span>185&deg;</span></div>
</div>]]></description>
        <TimeStamp>
          <when>2025-08-19T11:11:59+00:00</when>
        </TimeStamp>
        <Style>
          <IconStyle>
            <heading>185</heading>
            <Icon>
              <href>http://maps.google.com/mapfiles/kml/shapes/airports.png</href>
            </Icon>
          </IconStyle>
        </Style>
        <Point>
          <altitudeMode>absolute</altitudeMode>
          <coordinates>-112.096252,33.616974,647.7</coordinates>
        </Point>
      </Placemark>
      <Placemark>
        <name>2025-08-19 11:12:01 UTC</name>
        <description><![CDATA[<div><div><span><b>Altitude:</b></span> <span>2,125 ft</span></div>
<div><span><b>Speed:</b></span> <span>119 kt</span></div>
<div><span><b>Heading:</b></span> <span>184&deg;</span></div>
</div>]]></description>
        <TimeStamp>
          <when>2025-08-19T11:12:01+00:00</when>
        </TimeStamp>
        <Style>
          <IconStyle>
            <heading>184</heading>
            <Icon>
              <href>http://maps.google.com/mapfiles/kml/shapes/airports.png</href>
            </Icon>
          </IconStyle>
        </Style>
        <Point>
          <altitudeMode>absolute</altitudeMode>
          <coordinates>-112.09642,33.615555,647.7</coordinates>
        </Point>
      </Placemark>
      <Placemark>
        <name>2025-08-19 11:12:03 UTC</name>
        <description><![CDATA[<div><div><span><b>Altitude:</b></span> <span>2,125 ft</span></div>
<div><span><b>Speed:</b></span> <span>119 kt</span></div>
<div><span><b>Heading:</b></span> <span>184&deg;</span></div>
</div>]]></description>
        <TimeStamp>
          <when>2025-08-19T11:12:03+00:00</when>
        </TimeStamp>
        <Style>
          <IconStyle>
            <heading>184</heading>
            <Icon>
              <href>http://maps.google.com/mapfiles/kml/shapes/airports.png</href>
            </Icon>
          </IconStyle>
        </Style>
        <Point>
          <altitudeMode>absolute</altitudeMode>
          <coordinates>-112.096481,33.614719,647.7</coordinates>
        </Point>
      </Placemark>
      <Placemark>
        <name>2025-08-19 11:12:12 UTC</name>
        <description><![CDATA[<div><div><span><b>Altitude:</b></span> <span>2,125 ft</span></div>
<div><span><b>Speed:</b></span> <span>118 kt</span></div>
<div><span><b>Heading:</b></span> <span>184&deg;</span></div>
</div>]]></description>
        <TimeStamp>
          <when>2025-08-19T11:12:12+00:00</when>
        </TimeStamp>
        <Style>
          <IconStyle>
            <heading>184</heading>
            <Icon>
              <href>http://maps.google.com/mapfiles/kml/shapes/airports.png</href>
            </Icon>
          </IconStyle>
        </Style>
        <Point>
          <altitudeMode>absolute</altitudeMode>
          <coordinates>-112.096939,33.60997,647.7</coordinates>
        </Point>
      </Placemark>
      <Placemark>
        <name>2025-08-19 11:12:21 UTC</name>
        <description><![CDATA[<div><div><span><b>Altitude:</b></span> <span>2,125 ft</span></div>
<div><span><b>Speed:</b></span> <span>119 kt</span></div>
<div><span><b>Heading:</b></span> <span>185&deg;</span></div>
</div>]]></description>
        <TimeStamp>
          <when>2025-08-19T11:12:21+00:00</when>
        </TimeStamp>
        <Style>
          <IconStyle>
            <heading>185</heading>
            <Icon>
              <href>http://maps.google.com/mapfiles/kml/shapes/airports.png</href>
            </Icon>
          </IconStyle>
        </Style>
        <Point>
          <altitudeMode>absolute</altitudeMode>
          <coordinates>-112.097427,33.604843,647.7</coordinates>
        </Point>
      </Placemark>
      <Placemark>
        <name>2025-08-19 11:12:27 UTC</name>
        <description><![CDATA[<div><div><span><b>Altitude:</b></span> <span>2,125 ft</span></div>
<div><span><b>Speed:</b></span> <span>119 kt</span></div>
<div><span><b>Heading:</b></span> <span>188&deg;</span></div>
</div>]]></description>
        <TimeStamp>
          <when>2025-08-19T11:12:27+00:00</when>
        </TimeStamp>
        <Style>
          <IconStyle>
            <heading>188</heading>
            <Icon>
              <href>http://maps.google.com/mapfiles/kml/shapes/airports.png</href>
            </Icon>
          </IconStyle>
        </Style>
        <Point>
          <altitudeMode>absolute</altitudeMode>
          <coordinates>-112.097969,33.601265,647.7</coordinates>
        </Point>
      </Placemark>
      <Placemark>
        <name>2025-08-19 11:12:32 UTC</name>
        <description><![CDATA[<div><div><span><b>Altitude:</b></span> <span>2,125 ft</span></div>
<div><span><b>Speed:</b></span> <span>118 kt</span></div>
<div><span><b>Heading:</b></span> <span>189&deg;</span></div>
</div>]]></description>
        <TimeStamp>
          <when>2025-08-19T11:12:32+00:00</when>
        </TimeStamp>
        <Style>
          <IconStyle>
            <heading>189</heading>
            <Icon>
              <href>http://maps.google.com/mapfiles/kml/shapes/airports.png</href>
            </Icon>
          </IconStyle>
        </Style>
        <Point>
          <altitudeMode>absolute</altitudeMode>
          <coordinates>-112.098381,33.598846,647.7</coordinates>
        </Point>
      </Placemark>
      <Placemark>
        <name>2025-08-19 11:12:40 UTC</name>
        <description><![CDATA[<div><div><span><b>Altitude:</b></span> <span>2,125 ft</span></div>
<div><span><b>Speed:</b></span> <span>119 kt</span></div>
<div><span><b>Heading:</b></span> <span>186&deg;</span></div>
</div>]]></description>
        <TimeStamp>
          <when>2025-08-19T11:12:40+00:00</when>
        </TimeStamp>
        <Style>
          <IconStyle>
            <heading>186</heading>
            <Icon>
              <href>http://maps.google.com/mapfiles/kml/shapes/airports.png</href>
            </Icon>
          </IconStyle>
        </Style>
        <Point>
          <altitudeMode>absolute</altitudeMode>
          <coordinates>-112.099228,33.593956,647.7</coordinates>
        </Point>
      </Placemark>
      <Placemark>
        <name>2025-08-19 11:12:47 UTC</name>
        <description><![CDATA[<div><div><span><b>Altitude:</b></span> <span>2,125 ft</span></div>
<div><span><b>Speed:</b></span> <span>121 kt</span></div>
<div><span><b>Heading:</b></span> <span>181&deg;</span></div>
</div>]]></description>
        <TimeStamp>
          <when>2025-08-19T11:12:47+00:00</when>
        </TimeStamp>
        <Style>
          <IconStyle>
            <heading>181</heading>
            <Icon>
              <href>http://maps.google.com/mapfiles/kml/shapes/airports.png</href>
            </Icon>
          </IconStyle>
        </Style>
        <Point>
          <altitudeMode>absolute</altitudeMode>
          <coordinates>-112.099503,33.590378,647.7</coordinates>
        </Point>
      </Placemark>
      <Placemark>
        <name>2025-08-19 11:12:49 UTC</name>
        <description><![CDATA[<div><div><span><b>Altitude:</b></span> <span>2,125 ft</span></div>
<div><span><b>Speed:</b></span> <span>121 kt</span></div>
<div><span><b>Heading:</b></span> <span>181&deg;</span></div>
</div>]]></description>
        <TimeStamp>
          <when>2025-08-19T11:12:49+00:00</when>
        </TimeStamp>
        <Style>
          <IconStyle>
            <heading>181</heading>
            <Icon>
              <href>http://maps.google.com/mapfiles/kml/shapes/airports.png</href>
            </Icon>
          </IconStyle>
        </Style>
        <Point>
          <altitudeMode>absolute</altitudeMode>
          <coordinates>-112.099556,33.589233,647.7</coordinates>
        </Point>
      </Placemark>
      <Placemark>
        <name>2025-08-19 11:12:52 UTC</name>
        <description><![CDATA[<div><div><span><b>Altitude:</b></span> <span>2,100 ft</span></div>
<div><span><b>Speed:</b></span> <span>122 kt</span></div>
<div><span><b>Heading:</b></span> <span>180&deg;</span></div>
</div>]]></description>
        <TimeStamp>
          <when>2025-08-19T11:12:52+00:00</when>
        </TimeStamp>
        <Style>
          <IconStyle>
            <heading>180</heading>
            <Icon>
              <href>http://maps.google.com/mapfiles/kml/shapes/airports.png</href>
            </Icon>
          </IconStyle>
        </Style>
        <Point>
          <altitudeMode>absolute</altitudeMode>
          <coordinates>-112.099556,33.587448,640.08</coordinates>
        </Point>
      </Placemark>
      <Placemark>
        <name>2025-08-19 11:12:54 UTC</name>
        <description><![CDATA[<div><div><span><b>Altitude:</b></span> <span>2,100 ft</span></div>
<div><span><b>Speed:</b></span> <span>123 kt</span></div>
<div><span><b>Heading:</b></span> <span>180&deg;</span></div>
</div>]]></description>
        <TimeStamp>
          <when>2025-08-19T11:12:54+00:00</when>
        </TimeStamp>
        <Style>
          <IconStyle>
            <heading>180</heading>
            <Icon>
              <href>http://maps.google.com/mapfiles/kml/shapes/airports.png</href>
            </Icon>
          </IconStyle>
        </Style>
        <Point>
          <altitudeMode>absolute</altitudeMode>
          <coordinates>-112.099571,33.586323,640.08</coordinates>
        </Point>
      </Placemark>
      <Placemark>
        <name>2025-08-19 11:12:57 UTC</name>
        <description><![CDATA[<div><div><span><b>Altitude:</b></span> <span>2,100 ft</span></div>
<div><span><b>Speed:</b></span> <span>124 kt</span></div>
<div><span><b>Heading:</b></span> <span>180&deg;</span></div>
</div>]]></description>
        <TimeStamp>
          <when>2025-08-19T11:12:57+00:00</when>
        </TimeStamp>
        <Style>
          <IconStyle>
            <heading>180</heading>
            <Icon>
              <href>http://maps.google.com/mapfiles/kml/shapes/airports.png</href>
            </Icon>
          </IconStyle>
        </Style>
        <Point>
          <altitudeMode>absolute</altitudeMode>
          <coordinates>-112.099617,33.585022,640.08</coordinates>
        </Point>
      </Placemark>
      <Placemark>
        <name>2025-08-19 11:12:59 UTC</name>
        <description><![CDATA[<div><div><span><b>Altitude:</b></span> <span>2,100 ft</span></div>
<div><span><b>Speed:</b></span> <span>123 kt</span></div>
<div><span><b>Heading:</b></span> <span>181&deg;</span></div>
</div>]]></description>
        <TimeStamp>
          <when>2025-08-19T11:12:59+00:00</when>
        </TimeStamp>
        <Style>
          <IconStyle>
            <heading>181</heading>
            <Icon>
              <href>http://maps.google.com/mapfiles/kml/shapes/airports.png</href>
            </Icon>
          </IconStyle>
        </Style>
        <Point>
          <altitudeMode>absolute</altitudeMode>
          <coordinates>-112.09967,33.583786,640.08</coordinates>
        </Point>
      </Placemark>
      <Placemark>
        <name>2025-08-19 11:13:01 UTC</name>
        <description><![CDATA[<div><div><span><b>Altitude:</b></span> <span>2,075 ft</span></div>
<div><span><b>Speed:</b></span> <span>123 kt</span></div>
<div><span><b>Heading:</b></span> <span>181&deg;</span></div>
</div>]]></description>
        <TimeStamp>
          <when>2025-08-19T11:13:01+00:00</when>
        </TimeStamp>
        <Style>
          <IconStyle>
            <heading>181</heading>
            <Icon>
              <href>http://maps.google.com/mapfiles/kml/shapes/airports.png</href>
            </Icon>
          </IconStyle>
        </Style>
        <Point>
          <altitudeMode>absolute</altitudeMode>
          <coordinates>-112.09967,33.582504,632.46</coordinates>
        </Point>
      </Placemark>
      <Placemark>
        <name>2025-08-19 11:13:03 UTC</name>
        <description><![CDATA[<div><div><span><b>Altitude:</b></span> <span>2,075 ft</span></div>
<div><span><b>Speed:</b></span> <span>122 kt</span></div>
<div><span><b>Heading:</b></span> <span>181&deg;</span></div>
</div>]]></description>
        <TimeStamp>
          <when>2025-08-19T11:13:03+00:00</when>
        </TimeStamp>
        <Style>
          <IconStyle>
            <heading>181</heading>
            <Icon>
              <href>http://maps.google.com/mapfiles/kml/shapes/airports.png</href>
            </Icon>
          </IconStyle>
        </Style>
        <Point>
          <altitudeMode>absolute</altitudeMode>
          <coordinates>-112.099747,33.581436,632.46</coordinates>
        </Point>
      </Placemark>
      <Placemark>
        <name>2025-08-19 11:13:05 UTC</name>
        <description><![CDATA[<div><div><span><b>Altitude:</b></span> <span>2,075 ft</span></div>
<div><span><b>Speed:</b></span> <span>122 kt</span></div>
<div><span><b>Heading:</b></span> <span>180&deg;</span></div>
</div>]]></description>
        <TimeStamp>
          <when>2025-08-19T11:13:05+00:00</when>
        </TimeStamp>
        <Style>
          <IconStyle>
            <heading>180</heading>
            <Icon>
              <href>http://maps.google.com/mapfiles/kml/shapes/airports.png</href>
            </Icon>
          </IconStyle>
        </Style>
        <Point>
          <altitudeMode>absolute</altitudeMode>
          <coordinates>-112.099747,33.580177,632.46</coordinates>
        </Point>
      </Placemark>
      <Placemark>
        <name>2025-08-19 11:13:07 UTC</name>
        <description><![CDATA[<div><div><span><b>Altitude:</b></span> <span>2,075 ft</span></div>
<div><span><b>Speed:</b></span> <span>123 kt</span></div>
<div><span><b>Heading:</b></span> <span>180&deg;</span></div>
</div>]]></description>
        <TimeStamp>
          <when>2025-08-19T11:13:07+00:00</when>
        </TimeStamp>
        <Style>
          <IconStyle>
            <heading>180</heading>
            <Icon>
              <href>http://maps.google.com/mapfiles/kml/shapes/airports.png</href>
            </Icon>
          </IconStyle>
        </Style>
        <Point>
          <altitudeMode>absolute</altitudeMode>
          <coordinates>-112.099785,33.578751,632.46</coordinates>
        </Point>
      </Placemark>
      <Placemark>
        <name>2025-08-19 11:13:14 UTC</name>
        <description><![CDATA[<div><div><span><b>Altitude:</b></span> <span>2,025 ft</span></div>
<div><span><b>Speed:</b></span> <span>125 kt</span></div>
<div><span><b>Heading:</b></span> <span>180&deg;</span></div>
</div>]]></description>
        <TimeStamp>
          <when>2025-08-19T11:13:14+00:00</when>
        </TimeStamp>
        <Style>
          <IconStyle>
            <heading>180</heading>
            <Icon>
              <href>http://maps.google.com/mapfiles/kml/shapes/airports.png</href>
            </Icon>
          </IconStyle>
        </Style>
        <Point>
          <altitudeMode>absolute</altitudeMode>
          <coordinates>-112.099785,33.575226,617.22</coordinates>
        </Point>
      </Placemark>
      <Placemark>
        <name>2025-08-19 11:13:21 UTC</name>
        <description><![CDATA[<div><div><span><b>Altitude:</b></span> <span>2,000 ft</span></div>
<div><span><b>Speed:</b></span> <span>125 kt</span></div>
<div><span><b>Heading:</b></span> <span>183&deg;</span></div>
</div>]]></description>
        <TimeStamp>
          <when>2025-08-19T11:13:21+00:00</when>
        </TimeStamp>
        <Style>
          <IconStyle>
            <heading>183</heading>
            <Icon>
              <href>http://maps.google.com/mapfiles/kml/shapes/airports.png</href>
            </Icon>
          </IconStyle>
        </Style>
        <Point>
          <altitudeMode>absolute</altitudeMode>
          <coordinates>-112.100029,33.570961,609.6</coordinates>
        </Point>
      </Placemark>
      <Placemark>
        <name>2025-08-19 11:13:29 UTC</name>
        <description><![CDATA[<div><div><span><b>Altitude:</b></span> <span>2,000 ft</span></div>
<div><span><b>Speed:</b></span> <span>122 kt</span></div>
<div><span><b>Heading:</b></span> <span>184&deg;</span></div>
</div>]]></description>
        <TimeStamp>
          <when>2025-08-19T11:13:29+00:00</when>
        </TimeStamp>
        <Style>
          <IconStyle>
            <heading>184</heading>
            <Icon>
              <href>http://maps.google.com/mapfiles/kml/shapes/airports.png</href>
            </Icon>
          </IconStyle>
        </Style>
        <Point>
          <altitudeMode>absolute</altitudeMode>
          <coordinates>-112.100403,33.566116,609.6</coordinates>
        </Point>
      </Placemark>
      <Placemark>
        <name>2025-08-19 11:13:34 UTC</name>
        <description><![CDATA[<div><div><span><b>Altitude:</b></span> <span>1,975 ft</span></div>
<div><span><b>Speed:</b></span> <span>122 kt</span></div>
<div><span><b>Heading:</b></span> <span>185&deg;</span></div>
</div>]]></description>
        <TimeStamp>
          <when>2025-08-19T11:13:34+00:00</when>
        </TimeStamp>
        <Style>
          <IconStyle>
            <heading>185</heading>
            <Icon>
              <href>http://maps.google.com/mapfiles/kml/shapes/airports.png</href>
            </Icon>
          </IconStyle>
        </Style>
        <Point>
          <altitudeMode>absolute</altitudeMode>
          <coordinates>-112.100662,33.563557,601.98</coordinates>
        </Point>
      </Placemark>
      <Placemark>
        <name>2025-08-19 11:13:36 UTC</name>
        <description><![CDATA[<div><div><span><b>Altitude:</b></span> <span>1,975 ft</span></div>
<div><span><b>Speed:</b></span> <span>121 kt</span></div>
<div><span><b>Heading:</b></span> <span>186&deg;</span></div>
</div>]]></description>
        <TimeStamp>
          <when>2025-08-19T11:13:36+00:00</when>
        </TimeStamp>
        <Style>
          <IconStyle>
            <heading>186</heading>
            <Icon>
              <href>http://maps.google.com/mapfiles/kml/shapes/airports.png</href>
            </Icon>
          </IconStyle>
        </Style>
        <Point>
          <altitudeMode>absolute</altitudeMode>
          <coordinates>-112.10083,33.562302,601.98</coordinates>
        </Point>
      </Placemark>
      <Placemark>
        <name>2025-08-19 11:13:38 UTC</name>
        <description><![CDATA[<div><div><span><b>Altitude:</b></span> <span>1,975 ft</span></div>
<div><span><b>Speed:</b></span> <span>120 kt</span></div>
<div><span><b>Heading:</b></span> <span>188&deg;</span></div>
</div>]]></description>
        <TimeStamp>
          <when>2025-08-19T11:13:38+00:00</when>
        </TimeStamp>
        <Style>
          <IconStyle>
            <heading>188</heading>
            <Icon>
              <href>http://maps.google.com/mapfiles/kml/shapes/airports.png</href>
            </Icon>
          </IconStyle>
        </Style>
        <Point>
          <altitudeMode>absolute</altitudeMode>
          <coordinates>-112.100998,33.561184,601.98</coordinates>
        </Point>
      </Placemark>
      <Placemark>
        <name>2025-08-19 11:13:40 UTC</name>
        <description><![CDATA[<div><div><span><b>Altitude:</b></span> <span>1,950 ft</span></div>
<div><span><b>Speed:</b></span> <span>117 kt</span></div>
<div><span><b>Heading:</b></span> <span>190&deg;</span></div>
</div>]]></description>
        <TimeStamp>
          <when>2025-08-19T11:13:40+00:00</when>
        </TimeStamp>
        <Style>
          <IconStyle>
            <heading>190</heading>
            <Icon>
              <href>http://maps.google.com/mapfiles/kml/shapes/airports.png</href>
            </Icon>
          </IconStyle>
        </Style>
        <Point>
          <altitudeMode>absolute</altitudeMode>
          <coordinates>-112.101173,33.56002,594.36</coordinates>
        </Point>
      </Placemark>
      <Placemark>
        <name>2025-08-19 11:13:42 UTC</name>
        <description><![CDATA[<div><div><span><b>Altitude:</b></span> <span>1,950 ft</span></div>
<div><span><b>Speed:</b></span> <span>116 kt</span></div>
<div><span><b>Heading:</b></span> <span>195&deg;</span></div>
</div>]]></description>
        <TimeStamp>
          <when>2025-08-19T11:13:42+00:00</when>
        </TimeStamp>
        <Style>
          <IconStyle>
            <heading>195</heading>
            <Icon>
              <href>http://maps.google.com/mapfiles/kml/shapes/airports.png</href>
            </Icon>
          </IconStyle>
        </Style>
        <Point>
          <altitudeMode>absolute</altitudeMode>
          <coordinates>-112.101524,33.558884,594.36</coordinates>
        </Point>
      </Placemark>
      <Placemark>
        <name>2025-08-19 11:13:45 UTC</name>
        <description><![CDATA[<div><div><span><b>Altitude:</b></span> <span>1,900 ft</span></div>
<div><span><b>Speed:</b></span> <span>116 kt</span></div>
<div><span><b>Heading:</b></span> <span>202&deg;</span></div>
</div>]]></description>
        <TimeStamp>
          <when>2025-08-19T11:13:45+00:00</when>
        </TimeStamp>
        <Style>
          <IconStyle>
            <heading>202</heading>
            <Icon>
              <href>http://maps.google.com/mapfiles/kml/shapes/airports.png</href>
            </Icon>
          </IconStyle>
        </Style>
        <Point>
          <altitudeMode>absolute</altitudeMode>
          <coordinates>-112.101974,33.557739,579.12</coordinates>
        </Point>
      </Placemark>
      <Placemark>
        <name>2025-08-19 11:13:47 UTC</name>
        <description><![CDATA[<div><div><span><b>Altitude:</b></span> <span>1,825 ft</span></div>
<div><span><b>Speed:</b></span> <span>114 kt</span></div>
<div><span><b>Heading:</b></span> <span>209&deg;</span></div>
</div>]]></description>
        <TimeStamp>
          <when>2025-08-19T11:13:47+00:00</when>
        </TimeStamp>
        <Style>
          <IconStyle>
            <heading>209</heading>
            <Icon>
              <href>http://maps.google.com/mapfiles/kml/shapes/airports.png</href>
            </Icon>
          </IconStyle>
        </Style>
        <Point>
          <altitudeMode>absolute</altitudeMode>
          <coordinates>-112.102753,33.556458,556.26</coordinates>
        </Point>
      </Placemark>
      <Placemark>
        <name>2025-08-19 11:13:49 UTC</name>
        <description><![CDATA[<div><div><span><b>Altitude:</b></span> <span>1,850 ft</span></div>
<div><span><b>Speed:</b></span> <span>110 kt</span></div>
<div><span><b>Heading:</b></span> <span>208&deg;</span></div>
</div>]]></description>
        <TimeStamp>
          <when>2025-08-19T11:13:49+00:00</when>
        </TimeStamp>
        <Style>
          <IconStyle>
            <heading>208</heading>
            <Icon>
              <href>http://maps.google.com/mapfiles/kml/shapes/airports.png</href>
            </Icon>
          </IconStyle>
        </Style>
        <Point>
          <altitudeMode>absolute</altitudeMode>
          <coordinates>-112.103287,33.555691,563.88</coordinates>
        </Point>
      </Placemark>
      <Placemark>
        <name>2025-08-19 11:13:52 UTC</name>
        <description><![CDATA[<div><div><span><b>Altitude:</b></span> <span>1,850 ft</span></div>
<div><span><b>Speed:</b></span> <span>104 kt</span></div>
<div><span><b>Heading:</b></span> <span>193&deg;</span></div>
</div>]]></description>
        <TimeStamp>
          <when>2025-08-19T11:13:52+00:00</when>
        </TimeStamp>
        <Style>
          <IconStyle>
            <heading>193</heading>
            <Icon>
              <href>http://maps.google.com/mapfiles/kml/shapes/airports.png</href>
            </Icon>
          </IconStyle>
        </Style>
        <Point>
          <altitudeMode>absolute</altitudeMode>
          <coordinates>-112.103806,33.554482,563.88</coordinates>
        </Point>
      </Placemark>
      <Placemark>
        <name>2025-08-19 11:13:54 UTC</name>
        <description><![CDATA[<div><div><span><b>Altitude:</b></span> <span>1,900 ft</span></div>
<div><span><b>Speed:</b></span> <span>99 kt</span></div>
<div><span><b>Heading:</b></span> <span>174&deg;</span></div>
</div>]]></description>
        <TimeStamp>
          <when>2025-08-19T11:13:54+00:00</when>
        </TimeStamp>
        <Style>
          <IconStyle>
            <heading>174</heading>
            <Icon>
              <href>http://maps.google.com/mapfiles/kml/shapes/airports.png</href>
            </Icon>
          </IconStyle>
        </Style>
        <Point>
          <altitudeMode>absolute</altitudeMode>
          <coordinates>-112.103874,33.553574,579.12</coordinates>
        </Point>
      </Placemark>
      <Placemark>
        <name>2025-08-19 11:13:56 UTC</name>
        <description><![CDATA[<div><div><span><b>Altitude:</b></span> <span>1,925 ft</span></div>
<div><span><b>Speed:</b></span> <span>95 kt</span></div>
<div><span><b>Heading:</b></span> <span>144&deg;</span></div>
</div>]]></description>
        <TimeStamp>
          <when>2025-08-19T11:13:56+00:00</when>
        </TimeStamp>
        <Style>
          <IconStyle>
            <heading>144</heading>
            <Icon>
              <href>http://maps.google.com/mapfiles/kml/shapes/airports.png</href>
            </Icon>
          </IconStyle>
        </Style>
        <Point>
          <altitudeMode>absolute</altitudeMode>
          <coordinates>-112.103462,33.552711,586.74</coordinates>
        </Point>
      </Placemark>
      <Placemark>
        <name>2025-08-19 11:13:58 UTC</name>
        <description><![CDATA[<div><div><span><b>Altitude:</b></span> <span>1,950 ft</span></div>
<div><span><b>Speed:</b></span> <span>93 kt</span></div>
<div><span><b>Heading:</b></span> <span>118&deg;</span></div>
</div>]]></description>
        <TimeStamp>
          <when>2025-08-19T11:13:58+00:00</when>
        </TimeStamp>
        <Style>
          <IconStyle>
            <heading>118</heading>
            <Icon>
              <href>http://maps.google.com/mapfiles/kml/shapes/airports.png</href>
            </Icon>
          </IconStyle>
        </Style>
        <Point>
          <altitudeMode>absolute</altitudeMode>
          <coordinates>-112.102722,33.552155,594.36</coordinates>
        </Point>
      </Placemark>
      <Placemark>
        <name>2025-08-19 11:14:00 UTC</name>
        <description><![CDATA[<div><div><span><b>Altitude:</b></span> <span>1,950 ft</span></div>
<div><span><b>Speed:</b></span> <span>90 kt</span></div>
<div><span><b>Heading:</b></span> <span>88&deg;</span></div>
</div>]]></description>
        <TimeStamp>
          <when>2025-08-19T11:14:00+00:00</when>
        </TimeStamp>
        <Style>
          <IconStyle>
            <heading>88</heading>
            <Icon>
              <href>http://maps.google.com/mapfiles/kml/shapes/airports.png</href>
            </Icon>
          </IconStyle>
        </Style>
        <Point>
          <altitudeMode>absolute</altitudeMode>
          <coordinates>-112.101357,33.551971,594.36</coordinates>
        </Point>
      </Placemark>
      <Placemark>
        <name>2025-08-19 11:14:02 UTC</name>
        <description><![CDATA[<div><div><span><b>Altitude:</b></span> <span>1,950 ft</span></div>
<div><span><b>Speed:</b></span> <span>85 kt</span></div>
<div><span><b>Heading:</b></span> <span>50&deg;</span></div>
</div>]]></description>
        <TimeStamp>
          <when>2025-08-19T11:14:02+00:00</when>
        </TimeStamp>
        <Style>
          <IconStyle>
            <heading>50</heading>
            <Icon>
              <href>http://maps.google.com/mapfiles/kml/shapes/airports.png</href>
            </Icon>
          </IconStyle>
        </Style>
        <Point>
          <altitudeMode>absolute</altitudeMode>
          <coordinates>-112.100677,33.552246,594.36</coordinates>
        </Point>
      </Placemark>
      <Placemark>
        <name>2025-08-19 11:14:05 UTC</name>
        <description><![CDATA[<div><div><span><b>Altitude:</b></span> <span>1,950 ft</span></div>
<div><span><b>Speed:</b></span> <span>79 kt</span></div>
<div><span><b>Heading:</b></span> <span>19&deg;</span></div>
</div>]]></description>
        <TimeStamp>
          <when>2025-08-19T11:14:05+00:00</when>
        </TimeStamp>
        <Style>
          <IconStyle>
            <heading>19</heading>
            <Icon>
              <href>http://maps.google.com/mapfiles/kml/shapes/airports.png</href>
            </Icon>
          </IconStyle>
        </Style>
        <Point>
          <altitudeMode>absolute</altitudeMode>
          <coordinates>-112.099953,33.553024,594.36</coordinates>
        </Point>
      </Placemark>
      <Placemark>
        <name>2025-08-19 11:14:07 UTC</name>
        <description><![CDATA[<div><div><span><b>Altitude:</b></span> <span>1,950 ft</span></div>
<div><span><b>Speed:</b></span> <span>76 kt</span></div>
<div><span><b>Heading:</b></span> <span>357&deg;</span></div>
</div>]]></description>
        <TimeStamp>
          <when>2025-08-19T11:14:07+00:00</when>
        </TimeStamp>
        <Style>
          <IconStyle>
            <heading>357</heading>
            <Icon>
              <href>http://maps.google.com/mapfiles/kml/shapes/airports.png</href>
            </Icon>
          </IconStyle>
        </Style>
        <Point>
          <altitudeMode>absolute</altitudeMode>
          <coordinates>-112.0998,33.553829,594.36</coordinates>
        </Point>
      </Placemark>
      <Placemark>
        <name>2025-08-19 11:14:09 UTC</name>
        <description><![CDATA[<div><div><span><b>Altitude:</b></span> <span>1,950 ft</span></div>
<div><span><b>Speed:</b></span> <span>73 kt</span></div>
<div><span><b>Heading:</b></span> <span>333&deg;</span></div>
</div>]]></description>
        <TimeStamp>
          <when>2025-08-19T11:14:09+00:00</when>
        </TimeStamp>
        <Style>
          <IconStyle>
            <heading>333</heading>
            <Icon>
              <href>http://maps.google.com/mapfiles/kml/shapes/airports.png</href>
            </Icon>
          </IconStyle>
        </Style>
        <Point>
          <altitudeMode>absolute</altitudeMode>
          <coordinates>-112.100006,33.554535,594.36</coordinates>
        </Point>
      </Placemark>
      <Placemark>
        <name>2025-08-19 11:14:11 UTC</name>
        <description><![CDATA[<div><div><span><b>Altitude:</b></span> <span>1,925 ft</span></div>
<div><span><b>Speed:</b></span> <span>73 kt</span></div>
<div><span><b>Heading:</b></span> <span>316&deg;</span></div>
</div>]]></description>
        <TimeStamp>
          <when>2025-08-19T11:14:11+00:00</when>
        </TimeStamp>
        <Style>
          <IconStyle>
            <heading>316</heading>
            <Icon>
              <href>http://maps.google.com/mapfiles/kml/shapes/airports.png</href>
            </Icon>
          </IconStyle>
        </Style>
        <Point>
          <altitudeMode>absolute</altitudeMode>
          <coordinates>-112.100677,33.555222,586.74</coordinates>
        </Point>
      </Placemark>
      <Placemark>
        <name>2025-08-19 11:14:13 UTC</name>
        <description><![CDATA[<div><div><span><b>Altitude:</b></span> <span>1,925 ft</span></div>
<div><span><b>Speed:</b></span> <span>72 kt</span></div>
<div><span><b>Heading:</b></span> <span>291&deg;</span></div>
</div>]]></description>
        <TimeStamp>
          <when>2025-08-19T11:14:13+00:00</when>
        </TimeStamp>
        <Style>
          <IconStyle>
            <heading>291</heading>
            <Icon>
              <href>http://maps.google.com/mapfiles/kml/shapes/airports.png</href>
            </Icon>
          </IconStyle>
        </Style>
        <Point>
          <altitudeMode>absolute</altitudeMode>
          <coordinates>-112.101357,33.555588,586.74</coordinates>
        </Point>
      </Placemark>
      <Placemark>
        <name>2025-08-19 11:14:16 UTC</name>
        <description><![CDATA[<div><div><span><b>Altitude:</b></span> <span>1,900 ft</span></div>
<div><span><b>Speed:</b></span> <span>71 kt</span></div>
<div><span><b>Heading:</b></span> <span>270&deg;</span></div>
</div>]]></description>
        <TimeStamp>
          <when>2025-08-19T11:14:16+00:00</when>
        </TimeStamp>
        <Style>
          <IconStyle>
            <heading>270</heading>
            <Icon>
              <href>http://maps.google.com/mapfiles/kml/shapes/airports.png</href>
            </Icon>
          </IconStyle>
        </Style>
        <Point>
          <altitudeMode>absolute</altitudeMode>
          <coordinates>-112.102142,33.555691,579.12</coordinates>
        </Point>
      </Placemark>
      <Placemark>
        <name>2025-08-19 11:14:18 UTC</name>
        <description><![CDATA[<div><div><span><b>Altitude:</b></span> <span>1,900 ft</span></div>
<div><span><b>Speed:</b></span> <span>67 kt</span></div>
<div><span><b>Heading:</b></span> <span>247&deg;</span></div>
</div>]]></description>
        <TimeStamp>
          <when>2025-08-19T11:14:18+00:00</when>
        </TimeStamp>
        <Style>
          <IconStyle>
            <heading>247</heading>
            <Icon>
              <href>http://maps.google.com/mapfiles/kml/shapes/airports.png</href>
            </Icon>
          </IconStyle>
        </Style>
        <Point>
          <altitudeMode>absolute</altitudeMode>
          <coordinates>-112.102921,33.555542,579.12</coordinates>
        </Point>
      </Placemark>
      <Placemark>
        <name>2025-08-19 11:14:20 UTC</name>
        <description><![CDATA[<div><div><span><b>Altitude:</b></span> <span>1,925 ft</span></div>
<div><span><b>Speed:</b></span> <span>65 kt</span></div>
<div><span><b>Heading:</b></span> <span>226&deg;</span></div>
</div>]]></description>
        <TimeStamp>
          <when>2025-08-19T11:14:20+00:00</when>
        </TimeStamp>
        <Style>
          <IconStyle>
            <heading>226</heading>
            <Icon>
              <href>http://maps.google.com/mapfiles/kml/shapes/airports.png</href>
            </Icon>
          </IconStyle>
        </Style>
        <Point>
          <altitudeMode>absolute</altitudeMode>
          <coordinates>-112.103516,33.555225,586.74</coordinates>
        </Point>
      </Placemark>
      <Placemark>
        <name>2025-08-19 11:14:22 UTC</name>
        <description><![CDATA[<div><div><span><b>Altitude:</b></span> <span>1,925 ft</span></div>
<div><span><b>Speed:</b></span> <span>67 kt</span></div>
<div><span><b>Heading:</b></span> <span>204&deg;</span></div>
</div>]]></description>
        <TimeStamp>
          <when>2025-08-19T11:14:22+00:00</when>
        </TimeStamp>
        <Style>
          <IconStyle>
            <heading>204</heading>
            <Icon>
              <href>http://maps.google.com/mapfiles/kml/shapes/airports.png</href>
            </Icon>
          </IconStyle>
        </Style>
        <Point>
          <altitudeMode>absolute</altitudeMode>
          <coordinates>-112.103874,33.554764,586.74</coordinates>
        </Point>
      </Placemark>
      <Placemark>
        <name>2025-08-19 11:14:25 UTC</name>
        <description><![CDATA[<div><div><span><b>Altitude:</b></span> <span>1,925 ft</span></div>
<div><span><b>Speed:</b></span> <span>70 kt</span></div>
<div><span><b>Heading:</b></span> <span>181&deg;</span></div>
</div>]]></description>
        <TimeStamp>
          <when>2025-08-19T11:14:25+00:00</when>
        </TimeStamp>
        <Style>
          <IconStyle>
            <heading>181</heading>
            <Icon>
              <href>http://maps.google.com/mapfiles/kml/shapes/airports.png</href>
            </Icon>
          </IconStyle>
        </Style>
        <Point>
          <altitudeMode>absolute</altitudeMode>
          <coordinates>-112.104156,33.553986,586.74</coordinates>
        </Point>
      </Placemark>
      <Placemark>
        <name>2025-08-19 11:14:27 UTC</name>
        <description><![CDATA[<div><div><span><b>Altitude:</b></span> <span>1,925 ft</span></div>
<div><span><b>Speed:</b></span> <span>70 kt</span></div>
<div><span><b>Heading:</b></span> <span>164&deg;</span></div>
</div>]]></description>
        <TimeStamp>
          <when>2025-08-19T11:14:27+00:00</when>
        </TimeStamp>
        <Style>
          <IconStyle>
            <heading>164</heading>
            <Icon>
              <href>http://maps.google.com/mapfiles/kml/shapes/airports.png</href>
            </Icon>
          </IconStyle>
        </Style>
        <Point>
          <altitudeMode>absolute</altitudeMode>
          <coordinates>-112.104095,33.553223,586.74</coordinates>
        </Point>
      </Placemark>
      <Placemark>
        <name>2025-08-19 11:14:29 UTC</name>
        <description><![CDATA[<div><div><span><b>Altitude:</b></span> <span>1,925 ft</span></div>
<div><span><b>Speed:</b></span> <span>71 kt</span></div>
<div><span><b>Heading:</b></span> <span>145&deg;</span></div>
</div>]]></description>
        <TimeStamp>
          <when>2025-08-19T11:14:29+00:00</when>
        </TimeStamp>
        <Style>
          <IconStyle>
            <heading>145</heading>
            <Icon>
              <href>http://maps.google.com/mapfiles/kml/shapes/airports.png</href>
            </Icon>
          </IconStyle>
        </Style>
        <Point>
          <altitudeMode>absolute</altitudeMode>
          <coordinates>-112.103691,33.55257,586.74</coordinates>
        </Point>
      </Placemark>
      <Placemark>
        <name>2025-08-19 11:14:31 UTC</name>
        <description><![CDATA[<div><div><span><b>Altitude:</b></span> <span>1,900 ft</span></div>
<div><span><b>Speed:</b></span> <span>74 kt</span></div>
<div><span><b>Heading:</b></span> <span>130&deg;</span></div>
</div>]]></description>
        <TimeStamp>
          <when>2025-08-19T11:14:31+00:00</when>
        </TimeStamp>
        <Style>
          <IconStyle>
            <heading>130</heading>
            <Icon>
              <href>http://maps.google.com/mapfiles/kml/shapes/airports.png</href>
            </Icon>
          </IconStyle>
        </Style>
        <Point>
          <altitudeMode>absolute</altitudeMode>
          <coordinates>-112.103058,33.552013,579.12</coordinates>
        </Point>
      </Placemark>
      <Placemark>
        <name>2025-08-19 11:14:34 UTC</name>
        <description><![CDATA[<div><div><span><b>Altitude:</b></span> <span>1,900 ft</span></div>
<div><span><b>Speed:</b></span> <span>78 kt</span></div>
<div><span><b>Heading:</b></span> <span>113&deg;</span></div>
</div>]]></description>
        <TimeStamp>
          <when>2025-08-19T11:14:34+00:00</when>
        </TimeStamp>
        <Style>
          <IconStyle>
            <heading>113</heading>
            <Icon>
              <href>http://maps.google.com/mapfiles/kml/shapes/airports.png</href>
            </Icon>
          </IconStyle>
        </Style>
        <Point>
          <altitudeMode>absolute</altitudeMode>
          <coordinates>-112.102036,33.551548,579.12</coordinates>
        </Point>
      </Placemark>
      <Placemark>
        <name>2025-08-19 11:14:36 UTC</name>
        <description><![CDATA[<div><div><span><b>Altitude:</b></span> <span>1,900 ft</span></div>
<div><span><b>Speed:</b></span> <span>77 kt</span></div>
<div><span><b>Heading:</b></span> <span>97&deg;</span></div>
</div>]]></description>
        <TimeStamp>
          <when>2025-08-19T11:14:36+00:00</when>
        </TimeStamp>
        <Style>
          <IconStyle>
            <heading>97</heading>
            <Icon>
              <href>http://maps.google.com/mapfiles/kml/shapes/airports.png</href>
            </Icon>
          </IconStyle>
        </Style>
        <Point>
          <altitudeMode>absolute</altitudeMode>
          <coordinates>-112.101189,33.551422,579.12</coordinates>
        </Point>
      </Placemark>
      <Placemark>
        <name>2025-08-19 11:14:38 UTC</name>
        <description><![CDATA[<div><div><span><b>Altitude:</b></span> <span>1,900 ft</span></div>
<div><span><b>Speed:</b></span> <span>76 kt</span></div>
<div><span><b>Heading:</b></span> <span>81&deg;</span></div>
</div>]]></description>
        <TimeStamp>
          <when>2025-08-19T11:14:38+00:00</when>
        </TimeStamp>
        <Style>
          <IconStyle>
            <heading>81</heading>
            <Icon>
              <href>http://maps.google.com/mapfiles/kml/shapes/airports.png</href>
            </Icon>
          </IconStyle>
        </Style>
        <Point>
          <altitudeMode>absolute</altitudeMode>
          <coordinates>-112.100258,33.551456,579.12</coordinates>
        </Point>
      </Placemark>
      <Placemark>
        <name>2025-08-19 11:14:40 UTC</name>
        <description><![CDATA[<div><div><span><b>Altitude:</b></span> <span>1,900 ft</span></div>
<div><span><b>Speed:</b></span> <span>76 kt</span></div>
<div><span><b>Heading:</b></span> <span>58&deg;</span></div>
</div>]]></description>
        <TimeStamp>
          <when>2025-08-19T11:14:40+00:00</when>
        </TimeStamp>
        <Style>
          <IconStyle>
            <heading>58</heading>
            <Icon>
              <href>http://maps.google.com/mapfiles/kml/shapes/airports.png</href>
            </Icon>
          </IconStyle>
        </Style>
        <Point>
          <altitudeMode>absolute</altitudeMode>
          <coordinates>-112.099518,33.551735,579.12</coordinates>
        </Point>
      </Placemark>
      <Placemark>
        <name>2025-08-19 11:14:42 UTC</name>
        <description><![CDATA[<div><div><span><b>Altitude:</b></span> <span>1,900 ft</span></div>
<div><span><b>Speed:</b></span> <span>75 kt</span></div>
<div><span><b>Heading:</b></span> <span>42&deg;</span></div>
</div>]]></description>
        <TimeStamp>
          <when>2025-08-19T11:14:42+00:00</when>
        </TimeStamp>
        <Style>
          <IconStyle>
            <heading>42</heading>
            <Icon>
              <href>http://maps.google.com/mapfiles/kml/shapes/airports.png</href>
            </Icon>
          </IconStyle>
        </Style>
        <Point>
          <altitudeMode>absolute</altitudeMode>
          <coordinates>-112.098717,33.552338,579.12</coordinates>
        </Point>
      </Placemark>
      <Placemark>
        <name>2025-08-19 11:14:44 UTC</name>
        <description><![CDATA[<div><div><span><b>Altitude:</b></span> <span>1,900 ft</span></div>
<div><span><b>Speed:</b></span> <span>73 kt</span></div>
<div><span><b>Heading:</b></span> <span>17&deg;</span></div>
</div>]]></description>
        <TimeStamp>
          <when>2025-08-19T11:14:44+00:00</when>
        </TimeStamp>
        <Style>
          <IconStyle>
            <heading>17</heading>
            <Icon>
              <href>http://maps.google.com/mapfiles/kml/shapes/airports.png</href>
            </Icon>
          </IconStyle>
        </Style>
        <Point>
          <altitudeMode>absolute</altitudeMode>
          <coordinates>-112.098381,33.552887,579.12</coordinates>
        </Point>
      </Placemark>
      <Placemark>
        <name>2025-08-19 11:14:46 UTC</name>
        <description><![CDATA[<div><div><span><b>Altitude:</b></span> <span>1,875 ft</span></div>
<div><span><b>Speed:</b></span> <span>72 kt</span></div>
<div><span><b>Heading:</b></span> <span>2&deg;</span></div>
</div>]]></description>
        <TimeStamp>
          <when>2025-08-19T11:14:46+00:00</when>
        </TimeStamp>
        <Style>
          <IconStyle>
            <heading>2</heading>
            <Icon>
              <href>http://maps.google.com/mapfiles/kml/shapes/airports.png</href>
            </Icon>
          </IconStyle>
        </Style>
        <Point>
          <altitudeMode>absolute</altitudeMode>
          <coordinates>-112.098267,33.553665,571.5</coordinates>
        </Point>
      </Placemark>
      <Placemark>
        <name>2025-08-19 11:14:48 UTC</name>
        <description><![CDATA[<div><div><span><b>Altitude:</b></span> <span>1,875 ft</span></div>
<div><span><b>Speed:</b></span> <span>68 kt</span></div>
<div><span><b>Heading:</b></span> <span>339&deg;</span></div>
</div>]]></description>
        <TimeStamp>
          <when>2025-08-19T11:14:48+00:00</when>
        </TimeStamp>
        <Style>
          <IconStyle>
            <heading>339</heading>
            <Icon>
              <href>http://maps.google.com/mapfiles/kml/shapes/airports.png</href>
            </Icon>
          </IconStyle>
        </Style>
        <Point>
          <altitudeMode>absolute</altitudeMode>
          <coordinates>-112.098381,33.554169,571.5</coordinates>
        </Point>
      </Placemark>
      <Placemark>
        <name>2025-08-19 11:14:51 UTC</name>
        <description><![CDATA[<div><div><span><b>Altitude:</b></span> <span>1,875 ft</span></div>
<div><span><b>Speed:</b></span> <span>66 kt</span></div>
<div><span><b>Heading:</b></span> <span>322&deg;</span></div>
</div>]]></description>
        <TimeStamp>
          <when>2025-08-19T11:14:51+00:00</when>
        </TimeStamp>
        <Style>
          <IconStyle>
            <heading>322</heading>
            <Icon>
              <href>http://maps.google.com/mapfiles/kml/shapes/airports.png</href>
            </Icon>
          </IconStyle>
        </Style>
        <Point>
          <altitudeMode>absolute</altitudeMode>
          <coordinates>-112.098778,33.554855,571.5</coordinates>
        </Point>
      </Placemark>
      <Placemark>
        <name>2025-08-19 11:14:53 UTC</name>
        <description><![CDATA[<div><div><span><b>Altitude:</b></span> <span>1,875 ft</span></div>
<div><span><b>Speed:</b></span> <span>64 kt</span></div>
<div><span><b>Heading:</b></span> <span>304&deg;</span></div>
</div>]]></description>
        <TimeStamp>
          <when>2025-08-19T11:14:53+00:00</when>
        </TimeStamp>
        <Style>
          <IconStyle>
            <heading>304</heading>
            <Icon>
              <href>http://maps.google.com/mapfiles/kml/shapes/airports.png</href>
            </Icon>
          </IconStyle>
        </Style>
        <Point>
          <altitudeMode>absolute</altitudeMode>
          <coordinates>-112.099342,33.555271,571.5</coordinates>
        </Point>
      </Placemark>
      <Placemark>
        <name>2025-08-19 11:14:55 UTC</name>
        <description><![CDATA[<div><div><span><b>Altitude:</b></span> <span>1,875 ft</span></div>
<div><span><b>Speed:</b></span> <span>64 kt</span></div>
<div><span><b>Heading:</b></span> <span>291&deg;</span></div>
</div>]]></description>
        <TimeStamp>
          <when>2025-08-19T11:14:55+00:00</when>
        </TimeStamp>
        <Style>
          <IconStyle>
            <heading>291</heading>
            <Icon>
              <href>http://maps.google.com/mapfiles/kml/shapes/airports.png</href>
            </Icon>
          </IconStyle>
        </Style>
        <Point>
          <altitudeMode>absolute</altitudeMode>
          <coordinates>-112.100006,33.555588,571.5</coordinates>
        </Point>
      </Placemark>
      <Placemark>
        <name>2025-08-19 11:14:57 UTC</name>
        <description><![CDATA[<div><div><span><b>Altitude:</b></span> <span>1,875 ft</span></div>
<div><span><b>Speed:</b></span> <span>64 kt</span></div>
<div><span><b>Heading:</b></span> <span>279&deg;</span></div>
</div>]]></description>
        <TimeStamp>
          <when>2025-08-19T11:14:57+00:00</when>
        </TimeStamp>
        <Style>
          <IconStyle>
            <heading>279</heading>
            <Icon>
              <href>http://maps.google.com/mapfiles/kml/shapes/airports.png</href>
            </Icon>
          </IconStyle>
        </Style>
        <Point>
          <altitudeMode>absolute</altitudeMode>
          <coordinates>-112.100677,33.555771,571.5</coordinates>
        </Point>
      </Placemark>
      <Placemark>
        <name>2025-08-19 11:14:59 UTC</name>
        <description><![CDATA[<div><div><span><b>Altitude:</b></span> <span>1,850 ft</span></div>
<div><span><b>Speed:</b></span> <span>64 kt</span></div>
<div><span><b>Heading:</b></span> <span>268&deg;</span></div>
</div>]]></description>
        <TimeStamp>
          <when>2025-08-19T11:14:59+00:00</when>
        </TimeStamp>
        <Style>
          <IconStyle>
            <heading>268</heading>
            <Icon>
              <href>http://maps.google.com/mapfiles/kml/shapes/airports.png</href>
            </Icon>
          </IconStyle>
        </Style>
        <Point>
          <altitudeMode>absolute</altitudeMode>
          <coordinates>-112.101524,33.555817,563.88</coordinates>
        </Point>
      </Placemark>
      <Placemark>
        <name>2025-08-19 11:15:01 UTC</name>
        <description><![CDATA[<div><div><span><b>Altitude:</b></span> <span>1,850 ft</span></div>
<div><span><b>Speed:</b></span> <span>64 kt</span></div>
<div><span><b>Heading:</b></span> <span>256&deg;</span></div>
</div>]]></description>
        <TimeStamp>
          <when>2025-08-19T11:15:01+00:00</when>
        </TimeStamp>
        <Style>
          <IconStyle>
            <heading>256</heading>
            <Icon>
              <href>http://maps.google.com/mapfiles/kml/shapes/airports.png</href>
            </Icon>
          </IconStyle>
        </Style>
        <Point>
          <altitudeMode>absolute</altitudeMode>
          <coordinates>-112.102303,33.555679,563.88</coordinates>
        </Point>
      </Placemark>
      <Placemark>
        <name>2025-08-19 11:15:04 UTC</name>
        <description><![CDATA[<div><div><span><b>Altitude:</b></span> <span>1,850 ft</span></div>
<div><span><b>Speed:</b></span> <span>65 kt</span></div>
<div><span><b>Heading:</b></span> <span>242&deg;</span></div>
</div>]]></description>
        <TimeStamp>
          <when>2025-08-19T11:15:04+00:00</when>
        </TimeStamp>
        <Style>
          <IconStyle>
            <heading>242</heading>
            <Icon>
              <href>http://maps.google.com/mapfiles/kml/shapes/airports.png</href>
            </Icon>
          </IconStyle>
        </Style>
        <Point>
          <altitudeMode>absolute</altitudeMode>
          <coordinates>-112.102982,33.555496,563.88</coordinates>
        </Point>
      </Placemark>
      <Placemark>
        <name>2025-08-19 11:15:06 UTC</name>
        <description><![CDATA[<div><div><span><b>Altitude:</b></span> <span>1,850 ft</span></div>
<div><span><b>Speed:</b></span> <span>62 kt</span></div>
<div><span><b>Heading:</b></span> <span>226&deg;</span></div>
</div>]]></description>
        <TimeStamp>
          <when>2025-08-19T11:15:06+00:00</when>
        </TimeStamp>
        <Style>
          <IconStyle>
            <heading>226</heading>
            <Icon>
              <href>http://maps.google.com/mapfiles/kml/shapes/airports.png</href>
            </Icon>
          </IconStyle>
        </Style>
        <Point>
          <altitudeMode>absolute</altitudeMode>
          <coordinates>-112.103638,33.555084,563.88</coordinates>
        </Point>
      </Placemark>
      <Placemark>
        <name>2025-08-19 11:15:08 UTC</name>
        <description><![CDATA[<div><div><span><b>Altitude:</b></span> <span>1,850 ft</span></div>
<div><span><b>Speed:</b></span> <span>60 kt</span></div>
<div><span><b>Heading:</b></span> <span>212&deg;</span></div>
</div>]]></description>
        <TimeStamp>
          <when>2025-08-19T11:15:08+00:00</when>
        </TimeStamp>
        <Style>
          <IconStyle>
            <heading>212</heading>
            <Icon>
              <href>http://maps.google.com/mapfiles/kml/shapes/airports.png</href>
            </Icon>
          </IconStyle>
        </Style>
        <Point>
          <altitudeMode>absolute</altitudeMode>
          <coordinates>-112.104149,33.554619,563.88</coordinates>
        </Point>
      </Placemark>
      <Placemark>
        <name>2025-08-19 11:15:10 UTC</name>
        <description><![CDATA[<div><div><span><b>Altitude:</b></span> <span>1,850 ft</span></div>
<div><span><b>Speed:</b></span> <span>60 kt</span></div>
<div><span><b>Heading:</b></span> <span>200&deg;</span></div>
</div>]]></description>
        <TimeStamp>
          <when>2025-08-19T11:15:10+00:00</when>
        </TimeStamp>
        <Style>
          <IconStyle>
            <heading>200</heading>
            <Icon>
              <href>http://maps.google.com/mapfiles/kml/shapes/airports.png</href>
            </Icon>
          </IconStyle>
        </Style>
        <Point>
          <altitudeMode>absolute</altitudeMode>
          <coordinates>-112.104439,33.554031,563.88</coordinates>
        </Point>
      </Placemark>
      <Placemark>
        <name>2025-08-19 11:15:12 UTC</name>
        <description><![CDATA[<div><div><span><b>Altitude:</b></span> <span>1,875 ft</span></div>
<div><span><b>Speed:</b></span> <span>59 kt</span></div>
<div><span><b>Heading:</b></span> <span>180&deg;</span></div>
</div>]]></description>
        <TimeStamp>
          <when>2025-08-19T11:15:12+00:00</when>
        </TimeStamp>
        <Style>
          <IconStyle>
            <heading>180</heading>
            <Icon>
              <href>http://maps.google.com/mapfiles/kml/shapes/airports.png</href>
            </Icon>
          </IconStyle>
        </Style>
        <Point>
          <altitudeMode>absolute</altitudeMode>
          <coordinates>-112.104546,33.553436,571.5</coordinates>
        </Point>
      </Placemark>
      <Placemark>
        <name>2025-08-19 11:15:14 UTC</name>
        <description><![CDATA[<div><div><span><b>Altitude:</b></span> <span>1,875 ft</span></div>
<div><span><b>Speed:</b></span> <span>57 kt</span></div>
<div><span><b>Heading:</b></span> <span>163&deg;</span></div>
</div>]]></description>
        <TimeStamp>
          <when>2025-08-19T11:15:14+00:00</when>
        </TimeStamp>
        <Style>
          <IconStyle>
            <heading>163</heading>
            <Icon>
              <href>http://maps.google.com/mapfiles/kml/shapes/airports.png</href>
            </Icon>
          </IconStyle>
        </Style>
        <Point>
          <altitudeMode>absolute</altitudeMode>
          <coordinates>-112.104431,33.552853,571.5</coordinates>
        </Point>
      </Placemark>
      <Placemark>
        <name>2025-08-19 11:15:17 UTC</name>
        <description><![CDATA[<div><div><span><b>Altitude:</b></span> <span>1,925 ft</span></div>
<div><span><b>Speed:</b></span> <span>56 kt</span></div>
<div><span><b>Heading:</b></span> <span>146&deg;</span></div>
</div>]]></description>
        <TimeStamp>
          <when>2025-08-19T11:15:17+00:00</when>
        </TimeStamp>
        <Style>
          <IconStyle>
            <heading>146</heading>
            <Icon>
              <href>http://maps.google.com/mapfiles/kml/shapes/airports.png</href>
            </Icon>
          </IconStyle>
        </Style>
        <Point>
          <altitudeMode>absolute</altitudeMode>
          <coordinates>-112.104095,33.552387,586.74</coordinates>
        </Point>
      </Placemark>
      <Placemark>
        <name>2025-08-19 11:15:19 UTC</name>
        <description><![CDATA[<div><div><span><b>Altitude:</b></span> <span>1,925 ft</span></div>
<div><span><b>Speed:</b></span> <span>58 kt</span></div>
<div><span><b>Heading:</b></span> <span>132&deg;</span></div>
</div>]]></description>
        <TimeStamp>
          <when>2025-08-19T11:15:19+00:00</when>
        </TimeStamp>
        <Style>
          <IconStyle>
            <heading>132</heading>
            <Icon>
              <href>http://maps.google.com/mapfiles/kml/shapes/airports.png</href>
            </Icon>
          </IconStyle>
        </Style>
        <Point>
          <altitudeMode>absolute</altitudeMode>
          <coordinates>-112.103653,33.551971,586.74</coordinates>
        </Point>
      </Placemark>
      <Placemark>
        <name>2025-08-19 11:15:21 UTC</name>
        <description><![CDATA[<div><div><span><b>Altitude:</b></span> <span>1,900 ft</span></div>
<div><span><b>Speed:</b></span> <span>61 kt</span></div>
<div><span><b>Heading:</b></span> <span>121&deg;</span></div>
</div>]]></description>
        <TimeStamp>
          <when>2025-08-19T11:15:21+00:00</when>
        </TimeStamp>
        <Style>
          <IconStyle>
            <heading>121</heading>
            <Icon>
              <href>http://maps.google.com/mapfiles/kml/shapes/airports.png</href>
            </Icon>
          </IconStyle>
        </Style>
        <Point>
          <altitudeMode>absolute</altitudeMode>
          <coordinates>-112.103088,33.551651,579.12</coordinates>
        </Point>
      </Placemark>
      <Placemark>
        <name>2025-08-19 11:15:23 UTC</name>
        <description><![CDATA[<div><div><span><b>Altitude:</b></span> <span>1,900 ft</span></div>
<div><span><b>Speed:</b></span> <span>63 kt</span></div>
<div><span><b>Heading:</b></span> <span>108&deg;</span></div>
</div>]]></description>
        <TimeStamp>
          <when>2025-08-19T11:15:23+00:00</when>
        </TimeStamp>
        <Style>
          <IconStyle>
            <heading>108</heading>
            <Icon>
              <href>http://maps.google.com/mapfiles/kml/shapes/airports.png</href>
            </Icon>
          </IconStyle>
        </Style>
        <Point>
          <altitudeMode>absolute</altitudeMode>
          <coordinates>-112.102478,33.551376,579.12</coordinates>
        </Point>
      </Placemark>
      <Placemark>
        <name>2025-08-19 11:15:25 UTC</name>
        <description><![CDATA[<div><div><span><b>Altitude:</b></span> <span>1,900 ft</span></div>
<div><span><b>Speed:</b></span> <span>63 kt</span></div>
<div><span><b>Heading:</b></span> <span>94&deg;</span></div>
</div>]]></description>
        <TimeStamp>
          <when>2025-08-19T11:15:25+00:00</when>
        </TimeStamp>
        <Style>
          <IconStyle>
            <heading>94</heading>
            <Icon>
              <href>http://maps.google.com/mapfiles/kml/shapes/airports.png</href>
            </Icon>
          </IconStyle>
        </Style>
        <Point>
          <altitudeMode>absolute</altitudeMode>
          <coordinates>-112.101631,33.551224,579.12</coordinates>
        </Point>
      </Placemark>
      <Placemark>
        <name>2025-08-19 11:15:27 UTC</name>
        <description><![CDATA[<div><div><span><b>Altitude:</b></span> <span>1,925 ft</span></div>
<div><span><b>Speed:</b></span> <span>61 kt</span></div>
<div><span><b>Heading:</b></span> <span>74&deg;</span></div>
</div>]]></description>
        <TimeStamp>
          <when>2025-08-19T11:15:27+00:00</when>
        </TimeStamp>
        <Style>
          <IconStyle>
            <heading>74</heading>
            <Icon>
              <href>http://maps.google.com/mapfiles/kml/shapes/airports.png</href>
            </Icon>
          </IconStyle>
        </Style>
        <Point>
          <altitudeMode>absolute</altitudeMode>
          <coordinates>-112.10112,33.55127,586.74</coordinates>
        </Point>
      </Placemark>
      <Placemark>
        <name>2025-08-19 11:15:30 UTC</name>
        <description><![CDATA[<div><div><span><b>Altitude:</b></span> <span>1,900 ft</span></div>
<div><span><b>Speed:</b></span> <span>62 kt</span></div>
<div><span><b>Heading:</b></span> <span>56&deg;</span></div>
</div>]]></description>
        <TimeStamp>
          <when>2025-08-19T11:15:30+00:00</when>
        </TimeStamp>
        <Style>
          <IconStyle>
            <heading>56</heading>
            <Icon>
              <href>http://maps.google.com/mapfiles/kml/shapes/airports.png</href>
            </Icon>
          </IconStyle>
        </Style>
        <Point>
          <altitudeMode>absolute</altitudeMode>
          <coordinates>-112.100288,33.551605,579.12</coordinates>
        </Point>
      </Placemark>
      <Placemark>
        <name>2025-08-19 11:15:32 UTC</name>
        <description><![CDATA[<div><div><span><b>Altitude:</b></span> <span>1,900 ft</span></div>
<div><span><b>Speed:</b></span> <span>62 kt</span></div>
<div><span><b>Heading:</b></span> <span>42&deg;</span></div>
</div>]]></description>
        <TimeStamp>
          <when>2025-08-19T11:15:32+00:00</when>
        </TimeStamp>
        <Style>
          <IconStyle>
            <heading>42</heading>
            <Icon>
              <href>http://maps.google.com/mapfiles/kml/shapes/airports.png</href>
            </Icon>
          </IconStyle>
        </Style>
        <Point>
          <altitudeMode>absolute</altitudeMode>
          <coordinates>-112.099731,33.552063,579.12</coordinates>
        </Point>
      </Placemark>
      <Placemark>
        <name>2025-08-19 11:15:34 UTC</name>
        <description><![CDATA[<div><div><span><b>Altitude:</b></span> <span>1,900 ft</span></div>
<div><span><b>Speed:</b></span> <span>60 kt</span></div>
<div><span><b>Heading:</b></span> <span>22&deg;</span></div>
</div>]]></description>
        <TimeStamp>
          <when>2025-08-19T11:15:34+00:00</when>
        </TimeStamp>
        <Style>
          <IconStyle>
            <heading>22</heading>
            <Icon>
              <href>http://maps.google.com/mapfiles/kml/shapes/airports.png</href>
            </Icon>
          </IconStyle>
        </Style>
        <Point>
          <altitudeMode>absolute</altitudeMode>
          <coordinates>-112.099388,33.552567,579.12</coordinates>
        </Point>
      </Placemark>
      <Placemark>
        <name>2025-08-19 11:15:36 UTC</name>
        <description><![CDATA[<div><div><span><b>Altitude:</b></span> <span>1,875 ft</span></div>
<div><span><b>Speed:</b></span> <span>59 kt</span></div>
<div><span><b>Heading:</b></span> <span>5&deg;</span></div>
</div>]]></description>
        <TimeStamp>
          <when>2025-08-19T11:15:36+00:00</when>
        </TimeStamp>
        <Style>
          <IconStyle>
            <heading>5</heading>
            <Icon>
              <href>http://maps.google.com/mapfiles/kml/shapes/airports.png</href>
            </Icon>
          </IconStyle>
        </Style>
        <Point>
          <altitudeMode>absolute</altitudeMode>
          <coordinates>-112.09922,33.553253,571.5</coordinates>
        </Point>
      </Placemark>
      <Placemark>
        <name>2025-08-19 11:15:39 UTC</name>
        <description><![CDATA[<div><div><span><b>Altitude:</b></span> <span>1,875 ft</span></div>
<div><span><b>Speed:</b></span> <span>54 kt</span></div>
<div><span><b>Heading:</b></span> <span>340&deg;</span></div>
</div>]]></description>
        <TimeStamp>
          <when>2025-08-19T11:15:39+00:00</when>
        </TimeStamp>
        <Style>
          <IconStyle>
            <heading>340</heading>
            <Icon>
              <href>http://maps.google.com/mapfiles/kml/shapes/airports.png</href>
            </Icon>
          </IconStyle>
        </Style>
        <Point>
          <altitudeMode>absolute</altitudeMode>
          <coordinates>-112.099342,33.553875,571.5</coordinates>
        </Point>
      </Placemark>
      <Placemark>
        <name>2025-08-19 11:15:41 UTC</name>
        <description><![CDATA[<div><div><span><b>Altitude:</b></span> <span>1,850 ft</span></div>
<div><span><b>Speed:</b></span> <span>54 kt</span></div>
<div><span><b>Heading:</b></span> <span>329&deg;</span></div>
</div>]]></description>
        <TimeStamp>
          <when>2025-08-19T11:15:41+00:00</when>
        </TimeStamp>
        <Style>
          <IconStyle>
            <heading>329</heading>
            <Icon>
              <href>http://maps.google.com/mapfiles/kml/shapes/airports.png</href>
            </Icon>
          </IconStyle>
        </Style>
        <Point>
          <altitudeMode>absolute</altitudeMode>
          <coordinates>-112.099686,33.554386,563.88</coordinates>
        </Point>
      </Placemark>
      <Placemark>
        <name>2025-08-19 11:15:43 UTC</name>
        <description><![CDATA[<div><div><span><b>Altitude:</b></span> <span>1,850 ft</span></div>
<div><span><b>Speed:</b></span> <span>59 kt</span></div>
<div><span><b>Heading:</b></span> <span>320&deg;</span></div>
</div>]]></description>
        <TimeStamp>
          <when>2025-08-19T11:15:43+00:00</when>
        </TimeStamp>
        <Style>
          <IconStyle>
            <heading>320</heading>
            <Icon>
              <href>http://maps.google.com/mapfiles/kml/shapes/airports.png</href>
            </Icon>
          </IconStyle>
        </Style>
        <Point>
          <altitudeMode>absolute</altitudeMode>
          <coordinates>-112.100067,33.55481,563.88</coordinates>
        </Point>
      </Placemark>
      <Placemark>
        <name>2025-08-19 11:15:45 UTC</name>
        <description><![CDATA[<div><div><span><b>Altitude:</b></span> <span>1,825 ft</span></div>
<div><span><b>Speed:</b></span> <span>59 kt</span></div>
<div><span><b>Heading:</b></span> <span>308&deg;</span></div>
</div>]]></description>
        <TimeStamp>
          <when>2025-08-19T11:15:45+00:00</when>
        </TimeStamp>
        <Style>
          <IconStyle>
            <heading>308</heading>
            <Icon>
              <href>http://maps.google.com/mapfiles/kml/shapes/airports.png</href>
            </Icon>
          </IconStyle>
        </Style>
        <Point>
          <altitudeMode>absolute</altitudeMode>
          <coordinates>-112.100571,33.555222,556.26</coordinates>
        </Point>
      </Placemark>
      <Placemark>
        <name>2025-08-19 11:15:47 UTC</name>
        <description><![CDATA[<div><div><span><b>Altitude:</b></span> <span>1,825 ft</span></div>
<div><span><b>Speed:</b></span> <span>56 kt</span></div>
<div><span><b>Heading:</b></span> <span>292&deg;</span></div>
</div>]]></description>
        <TimeStamp>
          <when>2025-08-19T11:15:47+00:00</when>
        </TimeStamp>
        <Style>
          <IconStyle>
            <heading>292</heading>
            <Icon>
              <href>http://maps.google.com/mapfiles/kml/shapes/airports.png</href>
            </Icon>
          </IconStyle>
        </Style>
        <Point>
          <altitudeMode>absolute</altitudeMode>
          <coordinates>-112.101128,33.555542,556.26</coordinates>
        </Point>
      </Placemark>
      <Placemark>
        <name>2025-08-19 11:15:50 UTC</name>
        <description><![CDATA[<div><div><span><b>Altitude:</b></span> <span>1,825 ft</span></div>
<div><span><b>Speed:</b></span> <span>56 kt</span></div>
<div><span><b>Heading:</b></span> <span>278&deg;</span></div>
</div>]]></description>
        <TimeStamp>
          <when>2025-08-19T11:15:50+00:00</when>
        </TimeStamp>
        <Style>
          <IconStyle>
            <heading>278</heading>
            <Icon>
              <href>http://maps.google.com/mapfiles/kml/shapes/airports.png</href>
            </Icon>
          </IconStyle>
        </Style>
        <Point>
          <altitudeMode>absolute</altitudeMode>
          <coordinates>-112.10186,33.555679,556.26</coordinates>
        </Point>
      </Placemark>
      <Placemark>
        <name>2025-08-19 11:15:52 UTC</name>
        <description><![CDATA[<div><div><span><b>Altitude:</b></span> <span>1,825 ft</span></div>
<div><span><b>Speed:</b></span> <span>58 kt</span></div>
<div><span><b>Heading:</b></span> <span>264&deg;</span></div>
</div>]]></description>
        <TimeStamp>
          <when>2025-08-19T11:15:52+00:00</when>
        </TimeStamp>
        <Style>
          <IconStyle>
            <heading>264</heading>
            <Icon>
              <href>http://maps.google.com/mapfiles/kml/shapes/airports.png</href>
            </Icon>
          </IconStyle>
        </Style>
        <Point>
          <altitudeMode>absolute</altitudeMode>
          <coordinates>-112.102646,33.555679,556.26</coordinates>
        </Point>
      </Placemark>
      <Placemark>
        <name>2025-08-19 11:15:54 UTC</name>
        <description><![CDATA[<div><div><span><b>Altitude:</b></span> <span>1,800 ft</span></div>
<div><span><b>Speed:</b></span> <span>61 kt</span></div>
<div><span><b>Heading:</b></span> <span>253&deg;</span></div>
</div>]]></description>
        <TimeStamp>
          <when>2025-08-19T11:15:54+00:00</when>
        </TimeStamp>
        <Style>
          <IconStyle>
            <heading>253</heading>
            <Icon>
              <href>http://maps.google.com/mapfiles/kml/shapes/airports.png</href>
            </Icon>
          </IconStyle>
        </Style>
        <Point>
          <altitudeMode>absolute</altitudeMode>
          <coordinates>-112.103371,33.555496,548.64</coordinates>
        </Point>
      </Placemark>
      <Placemark>
        <name>2025-08-19 11:15:56 UTC</name>
        <description><![CDATA[<div><div><span><b>Altitude:</b></span> <span>1,800 ft</span></div>
<div><span><b>Speed:</b></span> <span>63 kt</span></div>
<div><span><b>Heading:</b></span> <span>245&deg;</span></div>
</div>]]></description>
        <TimeStamp>
          <when>2025-08-19T11:15:56+00:00</when>
        </TimeStamp>
        <Style>
          <IconStyle>
            <heading>245</heading>
            <Icon>
              <href>http://maps.google.com/mapfiles/kml/shapes/airports.png</href>
            </Icon>
          </IconStyle>
        </Style>
        <Point>
          <altitudeMode>absolute</altitudeMode>
          <coordinates>-112.104095,33.555271,548.64</coordinates>
        </Point>
      </Placemark>
      <Placemark>
        <name>2025-08-19 11:15:58 UTC</name>
        <description><![CDATA[<div><div><span><b>Altitude:</b></span> <span>1,800 ft</span></div>
<div><span><b>Speed:</b></span> <span>60 kt</span></div>
<div><span><b>Heading:</b></span> <span>232&deg;</span></div>
</div>]]></description>
        <TimeStamp>
          <when>2025-08-19T11:15:58+00:00</when>
        </TimeStamp>
        <Style>
          <IconStyle>
            <heading>232</heading>
            <Icon>
              <href>http://maps.google.com/mapfiles/kml/shapes/airports.png</href>
            </Icon>
          </IconStyle>
        </Style>
        <Point>
          <altitudeMode>absolute</altitudeMode>
          <coordinates>-112.10466,33.554947,548.64</coordinates>
        </Point>
      </Placemark>
      <Placemark>
        <name>2025-08-19 11:16:01 UTC</name>
        <description><![CDATA[<div><div><span><b>Altitude:</b></span> <span>1,825 ft</span></div>
<div><span><b>Speed:</b></span> <span>59 kt</span></div>
<div><span><b>Heading:</b></span> <span>214&deg;</span></div>
</div>]]></description>
        <TimeStamp>
          <when>2025-08-19T11:16:01+00:00</when>
        </TimeStamp>
        <Style>
          <IconStyle>
            <heading>214</heading>
            <Icon>
              <href>http://maps.google.com/mapfiles/kml/shapes/airports.png</href>
            </Icon>
          </IconStyle>
        </Style>
        <Point>
          <altitudeMode>absolute</altitudeMode>
          <coordinates>-112.105064,33.554573,556.26</coordinates>
        </Point>
      </Placemark>
      <Placemark>
        <name>2025-08-19 11:16:03 UTC</name>
        <description><![CDATA[<div><div><span><b>Altitude:</b></span> <span>1,825 ft</span></div>
<div><span><b>Speed:</b></span> <span>61 kt</span></div>
<div><span><b>Heading:</b></span> <span>202&deg;</span></div>
</div>]]></description>
        <TimeStamp>
          <when>2025-08-19T11:16:03+00:00</when>
        </TimeStamp>
        <Style>
          <IconStyle>
            <heading>202</heading>
            <Icon>
              <href>http://maps.google.com/mapfiles/kml/shapes/airports.png</href>
            </Icon>
          </IconStyle>
        </Style>
        <Point>
          <altitudeMode>absolute</altitudeMode>
          <coordinates>-112.105446,33.554031,556.26</coordinates>
        </Point>
      </Placemark>
      <Placemark>
        <name>2025-08-19 11:16:05 UTC</name>
        <description><![CDATA[<div><div><span><b>Altitude:</b></span> <span>1,825 ft</span></div>
<div><span><b>Speed:</b></span> <span>61 kt</span></div>
<div><span><b>Heading:</b></span> <span>188&deg;</span></div>
</div>]]></description>
        <TimeStamp>
          <when>2025-08-19T11:16:05+00:00</when>
        </TimeStamp>
        <Style>
          <IconStyle>
            <heading>188</heading>
            <Icon>
              <href>http://maps.google.com/mapfiles/kml/shapes/airports.png</href>
            </Icon>
          </IconStyle>
        </Style>
        <Point>
          <altitudeMode>absolute</altitudeMode>
          <coordinates>-112.105637,33.553364,556.26</coordinates>
        </Point>
      </Placemark>
      <Placemark>
        <name>2025-08-19 11:16:07 UTC</name>
        <description><![CDATA[<div><div><span><b>Altitude:</b></span> <span>1,800 ft</span></div>
<div><span><b>Speed:</b></span> <span>62 kt</span></div>
<div><span><b>Heading:</b></span> <span>166&deg;</span></div>
</div>]]></description>
        <TimeStamp>
          <when>2025-08-19T11:16:07+00:00</when>
        </TimeStamp>
        <Style>
          <IconStyle>
            <heading>166</heading>
            <Icon>
              <href>http://maps.google.com/mapfiles/kml/shapes/airports.png</href>
            </Icon>
          </IconStyle>
        </Style>
        <Point>
          <altitudeMode>absolute</altitudeMode>
          <coordinates>-112.105576,33.552803,548.64</coordinates>
        </Point>
      </Placemark>
      <Placemark>
        <name>2025-08-19 11:16:09 UTC</name>
        <description><![CDATA[<div><div><span><b>Altitude:</b></span> <span>1,800 ft</span></div>
<div><span><b>Speed:</b></span> <span>64 kt</span></div>
<div><span><b>Heading:</b></span> <span>151&deg;</span></div>
</div>]]></description>
        <TimeStamp>
          <when>2025-08-19T11:16:09+00:00</when>
        </TimeStamp>
        <Style>
          <IconStyle>
            <heading>151</heading>
            <Icon>
              <href>http://maps.google.com/mapfiles/kml/shapes/airports.png</href>
            </Icon>
          </IconStyle>
        </Style>
        <Point>
          <altitudeMode>absolute</altitudeMode>
          <coordinates>-112.105278,33.552155,548.64</coordinates>
        </Point>
      </Placemark>
      <Placemark>
        <name>2025-08-19 11:16:11 UTC</name>
        <description><![CDATA[<div><div><span><b>Altitude:</b></span> <span>1,800 ft</span></div>
<div><span><b>Speed:</b></span> <span>65 kt</span></div>
<div><span><b>Heading:</b></span> <span>135&deg;</span></div>
</div>]]></description>
        <TimeStamp>
          <when>2025-08-19T11:16:11+00:00</when>
        </TimeStamp>
        <Style>
          <IconStyle>
            <heading>135</heading>
            <Icon>
              <href>http://maps.google.com/mapfiles/kml/shapes/airports.png</href>
            </Icon>
          </IconStyle>
        </Style>
        <Point>
          <altitudeMode>absolute</altitudeMode>
          <coordinates>-112.104774,33.551651,548.64</coordinates>
        </Point>
      </Placemark>
      <Placemark>
        <name>2025-08-19 11:16:14 UTC</name>
        <description><![CDATA[<div><div><span><b>Altitude:</b></span> <span>1,800 ft</span></div>
<div><span><b>Speed:</b></span> <span>65 kt</span></div>
<div><span><b>Heading:</b></span> <span>118&deg;</span></div>
</div>]]></description>
        <TimeStamp>
          <when>2025-08-19T11:16:14+00:00</when>
        </TimeStamp>
        <Style>
          <IconStyle>
            <heading>118</heading>
            <Icon>
              <href>http://maps.google.com/mapfiles/kml/shapes/airports.png</href>
            </Icon>
          </IconStyle>
        </Style>
        <Point>
          <altitudeMode>absolute</altitudeMode>
          <coordinates>-112.104263,33.551315,548.64</coordinates>
        </Point>
      </Placemark>
      <Placemark>
        <name>2025-08-19 11:16:16 UTC</name>
        <description><![CDATA[<div><div><span><b>Altitude:</b></span> <span>1,775 ft</span></div>
<div><span><b>Speed:</b></span> <span>69 kt</span></div>
<div><span><b>Heading:</b></span> <span>108&deg;</span></div>
</div>]]></description>
        <TimeStamp>
          <when>2025-08-19T11:16:16+00:00</when>
        </TimeStamp>
        <Style>
          <IconStyle>
            <heading>108</heading>
            <Icon>
              <href>http://maps.google.com/mapfiles/kml/shapes/airports.png</href>
            </Icon>
          </IconStyle>
        </Style>
        <Point>
          <altitudeMode>absolute</altitudeMode>
          <coordinates>-112.103539,33.551056,541.02</coordinates>
        </Point>
      </Placemark>
      <Placemark>
        <name>2025-08-19 11:16:18 UTC</name>
        <description><![CDATA[<div><div><span><b>Altitude:</b></span> <span>1,775 ft</span></div>
<div><span><b>Speed:</b></span> <span>71 kt</span></div>
<div><span><b>Heading:</b></span> <span>98&deg;</span></div>
</div>]]></description>
        <TimeStamp>
          <when>2025-08-19T11:16:18+00:00</when>
        </TimeStamp>
        <Style>
          <IconStyle>
            <heading>98</heading>
            <Icon>
              <href>http://maps.google.com/mapfiles/kml/shapes/airports.png</href>
            </Icon>
          </IconStyle>
        </Style>
        <Point>
          <altitudeMode>absolute</altitudeMode>
          <coordinates>-112.102585,33.550873,541.02</coordinates>
        </Point>
      </Placemark>
      <Placemark>
        <name>2025-08-19 11:16:20 UTC</name>
        <description><![CDATA[<div><div><span><b>Altitude:</b></span> <span>1,750 ft</span></div>
<div><span><b>Speed:</b></span> <span>70 kt</span></div>
<div><span><b>Heading:</b></span> <span>79&deg;</span></div>
</div>]]></description>
        <TimeStamp>
          <when>2025-08-19T11:16:20+00:00</when>
        </TimeStamp>
        <Style>
          <IconStyle>
            <heading>79</heading>
            <Icon>
              <href>http://maps.google.com/mapfiles/kml/shapes/airports.png</href>
            </Icon>
          </IconStyle>
        </Style>
        <Point>
          <altitudeMode>absolute</altitudeMode>
          <coordinates>-112.10186,33.550919,533.4</coordinates>
        </Point>
      </Placemark>
      <Placemark>
        <name>2025-08-19 11:16:22 UTC</name>
        <description><![CDATA[<div><div><span><b>Altitude:</b></span> <span>1,750 ft</span></div>
<div><span><b>Speed:</b></span> <span>66 kt</span></div>
<div><span><b>Heading:</b></span> <span>60&deg;</span></div>
</div>]]></description>
        <TimeStamp>
          <when>2025-08-19T11:16:22+00:00</when>
        </TimeStamp>
        <Style>
          <IconStyle>
            <heading>60</heading>
            <Icon>
              <href>http://maps.google.com/mapfiles/kml/shapes/airports.png</href>
            </Icon>
          </IconStyle>
        </Style>
        <Point>
          <altitudeMode>absolute</altitudeMode>
          <coordinates>-112.101128,33.551147,533.4</coordinates>
        </Point>
      </Placemark>
      <Placemark>
        <name>2025-08-19 11:16:24 UTC</name>
        <description><![CDATA[<div><div><span><b>Altitude:</b></span> <span>1,750 ft</span></div>
<div><span><b>Speed:</b></span> <span>66 kt</span></div>
<div><span><b>Heading:</b></span> <span>45&deg;</span></div>
</div>]]></description>
        <TimeStamp>
          <when>2025-08-19T11:16:24+00:00</when>
        </TimeStamp>
        <Style>
          <IconStyle>
            <heading>45</heading>
            <Icon>
              <href>http://maps.google.com/mapfiles/kml/shapes/airports.png</href>
            </Icon>
          </IconStyle>
        </Style>
        <Point>
          <altitudeMode>absolute</altitudeMode>
          <coordinates>-112.100372,33.55164,533.4</coordinates>
        </Point>
      </Placemark>
      <Placemark>
        <name>2025-08-19 11:16:26 UTC</name>
        <description><![CDATA[<div><div><span><b>Altitude:</b></span> <span>1,750 ft</span></div>
<div><span><b>Speed:</b></span> <span>67 kt</span></div>
<div><span><b>Heading:</b></span> <span>32&deg;</span></div>
</div>]]></description>
        <TimeStamp>
          <when>2025-08-19T11:16:26+00:00</when>
        </TimeStamp>
        <Style>
          <IconStyle>
            <heading>32</heading>
            <Icon>
              <href>http://maps.google.com/mapfiles/kml/shapes/airports.png</href>
            </Icon>
          </IconStyle>
        </Style>
        <Point>
          <altitudeMode>absolute</altitudeMode>
          <coordinates>-112.100029,33.552013,533.4</coordinates>
        </Point>
      </Placemark>
      <Placemark>
        <name>2025-08-19 11:16:29 UTC</name>
        <description><![CDATA[<div><div><span><b>Altitude:</b></span> <span>1,725 ft</span></div>
<div><span><b>Speed:</b></span> <span>66 kt</span></div>
<div><span><b>Heading:</b></span> <span>16&deg;</span></div>
</div>]]></description>
        <TimeStamp>
          <when>2025-08-19T11:16:29+00:00</when>
        </TimeStamp>
        <Style>
          <IconStyle>
            <heading>16</heading>
            <Icon>
              <href>http://maps.google.com/mapfiles/kml/shapes/airports.png</href>
            </Icon>
          </IconStyle>
        </Style>
        <Point>
          <altitudeMode>absolute</altitudeMode>
          <coordinates>-112.099625,33.552757,525.78</coordinates>
        </Point>
      </Placemark>
      <Placemark>
        <name>2025-08-19 11:16:31 UTC</name>
        <description><![CDATA[<div><div><span><b>Altitude:</b></span> <span>1,725 ft</span></div>
<div><span><b>Speed:</b></span> <span>64 kt</span></div>
<div><span><b>Heading:</b></span> <span>356&deg;</span></div>
</div>]]></description>
        <TimeStamp>
          <when>2025-08-19T11:16:31+00:00</when>
        </TimeStamp>
        <Style>
          <IconStyle>
            <heading>356</heading>
            <Icon>
              <href>http://maps.google.com/mapfiles/kml/shapes/airports.png</href>
            </Icon>
          </IconStyle>
        </Style>
        <Point>
          <altitudeMode>absolute</altitudeMode>
          <coordinates>-112.099556,33.553345,525.78</coordinates>
        </Point>
      </Placemark>
      <Placemark>
        <name>2025-08-19 11:16:33 UTC</name>
        <description><![CDATA[<div><div><span><b>Altitude:</b></span> <span>1,725 ft</span></div>
<div><span><b>Speed:</b></span> <span>62 kt</span></div>
<div><span><b>Heading:</b></span> <span>338&deg;</span></div>
</div>]]></description>
        <TimeStamp>
          <when>2025-08-19T11:16:33+00:00</when>
        </TimeStamp>
        <Style>
          <IconStyle>
            <heading>338</heading>
            <Icon>
              <href>http://maps.google.com/mapfiles/kml/shapes/airports.png</href>
            </Icon>
          </IconStyle>
        </Style>
        <Point>
          <altitudeMode>absolute</altitudeMode>
          <coordinates>-112.099747,33.554062,525.78</coordinates>
        </Point>
      </Placemark>
      <Placemark>
        <name>2025-08-19 11:16:35 UTC</name>
        <description><![CDATA[<div><div><span><b>Altitude:</b></span> <span>1,725 ft</span></div>
<div><span><b>Speed:</b></span> <span>62 kt</span></div>
<div><span><b>Heading:</b></span> <span>322&deg;</span></div>
</div>]]></description>
        <TimeStamp>
          <when>2025-08-19T11:16:35+00:00</when>
        </TimeStamp>
        <Style>
          <IconStyle>
            <heading>322</heading>
            <Icon>
              <href>http://maps.google.com/mapfiles/kml/shapes/airports.png</href>
            </Icon>
          </IconStyle>
        </Style>
        <Point>
          <altitudeMode>absolute</altitudeMode>
          <coordinates>-112.100143,33.554619,525.78</coordinates>
        </Point>
      </Placemark>
      <Placemark>
        <name>2025-08-19 11:16:38 UTC</name>
        <description><![CDATA[<div><div><span><b>Altitude:</b></span> <span>1,725 ft</span></div>
<div><span><b>Speed:</b></span> <span>57 kt</span></div>
<div><span><b>Heading:</b></span> <span>297&deg;</span></div>
</div>]]></description>
        <TimeStamp>
          <when>2025-08-19T11:16:38+00:00</when>
        </TimeStamp>
        <Style>
          <IconStyle>
            <heading>297</heading>
            <Icon>
              <href>http://maps.google.com/mapfiles/kml/shapes/airports.png</href>
            </Icon>
          </IconStyle>
        </Style>
        <Point>
          <altitudeMode>absolute</altitudeMode>
          <coordinates>-112.100716,33.554947,525.78</coordinates>
        </Point>
      </Placemark>
      <Placemark>
        <name>2025-08-19 11:16:40 UTC</name>
        <description><![CDATA[<div><div><span><b>Altitude:</b></span> <span>1,725 ft</span></div>
<div><span><b>Speed:</b></span> <span>56 kt</span></div>
<div><span><b>Heading:</b></span> <span>281&deg;</span></div>
</div>]]></description>
        <TimeStamp>
          <when>2025-08-19T11:16:40+00:00</when>
        </TimeStamp>
        <Style>
          <IconStyle>
            <heading>281</heading>
            <Icon>
              <href>http://maps.google.com/mapfiles/kml/shapes/airports.png</href>
            </Icon>
          </IconStyle>
        </Style>
        <Point>
          <altitudeMode>absolute</altitudeMode>
          <coordinates>-112.10141,33.55513,525.78</coordinates>
        </Point>
      </Placemark>
      <Placemark>
        <name>2025-08-19 11:16:42 UTC</name>
        <description><![CDATA[<div><div><span><b>Altitude:</b></span> <span>1,725 ft</span></div>
<div><span><b>Speed:</b></span> <span>57 kt</span></div>
<div><span><b>Heading:</b></span> <span>261&deg;</span></div>
</div>]]></description>
        <TimeStamp>
          <when>2025-08-19T11:16:42+00:00</when>
        </TimeStamp>
        <Style>
          <IconStyle>
            <heading>261</heading>
            <Icon>
              <href>http://maps.google.com/mapfiles/kml/shapes/airports.png</href>
            </Icon>
          </IconStyle>
        </Style>
        <Point>
          <altitudeMode>absolute</altitudeMode>
          <coordinates>-112.102081,33.55513,525.78</coordinates>
        </Point>
      </Placemark>
      <Placemark>
        <name>2025-08-19 11:16:45 UTC</name>
        <description><![CDATA[<div><div><span><b>Altitude:</b></span> <span>1,700 ft</span></div>
<div><span><b>Speed:</b></span> <span>59 kt</span></div>
<div><span><b>Heading:</b></span> <span>243&deg;</span></div>
</div>]]></description>
        <TimeStamp>
          <when>2025-08-19T11:16:45+00:00</when>
        </TimeStamp>
        <Style>
          <IconStyle>
            <heading>243</heading>
            <Icon>
              <href>http://maps.google.com/mapfiles/kml/shapes/airports.png</href>
            </Icon>
          </IconStyle>
        </Style>
        <Point>
          <altitudeMode>absolute</altitudeMode>
          <coordinates>-112.102867,33.554901,518.16</coordinates>
        </Point>
      </Placemark>
      <Placemark>
        <name>2025-08-19 11:16:47 UTC</name>
        <description><![CDATA[<div><div><span><b>Altitude:</b></span> <span>1,700 ft</span></div>
<div><span><b>Speed:</b></span> <span>56 kt</span></div>
<div><span><b>Heading:</b></span> <span>226&deg;</span></div>
</div>]]></description>
        <TimeStamp>
          <when>2025-08-19T11:16:47+00:00</when>
        </TimeStamp>
        <Style>
          <IconStyle>
            <heading>226</heading>
            <Icon>
              <href>http://maps.google.com/mapfiles/kml/shapes/airports.png</href>
            </Icon>
          </IconStyle>
        </Style>
        <Point>
          <altitudeMode>absolute</altitudeMode>
          <coordinates>-112.103485,33.554535,518.16</coordinates>
        </Point>
      </Placemark>
      <Placemark>
        <name>2025-08-19 11:16:49 UTC</name>
        <description><![CDATA[<div><div><span><b>Altitude:</b></span> <span>1,700 ft</span></div>
<div><span><b>Speed:</b></span> <span>56 kt</span></div>
<div><span><b>Heading:</b></span> <span>206&deg;</span></div>
</div>]]></description>
        <TimeStamp>
          <when>2025-08-19T11:16:49+00:00</when>
        </TimeStamp>
        <Style>
          <IconStyle>
            <heading>206</heading>
            <Icon>
              <href>http://maps.google.com/mapfiles/kml/shapes/airports.png</href>
            </Icon>
          </IconStyle>
        </Style>
        <Point>
          <altitudeMode>absolute</altitudeMode>
          <coordinates>-112.103874,33.554031,518.16</coordinates>
        </Point>
      </Placemark>
      <Placemark>
        <name>2025-08-19 11:16:52 UTC</name>
        <description><![CDATA[<div><div><span><b>Altitude:</b></span> <span>1,700 ft</span></div>
<div><span><b>Speed:</b></span> <span>58 kt</span></div>
<div><span><b>Heading:</b></span> <span>185&deg;</span></div>
</div>]]></description>
        <TimeStamp>
          <when>2025-08-19T11:16:52+00:00</when>
        </TimeStamp>
        <Style>
          <IconStyle>
            <heading>185</heading>
            <Icon>
              <href>http://maps.google.com/mapfiles/kml/shapes/airports.png</href>
            </Icon>
          </IconStyle>
        </Style>
        <Point>
          <altitudeMode>absolute</altitudeMode>
          <coordinates>-112.103989,33.553482,518.16</coordinates>
        </Point>
      </Placemark>
      <Placemark>
        <name>2025-08-19 11:16:54 UTC</name>
        <description><![CDATA[<div><div><span><b>Altitude:</b></span> <span>1,700 ft</span></div>
<div><span><b>Speed:</b></span> <span>56 kt</span></div>
<div><span><b>Heading:</b></span> <span>166&deg;</span></div>
</div>]]></description>
        <TimeStamp>
          <when>2025-08-19T11:16:54+00:00</when>
        </TimeStamp>
        <Style>
          <IconStyle>
            <heading>166</heading>
            <Icon>
              <href>http://maps.google.com/mapfiles/kml/shapes/airports.png</href>
            </Icon>
          </IconStyle>
        </Style>
        <Point>
          <altitudeMode>absolute</altitudeMode>
          <coordinates>-112.103935,33.552841,518.16</coordinates>
        </Point>
      </Placemark>
      <Placemark>
        <name>2025-08-19 11:16:56 UTC</name>
        <description><![CDATA[<div><div><span><b>Altitude:</b></span> <span>1,700 ft</span></div>
<div><span><b>Speed:</b></span> <span>57 kt</span></div>
<div><span><b>Heading:</b></span> <span>146&deg;</span></div>
</div>]]></description>
        <TimeStamp>
          <when>2025-08-19T11:16:56+00:00</when>
        </TimeStamp>
        <Style>
          <IconStyle>
            <heading>146</heading>
            <Icon>
              <href>http://maps.google.com/mapfiles/kml/shapes/airports.png</href>
            </Icon>
          </IconStyle>
        </Style>
        <Point>
          <altitudeMode>absolute</altitudeMode>
          <coordinates>-112.103653,33.552292,518.16</coordinates>
        </Point>
      </Placemark>
      <Placemark>
        <name>2025-08-19 11:16:58 UTC</name>
        <description><![CDATA[<div><div><span><b>Altitude:</b></span> <span>1,700 ft</span></div>
<div><span><b>Speed:</b></span> <span>59 kt</span></div>
<div><span><b>Heading:</b></span> <span>132&deg;</span></div>
</div>]]></description>
        <TimeStamp>
          <when>2025-08-19T11:16:58+00:00</when>
        </TimeStamp>
        <Style>
          <IconStyle>
            <heading>132</heading>
            <Icon>
              <href>http://maps.google.com/mapfiles/kml/shapes/airports.png</href>
            </Icon>
          </IconStyle>
        </Style>
        <Point>
          <altitudeMode>absolute</altitudeMode>
          <coordinates>-112.103203,33.551834,518.16</coordinates>
        </Point>
      </Placemark>
      <Placemark>
        <name>2025-08-19 11:17:01 UTC</name>
        <description><![CDATA[<div><div><span><b>Altitude:</b></span> <span>1,700 ft</span></div>
<div><span><b>Speed:</b></span> <span>59 kt</span></div>
<div><span><b>Heading:</b></span> <span>114&deg;</span></div>
</div>]]></description>
        <TimeStamp>
          <when>2025-08-19T11:17:01+00:00</when>
        </TimeStamp>
        <Style>
          <IconStyle>
            <heading>114</heading>
            <Icon>
              <href>http://maps.google.com/mapfiles/kml/shapes/airports.png</href>
            </Icon>
          </IconStyle>
        </Style>
        <Point>
          <altitudeMode>absolute</altitudeMode>
          <coordinates>-112.102646,33.551514,518.16</coordinates>
        </Point>
      </Placemark>
      <Placemark>
        <name>2025-08-19 11:17:03 UTC</name>
        <description><![CDATA[<div><div><span><b>Altitude:</b></span> <span>1,700 ft</span></div>
<div><span><b>Speed:</b></span> <span>58 kt</span></div>
<div><span><b>Heading:</b></span> <span>94&deg;</span></div>
</div>]]></description>
        <TimeStamp>
          <when>2025-08-19T11:17:03+00:00</when>
        </TimeStamp>
        <Style>
          <IconStyle>
            <heading>94</heading>
            <Icon>
              <href>http://maps.google.com/mapfiles/kml/shapes/airports.png</href>
            </Icon>
          </IconStyle>
        </Style>
        <Point>
          <altitudeMode>absolute</altitudeMode>
          <coordinates>-112.101913,33.551361,518.16</coordinates>
        </Point>
      </Placemark>
      <Placemark>
        <name>2025-08-19 11:17:05 UTC</name>
        <description><![CDATA[<div><div><span><b>Altitude:</b></span> <span>1,725 ft</span></div>
<div><span><b>Speed:</b></span> <span>58 kt</span></div>
<div><span><b>Heading:</b></span> <span>78&deg;</span></div>
</div>]]></description>
        <TimeStamp>
          <when>2025-08-19T11:17:05+00:00</when>
        </TimeStamp>
        <Style>
          <IconStyle>
            <heading>78</heading>
            <Icon>
              <href>http://maps.google.com/mapfiles/kml/shapes/airports.png</href>
            </Icon>
          </IconStyle>
        </Style>
        <Point>
          <altitudeMode>absolute</altitudeMode>
          <coordinates>-112.101295,33.551422,525.78</coordinates>
        </Point>
      </Placemark>
      <Placemark>
        <name>2025-08-19 11:17:07 UTC</name>
        <description><![CDATA[<div><div><span><b>Altitude:</b></span> <span>1,725 ft</span></div>
<div><span><b>Speed:</b></span> <span>57 kt</span></div>
<div><span><b>Heading:</b></span> <span>59&deg;</span></div>
</div>]]></description>
        <TimeStamp>
          <when>2025-08-19T11:17:07+00:00</when>
        </TimeStamp>
        <Style>
          <IconStyle>
            <heading>59</heading>
            <Icon>
              <href>http://maps.google.com/mapfiles/kml/shapes/airports.png</href>
            </Icon>
          </IconStyle>
        </Style>
        <Point>
          <altitudeMode>absolute</altitudeMode>
          <coordinates>-112.100677,33.551605,525.78</coordinates>
        </Point>
      </Placemark>
      <Placemark>
        <name>2025-08-19 11:17:09 UTC</name>
        <description><![CDATA[<div><div><span><b>Altitude:</b></span> <span>1,725 ft</span></div>
<div><span><b>Speed:</b></span> <span>56 kt</span></div>
<div><span><b>Heading:</b></span> <span>46&deg;</span></div>
</div>]]></description>
        <TimeStamp>
          <when>2025-08-19T11:17:09+00:00</when>
        </TimeStamp>
        <Style>
          <IconStyle>
            <heading>46</heading>
            <Icon>
              <href>http://maps.google.com/mapfiles/kml/shapes/airports.png</href>
            </Icon>
          </IconStyle>
        </Style>
        <Point>
          <altitudeMode>absolute</altitudeMode>
          <coordinates>-112.100067,33.552017,525.78</coordinates>
        </Point>
      </Placemark>
      <Placemark>
        <name>2025-08-19 11:17:11 UTC</name>
        <description><![CDATA[<div><div><span><b>Altitude:</b></span> <span>1,750 ft</span></div>
<div><span><b>Speed:</b></span> <span>55 kt</span></div>
<div><span><b>Heading:</b></span> <span>35&deg;</span></div>
</div>]]></description>
        <TimeStamp>
          <when>2025-08-19T11:17:11+00:00</when>
        </TimeStamp>
        <Style>
          <IconStyle>
            <heading>35</heading>
            <Icon>
              <href>http://maps.google.com/mapfiles/kml/shapes/airports.png</href>
            </Icon>
          </IconStyle>
        </Style>
        <Point>
          <altitudeMode>absolute</altitudeMode>
          <coordinates>-112.09967,33.552429,533.4</coordinates>
        </Point>
      </Placemark>
      <Placemark>
        <name>2025-08-19 11:17:14 UTC</name>
        <description><![CDATA[<div><div><span><b>Altitude:</b></span> <span>1,750 ft</span></div>
<div><span><b>Speed:</b></span> <span>51 kt</span></div>
<div><span><b>Heading:</b></span> <span>19&deg;</span></div>
</div>]]></description>
        <TimeStamp>
          <when>2025-08-19T11:17:14+00:00</when>
        </TimeStamp>
        <Style>
          <IconStyle>
            <heading>19</heading>
            <Icon>
              <href>http://maps.google.com/mapfiles/kml/shapes/airports.png</href>
            </Icon>
          </IconStyle>
        </Style>
        <Point>
          <altitudeMode>absolute</altitudeMode>
          <coordinates>-112.099335,33.552979,533.4</coordinates>
        </Point>
      </Placemark>
      <Placemark>
        <name>2025-08-19 11:17:16 UTC</name>
        <description><![CDATA[<div><div><span><b>Altitude:</b></span> <span>1,750 ft</span></div>
<div><span><b>Speed:</b></span> <span>50 kt</span></div>
<div><span><b>Heading:</b></span> <span>11&deg;</span></div>
</div>]]></description>
        <TimeStamp>
          <when>2025-08-19T11:17:16+00:00</when>
        </TimeStamp>
        <Style>
          <IconStyle>
            <heading>11</heading>
            <Icon>
              <href>http://maps.google.com/mapfiles/kml/shapes/airports.png</href>
            </Icon>
          </IconStyle>
        </Style>
        <Point>
          <altitudeMode>absolute</altitudeMode>
          <coordinates>-112.099281,33.553482,533.4</coordinates>
        </Point>
      </Placemark>
      <Placemark>
        <name>2025-08-19 11:17:18 UTC</name>
        <description><![CDATA[<div><div><span><b>Altitude:</b></span> <span>1,750 ft</span></div>
<div><span><b>Speed:</b></span> <span>48 kt</span></div>
<div><span><b>Heading:</b></span> <span>344&deg;</span></div>
</div>]]></description>
        <TimeStamp>
          <when>2025-08-19T11:17:18+00:00</when>
        </TimeStamp>
        <Style>
          <IconStyle>
            <heading>344</heading>
            <Icon>
              <href>http://maps.google.com/mapfiles/kml/shapes/airports.png</href>
            </Icon>
          </IconStyle>
        </Style>
        <Point>
          <altitudeMode>absolute</altitudeMode>
          <coordinates>-112.099342,33.553921,533.4</coordinates>
        </Point>
      </Placemark>
      <Placemark>
        <name>2025-08-19 11:17:20 UTC</name>
        <description><![CDATA[<div><div><span><b>Altitude:</b></span> <span>1,750 ft</span></div>
<div><span><b>Speed:</b></span> <span>49 kt</span></div>
<div><span><b>Heading:</b></span> <span>326&deg;</span></div>
</div>]]></description>
        <TimeStamp>
          <when>2025-08-19T11:17:20+00:00</when>
        </TimeStamp>
        <Style>
          <IconStyle>
            <heading>326</heading>
            <Icon>
              <href>http://maps.google.com/mapfiles/kml/shapes/airports.png</href>
            </Icon>
          </IconStyle>
        </Style>
        <Point>
          <altitudeMode>absolute</altitudeMode>
          <coordinates>-112.099571,33.554386,533.4</coordinates>
        </Point>
      </Placemark>
      <Placemark>
        <name>2025-08-19 11:17:22 UTC</name>
        <description><![CDATA[<div><div><span><b>Altitude:</b></span> <span>1,750 ft</span></div>
<div><span><b>Speed:</b></span> <span>50 kt</span></div>
<div><span><b>Heading:</b></span> <span>311&deg;</span></div>
</div>]]></description>
        <TimeStamp>
          <when>2025-08-19T11:17:22+00:00</when>
        </TimeStamp>
        <Style>
          <IconStyle>
            <heading>311</heading>
            <Icon>
              <href>http://maps.google.com/mapfiles/kml/shapes/airports.png</href>
            </Icon>
          </IconStyle>
        </Style>
        <Point>
          <altitudeMode>absolute</altitudeMode>
          <coordinates>-112.100082,33.554852,533.4</coordinates>
        </Point>
      </Placemark>
      <Placemark>
        <name>2025-08-19 11:17:25 UTC</name>
        <description><![CDATA[<div><div><span><b>Altitude:</b></span> <span>1,750 ft</span></div>
<div><span><b>Speed:</b></span> <span>51 kt</span></div>
<div><span><b>Heading:</b></span> <span>303&deg;</span></div>
</div>]]></description>
        <TimeStamp>
          <when>2025-08-19T11:17:25+00:00</when>
        </TimeStamp>
        <Style>
          <IconStyle>
            <heading>303</heading>
            <Icon>
              <href>http://maps.google.com/mapfiles/kml/shapes/airports.png</href>
            </Icon>
          </IconStyle>
        </Style>
        <Point>
          <altitudeMode>absolute</altitudeMode>
          <coordinates>-112.100487,33.555084,533.4</coordinates>
        </Point>
      </Placemark>
      <Placemark>
        <name>2025-08-19 11:17:27 UTC</name>
        <description><![CDATA[<div><div><span><b>Altitude:</b></span> <span>1,750 ft</span></div>
<div><span><b>Speed:</b></span> <span>51 kt</span></div>
<div><span><b>Heading:</b></span> <span>285&deg;</span></div>
</div>]]></description>
        <TimeStamp>
          <when>2025-08-19T11:17:27+00:00</when>
        </TimeStamp>
        <Style>
          <IconStyle>
            <heading>285</heading>
            <Icon>
              <href>http://maps.google.com/mapfiles/kml/shapes/airports.png</href>
            </Icon>
          </IconStyle>
        </Style>
        <Point>
          <altitudeMode>absolute</altitudeMode>
          <coordinates>-112.101173,33.555317,533.4</coordinates>
        </Point>
      </Placemark>
      <Placemark>
        <name>2025-08-19 11:17:29 UTC</name>
        <description><![CDATA[<div><div><span><b>Altitude:</b></span> <span>1,750 ft</span></div>
<div><span><b>Speed:</b></span> <span>53 kt</span></div>
<div><span><b>Heading:</b></span> <span>272&deg;</span></div>
</div>]]></description>
        <TimeStamp>
          <when>2025-08-19T11:17:29+00:00</when>
        </TimeStamp>
        <Style>
          <IconStyle>
            <heading>272</heading>
            <Icon>
              <href>http://maps.google.com/mapfiles/kml/shapes/airports.png</href>
            </Icon>
          </IconStyle>
        </Style>
        <Point>
          <altitudeMode>absolute</altitudeMode>
          <coordinates>-112.101799,33.555405,533.4</coordinates>
        </Point>
      </Placemark>
      <Placemark>
        <name>2025-08-19 11:17:31 UTC</name>
        <description><![CDATA[<div><div><span><b>Altitude:</b></span> <span>1,750 ft</span></div>
<div><span><b>Speed:</b></span> <span>53 kt</span></div>
<div><span><b>Heading:</b></span> <span>259&deg;</span></div>
</div>]]></description>
        <TimeStamp>
          <when>2025-08-19T11:17:31+00:00</when>
        </TimeStamp>
        <Style>
          <IconStyle>
            <heading>259</heading>
            <Icon>
              <href>http://maps.google.com/mapfiles/kml/shapes/airports.png</href>
            </Icon>
          </IconStyle>
        </Style>
        <Point>
          <altitudeMode>absolute</altitudeMode>
          <coordinates>-112.102493,33.555317,533.4</coordinates>
        </Point>
      </Placemark>
      <Placemark>
        <name>2025-08-19 11:17:34 UTC</name>
        <description><![CDATA[<div><div><span><b>Altitude:</b></span> <span>1,750 ft</span></div>
<div><span><b>Speed:</b></span> <span>55 kt</span></div>
<div><span><b>Heading:</b></span> <span>243&deg;</span></div>
</div>]]></description>
        <TimeStamp>
          <when>2025-08-19T11:17:34+00:00</when>
        </TimeStamp>
        <Style>
          <IconStyle>
            <heading>243</heading>
            <Icon>
              <href>http://maps.google.com/mapfiles/kml/shapes/airports.png</href>
            </Icon>
          </IconStyle>
        </Style>
        <Point>
          <altitudeMode>absolute</altitudeMode>
          <coordinates>-112.103149,33.55513,533.4</coordinates>
        </Point>
      </Placemark>
      <Placemark>
        <name>2025-08-19 11:17:36 UTC</name>
        <description><![CDATA[<div><div><span><b>Altitude:</b></span> <span>1,750 ft</span></div>
<div><span><b>Speed:</b></span> <span>57 kt</span></div>
<div><span><b>Heading:</b></span> <span>232&deg;</span></div>
</div>]]></description>
        <TimeStamp>
          <when>2025-08-19T11:17:36+00:00</when>
        </TimeStamp>
        <Style>
          <IconStyle>
            <heading>232</heading>
            <Icon>
              <href>http://maps.google.com/mapfiles/kml/shapes/airports.png</href>
            </Icon>
          </IconStyle>
        </Style>
        <Point>
          <altitudeMode>absolute</altitudeMode>
          <coordinates>-112.103691,33.554806,533.4</coordinates>
        </Point>
      </Placemark>
      <Placemark>
        <name>2025-08-19 11:17:38 UTC</name>
        <description><![CDATA[<div><div><span><b>Altitude:</b></span> <span>1,775 ft</span></div>
<div><span><b>Speed:</b></span> <span>56 kt</span></div>
<div><span><b>Heading:</b></span> <span>214&deg;</span></div>
</div>]]></description>
        <TimeStamp>
          <when>2025-08-19T11:17:38+00:00</when>
        </TimeStamp>
        <Style>
          <IconStyle>
            <heading>214</heading>
            <Icon>
              <href>http://maps.google.com/mapfiles/kml/shapes/airports.png</href>
            </Icon>
          </IconStyle>
        </Style>
        <Point>
          <altitudeMode>absolute</altitudeMode>
          <coordinates>-112.104156,33.554398,541.02</coordinates>
        </Point>
      </Placemark>
      <Placemark>
        <name>2025-08-19 11:17:40 UTC</name>
        <description><![CDATA[<div><div><span><b>Altitude:</b></span> <span>1,775 ft</span></div>
<div><span><b>Speed:</b></span> <span>56 kt</span></div>
<div><span><b>Heading:</b></span> <span>201&deg;</span></div>
</div>]]></description>
        <TimeStamp>
          <when>2025-08-19T11:17:40+00:00</when>
        </TimeStamp>
        <Style>
          <IconStyle>
            <heading>201</heading>
            <Icon>
              <href>http://maps.google.com/mapfiles/kml/shapes/airports.png</href>
            </Icon>
          </IconStyle>
        </Style>
        <Point>
          <altitudeMode>absolute</altitudeMode>
          <coordinates>-112.104431,33.553875,541.02</coordinates>
        </Point>
      </Placemark>
      <Placemark>
        <name>2025-08-19 11:17:43 UTC</name>
        <description><![CDATA[<div><div><span><b>Altitude:</b></span> <span>1,775 ft</span></div>
<div><span><b>Speed:</b></span> <span>56 kt</span></div>
<div><span><b>Heading:</b></span> <span>182&deg;</span></div>
</div>]]></description>
        <TimeStamp>
          <when>2025-08-19T11:17:43+00:00</when>
        </TimeStamp>
        <Style>
          <IconStyle>
            <heading>182</heading>
            <Icon>
              <href>http://maps.google.com/mapfiles/kml/shapes/airports.png</href>
            </Icon>
          </IconStyle>
        </Style>
        <Point>
          <altitudeMode>absolute</altitudeMode>
          <coordinates>-112.104607,33.553436,541.02</coordinates>
        </Point>
      </Placemark>
      <Placemark>
        <name>2025-08-19 11:17:45 UTC</name>
        <description><![CDATA[<div><div><span><b>Altitude:</b></span> <span>1,775 ft</span></div>
<div><span><b>Speed:</b></span> <span>56 kt</span></div>
<div><span><b>Heading:</b></span> <span>171&deg;</span></div>
</div>]]></description>
        <TimeStamp>
          <when>2025-08-19T11:17:45+00:00</when>
        </TimeStamp>
        <Style>
          <IconStyle>
            <heading>171</heading>
            <Icon>
              <href>http://maps.google.com/mapfiles/kml/shapes/airports.png</href>
            </Icon>
          </IconStyle>
        </Style>
        <Point>
          <altitudeMode>absolute</altitudeMode>
          <coordinates>-112.104546,33.552795,541.02</coordinates>
        </Point>
      </Placemark>
      <Placemark>
        <name>2025-08-19 11:17:47 UTC</name>
        <description><![CDATA[<div><div><span><b>Altitude:</b></span> <span>1,775 ft</span></div>
<div><span><b>Speed:</b></span> <span>56 kt</span></div>
<div><span><b>Heading:</b></span> <span>152&deg;</span></div>
</div>]]></description>
        <TimeStamp>
          <when>2025-08-19T11:17:47+00:00</when>
        </TimeStamp>
        <Style>
          <IconStyle>
            <heading>152</heading>
            <Icon>
              <href>http://maps.google.com/mapfiles/kml/shapes/airports.png</href>
            </Icon>
          </IconStyle>
        </Style>
        <Point>
          <altitudeMode>absolute</altitudeMode>
          <coordinates>-112.104324,33.552246,541.02</coordinates>
        </Point>
      </Placemark>
      <Placemark>
        <name>2025-08-19 11:17:49 UTC</name>
        <description><![CDATA[<div><div><span><b>Altitude:</b></span> <span>1,800 ft</span></div>
<div><span><b>Speed:</b></span> <span>55 kt</span></div>
<div><span><b>Heading:</b></span> <span>136&deg;</span></div>
</div>]]></description>
        <TimeStamp>
          <when>2025-08-19T11:17:49+00:00</when>
        </TimeStamp>
        <Style>
          <IconStyle>
            <heading>136</heading>
            <Icon>
              <href>http://maps.google.com/mapfiles/kml/shapes/airports.png</href>
            </Icon>
          </IconStyle>
        </Style>
        <Point>
          <altitudeMode>absolute</altitudeMode>
          <coordinates>-112.103867,33.551689,548.64</coordinates>
        </Point>
      </Placemark>
      <Placemark>
        <name>2025-08-19 11:17:52 UTC</name>
        <description><![CDATA[<div><div><span><b>Altitude:</b></span> <span>1,800 ft</span></div>
<div><span><b>Speed:</b></span> <span>56 kt</span></div>
<div><span><b>Heading:</b></span> <span>122&deg;</span></div>
</div>]]></description>
        <TimeStamp>
          <when>2025-08-19T11:17:52+00:00</when>
        </TimeStamp>
        <Style>
          <IconStyle>
            <heading>122</heading>
            <Icon>
              <href>http://maps.google.com/mapfiles/kml/shapes/airports.png</href>
            </Icon>
          </IconStyle>
        </Style>
        <Point>
          <altitudeMode>absolute</altitudeMode>
          <coordinates>-112.103256,33.551331,548.64</coordinates>
        </Point>
      </Placemark>
      <Placemark>
        <name>2025-08-19 11:17:54 UTC</name>
        <description><![CDATA[<div><div><span><b>Altitude:</b></span> <span>1,800 ft</span></div>
<div><span><b>Speed:</b></span> <span>58 kt</span></div>
<div><span><b>Heading:</b></span> <span>106&deg;</span></div>
</div>]]></description>
        <TimeStamp>
          <when>2025-08-19T11:17:54+00:00</when>
        </TimeStamp>
        <Style>
          <IconStyle>
            <heading>106</heading>
            <Icon>
              <href>http://maps.google.com/mapfiles/kml/shapes/airports.png</href>
            </Icon>
          </IconStyle>
        </Style>
        <Point>
          <altitudeMode>absolute</altitudeMode>
          <coordinates>-112.102661,33.551128,548.64</coordinates>
        </Point>
      </Placemark>
      <Placemark>
        <name>2025-08-19 11:17:56 UTC</name>
        <description><![CDATA[<div><div><span><b>Altitude:</b></span> <span>1,800 ft</span></div>
<div><span><b>Speed:</b></span> <span>61 kt</span></div>
<div><span><b>Heading:</b></span> <span>91&deg;</span></div>
</div>]]></description>
        <TimeStamp>
          <when>2025-08-19T11:17:56+00:00</when>
        </TimeStamp>
        <Style>
          <IconStyle>
            <heading>91</heading>
            <Icon>
              <href>http://maps.google.com/mapfiles/kml/shapes/airports.png</href>
            </Icon>
          </IconStyle>
        </Style>
        <Point>
          <altitudeMode>absolute</altitudeMode>
          <coordinates>-112.101974,33.551083,548.64</coordinates>
        </Point>
      </Placemark>
      <Placemark>
        <name>2025-08-19 11:17:58 UTC</name>
        <description><![CDATA[<div><div><span><b>Altitude:</b></span> <span>1,775 ft</span></div>
<div><span><b>Speed:</b></span> <span>62 kt</span></div>
<div><span><b>Heading:</b></span> <span>77&deg;</span></div>
</div>]]></description>
        <TimeStamp>
          <when>2025-08-19T11:17:58+00:00</when>
        </TimeStamp>
        <Style>
          <IconStyle>
            <heading>77</heading>
            <Icon>
              <href>http://maps.google.com/mapfiles/kml/shapes/airports.png</href>
            </Icon>
          </IconStyle>
        </Style>
        <Point>
          <altitudeMode>absolute</altitudeMode>
          <coordinates>-112.101128,33.551193,541.02</coordinates>
        </Point>
      </Placemark>
      <Placemark>
        <name>2025-08-19 11:18:00 UTC</name>
        <description><![CDATA[<div><div><span><b>Altitude:</b></span> <span>1,775 ft</span></div>
<div><span><b>Speed:</b></span> <span>62 kt</span></div>
<div><span><b>Heading:</b></span> <span>62&deg;</span></div>
</div>]]></description>
        <TimeStamp>
          <when>2025-08-19T11:18:00+00:00</when>
        </TimeStamp>
        <Style>
          <IconStyle>
            <heading>62</heading>
            <Icon>
              <href>http://maps.google.com/mapfiles/kml/shapes/airports.png</href>
            </Icon>
          </IconStyle>
        </Style>
        <Point>
          <altitudeMode>absolute</altitudeMode>
          <coordinates>-112.100624,33.551331,541.02</coordinates>
        </Point>
      </Placemark>
      <Placemark>
        <name>2025-08-19 11:18:02 UTC</name>
        <description><![CDATA[<div><div><span><b>Altitude:</b></span> <span>1,775 ft</span></div>
<div><span><b>Speed:</b></span> <span>60 kt</span></div>
<div><span><b>Heading:</b></span> <span>43&deg;</span></div>
</div>]]></description>
        <TimeStamp>
          <when>2025-08-19T11:18:02+00:00</when>
        </TimeStamp>
        <Style>
          <IconStyle>
            <heading>43</heading>
            <Icon>
              <href>http://maps.google.com/mapfiles/kml/shapes/airports.png</href>
            </Icon>
          </IconStyle>
        </Style>
        <Point>
          <altitudeMode>absolute</altitudeMode>
          <coordinates>-112.100006,33.551743,541.02</coordinates>
        </Point>
      </Placemark>
      <Placemark>
        <name>2025-08-19 11:18:05 UTC</name>
        <description><![CDATA[<div><div><span><b>Altitude:</b></span> <span>1,775 ft</span></div>
<div><span><b>Speed:</b></span> <span>60 kt</span></div>
<div><span><b>Heading:</b></span> <span>29&deg;</span></div>
</div>]]></description>
        <TimeStamp>
          <when>2025-08-19T11:18:05+00:00</when>
        </TimeStamp>
        <Style>
          <IconStyle>
            <heading>29</heading>
            <Icon>
              <href>http://maps.google.com/mapfiles/kml/shapes/airports.png</href>
            </Icon>
          </IconStyle>
        </Style>
        <Point>
          <altitudeMode>absolute</altitudeMode>
          <coordinates>-112.099571,33.552292,541.02</coordinates>
        </Point>
      </Placemark>
      <Placemark>
        <name>2025-08-19 11:18:07 UTC</name>
        <description><![CDATA[<div><div><span><b>Altitude:</b></span> <span>1,775 ft</span></div>
<div><span><b>Speed:</b></span> <span>58 kt</span></div>
<div><span><b>Heading:</b></span> <span>14&deg;</span></div>
</div>]]></description>
        <TimeStamp>
          <when>2025-08-19T11:18:07+00:00</when>
        </TimeStamp>
        <Style>
          <IconStyle>
            <heading>14</heading>
            <Icon>
              <href>http://maps.google.com/mapfiles/kml/shapes/airports.png</href>
            </Icon>
          </IconStyle>
        </Style>
        <Point>
          <altitudeMode>absolute</altitudeMode>
          <coordinates>-112.099342,33.552711,541.02</coordinates>
        </Point>
      </Placemark>
      <Placemark>
        <name>2025-08-19 11:18:09 UTC</name>
        <description><![CDATA[<div><div><span><b>Altitude:</b></span> <span>1,775 ft</span></div>
<div><span><b>Speed:</b></span> <span>59 kt</span></div>
<div><span><b>Heading:</b></span> <span>1&deg;</span></div>
</div>]]></description>
        <TimeStamp>
          <when>2025-08-19T11:18:09+00:00</when>
        </TimeStamp>
        <Style>
          <IconStyle>
            <heading>1</heading>
            <Icon>
              <href>http://maps.google.com/mapfiles/kml/shapes/airports.png</href>
            </Icon>
          </IconStyle>
        </Style>
        <Point>
          <altitudeMode>absolute</altitudeMode>
          <coordinates>-112.09922,33.553482,541.02</coordinates>
        </Point>
      </Placemark>
      <Placemark>
        <name>2025-08-19 11:18:11 UTC</name>
        <description><![CDATA[<div><div><span><b>Altitude:</b></span> <span>1,775 ft</span></div>
<div><span><b>Speed:</b></span> <span>57 kt</span></div>
<div><span><b>Heading:</b></span> <span>344&deg;</span></div>
</div>]]></description>
        <TimeStamp>
          <when>2025-08-19T11:18:11+00:00</when>
        </TimeStamp>
        <Style>
          <IconStyle>
            <heading>344</heading>
            <Icon>
              <href>http://maps.google.com/mapfiles/kml/shapes/airports.png</href>
            </Icon>
          </IconStyle>
        </Style>
        <Point>
          <altitudeMode>absolute</altitudeMode>
          <coordinates>-112.099396,33.554016,541.02</coordinates>
        </Point>
      </Placemark>
      <Placemark>
        <name>2025-08-19 11:18:13 UTC</name>
        <description><![CDATA[<div><div><span><b>Altitude:</b></span> <span>1,775 ft</span></div>
<div><span><b>Speed:</b></span> <span>55 kt</span></div>
<div><span><b>Heading:</b></span> <span>328&deg;</span></div>
</div>]]></description>
        <TimeStamp>
          <when>2025-08-19T11:18:13+00:00</when>
        </TimeStamp>
        <Style>
          <IconStyle>
            <heading>328</heading>
            <Icon>
              <href>http://maps.google.com/mapfiles/kml/shapes/airports.png</href>
            </Icon>
          </IconStyle>
        </Style>
        <Point>
          <altitudeMode>absolute</altitudeMode>
          <coordinates>-112.099625,33.554482,541.02</coordinates>
        </Point>
      </Placemark>
      <Placemark>
        <name>2025-08-19 11:18:15 UTC</name>
        <description><![CDATA[<div><div><span><b>Altitude:</b></span> <span>1,775 ft</span></div>
<div><span><b>Speed:</b></span> <span>55 kt</span></div>
<div><span><b>Heading:</b></span> <span>315&deg;</span></div>
</div>]]></description>
        <TimeStamp>
          <when>2025-08-19T11:18:15+00:00</when>
        </TimeStamp>
        <Style>
          <IconStyle>
            <heading>315</heading>
            <Icon>
              <href>http://maps.google.com/mapfiles/kml/shapes/airports.png</href>
            </Icon>
          </IconStyle>
        </Style>
        <Point>
          <altitudeMode>absolute</altitudeMode>
          <coordinates>-112.100067,33.554901,541.02</coordinates>
        </Point>
      </Placemark>
      <Placemark>
        <name>2025-08-19 11:18:18 UTC</name>
        <description><![CDATA[<div><div><span><b>Altitude:</b></span> <span>1,775 ft</span></div>
<div><span><b>Speed:</b></span> <span>55 kt</span></div>
<div><span><b>Heading:</b></span> <span>299&deg;</span></div>
</div>]]></description>
        <TimeStamp>
          <when>2025-08-19T11:18:18+00:00</when>
        </TimeStamp>
        <Style>
          <IconStyle>
            <heading>299</heading>
            <Icon>
              <href>http://maps.google.com/mapfiles/kml/shapes/airports.png</href>
            </Icon>
          </IconStyle>
        </Style>
        <Point>
          <altitudeMode>absolute</altitudeMode>
          <coordinates>-112.10054,33.55518,541.02</coordinates>
        </Point>
      </Placemark>
      <Placemark>
        <name>2025-08-19 11:18:20 UTC</name>
        <description><![CDATA[<div><div><span><b>Altitude:</b></span> <span>1,775 ft</span></div>
<div><span><b>Speed:</b></span> <span>55 kt</span></div>
<div><span><b>Heading:</b></span> <span>282&deg;</span></div>
</div>]]></description>
        <TimeStamp>
          <when>2025-08-19T11:18:20+00:00</when>
        </TimeStamp>
        <Style>
          <IconStyle>
            <heading>282</heading>
            <Icon>
              <href>http://maps.google.com/mapfiles/kml/shapes/airports.png</href>
            </Icon>
          </IconStyle>
        </Style>
        <Point>
          <altitudeMode>absolute</altitudeMode>
          <coordinates>-112.101128,33.555359,541.02</coordinates>
        </Point>
      </Placemark>
      <Placemark>
        <name>2025-08-19 11:18:22 UTC</name>
        <description><![CDATA[<div><div><span><b>Altitude:</b></span> <span>1,775 ft</span></div>
<div><span><b>Speed:</b></span> <span>55 kt</span></div>
<div><span><b>Heading:</b></span> <span>267&deg;</span></div>
</div>]]></description>
        <TimeStamp>
          <when>2025-08-19T11:18:22+00:00</when>
        </TimeStamp>
        <Style>
          <IconStyle>
            <heading>267</heading>
            <Icon>
              <href>http://maps.google.com/mapfiles/kml/shapes/airports.png</href>
            </Icon>
          </IconStyle>
        </Style>
        <Point>
          <altitudeMode>absolute</altitudeMode>
          <coordinates>-112.101913,33.555458,541.02</coordinates>
        </Point>
      </Placemark>
      <Placemark>
        <name>2025-08-19 11:18:24 UTC</name>
        <description><![CDATA[<div><div><span><b>Altitude:</b></span> <span>1,775 ft</span></div>
<div><span><b>Speed:</b></span> <span>53 kt</span></div>
<div><span><b>Heading:</b></span> <span>254&deg;</span></div>
</div>]]></description>
        <TimeStamp>
          <when>2025-08-19T11:18:24+00:00</when>
        </TimeStamp>
        <Style>
          <IconStyle>
            <heading>254</heading>
            <Icon>
              <href>http://maps.google.com/mapfiles/kml/shapes/airports.png</href>
            </Icon>
          </IconStyle>
        </Style>
        <Point>
          <altitudeMode>absolute</altitudeMode>
          <coordinates>-112.102646,33.555313,541.02</coordinates>
        </Point>
      </Placemark>
      <Placemark>
        <name>2025-08-19 11:18:26 UTC</name>
        <description><![CDATA[<div><div><span><b>Altitude:</b></span> <span>1,775 ft</span></div>
<div><span><b>Speed:</b></span> <span>54 kt</span></div>
<div><span><b>Heading:</b></span> <span>237&deg;</span></div>
</div>]]></description>
        <TimeStamp>
          <when>2025-08-19T11:18:26+00:00</when>
        </TimeStamp>
        <Style>
          <IconStyle>
            <heading>237</heading>
            <Icon>
              <href>http://maps.google.com/mapfiles/kml/shapes/airports.png</href>
            </Icon>
          </IconStyle>
        </Style>
        <Point>
          <altitudeMode>absolute</altitudeMode>
          <coordinates>-112.103149,33.555084,541.02</coordinates>
        </Point>
      </Placemark>
      <Placemark>
        <name>2025-08-19 11:18:29 UTC</name>
        <description><![CDATA[<div><div><span><b>Altitude:</b></span> <span>1,775 ft</span></div>
<div><span><b>Speed:</b></span> <span>54 kt</span></div>
<div><span><b>Heading:</b></span> <span>225&deg;</span></div>
</div>]]></description>
        <TimeStamp>
          <when>2025-08-19T11:18:29+00:00</when>
        </TimeStamp>
        <Style>
          <IconStyle>
            <heading>225</heading>
            <Icon>
              <href>http://maps.google.com/mapfiles/kml/shapes/airports.png</href>
            </Icon>
          </IconStyle>
        </Style>
        <Point>
          <altitudeMode>absolute</altitudeMode>
          <coordinates>-112.103706,33.554718,541.02</coordinates>
        </Point>
      </Placemark>
      <Placemark>
        <name>2025-08-19 11:18:31 UTC</name>
        <description><![CDATA[<div><div><span><b>Altitude:</b></span> <span>1,775 ft</span></div>
<div><span><b>Speed:</b></span> <span>54 kt</span></div>
<div><span><b>Heading:</b></span> <span>208&deg;</span></div>
</div>]]></description>
        <TimeStamp>
          <when>2025-08-19T11:18:31+00:00</when>
        </TimeStamp>
        <Style>
          <IconStyle>
            <heading>208</heading>
            <Icon>
              <href>http://maps.google.com/mapfiles/kml/shapes/airports.png</href>
            </Icon>
          </IconStyle>
        </Style>
        <Point>
          <altitudeMode>absolute</altitudeMode>
          <coordinates>-112.104034,33.55434,541.02</coordinates>
        </Point>
      </Placemark>
      <Placemark>
        <name>2025-08-19 11:18:33 UTC</name>
        <description><![CDATA[<div><div><span><b>Altitude:</b></span> <span>1,775 ft</span></div>
<div><span><b>Speed:</b></span> <span>54 kt</span></div>
<div><span><b>Heading:</b></span> <span>193&deg;</span></div>
</div>]]></description>
        <TimeStamp>
          <when>2025-08-19T11:18:33+00:00</when>
        </TimeStamp>
        <Style>
          <IconStyle>
            <heading>193</heading>
            <Icon>
              <href>http://maps.google.com/mapfiles/kml/shapes/airports.png</href>
            </Icon>
          </IconStyle>
        </Style>
        <Point>
          <altitudeMode>absolute</altitudeMode>
          <coordinates>-112.104324,33.553738,541.02</coordinates>
        </Point>
      </Placemark>
      <Placemark>
        <name>2025-08-19 11:18:35 UTC</name>
        <description><![CDATA[<div><div><span><b>Altitude:</b></span> <span>1,775 ft</span></div>
<div><span><b>Speed:</b></span> <span>57 kt</span></div>
<div><span><b>Heading:</b></span> <span>180&deg;</span></div>
</div>]]></description>
        <TimeStamp>
          <when>2025-08-19T11:18:35+00:00</when>
        </TimeStamp>
        <Style>
          <IconStyle>
            <heading>180</heading>
            <Icon>
              <href>http://maps.google.com/mapfiles/kml/shapes/airports.png</href>
            </Icon>
          </IconStyle>
        </Style>
        <Point>
          <altitudeMode>absolute</altitudeMode>
          <coordinates>-112.104378,33.553318,541.02</coordinates>
        </Point>
      </Placemark>
      <Placemark>
        <name>2025-08-19 11:18:37 UTC</name>
        <description><![CDATA[<div><div><span><b>Altitude:</b></span> <span>1,775 ft</span></div>
<div><span><b>Speed:</b></span> <span>56 kt</span></div>
<div><span><b>Heading:</b></span> <span>167&deg;</span></div>
</div>]]></description>
        <TimeStamp>
          <when>2025-08-19T11:18:37+00:00</when>
        </TimeStamp>
        <Style>
          <IconStyle>
            <heading>167</heading>
            <Icon>
              <href>http://maps.google.com/mapfiles/kml/shapes/airports.png</href>
            </Icon>
          </IconStyle>
        </Style>
        <Point>
          <altitudeMode>absolute</altitudeMode>
          <coordinates>-112.104324,33.552795,541.02</coordinates>
        </Point>
      </Placemark>
      <Placemark>
        <name>2025-08-19 11:18:39 UTC</name>
        <description><![CDATA[<div><div><span><b>Altitude:</b></span> <span>1,775 ft</span></div>
<div><span><b>Speed:</b></span> <span>56 kt</span></div>
<div><span><b>Heading:</b></span> <span>152&deg;</span></div>
</div>]]></description>
        <TimeStamp>
          <when>2025-08-19T11:18:39+00:00</when>
        </TimeStamp>
        <Style>
          <IconStyle>
            <heading>152</heading>
            <Icon>
              <href>http://maps.google.com/mapfiles/kml/shapes/airports.png</href>
            </Icon>
          </IconStyle>
        </Style>
        <Point>
          <altitudeMode>absolute</altitudeMode>
          <coordinates>-112.104095,33.552246,541.02</coordinates>
        </Point>
      </Placemark>
      <Placemark>
        <name>2025-08-19 11:18:41 UTC</name>
        <description><![CDATA[<div><div><span><b>Altitude:</b></span> <span>1,775 ft</span></div>
<div><span><b>Speed:</b></span> <span>55 kt</span></div>
<div><span><b>Heading:</b></span> <span>138&deg;</span></div>
</div>]]></description>
        <TimeStamp>
          <when>2025-08-19T11:18:41+00:00</when>
        </TimeStamp>
        <Style>
          <IconStyle>
            <heading>138</heading>
            <Icon>
              <href>http://maps.google.com/mapfiles/kml/shapes/airports.png</href>
            </Icon>
          </IconStyle>
        </Style>
        <Point>
          <altitudeMode>absolute</altitudeMode>
          <coordinates>-112.103745,33.551826,541.02</coordinates>
        </Point>
      </Placemark>
      <Placemark>
        <name>2025-08-19 11:18:43 UTC</name>
        <description><![CDATA[<div><div><span><b>Altitude:</b></span> <span>1,800 ft</span></div>
<div><span><b>Speed:</b></span> <span>56 kt</span></div>
<div><span><b>Heading:</b></span> <span>123&deg;</span></div>
</div>]]></description>
        <TimeStamp>
          <when>2025-08-19T11:18:43+00:00</when>
        </TimeStamp>
        <Style>
          <IconStyle>
            <heading>123</heading>
            <Icon>
              <href>http://maps.google.com/mapfiles/kml/shapes/airports.png</href>
            </Icon>
          </IconStyle>
        </Style>
        <Point>
          <altitudeMode>absolute</altitudeMode>
          <coordinates>-112.103149,33.551376,548.64</coordinates>
        </Point>
      </Placemark>
      <Placemark>
        <name>2025-08-19 11:18:45 UTC</name>
        <description><![CDATA[<div><div><span><b>Altitude:</b></span> <span>1,800 ft</span></div>
<div><span><b>Speed:</b></span> <span>57 kt</span></div>
<div><span><b>Heading:</b></span> <span>113&deg;</span></div>
</div>]]></description>
        <TimeStamp>
          <when>2025-08-19T11:18:45+00:00</when>
        </TimeStamp>
        <Style>
          <IconStyle>
            <heading>113</heading>
            <Icon>
              <href>http://maps.google.com/mapfiles/kml/shapes/airports.png</href>
            </Icon>
          </IconStyle>
        </Style>
        <Point>
          <altitudeMode>absolute</altitudeMode>
          <coordinates>-112.102699,33.551193,548.64</coordinates>
        </Point>
      </Placemark>
      <Placemark>
        <name>2025-08-19 11:18:48 UTC</name>
        <description><![CDATA[<div><div><span><b>Altitude:</b></span> <span>1,800 ft</span></div>
<div><span><b>Speed:</b></span> <span>58 kt</span></div>
<div><span><b>Heading:</b></span> <span>100&deg;</span></div>
</div>]]></description>
        <TimeStamp>
          <when>2025-08-19T11:18:48+00:00</when>
        </TimeStamp>
        <Style>
          <IconStyle>
            <heading>100</heading>
            <Icon>
              <href>http://maps.google.com/mapfiles/kml/shapes/airports.png</href>
            </Icon>
          </IconStyle>
        </Style>
        <Point>
          <altitudeMode>absolute</altitudeMode>
          <coordinates>-112.101974,33.551037,548.64</coordinates>
        </Point>
      </Placemark>
      <Placemark>
        <name>2025-08-19 11:18:50 UTC</name>
        <description><![CDATA[<div><div><span><b>Altitude:</b></span> <span>1,825 ft</span></div>
<div><span><b>Speed:</b></span> <span>58 kt</span></div>
<div><span><b>Heading:</b></span> <span>87&deg;</span></div>
</div>]]></description>
        <TimeStamp>
          <when>2025-08-19T11:18:50+00:00</when>
        </TimeStamp>
        <Style>
          <IconStyle>
            <heading>87</heading>
            <Icon>
              <href>http://maps.google.com/mapfiles/kml/shapes/airports.png</href>
            </Icon>
          </IconStyle>
        </Style>
        <Point>
          <altitudeMode>absolute</altitudeMode>
          <coordinates>-112.101173,33.550991,556.26</coordinates>
        </Point>
      </Placemark>
      <Placemark>
        <name>2025-08-19 11:18:52 UTC</name>
        <description><![CDATA[<div><div><span><b>Altitude:</b></span> <span>1,825 ft</span></div>
<div><span><b>Speed:</b></span> <span>59 kt</span></div>
<div><span><b>Heading:</b></span> <span>77&deg;</span></div>
</div>]]></description>
        <TimeStamp>
          <when>2025-08-19T11:18:52+00:00</when>
        </TimeStamp>
        <Style>
          <IconStyle>
            <heading>77</heading>
            <Icon>
              <href>http://maps.google.com/mapfiles/kml/shapes/airports.png</href>
            </Icon>
          </IconStyle>
        </Style>
        <Point>
          <altitudeMode>absolute</altitudeMode>
          <coordinates>-112.10054,33.551037,556.26</coordinates>
        </Point>
      </Placemark>
      <Placemark>
        <name>2025-08-19 11:18:54 UTC</name>
        <description><![CDATA[<div><div><span><b>Altitude:</b></span> <span>1,825 ft</span></div>
<div><span><b>Speed:</b></span> <span>60 kt</span></div>
<div><span><b>Heading:</b></span> <span>65&deg;</span></div>
</div>]]></description>
        <TimeStamp>
          <when>2025-08-19T11:18:54+00:00</when>
        </TimeStamp>
        <Style>
          <IconStyle>
            <heading>65</heading>
            <Icon>
              <href>http://maps.google.com/mapfiles/kml/shapes/airports.png</href>
            </Icon>
          </IconStyle>
        </Style>
        <Point>
          <altitudeMode>absolute</altitudeMode>
          <coordinates>-112.099915,33.551224,556.26</coordinates>
        </Point>
      </Placemark>
      <Placemark>
        <name>2025-08-19 11:18:56 UTC</name>
        <description><![CDATA[<div><div><span><b>Altitude:</b></span> <span>1,850 ft</span></div>
<div><span><b>Speed:</b></span> <span>58 kt</span></div>
<div><span><b>Heading:</b></span> <span>45&deg;</span></div>
</div>]]></description>
        <TimeStamp>
          <when>2025-08-19T11:18:56+00:00</when>
        </TimeStamp>
        <Style>
          <IconStyle>
            <heading>45</heading>
            <Icon>
              <href>http://maps.google.com/mapfiles/kml/shapes/airports.png</href>
            </Icon>
          </IconStyle>
        </Style>
        <Point>
          <altitudeMode>absolute</altitudeMode>
          <coordinates>-112.099289,33.551594,563.88</coordinates>
        </Point>
      </Placemark>
      <Placemark>
        <name>2025-08-19 11:18:58 UTC</name>
        <description><![CDATA[<div><div><span><b>Altitude:</b></span> <span>1,850 ft</span></div>
<div><span><b>Speed:</b></span> <span>57 kt</span></div>
<div><span><b>Heading:</b></span> <span>32&deg;</span></div>
</div>]]></description>
        <TimeStamp>
          <when>2025-08-19T11:18:58+00:00</when>
        </TimeStamp>
        <Style>
          <IconStyle>
            <heading>32</heading>
            <Icon>
              <href>http://maps.google.com/mapfiles/kml/shapes/airports.png</href>
            </Icon>
          </IconStyle>
        </Style>
        <Point>
          <altitudeMode>absolute</altitudeMode>
          <coordinates>-112.098885,33.552017,563.88</coordinates>
        </Point>
      </Placemark>
      <Placemark>
        <name>2025-08-19 11:19:01 UTC</name>
        <description><![CDATA[<div><div><span><b>Altitude:</b></span> <span>1,850 ft</span></div>
<div><span><b>Speed:</b></span> <span>57 kt</span></div>
<div><span><b>Heading:</b></span> <span>18&deg;</span></div>
</div>]]></description>
        <TimeStamp>
          <when>2025-08-19T11:19:01+00:00</when>
        </TimeStamp>
        <Style>
          <IconStyle>
            <heading>18</heading>
            <Icon>
              <href>http://maps.google.com/mapfiles/kml/shapes/airports.png</href>
            </Icon>
          </IconStyle>
        </Style>
        <Point>
          <altitudeMode>absolute</altitudeMode>
          <coordinates>-112.098549,33.552612,563.88</coordinates>
        </Point>
      </Placemark>
      <Placemark>
        <name>2025-08-19 11:19:03 UTC</name>
        <description><![CDATA[<div><div><span><b>Altitude:</b></span> <span>1,850 ft</span></div>
<div><span><b>Speed:</b></span> <span>59 kt</span></div>
<div><span><b>Heading:</b></span> <span>6&deg;</span></div>
</div>]]></description>
        <TimeStamp>
          <when>2025-08-19T11:19:03+00:00</when>
        </TimeStamp>
        <Style>
          <IconStyle>
            <heading>6</heading>
            <Icon>
              <href>http://maps.google.com/mapfiles/kml/shapes/airports.png</href>
            </Icon>
          </IconStyle>
        </Style>
        <Point>
          <altitudeMode>absolute</altitudeMode>
          <coordinates>-112.09848,33.553177,563.88</coordinates>
        </Point>
      </Placemark>
      <Placemark>
        <name>2025-08-19 11:19:05 UTC</name>
        <description><![CDATA[<div><div><span><b>Altitude:</b></span> <span>1,850 ft</span></div>
<div><span><b>Speed:</b></span> <span>60 kt</span></div>
<div><span><b>Heading:</b></span> <span>346&deg;</span></div>
</div>]]></description>
        <TimeStamp>
          <when>2025-08-19T11:19:05+00:00</when>
        </TimeStamp>
        <Style>
          <IconStyle>
            <heading>346</heading>
            <Icon>
              <href>http://maps.google.com/mapfiles/kml/shapes/airports.png</href>
            </Icon>
          </IconStyle>
        </Style>
        <Point>
          <altitudeMode>absolute</altitudeMode>
          <coordinates>-112.098602,33.553875,563.88</coordinates>
        </Point>
      </Placemark>
      <Placemark>
        <name>2025-08-19 11:19:07 UTC</name>
        <description><![CDATA[<div><div><span><b>Altitude:</b></span> <span>1,850 ft</span></div>
<div><span><b>Speed:</b></span> <span>61 kt</span></div>
<div><span><b>Heading:</b></span> <span>328&deg;</span></div>
</div>]]></description>
        <TimeStamp>
          <when>2025-08-19T11:19:07+00:00</when>
        </TimeStamp>
        <Style>
          <IconStyle>
            <heading>328</heading>
            <Icon>
              <href>http://maps.google.com/mapfiles/kml/shapes/airports.png</href>
            </Icon>
          </IconStyle>
        </Style>
        <Point>
          <altitudeMode>absolute</altitudeMode>
          <coordinates>-112.098831,33.554436,563.88</coordinates>
        </Point>
      </Placemark>
      <Placemark>
        <name>2025-08-19 11:19:10 UTC</name>
        <description><![CDATA[<div><div><span><b>Altitude:</b></span> <span>1,850 ft</span></div>
<div><span><b>Speed:</b></span> <span>62 kt</span></div>
<div><span><b>Heading:</b></span> <span>321&deg;</span></div>
</div>]]></description>
        <TimeStamp>
          <when>2025-08-19T11:19:10+00:00</when>
        </TimeStamp>
        <Style>
          <IconStyle>
            <heading>321</heading>
            <Icon>
              <href>http://maps.google.com/mapfiles/kml/shapes/airports.png</href>
            </Icon>
          </IconStyle>
        </Style>
        <Point>
          <altitudeMode>absolute</altitudeMode>
          <coordinates>-112.099228,33.554901,563.88</coordinates>
        </Point>
      </Placemark>
      <Placemark>
        <name>2025-08-19 11:19:12 UTC</name>
        <description><![CDATA[<div><div><span><b>Altitude:</b></span> <span>1,875 ft</span></div>
<div><span><b>Speed:</b></span> <span>63 kt</span></div>
<div><span><b>Heading:</b></span> <span>305&deg;</span></div>
</div>]]></description>
        <TimeStamp>
          <when>2025-08-19T11:19:12+00:00</when>
        </TimeStamp>
        <Style>
          <IconStyle>
            <heading>305</heading>
            <Icon>
              <href>http://maps.google.com/mapfiles/kml/shapes/airports.png</href>
            </Icon>
          </IconStyle>
        </Style>
        <Point>
          <altitudeMode>absolute</altitudeMode>
          <coordinates>-112.099953,33.555405,571.5</coordinates>
        </Point>
      </Placemark>
      <Placemark>
        <name>2025-08-19 11:19:14 UTC</name>
        <description><![CDATA[<div><div><span><b>Altitude:</b></span> <span>1,875 ft</span></div>
<div><span><b>Speed:</b></span> <span>65 kt</span></div>
<div><span><b>Heading:</b></span> <span>293&deg;</span></div>
</div>]]></description>
        <TimeStamp>
          <when>2025-08-19T11:19:14+00:00</when>
        </TimeStamp>
        <Style>
          <IconStyle>
            <heading>293</heading>
            <Icon>
              <href>http://maps.google.com/mapfiles/kml/shapes/airports.png</href>
            </Icon>
          </IconStyle>
        </Style>
        <Point>
          <altitudeMode>absolute</altitudeMode>
          <coordinates>-112.100601,33.555737,571.5</coordinates>
        </Point>
      </Placemark>
      <Placemark>
        <name>2025-08-19 11:19:16 UTC</name>
        <description><![CDATA[<div><div><span><b>Altitude:</b></span> <span>1,875 ft</span></div>
<div><span><b>Speed:</b></span> <span>64 kt</span></div>
<div><span><b>Heading:</b></span> <span>280&deg;</span></div>
</div>]]></description>
        <TimeStamp>
          <when>2025-08-19T11:19:16+00:00</when>
        </TimeStamp>
        <Style>
          <IconStyle>
            <heading>280</heading>
            <Icon>
              <href>http://maps.google.com/mapfiles/kml/shapes/airports.png</href>
            </Icon>
          </IconStyle>
        </Style>
        <Point>
          <altitudeMode>absolute</altitudeMode>
          <coordinates>-112.101463,33.555954,571.5</coordinates>
        </Point>
      </Placemark>
      <Placemark>
        <name>2025-08-19 11:19:19 UTC</name>
        <description><![CDATA[<div><div><span><b>Altitude:</b></span> <span>1,900 ft</span></div>
<div><span><b>Speed:</b></span> <span>63 kt</span></div>
<div><span><b>Heading:</b></span> <span>264&deg;</span></div>
</div>]]></description>
        <TimeStamp>
          <when>2025-08-19T11:19:19+00:00</when>
        </TimeStamp>
        <Style>
          <IconStyle>
            <heading>264</heading>
            <Icon>
              <href>http://maps.google.com/mapfiles/kml/shapes/airports.png</href>
            </Icon>
          </IconStyle>
        </Style>
        <Point>
          <altitudeMode>absolute</altitudeMode>
          <coordinates>-112.102142,33.555969,579.12</coordinates>
        </Point>
      </Placemark>
      <Placemark>
        <name>2025-08-19 11:19:21 UTC</name>
        <description><![CDATA[<div><div><span><b>Altitude:</b></span> <span>1,900 ft</span></div>
<div><span><b>Speed:</b></span> <span>60 kt</span></div>
<div><span><b>Heading:</b></span> <span>245&deg;</span></div>
</div>]]></description>
        <TimeStamp>
          <when>2025-08-19T11:19:21+00:00</when>
        </TimeStamp>
        <Style>
          <IconStyle>
            <heading>245</heading>
            <Icon>
              <href>http://maps.google.com/mapfiles/kml/shapes/airports.png</href>
            </Icon>
          </IconStyle>
        </Style>
        <Point>
          <altitudeMode>absolute</altitudeMode>
          <coordinates>-112.10289,33.555832,579.12</coordinates>
        </Point>
      </Placemark>
      <Placemark>
        <name>2025-08-19 11:19:23 UTC</name>
        <description><![CDATA[<div><div><span><b>Altitude:</b></span> <span>1,900 ft</span></div>
<div><span><b>Speed:</b></span> <span>59 kt</span></div>
<div><span><b>Heading:</b></span> <span>227&deg;</span></div>
</div>]]></description>
        <TimeStamp>
          <when>2025-08-19T11:19:23+00:00</when>
        </TimeStamp>
        <Style>
          <IconStyle>
            <heading>227</heading>
            <Icon>
              <href>http://maps.google.com/mapfiles/kml/shapes/airports.png</href>
            </Icon>
          </IconStyle>
        </Style>
        <Point>
          <altitudeMode>absolute</altitudeMode>
          <coordinates>-112.103516,33.555458,579.12</coordinates>
        </Point>
      </Placemark>
      <Placemark>
        <name>2025-08-19 11:19:25 UTC</name>
        <description><![CDATA[<div><div><span><b>Altitude:</b></span> <span>1,900 ft</span></div>
<div><span><b>Speed:</b></span> <span>60 kt</span></div>
<div><span><b>Heading:</b></span> <span>210&deg;</span></div>
</div>]]></description>
        <TimeStamp>
          <when>2025-08-19T11:19:25+00:00</when>
        </TimeStamp>
        <Style>
          <IconStyle>
            <heading>210</heading>
            <Icon>
              <href>http://maps.google.com/mapfiles/kml/shapes/airports.png</href>
            </Icon>
          </IconStyle>
        </Style>
        <Point>
          <altitudeMode>absolute</altitudeMode>
          <coordinates>-112.10392,33.555038,579.12</coordinates>
        </Point>
      </Placemark>
      <Placemark>
        <name>2025-08-19 11:19:28 UTC</name>
        <description><![CDATA[<div><div><span><b>Altitude:</b></span> <span>1,900 ft</span></div>
<div><span><b>Speed:</b></span> <span>63 kt</span></div>
<div><span><b>Heading:</b></span> <span>196&deg;</span></div>
</div>]]></description>
        <TimeStamp>
          <when>2025-08-19T11:19:28+00:00</when>
        </TimeStamp>
        <Style>
          <IconStyle>
            <heading>196</heading>
            <Icon>
              <href>http://maps.google.com/mapfiles/kml/shapes/airports.png</href>
            </Icon>
          </IconStyle>
        </Style>
        <Point>
          <altitudeMode>absolute</altitudeMode>
          <coordinates>-112.104271,33.554306,579.12</coordinates>
        </Point>
      </Placemark>
      <Placemark>
        <name>2025-08-19 11:19:30 UTC</name>
        <description><![CDATA[<div><div><span><b>Altitude:</b></span> <span>1,900 ft</span></div>
<div><span><b>Speed:</b></span> <span>66 kt</span></div>
<div><span><b>Heading:</b></span> <span>185&deg;</span></div>
</div>]]></description>
        <TimeStamp>
          <when>2025-08-19T11:19:30+00:00</when>
        </TimeStamp>
        <Style>
          <IconStyle>
            <heading>185</heading>
            <Icon>
              <href>http://maps.google.com/mapfiles/kml/shapes/airports.png</href>
            </Icon>
          </IconStyle>
        </Style>
        <Point>
          <altitudeMode>absolute</altitudeMode>
          <coordinates>-112.104378,33.553738,579.12</coordinates>
        </Point>
      </Placemark>
      <Placemark>
        <name>2025-08-19 11:19:32 UTC</name>
        <description><![CDATA[<div><div><span><b>Altitude:</b></span> <span>1,900 ft</span></div>
<div><span><b>Speed:</b></span> <span>69 kt</span></div>
<div><span><b>Heading:</b></span> <span>175&deg;</span></div>
</div>]]></description>
        <TimeStamp>
          <when>2025-08-19T11:19:32+00:00</when>
        </TimeStamp>
        <Style>
          <IconStyle>
            <heading>175</heading>
            <Icon>
              <href>http://maps.google.com/mapfiles/kml/shapes/airports.png</href>
            </Icon>
          </IconStyle>
        </Style>
        <Point>
          <altitudeMode>absolute</altitudeMode>
          <coordinates>-112.104439,33.553024,579.12</coordinates>
        </Point>
      </Placemark>
      <Placemark>
        <name>2025-08-19 11:19:34 UTC</name>
        <description><![CDATA[<div><div><span><b>Altitude:</b></span> <span>1,900 ft</span></div>
<div><span><b>Speed:</b></span> <span>71 kt</span></div>
<div><span><b>Heading:</b></span> <span>166&deg;</span></div>
</div>]]></description>
        <TimeStamp>
          <when>2025-08-19T11:19:34+00:00</when>
        </TimeStamp>
        <Style>
          <IconStyle>
            <heading>166</heading>
            <Icon>
              <href>http://maps.google.com/mapfiles/kml/shapes/airports.png</href>
            </Icon>
          </IconStyle>
        </Style>
        <Point>
          <altitudeMode>absolute</altitudeMode>
          <coordinates>-112.104324,33.552338,579.12</coordinates>
        </Point>
      </Placemark>
      <Placemark>
        <name>2025-08-19 11:19:37 UTC</name>
        <description><![CDATA[<div><div><span><b>Altitude:</b></span> <span>1,900 ft</span></div>
<div><span><b>Speed:</b></span> <span>71 kt</span></div>
<div><span><b>Heading:</b></span> <span>155&deg;</span></div>
</div>]]></description>
        <TimeStamp>
          <when>2025-08-19T11:19:37+00:00</when>
        </TimeStamp>
        <Style>
          <IconStyle>
            <heading>155</heading>
            <Icon>
              <href>http://maps.google.com/mapfiles/kml/shapes/airports.png</href>
            </Icon>
          </IconStyle>
        </Style>
        <Point>
          <altitudeMode>absolute</altitudeMode>
          <coordinates>-112.103989,33.551559,579.12</coordinates>
        </Point>
      </Placemark>
      <Placemark>
        <name>2025-08-19 11:19:39 UTC</name>
        <description><![CDATA[<div><div><span><b>Altitude:</b></span> <span>1,900 ft</span></div>
<div><span><b>Speed:</b></span> <span>70 kt</span></div>
<div><span><b>Heading:</b></span> <span>139&deg;</span></div>
</div>]]></description>
        <TimeStamp>
          <when>2025-08-19T11:19:39+00:00</when>
        </TimeStamp>
        <Style>
          <IconStyle>
            <heading>139</heading>
            <Icon>
              <href>http://maps.google.com/mapfiles/kml/shapes/airports.png</href>
            </Icon>
          </IconStyle>
        </Style>
        <Point>
          <altitudeMode>absolute</altitudeMode>
          <coordinates>-112.103653,33.551056,579.12</coordinates>
        </Point>
      </Placemark>
      <Placemark>
        <name>2025-08-19 11:19:41 UTC</name>
        <description><![CDATA[<div><div><span><b>Altitude:</b></span> <span>1,925 ft</span></div>
<div><span><b>Speed:</b></span> <span>70 kt</span></div>
<div><span><b>Heading:</b></span> <span>125&deg;</span></div>
</div>]]></description>
        <TimeStamp>
          <when>2025-08-19T11:19:41+00:00</when>
        </TimeStamp>
        <Style>
          <IconStyle>
            <heading>125</heading>
            <Icon>
              <href>http://maps.google.com/mapfiles/kml/shapes/airports.png</href>
            </Icon>
          </IconStyle>
        </Style>
        <Point>
          <altitudeMode>absolute</altitudeMode>
          <coordinates>-112.103058,33.550617,586.74</coordinates>
        </Point>
      </Placemark>
      <Placemark>
        <name>2025-08-19 11:19:43 UTC</name>
        <description><![CDATA[<div><div><span><b>Altitude:</b></span> <span>1,925 ft</span></div>
<div><span><b>Speed:</b></span> <span>72 kt</span></div>
<div><span><b>Heading:</b></span> <span>113&deg;</span></div>
</div>]]></description>
        <TimeStamp>
          <when>2025-08-19T11:19:43+00:00</when>
        </TimeStamp>
        <Style>
          <IconStyle>
            <heading>113</heading>
            <Icon>
              <href>http://maps.google.com/mapfiles/kml/shapes/airports.png</href>
            </Icon>
          </IconStyle>
        </Style>
        <Point>
          <altitudeMode>absolute</altitudeMode>
          <coordinates>-112.102142,33.550198,586.74</coordinates>
        </Point>
      </Placemark>
      <Placemark>
        <name>2025-08-19 11:19:45 UTC</name>
        <description><![CDATA[<div><div><span><b>Altitude:</b></span> <span>1,925 ft</span></div>
<div><span><b>Speed:</b></span> <span>74 kt</span></div>
<div><span><b>Heading:</b></span> <span>100&deg;</span></div>
</div>]]></description>
        <TimeStamp>
          <when>2025-08-19T11:19:45+00:00</when>
        </TimeStamp>
        <Style>
          <IconStyle>
            <heading>100</heading>
            <Icon>
              <href>http://maps.google.com/mapfiles/kml/shapes/airports.png</href>
            </Icon>
          </IconStyle>
        </Style>
        <Point>
          <altitudeMode>absolute</altitudeMode>
          <coordinates>-112.101517,33.550056,586.74</coordinates>
        </Point>
      </Placemark>
      <Placemark>
        <name>2025-08-19 11:19:47 UTC</name>
        <description><![CDATA[<div><div><span><b>Altitude:</b></span> <span>1,925 ft</span></div>
<div><span><b>Speed:</b></span> <span>75 kt</span></div>
<div><span><b>Heading:</b></span> <span>88&deg;</span></div>
</div>]]></description>
        <TimeStamp>
          <when>2025-08-19T11:19:47+00:00</when>
        </TimeStamp>
        <Style>
          <IconStyle>
            <heading>88</heading>
            <Icon>
              <href>http://maps.google.com/mapfiles/kml/shapes/airports.png</href>
            </Icon>
          </IconStyle>
        </Style>
        <Point>
          <altitudeMode>absolute</altitudeMode>
          <coordinates>-112.100433,33.550011,586.74</coordinates>
        </Point>
      </Placemark>
      <Placemark>
        <name>2025-08-19 11:19:49 UTC</name>
        <description><![CDATA[<div><div><span><b>Altitude:</b></span> <span>1,925 ft</span></div>
<div><span><b>Speed:</b></span> <span>75 kt</span></div>
<div><span><b>Heading:</b></span> <span>77&deg;</span></div>
</div>]]></description>
        <TimeStamp>
          <when>2025-08-19T11:19:49+00:00</when>
        </TimeStamp>
        <Style>
          <IconStyle>
            <heading>77</heading>
            <Icon>
              <href>http://maps.google.com/mapfiles/kml/shapes/airports.png</href>
            </Icon>
          </IconStyle>
        </Style>
        <Point>
          <altitudeMode>absolute</altitudeMode>
          <coordinates>-112.09967,33.550095,586.74</coordinates>
        </Point>
      </Placemark>
      <Placemark>
        <name>2025-08-19 11:19:52 UTC</name>
        <description><![CDATA[<div><div><span><b>Altitude:</b></span> <span>1,925 ft</span></div>
<div><span><b>Speed:</b></span> <span>74 kt</span></div>
<div><span><b>Heading:</b></span> <span>62&deg;</span></div>
</div>]]></description>
        <TimeStamp>
          <when>2025-08-19T11:19:52+00:00</when>
        </TimeStamp>
        <Style>
          <IconStyle>
            <heading>62</heading>
            <Icon>
              <href>http://maps.google.com/mapfiles/kml/shapes/airports.png</href>
            </Icon>
          </IconStyle>
        </Style>
        <Point>
          <altitudeMode>absolute</altitudeMode>
          <coordinates>-112.098717,33.550369,586.74</coordinates>
        </Point>
      </Placemark>
      <Placemark>
        <name>2025-08-19 11:19:54 UTC</name>
        <description><![CDATA[<div><div><span><b>Altitude:</b></span> <span>1,900 ft</span></div>
<div><span><b>Speed:</b></span> <span>75 kt</span></div>
<div><span><b>Heading:</b></span> <span>50&deg;</span></div>
</div>]]></description>
        <TimeStamp>
          <when>2025-08-19T11:19:54+00:00</when>
        </TimeStamp>
        <Style>
          <IconStyle>
            <heading>50</heading>
            <Icon>
              <href>http://maps.google.com/mapfiles/kml/shapes/airports.png</href>
            </Icon>
          </IconStyle>
        </Style>
        <Point>
          <altitudeMode>absolute</altitudeMode>
          <coordinates>-112.097931,33.550873,579.12</coordinates>
        </Point>
      </Placemark>
      <Placemark>
        <name>2025-08-19 11:19:56 UTC</name>
        <description><![CDATA[<div><div><span><b>Altitude:</b></span> <span>1,900 ft</span></div>
<div><span><b>Speed:</b></span> <span>71 kt</span></div>
<div><span><b>Heading:</b></span> <span>33&deg;</span></div>
</div>]]></description>
        <TimeStamp>
          <when>2025-08-19T11:19:56+00:00</when>
        </TimeStamp>
        <Style>
          <IconStyle>
            <heading>33</heading>
            <Icon>
              <href>http://maps.google.com/mapfiles/kml/shapes/airports.png</href>
            </Icon>
          </IconStyle>
        </Style>
        <Point>
          <altitudeMode>absolute</altitudeMode>
          <coordinates>-112.097282,33.551548,579.12</coordinates>
        </Point>
      </Placemark>
      <Placemark>
        <name>2025-08-19 11:19:59 UTC</name>
        <description><![CDATA[<div><div><span><b>Altitude:</b></span> <span>1,900 ft</span></div>
<div><span><b>Speed:</b></span> <span>70 kt</span></div>
<div><span><b>Heading:</b></span> <span>23&deg;</span></div>
</div>]]></description>
        <TimeStamp>
          <when>2025-08-19T11:19:59+00:00</when>
        </TimeStamp>
        <Style>
          <IconStyle>
            <heading>23</heading>
            <Icon>
              <href>http://maps.google.com/mapfiles/kml/shapes/airports.png</href>
            </Icon>
          </IconStyle>
        </Style>
        <Point>
          <altitudeMode>absolute</altitudeMode>
          <coordinates>-112.097,33.552013,579.12</coordinates>
        </Point>
      </Placemark>
      <Placemark>
        <name>2025-08-19 11:20:01 UTC</name>
        <description><![CDATA[<div><div><span><b>Altitude:</b></span> <span>1,925 ft</span></div>
<div><span><b>Speed:</b></span> <span>68 kt</span></div>
<div><span><b>Heading:</b></span> <span>7&deg;</span></div>
</div>]]></description>
        <TimeStamp>
          <when>2025-08-19T11:20:01+00:00</when>
        </TimeStamp>
        <Style>
          <IconStyle>
            <heading>7</heading>
            <Icon>
              <href>http://maps.google.com/mapfiles/kml/shapes/airports.png</href>
            </Icon>
          </IconStyle>
        </Style>
        <Point>
          <altitudeMode>absolute</altitudeMode>
          <coordinates>-112.096771,33.552944,586.74</coordinates>
        </Point>
      </Placemark>
      <Placemark>
        <name>2025-08-19 11:20:03 UTC</name>
        <description><![CDATA[<div><div><span><b>Altitude:</b></span> <span>1,900 ft</span></div>
<div><span><b>Speed:</b></span> <span>66 kt</span></div>
<div><span><b>Heading:</b></span> <span>351&deg;</span></div>
</div>]]></description>
        <TimeStamp>
          <when>2025-08-19T11:20:03+00:00</when>
        </TimeStamp>
        <Style>
          <IconStyle>
            <heading>351</heading>
            <Icon>
              <href>http://maps.google.com/mapfiles/kml/shapes/airports.png</href>
            </Icon>
          </IconStyle>
        </Style>
        <Point>
          <altitudeMode>absolute</altitudeMode>
          <coordinates>-112.096756,33.553619,579.12</coordinates>
        </Point>
      </Placemark>
      <Placemark>
        <name>2025-08-19 11:20:05 UTC</name>
        <description><![CDATA[<div><div><span><b>Altitude:</b></span> <span>1,900 ft</span></div>
<div><span><b>Speed:</b></span> <span>64 kt</span></div>
<div><span><b>Heading:</b></span> <span>337&deg;</span></div>
</div>]]></description>
        <TimeStamp>
          <when>2025-08-19T11:20:05+00:00</when>
        </TimeStamp>
        <Style>
          <IconStyle>
            <heading>337</heading>
            <Icon>
              <href>http://maps.google.com/mapfiles/kml/shapes/airports.png</href>
            </Icon>
          </IconStyle>
        </Style>
        <Point>
          <altitudeMode>absolute</altitudeMode>
          <coordinates>-112.097,33.554249,579.12</coordinates>
        </Point>
      </Placemark>
      <Placemark>
        <name>2025-08-19 11:20:08 UTC</name>
        <description><![CDATA[<div><div><span><b>Altitude:</b></span> <span>1,900 ft</span></div>
<div><span><b>Speed:</b></span> <span>64 kt</span></div>
<div><span><b>Heading:</b></span> <span>325&deg;</span></div>
</div>]]></description>
        <TimeStamp>
          <when>2025-08-19T11:20:08+00:00</when>
        </TimeStamp>
        <Style>
          <IconStyle>
            <heading>325</heading>
            <Icon>
              <href>http://maps.google.com/mapfiles/kml/shapes/airports.png</href>
            </Icon>
          </IconStyle>
        </Style>
        <Point>
          <altitudeMode>absolute</altitudeMode>
          <coordinates>-112.097374,33.554764,579.12</coordinates>
        </Point>
      </Placemark>
      <Placemark>
        <name>2025-08-19 11:20:10 UTC</name>
        <description><![CDATA[<div><div><span><b>Altitude:</b></span> <span>1,875 ft</span></div>
<div><span><b>Speed:</b></span> <span>64 kt</span></div>
<div><span><b>Heading:</b></span> <span>315&deg;</span></div>
</div>]]></description>
        <TimeStamp>
          <when>2025-08-19T11:20:10+00:00</when>
        </TimeStamp>
        <Style>
          <IconStyle>
            <heading>315</heading>
            <Icon>
              <href>http://maps.google.com/mapfiles/kml/shapes/airports.png</href>
            </Icon>
          </IconStyle>
        </Style>
        <Point>
          <altitudeMode>absolute</altitudeMode>
          <coordinates>-112.097992,33.555313,571.5</coordinates>
        </Point>
      </Placemark>
      <Placemark>
        <name>2025-08-19 11:20:12 UTC</name>
        <description><![CDATA[<div><div><span><b>Altitude:</b></span> <span>1,875 ft</span></div>
<div><span><b>Speed:</b></span> <span>63 kt</span></div>
<div><span><b>Heading:</b></span> <span>304&deg;</span></div>
</div>]]></description>
        <TimeStamp>
          <when>2025-08-19T11:20:12+00:00</when>
        </TimeStamp>
        <Style>
          <IconStyle>
            <heading>304</heading>
            <Icon>
              <href>http://maps.google.com/mapfiles/kml/shapes/airports.png</href>
            </Icon>
          </IconStyle>
        </Style>
        <Point>
          <altitudeMode>absolute</altitudeMode>
          <coordinates>-112.098602,33.555782,571.5</coordinates>
        </Point>
      </Placemark>
      <Placemark>
        <name>2025-08-19 11:20:15 UTC</name>
        <description><![CDATA[<div><div><span><b>Altitude:</b></span> <span>1,875 ft</span></div>
<div><span><b>Speed:</b></span> <span>62 kt</span></div>
<div><span><b>Heading:</b></span> <span>294&deg;</span></div>
</div>]]></description>
        <TimeStamp>
          <when>2025-08-19T11:20:15+00:00</when>
        </TimeStamp>
        <Style>
          <IconStyle>
            <heading>294</heading>
            <Icon>
              <href>http://maps.google.com/mapfiles/kml/shapes/airports.png</href>
            </Icon>
          </IconStyle>
        </Style>
        <Point>
          <altitudeMode>absolute</altitudeMode>
          <coordinates>-112.099335,33.556137,571.5</coordinates>
        </Point>
      </Placemark>
      <Placemark>
        <name>2025-08-19 11:20:17 UTC</name>
        <description><![CDATA[<div><div><span><b>Altitude:</b></span> <span>1,875 ft</span></div>
<div><span><b>Speed:</b></span> <span>63 kt</span></div>
<div><span><b>Heading:</b></span> <span>289&deg;</span></div>
</div>]]></description>
        <TimeStamp>
          <when>2025-08-19T11:20:17+00:00</when>
        </TimeStamp>
        <Style>
          <IconStyle>
            <heading>289</heading>
            <Icon>
              <href>http://maps.google.com/mapfiles/kml/shapes/airports.png</href>
            </Icon>
          </IconStyle>
        </Style>
        <Point>
          <altitudeMode>absolute</altitudeMode>
          <coordinates>-112.100029,33.556389,571.5</coordinates>
        </Point>
      </Placemark>
      <Placemark>
        <name>2025-08-19 11:20:19 UTC</name>
        <description><![CDATA[<div><div><span><b>Altitude:</b></span> <span>1,875 ft</span></div>
<div><span><b>Speed:</b></span> <span>63 kt</span></div>
<div><span><b>Heading:</b></span> <span>281&deg;</span></div>
</div>]]></description>
        <TimeStamp>
          <when>2025-08-19T11:20:19+00:00</when>
        </TimeStamp>
        <Style>
          <IconStyle>
            <heading>281</heading>
            <Icon>
              <href>http://maps.google.com/mapfiles/kml/shapes/airports.png</href>
            </Icon>
          </IconStyle>
        </Style>
        <Point>
          <altitudeMode>absolute</altitudeMode>
          <coordinates>-112.100716,33.55653,571.5</coordinates>
        </Point>
      </Placemark>
      <Placemark>
        <name>2025-08-19 11:20:22 UTC</name>
        <description><![CDATA[<div><div><span><b>Altitude:</b></span> <span>1,875 ft</span></div>
<div><span><b>Speed:</b></span> <span>63 kt</span></div>
<div><span><b>Heading:</b></span> <span>274&deg;</span></div>
</div>]]></description>
        <TimeStamp>
          <when>2025-08-19T11:20:22+00:00</when>
        </TimeStamp>
        <Style>
          <IconStyle>
            <heading>274</heading>
            <Icon>
              <href>http://maps.google.com/mapfiles/kml/shapes/airports.png</href>
            </Icon>
          </IconStyle>
        </Style>
        <Point>
          <altitudeMode>absolute</altitudeMode>
          <coordinates>-112.101578,33.556641,571.5</coordinates>
        </Point>
      </Placemark>
      <Placemark>
        <name>2025-08-19 11:20:24 UTC</name>
        <description><![CDATA[<div><div><span><b>Altitude:</b></span> <span>1,875 ft</span></div>
<div><span><b>Speed:</b></span> <span>63 kt</span></div>
<div><span><b>Heading:</b></span> <span>268&deg;</span></div>
</div>]]></description>
        <TimeStamp>
          <when>2025-08-19T11:20:24+00:00</when>
        </TimeStamp>
        <Style>
          <IconStyle>
            <heading>268</heading>
            <Icon>
              <href>http://maps.google.com/mapfiles/kml/shapes/airports.png</href>
            </Icon>
          </IconStyle>
        </Style>
        <Point>
          <altitudeMode>absolute</altitudeMode>
          <coordinates>-112.102531,33.556641,571.5</coordinates>
        </Point>
      </Placemark>
      <Placemark>
        <name>2025-08-19 11:20:26 UTC</name>
        <description><![CDATA[<div><div><span><b>Altitude:</b></span> <span>1,875 ft</span></div>
<div><span><b>Speed:</b></span> <span>62 kt</span></div>
<div><span><b>Heading:</b></span> <span>257&deg;</span></div>
</div>]]></description>
        <TimeStamp>
          <when>2025-08-19T11:20:26+00:00</when>
        </TimeStamp>
        <Style>
          <IconStyle>
            <heading>257</heading>
            <Icon>
              <href>http://maps.google.com/mapfiles/kml/shapes/airports.png</href>
            </Icon>
          </IconStyle>
        </Style>
        <Point>
          <altitudeMode>absolute</altitudeMode>
          <coordinates>-112.103233,33.556576,571.5</coordinates>
        </Point>
      </Placemark>
      <Placemark>
        <name>2025-08-19 11:20:28 UTC</name>
        <description><![CDATA[<div><div><span><b>Altitude:</b></span> <span>1,900 ft</span></div>
<div><span><b>Speed:</b></span> <span>60 kt</span></div>
<div><span><b>Heading:</b></span> <span>245&deg;</span></div>
</div>]]></description>
        <TimeStamp>
          <when>2025-08-19T11:20:28+00:00</when>
        </TimeStamp>
        <Style>
          <IconStyle>
            <heading>245</heading>
            <Icon>
              <href>http://maps.google.com/mapfiles/kml/shapes/airports.png</href>
            </Icon>
          </IconStyle>
        </Style>
        <Point>
          <altitudeMode>absolute</altitudeMode>
          <coordinates>-112.103935,33.556366,579.12</coordinates>
        </Point>
      </Placemark>
      <Placemark>
        <name>2025-08-19 11:20:30 UTC</name>
        <description><![CDATA[<div><div><span><b>Altitude:</b></span> <span>1,900 ft</span></div>
<div><span><b>Speed:</b></span> <span>58 kt</span></div>
<div><span><b>Heading:</b></span> <span>235&deg;</span></div>
</div>]]></description>
        <TimeStamp>
          <when>2025-08-19T11:20:30+00:00</when>
        </TimeStamp>
        <Style>
          <IconStyle>
            <heading>235</heading>
            <Icon>
              <href>http://maps.google.com/mapfiles/kml/shapes/airports.png</href>
            </Icon>
          </IconStyle>
        </Style>
        <Point>
          <altitudeMode>absolute</altitudeMode>
          <coordinates>-112.104431,33.556065,579.12</coordinates>
        </Point>
      </Placemark>
      <Placemark>
        <name>2025-08-19 11:20:32 UTC</name>
        <description><![CDATA[<div><div><span><b>Altitude:</b></span> <span>1,925 ft</span></div>
<div><span><b>Speed:</b></span> <span>57 kt</span></div>
<div><span><b>Heading:</b></span> <span>218&deg;</span></div>
</div>]]></description>
        <TimeStamp>
          <when>2025-08-19T11:20:32+00:00</when>
        </TimeStamp>
        <Style>
          <IconStyle>
            <heading>218</heading>
            <Icon>
              <href>http://maps.google.com/mapfiles/kml/shapes/airports.png</href>
            </Icon>
          </IconStyle>
        </Style>
        <Point>
          <altitudeMode>absolute</altitudeMode>
          <coordinates>-112.104942,33.555679,586.74</coordinates>
        </Point>
      </Placemark>
      <Placemark>
        <name>2025-08-19 11:20:35 UTC</name>
        <description><![CDATA[<div><div><span><b>Altitude:</b></span> <span>1,925 ft</span></div>
<div><span><b>Speed:</b></span> <span>59 kt</span></div>
<div><span><b>Heading:</b></span> <span>208&deg;</span></div>
</div>]]></description>
        <TimeStamp>
          <when>2025-08-19T11:20:35+00:00</when>
        </TimeStamp>
        <Style>
          <IconStyle>
            <heading>208</heading>
            <Icon>
              <href>http://maps.google.com/mapfiles/kml/shapes/airports.png</href>
            </Icon>
          </IconStyle>
        </Style>
        <Point>
          <altitudeMode>absolute</altitudeMode>
          <coordinates>-112.105278,33.555222,586.74</coordinates>
        </Point>
      </Placemark>
      <Placemark>
        <name>2025-08-19 11:20:37 UTC</name>
        <description><![CDATA[<div><div><span><b>Altitude:</b></span> <span>1,950 ft</span></div>
<div><span><b>Speed:</b></span> <span>61 kt</span></div>
<div><span><b>Heading:</b></span> <span>195&deg;</span></div>
</div>]]></description>
        <TimeStamp>
          <when>2025-08-19T11:20:37+00:00</when>
        </TimeStamp>
        <Style>
          <IconStyle>
            <heading>195</heading>
            <Icon>
              <href>http://maps.google.com/mapfiles/kml/shapes/airports.png</href>
            </Icon>
          </IconStyle>
        </Style>
        <Point>
          <altitudeMode>absolute</altitudeMode>
          <coordinates>-112.10556,33.554535,594.36</coordinates>
        </Point>
      </Placemark>
      <Placemark>
        <name>2025-08-19 11:20:39 UTC</name>
        <description><![CDATA[<div><div><span><b>Altitude:</b></span> <span>1,950 ft</span></div>
<div><span><b>Speed:</b></span> <span>64 kt</span></div>
<div><span><b>Heading:</b></span> <span>184&deg;</span></div>
</div>]]></description>
        <TimeStamp>
          <when>2025-08-19T11:20:39+00:00</when>
        </TimeStamp>
        <Style>
          <IconStyle>
            <heading>184</heading>
            <Icon>
              <href>http://maps.google.com/mapfiles/kml/shapes/airports.png</href>
            </Icon>
          </IconStyle>
        </Style>
        <Point>
          <altitudeMode>absolute</altitudeMode>
          <coordinates>-112.105698,33.553875,594.36</coordinates>
        </Point>
      </Placemark>
      <Placemark>
        <name>2025-08-19 11:20:41 UTC</name>
        <description><![CDATA[<div><div><span><b>Altitude:</b></span> <span>1,950 ft</span></div>
<div><span><b>Speed:</b></span> <span>63 kt</span></div>
<div><span><b>Heading:</b></span> <span>174&deg;</span></div>
</div>]]></description>
        <TimeStamp>
          <when>2025-08-19T11:20:41+00:00</when>
        </TimeStamp>
        <Style>
          <IconStyle>
            <heading>174</heading>
            <Icon>
              <href>http://maps.google.com/mapfiles/kml/shapes/airports.png</href>
            </Icon>
          </IconStyle>
        </Style>
        <Point>
          <altitudeMode>absolute</altitudeMode>
          <coordinates>-112.105667,33.553299,594.36</coordinates>
        </Point>
      </Placemark>
      <Placemark>
        <name>2025-08-19 11:20:44 UTC</name>
        <description><![CDATA[<div><div><span><b>Altitude:</b></span> <span>1,975 ft</span></div>
<div><span><b>Speed:</b></span> <span>65 kt</span></div>
<div><span><b>Heading:</b></span> <span>161&deg;</span></div>
</div>]]></description>
        <TimeStamp>
          <when>2025-08-19T11:20:44+00:00</when>
        </TimeStamp>
        <Style>
          <IconStyle>
            <heading>161</heading>
            <Icon>
              <href>http://maps.google.com/mapfiles/kml/shapes/airports.png</href>
            </Icon>
          </IconStyle>
        </Style>
        <Point>
          <altitudeMode>absolute</altitudeMode>
          <coordinates>-112.105499,33.552612,601.98</coordinates>
        </Point>
      </Placemark>
      <Placemark>
        <name>2025-08-19 11:20:46 UTC</name>
        <description><![CDATA[<div><div><span><b>Altitude:</b></span> <span>1,975 ft</span></div>
<div><span><b>Speed:</b></span> <span>67 kt</span></div>
<div><span><b>Heading:</b></span> <span>147&deg;</span></div>
</div>]]></description>
        <TimeStamp>
          <when>2025-08-19T11:20:46+00:00</when>
        </TimeStamp>
        <Style>
          <IconStyle>
            <heading>147</heading>
            <Icon>
              <href>http://maps.google.com/mapfiles/kml/shapes/airports.png</href>
            </Icon>
          </IconStyle>
        </Style>
        <Point>
          <altitudeMode>absolute</altitudeMode>
          <coordinates>-112.105118,33.551922,601.98</coordinates>
        </Point>
      </Placemark>
      <Placemark>
        <name>2025-08-19 11:20:49 UTC</name>
        <description><![CDATA[<div><div><span><b>Altitude:</b></span> <span>1,975 ft</span></div>
<div><span><b>Speed:</b></span> <span>69 kt</span></div>
<div><span><b>Heading:</b></span> <span>133&deg;</span></div>
</div>]]></description>
        <TimeStamp>
          <when>2025-08-19T11:20:49+00:00</when>
        </TimeStamp>
        <Style>
          <IconStyle>
            <heading>133</heading>
            <Icon>
              <href>http://maps.google.com/mapfiles/kml/shapes/airports.png</href>
            </Icon>
          </IconStyle>
        </Style>
        <Point>
          <altitudeMode>absolute</altitudeMode>
          <coordinates>-112.104546,33.551285,601.98</coordinates>
        </Point>
      </Placemark>
      <Placemark>
        <name>2025-08-19 11:20:51 UTC</name>
        <description><![CDATA[<div><div><span><b>Altitude:</b></span> <span>1,975 ft</span></div>
<div><span><b>Speed:</b></span> <span>71 kt</span></div>
<div><span><b>Heading:</b></span> <span>121&deg;</span></div>
</div>]]></description>
        <TimeStamp>
          <when>2025-08-19T11:20:51+00:00</when>
        </TimeStamp>
        <Style>
          <IconStyle>
            <heading>121</heading>
            <Icon>
              <href>http://maps.google.com/mapfiles/kml/shapes/airports.png</href>
            </Icon>
          </IconStyle>
        </Style>
        <Point>
          <altitudeMode>absolute</altitudeMode>
          <coordinates>-112.103874,33.550873,601.98</coordinates>
        </Point>
      </Placemark>
      <Placemark>
        <name>2025-08-19 11:20:53 UTC</name>
        <description><![CDATA[<div><div><span><b>Altitude:</b></span> <span>2,000 ft</span></div>
<div><span><b>Speed:</b></span> <span>71 kt</span></div>
<div><span><b>Heading:</b></span> <span>114&deg;</span></div>
</div>]]></description>
        <TimeStamp>
          <when>2025-08-19T11:20:53+00:00</when>
        </TimeStamp>
        <Style>
          <IconStyle>
            <heading>114</heading>
            <Icon>
              <href>http://maps.google.com/mapfiles/kml/shapes/airports.png</href>
            </Icon>
          </IconStyle>
        </Style>
        <Point>
          <altitudeMode>absolute</altitudeMode>
          <coordinates>-112.103088,33.550507,609.6</coordinates>
        </Point>
      </Placemark>
      <Placemark>
        <name>2025-08-19 11:20:55 UTC</name>
        <description><![CDATA[<div><div><span><b>Altitude:</b></span> <span>2,000 ft</span></div>
<div><span><b>Speed:</b></span> <span>71 kt</span></div>
<div><span><b>Heading:</b></span> <span>106&deg;</span></div>
</div>]]></description>
        <TimeStamp>
          <when>2025-08-19T11:20:55+00:00</when>
        </TimeStamp>
        <Style>
          <IconStyle>
            <heading>106</heading>
            <Icon>
              <href>http://maps.google.com/mapfiles/kml/shapes/airports.png</href>
            </Icon>
          </IconStyle>
        </Style>
        <Point>
          <altitudeMode>absolute</altitudeMode>
          <coordinates>-112.102196,33.550278,609.6</coordinates>
        </Point>
      </Placemark>
      <Placemark>
        <name>2025-08-19 11:20:58 UTC</name>
        <description><![CDATA[<div><div><span><b>Altitude:</b></span> <span>2,000 ft</span></div>
<div><span><b>Speed:</b></span> <span>71 kt</span></div>
<div><span><b>Heading:</b></span> <span>100&deg;</span></div>
</div>]]></description>
        <TimeStamp>
          <when>2025-08-19T11:20:58+00:00</when>
        </TimeStamp>
        <Style>
          <IconStyle>
            <heading>100</heading>
            <Icon>
              <href>http://maps.google.com/mapfiles/kml/shapes/airports.png</href>
            </Icon>
          </IconStyle>
        </Style>
        <Point>
          <altitudeMode>absolute</altitudeMode>
          <coordinates>-112.101295,33.55014,609.6</coordinates>
        </Point>
      </Placemark>
      <Placemark>
        <name>2025-08-19 11:21:00 UTC</name>
        <description><![CDATA[<div><div><span><b>Altitude:</b></span> <span>2,025 ft</span></div>
<div><span><b>Speed:</b></span> <span>69 kt</span></div>
<div><span><b>Heading:</b></span> <span>90&deg;</span></div>
</div>]]></description>
        <TimeStamp>
          <when>2025-08-19T11:21:00+00:00</when>
        </TimeStamp>
        <Style>
          <IconStyle>
            <heading>90</heading>
            <Icon>
              <href>http://maps.google.com/mapfiles/kml/shapes/airports.png</href>
            </Icon>
          </IconStyle>
        </Style>
        <Point>
          <altitudeMode>absolute</altitudeMode>
          <coordinates>-112.10054,33.550056,617.22</coordinates>
        </Point>
      </Placemark>
      <Placemark>
        <name>2025-08-19 11:21:02 UTC</name>
        <description><![CDATA[<div><div><span><b>Altitude:</b></span> <span>2,025 ft</span></div>
<div><span><b>Speed:</b></span> <span>70 kt</span></div>
<div><span><b>Heading:</b></span> <span>80&deg;</span></div>
</div>]]></description>
        <TimeStamp>
          <when>2025-08-19T11:21:02+00:00</when>
        </TimeStamp>
        <Style>
          <IconStyle>
            <heading>80</heading>
            <Icon>
              <href>http://maps.google.com/mapfiles/kml/shapes/airports.png</href>
            </Icon>
          </IconStyle>
        </Style>
        <Point>
          <altitudeMode>absolute</altitudeMode>
          <coordinates>-112.099571,33.550152,617.22</coordinates>
        </Point>
      </Placemark>
      <Placemark>
        <name>2025-08-19 11:21:05 UTC</name>
        <description><![CDATA[<div><div><span><b>Altitude:</b></span> <span>2,025 ft</span></div>
<div><span><b>Speed:</b></span> <span>70 kt</span></div>
<div><span><b>Heading:</b></span> <span>69&deg;</span></div>
</div>]]></description>
        <TimeStamp>
          <when>2025-08-19T11:21:05+00:00</when>
        </TimeStamp>
        <Style>
          <IconStyle>
            <heading>69</heading>
            <Icon>
              <href>http://maps.google.com/mapfiles/kml/shapes/airports.png</href>
            </Icon>
          </IconStyle>
        </Style>
        <Point>
          <altitudeMode>absolute</altitudeMode>
          <coordinates>-112.09877,33.550339,617.22</coordinates>
        </Point>
      </Placemark>
      <Placemark>
        <name>2025-08-19 11:21:07 UTC</name>
        <description><![CDATA[<div><div><span><b>Altitude:</b></span> <span>2,050 ft</span></div>
<div><span><b>Speed:</b></span> <span>69 kt</span></div>
<div><span><b>Heading:</b></span> <span>57&deg;</span></div>
</div>]]></description>
        <TimeStamp>
          <when>2025-08-19T11:21:07+00:00</when>
        </TimeStamp>
        <Style>
          <IconStyle>
            <heading>57</heading>
            <Icon>
              <href>http://maps.google.com/mapfiles/kml/shapes/airports.png</href>
            </Icon>
          </IconStyle>
        </Style>
        <Point>
          <altitudeMode>absolute</altitudeMode>
          <coordinates>-112.097992,33.55069,624.84</coordinates>
        </Point>
      </Placemark>
      <Placemark>
        <name>2025-08-19 11:21:09 UTC</name>
        <description><![CDATA[<div><div><span><b>Altitude:</b></span> <span>2,050 ft</span></div>
<div><span><b>Speed:</b></span> <span>68 kt</span></div>
<div><span><b>Heading:</b></span> <span>43&deg;</span></div>
</div>]]></description>
        <TimeStamp>
          <when>2025-08-19T11:21:09+00:00</when>
        </TimeStamp>
        <Style>
          <IconStyle>
            <heading>43</heading>
            <Icon>
              <href>http://maps.google.com/mapfiles/kml/shapes/airports.png</href>
            </Icon>
          </IconStyle>
        </Style>
        <Point>
          <altitudeMode>absolute</altitudeMode>
          <coordinates>-112.097282,33.551224,624.84</coordinates>
        </Point>
      </Placemark>
      <Placemark>
        <name>2025-08-19 11:21:11 UTC</name>
        <description><![CDATA[<div><div><span><b>Altitude:</b></span> <span>2,050 ft</span></div>
<div><span><b>Speed:</b></span> <span>65 kt</span></div>
<div><span><b>Heading:</b></span> <span>30&deg;</span></div>
</div>]]></description>
        <TimeStamp>
          <when>2025-08-19T11:21:11+00:00</when>
        </TimeStamp>
        <Style>
          <IconStyle>
            <heading>30</heading>
            <Icon>
              <href>http://maps.google.com/mapfiles/kml/shapes/airports.png</href>
            </Icon>
          </IconStyle>
        </Style>
        <Point>
          <altitudeMode>absolute</altitudeMode>
          <coordinates>-112.096809,33.551788,624.84</coordinates>
        </Point>
      </Placemark>
      <Placemark>
        <name>2025-08-19 11:21:13 UTC</name>
        <description><![CDATA[<div><div><span><b>Altitude:</b></span> <span>2,050 ft</span></div>
<div><span><b>Speed:</b></span> <span>65 kt</span></div>
<div><span><b>Heading:</b></span> <span>18&deg;</span></div>
</div>]]></description>
        <TimeStamp>
          <when>2025-08-19T11:21:13+00:00</when>
        </TimeStamp>
        <Style>
          <IconStyle>
            <heading>18</heading>
            <Icon>
              <href>http://maps.google.com/mapfiles/kml/shapes/airports.png</href>
            </Icon>
          </IconStyle>
        </Style>
        <Point>
          <altitudeMode>absolute</altitudeMode>
          <coordinates>-112.096542,33.552387,624.84</coordinates>
        </Point>
      </Placemark>
      <Placemark>
        <name>2025-08-19 11:21:15 UTC</name>
        <description><![CDATA[<div><div><span><b>Altitude:</b></span> <span>2,050 ft</span></div>
<div><span><b>Speed:</b></span> <span>62 kt</span></div>
<div><span><b>Heading:</b></span> <span>7&deg;</span></div>
</div>]]></description>
        <TimeStamp>
          <when>2025-08-19T11:21:15+00:00</when>
        </TimeStamp>
        <Style>
          <IconStyle>
            <heading>7</heading>
            <Icon>
              <href>http://maps.google.com/mapfiles/kml/shapes/airports.png</href>
            </Icon>
          </IconStyle>
        </Style>
        <Point>
          <altitudeMode>absolute</altitudeMode>
          <coordinates>-112.09642,33.55299,624.84</coordinates>
        </Point>
      </Placemark>
      <Placemark>
        <name>2025-08-19 11:21:18 UTC</name>
        <description><![CDATA[<div><div><span><b>Altitude:</b></span> <span>2,050 ft</span></div>
<div><span><b>Speed:</b></span> <span>60 kt</span></div>
<div><span><b>Heading:</b></span> <span>355&deg;</span></div>
</div>]]></description>
        <TimeStamp>
          <when>2025-08-19T11:21:18+00:00</when>
        </TimeStamp>
        <Style>
          <IconStyle>
            <heading>355</heading>
            <Icon>
              <href>http://maps.google.com/mapfiles/kml/shapes/airports.png</href>
            </Icon>
          </IconStyle>
        </Style>
        <Point>
          <altitudeMode>absolute</altitudeMode>
          <coordinates>-112.09642,33.553551,624.84</coordinates>
        </Point>
      </Placemark>
      <Placemark>
        <name>2025-08-19 11:21:20 UTC</name>
        <description><![CDATA[<div><div><span><b>Altitude:</b></span> <span>2,050 ft</span></div>
<div><span><b>Speed:</b></span> <span>58 kt</span></div>
<div><span><b>Heading:</b></span> <span>343&deg;</span></div>
</div>]]></description>
        <TimeStamp>
          <when>2025-08-19T11:21:20+00:00</when>
        </TimeStamp>
        <Style>
          <IconStyle>
            <heading>343</heading>
            <Icon>
              <href>http://maps.google.com/mapfiles/kml/shapes/airports.png</href>
            </Icon>
          </IconStyle>
        </Style>
        <Point>
          <altitudeMode>absolute</altitudeMode>
          <coordinates>-112.096542,33.554203,624.84</coordinates>
        </Point>
      </Placemark>
      <Placemark>
        <name>2025-08-19 11:21:22 UTC</name>
        <description><![CDATA[<div><div><span><b>Altitude:</b></span> <span>2,050 ft</span></div>
<div><span><b>Speed:</b></span> <span>57 kt</span></div>
<div><span><b>Heading:</b></span> <span>334&deg;</span></div>
</div>]]></description>
        <TimeStamp>
          <when>2025-08-19T11:21:22+00:00</when>
        </TimeStamp>
        <Style>
          <IconStyle>
            <heading>334</heading>
            <Icon>
              <href>http://maps.google.com/mapfiles/kml/shapes/airports.png</href>
            </Icon>
          </IconStyle>
        </Style>
        <Point>
          <altitudeMode>absolute</altitudeMode>
          <coordinates>-112.09687,33.55481,624.84</coordinates>
        </Point>
      </Placemark>
      <Placemark>
        <name>2025-08-19 11:21:24 UTC</name>
        <description><![CDATA[<div><div><span><b>Altitude:</b></span> <span>2,050 ft</span></div>
<div><span><b>Speed:</b></span> <span>57 kt</span></div>
<div><span><b>Heading:</b></span> <span>327&deg;</span></div>
</div>]]></description>
        <TimeStamp>
          <when>2025-08-19T11:21:24+00:00</when>
        </TimeStamp>
        <Style>
          <IconStyle>
            <heading>327</heading>
            <Icon>
              <href>http://maps.google.com/mapfiles/kml/shapes/airports.png</href>
            </Icon>
          </IconStyle>
        </Style>
        <Point>
          <altitudeMode>absolute</altitudeMode>
          <coordinates>-112.097153,33.555267,624.84</coordinates>
        </Point>
      </Placemark>
      <Placemark>
        <name>2025-08-19 11:21:27 UTC</name>
        <description><![CDATA[<div><div><span><b>Altitude:</b></span> <span>2,050 ft</span></div>
<div><span><b>Speed:</b></span> <span>57 kt</span></div>
<div><span><b>Heading:</b></span> <span>318&deg;</span></div>
</div>]]></description>
        <TimeStamp>
          <when>2025-08-19T11:21:27+00:00</when>
        </TimeStamp>
        <Style>
          <IconStyle>
            <heading>318</heading>
            <Icon>
              <href>http://maps.google.com/mapfiles/kml/shapes/airports.png</href>
            </Icon>
          </IconStyle>
        </Style>
        <Point>
          <altitudeMode>absolute</altitudeMode>
          <coordinates>-112.097656,33.555771,624.84</coordinates>
        </Point>
      </Placemark>
      <Placemark>
        <name>2025-08-19 11:21:29 UTC</name>
        <description><![CDATA[<div><div><span><b>Altitude:</b></span> <span>2,025 ft</span></div>
<div><span><b>Speed:</b></span> <span>58 kt</span></div>
<div><span><b>Heading:</b></span> <span>312&deg;</span></div>
</div>]]></description>
        <TimeStamp>
          <when>2025-08-19T11:21:29+00:00</when>
        </TimeStamp>
        <Style>
          <IconStyle>
            <heading>312</heading>
            <Icon>
              <href>http://maps.google.com/mapfiles/kml/shapes/airports.png</href>
            </Icon>
          </IconStyle>
        </Style>
        <Point>
          <altitudeMode>absolute</altitudeMode>
          <coordinates>-112.098145,33.556156,617.22</coordinates>
        </Point>
      </Placemark>
      <Placemark>
        <name>2025-08-19 11:21:31 UTC</name>
        <description><![CDATA[<div><div><span><b>Altitude:</b></span> <span>2,025 ft</span></div>
<div><span><b>Speed:</b></span> <span>59 kt</span></div>
<div><span><b>Heading:</b></span> <span>303&deg;</span></div>
</div>]]></description>
        <TimeStamp>
          <when>2025-08-19T11:21:31+00:00</when>
        </TimeStamp>
        <Style>
          <IconStyle>
            <heading>303</heading>
            <Icon>
              <href>http://maps.google.com/mapfiles/kml/shapes/airports.png</href>
            </Icon>
          </IconStyle>
        </Style>
        <Point>
          <altitudeMode>absolute</altitudeMode>
          <coordinates>-112.098495,33.556412,617.22</coordinates>
        </Point>
      </Placemark>
      <Placemark>
        <name>2025-08-19 11:21:33 UTC</name>
        <description><![CDATA[<div><div><span><b>Altitude:</b></span> <span>2,000 ft</span></div>
<div><span><b>Speed:</b></span> <span>61 kt</span></div>
<div><span><b>Heading:</b></span> <span>298&deg;</span></div>
</div>]]></description>
        <TimeStamp>
          <when>2025-08-19T11:21:33+00:00</when>
        </TimeStamp>
        <Style>
          <IconStyle>
            <heading>298</heading>
            <Icon>
              <href>http://maps.google.com/mapfiles/kml/shapes/airports.png</href>
            </Icon>
          </IconStyle>
        </Style>
        <Point>
          <altitudeMode>absolute</altitudeMode>
          <coordinates>-112.099228,33.556763,609.6</coordinates>
        </Point>
      </Placemark>
      <Placemark>
        <name>2025-08-19 11:21:35 UTC</name>
        <description><![CDATA[<div><div><span><b>Altitude:</b></span> <span>2,000 ft</span></div>
<div><span><b>Speed:</b></span> <span>62 kt</span></div>
<div><span><b>Heading:</b></span> <span>290&deg;</span></div>
</div>]]></description>
        <TimeStamp>
          <when>2025-08-19T11:21:35+00:00</when>
        </TimeStamp>
        <Style>
          <IconStyle>
            <heading>290</heading>
            <Icon>
              <href>http://maps.google.com/mapfiles/kml/shapes/airports.png</href>
            </Icon>
          </IconStyle>
        </Style>
        <Point>
          <altitudeMode>absolute</altitudeMode>
          <coordinates>-112.099854,33.556995,609.6</coordinates>
        </Point>
      </Placemark>
      <Placemark>
        <name>2025-08-19 11:21:37 UTC</name>
        <description><![CDATA[<div><div><span><b>Altitude:</b></span> <span>1,975 ft</span></div>
<div><span><b>Speed:</b></span> <span>61 kt</span></div>
<div><span><b>Heading:</b></span> <span>278&deg;</span></div>
</div>]]></description>
        <TimeStamp>
          <when>2025-08-19T11:21:37+00:00</when>
        </TimeStamp>
        <Style>
          <IconStyle>
            <heading>278</heading>
            <Icon>
              <href>http://maps.google.com/mapfiles/kml/shapes/airports.png</href>
            </Icon>
          </IconStyle>
        </Style>
        <Point>
          <altitudeMode>absolute</altitudeMode>
          <coordinates>-112.100571,33.557144,601.98</coordinates>
        </Point>
      </Placemark>
      <Placemark>
        <name>2025-08-19 11:21:39 UTC</name>
        <description><![CDATA[<div><div><span><b>Altitude:</b></span> <span>1,975 ft</span></div>
<div><span><b>Speed:</b></span> <span>61 kt</span></div>
<div><span><b>Heading:</b></span> <span>266&deg;</span></div>
</div>]]></description>
        <TimeStamp>
          <when>2025-08-19T11:21:39+00:00</when>
        </TimeStamp>
        <Style>
          <IconStyle>
            <heading>266</heading>
            <Icon>
              <href>http://maps.google.com/mapfiles/kml/shapes/airports.png</href>
            </Icon>
          </IconStyle>
        </Style>
        <Point>
          <altitudeMode>absolute</altitudeMode>
          <coordinates>-112.101242,33.55719,601.98</coordinates>
        </Point>
      </Placemark>
      <Placemark>
        <name>2025-08-19 11:21:41 UTC</name>
        <description><![CDATA[<div><div><span><b>Altitude:</b></span> <span>1,950 ft</span></div>
<div><span><b>Speed:</b></span> <span>61 kt</span></div>
<div><span><b>Heading:</b></span> <span>254&deg;</span></div>
</div>]]></description>
        <TimeStamp>
          <when>2025-08-19T11:21:41+00:00</when>
        </TimeStamp>
        <Style>
          <IconStyle>
            <heading>254</heading>
            <Icon>
              <href>http://maps.google.com/mapfiles/kml/shapes/airports.png</href>
            </Icon>
          </IconStyle>
        </Style>
        <Point>
          <altitudeMode>absolute</altitudeMode>
          <coordinates>-112.102028,33.557053,594.36</coordinates>
        </Point>
      </Placemark>
      <Placemark>
        <name>2025-08-19 11:21:44 UTC</name>
        <description><![CDATA[<div><div><span><b>Altitude:</b></span> <span>1,950 ft</span></div>
<div><span><b>Speed:</b></span> <span>62 kt</span></div>
<div><span><b>Heading:</b></span> <span>240&deg;</span></div>
</div>]]></description>
        <TimeStamp>
          <when>2025-08-19T11:21:44+00:00</when>
        </TimeStamp>
        <Style>
          <IconStyle>
            <heading>240</heading>
            <Icon>
              <href>http://maps.google.com/mapfiles/kml/shapes/airports.png</href>
            </Icon>
          </IconStyle>
        </Style>
        <Point>
          <altitudeMode>absolute</altitudeMode>
          <coordinates>-112.102646,33.556824,594.36</coordinates>
        </Point>
      </Placemark>
      <Placemark>
        <name>2025-08-19 11:21:46 UTC</name>
        <description><![CDATA[<div><div><span><b>Altitude:</b></span> <span>1,925 ft</span></div>
<div><span><b>Speed:</b></span> <span>63 kt</span></div>
<div><span><b>Heading:</b></span> <span>230&deg;</span></div>
</div>]]></description>
        <TimeStamp>
          <when>2025-08-19T11:21:46+00:00</when>
        </TimeStamp>
        <Style>
          <IconStyle>
            <heading>230</heading>
            <Icon>
              <href>http://maps.google.com/mapfiles/kml/shapes/airports.png</href>
            </Icon>
          </IconStyle>
        </Style>
        <Point>
          <altitudeMode>absolute</altitudeMode>
          <coordinates>-112.103287,33.556484,586.74</coordinates>
        </Point>
      </Placemark>
      <Placemark>
        <name>2025-08-19 11:21:48 UTC</name>
        <description><![CDATA[<div><div><span><b>Altitude:</b></span> <span>1,900 ft</span></div>
<div><span><b>Speed:</b></span> <span>64 kt</span></div>
<div><span><b>Heading:</b></span> <span>223&deg;</span></div>
</div>]]></description>
        <TimeStamp>
          <when>2025-08-19T11:21:48+00:00</when>
        </TimeStamp>
        <Style>
          <IconStyle>
            <heading>223</heading>
            <Icon>
              <href>http://maps.google.com/mapfiles/kml/shapes/airports.png</href>
            </Icon>
          </IconStyle>
        </Style>
        <Point>
          <altitudeMode>absolute</altitudeMode>
          <coordinates>-112.103935,33.556,579.12</coordinates>
        </Point>
      </Placemark>
      <Placemark>
        <name>2025-08-19 11:21:50 UTC</name>
        <description><![CDATA[<div><div><span><b>Altitude:</b></span> <span>1,900 ft</span></div>
<div><span><b>Speed:</b></span> <span>64 kt</span></div>
<div><span><b>Heading:</b></span> <span>217&deg;</span></div>
</div>]]></description>
        <TimeStamp>
          <when>2025-08-19T11:21:50+00:00</when>
        </TimeStamp>
        <Style>
          <IconStyle>
            <heading>217</heading>
            <Icon>
              <href>http://maps.google.com/mapfiles/kml/shapes/airports.png</href>
            </Icon>
          </IconStyle>
        </Style>
        <Point>
          <altitudeMode>absolute</altitudeMode>
          <coordinates>-112.104378,33.555504,579.12</coordinates>
        </Point>
      </Placemark>
      <Placemark>
        <name>2025-08-19 11:21:52 UTC</name>
        <description><![CDATA[<div><div><span><b>Altitude:</b></span> <span>1,900 ft</span></div>
<div><span><b>Speed:</b></span> <span>63 kt</span></div>
<div><span><b>Heading:</b></span> <span>210&deg;</span></div>
</div>]]></description>
        <TimeStamp>
          <when>2025-08-19T11:21:52+00:00</when>
        </TimeStamp>
        <Style>
          <IconStyle>
            <heading>210</heading>
            <Icon>
              <href>http://maps.google.com/mapfiles/kml/shapes/airports.png</href>
            </Icon>
          </IconStyle>
        </Style>
        <Point>
          <altitudeMode>absolute</altitudeMode>
          <coordinates>-112.104774,33.554993,579.12</coordinates>
        </Point>
      </Placemark>
      <Placemark>
        <name>2025-08-19 11:21:55 UTC</name>
        <description><![CDATA[<div><div><span><b>Altitude:</b></span> <span>1,900 ft</span></div>
<div><span><b>Speed:</b></span> <span>62 kt</span></div>
<div><span><b>Heading:</b></span> <span>198&deg;</span></div>
</div>]]></description>
        <TimeStamp>
          <when>2025-08-19T11:21:55+00:00</when>
        </TimeStamp>
        <Style>
          <IconStyle>
            <heading>198</heading>
            <Icon>
              <href>http://maps.google.com/mapfiles/kml/shapes/airports.png</href>
            </Icon>
          </IconStyle>
        </Style>
        <Point>
          <altitudeMode>absolute</altitudeMode>
          <coordinates>-112.10511,33.554398,579.12</coordinates>
        </Point>
      </Placemark>
      <Placemark>
        <name>2025-08-19 11:21:57 UTC</name>
        <description><![CDATA[<div><div><span><b>Altitude:</b></span> <span>1,900 ft</span></div>
<div><span><b>Speed:</b></span> <span>63 kt</span></div>
<div><span><b>Heading:</b></span> <span>189&deg;</span></div>
</div>]]></description>
        <TimeStamp>
          <when>2025-08-19T11:21:57+00:00</when>
        </TimeStamp>
        <Style>
          <IconStyle>
            <heading>189</heading>
            <Icon>
              <href>http://maps.google.com/mapfiles/kml/shapes/airports.png</href>
            </Icon>
          </IconStyle>
        </Style>
        <Point>
          <altitudeMode>absolute</altitudeMode>
          <coordinates>-112.105278,33.553848,579.12</coordinates>
        </Point>
      </Placemark>
      <Placemark>
        <name>2025-08-19 11:21:59 UTC</name>
        <description><![CDATA[<div><div><span><b>Altitude:</b></span> <span>1,875 ft</span></div>
<div><span><b>Speed:</b></span> <span>65 kt</span></div>
<div><span><b>Heading:</b></span> <span>180&deg;</span></div>
</div>]]></description>
        <TimeStamp>
          <when>2025-08-19T11:21:59+00:00</when>
        </TimeStamp>
        <Style>
          <IconStyle>
            <heading>180</heading>
            <Icon>
              <href>http://maps.google.com/mapfiles/kml/shapes/airports.png</href>
            </Icon>
          </IconStyle>
        </Style>
        <Point>
          <altitudeMode>absolute</altitudeMode>
          <coordinates>-112.105331,33.553253,571.5</coordinates>
        </Point>
      </Placemark>
      <Placemark>
        <name>2025-08-19 11:22:01 UTC</name>
        <description><![CDATA[<div><div><span><b>Altitude:</b></span> <span>1,875 ft</span></div>
<div><span><b>Speed:</b></span> <span>65 kt</span></div>
<div><span><b>Heading:</b></span> <span>165&deg;</span></div>
</div>]]></description>
        <TimeStamp>
          <when>2025-08-19T11:22:01+00:00</when>
        </TimeStamp>
        <Style>
          <IconStyle>
            <heading>165</heading>
            <Icon>
              <href>http://maps.google.com/mapfiles/kml/shapes/airports.png</href>
            </Icon>
          </IconStyle>
        </Style>
        <Point>
          <altitudeMode>absolute</altitudeMode>
          <coordinates>-112.10524,33.55262,571.5</coordinates>
        </Point>
      </Placemark>
      <Placemark>
        <name>2025-08-19 11:22:03 UTC</name>
        <description><![CDATA[<div><div><span><b>Altitude:</b></span> <span>1,875 ft</span></div>
<div><span><b>Speed:</b></span> <span>64 kt</span></div>
<div><span><b>Heading:</b></span> <span>152&deg;</span></div>
</div>]]></description>
        <TimeStamp>
          <when>2025-08-19T11:22:03+00:00</when>
        </TimeStamp>
        <Style>
          <IconStyle>
            <heading>152</heading>
            <Icon>
              <href>http://maps.google.com/mapfiles/kml/shapes/airports.png</href>
            </Icon>
          </IconStyle>
        </Style>
        <Point>
          <altitudeMode>absolute</altitudeMode>
          <coordinates>-112.104889,33.551872,571.5</coordinates>
        </Point>
      </Placemark>
      <Placemark>
        <name>2025-08-19 11:22:05 UTC</name>
        <description><![CDATA[<div><div><span><b>Altitude:</b></span> <span>1,875 ft</span></div>
<div><span><b>Speed:</b></span> <span>65 kt</span></div>
<div><span><b>Heading:</b></span> <span>138&deg;</span></div>
</div>]]></description>
        <TimeStamp>
          <when>2025-08-19T11:22:05+00:00</when>
        </TimeStamp>
        <Style>
          <IconStyle>
            <heading>138</heading>
            <Icon>
              <href>http://maps.google.com/mapfiles/kml/shapes/airports.png</href>
            </Icon>
          </IconStyle>
        </Style>
        <Point>
          <altitudeMode>absolute</altitudeMode>
          <coordinates>-112.104431,33.551407,571.5</coordinates>
        </Point>
      </Placemark>
      <Placemark>
        <name>2025-08-19 11:22:07 UTC</name>
        <description><![CDATA[<div><div><span><b>Altitude:</b></span> <span>1,900 ft</span></div>
<div><span><b>Speed:</b></span> <span>64 kt</span></div>
<div><span><b>Heading:</b></span> <span>122&deg;</span></div>
</div>]]></description>
        <TimeStamp>
          <when>2025-08-19T11:22:07+00:00</when>
        </TimeStamp>
        <Style>
          <IconStyle>
            <heading>122</heading>
            <Icon>
              <href>http://maps.google.com/mapfiles/kml/shapes/airports.png</href>
            </Icon>
          </IconStyle>
        </Style>
        <Point>
          <altitudeMode>absolute</altitudeMode>
          <coordinates>-112.103935,33.551056,579.12</coordinates>
        </Point>
      </Placemark>
      <Placemark>
        <name>2025-08-19 11:22:09 UTC</name>
        <description><![CDATA[<div><div><span><b>Altitude:</b></span> <span>1,900 ft</span></div>
<div><span><b>Speed:</b></span> <span>64 kt</span></div>
<div><span><b>Heading:</b></span> <span>114&deg;</span></div>
</div>]]></description>
        <TimeStamp>
          <when>2025-08-19T11:22:09+00:00</when>
        </TimeStamp>
        <Style>
          <IconStyle>
            <heading>114</heading>
            <Icon>
              <href>http://maps.google.com/mapfiles/kml/shapes/airports.png</href>
            </Icon>
          </IconStyle>
        </Style>
        <Point>
          <altitudeMode>absolute</altitudeMode>
          <coordinates>-112.103256,33.550735,579.12</coordinates>
        </Point>
      </Placemark>
      <Placemark>
        <name>2025-08-19 11:22:11 UTC</name>
        <description><![CDATA[<div><div><span><b>Altitude:</b></span> <span>1,900 ft</span></div>
<div><span><b>Speed:</b></span> <span>64 kt</span></div>
<div><span><b>Heading:</b></span> <span>98&deg;</span></div>
</div>]]></description>
        <TimeStamp>
          <when>2025-08-19T11:22:11+00:00</when>
        </TimeStamp>
        <Style>
          <IconStyle>
            <heading>98</heading>
            <Icon>
              <href>http://maps.google.com/mapfiles/kml/shapes/airports.png</href>
            </Icon>
          </IconStyle>
        </Style>
        <Point>
          <altitudeMode>absolute</altitudeMode>
          <coordinates>-112.102661,33.550571,579.12</coordinates>
        </Point>
      </Placemark>
      <Placemark>
        <name>2025-08-19 11:22:14 UTC</name>
        <description><![CDATA[<div><div><span><b>Altitude:</b></span> <span>1,875 ft</span></div>
<div><span><b>Speed:</b></span> <span>65 kt</span></div>
<div><span><b>Heading:</b></span> <span>89&deg;</span></div>
</div>]]></description>
        <TimeStamp>
          <when>2025-08-19T11:22:14+00:00</when>
        </TimeStamp>
        <Style>
          <IconStyle>
            <heading>89</heading>
            <Icon>
              <href>http://maps.google.com/mapfiles/kml/shapes/airports.png</href>
            </Icon>
          </IconStyle>
        </Style>
        <Point>
          <altitudeMode>absolute</altitudeMode>
          <coordinates>-112.101685,33.550522,571.5</coordinates>
        </Point>
      </Placemark>
      <Placemark>
        <name>2025-08-19 11:22:16 UTC</name>
        <description><![CDATA[<div><div><span><b>Altitude:</b></span> <span>1,875 ft</span></div>
<div><span><b>Speed:</b></span> <span>65 kt</span></div>
<div><span><b>Heading:</b></span> <span>77&deg;</span></div>
</div>]]></description>
        <TimeStamp>
          <when>2025-08-19T11:22:16+00:00</when>
        </TimeStamp>
        <Style>
          <IconStyle>
            <heading>77</heading>
            <Icon>
              <href>http://maps.google.com/mapfiles/kml/shapes/airports.png</href>
            </Icon>
          </IconStyle>
        </Style>
        <Point>
          <altitudeMode>absolute</altitudeMode>
          <coordinates>-112.100845,33.550598,571.5</coordinates>
        </Point>
      </Placemark>
      <Placemark>
        <name>2025-08-19 11:22:18 UTC</name>
        <description><![CDATA[<div><div><span><b>Altitude:</b></span> <span>1,875 ft</span></div>
<div><span><b>Speed:</b></span> <span>65 kt</span></div>
<div><span><b>Heading:</b></span> <span>69&deg;</span></div>
</div>]]></description>
        <TimeStamp>
          <when>2025-08-19T11:22:18+00:00</when>
        </TimeStamp>
        <Style>
          <IconStyle>
            <heading>69</heading>
            <Icon>
              <href>http://maps.google.com/mapfiles/kml/shapes/airports.png</href>
            </Icon>
          </IconStyle>
        </Style>
        <Point>
          <altitudeMode>absolute</altitudeMode>
          <coordinates>-112.100082,33.55085,571.5</coordinates>
        </Point>
      </Placemark>
      <Placemark>
        <name>2025-08-19 11:22:20 UTC</name>
        <description><![CDATA[<div><div><span><b>Altitude:</b></span> <span>1,875 ft</span></div>
<div><span><b>Speed:</b></span> <span>64 kt</span></div>
<div><span><b>Heading:</b></span> <span>58&deg;</span></div>
</div>]]></description>
        <TimeStamp>
          <when>2025-08-19T11:22:20+00:00</when>
        </TimeStamp>
        <Style>
          <IconStyle>
            <heading>58</heading>
            <Icon>
              <href>http://maps.google.com/mapfiles/kml/shapes/airports.png</href>
            </Icon>
          </IconStyle>
        </Style>
        <Point>
          <altitudeMode>absolute</altitudeMode>
          <coordinates>-112.099396,33.551128,571.5</coordinates>
        </Point>
      </Placemark>
      <Placemark>
        <name>2025-08-19 11:22:23 UTC</name>
        <description><![CDATA[<div><div><span><b>Altitude:</b></span> <span>1,875 ft</span></div>
<div><span><b>Speed:</b></span> <span>62 kt</span></div>
<div><span><b>Heading:</b></span> <span>46&deg;</span></div>
</div>]]></description>
        <TimeStamp>
          <when>2025-08-19T11:22:23+00:00</when>
        </TimeStamp>
        <Style>
          <IconStyle>
            <heading>46</heading>
            <Icon>
              <href>http://maps.google.com/mapfiles/kml/shapes/airports.png</href>
            </Icon>
          </IconStyle>
        </Style>
        <Point>
          <altitudeMode>absolute</altitudeMode>
          <coordinates>-112.098663,33.551651,571.5</coordinates>
        </Point>
      </Placemark>
      <Placemark>
        <name>2025-08-19 11:22:25 UTC</name>
        <description><![CDATA[<div><div><span><b>Altitude:</b></span> <span>1,875 ft</span></div>
<div><span><b>Speed:</b></span> <span>60 kt</span></div>
<div><span><b>Heading:</b></span> <span>35&deg;</span></div>
</div>]]></description>
        <TimeStamp>
          <when>2025-08-19T11:22:25+00:00</when>
        </TimeStamp>
        <Style>
          <IconStyle>
            <heading>35</heading>
            <Icon>
              <href>http://maps.google.com/mapfiles/kml/shapes/airports.png</href>
            </Icon>
          </IconStyle>
        </Style>
        <Point>
          <altitudeMode>absolute</altitudeMode>
          <coordinates>-112.098213,33.552063,571.5</coordinates>
        </Point>
      </Placemark>
      <Placemark>
        <name>2025-08-19 11:22:27 UTC</name>
        <description><![CDATA[<div><div><span><b>Altitude:</b></span> <span>1,875 ft</span></div>
<div><span><b>Speed:</b></span> <span>59 kt</span></div>
<div><span><b>Heading:</b></span> <span>25&deg;</span></div>
</div>]]></description>
        <TimeStamp>
          <when>2025-08-19T11:22:27+00:00</when>
        </TimeStamp>
        <Style>
          <IconStyle>
            <heading>25</heading>
            <Icon>
              <href>http://maps.google.com/mapfiles/kml/shapes/airports.png</href>
            </Icon>
          </IconStyle>
        </Style>
        <Point>
          <altitudeMode>absolute</altitudeMode>
          <coordinates>-112.097931,33.552521,571.5</coordinates>
        </Point>
      </Placemark>
      <Placemark>
        <name>2025-08-19 11:22:29 UTC</name>
        <description><![CDATA[<div><div><span><b>Altitude:</b></span> <span>1,875 ft</span></div>
<div><span><b>Speed:</b></span> <span>60 kt</span></div>
<div><span><b>Heading:</b></span> <span>12&deg;</span></div>
</div>]]></description>
        <TimeStamp>
          <when>2025-08-19T11:22:29+00:00</when>
        </TimeStamp>
        <Style>
          <IconStyle>
            <heading>12</heading>
            <Icon>
              <href>http://maps.google.com/mapfiles/kml/shapes/airports.png</href>
            </Icon>
          </IconStyle>
        </Style>
        <Point>
          <altitudeMode>absolute</altitudeMode>
          <coordinates>-112.09771,33.553162,571.5</coordinates>
        </Point>
      </Placemark>
      <Placemark>
        <name>2025-08-19 11:22:31 UTC</name>
        <description><![CDATA[<div><div><span><b>Altitude:</b></span> <span>1,875 ft</span></div>
<div><span><b>Speed:</b></span> <span>61 kt</span></div>
<div><span><b>Heading:</b></span> <span>359&deg;</span></div>
</div>]]></description>
        <TimeStamp>
          <when>2025-08-19T11:22:31+00:00</when>
        </TimeStamp>
        <Style>
          <IconStyle>
            <heading>359</heading>
            <Icon>
              <href>http://maps.google.com/mapfiles/kml/shapes/airports.png</href>
            </Icon>
          </IconStyle>
        </Style>
        <Point>
          <altitudeMode>absolute</altitudeMode>
          <coordinates>-112.097626,33.553688,571.5</coordinates>
        </Point>
      </Placemark>
      <Placemark>
        <name>2025-08-19 11:22:33 UTC</name>
        <description><![CDATA[<div><div><span><b>Altitude:</b></span> <span>1,875 ft</span></div>
<div><span><b>Speed:</b></span> <span>59 kt</span></div>
<div><span><b>Heading:</b></span> <span>344&deg;</span></div>
</div>]]></description>
        <TimeStamp>
          <when>2025-08-19T11:22:33+00:00</when>
        </TimeStamp>
        <Style>
          <IconStyle>
            <heading>344</heading>
            <Icon>
              <href>http://maps.google.com/mapfiles/kml/shapes/airports.png</href>
            </Icon>
          </IconStyle>
        </Style>
        <Point>
          <altitudeMode>absolute</altitudeMode>
          <coordinates>-112.09774,33.554295,571.5</coordinates>
        </Point>
      </Placemark>
      <Placemark>
        <name>2025-08-19 11:22:36 UTC</name>
        <description><![CDATA[<div><div><span><b>Altitude:</b></span> <span>1,875 ft</span></div>
<div><span><b>Speed:</b></span> <span>58 kt</span></div>
<div><span><b>Heading:</b></span> <span>329&deg;</span></div>
</div>]]></description>
        <TimeStamp>
          <when>2025-08-19T11:22:36+00:00</when>
        </TimeStamp>
        <Style>
          <IconStyle>
            <heading>329</heading>
            <Icon>
              <href>http://maps.google.com/mapfiles/kml/shapes/airports.png</href>
            </Icon>
          </IconStyle>
        </Style>
        <Point>
          <altitudeMode>absolute</altitudeMode>
          <coordinates>-112.098083,33.554901,571.5</coordinates>
        </Point>
      </Placemark>
      <Placemark>
        <name>2025-08-19 11:22:38 UTC</name>
        <description><![CDATA[<div><div><span><b>Altitude:</b></span> <span>1,875 ft</span></div>
<div><span><b>Speed:</b></span> <span>58 kt</span></div>
<div><span><b>Heading:</b></span> <span>310&deg;</span></div>
</div>]]></description>
        <TimeStamp>
          <when>2025-08-19T11:22:38+00:00</when>
        </TimeStamp>
        <Style>
          <IconStyle>
            <heading>310</heading>
            <Icon>
              <href>http://maps.google.com/mapfiles/kml/shapes/airports.png</href>
            </Icon>
          </IconStyle>
        </Style>
        <Point>
          <altitudeMode>absolute</altitudeMode>
          <coordinates>-112.098549,33.555313,571.5</coordinates>
        </Point>
      </Placemark>
      <Placemark>
        <name>2025-08-19 11:22:40 UTC</name>
        <description><![CDATA[<div><div><span><b>Altitude:</b></span> <span>1,850 ft</span></div>
<div><span><b>Speed:</b></span> <span>59 kt</span></div>
<div><span><b>Heading:</b></span> <span>301&deg;</span></div>
</div>]]></description>
        <TimeStamp>
          <when>2025-08-19T11:22:40+00:00</when>
        </TimeStamp>
        <Style>
          <IconStyle>
            <heading>301</heading>
            <Icon>
              <href>http://maps.google.com/mapfiles/kml/shapes/airports.png</href>
            </Icon>
          </IconStyle>
        </Style>
        <Point>
          <altitudeMode>absolute</altitudeMode>
          <coordinates>-112.099052,33.555634,563.88</coordinates>
        </Point>
      </Placemark>
      <Placemark>
        <name>2025-08-19 11:22:42 UTC</name>
        <description><![CDATA[<div><div><span><b>Altitude:</b></span> <span>1,850 ft</span></div>
<div><span><b>Speed:</b></span> <span>60 kt</span></div>
<div><span><b>Heading:</b></span> <span>295&deg;</span></div>
</div>]]></description>
        <TimeStamp>
          <when>2025-08-19T11:22:42+00:00</when>
        </TimeStamp>
        <Style>
          <IconStyle>
            <heading>295</heading>
            <Icon>
              <href>http://maps.google.com/mapfiles/kml/shapes/airports.png</href>
            </Icon>
          </IconStyle>
        </Style>
        <Point>
          <altitudeMode>absolute</altitudeMode>
          <coordinates>-112.099625,33.555923,563.88</coordinates>
        </Point>
      </Placemark>
      <Placemark>
        <name>2025-08-19 11:22:44 UTC</name>
        <description><![CDATA[<div><div><span><b>Altitude:</b></span> <span>1,850 ft</span></div>
<div><span><b>Speed:</b></span> <span>60 kt</span></div>
<div><span><b>Heading:</b></span> <span>286&deg;</span></div>
</div>]]></description>
        <TimeStamp>
          <when>2025-08-19T11:22:44+00:00</when>
        </TimeStamp>
        <Style>
          <IconStyle>
            <heading>286</heading>
            <Icon>
              <href>http://maps.google.com/mapfiles/kml/shapes/airports.png</href>
            </Icon>
          </IconStyle>
        </Style>
        <Point>
          <altitudeMode>absolute</altitudeMode>
          <coordinates>-112.100403,33.556137,563.88</coordinates>
        </Point>
      </Placemark>
      <Placemark>
        <name>2025-08-19 11:22:46 UTC</name>
        <description><![CDATA[<div><div><span><b>Altitude:</b></span> <span>1,850 ft</span></div>
<div><span><b>Speed:</b></span> <span>60 kt</span></div>
<div><span><b>Heading:</b></span> <span>274&deg;</span></div>
</div>]]></description>
        <TimeStamp>
          <when>2025-08-19T11:22:46+00:00</when>
        </TimeStamp>
        <Style>
          <IconStyle>
            <heading>274</heading>
            <Icon>
              <href>http://maps.google.com/mapfiles/kml/shapes/airports.png</href>
            </Icon>
          </IconStyle>
        </Style>
        <Point>
          <altitudeMode>absolute</altitudeMode>
          <coordinates>-112.101128,33.556229,563.88</coordinates>
        </Point>
      </Placemark>
      <Placemark>
        <name>2025-08-19 11:22:49 UTC</name>
        <description><![CDATA[<div><div><span><b>Altitude:</b></span> <span>1,850 ft</span></div>
<div><span><b>Speed:</b></span> <span>60 kt</span></div>
<div><span><b>Heading:</b></span> <span>266&deg;</span></div>
</div>]]></description>
        <TimeStamp>
          <when>2025-08-19T11:22:49+00:00</when>
        </TimeStamp>
        <Style>
          <IconStyle>
            <heading>266</heading>
            <Icon>
              <href>http://maps.google.com/mapfiles/kml/shapes/airports.png</href>
            </Icon>
          </IconStyle>
        </Style>
        <Point>
          <altitudeMode>absolute</altitudeMode>
          <coordinates>-112.101913,33.556229,563.88</coordinates>
        </Point>
      </Placemark>
      <Placemark>
        <name>2025-08-19 11:22:51 UTC</name>
        <description><![CDATA[<div><div><span><b>Altitude:</b></span> <span>1,850 ft</span></div>
<div><span><b>Speed:</b></span> <span>58 kt</span></div>
<div><span><b>Heading:</b></span> <span>255&deg;</span></div>
</div>]]></description>
        <TimeStamp>
          <when>2025-08-19T11:22:51+00:00</when>
        </TimeStamp>
        <Style>
          <IconStyle>
            <heading>255</heading>
            <Icon>
              <href>http://maps.google.com/mapfiles/kml/shapes/airports.png</href>
            </Icon>
          </IconStyle>
        </Style>
        <Point>
          <altitudeMode>absolute</altitudeMode>
          <coordinates>-112.102478,33.556137,563.88</coordinates>
        </Point>
      </Placemark>
      <Placemark>
        <name>2025-08-19 11:22:53 UTC</name>
        <description><![CDATA[<div><div><span><b>Altitude:</b></span> <span>1,850 ft</span></div>
<div><span><b>Speed:</b></span> <span>58 kt</span></div>
<div><span><b>Heading:</b></span> <span>244&deg;</span></div>
</div>]]></description>
        <TimeStamp>
          <when>2025-08-19T11:22:53+00:00</when>
        </TimeStamp>
        <Style>
          <IconStyle>
            <heading>244</heading>
            <Icon>
              <href>http://maps.google.com/mapfiles/kml/shapes/airports.png</href>
            </Icon>
          </IconStyle>
        </Style>
        <Point>
          <altitudeMode>absolute</altitudeMode>
          <coordinates>-112.103149,33.555954,563.88</coordinates>
        </Point>
      </Placemark>
      <Placemark>
        <name>2025-08-19 11:22:55 UTC</name>
        <description><![CDATA[<div><div><span><b>Altitude:</b></span> <span>1,850 ft</span></div>
<div><span><b>Speed:</b></span> <span>59 kt</span></div>
<div><span><b>Heading:</b></span> <span>236&deg;</span></div>
</div>]]></description>
        <TimeStamp>
          <when>2025-08-19T11:22:55+00:00</when>
        </TimeStamp>
        <Style>
          <IconStyle>
            <heading>236</heading>
            <Icon>
              <href>http://maps.google.com/mapfiles/kml/shapes/airports.png</href>
            </Icon>
          </IconStyle>
        </Style>
        <Point>
          <altitudeMode>absolute</altitudeMode>
          <coordinates>-112.103806,33.555645,563.88</coordinates>
        </Point>
      </Placemark>
      <Placemark>
        <name>2025-08-19 11:22:57 UTC</name>
        <description><![CDATA[<div><div><span><b>Altitude:</b></span> <span>1,825 ft</span></div>
<div><span><b>Speed:</b></span> <span>60 kt</span></div>
<div><span><b>Heading:</b></span> <span>221&deg;</span></div>
</div>]]></description>
        <TimeStamp>
          <when>2025-08-19T11:22:57+00:00</when>
        </TimeStamp>
        <Style>
          <IconStyle>
            <heading>221</heading>
            <Icon>
              <href>http://maps.google.com/mapfiles/kml/shapes/airports.png</href>
            </Icon>
          </IconStyle>
        </Style>
        <Point>
          <altitudeMode>absolute</altitudeMode>
          <coordinates>-112.104324,33.555267,556.26</coordinates>
        </Point>
      </Placemark>
      <Placemark>
        <name>2025-08-19 11:22:59 UTC</name>
        <description><![CDATA[<div><div><span><b>Altitude:</b></span> <span>1,850 ft</span></div>
<div><span><b>Speed:</b></span> <span>61 kt</span></div>
<div><span><b>Heading:</b></span> <span>210&deg;</span></div>
</div>]]></description>
        <TimeStamp>
          <when>2025-08-19T11:22:59+00:00</when>
        </TimeStamp>
        <Style>
          <IconStyle>
            <heading>210</heading>
            <Icon>
              <href>http://maps.google.com/mapfiles/kml/shapes/airports.png</href>
            </Icon>
          </IconStyle>
        </Style>
        <Point>
          <altitudeMode>absolute</altitudeMode>
          <coordinates>-112.104721,33.554806,563.88</coordinates>
        </Point>
      </Placemark>
      <Placemark>
        <name>2025-08-19 11:23:01 UTC</name>
        <description><![CDATA[<div><div><span><b>Altitude:</b></span> <span>1,825 ft</span></div>
<div><span><b>Speed:</b></span> <span>62 kt</span></div>
<div><span><b>Heading:</b></span> <span>202&deg;</span></div>
</div>]]></description>
        <TimeStamp>
          <when>2025-08-19T11:23:01+00:00</when>
        </TimeStamp>
        <Style>
          <IconStyle>
            <heading>202</heading>
            <Icon>
              <href>http://maps.google.com/mapfiles/kml/shapes/airports.png</href>
            </Icon>
          </IconStyle>
        </Style>
        <Point>
          <altitudeMode>absolute</altitudeMode>
          <coordinates>-112.105118,33.554153,556.26</coordinates>
        </Point>
      </Placemark>
      <Placemark>
        <name>2025-08-19 11:23:04 UTC</name>
        <description><![CDATA[<div><div><span><b>Altitude:</b></span> <span>1,825 ft</span></div>
<div><span><b>Speed:</b></span> <span>61 kt</span></div>
<div><span><b>Heading:</b></span> <span>188&deg;</span></div>
</div>]]></description>
        <TimeStamp>
          <when>2025-08-19T11:23:04+00:00</when>
        </TimeStamp>
        <Style>
          <IconStyle>
            <heading>188</heading>
            <Icon>
              <href>http://maps.google.com/mapfiles/kml/shapes/airports.png</href>
            </Icon>
          </IconStyle>
        </Style>
        <Point>
          <altitudeMode>absolute</altitudeMode>
          <coordinates>-112.105225,33.553665,556.26</coordinates>
        </Point>
      </Placemark>
      <Placemark>
        <name>2025-08-19 11:23:06 UTC</name>
        <description><![CDATA[<div><div><span><b>Altitude:</b></span> <span>1,825 ft</span></div>
<div><span><b>Speed:</b></span> <span>62 kt</span></div>
<div><span><b>Heading:</b></span> <span>176&deg;</span></div>
</div>]]></description>
        <TimeStamp>
          <when>2025-08-19T11:23:06+00:00</when>
        </TimeStamp>
        <Style>
          <IconStyle>
            <heading>176</heading>
            <Icon>
              <href>http://maps.google.com/mapfiles/kml/shapes/airports.png</href>
            </Icon>
          </IconStyle>
        </Style>
        <Point>
          <altitudeMode>absolute</altitudeMode>
          <coordinates>-112.105278,33.552979,556.26</coordinates>
        </Point>
      </Placemark>
      <Placemark>
        <name>2025-08-19 11:23:08 UTC</name>
        <description><![CDATA[<div><div><span><b>Altitude:</b></span> <span>1,825 ft</span></div>
<div><span><b>Speed:</b></span> <span>64 kt</span></div>
<div><span><b>Heading:</b></span> <span>164&deg;</span></div>
</div>]]></description>
        <TimeStamp>
          <when>2025-08-19T11:23:08+00:00</when>
        </TimeStamp>
        <Style>
          <IconStyle>
            <heading>164</heading>
            <Icon>
              <href>http://maps.google.com/mapfiles/kml/shapes/airports.png</href>
            </Icon>
          </IconStyle>
        </Style>
        <Point>
          <altitudeMode>absolute</altitudeMode>
          <coordinates>-112.105049,33.552292,556.26</coordinates>
        </Point>
      </Placemark>
      <Placemark>
        <name>2025-08-19 11:23:10 UTC</name>
        <description><![CDATA[<div><div><span><b>Altitude:</b></span> <span>1,850 ft</span></div>
<div><span><b>Speed:</b></span> <span>65 kt</span></div>
<div><span><b>Heading:</b></span> <span>153&deg;</span></div>
</div>]]></description>
        <TimeStamp>
          <when>2025-08-19T11:23:10+00:00</when>
        </TimeStamp>
        <Style>
          <IconStyle>
            <heading>153</heading>
            <Icon>
              <href>http://maps.google.com/mapfiles/kml/shapes/airports.png</href>
            </Icon>
          </IconStyle>
        </Style>
        <Point>
          <altitudeMode>absolute</altitudeMode>
          <coordinates>-112.104713,33.551605,563.88</coordinates>
        </Point>
      </Placemark>
      <Placemark>
        <name>2025-08-19 11:23:13 UTC</name>
        <description><![CDATA[<div><div><span><b>Altitude:</b></span> <span>1,850 ft</span></div>
<div><span><b>Speed:</b></span> <span>67 kt</span></div>
<div><span><b>Heading:</b></span> <span>142&deg;</span></div>
</div>]]></description>
        <TimeStamp>
          <when>2025-08-19T11:23:13+00:00</when>
        </TimeStamp>
        <Style>
          <IconStyle>
            <heading>142</heading>
            <Icon>
              <href>http://maps.google.com/mapfiles/kml/shapes/airports.png</href>
            </Icon>
          </IconStyle>
        </Style>
        <Point>
          <altitudeMode>absolute</altitudeMode>
          <coordinates>-112.104324,33.551102,563.88</coordinates>
        </Point>
      </Placemark>
      <Placemark>
        <name>2025-08-19 11:23:15 UTC</name>
        <description><![CDATA[<div><div><span><b>Altitude:</b></span> <span>1,875 ft</span></div>
<div><span><b>Speed:</b></span> <span>68 kt</span></div>
<div><span><b>Heading:</b></span> <span>126&deg;</span></div>
</div>]]></description>
        <TimeStamp>
          <when>2025-08-19T11:23:15+00:00</when>
        </TimeStamp>
        <Style>
          <IconStyle>
            <heading>126</heading>
            <Icon>
              <href>http://maps.google.com/mapfiles/kml/shapes/airports.png</href>
            </Icon>
          </IconStyle>
        </Style>
        <Point>
          <altitudeMode>absolute</altitudeMode>
          <coordinates>-112.10376,33.55069,571.5</coordinates>
        </Point>
      </Placemark>
      <Placemark>
        <name>2025-08-19 11:23:17 UTC</name>
        <description><![CDATA[<div><div><span><b>Altitude:</b></span> <span>1,875 ft</span></div>
<div><span><b>Speed:</b></span> <span>72 kt</span></div>
<div><span><b>Heading:</b></span> <span>117&deg;</span></div>
</div>]]></description>
        <TimeStamp>
          <when>2025-08-19T11:23:17+00:00</when>
        </TimeStamp>
        <Style>
          <IconStyle>
            <heading>117</heading>
            <Icon>
              <href>http://maps.google.com/mapfiles/kml/shapes/airports.png</href>
            </Icon>
          </IconStyle>
        </Style>
        <Point>
          <altitudeMode>absolute</altitudeMode>
          <coordinates>-112.102867,33.550278,571.5</coordinates>
        </Point>
      </Placemark>
      <Placemark>
        <name>2025-08-19 11:23:20 UTC</name>
        <description><![CDATA[<div><div><span><b>Altitude:</b></span> <span>1,875 ft</span></div>
<div><span><b>Speed:</b></span> <span>74 kt</span></div>
<div><span><b>Heading:</b></span> <span>100&deg;</span></div>
</div>]]></description>
        <TimeStamp>
          <when>2025-08-19T11:23:20+00:00</when>
        </TimeStamp>
        <Style>
          <IconStyle>
            <heading>100</heading>
            <Icon>
              <href>http://maps.google.com/mapfiles/kml/shapes/airports.png</href>
            </Icon>
          </IconStyle>
        </Style>
        <Point>
          <altitudeMode>absolute</altitudeMode>
          <coordinates>-112.102135,33.550049,571.5</coordinates>
        </Point>
      </Placemark>
      <Placemark>
        <name>2025-08-19 11:23:22 UTC</name>
        <description><![CDATA[<div><div><span><b>Altitude:</b></span> <span>1,875 ft</span></div>
<div><span><b>Speed:</b></span> <span>75 kt</span></div>
<div><span><b>Heading:</b></span> <span>88&deg;</span></div>
</div>]]></description>
        <TimeStamp>
          <when>2025-08-19T11:23:22+00:00</when>
        </TimeStamp>
        <Style>
          <IconStyle>
            <heading>88</heading>
            <Icon>
              <href>http://maps.google.com/mapfiles/kml/shapes/airports.png</href>
            </Icon>
          </IconStyle>
        </Style>
        <Point>
          <altitudeMode>absolute</altitudeMode>
          <coordinates>-112.100945,33.549965,571.5</coordinates>
        </Point>
      </Placemark>
      <Placemark>
        <name>2025-08-19 11:23:24 UTC</name>
        <description><![CDATA[<div><div><span><b>Altitude:</b></span> <span>1,875 ft</span></div>
<div><span><b>Speed:</b></span> <span>75 kt</span></div>
<div><span><b>Heading:</b></span> <span>75&deg;</span></div>
</div>]]></description>
        <TimeStamp>
          <when>2025-08-19T11:23:24+00:00</when>
        </TimeStamp>
        <Style>
          <IconStyle>
            <heading>75</heading>
            <Icon>
              <href>http://maps.google.com/mapfiles/kml/shapes/airports.png</href>
            </Icon>
          </IconStyle>
        </Style>
        <Point>
          <altitudeMode>absolute</altitudeMode>
          <coordinates>-112.100082,33.550056,571.5</coordinates>
        </Point>
      </Placemark>
      <Placemark>
        <name>2025-08-19 11:23:26 UTC</name>
        <description><![CDATA[<div><div><span><b>Altitude:</b></span> <span>1,875 ft</span></div>
<div><span><b>Speed:</b></span> <span>74 kt</span></div>
<div><span><b>Heading:</b></span> <span>65&deg;</span></div>
</div>]]></description>
        <TimeStamp>
          <when>2025-08-19T11:23:26+00:00</when>
        </TimeStamp>
        <Style>
          <IconStyle>
            <heading>65</heading>
            <Icon>
              <href>http://maps.google.com/mapfiles/kml/shapes/airports.png</href>
            </Icon>
          </IconStyle>
        </Style>
        <Point>
          <altitudeMode>absolute</altitudeMode>
          <coordinates>-112.099342,33.550289,571.5</coordinates>
        </Point>
      </Placemark>
      <Placemark>
        <name>2025-08-19 11:23:28 UTC</name>
        <description><![CDATA[<div><div><span><b>Altitude:</b></span> <span>1,900 ft</span></div>
<div><span><b>Speed:</b></span> <span>71 kt</span></div>
<div><span><b>Heading:</b></span> <span>51&deg;</span></div>
</div>]]></description>
        <TimeStamp>
          <when>2025-08-19T11:23:28+00:00</when>
        </TimeStamp>
        <Style>
          <IconStyle>
            <heading>51</heading>
            <Icon>
              <href>http://maps.google.com/mapfiles/kml/shapes/airports.png</href>
            </Icon>
          </IconStyle>
        </Style>
        <Point>
          <altitudeMode>absolute</altitudeMode>
          <coordinates>-112.098495,33.550781,579.12</coordinates>
        </Point>
      </Placemark>
      <Placemark>
        <name>2025-08-19 11:23:31 UTC</name>
        <description><![CDATA[<div><div><span><b>Altitude:</b></span> <span>1,900 ft</span></div>
<div><span><b>Speed:</b></span> <span>71 kt</span></div>
<div><span><b>Heading:</b></span> <span>39&deg;</span></div>
</div>]]></description>
        <TimeStamp>
          <when>2025-08-19T11:23:31+00:00</when>
        </TimeStamp>
        <Style>
          <IconStyle>
            <heading>39</heading>
            <Icon>
              <href>http://maps.google.com/mapfiles/kml/shapes/airports.png</href>
            </Icon>
          </IconStyle>
        </Style>
        <Point>
          <altitudeMode>absolute</altitudeMode>
          <coordinates>-112.097855,33.551315,579.12</coordinates>
        </Point>
      </Placemark>
      <Placemark>
        <name>2025-08-19 11:23:33 UTC</name>
        <description><![CDATA[<div><div><span><b>Altitude:</b></span> <span>1,925 ft</span></div>
<div><span><b>Speed:</b></span> <span>67 kt</span></div>
<div><span><b>Heading:</b></span> <span>27&deg;</span></div>
</div>]]></description>
        <TimeStamp>
          <when>2025-08-19T11:23:33+00:00</when>
        </TimeStamp>
        <Style>
          <IconStyle>
            <heading>27</heading>
            <Icon>
              <href>http://maps.google.com/mapfiles/kml/shapes/airports.png</href>
            </Icon>
          </IconStyle>
        </Style>
        <Point>
          <altitudeMode>absolute</altitudeMode>
          <coordinates>-112.097488,33.551834,586.74</coordinates>
        </Point>
      </Placemark>
      <Placemark>
        <name>2025-08-19 11:23:35 UTC</name>
        <description><![CDATA[<div><div><span><b>Altitude:</b></span> <span>1,925 ft</span></div>
<div><span><b>Speed:</b></span> <span>62 kt</span></div>
<div><span><b>Heading:</b></span> <span>16&deg;</span></div>
</div>]]></description>
        <TimeStamp>
          <when>2025-08-19T11:23:35+00:00</when>
        </TimeStamp>
        <Style>
          <IconStyle>
            <heading>16</heading>
            <Icon>
              <href>http://maps.google.com/mapfiles/kml/shapes/airports.png</href>
            </Icon>
          </IconStyle>
        </Style>
        <Point>
          <altitudeMode>absolute</altitudeMode>
          <coordinates>-112.097092,33.552612,586.74</coordinates>
        </Point>
      </Placemark>
      <Placemark>
        <name>2025-08-19 11:23:38 UTC</name>
        <description><![CDATA[<div><div><span><b>Altitude:</b></span> <span>1,950 ft</span></div>
<div><span><b>Speed:</b></span> <span>60 kt</span></div>
<div><span><b>Heading:</b></span> <span>3&deg;</span></div>
</div>]]></description>
        <TimeStamp>
          <when>2025-08-19T11:23:38+00:00</when>
        </TimeStamp>
        <Style>
          <IconStyle>
            <heading>3</heading>
            <Icon>
              <href>http://maps.google.com/mapfiles/kml/shapes/airports.png</href>
            </Icon>
          </IconStyle>
        </Style>
        <Point>
          <altitudeMode>absolute</altitudeMode>
          <coordinates>-112.097054,33.553131,594.36</coordinates>
        </Point>
      </Placemark>
      <Placemark>
        <name>2025-08-19 11:23:40 UTC</name>
        <description><![CDATA[<div><div><span><b>Altitude:</b></span> <span>1,950 ft</span></div>
<div><span><b>Speed:</b></span> <span>57 kt</span></div>
<div><span><b>Heading:</b></span> <span>351&deg;</span></div>
</div>]]></description>
        <TimeStamp>
          <when>2025-08-19T11:23:40+00:00</when>
        </TimeStamp>
        <Style>
          <IconStyle>
            <heading>351</heading>
            <Icon>
              <href>http://maps.google.com/mapfiles/kml/shapes/airports.png</href>
            </Icon>
          </IconStyle>
        </Style>
        <Point>
          <altitudeMode>absolute</altitudeMode>
          <coordinates>-112.097054,33.553688,594.36</coordinates>
        </Point>
      </Placemark>
      <Placemark>
        <name>2025-08-19 11:23:42 UTC</name>
        <description><![CDATA[<div><div><span><b>Altitude:</b></span> <span>1,975 ft</span></div>
<div><span><b>Speed:</b></span> <span>55 kt</span></div>
<div><span><b>Heading:</b></span> <span>340&deg;</span></div>
</div>]]></description>
        <TimeStamp>
          <when>2025-08-19T11:23:42+00:00</when>
        </TimeStamp>
        <Style>
          <IconStyle>
            <heading>340</heading>
            <Icon>
              <href>http://maps.google.com/mapfiles/kml/shapes/airports.png</href>
            </Icon>
          </IconStyle>
        </Style>
        <Point>
          <altitudeMode>absolute</altitudeMode>
          <coordinates>-112.09726,33.554352,601.98</coordinates>
        </Point>
      </Placemark>
      <Placemark>
        <name>2025-08-19 11:23:44 UTC</name>
        <description><![CDATA[<div><div><span><b>Altitude:</b></span> <span>1,975 ft</span></div>
<div><span><b>Speed:</b></span> <span>53 kt</span></div>
<div><span><b>Heading:</b></span> <span>324&deg;</span></div>
</div>]]></description>
        <TimeStamp>
          <when>2025-08-19T11:23:44+00:00</when>
        </TimeStamp>
        <Style>
          <IconStyle>
            <heading>324</heading>
            <Icon>
              <href>http://maps.google.com/mapfiles/kml/shapes/airports.png</href>
            </Icon>
          </IconStyle>
        </Style>
        <Point>
          <altitudeMode>absolute</altitudeMode>
          <coordinates>-112.097595,33.554855,601.98</coordinates>
        </Point>
      </Placemark>
      <Placemark>
        <name>2025-08-19 11:23:46 UTC</name>
        <description><![CDATA[<div><div><span><b>Altitude:</b></span> <span>1,975 ft</span></div>
<div><span><b>Speed:</b></span> <span>55 kt</span></div>
<div><span><b>Heading:</b></span> <span>319&deg;</span></div>
</div>]]></description>
        <TimeStamp>
          <when>2025-08-19T11:23:46+00:00</when>
        </TimeStamp>
        <Style>
          <IconStyle>
            <heading>319</heading>
            <Icon>
              <href>http://maps.google.com/mapfiles/kml/shapes/airports.png</href>
            </Icon>
          </IconStyle>
        </Style>
        <Point>
          <altitudeMode>absolute</altitudeMode>
          <coordinates>-112.097916,33.555134,601.98</coordinates>
        </Point>
      </Placemark>
      <Placemark>
        <name>2025-08-19 11:23:49 UTC</name>
        <description><![CDATA[<div><div><span><b>Altitude:</b></span> <span>1,975 ft</span></div>
<div><span><b>Speed:</b></span> <span>56 kt</span></div>
<div><span><b>Heading:</b></span> <span>309&deg;</span></div>
</div>]]></description>
        <TimeStamp>
          <when>2025-08-19T11:23:49+00:00</when>
        </TimeStamp>
        <Style>
          <IconStyle>
            <heading>309</heading>
            <Icon>
              <href>http://maps.google.com/mapfiles/kml/shapes/airports.png</href>
            </Icon>
          </IconStyle>
        </Style>
        <Point>
          <altitudeMode>absolute</altitudeMode>
          <coordinates>-112.098442,33.555588,601.98</coordinates>
        </Point>
      </Placemark>
      <Placemark>
        <name>2025-08-19 11:23:51 UTC</name>
        <description><![CDATA[<div><div><span><b>Altitude:</b></span> <span>1,975 ft</span></div>
<div><span><b>Speed:</b></span> <span>57 kt</span></div>
<div><span><b>Heading:</b></span> <span>307&deg;</span></div>
</div>]]></description>
        <TimeStamp>
          <when>2025-08-19T11:23:51+00:00</when>
        </TimeStamp>
        <Style>
          <IconStyle>
            <heading>307</heading>
            <Icon>
              <href>http://maps.google.com/mapfiles/kml/shapes/airports.png</href>
            </Icon>
          </IconStyle>
        </Style>
        <Point>
          <altitudeMode>absolute</altitudeMode>
          <coordinates>-112.098938,33.555923,601.98</coordinates>
        </Point>
      </Placemark>
      <Placemark>
        <name>2025-08-19 11:23:53 UTC</name>
        <description><![CDATA[<div><div><span><b>Altitude:</b></span> <span>1,975 ft</span></div>
<div><span><b>Speed:</b></span> <span>56 kt</span></div>
<div><span><b>Heading:</b></span> <span>303&deg;</span></div>
</div>]]></description>
        <TimeStamp>
          <when>2025-08-19T11:23:53+00:00</when>
        </TimeStamp>
        <Style>
          <IconStyle>
            <heading>303</heading>
            <Icon>
              <href>http://maps.google.com/mapfiles/kml/shapes/airports.png</href>
            </Icon>
          </IconStyle>
        </Style>
        <Point>
          <altitudeMode>absolute</altitudeMode>
          <coordinates>-112.099617,33.55632,601.98</coordinates>
        </Point>
      </Placemark>
      <Placemark>
        <name>2025-08-19 11:23:55 UTC</name>
        <description><![CDATA[<div><div><span><b>Altitude:</b></span> <span>1,975 ft</span></div>
<div><span><b>Speed:</b></span> <span>55 kt</span></div>
<div><span><b>Heading:</b></span> <span>298&deg;</span></div>
</div>]]></description>
        <TimeStamp>
          <when>2025-08-19T11:23:55+00:00</when>
        </TimeStamp>
        <Style>
          <IconStyle>
            <heading>298</heading>
            <Icon>
              <href>http://maps.google.com/mapfiles/kml/shapes/airports.png</href>
            </Icon>
          </IconStyle>
        </Style>
        <Point>
          <altitudeMode>absolute</altitudeMode>
          <coordinates>-112.100006,33.556549,601.98</coordinates>
        </Point>
      </Placemark>
      <Placemark>
        <name>2025-08-19 11:23:57 UTC</name>
        <description><![CDATA[<div><div><span><b>Altitude:</b></span> <span>2,000 ft</span></div>
<div><span><b>Speed:</b></span> <span>57 kt</span></div>
<div><span><b>Heading:</b></span> <span>290&deg;</span></div>
</div>]]></description>
        <TimeStamp>
          <when>2025-08-19T11:23:57+00:00</when>
        </TimeStamp>
        <Style>
          <IconStyle>
            <heading>290</heading>
            <Icon>
              <href>http://maps.google.com/mapfiles/kml/shapes/airports.png</href>
            </Icon>
          </IconStyle>
        </Style>
        <Point>
          <altitudeMode>absolute</altitudeMode>
          <coordinates>-112.10083,33.556808,609.6</coordinates>
        </Point>
      </Placemark>
      <Placemark>
        <name>2025-08-19 11:24:00 UTC</name>
        <description><![CDATA[<div><div><span><b>Altitude:</b></span> <span>2,000 ft</span></div>
<div><span><b>Speed:</b></span> <span>60 kt</span></div>
<div><span><b>Heading:</b></span> <span>282&deg;</span></div>
</div>]]></description>
        <TimeStamp>
          <when>2025-08-19T11:24:00+00:00</when>
        </TimeStamp>
        <Style>
          <IconStyle>
            <heading>282</heading>
            <Icon>
              <href>http://maps.google.com/mapfiles/kml/shapes/airports.png</href>
            </Icon>
          </IconStyle>
        </Style>
        <Point>
          <altitudeMode>absolute</altitudeMode>
          <coordinates>-112.101456,33.55695,609.6</coordinates>
        </Point>
      </Placemark>
      <Placemark>
        <name>2025-08-19 11:24:02 UTC</name>
        <description><![CDATA[<div><div><span><b>Altitude:</b></span> <span>1,975 ft</span></div>
<div><span><b>Speed:</b></span> <span>62 kt</span></div>
<div><span><b>Heading:</b></span> <span>276&deg;</span></div>
</div>]]></description>
        <TimeStamp>
          <when>2025-08-19T11:24:02+00:00</when>
        </TimeStamp>
        <Style>
          <IconStyle>
            <heading>276</heading>
            <Icon>
              <href>http://maps.google.com/mapfiles/kml/shapes/airports.png</href>
            </Icon>
          </IconStyle>
        </Style>
        <Point>
          <altitudeMode>absolute</altitudeMode>
          <coordinates>-112.102264,33.557087,601.98</coordinates>
        </Point>
      </Placemark>
      <Placemark>
        <name>2025-08-19 11:24:04 UTC</name>
        <description><![CDATA[<div><div><span><b>Altitude:</b></span> <span>1,975 ft</span></div>
<div><span><b>Speed:</b></span> <span>64 kt</span></div>
<div><span><b>Heading:</b></span> <span>271&deg;</span></div>
</div>]]></description>
        <TimeStamp>
          <when>2025-08-19T11:24:04+00:00</when>
        </TimeStamp>
        <Style>
          <IconStyle>
            <heading>271</heading>
            <Icon>
              <href>http://maps.google.com/mapfiles/kml/shapes/airports.png</href>
            </Icon>
          </IconStyle>
        </Style>
        <Point>
          <altitudeMode>absolute</altitudeMode>
          <coordinates>-112.103088,33.557144,601.98</coordinates>
        </Point>
      </Placemark>
      <Placemark>
        <name>2025-08-19 11:24:07 UTC</name>
        <description><![CDATA[<div><div><span><b>Altitude:</b></span> <span>1,950 ft</span></div>
<div><span><b>Speed:</b></span> <span>63 kt</span></div>
<div><span><b>Heading:</b></span> <span>266&deg;</span></div>
</div>]]></description>
        <TimeStamp>
          <when>2025-08-19T11:24:07+00:00</when>
        </TimeStamp>
        <Style>
          <IconStyle>
            <heading>266</heading>
            <Icon>
              <href>http://maps.google.com/mapfiles/kml/shapes/airports.png</href>
            </Icon>
          </IconStyle>
        </Style>
        <Point>
          <altitudeMode>absolute</altitudeMode>
          <coordinates>-112.103973,33.557133,594.36</coordinates>
        </Point>
      </Placemark>
      <Placemark>
        <name>2025-08-19 11:24:09 UTC</name>
        <description><![CDATA[<div><div><span><b>Altitude:</b></span> <span>1,950 ft</span></div>
<div><span><b>Speed:</b></span> <span>62 kt</span></div>
<div><span><b>Heading:</b></span> <span>260&deg;</span></div>
</div>]]></description>
        <TimeStamp>
          <when>2025-08-19T11:24:09+00:00</when>
        </TimeStamp>
        <Style>
          <IconStyle>
            <heading>260</heading>
            <Icon>
              <href>http://maps.google.com/mapfiles/kml/shapes/airports.png</href>
            </Icon>
          </IconStyle>
        </Style>
        <Point>
          <altitudeMode>absolute</altitudeMode>
          <coordinates>-112.104607,33.557053,594.36</coordinates>
        </Point>
      </Placemark>
      <Placemark>
        <name>2025-08-19 11:24:11 UTC</name>
        <description><![CDATA[<div><div><span><b>Altitude:</b></span> <span>1,975 ft</span></div>
<div><span><b>Speed:</b></span> <span>62 kt</span></div>
<div><span><b>Heading:</b></span> <span>254&deg;</span></div>
</div>]]></description>
        <TimeStamp>
          <when>2025-08-19T11:24:11+00:00</when>
        </TimeStamp>
        <Style>
          <IconStyle>
            <heading>254</heading>
            <Icon>
              <href>http://maps.google.com/mapfiles/kml/shapes/airports.png</href>
            </Icon>
          </IconStyle>
        </Style>
        <Point>
          <altitudeMode>absolute</altitudeMode>
          <coordinates>-112.105293,33.55695,601.98</coordinates>
        </Point>
      </Placemark>
      <Placemark>
        <name>2025-08-19 11:24:13 UTC</name>
        <description><![CDATA[<div><div><span><b>Altitude:</b></span> <span>1,950 ft</span></div>
<div><span><b>Speed:</b></span> <span>62 kt</span></div>
<div><span><b>Heading:</b></span> <span>249&deg;</span></div>
</div>]]></description>
        <TimeStamp>
          <when>2025-08-19T11:24:13+00:00</when>
        </TimeStamp>
        <Style>
          <IconStyle>
            <heading>249</heading>
            <Icon>
              <href>http://maps.google.com/mapfiles/kml/shapes/airports.png</href>
            </Icon>
          </IconStyle>
        </Style>
        <Point>
          <altitudeMode>absolute</altitudeMode>
          <coordinates>-112.106232,33.556686,594.36</coordinates>
        </Point>
      </Placemark>
      <Placemark>
        <name>2025-08-19 11:24:15 UTC</name>
        <description><![CDATA[<div><div><span><b>Altitude:</b></span> <span>1,975 ft</span></div>
<div><span><b>Speed:</b></span> <span>63 kt</span></div>
<div><span><b>Heading:</b></span> <span>243&deg;</span></div>
</div>]]></description>
        <TimeStamp>
          <when>2025-08-19T11:24:15+00:00</when>
        </TimeStamp>
        <Style>
          <IconStyle>
            <heading>243</heading>
            <Icon>
              <href>http://maps.google.com/mapfiles/kml/shapes/airports.png</href>
            </Icon>
          </IconStyle>
        </Style>
        <Point>
          <altitudeMode>absolute</altitudeMode>
          <coordinates>-112.106903,33.556458,601.98</coordinates>
        </Point>
      </Placemark>
      <Placemark>
        <name>2025-08-19 11:24:18 UTC</name>
        <description><![CDATA[<div><div><span><b>Altitude:</b></span> <span>1,950 ft</span></div>
<div><span><b>Speed:</b></span> <span>63 kt</span></div>
<div><span><b>Heading:</b></span> <span>240&deg;</span></div>
</div>]]></description>
        <TimeStamp>
          <when>2025-08-19T11:24:18+00:00</when>
        </TimeStamp>
        <Style>
          <IconStyle>
            <heading>240</heading>
            <Icon>
              <href>http://maps.google.com/mapfiles/kml/shapes/airports.png</href>
            </Icon>
          </IconStyle>
        </Style>
        <Point>
          <altitudeMode>absolute</altitudeMode>
          <coordinates>-112.107468,33.556156,594.36</coordinates>
        </Point>
      </Placemark>
      <Placemark>
        <name>2025-08-19 11:24:20 UTC</name>
        <description><![CDATA[<div><div><span><b>Altitude:</b></span> <span>1,950 ft</span></div>
<div><span><b>Speed:</b></span> <span>61 kt</span></div>
<div><span><b>Heading:</b></span> <span>235&deg;</span></div>
</div>]]></description>
        <TimeStamp>
          <when>2025-08-19T11:24:20+00:00</when>
        </TimeStamp>
        <Style>
          <IconStyle>
            <heading>235</heading>
            <Icon>
              <href>http://maps.google.com/mapfiles/kml/shapes/airports.png</href>
            </Icon>
          </IconStyle>
        </Style>
        <Point>
          <altitudeMode>absolute</altitudeMode>
          <coordinates>-112.108192,33.555771,594.36</coordinates>
        </Point>
      </Placemark>
      <Placemark>
        <name>2025-08-19 11:24:22 UTC</name>
        <description><![CDATA[<div><div><span><b>Altitude:</b></span> <span>1,975 ft</span></div>
<div><span><b>Speed:</b></span> <span>60 kt</span></div>
<div><span><b>Heading:</b></span> <span>226&deg;</span></div>
</div>]]></description>
        <TimeStamp>
          <when>2025-08-19T11:24:22+00:00</when>
        </TimeStamp>
        <Style>
          <IconStyle>
            <heading>226</heading>
            <Icon>
              <href>http://maps.google.com/mapfiles/kml/shapes/airports.png</href>
            </Icon>
          </IconStyle>
        </Style>
        <Point>
          <altitudeMode>absolute</altitudeMode>
          <coordinates>-112.108696,33.555405,601.98</coordinates>
        </Point>
      </Placemark>
      <Placemark>
        <name>2025-08-19 11:24:24 UTC</name>
        <description><![CDATA[<div><div><span><b>Altitude:</b></span> <span>1,975 ft</span></div>
<div><span><b>Speed:</b></span> <span>62 kt</span></div>
<div><span><b>Heading:</b></span> <span>216&deg;</span></div>
</div>]]></description>
        <TimeStamp>
          <when>2025-08-19T11:24:24+00:00</when>
        </TimeStamp>
        <Style>
          <IconStyle>
            <heading>216</heading>
            <Icon>
              <href>http://maps.google.com/mapfiles/kml/shapes/airports.png</href>
            </Icon>
          </IconStyle>
        </Style>
        <Point>
          <altitudeMode>absolute</altitudeMode>
          <coordinates>-112.109238,33.554901,601.98</coordinates>
        </Point>
      </Placemark>
      <Placemark>
        <name>2025-08-19 11:24:26 UTC</name>
        <description><![CDATA[<div><div><span><b>Altitude:</b></span> <span>1,975 ft</span></div>
<div><span><b>Speed:</b></span> <span>65 kt</span></div>
<div><span><b>Heading:</b></span> <span>201&deg;</span></div>
</div>]]></description>
        <TimeStamp>
          <when>2025-08-19T11:24:26+00:00</when>
        </TimeStamp>
        <Style>
          <IconStyle>
            <heading>201</heading>
            <Icon>
              <href>http://maps.google.com/mapfiles/kml/shapes/airports.png</href>
            </Icon>
          </IconStyle>
        </Style>
        <Point>
          <altitudeMode>absolute</altitudeMode>
          <coordinates>-112.109596,33.554352,601.98</coordinates>
        </Point>
      </Placemark>
      <Placemark>
        <name>2025-08-19 11:24:28 UTC</name>
        <description><![CDATA[<div><div><span><b>Altitude:</b></span> <span>1,950 ft</span></div>
<div><span><b>Speed:</b></span> <span>69 kt</span></div>
<div><span><b>Heading:</b></span> <span>187&deg;</span></div>
</div>]]></description>
        <TimeStamp>
          <when>2025-08-19T11:24:28+00:00</when>
        </TimeStamp>
        <Style>
          <IconStyle>
            <heading>187</heading>
            <Icon>
              <href>http://maps.google.com/mapfiles/kml/shapes/airports.png</href>
            </Icon>
          </IconStyle>
        </Style>
        <Point>
          <altitudeMode>absolute</altitudeMode>
          <coordinates>-112.109756,33.553642,594.36</coordinates>
        </Point>
      </Placemark>
      <Placemark>
        <name>2025-08-19 11:24:31 UTC</name>
        <description><![CDATA[<div><div><span><b>Altitude:</b></span> <span>1,925 ft</span></div>
<div><span><b>Speed:</b></span> <span>70 kt</span></div>
<div><span><b>Heading:</b></span> <span>164&deg;</span></div>
</div>]]></description>
        <TimeStamp>
          <when>2025-08-19T11:24:31+00:00</when>
        </TimeStamp>
        <Style>
          <IconStyle>
            <heading>164</heading>
            <Icon>
              <href>http://maps.google.com/mapfiles/kml/shapes/airports.png</href>
            </Icon>
          </IconStyle>
        </Style>
        <Point>
          <altitudeMode>absolute</altitudeMode>
          <coordinates>-112.109703,33.552979,586.74</coordinates>
        </Point>
      </Placemark>
      <Placemark>
        <name>2025-08-19 11:24:33 UTC</name>
        <description><![CDATA[<div><div><span><b>Altitude:</b></span> <span>1,925 ft</span></div>
<div><span><b>Speed:</b></span> <span>72 kt</span></div>
<div><span><b>Heading:</b></span> <span>144&deg;</span></div>
</div>]]></description>
        <TimeStamp>
          <when>2025-08-19T11:24:33+00:00</when>
        </TimeStamp>
        <Style>
          <IconStyle>
            <heading>144</heading>
            <Icon>
              <href>http://maps.google.com/mapfiles/kml/shapes/airports.png</href>
            </Icon>
          </IconStyle>
        </Style>
        <Point>
          <altitudeMode>absolute</altitudeMode>
          <coordinates>-112.109299,33.552387,586.74</coordinates>
        </Point>
      </Placemark>
      <Placemark>
        <name>2025-08-19 11:24:35 UTC</name>
        <description><![CDATA[<div><div><span><b>Altitude:</b></span> <span>1,950 ft</span></div>
<div><span><b>Speed:</b></span> <span>75 kt</span></div>
<div><span><b>Heading:</b></span> <span>112&deg;</span></div>
</div>]]></description>
        <TimeStamp>
          <when>2025-08-19T11:24:35+00:00</when>
        </TimeStamp>
        <Style>
          <IconStyle>
            <heading>112</heading>
            <Icon>
              <href>http://maps.google.com/mapfiles/kml/shapes/airports.png</href>
            </Icon>
          </IconStyle>
        </Style>
        <Point>
          <altitudeMode>absolute</altitudeMode>
          <coordinates>-112.108528,33.551971,594.36</coordinates>
        </Point>
      </Placemark>
      <Placemark>
        <name>2025-08-19 11:24:37 UTC</name>
        <description><![CDATA[<div><div><span><b>Altitude:</b></span> <span>1,900 ft</span></div>
<div><span><b>Speed:</b></span> <span>80 kt</span></div>
<div><span><b>Heading:</b></span> <span>103&deg;</span></div>
</div>]]></description>
        <TimeStamp>
          <when>2025-08-19T11:24:37+00:00</when>
        </TimeStamp>
        <Style>
          <IconStyle>
            <heading>103</heading>
            <Icon>
              <href>http://maps.google.com/mapfiles/kml/shapes/airports.png</href>
            </Icon>
          </IconStyle>
        </Style>
        <Point>
          <altitudeMode>absolute</altitudeMode>
          <coordinates>-112.107635,33.551781,579.12</coordinates>
        </Point>
      </Placemark>
      <Placemark>
        <name>2025-08-19 11:24:39 UTC</name>
        <description><![CDATA[<div><div><span><b>Altitude:</b></span> <span>1,900 ft</span></div>
<div><span><b>Speed:</b></span> <span>82 kt</span></div>
<div><span><b>Heading:</b></span> <span>104&deg;</span></div>
</div>]]></description>
        <TimeStamp>
          <when>2025-08-19T11:24:39+00:00</when>
        </TimeStamp>
        <Style>
          <IconStyle>
            <heading>104</heading>
            <Icon>
              <href>http://maps.google.com/mapfiles/kml/shapes/airports.png</href>
            </Icon>
          </IconStyle>
        </Style>
        <Point>
          <altitudeMode>absolute</altitudeMode>
          <coordinates>-112.106552,33.551548,579.12</coordinates>
        </Point>
      </Placemark>
      <Placemark>
        <name>2025-08-19 11:24:42 UTC</name>
        <description><![CDATA[<div><div><span><b>Altitude:</b></span> <span>1,900 ft</span></div>
<div><span><b>Speed:</b></span> <span>84 kt</span></div>
<div><span><b>Heading:</b></span> <span>106&deg;</span></div>
</div>]]></description>
        <TimeStamp>
          <when>2025-08-19T11:24:42+00:00</when>
        </TimeStamp>
        <Style>
          <IconStyle>
            <heading>106</heading>
            <Icon>
              <href>http://maps.google.com/mapfiles/kml/shapes/airports.png</href>
            </Icon>
          </IconStyle>
        </Style>
        <Point>
          <altitudeMode>absolute</altitudeMode>
          <coordinates>-112.105728,33.551376,579.12</coordinates>
        </Point>
      </Placemark>
      <Placemark>
        <name>2025-08-19 11:24:44 UTC</name>
        <description><![CDATA[<div><div><span><b>Altitude:</b></span> <span>1,875 ft</span></div>
<div><span><b>Speed:</b></span> <span>85 kt</span></div>
<div><span><b>Heading:</b></span> <span>106&deg;</span></div>
</div>]]></description>
        <TimeStamp>
          <when>2025-08-19T11:24:44+00:00</when>
        </TimeStamp>
        <Style>
          <IconStyle>
            <heading>106</heading>
            <Icon>
              <href>http://maps.google.com/mapfiles/kml/shapes/airports.png</href>
            </Icon>
          </IconStyle>
        </Style>
        <Point>
          <altitudeMode>absolute</altitudeMode>
          <coordinates>-112.10466,33.551056,571.5</coordinates>
        </Point>
      </Placemark>
      <Placemark>
        <name>2025-08-19 11:24:46 UTC</name>
        <description><![CDATA[<div><div><span><b>Altitude:</b></span> <span>1,875 ft</span></div>
<div><span><b>Speed:</b></span> <span>86 kt</span></div>
<div><span><b>Heading:</b></span> <span>108&deg;</span></div>
</div>]]></description>
        <TimeStamp>
          <when>2025-08-19T11:24:46+00:00</when>
        </TimeStamp>
        <Style>
          <IconStyle>
            <heading>108</heading>
            <Icon>
              <href>http://maps.google.com/mapfiles/kml/shapes/airports.png</href>
            </Icon>
          </IconStyle>
        </Style>
        <Point>
          <altitudeMode>absolute</altitudeMode>
          <coordinates>-112.103691,33.550804,571.5</coordinates>
        </Point>
      </Placemark>
      <Placemark>
        <name>2025-08-19 11:24:48 UTC</name>
        <description><![CDATA[<div><div><span><b>Altitude:</b></span> <span>1,875 ft</span></div>
<div><span><b>Speed:</b></span> <span>86 kt</span></div>
<div><span><b>Heading:</b></span> <span>108&deg;</span></div>
</div>]]></description>
        <TimeStamp>
          <when>2025-08-19T11:24:48+00:00</when>
        </TimeStamp>
        <Style>
          <IconStyle>
            <heading>108</heading>
            <Icon>
              <href>http://maps.google.com/mapfiles/kml/shapes/airports.png</href>
            </Icon>
          </IconStyle>
        </Style>
        <Point>
          <altitudeMode>absolute</altitudeMode>
          <coordinates>-112.102776,33.550571,571.5</coordinates>
        </Point>
      </Placemark>
      <Placemark>
        <name>2025-08-19 11:24:50 UTC</name>
        <description><![CDATA[<div><div><span><b>Altitude:</b></span> <span>1,875 ft</span></div>
<div><span><b>Speed:</b></span> <span>85 kt</span></div>
<div><span><b>Heading:</b></span> <span>104&deg;</span></div>
</div>]]></description>
        <TimeStamp>
          <when>2025-08-19T11:24:50+00:00</when>
        </TimeStamp>
        <Style>
          <IconStyle>
            <heading>104</heading>
            <Icon>
              <href>http://maps.google.com/mapfiles/kml/shapes/airports.png</href>
            </Icon>
          </IconStyle>
        </Style>
        <Point>
          <altitudeMode>absolute</altitudeMode>
          <coordinates>-112.101631,33.550278,571.5</coordinates>
        </Point>
      </Placemark>
      <Placemark>
        <name>2025-08-19 11:24:52 UTC</name>
        <description><![CDATA[<div><div><span><b>Altitude:</b></span> <span>1,875 ft</span></div>
<div><span><b>Speed:</b></span> <span>82 kt</span></div>
<div><span><b>Heading:</b></span> <span>96&deg;</span></div>
</div>]]></description>
        <TimeStamp>
          <when>2025-08-19T11:24:52+00:00</when>
        </TimeStamp>
        <Style>
          <IconStyle>
            <heading>96</heading>
            <Icon>
              <href>http://maps.google.com/mapfiles/kml/shapes/airports.png</href>
            </Icon>
          </IconStyle>
        </Style>
        <Point>
          <altitudeMode>absolute</altitudeMode>
          <coordinates>-112.100662,33.550152,571.5</coordinates>
        </Point>
      </Placemark>
      <Placemark>
        <name>2025-08-19 11:24:55 UTC</name>
        <description><![CDATA[<div><div><span><b>Altitude:</b></span> <span>1,900 ft</span></div>
<div><span><b>Speed:</b></span> <span>79 kt</span></div>
<div><span><b>Heading:</b></span> <span>82&deg;</span></div>
</div>]]></description>
        <TimeStamp>
          <when>2025-08-19T11:24:55+00:00</when>
        </TimeStamp>
        <Style>
          <IconStyle>
            <heading>82</heading>
            <Icon>
              <href>http://maps.google.com/mapfiles/kml/shapes/airports.png</href>
            </Icon>
          </IconStyle>
        </Style>
        <Point>
          <altitudeMode>absolute</altitudeMode>
          <coordinates>-112.099518,33.550152,579.12</coordinates>
        </Point>
      </Placemark>
      <Placemark>
        <name>2025-08-19 11:24:57 UTC</name>
        <description><![CDATA[<div><div><span><b>Altitude:</b></span> <span>1,925 ft</span></div>
<div><span><b>Speed:</b></span> <span>78 kt</span></div>
<div><span><b>Heading:</b></span> <span>67&deg;</span></div>
</div>]]></description>
        <TimeStamp>
          <when>2025-08-19T11:24:57+00:00</when>
        </TimeStamp>
        <Style>
          <IconStyle>
            <heading>67</heading>
            <Icon>
              <href>http://maps.google.com/mapfiles/kml/shapes/airports.png</href>
            </Icon>
          </IconStyle>
        </Style>
        <Point>
          <altitudeMode>absolute</altitudeMode>
          <coordinates>-112.098717,33.550369,586.74</coordinates>
        </Point>
      </Placemark>
      <Placemark>
        <name>2025-08-19 11:25:00 UTC</name>
        <description><![CDATA[<div><div><span><b>Altitude:</b></span> <span>1,925 ft</span></div>
<div><span><b>Speed:</b></span> <span>76 kt</span></div>
<div><span><b>Heading:</b></span> <span>47&deg;</span></div>
</div>]]></description>
        <TimeStamp>
          <when>2025-08-19T11:25:00+00:00</when>
        </TimeStamp>
        <Style>
          <IconStyle>
            <heading>47</heading>
            <Icon>
              <href>http://maps.google.com/mapfiles/kml/shapes/airports.png</href>
            </Icon>
          </IconStyle>
        </Style>
        <Point>
          <altitudeMode>absolute</altitudeMode>
          <coordinates>-112.097855,33.55085,586.74</coordinates>
        </Point>
      </Placemark>
      <Placemark>
        <name>2025-08-19 11:25:02 UTC</name>
        <description><![CDATA[<div><div><span><b>Altitude:</b></span> <span>1,925 ft</span></div>
<div><span><b>Speed:</b></span> <span>77 kt</span></div>
<div><span><b>Heading:</b></span> <span>35&deg;</span></div>
</div>]]></description>
        <TimeStamp>
          <when>2025-08-19T11:25:02+00:00</when>
        </TimeStamp>
        <Style>
          <IconStyle>
            <heading>35</heading>
            <Icon>
              <href>http://maps.google.com/mapfiles/kml/shapes/airports.png</href>
            </Icon>
          </IconStyle>
        </Style>
        <Point>
          <altitudeMode>absolute</altitudeMode>
          <coordinates>-112.097282,33.551407,586.74</coordinates>
        </Point>
      </Placemark>
      <Placemark>
        <name>2025-08-19 11:25:04 UTC</name>
        <description><![CDATA[<div><div><span><b>Altitude:</b></span> <span>1,925 ft</span></div>
<div><span><b>Speed:</b></span> <span>77 kt</span></div>
<div><span><b>Heading:</b></span> <span>23&deg;</span></div>
</div>]]></description>
        <TimeStamp>
          <when>2025-08-19T11:25:04+00:00</when>
        </TimeStamp>
        <Style>
          <IconStyle>
            <heading>23</heading>
            <Icon>
              <href>http://maps.google.com/mapfiles/kml/shapes/airports.png</href>
            </Icon>
          </IconStyle>
        </Style>
        <Point>
          <altitudeMode>absolute</altitudeMode>
          <coordinates>-112.096756,33.552155,586.74</coordinates>
        </Point>
      </Placemark>
      <Placemark>
        <name>2025-08-19 11:25:06 UTC</name>
        <description><![CDATA[<div><div><span><b>Altitude:</b></span> <span>1,925 ft</span></div>
<div><span><b>Speed:</b></span> <span>76 kt</span></div>
<div><span><b>Heading:</b></span> <span>9&deg;</span></div>
</div>]]></description>
        <TimeStamp>
          <when>2025-08-19T11:25:06+00:00</when>
        </TimeStamp>
        <Style>
          <IconStyle>
            <heading>9</heading>
            <Icon>
              <href>http://maps.google.com/mapfiles/kml/shapes/airports.png</href>
            </Icon>
          </IconStyle>
        </Style>
        <Point>
          <altitudeMode>absolute</altitudeMode>
          <coordinates>-112.096542,33.552898,586.74</coordinates>
        </Point>
      </Placemark>
      <Placemark>
        <name>2025-08-19 11:25:09 UTC</name>
        <description><![CDATA[<div><div><span><b>Altitude:</b></span> <span>1,925 ft</span></div>
<div><span><b>Speed:</b></span> <span>74 kt</span></div>
<div><span><b>Heading:</b></span> <span>356&deg;</span></div>
</div>]]></description>
        <TimeStamp>
          <when>2025-08-19T11:25:09+00:00</when>
        </TimeStamp>
        <Style>
          <IconStyle>
            <heading>356</heading>
            <Icon>
              <href>http://maps.google.com/mapfiles/kml/shapes/airports.png</href>
            </Icon>
          </IconStyle>
        </Style>
        <Point>
          <altitudeMode>absolute</altitudeMode>
          <coordinates>-112.096481,33.553783,586.74</coordinates>
        </Point>
      </Placemark>
      <Placemark>
        <name>2025-08-19 11:25:11 UTC</name>
        <description><![CDATA[<div><div><span><b>Altitude:</b></span> <span>1,925 ft</span></div>
<div><span><b>Speed:</b></span> <span>70 kt</span></div>
<div><span><b>Heading:</b></span> <span>344&deg;</span></div>
</div>]]></description>
        <TimeStamp>
          <when>2025-08-19T11:25:11+00:00</when>
        </TimeStamp>
        <Style>
          <IconStyle>
            <heading>344</heading>
            <Icon>
              <href>http://maps.google.com/mapfiles/kml/shapes/airports.png</href>
            </Icon>
          </IconStyle>
        </Style>
        <Point>
          <altitudeMode>absolute</altitudeMode>
          <coordinates>-112.09671,33.554482,586.74</coordinates>
        </Point>
      </Placemark>
      <Placemark>
        <name>2025-08-19 11:25:13 UTC</name>
        <description><![CDATA[<div><div><span><b>Altitude:</b></span> <span>1,925 ft</span></div>
<div><span><b>Speed:</b></span> <span>65 kt</span></div>
<div><span><b>Heading:</b></span> <span>323&deg;</span></div>
</div>]]></description>
        <TimeStamp>
          <when>2025-08-19T11:25:13+00:00</when>
        </TimeStamp>
        <Style>
          <IconStyle>
            <heading>323</heading>
            <Icon>
              <href>http://maps.google.com/mapfiles/kml/shapes/airports.png</href>
            </Icon>
          </IconStyle>
        </Style>
        <Point>
          <altitudeMode>absolute</altitudeMode>
          <coordinates>-112.097038,33.555084,586.74</coordinates>
        </Point>
      </Placemark>
      <Placemark>
        <name>2025-08-19 11:25:15 UTC</name>
        <description><![CDATA[<div><div><span><b>Altitude:</b></span> <span>1,925 ft</span></div>
<div><span><b>Speed:</b></span> <span>63 kt</span></div>
<div><span><b>Heading:</b></span> <span>307&deg;</span></div>
</div>]]></description>
        <TimeStamp>
          <when>2025-08-19T11:25:15+00:00</when>
        </TimeStamp>
        <Style>
          <IconStyle>
            <heading>307</heading>
            <Icon>
              <href>http://maps.google.com/mapfiles/kml/shapes/airports.png</href>
            </Icon>
          </IconStyle>
        </Style>
        <Point>
          <altitudeMode>absolute</altitudeMode>
          <coordinates>-112.097542,33.555542,586.74</coordinates>
        </Point>
      </Placemark>
      <Placemark>
        <name>2025-08-19 11:25:17 UTC</name>
        <description><![CDATA[<div><div><span><b>Altitude:</b></span> <span>1,925 ft</span></div>
<div><span><b>Speed:</b></span> <span>64 kt</span></div>
<div><span><b>Heading:</b></span> <span>292&deg;</span></div>
</div>]]></description>
        <TimeStamp>
          <when>2025-08-19T11:25:17+00:00</when>
        </TimeStamp>
        <Style>
          <IconStyle>
            <heading>292</heading>
            <Icon>
              <href>http://maps.google.com/mapfiles/kml/shapes/airports.png</href>
            </Icon>
          </IconStyle>
        </Style>
        <Point>
          <altitudeMode>absolute</altitudeMode>
          <coordinates>-112.098099,33.555862,586.74</coordinates>
        </Point>
      </Placemark>
      <Placemark>
        <name>2025-08-19 11:25:19 UTC</name>
        <description><![CDATA[<div><div><span><b>Altitude:</b></span> <span>1,950 ft</span></div>
<div><span><b>Speed:</b></span> <span>69 kt</span></div>
<div><span><b>Heading:</b></span> <span>289&deg;</span></div>
</div>]]></description>
        <TimeStamp>
          <when>2025-08-19T11:25:19+00:00</when>
        </TimeStamp>
        <Style>
          <IconStyle>
            <heading>289</heading>
            <Icon>
              <href>http://maps.google.com/mapfiles/kml/shapes/airports.png</href>
            </Icon>
          </IconStyle>
        </Style>
        <Point>
          <altitudeMode>absolute</altitudeMode>
          <coordinates>-112.098999,33.556137,594.36</coordinates>
        </Point>
      </Placemark>
      <Placemark>
        <name>2025-08-19 11:25:22 UTC</name>
        <description><![CDATA[<div><div><span><b>Altitude:</b></span> <span>1,900 ft</span></div>
<div><span><b>Speed:</b></span> <span>78 kt</span></div>
<div><span><b>Heading:</b></span> <span>294&deg;</span></div>
</div>]]></description>
        <TimeStamp>
          <when>2025-08-19T11:25:22+00:00</when>
        </TimeStamp>
        <Style>
          <IconStyle>
            <heading>294</heading>
            <Icon>
              <href>http://maps.google.com/mapfiles/kml/shapes/airports.png</href>
            </Icon>
          </IconStyle>
        </Style>
        <Point>
          <altitudeMode>absolute</altitudeMode>
          <coordinates>-112.099854,33.556435,579.12</coordinates>
        </Point>
      </Placemark>
      <Placemark>
        <name>2025-08-19 11:25:24 UTC</name>
        <description><![CDATA[<div><div><span><b>Altitude:</b></span> <span>1,875 ft</span></div>
<div><span><b>Speed:</b></span> <span>87 kt</span></div>
<div><span><b>Heading:</b></span> <span>315&deg;</span></div>
</div>]]></description>
        <TimeStamp>
          <when>2025-08-19T11:25:24+00:00</when>
        </TimeStamp>
        <Style>
          <IconStyle>
            <heading>315</heading>
            <Icon>
              <href>http://maps.google.com/mapfiles/kml/shapes/airports.png</href>
            </Icon>
          </IconStyle>
        </Style>
        <Point>
          <altitudeMode>absolute</altitudeMode>
          <coordinates>-112.100571,33.55687,571.5</coordinates>
        </Point>
      </Placemark>
      <Placemark>
        <name>2025-08-19 11:25:26 UTC</name>
        <description><![CDATA[<div><div><span><b>Altitude:</b></span> <span>1,850 ft</span></div>
<div><span><b>Speed:</b></span> <span>91 kt</span></div>
<div><span><b>Heading:</b></span> <span>331&deg;</span></div>
</div>]]></description>
        <TimeStamp>
          <when>2025-08-19T11:25:26+00:00</when>
        </TimeStamp>
        <Style>
          <IconStyle>
            <heading>331</heading>
            <Icon>
              <href>http://maps.google.com/mapfiles/kml/shapes/airports.png</href>
            </Icon>
          </IconStyle>
        </Style>
        <Point>
          <altitudeMode>absolute</altitudeMode>
          <coordinates>-112.101288,33.557693,563.88</coordinates>
        </Point>
      </Placemark>
      <Placemark>
        <name>2025-08-19 11:25:28 UTC</name>
        <description><![CDATA[<div><div><span><b>Altitude:</b></span> <span>1,850 ft</span></div>
<div><span><b>Speed:</b></span> <span>93 kt</span></div>
<div><span><b>Heading:</b></span> <span>344&deg;</span></div>
</div>]]></description>
        <TimeStamp>
          <when>2025-08-19T11:25:28+00:00</when>
        </TimeStamp>
        <Style>
          <IconStyle>
            <heading>344</heading>
            <Icon>
              <href>http://maps.google.com/mapfiles/kml/shapes/airports.png</href>
            </Icon>
          </IconStyle>
        </Style>
        <Point>
          <altitudeMode>absolute</altitudeMode>
          <coordinates>-112.101631,33.558483,563.88</coordinates>
        </Point>
      </Placemark>
      <Placemark>
        <name>2025-08-19 11:25:30 UTC</name>
        <description><![CDATA[<div><div><span><b>Altitude:</b></span> <span>1,875 ft</span></div>
<div><span><b>Speed:</b></span> <span>97 kt</span></div>
<div><span><b>Heading:</b></span> <span>358&deg;</span></div>
</div>]]></description>
        <TimeStamp>
          <when>2025-08-19T11:25:30+00:00</when>
        </TimeStamp>
        <Style>
          <IconStyle>
            <heading>358</heading>
            <Icon>
              <href>http://maps.google.com/mapfiles/kml/shapes/airports.png</href>
            </Icon>
          </IconStyle>
        </Style>
        <Point>
          <altitudeMode>absolute</altitudeMode>
          <coordinates>-112.101799,33.559616,571.5</coordinates>
        </Point>
      </Placemark>
      <Placemark>
        <name>2025-08-19 11:25:33 UTC</name>
        <description><![CDATA[<div><div><span><b>Altitude:</b></span> <span>1,900 ft</span></div>
<div><span><b>Speed:</b></span> <span>100 kt</span></div>
<div><span><b>Heading:</b></span> <span>6&deg;</span></div>
</div>]]></description>
        <TimeStamp>
          <when>2025-08-19T11:25:33+00:00</when>
        </TimeStamp>
        <Style>
          <IconStyle>
            <heading>6</heading>
            <Icon>
              <href>http://maps.google.com/mapfiles/kml/shapes/airports.png</href>
            </Icon>
          </IconStyle>
        </Style>
        <Point>
          <altitudeMode>absolute</altitudeMode>
          <coordinates>-112.101685,33.560673,579.12</coordinates>
        </Point>
      </Placemark>
      <Placemark>
        <name>2025-08-19 11:25:37 UTC</name>
        <description><![CDATA[<div><div><span><b>Altitude:</b></span> <span>1,900 ft</span></div>
<div><span><b>Speed:</b></span> <span>104 kt</span></div>
<div><span><b>Heading:</b></span> <span>6&deg;</span></div>
</div>]]></description>
        <TimeStamp>
          <when>2025-08-19T11:25:37+00:00</when>
        </TimeStamp>
        <Style>
          <IconStyle>
            <heading>6</heading>
            <Icon>
              <href>http://maps.google.com/mapfiles/kml/shapes/airports.png</href>
            </Icon>
          </IconStyle>
        </Style>
        <Point>
          <altitudeMode>absolute</altitudeMode>
          <coordinates>-112.101357,33.562683,579.12</coordinates>
        </Point>
      </Placemark>
      <Placemark>
        <name>2025-08-19 11:25:40 UTC</name>
        <description><![CDATA[<div><div><span><b>Altitude:</b></span> <span>1,900 ft</span></div>
<div><span><b>Speed:</b></span> <span>105 kt</span></div>
<div><span><b>Heading:</b></span> <span>5&deg;</span></div>
</div>]]></description>
        <TimeStamp>
          <when>2025-08-19T11:25:40+00:00</when>
        </TimeStamp>
        <Style>
          <IconStyle>
            <heading>5</heading>
            <Icon>
              <href>http://maps.google.com/mapfiles/kml/shapes/airports.png</href>
            </Icon>
          </IconStyle>
        </Style>
        <Point>
          <altitudeMode>absolute</altitudeMode>
          <coordinates>-112.101242,33.563782,579.12</coordinates>
        </Point>
      </Placemark>
      <Placemark>
        <name>2025-08-19 11:25:42 UTC</name>
        <description><![CDATA[<div><div><span><b>Altitude:</b></span> <span>1,925 ft</span></div>
<div><span><b>Speed:</b></span> <span>107 kt</span></div>
<div><span><b>Heading:</b></span> <span>4&deg;</span></div>
</div>]]></description>
        <TimeStamp>
          <when>2025-08-19T11:25:42+00:00</when>
        </TimeStamp>
        <Style>
          <IconStyle>
            <heading>4</heading>
            <Icon>
              <href>http://maps.google.com/mapfiles/kml/shapes/airports.png</href>
            </Icon>
          </IconStyle>
        </Style>
        <Point>
          <altitudeMode>absolute</altitudeMode>
          <coordinates>-112.10112,33.564816,586.74</coordinates>
        </Point>
      </Placemark>
      <Placemark>
        <name>2025-08-19 11:25:44 UTC</name>
        <description><![CDATA[<div><div><span><b>Altitude:</b></span> <span>1,925 ft</span></div>
<div><span><b>Speed:</b></span> <span>108 kt</span></div>
<div><span><b>Heading:</b></span> <span>3&deg;</span></div>
</div>]]></description>
        <TimeStamp>
          <when>2025-08-19T11:25:44+00:00</when>
        </TimeStamp>
        <Style>
          <IconStyle>
            <heading>3</heading>
            <Icon>
              <href>http://maps.google.com/mapfiles/kml/shapes/airports.png</href>
            </Icon>
          </IconStyle>
        </Style>
        <Point>
          <altitudeMode>absolute</altitudeMode>
          <coordinates>-112.100998,33.565979,586.74</coordinates>
        </Point>
      </Placemark>
      <Placemark>
        <name>2025-08-19 11:25:46 UTC</name>
        <description><![CDATA[<div><div><span><b>Altitude:</b></span> <span>1,950 ft</span></div>
<div><span><b>Speed:</b></span> <span>109 kt</span></div>
<div><span><b>Heading:</b></span> <span>3&deg;</span></div>
</div>]]></description>
        <TimeStamp>
          <when>2025-08-19T11:25:46+00:00</when>
        </TimeStamp>
        <Style>
          <IconStyle>
            <heading>3</heading>
            <Icon>
              <href>http://maps.google.com/mapfiles/kml/shapes/airports.png</href>
            </Icon>
          </IconStyle>
        </Style>
        <Point>
          <altitudeMode>absolute</altitudeMode>
          <coordinates>-112.100906,33.567261,594.36</coordinates>
        </Point>
      </Placemark>
      <Placemark>
        <name>2025-08-19 11:25:48 UTC</name>
        <description><![CDATA[<div><div><span><b>Altitude:</b></span> <span>1,950 ft</span></div>
<div><span><b>Speed:</b></span> <span>110 kt</span></div>
<div><span><b>Heading:</b></span> <span>2&deg;</span></div>
</div>]]></description>
        <TimeStamp>
          <when>2025-08-19T11:25:48+00:00</when>
        </TimeStamp>
        <Style>
          <IconStyle>
            <heading>2</heading>
            <Icon>
              <href>http://maps.google.com/mapfiles/kml/shapes/airports.png</href>
            </Icon>
          </IconStyle>
        </Style>
        <Point>
          <altitudeMode>absolute</altitudeMode>
          <coordinates>-112.100845,33.568176,594.36</coordinates>
        </Point>
      </Placemark>
      <Placemark>
        <name>2025-08-19 11:25:50 UTC</name>
        <description><![CDATA[<div><div><span><b>Altitude:</b></span> <span>1,950 ft</span></div>
<div><span><b>Speed:</b></span> <span>111 kt</span></div>
<div><span><b>Heading:</b></span> <span>3&deg;</span></div>
</div>]]></description>
        <TimeStamp>
          <when>2025-08-19T11:25:50+00:00</when>
        </TimeStamp>
        <Style>
          <IconStyle>
            <heading>3</heading>
            <Icon>
              <href>http://maps.google.com/mapfiles/kml/shapes/airports.png</href>
            </Icon>
          </IconStyle>
        </Style>
        <Point>
          <altitudeMode>absolute</altitudeMode>
          <coordinates>-112.100792,33.569183,594.36</coordinates>
        </Point>
      </Placemark>
      <Placemark>
        <name>2025-08-19 11:25:52 UTC</name>
        <description><![CDATA[<div><div><span><b>Altitude:</b></span> <span>1,950 ft</span></div>
<div><span><b>Speed:</b></span> <span>112 kt</span></div>
<div><span><b>Heading:</b></span> <span>3&deg;</span></div>
</div>]]></description>
        <TimeStamp>
          <when>2025-08-19T11:25:52+00:00</when>
        </TimeStamp>
        <Style>
          <IconStyle>
            <heading>3</heading>
            <Icon>
              <href>http://maps.google.com/mapfiles/kml/shapes/airports.png</href>
            </Icon>
          </IconStyle>
        </Style>
        <Point>
          <altitudeMode>absolute</altitudeMode>
          <coordinates>-112.100716,33.570263,594.36</coordinates>
        </Point>
      </Placemark>
      <Placemark>
        <name>2025-08-19 11:25:54 UTC</name>
        <description><![CDATA[<div><div><span><b>Altitude:</b></span> <span>1,975 ft</span></div>
<div><span><b>Speed:</b></span> <span>114 kt</span></div>
<div><span><b>Heading:</b></span> <span>2&deg;</span></div>
</div>]]></description>
        <TimeStamp>
          <when>2025-08-19T11:25:54+00:00</when>
        </TimeStamp>
        <Style>
          <IconStyle>
            <heading>2</heading>
            <Icon>
              <href>http://maps.google.com/mapfiles/kml/shapes/airports.png</href>
            </Icon>
          </IconStyle>
        </Style>
        <Point>
          <altitudeMode>absolute</altitudeMode>
          <coordinates>-112.100677,33.571289,601.98</coordinates>
        </Point>
      </Placemark>
      <Placemark>
        <name>2025-08-19 11:25:57 UTC</name>
        <description><![CDATA[<div><div><span><b>Altitude:</b></span> <span>1,975 ft</span></div>
<div><span><b>Speed:</b></span> <span>115 kt</span></div>
<div><span><b>Heading:</b></span> <span>2&deg;</span></div>
</div>]]></description>
        <TimeStamp>
          <when>2025-08-19T11:25:57+00:00</when>
        </TimeStamp>
        <Style>
          <IconStyle>
            <heading>2</heading>
            <Icon>
              <href>http://maps.google.com/mapfiles/kml/shapes/airports.png</href>
            </Icon>
          </IconStyle>
        </Style>
        <Point>
          <altitudeMode>absolute</altitudeMode>
          <coordinates>-112.100624,33.572433,601.98</coordinates>
        </Point>
      </Placemark>
      <Placemark>
        <name>2025-08-19 11:25:59 UTC</name>
        <description><![CDATA[<div><div><span><b>Altitude:</b></span> <span>2,000 ft</span></div>
<div><span><b>Speed:</b></span> <span>116 kt</span></div>
<div><span><b>Heading:</b></span> <span>1&deg;</span></div>
</div>]]></description>
        <TimeStamp>
          <when>2025-08-19T11:25:59+00:00</when>
        </TimeStamp>
        <Style>
          <IconStyle>
            <heading>1</heading>
            <Icon>
              <href>http://maps.google.com/mapfiles/kml/shapes/airports.png</href>
            </Icon>
          </IconStyle>
        </Style>
        <Point>
          <altitudeMode>absolute</altitudeMode>
          <coordinates>-112.10054,33.573662,609.6</coordinates>
        </Point>
      </Placemark>
      <Placemark>
        <name>2025-08-19 11:26:01 UTC</name>
        <description><![CDATA[<div><div><span><b>Altitude:</b></span> <span>2,000 ft</span></div>
<div><span><b>Speed:</b></span> <span>117 kt</span></div>
<div><span><b>Heading:</b></span> <span>1&deg;</span></div>
</div>]]></description>
        <TimeStamp>
          <when>2025-08-19T11:26:01+00:00</when>
        </TimeStamp>
        <Style>
          <IconStyle>
            <heading>1</heading>
            <Icon>
              <href>http://maps.google.com/mapfiles/kml/shapes/airports.png</href>
            </Icon>
          </IconStyle>
        </Style>
        <Point>
          <altitudeMode>absolute</altitudeMode>
          <coordinates>-112.10051,33.574814,609.6</coordinates>
        </Point>
      </Placemark>
      <Placemark>
        <name>2025-08-19 11:26:03 UTC</name>
        <description><![CDATA[<div><div><span><b>Altitude:</b></span> <span>2,000 ft</span></div>
<div><span><b>Speed:</b></span> <span>119 kt</span></div>
<div><span><b>Heading:</b></span> <span>1&deg;</span></div>
</div>]]></description>
        <TimeStamp>
          <when>2025-08-19T11:26:03+00:00</when>
        </TimeStamp>
        <Style>
          <IconStyle>
            <heading>1</heading>
            <Icon>
              <href>http://maps.google.com/mapfiles/kml/shapes/airports.png</href>
            </Icon>
          </IconStyle>
        </Style>
        <Point>
          <altitudeMode>absolute</altitudeMode>
          <coordinates>-112.100487,33.57608,609.6</coordinates>
        </Point>
      </Placemark>
      <Placemark>
        <name>2025-08-19 11:26:05 UTC</name>
        <description><![CDATA[<div><div><span><b>Altitude:</b></span> <span>2,000 ft</span></div>
<div><span><b>Speed:</b></span> <span>119 kt</span></div>
<div><span><b>Heading:</b></span> <span>1&deg;</span></div>
</div>]]></description>
        <TimeStamp>
          <when>2025-08-19T11:26:05+00:00</when>
        </TimeStamp>
        <Style>
          <IconStyle>
            <heading>1</heading>
            <Icon>
              <href>http://maps.google.com/mapfiles/kml/shapes/airports.png</href>
            </Icon>
          </IconStyle>
        </Style>
        <Point>
          <altitudeMode>absolute</altitudeMode>
          <coordinates>-112.100456,33.577332,609.6</coordinates>
        </Point>
      </Placemark>
      <Placemark>
        <name>2025-08-19 11:26:07 UTC</name>
        <description><![CDATA[<div><div><span><b>Altitude:</b></span> <span>2,025 ft</span></div>
<div><span><b>Speed:</b></span> <span>119 kt</span></div>
<div><span><b>Heading:</b></span> <span>1&deg;</span></div>
</div>]]></description>
        <TimeStamp>
          <when>2025-08-19T11:26:07+00:00</when>
        </TimeStamp>
        <Style>
          <IconStyle>
            <heading>1</heading>
            <Icon>
              <href>http://maps.google.com/mapfiles/kml/shapes/airports.png</href>
            </Icon>
          </IconStyle>
        </Style>
        <Point>
          <altitudeMode>absolute</altitudeMode>
          <coordinates>-112.100372,33.578407,617.22</coordinates>
        </Point>
      </Placemark>
      <Placemark>
        <name>2025-08-19 11:26:14 UTC</name>
        <description><![CDATA[<div><div><span><b>Altitude:</b></span> <span>2,025 ft</span></div>
<div><span><b>Speed:</b></span> <span>123 kt</span></div>
<div><span><b>Heading:</b></span> <span>357&deg;</span></div>
</div>]]></description>
        <TimeStamp>
          <when>2025-08-19T11:26:14+00:00</when>
        </TimeStamp>
        <Style>
          <IconStyle>
            <heading>357</heading>
            <Icon>
              <href>http://maps.google.com/mapfiles/kml/shapes/airports.png</href>
            </Icon>
          </IconStyle>
        </Style>
        <Point>
          <altitudeMode>absolute</altitudeMode>
          <coordinates>-112.100342,33.581909,617.22</coordinates>
        </Point>
      </Placemark>
      <Placemark>
        <name>2025-08-19 11:26:16 UTC</name>
        <description><![CDATA[<div><div><span><b>Altitude:</b></span> <span>2,000 ft</span></div>
<div><span><b>Speed:</b></span> <span>125 kt</span></div>
<div><span><b>Heading:</b></span> <span>358&deg;</span></div>
</div>]]></description>
        <TimeStamp>
          <when>2025-08-19T11:26:16+00:00</when>
        </TimeStamp>
        <Style>
          <IconStyle>
            <heading>358</heading>
            <Icon>
              <href>http://maps.google.com/mapfiles/kml/shapes/airports.png</href>
            </Icon>
          </IconStyle>
        </Style>
        <Point>
          <altitudeMode>absolute</altitudeMode>
          <coordinates>-112.100342,33.583054,609.6</coordinates>
        </Point>
      </Placemark>
      <Placemark>
        <name>2025-08-19 11:26:24 UTC</name>
        <description><![CDATA[<div><div><span><b>Altitude:</b></span> <span>2,000 ft</span></div>
<div><span><b>Speed:</b></span> <span>125 kt</span></div>
<div><span><b>Heading:</b></span> <span>358&deg;</span></div>
</div>]]></description>
        <TimeStamp>
          <when>2025-08-19T11:26:24+00:00</when>
        </TimeStamp>
        <Style>
          <IconStyle>
            <heading>358</heading>
            <Icon>
              <href>http://maps.google.com/mapfiles/kml/shapes/airports.png</href>
            </Icon>
          </IconStyle>
        </Style>
        <Point>
          <altitudeMode>absolute</altitudeMode>
          <coordinates>-112.100433,33.588093,609.6</coordinates>
        </Point>
      </Placemark>
      <Placemark>
        <name>2025-08-19 11:26:27 UTC</name>
        <description><![CDATA[<div><div><span><b>Altitude:</b></span> <span>2,025 ft</span></div>
<div><span><b>Speed:</b></span> <span>124 kt</span></div>
<div><span><b>Heading:</b></span> <span>357&deg;</span></div>
</div>]]></description>
        <TimeStamp>
          <when>2025-08-19T11:26:27+00:00</when>
        </TimeStamp>
        <Style>
          <IconStyle>
            <heading>357</heading>
            <Icon>
              <href>http://maps.google.com/mapfiles/kml/shapes/airports.png</href>
            </Icon>
          </IconStyle>
        </Style>
        <Point>
          <altitudeMode>absolute</altitudeMode>
          <coordinates>-112.100487,33.589256,617.22</coordinates>
        </Point>
      </Placemark>
      <Placemark>
        <name>2025-08-19 11:26:33 UTC</name>
        <description><![CDATA[<div><div><span><b>Altitude:</b></span> <span>2,050 ft</span></div>
<div><span><b>Speed:</b></span> <span>123 kt</span></div>
<div><span><b>Heading:</b></span> <span>357&deg;</span></div>
</div>]]></description>
        <TimeStamp>
          <when>2025-08-19T11:26:33+00:00</when>
        </TimeStamp>
        <Style>
          <IconStyle>
            <heading>357</heading>
            <Icon>
              <href>http://maps.google.com/mapfiles/kml/shapes/airports.png</href>
            </Icon>
          </IconStyle>
        </Style>
        <Point>
          <altitudeMode>absolute</altitudeMode>
          <coordinates>-112.100739,33.593216,624.84</coordinates>
        </Point>
      </Placemark>
      <Placemark>
        <name>2025-08-19 11:26:40 UTC</name>
        <description><![CDATA[<div><div><span><b>Altitude:</b></span> <span>2,100 ft</span></div>
<div><span><b>Speed:</b></span> <span>121 kt</span></div>
<div><span><b>Heading:</b></span> <span>359&deg;</span></div>
</div>]]></description>
        <TimeStamp>
          <when>2025-08-19T11:26:40+00:00</when>
        </TimeStamp>
        <Style>
          <IconStyle>
            <heading>359</heading>
            <Icon>
              <href>http://maps.google.com/mapfiles/kml/shapes/airports.png</href>
            </Icon>
          </IconStyle>
        </Style>
        <Point>
          <altitudeMode>absolute</altitudeMode>
          <coordinates>-112.100845,33.597153,640.08</coordinates>
        </Point>
      </Placemark>
      <Placemark>
        <name>2025-08-19 11:26:43 UTC</name>
        <description><![CDATA[<div><div><span><b>Altitude:</b></span> <span>2,100 ft</span></div>
<div><span><b>Speed:</b></span> <span>122 kt</span></div>
<div><span><b>Heading:</b></span> <span>2&deg;</span></div>
</div>]]></description>
        <TimeStamp>
          <when>2025-08-19T11:26:43+00:00</when>
        </TimeStamp>
        <Style>
          <IconStyle>
            <heading>2</heading>
            <Icon>
              <href>http://maps.google.com/mapfiles/kml/shapes/airports.png</href>
            </Icon>
          </IconStyle>
        </Style>
        <Point>
          <altitudeMode>absolute</altitudeMode>
          <coordinates>-112.100769,33.598564,640.08</coordinates>
        </Point>
      </Placemark>
      <Placemark>
        <name>2025-08-19 11:26:45 UTC</name>
        <description><![CDATA[<div><div><span><b>Altitude:</b></span> <span>2,100 ft</span></div>
<div><span><b>Speed:</b></span> <span>122 kt</span></div>
<div><span><b>Heading:</b></span> <span>4&deg;</span></div>
</div>]]></description>
        <TimeStamp>
          <when>2025-08-19T11:26:45+00:00</when>
        </TimeStamp>
        <Style>
          <IconStyle>
            <heading>4</heading>
            <Icon>
              <href>http://maps.google.com/mapfiles/kml/shapes/airports.png</href>
            </Icon>
          </IconStyle>
        </Style>
        <Point>
          <altitudeMode>absolute</altitudeMode>
          <coordinates>-112.100716,33.599682,640.08</coordinates>
        </Point>
      </Placemark>
      <Placemark>
        <name>2025-08-19 11:26:47 UTC</name>
        <description><![CDATA[<div><div><span><b>Altitude:</b></span> <span>2,125 ft</span></div>
<div><span><b>Speed:</b></span> <span>122 kt</span></div>
<div><span><b>Heading:</b></span> <span>5&deg;</span></div>
</div>]]></description>
        <TimeStamp>
          <when>2025-08-19T11:26:47+00:00</when>
        </TimeStamp>
        <Style>
          <IconStyle>
            <heading>5</heading>
            <Icon>
              <href>http://maps.google.com/mapfiles/kml/shapes/airports.png</href>
            </Icon>
          </IconStyle>
        </Style>
        <Point>
          <altitudeMode>absolute</altitudeMode>
          <coordinates>-112.100601,33.6008,647.7</coordinates>
        </Point>
      </Placemark>
      <Placemark>
        <name>2025-08-19 11:26:49 UTC</name>
        <description><![CDATA[<div><div><span><b>Altitude:</b></span> <span>2,125 ft</span></div>
<div><span><b>Speed:</b></span> <span>122 kt</span></div>
<div><span><b>Heading:</b></span> <span>5&deg;</span></div>
</div>]]></description>
        <TimeStamp>
          <when>2025-08-19T11:26:49+00:00</when>
        </TimeStamp>
        <Style>
          <IconStyle>
            <heading>5</heading>
            <Icon>
              <href>http://maps.google.com/mapfiles/kml/shapes/airports.png</href>
            </Icon>
          </IconStyle>
        </Style>
        <Point>
          <altitudeMode>absolute</altitudeMode>
          <coordinates>-112.100456,33.602142,647.7</coordinates>
        </Point>
      </Placemark>
      <Placemark>
        <name>2025-08-19 11:26:51 UTC</name>
        <description><![CDATA[<div><div><span><b>Altitude:</b></span> <span>2,125 ft</span></div>
<div><span><b>Speed:</b></span> <span>122 kt</span></div>
<div><span><b>Heading:</b></span> <span>6&deg;</span></div>
</div>]]></description>
        <TimeStamp>
          <when>2025-08-19T11:26:51+00:00</when>
        </TimeStamp>
        <Style>
          <IconStyle>
            <heading>6</heading>
            <Icon>
              <href>http://maps.google.com/mapfiles/kml/shapes/airports.png</href>
            </Icon>
          </IconStyle>
        </Style>
        <Point>
          <altitudeMode>absolute</altitudeMode>
          <coordinates>-112.100311,33.603176,647.7</coordinates>
        </Point>
      </Placemark>
      <Placemark>
        <name>2025-08-19 11:26:53 UTC</name>
        <description><![CDATA[<div><div><span><b>Altitude:</b></span> <span>2,150 ft</span></div>
<div><span><b>Speed:</b></span> <span>122 kt</span></div>
<div><span><b>Heading:</b></span> <span>6&deg;</span></div>
</div>]]></description>
        <TimeStamp>
          <when>2025-08-19T11:26:53+00:00</when>
        </TimeStamp>
        <Style>
          <IconStyle>
            <heading>6</heading>
            <Icon>
              <href>http://maps.google.com/mapfiles/kml/shapes/airports.png</href>
            </Icon>
          </IconStyle>
        </Style>
        <Point>
          <altitudeMode>absolute</altitudeMode>
          <coordinates>-112.100082,33.604755,655.32</coordinates>
        </Point>
      </Placemark>
      <Placemark>
        <name>2025-08-19 11:26:56 UTC</name>
        <description><![CDATA[<div><div><span><b>Altitude:</b></span> <span>2,150 ft</span></div>
<div><span><b>Speed:</b></span> <span>123 kt</span></div>
<div><span><b>Heading:</b></span> <span>6&deg;</span></div>
</div>]]></description>
        <TimeStamp>
          <when>2025-08-19T11:26:56+00:00</when>
        </TimeStamp>
        <Style>
          <IconStyle>
            <heading>6</heading>
            <Icon>
              <href>http://maps.google.com/mapfiles/kml/shapes/airports.png</href>
            </Icon>
          </IconStyle>
        </Style>
        <Point>
          <altitudeMode>absolute</altitudeMode>
          <coordinates>-112.099953,33.60585,655.32</coordinates>
        </Point>
      </Placemark>
      <Placemark>
        <name>2025-08-19 11:26:58 UTC</name>
        <description><![CDATA[<div><div><span><b>Altitude:</b></span> <span>2,150 ft</span></div>
<div><span><b>Speed:</b></span> <span>123 kt</span></div>
<div><span><b>Heading:</b></span> <span>6&deg;</span></div>
</div>]]></description>
        <TimeStamp>
          <when>2025-08-19T11:26:58+00:00</when>
        </TimeStamp>
        <Style>
          <IconStyle>
            <heading>6</heading>
            <Icon>
              <href>http://maps.google.com/mapfiles/kml/shapes/airports.png</href>
            </Icon>
          </IconStyle>
        </Style>
        <Point>
          <altitudeMode>absolute</altitudeMode>
          <coordinates>-112.0998,33.606945,655.32</coordinates>
        </Point>
      </Placemark>
      <Placemark>
        <name>2025-08-19 11:27:00 UTC</name>
        <description><![CDATA[<div><div><span><b>Altitude:</b></span> <span>2,150 ft</span></div>
<div><span><b>Speed:</b></span> <span>123 kt</span></div>
<div><span><b>Heading:</b></span> <span>6&deg;</span></div>
</div>]]></description>
        <TimeStamp>
          <when>2025-08-19T11:27:00+00:00</when>
        </TimeStamp>
        <Style>
          <IconStyle>
            <heading>6</heading>
            <Icon>
              <href>http://maps.google.com/mapfiles/kml/shapes/airports.png</href>
            </Icon>
          </IconStyle>
        </Style>
        <Point>
          <altitudeMode>absolute</altitudeMode>
          <coordinates>-112.099571,33.608528,655.32</coordinates>
        </Point>
      </Placemark>
      <Placemark>
        <name>2025-08-19 11:27:02 UTC</name>
        <description><![CDATA[<div><div><span><b>Altitude:</b></span> <span>2,150 ft</span></div>
<div><span><b>Speed:</b></span> <span>124 kt</span></div>
<div><span><b>Heading:</b></span> <span>7&deg;</span></div>
</div>]]></description>
        <TimeStamp>
          <when>2025-08-19T11:27:02+00:00</when>
        </TimeStamp>
        <Style>
          <IconStyle>
            <heading>7</heading>
            <Icon>
              <href>http://maps.google.com/mapfiles/kml/shapes/airports.png</href>
            </Icon>
          </IconStyle>
        </Style>
        <Point>
          <altitudeMode>absolute</altitudeMode>
          <coordinates>-112.099388,33.609741,655.32</coordinates>
        </Point>
      </Placemark>
      <Placemark>
        <name>2025-08-19 11:27:04 UTC</name>
        <description><![CDATA[<div><div><span><b>Altitude:</b></span> <span>2,175 ft</span></div>
<div><span><b>Speed:</b></span> <span>123 kt</span></div>
<div><span><b>Heading:</b></span> <span>9&deg;</span></div>
</div>]]></description>
        <TimeStamp>
          <when>2025-08-19T11:27:04+00:00</when>
        </TimeStamp>
        <Style>
          <IconStyle>
            <heading>9</heading>
            <Icon>
              <href>http://maps.google.com/mapfiles/kml/shapes/airports.png</href>
            </Icon>
          </IconStyle>
        </Style>
        <Point>
          <altitudeMode>absolute</altitudeMode>
          <coordinates>-112.099167,33.610901,662.94</coordinates>
        </Point>
      </Placemark>
      <Placemark>
        <name>2025-08-19 11:27:06 UTC</name>
        <description><![CDATA[<div><div><span><b>Altitude:</b></span> <span>2,175 ft</span></div>
<div><span><b>Speed:</b></span> <span>123 kt</span></div>
<div><span><b>Heading:</b></span> <span>9&deg;</span></div>
</div>]]></description>
        <TimeStamp>
          <when>2025-08-19T11:27:06+00:00</when>
        </TimeStamp>
        <Style>
          <IconStyle>
            <heading>9</heading>
            <Icon>
              <href>http://maps.google.com/mapfiles/kml/shapes/airports.png</href>
            </Icon>
          </IconStyle>
        </Style>
        <Point>
          <altitudeMode>absolute</altitudeMode>
          <coordinates>-112.098938,33.612064,662.94</coordinates>
        </Point>
      </Placemark>
      <Placemark>
        <name>2025-08-19 11:27:09 UTC</name>
        <description><![CDATA[<div><div><span><b>Altitude:</b></span> <span>2,200 ft</span></div>
<div><span><b>Speed:</b></span> <span>122 kt</span></div>
<div><span><b>Heading:</b></span> <span>10&deg;</span></div>
</div>]]></description>
        <TimeStamp>
          <when>2025-08-19T11:27:09+00:00</when>
        </TimeStamp>
        <Style>
          <IconStyle>
            <heading>10</heading>
            <Icon>
              <href>http://maps.google.com/mapfiles/kml/shapes/airports.png</href>
            </Icon>
          </IconStyle>
        </Style>
        <Point>
          <altitudeMode>absolute</altitudeMode>
          <coordinates>-112.098663,33.61322,670.56</coordinates>
        </Point>
      </Placemark>
      <Placemark>
        <name>2025-08-19 11:27:11 UTC</name>
        <description><![CDATA[<div><div><span><b>Altitude:</b></span> <span>2,200 ft</span></div>
<div><span><b>Speed:</b></span> <span>123 kt</span></div>
<div><span><b>Heading:</b></span> <span>10&deg;</span></div>
</div>]]></description>
        <TimeStamp>
          <when>2025-08-19T11:27:11+00:00</when>
        </TimeStamp>
        <Style>
          <IconStyle>
            <heading>10</heading>
            <Icon>
              <href>http://maps.google.com/mapfiles/kml/shapes/airports.png</href>
            </Icon>
          </IconStyle>
        </Style>
        <Point>
          <altitudeMode>absolute</altitudeMode>
          <coordinates>-112.098373,33.614628,670.56</coordinates>
        </Point>
      </Placemark>
      <Placemark>
        <name>2025-08-19 11:27:13 UTC</name>
        <description><![CDATA[<div><div><span><b>Altitude:</b></span> <span>2,225 ft</span></div>
<div><span><b>Speed:</b></span> <span>122 kt</span></div>
<div><span><b>Heading:</b></span> <span>10&deg;</span></div>
</div>]]></description>
        <TimeStamp>
          <when>2025-08-19T11:27:13+00:00</when>
        </TimeStamp>
        <Style>
          <IconStyle>
            <heading>10</heading>
            <Icon>
              <href>http://maps.google.com/mapfiles/kml/shapes/airports.png</href>
            </Icon>
          </IconStyle>
        </Style>
        <Point>
          <altitudeMode>absolute</altitudeMode>
          <coordinates>-112.098198,33.615509,678.18</coordinates>
        </Point>
      </Placemark>
      <Placemark>
        <name>2025-08-19 11:27:15 UTC</name>
        <description><![CDATA[<div><div><span><b>Altitude:</b></span> <span>2,225 ft</span></div>
<div><span><b>Speed:</b></span> <span>122 kt</span></div>
<div><span><b>Heading:</b></span> <span>10&deg;</span></div>
</div>]]></description>
        <TimeStamp>
          <when>2025-08-19T11:27:15+00:00</when>
        </TimeStamp>
        <Style>
          <IconStyle>
            <heading>10</heading>
            <Icon>
              <href>http://maps.google.com/mapfiles/kml/shapes/airports.png</href>
            </Icon>
          </IconStyle>
        </Style>
        <Point>
          <altitudeMode>absolute</altitudeMode>
          <coordinates>-112.097916,33.616768,678.18</coordinates>
        </Point>
      </Placemark>
      <Placemark>
        <name>2025-08-19 11:27:17 UTC</name>
        <description><![CDATA[<div><div><span><b>Altitude:</b></span> <span>2,250 ft</span></div>
<div><span><b>Speed:</b></span> <span>123 kt</span></div>
<div><span><b>Heading:</b></span> <span>11&deg;</span></div>
</div>]]></description>
        <TimeStamp>
          <when>2025-08-19T11:27:17+00:00</when>
        </TimeStamp>
        <Style>
          <IconStyle>
            <heading>11</heading>
            <Icon>
              <href>http://maps.google.com/mapfiles/kml/shapes/airports.png</href>
            </Icon>
          </IconStyle>
        </Style>
        <Point>
          <altitudeMode>absolute</altitudeMode>
          <coordinates>-112.097595,33.618164,685.8</coordinates>
        </Point>
      </Placemark>
      <Placemark>
        <name>2025-08-19 11:27:20 UTC</name>
        <description><![CDATA[<div><div><span><b>Altitude:</b></span> <span>2,250 ft</span></div>
<div><span><b>Speed:</b></span> <span>123 kt</span></div>
<div><span><b>Heading:</b></span> <span>11&deg;</span></div>
</div>]]></description>
        <TimeStamp>
          <when>2025-08-19T11:27:20+00:00</when>
        </TimeStamp>
        <Style>
          <IconStyle>
            <heading>11</heading>
            <Icon>
              <href>http://maps.google.com/mapfiles/kml/shapes/airports.png</href>
            </Icon>
          </IconStyle>
        </Style>
        <Point>
          <altitudeMode>absolute</altitudeMode>
          <coordinates>-112.09726,33.619492,685.8</coordinates>
        </Point>
      </Placemark>
      <Placemark>
        <name>2025-08-19 11:27:22 UTC</name>
        <description><![CDATA[<div><div><span><b>Altitude:</b></span> <span>2,250 ft</span></div>
<div><span><b>Speed:</b></span> <span>124 kt</span></div>
<div><span><b>Heading:</b></span> <span>12&deg;</span></div>
</div>]]></description>
        <TimeStamp>
          <when>2025-08-19T11:27:22+00:00</when>
        </TimeStamp>
        <Style>
          <IconStyle>
            <heading>12</heading>
            <Icon>
              <href>http://maps.google.com/mapfiles/kml/shapes/airports.png</href>
            </Icon>
          </IconStyle>
        </Style>
        <Point>
          <altitudeMode>absolute</altitudeMode>
          <coordinates>-112.096985,33.620636,685.8</coordinates>
        </Point>
      </Placemark>
      <Placemark>
        <name>2025-08-19 11:27:24 UTC</name>
        <description><![CDATA[<div><div><span><b>Altitude:</b></span> <span>2,225 ft</span></div>
<div><span><b>Speed:</b></span> <span>124 kt</span></div>
<div><span><b>Heading:</b></span> <span>12&deg;</span></div>
</div>]]></description>
        <TimeStamp>
          <when>2025-08-19T11:27:24+00:00</when>
        </TimeStamp>
        <Style>
          <IconStyle>
            <heading>12</heading>
            <Icon>
              <href>http://maps.google.com/mapfiles/kml/shapes/airports.png</href>
            </Icon>
          </IconStyle>
        </Style>
        <Point>
          <altitudeMode>absolute</altitudeMode>
          <coordinates>-112.096649,33.621841,678.18</coordinates>
        </Point>
      </Placemark>
      <Placemark>
        <name>2025-08-19 11:27:26 UTC</name>
        <description><![CDATA[<div><div><span><b>Altitude:</b></span> <span>2,250 ft</span></div>
<div><span><b>Speed:</b></span> <span>125 kt</span></div>
<div><span><b>Heading:</b></span> <span>11&deg;</span></div>
</div>]]></description>
        <TimeStamp>
          <when>2025-08-19T11:27:26+00:00</when>
        </TimeStamp>
        <Style>
          <IconStyle>
            <heading>11</heading>
            <Icon>
              <href>http://maps.google.com/mapfiles/kml/shapes/airports.png</href>
            </Icon>
          </IconStyle>
        </Style>
        <Point>
          <altitudeMode>absolute</altitudeMode>
          <coordinates>-112.096367,33.622959,685.8</coordinates>
        </Point>
      </Placemark>
      <Placemark>
        <name>2025-08-19 11:27:28 UTC</name>
        <description><![CDATA[<div><div><span><b>Altitude:</b></span> <span>2,250 ft</span></div>
<div><span><b>Speed:</b></span> <span>126 kt</span></div>
<div><span><b>Heading:</b></span> <span>11&deg;</span></div>
</div>]]></description>
        <TimeStamp>
          <when>2025-08-19T11:27:28+00:00</when>
        </TimeStamp>
        <Style>
          <IconStyle>
            <heading>11</heading>
            <Icon>
              <href>http://maps.google.com/mapfiles/kml/shapes/airports.png</href>
            </Icon>
          </IconStyle>
        </Style>
        <Point>
          <altitudeMode>absolute</altitudeMode>
          <coordinates>-112.09597,33.624527,685.8</coordinates>
        </Point>
      </Placemark>
      <Placemark>
        <name>2025-08-19 11:27:30 UTC</name>
        <description><![CDATA[<div><div><span><b>Altitude:</b></span> <span>2,250 ft</span></div>
<div><span><b>Speed:</b></span> <span>126 kt</span></div>
<div><span><b>Heading:</b></span> <span>12&deg;</span></div>
</div>]]></description>
        <TimeStamp>
          <when>2025-08-19T11:27:30+00:00</when>
        </TimeStamp>
        <Style>
          <IconStyle>
            <heading>12</heading>
            <Icon>
              <href>http://maps.google.com/mapfiles/kml/shapes/airports.png</href>
            </Icon>
          </IconStyle>
        </Style>
        <Point>
          <altitudeMode>absolute</altitudeMode>
          <coordinates>-112.09568,33.625614,685.8</coordinates>
        </Point>
      </Placemark>
      <Placemark>
        <name>2025-08-19 11:27:33 UTC</name>
        <description><![CDATA[<div><div><span><b>Altitude:</b></span> <span>2,225 ft</span></div>
<div><span><b>Speed:</b></span> <span>126 kt</span></div>
<div><span><b>Heading:</b></span> <span>13&deg;</span></div>
</div>]]></description>
        <TimeStamp>
          <when>2025-08-19T11:27:33+00:00</when>
        </TimeStamp>
        <Style>
          <IconStyle>
            <heading>13</heading>
            <Icon>
              <href>http://maps.google.com/mapfiles/kml/shapes/airports.png</href>
            </Icon>
          </IconStyle>
        </Style>
        <Point>
          <altitudeMode>absolute</altitudeMode>
          <coordinates>-112.095337,33.626961,678.18</coordinates>
        </Point>
      </Placemark>
      <Placemark>
        <name>2025-08-19 11:27:39 UTC</name>
        <description><![CDATA[<div><div><span><b>Altitude:</b></span> <span>2,275 ft</span></div>
<div><span><b>Speed:</b></span> <span>124 kt</span></div>
<div><span><b>Heading:</b></span> <span>12&deg;</span></div>
</div>]]></description>
        <TimeStamp>
          <when>2025-08-19T11:27:39+00:00</when>
        </TimeStamp>
        <Style>
          <IconStyle>
            <heading>12</heading>
            <Icon>
              <href>http://maps.google.com/mapfiles/kml/shapes/airports.png</href>
            </Icon>
          </IconStyle>
        </Style>
        <Point>
          <altitudeMode>absolute</altitudeMode>
          <coordinates>-112.094292,33.630661,693.42</coordinates>
        </Point>
      </Placemark>
      <Placemark>
        <name>2025-08-19 11:27:46 UTC</name>
        <description><![CDATA[<div><div><span><b>Altitude:</b></span> <span>2,275 ft</span></div>
<div><span><b>Speed:</b></span> <span>127 kt</span></div>
<div><span><b>Heading:</b></span> <span>14&deg;</span></div>
</div>]]></description>
        <TimeStamp>
          <when>2025-08-19T11:27:46+00:00</when>
        </TimeStamp>
        <Style>
          <IconStyle>
            <heading>14</heading>
            <Icon>
              <href>http://maps.google.com/mapfiles/kml/shapes/airports.png</href>
            </Icon>
          </IconStyle>
        </Style>
        <Point>
          <altitudeMode>absolute</altitudeMode>
          <coordinates>-112.093224,33.634369,693.42</coordinates>
        </Point>
      </Placemark>
      <Placemark>
        <name>2025-08-19 11:27:51 UTC</name>
        <description><![CDATA[<div><div><span><b>Altitude:</b></span> <span>2,250 ft</span></div>
<div><span><b>Speed:</b></span> <span>128 kt</span></div>
<div><span><b>Heading:</b></span> <span>17&deg;</span></div>
</div>]]></description>
        <TimeStamp>
          <when>2025-08-19T11:27:51+00:00</when>
        </TimeStamp>
        <Style>
          <IconStyle>
            <heading>17</heading>
            <Icon>
              <href>http://maps.google.com/mapfiles/kml/shapes/airports.png</href>
            </Icon>
          </IconStyle>
        </Style>
        <Point>
          <altitudeMode>absolute</altitudeMode>
          <coordinates>-112.092361,33.637066,685.8</coordinates>
        </Point>
      </Placemark>
      <Placemark>
        <name>2025-08-19 11:27:53 UTC</name>
        <description><![CDATA[<div><div><span><b>Altitude:</b></span> <span>2,250 ft</span></div>
<div><span><b>Speed:</b></span> <span>128 kt</span></div>
<div><span><b>Heading:</b></span> <span>19&deg;</span></div>
</div>]]></description>
        <TimeStamp>
          <when>2025-08-19T11:27:53+00:00</when>
        </TimeStamp>
        <Style>
          <IconStyle>
            <heading>19</heading>
            <Icon>
              <href>http://maps.google.com/mapfiles/kml/shapes/airports.png</href>
            </Icon>
          </IconStyle>
        </Style>
        <Point>
          <altitudeMode>absolute</altitudeMode>
          <coordinates>-112.091789,33.638412,685.8</coordinates>
        </Point>
      </Placemark>
      <Placemark>
        <name>2025-08-19 11:27:56 UTC</name>
        <description><![CDATA[<div><div><span><b>Altitude:</b></span> <span>2,250 ft</span></div>
<div><span><b>Speed:</b></span> <span>128 kt</span></div>
<div><span><b>Heading:</b></span> <span>19&deg;</span></div>
</div>]]></description>
        <TimeStamp>
          <when>2025-08-19T11:27:56+00:00</when>
        </TimeStamp>
        <Style>
          <IconStyle>
            <heading>19</heading>
            <Icon>
              <href>http://maps.google.com/mapfiles/kml/shapes/airports.png</href>
            </Icon>
          </IconStyle>
        </Style>
        <Point>
          <altitudeMode>absolute</altitudeMode>
          <coordinates>-112.091209,33.639816,685.8</coordinates>
        </Point>
      </Placemark>
      <Placemark>
        <name>2025-08-19 11:27:58 UTC</name>
        <description><![CDATA[<div><div><span><b>Altitude:</b></span> <span>2,250 ft</span></div>
<div><span><b>Speed:</b></span> <span>128 kt</span></div>
<div><span><b>Heading:</b></span> <span>19&deg;</span></div>
</div>]]></description>
        <TimeStamp>
          <when>2025-08-19T11:27:58+00:00</when>
        </TimeStamp>
        <Style>
          <IconStyle>
            <heading>19</heading>
            <Icon>
              <href>http://maps.google.com/mapfiles/kml/shapes/airports.png</href>
            </Icon>
          </IconStyle>
        </Style>
        <Point>
          <altitudeMode>absolute</altitudeMode>
          <coordinates>-112.090698,33.640881,685.8</coordinates>
        </Point>
      </Placemark>
      <Placemark>
        <name>2025-08-19 11:28:00 UTC</name>
        <description><![CDATA[<div><div><span><b>Altitude:</b></span> <span>2,250 ft</span></div>
<div><span><b>Speed:</b></span> <span>128 kt</span></div>
<div><span><b>Heading:</b></span> <span>20&deg;</span></div>
</div>]]></description>
        <TimeStamp>
          <when>2025-08-19T11:28:00+00:00</when>
        </TimeStamp>
        <Style>
          <IconStyle>
            <heading>20</heading>
            <Icon>
              <href>http://maps.google.com/mapfiles/kml/shapes/airports.png</href>
            </Icon>
          </IconStyle>
        </Style>
        <Point>
          <altitudeMode>absolute</altitudeMode>
          <coordinates>-112.090134,33.642231,685.8</coordinates>
        </Point>
      </Placemark>
      <Placemark>
        <name>2025-08-19 11:28:02 UTC</name>
        <description><![CDATA[<div><div><span><b>Altitude:</b></span> <span>2,225 ft</span></div>
<div><span><b>Speed:</b></span> <span>128 kt</span></div>
<div><span><b>Heading:</b></span> <span>20&deg;</span></div>
</div>]]></description>
        <TimeStamp>
          <when>2025-08-19T11:28:02+00:00</when>
        </TimeStamp>
        <Style>
          <IconStyle>
            <heading>20</heading>
            <Icon>
              <href>http://maps.google.com/mapfiles/kml/shapes/airports.png</href>
            </Icon>
          </IconStyle>
        </Style>
        <Point>
          <altitudeMode>absolute</altitudeMode>
          <coordinates>-112.089615,33.643349,678.18</coordinates>
        </Point>
      </Placemark>
      <Placemark>
        <name>2025-08-19 11:28:04 UTC</name>
        <description><![CDATA[<div><div><span><b>Altitude:</b></span> <span>2,200 ft</span></div>
<div><span><b>Speed:</b></span> <span>128 kt</span></div>
<div><span><b>Heading:</b></span> <span>21&deg;</span></div>
</div>]]></description>
        <TimeStamp>
          <when>2025-08-19T11:28:04+00:00</when>
        </TimeStamp>
        <Style>
          <IconStyle>
            <heading>21</heading>
            <Icon>
              <href>http://maps.google.com/mapfiles/kml/shapes/airports.png</href>
            </Icon>
          </IconStyle>
        </Style>
        <Point>
          <altitudeMode>absolute</altitudeMode>
          <coordinates>-112.089096,33.644421,670.56</coordinates>
        </Point>
      </Placemark>
      <Placemark>
        <name>2025-08-19 11:28:06 UTC</name>
        <description><![CDATA[<div><div><span><b>Altitude:</b></span> <span>2,200 ft</span></div>
<div><span><b>Speed:</b></span> <span>127 kt</span></div>
<div><span><b>Heading:</b></span> <span>23&deg;</span></div>
</div>]]></description>
        <TimeStamp>
          <when>2025-08-19T11:28:06+00:00</when>
        </TimeStamp>
        <Style>
          <IconStyle>
            <heading>23</heading>
            <Icon>
              <href>http://maps.google.com/mapfiles/kml/shapes/airports.png</href>
            </Icon>
          </IconStyle>
        </Style>
        <Point>
          <altitudeMode>absolute</altitudeMode>
          <coordinates>-112.088516,33.645584,670.56</coordinates>
        </Point>
      </Placemark>
      <Placemark>
        <name>2025-08-19 11:28:08 UTC</name>
        <description><![CDATA[<div><div><span><b>Altitude:</b></span> <span>2,200 ft</span></div>
<div><span><b>Speed:</b></span> <span>125 kt</span></div>
<div><span><b>Heading:</b></span> <span>24&deg;</span></div>
</div>]]></description>
        <TimeStamp>
          <when>2025-08-19T11:28:08+00:00</when>
        </TimeStamp>
        <Style>
          <IconStyle>
            <heading>24</heading>
            <Icon>
              <href>http://maps.google.com/mapfiles/kml/shapes/airports.png</href>
            </Icon>
          </IconStyle>
        </Style>
        <Point>
          <altitudeMode>absolute</altitudeMode>
          <coordinates>-112.087784,33.646935,670.56</coordinates>
        </Point>
      </Placemark>
      <Placemark>
        <name>2025-08-19 11:28:10 UTC</name>
        <description><![CDATA[<div><div><span><b>Altitude:</b></span> <span>2,200 ft</span></div>
<div><span><b>Speed:</b></span> <span>123 kt</span></div>
<div><span><b>Heading:</b></span> <span>25&deg;</span></div>
</div>]]></description>
        <TimeStamp>
          <when>2025-08-19T11:28:10+00:00</when>
        </TimeStamp>
        <Style>
          <IconStyle>
            <heading>25</heading>
            <Icon>
              <href>http://maps.google.com/mapfiles/kml/shapes/airports.png</href>
            </Icon>
          </IconStyle>
        </Style>
        <Point>
          <altitudeMode>absolute</altitudeMode>
          <coordinates>-112.087173,33.64801,670.56</coordinates>
        </Point>
      </Placemark>
      <Placemark>
        <name>2025-08-19 11:28:13 UTC</name>
        <description><![CDATA[<div><div><span><b>Altitude:</b></span> <span>2,200 ft</span></div>
<div><span><b>Speed:</b></span> <span>123 kt</span></div>
<div><span><b>Heading:</b></span> <span>24&deg;</span></div>
</div>]]></description>
        <TimeStamp>
          <when>2025-08-19T11:28:13+00:00</when>
        </TimeStamp>
        <Style>
          <IconStyle>
            <heading>24</heading>
            <Icon>
              <href>http://maps.google.com/mapfiles/kml/shapes/airports.png</href>
            </Icon>
          </IconStyle>
        </Style>
        <Point>
          <altitudeMode>absolute</altitudeMode>
          <coordinates>-112.086609,33.649063,670.56</coordinates>
        </Point>
      </Placemark>
      <Placemark>
        <name>2025-08-19 11:28:15 UTC</name>
        <description><![CDATA[<div><div><span><b>Altitude:</b></span> <span>2,200 ft</span></div>
<div><span><b>Speed:</b></span> <span>121 kt</span></div>
<div><span><b>Heading:</b></span> <span>24&deg;</span></div>
</div>]]></description>
        <TimeStamp>
          <when>2025-08-19T11:28:15+00:00</when>
        </TimeStamp>
        <Style>
          <IconStyle>
            <heading>24</heading>
            <Icon>
              <href>http://maps.google.com/mapfiles/kml/shapes/airports.png</href>
            </Icon>
          </IconStyle>
        </Style>
        <Point>
          <altitudeMode>absolute</altitudeMode>
          <coordinates>-112.085892,33.650333,670.56</coordinates>
        </Point>
      </Placemark>
      <Placemark>
        <name>2025-08-19 11:28:17 UTC</name>
        <description><![CDATA[<div><div><span><b>Altitude:</b></span> <span>2,200 ft</span></div>
<div><span><b>Speed:</b></span> <span>120 kt</span></div>
<div><span><b>Heading:</b></span> <span>24&deg;</span></div>
</div>]]></description>
        <TimeStamp>
          <when>2025-08-19T11:28:17+00:00</when>
        </TimeStamp>
        <Style>
          <IconStyle>
            <heading>24</heading>
            <Icon>
              <href>http://maps.google.com/mapfiles/kml/shapes/airports.png</href>
            </Icon>
          </IconStyle>
        </Style>
        <Point>
          <altitudeMode>absolute</altitudeMode>
          <coordinates>-112.085381,33.651306,670.56</coordinates>
        </Point>
      </Placemark>
      <Placemark>
        <name>2025-08-19 11:28:19 UTC</name>
        <description><![CDATA[<div><div><span><b>Altitude:</b></span> <span>2,200 ft</span></div>
<div><span><b>Speed:</b></span> <span>119 kt</span></div>
<div><span><b>Heading:</b></span> <span>24&deg;</span></div>
</div>]]></description>
        <TimeStamp>
          <when>2025-08-19T11:28:19+00:00</when>
        </TimeStamp>
        <Style>
          <IconStyle>
            <heading>24</heading>
            <Icon>
              <href>http://maps.google.com/mapfiles/kml/shapes/airports.png</href>
            </Icon>
          </IconStyle>
        </Style>
        <Point>
          <altitudeMode>absolute</altitudeMode>
          <coordinates>-112.084816,33.652313,670.56</coordinates>
        </Point>
      </Placemark>
      <Placemark>
        <name>2025-08-19 11:28:22 UTC</name>
        <description><![CDATA[<div><div><span><b>Altitude:</b></span> <span>2,200 ft</span></div>
<div><span><b>Speed:</b></span> <span>118 kt</span></div>
<div><span><b>Heading:</b></span> <span>26&deg;</span></div>
</div>]]></description>
        <TimeStamp>
          <when>2025-08-19T11:28:22+00:00</when>
        </TimeStamp>
        <Style>
          <IconStyle>
            <heading>26</heading>
            <Icon>
              <href>http://maps.google.com/mapfiles/kml/shapes/airports.png</href>
            </Icon>
          </IconStyle>
        </Style>
        <Point>
          <altitudeMode>absolute</altitudeMode>
          <coordinates>-112.084091,33.653595,670.56</coordinates>
        </Point>
      </Placemark>
      <Placemark>
        <name>2025-08-19 11:28:24 UTC</name>
        <description><![CDATA[<div><div><span><b>Altitude:</b></span> <span>2,200 ft</span></div>
<div><span><b>Speed:</b></span> <span>117 kt</span></div>
<div><span><b>Heading:</b></span> <span>26&deg;</span></div>
</div>]]></description>
        <TimeStamp>
          <when>2025-08-19T11:28:24+00:00</when>
        </TimeStamp>
        <Style>
          <IconStyle>
            <heading>26</heading>
            <Icon>
              <href>http://maps.google.com/mapfiles/kml/shapes/airports.png</href>
            </Icon>
          </IconStyle>
        </Style>
        <Point>
          <altitudeMode>absolute</altitudeMode>
          <coordinates>-112.083359,33.654877,670.56</coordinates>
        </Point>
      </Placemark>
      <Placemark>
        <name>2025-08-19 11:28:26 UTC</name>
        <description><![CDATA[<div><div><span><b>Altitude:</b></span> <span>2,200 ft</span></div>
<div><span><b>Speed:</b></span> <span>117 kt</span></div>
<div><span><b>Heading:</b></span> <span>27&deg;</span></div>
</div>]]></description>
        <TimeStamp>
          <when>2025-08-19T11:28:26+00:00</when>
        </TimeStamp>
        <Style>
          <IconStyle>
            <heading>27</heading>
            <Icon>
              <href>http://maps.google.com/mapfiles/kml/shapes/airports.png</href>
            </Icon>
          </IconStyle>
        </Style>
        <Point>
          <altitudeMode>absolute</altitudeMode>
          <coordinates>-112.082748,33.655918,670.56</coordinates>
        </Point>
      </Placemark>
      <Placemark>
        <name>2025-08-19 11:28:28 UTC</name>
        <description><![CDATA[<div><div><span><b>Altitude:</b></span> <span>2,200 ft</span></div>
<div><span><b>Speed:</b></span> <span>116 kt</span></div>
<div><span><b>Heading:</b></span> <span>28&deg;</span></div>
</div>]]></description>
        <TimeStamp>
          <when>2025-08-19T11:28:28+00:00</when>
        </TimeStamp>
        <Style>
          <IconStyle>
            <heading>28</heading>
            <Icon>
              <href>http://maps.google.com/mapfiles/kml/shapes/airports.png</href>
            </Icon>
          </IconStyle>
        </Style>
        <Point>
          <altitudeMode>absolute</altitudeMode>
          <coordinates>-112.082069,33.656891,670.56</coordinates>
        </Point>
      </Placemark>
      <Placemark>
        <name>2025-08-19 11:28:30 UTC</name>
        <description><![CDATA[<div><div><span><b>Altitude:</b></span> <span>2,175 ft</span></div>
<div><span><b>Speed:</b></span> <span>115 kt</span></div>
<div><span><b>Heading:</b></span> <span>29&deg;</span></div>
</div>]]></description>
        <TimeStamp>
          <when>2025-08-19T11:28:30+00:00</when>
        </TimeStamp>
        <Style>
          <IconStyle>
            <heading>29</heading>
            <Icon>
              <href>http://maps.google.com/mapfiles/kml/shapes/airports.png</href>
            </Icon>
          </IconStyle>
        </Style>
        <Point>
          <altitudeMode>absolute</altitudeMode>
          <coordinates>-112.081398,33.657944,662.94</coordinates>
        </Point>
      </Placemark>
      <Placemark>
        <name>2025-08-19 11:28:33 UTC</name>
        <description><![CDATA[<div><div><span><b>Altitude:</b></span> <span>2,175 ft</span></div>
<div><span><b>Speed:</b></span> <span>115 kt</span></div>
<div><span><b>Heading:</b></span> <span>30&deg;</span></div>
</div>]]></description>
        <TimeStamp>
          <when>2025-08-19T11:28:33+00:00</when>
        </TimeStamp>
        <Style>
          <IconStyle>
            <heading>30</heading>
            <Icon>
              <href>http://maps.google.com/mapfiles/kml/shapes/airports.png</href>
            </Icon>
          </IconStyle>
        </Style>
        <Point>
          <altitudeMode>absolute</altitudeMode>
          <coordinates>-112.080727,33.658859,662.94</coordinates>
        </Point>
      </Placemark>
      <Placemark>
        <name>2025-08-19 11:28:35 UTC</name>
        <description><![CDATA[<div><div><span><b>Altitude:</b></span> <span>2,175 ft</span></div>
<div><span><b>Speed:</b></span> <span>114 kt</span></div>
<div><span><b>Heading:</b></span> <span>31&deg;</span></div>
</div>]]></description>
        <TimeStamp>
          <when>2025-08-19T11:28:35+00:00</when>
        </TimeStamp>
        <Style>
          <IconStyle>
            <heading>31</heading>
            <Icon>
              <href>http://maps.google.com/mapfiles/kml/shapes/airports.png</href>
            </Icon>
          </IconStyle>
        </Style>
        <Point>
          <altitudeMode>absolute</altitudeMode>
          <coordinates>-112.079941,33.660015,662.94</coordinates>
        </Point>
      </Placemark>
      <Placemark>
        <name>2025-08-19 11:28:37 UTC</name>
        <description><![CDATA[<div><div><span><b>Altitude:</b></span> <span>2,175 ft</span></div>
<div><span><b>Speed:</b></span> <span>112 kt</span></div>
<div><span><b>Heading:</b></span> <span>32&deg;</span></div>
</div>]]></description>
        <TimeStamp>
          <when>2025-08-19T11:28:37+00:00</when>
        </TimeStamp>
        <Style>
          <IconStyle>
            <heading>32</heading>
            <Icon>
              <href>http://maps.google.com/mapfiles/kml/shapes/airports.png</href>
            </Icon>
          </IconStyle>
        </Style>
        <Point>
          <altitudeMode>absolute</altitudeMode>
          <coordinates>-112.079102,33.661102,662.94</coordinates>
        </Point>
      </Placemark>
      <Placemark>
        <name>2025-08-19 11:28:40 UTC</name>
        <description><![CDATA[<div><div><span><b>Altitude:</b></span> <span>2,150 ft</span></div>
<div><span><b>Speed:</b></span> <span>112 kt</span></div>
<div><span><b>Heading:</b></span> <span>32&deg;</span></div>
</div>]]></description>
        <TimeStamp>
          <when>2025-08-19T11:28:40+00:00</when>
        </TimeStamp>
        <Style>
          <IconStyle>
            <heading>32</heading>
            <Icon>
              <href>http://maps.google.com/mapfiles/kml/shapes/airports.png</href>
            </Icon>
          </IconStyle>
        </Style>
        <Point>
          <altitudeMode>absolute</altitudeMode>
          <coordinates>-112.078369,33.662064,655.32</coordinates>
        </Point>
      </Placemark>
      <Placemark>
        <name>2025-08-19 11:28:42 UTC</name>
        <description><![CDATA[<div><div><span><b>Altitude:</b></span> <span>2,150 ft</span></div>
<div><span><b>Speed:</b></span> <span>111 kt</span></div>
<div><span><b>Heading:</b></span> <span>31&deg;</span></div>
</div>]]></description>
        <TimeStamp>
          <when>2025-08-19T11:28:42+00:00</when>
        </TimeStamp>
        <Style>
          <IconStyle>
            <heading>31</heading>
            <Icon>
              <href>http://maps.google.com/mapfiles/kml/shapes/airports.png</href>
            </Icon>
          </IconStyle>
        </Style>
        <Point>
          <altitudeMode>absolute</altitudeMode>
          <coordinates>-112.077713,33.662899,655.32</coordinates>
        </Point>
      </Placemark>
      <Placemark>
        <name>2025-08-19 11:28:44 UTC</name>
        <description><![CDATA[<div><div><span><b>Altitude:</b></span> <span>2,150 ft</span></div>
<div><span><b>Speed:</b></span> <span>110 kt</span></div>
<div><span><b>Heading:</b></span> <span>30&deg;</span></div>
</div>]]></description>
        <TimeStamp>
          <when>2025-08-19T11:28:44+00:00</when>
        </TimeStamp>
        <Style>
          <IconStyle>
            <heading>30</heading>
            <Icon>
              <href>http://maps.google.com/mapfiles/kml/shapes/airports.png</href>
            </Icon>
          </IconStyle>
        </Style>
        <Point>
          <altitudeMode>absolute</altitudeMode>
          <coordinates>-112.076965,33.663971,655.32</coordinates>
        </Point>
      </Placemark>
      <Placemark>
        <name>2025-08-19 11:28:46 UTC</name>
        <description><![CDATA[<div><div><span><b>Altitude:</b></span> <span>2,125 ft</span></div>
<div><span><b>Speed:</b></span> <span>108 kt</span></div>
<div><span><b>Heading:</b></span> <span>29&deg;</span></div>
</div>]]></description>
        <TimeStamp>
          <when>2025-08-19T11:28:46+00:00</when>
        </TimeStamp>
        <Style>
          <IconStyle>
            <heading>29</heading>
            <Icon>
              <href>http://maps.google.com/mapfiles/kml/shapes/airports.png</href>
            </Icon>
          </IconStyle>
        </Style>
        <Point>
          <altitudeMode>absolute</altitudeMode>
          <coordinates>-112.076401,33.664856,647.7</coordinates>
        </Point>
      </Placemark>
      <Placemark>
        <name>2025-08-19 11:28:53 UTC</name>
        <description><![CDATA[<div><div><span><b>Altitude:</b></span> <span>2,100 ft</span></div>
<div><span><b>Speed:</b></span> <span>103 kt</span></div>
<div><span><b>Heading:</b></span> <span>24&deg;</span></div>
</div>]]></description>
        <TimeStamp>
          <when>2025-08-19T11:28:53+00:00</when>
        </TimeStamp>
        <Style>
          <IconStyle>
            <heading>24</heading>
            <Icon>
              <href>http://maps.google.com/mapfiles/kml/shapes/airports.png</href>
            </Icon>
          </IconStyle>
        </Style>
        <Point>
          <altitudeMode>absolute</altitudeMode>
          <coordinates>-112.07457,33.667835,640.08</coordinates>
        </Point>
      </Placemark>
      <Placemark>
        <name>2025-08-19 11:28:55 UTC</name>
        <description><![CDATA[<div><div><span><b>Altitude:</b></span> <span>2,075 ft</span></div>
<div><span><b>Speed:</b></span> <span>99 kt</span></div>
<div><span><b>Heading:</b></span> <span>22&deg;</span></div>
</div>]]></description>
        <TimeStamp>
          <when>2025-08-19T11:28:55+00:00</when>
        </TimeStamp>
        <Style>
          <IconStyle>
            <heading>22</heading>
            <Icon>
              <href>http://maps.google.com/mapfiles/kml/shapes/airports.png</href>
            </Icon>
          </IconStyle>
        </Style>
        <Point>
          <altitudeMode>absolute</altitudeMode>
          <coordinates>-112.074112,33.668655,632.46</coordinates>
        </Point>
      </Placemark>
      <Placemark>
        <name>2025-08-19 11:28:57 UTC</name>
        <description><![CDATA[<div><div><span><b>Altitude:</b></span> <span>2,075 ft</span></div>
<div><span><b>Speed:</b></span> <span>97 kt</span></div>
<div><span><b>Heading:</b></span> <span>21&deg;</span></div>
</div>]]></description>
        <TimeStamp>
          <when>2025-08-19T11:28:57+00:00</when>
        </TimeStamp>
        <Style>
          <IconStyle>
            <heading>21</heading>
            <Icon>
              <href>http://maps.google.com/mapfiles/kml/shapes/airports.png</href>
            </Icon>
          </IconStyle>
        </Style>
        <Point>
          <altitudeMode>absolute</altitudeMode>
          <coordinates>-112.073532,33.669792,632.46</coordinates>
        </Point>
      </Placemark>
      <Placemark>
        <name>2025-08-19 11:28:59 UTC</name>
        <description><![CDATA[<div><div><span><b>Altitude:</b></span> <span>2,075 ft</span></div>
<div><span><b>Speed:</b></span> <span>93 kt</span></div>
<div><span><b>Heading:</b></span> <span>18&deg;</span></div>
</div>]]></description>
        <TimeStamp>
          <when>2025-08-19T11:28:59+00:00</when>
        </TimeStamp>
        <Style>
          <IconStyle>
            <heading>18</heading>
            <Icon>
              <href>http://maps.google.com/mapfiles/kml/shapes/airports.png</href>
            </Icon>
          </IconStyle>
        </Style>
        <Point>
          <altitudeMode>absolute</altitudeMode>
          <coordinates>-112.07325,33.670628,632.46</coordinates>
        </Point>
      </Placemark>
      <Placemark>
        <name>2025-08-19 11:29:01 UTC</name>
        <description><![CDATA[<div><div><span><b>Altitude:</b></span> <span>2,050 ft</span></div>
<div><span><b>Speed:</b></span> <span>89 kt</span></div>
<div><span><b>Heading:</b></span> <span>13&deg;</span></div>
</div>]]></description>
        <TimeStamp>
          <when>2025-08-19T11:29:01+00:00</when>
        </TimeStamp>
        <Style>
          <IconStyle>
            <heading>13</heading>
            <Icon>
              <href>http://maps.google.com/mapfiles/kml/shapes/airports.png</href>
            </Icon>
          </IconStyle>
        </Style>
        <Point>
          <altitudeMode>absolute</altitudeMode>
          <coordinates>-112.072968,33.671421,624.84</coordinates>
        </Point>
      </Placemark>
      <Placemark>
        <name>2025-08-19 11:29:03 UTC</name>
        <description><![CDATA[<div><div><span><b>Altitude:</b></span> <span>2,025 ft</span></div>
<div><span><b>Speed:</b></span> <span>85 kt</span></div>
<div><span><b>Heading:</b></span> <span>10&deg;</span></div>
</div>]]></description>
        <TimeStamp>
          <when>2025-08-19T11:29:03+00:00</when>
        </TimeStamp>
        <Style>
          <IconStyle>
            <heading>10</heading>
            <Icon>
              <href>http://maps.google.com/mapfiles/kml/shapes/airports.png</href>
            </Icon>
          </IconStyle>
        </Style>
        <Point>
          <altitudeMode>absolute</altitudeMode>
          <coordinates>-112.072792,33.672211,617.22</coordinates>
        </Point>
      </Placemark>
      <Placemark>
        <name>2025-08-19 11:29:06 UTC</name>
        <description><![CDATA[<div><div><span><b>Altitude:</b></span> <span>2,000 ft</span></div>
<div><span><b>Speed:</b></span> <span>80 kt</span></div>
<div><span><b>Heading:</b></span> <span>4&deg;</span></div>
</div>]]></description>
        <TimeStamp>
          <when>2025-08-19T11:29:06+00:00</when>
        </TimeStamp>
        <Style>
          <IconStyle>
            <heading>4</heading>
            <Icon>
              <href>http://maps.google.com/mapfiles/kml/shapes/airports.png</href>
            </Icon>
          </IconStyle>
        </Style>
        <Point>
          <altitudeMode>absolute</altitudeMode>
          <coordinates>-112.072655,33.673096,609.6</coordinates>
        </Point>
      </Placemark>
      <Placemark>
        <name>2025-08-19 11:29:08 UTC</name>
        <description><![CDATA[<div><div><span><b>Altitude:</b></span> <span>1,975 ft</span></div>
<div><span><b>Speed:</b></span> <span>76 kt</span></div>
<div><span><b>Heading:</b></span> <span>2&deg;</span></div>
</div>]]></description>
        <TimeStamp>
          <when>2025-08-19T11:29:08+00:00</when>
        </TimeStamp>
        <Style>
          <IconStyle>
            <heading>2</heading>
            <Icon>
              <href>http://maps.google.com/mapfiles/kml/shapes/airports.png</href>
            </Icon>
          </IconStyle>
        </Style>
        <Point>
          <altitudeMode>absolute</altitudeMode>
          <coordinates>-112.072601,33.673828,601.98</coordinates>
        </Point>
      </Placemark>
      <Placemark>
        <name>2025-08-19 11:29:10 UTC</name>
        <description><![CDATA[<div><div><span><b>Altitude:</b></span> <span>1,950 ft</span></div>
<div><span><b>Speed:</b></span> <span>72 kt</span></div>
<div><span><b>Heading:</b></span> <span>358&deg;</span></div>
</div>]]></description>
        <TimeStamp>
          <when>2025-08-19T11:29:10+00:00</when>
        </TimeStamp>
        <Style>
          <IconStyle>
            <heading>358</heading>
            <Icon>
              <href>http://maps.google.com/mapfiles/kml/shapes/airports.png</href>
            </Icon>
          </IconStyle>
        </Style>
        <Point>
          <altitudeMode>absolute</altitudeMode>
          <coordinates>-112.072601,33.674515,594.36</coordinates>
        </Point>
      </Placemark>
      <Placemark>
        <name>2025-08-19 11:29:12 UTC</name>
        <description><![CDATA[<div><div><span><b>Altitude:</b></span> <span>1,950 ft</span></div>
<div><span><b>Speed:</b></span> <span>69 kt</span></div>
<div><span><b>Heading:</b></span> <span>355&deg;</span></div>
</div>]]></description>
        <TimeStamp>
          <when>2025-08-19T11:29:12+00:00</when>
        </TimeStamp>
        <Style>
          <IconStyle>
            <heading>355</heading>
            <Icon>
              <href>http://maps.google.com/mapfiles/kml/shapes/airports.png</href>
            </Icon>
          </IconStyle>
        </Style>
        <Point>
          <altitudeMode>absolute</altitudeMode>
          <coordinates>-112.072678,33.675331,594.36</coordinates>
        </Point>
      </Placemark>
      <Placemark>
        <name>2025-08-19 11:29:15 UTC</name>
        <description><![CDATA[<div><div><span><b>Altitude:</b></span> <span>1,900 ft</span></div>
<div><span><b>Speed:</b></span> <span>66 kt</span></div>
<div><span><b>Heading:</b></span> <span>353&deg;</span></div>
</div>]]></description>
        <TimeStamp>
          <when>2025-08-19T11:29:15+00:00</when>
        </TimeStamp>
        <Style>
          <IconStyle>
            <heading>353</heading>
            <Icon>
              <href>http://maps.google.com/mapfiles/kml/shapes/airports.png</href>
            </Icon>
          </IconStyle>
        </Style>
        <Point>
          <altitudeMode>absolute</altitudeMode>
          <coordinates>-112.072708,33.67598,579.12</coordinates>
        </Point>
      </Placemark>
      <Placemark>
        <name>2025-08-19 11:29:17 UTC</name>
        <description><![CDATA[<div><div><span><b>Altitude:</b></span> <span>1,875 ft</span></div>
<div><span><b>Speed:</b></span> <span>63 kt</span></div>
<div><span><b>Heading:</b></span> <span>350&deg;</span></div>
</div>]]></description>
        <TimeStamp>
          <when>2025-08-19T11:29:17+00:00</when>
        </TimeStamp>
        <Style>
          <IconStyle>
            <heading>350</heading>
            <Icon>
              <href>http://maps.google.com/mapfiles/kml/shapes/airports.png</href>
            </Icon>
          </IconStyle>
        </Style>
        <Point>
          <altitudeMode>absolute</altitudeMode>
          <coordinates>-112.072876,33.676712,571.5</coordinates>
        </Point>
      </Placemark>
      <Placemark>
        <name>2025-08-19 11:29:19 UTC</name>
        <description><![CDATA[<div><div><span><b>Altitude:</b></span> <span>1,875 ft</span></div>
<div><span><b>Speed:</b></span> <span>61 kt</span></div>
<div><span><b>Heading:</b></span> <span>348&deg;</span></div>
</div>]]></description>
        <TimeStamp>
          <when>2025-08-19T11:29:19+00:00</when>
        </TimeStamp>
        <Style>
          <IconStyle>
            <heading>348</heading>
            <Icon>
              <href>http://maps.google.com/mapfiles/kml/shapes/airports.png</href>
            </Icon>
          </IconStyle>
        </Style>
        <Point>
          <altitudeMode>absolute</altitudeMode>
          <coordinates>-112.07299,33.677261,571.5</coordinates>
        </Point>
      </Placemark>
      <Placemark>
        <name>2025-08-19 11:29:21 UTC</name>
        <description><![CDATA[<div><div><span><b>Altitude:</b></span> <span>1,850 ft</span></div>
<div><span><b>Speed:</b></span> <span>59 kt</span></div>
<div><span><b>Heading:</b></span> <span>348&deg;</span></div>
</div>]]></description>
        <TimeStamp>
          <when>2025-08-19T11:29:21+00:00</when>
        </TimeStamp>
        <Style>
          <IconStyle>
            <heading>348</heading>
            <Icon>
              <href>http://maps.google.com/mapfiles/kml/shapes/airports.png</href>
            </Icon>
          </IconStyle>
        </Style>
        <Point>
          <altitudeMode>absolute</altitudeMode>
          <coordinates>-112.073158,33.677902,563.88</coordinates>
        </Point>
      </Placemark>
      <Placemark>
        <name>2025-08-19 11:29:24 UTC</name>
        <description><![CDATA[<div><div><span><b>Altitude:</b></span> <span>1,825 ft</span></div>
<div><span><b>Speed:</b></span> <span>56 kt</span></div>
<div><span><b>Heading:</b></span> <span>347&deg;</span></div>
</div>]]></description>
        <TimeStamp>
          <when>2025-08-19T11:29:24+00:00</when>
        </TimeStamp>
        <Style>
          <IconStyle>
            <heading>347</heading>
            <Icon>
              <href>http://maps.google.com/mapfiles/kml/shapes/airports.png</href>
            </Icon>
          </IconStyle>
        </Style>
        <Point>
          <altitudeMode>absolute</altitudeMode>
          <coordinates>-112.073273,33.678497,556.26</coordinates>
        </Point>
      </Placemark>
      <Placemark>
        <name>2025-08-19 11:29:26 UTC</name>
        <description><![CDATA[<div><div><span><b>Altitude:</b></span> <span>1,800 ft</span></div>
<div><span><b>Speed:</b></span> <span>54 kt</span></div>
<div><span><b>Heading:</b></span> <span>347&deg;</span></div>
</div>]]></description>
        <TimeStamp>
          <when>2025-08-19T11:29:26+00:00</when>
        </TimeStamp>
        <Style>
          <IconStyle>
            <heading>347</heading>
            <Icon>
              <href>http://maps.google.com/mapfiles/kml/shapes/airports.png</href>
            </Icon>
          </IconStyle>
        </Style>
        <Point>
          <altitudeMode>absolute</altitudeMode>
          <coordinates>-112.073425,33.679054,548.64</coordinates>
        </Point>
      </Placemark>
      <Placemark>
        <name>2025-08-19 11:29:28 UTC</name>
        <description><![CDATA[<div><div><span><b>Altitude:</b></span> <span>1,775 ft</span></div>
<div><span><b>Speed:</b></span> <span>53 kt</span></div>
<div><span><b>Heading:</b></span> <span>347&deg;</span></div>
</div>]]></description>
        <TimeStamp>
          <when>2025-08-19T11:29:28+00:00</when>
        </TimeStamp>
        <Style>
          <IconStyle>
            <heading>347</heading>
            <Icon>
              <href>http://maps.google.com/mapfiles/kml/shapes/airports.png</href>
            </Icon>
          </IconStyle>
        </Style>
        <Point>
          <altitudeMode>absolute</altitudeMode>
          <coordinates>-112.073608,33.679688,541.02</coordinates>
        </Point>
      </Placemark>
      <Placemark>
        <name>2025-08-19 11:29:30 UTC</name>
        <description><![CDATA[<div><div><span><b>Altitude:</b></span> <span>1,750 ft</span></div>
<div><span><b>Speed:</b></span> <span>50 kt</span></div>
<div><span><b>Heading:</b></span> <span>348&deg;</span></div>
</div>]]></description>
        <TimeStamp>
          <when>2025-08-19T11:29:30+00:00</when>
        </TimeStamp>
        <Style>
          <IconStyle>
            <heading>348</heading>
            <Icon>
              <href>http://maps.google.com/mapfiles/kml/shapes/airports.png</href>
            </Icon>
          </IconStyle>
        </Style>
        <Point>
          <altitudeMode>absolute</altitudeMode>
          <coordinates>-112.073708,33.680172,533.4</coordinates>
        </Point>
      </Placemark>
      <Placemark>
        <name>2025-08-19 11:29:32 UTC</name>
        <description><![CDATA[<div><div><span><b>Altitude:</b></span> <span>1,750 ft</span></div>
<div><span><b>Speed:</b></span> <span>49 kt</span></div>
<div><span><b>Heading:</b></span> <span>350&deg;</span></div>
</div>]]></description>
        <TimeStamp>
          <when>2025-08-19T11:29:32+00:00</when>
        </TimeStamp>
        <Style>
          <IconStyle>
            <heading>350</heading>
            <Icon>
              <href>http://maps.google.com/mapfiles/kml/shapes/airports.png</href>
            </Icon>
          </IconStyle>
        </Style>
        <Point>
          <altitudeMode>absolute</altitudeMode>
          <coordinates>-112.073822,33.680592,533.4</coordinates>
        </Point>
      </Placemark>
      <Placemark>
        <name>2025-08-19 11:29:34 UTC</name>
        <description><![CDATA[<div><div><span><b>Altitude:</b></span> <span>1,725 ft</span></div>
<div><span><b>Speed:</b></span> <span>47 kt</span></div>
<div><span><b>Heading:</b></span> <span>351&deg;</span></div>
</div>]]></description>
        <TimeStamp>
          <when>2025-08-19T11:29:34+00:00</when>
        </TimeStamp>
        <Style>
          <IconStyle>
            <heading>351</heading>
            <Icon>
              <href>http://maps.google.com/mapfiles/kml/shapes/airports.png</href>
            </Icon>
          </IconStyle>
        </Style>
        <Point>
          <altitudeMode>absolute</altitudeMode>
          <coordinates>-112.073883,33.681057,525.78</coordinates>
        </Point>
      </Placemark>
      <Placemark>
        <name>2025-08-19 11:29:36 UTC</name>
        <description><![CDATA[<div><div><span><b>Altitude:</b></span> <span>1,700 ft</span></div>
<div><span><b>Speed:</b></span> <span>46 kt</span></div>
<div><span><b>Heading:</b></span> <span>352&deg;</span></div>
</div>]]></description>
        <TimeStamp>
          <when>2025-08-19T11:29:36+00:00</when>
        </TimeStamp>
        <Style>
          <IconStyle>
            <heading>352</heading>
            <Icon>
              <href>http://maps.google.com/mapfiles/kml/shapes/airports.png</href>
            </Icon>
          </IconStyle>
        </Style>
        <Point>
          <altitudeMode>absolute</altitudeMode>
          <coordinates>-112.07399,33.681477,518.16</coordinates>
        </Point>
      </Placemark>
      <Placemark>
        <name>2025-08-19 11:29:39 UTC</name>
        <description><![CDATA[<div><div><span><b>Altitude:</b></span> <span>1,675 ft</span></div>
<div><span><b>Speed:</b></span> <span>45 kt</span></div>
<div><span><b>Heading:</b></span> <span>353&deg;</span></div>
</div>]]></description>
        <TimeStamp>
          <when>2025-08-19T11:29:39+00:00</when>
        </TimeStamp>
        <Style>
          <IconStyle>
            <heading>353</heading>
            <Icon>
              <href>http://maps.google.com/mapfiles/kml/shapes/airports.png</href>
            </Icon>
          </IconStyle>
        </Style>
        <Point>
          <altitudeMode>absolute</altitudeMode>
          <coordinates>-112.074059,33.681931,510.54</coordinates>
        </Point>
      </Placemark>
      <Placemark>
        <name>2025-08-19 11:29:43 UTC</name>
        <description><![CDATA[<div><div><span><b>Altitude:</b></span> <span>1,650 ft</span></div>
<div><span><b>Speed:</b></span> <span>41 kt</span></div>
<div><span><b>Heading:</b></span> <span>358&deg;</span></div>
</div>]]></description>
        <TimeStamp>
          <when>2025-08-19T11:29:43+00:00</when>
        </TimeStamp>
        <Style>
          <IconStyle>
            <heading>358</heading>
            <Icon>
              <href>http://maps.google.com/mapfiles/kml/shapes/airports.png</href>
            </Icon>
          </IconStyle>
        </Style>
        <Point>
          <altitudeMode>absolute</altitudeMode>
          <coordinates>-112.074112,33.682827,502.92</coordinates>
        </Point>
      </Placemark>
      <Placemark>
        <name>2025-08-19 11:29:45 UTC</name>
        <description><![CDATA[<div><div><span><b>Altitude:</b></span> <span>1,625 ft</span></div>
<div><span><b>Speed:</b></span> <span>39 kt</span></div>
<div><span><b>Heading:</b></span> <span>358&deg;</span></div>
</div>]]></description>
        <TimeStamp>
          <when>2025-08-19T11:29:45+00:00</when>
        </TimeStamp>
        <Style>
          <IconStyle>
            <heading>358</heading>
            <Icon>
              <href>http://maps.google.com/mapfiles/kml/shapes/airports.png</href>
            </Icon>
          </IconStyle>
        </Style>
        <Point>
          <altitudeMode>absolute</altitudeMode>
          <coordinates>-112.074112,33.683304,495.3</coordinates>
        </Point>
      </Placemark>
      <Placemark>
        <name>2025-08-19 11:29:48 UTC</name>
        <description><![CDATA[<div><div><span><b>Altitude:</b></span> <span>1,625 ft</span></div>
<div><span><b>Speed:</b></span> <span>36 kt</span></div>
<div><span><b>Heading:</b></span> <span>358&deg;</span></div>
</div>]]></description>
        <TimeStamp>
          <when>2025-08-19T11:29:48+00:00</when>
        </TimeStamp>
        <Style>
          <IconStyle>
            <heading>358</heading>
            <Icon>
              <href>http://maps.google.com/mapfiles/kml/shapes/airports.png</href>
            </Icon>
          </IconStyle>
        </Style>
        <Point>
          <altitudeMode>absolute</altitudeMode>
          <coordinates>-112.074112,33.683624,495.3</coordinates>
        </Point>
      </Placemark>
      <Placemark>
        <name>2025-08-19 11:29:50 UTC</name>
        <description><![CDATA[<div><div><span><b>Altitude:</b></span> <span>1,600 ft</span></div>
<div><span><b>Speed:</b></span> <span>34 kt</span></div>
<div><span><b>Heading:</b></span> <span>358&deg;</span></div>
</div>]]></description>
        <TimeStamp>
          <when>2025-08-19T11:29:50+00:00</when>
        </TimeStamp>
        <Style>
          <IconStyle>
            <heading>358</heading>
            <Icon>
              <href>http://maps.google.com/mapfiles/kml/shapes/airports.png</href>
            </Icon>
          </IconStyle>
        </Style>
        <Point>
          <altitudeMode>absolute</altitudeMode>
          <coordinates>-112.074112,33.684036,487.68</coordinates>
        </Point>
      </Placemark>
      <Placemark>
        <name>2025-08-19 11:29:52 UTC</name>
        <description><![CDATA[<div><div><span><b>Altitude:</b></span> <span>1,600 ft</span></div>
<div><span><b>Speed:</b></span> <span>31 kt</span></div>
<div><span><b>Heading:</b></span> <span>358&deg;</span></div>
</div>]]></description>
        <TimeStamp>
          <when>2025-08-19T11:29:52+00:00</when>
        </TimeStamp>
        <Style>
          <IconStyle>
            <heading>358</heading>
            <Icon>
              <href>http://maps.google.com/mapfiles/kml/shapes/airports.png</href>
            </Icon>
          </IconStyle>
        </Style>
        <Point>
          <altitudeMode>absolute</altitudeMode>
          <coordinates>-112.074112,33.684311,487.68</coordinates>
        </Point>
      </Placemark>
      <Placemark>
        <name>2025-08-19 11:29:54 UTC</name>
        <description><![CDATA[<div><div><span><b>Altitude:</b></span> <span>1,575 ft</span></div>
<div><span><b>Speed:</b></span> <span>28 kt</span></div>
<div><span><b>Heading:</b></span> <span>358&deg;</span></div>
</div>]]></description>
        <TimeStamp>
          <when>2025-08-19T11:29:54+00:00</when>
        </TimeStamp>
        <Style>
          <IconStyle>
            <heading>358</heading>
            <Icon>
              <href>http://maps.google.com/mapfiles/kml/shapes/airports.png</href>
            </Icon>
          </IconStyle>
        </Style>
        <Point>
          <altitudeMode>absolute</altitudeMode>
          <coordinates>-112.074165,33.684639,480.06</coordinates>
        </Point>
      </Placemark>
      <Placemark>
        <name>2025-08-19 11:29:56 UTC</name>
        <description><![CDATA[<div><div><span><b>Altitude:</b></span> <span>1,550 ft</span></div>
<div><span><b>Speed:</b></span> <span>25 kt</span></div>
<div><span><b>Heading:</b></span> <span>358&deg;</span></div>
</div>]]></description>
        <TimeStamp>
          <when>2025-08-19T11:29:56+00:00</when>
        </TimeStamp>
        <Style>
          <IconStyle>
            <heading>358</heading>
            <Icon>
              <href>http://maps.google.com/mapfiles/kml/shapes/airports.png</href>
            </Icon>
          </IconStyle>
        </Style>
        <Point>
          <altitudeMode>absolute</altitudeMode>
          <coordinates>-112.074165,33.684872,472.44</coordinates>
        </Point>
      </Placemark>
      <Placemark>
        <name>2025-08-19 11:29:59 UTC</name>
        <description><![CDATA[<div><div><span><b>Altitude:</b></span> <span>1,550 ft</span></div>
<div><span><b>Speed:</b></span> <span>23 kt</span></div>
<div><span><b>Heading:</b></span> <span>358&deg;</span></div>
</div>]]></description>
        <TimeStamp>
          <when>2025-08-19T11:29:59+00:00</when>
        </TimeStamp>
        <Style>
          <IconStyle>
            <heading>358</heading>
            <Icon>
              <href>http://maps.google.com/mapfiles/kml/shapes/airports.png</href>
            </Icon>
          </IconStyle>
        </Style>
        <Point>
          <altitudeMode>absolute</altitudeMode>
          <coordinates>-112.074165,33.685181,472.44</coordinates>
        </Point>
      </Placemark>
      <Placemark>
        <name>2025-08-19 11:30:01 UTC</name>
        <description><![CDATA[<div><div><span><b>Altitude:</b></span> <span>1,525 ft</span></div>
<div><span><b>Speed:</b></span> <span>21 kt</span></div>
<div><span><b>Heading:</b></span> <span>357&deg;</span></div>
</div>]]></description>
        <TimeStamp>
          <when>2025-08-19T11:30:01+00:00</when>
        </TimeStamp>
        <Style>
          <IconStyle>
            <heading>357</heading>
            <Icon>
              <href>http://maps.google.com/mapfiles/kml/shapes/airports.png</href>
            </Icon>
          </IconStyle>
        </Style>
        <Point>
          <altitudeMode>absolute</altitudeMode>
          <coordinates>-112.074165,33.685432,464.82</coordinates>
        </Point>
      </Placemark>
      <Placemark>
        <name>2025-08-19 11:30:05 UTC</name>
        <description><![CDATA[<div><div><span><b>Altitude:</b></span> <span>1,500 ft</span></div>
<div><span><b>Speed:</b></span> <span>16 kt</span></div>
<div><span><b>Heading:</b></span> <span>357&deg;</span></div>
</div>]]></description>
        <TimeStamp>
          <when>2025-08-19T11:30:05+00:00</when>
        </TimeStamp>
        <Style>
          <IconStyle>
            <heading>357</heading>
            <Icon>
              <href>http://maps.google.com/mapfiles/kml/shapes/airports.png</href>
            </Icon>
          </IconStyle>
        </Style>
        <Point>
          <altitudeMode>absolute</altitudeMode>
          <coordinates>-112.074165,33.685776,457.2</coordinates>
        </Point>
      </Placemark>
      <Placemark>
        <name>2025-08-19 11:30:10 UTC</name>
        <description><![CDATA[<div><div><span><b>Altitude:</b></span> <span>1,475 ft</span></div>
<div><span><b>Speed:</b></span> <span>12 kt</span></div>
<div><span><b>Heading:</b></span> <span>9&deg;</span></div>
</div>]]></description>
        <TimeStamp>
          <when>2025-08-19T11:30:10+00:00</when>
        </TimeStamp>
        <Style>
          <IconStyle>
            <heading>9</heading>
            <Icon>
              <href>http://maps.google.com/mapfiles/kml/shapes/airports.png</href>
            </Icon>
          </IconStyle>
        </Style>
        <Point>
          <altitudeMode>absolute</altitudeMode>
          <coordinates>-112.074112,33.68605,449.58</coordinates>
        </Point>
      </Placemark>
      <Placemark>
        <name>2025-08-19 11:30:16 UTC</name>
        <description><![CDATA[<div><div><span><b>Altitude:</b></span> <span>0 ft</span></div>
<div><span><b>Speed:</b></span> <span>7 kt</span></div>
<div><span><b>Heading:</b></span> <span>19&deg;</span></div>
</div>]]></description>
        <TimeStamp>
          <when>2025-08-19T11:30:16+00:00</when>
        </TimeStamp>
        <Style>
          <IconStyle>
            <heading>19</heading>
            <Icon>
              <href>http://maps.google.com/mapfiles/kml/shapes/airports.png</href>
            </Icon>
          </IconStyle>
        </Style>
        <Point>
          <altitudeMode>absolute</altitudeMode>
          <coordinates>-112.074036,33.686317,0</coordinates>
        </Point>
      </Placemark>
      <Placemark>
        <name>2025-08-19 11:30:28 UTC</name>
        <description><![CDATA[<div><div><span><b>Altitude:</b></span> <span>0 ft</span></div>
<div><span><b>Speed:</b></span> <span>1 kt</span></div>
<div><span><b>Heading:</b></span> <span>2&deg;</span></div>
</div>]]></description>
        <TimeStamp>
          <when>2025-08-19T11:30:28+00:00</when>
        </TimeStamp>
        <Style>
          <IconStyle>
            <heading>2</heading>
            <Icon>
              <href>http://maps.google.com/mapfiles/kml/shapes/airports.png</href>
            </Icon>
          </IconStyle>
        </Style>
        <Point>
          <altitudeMode>absolute</altitudeMode>
          <coordinates>-112.073914,33.68652,0</coordinates>
        </Point>
      </Placemark>
    </Folder>
    <Folder>
      <name>Trail</name>
      <Placemark>
        <Style>
          <LineStyle>
            <color>ffccff00</color>
            <width>2</width>
          </LineStyle>
        </Style>
        <MultiGeometry>
          <LineString>
            <tessellate>1</tessellate>
            <altitudeMode>absolute</altitudeMode>
            <coordinates>-112.081528,33.684246,556.26 -112.082039,33.683575,586.74</coordinates>
          </LineString>
        </MultiGeometry>
        <name>P-1</name>
        <description><![CDATA[<div><div><span><b>Altitude:</b></span> <span>1,825 ft - 1,925 ft</span></div>
<div><span><b>Speed:</b></span> <span>10 kt - 99 kt</span></div>
<div><span><b>Timestamp:</b></span><br/><span>2025-08-19 11:09:54 UTC<br/>2025-08-19 11:09:59 UTC</span></div>
</div>]]></description>
      </Placemark>
      <Placemark>
        <Style>
          <LineStyle>
            <color>ffccff00</color>
            <width>2</width>
          </LineStyle>
        </Style>
        <MultiGeometry>
          <LineString>
            <tessellate>1</tessellate>
            <altitudeMode>absolute</altitudeMode>
            <coordinates>-112.082039,33.683575,586.74 -112.083435,33.678032,609.6</coordinates>
          </LineString>
        </MultiGeometry>
        <name>P-2</name>
        <description><![CDATA[<div><div><span><b>Altitude:</b></span> <span>1,925 ft - 2,000 ft</span></div>
<div><span><b>Speed:</b></span> <span>99 kt - 100 kt</span></div>
<div><span><b>Timestamp:</b></span><br/><span>2025-08-19 11:09:59 UTC<br/>2025-08-19 11:10:05 UTC</span></div>
</div>]]></description>
      </Placemark>
      <Placemark>
        <Style>
          <LineStyle>
            <color>ff42ff00</color>
            <width>2</width>
          </LineStyle>
        </Style>
        <MultiGeometry>
          <LineString>
            <tessellate>1</tessellate>
            <altitudeMode>absolute</altitudeMode>
            <coordinates>-112.083435,33.678032,609.6 -112.083862,33.675934,617.22</coordinates>
          </LineString>
        </MultiGeometry>
        <name>P-3</name>
        <description><![CDATA[<div><div><span><b>Altitude:</b></span> <span>2,000 ft - 2,025 ft</span></div>
<div><span><b>Speed:</b></span> <span>100 kt - 104 kt</span></div>
<div><span><b>Timestamp:</b></span><br/><span>2025-08-19 11:10:05 UTC<br/>2025-08-19 11:10:09 UTC</span></div>
</div>]]></description>
      </Placemark>
      <Placemark>
        <Style>
          <LineStyle>
            <color>ff42ff00</color>
            <width>2</width>
          </LineStyle>
        </Style>
        <MultiGeometry>
          <LineString>
            <tessellate>1</tessellate>
            <altitudeMode>absolute</altitudeMode>
            <coordinates>-112.083862,33.675934,617.22 -112.084061,33.675003,617.22</coordinates>
          </LineString>
        </MultiGeometry>
        <name>P-4</name>
        <description><![CDATA[<div><div><span><b>Altitude:</b></span> <span>2,025 ft</span></div>
<div><span><b>Speed:</b></span> <span>104 kt - 107 kt</span></div>
<div><span><b>Timestamp:</b></span><br/><span>2025-08-19 11:10:09 UTC<br/>2025-08-19 11:10:11 UTC</span></div>
</div>]]></description>
      </Placemark>
      <Placemark>
        <Style>
          <LineStyle>
            <color>ff42ff00</color>
            <width>2</width>
          </LineStyle>
        </Style>
        <MultiGeometry>
          <LineString>
            <tessellate>1</tessellate>
            <altitudeMode>absolute</altitudeMode>
            <coordinates>-112.084061,33.675003,617.22 -112.084312,33.673782,617.22</coordinates>
          </LineString>
        </MultiGeometry>
        <name>P-5</name>
        <description><![CDATA[<div><div><span><b>Altitude:</b></span> <span>2,025 ft</span></div>
<div><span><b>Speed:</b></span> <span>107 kt - 109 kt</span></div>
<div><span><b>Timestamp:</b></span><br/><span>2025-08-19 11:10:11 UTC<br/>2025-08-19 11:10:14 UTC</span></div>
</div>]]></description>
      </Placemark>
      <Placemark>
        <Style>
          <LineStyle>
            <color>ff42ff00</color>
            <width>2</width>
          </LineStyle>
        </Style>
        <MultiGeometry>
          <LineString>
            <tessellate>1</tessellate>
            <altitudeMode>absolute</altitudeMode>
            <coordinates>-112.084312,33.673782,617.22 -112.08448,33.672775,617.22</coordinates>
          </LineString>
        </MultiGeometry>
        <name>P-6</name>
        <description><![CDATA[<div><div><span><b>Altitude:</b></span> <span>2,025 ft</span></div>
<div><span><b>Speed:</b></span> <span>109 kt - 110 kt</span></div>
<div><span><b>Timestamp:</b></span><br/><span>2025-08-19 11:10:14 UTC<br/>2025-08-19 11:10:16 UTC</span></div>
</div>]]></description>
      </Placemark>
      <Placemark>
        <Style>
          <LineStyle>
            <color>ff42ff00</color>
            <width>2</width>
          </LineStyle>
        </Style>
        <MultiGeometry>
          <LineString>
            <tessellate>1</tessellate>
            <altitudeMode>absolute</altitudeMode>
            <coordinates>-112.08448,33.672775,617.22 -112.085495,33.668114,624.84</coordinates>
          </LineString>
        </MultiGeometry>
        <name>P-7</name>
        <description><![CDATA[<div><div><span><b>Altitude:</b></span> <span>2,025 ft - 2,050 ft</span></div>
<div><span><b>Speed:</b></span> <span>110 kt - 115 kt</span></div>
<div><span><b>Timestamp:</b></span><br/><span>2025-08-19 11:10:16 UTC<br/>2025-08-19 11:10:25 UTC</span></div>
</div>]]></description>
      </Placemark>
      <Placemark>
        <Style>
          <LineStyle>
            <color>ff42ff00</color>
            <width>2</width>
          </LineStyle>
        </Style>
        <MultiGeometry>
          <LineString>
            <tessellate>1</tessellate>
            <altitudeMode>absolute</altitudeMode>
            <coordinates>-112.085495,33.668114,624.84 -112.08622,33.664719,624.84</coordinates>
          </LineString>
        </MultiGeometry>
        <name>P-8</name>
        <description><![CDATA[<div><div><span><b>Altitude:</b></span> <span>2,050 ft</span></div>
<div><span><b>Speed:</b></span> <span>115 kt - 118 kt</span></div>
<div><span><b>Timestamp:</b></span><br/><span>2025-08-19 11:10:25 UTC<br/>2025-08-19 11:10:31 UTC</span></div>
</div>]]></description>
      </Placemark>
      <Placemark>
        <Style>
          <LineStyle>
            <color>ff42ff00</color>
            <width>2</width>
          </LineStyle>
        </Style>
        <MultiGeometry>
          <LineString>
            <tessellate>1</tessellate>
            <altitudeMode>absolute</altitudeMode>
            <coordinates>-112.08622,33.664719,624.84 -112.087173,33.660782,624.84</coordinates>
          </LineString>
        </MultiGeometry>
        <name>P-9</name>
        <description><![CDATA[<div><div><span><b>Altitude:</b></span> <span>2,050 ft</span></div>
<div><span><b>Speed:</b></span> <span>118 kt - 120 kt</span></div>
<div><span><b>Timestamp:</b></span><br/><span>2025-08-19 11:10:31 UTC<br/>2025-08-19 11:10:38 UTC</span></div>
</div>]]></description>
      </Placemark>
      <Placemark>
        <Style>
          <LineStyle>
            <color>ff42ff00</color>
            <width>2</width>
          </LineStyle>
        </Style>
        <MultiGeometry>
          <LineString>
            <tessellate>1</tessellate>
            <altitudeMode>absolute</altitudeMode>
            <coordinates>-112.087173,33.660782,624.84 -112.088074,33.657314,617.22</coordinates>
          </LineString>
        </MultiGeometry>
        <name>P-10</name>
        <description><![CDATA[<div><div><span><b>Altitude:</b></span> <span>2,050 ft - 2,025 ft</span></div>
<div><span><b>Speed:</b></span> <span>120 kt - 122 kt</span></div>
<div><span><b>Timestamp:</b></span><br/><span>2025-08-19 11:10:38 UTC<br/>2025-08-19 11:10:45 UTC</span></div>
</div>]]></description>
      </Placemark>
      <Placemark>
        <Style>
          <LineStyle>
            <color>ff42ff00</color>
            <width>2</width>
          </LineStyle>
        </Style>
        <MultiGeometry>
          <LineString>
            <tessellate>1</tessellate>
            <altitudeMode>absolute</altitudeMode>
            <coordinates>-112.088074,33.657314,617.22 -112.089272,33.6521,617.22</coordinates>
          </LineString>
        </MultiGeometry>
        <name>P-11</name>
        <description><![CDATA[<div><div><span><b>Altitude:</b></span> <span>2,025 ft</span></div>
<div><span><b>Speed:</b></span> <span>122 kt</span></div>
<div><span><b>Timestamp:</b></span><br/><span>2025-08-19 11:10:45 UTC<br/>2025-08-19 11:10:54 UTC</span></div>
</div>]]></description>
      </Placemark>
      <Placemark>
        <Style>
          <LineStyle>
            <color>ff42ff00</color>
            <width>2</width>
          </LineStyle>
        </Style>
        <MultiGeometry>
          <LineString>
            <tessellate>1</tessellate>
            <altitudeMode>absolute</altitudeMode>
            <coordinates>-112.089272,33.6521,617.22 -112.090073,33.648098,617.22</coordinates>
          </LineString>
        </MultiGeometry>
        <name>P-12</name>
        <description><![CDATA[<div><div><span><b>Altitude:</b></span> <span>2,025 ft</span></div>
<div><span><b>Speed:</b></span> <span>122 kt - 120 kt</span></div>
<div><span><b>Timestamp:</b></span><br/><span>2025-08-19 11:10:54 UTC<br/>2025-08-19 11:11:01 UTC</span></div>
</div>]]></description>
      </Placemark>
      <Placemark>
        <Style>
          <LineStyle>
            <color>ff42ff00</color>
            <width>2</width>
          </LineStyle>
        </Style>
        <MultiGeometry>
          <LineString>
            <tessellate>1</tessellate>
            <altitudeMode>absolute</altitudeMode>
            <coordinates>-112.090073,33.648098,617.22 -112.090927,33.644302,624.84</coordinates>
          </LineString>
        </MultiGeometry>
        <name>P-13</name>
        <description><![CDATA[<div><div><span><b>Altitude:</b></span> <span>2,025 ft - 2,050 ft</span></div>
<div><span><b>Speed:</b></span> <span>120 kt - 118 kt</span></div>
<div><span><b>Timestamp:</b></span><br/><span>2025-08-19 11:11:01 UTC<br/>2025-08-19 11:11:08 UTC</span></div>
</div>]]></description>
      </Placemark>
      <Placemark>
        <Style>
          <LineStyle>
            <color>ff42ff00</color>
            <width>2</width>
          </LineStyle>
        </Style>
        <MultiGeometry>
          <LineString>
            <tessellate>1</tessellate>
            <altitudeMode>absolute</altitudeMode>
            <coordinates>-112.090927,33.644302,624.84 -112.091766,33.640686,624.84</coordinates>
          </LineString>
        </MultiGeometry>
        <name>P-14</name>
        <description><![CDATA[<div><div><span><b>Altitude:</b></span> <span>2,050 ft</span></div>
<div><span><b>Speed:</b></span> <span>118 kt - 117 kt</span></div>
<div><span><b>Timestamp:</b></span><br/><span>2025-08-19 11:11:08 UTC<br/>2025-08-19 11:11:15 UTC</span></div>
</div>]]></description>
      </Placemark>
      <Placemark>
        <Style>
          <LineStyle>
            <color>ff42ff00</color>
            <width>2</width>
          </LineStyle>
        </Style>
        <MultiGeometry>
          <LineString>
            <tessellate>1</tessellate>
            <altitudeMode>absolute</altitudeMode>
            <coordinates>-112.091766,33.640686,624.84 -112.093048,33.635807,632.46</coordinates>
          </LineString>
        </MultiGeometry>
        <name>P-15</name>
        <description><![CDATA[<div><div><span><b>Altitude:</b></span> <span>2,050 ft - 2,075 ft</span></div>
<div><span><b>Speed:</b></span> <span>117 kt</span></div>
<div><span><b>Timestamp:</b></span><br/><span>2025-08-19 11:11:15 UTC<br/>2025-08-19 11:11:24 UTC</span></div>
</div>]]></description>
      </Placemark>
      <Placemark>
        <Style>
          <LineStyle>
            <color>ff42ff00</color>
            <width>2</width>
          </LineStyle>
        </Style>
        <MultiGeometry>
          <LineString>
            <tessellate>1</tessellate>
            <altitudeMode>absolute</altitudeMode>
            <coordinates>-112.093048,33.635807,632.46 -112.093964,33.632504,640.08</coordinates>
          </LineString>
        </MultiGeometry>
        <name>P-16</name>
        <description><![CDATA[<div><div><span><b>Altitude:</b></span> <span>2,075 ft - 2,100 ft</span></div>
<div><span><b>Speed:</b></span> <span>117 kt</span></div>
<div><span><b>Timestamp:</b></span><br/><span>2025-08-19 11:11:24 UTC<br/>2025-08-19 11:11:30 UTC</span></div>
</div>]]></description>
      </Placemark>
      <Placemark>
        <Style>
          <LineStyle>
            <color>ff42ff00</color>
            <width>2</width>
          </LineStyle>
        </Style>
        <MultiGeometry>
          <LineString>
            <tessellate>1</tessellate>
            <altitudeMode>absolute</altitudeMode>
            <coordinates>-112.093964,33.632504,640.08 -112.094849,33.628967,640.08</coordinates>
          </LineString>
        </MultiGeometry>
        <name>P-17</name>
        <description><![CDATA[<div><div><span><b>Altitude:</b></span> <span>2,100 ft</span></div>
<div><span><b>Speed:</b></span> <span>117 kt</span></div>
<div><span><b>Timestamp:</b></span><br/><span>2025-08-19 11:11:30 UTC<br/>2025-08-19 11:11:37 UTC</span></div>
</div>]]></description>
      </Placemark>
      <Placemark>
        <Style>
          <LineStyle>
            <color>ff42ff00</color>
            <width>2</width>
          </LineStyle>
        </Style>
        <MultiGeometry>
          <LineString>
            <tessellate>1</tessellate>
            <altitudeMode>absolute</altitudeMode>
            <coordinates>-112.094849,33.628967,640.08 -112.095169,33.626591,640.08</coordinates>
          </LineString>
        </MultiGeometry>
        <name>P-18</name>
        <description><![CDATA[<div><div><span><b>Altitude:</b></span> <span>2,100 ft</span></div>
<div><span><b>Speed:</b></span> <span>117 kt - 118 kt</span></div>
<div><span><b>Timestamp:</b></span><br/><span>2025-08-19 11:11:37 UTC<br/>2025-08-19 11:11:41 UTC</span></div>
</div>]]></description>
      </Placemark>
      <Placemark>
        <Style>
          <LineStyle>
            <color>ff42ff00</color>
            <width>2</width>
          </LineStyle>
        </Style>
        <MultiGeometry>
          <LineString>
            <tessellate>1</tessellate>
            <altitudeMode>absolute</altitudeMode>
            <coordinates>-112.095169,33.626591,640.08 -112.095276,33.625427,640.08</coordinates>
          </LineString>
        </MultiGeometry>
        <name>P-19</name>
        <description><![CDATA[<div><div><span><b>Altitude:</b></span> <span>2,100 ft</span></div>
<div><span><b>Speed:</b></span> <span>118 kt</span></div>
<div><span><b>Timestamp:</b></span><br/><span>2025-08-19 11:11:41 UTC<br/>2025-08-19 11:11:43 UTC</span></div>
</div>]]></description>
      </Placemark>
      <Placemark>
        <Style>
          <LineStyle>
            <color>ff42ff00</color>
            <width>2</width>
          </LineStyle>
        </Style>
        <MultiGeometry>
          <LineString>
            <tessellate>1</tessellate>
            <altitudeMode>absolute</altitudeMode>
            <coordinates>-112.095276,33.625427,640.08 -112.095451,33.62431,640.08</coordinates>
          </LineString>
        </MultiGeometry>
        <name>P-20</name>
        <description><![CDATA[<div><div><span><b>Altitude:</b></span> <span>2,100 ft</span></div>
<div><span><b>Speed:</b></span> <span>118 kt</span></div>
<div><span><b>Timestamp:</b></span><br/><span>2025-08-19 11:11:43 UTC<br/>2025-08-19 11:11:45 UTC</span></div>
</div>]]></description>
      </Placemark>
      <Placemark>
        <Style>
          <LineStyle>
            <color>ff42ff00</color>
            <width>2</width>
          </LineStyle>
        </Style>
        <MultiGeometry>
          <LineString>
            <tessellate>1</tessellate>
            <altitudeMode>absolute</altitudeMode>
            <coordinates>-112.095451,33.62431,640.08 -112.095566,33.623005,640.08</coordinates>
          </LineString>
        </MultiGeometry>
        <name>P-21</name>
        <description><![CDATA[<div><div><span><b>Altitude:</b></span> <span>2,100 ft</span></div>
<div><span><b>Speed:</b></span> <span>118 kt</span></div>
<div><span><b>Timestamp:</b></span><br/><span>2025-08-19 11:11:45 UTC<br/>2025-08-19 11:11:48 UTC</span></div>
</div>]]></description>
      </Placemark>
      <Placemark>
        <Style>
          <LineStyle>
            <color>ff42ff00</color>
            <width>2</width>
          </LineStyle>
        </Style>
        <MultiGeometry>
          <LineString>
            <tessellate>1</tessellate>
            <altitudeMode>absolute</altitudeMode>
            <coordinates>-112.095566,33.623005,640.08 -112.095695,33.621826,640.08</coordinates>
          </LineString>
        </MultiGeometry>
        <name>P-22</name>
        <description><![CDATA[<div><div><span><b>Altitude:</b></span> <span>2,100 ft</span></div>
<div><span><b>Speed:</b></span> <span>118 kt</span></div>
<div><span><b>Timestamp:</b></span><br/><span>2025-08-19 11:11:48 UTC<br/>2025-08-19 11:11:50 UTC</span></div>
</div>]]></description>
      </Placemark>
      <Placemark>
        <Style>
          <LineStyle>
            <color>ff42ff00</color>
            <width>2</width>
          </LineStyle>
        </Style>
        <MultiGeometry>
          <LineString>
            <tessellate>1</tessellate>
            <altitudeMode>absolute</altitudeMode>
            <coordinates>-112.095695,33.621826,640.08 -112.095863,33.620544,647.7</coordinates>
          </LineString>
        </MultiGeometry>
        <name>P-23</name>
        <description><![CDATA[<div><div><span><b>Altitude:</b></span> <span>2,100 ft - 2,125 ft</span></div>
<div><span><b>Speed:</b></span> <span>118 kt - 119 kt</span></div>
<div><span><b>Timestamp:</b></span><br/><span>2025-08-19 11:11:50 UTC<br/>2025-08-19 11:11:52 UTC</span></div>
</div>]]></description>
      </Placemark>
      <Placemark>
        <Style>
          <LineStyle>
            <color>ff42ff00</color>
            <width>2</width>
          </LineStyle>
        </Style>
        <MultiGeometry>
          <LineString>
            <tessellate>1</tessellate>
            <altitudeMode>absolute</altitudeMode>
            <coordinates>-112.095863,33.620544,647.7 -112.09597,33.619308,647.7</coordinates>
          </LineString>
        </MultiGeometry>
        <name>P-24</name>
        <description><![CDATA[<div><div><span><b>Altitude:</b></span> <span>2,125 ft</span></div>
<div><span><b>Speed:</b></span> <span>119 kt</span></div>
<div><span><b>Timestamp:</b></span><br/><span>2025-08-19 11:11:52 UTC<br/>2025-08-19 11:11:54 UTC</span></div>
</div>]]></description>
      </Placemark>
      <Placemark>
        <Style>
          <LineStyle>
            <color>ff42ff00</color>
            <width>2</width>
          </LineStyle>
        </Style>
        <MultiGeometry>
          <LineString>
            <tessellate>1</tessellate>
            <altitudeMode>absolute</altitudeMode>
            <coordinates>-112.09597,33.619308,647.7 -112.096138,33.61821,647.7</coordinates>
          </LineString>
        </MultiGeometry>
        <name>P-25</name>
        <description><![CDATA[<div><div><span><b>Altitude:</b></span> <span>2,125 ft</span></div>
<div><span><b>Speed:</b></span> <span>119 kt</span></div>
<div><span><b>Timestamp:</b></span><br/><span>2025-08-19 11:11:54 UTC<br/>2025-08-19 11:11:57 UTC</span></div>
</div>]]></description>
      </Placemark>
      <Placemark>
        <Style>
          <LineStyle>
            <color>ff42ff00</color>
            <width>2</width>
          </LineStyle>
        </Style>
        <MultiGeometry>
          <LineString>
            <tessellate>1</tessellate>
            <altitudeMode>absolute</altitudeMode>
            <coordinates>-112.096138,33.61821,647.7 -112.096252,33.616974,647.7</coordinates>
          </LineString>
        </MultiGeometry>
        <name>P-26</name>
        <description><![CDATA[<div><div><span><b>Altitude:</b></span> <span>2,125 ft</span></div>
<div><span><b>Speed:</b></span> <span>119 kt</span></div>
<div><span><b>Timestamp:</b></span><br/><span>2025-08-19 11:11:57 UTC<br/>2025-08-19 11:11:59 UTC</span></div>
</div>]]></description>
      </Placemark>
      <Placemark>
        <Style>
          <LineStyle>
            <color>ff42ff00</color>
            <width>2</width>
          </LineStyle>
        </Style>
        <MultiGeometry>
          <LineString>
            <tessellate>1</tessellate>
            <altitudeMode>absolute</altitudeMode>
            <coordinates>-112.096252,33.616974,647.7 -112.09642,33.615555,647.7</coordinates>
          </LineString>
        </MultiGeometry>
        <name>P-27</name>
        <description><![CDATA[<div><div><span><b>Altitude:</b></span> <span>2,125 ft</span></div>
<div><span><b>Speed:</b></span> <span>119 kt</span></div>
<div><span><b>Timestamp:</b></span><br/><span>2025-08-19 11:11:59 UTC<br/>2025-08-19 11:12:01 UTC</span></div>
</div>]]></description>
      </Placemark>
      <Placemark>
        <Style>
          <LineStyle>
            <color>ff42ff00</color>
            <width>2</width>
          </LineStyle>
        </Style>
        <MultiGeometry>
          <LineString>
            <tessellate>1</tessellate>
            <altitudeMode>absolute</altitudeMode>
            <coordinates>-112.09642,33.615555,647.7 -112.096481,33.614719,647.7</coordinates>
          </LineString>
        </MultiGeometry>
        <name>P-28</name>
        <description><![CDATA[<div><div><span><b>Altitude:</b></span> <span>2,125 ft</span></div>
<div><span><b>Speed:</b></span> <span>119 kt</span></div>
<div><span><b>Timestamp:</b></span><br/><span>2025-08-19 11:12:01 UTC<br/>2025-08-19 11:12:03 UTC</span></div>
</div>]]></description>
      </Placemark>
      <Placemark>
        <Style>
          <LineStyle>
            <color>ff42ff00</color>
            <width>2</width>
          </LineStyle>
        </Style>
        <MultiGeometry>
          <LineString>
            <tessellate>1</tessellate>
            <altitudeMode>absolute</altitudeMode>
            <coordinates>-112.096481,33.614719,647.7 -112.096939,33.60997,647.7</coordinates>
          </LineString>
        </MultiGeometry>
        <name>P-29</name>
        <description><![CDATA[<div><div><span><b>Altitude:</b></span> <span>2,125 ft</span></div>
<div><span><b>Speed:</b></span> <span>119 kt - 118 kt</span></div>
<div><span><b>Timestamp:</b></span><br/><span>2025-08-19 11:12:03 UTC<br/>2025-08-19 11:12:12 UTC</span></div>
</div>]]></description>
      </Placemark>
      <Placemark>
        <Style>
          <LineStyle>
            <color>ff42ff00</color>
            <width>2</width>
          </LineStyle>
        </Style>
        <MultiGeometry>
          <LineString>
            <tessellate>1</tessellate>
            <altitudeMode>absolute</altitudeMode>
            <coordinates>-112.096939,33.60997,647.7 -112.097427,33.604843,647.7</coordinates>
          </LineString>
        </MultiGeometry>
        <name>P-30</name>
        <description><![CDATA[<div><div><span><b>Altitude:</b></span> <span>2,125 ft</span></div>
<div><span><b>Speed:</b></span> <span>118 kt - 119 kt</span></div>
<div><span><b>Timestamp:</b></span><br/><span>2025-08-19 11:12:12 UTC<br/>2025-08-19 11:12:21 UTC</span></div>
</div>]]></description>
      </Placemark>
      <Placemark>
        <Style>
          <LineStyle>
            <color>ff42ff00</color>
            <width>2</width>
          </LineStyle>
        </Style>
        <MultiGeometry>
          <LineString>
            <tessellate>1</tessellate>
            <altitudeMode>absolute</altitudeMode>
            <coordinates>-112.097427,33.604843,647.7 -112.097969,33.601265,647.7</coordinates>
          </LineString>
        </MultiGeometry>
        <name>P-31</name>
        <description><![CDATA[<div><div><span><b>Altitude:</b></span> <span>2,125 ft</span></div>
<div><span><b>Speed:</b></span> <span>119 kt</span></div>
<div><span><b>Timestamp:</b></span><br/><span>2025-08-19 11:12:21 UTC<br/>2025-08-19 11:12:27 UTC</span></div>
</div>]]></description>
      </Placemark>
      <Placemark>
        <Style>
          <LineStyle>
            <color>ff42ff00</color>
            <width>2</width>
          </LineStyle>
        </Style>
        <MultiGeometry>
          <LineString>
            <tessellate>1</tessellate>
            <altitudeMode>absolute</altitudeMode>
            <coordinates>-112.097969,33.601265,647.7 -112.098381,33.598846,647.7</coordinates>
          </LineString>
        </MultiGeometry>
        <name>P-32</name>
        <description><![CDATA[<div><div><span><b>Altitude:</b></span> <span>2,125 ft</span></div>
<div><span><b>Speed:</b></span> <span>119 kt - 118 kt</span></div>
<div><span><b>Timestamp:</b></span><br/><span>2025-08-19 11:12:27 UTC<br/>2025-08-19 11:12:32 UTC</span></div>
</div>]]></description>
      </Placemark>
      <Placemark>
        <Style>
          <LineStyle>
            <color>ff42ff00</color>
            <width>2</width>
          </LineStyle>
        </Style>
        <MultiGeometry>
          <LineString>
            <tessellate>1</tessellate>
            <altitudeMode>absolute</altitudeMode>
            <coordinates>-112.098381,33.598846,647.7 -112.099228,33.593956,647.7</coordinates>
          </LineString>
        </MultiGeometry>
        <name>P-33</name>
        <description><![CDATA[<div><div><span><b>Altitude:</b></span> <span>2,125 ft</span></div>
<div><span><b>Speed:</b></span> <span>118 kt - 119 kt</span></div>
<div><span><b>Timestamp:</b></span><br/><span>2025-08-19 11:12:32 UTC<br/>2025-08-19 11:12:40 UTC</span></div>
</div>]]></description>
      </Placemark>
      <Placemark>
        <Style>
          <LineStyle>
            <color>ff42ff00</color>
            <width>2</width>
          </LineStyle>
        </Style>
        <MultiGeometry>
          <LineString>
            <tessellate>1</tessellate>
            <altitudeMode>absolute</altitudeMode>
            <coordinates>-112.099228,33.593956,647.7 -112.099503,33.590378,647.7</coordinates>
          </LineString>
        </MultiGeometry>
        <name>P-34</name>
        <description><![CDATA[<div><div><span><b>Altitude:</b></span> <span>2,125 ft</span></div>
<div><span><b>Speed:</b></span> <span>119 kt - 121 kt</span></div>
<div><span><b>Timestamp:</b></span><br/><span>2025-08-19 11:12:40 UTC<br/>2025-08-19 11:12:47 UTC</span></div>
</div>]]></description>
      </Placemark>
      <Placemark>
        <Style>
          <LineStyle>
            <color>ff42ff00</color>
            <width>2</width>
          </LineStyle>
        </Style>
        <MultiGeometry>
          <LineString>
            <tessellate>1</tessellate>
            <altitudeMode>absolute</altitudeMode>
            <coordinates>-112.099503,33.590378,647.7 -112.099556,33.589233,647.7</coordinates>
          </LineString>
        </MultiGeometry>
        <name>P-35</name>
        <description><![CDATA[<div><div><span><b>Altitude:</b></span> <span>2,125 ft</span></div>
<div><span><b>Speed:</b></span> <span>121 kt</span></div>
<div><span><b>Timestamp:</b></span><br/><span>2025-08-19 11:12:47 UTC<br/>2025-08-19 11:12:49 UTC</span></div>
</div>]]></description>
      </Placemark>
      <Placemark>
        <Style>
          <LineStyle>
            <color>ff42ff00</color>
            <width>2</width>
          </LineStyle>
        </Style>
        <MultiGeometry>
          <LineString>
            <tessellate>1</tessellate>
            <altitudeMode>absolute</altitudeMode>
            <coordinates>-112.099556,33.589233,647.7 -112.099556,33.587448,640.08</coordinates>
          </LineString>
        </MultiGeometry>
        <name>P-36</name>
        <description><![CDATA[<div><div><span><b>Altitude:</b></span> <span>2,125 ft - 2,100 ft</span></div>
<div><span><b>Speed:</b></span> <span>121 kt - 122 kt</span></div>
<div><span><b>Timestamp:</b></span><br/><span>2025-08-19 11:12:49 UTC<br/>2025-08-19 11:12:52 UTC</span></div>
</div>]]></description>
      </Placemark>
      <Placemark>
        <Style>
          <LineStyle>
            <color>ff42ff00</color>
            <width>2</width>
          </LineStyle>
        </Style>
        <MultiGeometry>
          <LineString>
            <tessellate>1</tessellate>
            <altitudeMode>absolute</altitudeMode>
            <coordinates>-112.099556,33.587448,640.08 -112.099571,33.586323,640.08</coordinates>
          </LineString>
        </MultiGeometry>
        <name>P-37</name>
        <description><![CDATA[<div><div><span><b>Altitude:</b></span> <span>2,100 ft</span></div>
<div><span><b>Speed:</b></span> <span>122 kt - 123 kt</span></div>
<div><span><b>Timestamp:</b></span><br/><span>2025-08-19 11:12:52 UTC<br/>2025-08-19 11:12:54 UTC</span></div>
</div>]]></description>
      </Placemark>
      <Placemark>
        <Style>
          <LineStyle>
            <color>ff42ff00</color>
            <width>2</width>
          </LineStyle>
        </Style>
        <MultiGeometry>
          <LineString>
            <tessellate>1</tessellate>
            <altitudeMode>absolute</altitudeMode>
            <coordinates>-112.099571,33.586323,640.08 -112.099617,33.585022,640.08</coordinates>
          </LineString>
        </MultiGeometry>
        <name>P-38</name>
        <description><![CDATA[<div><div><span><b>Altitude:</b></span> <span>2,100 ft</span></div>
<div><span><b>Speed:</b></span> <span>123 kt - 124 kt</span></div>
<div><span><b>Timestamp:</b></span><br/><span>2025-08-19 11:12:54 UTC<br/>2025-08-19 11:12:57 UTC</span></div>
</div>]]></description>
      </Placemark>
      <Placemark>
        <Style>
          <LineStyle>
            <color>ff42ff00</color>
            <width>2</width>
          </LineStyle>
        </Style>
        <MultiGeometry>
          <LineString>
            <tessellate>1</tessellate>
            <altitudeMode>absolute</altitudeMode>
            <coordinates>-112.099617,33.585022,640.08 -112.09967,33.583786,640.08</coordinates>
          </LineString>
        </MultiGeometry>
        <name>P-39</name>
        <description><![CDATA[<div><div><span><b>Altitude:</b></span> <span>2,100 ft</span></div>
<div><span><b>Speed:</b></span> <span>124 kt - 123 kt</span></div>
<div><span><b>Timestamp:</b></span><br/><span>2025-08-19 11:12:57 UTC<br/>2025-08-19 11:12:59 UTC</span></div>
</div>]]></description>
      </Placemark>
      <Placemark>
        <Style>
          <LineStyle>
            <color>ff42ff00</color>
            <width>2</width>
          </LineStyle>
        </Style>
        <MultiGeometry>
          <LineString>
            <tessellate>1</tessellate>
            <altitudeMode>absolute</altitudeMode>
            <coordinates>-112.09967,33.583786,640.08 -112.09967,33.582504,632.46</coordinates>
          </LineString>
        </MultiGeometry>
        <name>P-40</name>
        <description><![CDATA[<div><div><span><b>Altitude:</b></span> <span>2,100 ft - 2,075 ft</span></div>
<div><span><b>Speed:</b></span> <span>123 kt</span></div>
<div><span><b>Timestamp:</b></span><br/><span>2025-08-19 11:12:59 UTC<br/>2025-08-19 11:13:01 UTC</span></div>
</div>]]></description>
      </Placemark>
      <Placemark>
        <Style>
          <LineStyle>
            <color>ff42ff00</color>
            <width>2</width>
          </LineStyle>
        </Style>
        <MultiGeometry>
          <LineString>
            <tessellate>1</tessellate>
            <altitudeMode>absolute</altitudeMode>
            <coordinates>-112.09967,33.582504,632.46 -112.099747,33.581436,632.46</coordinates>
          </LineString>
        </MultiGeometry>
        <name>P-41</name>
        <description><![CDATA[<div><div><span><b>Altitude:</b></span> <span>2,075 ft</span></div>
<div><span><b>Speed:</b></span> <span>123 kt - 122 kt</span></div>
<div><span><b>Timestamp:</b></span><br/><span>2025-08-19 11:13:01 UTC<br/>2025-08-19 11:13:03 UTC</span></div>
</div>]]></description>
      </Placemark>
      <Placemark>
        <Style>
          <LineStyle>
            <color>ff42ff00</color>
            <width>2</width>
          </LineStyle>
        </Style>
        <MultiGeometry>
          <LineString>
            <tessellate>1</tessellate>
            <altitudeMode>absolute</altitudeMode>
            <coordinates>-112.099747,33.581436,632.46 -112.099747,33.580177,632.46</coordinates>
          </LineString>
        </MultiGeometry>
        <name>P-42</name>
        <description><![CDATA[<div><div><span><b>Altitude:</b></span> <span>2,075 ft</span></div>
<div><span><b>Speed:</b></span> <span>122 kt</span></div>
<div><span><b>Timestamp:</b></span><br/><span>2025-08-19 11:13:03 UTC<br/>2025-08-19 11:13:05 UTC</span></div>
</div>]]></description>
      </Placemark>
      <Placemark>
        <Style>
          <LineStyle>
            <color>ff42ff00</color>
            <width>2</width>
          </LineStyle>
        </Style>
        <MultiGeometry>
          <LineString>
            <tessellate>1</tessellate>
            <altitudeMode>absolute</altitudeMode>
            <coordinates>-112.099747,33.580177,632.46 -112.099785,33.578751,632.46</coordinates>
          </LineString>
        </MultiGeometry>
        <name>P-43</name>
        <description><![CDATA[<div><div><span><b>Altitude:</b></span> <span>2,075 ft</span></div>
<div><span><b>Speed:</b></span> <span>122 kt - 123 kt</span></div>
<div><span><b>Timestamp:</b></span><br/><span>2025-08-19 11:13:05 UTC<br/>2025-08-19 11:13:07 UTC</span></div>
</div>]]></description>
      </Placemark>
      <Placemark>
        <Style>
          <LineStyle>
            <color>ff42ff00</color>
            <width>2</width>
          </LineStyle>
        </Style>
        <MultiGeometry>
          <LineString>
            <tessellate>1</tessellate>
            <altitudeMode>absolute</altitudeMode>
            <coordinates>-112.099785,33.578751,632.46 -112.099785,33.575226,617.22</coordinates>
          </LineString>
        </MultiGeometry>
        <name>P-44</name>
        <description><![CDATA[<div><div><span><b>Altitude:</b></span> <span>2,075 ft - 2,025 ft</span></div>
<div><span><b>Speed:</b></span> <span>123 kt - 125 kt</span></div>
<div><span><b>Timestamp:</b></span><br/><span>2025-08-19 11:13:07 UTC<br/>2025-08-19 11:13:14 UTC</span></div>
</div>]]></description>
      </Placemark>
      <Placemark>
        <Style>
          <LineStyle>
            <color>ff42ff00</color>
            <width>2</width>
          </LineStyle>
        </Style>
        <MultiGeometry>
          <LineString>
            <tessellate>1</tessellate>
            <altitudeMode>absolute</altitudeMode>
            <coordinates>-112.099785,33.575226,617.22 -112.100029,33.570961,609.6</coordinates>
          </LineString>
        </MultiGeometry>
        <name>P-45</name>
        <description><![CDATA[<div><div><span><b>Altitude:</b></span> <span>2,025 ft - 2,000 ft</span></div>
<div><span><b>Speed:</b></span> <span>125 kt</span></div>
<div><span><b>Timestamp:</b></span><br/><span>2025-08-19 11:13:14 UTC<br/>2025-08-19 11:13:21 UTC</span></div>
</div>]]></description>
      </Placemark>
      <Placemark>
        <Style>
          <LineStyle>
            <color>ff42ff00</color>
            <width>2</width>
          </LineStyle>
        </Style>
        <MultiGeometry>
          <LineString>
            <tessellate>1</tessellate>
            <altitudeMode>absolute</altitudeMode>
            <coordinates>-112.100029,33.570961,609.6 -112.100403,33.566116,609.6</coordinates>
          </LineString>
        </MultiGeometry>
        <name>P-46</name>
        <description><![CDATA[<div><div><span><b>Altitude:</b></span> <span>2,000 ft</span></div>
<div><span><b>Speed:</b></span> <span>125 kt - 122 kt</span></div>
<div><span><b>Timestamp:</b></span><br/><span>2025-08-19 11:13:21 UTC<br/>2025-08-19 11:13:29 UTC</span></div>
</div>]]></description>
      </Placemark>
      <Placemark>
        <Style>
          <LineStyle>
            <color>ff42ff00</color>
            <width>2</width>
          </LineStyle>
        </Style>
        <MultiGeometry>
          <LineString>
            <tessellate>1</tessellate>
            <altitudeMode>absolute</altitudeMode>
            <coordinates>-112.100403,33.566116,609.6 -112.100662,33.563557,601.98</coordinates>
          </LineString>
        </MultiGeometry>
        <name>P-47</name>
        <description><![CDATA[<div><div><span><b>Altitude:</b></span> <span>2,000 ft - 1,975 ft</span></div>
<div><span><b>Speed:</b></span> <span>122 kt</span></div>
<div><span><b>Timestamp:</b></span><br/><span>2025-08-19 11:13:29 UTC<br/>2025-08-19 11:13:34 UTC</span></div>
</div>]]></description>
      </Placemark>
      <Placemark>
        <Style>
          <LineStyle>
            <color>ff42ff00</color>
            <width>2</width>
          </LineStyle>
        </Style>
        <MultiGeometry>
          <LineString>
            <tessellate>1</tessellate>
            <altitudeMode>absolute</altitudeMode>
            <coordinates>-112.100662,33.563557,601.98 -112.10083,33.562302,601.98</coordinates>
          </LineString>
        </MultiGeometry>
        <name>P-48</name>
        <description><![CDATA[<div><div><span><b>Altitude:</b></span> <span>1,975 ft</span></div>
<div><span><b>Speed:</b></span> <span>122 kt - 121 kt</span></div>
<div><span><b>Timestamp:</b></span><br/><span>2025-08-19 11:13:34 UTC<br/>2025-08-19 11:13:36 UTC</span></div>
</div>]]></description>
      </Placemark>
      <Placemark>
        <Style>
          <LineStyle>
            <color>ff42ff00</color>
            <width>2</width>
          </LineStyle>
        </Style>
        <MultiGeometry>
          <LineString>
            <tessellate>1</tessellate>
            <altitudeMode>absolute</altitudeMode>
            <coordinates>-112.10083,33.562302,601.98 -112.100998,33.561184,601.98</coordinates>
          </LineString>
        </MultiGeometry>
        <name>P-49</name>
        <description><![CDATA[<div><div><span><b>Altitude:</b></span> <span>1,975 ft</span></div>
<div><span><b>Speed:</b></span> <span>121 kt - 120 kt</span></div>
<div><span><b>Timestamp:</b></span><br/><span>2025-08-19 11:13:36 UTC<br/>2025-08-19 11:13:38 UTC</span></div>
</div>]]></description>
      </Placemark>
      <Placemark>
        <Style>
          <LineStyle>
            <color>ff42ff00</color>
            <width>2</width>
          </LineStyle>
        </Style>
        <MultiGeometry>
          <LineString>
            <tessellate>1</tessellate>
            <altitudeMode>absolute</altitudeMode>
            <coordinates>-112.100998,33.561184,601.98 -112.101173,33.56002,594.36</coordinates>
          </LineString>
        </MultiGeometry>
        <name>P-50</name>
        <description><![CDATA[<div><div><span><b>Altitude:</b></span> <span>1,975 ft - 1,950 ft</span></div>
<div><span><b>Speed:</b></span> <span>120 kt - 117 kt</span></div>
<div><span><b>Timestamp:</b></span><br/><span>2025-08-19 11:13:38 UTC<br/>2025-08-19 11:13:40 UTC</span></div>
</div>]]></description>
      </Placemark>
      <Placemark>
        <Style>
          <LineStyle>
            <color>ffccff00</color>
            <width>2</width>
          </LineStyle>
        </Style>
        <MultiGeometry>
          <LineString>
            <tessellate>1</tessellate>
            <altitudeMode>absolute</altitudeMode>
            <coordinates>-112.101173,33.56002,594.36 -112.101524,33.558884,594.36</coordinates>
          </LineString>
        </MultiGeometry>
        <name>P-51</name>
        <description><![CDATA[<div><div><span><b>Altitude:</b></span> <span>1,950 ft</span></div>
<div><span><b>Speed:</b></span> <span>117 kt - 116 kt</span></div>
<div><span><b>Timestamp:</b></span><br/><span>2025-08-19 11:13:40 UTC<br/>2025-08-19 11:13:42 UTC</span></div>
</div>]]></description>
      </Placemark>
      <Placemark>
        <Style>
          <LineStyle>
            <color>ffccff00</color>
            <width>2</width>
          </LineStyle>
        </Style>
        <MultiGeometry>
          <LineString>
            <tessellate>1</tessellate>
            <altitudeMode>absolute</altitudeMode>
            <coordinates>-112.101524,33.558884,594.36 -112.101974,33.557739,579.12</coordinates>
          </LineString>
        </MultiGeometry>
        <name>P-52</name>
        <description><![CDATA[<div><div><span><b>Altitude:</b></span> <span>1,950 ft - 1,900 ft</span></div>
<div><span><b>Speed:</b></span> <span>116 kt</span></div>
<div><span><b>Timestamp:</b></span><br/><span>2025-08-19 11:13:42 UTC<br/>2025-08-19 11:13:45 UTC</span></div>
</div>]]></description>
      </Placemark>
      <Placemark>
        <Style>
          <LineStyle>
            <color>ffccff00</color>
            <width>2</width>
          </LineStyle>
        </Style>
        <MultiGeometry>
          <LineString>
            <tessellate>1</tessellate>
            <altitudeMode>absolute</altitudeMode>
            <coordinates>-112.101974,33.557739,579.12 -112.102753,33.556458,556.26</coordinates>
          </LineString>
        </MultiGeometry>
        <name>P-53</name>
        <description><![CDATA[<div><div><span><b>Altitude:</b></span> <span>1,900 ft - 1,825 ft</span></div>
<div><span><b>Speed:</b></span> <span>116 kt - 114 kt</span></div>
<div><span><b>Timestamp:</b></span><br/><span>2025-08-19 11:13:45 UTC<br/>2025-08-19 11:13:47 UTC</span></div>
</div>]]></description>
      </Placemark>
      <Placemark>
        <Style>
          <LineStyle>
            <color>ffccff00</color>
            <width>2</width>
          </LineStyle>
        </Style>
        <MultiGeometry>
          <LineString>
            <tessellate>1</tessellate>
            <altitudeMode>absolute</altitudeMode>
            <coordinates>-112.102753,33.556458,556.26 -112.103287,33.555691,563.88</coordinates>
          </LineString>
        </MultiGeometry>
        <name>P-54</name>
        <description><![CDATA[<div><div><span><b>Altitude:</b></span> <span>1,825 ft - 1,850 ft</span></div>
<div><span><b>Speed:</b></span> <span>114 kt - 110 kt</span></div>
<div><span><b>Timestamp:</b></span><br/><span>2025-08-19 11:13:47 UTC<br/>2025-08-19 11:13:49 UTC</span></div>
</div>]]></description>
      </Placemark>
      <Placemark>
        <Style>
          <LineStyle>
            <color>ffccff00</color>
            <width>2</width>
          </LineStyle>
        </Style>
        <MultiGeometry>
          <LineString>
            <tessellate>1</tessellate>
            <altitudeMode>absolute</altitudeMode>
            <coordinates>-112.103287,33.555691,563.88 -112.103806,33.554482,563.88</coordinates>
          </LineString>
        </MultiGeometry>
        <name>P-55</name>
        <description><![CDATA[<div><div><span><b>Altitude:</b></span> <span>1,850 ft</span></div>
<div><span><b>Speed:</b></span> <span>110 kt - 104 kt</span></div>
<div><span><b>Timestamp:</b></span><br/><span>2025-08-19 11:13:49 UTC<br/>2025-08-19 11:13:52 UTC</span></div>
</div>]]></description>
      </Placemark>
      <Placemark>
        <Style>
          <LineStyle>
            <color>ffccff00</color>
            <width>2</width>
          </LineStyle>
        </Style>
        <MultiGeometry>
          <LineString>
            <tessellate>1</tessellate>
            <altitudeMode>absolute</altitudeMode>
            <coordinates>-112.103806,33.554482,563.88 -112.103874,33.553574,579.12</coordinates>
          </LineString>
        </MultiGeometry>
        <name>P-56</name>
        <description><![CDATA[<div><div><span><b>Altitude:</b></span> <span>1,850 ft - 1,900 ft</span></div>
<div><span><b>Speed:</b></span> <span>104 kt - 99 kt</span></div>
<div><span><b>Timestamp:</b></span><br/><span>2025-08-19 11:13:52 UTC<br/>2025-08-19 11:13:54 UTC</span></div>
</div>]]></description>
      </Placemark>
      <Placemark>
        <Style>
          <LineStyle>
            <color>ffccff00</color>
            <width>2</width>
          </LineStyle>
        </Style>
        <MultiGeometry>
          <LineString>
            <tessellate>1</tessellate>
            <altitudeMode>absolute</altitudeMode>
            <coordinates>-112.103874,33.553574,579.12 -112.103462,33.552711,586.74</coordinates>
          </LineString>
        </MultiGeometry>
        <name>P-57</name>
        <description><![CDATA[<div><div><span><b>Altitude:</b></span> <span>1,900 ft - 1,925 ft</span></div>
<div><span><b>Speed:</b></span> <span>99 kt - 95 kt</span></div>
<div><span><b>Timestamp:</b></span><br/><span>2025-08-19 11:13:54 UTC<br/>2025-08-19 11:13:56 UTC</span></div>
</div>]]></description>
      </Placemark>
      <Placemark>
        <Style>
          <LineStyle>
            <color>ffccff00</color>
            <width>2</width>
          </LineStyle>
        </Style>
        <MultiGeometry>
          <LineString>
            <tessellate>1</tessellate>
            <altitudeMode>absolute</altitudeMode>
            <coordinates>-112.103462,33.552711,586.74 -112.102722,33.552155,594.36</coordinates>
          </LineString>
        </MultiGeometry>
        <name>P-58</name>
        <description><![CDATA[<div><div><span><b>Altitude:</b></span> <span>1,925 ft - 1,950 ft</span></div>
<div><span><b>Speed:</b></span> <span>95 kt - 93 kt</span></div>
<div><span><b>Timestamp:</b></span><br/><span>2025-08-19 11:13:56 UTC<br/>2025-08-19 11:13:58 UTC</span></div>
</div>]]></description>
      </Placemark>
      <Placemark>
        <Style>
          <LineStyle>
            <color>ffccff00</color>
            <width>2</width>
          </LineStyle>
        </Style>
        <MultiGeometry>
          <LineString>
            <tessellate>1</tessellate>
            <altitudeMode>absolute</altitudeMode>
            <coordinates>-112.102722,33.552155,594.36 -112.101357,33.551971,594.36</coordinates>
          </LineString>
        </MultiGeometry>
        <name>P-59</name>
        <description><![CDATA[<div><div><span><b>Altitude:</b></span> <span>1,950 ft</span></div>
<div><span><b>Speed:</b></span> <span>93 kt - 90 kt</span></div>
<div><span><b>Timestamp:</b></span><br/><span>2025-08-19 11:13:58 UTC<br/>2025-08-19 11:14:00 UTC</span></div>
</div>]]></description>
      </Placemark>
      <Placemark>
        <Style>
          <LineStyle>
            <color>ffccff00</color>
            <width>2</width>
          </LineStyle>
        </Style>
        <MultiGeometry>
          <LineString>
            <tessellate>1</tessellate>
            <altitudeMode>absolute</altitudeMode>
            <coordinates>-112.101357,33.551971,594.36 -112.100677,33.552246,594.36</coordinates>
          </LineString>
        </MultiGeometry>
        <name>P-60</name>
        <description><![CDATA[<div><div><span><b>Altitude:</b></span> <span>1,950 ft</span></div>
<div><span><b>Speed:</b></span> <span>90 kt - 85 kt</span></div>
<div><span><b>Timestamp:</b></span><br/><span>2025-08-19 11:14:00 UTC<br/>2025-08-19 11:14:02 UTC</span></div>
</div>]]></description>
      </Placemark>
      <Placemark>
        <Style>
          <LineStyle>
            <color>ffccff00</color>
            <width>2</width>
          </LineStyle>
        </Style>
        <MultiGeometry>
          <LineString>
            <tessellate>1</tessellate>
            <altitudeMode>absolute</altitudeMode>
            <coordinates>-112.100677,33.552246,594.36 -112.099953,33.553024,594.36</coordinates>
          </LineString>
        </MultiGeometry>
        <name>P-61</name>
        <description><![CDATA[<div><div><span><b>Altitude:</b></span> <span>1,950 ft</span></div>
<div><span><b>Speed:</b></span> <span>85 kt - 79 kt</span></div>
<div><span><b>Timestamp:</b></span><br/><span>2025-08-19 11:14:02 UTC<br/>2025-08-19 11:14:05 UTC</span></div>
</div>]]></description>
      </Placemark>
      <Placemark>
        <Style>
          <LineStyle>
            <color>ffccff00</color>
            <width>2</width>
          </LineStyle>
        </Style>
        <MultiGeometry>
          <LineString>
            <tessellate>1</tessellate>
            <altitudeMode>absolute</altitudeMode>
            <coordinates>-112.099953,33.553024,594.36 -112.0998,33.553829,594.36</coordinates>
          </LineString>
        </MultiGeometry>
        <name>P-62</name>
        <description><![CDATA[<div><div><span><b>Altitude:</b></span> <span>1,950 ft</span></div>
<div><span><b>Speed:</b></span> <span>79 kt - 76 kt</span></div>
<div><span><b>Timestamp:</b></span><br/><span>2025-08-19 11:14:05 UTC<br/>2025-08-19 11:14:07 UTC</span></div>
</div>]]></description>
      </Placemark>
      <Placemark>
        <Style>
          <LineStyle>
            <color>ffccff00</color>
            <width>2</width>
          </LineStyle>
        </Style>
        <MultiGeometry>
          <LineString>
            <tessellate>1</tessellate>
            <altitudeMode>absolute</altitudeMode>
            <coordinates>-112.0998,33.553829,594.36 -112.100006,33.554535,594.36</coordinates>
          </LineString>
        </MultiGeometry>
        <name>P-63</name>
        <description><![CDATA[<div><div><span><b>Altitude:</b></span> <span>1,950 ft</span></div>
<div><span><b>Speed:</b></span> <span>76 kt - 73 kt</span></div>
<div><span><b>Timestamp:</b></span><br/><span>2025-08-19 11:14:07 UTC<br/>2025-08-19 11:14:09 UTC</span></div>
</div>]]></description>
      </Placemark>
      <Placemark>
        <Style>
          <LineStyle>
            <color>ffccff00</color>
            <width>2</width>
          </LineStyle>
        </Style>
        <MultiGeometry>
          <LineString>
            <tessellate>1</tessellate>
            <altitudeMode>absolute</altitudeMode>
            <coordinates>-112.100006,33.554535,594.36 -112.100677,33.555222,586.74</coordinates>
          </LineString>
        </MultiGeometry>
        <name>P-64</name>
        <description><![CDATA[<div><div><span><b>Altitude:</b></span> <span>1,950 ft - 1,925 ft</span></div>
<div><span><b>Speed:</b></span> <span>73 kt</span></div>
<div><span><b>Timestamp:</b></span><br/><span>2025-08-19 11:14:09 UTC<br/>2025-08-19 11:14:11 UTC</span></div>
</div>]]></description>
      </Placemark>
      <Placemark>
        <Style>
          <LineStyle>
            <color>ffccff00</color>
            <width>2</width>
          </LineStyle>
        </Style>
        <MultiGeometry>
          <LineString>
            <tessellate>1</tessellate>
            <altitudeMode>absolute</altitudeMode>
            <coordinates>-112.100677,33.555222,586.74 -112.101357,33.555588,586.74</coordinates>
          </LineString>
        </MultiGeometry>
        <name>P-65</name>
        <description><![CDATA[<div><div><span><b>Altitude:</b></span> <span>1,925 ft</span></div>
<div><span><b>Speed:</b></span> <span>73 kt - 72 kt</span></div>
<div><span><b>Timestamp:</b></span><br/><span>2025-08-19 11:14:11 UTC<br/>2025-08-19 11:14:13 UTC</span></div>
</div>]]></description>
      </Placemark>
      <Placemark>
        <Style>
          <LineStyle>
            <color>ffccff00</color>
            <width>2</width>
          </LineStyle>
        </Style>
        <MultiGeometry>
          <LineString>
            <tessellate>1</tessellate>
            <altitudeMode>absolute</altitudeMode>
            <coordinates>-112.101357,33.555588,586.74 -112.102142,33.555691,579.12</coordinates>
          </LineString>
        </MultiGeometry>
        <name>P-66</name>
        <description><![CDATA[<div><div><span><b>Altitude:</b></span> <span>1,925 ft - 1,900 ft</span></div>
<div><span><b>Speed:</b></span> <span>72 kt - 71 kt</span></div>
<div><span><b>Timestamp:</b></span><br/><span>2025-08-19 11:14:13 UTC<br/>2025-08-19 11:14:16 UTC</span></div>
</div>]]></description>
      </Placemark>
      <Placemark>
        <Style>
          <LineStyle>
            <color>ffccff00</color>
            <width>2</width>
          </LineStyle>
        </Style>
        <MultiGeometry>
          <LineString>
            <tessellate>1</tessellate>
            <altitudeMode>absolute</altitudeMode>
            <coordinates>-112.102142,33.555691,579.12 -112.102921,33.555542,579.12</coordinates>
          </LineString>
        </MultiGeometry>
        <name>P-67</name>
        <description><![CDATA[<div><div><span><b>Altitude:</b></span> <span>1,900 ft</span></div>
<div><span><b>Speed:</b></span> <span>71 kt - 67 kt</span></div>
<div><span><b>Timestamp:</b></span><br/><span>2025-08-19 11:14:16 UTC<br/>2025-08-19 11:14:18 UTC</span></div>
</div>]]></description>
      </Placemark>
      <Placemark>
        <Style>
          <LineStyle>
            <color>ffccff00</color>
            <width>2</width>
          </LineStyle>
        </Style>
        <MultiGeometry>
          <LineString>
            <tessellate>1</tessellate>
            <altitudeMode>absolute</altitudeMode>
            <coordinates>-112.102921,33.555542,579.12 -112.103516,33.555225,586.74</coordinates>
          </LineString>
        </MultiGeometry>
        <name>P-68</name>
        <description><![CDATA[<div><div><span><b>Altitude:</b></span> <span>1,900 ft - 1,925 ft</span></div>
<div><span><b>Speed:</b></span> <span>67 kt - 65 kt</span></div>
<div><span><b>Timestamp:</b></span><br/><span>2025-08-19 11:14:18 UTC<br/>2025-08-19 11:14:20 UTC</span></div>
</div>]]></description>
      </Placemark>
      <Placemark>
        <Style>
          <LineStyle>
            <color>ffccff00</color>
            <width>2</width>
          </LineStyle>
        </Style>
        <MultiGeometry>
          <LineString>
            <tessellate>1</tessellate>
            <altitudeMode>absolute</altitudeMode>
            <coordinates>-112.103516,33.555225,586.74 -112.103874,33.554764,586.74</coordinates>
          </LineString>
        </MultiGeometry>
        <name>P-69</name>
        <description><![CDATA[<div><div><span><b>Altitude:</b></span> <span>1,925 ft</span></div>
<div><span><b>Speed:</b></span> <span>65 kt - 67 kt</span></div>
<div><span><b>Timestamp:</b></span><br/><span>2025-08-19 11:14:20 UTC<br/>2025-08-19 11:14:22 UTC</span></div>
</div>]]></description>
      </Placemark>
      <Placemark>
        <Style>
          <LineStyle>
            <color>ffccff00</color>
            <width>2</width>
          </LineStyle>
        </Style>
        <MultiGeometry>
          <LineString>
            <tessellate>1</tessellate>
            <altitudeMode>absolute</altitudeMode>
            <coordinates>-112.103874,33.554764,586.74 -112.104156,33.553986,586.74</coordinates>
          </LineString>
        </MultiGeometry>
        <name>P-70</name>
        <description><![CDATA[<div><div><span><b>Altitude:</b></span> <span>1,925 ft</span></div>
<div><span><b>Speed:</b></span> <span>67 kt - 70 kt</span></div>
<div><span><b>Timestamp:</b></span><br/><span>2025-08-19 11:14:22 UTC<br/>2025-08-19 11:14:25 UTC</span></div>
</div>]]></description>
      </Placemark>
      <Placemark>
        <Style>
          <LineStyle>
            <color>ffccff00</color>
            <width>2</width>
          </LineStyle>
        </Style>
        <MultiGeometry>
          <LineString>
            <tessellate>1</tessellate>
            <altitudeMode>absolute</altitudeMode>
            <coordinates>-112.104156,33.553986,586.74 -112.104095,33.553223,586.74</coordinates>
          </LineString>
        </MultiGeometry>
        <name>P-71</name>
        <description><![CDATA[<div><div><span><b>Altitude:</b></span> <span>1,925 ft</span></div>
<div><span><b>Speed:</b></span> <span>70 kt</span></div>
<div><span><b>Timestamp:</b></span><br/><span>2025-08-19 11:14:25 UTC<br/>2025-08-19 11:14:27 UTC</span></div>
</div>]]></description>
      </Placemark>
      <Placemark>
        <Style>
          <LineStyle>
            <color>ffccff00</color>
            <width>2</width>
          </LineStyle>
        </Style>
        <MultiGeometry>
          <LineString>
            <tessellate>1</tessellate>
            <altitudeMode>absolute</altitudeMode>
            <coordinates>-112.104095,33.553223,586.74 -112.103691,33.55257,586.74</coordinates>
          </LineString>
        </MultiGeometry>
        <name>P-72</name>
        <description><![CDATA[<div><div><span><b>Altitude:</b></span> <span>1,925 ft</span></div>
<div><span><b>Speed:</b></span> <span>70 kt - 71 kt</span></div>
<div><span><b>Timestamp:</b></span><br/><span>2025-08-19 11:14:27 UTC<br/>2025-08-19 11:14:29 UTC</span></div>
</div>]]></description>
      </Placemark>
      <Placemark>
        <Style>
          <LineStyle>
            <color>ffccff00</color>
            <width>2</width>
          </LineStyle>
        </Style>
        <MultiGeometry>
          <LineString>
            <tessellate>1</tessellate>
            <altitudeMode>absolute</altitudeMode>
            <coordinates>-112.103691,33.55257,586.74 -112.103058,33.552013,579.12</coordinates>
          </LineString>
        </MultiGeometry>
        <name>P-73</name>
        <description><![CDATA[<div><div><span><b>Altitude:</b></span> <span>1,925 ft - 1,900 ft</span></div>
<div><span><b>Speed:</b></span> <span>71 kt - 74 kt</span></div>
<div><span><b>Timestamp:</b></span><br/><span>2025-08-19 11:14:29 UTC<br/>2025-08-19 11:14:31 UTC</span></div>
</div>]]></description>
      </Placemark>
      <Placemark>
        <Style>
          <LineStyle>
            <color>ffccff00</color>
            <width>2</width>
          </LineStyle>
        </Style>
        <MultiGeometry>
          <LineString>
            <tessellate>1</tessellate>
            <altitudeMode>absolute</altitudeMode>
            <coordinates>-112.103058,33.552013,579.12 -112.102036,33.551548,579.12</coordinates>
          </LineString>
        </MultiGeometry>
        <name>P-74</name>
        <description><![CDATA[<div><div><span><b>Altitude:</b></span> <span>1,900 ft</span></div>
<div><span><b>Speed:</b></span> <span>74 kt - 78 kt</span></div>
<div><span><b>Timestamp:</b></span><br/><span>2025-08-19 11:14:31 UTC<br/>2025-08-19 11:14:34 UTC</span></div>
</div>]]></description>
      </Placemark>
      <Placemark>
        <Style>
          <LineStyle>
            <color>ffccff00</color>
            <width>2</width>
          </LineStyle>
        </Style>
        <MultiGeometry>
          <LineString>
            <tessellate>1</tessellate>
            <altitudeMode>absolute</altitudeMode>
            <coordinates>-112.102036,33.551548,579.12 -112.101189,33.551422,579.12</coordinates>
          </LineString>
        </MultiGeometry>
        <name>P-75</name>
        <description><![CDATA[<div><div><span><b>Altitude:</b></span> <span>1,900 ft</span></div>
<div><span><b>Speed:</b></span> <span>78 kt - 77 kt</span></div>
<div><span><b>Timestamp:</b></span><br/><span>2025-08-19 11:14:34 UTC<br/>2025-08-19 11:14:36 UTC</span></div>
</div>]]></description>
      </Placemark>
      <Placemark>
        <Style>
          <LineStyle>
            <color>ffccff00</color>
            <width>2</width>
          </LineStyle>
        </Style>
        <MultiGeometry>
          <LineString>
            <tessellate>1</tessellate>
            <altitudeMode>absolute</altitudeMode>
            <coordinates>-112.101189,33.551422,579.12 -112.100258,33.551456,579.12</coordinates>
          </LineString>
        </MultiGeometry>
        <name>P-76</name>
        <description><![CDATA[<div><div><span><b>Altitude:</b></span> <span>1,900 ft</span></div>
<div><span><b>Speed:</b></span> <span>77 kt - 76 kt</span></div>
<div><span><b>Timestamp:</b></span><br/><span>2025-08-19 11:14:36 UTC<br/>2025-08-19 11:14:38 UTC</span></div>
</div>]]></description>
      </Placemark>
      <Placemark>
        <Style>
          <LineStyle>
            <color>ffccff00</color>
            <width>2</width>
          </LineStyle>
        </Style>
        <MultiGeometry>
          <LineString>
            <tessellate>1</tessellate>
            <altitudeMode>absolute</altitudeMode>
            <coordinates>-112.100258,33.551456,579.12 -112.099518,33.551735,579.12</coordinates>
          </LineString>
        </MultiGeometry>
        <name>P-77</name>
        <description><![CDATA[<div><div><span><b>Altitude:</b></span> <span>1,900 ft</span></div>
<div><span><b>Speed:</b></span> <span>76 kt</span></div>
<div><span><b>Timestamp:</b></span><br/><span>2025-08-19 11:14:38 UTC<br/>2025-08-19 11:14:40 UTC</span></div>
</div>]]></description>
      </Placemark>
      <Placemark>
        <Style>
          <LineStyle>
            <color>ffccff00</color>
            <width>2</width>
          </LineStyle>
        </Style>
        <MultiGeometry>
          <LineString>
            <tessellate>1</tessellate>
            <altitudeMode>absolute</altitudeMode>
            <coordinates>-112.099518,33.551735,579.12 -112.098717,33.552338,579.12</coordinates>
          </LineString>
        </MultiGeometry>
        <name>P-78</name>
        <description><![CDATA[<div><div><span><b>Altitude:</b></span> <span>1,900 ft</span></div>
<div><span><b>Speed:</b></span> <span>76 kt - 75 kt</span></div>
<div><span><b>Timestamp:</b></span><br/><span>2025-08-19 11:14:40 UTC<br/>2025-08-19 11:14:42 UTC</span></div>
</div>]]></description>
      </Placemark>
      <Placemark>
        <Style>
          <LineStyle>
            <color>ffccff00</color>
            <width>2</width>
          </LineStyle>
        </Style>
        <MultiGeometry>
          <LineString>
            <tessellate>1</tessellate>
            <altitudeMode>absolute</altitudeMode>
            <coordinates>-112.098717,33.552338,579.12 -112.098381,33.552887,579.12</coordinates>
          </LineString>
        </MultiGeometry>
        <name>P-79</name>
        <description><![CDATA[<div><div><span><b>Altitude:</b></span> <span>1,900 ft</span></div>
<div><span><b>Speed:</b></span> <span>75 kt - 73 kt</span></div>
<div><span><b>Timestamp:</b></span><br/><span>2025-08-19 11:14:42 UTC<br/>2025-08-19 11:14:44 UTC</span></div>
</div>]]></description>
      </Placemark>
      <Placemark>
        <Style>
          <LineStyle>
            <color>ffccff00</color>
            <width>2</width>
          </LineStyle>
        </Style>
        <MultiGeometry>
          <LineString>
            <tessellate>1</tessellate>
            <altitudeMode>absolute</altitudeMode>
            <coordinates>-112.098381,33.552887,579.12 -112.098267,33.553665,571.5</coordinates>
          </LineString>
        </MultiGeometry>
        <name>P-80</name>
        <description><![CDATA[<div><div><span><b>Altitude:</b></span> <span>1,900 ft - 1,875 ft</span></div>
<div><span><b>Speed:</b></span> <span>73 kt - 72 kt</span></div>
<div><span><b>Timestamp:</b></span><br/><span>2025-08-19 11:14:44 UTC<br/>2025-08-19 11:14:46 UTC</span></div>
</div>]]></description>
      </Placemark>
      <Placemark>
        <Style>
          <LineStyle>
            <color>ffccff00</color>
            <width>2</width>
          </LineStyle>
        </Style>
        <MultiGeometry>
          <LineString>
            <tessellate>1</tessellate>
            <altitudeMode>absolute</altitudeMode>
            <coordinates>-112.098267,33.553665,571.5 -112.098381,33.554169,571.5</coordinates>
          </LineString>
        </MultiGeometry>
        <name>P-81</name>
        <description><![CDATA[<div><div><span><b>Altitude:</b></span> <span>1,875 ft</span></div>
<div><span><b>Speed:</b></span> <span>72 kt - 68 kt</span></div>
<div><span><b>Timestamp:</b></span><br/><span>2025-08-19 11:14:46 UTC<br/>2025-08-19 11:14:48 UTC</span></div>
</div>]]></description>
      </Placemark>
      <Placemark>
        <Style>
          <LineStyle>
            <color>ffccff00</color>
            <width>2</width>
          </LineStyle>
        </Style>
        <MultiGeometry>
          <LineString>
            <tessellate>1</tessellate>
            <altitudeMode>absolute</altitudeMode>
            <coordinates>-112.098381,33.554169,571.5 -112.098778,33.554855,571.5</coordinates>
          </LineString>
        </MultiGeometry>
        <name>P-82</name>
        <description><![CDATA[<div><div><span><b>Altitude:</b></span> <span>1,875 ft</span></div>
<div><span><b>Speed:</b></span> <span>68 kt - 66 kt</span></div>
<div><span><b>Timestamp:</b></span><br/><span>2025-08-19 11:14:48 UTC<br/>2025-08-19 11:14:51 UTC</span></div>
</div>]]></description>
      </Placemark>
      <Placemark>
        <Style>
          <LineStyle>
            <color>ffccff00</color>
            <width>2</width>
          </LineStyle>
        </Style>
        <MultiGeometry>
          <LineString>
            <tessellate>1</tessellate>
            <altitudeMode>absolute</altitudeMode>
            <coordinates>-112.098778,33.554855,571.5 -112.099342,33.555271,571.5</coordinates>
          </LineString>
        </MultiGeometry>
        <name>P-83</name>
        <description><![CDATA[<div><div><span><b>Altitude:</b></span> <span>1,875 ft</span></div>
<div><span><b>Speed:</b></span> <span>66 kt - 64 kt</span></div>
<div><span><b>Timestamp:</b></span><br/><span>2025-08-19 11:14:51 UTC<br/>2025-08-19 11:14:53 UTC</span></div>
</div>]]></description>
      </Placemark>
      <Placemark>
        <Style>
          <LineStyle>
            <color>ffccff00</color>
            <width>2</width>
          </LineStyle>
        </Style>
        <MultiGeometry>
          <LineString>
            <tessellate>1</tessellate>
            <altitudeMode>absolute</altitudeMode>
            <coordinates>-112.099342,33.555271,571.5 -112.100006,33.555588,571.5</coordinates>
          </LineString>
        </MultiGeometry>
        <name>P-84</name>
        <description><![CDATA[<div><div><span><b>Altitude:</b></span> <span>1,875 ft</span></div>
<div><span><b>Speed:</b></span> <span>64 kt</span></div>
<div><span><b>Timestamp:</b></span><br/><span>2025-08-19 11:14:53 UTC<br/>2025-08-19 11:14:55 UTC</span></div>
</div>]]></description>
      </Placemark>
      <Placemark>
        <Style>
          <LineStyle>
            <color>ffccff00</color>
            <width>2</width>
          </LineStyle>
        </Style>
        <MultiGeometry>
          <LineString>
            <tessellate>1</tessellate>
            <altitudeMode>absolute</altitudeMode>
            <coordinates>-112.100006,33.555588,571.5 -112.100677,33.555771,571.5</coordinates>
          </LineString>
        </MultiGeometry>
        <name>P-85</name>
        <description><![CDATA[<div><div><span><b>Altitude:</b></span> <span>1,875 ft</span></div>
<div><span><b>Speed:</b></span> <span>64 kt</span></div>
<div><span><b>Timestamp:</b></span><br/><span>2025-08-19 11:14:55 UTC<br/>2025-08-19 11:14:57 UTC</span></div>
</div>]]></description>
      </Placemark>
      <Placemark>
        <Style>
          <LineStyle>
            <color>ffccff00</color>
            <width>2</width>
          </LineStyle>
        </Style>
        <MultiGeometry>
          <LineString>
            <tessellate>1</tessellate>
            <altitudeMode>absolute</altitudeMode>
            <coordinates>-112.100677,33.555771,571.5 -112.101524,33.555817,563.88</coordinates>
          </LineString>
        </MultiGeometry>
        <name>P-86</name>
        <description><![CDATA[<div><div><span><b>Altitude:</b></span> <span>1,875 ft - 1,850 ft</span></div>
<div><span><b>Speed:</b></span> <span>64 kt</span></div>
<div><span><b>Timestamp:</b></span><br/><span>2025-08-19 11:14:57 UTC<br/>2025-08-19 11:14:59 UTC</span></div>
</div>]]></description>
      </Placemark>
      <Placemark>
        <Style>
          <LineStyle>
            <color>ffccff00</color>
            <width>2</width>
          </LineStyle>
        </Style>
        <MultiGeometry>
          <LineString>
            <tessellate>1</tessellate>
            <altitudeMode>absolute</altitudeMode>
            <coordinates>-112.101524,33.555817,563.88 -112.102303,33.555679,563.88</coordinates>
          </LineString>
        </MultiGeometry>
        <name>P-87</name>
        <description><![CDATA[<div><div><span><b>Altitude:</b></span> <span>1,850 ft</span></div>
<div><span><b>Speed:</b></span> <span>64 kt</span></div>
<div><span><b>Timestamp:</b></span><br/><span>2025-08-19 11:14:59 UTC<br/>2025-08-19 11:15:01 UTC</span></div>
</div>]]></description>
      </Placemark>
      <Placemark>
        <Style>
          <LineStyle>
            <color>ffccff00</color>
            <width>2</width>
          </LineStyle>
        </Style>
        <MultiGeometry>
          <LineString>
            <tessellate>1</tessellate>
            <altitudeMode>absolute</altitudeMode>
            <coordinates>-112.102303,33.555679,563.88 -112.102982,33.555496,563.88</coordinates>
          </LineString>
        </MultiGeometry>
        <name>P-88</name>
        <description><![CDATA[<div><div><span><b>Altitude:</b></span> <span>1,850 ft</span></div>
<div><span><b>Speed:</b></span> <span>64 kt - 65 kt</span></div>
<div><span><b>Timestamp:</b></span><br/><span>2025-08-19 11:15:01 UTC<br/>2025-08-19 11:15:04 UTC</span></div>
</div>]]></description>
      </Placemark>
      <Placemark>
        <Style>
          <LineStyle>
            <color>ffccff00</color>
            <width>2</width>
          </LineStyle>
        </Style>
        <MultiGeometry>
          <LineString>
            <tessellate>1</tessellate>
            <altitudeMode>absolute</altitudeMode>
            <coordinates>-112.102982,33.555496,563.88 -112.103638,33.555084,563.88</coordinates>
          </LineString>
        </MultiGeometry>
        <name>P-89</name>
        <description><![CDATA[<div><div><span><b>Altitude:</b></span> <span>1,850 ft</span></div>
<div><span><b>Speed:</b></span> <span>65 kt - 62 kt</span></div>
<div><span><b>Timestamp:</b></span><br/><span>2025-08-19 11:15:04 UTC<br/>2025-08-19 11:15:06 UTC</span></div>
</div>]]></description>
      </Placemark>
      <Placemark>
        <Style>
          <LineStyle>
            <color>ffccff00</color>
            <width>2</width>
          </LineStyle>
        </Style>
        <MultiGeometry>
          <LineString>
            <tessellate>1</tessellate>
            <altitudeMode>absolute</altitudeMode>
            <coordinates>-112.103638,33.555084,563.88 -112.104149,33.554619,563.88</coordinates>
          </LineString>
        </MultiGeometry>
        <name>P-90</name>
        <description><![CDATA[<div><div><span><b>Altitude:</b></span> <span>1,850 ft</span></div>
<div><span><b>Speed:</b></span> <span>62 kt - 60 kt</span></div>
<div><span><b>Timestamp:</b></span><br/><span>2025-08-19 11:15:06 UTC<br/>2025-08-19 11:15:08 UTC</span></div>
</div>]]></description>
      </Placemark>
      <Placemark>
        <Style>
          <LineStyle>
            <color>ffccff00</color>
            <width>2</width>
          </LineStyle>
        </Style>
        <MultiGeometry>
          <LineString>
            <tessellate>1</tessellate>
            <altitudeMode>absolute</altitudeMode>
            <coordinates>-112.104149,33.554619,563.88 -112.104439,33.554031,563.88</coordinates>
          </LineString>
        </MultiGeometry>
        <name>P-91</name>
        <description><![CDATA[<div><div><span><b>Altitude:</b></span> <span>1,850 ft</span></div>
<div><span><b>Speed:</b></span> <span>60 kt</span></div>
<div><span><b>Timestamp:</b></span><br/><span>2025-08-19 11:15:08 UTC<br/>2025-08-19 11:15:10 UTC</span></div>
</div>]]></description>
      </Placemark>
      <Placemark>
        <Style>
          <LineStyle>
            <color>ffccff00</color>
            <width>2</width>
          </LineStyle>
        </Style>
        <MultiGeometry>
          <LineString>
            <tessellate>1</tessellate>
            <altitudeMode>absolute</altitudeMode>
            <coordinates>-112.104439,33.554031,563.88 -112.104546,33.553436,571.5</coordinates>
          </LineString>
        </MultiGeometry>
        <name>P-92</name>
        <description><![CDATA[<div><div><span><b>Altitude:</b></span> <span>1,850 ft - 1,875 ft</span></div>
<div><span><b>Speed:</b></span> <span>60 kt - 59 kt</span></div>
<div><span><b>Timestamp:</b></span><br/><span>2025-08-19 11:15:10 UTC<br/>2025-08-19 11:15:12 UTC</span></div>
</div>]]></description>
      </Placemark>
      <Placemark>
        <Style>
          <LineStyle>
            <color>ffccff00</color>
            <width>2</width>
          </LineStyle>
        </Style>
        <MultiGeometry>
          <LineString>
            <tessellate>1</tessellate>
            <altitudeMode>absolute</altitudeMode>
            <coordinates>-112.104546,33.553436,571.5 -112.104431,33.552853,571.5</coordinates>
          </LineString>
        </MultiGeometry>
        <name>P-93</name>
        <description><![CDATA[<div><div><span><b>Altitude:</b></span> <span>1,875 ft</span></div>
<div><span><b>Speed:</b></span> <span>59 kt - 57 kt</span></div>
<div><span><b>Timestamp:</b></span><br/><span>2025-08-19 11:15:12 UTC<br/>2025-08-19 11:15:14 UTC</span></div>
</div>]]></description>
      </Placemark>
      <Placemark>
        <Style>
          <LineStyle>
            <color>ffccff00</color>
            <width>2</width>
          </LineStyle>
        </Style>
        <MultiGeometry>
          <LineString>
            <tessellate>1</tessellate>
            <altitudeMode>absolute</altitudeMode>
            <coordinates>-112.104431,33.552853,571.5 -112.104095,33.552387,586.74</coordinates>
          </LineString>
        </MultiGeometry>
        <name>P-94</name>
        <description><![CDATA[<div><div><span><b>Altitude:</b></span> <span>1,875 ft - 1,925 ft</span></div>
<div><span><b>Speed:</b></span> <span>57 kt - 56 kt</span></div>
<div><span><b>Timestamp:</b></span><br/><span>2025-08-19 11:15:14 UTC<br/>2025-08-19 11:15:17 UTC</span></div>
</div>]]></description>
      </Placemark>
      <Placemark>
        <Style>
          <LineStyle>
            <color>ffccff00</color>
            <width>2</width>
          </LineStyle>
        </Style>
        <MultiGeometry>
          <LineString>
            <tessellate>1</tessellate>
            <altitudeMode>absolute</altitudeMode>
            <coordinates>-112.104095,33.552387,586.74 -112.103653,33.551971,586.74</coordinates>
          </LineString>
        </MultiGeometry>
        <name>P-95</name>
        <description><![CDATA[<div><div><span><b>Altitude:</b></span> <span>1,925 ft</span></div>
<div><span><b>Speed:</b></span> <span>56 kt - 58 kt</span></div>
<div><span><b>Timestamp:</b></span><br/><span>2025-08-19 11:15:17 UTC<br/>2025-08-19 11:15:19 UTC</span></div>
</div>]]></description>
      </Placemark>
      <Placemark>
        <Style>
          <LineStyle>
            <color>ffccff00</color>
            <width>2</width>
          </LineStyle>
        </Style>
        <MultiGeometry>
          <LineString>
            <tessellate>1</tessellate>
            <altitudeMode>absolute</altitudeMode>
            <coordinates>-112.103653,33.551971,586.74 -112.103088,33.551651,579.12</coordinates>
          </LineString>
        </MultiGeometry>
        <name>P-96</name>
        <description><![CDATA[<div><div><span><b>Altitude:</b></span> <span>1,925 ft - 1,900 ft</span></div>
<div><span><b>Speed:</b></span> <span>58 kt - 61 kt</span></div>
<div><span><b>Timestamp:</b></span><br/><span>2025-08-19 11:15:19 UTC<br/>2025-08-19 11:15:21 UTC</span></div>
</div>]]></description>
      </Placemark>
      <Placemark>
        <Style>
          <LineStyle>
            <color>ffccff00</color>
            <width>2</width>
          </LineStyle>
        </Style>
        <MultiGeometry>
          <LineString>
            <tessellate>1</tessellate>
            <altitudeMode>absolute</altitudeMode>
            <coordinates>-112.103088,33.551651,579.12 -112.102478,33.551376,579.12</coordinates>
          </LineString>
        </MultiGeometry>
        <name>P-97</name>
        <description><![CDATA[<div><div><span><b>Altitude:</b></span> <span>1,900 ft</span></div>
<div><span><b>Speed:</b></span> <span>61 kt - 63 kt</span></div>
<div><span><b>Timestamp:</b></span><br/><span>2025-08-19 11:15:21 UTC<br/>2025-08-19 11:15:23 UTC</span></div>
</div>]]></description>
      </Placemark>
      <Placemark>
        <Style>
          <LineStyle>
            <color>ffccff00</color>
            <width>2</width>
          </LineStyle>
        </Style>
        <MultiGeometry>
          <LineString>
            <tessellate>1</tessellate>
            <altitudeMode>absolute</altitudeMode>
            <coordinates>-112.102478,33.551376,579.12 -112.101631,33.551224,579.12</coordinates>
          </LineString>
        </MultiGeometry>
        <name>P-98</name>
        <description><![CDATA[<div><div><span><b>Altitude:</b></span> <span>1,900 ft</span></div>
<div><span><b>Speed:</b></span> <span>63 kt</span></div>
<div><span><b>Timestamp:</b></span><br/><span>2025-08-19 11:15:23 UTC<br/>2025-08-19 11:15:25 UTC</span></div>
</div>]]></description>
      </Placemark>
      <Placemark>
        <Style>
          <LineStyle>
            <color>ffccff00</color>
            <width>2</width>
          </LineStyle>
        </Style>
        <MultiGeometry>
          <LineString>
            <tessellate>1</tessellate>
            <altitudeMode>absolute</altitudeMode>
            <coordinates>-112.101631,33.551224,579.12 -112.10112,33.55127,586.74</coordinates>
          </LineString>
        </MultiGeometry>
        <name>P-99</name>
        <description><![CDATA[<div><div><span><b>Altitude:</b></span> <span>1,900 ft - 1,925 ft</span></div>
<div><span><b>Speed:</b></span> <span>63 kt - 61 kt</span></div>
<div><span><b>Timestamp:</b></span><br/><span>2025-08-19 11:15:25 UTC<br/>2025-08-19 11:15:27 UTC</span></div>
</div>]]></description>
      </Placemark>
      <Placemark>
        <Style>
          <LineStyle>
            <color>ffccff00</color>
            <width>2</width>
          </LineStyle>
        </Style>
        <MultiGeometry>
          <LineString>
            <tessellate>1</tessellate>
            <altitudeMode>absolute</altitudeMode>
            <coordinates>-112.10112,33.55127,586.74 -112.100288,33.551605,579.12</coordinates>
          </LineString>
        </MultiGeometry>
        <name>P-100</name>
        <description><![CDATA[<div><div><span><b>Altitude:</b></span> <span>1,925 ft - 1,900 ft</span></div>
<div><span><b>Speed:</b></span> <span>61 kt - 62 kt</span></div>
<div><span><b>Timestamp:</b></span><br/><span>2025-08-19 11:15:27 UTC<br/>2025-08-19 11:15:30 UTC</span></div>
</div>]]></description>
      </Placemark>
      <Placemark>
        <Style>
          <LineStyle>
            <color>ffccff00</color>
            <width>2</width>
          </LineStyle>
        </Style>
        <MultiGeometry>
          <LineString>
            <tessellate>1</tessellate>
            <altitudeMode>absolute</altitudeMode>
            <coordinates>-112.100288,33.551605,579.12 -112.099731,33.552063,579.12</coordinates>
          </LineString>
        </MultiGeometry>
        <name>P-101</name>
        <description><![CDATA[<div><div><span><b>Altitude:</b></span> <span>1,900 ft</span></div>
<div><span><b>Speed:</b></span> <span>62 kt</span></div>
<div><span><b>Timestamp:</b></span><br/><span>2025-08-19 11:15:30 UTC<br/>2025-08-19 11:15:32 UTC</span></div>
</div>]]></description>
      </Placemark>
      <Placemark>
        <Style>
          <LineStyle>
            <color>ffccff00</color>
            <width>2</width>
          </LineStyle>
        </Style>
        <MultiGeometry>
          <LineString>
            <tessellate>1</tessellate>
            <altitudeMode>absolute</altitudeMode>
            <coordinates>-112.099731,33.552063,579.12 -112.099388,33.552567,579.12</coordinates>
          </LineString>
        </MultiGeometry>
        <name>P-102</name>
        <description><![CDATA[<div><div><span><b>Altitude:</b></span> <span>1,900 ft</span></div>
<div><span><b>Speed:</b></span> <span>62 kt - 60 kt</span></div>
<div><span><b>Timestamp:</b></span><br/><span>2025-08-19 11:15:32 UTC<br/>2025-08-19 11:15:34 UTC</span></div>
</div>]]></description>
      </Placemark>
      <Placemark>
        <Style>
          <LineStyle>
            <color>ffccff00</color>
            <width>2</width>
          </LineStyle>
        </Style>
        <MultiGeometry>
          <LineString>
            <tessellate>1</tessellate>
            <altitudeMode>absolute</altitudeMode>
            <coordinates>-112.099388,33.552567,579.12 -112.09922,33.553253,571.5</coordinates>
          </LineString>
        </MultiGeometry>
        <name>P-103</name>
        <description><![CDATA[<div><div><span><b>Altitude:</b></span> <span>1,900 ft - 1,875 ft</span></div>
<div><span><b>Speed:</b></span> <span>60 kt - 59 kt</span></div>
<div><span><b>Timestamp:</b></span><br/><span>2025-08-19 11:15:34 UTC<br/>2025-08-19 11:15:36 UTC</span></div>
</div>]]></description>
      </Placemark>
      <Placemark>
        <Style>
          <LineStyle>
            <color>ffccff00</color>
            <width>2</width>
          </LineStyle>
        </Style>
        <MultiGeometry>
          <LineString>
            <tessellate>1</tessellate>
            <altitudeMode>absolute</altitudeMode>
            <coordinates>-112.09922,33.553253,571.5 -112.099342,33.553875,571.5</coordinates>
          </LineString>
        </MultiGeometry>
        <name>P-104</name>
        <description><![CDATA[<div><div><span><b>Altitude:</b></span> <span>1,875 ft</span></div>
<div><span><b>Speed:</b></span> <span>59 kt - 54 kt</span></div>
<div><span><b>Timestamp:</b></span><br/><span>2025-08-19 11:15:36 UTC<br/>2025-08-19 11:15:39 UTC</span></div>
</div>]]></description>
      </Placemark>
      <Placemark>
        <Style>
          <LineStyle>
            <color>ffccff00</color>
            <width>2</width>
          </LineStyle>
        </Style>
        <MultiGeometry>
          <LineString>
            <tessellate>1</tessellate>
            <altitudeMode>absolute</altitudeMode>
            <coordinates>-112.099342,33.553875,571.5 -112.099686,33.554386,563.88</coordinates>
          </LineString>
        </MultiGeometry>
        <name>P-105</name>
        <description><![CDATA[<div><div><span><b>Altitude:</b></span> <span>1,875 ft - 1,850 ft</span></div>
<div><span><b>Speed:</b></span> <span>54 kt</span></div>
<div><span><b>Timestamp:</b></span><br/><span>2025-08-19 11:15:39 UTC<br/>2025-08-19 11:15:41 UTC</span></div>
</div>]]></description>
      </Placemark>
      <Placemark>
        <Style>
          <LineStyle>
            <color>ffccff00</color>
            <width>2</width>
          </LineStyle>
        </Style>
        <MultiGeometry>
          <LineString>
            <tessellate>1</tessellate>
            <altitudeMode>absolute</altitudeMode>
            <coordinates>-112.099686,33.554386,563.88 -112.100067,33.55481,563.88</coordinates>
          </LineString>
        </MultiGeometry>
        <name>P-106</name>
        <description><![CDATA[<div><div><span><b>Altitude:</b></span> <span>1,850 ft</span></div>
<div><span><b>Speed:</b></span> <span>54 kt - 59 kt</span></div>
<div><span><b>Timestamp:</b></span><br/><span>2025-08-19 11:15:41 UTC<br/>2025-08-19 11:15:43 UTC</span></div>
</div>]]></description>
      </Placemark>
      <Placemark>
        <Style>
          <LineStyle>
            <color>ffccff00</color>
            <width>2</width>
          </LineStyle>
        </Style>
        <MultiGeometry>
          <LineString>
            <tessellate>1</tessellate>
            <altitudeMode>absolute</altitudeMode>
            <coordinates>-112.100067,33.55481,563.88 -112.100571,33.555222,556.26</coordinates>
          </LineString>
        </MultiGeometry>
        <name>P-107</name>
        <description><![CDATA[<div><div><span><b>Altitude:</b></span> <span>1,850 ft - 1,825 ft</span></div>
<div><span><b>Speed:</b></span> <span>59 kt</span></div>
<div><span><b>Timestamp:</b></span><br/><span>2025-08-19 11:15:43 UTC<br/>2025-08-19 11:15:45 UTC</span></div>
</div>]]></description>
      </Placemark>
      <Placemark>
        <Style>
          <LineStyle>
            <color>ffccff00</color>
            <width>2</width>
          </LineStyle>
        </Style>
        <MultiGeometry>
          <LineString>
            <tessellate>1</tessellate>
            <altitudeMode>absolute</altitudeMode>
            <coordinates>-112.100571,33.555222,556.26 -112.101128,33.555542,556.26</coordinates>
          </LineString>
        </MultiGeometry>
        <name>P-108</name>
        <description><![CDATA[<div><div><span><b>Altitude:</b></span> <span>1,825 ft</span></div>
<div><span><b>Speed:</b></span> <span>59 kt - 56 kt</span></div>
<div><span><b>Timestamp:</b></span><br/><span>2025-08-19 11:15:45 UTC<br/>2025-08-19 11:15:47 UTC</span></div>
</div>]]></description>
      </Placemark>
      <Placemark>
        <Style>
          <LineStyle>
            <color>ffccff00</color>
            <width>2</width>
          </LineStyle>
        </Style>
        <MultiGeometry>
          <LineString>
            <tessellate>1</tessellate>
            <altitudeMode>absolute</altitudeMode>
            <coordinates>-112.101128,33.555542,556.26 -112.10186,33.555679,556.26</coordinates>
          </LineString>
        </MultiGeometry>
        <name>P-109</name>
        <description><![CDATA[<div><div><span><b>Altitude:</b></span> <span>1,825 ft</span></div>
<div><span><b>Speed:</b></span> <span>56 kt</span></div>
<div><span><b>Timestamp:</b></span><br/><span>2025-08-19 11:15:47 UTC<br/>2025-08-19 11:15:50 UTC</span></div>
</div>]]></description>
      </Placemark>
      <Placemark>
        <Style>
          <LineStyle>
            <color>ffccff00</color>
            <width>2</width>
          </LineStyle>
        </Style>
        <MultiGeometry>
          <LineString>
            <tessellate>1</tessellate>
            <altitudeMode>absolute</altitudeMode>
            <coordinates>-112.10186,33.555679,556.26 -112.102646,33.555679,556.26</coordinates>
          </LineString>
        </MultiGeometry>
        <name>P-110</name>
        <description><![CDATA[<div><div><span><b>Altitude:</b></span> <span>1,825 ft</span></div>
<div><span><b>Speed:</b></span> <span>56 kt - 58 kt</span></div>
<div><span><b>Timestamp:</b></span><br/><span>2025-08-19 11:15:50 UTC<br/>2025-08-19 11:15:52 UTC</span></div>
</div>]]></description>
      </Placemark>
      <Placemark>
        <Style>
          <LineStyle>
            <color>ffccff00</color>
            <width>2</width>
          </LineStyle>
        </Style>
        <MultiGeometry>
          <LineString>
            <tessellate>1</tessellate>
            <altitudeMode>absolute</altitudeMode>
            <coordinates>-112.102646,33.555679,556.26 -112.103371,33.555496,548.64</coordinates>
          </LineString>
        </MultiGeometry>
        <name>P-111</name>
        <description><![CDATA[<div><div><span><b>Altitude:</b></span> <span>1,825 ft - 1,800 ft</span></div>
<div><span><b>Speed:</b></span> <span>58 kt - 61 kt</span></div>
<div><span><b>Timestamp:</b></span><br/><span>2025-08-19 11:15:52 UTC<br/>2025-08-19 11:15:54 UTC</span></div>
</div>]]></description>
      </Placemark>
      <Placemark>
        <Style>
          <LineStyle>
            <color>ffccff00</color>
            <width>2</width>
          </LineStyle>
        </Style>
        <MultiGeometry>
          <LineString>
            <tessellate>1</tessellate>
            <altitudeMode>absolute</altitudeMode>
            <coordinates>-112.103371,33.555496,548.64 -112.104095,33.555271,548.64</coordinates>
          </LineString>
        </MultiGeometry>
        <name>P-112</name>
        <description><![CDATA[<div><div><span><b>Altitude:</b></span> <span>1,800 ft</span></div>
<div><span><b>Speed:</b></span> <span>61 kt - 63 kt</span></div>
<div><span><b>Timestamp:</b></span><br/><span>2025-08-19 11:15:54 UTC<br/>2025-08-19 11:15:56 UTC</span></div>
</div>]]></description>
      </Placemark>
      <Placemark>
        <Style>
          <LineStyle>
            <color>ffccff00</color>
            <width>2</width>
          </LineStyle>
        </Style>
        <MultiGeometry>
          <LineString>
            <tessellate>1</tessellate>
            <altitudeMode>absolute</altitudeMode>
            <coordinates>-112.104095,33.555271,548.64 -112.10466,33.554947,548.64</coordinates>
          </LineString>
        </MultiGeometry>
        <name>P-113</name>
        <description><![CDATA[<div><div><span><b>Altitude:</b></span> <span>1,800 ft</span></div>
<div><span><b>Speed:</b></span> <span>63 kt - 60 kt</span></div>
<div><span><b>Timestamp:</b></span><br/><span>2025-08-19 11:15:56 UTC<br/>2025-08-19 11:15:58 UTC</span></div>
</div>]]></description>
      </Placemark>
      <Placemark>
        <Style>
          <LineStyle>
            <color>ffccff00</color>
            <width>2</width>
          </LineStyle>
        </Style>
        <MultiGeometry>
          <LineString>
            <tessellate>1</tessellate>
            <altitudeMode>absolute</altitudeMode>
            <coordinates>-112.10466,33.554947,548.64 -112.105064,33.554573,556.26</coordinates>
          </LineString>
        </MultiGeometry>
        <name>P-114</name>
        <description><![CDATA[<div><div><span><b>Altitude:</b></span> <span>1,800 ft - 1,825 ft</span></div>
<div><span><b>Speed:</b></span> <span>60 kt - 59 kt</span></div>
<div><span><b>Timestamp:</b></span><br/><span>2025-08-19 11:15:58 UTC<br/>2025-08-19 11:16:01 UTC</span></div>
</div>]]></description>
      </Placemark>
      <Placemark>
        <Style>
          <LineStyle>
            <color>ffccff00</color>
            <width>2</width>
          </LineStyle>
        </Style>
        <MultiGeometry>
          <LineString>
            <tessellate>1</tessellate>
            <altitudeMode>absolute</altitudeMode>
            <coordinates>-112.105064,33.554573,556.26 -112.105446,33.554031,556.26</coordinates>
          </LineString>
        </MultiGeometry>
        <name>P-115</name>
        <description><![CDATA[<div><div><span><b>Altitude:</b></span> <span>1,825 ft</span></div>
<div><span><b>Speed:</b></span> <span>59 kt - 61 kt</span></div>
<div><span><b>Timestamp:</b></span><br/><span>2025-08-19 11:16:01 UTC<br/>2025-08-19 11:16:03 UTC</span></div>
</div>]]></description>
      </Placemark>
      <Placemark>
        <Style>
          <LineStyle>
            <color>ffccff00</color>
            <width>2</width>
          </LineStyle>
        </Style>
        <MultiGeometry>
          <LineString>
            <tessellate>1</tessellate>
            <altitudeMode>absolute</altitudeMode>
            <coordinates>-112.105446,33.554031,556.26 -112.105637,33.553364,556.26</coordinates>
          </LineString>
        </MultiGeometry>
        <name>P-116</name>
        <description><![CDATA[<div><div><span><b>Altitude:</b></span> <span>1,825 ft</span></div>
<div><span><b>Speed:</b></span> <span>61 kt</span></div>
<div><span><b>Timestamp:</b></span><br/><span>2025-08-19 11:16:03 UTC<br/>2025-08-19 11:16:05 UTC</span></div>
</div>]]></description>
      </Placemark>
      <Placemark>
        <Style>
          <LineStyle>
            <color>ffccff00</color>
            <width>2</width>
          </LineStyle>
        </Style>
        <MultiGeometry>
          <LineString>
            <tessellate>1</tessellate>
            <altitudeMode>absolute</altitudeMode>
            <coordinates>-112.105637,33.553364,556.26 -112.105576,33.552803,548.64</coordinates>
          </LineString>
        </MultiGeometry>
        <name>P-117</name>
        <description><![CDATA[<div><div><span><b>Altitude:</b></span> <span>1,825 ft - 1,800 ft</span></div>
<div><span><b>Speed:</b></span> <span>61 kt - 62 kt</span></div>
<div><span><b>Timestamp:</b></span><br/><span>2025-08-19 11:16:05 UTC<br/>2025-08-19 11:16:07 UTC</span></div>
</div>]]></description>
      </Placemark>
      <Placemark>
        <Style>
          <LineStyle>
            <color>ffccff00</color>
            <width>2</width>
          </LineStyle>
        </Style>
        <MultiGeometry>
          <LineString>
            <tessellate>1</tessellate>
            <altitudeMode>absolute</altitudeMode>
            <coordinates>-112.105576,33.552803,548.64 -112.105278,33.552155,548.64</coordinates>
          </LineString>
        </MultiGeometry>
        <name>P-118</name>
        <description><![CDATA[<div><div><span><b>Altitude:</b></span> <span>1,800 ft</span></div>
<div><span><b>Speed:</b></span> <span>62 kt - 64 kt</span></div>
<div><span><b>Timestamp:</b></span><br/><span>2025-08-19 11:16:07 UTC<br/>2025-08-19 11:16:09 UTC</span></div>
</div>]]></description>
      </Placemark>
      <Placemark>
        <Style>
          <LineStyle>
            <color>ffccff00</color>
            <width>2</width>
          </LineStyle>
        </Style>
        <MultiGeometry>
          <LineString>
            <tessellate>1</tessellate>
            <altitudeMode>absolute</altitudeMode>
            <coordinates>-112.105278,33.552155,548.64 -112.104774,33.551651,548.64</coordinates>
          </LineString>
        </MultiGeometry>
        <name>P-119</name>
        <description><![CDATA[<div><div><span><b>Altitude:</b></span> <span>1,800 ft</span></div>
<div><span><b>Speed:</b></span> <span>64 kt - 65 kt</span></div>
<div><span><b>Timestamp:</b></span><br/><span>2025-08-19 11:16:09 UTC<br/>2025-08-19 11:16:11 UTC</span></div>
</div>]]></description>
      </Placemark>
      <Placemark>
        <Style>
          <LineStyle>
            <color>ffccff00</color>
            <width>2</width>
          </LineStyle>
        </Style>
        <MultiGeometry>
          <LineString>
            <tessellate>1</tessellate>
            <altitudeMode>absolute</altitudeMode>
            <coordinates>-112.104774,33.551651,548.64 -112.104263,33.551315,548.64</coordinates>
          </LineString>
        </MultiGeometry>
        <name>P-120</name>
        <description><![CDATA[<div><div><span><b>Altitude:</b></span> <span>1,800 ft</span></div>
<div><span><b>Speed:</b></span> <span>65 kt</span></div>
<div><span><b>Timestamp:</b></span><br/><span>2025-08-19 11:16:11 UTC<br/>2025-08-19 11:16:14 UTC</span></div>
</div>]]></description>
      </Placemark>
      <Placemark>
        <Style>
          <LineStyle>
            <color>ffccff00</color>
            <width>2</width>
          </LineStyle>
        </Style>
        <MultiGeometry>
          <LineString>
            <tessellate>1</tessellate>
            <altitudeMode>absolute</altitudeMode>
            <coordinates>-112.104263,33.551315,548.64 -112.103539,33.551056,541.02</coordinates>
          </LineString>
        </MultiGeometry>
        <name>P-121</name>
        <description><![CDATA[<div><div><span><b>Altitude:</b></span> <span>1,800 ft - 1,775 ft</span></div>
<div><span><b>Speed:</b></span> <span>65 kt - 69 kt</span></div>
<div><span><b>Timestamp:</b></span><br/><span>2025-08-19 11:16:14 UTC<br/>2025-08-19 11:16:16 UTC</span></div>
</div>]]></description>
      </Placemark>
      <Placemark>
        <Style>
          <LineStyle>
            <color>ffccff00</color>
            <width>2</width>
          </LineStyle>
        </Style>
        <MultiGeometry>
          <LineString>
            <tessellate>1</tessellate>
            <altitudeMode>absolute</altitudeMode>
            <coordinates>-112.103539,33.551056,541.02 -112.102585,33.550873,541.02</coordinates>
          </LineString>
        </MultiGeometry>
        <name>P-122</name>
        <description><![CDATA[<div><div><span><b>Altitude:</b></span> <span>1,775 ft</span></div>
<div><span><b>Speed:</b></span> <span>69 kt - 71 kt</span></div>
<div><span><b>Timestamp:</b></span><br/><span>2025-08-19 11:16:16 UTC<br/>2025-08-19 11:16:18 UTC</span></div>
</div>]]></description>
      </Placemark>
      <Placemark>
        <Style>
          <LineStyle>
            <color>ffccff00</color>
            <width>2</width>
          </LineStyle>
        </Style>
        <MultiGeometry>
          <LineString>
            <tessellate>1</tessellate>
            <altitudeMode>absolute</altitudeMode>
            <coordinates>-112.102585,33.550873,541.02 -112.10186,33.550919,533.4</coordinates>
          </LineString>
        </MultiGeometry>
        <name>P-123</name>
        <description><![CDATA[<div><div><span><b>Altitude:</b></span> <span>1,775 ft - 1,750 ft</span></div>
<div><span><b>Speed:</b></span> <span>71 kt - 70 kt</span></div>
<div><span><b>Timestamp:</b></span><br/><span>2025-08-19 11:16:18 UTC<br/>2025-08-19 11:16:20 UTC</span></div>
</div>]]></description>
      </Placemark>
      <Placemark>
        <Style>
          <LineStyle>
            <color>ffccff00</color>
            <width>2</width>
          </LineStyle>
        </Style>
        <MultiGeometry>
          <LineString>
            <tessellate>1</tessellate>
            <altitudeMode>absolute</altitudeMode>
            <coordinates>-112.10186,33.550919,533.4 -112.101128,33.551147,533.4</coordinates>
          </LineString>
        </MultiGeometry>
        <name>P-124</name>
        <description><![CDATA[<div><div><span><b>Altitude:</b></span> <span>1,750 ft</span></div>
<div><span><b>Speed:</b></span> <span>70 kt - 66 kt</span></div>
<div><span><b>Timestamp:</b></span><br/><span>2025-08-19 11:16:20 UTC<br/>2025-08-19 11:16:22 UTC</span></div>
</div>]]></description>
      </Placemark>
      <Placemark>
        <Style>
          <LineStyle>
            <color>ffccff00</color>
            <width>2</width>
          </LineStyle>
        </Style>
        <MultiGeometry>
          <LineString>
            <tessellate>1</tessellate>
            <altitudeMode>absolute</altitudeMode>
            <coordinates>-112.101128,33.551147,533.4 -112.100372,33.55164,533.4</coordinates>
          </LineString>
        </MultiGeometry>
        <name>P-125</name>
        <description><![CDATA[<div><div><span><b>Altitude:</b></span> <span>1,750 ft</span></div>
<div><span><b>Speed:</b></span> <span>66 kt</span></div>
<div><span><b>Timestamp:</b></span><br/><span>2025-08-19 11:16:22 UTC<br/>2025-08-19 11:16:24 UTC</span></div>
</div>]]></description>
      </Placemark>
      <Placemark>
        <Style>
          <LineStyle>
            <color>ffccff00</color>
            <width>2</width>
          </LineStyle>
        </Style>
        <MultiGeometry>
          <LineString>
            <tessellate>1</tessellate>
            <altitudeMode>absolute</altitudeMode>
            <coordinates>-112.100372,33.55164,533.4 -112.100029,33.552013,533.4</coordinates>
          </LineString>
        </MultiGeometry>
        <name>P-126</name>
        <description><![CDATA[<div><div><span><b>Altitude:</b></span> <span>1,750 ft</span></div>
<div><span><b>Speed:</b></span> <span>66 kt - 67 kt</span></div>
<div><span><b>Timestamp:</b></span><br/><span>2025-08-19 11:16:24 UTC<br/>2025-08-19 11:16:26 UTC</span></div>
</div>]]></description>
      </Placemark>
      <Placemark>
        <Style>
          <LineStyle>
            <color>ffccff00</color>
            <width>2</width>
          </LineStyle>
        </Style>
        <MultiGeometry>
          <LineString>
            <tessellate>1</tessellate>
            <altitudeMode>absolute</altitudeMode>
            <coordinates>-112.100029,33.552013,533.4 -112.099625,33.552757,525.78</coordinates>
          </LineString>
        </MultiGeometry>
        <name>P-127</name>
        <description><![CDATA[<div><div><span><b>Altitude:</b></span> <span>1,750 ft - 1,725 ft</span></div>
<div><span><b>Speed:</b></span> <span>67 kt - 66 kt</span></div>
<div><span><b>Timestamp:</b></span><br/><span>2025-08-19 11:16:26 UTC<br/>2025-08-19 11:16:29 UTC</span></div>
</div>]]></description>
      </Placemark>
      <Placemark>
        <Style>
          <LineStyle>
            <color>ffccff00</color>
            <width>2</width>
          </LineStyle>
        </Style>
        <MultiGeometry>
          <LineString>
            <tessellate>1</tessellate>
            <altitudeMode>absolute</altitudeMode>
            <coordinates>-112.099625,33.552757,525.78 -112.099556,33.553345,525.78</coordinates>
          </LineString>
        </MultiGeometry>
        <name>P-128</name>
        <description><![CDATA[<div><div><span><b>Altitude:</b></span> <span>1,725 ft</span></div>
<div><span><b>Speed:</b></span> <span>66 kt - 64 kt</span></div>
<div><span><b>Timestamp:</b></span><br/><span>2025-08-19 11:16:29 UTC<br/>2025-08-19 11:16:31 UTC</span></div>
</div>]]></description>
      </Placemark>
      <Placemark>
        <Style>
          <LineStyle>
            <color>ffccff00</color>
            <width>2</width>
          </LineStyle>
        </Style>
        <MultiGeometry>
          <LineString>
            <tessellate>1</tessellate>
            <altitudeMode>absolute</altitudeMode>
            <coordinates>-112.099556,33.553345,525.78 -112.099747,33.554062,525.78</coordinates>
          </LineString>
        </MultiGeometry>
        <name>P-129</name>
        <description><![CDATA[<div><div><span><b>Altitude:</b></span> <span>1,725 ft</span></div>
<div><span><b>Speed:</b></span> <span>64 kt - 62 kt</span></div>
<div><span><b>Timestamp:</b></span><br/><span>2025-08-19 11:16:31 UTC<br/>2025-08-19 11:16:33 UTC</span></div>
</div>]]></description>
      </Placemark>
      <Placemark>
        <Style>
          <LineStyle>
            <color>ffccff00</color>
            <width>2</width>
          </LineStyle>
        </Style>
        <MultiGeometry>
          <LineString>
            <tessellate>1</tessellate>
            <altitudeMode>absolute</altitudeMode>
            <coordinates>-112.099747,33.554062,525.78 -112.100143,33.554619,525.78</coordinates>
          </LineString>
        </MultiGeometry>
        <name>P-130</name>
        <description><![CDATA[<div><div><span><b>Altitude:</b></span> <span>1,725 ft</span></div>
<div><span><b>Speed:</b></span> <span>62 kt</span></div>
<div><span><b>Timestamp:</b></span><br/><span>2025-08-19 11:16:33 UTC<br/>2025-08-19 11:16:35 UTC</span></div>
</div>]]></description>
      </Placemark>
      <Placemark>
        <Style>
          <LineStyle>
            <color>ffccff00</color>
            <width>2</width>
          </LineStyle>
        </Style>
        <MultiGeometry>
          <LineString>
            <tessellate>1</tessellate>
            <altitudeMode>absolute</altitudeMode>
            <coordinates>-112.100143,33.554619,525.78 -112.100716,33.554947,525.78</coordinates>
          </LineString>
        </MultiGeometry>
        <name>P-131</name>
        <description><![CDATA[<div><div><span><b>Altitude:</b></span> <span>1,725 ft</span></div>
<div><span><b>Speed:</b></span> <span>62 kt - 57 kt</span></div>
<div><span><b>Timestamp:</b></span><br/><span>2025-08-19 11:16:35 UTC<br/>2025-08-19 11:16:38 UTC</span></div>
</div>]]></description>
      </Placemark>
      <Placemark>
        <Style>
          <LineStyle>
            <color>ffccff00</color>
            <width>2</width>
          </LineStyle>
        </Style>
        <MultiGeometry>
          <LineString>
            <tessellate>1</tessellate>
            <altitudeMode>absolute</altitudeMode>
            <coordinates>-112.100716,33.554947,525.78 -112.10141,33.55513,525.78</coordinates>
          </LineString>
        </MultiGeometry>
        <name>P-132</name>
        <description><![CDATA[<div><div><span><b>Altitude:</b></span> <span>1,725 ft</span></div>
<div><span><b>Speed:</b></span> <span>57 kt - 56 kt</span></div>
<div><span><b>Timestamp:</b></span><br/><span>2025-08-19 11:16:38 UTC<br/>2025-08-19 11:16:40 UTC</span></div>
</div>]]></description>
      </Placemark>
      <Placemark>
        <Style>
          <LineStyle>
            <color>ffccff00</color>
            <width>2</width>
          </LineStyle>
        </Style>
        <MultiGeometry>
          <LineString>
            <tessellate>1</tessellate>
            <altitudeMode>absolute</altitudeMode>
            <coordinates>-112.10141,33.55513,525.78 -112.102081,33.55513,525.78</coordinates>
          </LineString>
        </MultiGeometry>
        <name>P-133</name>
        <description><![CDATA[<div><div><span><b>Altitude:</b></span> <span>1,725 ft</span></div>
<div><span><b>Speed:</b></span> <span>56 kt - 57 kt</span></div>
<div><span><b>Timestamp:</b></span><br/><span>2025-08-19 11:16:40 UTC<br/>2025-08-19 11:16:42 UTC</span></div>
</div>]]></description>
      </Placemark>
      <Placemark>
        <Style>
          <LineStyle>
            <color>ffccff00</color>
            <width>2</width>
          </LineStyle>
        </Style>
        <MultiGeometry>
          <LineString>
            <tessellate>1</tessellate>
            <altitudeMode>absolute</altitudeMode>
            <coordinates>-112.102081,33.55513,525.78 -112.102867,33.554901,518.16</coordinates>
          </LineString>
        </MultiGeometry>
        <name>P-134</name>
        <description><![CDATA[<div><div><span><b>Altitude:</b></span> <span>1,725 ft - 1,700 ft</span></div>
<div><span><b>Speed:</b></span> <span>57 kt - 59 kt</span></div>
<div><span><b>Timestamp:</b></span><br/><span>2025-08-19 11:16:42 UTC<br/>2025-08-19 11:16:45 UTC</span></div>
</div>]]></description>
      </Placemark>
      <Placemark>
        <Style>
          <LineStyle>
            <color>ffccff00</color>
            <width>2</width>
          </LineStyle>
        </Style>
        <MultiGeometry>
          <LineString>
            <tessellate>1</tessellate>
            <altitudeMode>absolute</altitudeMode>
            <coordinates>-112.102867,33.554901,518.16 -112.103485,33.554535,518.16</coordinates>
          </LineString>
        </MultiGeometry>
        <name>P-135</name>
        <description><![CDATA[<div><div><span><b>Altitude:</b></span> <span>1,700 ft</span></div>
<div><span><b>Speed:</b></span> <span>59 kt - 56 kt</span></div>
<div><span><b>Timestamp:</b></span><br/><span>2025-08-19 11:16:45 UTC<br/>2025-08-19 11:16:47 UTC</span></div>
</div>]]></description>
      </Placemark>
      <Placemark>
        <Style>
          <LineStyle>
            <color>ffccff00</color>
            <width>2</width>
          </LineStyle>
        </Style>
        <MultiGeometry>
          <LineString>
            <tessellate>1</tessellate>
            <altitudeMode>absolute</altitudeMode>
            <coordinates>-112.103485,33.554535,518.16 -112.103874,33.554031,518.16</coordinates>
          </LineString>
        </MultiGeometry>
        <name>P-136</name>
        <description><![CDATA[<div><div><span><b>Altitude:</b></span> <span>1,700 ft</span></div>
<div><span><b>Speed:</b></span> <span>56 kt</span></div>
<div><span><b>Timestamp:</b></span><br/><span>2025-08-19 11:16:47 UTC<br/>2025-08-19 11:16:49 UTC</span></div>
</div>]]></description>
      </Placemark>
      <Placemark>
        <Style>
          <LineStyle>
            <color>ffccff00</color>
            <width>2</width>
          </LineStyle>
        </Style>
        <MultiGeometry>
          <LineString>
            <tessellate>1</tessellate>
            <altitudeMode>absolute</altitudeMode>
            <coordinates>-112.103874,33.554031,518.16 -112.103989,33.553482,518.16</coordinates>
          </LineString>
        </MultiGeometry>
        <name>P-137</name>
        <description><![CDATA[<div><div><span><b>Altitude:</b></span> <span>1,700 ft</span></div>
<div><span><b>Speed:</b></span> <span>56 kt - 58 kt</span></div>
<div><span><b>Timestamp:</b></span><br/><span>2025-08-19 11:16:49 UTC<br/>2025-08-19 11:16:52 UTC</span></div>
</div>]]></description>
      </Placemark>
      <Placemark>
        <Style>
          <LineStyle>
            <color>ffccff00</color>
            <width>2</width>
          </LineStyle>
        </Style>
        <MultiGeometry>
          <LineString>
            <tessellate>1</tessellate>
            <altitudeMode>absolute</altitudeMode>
            <coordinates>-112.103989,33.553482,518.16 -112.103935,33.552841,518.16</coordinates>
          </LineString>
        </MultiGeometry>
        <name>P-138</name>
        <description><![CDATA[<div><div><span><b>Altitude:</b></span> <span>1,700 ft</span></div>
<div><span><b>Speed:</b></span> <span>58 kt - 56 kt</span></div>
<div><span><b>Timestamp:</b></span><br/><span>2025-08-19 11:16:52 UTC<br/>2025-08-19 11:16:54 UTC</span></div>
</div>]]></description>
      </Placemark>
      <Placemark>
        <Style>
          <LineStyle>
            <color>ffccff00</color>
            <width>2</width>
          </LineStyle>
        </Style>
        <MultiGeometry>
          <LineString>
            <tessellate>1</tessellate>
            <altitudeMode>absolute</altitudeMode>
            <coordinates>-112.103935,33.552841,518.16 -112.103653,33.552292,518.16</coordinates>
          </LineString>
        </MultiGeometry>
        <name>P-139</name>
        <description><![CDATA[<div><div><span><b>Altitude:</b></span> <span>1,700 ft</span></div>
<div><span><b>Speed:</b></span> <span>56 kt - 57 kt</span></div>
<div><span><b>Timestamp:</b></span><br/><span>2025-08-19 11:16:54 UTC<br/>2025-08-19 11:16:56 UTC</span></div>
</div>]]></description>
      </Placemark>
      <Placemark>
        <Style>
          <LineStyle>
            <color>ffccff00</color>
            <width>2</width>
          </LineStyle>
        </Style>
        <MultiGeometry>
          <LineString>
            <tessellate>1</tessellate>
            <altitudeMode>absolute</altitudeMode>
            <coordinates>-112.103653,33.552292,518.16 -112.103203,33.551834,518.16</coordinates>
          </LineString>
        </MultiGeometry>
        <name>P-140</name>
        <description><![CDATA[<div><div><span><b>Altitude:</b></span> <span>1,700 ft</span></div>
<div><span><b>Speed:</b></span> <span>57 kt - 59 kt</span></div>
<div><span><b>Timestamp:</b></span><br/><span>2025-08-19 11:16:56 UTC<br/>2025-08-19 11:16:58 UTC</span></div>
</div>]]></description>
      </Placemark>
      <Placemark>
        <Style>
          <LineStyle>
            <color>ffccff00</color>
            <width>2</width>
          </LineStyle>
        </Style>
        <MultiGeometry>
          <LineString>
            <tessellate>1</tessellate>
            <altitudeMode>absolute</altitudeMode>
            <coordinates>-112.103203,33.551834,518.16 -112.102646,33.551514,518.16</coordinates>
          </LineString>
        </MultiGeometry>
        <name>P-141</name>
        <description><![CDATA[<div><div><span><b>Altitude:</b></span> <span>1,700 ft</span></div>
<div><span><b>Speed:</b></span> <span>59 kt</span></div>
<div><span><b>Timestamp:</b></span><br/><span>2025-08-19 11:16:58 UTC<br/>2025-08-19 11:17:01 UTC</span></div>
</div>]]></description>
      </Placemark>
      <Placemark>
        <Style>
          <LineStyle>
            <color>ffccff00</color>
            <width>2</width>
          </LineStyle>
        </Style>
        <MultiGeometry>
          <LineString>
            <tessellate>1</tessellate>
            <altitudeMode>absolute</altitudeMode>
            <coordinates>-112.102646,33.551514,518.16 -112.101913,33.551361,518.16</coordinates>
          </LineString>
        </MultiGeometry>
        <name>P-142</name>
        <description><![CDATA[<div><div><span><b>Altitude:</b></span> <span>1,700 ft</span></div>
<div><span><b>Speed:</b></span> <span>59 kt - 58 kt</span></div>
<div><span><b>Timestamp:</b></span><br/><span>2025-08-19 11:17:01 UTC<br/>2025-08-19 11:17:03 UTC</span></div>
</div>]]></description>
      </Placemark>
      <Placemark>
        <Style>
          <LineStyle>
            <color>ffccff00</color>
            <width>2</width>
          </LineStyle>
        </Style>
        <MultiGeometry>
          <LineString>
            <tessellate>1</tessellate>
            <altitudeMode>absolute</altitudeMode>
            <coordinates>-112.101913,33.551361,518.16 -112.101295,33.551422,525.78</coordinates>
          </LineString>
        </MultiGeometry>
        <name>P-143</name>
        <description><![CDATA[<div><div><span><b>Altitude:</b></span> <span>1,700 ft - 1,725 ft</span></div>
<div><span><b>Speed:</b></span> <span>58 kt</span></div>
<div><span><b>Timestamp:</b></span><br/><span>2025-08-19 11:17:03 UTC<br/>2025-08-19 11:17:05 UTC</span></div>
</div>]]></description>
      </Placemark>
      <Placemark>
        <Style>
          <LineStyle>
            <color>ffccff00</color>
            <width>2</width>
          </LineStyle>
        </Style>
        <MultiGeometry>
          <LineString>
            <tessellate>1</tessellate>
            <altitudeMode>absolute</altitudeMode>
            <coordinates>-112.101295,33.551422,525.78 -112.100677,33.551605,525.78</coordinates>
          </LineString>
        </MultiGeometry>
        <name>P-144</name>
        <description><![CDATA[<div><div><span><b>Altitude:</b></span> <span>1,725 ft</span></div>
<div><span><b>Speed:</b></span> <span>58 kt - 57 kt</span></div>
<div><span><b>Timestamp:</b></span><br/><span>2025-08-19 11:17:05 UTC<br/>2025-08-19 11:17:07 UTC</span></div>
</div>]]></description>
      </Placemark>
      <Placemark>
        <Style>
          <LineStyle>
            <color>ffccff00</color>
            <width>2</width>
          </LineStyle>
        </Style>
        <MultiGeometry>
          <LineString>
            <tessellate>1</tessellate>
            <altitudeMode>absolute</altitudeMode>
            <coordinates>-112.100677,33.551605,525.78 -112.100067,33.552017,525.78</coordinates>
          </LineString>
        </MultiGeometry>
        <name>P-145</name>
        <description><![CDATA[<div><div><span><b>Altitude:</b></span> <span>1,725 ft</span></div>
<div><span><b>Speed:</b></span> <span>57 kt - 56 kt</span></div>
<div><span><b>Timestamp:</b></span><br/><span>2025-08-19 11:17:07 UTC<br/>2025-08-19 11:17:09 UTC</span></div>
</div>]]></description>
      </Placemark>
      <Placemark>
        <Style>
          <LineStyle>
            <color>ffccff00</color>
            <width>2</width>
          </LineStyle>
        </Style>
        <MultiGeometry>
          <LineString>
            <tessellate>1</tessellate>
            <altitudeMode>absolute</altitudeMode>
            <coordinates>-112.100067,33.552017,525.78 -112.09967,33.552429,533.4</coordinates>
          </LineString>
        </MultiGeometry>
        <name>P-146</name>
        <description><![CDATA[<div><div><span><b>Altitude:</b></span> <span>1,725 ft - 1,750 ft</span></div>
<div><span><b>Speed:</b></span> <span>56 kt - 55 kt</span></div>
<div><span><b>Timestamp:</b></span><br/><span>2025-08-19 11:17:09 UTC<br/>2025-08-19 11:17:11 UTC</span></div>
</div>]]></description>
      </Placemark>
      <Placemark>
        <Style>
          <LineStyle>
            <color>ffccff00</color>
            <width>2</width>
          </LineStyle>
        </Style>
        <MultiGeometry>
          <LineString>
            <tessellate>1</tessellate>
            <altitudeMode>absolute</altitudeMode>
            <coordinates>-112.09967,33.552429,533.4 -112.099335,33.552979,533.4</coordinates>
          </LineString>
        </MultiGeometry>
        <name>P-147</name>
        <description><![CDATA[<div><div><span><b>Altitude:</b></span> <span>1,750 ft</span></div>
<div><span><b>Speed:</b></span> <span>55 kt - 51 kt</span></div>
<div><span><b>Timestamp:</b></span><br/><span>2025-08-19 11:17:11 UTC<br/>2025-08-19 11:17:14 UTC</span></div>
</div>]]></description>
      </Placemark>
      <Placemark>
        <Style>
          <LineStyle>
            <color>ffccff00</color>
            <width>2</width>
          </LineStyle>
        </Style>
        <MultiGeometry>
          <LineString>
            <tessellate>1</tessellate>
            <altitudeMode>absolute</altitudeMode>
            <coordinates>-112.099335,33.552979,533.4 -112.099281,33.553482,533.4</coordinates>
          </LineString>
        </MultiGeometry>
        <name>P-148</name>
        <description><![CDATA[<div><div><span><b>Altitude:</b></span> <span>1,750 ft</span></div>
<div><span><b>Speed:</b></span> <span>51 kt - 50 kt</span></div>
<div><span><b>Timestamp:</b></span><br/><span>2025-08-19 11:17:14 UTC<br/>2025-08-19 11:17:16 UTC</span></div>
</div>]]></description>
      </Placemark>
      <Placemark>
        <Style>
          <LineStyle>
            <color>ffccff00</color>
            <width>2</width>
          </LineStyle>
        </Style>
        <MultiGeometry>
          <LineString>
            <tessellate>1</tessellate>
            <altitudeMode>absolute</altitudeMode>
            <coordinates>-112.099281,33.553482,533.4 -112.099342,33.553921,533.4</coordinates>
          </LineString>
        </MultiGeometry>
        <name>P-149</name>
        <description><![CDATA[<div><div><span><b>Altitude:</b></span> <span>1,750 ft</span></div>
<div><span><b>Speed:</b></span> <span>50 kt - 48 kt</span></div>
<div><span><b>Timestamp:</b></span><br/><span>2025-08-19 11:17:16 UTC<br/>2025-08-19 11:17:18 UTC</span></div>
</div>]]></description>
      </Placemark>
      <Placemark>
        <Style>
          <LineStyle>
            <color>ffccff00</color>
            <width>2</width>
          </LineStyle>
        </Style>
        <MultiGeometry>
          <LineString>
            <tessellate>1</tessellate>
            <altitudeMode>absolute</altitudeMode>
            <coordinates>-112.099342,33.553921,533.4 -112.099571,33.554386,533.4</coordinates>
          </LineString>
        </MultiGeometry>
        <name>P-150</name>
        <description><![CDATA[<div><div><span><b>Altitude:</b></span> <span>1,750 ft</span></div>
<div><span><b>Speed:</b></span> <span>48 kt - 49 kt</span></div>
<div><span><b>Timestamp:</b></span><br/><span>2025-08-19 11:17:18 UTC<br/>2025-08-19 11:17:20 UTC</span></div>
</div>]]></description>
      </Placemark>
      <Placemark>
        <Style>
          <LineStyle>
            <color>ffccff00</color>
            <width>2</width>
          </LineStyle>
        </Style>
        <MultiGeometry>
          <LineString>
            <tessellate>1</tessellate>
            <altitudeMode>absolute</altitudeMode>
            <coordinates>-112.099571,33.554386,533.4 -112.100082,33.554852,533.4</coordinates>
          </LineString>
        </MultiGeometry>
        <name>P-151</name>
        <description><![CDATA[<div><div><span><b>Altitude:</b></span> <span>1,750 ft</span></div>
<div><span><b>Speed:</b></span> <span>49 kt - 50 kt</span></div>
<div><span><b>Timestamp:</b></span><br/><span>2025-08-19 11:17:20 UTC<br/>2025-08-19 11:17:22 UTC</span></div>
</div>]]></description>
      </Placemark>
      <Placemark>
        <Style>
          <LineStyle>
            <color>ffccff00</color>
            <width>2</width>
          </LineStyle>
        </Style>
        <MultiGeometry>
          <LineString>
            <tessellate>1</tessellate>
            <altitudeMode>absolute</altitudeMode>
            <coordinates>-112.100082,33.554852,533.4 -112.100487,33.555084,533.4</coordinates>
          </LineString>
        </MultiGeometry>
        <name>P-152</name>
        <description><![CDATA[<div><div><span><b>Altitude:</b></span> <span>1,750 ft</span></div>
<div><span><b>Speed:</b></span> <span>50 kt - 51 kt</span></div>
<div><span><b>Timestamp:</b></span><br/><span>2025-08-19 11:17:22 UTC<br/>2025-08-19 11:17:25 UTC</span></div>
</div>]]></description>
      </Placemark>
      <Placemark>
        <Style>
          <LineStyle>
            <color>ffccff00</color>
            <width>2</width>
          </LineStyle>
        </Style>
        <MultiGeometry>
          <LineString>
            <tessellate>1</tessellate>
            <altitudeMode>absolute</altitudeMode>
            <coordinates>-112.100487,33.555084,533.4 -112.101173,33.555317,533.4</coordinates>
          </LineString>
        </MultiGeometry>
        <name>P-153</name>
        <description><![CDATA[<div><div><span><b>Altitude:</b></span> <span>1,750 ft</span></div>
<div><span><b>Speed:</b></span> <span>51 kt</span></div>
<div><span><b>Timestamp:</b></span><br/><span>2025-08-19 11:17:25 UTC<br/>2025-08-19 11:17:27 UTC</span></div>
</div>]]></description>
      </Placemark>
      <Placemark>
        <Style>
          <LineStyle>
            <color>ffccff00</color>
            <width>2</width>
          </LineStyle>
        </Style>
        <MultiGeometry>
          <LineString>
            <tessellate>1</tessellate>
            <altitudeMode>absolute</altitudeMode>
            <coordinates>-112.101173,33.555317,533.4 -112.101799,33.555405,533.4</coordinates>
          </LineString>
        </MultiGeometry>
        <name>P-154</name>
        <description><![CDATA[<div><div><span><b>Altitude:</b></span> <span>1,750 ft</span></div>
<div><span><b>Speed:</b></span> <span>51 kt - 53 kt</span></div>
<div><span><b>Timestamp:</b></span><br/><span>2025-08-19 11:17:27 UTC<br/>2025-08-19 11:17:29 UTC</span></div>
</div>]]></description>
      </Placemark>
      <Placemark>
        <Style>
          <LineStyle>
            <color>ffccff00</color>
            <width>2</width>
          </LineStyle>
        </Style>
        <MultiGeometry>
          <LineString>
            <tessellate>1</tessellate>
            <altitudeMode>absolute</altitudeMode>
            <coordinates>-112.101799,33.555405,533.4 -112.102493,33.555317,533.4</coordinates>
          </LineString>
        </MultiGeometry>
        <name>P-155</name>
        <description><![CDATA[<div><div><span><b>Altitude:</b></span> <span>1,750 ft</span></div>
<div><span><b>Speed:</b></span> <span>53 kt</span></div>
<div><span><b>Timestamp:</b></span><br/><span>2025-08-19 11:17:29 UTC<br/>2025-08-19 11:17:31 UTC</span></div>
</div>]]></description>
      </Placemark>
      <Placemark>
        <Style>
          <LineStyle>
            <color>ffccff00</color>
            <width>2</width>
          </LineStyle>
        </Style>
        <MultiGeometry>
          <LineString>
            <tessellate>1</tessellate>
            <altitudeMode>absolute</altitudeMode>
            <coordinates>-112.102493,33.555317,533.4 -112.103149,33.55513,533.4</coordinates>
          </LineString>
        </MultiGeometry>
        <name>P-156</name>
        <description><![CDATA[<div><div><span><b>Altitude:</b></span> <span>1,750 ft</span></div>
<div><span><b>Speed:</b></span> <span>53 kt - 55 kt</span></div>
<div><span><b>Timestamp:</b></span><br/><span>2025-08-19 11:17:31 UTC<br/>2025-08-19 11:17:34 UTC</span></div>
</div>]]></description>
      </Placemark>
      <Placemark>
        <Style>
          <LineStyle>
            <color>ffccff00</color>
            <width>2</width>
          </LineStyle>
        </Style>
        <MultiGeometry>
          <LineString>
            <tessellate>1</tessellate>
            <altitudeMode>absolute</altitudeMode>
            <coordinates>-112.103149,33.55513,533.4 -112.103691,33.554806,533.4</coordinates>
          </LineString>
        </MultiGeometry>
        <name>P-157</name>
        <description><![CDATA[<div><div><span><b>Altitude:</b></span> <span>1,750 ft</span></div>
<div><span><b>Speed:</b></span> <span>55 kt - 57 kt</span></div>
<div><span><b>Timestamp:</b></span><br/><span>2025-08-19 11:17:34 UTC<br/>2025-08-19 11:17:36 UTC</span></div>
</div>]]></description>
      </Placemark>
      <Placemark>
        <Style>
          <LineStyle>
            <color>ffccff00</color>
            <width>2</width>
          </LineStyle>
        </Style>
        <MultiGeometry>
          <LineString>
            <tessellate>1</tessellate>
            <altitudeMode>absolute</altitudeMode>
            <coordinates>-112.103691,33.554806,533.4 -112.104156,33.554398,541.02</coordinates>
          </LineString>
        </MultiGeometry>
        <name>P-158</name>
        <description><![CDATA[<div><div><span><b>Altitude:</b></span> <span>1,750 ft - 1,775 ft</span></div>
<div><span><b>Speed:</b></span> <span>57 kt - 56 kt</span></div>
<div><span><b>Timestamp:</b></span><br/><span>2025-08-19 11:17:36 UTC<br/>2025-08-19 11:17:38 UTC</span></div>
</div>]]></description>
      </Placemark>
      <Placemark>
        <Style>
          <LineStyle>
            <color>ffccff00</color>
            <width>2</width>
          </LineStyle>
        </Style>
        <MultiGeometry>
          <LineString>
            <tessellate>1</tessellate>
            <altitudeMode>absolute</altitudeMode>
            <coordinates>-112.104156,33.554398,541.02 -112.104431,33.553875,541.02</coordinates>
          </LineString>
        </MultiGeometry>
        <name>P-159</name>
        <description><![CDATA[<div><div><span><b>Altitude:</b></span> <span>1,775 ft</span></div>
<div><span><b>Speed:</b></span> <span>56 kt</span></div>
<div><span><b>Timestamp:</b></span><br/><span>2025-08-19 11:17:38 UTC<br/>2025-08-19 11:17:40 UTC</span></div>
</div>]]></description>
      </Placemark>
      <Placemark>
        <Style>
          <LineStyle>
            <color>ffccff00</color>
            <width>2</width>
          </LineStyle>
        </Style>
        <MultiGeometry>
          <LineString>
            <tessellate>1</tessellate>
            <altitudeMode>absolute</altitudeMode>
            <coordinates>-112.104431,33.553875,541.02 -112.104607,33.553436,541.02</coordinates>
          </LineString>
        </MultiGeometry>
        <name>P-160</name>
        <description><![CDATA[<div><div><span><b>Altitude:</b></span> <span>1,775 ft</span></div>
<div><span><b>Speed:</b></span> <span>56 kt</span></div>
<div><span><b>Timestamp:</b></span><br/><span>2025-08-19 11:17:40 UTC<br/>2025-08-19 11:17:43 UTC</span></div>
</div>]]></description>
      </Placemark>
      <Placemark>
        <Style>
          <LineStyle>
            <color>ffccff00</color>
            <width>2</width>
          </LineStyle>
        </Style>
        <MultiGeometry>
          <LineString>
            <tessellate>1</tessellate>
            <altitudeMode>absolute</altitudeMode>
            <coordinates>-112.104607,33.553436,541.02 -112.104546,33.552795,541.02</coordinates>
          </LineString>
        </MultiGeometry>
        <name>P-161</name>
        <description><![CDATA[<div><div><span><b>Altitude:</b></span> <span>1,775 ft</span></div>
<div><span><b>Speed:</b></span> <span>56 kt</span></div>
<div><span><b>Timestamp:</b></span><br/><span>2025-08-19 11:17:43 UTC<br/>2025-08-19 11:17:45 UTC</span></div>
</div>]]></description>
      </Placemark>
      <Placemark>
        <Style>
          <LineStyle>
            <color>ffccff00</color>
            <width>2</width>
          </LineStyle>
        </Style>
        <MultiGeometry>
          <LineString>
            <tessellate>1</tessellate>
            <altitudeMode>absolute</altitudeMode>
            <coordinates>-112.104546,33.552795,541.02 -112.104324,33.552246,541.02</coordinates>
          </LineString>
        </MultiGeometry>
        <name>P-162</name>
        <description><![CDATA[<div><div><span><b>Altitude:</b></span> <span>1,775 ft</span></div>
<div><span><b>Speed:</b></span> <span>56 kt</span></div>
<div><span><b>Timestamp:</b></span><br/><span>2025-08-19 11:17:45 UTC<br/>2025-08-19 11:17:47 UTC</span></div>
</div>]]></description>
      </Placemark>
      <Placemark>
        <Style>
          <LineStyle>
            <color>ffccff00</color>
            <width>2</width>
          </LineStyle>
        </Style>
        <MultiGeometry>
          <LineString>
            <tessellate>1</tessellate>
            <altitudeMode>absolute</altitudeMode>
            <coordinates>-112.104324,33.552246,541.02 -112.103867,33.551689,548.64</coordinates>
          </LineString>
        </MultiGeometry>
        <name>P-163</name>
        <description><![CDATA[<div><div><span><b>Altitude:</b></span> <span>1,775 ft - 1,800 ft</span></div>
<div><span><b>Speed:</b></span> <span>56 kt - 55 kt</span></div>
<div><span><b>Timestamp:</b></span><br/><span>2025-08-19 11:17:47 UTC<br/>2025-08-19 11:17:49 UTC</span></div>
</div>]]></description>
      </Placemark>
      <Placemark>
        <Style>
          <LineStyle>
            <color>ffccff00</color>
            <width>2</width>
          </LineStyle>
        </Style>
        <MultiGeometry>
          <LineString>
            <tessellate>1</tessellate>
            <altitudeMode>absolute</altitudeMode>
            <coordinates>-112.103867,33.551689,548.64 -112.103256,33.551331,548.64</coordinates>
          </LineString>
        </MultiGeometry>
        <name>P-164</name>
        <description><![CDATA[<div><div><span><b>Altitude:</b></span> <span>1,800 ft</span></div>
<div><span><b>Speed:</b></span> <span>55 kt - 56 kt</span></div>
<div><span><b>Timestamp:</b></span><br/><span>2025-08-19 11:17:49 UTC<br/>2025-08-19 11:17:52 UTC</span></div>
</div>]]></description>
      </Placemark>
      <Placemark>
        <Style>
          <LineStyle>
            <color>ffccff00</color>
            <width>2</width>
          </LineStyle>
        </Style>
        <MultiGeometry>
          <LineString>
            <tessellate>1</tessellate>
            <altitudeMode>absolute</altitudeMode>
            <coordinates>-112.103256,33.551331,548.64 -112.102661,33.551128,548.64</coordinates>
          </LineString>
        </MultiGeometry>
        <name>P-165</name>
        <description><![CDATA[<div><div><span><b>Altitude:</b></span> <span>1,800 ft</span></div>
<div><span><b>Speed:</b></span> <span>56 kt - 58 kt</span></div>
<div><span><b>Timestamp:</b></span><br/><span>2025-08-19 11:17:52 UTC<br/>2025-08-19 11:17:54 UTC</span></div>
</div>]]></description>
      </Placemark>
      <Placemark>
        <Style>
          <LineStyle>
            <color>ffccff00</color>
            <width>2</width>
          </LineStyle>
        </Style>
        <MultiGeometry>
          <LineString>
            <tessellate>1</tessellate>
            <altitudeMode>absolute</altitudeMode>
            <coordinates>-112.102661,33.551128,548.64 -112.101974,33.551083,548.64</coordinates>
          </LineString>
        </MultiGeometry>
        <name>P-166</name>
        <description><![CDATA[<div><div><span><b>Altitude:</b></span> <span>1,800 ft</span></div>
<div><span><b>Speed:</b></span> <span>58 kt - 61 kt</span></div>
<div><span><b>Timestamp:</b></span><br/><span>2025-08-19 11:17:54 UTC<br/>2025-08-19 11:17:56 UTC</span></div>
</div>]]></description>
      </Placemark>
      <Placemark>
        <Style>
          <LineStyle>
            <color>ffccff00</color>
            <width>2</width>
          </LineStyle>
        </Style>
        <MultiGeometry>
          <LineString>
            <tessellate>1</tessellate>
            <altitudeMode>absolute</altitudeMode>
            <coordinates>-112.101974,33.551083,548.64 -112.101128,33.551193,541.02</coordinates>
          </LineString>
        </MultiGeometry>
        <name>P-167</name>
        <description><![CDATA[<div><div><span><b>Altitude:</b></span> <span>1,800 ft - 1,775 ft</span></div>
<div><span><b>Speed:</b></span> <span>61 kt - 62 kt</span></div>
<div><span><b>Timestamp:</b></span><br/><span>2025-08-19 11:17:56 UTC<br/>2025-08-19 11:17:58 UTC</span></div>
</div>]]></description>
      </Placemark>
      <Placemark>
        <Style>
          <LineStyle>
            <color>ffccff00</color>
            <width>2</width>
          </LineStyle>
        </Style>
        <MultiGeometry>
          <LineString>
            <tessellate>1</tessellate>
            <altitudeMode>absolute</altitudeMode>
            <coordinates>-112.101128,33.551193,541.02 -112.100624,33.551331,541.02</coordinates>
          </LineString>
        </MultiGeometry>
        <name>P-168</name>
        <description><![CDATA[<div><div><span><b>Altitude:</b></span> <span>1,775 ft</span></div>
<div><span><b>Speed:</b></span> <span>62 kt</span></div>
<div><span><b>Timestamp:</b></span><br/><span>2025-08-19 11:17:58 UTC<br/>2025-08-19 11:18:00 UTC</span></div>
</div>]]></description>
      </Placemark>
      <Placemark>
        <Style>
          <LineStyle>
            <color>ffccff00</color>
            <width>2</width>
          </LineStyle>
        </Style>
        <MultiGeometry>
          <LineString>
            <tessellate>1</tessellate>
            <altitudeMode>absolute</altitudeMode>
            <coordinates>-112.100624,33.551331,541.02 -112.100006,33.551743,541.02</coordinates>
          </LineString>
        </MultiGeometry>
        <name>P-169</name>
        <description><![CDATA[<div><div><span><b>Altitude:</b></span> <span>1,775 ft</span></div>
<div><span><b>Speed:</b></span> <span>62 kt - 60 kt</span></div>
<div><span><b>Timestamp:</b></span><br/><span>2025-08-19 11:18:00 UTC<br/>2025-08-19 11:18:02 UTC</span></div>
</div>]]></description>
      </Placemark>
      <Placemark>
        <Style>
          <LineStyle>
            <color>ffccff00</color>
            <width>2</width>
          </LineStyle>
        </Style>
        <MultiGeometry>
          <LineString>
            <tessellate>1</tessellate>
            <altitudeMode>absolute</altitudeMode>
            <coordinates>-112.100006,33.551743,541.02 -112.099571,33.552292,541.02</coordinates>
          </LineString>
        </MultiGeometry>
        <name>P-170</name>
        <description><![CDATA[<div><div><span><b>Altitude:</b></span> <span>1,775 ft</span></div>
<div><span><b>Speed:</b></span> <span>60 kt</span></div>
<div><span><b>Timestamp:</b></span><br/><span>2025-08-19 11:18:02 UTC<br/>2025-08-19 11:18:05 UTC</span></div>
</div>]]></description>
      </Placemark>
      <Placemark>
        <Style>
          <LineStyle>
            <color>ffccff00</color>
            <width>2</width>
          </LineStyle>
        </Style>
        <MultiGeometry>
          <LineString>
            <tessellate>1</tessellate>
            <altitudeMode>absolute</altitudeMode>
            <coordinates>-112.099571,33.552292,541.02 -112.099342,33.552711,541.02</coordinates>
          </LineString>
        </MultiGeometry>
        <name>P-171</name>
        <description><![CDATA[<div><div><span><b>Altitude:</b></span> <span>1,775 ft</span></div>
<div><span><b>Speed:</b></span> <span>60 kt - 58 kt</span></div>
<div><span><b>Timestamp:</b></span><br/><span>2025-08-19 11:18:05 UTC<br/>2025-08-19 11:18:07 UTC</span></div>
</div>]]></description>
      </Placemark>
      <Placemark>
        <Style>
          <LineStyle>
            <color>ffccff00</color>
            <width>2</width>
          </LineStyle>
        </Style>
        <MultiGeometry>
          <LineString>
            <tessellate>1</tessellate>
            <altitudeMode>absolute</altitudeMode>
            <coordinates>-112.099342,33.552711,541.02 -112.09922,33.553482,541.02</coordinates>
          </LineString>
        </MultiGeometry>
        <name>P-172</name>
        <description><![CDATA[<div><div><span><b>Altitude:</b></span> <span>1,775 ft</span></div>
<div><span><b>Speed:</b></span> <span>58 kt - 59 kt</span></div>
<div><span><b>Timestamp:</b></span><br/><span>2025-08-19 11:18:07 UTC<br/>2025-08-19 11:18:09 UTC</span></div>
</div>]]></description>
      </Placemark>
      <Placemark>
        <Style>
          <LineStyle>
            <color>ffccff00</color>
            <width>2</width>
          </LineStyle>
        </Style>
        <MultiGeometry>
          <LineString>
            <tessellate>1</tessellate>
            <altitudeMode>absolute</altitudeMode>
            <coordinates>-112.09922,33.553482,541.02 -112.099396,33.554016,541.02</coordinates>
          </LineString>
        </MultiGeometry>
        <name>P-173</name>
        <description><![CDATA[<div><div><span><b>Altitude:</b></span> <span>1,775 ft</span></div>
<div><span><b>Speed:</b></span> <span>59 kt - 57 kt</span></div>
<div><span><b>Timestamp:</b></span><br/><span>2025-08-19 11:18:09 UTC<br/>2025-08-19 11:18:11 UTC</span></div>
</div>]]></description>
      </Placemark>
      <Placemark>
        <Style>
          <LineStyle>
            <color>ffccff00</color>
            <width>2</width>
          </LineStyle>
        </Style>
        <MultiGeometry>
          <LineString>
            <tessellate>1</tessellate>
            <altitudeMode>absolute</altitudeMode>
            <coordinates>-112.099396,33.554016,541.02 -112.099625,33.554482,541.02</coordinates>
          </LineString>
        </MultiGeometry>
        <name>P-174</name>
        <description><![CDATA[<div><div><span><b>Altitude:</b></span> <span>1,775 ft</span></div>
<div><span><b>Speed:</b></span> <span>57 kt - 55 kt</span></div>
<div><span><b>Timestamp:</b></span><br/><span>2025-08-19 11:18:11 UTC<br/>2025-08-19 11:18:13 UTC</span></div>
</div>]]></description>
      </Placemark>
      <Placemark>
        <Style>
          <LineStyle>
            <color>ffccff00</color>
            <width>2</width>
          </LineStyle>
        </Style>
        <MultiGeometry>
          <LineString>
            <tessellate>1</tessellate>
            <altitudeMode>absolute</altitudeMode>
            <coordinates>-112.099625,33.554482,541.02 -112.100067,33.554901,541.02</coordinates>
          </LineString>
        </MultiGeometry>
        <name>P-175</name>
        <description><![CDATA[<div><div><span><b>Altitude:</b></span> <span>1,775 ft</span></div>
<div><span><b>Speed:</b></span> <span>55 kt</span></div>
<div><span><b>Timestamp:</b></span><br/><span>2025-08-19 11:18:13 UTC<br/>2025-08-19 11:18:15 UTC</span></div>
</div>]]></description>
      </Placemark>
      <Placemark>
        <Style>
          <LineStyle>
            <color>ffccff00</color>
            <width>2</width>
          </LineStyle>
        </Style>
        <MultiGeometry>
          <LineString>
            <tessellate>1</tessellate>
            <altitudeMode>absolute</altitudeMode>
            <coordinates>-112.100067,33.554901,541.02 -112.10054,33.55518,541.02</coordinates>
          </LineString>
        </MultiGeometry>
        <name>P-176</name>
        <description><![CDATA[<div><div><span><b>Altitude:</b></span> <span>1,775 ft</span></div>
<div><span><b>Speed:</b></span> <span>55 kt</span></div>
<div><span><b>Timestamp:</b></span><br/><span>2025-08-19 11:18:15 UTC<br/>2025-08-19 11:18:18 UTC</span></div>
</div>]]></description>
      </Placemark>
      <Placemark>
        <Style>
          <LineStyle>
            <color>ffccff00</color>
            <width>2</width>
          </LineStyle>
        </Style>
        <MultiGeometry>
          <LineString>
            <tessellate>1</tessellate>
            <altitudeMode>absolute</altitudeMode>
            <coordinates>-112.10054,33.55518,541.02 -112.101128,33.555359,541.02</coordinates>
          </LineString>
        </MultiGeometry>
        <name>P-177</name>
        <description><![CDATA[<div><div><span><b>Altitude:</b></span> <span>1,775 ft</span></div>
<div><span><b>Speed:</b></span> <span>55 kt</span></div>
<div><span><b>Timestamp:</b></span><br/><span>2025-08-19 11:18:18 UTC<br/>2025-08-19 11:18:20 UTC</span></div>
</div>]]></description>
      </Placemark>
      <Placemark>
        <Style>
          <LineStyle>
            <color>ffccff00</color>
            <width>2</width>
          </LineStyle>
        </Style>
        <MultiGeometry>
          <LineString>
            <tessellate>1</tessellate>
            <altitudeMode>absolute</altitudeMode>
            <coordinates>-112.101128,33.555359,541.02 -112.101913,33.555458,541.02</coordinates>
          </LineString>
        </MultiGeometry>
        <name>P-178</name>
        <description><![CDATA[<div><div><span><b>Altitude:</b></span> <span>1,775 ft</span></div>
<div><span><b>Speed:</b></span> <span>55 kt</span></div>
<div><span><b>Timestamp:</b></span><br/><span>2025-08-19 11:18:20 UTC<br/>2025-08-19 11:18:22 UTC</span></div>
</div>]]></description>
      </Placemark>
      <Placemark>
        <Style>
          <LineStyle>
            <color>ffccff00</color>
            <width>2</width>
          </LineStyle>
        </Style>
        <MultiGeometry>
          <LineString>
            <tessellate>1</tessellate>
            <altitudeMode>absolute</altitudeMode>
            <coordinates>-112.101913,33.555458,541.02 -112.102646,33.555313,541.02</coordinates>
          </LineString>
        </MultiGeometry>
        <name>P-179</name>
        <description><![CDATA[<div><div><span><b>Altitude:</b></span> <span>1,775 ft</span></div>
<div><span><b>Speed:</b></span> <span>55 kt - 53 kt</span></div>
<div><span><b>Timestamp:</b></span><br/><span>2025-08-19 11:18:22 UTC<br/>2025-08-19 11:18:24 UTC</span></div>
</div>]]></description>
      </Placemark>
      <Placemark>
        <Style>
          <LineStyle>
            <color>ffccff00</color>
            <width>2</width>
          </LineStyle>
        </Style>
        <MultiGeometry>
          <LineString>
            <tessellate>1</tessellate>
            <altitudeMode>absolute</altitudeMode>
            <coordinates>-112.102646,33.555313,541.02 -112.103149,33.555084,541.02</coordinates>
          </LineString>
        </MultiGeometry>
        <name>P-180</name>
        <description><![CDATA[<div><div><span><b>Altitude:</b></span> <span>1,775 ft</span></div>
<div><span><b>Speed:</b></span> <span>53 kt - 54 kt</span></div>
<div><span><b>Timestamp:</b></span><br/><span>2025-08-19 11:18:24 UTC<br/>2025-08-19 11:18:26 UTC</span></div>
</div>]]></description>
      </Placemark>
      <Placemark>
        <Style>
          <LineStyle>
            <color>ffccff00</color>
            <width>2</width>
          </LineStyle>
        </Style>
        <MultiGeometry>
          <LineString>
            <tessellate>1</tessellate>
            <altitudeMode>absolute</altitudeMode>
            <coordinates>-112.103149,33.555084,541.02 -112.103706,33.554718,541.02</coordinates>
          </LineString>
        </MultiGeometry>
        <name>P-181</name>
        <description><![CDATA[<div><div><span><b>Altitude:</b></span> <span>1,775 ft</span></div>
<div><span><b>Speed:</b></span> <span>54 kt</span></div>
<div><span><b>Timestamp:</b></span><br/><span>2025-08-19 11:18:26 UTC<br/>2025-08-19 11:18:29 UTC</span></div>
</div>]]></description>
      </Placemark>
      <Placemark>
        <Style>
          <LineStyle>
            <color>ffccff00</color>
            <width>2</width>
          </LineStyle>
        </Style>
        <MultiGeometry>
          <LineString>
            <tessellate>1</tessellate>
            <altitudeMode>absolute</altitudeMode>
            <coordinates>-112.103706,33.554718,541.02 -112.104034,33.55434,541.02</coordinates>
          </LineString>
        </MultiGeometry>
        <name>P-182</name>
        <description><![CDATA[<div><div><span><b>Altitude:</b></span> <span>1,775 ft</span></div>
<div><span><b>Speed:</b></span> <span>54 kt</span></div>
<div><span><b>Timestamp:</b></span><br/><span>2025-08-19 11:18:29 UTC<br/>2025-08-19 11:18:31 UTC</span></div>
</div>]]></description>
      </Placemark>
      <Placemark>
        <Style>
          <LineStyle>
            <color>ffccff00</color>
            <width>2</width>
          </LineStyle>
        </Style>
        <MultiGeometry>
          <LineString>
            <tessellate>1</tessellate>
            <altitudeMode>absolute</altitudeMode>
            <coordinates>-112.104034,33.55434,541.02 -112.104324,33.553738,541.02</coordinates>
          </LineString>
        </MultiGeometry>
        <name>P-183</name>
        <description><![CDATA[<div><div><span><b>Altitude:</b></span> <span>1,775 ft</span></div>
<div><span><b>Speed:</b></span> <span>54 kt</span></div>
<div><span><b>Timestamp:</b></span><br/><span>2025-08-19 11:18:31 UTC<br/>2025-08-19 11:18:33 UTC</span></div>
</div>]]></description>
      </Placemark>
      <Placemark>
        <Style>
          <LineStyle>
            <color>ffccff00</color>
            <width>2</width>
          </LineStyle>
        </Style>
        <MultiGeometry>
          <LineString>
            <tessellate>1</tessellate>
            <altitudeMode>absolute</altitudeMode>
            <coordinates>-112.104324,33.553738,541.02 -112.104378,33.553318,541.02</coordinates>
          </LineString>
        </MultiGeometry>
        <name>P-184</name>
        <description><![CDATA[<div><div><span><b>Altitude:</b></span> <span>1,775 ft</span></div>
<div><span><b>Speed:</b></span> <span>54 kt - 57 kt</span></div>
<div><span><b>Timestamp:</b></span><br/><span>2025-08-19 11:18:33 UTC<br/>2025-08-19 11:18:35 UTC</span></div>
</div>]]></description>
      </Placemark>
      <Placemark>
        <Style>
          <LineStyle>
            <color>ffccff00</color>
            <width>2</width>
          </LineStyle>
        </Style>
        <MultiGeometry>
          <LineString>
            <tessellate>1</tessellate>
            <altitudeMode>absolute</altitudeMode>
            <coordinates>-112.104378,33.553318,541.02 -112.104324,33.552795,541.02</coordinates>
          </LineString>
        </MultiGeometry>
        <name>P-185</name>
        <description><![CDATA[<div><div><span><b>Altitude:</b></span> <span>1,775 ft</span></div>
<div><span><b>Speed:</b></span> <span>57 kt - 56 kt</span></div>
<div><span><b>Timestamp:</b></span><br/><span>2025-08-19 11:18:35 UTC<br/>2025-08-19 11:18:37 UTC</span></div>
</div>]]></description>
      </Placemark>
      <Placemark>
        <Style>
          <LineStyle>
            <color>ffccff00</color>
            <width>2</width>
          </LineStyle>
        </Style>
        <MultiGeometry>
          <LineString>
            <tessellate>1</tessellate>
            <altitudeMode>absolute</altitudeMode>
            <coordinates>-112.104324,33.552795,541.02 -112.104095,33.552246,541.02</coordinates>
          </LineString>
        </MultiGeometry>
        <name>P-186</name>
        <description><![CDATA[<div><div><span><b>Altitude:</b></span> <span>1,775 ft</span></div>
<div><span><b>Speed:</b></span> <span>56 kt</span></div>
<div><span><b>Timestamp:</b></span><br/><span>2025-08-19 11:18:37 UTC<br/>2025-08-19 11:18:39 UTC</span></div>
</div>]]></description>
      </Placemark>
      <Placemark>
        <Style>
          <LineStyle>
            <color>ffccff00</color>
            <width>2</width>
          </LineStyle>
        </Style>
        <MultiGeometry>
          <LineString>
            <tessellate>1</tessellate>
            <altitudeMode>absolute</altitudeMode>
            <coordinates>-112.104095,33.552246,541.02 -112.103745,33.551826,541.02</coordinates>
          </LineString>
        </MultiGeometry>
        <name>P-187</name>
        <description><![CDATA[<div><div><span><b>Altitude:</b></span> <span>1,775 ft</span></div>
<div><span><b>Speed:</b></span> <span>56 kt - 55 kt</span></div>
<div><span><b>Timestamp:</b></span><br/><span>2025-08-19 11:18:39 UTC<br/>2025-08-19 11:18:41 UTC</span></div>
</div>]]></description>
      </Placemark>
      <Placemark>
        <Style>
          <LineStyle>
            <color>ffccff00</color>
            <width>2</width>
          </LineStyle>
        </Style>
        <MultiGeometry>
          <LineString>
            <tessellate>1</tessellate>
            <altitudeMode>absolute</altitudeMode>
            <coordinates>-112.103745,33.551826,541.02 -112.103149,33.551376,548.64</coordinates>
          </LineString>
        </MultiGeometry>
        <name>P-188</name>
        <description><![CDATA[<div><div><span><b>Altitude:</b></span> <span>1,775 ft - 1,800 ft</span></div>
<div><span><b>Speed:</b></span> <span>55 kt - 56 kt</span></div>
<div><span><b>Timestamp:</b></span><br/><span>2025-08-19 11:18:41 UTC<br/>2025-08-19 11:18:43 UTC</span></div>
</div>]]></description>
      </Placemark>
      <Placemark>
        <Style>
          <LineStyle>
            <color>ffccff00</color>
            <width>2</width>
          </LineStyle>
        </Style>
        <MultiGeometry>
          <LineString>
            <tessellate>1</tessellate>
            <altitudeMode>absolute</altitudeMode>
            <coordinates>-112.103149,33.551376,548.64 -112.102699,33.551193,548.64</coordinates>
          </LineString>
        </MultiGeometry>
        <name>P-189</name>
        <description><![CDATA[<div><div><span><b>Altitude:</b></span> <span>1,800 ft</span></div>
<div><span><b>Speed:</b></span> <span>56 kt - 57 kt</span></div>
<div><span><b>Timestamp:</b></span><br/><span>2025-08-19 11:18:43 UTC<br/>2025-08-19 11:18:45 UTC</span></div>
</div>]]></description>
      </Placemark>
      <Placemark>
        <Style>
          <LineStyle>
            <color>ffccff00</color>
            <width>2</width>
          </LineStyle>
        </Style>
        <MultiGeometry>
          <LineString>
            <tessellate>1</tessellate>
            <altitudeMode>absolute</altitudeMode>
            <coordinates>-112.102699,33.551193,548.64 -112.101974,33.551037,548.64</coordinates>
          </LineString>
        </MultiGeometry>
        <name>P-190</name>
        <description><![CDATA[<div><div><span><b>Altitude:</b></span> <span>1,800 ft</span></div>
<div><span><b>Speed:</b></span> <span>57 kt - 58 kt</span></div>
<div><span><b>Timestamp:</b></span><br/><span>2025-08-19 11:18:45 UTC<br/>2025-08-19 11:18:48 UTC</span></div>
</div>]]></description>
      </Placemark>
      <Placemark>
        <Style>
          <LineStyle>
            <color>ffccff00</color>
            <width>2</width>
          </LineStyle>
        </Style>
        <MultiGeometry>
          <LineString>
            <tessellate>1</tessellate>
            <altitudeMode>absolute</altitudeMode>
            <coordinates>-112.101974,33.551037,548.64 -112.101173,33.550991,556.26</coordinates>
          </LineString>
        </MultiGeometry>
        <name>P-191</name>
        <description><![CDATA[<div><div><span><b>Altitude:</b></span> <span>1,800 ft - 1,825 ft</span></div>
<div><span><b>Speed:</b></span> <span>58 kt</span></div>
<div><span><b>Timestamp:</b></span><br/><span>2025-08-19 11:18:48 UTC<br/>2025-08-19 11:18:50 UTC</span></div>
</div>]]></description>
      </Placemark>
      <Placemark>
        <Style>
          <LineStyle>
            <color>ffccff00</color>
            <width>2</width>
          </LineStyle>
        </Style>
        <MultiGeometry>
          <LineString>
            <tessellate>1</tessellate>
            <altitudeMode>absolute</altitudeMode>
            <coordinates>-112.101173,33.550991,556.26 -112.10054,33.551037,556.26</coordinates>
          </LineString>
        </MultiGeometry>
        <name>P-192</name>
        <description><![CDATA[<div><div><span><b>Altitude:</b></span> <span>1,825 ft</span></div>
<div><span><b>Speed:</b></span> <span>58 kt - 59 kt</span></div>
<div><span><b>Timestamp:</b></span><br/><span>2025-08-19 11:18:50 UTC<br/>2025-08-19 11:18:52 UTC</span></div>
</div>]]></description>
      </Placemark>
      <Placemark>
        <Style>
          <LineStyle>
            <color>ffccff00</color>
            <width>2</width>
          </LineStyle>
        </Style>
        <MultiGeometry>
          <LineString>
            <tessellate>1</tessellate>
            <altitudeMode>absolute</altitudeMode>
            <coordinates>-112.10054,33.551037,556.26 -112.099915,33.551224,556.26</coordinates>
          </LineString>
        </MultiGeometry>
        <name>P-193</name>
        <description><![CDATA[<div><div><span><b>Altitude:</b></span> <span>1,825 ft</span></div>
<div><span><b>Speed:</b></span> <span>59 kt - 60 kt</span></div>
<div><span><b>Timestamp:</b></span><br/><span>2025-08-19 11:18:52 UTC<br/>2025-08-19 11:18:54 UTC</span></div>
</div>]]></description>
      </Placemark>
      <Placemark>
        <Style>
          <LineStyle>
            <color>ffccff00</color>
            <width>2</width>
          </LineStyle>
        </Style>
        <MultiGeometry>
          <LineString>
            <tessellate>1</tessellate>
            <altitudeMode>absolute</altitudeMode>
            <coordinates>-112.099915,33.551224,556.26 -112.099289,33.551594,563.88</coordinates>
          </LineString>
        </MultiGeometry>
        <name>P-194</name>
        <description><![CDATA[<div><div><span><b>Altitude:</b></span> <span>1,825 ft - 1,850 ft</span></div>
<div><span><b>Speed:</b></span> <span>60 kt - 58 kt</span></div>
<div><span><b>Timestamp:</b></span><br/><span>2025-08-19 11:18:54 UTC<br/>2025-08-19 11:18:56 UTC</span></div>
</div>]]></description>
      </Placemark>
      <Placemark>
        <Style>
          <LineStyle>
            <color>ffccff00</color>
            <width>2</width>
          </LineStyle>
        </Style>
        <MultiGeometry>
          <LineString>
            <tessellate>1</tessellate>
            <altitudeMode>absolute</altitudeMode>
            <coordinates>-112.099289,33.551594,563.88 -112.098885,33.552017,563.88</coordinates>
          </LineString>
        </MultiGeometry>
        <name>P-195</name>
        <description><![CDATA[<div><div><span><b>Altitude:</b></span> <span>1,850 ft</span></div>
<div><span><b>Speed:</b></span> <span>58 kt - 57 kt</span></div>
<div><span><b>Timestamp:</b></span><br/><span>2025-08-19 11:18:56 UTC<br/>2025-08-19 11:18:58 UTC</span></div>
</div>]]></description>
      </Placemark>
      <Placemark>
        <Style>
          <LineStyle>
            <color>ffccff00</color>
            <width>2</width>
          </LineStyle>
        </Style>
        <MultiGeometry>
          <LineString>
            <tessellate>1</tessellate>
            <altitudeMode>absolute</altitudeMode>
            <coordinates>-112.098885,33.552017,563.88 -112.098549,33.552612,563.88</coordinates>
          </LineString>
        </MultiGeometry>
        <name>P-196</name>
        <description><![CDATA[<div><div><span><b>Altitude:</b></span> <span>1,850 ft</span></div>
<div><span><b>Speed:</b></span> <span>57 kt</span></div>
<div><span><b>Timestamp:</b></span><br/><span>2025-08-19 11:18:58 UTC<br/>2025-08-19 11:19:01 UTC</span></div>
</div>]]></description>
      </Placemark>
      <Placemark>
        <Style>
          <LineStyle>
            <color>ffccff00</color>
            <width>2</width>
          </LineStyle>
        </Style>
        <MultiGeometry>
          <LineString>
            <tessellate>1</tessellate>
            <altitudeMode>absolute</altitudeMode>
            <coordinates>-112.098549,33.552612,563.88 -112.09848,33.553177,563.88</coordinates>
          </LineString>
        </MultiGeometry>
        <name>P-197</name>
        <description><![CDATA[<div><div><span><b>Altitude:</b></span> <span>1,850 ft</span></div>
<div><span><b>Speed:</b></span> <span>57 kt - 59 kt</span></div>
<div><span><b>Timestamp:</b></span><br/><span>2025-08-19 11:19:01 UTC<br/>2025-08-19 11:19:03 UTC</span></div>
</div>]]></description>
      </Placemark>
      <Placemark>
        <Style>
          <LineStyle>
            <color>ffccff00</color>
            <width>2</width>
          </LineStyle>
        </Style>
        <MultiGeometry>
          <LineString>
            <tessellate>1</tessellate>
            <altitudeMode>absolute</altitudeMode>
            <coordinates>-112.09848,33.553177,563.88 -112.098602,33.553875,563.88</coordinates>
          </LineString>
        </MultiGeometry>
        <name>P-198</name>
        <description><![CDATA[<div><div><span><b>Altitude:</b></span> <span>1,850 ft</span></div>
<div><span><b>Speed:</b></span> <span>59 kt - 60 kt</span></div>
<div><span><b>Timestamp:</b></span><br/><span>2025-08-19 11:19:03 UTC<br/>2025-08-19 11:19:05 UTC</span></div>
</div>]]></description>
      </Placemark>
      <Placemark>
        <Style>
          <LineStyle>
            <color>ffccff00</color>
            <width>2</width>
          </LineStyle>
        </Style>
        <MultiGeometry>
          <LineString>
            <tessellate>1</tessellate>
            <altitudeMode>absolute</altitudeMode>
            <coordinates>-112.098602,33.553875,563.88 -112.098831,33.554436,563.88</coordinates>
          </LineString>
        </MultiGeometry>
        <name>P-199</name>
        <description><![CDATA[<div><div><span><b>Altitude:</b></span> <span>1,850 ft</span></div>
<div><span><b>Speed:</b></span> <span>60 kt - 61 kt</span></div>
<div><span><b>Timestamp:</b></span><br/><span>2025-08-19 11:19:05 UTC<br/>2025-08-19 11:19:07 UTC</span></div>
</div>]]></description>
      </Placemark>
      <Placemark>
        <Style>
          <LineStyle>
            <color>ffccff00</color>
            <width>2</width>
          </LineStyle>
        </Style>
        <MultiGeometry>
          <LineString>
            <tessellate>1</tessellate>
            <altitudeMode>absolute</altitudeMode>
            <coordinates>-112.098831,33.554436,563.88 -112.099228,33.554901,563.88</coordinates>
          </LineString>
        </MultiGeometry>
        <name>P-200</name>
        <description><![CDATA[<div><div><span><b>Altitude:</b></span> <span>1,850 ft</span></div>
<div><span><b>Speed:</b></span> <span>61 kt - 62 kt</span></div>
<div><span><b>Timestamp:</b></span><br/><span>2025-08-19 11:19:07 UTC<br/>2025-08-19 11:19:10 UTC</span></div>
</div>]]></description>
      </Placemark>
      <Placemark>
        <Style>
          <LineStyle>
            <color>ffccff00</color>
            <width>2</width>
          </LineStyle>
        </Style>
        <MultiGeometry>
          <LineString>
            <tessellate>1</tessellate>
            <altitudeMode>absolute</altitudeMode>
            <coordinates>-112.099228,33.554901,563.88 -112.099953,33.555405,571.5</coordinates>
          </LineString>
        </MultiGeometry>
        <name>P-201</name>
        <description><![CDATA[<div><div><span><b>Altitude:</b></span> <span>1,850 ft - 1,875 ft</span></div>
<div><span><b>Speed:</b></span> <span>62 kt - 63 kt</span></div>
<div><span><b>Timestamp:</b></span><br/><span>2025-08-19 11:19:10 UTC<br/>2025-08-19 11:19:12 UTC</span></div>
</div>]]></description>
      </Placemark>
      <Placemark>
        <Style>
          <LineStyle>
            <color>ffccff00</color>
            <width>2</width>
          </LineStyle>
        </Style>
        <MultiGeometry>
          <LineString>
            <tessellate>1</tessellate>
            <altitudeMode>absolute</altitudeMode>
            <coordinates>-112.099953,33.555405,571.5 -112.100601,33.555737,571.5</coordinates>
          </LineString>
        </MultiGeometry>
        <name>P-202</name>
        <description><![CDATA[<div><div><span><b>Altitude:</b></span> <span>1,875 ft</span></div>
<div><span><b>Speed:</b></span> <span>63 kt - 65 kt</span></div>
<div><span><b>Timestamp:</b></span><br/><span>2025-08-19 11:19:12 UTC<br/>2025-08-19 11:19:14 UTC</span></div>
</div>]]></description>
      </Placemark>
      <Placemark>
        <Style>
          <LineStyle>
            <color>ffccff00</color>
            <width>2</width>
          </LineStyle>
        </Style>
        <MultiGeometry>
          <LineString>
            <tessellate>1</tessellate>
            <altitudeMode>absolute</altitudeMode>
            <coordinates>-112.100601,33.555737,571.5 -112.101463,33.555954,571.5</coordinates>
          </LineString>
        </MultiGeometry>
        <name>P-203</name>
        <description><![CDATA[<div><div><span><b>Altitude:</b></span> <span>1,875 ft</span></div>
<div><span><b>Speed:</b></span> <span>65 kt - 64 kt</span></div>
<div><span><b>Timestamp:</b></span><br/><span>2025-08-19 11:19:14 UTC<br/>2025-08-19 11:19:16 UTC</span></div>
</div>]]></description>
      </Placemark>
      <Placemark>
        <Style>
          <LineStyle>
            <color>ffccff00</color>
            <width>2</width>
          </LineStyle>
        </Style>
        <MultiGeometry>
          <LineString>
            <tessellate>1</tessellate>
            <altitudeMode>absolute</altitudeMode>
            <coordinates>-112.101463,33.555954,571.5 -112.102142,33.555969,579.12</coordinates>
          </LineString>
        </MultiGeometry>
        <name>P-204</name>
        <description><![CDATA[<div><div><span><b>Altitude:</b></span> <span>1,875 ft - 1,900 ft</span></div>
<div><span><b>Speed:</b></span> <span>64 kt - 63 kt</span></div>
<div><span><b>Timestamp:</b></span><br/><span>2025-08-19 11:19:16 UTC<br/>2025-08-19 11:19:19 UTC</span></div>
</div>]]></description>
      </Placemark>
      <Placemark>
        <Style>
          <LineStyle>
            <color>ffccff00</color>
            <width>2</width>
          </LineStyle>
        </Style>
        <MultiGeometry>
          <LineString>
            <tessellate>1</tessellate>
            <altitudeMode>absolute</altitudeMode>
            <coordinates>-112.102142,33.555969,579.12 -112.10289,33.555832,579.12</coordinates>
          </LineString>
        </MultiGeometry>
        <name>P-205</name>
        <description><![CDATA[<div><div><span><b>Altitude:</b></span> <span>1,900 ft</span></div>
<div><span><b>Speed:</b></span> <span>63 kt - 60 kt</span></div>
<div><span><b>Timestamp:</b></span><br/><span>2025-08-19 11:19:19 UTC<br/>2025-08-19 11:19:21 UTC</span></div>
</div>]]></description>
      </Placemark>
      <Placemark>
        <Style>
          <LineStyle>
            <color>ffccff00</color>
            <width>2</width>
          </LineStyle>
        </Style>
        <MultiGeometry>
          <LineString>
            <tessellate>1</tessellate>
            <altitudeMode>absolute</altitudeMode>
            <coordinates>-112.10289,33.555832,579.12 -112.103516,33.555458,579.12</coordinates>
          </LineString>
        </MultiGeometry>
        <name>P-206</name>
        <description><![CDATA[<div><div><span><b>Altitude:</b></span> <span>1,900 ft</span></div>
<div><span><b>Speed:</b></span> <span>60 kt - 59 kt</span></div>
<div><span><b>Timestamp:</b></span><br/><span>2025-08-19 11:19:21 UTC<br/>2025-08-19 11:19:23 UTC</span></div>
</div>]]></description>
      </Placemark>
      <Placemark>
        <Style>
          <LineStyle>
            <color>ffccff00</color>
            <width>2</width>
          </LineStyle>
        </Style>
        <MultiGeometry>
          <LineString>
            <tessellate>1</tessellate>
            <altitudeMode>absolute</altitudeMode>
            <coordinates>-112.103516,33.555458,579.12 -112.10392,33.555038,579.12</coordinates>
          </LineString>
        </MultiGeometry>
        <name>P-207</name>
        <description><![CDATA[<div><div><span><b>Altitude:</b></span> <span>1,900 ft</span></div>
<div><span><b>Speed:</b></span> <span>59 kt - 60 kt</span></div>
<div><span><b>Timestamp:</b></span><br/><span>2025-08-19 11:19:23 UTC<br/>2025-08-19 11:19:25 UTC</span></div>
</div>]]></description>
      </Placemark>
      <Placemark>
        <Style>
          <LineStyle>
            <color>ffccff00</color>
            <width>2</width>
          </LineStyle>
        </Style>
        <MultiGeometry>
          <LineString>
            <tessellate>1</tessellate>
            <altitudeMode>absolute</altitudeMode>
            <coordinates>-112.10392,33.555038,579.12 -112.104271,33.554306,579.12</coordinates>
          </LineString>
        </MultiGeometry>
        <name>P-208</name>
        <description><![CDATA[<div><div><span><b>Altitude:</b></span> <span>1,900 ft</span></div>
<div><span><b>Speed:</b></span> <span>60 kt - 63 kt</span></div>
<div><span><b>Timestamp:</b></span><br/><span>2025-08-19 11:19:25 UTC<br/>2025-08-19 11:19:28 UTC</span></div>
</div>]]></description>
      </Placemark>
      <Placemark>
        <Style>
          <LineStyle>
            <color>ffccff00</color>
            <width>2</width>
          </LineStyle>
        </Style>
        <MultiGeometry>
          <LineString>
            <tessellate>1</tessellate>
            <altitudeMode>absolute</altitudeMode>
            <coordinates>-112.104271,33.554306,579.12 -112.104378,33.553738,579.12</coordinates>
          </LineString>
        </MultiGeometry>
        <name>P-209</name>
        <description><![CDATA[<div><div><span><b>Altitude:</b></span> <span>1,900 ft</span></div>
<div><span><b>Speed:</b></span> <span>63 kt - 66 kt</span></div>
<div><span><b>Timestamp:</b></span><br/><span>2025-08-19 11:19:28 UTC<br/>2025-08-19 11:19:30 UTC</span></div>
</div>]]></description>
      </Placemark>
      <Placemark>
        <Style>
          <LineStyle>
            <color>ffccff00</color>
            <width>2</width>
          </LineStyle>
        </Style>
        <MultiGeometry>
          <LineString>
            <tessellate>1</tessellate>
            <altitudeMode>absolute</altitudeMode>
            <coordinates>-112.104378,33.553738,579.12 -112.104439,33.553024,579.12</coordinates>
          </LineString>
        </MultiGeometry>
        <name>P-210</name>
        <description><![CDATA[<div><div><span><b>Altitude:</b></span> <span>1,900 ft</span></div>
<div><span><b>Speed:</b></span> <span>66 kt - 69 kt</span></div>
<div><span><b>Timestamp:</b></span><br/><span>2025-08-19 11:19:30 UTC<br/>2025-08-19 11:19:32 UTC</span></div>
</div>]]></description>
      </Placemark>
      <Placemark>
        <Style>
          <LineStyle>
            <color>ffccff00</color>
            <width>2</width>
          </LineStyle>
        </Style>
        <MultiGeometry>
          <LineString>
            <tessellate>1</tessellate>
            <altitudeMode>absolute</altitudeMode>
            <coordinates>-112.104439,33.553024,579.12 -112.104324,33.552338,579.12</coordinates>
          </LineString>
        </MultiGeometry>
        <name>P-211</name>
        <description><![CDATA[<div><div><span><b>Altitude:</b></span> <span>1,900 ft</span></div>
<div><span><b>Speed:</b></span> <span>69 kt - 71 kt</span></div>
<div><span><b>Timestamp:</b></span><br/><span>2025-08-19 11:19:32 UTC<br/>2025-08-19 11:19:34 UTC</span></div>
</div>]]></description>
      </Placemark>
      <Placemark>
        <Style>
          <LineStyle>
            <color>ffccff00</color>
            <width>2</width>
          </LineStyle>
        </Style>
        <MultiGeometry>
          <LineString>
            <tessellate>1</tessellate>
            <altitudeMode>absolute</altitudeMode>
            <coordinates>-112.104324,33.552338,579.12 -112.103989,33.551559,579.12</coordinates>
          </LineString>
        </MultiGeometry>
        <name>P-212</name>
        <description><![CDATA[<div><div><span><b>Altitude:</b></span> <span>1,900 ft</span></div>
<div><span><b>Speed:</b></span> <span>71 kt</span></div>
<div><span><b>Timestamp:</b></span><br/><span>2025-08-19 11:19:34 UTC<br/>2025-08-19 11:19:37 UTC</span></div>
</div>]]></description>
      </Placemark>
      <Placemark>
        <Style>
          <LineStyle>
            <color>ffccff00</color>
            <width>2</width>
          </LineStyle>
        </Style>
        <MultiGeometry>
          <LineString>
            <tessellate>1</tessellate>
            <altitudeMode>absolute</altitudeMode>
            <coordinates>-112.103989,33.551559,579.12 -112.103653,33.551056,579.12</coordinates>
          </LineString>
        </MultiGeometry>
        <name>P-213</name>
        <description><![CDATA[<div><div><span><b>Altitude:</b></span> <span>1,900 ft</span></div>
<div><span><b>Speed:</b></span> <span>71 kt - 70 kt</span></div>
<div><span><b>Timestamp:</b></span><br/><span>2025-08-19 11:19:37 UTC<br/>2025-08-19 11:19:39 UTC</span></div>
</div>]]></description>
      </Placemark>
      <Placemark>
        <Style>
          <LineStyle>
            <color>ffccff00</color>
            <width>2</width>
          </LineStyle>
        </Style>
        <MultiGeometry>
          <LineString>
            <tessellate>1</tessellate>
            <altitudeMode>absolute</altitudeMode>
            <coordinates>-112.103653,33.551056,579.12 -112.103058,33.550617,586.74</coordinates>
          </LineString>
        </MultiGeometry>
        <name>P-214</name>
        <description><![CDATA[<div><div><span><b>Altitude:</b></span> <span>1,900 ft - 1,925 ft</span></div>
<div><span><b>Speed:</b></span> <span>70 kt</span></div>
<div><span><b>Timestamp:</b></span><br/><span>2025-08-19 11:19:39 UTC<br/>2025-08-19 11:19:41 UTC</span></div>
</div>]]></description>
      </Placemark>
      <Placemark>
        <Style>
          <LineStyle>
            <color>ffccff00</color>
            <width>2</width>
          </LineStyle>
        </Style>
        <MultiGeometry>
          <LineString>
            <tessellate>1</tessellate>
            <altitudeMode>absolute</altitudeMode>
            <coordinates>-112.103058,33.550617,586.74 -112.102142,33.550198,586.74</coordinates>
          </LineString>
        </MultiGeometry>
        <name>P-215</name>
        <description><![CDATA[<div><div><span><b>Altitude:</b></span> <span>1,925 ft</span></div>
<div><span><b>Speed:</b></span> <span>70 kt - 72 kt</span></div>
<div><span><b>Timestamp:</b></span><br/><span>2025-08-19 11:19:41 UTC<br/>2025-08-19 11:19:43 UTC</span></div>
</div>]]></description>
      </Placemark>
      <Placemark>
        <Style>
          <LineStyle>
            <color>ffccff00</color>
            <width>2</width>
          </LineStyle>
        </Style>
        <MultiGeometry>
          <LineString>
            <tessellate>1</tessellate>
            <altitudeMode>absolute</altitudeMode>
            <coordinates>-112.102142,33.550198,586.74 -112.101517,33.550056,586.74</coordinates>
          </LineString>
        </MultiGeometry>
        <name>P-216</name>
        <description><![CDATA[<div><div><span><b>Altitude:</b></span> <span>1,925 ft</span></div>
<div><span><b>Speed:</b></span> <span>72 kt - 74 kt</span></div>
<div><span><b>Timestamp:</b></span><br/><span>2025-08-19 11:19:43 UTC<br/>2025-08-19 11:19:45 UTC</span></div>
</div>]]></description>
      </Placemark>
      <Placemark>
        <Style>
          <LineStyle>
            <color>ffccff00</color>
            <width>2</width>
          </LineStyle>
        </Style>
        <MultiGeometry>
          <LineString>
            <tessellate>1</tessellate>
            <altitudeMode>absolute</altitudeMode>
            <coordinates>-112.101517,33.550056,586.74 -112.100433,33.550011,586.74</coordinates>
          </LineString>
        </MultiGeometry>
        <name>P-217</name>
        <description><![CDATA[<div><div><span><b>Altitude:</b></span> <span>1,925 ft</span></div>
<div><span><b>Speed:</b></span> <span>74 kt - 75 kt</span></div>
<div><span><b>Timestamp:</b></span><br/><span>2025-08-19 11:19:45 UTC<br/>2025-08-19 11:19:47 UTC</span></div>
</div>]]></description>
      </Placemark>
      <Placemark>
        <Style>
          <LineStyle>
            <color>ffccff00</color>
            <width>2</width>
          </LineStyle>
        </Style>
        <MultiGeometry>
          <LineString>
            <tessellate>1</tessellate>
            <altitudeMode>absolute</altitudeMode>
            <coordinates>-112.100433,33.550011,586.74 -112.09967,33.550095,586.74</coordinates>
          </LineString>
        </MultiGeometry>
        <name>P-218</name>
        <description><![CDATA[<div><div><span><b>Altitude:</b></span> <span>1,925 ft</span></div>
<div><span><b>Speed:</b></span> <span>75 kt</span></div>
<div><span><b>Timestamp:</b></span><br/><span>2025-08-19 11:19:47 UTC<br/>2025-08-19 11:19:49 UTC</span></div>
</div>]]></description>
      </Placemark>
      <Placemark>
        <Style>
          <LineStyle>
            <color>ffccff00</color>
            <width>2</width>
          </LineStyle>
        </Style>
        <MultiGeometry>
          <LineString>
            <tessellate>1</tessellate>
            <altitudeMode>absolute</altitudeMode>
            <coordinates>-112.09967,33.550095,586.74 -112.098717,33.550369,586.74</coordinates>
          </LineString>
        </MultiGeometry>
        <name>P-219</name>
        <description><![CDATA[<div><div><span><b>Altitude:</b></span> <span>1,925 ft</span></div>
<div><span><b>Speed:</b></span> <span>75 kt - 74 kt</span></div>
<div><span><b>Timestamp:</b></span><br/><span>2025-08-19 11:19:49 UTC<br/>2025-08-19 11:19:52 UTC</span></div>
</div>]]></description>
      </Placemark>
      <Placemark>
        <Style>
          <LineStyle>
            <color>ffccff00</color>
            <width>2</width>
          </LineStyle>
        </Style>
        <MultiGeometry>
          <LineString>
            <tessellate>1</tessellate>
            <altitudeMode>absolute</altitudeMode>
            <coordinates>-112.098717,33.550369,586.74 -112.097931,33.550873,579.12</coordinates>
          </LineString>
        </MultiGeometry>
        <name>P-220</name>
        <description><![CDATA[<div><div><span><b>Altitude:</b></span> <span>1,925 ft - 1,900 ft</span></div>
<div><span><b>Speed:</b></span> <span>74 kt - 75 kt</span></div>
<div><span><b>Timestamp:</b></span><br/><span>2025-08-19 11:19:52 UTC<br/>2025-08-19 11:19:54 UTC</span></div>
</div>]]></description>
      </Placemark>
      <Placemark>
        <Style>
          <LineStyle>
            <color>ffccff00</color>
            <width>2</width>
          </LineStyle>
        </Style>
        <MultiGeometry>
          <LineString>
            <tessellate>1</tessellate>
            <altitudeMode>absolute</altitudeMode>
            <coordinates>-112.097931,33.550873,579.12 -112.097282,33.551548,579.12</coordinates>
          </LineString>
        </MultiGeometry>
        <name>P-221</name>
        <description><![CDATA[<div><div><span><b>Altitude:</b></span> <span>1,900 ft</span></div>
<div><span><b>Speed:</b></span> <span>75 kt - 71 kt</span></div>
<div><span><b>Timestamp:</b></span><br/><span>2025-08-19 11:19:54 UTC<br/>2025-08-19 11:19:56 UTC</span></div>
</div>]]></description>
      </Placemark>
      <Placemark>
        <Style>
          <LineStyle>
            <color>ffccff00</color>
            <width>2</width>
          </LineStyle>
        </Style>
        <MultiGeometry>
          <LineString>
            <tessellate>1</tessellate>
            <altitudeMode>absolute</altitudeMode>
            <coordinates>-112.097282,33.551548,579.12 -112.097,33.552013,579.12</coordinates>
          </LineString>
        </MultiGeometry>
        <name>P-222</name>
        <description><![CDATA[<div><div><span><b>Altitude:</b></span> <span>1,900 ft</span></div>
<div><span><b>Speed:</b></span> <span>71 kt - 70 kt</span></div>
<div><span><b>Timestamp:</b></span><br/><span>2025-08-19 11:19:56 UTC<br/>2025-08-19 11:19:59 UTC</span></div>
</div>]]></description>
      </Placemark>
      <Placemark>
        <Style>
          <LineStyle>
            <color>ffccff00</color>
            <width>2</width>
          </LineStyle>
        </Style>
        <MultiGeometry>
          <LineString>
            <tessellate>1</tessellate>
            <altitudeMode>absolute</altitudeMode>
            <coordinates>-112.097,33.552013,579.12 -112.096771,33.552944,586.74</coordinates>
          </LineString>
        </MultiGeometry>
        <name>P-223</name>
        <description><![CDATA[<div><div><span><b>Altitude:</b></span> <span>1,900 ft - 1,925 ft</span></div>
<div><span><b>Speed:</b></span> <span>70 kt - 68 kt</span></div>
<div><span><b>Timestamp:</b></span><br/><span>2025-08-19 11:19:59 UTC<br/>2025-08-19 11:20:01 UTC</span></div>
</div>]]></description>
      </Placemark>
      <Placemark>
        <Style>
          <LineStyle>
            <color>ffccff00</color>
            <width>2</width>
          </LineStyle>
        </Style>
        <MultiGeometry>
          <LineString>
            <tessellate>1</tessellate>
            <altitudeMode>absolute</altitudeMode>
            <coordinates>-112.096771,33.552944,586.74 -112.096756,33.553619,579.12</coordinates>
          </LineString>
        </MultiGeometry>
        <name>P-224</name>
        <description><![CDATA[<div><div><span><b>Altitude:</b></span> <span>1,925 ft - 1,900 ft</span></div>
<div><span><b>Speed:</b></span> <span>68 kt - 66 kt</span></div>
<div><span><b>Timestamp:</b></span><br/><span>2025-08-19 11:20:01 UTC<br/>2025-08-19 11:20:03 UTC</span></div>
</div>]]></description>
      </Placemark>
      <Placemark>
        <Style>
          <LineStyle>
            <color>ffccff00</color>
            <width>2</width>
          </LineStyle>
        </Style>
        <MultiGeometry>
          <LineString>
            <tessellate>1</tessellate>
            <altitudeMode>absolute</altitudeMode>
            <coordinates>-112.096756,33.553619,579.12 -112.097,33.554249,579.12</coordinates>
          </LineString>
        </MultiGeometry>
        <name>P-225</name>
        <description><![CDATA[<div><div><span><b>Altitude:</b></span> <span>1,900 ft</span></div>
<div><span><b>Speed:</b></span> <span>66 kt - 64 kt</span></div>
<div><span><b>Timestamp:</b></span><br/><span>2025-08-19 11:20:03 UTC<br/>2025-08-19 11:20:05 UTC</span></div>
</div>]]></description>
      </Placemark>
      <Placemark>
        <Style>
          <LineStyle>
            <color>ffccff00</color>
            <width>2</width>
          </LineStyle>
        </Style>
        <MultiGeometry>
          <LineString>
            <tessellate>1</tessellate>
            <altitudeMode>absolute</altitudeMode>
            <coordinates>-112.097,33.554249,579.12 -112.097374,33.554764,579.12</coordinates>
          </LineString>
        </MultiGeometry>
        <name>P-226</name>
        <description><![CDATA[<div><div><span><b>Altitude:</b></span> <span>1,900 ft</span></div>
<div><span><b>Speed:</b></span> <span>64 kt</span></div>
<div><span><b>Timestamp:</b></span><br/><span>2025-08-19 11:20:05 UTC<br/>2025-08-19 11:20:08 UTC</span></div>
</div>]]></description>
      </Placemark>
      <Placemark>
        <Style>
          <LineStyle>
            <color>ffccff00</color>
            <width>2</width>
          </LineStyle>
        </Style>
        <MultiGeometry>
          <LineString>
            <tessellate>1</tessellate>
            <altitudeMode>absolute</altitudeMode>
            <coordinates>-112.097374,33.554764,579.12 -112.097992,33.555313,571.5</coordinates>
          </LineString>
        </MultiGeometry>
        <name>P-227</name>
        <description><![CDATA[<div><div><span><b>Altitude:</b></span> <span>1,900 ft - 1,875 ft</span></div>
<div><span><b>Speed:</b></span> <span>64 kt</span></div>
<div><span><b>Timestamp:</b></span><br/><span>2025-08-19 11:20:08 UTC<br/>2025-08-19 11:20:10 UTC</span></div>
</div>]]></description>
      </Placemark>
      <Placemark>
        <Style>
          <LineStyle>
            <color>ffccff00</color>
            <width>2</width>
          </LineStyle>
        </Style>
        <MultiGeometry>
          <LineString>
            <tessellate>1</tessellate>
            <altitudeMode>absolute</altitudeMode>
            <coordinates>-112.097992,33.555313,571.5 -112.098602,33.555782,571.5</coordinates>
          </LineString>
        </MultiGeometry>
        <name>P-228</name>
        <description><![CDATA[<div><div><span><b>Altitude:</b></span> <span>1,875 ft</span></div>
<div><span><b>Speed:</b></span> <span>64 kt - 63 kt</span></div>
<div><span><b>Timestamp:</b></span><br/><span>2025-08-19 11:20:10 UTC<br/>2025-08-19 11:20:12 UTC</span></div>
</div>]]></description>
      </Placemark>
      <Placemark>
        <Style>
          <LineStyle>
            <color>ffccff00</color>
            <width>2</width>
          </LineStyle>
        </Style>
        <MultiGeometry>
          <LineString>
            <tessellate>1</tessellate>
            <altitudeMode>absolute</altitudeMode>
            <coordinates>-112.098602,33.555782,571.5 -112.099335,33.556137,571.5</coordinates>
          </LineString>
        </MultiGeometry>
        <name>P-229</name>
        <description><![CDATA[<div><div><span><b>Altitude:</b></span> <span>1,875 ft</span></div>
<div><span><b>Speed:</b></span> <span>63 kt - 62 kt</span></div>
<div><span><b>Timestamp:</b></span><br/><span>2025-08-19 11:20:12 UTC<br/>2025-08-19 11:20:15 UTC</span></div>
</div>]]></description>
      </Placemark>
      <Placemark>
        <Style>
          <LineStyle>
            <color>ffccff00</color>
            <width>2</width>
          </LineStyle>
        </Style>
        <MultiGeometry>
          <LineString>
            <tessellate>1</tessellate>
            <altitudeMode>absolute</altitudeMode>
            <coordinates>-112.099335,33.556137,571.5 -112.100029,33.556389,571.5</coordinates>
          </LineString>
        </MultiGeometry>
        <name>P-230</name>
        <description><![CDATA[<div><div><span><b>Altitude:</b></span> <span>1,875 ft</span></div>
<div><span><b>Speed:</b></span> <span>62 kt - 63 kt</span></div>
<div><span><b>Timestamp:</b></span><br/><span>2025-08-19 11:20:15 UTC<br/>2025-08-19 11:20:17 UTC</span></div>
</div>]]></description>
      </Placemark>
      <Placemark>
        <Style>
          <LineStyle>
            <color>ffccff00</color>
            <width>2</width>
          </LineStyle>
        </Style>
        <MultiGeometry>
          <LineString>
            <tessellate>1</tessellate>
            <altitudeMode>absolute</altitudeMode>
            <coordinates>-112.100029,33.556389,571.5 -112.100716,33.55653,571.5</coordinates>
          </LineString>
        </MultiGeometry>
        <name>P-231</name>
        <description><![CDATA[<div><div><span><b>Altitude:</b></span> <span>1,875 ft</span></div>
<div><span><b>Speed:</b></span> <span>63 kt</span></div>
<div><span><b>Timestamp:</b></span><br/><span>2025-08-19 11:20:17 UTC<br/>2025-08-19 11:20:19 UTC</span></div>
</div>]]></description>
      </Placemark>
      <Placemark>
        <Style>
          <LineStyle>
            <color>ffccff00</color>
            <width>2</width>
          </LineStyle>
        </Style>
        <MultiGeometry>
          <LineString>
            <tessellate>1</tessellate>
            <altitudeMode>absolute</altitudeMode>
            <coordinates>-112.100716,33.55653,571.5 -112.101578,33.556641,571.5</coordinates>
          </LineString>
        </MultiGeometry>
        <name>P-232</name>
        <description><![CDATA[<div><div><span><b>Altitude:</b></span> <span>1,875 ft</span></div>
<div><span><b>Speed:</b></span> <span>63 kt</span></div>
<div><span><b>Timestamp:</b></span><br/><span>2025-08-19 11:20:19 UTC<br/>2025-08-19 11:20:22 UTC</span></div>
</div>]]></description>
      </Placemark>
      <Placemark>
        <Style>
          <LineStyle>
            <color>ffccff00</color>
            <width>2</width>
          </LineStyle>
        </Style>
        <MultiGeometry>
          <LineString>
            <tessellate>1</tessellate>
            <altitudeMode>absolute</altitudeMode>
            <coordinates>-112.101578,33.556641,571.5 -112.102531,33.556641,571.5</coordinates>
          </LineString>
        </MultiGeometry>
        <name>P-233</name>
        <description><![CDATA[<div><div><span><b>Altitude:</b></span> <span>1,875 ft</span></div>
<div><span><b>Speed:</b></span> <span>63 kt</span></div>
<div><span><b>Timestamp:</b></span><br/><span>2025-08-19 11:20:22 UTC<br/>2025-08-19 11:20:24 UTC</span></div>
</div>]]></description>
      </Placemark>
      <Placemark>
        <Style>
          <LineStyle>
            <color>ffccff00</color>
            <width>2</width>
          </LineStyle>
        </Style>
        <MultiGeometry>
          <LineString>
            <tessellate>1</tessellate>
            <altitudeMode>absolute</altitudeMode>
            <coordinates>-112.102531,33.556641,571.5 -112.103233,33.556576,571.5</coordinates>
          </LineString>
        </MultiGeometry>
        <name>P-234</name>
        <description><![CDATA[<div><div><span><b>Altitude:</b></span> <span>1,875 ft</span></div>
<div><span><b>Speed:</b></span> <span>63 kt - 62 kt</span></div>
<div><span><b>Timestamp:</b></span><br/><span>2025-08-19 11:20:24 UTC<br/>2025-08-19 11:20:26 UTC</span></div>
</div>]]></description>
      </Placemark>
      <Placemark>
        <Style>
          <LineStyle>
            <color>ffccff00</color>
            <width>2</width>
          </LineStyle>
        </Style>
        <MultiGeometry>
          <LineString>
            <tessellate>1</tessellate>
            <altitudeMode>absolute</altitudeMode>
            <coordinates>-112.103233,33.556576,571.5 -112.103935,33.556366,579.12</coordinates>
          </LineString>
        </MultiGeometry>
        <name>P-235</name>
        <description><![CDATA[<div><div><span><b>Altitude:</b></span> <span>1,875 ft - 1,900 ft</span></div>
<div><span><b>Speed:</b></span> <span>62 kt - 60 kt</span></div>
<div><span><b>Timestamp:</b></span><br/><span>2025-08-19 11:20:26 UTC<br/>2025-08-19 11:20:28 UTC</span></div>
</div>]]></description>
      </Placemark>
      <Placemark>
        <Style>
          <LineStyle>
            <color>ffccff00</color>
            <width>2</width>
          </LineStyle>
        </Style>
        <MultiGeometry>
          <LineString>
            <tessellate>1</tessellate>
            <altitudeMode>absolute</altitudeMode>
            <coordinates>-112.103935,33.556366,579.12 -112.104431,33.556065,579.12</coordinates>
          </LineString>
        </MultiGeometry>
        <name>P-236</name>
        <description><![CDATA[<div><div><span><b>Altitude:</b></span> <span>1,900 ft</span></div>
<div><span><b>Speed:</b></span> <span>60 kt - 58 kt</span></div>
<div><span><b>Timestamp:</b></span><br/><span>2025-08-19 11:20:28 UTC<br/>2025-08-19 11:20:30 UTC</span></div>
</div>]]></description>
      </Placemark>
      <Placemark>
        <Style>
          <LineStyle>
            <color>ffccff00</color>
            <width>2</width>
          </LineStyle>
        </Style>
        <MultiGeometry>
          <LineString>
            <tessellate>1</tessellate>
            <altitudeMode>absolute</altitudeMode>
            <coordinates>-112.104431,33.556065,579.12 -112.104942,33.555679,586.74</coordinates>
          </LineString>
        </MultiGeometry>
        <name>P-237</name>
        <description><![CDATA[<div><div><span><b>Altitude:</b></span> <span>1,900 ft - 1,925 ft</span></div>
<div><span><b>Speed:</b></span> <span>58 kt - 57 kt</span></div>
<div><span><b>Timestamp:</b></span><br/><span>2025-08-19 11:20:30 UTC<br/>2025-08-19 11:20:32 UTC</span></div>
</div>]]></description>
      </Placemark>
      <Placemark>
        <Style>
          <LineStyle>
            <color>ffccff00</color>
            <width>2</width>
          </LineStyle>
        </Style>
        <MultiGeometry>
          <LineString>
            <tessellate>1</tessellate>
            <altitudeMode>absolute</altitudeMode>
            <coordinates>-112.104942,33.555679,586.74 -112.105278,33.555222,586.74</coordinates>
          </LineString>
        </MultiGeometry>
        <name>P-238</name>
        <description><![CDATA[<div><div><span><b>Altitude:</b></span> <span>1,925 ft</span></div>
<div><span><b>Speed:</b></span> <span>57 kt - 59 kt</span></div>
<div><span><b>Timestamp:</b></span><br/><span>2025-08-19 11:20:32 UTC<br/>2025-08-19 11:20:35 UTC</span></div>
</div>]]></description>
      </Placemark>
      <Placemark>
        <Style>
          <LineStyle>
            <color>ffccff00</color>
            <width>2</width>
          </LineStyle>
        </Style>
        <MultiGeometry>
          <LineString>
            <tessellate>1</tessellate>
            <altitudeMode>absolute</altitudeMode>
            <coordinates>-112.105278,33.555222,586.74 -112.10556,33.554535,594.36</coordinates>
          </LineString>
        </MultiGeometry>
        <name>P-239</name>
        <description><![CDATA[<div><div><span><b>Altitude:</b></span> <span>1,925 ft - 1,950 ft</span></div>
<div><span><b>Speed:</b></span> <span>59 kt - 61 kt</span></div>
<div><span><b>Timestamp:</b></span><br/><span>2025-08-19 11:20:35 UTC<br/>2025-08-19 11:20:37 UTC</span></div>
</div>]]></description>
      </Placemark>
      <Placemark>
        <Style>
          <LineStyle>
            <color>ffccff00</color>
            <width>2</width>
          </LineStyle>
        </Style>
        <MultiGeometry>
          <LineString>
            <tessellate>1</tessellate>
            <altitudeMode>absolute</altitudeMode>
            <coordinates>-112.10556,33.554535,594.36 -112.105698,33.553875,594.36</coordinates>
          </LineString>
        </MultiGeometry>
        <name>P-240</name>
        <description><![CDATA[<div><div><span><b>Altitude:</b></span> <span>1,950 ft</span></div>
<div><span><b>Speed:</b></span> <span>61 kt - 64 kt</span></div>
<div><span><b>Timestamp:</b></span><br/><span>2025-08-19 11:20:37 UTC<br/>2025-08-19 11:20:39 UTC</span></div>
</div>]]></description>
      </Placemark>
      <Placemark>
        <Style>
          <LineStyle>
            <color>ffccff00</color>
            <width>2</width>
          </LineStyle>
        </Style>
        <MultiGeometry>
          <LineString>
            <tessellate>1</tessellate>
            <altitudeMode>absolute</altitudeMode>
            <coordinates>-112.105698,33.553875,594.36 -112.105667,33.553299,594.36</coordinates>
          </LineString>
        </MultiGeometry>
        <name>P-241</name>
        <description><![CDATA[<div><div><span><b>Altitude:</b></span> <span>1,950 ft</span></div>
<div><span><b>Speed:</b></span> <span>64 kt - 63 kt</span></div>
<div><span><b>Timestamp:</b></span><br/><span>2025-08-19 11:20:39 UTC<br/>2025-08-19 11:20:41 UTC</span></div>
</div>]]></description>
      </Placemark>
      <Placemark>
        <Style>
          <LineStyle>
            <color>ffccff00</color>
            <width>2</width>
          </LineStyle>
        </Style>
        <MultiGeometry>
          <LineString>
            <tessellate>1</tessellate>
            <altitudeMode>absolute</altitudeMode>
            <coordinates>-112.105667,33.553299,594.36 -112.105499,33.552612,601.98</coordinates>
          </LineString>
        </MultiGeometry>
        <name>P-242</name>
        <description><![CDATA[<div><div><span><b>Altitude:</b></span> <span>1,950 ft - 1,975 ft</span></div>
<div><span><b>Speed:</b></span> <span>63 kt - 65 kt</span></div>
<div><span><b>Timestamp:</b></span><br/><span>2025-08-19 11:20:41 UTC<br/>2025-08-19 11:20:44 UTC</span></div>
</div>]]></description>
      </Placemark>
      <Placemark>
        <Style>
          <LineStyle>
            <color>ff42ff00</color>
            <width>2</width>
          </LineStyle>
        </Style>
        <MultiGeometry>
          <LineString>
            <tessellate>1</tessellate>
            <altitudeMode>absolute</altitudeMode>
            <coordinates>-112.105499,33.552612,601.98 -112.105118,33.551922,601.98</coordinates>
          </LineString>
        </MultiGeometry>
        <name>P-243</name>
        <description><![CDATA[<div><div><span><b>Altitude:</b></span> <span>1,975 ft</span></div>
<div><span><b>Speed:</b></span> <span>65 kt - 67 kt</span></div>
<div><span><b>Timestamp:</b></span><br/><span>2025-08-19 11:20:44 UTC<br/>2025-08-19 11:20:46 UTC</span></div>
</div>]]></description>
      </Placemark>
      <Placemark>
        <Style>
          <LineStyle>
            <color>ff42ff00</color>
            <width>2</width>
          </LineStyle>
        </Style>
        <MultiGeometry>
          <LineString>
            <tessellate>1</tessellate>
            <altitudeMode>absolute</altitudeMode>
            <coordinates>-112.105118,33.551922,601.98 -112.104546,33.551285,601.98</coordinates>
          </LineString>
        </MultiGeometry>
        <name>P-244</name>
        <description><![CDATA[<div><div><span><b>Altitude:</b></span> <span>1,975 ft</span></div>
<div><span><b>Speed:</b></span> <span>67 kt - 69 kt</span></div>
<div><span><b>Timestamp:</b></span><br/><span>2025-08-19 11:20:46 UTC<br/>2025-08-19 11:20:49 UTC</span></div>
</div>]]></description>
      </Placemark>
      <Placemark>
        <Style>
          <LineStyle>
            <color>ff42ff00</color>
            <width>2</width>
          </LineStyle>
        </Style>
        <MultiGeometry>
          <LineString>
            <tessellate>1</tessellate>
            <altitudeMode>absolute</altitudeMode>
            <coordinates>-112.104546,33.551285,601.98 -112.103874,33.550873,601.98</coordinates>
          </LineString>
        </MultiGeometry>
        <name>P-245</name>
        <description><![CDATA[<div><div><span><b>Altitude:</b></span> <span>1,975 ft</span></div>
<div><span><b>Speed:</b></span> <span>69 kt - 71 kt</span></div>
<div><span><b>Timestamp:</b></span><br/><span>2025-08-19 11:20:49 UTC<br/>2025-08-19 11:20:51 UTC</span></div>
</div>]]></description>
      </Placemark>
      <Placemark>
        <Style>
          <LineStyle>
            <color>ff42ff00</color>
            <width>2</width>
          </LineStyle>
        </Style>
        <MultiGeometry>
          <LineString>
            <tessellate>1</tessellate>
            <altitudeMode>absolute</altitudeMode>
            <coordinates>-112.103874,33.550873,601.98 -112.103088,33.550507,609.6</coordinates>
          </LineString>
        </MultiGeometry>
        <name>P-246</name>
        <description><![CDATA[<div><div><span><b>Altitude:</b></span> <span>1,975 ft - 2,000 ft</span></div>
<div><span><b>Speed:</b></span> <span>71 kt</span></div>
<div><span><b>Timestamp:</b></span><br/><span>2025-08-19 11:20:51 UTC<br/>2025-08-19 11:20:53 UTC</span></div>
</div>]]></description>
      </Placemark>
      <Placemark>
        <Style>
          <LineStyle>
            <color>ff42ff00</color>
            <width>2</width>
          </LineStyle>
        </Style>
        <MultiGeometry>
          <LineString>
            <tessellate>1</tessellate>
            <altitudeMode>absolute</altitudeMode>
            <coordinates>-112.103088,33.550507,609.6 -112.102196,33.550278,609.6</coordinates>
          </LineString>
        </MultiGeometry>
        <name>P-247</name>
        <description><![CDATA[<div><div><span><b>Altitude:</b></span> <span>2,000 ft</span></div>
<div><span><b>Speed:</b></span> <span>71 kt</span></div>
<div><span><b>Timestamp:</b></span><br/><span>2025-08-19 11:20:53 UTC<br/>2025-08-19 11:20:55 UTC</span></div>
</div>]]></description>
      </Placemark>
      <Placemark>
        <Style>
          <LineStyle>
            <color>ff42ff00</color>
            <width>2</width>
          </LineStyle>
        </Style>
        <MultiGeometry>
          <LineString>
            <tessellate>1</tessellate>
            <altitudeMode>absolute</altitudeMode>
            <coordinates>-112.102196,33.550278,609.6 -112.101295,33.55014,609.6</coordinates>
          </LineString>
        </MultiGeometry>
        <name>P-248</name>
        <description><![CDATA[<div><div><span><b>Altitude:</b></span> <span>2,000 ft</span></div>
<div><span><b>Speed:</b></span> <span>71 kt</span></div>
<div><span><b>Timestamp:</b></span><br/><span>2025-08-19 11:20:55 UTC<br/>2025-08-19 11:20:58 UTC</span></div>
</div>]]></description>
      </Placemark>
      <Placemark>
        <Style>
          <LineStyle>
            <color>ff42ff00</color>
            <width>2</width>
          </LineStyle>
        </Style>
        <MultiGeometry>
          <LineString>
            <tessellate>1</tessellate>
            <altitudeMode>absolute</altitudeMode>
            <coordinates>-112.101295,33.55014,609.6 -112.10054,33.550056,617.22</coordinates>
          </LineString>
        </MultiGeometry>
        <name>P-249</name>
        <description><![CDATA[<div><div><span><b>Altitude:</b></span> <span>2,000 ft - 2,025 ft</span></div>
<div><span><b>Speed:</b></span> <span>71 kt - 69 kt</span></div>
<div><span><b>Timestamp:</b></span><br/><span>2025-08-19 11:20:58 UTC<br/>2025-08-19 11:21:00 UTC</span></div>
</div>]]></description>
      </Placemark>
      <Placemark>
        <Style>
          <LineStyle>
            <color>ff42ff00</color>
            <width>2</width>
          </LineStyle>
        </Style>
        <MultiGeometry>
          <LineString>
            <tessellate>1</tessellate>
            <altitudeMode>absolute</altitudeMode>
            <coordinates>-112.10054,33.550056,617.22 -112.099571,33.550152,617.22</coordinates>
          </LineString>
        </MultiGeometry>
        <name>P-250</name>
        <description><![CDATA[<div><div><span><b>Altitude:</b></span> <span>2,025 ft</span></div>
<div><span><b>Speed:</b></span> <span>69 kt - 70 kt</span></div>
<div><span><b>Timestamp:</b></span><br/><span>2025-08-19 11:21:00 UTC<br/>2025-08-19 11:21:02 UTC</span></div>
</div>]]></description>
      </Placemark>
      <Placemark>
        <Style>
          <LineStyle>
            <color>ff42ff00</color>
            <width>2</width>
          </LineStyle>
        </Style>
        <MultiGeometry>
          <LineString>
            <tessellate>1</tessellate>
            <altitudeMode>absolute</altitudeMode>
            <coordinates>-112.099571,33.550152,617.22 -112.09877,33.550339,617.22</coordinates>
          </LineString>
        </MultiGeometry>
        <name>P-251</name>
        <description><![CDATA[<div><div><span><b>Altitude:</b></span> <span>2,025 ft</span></div>
<div><span><b>Speed:</b></span> <span>70 kt</span></div>
<div><span><b>Timestamp:</b></span><br/><span>2025-08-19 11:21:02 UTC<br/>2025-08-19 11:21:05 UTC</span></div>
</div>]]></description>
      </Placemark>
      <Placemark>
        <Style>
          <LineStyle>
            <color>ff42ff00</color>
            <width>2</width>
          </LineStyle>
        </Style>
        <MultiGeometry>
          <LineString>
            <tessellate>1</tessellate>
            <altitudeMode>absolute</altitudeMode>
            <coordinates>-112.09877,33.550339,617.22 -112.097992,33.55069,624.84</coordinates>
          </LineString>
        </MultiGeometry>
        <name>P-252</name>
        <description><![CDATA[<div><div><span><b>Altitude:</b></span> <span>2,025 ft - 2,050 ft</span></div>
<div><span><b>Speed:</b></span> <span>70 kt - 69 kt</span></div>
<div><span><b>Timestamp:</b></span><br/><span>2025-08-19 11:21:05 UTC<br/>2025-08-19 11:21:07 UTC</span></div>
</div>]]></description>
      </Placemark>
      <Placemark>
        <Style>
          <LineStyle>
            <color>ff42ff00</color>
            <width>2</width>
          </LineStyle>
        </Style>
        <MultiGeometry>
          <LineString>
            <tessellate>1</tessellate>
            <altitudeMode>absolute</altitudeMode>
            <coordinates>-112.097992,33.55069,624.84 -112.097282,33.551224,624.84</coordinates>
          </LineString>
        </MultiGeometry>
        <name>P-253</name>
        <description><![CDATA[<div><div><span><b>Altitude:</b></span> <span>2,050 ft</span></div>
<div><span><b>Speed:</b></span> <span>69 kt - 68 kt</span></div>
<div><span><b>Timestamp:</b></span><br/><span>2025-08-19 11:21:07 UTC<br/>2025-08-19 11:21:09 UTC</span></div>
</div>]]></description>
      </Placemark>
      <Placemark>
        <Style>
          <LineStyle>
            <color>ff42ff00</color>
            <width>2</width>
          </LineStyle>
        </Style>
        <MultiGeometry>
          <LineString>
            <tessellate>1</tessellate>
            <altitudeMode>absolute</altitudeMode>
            <coordinates>-112.097282,33.551224,624.84 -112.096809,33.551788,624.84</coordinates>
          </LineString>
        </MultiGeometry>
        <name>P-254</name>
        <description><![CDATA[<div><div><span><b>Altitude:</b></span> <span>2,050 ft</span></div>
<div><span><b>Speed:</b></span> <span>68 kt - 65 kt</span></div>
<div><span><b>Timestamp:</b></span><br/><span>2025-08-19 11:21:09 UTC<br/>2025-08-19 11:21:11 UTC</span></div>
</div>]]></description>
      </Placemark>
      <Placemark>
        <Style>
          <LineStyle>
            <color>ff42ff00</color>
            <width>2</width>
          </LineStyle>
        </Style>
        <MultiGeometry>
          <LineString>
            <tessellate>1</tessellate>
            <altitudeMode>absolute</altitudeMode>
            <coordinates>-112.096809,33.551788,624.84 -112.096542,33.552387,624.84</coordinates>
          </LineString>
        </MultiGeometry>
        <name>P-255</name>
        <description><![CDATA[<div><div><span><b>Altitude:</b></span> <span>2,050 ft</span></div>
<div><span><b>Speed:</b></span> <span>65 kt</span></div>
<div><span><b>Timestamp:</b></span><br/><span>2025-08-19 11:21:11 UTC<br/>2025-08-19 11:21:13 UTC</span></div>
</div>]]></description>
      </Placemark>
      <Placemark>
        <Style>
          <LineStyle>
            <color>ff42ff00</color>
            <width>2</width>
          </LineStyle>
        </Style>
        <MultiGeometry>
          <LineString>
            <tessellate>1</tessellate>
            <altitudeMode>absolute</altitudeMode>
            <coordinates>-112.096542,33.552387,624.84 -112.09642,33.55299,624.84</coordinates>
          </LineString>
        </MultiGeometry>
        <name>P-256</name>
        <description><![CDATA[<div><div><span><b>Altitude:</b></span> <span>2,050 ft</span></div>
<div><span><b>Speed:</b></span> <span>65 kt - 62 kt</span></div>
<div><span><b>Timestamp:</b></span><br/><span>2025-08-19 11:21:13 UTC<br/>2025-08-19 11:21:15 UTC</span></div>
</div>]]></description>
      </Placemark>
      <Placemark>
        <Style>
          <LineStyle>
            <color>ff42ff00</color>
            <width>2</width>
          </LineStyle>
        </Style>
        <MultiGeometry>
          <LineString>
            <tessellate>1</tessellate>
            <altitudeMode>absolute</altitudeMode>
            <coordinates>-112.09642,33.55299,624.84 -112.09642,33.553551,624.84</coordinates>
          </LineString>
        </MultiGeometry>
        <name>P-257</name>
        <description><![CDATA[<div><div><span><b>Altitude:</b></span> <span>2,050 ft</span></div>
<div><span><b>Speed:</b></span> <span>62 kt - 60 kt</span></div>
<div><span><b>Timestamp:</b></span><br/><span>2025-08-19 11:21:15 UTC<br/>2025-08-19 11:21:18 UTC</span></div>
</div>]]></description>
      </Placemark>
      <Placemark>
        <Style>
          <LineStyle>
            <color>ff42ff00</color>
            <width>2</width>
          </LineStyle>
        </Style>
        <MultiGeometry>
          <LineString>
            <tessellate>1</tessellate>
            <altitudeMode>absolute</altitudeMode>
            <coordinates>-112.09642,33.553551,624.84 -112.096542,33.554203,624.84</coordinates>
          </LineString>
        </MultiGeometry>
        <name>P-258</name>
        <description><![CDATA[<div><div><span><b>Altitude:</b></span> <span>2,050 ft</span></div>
<div><span><b>Speed:</b></span> <span>60 kt - 58 kt</span></div>
<div><span><b>Timestamp:</b></span><br/><span>2025-08-19 11:21:18 UTC<br/>2025-08-19 11:21:20 UTC</span></div>
</div>]]></description>
      </Placemark>
      <Placemark>
        <Style>
          <LineStyle>
            <color>ff42ff00</color>
            <width>2</width>
          </LineStyle>
        </Style>
        <MultiGeometry>
          <LineString>
            <tessellate>1</tessellate>
            <altitudeMode>absolute</altitudeMode>
            <coordinates>-112.096542,33.554203,624.84 -112.09687,33.55481,624.84</coordinates>
          </LineString>
        </MultiGeometry>
        <name>P-259</name>
        <description><![CDATA[<div><div><span><b>Altitude:</b></span> <span>2,050 ft</span></div>
<div><span><b>Speed:</b></span> <span>58 kt - 57 kt</span></div>
<div><span><b>Timestamp:</b></span><br/><span>2025-08-19 11:21:20 UTC<br/>2025-08-19 11:21:22 UTC</span></div>
</div>]]></description>
      </Placemark>
      <Placemark>
        <Style>
          <LineStyle>
            <color>ff42ff00</color>
            <width>2</width>
          </LineStyle>
        </Style>
        <MultiGeometry>
          <LineString>
            <tessellate>1</tessellate>
            <altitudeMode>absolute</altitudeMode>
            <coordinates>-112.09687,33.55481,624.84 -112.097153,33.555267,624.84</coordinates>
          </LineString>
        </MultiGeometry>
        <name>P-260</name>
        <description><![CDATA[<div><div><span><b>Altitude:</b></span> <span>2,050 ft</span></div>
<div><span><b>Speed:</b></span> <span>57 kt</span></div>
<div><span><b>Timestamp:</b></span><br/><span>2025-08-19 11:21:22 UTC<br/>2025-08-19 11:21:24 UTC</span></div>
</div>]]></description>
      </Placemark>
      <Placemark>
        <Style>
          <LineStyle>
            <color>ff42ff00</color>
            <width>2</width>
          </LineStyle>
        </Style>
        <MultiGeometry>
          <LineString>
            <tessellate>1</tessellate>
            <altitudeMode>absolute</altitudeMode>
            <coordinates>-112.097153,33.555267,624.84 -112.097656,33.555771,624.84</coordinates>
          </LineString>
        </MultiGeometry>
        <name>P-261</name>
        <description><![CDATA[<div><div><span><b>Altitude:</b></span> <span>2,050 ft</span></div>
<div><span><b>Speed:</b></span> <span>57 kt</span></div>
<div><span><b>Timestamp:</b></span><br/><span>2025-08-19 11:21:24 UTC<br/>2025-08-19 11:21:27 UTC</span></div>
</div>]]></description>
      </Placemark>
      <Placemark>
        <Style>
          <LineStyle>
            <color>ff42ff00</color>
            <width>2</width>
          </LineStyle>
        </Style>
        <MultiGeometry>
          <LineString>
            <tessellate>1</tessellate>
            <altitudeMode>absolute</altitudeMode>
            <coordinates>-112.097656,33.555771,624.84 -112.098145,33.556156,617.22</coordinates>
          </LineString>
        </MultiGeometry>
        <name>P-262</name>
        <description><![CDATA[<div><div><span><b>Altitude:</b></span> <span>2,050 ft - 2,025 ft</span></div>
<div><span><b>Speed:</b></span> <span>57 kt - 58 kt</span></div>
<div><span><b>Timestamp:</b></span><br/><span>2025-08-19 11:21:27 UTC<br/>2025-08-19 11:21:29 UTC</span></div>
</div>]]></description>
      </Placemark>
      <Placemark>
        <Style>
          <LineStyle>
            <color>ff42ff00</color>
            <width>2</width>
          </LineStyle>
        </Style>
        <MultiGeometry>
          <LineString>
            <tessellate>1</tessellate>
            <altitudeMode>absolute</altitudeMode>
            <coordinates>-112.098145,33.556156,617.22 -112.098495,33.556412,617.22</coordinates>
          </LineString>
        </MultiGeometry>
        <name>P-263</name>
        <description><![CDATA[<div><div><span><b>Altitude:</b></span> <span>2,025 ft</span></div>
<div><span><b>Speed:</b></span> <span>58 kt - 59 kt</span></div>
<div><span><b>Timestamp:</b></span><br/><span>2025-08-19 11:21:29 UTC<br/>2025-08-19 11:21:31 UTC</span></div>
</div>]]></description>
      </Placemark>
      <Placemark>
        <Style>
          <LineStyle>
            <color>ff42ff00</color>
            <width>2</width>
          </LineStyle>
        </Style>
        <MultiGeometry>
          <LineString>
            <tessellate>1</tessellate>
            <altitudeMode>absolute</altitudeMode>
            <coordinates>-112.098495,33.556412,617.22 -112.099228,33.556763,609.6</coordinates>
          </LineString>
        </MultiGeometry>
        <name>P-264</name>
        <description><![CDATA[<div><div><span><b>Altitude:</b></span> <span>2,025 ft - 2,000 ft</span></div>
<div><span><b>Speed:</b></span> <span>59 kt - 61 kt</span></div>
<div><span><b>Timestamp:</b></span><br/><span>2025-08-19 11:21:31 UTC<br/>2025-08-19 11:21:33 UTC</span></div>
</div>]]></description>
      </Placemark>
      <Placemark>
        <Style>
          <LineStyle>
            <color>ff42ff00</color>
            <width>2</width>
          </LineStyle>
        </Style>
        <MultiGeometry>
          <LineString>
            <tessellate>1</tessellate>
            <altitudeMode>absolute</altitudeMode>
            <coordinates>-112.099228,33.556763,609.6 -112.099854,33.556995,609.6</coordinates>
          </LineString>
        </MultiGeometry>
        <name>P-265</name>
        <description><![CDATA[<div><div><span><b>Altitude:</b></span> <span>2,000 ft</span></div>
<div><span><b>Speed:</b></span> <span>61 kt - 62 kt</span></div>
<div><span><b>Timestamp:</b></span><br/><span>2025-08-19 11:21:33 UTC<br/>2025-08-19 11:21:35 UTC</span></div>
</div>]]></description>
      </Placemark>
      <Placemark>
        <Style>
          <LineStyle>
            <color>ff42ff00</color>
            <width>2</width>
          </LineStyle>
        </Style>
        <MultiGeometry>
          <LineString>
            <tessellate>1</tessellate>
            <altitudeMode>absolute</altitudeMode>
            <coordinates>-112.099854,33.556995,609.6 -112.100571,33.557144,601.98</coordinates>
          </LineString>
        </MultiGeometry>
        <name>P-266</name>
        <description><![CDATA[<div><div><span><b>Altitude:</b></span> <span>2,000 ft - 1,975 ft</span></div>
<div><span><b>Speed:</b></span> <span>62 kt - 61 kt</span></div>
<div><span><b>Timestamp:</b></span><br/><span>2025-08-19 11:21:35 UTC<br/>2025-08-19 11:21:37 UTC</span></div>
</div>]]></description>
      </Placemark>
      <Placemark>
        <Style>
          <LineStyle>
            <color>ff42ff00</color>
            <width>2</width>
          </LineStyle>
        </Style>
        <MultiGeometry>
          <LineString>
            <tessellate>1</tessellate>
            <altitudeMode>absolute</altitudeMode>
            <coordinates>-112.100571,33.557144,601.98 -112.101242,33.55719,601.98</coordinates>
          </LineString>
        </MultiGeometry>
        <name>P-267</name>
        <description><![CDATA[<div><div><span><b>Altitude:</b></span> <span>1,975 ft</span></div>
<div><span><b>Speed:</b></span> <span>61 kt</span></div>
<div><span><b>Timestamp:</b></span><br/><span>2025-08-19 11:21:37 UTC<br/>2025-08-19 11:21:39 UTC</span></div>
</div>]]></description>
      </Placemark>
      <Placemark>
        <Style>
          <LineStyle>
            <color>ff42ff00</color>
            <width>2</width>
          </LineStyle>
        </Style>
        <MultiGeometry>
          <LineString>
            <tessellate>1</tessellate>
            <altitudeMode>absolute</altitudeMode>
            <coordinates>-112.101242,33.55719,601.98 -112.102028,33.557053,594.36</coordinates>
          </LineString>
        </MultiGeometry>
        <name>P-268</name>
        <description><![CDATA[<div><div><span><b>Altitude:</b></span> <span>1,975 ft - 1,950 ft</span></div>
<div><span><b>Speed:</b></span> <span>61 kt</span></div>
<div><span><b>Timestamp:</b></span><br/><span>2025-08-19 11:21:39 UTC<br/>2025-08-19 11:21:41 UTC</span></div>
</div>]]></description>
      </Placemark>
      <Placemark>
        <Style>
          <LineStyle>
            <color>ffccff00</color>
            <width>2</width>
          </LineStyle>
        </Style>
        <MultiGeometry>
          <LineString>
            <tessellate>1</tessellate>
            <altitudeMode>absolute</altitudeMode>
            <coordinates>-112.102028,33.557053,594.36 -112.102646,33.556824,594.36</coordinates>
          </LineString>
        </MultiGeometry>
        <name>P-269</name>
        <description><![CDATA[<div><div><span><b>Altitude:</b></span> <span>1,950 ft</span></div>
<div><span><b>Speed:</b></span> <span>61 kt - 62 kt</span></div>
<div><span><b>Timestamp:</b></span><br/><span>2025-08-19 11:21:41 UTC<br/>2025-08-19 11:21:44 UTC</span></div>
</div>]]></description>
      </Placemark>
      <Placemark>
        <Style>
          <LineStyle>
            <color>ffccff00</color>
            <width>2</width>
          </LineStyle>
        </Style>
        <MultiGeometry>
          <LineString>
            <tessellate>1</tessellate>
            <altitudeMode>absolute</altitudeMode>
            <coordinates>-112.102646,33.556824,594.36 -112.103287,33.556484,586.74</coordinates>
          </LineString>
        </MultiGeometry>
        <name>P-270</name>
        <description><![CDATA[<div><div><span><b>Altitude:</b></span> <span>1,950 ft - 1,925 ft</span></div>
<div><span><b>Speed:</b></span> <span>62 kt - 63 kt</span></div>
<div><span><b>Timestamp:</b></span><br/><span>2025-08-19 11:21:44 UTC<br/>2025-08-19 11:21:46 UTC</span></div>
</div>]]></description>
      </Placemark>
      <Placemark>
        <Style>
          <LineStyle>
            <color>ffccff00</color>
            <width>2</width>
          </LineStyle>
        </Style>
        <MultiGeometry>
          <LineString>
            <tessellate>1</tessellate>
            <altitudeMode>absolute</altitudeMode>
            <coordinates>-112.103287,33.556484,586.74 -112.103935,33.556,579.12</coordinates>
          </LineString>
        </MultiGeometry>
        <name>P-271</name>
        <description><![CDATA[<div><div><span><b>Altitude:</b></span> <span>1,925 ft - 1,900 ft</span></div>
<div><span><b>Speed:</b></span> <span>63 kt - 64 kt</span></div>
<div><span><b>Timestamp:</b></span><br/><span>2025-08-19 11:21:46 UTC<br/>2025-08-19 11:21:48 UTC</span></div>
</div>]]></description>
      </Placemark>
      <Placemark>
        <Style>
          <LineStyle>
            <color>ffccff00</color>
            <width>2</width>
          </LineStyle>
        </Style>
        <MultiGeometry>
          <LineString>
            <tessellate>1</tessellate>
            <altitudeMode>absolute</altitudeMode>
            <coordinates>-112.103935,33.556,579.12 -112.104378,33.555504,579.12</coordinates>
          </LineString>
        </MultiGeometry>
        <name>P-272</name>
        <description><![CDATA[<div><div><span><b>Altitude:</b></span> <span>1,900 ft</span></div>
<div><span><b>Speed:</b></span> <span>64 kt</span></div>
<div><span><b>Timestamp:</b></span><br/><span>2025-08-19 11:21:48 UTC<br/>2025-08-19 11:21:50 UTC</span></div>
</div>]]></description>
      </Placemark>
      <Placemark>
        <Style>
          <LineStyle>
            <color>ffccff00</color>
            <width>2</width>
          </LineStyle>
        </Style>
        <MultiGeometry>
          <LineString>
            <tessellate>1</tessellate>
            <altitudeMode>absolute</altitudeMode>
            <coordinates>-112.104378,33.555504,579.12 -112.104774,33.554993,579.12</coordinates>
          </LineString>
        </MultiGeometry>
        <name>P-273</name>
        <description><![CDATA[<div><div><span><b>Altitude:</b></span> <span>1,900 ft</span></div>
<div><span><b>Speed:</b></span> <span>64 kt - 63 kt</span></div>
<div><span><b>Timestamp:</b></span><br/><span>2025-08-19 11:21:50 UTC<br/>2025-08-19 11:21:52 UTC</span></div>
</div>]]></description>
      </Placemark>
      <Placemark>
        <Style>
          <LineStyle>
            <color>ffccff00</color>
            <width>2</width>
          </LineStyle>
        </Style>
        <MultiGeometry>
          <LineString>
            <tessellate>1</tessellate>
            <altitudeMode>absolute</altitudeMode>
            <coordinates>-112.104774,33.554993,579.12 -112.10511,33.554398,579.12</coordinates>
          </LineString>
        </MultiGeometry>
        <name>P-274</name>
        <description><![CDATA[<div><div><span><b>Altitude:</b></span> <span>1,900 ft</span></div>
<div><span><b>Speed:</b></span> <span>63 kt - 62 kt</span></div>
<div><span><b>Timestamp:</b></span><br/><span>2025-08-19 11:21:52 UTC<br/>2025-08-19 11:21:55 UTC</span></div>
</div>]]></description>
      </Placemark>
      <Placemark>
        <Style>
          <LineStyle>
            <color>ffccff00</color>
            <width>2</width>
          </LineStyle>
        </Style>
        <MultiGeometry>
          <LineString>
            <tessellate>1</tessellate>
            <altitudeMode>absolute</altitudeMode>
            <coordinates>-112.10511,33.554398,579.12 -112.105278,33.553848,579.12</coordinates>
          </LineString>
        </MultiGeometry>
        <name>P-275</name>
        <description><![CDATA[<div><div><span><b>Altitude:</b></span> <span>1,900 ft</span></div>
<div><span><b>Speed:</b></span> <span>62 kt - 63 kt</span></div>
<div><span><b>Timestamp:</b></span><br/><span>2025-08-19 11:21:55 UTC<br/>2025-08-19 11:21:57 UTC</span></div>
</div>]]></description>
      </Placemark>
      <Placemark>
        <Style>
          <LineStyle>
            <color>ffccff00</color>
            <width>2</width>
          </LineStyle>
        </Style>
        <MultiGeometry>
          <LineString>
            <tessellate>1</tessellate>
            <altitudeMode>absolute</altitudeMode>
            <coordinates>-112.105278,33.553848,579.12 -112.105331,33.553253,571.5</coordinates>
          </LineString>
        </MultiGeometry>
        <name>P-276</name>
        <description><![CDATA[<div><div><span><b>Altitude:</b></span> <span>1,900 ft - 1,875 ft</span></div>
<div><span><b>Speed:</b></span> <span>63 kt - 65 kt</span></div>
<div><span><b>Timestamp:</b></span><br/><span>2025-08-19 11:21:57 UTC<br/>2025-08-19 11:21:59 UTC</span></div>
</div>]]></description>
      </Placemark>
      <Placemark>
        <Style>
          <LineStyle>
            <color>ffccff00</color>
            <width>2</width>
          </LineStyle>
        </Style>
        <MultiGeometry>
          <LineString>
            <tessellate>1</tessellate>
            <altitudeMode>absolute</altitudeMode>
            <coordinates>-112.105331,33.553253,571.5 -112.10524,33.55262,571.5</coordinates>
          </LineString>
        </MultiGeometry>
        <name>P-277</name>
        <description><![CDATA[<div><div><span><b>Altitude:</b></span> <span>1,875 ft</span></div>
<div><span><b>Speed:</b></span> <span>65 kt</span></div>
<div><span><b>Timestamp:</b></span><br/><span>2025-08-19 11:21:59 UTC<br/>2025-08-19 11:22:01 UTC</span></div>
</div>]]></description>
      </Placemark>
      <Placemark>
        <Style>
          <LineStyle>
            <color>ffccff00</color>
            <width>2</width>
          </LineStyle>
        </Style>
        <MultiGeometry>
          <LineString>
            <tessellate>1</tessellate>
            <altitudeMode>absolute</altitudeMode>
            <coordinates>-112.10524,33.55262,571.5 -112.104889,33.551872,571.5</coordinates>
          </LineString>
        </MultiGeometry>
        <name>P-278</name>
        <description><![CDATA[<div><div><span><b>Altitude:</b></span> <span>1,875 ft</span></div>
<div><span><b>Speed:</b></span> <span>65 kt - 64 kt</span></div>
<div><span><b>Timestamp:</b></span><br/><span>2025-08-19 11:22:01 UTC<br/>2025-08-19 11:22:03 UTC</span></div>
</div>]]></description>
      </Placemark>
      <Placemark>
        <Style>
          <LineStyle>
            <color>ffccff00</color>
            <width>2</width>
          </LineStyle>
        </Style>
        <MultiGeometry>
          <LineString>
            <tessellate>1</tessellate>
            <altitudeMode>absolute</altitudeMode>
            <coordinates>-112.104889,33.551872,571.5 -112.104431,33.551407,571.5</coordinates>
          </LineString>
        </MultiGeometry>
        <name>P-279</name>
        <description><![CDATA[<div><div><span><b>Altitude:</b></span> <span>1,875 ft</span></div>
<div><span><b>Speed:</b></span> <span>64 kt - 65 kt</span></div>
<div><span><b>Timestamp:</b></span><br/><span>2025-08-19 11:22:03 UTC<br/>2025-08-19 11:22:05 UTC</span></div>
</div>]]></description>
      </Placemark>
      <Placemark>
        <Style>
          <LineStyle>
            <color>ffccff00</color>
            <width>2</width>
          </LineStyle>
        </Style>
        <MultiGeometry>
          <LineString>
            <tessellate>1</tessellate>
            <altitudeMode>absolute</altitudeMode>
            <coordinates>-112.104431,33.551407,571.5 -112.103935,33.551056,579.12</coordinates>
          </LineString>
        </MultiGeometry>
        <name>P-280</name>
        <description><![CDATA[<div><div><span><b>Altitude:</b></span> <span>1,875 ft - 1,900 ft</span></div>
<div><span><b>Speed:</b></span> <span>65 kt - 64 kt</span></div>
<div><span><b>Timestamp:</b></span><br/><span>2025-08-19 11:22:05 UTC<br/>2025-08-19 11:22:07 UTC</span></div>
</div>]]></description>
      </Placemark>
      <Placemark>
        <Style>
          <LineStyle>
            <color>ffccff00</color>
            <width>2</width>
          </LineStyle>
        </Style>
        <MultiGeometry>
          <LineString>
            <tessellate>1</tessellate>
            <altitudeMode>absolute</altitudeMode>
            <coordinates>-112.103935,33.551056,579.12 -112.103256,33.550735,579.12</coordinates>
          </LineString>
        </MultiGeometry>
        <name>P-281</name>
        <description><![CDATA[<div><div><span><b>Altitude:</b></span> <span>1,900 ft</span></div>
<div><span><b>Speed:</b></span> <span>64 kt</span></div>
<div><span><b>Timestamp:</b></span><br/><span>2025-08-19 11:22:07 UTC<br/>2025-08-19 11:22:09 UTC</span></div>
</div>]]></description>
      </Placemark>
      <Placemark>
        <Style>
          <LineStyle>
            <color>ffccff00</color>
            <width>2</width>
          </LineStyle>
        </Style>
        <MultiGeometry>
          <LineString>
            <tessellate>1</tessellate>
            <altitudeMode>absolute</altitudeMode>
            <coordinates>-112.103256,33.550735,579.12 -112.102661,33.550571,579.12</coordinates>
          </LineString>
        </MultiGeometry>
        <name>P-282</name>
        <description><![CDATA[<div><div><span><b>Altitude:</b></span> <span>1,900 ft</span></div>
<div><span><b>Speed:</b></span> <span>64 kt</span></div>
<div><span><b>Timestamp:</b></span><br/><span>2025-08-19 11:22:09 UTC<br/>2025-08-19 11:22:11 UTC</span></div>
</div>]]></description>
      </Placemark>
      <Placemark>
        <Style>
          <LineStyle>
            <color>ffccff00</color>
            <width>2</width>
          </LineStyle>
        </Style>
        <MultiGeometry>
          <LineString>
            <tessellate>1</tessellate>
            <altitudeMode>absolute</altitudeMode>
            <coordinates>-112.102661,33.550571,579.12 -112.101685,33.550522,571.5</coordinates>
          </LineString>
        </MultiGeometry>
        <name>P-283</name>
        <description><![CDATA[<div><div><span><b>Altitude:</b></span> <span>1,900 ft - 1,875 ft</span></div>
<div><span><b>Speed:</b></span> <span>64 kt - 65 kt</span></div>
<div><span><b>Timestamp:</b></span><br/><span>2025-08-19 11:22:11 UTC<br/>2025-08-19 11:22:14 UTC</span></div>
</div>]]></description>
      </Placemark>
      <Placemark>
        <Style>
          <LineStyle>
            <color>ffccff00</color>
            <width>2</width>
          </LineStyle>
        </Style>
        <MultiGeometry>
          <LineString>
            <tessellate>1</tessellate>
            <altitudeMode>absolute</altitudeMode>
            <coordinates>-112.101685,33.550522,571.5 -112.100845,33.550598,571.5</coordinates>
          </LineString>
        </MultiGeometry>
        <name>P-284</name>
        <description><![CDATA[<div><div><span><b>Altitude:</b></span> <span>1,875 ft</span></div>
<div><span><b>Speed:</b></span> <span>65 kt</span></div>
<div><span><b>Timestamp:</b></span><br/><span>2025-08-19 11:22:14 UTC<br/>2025-08-19 11:22:16 UTC</span></div>
</div>]]></description>
      </Placemark>
      <Placemark>
        <Style>
          <LineStyle>
            <color>ffccff00</color>
            <width>2</width>
          </LineStyle>
        </Style>
        <MultiGeometry>
          <LineString>
            <tessellate>1</tessellate>
            <altitudeMode>absolute</altitudeMode>
            <coordinates>-112.100845,33.550598,571.5 -112.100082,33.55085,571.5</coordinates>
          </LineString>
        </MultiGeometry>
        <name>P-285</name>
        <description><![CDATA[<div><div><span><b>Altitude:</b></span> <span>1,875 ft</span></div>
<div><span><b>Speed:</b></span> <span>65 kt</span></div>
<div><span><b>Timestamp:</b></span><br/><span>2025-08-19 11:22:16 UTC<br/>2025-08-19 11:22:18 UTC</span></div>
</div>]]></description>
      </Placemark>
      <Placemark>
        <Style>
          <LineStyle>
            <color>ffccff00</color>
            <width>2</width>
          </LineStyle>
        </Style>
        <MultiGeometry>
          <LineString>
            <tessellate>1</tessellate>
            <altitudeMode>absolute</altitudeMode>
            <coordinates>-112.100082,33.55085,571.5 -112.099396,33.551128,571.5</coordinates>
          </LineString>
        </MultiGeometry>
        <name>P-286</name>
        <description><![CDATA[<div><div><span><b>Altitude:</b></span> <span>1,875 ft</span></div>
<div><span><b>Speed:</b></span> <span>65 kt - 64 kt</span></div>
<div><span><b>Timestamp:</b></span><br/><span>2025-08-19 11:22:18 UTC<br/>2025-08-19 11:22:20 UTC</span></div>
</div>]]></description>
      </Placemark>
      <Placemark>
        <Style>
          <LineStyle>
            <color>ffccff00</color>
            <width>2</width>
          </LineStyle>
        </Style>
        <MultiGeometry>
          <LineString>
            <tessellate>1</tessellate>
            <altitudeMode>absolute</altitudeMode>
            <coordinates>-112.099396,33.551128,571.5 -112.098663,33.551651,571.5</coordinates>
          </LineString>
        </MultiGeometry>
        <name>P-287</name>
        <description><![CDATA[<div><div><span><b>Altitude:</b></span> <span>1,875 ft</span></div>
<div><span><b>Speed:</b></span> <span>64 kt - 62 kt</span></div>
<div><span><b>Timestamp:</b></span><br/><span>2025-08-19 11:22:20 UTC<br/>2025-08-19 11:22:23 UTC</span></div>
</div>]]></description>
      </Placemark>
      <Placemark>
        <Style>
          <LineStyle>
            <color>ffccff00</color>
            <width>2</width>
          </LineStyle>
        </Style>
        <MultiGeometry>
          <LineString>
            <tessellate>1</tessellate>
            <altitudeMode>absolute</altitudeMode>
            <coordinates>-112.098663,33.551651,571.5 -112.098213,33.552063,571.5</coordinates>
          </LineString>
        </MultiGeometry>
        <name>P-288</name>
        <description><![CDATA[<div><div><span><b>Altitude:</b></span> <span>1,875 ft</span></div>
<div><span><b>Speed:</b></span> <span>62 kt - 60 kt</span></div>
<div><span><b>Timestamp:</b></span><br/><span>2025-08-19 11:22:23 UTC<br/>2025-08-19 11:22:25 UTC</span></div>
</div>]]></description>
      </Placemark>
      <Placemark>
        <Style>
          <LineStyle>
            <color>ffccff00</color>
            <width>2</width>
          </LineStyle>
        </Style>
        <MultiGeometry>
          <LineString>
            <tessellate>1</tessellate>
            <altitudeMode>absolute</altitudeMode>
            <coordinates>-112.098213,33.552063,571.5 -112.097931,33.552521,571.5</coordinates>
          </LineString>
        </MultiGeometry>
        <name>P-289</name>
        <description><![CDATA[<div><div><span><b>Altitude:</b></span> <span>1,875 ft</span></div>
<div><span><b>Speed:</b></span> <span>60 kt - 59 kt</span></div>
<div><span><b>Timestamp:</b></span><br/><span>2025-08-19 11:22:25 UTC<br/>2025-08-19 11:22:27 UTC</span></div>
</div>]]></description>
      </Placemark>
      <Placemark>
        <Style>
          <LineStyle>
            <color>ffccff00</color>
            <width>2</width>
          </LineStyle>
        </Style>
        <MultiGeometry>
          <LineString>
            <tessellate>1</tessellate>
            <altitudeMode>absolute</altitudeMode>
            <coordinates>-112.097931,33.552521,571.5 -112.09771,33.553162,571.5</coordinates>
          </LineString>
        </MultiGeometry>
        <name>P-290</name>
        <description><![CDATA[<div><div><span><b>Altitude:</b></span> <span>1,875 ft</span></div>
<div><span><b>Speed:</b></span> <span>59 kt - 60 kt</span></div>
<div><span><b>Timestamp:</b></span><br/><span>2025-08-19 11:22:27 UTC<br/>2025-08-19 11:22:29 UTC</span></div>
</div>]]></description>
      </Placemark>
      <Placemark>
        <Style>
          <LineStyle>
            <color>ffccff00</color>
            <width>2</width>
          </LineStyle>
        </Style>
        <MultiGeometry>
          <LineString>
            <tessellate>1</tessellate>
            <altitudeMode>absolute</altitudeMode>
            <coordinates>-112.09771,33.553162,571.5 -112.097626,33.553688,571.5</coordinates>
          </LineString>
        </MultiGeometry>
        <name>P-291</name>
        <description><![CDATA[<div><div><span><b>Altitude:</b></span> <span>1,875 ft</span></div>
<div><span><b>Speed:</b></span> <span>60 kt - 61 kt</span></div>
<div><span><b>Timestamp:</b></span><br/><span>2025-08-19 11:22:29 UTC<br/>2025-08-19 11:22:31 UTC</span></div>
</div>]]></description>
      </Placemark>
      <Placemark>
        <Style>
          <LineStyle>
            <color>ffccff00</color>
            <width>2</width>
          </LineStyle>
        </Style>
        <MultiGeometry>
          <LineString>
            <tessellate>1</tessellate>
            <altitudeMode>absolute</altitudeMode>
            <coordinates>-112.097626,33.553688,571.5 -112.09774,33.554295,571.5</coordinates>
          </LineString>
        </MultiGeometry>
        <name>P-292</name>
        <description><![CDATA[<div><div><span><b>Altitude:</b></span> <span>1,875 ft</span></div>
<div><span><b>Speed:</b></span> <span>61 kt - 59 kt</span></div>
<div><span><b>Timestamp:</b></span><br/><span>2025-08-19 11:22:31 UTC<br/>2025-08-19 11:22:33 UTC</span></div>
</div>]]></description>
      </Placemark>
      <Placemark>
        <Style>
          <LineStyle>
            <color>ffccff00</color>
            <width>2</width>
          </LineStyle>
        </Style>
        <MultiGeometry>
          <LineString>
            <tessellate>1</tessellate>
            <altitudeMode>absolute</altitudeMode>
            <coordinates>-112.09774,33.554295,571.5 -112.098083,33.554901,571.5</coordinates>
          </LineString>
        </MultiGeometry>
        <name>P-293</name>
        <description><![CDATA[<div><div><span><b>Altitude:</b></span> <span>1,875 ft</span></div>
<div><span><b>Speed:</b></span> <span>59 kt - 58 kt</span></div>
<div><span><b>Timestamp:</b></span><br/><span>2025-08-19 11:22:33 UTC<br/>2025-08-19 11:22:36 UTC</span></div>
</div>]]></description>
      </Placemark>
      <Placemark>
        <Style>
          <LineStyle>
            <color>ffccff00</color>
            <width>2</width>
          </LineStyle>
        </Style>
        <MultiGeometry>
          <LineString>
            <tessellate>1</tessellate>
            <altitudeMode>absolute</altitudeMode>
            <coordinates>-112.098083,33.554901,571.5 -112.098549,33.555313,571.5</coordinates>
          </LineString>
        </MultiGeometry>
        <name>P-294</name>
        <description><![CDATA[<div><div><span><b>Altitude:</b></span> <span>1,875 ft</span></div>
<div><span><b>Speed:</b></span> <span>58 kt</span></div>
<div><span><b>Timestamp:</b></span><br/><span>2025-08-19 11:22:36 UTC<br/>2025-08-19 11:22:38 UTC</span></div>
</div>]]></description>
      </Placemark>
      <Placemark>
        <Style>
          <LineStyle>
            <color>ffccff00</color>
            <width>2</width>
          </LineStyle>
        </Style>
        <MultiGeometry>
          <LineString>
            <tessellate>1</tessellate>
            <altitudeMode>absolute</altitudeMode>
            <coordinates>-112.098549,33.555313,571.5 -112.099052,33.555634,563.88</coordinates>
          </LineString>
        </MultiGeometry>
        <name>P-295</name>
        <description><![CDATA[<div><div><span><b>Altitude:</b></span> <span>1,875 ft - 1,850 ft</span></div>
<div><span><b>Speed:</b></span> <span>58 kt - 59 kt</span></div>
<div><span><b>Timestamp:</b></span><br/><span>2025-08-19 11:22:38 UTC<br/>2025-08-19 11:22:40 UTC</span></div>
</div>]]></description>
      </Placemark>
      <Placemark>
        <Style>
          <LineStyle>
            <color>ffccff00</color>
            <width>2</width>
          </LineStyle>
        </Style>
        <MultiGeometry>
          <LineString>
            <tessellate>1</tessellate>
            <altitudeMode>absolute</altitudeMode>
            <coordinates>-112.099052,33.555634,563.88 -112.099625,33.555923,563.88</coordinates>
          </LineString>
        </MultiGeometry>
        <name>P-296</name>
        <description><![CDATA[<div><div><span><b>Altitude:</b></span> <span>1,850 ft</span></div>
<div><span><b>Speed:</b></span> <span>59 kt - 60 kt</span></div>
<div><span><b>Timestamp:</b></span><br/><span>2025-08-19 11:22:40 UTC<br/>2025-08-19 11:22:42 UTC</span></div>
</div>]]></description>
      </Placemark>
      <Placemark>
        <Style>
          <LineStyle>
            <color>ffccff00</color>
            <width>2</width>
          </LineStyle>
        </Style>
        <MultiGeometry>
          <LineString>
            <tessellate>1</tessellate>
            <altitudeMode>absolute</altitudeMode>
            <coordinates>-112.099625,33.555923,563.88 -112.100403,33.556137,563.88</coordinates>
          </LineString>
        </MultiGeometry>
        <name>P-297</name>
        <description><![CDATA[<div><div><span><b>Altitude:</b></span> <span>1,850 ft</span></div>
<div><span><b>Speed:</b></span> <span>60 kt</span></div>
<div><span><b>Timestamp:</b></span><br/><span>2025-08-19 11:22:42 UTC<br/>2025-08-19 11:22:44 UTC</span></div>
</div>]]></description>
      </Placemark>
      <Placemark>
        <Style>
          <LineStyle>
            <color>ffccff00</color>
            <width>2</width>
          </LineStyle>
        </Style>
        <MultiGeometry>
          <LineString>
            <tessellate>1</tessellate>
            <altitudeMode>absolute</altitudeMode>
            <coordinates>-112.100403,33.556137,563.88 -112.101128,33.556229,563.88</coordinates>
          </LineString>
        </MultiGeometry>
        <name>P-298</name>
        <description><![CDATA[<div><div><span><b>Altitude:</b></span> <span>1,850 ft</span></div>
<div><span><b>Speed:</b></span> <span>60 kt</span></div>
<div><span><b>Timestamp:</b></span><br/><span>2025-08-19 11:22:44 UTC<br/>2025-08-19 11:22:46 UTC</span></div>
</div>]]></description>
      </Placemark>
      <Placemark>
        <Style>
          <LineStyle>
            <color>ffccff00</color>
            <width>2</width>
          </LineStyle>
        </Style>
        <MultiGeometry>
          <LineString>
            <tessellate>1</tessellate>
            <altitudeMode>absolute</altitudeMode>
            <coordinates>-112.101128,33.556229,563.88 -112.101913,33.556229,563.88</coordinates>
          </LineString>
        </MultiGeometry>
        <name>P-299</name>
        <description><![CDATA[<div><div><span><b>Altitude:</b></span> <span>1,850 ft</span></div>
<div><span><b>Speed:</b></span> <span>60 kt</span></div>
<div><span><b>Timestamp:</b></span><br/><span>2025-08-19 11:22:46 UTC<br/>2025-08-19 11:22:49 UTC</span></div>
</div>]]></description>
      </Placemark>
      <Placemark>
        <Style>
          <LineStyle>
            <color>ffccff00</color>
            <width>2</width>
          </LineStyle>
        </Style>
        <MultiGeometry>
          <LineString>
            <tessellate>1</tessellate>
            <altitudeMode>absolute</altitudeMode>
            <coordinates>-112.101913,33.556229,563.88 -112.102478,33.556137,563.88</coordinates>
          </LineString>
        </MultiGeometry>
        <name>P-300</name>
        <description><![CDATA[<div><div><span><b>Altitude:</b></span> <span>1,850 ft</span></div>
<div><span><b>Speed:</b></span> <span>60 kt - 58 kt</span></div>
<div><span><b>Timestamp:</b></span><br/><span>2025-08-19 11:22:49 UTC<br/>2025-08-19 11:22:51 UTC</span></div>
</div>]]></description>
      </Placemark>
      <Placemark>
        <Style>
          <LineStyle>
            <color>ffccff00</color>
            <width>2</width>
          </LineStyle>
        </Style>
        <MultiGeometry>
          <LineString>
            <tessellate>1</tessellate>
            <altitudeMode>absolute</altitudeMode>
            <coordinates>-112.102478,33.556137,563.88 -112.103149,33.555954,563.88</coordinates>
          </LineString>
        </MultiGeometry>
        <name>P-301</name>
        <description><![CDATA[<div><div><span><b>Altitude:</b></span> <span>1,850 ft</span></div>
<div><span><b>Speed:</b></span> <span>58 kt</span></div>
<div><span><b>Timestamp:</b></span><br/><span>2025-08-19 11:22:51 UTC<br/>2025-08-19 11:22:53 UTC</span></div>
</div>]]></description>
      </Placemark>
      <Placemark>
        <Style>
          <LineStyle>
            <color>ffccff00</color>
            <width>2</width>
          </LineStyle>
        </Style>
        <MultiGeometry>
          <LineString>
            <tessellate>1</tessellate>
            <altitudeMode>absolute</altitudeMode>
            <coordinates>-112.103149,33.555954,563.88 -112.103806,33.555645,563.88</coordinates>
          </LineString>
        </MultiGeometry>
        <name>P-302</name>
        <description><![CDATA[<div><div><span><b>Altitude:</b></span> <span>1,850 ft</span></div>
<div><span><b>Speed:</b></span> <span>58 kt - 59 kt</span></div>
<div><span><b>Timestamp:</b></span><br/><span>2025-08-19 11:22:53 UTC<br/>2025-08-19 11:22:55 UTC</span></div>
</div>]]></description>
      </Placemark>
      <Placemark>
        <Style>
          <LineStyle>
            <color>ffccff00</color>
            <width>2</width>
          </LineStyle>
        </Style>
        <MultiGeometry>
          <LineString>
            <tessellate>1</tessellate>
            <altitudeMode>absolute</altitudeMode>
            <coordinates>-112.103806,33.555645,563.88 -112.104324,33.555267,556.26</coordinates>
          </LineString>
        </MultiGeometry>
        <name>P-303</name>
        <description><![CDATA[<div><div><span><b>Altitude:</b></span> <span>1,850 ft - 1,825 ft</span></div>
<div><span><b>Speed:</b></span> <span>59 kt - 60 kt</span></div>
<div><span><b>Timestamp:</b></span><br/><span>2025-08-19 11:22:55 UTC<br/>2025-08-19 11:22:57 UTC</span></div>
</div>]]></description>
      </Placemark>
      <Placemark>
        <Style>
          <LineStyle>
            <color>ffccff00</color>
            <width>2</width>
          </LineStyle>
        </Style>
        <MultiGeometry>
          <LineString>
            <tessellate>1</tessellate>
            <altitudeMode>absolute</altitudeMode>
            <coordinates>-112.104324,33.555267,556.26 -112.104721,33.554806,563.88</coordinates>
          </LineString>
        </MultiGeometry>
        <name>P-304</name>
        <description><![CDATA[<div><div><span><b>Altitude:</b></span> <span>1,825 ft - 1,850 ft</span></div>
<div><span><b>Speed:</b></span> <span>60 kt - 61 kt</span></div>
<div><span><b>Timestamp:</b></span><br/><span>2025-08-19 11:22:57 UTC<br/>2025-08-19 11:22:59 UTC</span></div>
</div>]]></description>
      </Placemark>
      <Placemark>
        <Style>
          <LineStyle>
            <color>ffccff00</color>
            <width>2</width>
          </LineStyle>
        </Style>
        <MultiGeometry>
          <LineString>
            <tessellate>1</tessellate>
            <altitudeMode>absolute</altitudeMode>
            <coordinates>-112.104721,33.554806,563.88 -112.105118,33.554153,556.26</coordinates>
          </LineString>
        </MultiGeometry>
        <name>P-305</name>
        <description><![CDATA[<div><div><span><b>Altitude:</b></span> <span>1,850 ft - 1,825 ft</span></div>
<div><span><b>Speed:</b></span> <span>61 kt - 62 kt</span></div>
<div><span><b>Timestamp:</b></span><br/><span>2025-08-19 11:22:59 UTC<br/>2025-08-19 11:23:01 UTC</span></div>
</div>]]></description>
      </Placemark>
      <Placemark>
        <Style>
          <LineStyle>
            <color>ffccff00</color>
            <width>2</width>
          </LineStyle>
        </Style>
        <MultiGeometry>
          <LineString>
            <tessellate>1</tessellate>
            <altitudeMode>absolute</altitudeMode>
            <coordinates>-112.105118,33.554153,556.26 -112.105225,33.553665,556.26</coordinates>
          </LineString>
        </MultiGeometry>
        <name>P-306</name>
        <description><![CDATA[<div><div><span><b>Altitude:</b></span> <span>1,825 ft</span></div>
<div><span><b>Speed:</b></span> <span>62 kt - 61 kt</span></div>
<div><span><b>Timestamp:</b></span><br/><span>2025-08-19 11:23:01 UTC<br/>2025-08-19 11:23:04 UTC</span></div>
</div>]]></description>
      </Placemark>
      <Placemark>
        <Style>
          <LineStyle>
            <color>ffccff00</color>
            <width>2</width>
          </LineStyle>
        </Style>
        <MultiGeometry>
          <LineString>
            <tessellate>1</tessellate>
            <altitudeMode>absolute</altitudeMode>
            <coordinates>-112.105225,33.553665,556.26 -112.105278,33.552979,556.26</coordinates>
          </LineString>
        </MultiGeometry>
        <name>P-307</name>
        <description><![CDATA[<div><div><span><b>Altitude:</b></span> <span>1,825 ft</span></div>
<div><span><b>Speed:</b></span> <span>61 kt - 62 kt</span></div>
<div><span><b>Timestamp:</b></span><br/><span>2025-08-19 11:23:04 UTC<br/>2025-08-19 11:23:06 UTC</span></div>
</div>]]></description>
      </Placemark>
      <Placemark>
        <Style>
          <LineStyle>
            <color>ffccff00</color>
            <width>2</width>
          </LineStyle>
        </Style>
        <MultiGeometry>
          <LineString>
            <tessellate>1</tessellate>
            <altitudeMode>absolute</altitudeMode>
            <coordinates>-112.105278,33.552979,556.26 -112.105049,33.552292,556.26</coordinates>
          </LineString>
        </MultiGeometry>
        <name>P-308</name>
        <description><![CDATA[<div><div><span><b>Altitude:</b></span> <span>1,825 ft</span></div>
<div><span><b>Speed:</b></span> <span>62 kt - 64 kt</span></div>
<div><span><b>Timestamp:</b></span><br/><span>2025-08-19 11:23:06 UTC<br/>2025-08-19 11:23:08 UTC</span></div>
</div>]]></description>
      </Placemark>
      <Placemark>
        <Style>
          <LineStyle>
            <color>ffccff00</color>
            <width>2</width>
          </LineStyle>
        </Style>
        <MultiGeometry>
          <LineString>
            <tessellate>1</tessellate>
            <altitudeMode>absolute</altitudeMode>
            <coordinates>-112.105049,33.552292,556.26 -112.104713,33.551605,563.88</coordinates>
          </LineString>
        </MultiGeometry>
        <name>P-309</name>
        <description><![CDATA[<div><div><span><b>Altitude:</b></span> <span>1,825 ft - 1,850 ft</span></div>
<div><span><b>Speed:</b></span> <span>64 kt - 65 kt</span></div>
<div><span><b>Timestamp:</b></span><br/><span>2025-08-19 11:23:08 UTC<br/>2025-08-19 11:23:10 UTC</span></div>
</div>]]></description>
      </Placemark>
      <Placemark>
        <Style>
          <LineStyle>
            <color>ffccff00</color>
            <width>2</width>
          </LineStyle>
        </Style>
        <MultiGeometry>
          <LineString>
            <tessellate>1</tessellate>
            <altitudeMode>absolute</altitudeMode>
            <coordinates>-112.104713,33.551605,563.88 -112.104324,33.551102,563.88</coordinates>
          </LineString>
        </MultiGeometry>
        <name>P-310</name>
        <description><![CDATA[<div><div><span><b>Altitude:</b></span> <span>1,850 ft</span></div>
<div><span><b>Speed:</b></span> <span>65 kt - 67 kt</span></div>
<div><span><b>Timestamp:</b></span><br/><span>2025-08-19 11:23:10 UTC<br/>2025-08-19 11:23:13 UTC</span></div>
</div>]]></description>
      </Placemark>
      <Placemark>
        <Style>
          <LineStyle>
            <color>ffccff00</color>
            <width>2</width>
          </LineStyle>
        </Style>
        <MultiGeometry>
          <LineString>
            <tessellate>1</tessellate>
            <altitudeMode>absolute</altitudeMode>
            <coordinates>-112.104324,33.551102,563.88 -112.10376,33.55069,571.5</coordinates>
          </LineString>
        </MultiGeometry>
        <name>P-311</name>
        <description><![CDATA[<div><div><span><b>Altitude:</b></span> <span>1,850 ft - 1,875 ft</span></div>
<div><span><b>Speed:</b></span> <span>67 kt - 68 kt</span></div>
<div><span><b>Timestamp:</b></span><br/><span>2025-08-19 11:23:13 UTC<br/>2025-08-19 11:23:15 UTC</span></div>
</div>]]></description>
      </Placemark>
      <Placemark>
        <Style>
          <LineStyle>
            <color>ffccff00</color>
            <width>2</width>
          </LineStyle>
        </Style>
        <MultiGeometry>
          <LineString>
            <tessellate>1</tessellate>
            <altitudeMode>absolute</altitudeMode>
            <coordinates>-112.10376,33.55069,571.5 -112.102867,33.550278,571.5</coordinates>
          </LineString>
        </MultiGeometry>
        <name>P-312</name>
        <description><![CDATA[<div><div><span><b>Altitude:</b></span> <span>1,875 ft</span></div>
<div><span><b>Speed:</b></span> <span>68 kt - 72 kt</span></div>
<div><span><b>Timestamp:</b></span><br/><span>2025-08-19 11:23:15 UTC<br/>2025-08-19 11:23:17 UTC</span></div>
</div>]]></description>
      </Placemark>
      <Placemark>
        <Style>
          <LineStyle>
            <color>ffccff00</color>
            <width>2</width>
          </LineStyle>
        </Style>
        <MultiGeometry>
          <LineString>
            <tessellate>1</tessellate>
            <altitudeMode>absolute</altitudeMode>
            <coordinates>-112.102867,33.550278,571.5 -112.102135,33.550049,571.5</coordinates>
          </LineString>
        </MultiGeometry>
        <name>P-313</name>
        <description><![CDATA[<div><div><span><b>Altitude:</b></span> <span>1,875 ft</span></div>
<div><span><b>Speed:</b></span> <span>72 kt - 74 kt</span></div>
<div><span><b>Timestamp:</b></span><br/><span>2025-08-19 11:23:17 UTC<br/>2025-08-19 11:23:20 UTC</span></div>
</div>]]></description>
      </Placemark>
      <Placemark>
        <Style>
          <LineStyle>
            <color>ffccff00</color>
            <width>2</width>
          </LineStyle>
        </Style>
        <MultiGeometry>
          <LineString>
            <tessellate>1</tessellate>
            <altitudeMode>absolute</altitudeMode>
            <coordinates>-112.102135,33.550049,571.5 -112.100945,33.549965,571.5</coordinates>
          </LineString>
        </MultiGeometry>
        <name>P-314</name>
        <description><![CDATA[<div><div><span><b>Altitude:</b></span> <span>1,875 ft</span></div>
<div><span><b>Speed:</b></span> <span>74 kt - 75 kt</span></div>
<div><span><b>Timestamp:</b></span><br/><span>2025-08-19 11:23:20 UTC<br/>2025-08-19 11:23:22 UTC</span></div>
</div>]]></description>
      </Placemark>
      <Placemark>
        <Style>
          <LineStyle>
            <color>ffccff00</color>
            <width>2</width>
          </LineStyle>
        </Style>
        <MultiGeometry>
          <LineString>
            <tessellate>1</tessellate>
            <altitudeMode>absolute</altitudeMode>
            <coordinates>-112.100945,33.549965,571.5 -112.100082,33.550056,571.5</coordinates>
          </LineString>
        </MultiGeometry>
        <name>P-315</name>
        <description><![CDATA[<div><div><span><b>Altitude:</b></span> <span>1,875 ft</span></div>
<div><span><b>Speed:</b></span> <span>75 kt</span></div>
<div><span><b>Timestamp:</b></span><br/><span>2025-08-19 11:23:22 UTC<br/>2025-08-19 11:23:24 UTC</span></div>
</div>]]></description>
      </Placemark>
      <Placemark>
        <Style>
          <LineStyle>
            <color>ffccff00</color>
            <width>2</width>
          </LineStyle>
        </Style>
        <MultiGeometry>
          <LineString>
            <tessellate>1</tessellate>
            <altitudeMode>absolute</altitudeMode>
            <coordinates>-112.100082,33.550056,571.5 -112.099342,33.550289,571.5</coordinates>
          </LineString>
        </MultiGeometry>
        <name>P-316</name>
        <description><![CDATA[<div><div><span><b>Altitude:</b></span> <span>1,875 ft</span></div>
<div><span><b>Speed:</b></span> <span>75 kt - 74 kt</span></div>
<div><span><b>Timestamp:</b></span><br/><span>2025-08-19 11:23:24 UTC<br/>2025-08-19 11:23:26 UTC</span></div>
</div>]]></description>
      </Placemark>
      <Placemark>
        <Style>
          <LineStyle>
            <color>ffccff00</color>
            <width>2</width>
          </LineStyle>
        </Style>
        <MultiGeometry>
          <LineString>
            <tessellate>1</tessellate>
            <altitudeMode>absolute</altitudeMode>
            <coordinates>-112.099342,33.550289,571.5 -112.098495,33.550781,579.12</coordinates>
          </LineString>
        </MultiGeometry>
        <name>P-317</name>
        <description><![CDATA[<div><div><span><b>Altitude:</b></span> <span>1,875 ft - 1,900 ft</span></div>
<div><span><b>Speed:</b></span> <span>74 kt - 71 kt</span></div>
<div><span><b>Timestamp:</b></span><br/><span>2025-08-19 11:23:26 UTC<br/>2025-08-19 11:23:28 UTC</span></div>
</div>]]></description>
      </Placemark>
      <Placemark>
        <Style>
          <LineStyle>
            <color>ffccff00</color>
            <width>2</width>
          </LineStyle>
        </Style>
        <MultiGeometry>
          <LineString>
            <tessellate>1</tessellate>
            <altitudeMode>absolute</altitudeMode>
            <coordinates>-112.098495,33.550781,579.12 -112.097855,33.551315,579.12</coordinates>
          </LineString>
        </MultiGeometry>
        <name>P-318</name>
        <description><![CDATA[<div><div><span><b>Altitude:</b></span> <span>1,900 ft</span></div>
<div><span><b>Speed:</b></span> <span>71 kt</span></div>
<div><span><b>Timestamp:</b></span><br/><span>2025-08-19 11:23:28 UTC<br/>2025-08-19 11:23:31 UTC</span></div>
</div>]]></description>
      </Placemark>
      <Placemark>
        <Style>
          <LineStyle>
            <color>ffccff00</color>
            <width>2</width>
          </LineStyle>
        </Style>
        <MultiGeometry>
          <LineString>
            <tessellate>1</tessellate>
            <altitudeMode>absolute</altitudeMode>
            <coordinates>-112.097855,33.551315,579.12 -112.097488,33.551834,586.74</coordinates>
          </LineString>
        </MultiGeometry>
        <name>P-319</name>
        <description><![CDATA[<div><div><span><b>Altitude:</b></span> <span>1,900 ft - 1,925 ft</span></div>
<div><span><b>Speed:</b></span> <span>71 kt - 67 kt</span></div>
<div><span><b>Timestamp:</b></span><br/><span>2025-08-19 11:23:31 UTC<br/>2025-08-19 11:23:33 UTC</span></div>
</div>]]></description>
      </Placemark>
      <Placemark>
        <Style>
          <LineStyle>
            <color>ffccff00</color>
            <width>2</width>
          </LineStyle>
        </Style>
        <MultiGeometry>
          <LineString>
            <tessellate>1</tessellate>
            <altitudeMode>absolute</altitudeMode>
            <coordinates>-112.097488,33.551834,586.74 -112.097092,33.552612,586.74</coordinates>
          </LineString>
        </MultiGeometry>
        <name>P-320</name>
        <description><![CDATA[<div><div><span><b>Altitude:</b></span> <span>1,925 ft</span></div>
<div><span><b>Speed:</b></span> <span>67 kt - 62 kt</span></div>
<div><span><b>Timestamp:</b></span><br/><span>2025-08-19 11:23:33 UTC<br/>2025-08-19 11:23:35 UTC</span></div>
</div>]]></description>
      </Placemark>
      <Placemark>
        <Style>
          <LineStyle>
            <color>ffccff00</color>
            <width>2</width>
          </LineStyle>
        </Style>
        <MultiGeometry>
          <LineString>
            <tessellate>1</tessellate>
            <altitudeMode>absolute</altitudeMode>
            <coordinates>-112.097092,33.552612,586.74 -112.097054,33.553131,594.36</coordinates>
          </LineString>
        </MultiGeometry>
        <name>P-321</name>
        <description><![CDATA[<div><div><span><b>Altitude:</b></span> <span>1,925 ft - 1,950 ft</span></div>
<div><span><b>Speed:</b></span> <span>62 kt - 60 kt</span></div>
<div><span><b>Timestamp:</b></span><br/><span>2025-08-19 11:23:35 UTC<br/>2025-08-19 11:23:38 UTC</span></div>
</div>]]></description>
      </Placemark>
      <Placemark>
        <Style>
          <LineStyle>
            <color>ffccff00</color>
            <width>2</width>
          </LineStyle>
        </Style>
        <MultiGeometry>
          <LineString>
            <tessellate>1</tessellate>
            <altitudeMode>absolute</altitudeMode>
            <coordinates>-112.097054,33.553131,594.36 -112.097054,33.553688,594.36</coordinates>
          </LineString>
        </MultiGeometry>
        <name>P-322</name>
        <description><![CDATA[<div><div><span><b>Altitude:</b></span> <span>1,950 ft</span></div>
<div><span><b>Speed:</b></span> <span>60 kt - 57 kt</span></div>
<div><span><b>Timestamp:</b></span><br/><span>2025-08-19 11:23:38 UTC<br/>2025-08-19 11:23:40 UTC</span></div>
</div>]]></description>
      </Placemark>
      <Placemark>
        <Style>
          <LineStyle>
            <color>ffccff00</color>
            <width>2</width>
          </LineStyle>
        </Style>
        <MultiGeometry>
          <LineString>
            <tessellate>1</tessellate>
            <altitudeMode>absolute</altitudeMode>
            <coordinates>-112.097054,33.553688,594.36 -112.09726,33.554352,601.98</coordinates>
          </LineString>
        </MultiGeometry>
        <name>P-323</name>
        <description><![CDATA[<div><div><span><b>Altitude:</b></span> <span>1,950 ft - 1,975 ft</span></div>
<div><span><b>Speed:</b></span> <span>57 kt - 55 kt</span></div>
<div><span><b>Timestamp:</b></span><br/><span>2025-08-19 11:23:40 UTC<br/>2025-08-19 11:23:42 UTC</span></div>
</div>]]></description>
      </Placemark>
      <Placemark>
        <Style>
          <LineStyle>
            <color>ff42ff00</color>
            <width>2</width>
          </LineStyle>
        </Style>
        <MultiGeometry>
          <LineString>
            <tessellate>1</tessellate>
            <altitudeMode>absolute</altitudeMode>
            <coordinates>-112.09726,33.554352,601.98 -112.097595,33.554855,601.98</coordinates>
          </LineString>
        </MultiGeometry>
        <name>P-324</name>
        <description><![CDATA[<div><div><span><b>Altitude:</b></span> <span>1,975 ft</span></div>
<div><span><b>Speed:</b></span> <span>55 kt - 53 kt</span></div>
<div><span><b>Timestamp:</b></span><br/><span>2025-08-19 11:23:42 UTC<br/>2025-08-19 11:23:44 UTC</span></div>
</div>]]></description>
      </Placemark>
      <Placemark>
        <Style>
          <LineStyle>
            <color>ff42ff00</color>
            <width>2</width>
          </LineStyle>
        </Style>
        <MultiGeometry>
          <LineString>
            <tessellate>1</tessellate>
            <altitudeMode>absolute</altitudeMode>
            <coordinates>-112.097595,33.554855,601.98 -112.097916,33.555134,601.98</coordinates>
          </LineString>
        </MultiGeometry>
        <name>P-325</name>
        <description><![CDATA[<div><div><span><b>Altitude:</b></span> <span>1,975 ft</span></div>
<div><span><b>Speed:</b></span> <span>53 kt - 55 kt</span></div>
<div><span><b>Timestamp:</b></span><br/><span>2025-08-19 11:23:44 UTC<br/>2025-08-19 11:23:46 UTC</span></div>
</div>]]></description>
      </Placemark>
      <Placemark>
        <Style>
          <LineStyle>
            <color>ff42ff00</color>
            <width>2</width>
          </LineStyle>
        </Style>
        <MultiGeometry>
          <LineString>
            <tessellate>1</tessellate>
            <altitudeMode>absolute</altitudeMode>
            <coordinates>-112.097916,33.555134,601.98 -112.098442,33.555588,601.98</coordinates>
          </LineString>
        </MultiGeometry>
        <name>P-326</name>
        <description><![CDATA[<div><div><span><b>Altitude:</b></span> <span>1,975 ft</span></div>
<div><span><b>Speed:</b></span> <span>55 kt - 56 kt</span></div>
<div><span><b>Timestamp:</b></span><br/><span>2025-08-19 11:23:46 UTC<br/>2025-08-19 11:23:49 UTC</span></div>
</div>]]></description>
      </Placemark>
      <Placemark>
        <Style>
          <LineStyle>
            <color>ff42ff00</color>
            <width>2</width>
          </LineStyle>
        </Style>
        <MultiGeometry>
          <LineString>
            <tessellate>1</tessellate>
            <altitudeMode>absolute</altitudeMode>
            <coordinates>-112.098442,33.555588,601.98 -112.098938,33.555923,601.98</coordinates>
          </LineString>
        </MultiGeometry>
        <name>P-327</name>
        <description><![CDATA[<div><div><span><b>Altitude:</b></span> <span>1,975 ft</span></div>
<div><span><b>Speed:</b></span> <span>56 kt - 57 kt</span></div>
<div><span><b>Timestamp:</b></span><br/><span>2025-08-19 11:23:49 UTC<br/>2025-08-19 11:23:51 UTC</span></div>
</div>]]></description>
      </Placemark>
      <Placemark>
        <Style>
          <LineStyle>
            <color>ff42ff00</color>
            <width>2</width>
          </LineStyle>
        </Style>
        <MultiGeometry>
          <LineString>
            <tessellate>1</tessellate>
            <altitudeMode>absolute</altitudeMode>
            <coordinates>-112.098938,33.555923,601.98 -112.099617,33.55632,601.98</coordinates>
          </LineString>
        </MultiGeometry>
        <name>P-328</name>
        <description><![CDATA[<div><div><span><b>Altitude:</b></span> <span>1,975 ft</span></div>
<div><span><b>Speed:</b></span> <span>57 kt - 56 kt</span></div>
<div><span><b>Timestamp:</b></span><br/><span>2025-08-19 11:23:51 UTC<br/>2025-08-19 11:23:53 UTC</span></div>
</div>]]></description>
      </Placemark>
      <Placemark>
        <Style>
          <LineStyle>
            <color>ff42ff00</color>
            <width>2</width>
          </LineStyle>
        </Style>
        <MultiGeometry>
          <LineString>
            <tessellate>1</tessellate>
            <altitudeMode>absolute</altitudeMode>
            <coordinates>-112.099617,33.55632,601.98 -112.100006,33.556549,601.98</coordinates>
          </LineString>
        </MultiGeometry>
        <name>P-329</name>
        <description><![CDATA[<div><div><span><b>Altitude:</b></span> <span>1,975 ft</span></div>
<div><span><b>Speed:</b></span> <span>56 kt - 55 kt</span></div>
<div><span><b>Timestamp:</b></span><br/><span>2025-08-19 11:23:53 UTC<br/>2025-08-19 11:23:55 UTC</span></div>
</div>]]></description>
      </Placemark>
      <Placemark>
        <Style>
          <LineStyle>
            <color>ff42ff00</color>
            <width>2</width>
          </LineStyle>
        </Style>
        <MultiGeometry>
          <LineString>
            <tessellate>1</tessellate>
            <altitudeMode>absolute</altitudeMode>
            <coordinates>-112.100006,33.556549,601.98 -112.10083,33.556808,609.6</coordinates>
          </LineString>
        </MultiGeometry>
        <name>P-330</name>
        <description><![CDATA[<div><div><span><b>Altitude:</b></span> <span>1,975 ft - 2,000 ft</span></div>
<div><span><b>Speed:</b></span> <span>55 kt - 57 kt</span></div>
<div><span><b>Timestamp:</b></span><br/><span>2025-08-19 11:23:55 UTC<br/>2025-08-19 11:23:57 UTC</span></div>
</div>]]></description>
      </Placemark>
      <Placemark>
        <Style>
          <LineStyle>
            <color>ff42ff00</color>
            <width>2</width>
          </LineStyle>
        </Style>
        <MultiGeometry>
          <LineString>
            <tessellate>1</tessellate>
            <altitudeMode>absolute</altitudeMode>
            <coordinates>-112.10083,33.556808,609.6 -112.101456,33.55695,609.6</coordinates>
          </LineString>
        </MultiGeometry>
        <name>P-331</name>
        <description><![CDATA[<div><div><span><b>Altitude:</b></span> <span>2,000 ft</span></div>
<div><span><b>Speed:</b></span> <span>57 kt - 60 kt</span></div>
<div><span><b>Timestamp:</b></span><br/><span>2025-08-19 11:23:57 UTC<br/>2025-08-19 11:24:00 UTC</span></div>
</div>]]></description>
      </Placemark>
      <Placemark>
        <Style>
          <LineStyle>
            <color>ff42ff00</color>
            <width>2</width>
          </LineStyle>
        </Style>
        <MultiGeometry>
          <LineString>
            <tessellate>1</tessellate>
            <altitudeMode>absolute</altitudeMode>
            <coordinates>-112.101456,33.55695,609.6 -112.102264,33.557087,601.98</coordinates>
          </LineString>
        </MultiGeometry>
        <name>P-332</name>
        <description><![CDATA[<div><div><span><b>Altitude:</b></span> <span>2,000 ft - 1,975 ft</span></div>
<div><span><b>Speed:</b></span> <span>60 kt - 62 kt</span></div>
<div><span><b>Timestamp:</b></span><br/><span>2025-08-19 11:24:00 UTC<br/>2025-08-19 11:24:02 UTC</span></div>
</div>]]></description>
      </Placemark>
      <Placemark>
        <Style>
          <LineStyle>
            <color>ff42ff00</color>
            <width>2</width>
          </LineStyle>
        </Style>
        <MultiGeometry>
          <LineString>
            <tessellate>1</tessellate>
            <altitudeMode>absolute</altitudeMode>
            <coordinates>-112.102264,33.557087,601.98 -112.103088,33.557144,601.98</coordinates>
          </LineString>
        </MultiGeometry>
        <name>P-333</name>
        <description><![CDATA[<div><div><span><b>Altitude:</b></span> <span>1,975 ft</span></div>
<div><span><b>Speed:</b></span> <span>62 kt - 64 kt</span></div>
<div><span><b>Timestamp:</b></span><br/><span>2025-08-19 11:24:02 UTC<br/>2025-08-19 11:24:04 UTC</span></div>
</div>]]></description>
      </Placemark>
      <Placemark>
        <Style>
          <LineStyle>
            <color>ff42ff00</color>
            <width>2</width>
          </LineStyle>
        </Style>
        <MultiGeometry>
          <LineString>
            <tessellate>1</tessellate>
            <altitudeMode>absolute</altitudeMode>
            <coordinates>-112.103088,33.557144,601.98 -112.103973,33.557133,594.36</coordinates>
          </LineString>
        </MultiGeometry>
        <name>P-334</name>
        <description><![CDATA[<div><div><span><b>Altitude:</b></span> <span>1,975 ft - 1,950 ft</span></div>
<div><span><b>Speed:</b></span> <span>64 kt - 63 kt</span></div>
<div><span><b>Timestamp:</b></span><br/><span>2025-08-19 11:24:04 UTC<br/>2025-08-19 11:24:07 UTC</span></div>
</div>]]></description>
      </Placemark>
      <Placemark>
        <Style>
          <LineStyle>
            <color>ffccff00</color>
            <width>2</width>
          </LineStyle>
        </Style>
        <MultiGeometry>
          <LineString>
            <tessellate>1</tessellate>
            <altitudeMode>absolute</altitudeMode>
            <coordinates>-112.103973,33.557133,594.36 -112.104607,33.557053,594.36</coordinates>
          </LineString>
        </MultiGeometry>
        <name>P-335</name>
        <description><![CDATA[<div><div><span><b>Altitude:</b></span> <span>1,950 ft</span></div>
<div><span><b>Speed:</b></span> <span>63 kt - 62 kt</span></div>
<div><span><b>Timestamp:</b></span><br/><span>2025-08-19 11:24:07 UTC<br/>2025-08-19 11:24:09 UTC</span></div>
</div>]]></description>
      </Placemark>
      <Placemark>
        <Style>
          <LineStyle>
            <color>ffccff00</color>
            <width>2</width>
          </LineStyle>
        </Style>
        <MultiGeometry>
          <LineString>
            <tessellate>1</tessellate>
            <altitudeMode>absolute</altitudeMode>
            <coordinates>-112.104607,33.557053,594.36 -112.105293,33.55695,601.98</coordinates>
          </LineString>
        </MultiGeometry>
        <name>P-336</name>
        <description><![CDATA[<div><div><span><b>Altitude:</b></span> <span>1,950 ft - 1,975 ft</span></div>
<div><span><b>Speed:</b></span> <span>62 kt</span></div>
<div><span><b>Timestamp:</b></span><br/><span>2025-08-19 11:24:09 UTC<br/>2025-08-19 11:24:11 UTC</span></div>
</div>]]></description>
      </Placemark>
      <Placemark>
        <Style>
          <LineStyle>
            <color>ff42ff00</color>
            <width>2</width>
          </LineStyle>
        </Style>
        <MultiGeometry>
          <LineString>
            <tessellate>1</tessellate>
            <altitudeMode>absolute</altitudeMode>
            <coordinates>-112.105293,33.55695,601.98 -112.106232,33.556686,594.36</coordinates>
          </LineString>
        </MultiGeometry>
        <name>P-337</name>
        <description><![CDATA[<div><div><span><b>Altitude:</b></span> <span>1,975 ft - 1,950 ft</span></div>
<div><span><b>Speed:</b></span> <span>62 kt</span></div>
<div><span><b>Timestamp:</b></span><br/><span>2025-08-19 11:24:11 UTC<br/>2025-08-19 11:24:13 UTC</span></div>
</div>]]></description>
      </Placemark>
      <Placemark>
        <Style>
          <LineStyle>
            <color>ffccff00</color>
            <width>2</width>
          </LineStyle>
        </Style>
        <MultiGeometry>
          <LineString>
            <tessellate>1</tessellate>
            <altitudeMode>absolute</altitudeMode>
            <coordinates>-112.106232,33.556686,594.36 -112.106903,33.556458,601.98</coordinates>
          </LineString>
        </MultiGeometry>
        <name>P-338</name>
        <description><![CDATA[<div><div><span><b>Altitude:</b></span> <span>1,950 ft - 1,975 ft</span></div>
<div><span><b>Speed:</b></span> <span>62 kt - 63 kt</span></div>
<div><span><b>Timestamp:</b></span><br/><span>2025-08-19 11:24:13 UTC<br/>2025-08-19 11:24:15 UTC</span></div>
</div>]]></description>
      </Placemark>
      <Placemark>
        <Style>
          <LineStyle>
            <color>ff42ff00</color>
            <width>2</width>
          </LineStyle>
        </Style>
        <MultiGeometry>
          <LineString>
            <tessellate>1</tessellate>
            <altitudeMode>absolute</altitudeMode>
            <coordinates>-112.106903,33.556458,601.98 -112.107468,33.556156,594.36</coordinates>
          </LineString>
        </MultiGeometry>
        <name>P-339</name>
        <description><![CDATA[<div><div><span><b>Altitude:</b></span> <span>1,975 ft - 1,950 ft</span></div>
<div><span><b>Speed:</b></span> <span>63 kt</span></div>
<div><span><b>Timestamp:</b></span><br/><span>2025-08-19 11:24:15 UTC<br/>2025-08-19 11:24:18 UTC</span></div>
</div>]]></description>
      </Placemark>
      <Placemark>
        <Style>
          <LineStyle>
            <color>ffccff00</color>
            <width>2</width>
          </LineStyle>
        </Style>
        <MultiGeometry>
          <LineString>
            <tessellate>1</tessellate>
            <altitudeMode>absolute</altitudeMode>
            <coordinates>-112.107468,33.556156,594.36 -112.108192,33.555771,594.36</coordinates>
          </LineString>
        </MultiGeometry>
        <name>P-340</name>
        <description><![CDATA[<div><div><span><b>Altitude:</b></span> <span>1,950 ft</span></div>
<div><span><b>Speed:</b></span> <span>63 kt - 61 kt</span></div>
<div><span><b>Timestamp:</b></span><br/><span>2025-08-19 11:24:18 UTC<br/>2025-08-19 11:24:20 UTC</span></div>
</div>]]></description>
      </Placemark>
      <Placemark>
        <Style>
          <LineStyle>
            <color>ffccff00</color>
            <width>2</width>
          </LineStyle>
        </Style>
        <MultiGeometry>
          <LineString>
            <tessellate>1</tessellate>
            <altitudeMode>absolute</altitudeMode>
            <coordinates>-112.108192,33.555771,594.36 -112.108696,33.555405,601.98</coordinates>
          </LineString>
        </MultiGeometry>
        <name>P-341</name>
        <description><![CDATA[<div><div><span><b>Altitude:</b></span> <span>1,950 ft - 1,975 ft</span></div>
<div><span><b>Speed:</b></span> <span>61 kt - 60 kt</span></div>
<div><span><b>Timestamp:</b></span><br/><span>2025-08-19 11:24:20 UTC<br/>2025-08-19 11:24:22 UTC</span></div>
</div>]]></description>
      </Placemark>
      <Placemark>
        <Style>
          <LineStyle>
            <color>ff42ff00</color>
            <width>2</width>
          </LineStyle>
        </Style>
        <MultiGeometry>
          <LineString>
            <tessellate>1</tessellate>
            <altitudeMode>absolute</altitudeMode>
            <coordinates>-112.108696,33.555405,601.98 -112.109238,33.554901,601.98</coordinates>
          </LineString>
        </MultiGeometry>
        <name>P-342</name>
        <description><![CDATA[<div><div><span><b>Altitude:</b></span> <span>1,975 ft</span></div>
<div><span><b>Speed:</b></span> <span>60 kt - 62 kt</span></div>
<div><span><b>Timestamp:</b></span><br/><span>2025-08-19 11:24:22 UTC<br/>2025-08-19 11:24:24 UTC</span></div>
</div>]]></description>
      </Placemark>
      <Placemark>
        <Style>
          <LineStyle>
            <color>ff42ff00</color>
            <width>2</width>
          </LineStyle>
        </Style>
        <MultiGeometry>
          <LineString>
            <tessellate>1</tessellate>
            <altitudeMode>absolute</altitudeMode>
            <coordinates>-112.109238,33.554901,601.98 -112.109596,33.554352,601.98</coordinates>
          </LineString>
        </MultiGeometry>
        <name>P-343</name>
        <description><![CDATA[<div><div><span><b>Altitude:</b></span> <span>1,975 ft</span></div>
<div><span><b>Speed:</b></span> <span>62 kt - 65 kt</span></div>
<div><span><b>Timestamp:</b></span><br/><span>2025-08-19 11:24:24 UTC<br/>2025-08-19 11:24:26 UTC</span></div>
</div>]]></description>
      </Placemark>
      <Placemark>
        <Style>
          <LineStyle>
            <color>ff42ff00</color>
            <width>2</width>
          </LineStyle>
        </Style>
        <MultiGeometry>
          <LineString>
            <tessellate>1</tessellate>
            <altitudeMode>absolute</altitudeMode>
            <coordinates>-112.109596,33.554352,601.98 -112.109756,33.553642,594.36</coordinates>
          </LineString>
        </MultiGeometry>
        <name>P-344</name>
        <description><![CDATA[<div><div><span><b>Altitude:</b></span> <span>1,975 ft - 1,950 ft</span></div>
<div><span><b>Speed:</b></span> <span>65 kt - 69 kt</span></div>
<div><span><b>Timestamp:</b></span><br/><span>2025-08-19 11:24:26 UTC<br/>2025-08-19 11:24:28 UTC</span></div>
</div>]]></description>
      </Placemark>
      <Placemark>
        <Style>
          <LineStyle>
            <color>ffccff00</color>
            <width>2</width>
          </LineStyle>
        </Style>
        <MultiGeometry>
          <LineString>
            <tessellate>1</tessellate>
            <altitudeMode>absolute</altitudeMode>
            <coordinates>-112.109756,33.553642,594.36 -112.109703,33.552979,586.74</coordinates>
          </LineString>
        </MultiGeometry>
        <name>P-345</name>
        <description><![CDATA[<div><div><span><b>Altitude:</b></span> <span>1,950 ft - 1,925 ft</span></div>
<div><span><b>Speed:</b></span> <span>69 kt - 70 kt</span></div>
<div><span><b>Timestamp:</b></span><br/><span>2025-08-19 11:24:28 UTC<br/>2025-08-19 11:24:31 UTC</span></div>
</div>]]></description>
      </Placemark>
      <Placemark>
        <Style>
          <LineStyle>
            <color>ffccff00</color>
            <width>2</width>
          </LineStyle>
        </Style>
        <MultiGeometry>
          <LineString>
            <tessellate>1</tessellate>
            <altitudeMode>absolute</altitudeMode>
            <coordinates>-112.109703,33.552979,586.74 -112.109299,33.552387,586.74</coordinates>
          </LineString>
        </MultiGeometry>
        <name>P-346</name>
        <description><![CDATA[<div><div><span><b>Altitude:</b></span> <span>1,925 ft</span></div>
<div><span><b>Speed:</b></span> <span>70 kt - 72 kt</span></div>
<div><span><b>Timestamp:</b></span><br/><span>2025-08-19 11:24:31 UTC<br/>2025-08-19 11:24:33 UTC</span></div>
</div>]]></description>
      </Placemark>
      <Placemark>
        <Style>
          <LineStyle>
            <color>ffccff00</color>
            <width>2</width>
          </LineStyle>
        </Style>
        <MultiGeometry>
          <LineString>
            <tessellate>1</tessellate>
            <altitudeMode>absolute</altitudeMode>
            <coordinates>-112.109299,33.552387,586.74 -112.108528,33.551971,594.36</coordinates>
          </LineString>
        </MultiGeometry>
        <name>P-347</name>
        <description><![CDATA[<div><div><span><b>Altitude:</b></span> <span>1,925 ft - 1,950 ft</span></div>
<div><span><b>Speed:</b></span> <span>72 kt - 75 kt</span></div>
<div><span><b>Timestamp:</b></span><br/><span>2025-08-19 11:24:33 UTC<br/>2025-08-19 11:24:35 UTC</span></div>
</div>]]></description>
      </Placemark>
      <Placemark>
        <Style>
          <LineStyle>
            <color>ffccff00</color>
            <width>2</width>
          </LineStyle>
        </Style>
        <MultiGeometry>
          <LineString>
            <tessellate>1</tessellate>
            <altitudeMode>absolute</altitudeMode>
            <coordinates>-112.108528,33.551971,594.36 -112.107635,33.551781,579.12</coordinates>
          </LineString>
        </MultiGeometry>
        <name>P-348</name>
        <description><![CDATA[<div><div><span><b>Altitude:</b></span> <span>1,950 ft - 1,900 ft</span></div>
<div><span><b>Speed:</b></span> <span>75 kt - 80 kt</span></div>
<div><span><b>Timestamp:</b></span><br/><span>2025-08-19 11:24:35 UTC<br/>2025-08-19 11:24:37 UTC</span></div>
</div>]]></description>
      </Placemark>
      <Placemark>
        <Style>
          <LineStyle>
            <color>ffccff00</color>
            <width>2</width>
          </LineStyle>
        </Style>
        <MultiGeometry>
          <LineString>
            <tessellate>1</tessellate>
            <altitudeMode>absolute</altitudeMode>
            <coordinates>-112.107635,33.551781,579.12 -112.106552,33.551548,579.12</coordinates>
          </LineString>
        </MultiGeometry>
        <name>P-349</name>
        <description><![CDATA[<div><div><span><b>Altitude:</b></span> <span>1,900 ft</span></div>
<div><span><b>Speed:</b></span> <span>80 kt - 82 kt</span></div>
<div><span><b>Timestamp:</b></span><br/><span>2025-08-19 11:24:37 UTC<br/>2025-08-19 11:24:39 UTC</span></div>
</div>]]></description>
      </Placemark>
      <Placemark>
        <Style>
          <LineStyle>
            <color>ffccff00</color>
            <width>2</width>
          </LineStyle>
        </Style>
        <MultiGeometry>
          <LineString>
            <tessellate>1</tessellate>
            <altitudeMode>absolute</altitudeMode>
            <coordinates>-112.106552,33.551548,579.12 -112.105728,33.551376,579.12</coordinates>
          </LineString>
        </MultiGeometry>
        <name>P-350</name>
        <description><![CDATA[<div><div><span><b>Altitude:</b></span> <span>1,900 ft</span></div>
<div><span><b>Speed:</b></span> <span>82 kt - 84 kt</span></div>
<div><span><b>Timestamp:</b></span><br/><span>2025-08-19 11:24:39 UTC<br/>2025-08-19 11:24:42 UTC</span></div>
</div>]]></description>
      </Placemark>
      <Placemark>
        <Style>
          <LineStyle>
            <color>ffccff00</color>
            <width>2</width>
          </LineStyle>
        </Style>
        <MultiGeometry>
          <LineString>
            <tessellate>1</tessellate>
            <altitudeMode>absolute</altitudeMode>
            <coordinates>-112.105728,33.551376,579.12 -112.10466,33.551056,571.5</coordinates>
          </LineString>
        </MultiGeometry>
        <name>P-351</name>
        <description><![CDATA[<div><div><span><b>Altitude:</b></span> <span>1,900 ft - 1,875 ft</span></div>
<div><span><b>Speed:</b></span> <span>84 kt - 85 kt</span></div>
<div><span><b>Timestamp:</b></span><br/><span>2025-08-19 11:24:42 UTC<br/>2025-08-19 11:24:44 UTC</span></div>
</div>]]></description>
      </Placemark>
      <Placemark>
        <Style>
          <LineStyle>
            <color>ffccff00</color>
            <width>2</width>
          </LineStyle>
        </Style>
        <MultiGeometry>
          <LineString>
            <tessellate>1</tessellate>
            <altitudeMode>absolute</altitudeMode>
            <coordinates>-112.10466,33.551056,571.5 -112.103691,33.550804,571.5</coordinates>
          </LineString>
        </MultiGeometry>
        <name>P-352</name>
        <description><![CDATA[<div><div><span><b>Altitude:</b></span> <span>1,875 ft</span></div>
<div><span><b>Speed:</b></span> <span>85 kt - 86 kt</span></div>
<div><span><b>Timestamp:</b></span><br/><span>2025-08-19 11:24:44 UTC<br/>2025-08-19 11:24:46 UTC</span></div>
</div>]]></description>
      </Placemark>
      <Placemark>
        <Style>
          <LineStyle>
            <color>ffccff00</color>
            <width>2</width>
          </LineStyle>
        </Style>
        <MultiGeometry>
          <LineString>
            <tessellate>1</tessellate>
            <altitudeMode>absolute</altitudeMode>
            <coordinates>-112.103691,33.550804,571.5 -112.102776,33.550571,571.5</coordinates>
          </LineString>
        </MultiGeometry>
        <name>P-353</name>
        <description><![CDATA[<div><div><span><b>Altitude:</b></span> <span>1,875 ft</span></div>
<div><span><b>Speed:</b></span> <span>86 kt</span></div>
<div><span><b>Timestamp:</b></span><br/><span>2025-08-19 11:24:46 UTC<br/>2025-08-19 11:24:48 UTC</span></div>
</div>]]></description>
      </Placemark>
      <Placemark>
        <Style>
          <LineStyle>
            <color>ffccff00</color>
            <width>2</width>
          </LineStyle>
        </Style>
        <MultiGeometry>
          <LineString>
            <tessellate>1</tessellate>
            <altitudeMode>absolute</altitudeMode>
            <coordinates>-112.102776,33.550571,571.5 -112.101631,33.550278,571.5</coordinates>
          </LineString>
        </MultiGeometry>
        <name>P-354</name>
        <description><![CDATA[<div><div><span><b>Altitude:</b></span> <span>1,875 ft</span></div>
<div><span><b>Speed:</b></span> <span>86 kt - 85 kt</span></div>
<div><span><b>Timestamp:</b></span><br/><span>2025-08-19 11:24:48 UTC<br/>2025-08-19 11:24:50 UTC</span></div>
</div>]]></description>
      </Placemark>
      <Placemark>
        <Style>
          <LineStyle>
            <color>ffccff00</color>
            <width>2</width>
          </LineStyle>
        </Style>
        <MultiGeometry>
          <LineString>
            <tessellate>1</tessellate>
            <altitudeMode>absolute</altitudeMode>
            <coordinates>-112.101631,33.550278,571.5 -112.100662,33.550152,571.5</coordinates>
          </LineString>
        </MultiGeometry>
        <name>P-355</name>
        <description><![CDATA[<div><div><span><b>Altitude:</b></span> <span>1,875 ft</span></div>
<div><span><b>Speed:</b></span> <span>85 kt - 82 kt</span></div>
<div><span><b>Timestamp:</b></span><br/><span>2025-08-19 11:24:50 UTC<br/>2025-08-19 11:24:52 UTC</span></div>
</div>]]></description>
      </Placemark>
      <Placemark>
        <Style>
          <LineStyle>
            <color>ffccff00</color>
            <width>2</width>
          </LineStyle>
        </Style>
        <MultiGeometry>
          <LineString>
            <tessellate>1</tessellate>
            <altitudeMode>absolute</altitudeMode>
            <coordinates>-112.100662,33.550152,571.5 -112.099518,33.550152,579.12</coordinates>
          </LineString>
        </MultiGeometry>
        <name>P-356</name>
        <description><![CDATA[<div><div><span><b>Altitude:</b></span> <span>1,875 ft - 1,900 ft</span></div>
<div><span><b>Speed:</b></span> <span>82 kt - 79 kt</span></div>
<div><span><b>Timestamp:</b></span><br/><span>2025-08-19 11:24:52 UTC<br/>2025-08-19 11:24:55 UTC</span></div>
</div>]]></description>
      </Placemark>
      <Placemark>
        <Style>
          <LineStyle>
            <color>ffccff00</color>
            <width>2</width>
          </LineStyle>
        </Style>
        <MultiGeometry>
          <LineString>
            <tessellate>1</tessellate>
            <altitudeMode>absolute</altitudeMode>
            <coordinates>-112.099518,33.550152,579.12 -112.098717,33.550369,586.74</coordinates>
          </LineString>
        </MultiGeometry>
        <name>P-357</name>
        <description><![CDATA[<div><div><span><b>Altitude:</b></span> <span>1,900 ft - 1,925 ft</span></div>
<div><span><b>Speed:</b></span> <span>79 kt - 78 kt</span></div>
<div><span><b>Timestamp:</b></span><br/><span>2025-08-19 11:24:55 UTC<br/>2025-08-19 11:24:57 UTC</span></div>
</div>]]></description>
      </Placemark>
      <Placemark>
        <Style>
          <LineStyle>
            <color>ffccff00</color>
            <width>2</width>
          </LineStyle>
        </Style>
        <MultiGeometry>
          <LineString>
            <tessellate>1</tessellate>
            <altitudeMode>absolute</altitudeMode>
            <coordinates>-112.098717,33.550369,586.74 -112.097855,33.55085,586.74</coordinates>
          </LineString>
        </MultiGeometry>
        <name>P-358</name>
        <description><![CDATA[<div><div><span><b>Altitude:</b></span> <span>1,925 ft</span></div>
<div><span><b>Speed:</b></span> <span>78 kt - 76 kt</span></div>
<div><span><b>Timestamp:</b></span><br/><span>2025-08-19 11:24:57 UTC<br/>2025-08-19 11:25:00 UTC</span></div>
</div>]]></description>
      </Placemark>
      <Placemark>
        <Style>
          <LineStyle>
            <color>ffccff00</color>
            <width>2</width>
          </LineStyle>
        </Style>
        <MultiGeometry>
          <LineString>
            <tessellate>1</tessellate>
            <altitudeMode>absolute</altitudeMode>
            <coordinates>-112.097855,33.55085,586.74 -112.097282,33.551407,586.74</coordinates>
          </LineString>
        </MultiGeometry>
        <name>P-359</name>
        <description><![CDATA[<div><div><span><b>Altitude:</b></span> <span>1,925 ft</span></div>
<div><span><b>Speed:</b></span> <span>76 kt - 77 kt</span></div>
<div><span><b>Timestamp:</b></span><br/><span>2025-08-19 11:25:00 UTC<br/>2025-08-19 11:25:02 UTC</span></div>
</div>]]></description>
      </Placemark>
      <Placemark>
        <Style>
          <LineStyle>
            <color>ffccff00</color>
            <width>2</width>
          </LineStyle>
        </Style>
        <MultiGeometry>
          <LineString>
            <tessellate>1</tessellate>
            <altitudeMode>absolute</altitudeMode>
            <coordinates>-112.097282,33.551407,586.74 -112.096756,33.552155,586.74</coordinates>
          </LineString>
        </MultiGeometry>
        <name>P-360</name>
        <description><![CDATA[<div><div><span><b>Altitude:</b></span> <span>1,925 ft</span></div>
<div><span><b>Speed:</b></span> <span>77 kt</span></div>
<div><span><b>Timestamp:</b></span><br/><span>2025-08-19 11:25:02 UTC<br/>2025-08-19 11:25:04 UTC</span></div>
</div>]]></description>
      </Placemark>
      <Placemark>
        <Style>
          <LineStyle>
            <color>ffccff00</color>
            <width>2</width>
          </LineStyle>
        </Style>
        <MultiGeometry>
          <LineString>
            <tessellate>1</tessellate>
            <altitudeMode>absolute</altitudeMode>
            <coordinates>-112.096756,33.552155,586.74 -112.096542,33.552898,586.74</coordinates>
          </LineString>
        </MultiGeometry>
        <name>P-361</name>
        <description><![CDATA[<div><div><span><b>Altitude:</b></span> <span>1,925 ft</span></div>
<div><span><b>Speed:</b></span> <span>77 kt - 76 kt</span></div>
<div><span><b>Timestamp:</b></span><br/><span>2025-08-19 11:25:04 UTC<br/>2025-08-19 11:25:06 UTC</span></div>
</div>]]></description>
      </Placemark>
      <Placemark>
        <Style>
          <LineStyle>
            <color>ffccff00</color>
            <width>2</width>
          </LineStyle>
        </Style>
        <MultiGeometry>
          <LineString>
            <tessellate>1</tessellate>
            <altitudeMode>absolute</altitudeMode>
            <coordinates>-112.096542,33.552898,586.74 -112.096481,33.553783,586.74</coordinates>
          </LineString>
        </MultiGeometry>
        <name>P-362</name>
        <description><![CDATA[<div><div><span><b>Altitude:</b></span> <span>1,925 ft</span></div>
<div><span><b>Speed:</b></span> <span>76 kt - 74 kt</span></div>
<div><span><b>Timestamp:</b></span><br/><span>2025-08-19 11:25:06 UTC<br/>2025-08-19 11:25:09 UTC</span></div>
</div>]]></description>
      </Placemark>
      <Placemark>
        <Style>
          <LineStyle>
            <color>ffccff00</color>
            <width>2</width>
          </LineStyle>
        </Style>
        <MultiGeometry>
          <LineString>
            <tessellate>1</tessellate>
            <altitudeMode>absolute</altitudeMode>
            <coordinates>-112.096481,33.553783,586.74 -112.09671,33.554482,586.74</coordinates>
          </LineString>
        </MultiGeometry>
        <name>P-363</name>
        <description><![CDATA[<div><div><span><b>Altitude:</b></span> <span>1,925 ft</span></div>
<div><span><b>Speed:</b></span> <span>74 kt - 70 kt</span></div>
<div><span><b>Timestamp:</b></span><br/><span>2025-08-19 11:25:09 UTC<br/>2025-08-19 11:25:11 UTC</span></div>
</div>]]></description>
      </Placemark>
      <Placemark>
        <Style>
          <LineStyle>
            <color>ffccff00</color>
            <width>2</width>
          </LineStyle>
        </Style>
        <MultiGeometry>
          <LineString>
            <tessellate>1</tessellate>
            <altitudeMode>absolute</altitudeMode>
            <coordinates>-112.09671,33.554482,586.74 -112.097038,33.555084,586.74</coordinates>
          </LineString>
        </MultiGeometry>
        <name>P-364</name>
        <description><![CDATA[<div><div><span><b>Altitude:</b></span> <span>1,925 ft</span></div>
<div><span><b>Speed:</b></span> <span>70 kt - 65 kt</span></div>
<div><span><b>Timestamp:</b></span><br/><span>2025-08-19 11:25:11 UTC<br/>2025-08-19 11:25:13 UTC</span></div>
</div>]]></description>
      </Placemark>
      <Placemark>
        <Style>
          <LineStyle>
            <color>ffccff00</color>
            <width>2</width>
          </LineStyle>
        </Style>
        <MultiGeometry>
          <LineString>
            <tessellate>1</tessellate>
            <altitudeMode>absolute</altitudeMode>
            <coordinates>-112.097038,33.555084,586.74 -112.097542,33.555542,586.74</coordinates>
          </LineString>
        </MultiGeometry>
        <name>P-365</name>
        <description><![CDATA[<div><div><span><b>Altitude:</b></span> <span>1,925 ft</span></div>
<div><span><b>Speed:</b></span> <span>65 kt - 63 kt</span></div>
<div><span><b>Timestamp:</b></span><br/><span>2025-08-19 11:25:13 UTC<br/>2025-08-19 11:25:15 UTC</span></div>
</div>]]></description>
      </Placemark>
      <Placemark>
        <Style>
          <LineStyle>
            <color>ffccff00</color>
            <width>2</width>
          </LineStyle>
        </Style>
        <MultiGeometry>
          <LineString>
            <tessellate>1</tessellate>
            <altitudeMode>absolute</altitudeMode>
            <coordinates>-112.097542,33.555542,586.74 -112.098099,33.555862,586.74</coordinates>
          </LineString>
        </MultiGeometry>
        <name>P-366</name>
        <description><![CDATA[<div><div><span><b>Altitude:</b></span> <span>1,925 ft</span></div>
<div><span><b>Speed:</b></span> <span>63 kt - 64 kt</span></div>
<div><span><b>Timestamp:</b></span><br/><span>2025-08-19 11:25:15 UTC<br/>2025-08-19 11:25:17 UTC</span></div>
</div>]]></description>
      </Placemark>
      <Placemark>
        <Style>
          <LineStyle>
            <color>ffccff00</color>
            <width>2</width>
          </LineStyle>
        </Style>
        <MultiGeometry>
          <LineString>
            <tessellate>1</tessellate>
            <altitudeMode>absolute</altitudeMode>
            <coordinates>-112.098099,33.555862,586.74 -112.098999,33.556137,594.36</coordinates>
          </LineString>
        </MultiGeometry>
        <name>P-367</name>
        <description><![CDATA[<div><div><span><b>Altitude:</b></span> <span>1,925 ft - 1,950 ft</span></div>
<div><span><b>Speed:</b></span> <span>64 kt - 69 kt</span></div>
<div><span><b>Timestamp:</b></span><br/><span>2025-08-19 11:25:17 UTC<br/>2025-08-19 11:25:19 UTC</span></div>
</div>]]></description>
      </Placemark>
      <Placemark>
        <Style>
          <LineStyle>
            <color>ffccff00</color>
            <width>2</width>
          </LineStyle>
        </Style>
        <MultiGeometry>
          <LineString>
            <tessellate>1</tessellate>
            <altitudeMode>absolute</altitudeMode>
            <coordinates>-112.098999,33.556137,594.36 -112.099854,33.556435,579.12</coordinates>
          </LineString>
        </MultiGeometry>
        <name>P-368</name>
        <description><![CDATA[<div><div><span><b>Altitude:</b></span> <span>1,950 ft - 1,900 ft</span></div>
<div><span><b>Speed:</b></span> <span>69 kt - 78 kt</span></div>
<div><span><b>Timestamp:</b></span><br/><span>2025-08-19 11:25:19 UTC<br/>2025-08-19 11:25:22 UTC</span></div>
</div>]]></description>
      </Placemark>
      <Placemark>
        <Style>
          <LineStyle>
            <color>ffccff00</color>
            <width>2</width>
          </LineStyle>
        </Style>
        <MultiGeometry>
          <LineString>
            <tessellate>1</tessellate>
            <altitudeMode>absolute</altitudeMode>
            <coordinates>-112.099854,33.556435,579.12 -112.100571,33.55687,571.5</coordinates>
          </LineString>
        </MultiGeometry>
        <name>P-369</name>
        <description><![CDATA[<div><div><span><b>Altitude:</b></span> <span>1,900 ft - 1,875 ft</span></div>
<div><span><b>Speed:</b></span> <span>78 kt - 87 kt</span></div>
<div><span><b>Timestamp:</b></span><br/><span>2025-08-19 11:25:22 UTC<br/>2025-08-19 11:25:24 UTC</span></div>
</div>]]></description>
      </Placemark>
      <Placemark>
        <Style>
          <LineStyle>
            <color>ffccff00</color>
            <width>2</width>
          </LineStyle>
        </Style>
        <MultiGeometry>
          <LineString>
            <tessellate>1</tessellate>
            <altitudeMode>absolute</altitudeMode>
            <coordinates>-112.100571,33.55687,571.5 -112.101288,33.557693,563.88</coordinates>
          </LineString>
        </MultiGeometry>
        <name>P-370</name>
        <description><![CDATA[<div><div><span><b>Altitude:</b></span> <span>1,875 ft - 1,850 ft</span></div>
<div><span><b>Speed:</b></span> <span>87 kt - 91 kt</span></div>
<div><span><b>Timestamp:</b></span><br/><span>2025-08-19 11:25:24 UTC<br/>2025-08-19 11:25:26 UTC</span></div>
</div>]]></description>
      </Placemark>
      <Placemark>
        <Style>
          <LineStyle>
            <color>ffccff00</color>
            <width>2</width>
          </LineStyle>
        </Style>
        <MultiGeometry>
          <LineString>
            <tessellate>1</tessellate>
            <altitudeMode>absolute</altitudeMode>
            <coordinates>-112.101288,33.557693,563.88 -112.101631,33.558483,563.88</coordinates>
          </LineString>
        </MultiGeometry>
        <name>P-371</name>
        <description><![CDATA[<div><div><span><b>Altitude:</b></span> <span>1,850 ft</span></div>
<div><span><b>Speed:</b></span> <span>91 kt - 93 kt</span></div>
<div><span><b>Timestamp:</b></span><br/><span>2025-08-19 11:25:26 UTC<br/>2025-08-19 11:25:28 UTC</span></div>
</div>]]></description>
      </Placemark>
      <Placemark>
        <Style>
          <LineStyle>
            <color>ffccff00</color>
            <width>2</width>
          </LineStyle>
        </Style>
        <MultiGeometry>
          <LineString>
            <tessellate>1</tessellate>
            <altitudeMode>absolute</altitudeMode>
            <coordinates>-112.101631,33.558483,563.88 -112.101799,33.559616,571.5</coordinates>
          </LineString>
        </MultiGeometry>
        <name>P-372</name>
        <description><![CDATA[<div><div><span><b>Altitude:</b></span> <span>1,850 ft - 1,875 ft</span></div>
<div><span><b>Speed:</b></span> <span>93 kt - 97 kt</span></div>
<div><span><b>Timestamp:</b></span><br/><span>2025-08-19 11:25:28 UTC<br/>2025-08-19 11:25:30 UTC</span></div>
</div>]]></description>
      </Placemark>
      <Placemark>
        <Style>
          <LineStyle>
            <color>ffccff00</color>
            <width>2</width>
          </LineStyle>
        </Style>
        <MultiGeometry>
          <LineString>
            <tessellate>1</tessellate>
            <altitudeMode>absolute</altitudeMode>
            <coordinates>-112.101799,33.559616,571.5 -112.101685,33.560673,579.12</coordinates>
          </LineString>
        </MultiGeometry>
        <name>P-373</name>
        <description><![CDATA[<div><div><span><b>Altitude:</b></span> <span>1,875 ft - 1,900 ft</span></div>
<div><span><b>Speed:</b></span> <span>97 kt - 100 kt</span></div>
<div><span><b>Timestamp:</b></span><br/><span>2025-08-19 11:25:30 UTC<br/>2025-08-19 11:25:33 UTC</span></div>
</div>]]></description>
      </Placemark>
      <Placemark>
        <Style>
          <LineStyle>
            <color>ffccff00</color>
            <width>2</width>
          </LineStyle>
        </Style>
        <MultiGeometry>
          <LineString>
            <tessellate>1</tessellate>
            <altitudeMode>absolute</altitudeMode>
            <coordinates>-112.101685,33.560673,579.12 -112.101357,33.562683,579.12</coordinates>
          </LineString>
        </MultiGeometry>
        <name>P-374</name>
        <description><![CDATA[<div><div><span><b>Altitude:</b></span> <span>1,900 ft</span></div>
<div><span><b>Speed:</b></span> <span>100 kt - 104 kt</span></div>
<div><span><b>Timestamp:</b></span><br/><span>2025-08-19 11:25:33 UTC<br/>2025-08-19 11:25:37 UTC</span></div>
</div>]]></description>
      </Placemark>
      <Placemark>
        <Style>
          <LineStyle>
            <color>ffccff00</color>
            <width>2</width>
          </LineStyle>
        </Style>
        <MultiGeometry>
          <LineString>
            <tessellate>1</tessellate>
            <altitudeMode>absolute</altitudeMode>
            <coordinates>-112.101357,33.562683,579.12 -112.101242,33.563782,579.12</coordinates>
          </LineString>
        </MultiGeometry>
        <name>P-375</name>
        <description><![CDATA[<div><div><span><b>Altitude:</b></span> <span>1,900 ft</span></div>
<div><span><b>Speed:</b></span> <span>104 kt - 105 kt</span></div>
<div><span><b>Timestamp:</b></span><br/><span>2025-08-19 11:25:37 UTC<br/>2025-08-19 11:25:40 UTC</span></div>
</div>]]></description>
      </Placemark>
      <Placemark>
        <Style>
          <LineStyle>
            <color>ffccff00</color>
            <width>2</width>
          </LineStyle>
        </Style>
        <MultiGeometry>
          <LineString>
            <tessellate>1</tessellate>
            <altitudeMode>absolute</altitudeMode>
            <coordinates>-112.101242,33.563782,579.12 -112.10112,33.564816,586.74</coordinates>
          </LineString>
        </MultiGeometry>
        <name>P-376</name>
        <description><![CDATA[<div><div><span><b>Altitude:</b></span> <span>1,900 ft - 1,925 ft</span></div>
<div><span><b>Speed:</b></span> <span>105 kt - 107 kt</span></div>
<div><span><b>Timestamp:</b></span><br/><span>2025-08-19 11:25:40 UTC<br/>2025-08-19 11:25:42 UTC</span></div>
</div>]]></description>
      </Placemark>
      <Placemark>
        <Style>
          <LineStyle>
            <color>ffccff00</color>
            <width>2</width>
          </LineStyle>
        </Style>
        <MultiGeometry>
          <LineString>
            <tessellate>1</tessellate>
            <altitudeMode>absolute</altitudeMode>
            <coordinates>-112.10112,33.564816,586.74 -112.100998,33.565979,586.74</coordinates>
          </LineString>
        </MultiGeometry>
        <name>P-377</name>
        <description><![CDATA[<div><div><span><b>Altitude:</b></span> <span>1,925 ft</span></div>
<div><span><b>Speed:</b></span> <span>107 kt - 108 kt</span></div>
<div><span><b>Timestamp:</b></span><br/><span>2025-08-19 11:25:42 UTC<br/>2025-08-19 11:25:44 UTC</span></div>
</div>]]></description>
      </Placemark>
      <Placemark>
        <Style>
          <LineStyle>
            <color>ffccff00</color>
            <width>2</width>
          </LineStyle>
        </Style>
        <MultiGeometry>
          <LineString>
            <tessellate>1</tessellate>
            <altitudeMode>absolute</altitudeMode>
            <coordinates>-112.100998,33.565979,586.74 -112.100906,33.567261,594.36</coordinates>
          </LineString>
        </MultiGeometry>
        <name>P-378</name>
        <description><![CDATA[<div><div><span><b>Altitude:</b></span> <span>1,925 ft - 1,950 ft</span></div>
<div><span><b>Speed:</b></span> <span>108 kt - 109 kt</span></div>
<div><span><b>Timestamp:</b></span><br/><span>2025-08-19 11:25:44 UTC<br/>2025-08-19 11:25:46 UTC</span></div>
</div>]]></description>
      </Placemark>
      <Placemark>
        <Style>
          <LineStyle>
            <color>ffccff00</color>
            <width>2</width>
          </LineStyle>
        </Style>
        <MultiGeometry>
          <LineString>
            <tessellate>1</tessellate>
            <altitudeMode>absolute</altitudeMode>
            <coordinates>-112.100906,33.567261,594.36 -112.100845,33.568176,594.36</coordinates>
          </LineString>
        </MultiGeometry>
        <name>P-379</name>
        <description><![CDATA[<div><div><span><b>Altitude:</b></span> <span>1,950 ft</span></div>
<div><span><b>Speed:</b></span> <span>109 kt - 110 kt</span></div>
<div><span><b>Timestamp:</b></span><br/><span>2025-08-19 11:25:46 UTC<br/>2025-08-19 11:25:48 UTC</span></div>
</div>]]></description>
      </Placemark>
      <Placemark>
        <Style>
          <LineStyle>
            <color>ffccff00</color>
            <width>2</width>
          </LineStyle>
        </Style>
        <MultiGeometry>
          <LineString>
            <tessellate>1</tessellate>
            <altitudeMode>absolute</altitudeMode>
            <coordinates>-112.100845,33.568176,594.36 -112.100792,33.569183,594.36</coordinates>
          </LineString>
        </MultiGeometry>
        <name>P-380</name>
        <description><![CDATA[<div><div><span><b>Altitude:</b></span> <span>1,950 ft</span></div>
<div><span><b>Speed:</b></span> <span>110 kt - 111 kt</span></div>
<div><span><b>Timestamp:</b></span><br/><span>2025-08-19 11:25:48 UTC<br/>2025-08-19 11:25:50 UTC</span></div>
</div>]]></description>
      </Placemark>
      <Placemark>
        <Style>
          <LineStyle>
            <color>ffccff00</color>
            <width>2</width>
          </LineStyle>
        </Style>
        <MultiGeometry>
          <LineString>
            <tessellate>1</tessellate>
            <altitudeMode>absolute</altitudeMode>
            <coordinates>-112.100792,33.569183,594.36 -112.100716,33.570263,594.36</coordinates>
          </LineString>
        </MultiGeometry>
        <name>P-381</name>
        <description><![CDATA[<div><div><span><b>Altitude:</b></span> <span>1,950 ft</span></div>
<div><span><b>Speed:</b></span> <span>111 kt - 112 kt</span></div>
<div><span><b>Timestamp:</b></span><br/><span>2025-08-19 11:25:50 UTC<br/>2025-08-19 11:25:52 UTC</span></div>
</div>]]></description>
      </Placemark>
      <Placemark>
        <Style>
          <LineStyle>
            <color>ffccff00</color>
            <width>2</width>
          </LineStyle>
        </Style>
        <MultiGeometry>
          <LineString>
            <tessellate>1</tessellate>
            <altitudeMode>absolute</altitudeMode>
            <coordinates>-112.100716,33.570263,594.36 -112.100677,33.571289,601.98</coordinates>
          </LineString>
        </MultiGeometry>
        <name>P-382</name>
        <description><![CDATA[<div><div><span><b>Altitude:</b></span> <span>1,950 ft - 1,975 ft</span></div>
<div><span><b>Speed:</b></span> <span>112 kt - 114 kt</span></div>
<div><span><b>Timestamp:</b></span><br/><span>2025-08-19 11:25:52 UTC<br/>2025-08-19 11:25:54 UTC</span></div>
</div>]]></description>
      </Placemark>
      <Placemark>
        <Style>
          <LineStyle>
            <color>ff42ff00</color>
            <width>2</width>
          </LineStyle>
        </Style>
        <MultiGeometry>
          <LineString>
            <tessellate>1</tessellate>
            <altitudeMode>absolute</altitudeMode>
            <coordinates>-112.100677,33.571289,601.98 -112.100624,33.572433,601.98</coordinates>
          </LineString>
        </MultiGeometry>
        <name>P-383</name>
        <description><![CDATA[<div><div><span><b>Altitude:</b></span> <span>1,975 ft</span></div>
<div><span><b>Speed:</b></span> <span>114 kt - 115 kt</span></div>
<div><span><b>Timestamp:</b></span><br/><span>2025-08-19 11:25:54 UTC<br/>2025-08-19 11:25:57 UTC</span></div>
</div>]]></description>
      </Placemark>
      <Placemark>
        <Style>
          <LineStyle>
            <color>ff42ff00</color>
            <width>2</width>
          </LineStyle>
        </Style>
        <MultiGeometry>
          <LineString>
            <tessellate>1</tessellate>
            <altitudeMode>absolute</altitudeMode>
            <coordinates>-112.100624,33.572433,601.98 -112.10054,33.573662,609.6</coordinates>
          </LineString>
        </MultiGeometry>
        <name>P-384</name>
        <description><![CDATA[<div><div><span><b>Altitude:</b></span> <span>1,975 ft - 2,000 ft</span></div>
<div><span><b>Speed:</b></span> <span>115 kt - 116 kt</span></div>
<div><span><b>Timestamp:</b></span><br/><span>2025-08-19 11:25:57 UTC<br/>2025-08-19 11:25:59 UTC</span></div>
</div>]]></description>
      </Placemark>
      <Placemark>
        <Style>
          <LineStyle>
            <color>ff42ff00</color>
            <width>2</width>
          </LineStyle>
        </Style>
        <MultiGeometry>
          <LineString>
            <tessellate>1</tessellate>
            <altitudeMode>absolute</altitudeMode>
            <coordinates>-112.10054,33.573662,609.6 -112.10051,33.574814,609.6</coordinates>
          </LineString>
        </MultiGeometry>
        <name>P-385</name>
        <description><![CDATA[<div><div><span><b>Altitude:</b></span> <span>2,000 ft</span></div>
<div><span><b>Speed:</b></span> <span>116 kt - 117 kt</span></div>
<div><span><b>Timestamp:</b></span><br/><span>2025-08-19 11:25:59 UTC<br/>2025-08-19 11:26:01 UTC</span></div>
</div>]]></description>
      </Placemark>
      <Placemark>
        <Style>
          <LineStyle>
            <color>ff42ff00</color>
            <width>2</width>
          </LineStyle>
        </Style>
        <MultiGeometry>
          <LineString>
            <tessellate>1</tessellate>
            <altitudeMode>absolute</altitudeMode>
            <coordinates>-112.10051,33.574814,609.6 -112.100487,33.57608,609.6</coordinates>
          </LineString>
        </MultiGeometry>
        <name>P-386</name>
        <description><![CDATA[<div><div><span><b>Altitude:</b></span> <span>2,000 ft</span></div>
<div><span><b>Speed:</b></span> <span>117 kt - 119 kt</span></div>
<div><span><b>Timestamp:</b></span><br/><span>2025-08-19 11:26:01 UTC<br/>2025-08-19 11:26:03 UTC</span></div>
</div>]]></description>
      </Placemark>
      <Placemark>
        <Style>
          <LineStyle>
            <color>ff42ff00</color>
            <width>2</width>
          </LineStyle>
        </Style>
        <MultiGeometry>
          <LineString>
            <tessellate>1</tessellate>
            <altitudeMode>absolute</altitudeMode>
            <coordinates>-112.100487,33.57608,609.6 -112.100456,33.577332,609.6</coordinates>
          </LineString>
        </MultiGeometry>
        <name>P-387</name>
        <description><![CDATA[<div><div><span><b>Altitude:</b></span> <span>2,000 ft</span></div>
<div><span><b>Speed:</b></span> <span>119 kt</span></div>
<div><span><b>Timestamp:</b></span><br/><span>2025-08-19 11:26:03 UTC<br/>2025-08-19 11:26:05 UTC</span></div>
</div>]]></description>
      </Placemark>
      <Placemark>
        <Style>
          <LineStyle>
            <color>ff42ff00</color>
            <width>2</width>
          </LineStyle>
        </Style>
        <MultiGeometry>
          <LineString>
            <tessellate>1</tessellate>
            <altitudeMode>absolute</altitudeMode>
            <coordinates>-112.100456,33.577332,609.6 -112.100372,33.578407,617.22</coordinates>
          </LineString>
        </MultiGeometry>
        <name>P-388</name>
        <description><![CDATA[<div><div><span><b>Altitude:</b></span> <span>2,000 ft - 2,025 ft</span></div>
<div><span><b>Speed:</b></span> <span>119 kt</span></div>
<div><span><b>Timestamp:</b></span><br/><span>2025-08-19 11:26:05 UTC<br/>2025-08-19 11:26:07 UTC</span></div>
</div>]]></description>
      </Placemark>
      <Placemark>
        <Style>
          <LineStyle>
            <color>ff42ff00</color>
            <width>2</width>
          </LineStyle>
        </Style>
        <MultiGeometry>
          <LineString>
            <tessellate>1</tessellate>
            <altitudeMode>absolute</altitudeMode>
            <coordinates>-112.100372,33.578407,617.22 -112.100342,33.581909,617.22</coordinates>
          </LineString>
        </MultiGeometry>
        <name>P-389</name>
        <description><![CDATA[<div><div><span><b>Altitude:</b></span> <span>2,025 ft</span></div>
<div><span><b>Speed:</b></span> <span>119 kt - 123 kt</span></div>
<div><span><b>Timestamp:</b></span><br/><span>2025-08-19 11:26:07 UTC<br/>2025-08-19 11:26:14 UTC</span></div>
</div>]]></description>
      </Placemark>
      <Placemark>
        <Style>
          <LineStyle>
            <color>ff42ff00</color>
            <width>2</width>
          </LineStyle>
        </Style>
        <MultiGeometry>
          <LineString>
            <tessellate>1</tessellate>
            <altitudeMode>absolute</altitudeMode>
            <coordinates>-112.100342,33.581909,617.22 -112.100342,33.583054,609.6</coordinates>
          </LineString>
        </MultiGeometry>
        <name>P-390</name>
        <description><![CDATA[<div><div><span><b>Altitude:</b></span> <span>2,025 ft - 2,000 ft</span></div>
<div><span><b>Speed:</b></span> <span>123 kt - 125 kt</span></div>
<div><span><b>Timestamp:</b></span><br/><span>2025-08-19 11:26:14 UTC<br/>2025-08-19 11:26:16 UTC</span></div>
</div>]]></description>
      </Placemark>
      <Placemark>
        <Style>
          <LineStyle>
            <color>ff42ff00</color>
            <width>2</width>
          </LineStyle>
        </Style>
        <MultiGeometry>
          <LineString>
            <tessellate>1</tessellate>
            <altitudeMode>absolute</altitudeMode>
            <coordinates>-112.100342,33.583054,609.6 -112.100433,33.588093,609.6</coordinates>
          </LineString>
        </MultiGeometry>
        <name>P-391</name>
        <description><![CDATA[<div><div><span><b>Altitude:</b></span> <span>2,000 ft</span></div>
<div><span><b>Speed:</b></span> <span>125 kt</span></div>
<div><span><b>Timestamp:</b></span><br/><span>2025-08-19 11:26:16 UTC<br/>2025-08-19 11:26:24 UTC</span></div>
</div>]]></description>
      </Placemark>
      <Placemark>
        <Style>
          <LineStyle>
            <color>ff42ff00</color>
            <width>2</width>
          </LineStyle>
        </Style>
        <MultiGeometry>
          <LineString>
            <tessellate>1</tessellate>
            <altitudeMode>absolute</altitudeMode>
            <coordinates>-112.100433,33.588093,609.6 -112.100487,33.589256,617.22</coordinates>
          </LineString>
        </MultiGeometry>
        <name>P-392</name>
        <description><![CDATA[<div><div><span><b>Altitude:</b></span> <span>2,000 ft - 2,025 ft</span></div>
<div><span><b>Speed:</b></span> <span>125 kt - 124 kt</span></div>
<div><span><b>Timestamp:</b></span><br/><span>2025-08-19 11:26:24 UTC<br/>2025-08-19 11:26:27 UTC</span></div>
</div>]]></description>
      </Placemark>
      <Placemark>
        <Style>
          <LineStyle>
            <color>ff42ff00</color>
            <width>2</width>
          </LineStyle>
        </Style>
        <MultiGeometry>
          <LineString>
            <tessellate>1</tessellate>
            <altitudeMode>absolute</altitudeMode>
            <coordinates>-112.100487,33.589256,617.22 -112.100739,33.593216,624.84</coordinates>
          </LineString>
        </MultiGeometry>
        <name>P-393</name>
        <description><![CDATA[<div><div><span><b>Altitude:</b></span> <span>2,025 ft - 2,050 ft</span></div>
<div><span><b>Speed:</b></span> <span>124 kt - 123 kt</span></div>
<div><span><b>Timestamp:</b></span><br/><span>2025-08-19 11:26:27 UTC<br/>2025-08-19 11:26:33 UTC</span></div>
</div>]]></description>
      </Placemark>
      <Placemark>
        <Style>
          <LineStyle>
            <color>ff42ff00</color>
            <width>2</width>
          </LineStyle>
        </Style>
        <MultiGeometry>
          <LineString>
            <tessellate>1</tessellate>
            <altitudeMode>absolute</altitudeMode>
            <coordinates>-112.100739,33.593216,624.84 -112.100845,33.597153,640.08</coordinates>
          </LineString>
        </MultiGeometry>
        <name>P-394</name>
        <description><![CDATA[<div><div><span><b>Altitude:</b></span> <span>2,050 ft - 2,100 ft</span></div>
<div><span><b>Speed:</b></span> <span>123 kt - 121 kt</span></div>
<div><span><b>Timestamp:</b></span><br/><span>2025-08-19 11:26:33 UTC<br/>2025-08-19 11:26:40 UTC</span></div>
</div>]]></description>
      </Placemark>
      <Placemark>
        <Style>
          <LineStyle>
            <color>ff42ff00</color>
            <width>2</width>
          </LineStyle>
        </Style>
        <MultiGeometry>
          <LineString>
            <tessellate>1</tessellate>
            <altitudeMode>absolute</altitudeMode>
            <coordinates>-112.100845,33.597153,640.08 -112.100769,33.598564,640.08</coordinates>
          </LineString>
        </MultiGeometry>
        <name>P-395</name>
        <description><![CDATA[<div><div><span><b>Altitude:</b></span> <span>2,100 ft</span></div>
<div><span><b>Speed:</b></span> <span>121 kt - 122 kt</span></div>
<div><span><b>Timestamp:</b></span><br/><span>2025-08-19 11:26:40 UTC<br/>2025-08-19 11:26:43 UTC</span></div>
</div>]]></description>
      </Placemark>
      <Placemark>
        <Style>
          <LineStyle>
            <color>ff42ff00</color>
            <width>2</width>
          </LineStyle>
        </Style>
        <MultiGeometry>
          <LineString>
            <tessellate>1</tessellate>
            <altitudeMode>absolute</altitudeMode>
            <coordinates>-112.100769,33.598564,640.08 -112.100716,33.599682,640.08</coordinates>
          </LineString>
        </MultiGeometry>
        <name>P-396</name>
        <description><![CDATA[<div><div><span><b>Altitude:</b></span> <span>2,100 ft</span></div>
<div><span><b>Speed:</b></span> <span>122 kt</span></div>
<div><span><b>Timestamp:</b></span><br/><span>2025-08-19 11:26:43 UTC<br/>2025-08-19 11:26:45 UTC</span></div>
</div>]]></description>
      </Placemark>
      <Placemark>
        <Style>
          <LineStyle>
            <color>ff42ff00</color>
            <width>2</width>
          </LineStyle>
        </Style>
        <MultiGeometry>
          <LineString>
            <tessellate>1</tessellate>
            <altitudeMode>absolute</altitudeMode>
            <coordinates>-112.100716,33.599682,640.08 -112.100601,33.6008,647.7</coordinates>
          </LineString>
        </MultiGeometry>
        <name>P-397</name>
        <description><![CDATA[<div><div><span><b>Altitude:</b></span> <span>2,100 ft - 2,125 ft</span></div>
<div><span><b>Speed:</b></span> <span>122 kt</span></div>
<div><span><b>Timestamp:</b></span><br/><span>2025-08-19 11:26:45 UTC<br/>2025-08-19 11:26:47 UTC</span></div>
</div>]]></description>
      </Placemark>
      <Placemark>
        <Style>
          <LineStyle>
            <color>ff42ff00</color>
            <width>2</width>
          </LineStyle>
        </Style>
        <MultiGeometry>
          <LineString>
            <tessellate>1</tessellate>
            <altitudeMode>absolute</altitudeMode>
            <coordinates>-112.100601,33.6008,647.7 -112.100456,33.602142,647.7</coordinates>
          </LineString>
        </MultiGeometry>
        <name>P-398</name>
        <description><![CDATA[<div><div><span><b>Altitude:</b></span> <span>2,125 ft</span></div>
<div><span><b>Speed:</b></span> <span>122 kt</span></div>
<div><span><b>Timestamp:</b></span><br/><span>2025-08-19 11:26:47 UTC<br/>2025-08-19 11:26:49 UTC</span></div>
</div>]]></description>
      </Placemark>
      <Placemark>
        <Style>
          <LineStyle>
            <color>ff42ff00</color>
            <width>2</width>
          </LineStyle>
        </Style>
        <MultiGeometry>
          <LineString>
            <tessellate>1</tessellate>
            <altitudeMode>absolute</altitudeMode>
            <coordinates>-112.100456,33.602142,647.7 -112.100311,33.603176,647.7</coordinates>
          </LineString>
        </MultiGeometry>
        <name>P-399</name>
        <description><![CDATA[<div><div><span><b>Altitude:</b></span> <span>2,125 ft</span></div>
<div><span><b>Speed:</b></span> <span>122 kt</span></div>
<div><span><b>Timestamp:</b></span><br/><span>2025-08-19 11:26:49 UTC<br/>2025-08-19 11:26:51 UTC</span></div>
</div>]]></description>
      </Placemark>
      <Placemark>
        <Style>
          <LineStyle>
            <color>ff42ff00</color>
            <width>2</width>
          </LineStyle>
        </Style>
        <MultiGeometry>
          <LineString>
            <tessellate>1</tessellate>
            <altitudeMode>absolute</altitudeMode>
            <coordinates>-112.100311,33.603176,647.7 -112.100082,33.604755,655.32</coordinates>
          </LineString>
        </MultiGeometry>
        <name>P-400</name>
        <description><![CDATA[<div><div><span><b>Altitude:</b></span> <span>2,125 ft - 2,150 ft</span></div>
<div><span><b>Speed:</b></span> <span>122 kt</span></div>
<div><span><b>Timestamp:</b></span><br/><span>2025-08-19 11:26:51 UTC<br/>2025-08-19 11:26:53 UTC</span></div>
</div>]]></description>
      </Placemark>
      <Placemark>
        <Style>
          <LineStyle>
            <color>ff42ff00</color>
            <width>2</width>
          </LineStyle>
        </Style>
        <MultiGeometry>
          <LineString>
            <tessellate>1</tessellate>
            <altitudeMode>absolute</altitudeMode>
            <coordinates>-112.100082,33.604755,655.32 -112.099953,33.60585,655.32</coordinates>
          </LineString>
        </MultiGeometry>
        <name>P-401</name>
        <description><![CDATA[<div><div><span><b>Altitude:</b></span> <span>2,150 ft</span></div>
<div><span><b>Speed:</b></span> <span>122 kt - 123 kt</span></div>
<div><span><b>Timestamp:</b></span><br/><span>2025-08-19 11:26:53 UTC<br/>2025-08-19 11:26:56 UTC</span></div>
</div>]]></description>
      </Placemark>
      <Placemark>
        <Style>
          <LineStyle>
            <color>ff42ff00</color>
            <width>2</width>
          </LineStyle>
        </Style>
        <MultiGeometry>
          <LineString>
            <tessellate>1</tessellate>
            <altitudeMode>absolute</altitudeMode>
            <coordinates>-112.099953,33.60585,655.32 -112.0998,33.606945,655.32</coordinates>
          </LineString>
        </MultiGeometry>
        <name>P-402</name>
        <description><![CDATA[<div><div><span><b>Altitude:</b></span> <span>2,150 ft</span></div>
<div><span><b>Speed:</b></span> <span>123 kt</span></div>
<div><span><b>Timestamp:</b></span><br/><span>2025-08-19 11:26:56 UTC<br/>2025-08-19 11:26:58 UTC</span></div>
</div>]]></description>
      </Placemark>
      <Placemark>
        <Style>
          <LineStyle>
            <color>ff42ff00</color>
            <width>2</width>
          </LineStyle>
        </Style>
        <MultiGeometry>
          <LineString>
            <tessellate>1</tessellate>
            <altitudeMode>absolute</altitudeMode>
            <coordinates>-112.0998,33.606945,655.32 -112.099571,33.608528,655.32</coordinates>
          </LineString>
        </MultiGeometry>
        <name>P-403</name>
        <description><![CDATA[<div><div><span><b>Altitude:</b></span> <span>2,150 ft</span></div>
<div><span><b>Speed:</b></span> <span>123 kt</span></div>
<div><span><b>Timestamp:</b></span><br/><span>2025-08-19 11:26:58 UTC<br/>2025-08-19 11:27:00 UTC</span></div>
</div>]]></description>
      </Placemark>
      <Placemark>
        <Style>
          <LineStyle>
            <color>ff42ff00</color>
            <width>2</width>
          </LineStyle>
        </Style>
        <MultiGeometry>
          <LineString>
            <tessellate>1</tessellate>
            <altitudeMode>absolute</altitudeMode>
            <coordinates>-112.099571,33.608528,655.32 -112.099388,33.609741,655.32</coordinates>
          </LineString>
        </MultiGeometry>
        <name>P-404</name>
        <description><![CDATA[<div><div><span><b>Altitude:</b></span> <span>2,150 ft</span></div>
<div><span><b>Speed:</b></span> <span>123 kt - 124 kt</span></div>
<div><span><b>Timestamp:</b></span><br/><span>2025-08-19 11:27:00 UTC<br/>2025-08-19 11:27:02 UTC</span></div>
</div>]]></description>
      </Placemark>
      <Placemark>
        <Style>
          <LineStyle>
            <color>ff42ff00</color>
            <width>2</width>
          </LineStyle>
        </Style>
        <MultiGeometry>
          <LineString>
            <tessellate>1</tessellate>
            <altitudeMode>absolute</altitudeMode>
            <coordinates>-112.099388,33.609741,655.32 -112.099167,33.610901,662.94</coordinates>
          </LineString>
        </MultiGeometry>
        <name>P-405</name>
        <description><![CDATA[<div><div><span><b>Altitude:</b></span> <span>2,150 ft - 2,175 ft</span></div>
<div><span><b>Speed:</b></span> <span>124 kt - 123 kt</span></div>
<div><span><b>Timestamp:</b></span><br/><span>2025-08-19 11:27:02 UTC<br/>2025-08-19 11:27:04 UTC</span></div>
</div>]]></description>
      </Placemark>
      <Placemark>
        <Style>
          <LineStyle>
            <color>ff42ff00</color>
            <width>2</width>
          </LineStyle>
        </Style>
        <MultiGeometry>
          <LineString>
            <tessellate>1</tessellate>
            <altitudeMode>absolute</altitudeMode>
            <coordinates>-112.099167,33.610901,662.94 -112.098938,33.612064,662.94</coordinates>
          </LineString>
        </MultiGeometry>
        <name>P-406</name>
        <description><![CDATA[<div><div><span><b>Altitude:</b></span> <span>2,175 ft</span></div>
<div><span><b>Speed:</b></span> <span>123 kt</span></div>
<div><span><b>Timestamp:</b></span><br/><span>2025-08-19 11:27:04 UTC<br/>2025-08-19 11:27:06 UTC</span></div>
</div>]]></description>
      </Placemark>
      <Placemark>
        <Style>
          <LineStyle>
            <color>ff42ff00</color>
            <width>2</width>
          </LineStyle>
        </Style>
        <MultiGeometry>
          <LineString>
            <tessellate>1</tessellate>
            <altitudeMode>absolute</altitudeMode>
            <coordinates>-112.098938,33.612064,662.94 -112.098663,33.61322,670.56</coordinates>
          </LineString>
        </MultiGeometry>
        <name>P-407</name>
        <description><![CDATA[<div><div><span><b>Altitude:</b></span> <span>2,175 ft - 2,200 ft</span></div>
<div><span><b>Speed:</b></span> <span>123 kt - 122 kt</span></div>
<div><span><b>Timestamp:</b></span><br/><span>2025-08-19 11:27:06 UTC<br/>2025-08-19 11:27:09 UTC</span></div>
</div>]]></description>
      </Placemark>
      <Placemark>
        <Style>
          <LineStyle>
            <color>ff42ff00</color>
            <width>2</width>
          </LineStyle>
        </Style>
        <MultiGeometry>
          <LineString>
            <tessellate>1</tessellate>
            <altitudeMode>absolute</altitudeMode>
            <coordinates>-112.098663,33.61322,670.56 -112.098373,33.614628,670.56</coordinates>
          </LineString>
        </MultiGeometry>
        <name>P-408</name>
        <description><![CDATA[<div><div><span><b>Altitude:</b></span> <span>2,200 ft</span></div>
<div><span><b>Speed:</b></span> <span>122 kt - 123 kt</span></div>
<div><span><b>Timestamp:</b></span><br/><span>2025-08-19 11:27:09 UTC<br/>2025-08-19 11:27:11 UTC</span></div>
</div>]]></description>
      </Placemark>
      <Placemark>
        <Style>
          <LineStyle>
            <color>ff42ff00</color>
            <width>2</width>
          </LineStyle>
        </Style>
        <MultiGeometry>
          <LineString>
            <tessellate>1</tessellate>
            <altitudeMode>absolute</altitudeMode>
            <coordinates>-112.098373,33.614628,670.56 -112.098198,33.615509,678.18</coordinates>
          </LineString>
        </MultiGeometry>
        <name>P-409</name>
        <description><![CDATA[<div><div><span><b>Altitude:</b></span> <span>2,200 ft - 2,225 ft</span></div>
<div><span><b>Speed:</b></span> <span>123 kt - 122 kt</span></div>
<div><span><b>Timestamp:</b></span><br/><span>2025-08-19 11:27:11 UTC<br/>2025-08-19 11:27:13 UTC</span></div>
</div>]]></description>
      </Placemark>
      <Placemark>
        <Style>
          <LineStyle>
            <color>ff42ff00</color>
            <width>2</width>
          </LineStyle>
        </Style>
        <MultiGeometry>
          <LineString>
            <tessellate>1</tessellate>
            <altitudeMode>absolute</altitudeMode>
            <coordinates>-112.098198,33.615509,678.18 -112.097916,33.616768,678.18</coordinates>
          </LineString>
        </MultiGeometry>
        <name>P-410</name>
        <description><![CDATA[<div><div><span><b>Altitude:</b></span> <span>2,225 ft</span></div>
<div><span><b>Speed:</b></span> <span>122 kt</span></div>
<div><span><b>Timestamp:</b></span><br/><span>2025-08-19 11:27:13 UTC<br/>2025-08-19 11:27:15 UTC</span></div>
</div>]]></description>
      </Placemark>
      <Placemark>
        <Style>
          <LineStyle>
            <color>ff42ff00</color>
            <width>2</width>
          </LineStyle>
        </Style>
        <MultiGeometry>
          <LineString>
            <tessellate>1</tessellate>
            <altitudeMode>absolute</altitudeMode>
            <coordinates>-112.097916,33.616768,678.18 -112.097595,33.618164,685.8</coordinates>
          </LineString>
        </MultiGeometry>
        <name>P-411</name>
        <description><![CDATA[<div><div><span><b>Altitude:</b></span> <span>2,225 ft - 2,250 ft</span></div>
<div><span><b>Speed:</b></span> <span>122 kt - 123 kt</span></div>
<div><span><b>Timestamp:</b></span><br/><span>2025-08-19 11:27:15 UTC<br/>2025-08-19 11:27:17 UTC</span></div>
</div>]]></description>
      </Placemark>
      <Placemark>
        <Style>
          <LineStyle>
            <color>ff42ff00</color>
            <width>2</width>
          </LineStyle>
        </Style>
        <MultiGeometry>
          <LineString>
            <tessellate>1</tessellate>
            <altitudeMode>absolute</altitudeMode>
            <coordinates>-112.097595,33.618164,685.8 -112.09726,33.619492,685.8</coordinates>
          </LineString>
        </MultiGeometry>
        <name>P-412</name>
        <description><![CDATA[<div><div><span><b>Altitude:</b></span> <span>2,250 ft</span></div>
<div><span><b>Speed:</b></span> <span>123 kt</span></div>
<div><span><b>Timestamp:</b></span><br/><span>2025-08-19 11:27:17 UTC<br/>2025-08-19 11:27:20 UTC</span></div>
</div>]]></description>
      </Placemark>
      <Placemark>
        <Style>
          <LineStyle>
            <color>ff42ff00</color>
            <width>2</width>
          </LineStyle>
        </Style>
        <MultiGeometry>
          <LineString>
            <tessellate>1</tessellate>
            <altitudeMode>absolute</altitudeMode>
            <coordinates>-112.09726,33.619492,685.8 -112.096985,33.620636,685.8</coordinates>
          </LineString>
        </MultiGeometry>
        <name>P-413</name>
        <description><![CDATA[<div><div><span><b>Altitude:</b></span> <span>2,250 ft</span></div>
<div><span><b>Speed:</b></span> <span>123 kt - 124 kt</span></div>
<div><span><b>Timestamp:</b></span><br/><span>2025-08-19 11:27:20 UTC<br/>2025-08-19 11:27:22 UTC</span></div>
</div>]]></description>
      </Placemark>
      <Placemark>
        <Style>
          <LineStyle>
            <color>ff42ff00</color>
            <width>2</width>
          </LineStyle>
        </Style>
        <MultiGeometry>
          <LineString>
            <tessellate>1</tessellate>
            <altitudeMode>absolute</altitudeMode>
            <coordinates>-112.096985,33.620636,685.8 -112.096649,33.621841,678.18</coordinates>
          </LineString>
        </MultiGeometry>
        <name>P-414</name>
        <description><![CDATA[<div><div><span><b>Altitude:</b></span> <span>2,250 ft - 2,225 ft</span></div>
<div><span><b>Speed:</b></span> <span>124 kt</span></div>
<div><span><b>Timestamp:</b></span><br/><span>2025-08-19 11:27:22 UTC<br/>2025-08-19 11:27:24 UTC</span></div>
</div>]]></description>
      </Placemark>
      <Placemark>
        <Style>
          <LineStyle>
            <color>ff42ff00</color>
            <width>2</width>
          </LineStyle>
        </Style>
        <MultiGeometry>
          <LineString>
            <tessellate>1</tessellate>
            <altitudeMode>absolute</altitudeMode>
            <coordinates>-112.096649,33.621841,678.18 -112.096367,33.622959,685.8</coordinates>
          </LineString>
        </MultiGeometry>
        <name>P-415</name>
        <description><![CDATA[<div><div><span><b>Altitude:</b></span> <span>2,225 ft - 2,250 ft</span></div>
<div><span><b>Speed:</b></span> <span>124 kt - 125 kt</span></div>
<div><span><b>Timestamp:</b></span><br/><span>2025-08-19 11:27:24 UTC<br/>2025-08-19 11:27:26 UTC</span></div>
</div>]]></description>
      </Placemark>
      <Placemark>
        <Style>
          <LineStyle>
            <color>ff42ff00</color>
            <width>2</width>
          </LineStyle>
        </Style>
        <MultiGeometry>
          <LineString>
            <tessellate>1</tessellate>
            <altitudeMode>absolute</altitudeMode>
            <coordinates>-112.096367,33.622959,685.8 -112.09597,33.624527,685.8</coordinates>
          </LineString>
        </MultiGeometry>
        <name>P-416</name>
        <description><![CDATA[<div><div><span><b>Altitude:</b></span> <span>2,250 ft</span></div>
<div><span><b>Speed:</b></span> <span>125 kt - 126 kt</span></div>
<div><span><b>Timestamp:</b></span><br/><span>2025-08-19 11:27:26 UTC<br/>2025-08-19 11:27:28 UTC</span></div>
</div>]]></description>
      </Placemark>
      <Placemark>
        <Style>
          <LineStyle>
            <color>ff42ff00</color>
            <width>2</width>
          </LineStyle>
        </Style>
        <MultiGeometry>
          <LineString>
            <tessellate>1</tessellate>
            <altitudeMode>absolute</altitudeMode>
            <coordinates>-112.09597,33.624527,685.8 -112.09568,33.625614,685.8</coordinates>
          </LineString>
        </MultiGeometry>
        <name>P-417</name>
        <description><![CDATA[<div><div><span><b>Altitude:</b></span> <span>2,250 ft</span></div>
<div><span><b>Speed:</b></span> <span>126 kt</span></div>
<div><span><b>Timestamp:</b></span><br/><span>2025-08-19 11:27:28 UTC<br/>2025-08-19 11:27:30 UTC</span></div>
</div>]]></description>
      </Placemark>
      <Placemark>
        <Style>
          <LineStyle>
            <color>ff42ff00</color>
            <width>2</width>
          </LineStyle>
        </Style>
        <MultiGeometry>
          <LineString>
            <tessellate>1</tessellate>
            <altitudeMode>absolute</altitudeMode>
            <coordinates>-112.09568,33.625614,685.8 -112.095337,33.626961,678.18</coordinates>
          </LineString>
        </MultiGeometry>
        <name>P-418</name>
        <description><![CDATA[<div><div><span><b>Altitude:</b></span> <span>2,250 ft - 2,225 ft</span></div>
<div><span><b>Speed:</b></span> <span>126 kt</span></div>
<div><span><b>Timestamp:</b></span><br/><span>2025-08-19 11:27:30 UTC<br/>2025-08-19 11:27:33 UTC</span></div>
</div>]]></description>
      </Placemark>
      <Placemark>
        <Style>
          <LineStyle>
            <color>ff42ff00</color>
            <width>2</width>
          </LineStyle>
        </Style>
        <MultiGeometry>
          <LineString>
            <tessellate>1</tessellate>
            <altitudeMode>absolute</altitudeMode>
            <coordinates>-112.095337,33.626961,678.18 -112.094292,33.630661,693.42</coordinates>
          </LineString>
        </MultiGeometry>
        <name>P-419</name>
        <description><![CDATA[<div><div><span><b>Altitude:</b></span> <span>2,225 ft - 2,275 ft</span></div>
<div><span><b>Speed:</b></span> <span>126 kt - 124 kt</span></div>
<div><span><b>Timestamp:</b></span><br/><span>2025-08-19 11:27:33 UTC<br/>2025-08-19 11:27:39 UTC</span></div>
</div>]]></description>
      </Placemark>
      <Placemark>
        <Style>
          <LineStyle>
            <color>ff42ff00</color>
            <width>2</width>
          </LineStyle>
        </Style>
        <MultiGeometry>
          <LineString>
            <tessellate>1</tessellate>
            <altitudeMode>absolute</altitudeMode>
            <coordinates>-112.094292,33.630661,693.42 -112.093224,33.634369,693.42</coordinates>
          </LineString>
        </MultiGeometry>
        <name>P-420</name>
        <description><![CDATA[<div><div><span><b>Altitude:</b></span> <span>2,275 ft</span></div>
<div><span><b>Speed:</b></span> <span>124 kt - 127 kt</span></div>
<div><span><b>Timestamp:</b></span><br/><span>2025-08-19 11:27:39 UTC<br/>2025-08-19 11:27:46 UTC</span></div>
</div>]]></description>
      </Placemark>
      <Placemark>
        <Style>
          <LineStyle>
            <color>ff42ff00</color>
            <width>2</width>
          </LineStyle>
        </Style>
        <MultiGeometry>
          <LineString>
            <tessellate>1</tessellate>
            <altitudeMode>absolute</altitudeMode>
            <coordinates>-112.093224,33.634369,693.42 -112.092361,33.637066,685.8</coordinates>
          </LineString>
        </MultiGeometry>
        <name>P-421</name>
        <description><![CDATA[<div><div><span><b>Altitude:</b></span> <span>2,275 ft - 2,250 ft</span></div>
<div><span><b>Speed:</b></span> <span>127 kt - 128 kt</span></div>
<div><span><b>Timestamp:</b></span><br/><span>2025-08-19 11:27:46 UTC<br/>2025-08-19 11:27:51 UTC</span></div>
</div>]]></description>
      </Placemark>
      <Placemark>
        <Style>
          <LineStyle>
            <color>ff42ff00</color>
            <width>2</width>
          </LineStyle>
        </Style>
        <MultiGeometry>
          <LineString>
            <tessellate>1</tessellate>
            <altitudeMode>absolute</altitudeMode>
            <coordinates>-112.092361,33.637066,685.8 -112.091789,33.638412,685.8</coordinates>
          </LineString>
        </MultiGeometry>
        <name>P-422</name>
        <description><![CDATA[<div><div><span><b>Altitude:</b></span> <span>2,250 ft</span></div>
<div><span><b>Speed:</b></span> <span>128 kt</span></div>
<div><span><b>Timestamp:</b></span><br/><span>2025-08-19 11:27:51 UTC<br/>2025-08-19 11:27:53 UTC</span></div>
</div>]]></description>
      </Placemark>
      <Placemark>
        <Style>
          <LineStyle>
            <color>ff42ff00</color>
            <width>2</width>
          </LineStyle>
        </Style>
        <MultiGeometry>
          <LineString>
            <tessellate>1</tessellate>
            <altitudeMode>absolute</altitudeMode>
            <coordinates>-112.091789,33.638412,685.8 -112.091209,33.639816,685.8</coordinates>
          </LineString>
        </MultiGeometry>
        <name>P-423</name>
        <description><![CDATA[<div><div><span><b>Altitude:</b></span> <span>2,250 ft</span></div>
<div><span><b>Speed:</b></span> <span>128 kt</span></div>
<div><span><b>Timestamp:</b></span><br/><span>2025-08-19 11:27:53 UTC<br/>2025-08-19 11:27:56 UTC</span></div>
</div>]]></description>
      </Placemark>
      <Placemark>
        <Style>
          <LineStyle>
            <color>ff42ff00</color>
            <width>2</width>
          </LineStyle>
        </Style>
        <MultiGeometry>
          <LineString>
            <tessellate>1</tessellate>
            <altitudeMode>absolute</altitudeMode>
            <coordinates>-112.091209,33.639816,685.8 -112.090698,33.640881,685.8</coordinates>
          </LineString>
        </MultiGeometry>
        <name>P-424</name>
        <description><![CDATA[<div><div><span><b>Altitude:</b></span> <span>2,250 ft</span></div>
<div><span><b>Speed:</b></span> <span>128 kt</span></div>
<div><span><b>Timestamp:</b></span><br/><span>2025-08-19 11:27:56 UTC<br/>2025-08-19 11:27:58 UTC</span></div>
</div>]]></description>
      </Placemark>
      <Placemark>
        <Style>
          <LineStyle>
            <color>ff42ff00</color>
            <width>2</width>
          </LineStyle>
        </Style>
        <MultiGeometry>
          <LineString>
            <tessellate>1</tessellate>
            <altitudeMode>absolute</altitudeMode>
            <coordinates>-112.090698,33.640881,685.8 -112.090134,33.642231,685.8</coordinates>
          </LineString>
        </MultiGeometry>
        <name>P-425</name>
        <description><![CDATA[<div><div><span><b>Altitude:</b></span> <span>2,250 ft</span></div>
<div><span><b>Speed:</b></span> <span>128 kt</span></div>
<div><span><b>Timestamp:</b></span><br/><span>2025-08-19 11:27:58 UTC<br/>2025-08-19 11:28:00 UTC</span></div>
</div>]]></description>
      </Placemark>
      <Placemark>
        <Style>
          <LineStyle>
            <color>ff42ff00</color>
            <width>2</width>
          </LineStyle>
        </Style>
        <MultiGeometry>
          <LineString>
            <tessellate>1</tessellate>
            <altitudeMode>absolute</altitudeMode>
            <coordinates>-112.090134,33.642231,685.8 -112.089615,33.643349,678.18</coordinates>
          </LineString>
        </MultiGeometry>
        <name>P-426</name>
        <description><![CDATA[<div><div><span><b>Altitude:</b></span> <span>2,250 ft - 2,225 ft</span></div>
<div><span><b>Speed:</b></span> <span>128 kt</span></div>
<div><span><b>Timestamp:</b></span><br/><span>2025-08-19 11:28:00 UTC<br/>2025-08-19 11:28:02 UTC</span></div>
</div>]]></description>
      </Placemark>
      <Placemark>
        <Style>
          <LineStyle>
            <color>ff42ff00</color>
            <width>2</width>
          </LineStyle>
        </Style>
        <MultiGeometry>
          <LineString>
            <tessellate>1</tessellate>
            <altitudeMode>absolute</altitudeMode>
            <coordinates>-112.089615,33.643349,678.18 -112.089096,33.644421,670.56</coordinates>
          </LineString>
        </MultiGeometry>
        <name>P-427</name>
        <description><![CDATA[<div><div><span><b>Altitude:</b></span> <span>2,225 ft - 2,200 ft</span></div>
<div><span><b>Speed:</b></span> <span>128 kt</span></div>
<div><span><b>Timestamp:</b></span><br/><span>2025-08-19 11:28:02 UTC<br/>2025-08-19 11:28:04 UTC</span></div>
</div>]]></description>
      </Placemark>
      <Placemark>
        <Style>
          <LineStyle>
            <color>ff42ff00</color>
            <width>2</width>
          </LineStyle>
        </Style>
        <MultiGeometry>
          <LineString>
            <tessellate>1</tessellate>
            <altitudeMode>absolute</altitudeMode>
            <coordinates>-112.089096,33.644421,670.56 -112.088516,33.645584,670.56</coordinates>
          </LineString>
        </MultiGeometry>
        <name>P-428</name>
        <description><![CDATA[<div><div><span><b>Altitude:</b></span> <span>2,200 ft</span></div>
<div><span><b>Speed:</b></span> <span>128 kt - 127 kt</span></div>
<div><span><b>Timestamp:</b></span><br/><span>2025-08-19 11:28:04 UTC<br/>2025-08-19 11:28:06 UTC</span></div>
</div>]]></description>
      </Placemark>
      <Placemark>
        <Style>
          <LineStyle>
            <color>ff42ff00</color>
            <width>2</width>
          </LineStyle>
        </Style>
        <MultiGeometry>
          <LineString>
            <tessellate>1</tessellate>
            <altitudeMode>absolute</altitudeMode>
            <coordinates>-112.088516,33.645584,670.56 -112.087784,33.646935,670.56</coordinates>
          </LineString>
        </MultiGeometry>
        <name>P-429</name>
        <description><![CDATA[<div><div><span><b>Altitude:</b></span> <span>2,200 ft</span></div>
<div><span><b>Speed:</b></span> <span>127 kt - 125 kt</span></div>
<div><span><b>Timestamp:</b></span><br/><span>2025-08-19 11:28:06 UTC<br/>2025-08-19 11:28:08 UTC</span></div>
</div>]]></description>
      </Placemark>
      <Placemark>
        <Style>
          <LineStyle>
            <color>ff42ff00</color>
            <width>2</width>
          </LineStyle>
        </Style>
        <MultiGeometry>
          <LineString>
            <tessellate>1</tessellate>
            <altitudeMode>absolute</altitudeMode>
            <coordinates>-112.087784,33.646935,670.56 -112.087173,33.64801,670.56</coordinates>
          </LineString>
        </MultiGeometry>
        <name>P-430</name>
        <description><![CDATA[<div><div><span><b>Altitude:</b></span> <span>2,200 ft</span></div>
<div><span><b>Speed:</b></span> <span>125 kt - 123 kt</span></div>
<div><span><b>Timestamp:</b></span><br/><span>2025-08-19 11:28:08 UTC<br/>2025-08-19 11:28:10 UTC</span></div>
</div>]]></description>
      </Placemark>
      <Placemark>
        <Style>
          <LineStyle>
            <color>ff42ff00</color>
            <width>2</width>
          </LineStyle>
        </Style>
        <MultiGeometry>
          <LineString>
            <tessellate>1</tessellate>
            <altitudeMode>absolute</altitudeMode>
            <coordinates>-112.087173,33.64801,670.56 -112.086609,33.649063,670.56</coordinates>
          </LineString>
        </MultiGeometry>
        <name>P-431</name>
        <description><![CDATA[<div><div><span><b>Altitude:</b></span> <span>2,200 ft</span></div>
<div><span><b>Speed:</b></span> <span>123 kt</span></div>
<div><span><b>Timestamp:</b></span><br/><span>2025-08-19 11:28:10 UTC<br/>2025-08-19 11:28:13 UTC</span></div>
</div>]]></description>
      </Placemark>
      <Placemark>
        <Style>
          <LineStyle>
            <color>ff42ff00</color>
            <width>2</width>
          </LineStyle>
        </Style>
        <MultiGeometry>
          <LineString>
            <tessellate>1</tessellate>
            <altitudeMode>absolute</altitudeMode>
            <coordinates>-112.086609,33.649063,670.56 -112.085892,33.650333,670.56</coordinates>
          </LineString>
        </MultiGeometry>
        <name>P-432</name>
        <description><![CDATA[<div><div><span><b>Altitude:</b></span> <span>2,200 ft</span></div>
<div><span><b>Speed:</b></span> <span>123 kt - 121 kt</span></div>
<div><span><b>Timestamp:</b></span><br/><span>2025-08-19 11:28:13 UTC<br/>2025-08-19 11:28:15 UTC</span></div>
</div>]]></description>
      </Placemark>
      <Placemark>
        <Style>
          <LineStyle>
            <color>ff42ff00</color>
            <width>2</width>
          </LineStyle>
        </Style>
        <MultiGeometry>
          <LineString>
            <tessellate>1</tessellate>
            <altitudeMode>absolute</altitudeMode>
            <coordinates>-112.085892,33.650333,670.56 -112.085381,33.651306,670.56</coordinates>
          </LineString>
        </MultiGeometry>
        <name>P-433</name>
        <description><![CDATA[<div><div><span><b>Altitude:</b></span> <span>2,200 ft</span></div>
<div><span><b>Speed:</b></span> <span>121 kt - 120 kt</span></div>
<div><span><b>Timestamp:</b></span><br/><span>2025-08-19 11:28:15 UTC<br/>2025-08-19 11:28:17 UTC</span></div>
</div>]]></description>
      </Placemark>
      <Placemark>
        <Style>
          <LineStyle>
            <color>ff42ff00</color>
            <width>2</width>
          </LineStyle>
        </Style>
        <MultiGeometry>
          <LineString>
            <tessellate>1</tessellate>
            <altitudeMode>absolute</altitudeMode>
            <coordinates>-112.085381,33.651306,670.56 -112.084816,33.652313,670.56</coordinates>
          </LineString>
        </MultiGeometry>
        <name>P-434</name>
        <description><![CDATA[<div><div><span><b>Altitude:</b></span> <span>2,200 ft</span></div>
<div><span><b>Speed:</b></span> <span>120 kt - 119 kt</span></div>
<div><span><b>Timestamp:</b></span><br/><span>2025-08-19 11:28:17 UTC<br/>2025-08-19 11:28:19 UTC</span></div>
</div>]]></description>
      </Placemark>
      <Placemark>
        <Style>
          <LineStyle>
            <color>ff42ff00</color>
            <width>2</width>
          </LineStyle>
        </Style>
        <MultiGeometry>
          <LineString>
            <tessellate>1</tessellate>
            <altitudeMode>absolute</altitudeMode>
            <coordinates>-112.084816,33.652313,670.56 -112.084091,33.653595,670.56</coordinates>
          </LineString>
        </MultiGeometry>
        <name>P-435</name>
        <description><![CDATA[<div><div><span><b>Altitude:</b></span> <span>2,200 ft</span></div>
<div><span><b>Speed:</b></span> <span>119 kt - 118 kt</span></div>
<div><span><b>Timestamp:</b></span><br/><span>2025-08-19 11:28:19 UTC<br/>2025-08-19 11:28:22 UTC</span></div>
</div>]]></description>
      </Placemark>
      <Placemark>
        <Style>
          <LineStyle>
            <color>ff42ff00</color>
            <width>2</width>
          </LineStyle>
        </Style>
        <MultiGeometry>
          <LineString>
            <tessellate>1</tessellate>
            <altitudeMode>absolute</altitudeMode>
            <coordinates>-112.084091,33.653595,670.56 -112.083359,33.654877,670.56</coordinates>
          </LineString>
        </MultiGeometry>
        <name>P-436</name>
        <description><![CDATA[<div><div><span><b>Altitude:</b></span> <span>2,200 ft</span></div>
<div><span><b>Speed:</b></span> <span>118 kt - 117 kt</span></div>
<div><span><b>Timestamp:</b></span><br/><span>2025-08-19 11:28:22 UTC<br/>2025-08-19 11:28:24 UTC</span></div>
</div>]]></description>
      </Placemark>
      <Placemark>
        <Style>
          <LineStyle>
            <color>ff42ff00</color>
            <width>2</width>
          </LineStyle>
        </Style>
        <MultiGeometry>
          <LineString>
            <tessellate>1</tessellate>
            <altitudeMode>absolute</altitudeMode>
            <coordinates>-112.083359,33.654877,670.56 -112.082748,33.655918,670.56</coordinates>
          </LineString>
        </MultiGeometry>
        <name>P-437</name>
        <description><![CDATA[<div><div><span><b>Altitude:</b></span> <span>2,200 ft</span></div>
<div><span><b>Speed:</b></span> <span>117 kt</span></div>
<div><span><b>Timestamp:</b></span><br/><span>2025-08-19 11:28:24 UTC<br/>2025-08-19 11:28:26 UTC</span></div>
</div>]]></description>
      </Placemark>
      <Placemark>
        <Style>
          <LineStyle>
            <color>ff42ff00</color>
            <width>2</width>
          </LineStyle>
        </Style>
        <MultiGeometry>
          <LineString>
            <tessellate>1</tessellate>
            <altitudeMode>absolute</altitudeMode>
            <coordinates>-112.082748,33.655918,670.56 -112.082069,33.656891,670.56</coordinates>
          </LineString>
        </MultiGeometry>
        <name>P-438</name>
        <description><![CDATA[<div><div><span><b>Altitude:</b></span> <span>2,200 ft</span></div>
<div><span><b>Speed:</b></span> <span>117 kt - 116 kt</span></div>
<div><span><b>Timestamp:</b></span><br/><span>2025-08-19 11:28:26 UTC<br/>2025-08-19 11:28:28 UTC</span></div>
</div>]]></description>
      </Placemark>
      <Placemark>
        <Style>
          <LineStyle>
            <color>ff42ff00</color>
            <width>2</width>
          </LineStyle>
        </Style>
        <MultiGeometry>
          <LineString>
            <tessellate>1</tessellate>
            <altitudeMode>absolute</altitudeMode>
            <coordinates>-112.082069,33.656891,670.56 -112.081398,33.657944,662.94</coordinates>
          </LineString>
        </MultiGeometry>
        <name>P-439</name>
        <description><![CDATA[<div><div><span><b>Altitude:</b></span> <span>2,200 ft - 2,175 ft</span></div>
<div><span><b>Speed:</b></span> <span>116 kt - 115 kt</span></div>
<div><span><b>Timestamp:</b></span><br/><span>2025-08-19 11:28:28 UTC<br/>2025-08-19 11:28:30 UTC</span></div>
</div>]]></description>
      </Placemark>
      <Placemark>
        <Style>
          <LineStyle>
            <color>ff42ff00</color>
            <width>2</width>
          </LineStyle>
        </Style>
        <MultiGeometry>
          <LineString>
            <tessellate>1</tessellate>
            <altitudeMode>absolute</altitudeMode>
            <coordinates>-112.081398,33.657944,662.94 -112.080727,33.658859,662.94</coordinates>
          </LineString>
        </MultiGeometry>
        <name>P-440</name>
        <description><![CDATA[<div><div><span><b>Altitude:</b></span> <span>2,175 ft</span></div>
<div><span><b>Speed:</b></span> <span>115 kt</span></div>
<div><span><b>Timestamp:</b></span><br/><span>2025-08-19 11:28:30 UTC<br/>2025-08-19 11:28:33 UTC</span></div>
</div>]]></description>
      </Placemark>
      <Placemark>
        <Style>
          <LineStyle>
            <color>ff42ff00</color>
            <width>2</width>
          </LineStyle>
        </Style>
        <MultiGeometry>
          <LineString>
            <tessellate>1</tessellate>
            <altitudeMode>absolute</altitudeMode>
            <coordinates>-112.080727,33.658859,662.94 -112.079941,33.660015,662.94</coordinates>
          </LineString>
        </MultiGeometry>
        <name>P-441</name>
        <description><![CDATA[<div><div><span><b>Altitude:</b></span> <span>2,175 ft</span></div>
<div><span><b>Speed:</b></span> <span>115 kt - 114 kt</span></div>
<div><span><b>Timestamp:</b></span><br/><span>2025-08-19 11:28:33 UTC<br/>2025-08-19 11:28:35 UTC</span></div>
</div>]]></description>
      </Placemark>
      <Placemark>
        <Style>
          <LineStyle>
            <color>ff42ff00</color>
            <width>2</width>
          </LineStyle>
        </Style>
        <MultiGeometry>
          <LineString>
            <tessellate>1</tessellate>
            <altitudeMode>absolute</altitudeMode>
            <coordinates>-112.079941,33.660015,662.94 -112.079102,33.661102,662.94</coordinates>
          </LineString>
        </MultiGeometry>
        <name>P-442</name>
        <description><![CDATA[<div><div><span><b>Altitude:</b></span> <span>2,175 ft</span></div>
<div><span><b>Speed:</b></span> <span>114 kt - 112 kt</span></div>
<div><span><b>Timestamp:</b></span><br/><span>2025-08-19 11:28:35 UTC<br/>2025-08-19 11:28:37 UTC</span></div>
</div>]]></description>
      </Placemark>
      <Placemark>
        <Style>
          <LineStyle>
            <color>ff42ff00</color>
            <width>2</width>
          </LineStyle>
        </Style>
        <MultiGeometry>
          <LineString>
            <tessellate>1</tessellate>
            <altitudeMode>absolute</altitudeMode>
            <coordinates>-112.079102,33.661102,662.94 -112.078369,33.662064,655.32</coordinates>
          </LineString>
        </MultiGeometry>
        <name>P-443</name>
        <description><![CDATA[<div><div><span><b>Altitude:</b></span> <span>2,175 ft - 2,150 ft</span></div>
<div><span><b>Speed:</b></span> <span>112 kt</span></div>
<div><span><b>Timestamp:</b></span><br/><span>2025-08-19 11:28:37 UTC<br/>2025-08-19 11:28:40 UTC</span></div>
</div>]]></description>
      </Placemark>
      <Placemark>
        <Style>
          <LineStyle>
            <color>ff42ff00</color>
            <width>2</width>
          </LineStyle>
        </Style>
        <MultiGeometry>
          <LineString>
            <tessellate>1</tessellate>
            <altitudeMode>absolute</altitudeMode>
            <coordinates>-112.078369,33.662064,655.32 -112.077713,33.662899,655.32</coordinates>
          </LineString>
        </MultiGeometry>
        <name>P-444</name>
        <description><![CDATA[<div><div><span><b>Altitude:</b></span> <span>2,150 ft</span></div>
<div><span><b>Speed:</b></span> <span>112 kt - 111 kt</span></div>
<div><span><b>Timestamp:</b></span><br/><span>2025-08-19 11:28:40 UTC<br/>2025-08-19 11:28:42 UTC</span></div>
</div>]]></description>
      </Placemark>
      <Placemark>
        <Style>
          <LineStyle>
            <color>ff42ff00</color>
            <width>2</width>
          </LineStyle>
        </Style>
        <MultiGeometry>
          <LineString>
            <tessellate>1</tessellate>
            <altitudeMode>absolute</altitudeMode>
            <coordinates>-112.077713,33.662899,655.32 -112.076965,33.663971,655.32</coordinates>
          </LineString>
        </MultiGeometry>
        <name>P-445</name>
        <description><![CDATA[<div><div><span><b>Altitude:</b></span> <span>2,150 ft</span></div>
<div><span><b>Speed:</b></span> <span>111 kt - 110 kt</span></div>
<div><span><b>Timestamp:</b></span><br/><span>2025-08-19 11:28:42 UTC<br/>2025-08-19 11:28:44 UTC</span></div>
</div>]]></description>
      </Placemark>
      <Placemark>
        <Style>
          <LineStyle>
            <color>ff42ff00</color>
            <width>2</width>
          </LineStyle>
        </Style>
        <MultiGeometry>
          <LineString>
            <tessellate>1</tessellate>
            <altitudeMode>absolute</altitudeMode>
            <coordinates>-112.076965,33.663971,655.32 -112.076401,33.664856,647.7</coordinates>
          </LineString>
        </MultiGeometry>
        <name>P-446</name>
        <description><![CDATA[<div><div><span><b>Altitude:</b></span> <span>2,150 ft - 2,125 ft</span></div>
<div><span><b>Speed:</b></span> <span>110 kt - 108 kt</span></div>
<div><span><b>Timestamp:</b></span><br/><span>2025-08-19 11:28:44 UTC<br/>2025-08-19 11:28:46 UTC</span></div>
</div>]]></description>
      </Placemark>
      <Placemark>
        <Style>
          <LineStyle>
            <color>ff42ff00</color>
            <width>2</width>
          </LineStyle>
        </Style>
        <MultiGeometry>
          <LineString>
            <tessellate>1</tessellate>
            <altitudeMode>absolute</altitudeMode>
            <coordinates>-112.076401,33.664856,647.7 -112.07457,33.667835,640.08</coordinates>
          </LineString>
        </MultiGeometry>
        <name>P-447</name>
        <description><![CDATA[<div><div><span><b>Altitude:</b></span> <span>2,125 ft - 2,100 ft</span></div>
<div><span><b>Speed:</b></span> <span>108 kt - 103 kt</span></div>
<div><span><b>Timestamp:</b></span><br/><span>2025-08-19 11:28:46 UTC<br/>2025-08-19 11:28:53 UTC</span></div>
</div>]]></description>
      </Placemark>
      <Placemark>
        <Style>
          <LineStyle>
            <color>ff42ff00</color>
            <width>2</width>
          </LineStyle>
        </Style>
        <MultiGeometry>
          <LineString>
            <tessellate>1</tessellate>
            <altitudeMode>absolute</altitudeMode>
            <coordinates>-112.07457,33.667835,640.08 -112.074112,33.668655,632.46</coordinates>
          </LineString>
        </MultiGeometry>
        <name>P-448</name>
        <description><![CDATA[<div><div><span><b>Altitude:</b></span> <span>2,100 ft - 2,075 ft</span></div>
<div><span><b>Speed:</b></span> <span>103 kt - 99 kt</span></div>
<div><span><b>Timestamp:</b></span><br/><span>2025-08-19 11:28:53 UTC<br/>2025-08-19 11:28:55 UTC</span></div>
</div>]]></description>
      </Placemark>
      <Placemark>
        <Style>
          <LineStyle>
            <color>ff42ff00</color>
            <width>2</width>
          </LineStyle>
        </Style>
        <MultiGeometry>
          <LineString>
            <tessellate>1</tessellate>
            <altitudeMode>absolute</altitudeMode>
            <coordinates>-112.074112,33.668655,632.46 -112.073532,33.669792,632.46</coordinates>
          </LineString>
        </MultiGeometry>
        <name>P-449</name>
        <description><![CDATA[<div><div><span><b>Altitude:</b></span> <span>2,075 ft</span></div>
<div><span><b>Speed:</b></span> <span>99 kt - 97 kt</span></div>
<div><span><b>Timestamp:</b></span><br/><span>2025-08-19 11:28:55 UTC<br/>2025-08-19 11:28:57 UTC</span></div>
</div>]]></description>
      </Placemark>
      <Placemark>
        <Style>
          <LineStyle>
            <color>ff42ff00</color>
            <width>2</width>
          </LineStyle>
        </Style>
        <MultiGeometry>
          <LineString>
            <tessellate>1</tessellate>
            <altitudeMode>absolute</altitudeMode>
            <coordinates>-112.073532,33.669792,632.46 -112.07325,33.670628,632.46</coordinates>
          </LineString>
        </MultiGeometry>
        <name>P-450</name>
        <description><![CDATA[<div><div><span><b>Altitude:</b></span> <span>2,075 ft</span></div>
<div><span><b>Speed:</b></span> <span>97 kt - 93 kt</span></div>
<div><span><b>Timestamp:</b></span><br/><span>2025-08-19 11:28:57 UTC<br/>2025-08-19 11:28:59 UTC</span></div>
</div>]]></description>
      </Placemark>
      <Placemark>
        <Style>
          <LineStyle>
            <color>ff42ff00</color>
            <width>2</width>
          </LineStyle>
        </Style>
        <MultiGeometry>
          <LineString>
            <tessellate>1</tessellate>
            <altitudeMode>absolute</altitudeMode>
            <coordinates>-112.07325,33.670628,632.46 -112.072968,33.671421,624.84</coordinates>
          </LineString>
        </MultiGeometry>
        <name>P-451</name>
        <description><![CDATA[<div><div><span><b>Altitude:</b></span> <span>2,075 ft - 2,050 ft</span></div>
<div><span><b>Speed:</b></span> <span>93 kt - 89 kt</span></div>
<div><span><b>Timestamp:</b></span><br/><span>2025-08-19 11:28:59 UTC<br/>2025-08-19 11:29:01 UTC</span></div>
</div>]]></description>
      </Placemark>
      <Placemark>
        <Style>
          <LineStyle>
            <color>ff42ff00</color>
            <width>2</width>
          </LineStyle>
        </Style>
        <MultiGeometry>
          <LineString>
            <tessellate>1</tessellate>
            <altitudeMode>absolute</altitudeMode>
            <coordinates>-112.072968,33.671421,624.84 -112.072792,33.672211,617.22</coordinates>
          </LineString>
        </MultiGeometry>
        <name>P-452</name>
        <description><![CDATA[<div><div><span><b>Altitude:</b></span> <span>2,050 ft - 2,025 ft</span></div>
<div><span><b>Speed:</b></span> <span>89 kt - 85 kt</span></div>
<div><span><b>Timestamp:</b></span><br/><span>2025-08-19 11:29:01 UTC<br/>2025-08-19 11:29:03 UTC</span></div>
</div>]]></description>
      </Placemark>
      <Placemark>
        <Style>
          <LineStyle>
            <color>ff42ff00</color>
            <width>2</width>
          </LineStyle>
        </Style>
        <MultiGeometry>
          <LineString>
            <tessellate>1</tessellate>
            <altitudeMode>absolute</altitudeMode>
            <coordinates>-112.072792,33.672211,617.22 -112.072655,33.673096,609.6</coordinates>
          </LineString>
        </MultiGeometry>
        <name>P-453</name>
        <description><![CDATA[<div><div><span><b>Altitude:</b></span> <span>2,025 ft - 2,000 ft</span></div>
<div><span><b>Speed:</b></span> <span>85 kt - 80 kt</span></div>
<div><span><b>Timestamp:</b></span><br/><span>2025-08-19 11:29:03 UTC<br/>2025-08-19 11:29:06 UTC</span></div>
</div>]]></description>
      </Placemark>
      <Placemark>
        <Style>
          <LineStyle>
            <color>ff42ff00</color>
            <width>2</width>
          </LineStyle>
        </Style>
        <MultiGeometry>
          <LineString>
            <tessellate>1</tessellate>
            <altitudeMode>absolute</altitudeMode>
            <coordinates>-112.072655,33.673096,609.6 -112.072601,33.673828,601.98</coordinates>
          </LineString>
        </MultiGeometry>
        <name>P-454</name>
        <description><![CDATA[<div><div><span><b>Altitude:</b></span> <span>2,000 ft - 1,975 ft</span></div>
<div><span><b>Speed:</b></span> <span>80 kt - 76 kt</span></div>
<div><span><b>Timestamp:</b></span><br/><span>2025-08-19 11:29:06 UTC<br/>2025-08-19 11:29:08 UTC</span></div>
</div>]]></description>
      </Placemark>
      <Placemark>
        <Style>
          <LineStyle>
            <color>ff42ff00</color>
            <width>2</width>
          </LineStyle>
        </Style>
        <MultiGeometry>
          <LineString>
            <tessellate>1</tessellate>
            <altitudeMode>absolute</altitudeMode>
            <coordinates>-112.072601,33.673828,601.98 -112.072601,33.674515,594.36</coordinates>
          </LineString>
        </MultiGeometry>
        <name>P-455</name>
        <description><![CDATA[<div><div><span><b>Altitude:</b></span> <span>1,975 ft - 1,950 ft</span></div>
<div><span><b>Speed:</b></span> <span>76 kt - 72 kt</span></div>
<div><span><b>Timestamp:</b></span><br/><span>2025-08-19 11:29:08 UTC<br/>2025-08-19 11:29:10 UTC</span></div>
</div>]]></description>
      </Placemark>
      <Placemark>
        <Style>
          <LineStyle>
            <color>ffccff00</color>
            <width>2</width>
          </LineStyle>
        </Style>
        <MultiGeometry>
          <LineString>
            <tessellate>1</tessellate>
            <altitudeMode>absolute</altitudeMode>
            <coordinates>-112.072601,33.674515,594.36 -112.072678,33.675331,594.36</coordinates>
          </LineString>
        </MultiGeometry>
        <name>P-456</name>
        <description><![CDATA[<div><div><span><b>Altitude:</b></span> <span>1,950 ft</span></div>
<div><span><b>Speed:</b></span> <span>72 kt - 69 kt</span></div>
<div><span><b>Timestamp:</b></span><br/><span>2025-08-19 11:29:10 UTC<br/>2025-08-19 11:29:12 UTC</span></div>
</div>]]></description>
      </Placemark>
      <Placemark>
        <Style>
          <LineStyle>
            <color>ffccff00</color>
            <width>2</width>
          </LineStyle>
        </Style>
        <MultiGeometry>
          <LineString>
            <tessellate>1</tessellate>
            <altitudeMode>absolute</altitudeMode>
            <coordinates>-112.072678,33.675331,594.36 -112.072708,33.67598,579.12</coordinates>
          </LineString>
        </MultiGeometry>
        <name>P-457</name>
        <description><![CDATA[<div><div><span><b>Altitude:</b></span> <span>1,950 ft - 1,900 ft</span></div>
<div><span><b>Speed:</b></span> <span>69 kt - 66 kt</span></div>
<div><span><b>Timestamp:</b></span><br/><span>2025-08-19 11:29:12 UTC<br/>2025-08-19 11:29:15 UTC</span></div>
</div>]]></description>
      </Placemark>
      <Placemark>
        <Style>
          <LineStyle>
            <color>ffccff00</color>
            <width>2</width>
          </LineStyle>
        </Style>
        <MultiGeometry>
          <LineString>
            <tessellate>1</tessellate>
            <altitudeMode>absolute</altitudeMode>
            <coordinates>-112.072708,33.67598,579.12 -112.072876,33.676712,571.5</coordinates>
          </LineString>
        </MultiGeometry>
        <name>P-458</name>
        <description><![CDATA[<div><div><span><b>Altitude:</b></span> <span>1,900 ft - 1,875 ft</span></div>
<div><span><b>Speed:</b></span> <span>66 kt - 63 kt</span></div>
<div><span><b>Timestamp:</b></span><br/><span>2025-08-19 11:29:15 UTC<br/>2025-08-19 11:29:17 UTC</span></div>
</div>]]></description>
      </Placemark>
      <Placemark>
        <Style>
          <LineStyle>
            <color>ffccff00</color>
            <width>2</width>
          </LineStyle>
        </Style>
        <MultiGeometry>
          <LineString>
            <tessellate>1</tessellate>
            <altitudeMode>absolute</altitudeMode>
            <coordinates>-112.072876,33.676712,571.5 -112.07299,33.677261,571.5</coordinates>
          </LineString>
        </MultiGeometry>
        <name>P-459</name>
        <description><![CDATA[<div><div><span><b>Altitude:</b></span> <span>1,875 ft</span></div>
<div><span><b>Speed:</b></span> <span>63 kt - 61 kt</span></div>
<div><span><b>Timestamp:</b></span><br/><span>2025-08-19 11:29:17 UTC<br/>2025-08-19 11:29:19 UTC</span></div>
</div>]]></description>
      </Placemark>
      <Placemark>
        <Style>
          <LineStyle>
            <color>ffccff00</color>
            <width>2</width>
          </LineStyle>
        </Style>
        <MultiGeometry>
          <LineString>
            <tessellate>1</tessellate>
            <altitudeMode>absolute</altitudeMode>
            <coordinates>-112.07299,33.677261,571.5 -112.073158,33.677902,563.88</coordinates>
          </LineString>
        </MultiGeometry>
        <name>P-460</name>
        <description><![CDATA[<div><div><span><b>Altitude:</b></span> <span>1,875 ft - 1,850 ft</span></div>
<div><span><b>Speed:</b></span> <span>61 kt - 59 kt</span></div>
<div><span><b>Timestamp:</b></span><br/><span>2025-08-19 11:29:19 UTC<br/>2025-08-19 11:29:21 UTC</span></div>
</div>]]></description>
      </Placemark>
      <Placemark>
        <Style>
          <LineStyle>
            <color>ffccff00</color>
            <width>2</width>
          </LineStyle>
        </Style>
        <MultiGeometry>
          <LineString>
            <tessellate>1</tessellate>
            <altitudeMode>absolute</altitudeMode>
            <coordinates>-112.073158,33.677902,563.88 -112.073273,33.678497,556.26</coordinates>
          </LineString>
        </MultiGeometry>
        <name>P-461</name>
        <description><![CDATA[<div><div><span><b>Altitude:</b></span> <span>1,850 ft - 1,825 ft</span></div>
<div><span><b>Speed:</b></span> <span>59 kt - 56 kt</span></div>
<div><span><b>Timestamp:</b></span><br/><span>2025-08-19 11:29:21 UTC<br/>2025-08-19 11:29:24 UTC</span></div>
</div>]]></description>
      </Placemark>
      <Placemark>
        <Style>
          <LineStyle>
            <color>ffccff00</color>
            <width>2</width>
          </LineStyle>
        </Style>
        <MultiGeometry>
          <LineString>
            <tessellate>1</tessellate>
            <altitudeMode>absolute</altitudeMode>
            <coordinates>-112.073273,33.678497,556.26 -112.073425,33.679054,548.64</coordinates>
          </LineString>
        </MultiGeometry>
        <name>P-462</name>
        <description><![CDATA[<div><div><span><b>Altitude:</b></span> <span>1,825 ft - 1,800 ft</span></div>
<div><span><b>Speed:</b></span> <span>56 kt - 54 kt</span></div>
<div><span><b>Timestamp:</b></span><br/><span>2025-08-19 11:29:24 UTC<br/>2025-08-19 11:29:26 UTC</span></div>
</div>]]></description>
      </Placemark>
      <Placemark>
        <Style>
          <LineStyle>
            <color>ffccff00</color>
            <width>2</width>
          </LineStyle>
        </Style>
        <MultiGeometry>
          <LineString>
            <tessellate>1</tessellate>
            <altitudeMode>absolute</altitudeMode>
            <coordinates>-112.073425,33.679054,548.64 -112.073608,33.679688,541.02</coordinates>
          </LineString>
        </MultiGeometry>
        <name>P-463</name>
        <description><![CDATA[<div><div><span><b>Altitude:</b></span> <span>1,800 ft - 1,775 ft</span></div>
<div><span><b>Speed:</b></span> <span>54 kt - 53 kt</span></div>
<div><span><b>Timestamp:</b></span><br/><span>2025-08-19 11:29:26 UTC<br/>2025-08-19 11:29:28 UTC</span></div>
</div>]]></description>
      </Placemark>
      <Placemark>
        <Style>
          <LineStyle>
            <color>ffccff00</color>
            <width>2</width>
          </LineStyle>
        </Style>
        <MultiGeometry>
          <LineString>
            <tessellate>1</tessellate>
            <altitudeMode>absolute</altitudeMode>
            <coordinates>-112.073608,33.679688,541.02 -112.073708,33.680172,533.4</coordinates>
          </LineString>
        </MultiGeometry>
        <name>P-464</name>
        <description><![CDATA[<div><div><span><b>Altitude:</b></span> <span>1,775 ft - 1,750 ft</span></div>
<div><span><b>Speed:</b></span> <span>53 kt - 50 kt</span></div>
<div><span><b>Timestamp:</b></span><br/><span>2025-08-19 11:29:28 UTC<br/>2025-08-19 11:29:30 UTC</span></div>
</div>]]></description>
      </Placemark>
      <Placemark>
        <Style>
          <LineStyle>
            <color>ffccff00</color>
            <width>2</width>
          </LineStyle>
        </Style>
        <MultiGeometry>
          <LineString>
            <tessellate>1</tessellate>
            <altitudeMode>absolute</altitudeMode>
            <coordinates>-112.073708,33.680172,533.4 -112.073822,33.680592,533.4</coordinates>
          </LineString>
        </MultiGeometry>
        <name>P-465</name>
        <description><![CDATA[<div><div><span><b>Altitude:</b></span> <span>1,750 ft</span></div>
<div><span><b>Speed:</b></span> <span>50 kt - 49 kt</span></div>
<div><span><b>Timestamp:</b></span><br/><span>2025-08-19 11:29:30 UTC<br/>2025-08-19 11:29:32 UTC</span></div>
</div>]]></description>
      </Placemark>
      <Placemark>
        <Style>
          <LineStyle>
            <color>ffccff00</color>
            <width>2</width>
          </LineStyle>
        </Style>
        <MultiGeometry>
          <LineString>
            <tessellate>1</tessellate>
            <altitudeMode>absolute</altitudeMode>
            <coordinates>-112.073822,33.680592,533.4 -112.073883,33.681057,525.78</coordinates>
          </LineString>
        </MultiGeometry>
        <name>P-466</name>
        <description><![CDATA[<div><div><span><b>Altitude:</b></span> <span>1,750 ft - 1,725 ft</span></div>
<div><span><b>Speed:</b></span> <span>49 kt - 47 kt</span></div>
<div><span><b>Timestamp:</b></span><br/><span>2025-08-19 11:29:32 UTC<br/>2025-08-19 11:29:34 UTC</span></div>
</div>]]></description>
      </Placemark>
      <Placemark>
        <Style>
          <LineStyle>
            <color>ffccff00</color>
            <width>2</width>
          </LineStyle>
        </Style>
        <MultiGeometry>
          <LineString>
            <tessellate>1</tessellate>
            <altitudeMode>absolute</altitudeMode>
            <coordinates>-112.073883,33.681057,525.78 -112.07399,33.681477,518.16</coordinates>
          </LineString>
        </MultiGeometry>
        <name>P-467</name>
        <description><![CDATA[<div><div><span><b>Altitude:</b></span> <span>1,725 ft - 1,700 ft</span></div>
<div><span><b>Speed:</b></span> <span>47 kt - 46 kt</span></div>
<div><span><b>Timestamp:</b></span><br/><span>2025-08-19 11:29:34 UTC<br/>2025-08-19 11:29:36 UTC</span></div>
</div>]]></description>
      </Placemark>
      <Placemark>
        <Style>
          <LineStyle>
            <color>ffccff00</color>
            <width>2</width>
          </LineStyle>
        </Style>
        <MultiGeometry>
          <LineString>
            <tessellate>1</tessellate>
            <altitudeMode>absolute</altitudeMode>
            <coordinates>-112.07399,33.681477,518.16 -112.074059,33.681931,510.54</coordinates>
          </LineString>
        </MultiGeometry>
        <name>P-468</name>
        <description><![CDATA[<div><div><span><b>Altitude:</b></span> <span>1,700 ft - 1,675 ft</span></div>
<div><span><b>Speed:</b></span> <span>46 kt - 45 kt</span></div>
<div><span><b>Timestamp:</b></span><br/><span>2025-08-19 11:29:36 UTC<br/>2025-08-19 11:29:39 UTC</span></div>
</div>]]></description>
      </Placemark>
      <Placemark>
        <Style>
          <LineStyle>
            <color>ffccff00</color>
            <width>2</width>
          </LineStyle>
        </Style>
        <MultiGeometry>
          <LineString>
            <tessellate>1</tessellate>
            <altitudeMode>absolute</altitudeMode>
            <coordinates>-112.074059,33.681931,510.54 -112.074112,33.682827,502.92</coordinates>
          </LineString>
        </MultiGeometry>
        <name>P-469</name>
        <description><![CDATA[<div><div><span><b>Altitude:</b></span> <span>1,675 ft - 1,650 ft</span></div>
<div><span><b>Speed:</b></span> <span>45 kt - 41 kt</span></div>
<div><span><b>Timestamp:</b></span><br/><span>2025-08-19 11:29:39 UTC<br/>2025-08-19 11:29:43 UTC</span></div>
</div>]]></description>
      </Placemark>
      <Placemark>
        <Style>
          <LineStyle>
            <color>ffccff00</color>
            <width>2</width>
          </LineStyle>
        </Style>
        <MultiGeometry>
          <LineString>
            <tessellate>1</tessellate>
            <altitudeMode>absolute</altitudeMode>
            <coordinates>-112.074112,33.682827,502.92 -112.074112,33.683304,495.3</coordinates>
          </LineString>
        </MultiGeometry>
        <name>P-470</name>
        <description><![CDATA[<div><div><span><b>Altitude:</b></span> <span>1,650 ft - 1,625 ft</span></div>
<div><span><b>Speed:</b></span> <span>41 kt - 39 kt</span></div>
<div><span><b>Timestamp:</b></span><br/><span>2025-08-19 11:29:43 UTC<br/>2025-08-19 11:29:45 UTC</span></div>
</div>]]></description>
      </Placemark>
      <Placemark>
        <Style>
          <LineStyle>
            <color>ffccff00</color>
            <width>2</width>
          </LineStyle>
        </Style>
        <MultiGeometry>
          <LineString>
            <tessellate>1</tessellate>
            <altitudeMode>absolute</altitudeMode>
            <coordinates>-112.074112,33.683304,495.3 -112.074112,33.683624,495.3</coordinates>
          </LineString>
        </MultiGeometry>
        <name>P-471</name>
        <description><![CDATA[<div><div><span><b>Altitude:</b></span> <span>1,625 ft</span></div>
<div><span><b>Speed:</b></span> <span>39 kt - 36 kt</span></div>
<div><span><b>Timestamp:</b></span><br/><span>2025-08-19 11:29:45 UTC<br/>2025-08-19 11:29:48 UTC</span></div>
</div>]]></description>
      </Placemark>
      <Placemark>
        <Style>
          <LineStyle>
            <color>ffccff00</color>
            <width>2</width>
          </LineStyle>
        </Style>
        <MultiGeometry>
          <LineString>
            <tessellate>1</tessellate>
            <altitudeMode>absolute</altitudeMode>
            <coordinates>-112.074112,33.683624,495.3 -112.074112,33.684036,487.68</coordinates>
          </LineString>
        </MultiGeometry>
        <name>P-472</name>
        <description><![CDATA[<div><div><span><b>Altitude:</b></span> <span>1,625 ft - 1,600 ft</span></div>
<div><span><b>Speed:</b></span> <span>36 kt - 34 kt</span></div>
<div><span><b>Timestamp:</b></span><br/><span>2025-08-19 11:29:48 UTC<br/>2025-08-19 11:29:50 UTC</span></div>
</div>]]></description>
      </Placemark>
      <Placemark>
        <Style>
          <LineStyle>
            <color>ffccff00</color>
            <width>2</width>
          </LineStyle>
        </Style>
        <MultiGeometry>
          <LineString>
            <tessellate>1</tessellate>
            <altitudeMode>absolute</altitudeMode>
            <coordinates>-112.074112,33.684036,487.68 -112.074112,33.684311,487.68</coordinates>
          </LineString>
        </MultiGeometry>
        <name>P-473</name>
        <description><![CDATA[<div><div><span><b>Altitude:</b></span> <span>1,600 ft</span></div>
<div><span><b>Speed:</b></span> <span>34 kt - 31 kt</span></div>
<div><span><b>Timestamp:</b></span><br/><span>2025-08-19 11:29:50 UTC<br/>2025-08-19 11:29:52 UTC</span></div>
</div>]]></description>
      </Placemark>
      <Placemark>
        <Style>
          <LineStyle>
            <color>ffccff00</color>
            <width>2</width>
          </LineStyle>
        </Style>
        <MultiGeometry>
          <LineString>
            <tessellate>1</tessellate>
            <altitudeMode>absolute</altitudeMode>
            <coordinates>-112.074112,33.684311,487.68 -112.074165,33.684639,480.06</coordinates>
          </LineString>
        </MultiGeometry>
        <name>P-474</name>
        <description><![CDATA[<div><div><span><b>Altitude:</b></span> <span>1,600 ft - 1,575 ft</span></div>
<div><span><b>Speed:</b></span> <span>31 kt - 28 kt</span></div>
<div><span><b>Timestamp:</b></span><br/><span>2025-08-19 11:29:52 UTC<br/>2025-08-19 11:29:54 UTC</span></div>
</div>]]></description>
      </Placemark>
      <Placemark>
        <Style>
          <LineStyle>
            <color>ffccff00</color>
            <width>2</width>
          </LineStyle>
        </Style>
        <MultiGeometry>
          <LineString>
            <tessellate>1</tessellate>
            <altitudeMode>absolute</altitudeMode>
            <coordinates>-112.074165,33.684639,480.06 -112.074165,33.684872,472.44</coordinates>
          </LineString>
        </MultiGeometry>
        <name>P-475</name>
        <description><![CDATA[<div><div><span><b>Altitude:</b></span> <span>1,575 ft - 1,550 ft</span></div>
<div><span><b>Speed:</b></span> <span>28 kt - 25 kt</span></div>
<div><span><b>Timestamp:</b></span><br/><span>2025-08-19 11:29:54 UTC<br/>2025-08-19 11:29:56 UTC</span></div>
</div>]]></description>
      </Placemark>
      <Placemark>
        <Style>
          <LineStyle>
            <color>ffccff00</color>
            <width>2</width>
          </LineStyle>
        </Style>
        <MultiGeometry>
          <LineString>
            <tessellate>1</tessellate>
            <altitudeMode>absolute</altitudeMode>
            <coordinates>-112.074165,33.684872,472.44 -112.074165,33.685181,472.44</coordinates>
          </LineString>
        </MultiGeometry>
        <name>P-476</name>
        <description><![CDATA[<div><div><span><b>Altitude:</b></span> <span>1,550 ft</span></div>
<div><span><b>Speed:</b></span> <span>25 kt - 23 kt</span></div>
<div><span><b>Timestamp:</b></span><br/><span>2025-08-19 11:29:56 UTC<br/>2025-08-19 11:29:59 UTC</span></div>
</div>]]></description>
      </Placemark>
      <Placemark>
        <Style>
          <LineStyle>
            <color>ffccff00</color>
            <width>2</width>
          </LineStyle>
        </Style>
        <MultiGeometry>
          <LineString>
            <tessellate>1</tessellate>
            <altitudeMode>absolute</altitudeMode>
            <coordinates>-112.074165,33.685181,472.44 -112.074165,33.685432,464.82</coordinates>
          </LineString>
        </MultiGeometry>
        <name>P-477</name>
        <description><![CDATA[<div><div><span><b>Altitude:</b></span> <span>1,550 ft - 1,525 ft</span></div>
<div><span><b>Speed:</b></span> <span>23 kt - 21 kt</span></div>
<div><span><b>Timestamp:</b></span><br/><span>2025-08-19 11:29:59 UTC<br/>2025-08-19 11:30:01 UTC</span></div>
</div>]]></description>
      </Placemark>
      <Placemark>
        <Style>
          <LineStyle>
            <color>ffccff00</color>
            <width>2</width>
          </LineStyle>
        </Style>
        <MultiGeometry>
          <LineString>
            <tessellate>1</tessellate>
            <altitudeMode>absolute</altitudeMode>
            <coordinates>-112.074165,33.685432,464.82 -112.074165,33.685776,457.2</coordinates>
          </LineString>
        </MultiGeometry>
        <name>P-478</name>
        <description><![CDATA[<div><div><span><b>Altitude:</b></span> <span>1,525 ft - 1,500 ft</span></div>
<div><span><b>Speed:</b></span> <span>21 kt - 16 kt</span></div>
<div><span><b>Timestamp:</b></span><br/><span>2025-08-19 11:30:01 UTC<br/>2025-08-19 11:30:05 UTC</span></div>
</div>]]></description>
      </Placemark>
      <Placemark>
        <Style>
          <LineStyle>
            <color>ffccff00</color>
            <width>2</width>
          </LineStyle>
        </Style>
        <MultiGeometry>
          <LineString>
            <tessellate>1</tessellate>
            <altitudeMode>absolute</altitudeMode>
            <coordinates>-112.074165,33.685776,457.2 -112.074112,33.68605,449.58</coordinates>
          </LineString>
        </MultiGeometry>
        <name>P-479</name>
        <description><![CDATA[<div><div><span><b>Altitude:</b></span> <span>1,500 ft - 1,475 ft</span></div>
<div><span><b>Speed:</b></span> <span>16 kt - 12 kt</span></div>
<div><span><b>Timestamp:</b></span><br/><span>2025-08-19 11:30:05 UTC<br/>2025-08-19 11:30:10 UTC</span></div>
</div>]]></description>
      </Placemark>
      <Placemark>
        <Style>
          <LineStyle>
            <color>ffccff00</color>
            <width>2</width>
          </LineStyle>
        </Style>
        <MultiGeometry>
          <LineString>
            <tessellate>1</tessellate>
            <altitudeMode>clampToGround</altitudeMode>
            <coordinates>-112.074112,33.68605,449.58 -112.074036,33.686317,0</coordinates>
          </LineString>
        </MultiGeometry>
        <name>P-480</name>
        <description><![CDATA[<div><div><span><b>Altitude:</b></span> <span>1,475 ft - 0 ft</span></div>
<div><span><b>Speed:</b></span> <span>12 kt - 7 kt</span></div>
<div><span><b>Timestamp:</b></span><br/><span>2025-08-19 11:30:10 UTC<br/>2025-08-19 11:30:16 UTC</span></div>
</div>]]></description>
      </Placemark>
      <Placemark>
        <Style>
          <LineStyle>
            <color>ffffffff</color>
            <width>2</width>
          </LineStyle>
        </Style>
        <MultiGeometry>
          <LineString>
            <tessellate>1</tessellate>
            <altitudeMode>clampToGround</altitudeMode>
            <coordinates>-112.074036,33.686317,0 -112.073914,33.68652,0</coordinates>
          </LineString>
        </MultiGeometry>
        <name>P-481</name>
        <description><![CDATA[<div><div><span><b>Altitude:</b></span> <span>0 ft</span></div>
<div><span><b>Speed:</b></span> <span>7 kt - 1 kt</span></div>
<div><span><b>Timestamp:</b></span><br/><span>2025-08-19 11:30:16 UTC<br/>2025-08-19 11:30:28 UTC</span></div>
</div>]]></description>
      </Placemark>
    </Folder>
  </Document>
</kml>
