id,fr24_id,registration,callsign,aircraft_type,departure_time,arrival_time,origin_airport,destination_airport,flight_duration_minutes,first_seen,last_seen,positions_count
2251,3719de25,N623FB,N623FB,AS50,2024-09-14 15:08:54+00,2024-09-14 18:16:06+00,KDVT,KDVT,187.2,2024-09-14 15:07:12+00,2024-09-14 18:17:40+00,1049
2252,371a8415,N623FB,N623FB,AS50,2024-09-14 18:17:30+00,2024-09-14 19:13:57+00,KDVT,KDVT,56.45,2024-09-14 18:17:43+00,2024-09-14 19:14:23+00,974
1568,371b29ae,N622FB,N622FB,AS50,2024-09-14 22:31:37+00,2024-09-14 22:56:30+00,KDVT,,24.883333333333333,2024-09-14 22:31:22+00,2024-09-14 22:57:25+00,413
1569,371b3826,N622FB,N622FB,AS50,2024-09-14 22:56:33+00,2024-09-14 23:56:37+00,KPHX,KDVT,60.06666666666667,2024-09-14 22:57:31+00,2024-09-14 23:57:09+00,849
1570,371b9319,N622FB,N622FB,AS50,2024-09-15 01:59:08+00,2024-09-15 03:35:47+00,KDVT,KDVT,96.65,2024-09-15 01:59:01+00,2024-09-15 03:36:09+00,1717
3676,371bb719,N625FB,N625FB,AS50,2024-09-15 03:30:56+00,2024-09-15 05:13:57+00,KDVT,KDVT,103.01666666666667,2024-09-15 03:30:04+00,2024-09-15 05:14:11+00,1663
3677,371c0112,N625FB,N625FB,AS50,2024-09-15 06:31:42+00,2024-09-15 08:01:56+00,KDVT,KDVT,90.23333333333333,2024-09-15 06:30:39+00,2024-09-15 08:02:26+00,1465
2230,371d6853,N623FB,N623FB,AS50,2024-09-15 15:37:32+00,2024-09-15 15:44:34+00,KDVT,KDVT,7.033333333333333,2024-09-15 15:36:25+00,2024-09-15 15:44:14+00,123
2231,371d8306,N623FB,N623FB,AS50,2024-09-15 16:06:31+00,2024-09-15 17:02:23+00,KDVT,KDVT,55.86666666666667,2024-09-15 16:06:41+00,2024-09-15 17:02:21+00,762
2941,371e0da1,N624FB,N624FB,AS50,2024-09-15 19:02:17+00,2024-09-15 19:40:33+00,KDVT,KDVT,38.266666666666666,2024-09-15 19:01:24+00,2024-09-15 19:40:50+00,653
2942,371eb091,N624FB,N624FB,AS50,2024-09-15 23:07:53+00,2024-09-16 00:40:57+00,KDVT,KDVT,93.06666666666666,2024-09-15 23:06:53+00,2024-09-16 00:41:30+00,1626
2943,371f0ecd,N624FB,N624FB,AS50,2024-09-16 02:09:43+00,2024-09-16 03:53:20+00,KDVT,KDVT,103.61666666666666,2024-09-16 02:09:01+00,2024-09-16 03:56:44+00,1709
2232,371f3042,N623FB,N623FB,AS50,2024-09-16 03:32:31+00,2024-09-16 05:19:19+00,KDVT,KDVT,106.8,2024-09-16 03:31:31+00,2024-09-16 05:19:18+00,1562
2233,371f87df,N623FB,N623FB,AS50,2024-09-16 06:51:33+00,2024-09-16 08:04:16+00,KDVT,KDVT,72.71666666666667,2024-09-16 06:51:00+00,2024-09-16 08:04:16+00,1262
1524,3720cdb9,N622FB,N622FB,AS50,2024-09-16 15:02:33+00,2024-09-16 16:18:21+00,KDVT,KDVT,75.8,2024-09-16 15:01:26+00,2024-09-16 16:18:21+00,1315
816,3721ce2c,N621FB,N621FB,AS50,2024-09-16 20:10:37+00,2024-09-16 20:17:46+00,KDVT,KDVT,7.15,2024-09-16 20:09:50+00,2024-09-16 20:17:44+00,137
2234,37224f4c,N623FB,N623FB,AS50,2024-09-16 23:11:22+00,2024-09-17 00:46:25+00,KDVT,KDVT,95.05,2024-09-16 23:10:42+00,2024-09-17 00:46:25+00,1645
2235,3722bf00,N623FB,N623FB,AS50,2024-09-17 02:15:04+00,2024-09-17 03:44:15+00,KDVT,KDVT,89.18333333333334,2024-09-17 02:14:05+00,2024-09-17 03:44:37+00,1648
1525,3722e39c,N622FB,N622FB,AS50,2024-09-17 03:32:47+00,2024-09-17 05:15:20+00,KDVT,KDVT,102.55,2024-09-17 03:32:25+00,2024-09-17 05:15:16+00,1756
817,3723142c,N621FB,N621FB,AS50,2024-09-17 05:13:31+00,2024-09-17 06:38:36+00,KDVT,KGEU,85.08333333333333,2024-09-17 05:12:57+00,2024-09-17 06:39:54+00,1208
818,37233d39,N621FB,N621FB,AS50,2024-09-17 06:39:33+00,2024-09-17 06:49:49+00,KGEU,KDVT,10.266666666666667,2024-09-17 06:40:00+00,2024-09-17 06:49:47+00,122
819,37236546,N621FB,N621FB,AS50,2024-09-17 08:03:04+00,2024-09-17 10:03:59+00,KDVT,KDVT,120.91666666666667,2024-09-17 08:02:29+00,2024-09-17 10:04:33+00,2161
1526,372495f9,N622FB,N622FB,AS50,2024-09-17 15:01:38+00,2024-09-17 16:35:10+00,KDVT,KDVT,93.53333333333333,2024-09-17 15:00:40+00,2024-09-17 16:35:08+00,1665
820,37262ca7,N621FB,N621FB,AS50,2024-09-17 23:19:28+00,2024-09-18 00:33:32+00,KDVT,KDVT,74.06666666666666,2024-09-17 23:19:03+00,2024-09-18 00:33:45+00,1147
821,3726974a,N621FB,N621FB,AS50,2024-09-18 02:11:22+00,2024-09-18 03:45:42+00,KDVT,KDVT,94.33333333333333,2024-09-18 02:10:40+00,2024-09-18 03:53:05+00,1590
2236,3726bea9,N623FB,N623FB,AS50,2024-09-18 03:35:05+00,2024-09-18 05:16:00+00,KDVT,KDVT,100.91666666666667,2024-09-18 03:34:38+00,2024-09-18 05:16:00+00,1839
2944,3726e74c,N624FB,N624FB,AS50,2024-09-18 05:02:28+00,2024-09-18 06:52:51+00,KDVT,KDVT,110.38333333333334,2024-09-18 05:00:50+00,2024-09-18 06:53:32+00,1872
2237,37271282,N623FB,N623FB,AS50,2024-09-18 06:31:41+00,2024-09-18 08:12:52+00,KDVT,KDVT,101.18333333333334,2024-09-18 06:31:06+00,2024-09-18 08:16:01+00,1449
2945,37273f19,N624FB,N624FB,AS50,2024-09-18 08:02:41+00,2024-09-18 09:36:32+00,KDVT,KDVT,93.85,2024-09-18 08:01:06+00,2024-09-18 09:36:57+00,1480
2238,37285dd8,N623FB,N623FB,AS50,2024-09-18 14:31:05+00,2024-09-18 15:03:32+00,KDVT,KDVT,32.45,2024-09-18 14:30:22+00,2024-09-18 15:03:02+00,510
2239,3728a2b0,N623FB,N623FB,AS50,2024-09-18 15:40:38+00,2024-09-18 16:47:18+00,KDVT,KDVT,66.66666666666667,2024-09-18 15:40:05+00,2024-09-18 16:47:08+00,1154
2946,37293999,N624FB,N624FB,AS50,2024-09-18 18:24:44+00,2024-09-18 19:23:29+00,KDVT,KDVT,58.75,2024-09-18 18:24:42+00,2024-09-18 19:23:29+00,448
2240,372948fd,N623FB,N623FB,AS50,2024-09-18 18:46:06+00,2024-09-18 20:08:16+00,KDVT,KDVT,82.16666666666667,2024-09-18 18:42:33+00,2024-09-18 20:09:32+00,1335
822,372939c9,N621FB,N621FB,AS50,2024-09-18 19:15:31+00,2024-09-18 19:25:13+00,KDVT,KDVT,9.7,2024-09-18 18:24:51+00,2024-09-18 19:21:20+00,95
1527,3729e835,N622FB,N622FB,AS50,2024-09-18 22:53:14+00,2024-09-19 00:27:08+00,KDVT,KDVT,93.9,2024-09-18 21:59:37+00,2024-09-19 00:27:41+00,1588
1528,372a880a,N622FB,N622FB,AS50,2024-09-19 02:04:53+00,2024-09-19 03:35:59+00,KDVT,KDVT,91.1,2024-09-19 02:03:35+00,2024-09-19 03:35:59+00,1551
823,372ab21d,N621FB,N621FB,AS50,2024-09-19 03:33:10+00,2024-09-19 05:19:05+00,KDVT,KDVT,105.91666666666667,2024-09-19 03:32:09+00,2024-09-19 05:17:05+00,1829
1529,372adc18,N622FB,N622FB,AS50,2024-09-19 05:02:08+00,2024-09-19 06:38:34+00,KDVT,KDVT,96.43333333333334,2024-09-19 05:01:39+00,2024-09-19 06:39:01+00,1747
824,372b07f7,N621FB,N621FB,AS50,2024-09-19 06:31:58+00,2024-09-19 08:07:21+00,KDVT,KDVT,95.38333333333334,2024-09-19 06:31:34+00,2024-09-19 08:11:05+00,1717
1530,372b35db,N622FB,N622FB,AS50,2024-09-19 08:02:44+00,2024-09-19 09:54:21+00,KDVT,KDVT,111.61666666666666,2024-09-19 08:02:12+00,2024-09-19 09:54:48+00,1938
3663,372c20d4,N625FB,N625FB,AS50,2024-09-19 13:36:03+00,2024-09-19 14:32:55+00,KDVT,KDVT,56.86666666666667,2024-09-19 13:34:09+00,2024-09-19 14:33:07+00,993
3664,372d2940,N625FB,N625FB,AS50,2024-09-19 17:58:44+00,2024-09-19 19:28:31+00,KDVT,KDVT,89.78333333333333,2024-09-19 17:57:47+00,2024-09-19 19:28:41+00,1445
1531,372e3121,N622FB,N622FB,AS50,2024-09-19 23:12:17+00,2024-09-20 00:55:11+00,KDVT,KDVT,102.9,2024-09-19 23:12:18+00,2024-09-20 00:55:29+00,1843
1532,372ea839,N622FB,N622FB,AS50,2024-09-20 02:11:01+00,2024-09-20 03:37:36+00,KDVT,KDVT,86.58333333333333,2024-09-20 02:10:48+00,2024-09-20 03:37:44+00,1541
825,372ed0ab,N621FB,N621FB,AS50,2024-09-20 03:30:55+00,2024-09-20 05:14:13+00,KDVT,KDVT,103.3,2024-09-20 03:30:26+00,2024-09-20 05:14:31+00,1801
1533,372efce8,N622FB,N622FB,AS50,2024-09-20 05:03:33+00,2024-09-20 06:37:12+00,KDVT,KDVT,93.65,2024-09-20 05:02:06+00,2024-09-20 06:37:29+00,1737
826,372f28b9,N621FB,N621FB,AS50,2024-09-20 06:33:22+00,2024-09-20 08:07:21+00,KDVT,KDVT,93.98333333333333,2024-09-20 06:32:31+00,2024-09-20 08:08:11+00,1543
1534,372f55ad,N622FB,N622FB,AS50,2024-09-20 08:01:14+00,2024-09-20 09:51:04+00,KDVT,KDVT,109.83333333333333,2024-09-20 08:00:38+00,2024-09-20 09:51:31+00,1955
827,372ff931,N621FB,N621FB,AS50,2024-09-20 12:15:06+00,2024-09-20 13:08:56+00,KDVT,KDVT,53.833333333333336,2024-09-20 12:14:39+00,2024-09-20 13:08:45+00,937
828,37315fd8,N621FB,N621FB,AS50,2024-09-20 17:57:05+00,2024-09-20 18:59:30+00,KDVT,KDVT,62.416666666666664,2024-09-20 17:56:24+00,2024-09-20 19:00:06+00,1016
2947,37326099,N624FB,N624FB,AS50,2024-09-20 23:04:23+00,2024-09-21 00:23:31+00,KDVT,KDVT,79.13333333333334,2024-09-20 23:03:29+00,2024-09-21 00:23:53+00,1283
2948,3732d54e,N624FB,N624FB,AS50,2024-09-21 02:10:23+00,2024-09-21 03:40:24+00,KDVT,KDVT,90.01666666666667,2024-09-21 02:10:19+00,2024-09-21 03:40:59+00,1454
829,3732fa29,N621FB,N621FB,AS50,2024-09-21 03:30:27+00,2024-09-21 05:13:38+00,KDVT,KDVT,103.18333333333334,2024-09-21 03:29:53+00,2024-09-21 05:14:28+00,1863
1535,37332499,N622FB,N622FB,AS50,2024-09-21 05:06:06+00,2024-09-21 06:37:14+00,KDVT,KDVT,91.13333333333334,2024-09-21 05:05:30+00,2024-09-21 06:37:36+00,1536
830,37334892,N621FB,N621FB,AS50,2024-09-21 06:30:47+00,2024-09-21 08:17:08+00,KDVT,KDVT,106.35,2024-09-21 06:29:39+00,2024-09-21 08:17:45+00,1787
1536,3733757e,N622FB,N622FB,AS50,2024-09-21 08:03:27+00,2024-09-21 09:37:34+00,KDVT,KDVT,94.11666666666666,2024-09-21 08:02:13+00,2024-09-21 09:39:41+00,1593
2949,3734b249,N624FB,N624FB,AS50,2024-09-21 14:57:06+00,2024-09-21 16:05:00+00,KDVT,KDVT,67.9,2024-09-21 14:56:35+00,2024-09-21 16:05:00+00,1091
2950,37355d4d,N624FB,N624FB,AS50,2024-09-21 18:02:38+00,2024-09-21 19:15:29+00,KDVT,KDVT,72.85,2024-09-21 18:01:56+00,2024-09-21 19:15:30+00,1252
3665,37362686,N625FB,N625FB,AS50,2024-09-21 23:00:09+00,2024-09-22 00:40:21+00,KDVT,KDVT,100.2,2024-09-21 22:59:44+00,2024-09-22 00:44:36+00,1764
3666,37368361,N625FB,N625FB,AS50,2024-09-22 01:59:46+00,2024-09-22 02:25:15+00,KDVT,KGEU,25.483333333333334,2024-09-22 01:59:33+00,2024-09-22 02:26:01+00,471
3667,37368e69,N625FB,N625FB,AS50,2024-09-22 02:25:45+00,2024-09-22 03:36:29+00,KGEU,KDVT,70.73333333333333,2024-09-22 02:26:04+00,2024-09-22 03:36:29+00,1240
2241,3736a785,N623FB,N623FB,AS50,2024-09-22 03:30:48+00,2024-09-22 05:08:16+00,KDVT,KDVT,97.46666666666667,2024-09-22 03:30:11+00,2024-09-22 05:08:33+00,1735
1537,3736ccce,N622FB,N622FB,AS50,2024-09-22 05:00:33+00,2024-09-22 06:47:30+00,KDVT,KDVT,106.95,2024-09-22 04:59:51+00,2024-09-22 06:47:48+00,1860
2242,3736f2fc,N623FB,N623FB,AS50,2024-09-22 06:31:48+00,2024-09-22 08:10:59+00,KDVT,KDVT,99.18333333333334,2024-09-22 06:31:12+00,2024-09-22 08:11:13+00,1624
1538,37371b9a,N622FB,N622FB,AS50,2024-09-22 08:02:21+00,2024-09-22 10:13:08+00,KDVT,KDVT,130.78333333333333,2024-09-22 08:00:35+00,2024-09-22 10:13:44+00,2269
3668,37386254,N625FB,N625FB,AS50,2024-09-22 15:39:54+00,2024-09-22 16:54:04+00,KDVT,KDVT,74.16666666666667,2024-09-22 15:39:21+00,2024-09-22 16:58:22+00,1237
831,37390dee,N621FB,N621FB,AS50,2024-09-22 19:13:53+00,2024-09-22 19:59:03+00,KDVT,KDVT,45.166666666666664,2024-09-22 19:12:56+00,2024-09-22 19:59:25+00,766
1539,3739b03d,N622FB,N622FB,AS50,2024-09-22 23:10:55+00,2024-09-23 00:32:57+00,KDVT,KDVT,82.03333333333333,2024-09-22 23:09:29+00,2024-09-23 00:34:02+00,1365
1540,373a105f,N622FB,N622FB,AS50,2024-09-23 02:02:38+00,2024-09-23 03:22:41+00,KDVT,KGEU,80.05,2024-09-23 02:01:57+00,2024-09-23 03:23:18+00,1466
1541,373a33d1,N622FB,N622FB,AS50,2024-09-23 03:23:07+00,2024-09-23 03:39:34+00,KGEU,KDVT,16.45,2024-09-23 03:23:24+00,2024-09-23 03:40:07+00,276
3669,373a3772,N625FB,N625FB,AS50,2024-09-23 03:32:50+00,2024-09-23 05:00:38+00,KDVT,KDVT,87.8,2024-09-23 03:32:08+00,2024-09-23 05:01:36+00,1379
1542,373a5ffa,N622FB,N622FB,AS50,2024-09-23 05:01:30+00,2024-09-23 06:43:16+00,KDVT,KDVT,101.76666666666667,2024-09-23 05:01:39+00,2024-09-23 06:43:51+00,1651
3670,373a8a5f,N625FB,N625FB,AS50,2024-09-23 06:31:50+00,2024-09-23 08:11:35+00,KDVT,KDVT,99.75,2024-09-23 06:31:40+00,2024-09-23 08:13:12+00,1438
1543,373ab496,N622FB,N622FB,AS50,2024-09-23 07:59:59+00,2024-09-23 09:53:50+00,KDVT,KDVT,113.85,2024-09-23 07:59:38+00,2024-09-23 09:54:10+00,1960
2243,373be2c6,N623FB,N623FB,AS50,2024-09-23 15:20:17+00,,KDVT,,,2024-09-23 15:20:14+00,2024-09-23 18:25:34+00,1568
2244,373c828e,N623FB,N623FB,AS50,2024-09-23 18:58:46+00,2024-09-23 19:28:09+00,,KDVT,29.383333333333333,2024-09-23 18:35:52+00,2024-09-23 19:28:20+00,549
2951,373cb2af,N624FB,N624FB,AS50,2024-09-23 19:42:22+00,2024-09-23 20:18:11+00,KDVT,KPAN,35.81666666666667,2024-09-23 19:38:12+00,2024-09-23 20:19:14+00,290
2952,373cd173,N624FB,N624FB,AS50,2024-09-23 20:15:35+00,2024-09-23 20:27:37+00,,KPAN,12.033333333333333,2024-09-23 20:19:16+00,2024-09-23 20:28:49+00,82
2953,373cd8a7,N624FB,N624FB,AS50,2024-09-23 20:28:19+00,2024-09-23 20:38:15+00,,KPAN,9.933333333333334,2024-09-23 20:28:52+00,2024-09-23 20:39:27+00,116
2955,373ce6de,N624FB,N624FB,AS50,2024-09-23 20:47:08+00,2024-09-23 21:37:27+00,,KDVT,50.31666666666667,2024-09-23 20:48:12+00,2024-09-23 21:37:54+00,400
1544,373d2265,N622FB,N622FB,AS50,2024-09-23 22:14:09+00,2024-09-24 00:30:44+00,KDVT,KDVT,136.58333333333334,2024-09-23 22:13:53+00,2024-09-24 00:31:11+00,2375
1545,373db578,N622FB,N622FB,AS50,2024-09-24 02:11:03+00,2024-09-24 03:38:36+00,KDVT,KDVT,87.55,2024-09-24 02:10:32+00,2024-09-24 03:39:08+00,1460
832,373ddc27,N621FB,N621FB,AS50,2024-09-24 03:34:13+00,2024-09-24 05:22:14+00,KDVT,KDVT,108.01666666666667,2024-09-24 03:33:20+00,2024-09-24 05:20:10+00,1711
1546,373e056b,N622FB,N622FB,AS50,2024-09-24 05:01:31+00,2024-09-24 06:45:46+00,KDVT,KDVT,104.25,2024-09-24 05:00:53+00,2024-09-24 06:46:18+00,1737
833,373e30f2,N621FB,N621FB,AS50,2024-09-24 06:32:33+00,2024-09-24 08:10:00+00,KDVT,KDVT,97.45,2024-09-24 06:32:43+00,2024-09-24 08:11:51+00,1566
1547,373e5ad9,N622FB,N622FB,AS50,2024-09-24 08:01:10+00,2024-09-24 09:40:01+00,KDVT,KDVT,98.85,2024-09-24 07:59:35+00,2024-09-24 09:40:56+00,1703
2245,373f5148,N623FB,N623FB,AS50,2024-09-24 14:10:04+00,2024-09-24 15:03:03+00,KDVT,KPRC,52.983333333333334,2024-09-24 14:09:16+00,2024-09-24 15:02:51+00,466
834,373f8357,N621FB,N621FB,AS50,2024-09-24 15:05:26+00,2024-09-24 19:47:40+00,KDVT,KDVT,282.23333333333335,2024-09-24 15:04:44+00,2024-09-24 19:47:37+00,2338
2246,373fdd9b,N623FB,N623FB,AS50,2024-09-24 16:49:59+00,2024-09-24 17:20:56+00,KPRC,KDVT,30.95,2024-09-24 16:48:37+00,2024-09-24 17:21:04+00,152
1548,3740dec8,N622FB,N622FB,AS50,2024-09-24 22:20:14+00,2024-09-24 23:51:17+00,KDVT,KDVT,91.05,2024-09-24 22:19:43+00,2024-09-24 23:51:43+00,1538
1549,374170eb,N622FB,N622FB,AS50,2024-09-25 02:18:51+00,2024-09-25 03:38:24+00,KDVT,KDVT,79.55,2024-09-25 02:18:26+00,2024-09-25 03:38:55+00,1396
2247,374192d2,N623FB,N623FB,AS50,2024-09-25 03:32:09+00,2024-09-25 05:06:17+00,KDVT,KDVT,94.13333333333334,2024-09-25 03:31:44+00,2024-09-25 05:04:16+00,1364
1550,3741bdc8,N622FB,N622FB,AS50,2024-09-25 05:03:05+00,2024-09-25 06:39:07+00,KDVT,KDVT,96.03333333333333,2024-09-25 05:02:45+00,2024-09-25 06:39:33+00,1600
2248,3741e74a,N623FB,N623FB,AS50,2024-09-25 06:30:55+00,2024-09-25 08:12:06+00,KDVT,KDVT,101.18333333333334,2024-09-25 06:31:01+00,2024-09-25 08:15:34+00,1636
1551,374213d9,N622FB,N622FB,AS50,2024-09-25 08:01:23+00,2024-09-25 09:32:17+00,KDVT,KDVT,90.9,2024-09-25 08:01:02+00,2024-09-25 09:32:50+00,1352
1552,37449e9f,N622FB,N622FB,AS50,2024-09-25 23:07:33+00,2024-09-26 00:30:18+00,KDVT,KDVT,82.75,2024-09-25 23:07:02+00,2024-09-26 00:30:28+00,1392
1553,37450623,N622FB,N622FB,AS50,2024-09-26 02:05:24+00,2024-09-26 03:42:55+00,KDVT,KDVT,97.51666666666667,2024-09-26 02:05:01+00,2024-09-26 03:43:28+00,1692
2956,37452f3b,N624FB,N624FB,AS50,2024-09-26 03:32:33+00,2024-09-26 04:59:49+00,KDVT,KDVT,87.26666666666667,2024-09-26 03:32:42+00,2024-09-26 04:59:54+00,1426
2957,3745756d,N624FB,N624FB,AS50,2024-09-26 06:00:56+00,2024-09-26 07:05:05+00,KDVT,KDVT,64.15,2024-09-26 06:00:55+00,2024-09-26 07:05:22+00,978
2958,37459407,N624FB,N624FB,AS50,2024-09-26 07:05:07+00,2024-09-26 07:46:37+00,KDVT,KDVT,41.5,2024-09-26 07:05:25+00,2024-09-26 07:46:45+00,627
2959,3745c27e,N624FB,N624FB,AS50,2024-09-26 08:40:38+00,2024-09-26 10:52:12+00,KDVT,KDVT,131.56666666666666,2024-09-26 08:40:25+00,2024-09-26 10:53:02+00,2161
3671,37467754,N625FB,N625FB,AS50,2024-09-26 13:33:35+00,2024-09-26 14:17:50+00,KDVT,KDVT,44.25,2024-09-26 13:30:27+00,2024-09-26 14:19:21+00,531
2249,3746b103,N623FB,N623FB,AS50,2024-09-26 14:39:14+00,2024-09-26 15:38:17+00,KDVT,KDVT,59.05,2024-09-26 14:38:50+00,2024-09-26 15:38:17+00,943
2960,3746eac6,N624FB,N624FB,AS50,2024-09-26 15:46:53+00,2024-09-26 16:08:19+00,KDVT,KDVT,21.433333333333334,2024-09-26 15:46:39+00,2024-09-26 16:06:20+00,345
2250,37476cea,N623FB,N623FB,AS50,2024-09-26 18:29:10+00,2024-09-26 19:58:46+00,KDVT,KDVT,89.6,2024-09-26 18:28:11+00,2024-09-26 19:58:54+00,1586
1554,37480098,N622FB,N622FB,AS50,2024-09-26 21:46:16+00,2024-09-26 23:33:03+00,KDVT,KDVT,106.78333333333333,2024-09-26 21:45:50+00,2024-09-26 23:32:59+00,1984
1555,3748ab75,N622FB,N622FB,AS50,2024-09-27 02:09:58+00,2024-09-27 03:35:22+00,KDVT,KDVT,85.4,2024-09-27 02:09:24+00,2024-09-27 03:36:00+00,1612
2961,3748d3ef,N624FB,N624FB,AS50,2024-09-27 03:31:36+00,2024-09-27 05:09:03+00,KDVT,KDVT,97.45,2024-09-27 03:30:31+00,2024-09-27 05:09:20+00,1685
1556,3748fecd,N622FB,N622FB,AS50,2024-09-27 05:01:34+00,2024-09-27 06:51:37+00,KDVT,KDVT,110.05,2024-09-27 05:00:58+00,2024-09-27 06:52:05+00,1771
2962,37492b20,N624FB,N624FB,AS50,2024-09-27 06:32:50+00,2024-09-27 08:33:02+00,KDVT,KDVT,120.2,2024-09-27 06:32:01+00,2024-09-27 08:35:22+00,2159
1557,37495780,N622FB,N622FB,AS50,2024-09-27 08:02:08+00,2024-09-27 10:20:24+00,KDVT,KDVT,138.26666666666668,2024-09-27 08:00:37+00,2024-09-27 10:20:48+00,2348
2963,3749e835,N624FB,N624FB,AS50,2024-09-27 12:18:25+00,2024-09-27 13:10:56+00,KDVT,KDVT,52.516666666666666,2024-09-27 12:17:07+00,2024-09-27 13:11:11+00,861
2964,374a5f17,N624FB,N624FB,AS50,2024-09-27 14:42:49+00,2024-09-27 14:49:57+00,KDVT,KDVT,7.133333333333334,2024-09-27 14:43:07+00,2024-09-27 14:49:57+00,112
2965,374b09b4,N624FB,N624FB,AS50,2024-09-27 18:08:52+00,2024-09-27 19:15:08+00,KDVT,KDVT,66.26666666666667,2024-09-27 18:08:27+00,2024-09-27 19:15:13+00,1142
1558,374bd5b3,N622FB,N622FB,AS50,2024-09-27 22:50:13+00,2024-09-28 00:20:38+00,KDVT,KDVT,90.41666666666667,2024-09-27 22:49:35+00,2024-09-28 00:21:03+00,1504
1559,374c4bd0,N622FB,N622FB,AS50,2024-09-28 02:03:47+00,2024-09-28 03:48:49+00,KDVT,KDVT,105.03333333333333,2024-09-28 02:03:12+00,2024-09-28 03:49:13+00,1788
3672,374c763f,N625FB,N625FB,AS50,2024-09-28 03:32:59+00,2024-09-28 05:02:19+00,KDVT,KGEU,89.33333333333333,2024-09-28 03:32:22+00,2024-09-28 05:02:54+00,1484
1560,374c9c98,N622FB,N622FB,AS50,2024-09-28 04:57:58+00,2024-09-28 06:48:32+00,KDVT,KDVT,110.56666666666666,2024-09-28 04:57:42+00,2024-09-28 06:48:51+00,1995
3673,374c9f0d,N625FB,N625FB,AS50,2024-09-28 05:02:40+00,2024-09-28 05:13:21+00,KGEU,KDVT,10.683333333333334,2024-09-28 05:02:57+00,2024-09-28 05:11:55+00,112
3674,374cc4f6,N625FB,N625FB,AS50,2024-09-28 06:31:02+00,2024-09-28 08:06:51+00,KDVT,KDVT,95.81666666666666,2024-09-28 06:30:16+00,2024-09-28 08:07:20+00,1488
1561,374ced54,N622FB,N622FB,AS50,2024-09-28 08:01:53+00,2024-09-28 10:17:58+00,KDVT,KDVT,136.08333333333334,2024-09-28 07:59:36+00,2024-09-28 10:18:22+00,2338
3675,374d3011,N625FB,N625FB,AS50,2024-09-28 10:02:26+00,2024-09-28 10:38:02+00,KDVT,KDVT,35.6,2024-09-28 10:02:14+00,2024-09-28 10:38:15+00,515
1562,374d58a6,N622FB,N622FB,AS50,2024-09-28 11:09:59+00,2024-09-28 11:34:14+00,KDVT,KDVT,24.25,2024-09-28 11:08:41+00,2024-09-28 11:35:12+00,381
1563,374d6a0e,N622FB,N622FB,AS50,2024-09-28 11:34:59+00,2024-09-28 11:55:37+00,KDVT,KDVT,20.633333333333333,2024-09-28 11:35:16+00,2024-09-28 11:57:28+00,374
2966,374eb16b,N624FB,N624FB,AS50,2024-09-28 18:10:37+00,2024-09-28 19:32:48+00,KDVT,KDVT,82.18333333333334,2024-09-28 18:09:52+00,2024-09-28 19:35:38+00,1395
1564,374f733d,N622FB,N622FB,AS50,2024-09-28 23:13:54+00,2024-09-29 00:50:57+00,KDVT,KDVT,97.05,2024-09-28 23:14:00+00,2024-09-29 00:51:02+00,1683
1565,374fc811,N622FB,N622FB,AS50,2024-09-29 02:03:36+00,2024-09-29 03:35:25+00,KDVT,KDVT,91.81666666666666,2024-09-29 02:03:45+00,2024-09-29 03:35:34+00,1555
835,374fece4,N621FB,N621FB,AS50,2024-09-29 03:34:09+00,2024-09-29 03:45:44+00,KDVT,KGEU,11.583333333333334,2024-09-29 03:33:30+00,2024-09-29 03:46:36+00,181
836,374ff1fe,N621FB,N621FB,AS50,2024-09-29 03:46:24+00,2024-09-29 05:34:11+00,KGEU,KDVT,107.78333333333333,2024-09-29 03:46:42+00,2024-09-29 05:34:26+00,1833
1566,37501250,N622FB,N622FB,AS50,2024-09-29 05:03:44+00,2024-09-29 06:37:02+00,KDVT,KDVT,93.3,2024-09-29 05:03:00+00,2024-09-29 06:37:18+00,1628
837,375037d7,N621FB,N621FB,AS50,2024-09-29 06:32:39+00,2024-09-29 08:14:50+00,KDVT,KDVT,102.18333333333334,2024-09-29 06:31:39+00,2024-09-29 08:15:34+00,1684
1567,3750621d,N622FB,N622FB,AS50,2024-09-29 08:03:49+00,2024-09-29 09:47:34+00,KDVT,KDVT,103.75,2024-09-29 08:03:06+00,2024-09-29 09:48:11+00,1733
1490,3750f69a,N622FB,N622FB,AS50,2024-09-29 11:59:55+00,2024-09-29 12:47:28+00,KDVT,KDVT,47.55,2024-09-29 11:59:35+00,2024-09-29 12:47:45+00,829
792,375175b1,N621FB,N621FB,AS50,2024-09-29 14:33:37+00,2024-09-29 15:08:04+00,KDVT,KDVT,34.45,2024-09-29 14:33:21+00,2024-09-29 15:08:12+00,556
793,3752118d,N621FB,N621FB,AS50,2024-09-29 17:37:48+00,2024-09-29 18:00:36+00,KDVT,KGEU,22.8,2024-09-29 17:37:13+00,2024-09-29 18:00:36+00,383
794,37522843,N621FB,N621FB,AS50,2024-09-29 18:07:23+00,2024-09-29 18:22:25+00,KPHX,KDVT,15.033333333333333,2024-09-29 18:07:37+00,2024-09-29 18:22:25+00,216
1491,3752f562,N622FB,N622FB,AS50,2024-09-29 23:02:43+00,2024-09-30 00:23:51+00,KDVT,KDVT,81.13333333333334,2024-09-29 23:02:08+00,2024-09-30 00:24:21+00,1362
1492,37535f3f,N622FB,N622FB,AS50,2024-09-30 02:05:38+00,2024-09-30 03:42:46+00,KDVT,KDVT,97.13333333333334,2024-09-30 02:04:55+00,2024-09-30 03:43:16+00,1682
2206,37538688,N623FB,N623FB,AS50,2024-09-30 03:29:45+00,2024-09-30 05:10:26+00,KDVT,KDVT,100.68333333333334,2024-09-30 03:29:11+00,2024-09-30 05:08:26+00,1693
3644,3753c9b5,N625FB,N625FB,AS50,2024-09-30 05:54:52+00,2024-09-30 07:16:53+00,KDVT,KDVT,82.01666666666667,2024-09-30 05:51:54+00,2024-09-30 07:17:15+00,1408
2207,3753dbde,N623FB,N623FB,AS50,2024-09-30 06:29:55+00,,KDVT,,,2024-09-30 06:29:29+00,2024-09-30 08:13:44+00,1841
3645,37540cb5,N625FB,N625FB,AS50,2024-09-30 08:08:34+00,2024-09-30 09:23:03+00,KDVT,KCHD,74.48333333333333,2024-09-30 08:08:01+00,2024-09-30 09:23:54+00,1244
3646,37543372,N625FB,N625FB,AS50,2024-09-30 09:23:41+00,2024-09-30 09:40:22+00,KCHD,KDVT,16.683333333333334,2024-09-30 09:24:00+00,2024-09-30 09:40:54+00,187
1493,37551df2,N622FB,N622FB,AS50,2024-09-30 14:44:40+00,2024-09-30 15:30:48+00,KDVT,KDVT,46.13333333333333,2024-09-30 14:43:54+00,2024-09-30 15:31:27+00,797
1494,3756ba6d,N622FB,N622FB,AS50,2024-09-30 23:05:00+00,2024-10-01 00:45:36+00,KDVT,KDVT,100.6,2024-09-30 23:04:26+00,2024-10-01 00:46:02+00,1644
1495,3757211a,N622FB,N622FB,AS50,2024-10-01 01:49:01+00,2024-10-01 03:35:18+00,KDVT,KDVT,106.28333333333333,2024-10-01 01:42:47+00,2024-10-01 03:35:51+00,1911
2919,375756ab,N624FB,N624FB,AS50,2024-10-01 03:31:18+00,2024-10-01 05:04:38+00,KDVT,KDVT,93.33333333333333,2024-10-01 03:29:06+00,2024-10-01 05:04:42+00,1591
3647,3757822b,N625FB,N625FB,AS50,2024-10-01 05:01:48+00,2024-10-01 06:50:00+00,KDVT,KDVT,108.2,2024-10-01 05:01:06+00,2024-10-01 06:50:47+00,1938
2920,3757ac4f,N624FB,N624FB,AS50,2024-10-01 06:29:11+00,2024-10-01 08:07:56+00,KDVT,KDVT,98.75,2024-10-01 06:29:05+00,2024-10-01 08:08:11+00,1711
3648,3757d79b,N625FB,N625FB,AS50,2024-10-01 08:00:14+00,2024-10-01 09:40:14+00,KDVT,KDVT,100,2024-10-01 07:58:37+00,2024-10-01 09:40:46+00,1652
2208,3759063c,N623FB,N623FB,AS50,2024-10-01 15:11:34+00,2024-10-01 16:11:25+00,KDVT,KDVT,59.85,2024-10-01 15:10:47+00,2024-10-01 16:11:37+00,935
2209,37599fea,N623FB,N623FB,AS50,2024-10-01 18:10:11+00,2024-10-01 19:07:43+00,KDVT,,57.53333333333333,2024-10-01 18:09:28+00,2024-10-01 19:08:34+00,1008
1496,375a721c,N622FB,N622FB,AS50,2024-10-01 22:44:19+00,2024-10-02 00:08:22+00,KDVT,KDVT,84.05,2024-10-01 22:44:06+00,2024-10-02 00:09:06+00,1497
1497,375aef1a,N622FB,N622FB,AS50,2024-10-02 02:06:56+00,2024-10-02 03:40:54+00,KDVT,KDVT,93.96666666666667,2024-10-02 02:05:54+00,2024-10-02 03:41:13+00,1659
2921,375b1822,N624FB,N624FB,AS50,2024-10-02 03:32:59+00,2024-10-02 04:56:09+00,KDVT,KDVT,83.16666666666667,2024-10-02 03:32:46+00,2024-10-02 04:54:12+00,1464
795,375b4674,N621FB,N621FB,AS50,2024-10-02 05:13:25+00,2024-10-02 06:40:30+00,KDVT,KDVT,87.08333333333333,2024-10-02 05:11:50+00,2024-10-02 06:41:05+00,1501
2922,375b6b89,N624FB,N624FB,AS50,2024-10-02 06:31:16+00,2024-10-02 08:08:33+00,KDVT,KDVT,97.28333333333333,2024-10-02 06:31:03+00,2024-10-02 08:08:35+00,1439
796,375b9930,N621FB,N621FB,AS50,2024-10-02 08:05:25+00,2024-10-02 09:36:51+00,KDVT,KDVT,91.43333333333334,2024-10-02 08:05:02+00,2024-10-02 09:37:32+00,1437
3649,375d12c3,N625FB,N625FB,AS50,2024-10-02 16:22:26+00,2024-10-02 17:18:25+00,KDVT,KDVT,55.983333333333334,2024-10-02 16:21:01+00,2024-10-02 17:18:46+00,899
3650,375d7291,N625FB,N625FB,AS50,2024-10-02 18:08:45+00,2024-10-02 19:01:34+00,KDVT,KDVT,52.81666666666667,2024-10-02 18:06:26+00,2024-10-02 19:01:45+00,747
1498,375e6a04,N622FB,N622FB,AS50,2024-10-02 23:03:21+00,2024-10-03 00:31:13+00,KDVT,KDVT,87.86666666666666,2024-10-02 23:03:08+00,2024-10-03 00:31:34+00,1497
1499,375ec7c7,N622FB,N622FB,AS50,2024-10-03 01:21:58+00,2024-10-03 03:19:14+00,KDVT,KDVT,117.26666666666667,2024-10-03 01:21:03+00,2024-10-03 03:19:37+00,2025
797,375f0bac,N621FB,N621FB,AS50,2024-10-03 03:37:58+00,2024-10-03 05:09:09+00,KDVT,KDVT,91.18333333333334,2024-10-03 03:36:44+00,2024-10-03 05:09:14+00,1553
1500,375f33ee,N622FB,N622FB,AS50,2024-10-03 05:03:24+00,2024-10-03 06:48:58+00,KDVT,KDVT,105.56666666666666,2024-10-03 05:02:05+00,2024-10-03 06:49:30+00,1906
798,375f5d0d,N621FB,N621FB,AS50,2024-10-03 06:32:08+00,2024-10-03 08:15:00+00,KDVT,KDVT,102.86666666666666,2024-10-03 06:30:35+00,2024-10-03 08:15:27+00,1767
1501,375f8976,N622FB,N622FB,AS50,2024-10-03 08:05:06+00,2024-10-03 09:56:56+00,KDVT,KDVT,111.83333333333333,2024-10-03 08:02:24+00,2024-10-03 09:57:27+00,1971
2923,3760b4c8,N624FB,N624FB,AS50,2024-10-03 14:34:08+00,2024-10-03 14:37:54+00,KDVT,KDVT,3.7666666666666666,2024-10-03 14:33:37+00,2024-10-03 14:37:07+00,59
2924,37618fb8,N624FB,N624FB,AS50,2024-10-03 18:08:22+00,2024-10-03 18:38:49+00,KDVT,KDVT,30.45,2024-10-03 18:08:09+00,2024-10-03 18:38:51+00,523
1502,37629897,N622FB,N622FB,AS50,2024-10-03 23:05:29+00,2024-10-04 00:28:49+00,KDVT,KDVT,83.33333333333333,2024-10-03 23:05:16+00,2024-10-04 00:28:46+00,1365
1503,376311b3,N622FB,N622FB,AS50,2024-10-04 02:06:17+00,2024-10-04 03:36:15+00,KDVT,KDVT,89.96666666666667,2024-10-04 02:05:50+00,2024-10-04 03:36:24+00,1587
3651,37633d86,N625FB,N625FB,AS50,2024-10-04 03:32:52+00,2024-10-04 05:14:05+00,KDVT,KDVT,101.21666666666667,2024-10-04 03:32:13+00,2024-10-04 05:14:24+00,1755
799,376369cf,N621FB,N621FB,AS50,2024-10-04 05:05:36+00,2024-10-04 06:39:42+00,KDVT,KDVT,94.1,2024-10-04 05:04:06+00,2024-10-04 06:39:49+00,1567
3652,37639163,N625FB,N625FB,AS50,2024-10-04 06:28:59+00,2024-10-04 08:07:00+00,KDVT,KDVT,98.01666666666667,2024-10-04 06:28:24+00,2024-10-04 08:07:34+00,1734
800,3763be53,N621FB,N621FB,AS50,2024-10-04 08:02:50+00,2024-10-04 09:30:17+00,KDVT,KDVT,87.45,2024-10-04 08:01:01+00,2024-10-04 09:33:20+00,1417
801,3763fdde,N621FB,N621FB,AS50,2024-10-04 09:58:46+00,2024-10-04 11:14:36+00,KDVT,KDVT,75.83333333333333,2024-10-04 09:58:22+00,2024-10-04 11:15:01+00,1367
2925,3765426b,N624FB,N624FB,AS50,2024-10-04 15:56:28+00,2024-10-04 16:54:36+00,KDVT,KDVT,58.13333333333333,2024-10-04 15:55:12+00,2024-10-04 16:54:54+00,882
2926,3765c3f3,N624FB,N624FB,AS50,2024-10-04 18:09:56+00,2024-10-04 19:13:17+00,KDVT,KDVT,63.35,2024-10-04 18:09:10+00,2024-10-04 19:13:47+00,958
1504,3766b675,N622FB,N622FB,AS50,2024-10-04 23:06:58+00,2024-10-05 00:30:52+00,KDVT,KDVT,83.9,2024-10-04 23:05:33+00,2024-10-05 00:31:08+00,1335
1505,37672f97,N622FB,N622FB,AS50,2024-10-05 02:32:16+00,2024-10-05 03:42:41+00,KDVT,KDVT,70.41666666666667,2024-10-05 02:31:19+00,2024-10-05 03:43:10+00,1222
802,37674a6b,N621FB,N621FB,AS50,2024-10-05 03:32:28+00,2024-10-05 05:17:50+00,KDVT,KDVT,105.36666666666666,2024-10-05 03:30:36+00,2024-10-05 05:18:15+00,1904
2211,3767727b,N623FB,N623FB,AS50,2024-10-05 05:02:25+00,2024-10-05 07:06:05+00,KDVT,KDVT,123.66666666666667,2024-10-05 05:01:50+00,2024-10-05 07:06:23+00,2167
803,3767998c,N621FB,N621FB,AS50,2024-10-05 06:33:07+00,2024-10-05 08:31:11+00,KDVT,KDVT,118.06666666666666,2024-10-05 06:32:33+00,2024-10-05 08:31:35+00,2048
2212,3767c202,N623FB,N623FB,AS50,2024-10-05 08:03:23+00,2024-10-05 10:20:48+00,KDVT,KDVT,137.41666666666666,2024-10-05 08:01:52+00,2024-10-05 10:21:14+00,2205
1506,376a7da5,N622FB,N622FB,AS50,2024-10-05 23:35:25+00,2024-10-06 00:29:23+00,KDVT,KDVT,53.96666666666667,2024-10-05 23:34:40+00,2024-10-06 00:29:54+00,896
1507,376abc87,N622FB,N622FB,AS50,2024-10-06 01:39:03+00,2024-10-06 03:03:42+00,KDVT,KDVT,84.65,2024-10-06 01:38:28+00,2024-10-06 03:03:57+00,1485
2213,376ae82d,N623FB,N623FB,AS50,2024-10-06 03:23:27+00,2024-10-06 05:18:58+00,KDVT,KDVT,115.51666666666667,2024-10-06 03:22:56+00,2024-10-06 05:19:12+00,1940
1508,376b125d,N622FB,N622FB,AS50,2024-10-06 05:04:15+00,2024-10-06 06:37:41+00,KDVT,KDVT,93.43333333333334,2024-10-06 05:03:19+00,2024-10-06 06:37:53+00,1656
2214,376b3704,N623FB,N623FB,AS50,2024-10-06 06:31:35+00,2024-10-06 08:34:14+00,KDVT,KDVT,122.65,2024-10-06 06:31:13+00,2024-10-06 08:34:55+00,2131
1509,376b5dc8,N622FB,N622FB,AS50,2024-10-06 08:02:20+00,2024-10-06 09:45:42+00,KDVT,KDVT,103.36666666666666,2024-10-06 08:00:36+00,2024-10-06 09:46:05+00,1747
1510,376ba8b1,N622FB,N622FB,AS50,2024-10-06 10:24:05+00,2024-10-06 12:26:07+00,KDVT,KDVT,122.03333333333333,2024-10-06 10:23:53+00,2024-10-06 12:26:35+00,2166
804,376c83b3,N621FB,N621FB,AS50,2024-10-06 15:14:28+00,2024-10-06 16:18:57+00,KDVT,KDVT,64.48333333333333,2024-10-06 15:13:12+00,2024-10-06 16:17:11+00,1084
805,376d2de4,N621FB,N621FB,AS50,2024-10-06 18:42:37+00,2024-10-06 19:43:28+00,KDVT,KDVT,60.85,2024-10-06 18:42:08+00,2024-10-06 19:43:27+00,1091
2927,376deb47,N624FB,N624FB,AS50,2024-10-06 23:20:48+00,2024-10-07 00:57:01+00,KDVT,KDVT,96.21666666666667,2024-10-06 23:19:58+00,2024-10-07 00:57:51+00,1755
2928,376e4857,N624FB,N624FB,AS50,2024-10-07 02:08:49+00,2024-10-07 03:40:15+00,KDVT,KDVT,91.43333333333334,2024-10-07 02:08:16+00,2024-10-07 03:40:37+00,1636
2215,376e95e3,N623FB,N623FB,AS50,2024-10-07 04:59:23+00,2024-10-07 06:34:42+00,KDVT,KDVT,95.31666666666666,2024-10-07 04:57:33+00,2024-10-07 06:35:10+00,1692
2216,376eed31,N623FB,N623FB,AS50,2024-10-07 08:02:15+00,2024-10-07 09:35:20+00,KDVT,KDVT,93.08333333333333,2024-10-07 08:00:35+00,2024-10-07 09:36:07+00,1629
2217,376f521d,N623FB,N623FB,AS50,2024-10-07 11:07:30+00,2024-10-07 11:24:43+00,KDVT,KDVT,17.216666666666665,2024-10-07 11:07:08+00,2024-10-07 11:25:08+00,309
2218,377015e2,N623FB,N623FB,AS50,2024-10-07 15:02:02+00,2024-10-07 16:12:17+00,KDVT,KDVT,70.25,2024-10-07 15:01:38+00,2024-10-07 16:12:38+00,1311
2219,3770ba85,N623FB,N623FB,AS50,2024-10-07 18:12:37+00,2024-10-07 19:18:15+00,KDVT,KDVT,65.63333333333334,2024-10-07 18:11:34+00,2024-10-07 19:18:28+00,1145
2220,377110a1,N623FB,N623FB,AS50,2024-10-07 19:54:48+00,2024-10-07 20:46:01+00,KDVT,KDVT,51.21666666666667,2024-10-07 19:54:45+00,2024-10-07 20:44:03+00,766
2929,37719f61,N624FB,N624FB,AS50,2024-10-07 23:07:50+00,2024-10-08 00:30:03+00,KDVT,KDVT,82.21666666666667,2024-10-07 23:06:32+00,2024-10-08 00:30:21+00,1408
2930,3772122a,N624FB,N624FB,AS50,2024-10-08 02:07:33+00,2024-10-08 03:42:56+00,KDVT,KDVT,95.38333333333334,2024-10-08 02:07:04+00,2024-10-08 03:43:40+00,1600
806,37723be1,N621FB,N621FB,AS50,2024-10-08 03:33:14+00,2024-10-08 06:30:34+00,KDVT,KDVT,177.33333333333334,2024-10-08 03:32:25+00,2024-10-08 06:31:19+00,1649
2931,37726696,N624FB,N624FB,AS50,2024-10-08 05:00:47+00,2024-10-08 06:42:02+00,KDVT,KDVT,101.25,2024-10-08 05:00:14+00,2024-10-08 06:42:24+00,1621
807,3772920e,N621FB,N621FB,AS50,2024-10-08 06:31:03+00,2024-10-08 08:18:33+00,KDVT,KDVT,107.5,2024-10-08 06:31:23+00,2024-10-08 08:18:47+00,1744
2932,3772bca6,N624FB,N624FB,AS50,2024-10-08 08:00:27+00,2024-10-08 10:39:27+00,KDVT,KDVT,159,2024-10-08 07:59:07+00,2024-10-08 10:40:09+00,2716
808,3773c2b3,N621FB,N621FB,AS50,2024-10-08 14:21:44+00,2024-10-08 15:24:08+00,KDVT,KDVT,62.4,2024-10-08 14:20:56+00,2024-10-08 15:24:08+00,1138
3653,3773f4b9,N625FB,N625FB,AS50,2024-10-08 15:14:13+00,2024-10-08 15:26:04+00,KDVT,KDVT,11.85,2024-10-08 15:12:34+00,2024-10-08 15:25:30+00,180
809,377493bb,N621FB,N621FB,AS50,2024-10-08 18:09:37+00,2024-10-08 19:32:51+00,KDVT,KDVT,83.23333333333333,2024-10-08 18:09:35+00,2024-10-08 19:32:51+00,1490
2221,377581ef,N623FB,N623FB,AS50,2024-10-08 23:14:32+00,2024-10-09 00:57:45+00,KDVT,KDVT,103.21666666666667,2024-10-08 23:13:08+00,2024-10-09 00:59:38+00,1860
2222,3775f07b,N623FB,N623FB,AS50,2024-10-09 02:12:43+00,2024-10-09 03:38:30+00,KDVT,KDVT,85.78333333333333,2024-10-09 02:12:06+00,2024-10-09 03:38:59+00,1422
3654,37761648,N625FB,N625FB,AS50,2024-10-09 03:31:40+00,2024-10-09 05:02:58+00,KDVT,KDVT,91.3,2024-10-09 03:31:09+00,2024-10-09 05:02:57+00,1496
2933,37763f4e,N624FB,N624FB,AS50,2024-10-09 04:59:51+00,2024-10-09 06:45:16+00,KDVT,KDVT,105.41666666666667,2024-10-09 04:58:37+00,2024-10-09 06:46:12+00,1702
3655,37766a93,N625FB,N625FB,AS50,2024-10-09 06:30:16+00,2024-10-09 08:46:09+00,KDVT,KDVT,135.88333333333333,2024-10-09 06:30:17+00,2024-10-09 08:46:07+00,2192
2934,377694e6,N624FB,N624FB,AS50,2024-10-09 07:59:39+00,2024-10-09 10:07:27+00,KDVT,KDVT,127.8,2024-10-09 07:58:06+00,2024-10-09 10:07:54+00,2090
3656,3777846a,N625FB,N625FB,AS50,2024-10-09 14:01:59+00,2024-10-09 14:45:01+00,KDVT,,43.03333333333333,2024-10-09 14:00:44+00,2024-10-09 14:46:12+00,488
1511,377795e1,N622FB,N622FB,AS50,2024-10-09 14:20:08+00,2024-10-09 14:49:42+00,KDVT,,29.566666666666666,2024-10-09 14:19:09+00,2024-10-09 14:51:38+00,445
3657,3777afdd,N625FB,N625FB,AS50,2024-10-09 14:45:01+00,2024-10-09 14:53:43+00,,KDVT,8.7,2024-10-09 14:46:27+00,2024-10-09 14:53:43+00,94
1512,3777b4dd,N622FB,N622FB,AS50,2024-10-09 14:50:25+00,2024-10-09 16:05:46+00,,KDVT,75.35,2024-10-09 14:51:50+00,2024-10-09 16:05:49+00,893
3658,377880a3,N625FB,N625FB,AS50,2024-10-09 18:44:20+00,2024-10-09 20:09:19+00,KDVT,KDVT,84.98333333333333,2024-10-09 18:44:04+00,2024-10-09 20:09:37+00,1412
810,3779594f,N621FB,N621FB,AS50,2024-10-09 23:17:53+00,2024-10-10 01:25:52+00,KDVT,KDVT,127.98333333333333,2024-10-09 23:17:30+00,2024-10-10 01:26:30+00,2309
811,3779c437,N621FB,N621FB,AS50,2024-10-10 02:09:32+00,2024-10-10 04:10:23+00,KDVT,KDVT,120.85,2024-10-10 02:08:55+00,2024-10-10 04:10:48+00,2233
2935,3779ec5d,N624FB,N624FB,AS50,2024-10-10 03:32:24+00,2024-10-10 05:08:54+00,KDVT,KDVT,96.5,2024-10-10 03:31:34+00,2024-10-10 05:07:00+00,1571
2223,377a1695,N623FB,N623FB,AS50,2024-10-10 05:00:11+00,2024-10-10 06:55:41+00,KDVT,KDVT,115.5,2024-10-10 04:59:31+00,2024-10-10 06:56:01+00,2004
2936,377a4149,N624FB,N624FB,AS50,2024-10-10 06:29:29+00,2024-10-10 08:15:23+00,KDVT,KDVT,105.9,2024-10-10 06:28:53+00,2024-10-10 08:15:23+00,1694
2224,377a6f0b,N623FB,N623FB,AS50,2024-10-10 08:01:24+00,2024-10-10 10:10:04+00,KDVT,KDVT,128.66666666666666,2024-10-10 08:01:32+00,2024-10-10 10:10:46+00,1973
3659,377c4621,N625FB,N625FB,AS50,2024-10-10 18:20:56+00,2024-10-10 19:18:25+00,KDVT,KDVT,57.483333333333334,2024-10-10 18:20:05+00,2024-10-10 19:18:57+00,979
812,377cf959,N621FB,N621FB,AS50,2024-10-10 21:55:25+00,2024-10-10 23:09:27+00,KDVT,KDVT,74.03333333333333,2024-10-10 21:54:08+00,2024-10-10 23:09:42+00,1390
2937,377d3bd7,N624FB,N624FB,AS50,2024-10-10 23:20:27+00,2024-10-11 00:29:47+00,KDVT,KPHX,69.33333333333333,2024-10-10 23:20:10+00,2024-10-11 00:29:55+00,1179
2938,377d99d0,N624FB,N624FB,AS50,2024-10-11 01:41:45+00,2024-10-11 02:57:39+00,KPHX,KDVT,75.9,2024-10-11 01:40:03+00,2024-10-11 02:58:03+00,1385
813,377da6e9,N621FB,N621FB,AS50,2024-10-11 02:04:03+00,2024-10-11 03:32:30+00,KDVT,KDVT,88.45,2024-10-11 02:03:05+00,2024-10-11 03:32:44+00,1534
2225,377dd363,N623FB,N623FB,AS50,2024-10-11 03:31:44+00,2024-10-11 05:13:26+00,KDVT,KDVT,101.7,2024-10-11 03:30:13+00,2024-10-11 05:14:05+00,1792
1513,377dffdc,N622FB,N622FB,AS50,2024-10-11 05:01:54+00,2024-10-11 06:36:07+00,KDVT,KDVT,94.21666666666667,2024-10-11 05:01:15+00,2024-10-11 06:36:23+00,1522
2226,377e2b79,N623FB,N623FB,AS50,2024-10-11 06:32:06+00,2024-10-11 08:11:57+00,KDVT,KDVT,99.85,2024-10-11 06:31:35+00,2024-10-11 08:12:37+00,1801
1514,377e57bd,N622FB,N622FB,AS50,2024-10-11 08:02:07+00,2024-10-11 09:45:11+00,KDVT,KDVT,103.06666666666666,2024-10-11 08:00:40+00,2024-10-11 09:45:49+00,1619
1515,377ed8d4,N622FB,N622FB,AS50,2024-10-11 11:36:53+00,2024-10-11 13:06:19+00,KDVT,KDVT,89.43333333333334,2024-10-11 11:36:27+00,2024-10-11 13:06:54+00,1613
3660,377fc294,N625FB,N625FB,AS50,2024-10-11 15:35:52+00,2024-10-11 16:32:04+00,KDVT,KDVT,56.2,2024-10-11 15:34:03+00,2024-10-11 16:32:16+00,953
2939,37805145,N624FB,N624FB,AS50,2024-10-11 18:01:12+00,2024-10-11 20:24:55+00,KDVT,KPHX,143.71666666666667,2024-10-11 18:00:18+00,2024-10-11 20:25:44+00,2582
2227,3780e251,N623FB,N623FB,AS50,2024-10-11 20:39:31+00,2024-10-11 21:16:58+00,KDVT,KDVT,37.45,2024-10-11 20:39:04+00,2024-10-11 21:17:21+00,637
2940,3780d883,N624FB,N624FB,AS50,2024-10-11 20:58:15+00,2024-10-11 21:56:19+00,KPHX,KDVT,58.06666666666667,2024-10-11 20:28:01+00,2024-10-11 21:56:58+00,912
2228,37811338,N623FB,N623FB,AS50,2024-10-11 21:38:57+00,2024-10-11 23:05:06+00,KDVT,KDVT,86.15,2024-10-11 21:38:42+00,2024-10-11 23:05:04+00,1627
2229,37816c87,N623FB,N623FB,AS50,2024-10-11 23:40:26+00,2024-10-12 00:31:55+00,KDVT,KDVT,51.483333333333334,2024-10-11 23:40:07+00,2024-10-12 00:32:27+00,878
3661,3781e2c8,N625FB,N625FB,AS50,2024-10-12 03:18:38+00,2024-10-12 05:17:51+00,KDVT,KDVT,119.21666666666667,2024-10-12 03:17:11+00,2024-10-12 05:18:29+00,1989
1516,378211d1,N622FB,N622FB,AS50,2024-10-12 05:02:18+00,2024-10-12 06:40:31+00,KDVT,KDVT,98.21666666666667,2024-10-12 05:01:26+00,2024-10-12 06:40:49+00,1674
3662,37823823,N625FB,N625FB,AS50,2024-10-12 06:32:01+00,2024-10-12 08:37:34+00,KDVT,KDVT,125.55,2024-10-12 06:31:29+00,2024-10-12 08:38:06+00,2180
1517,378261ec,N622FB,N622FB,AS50,2024-10-12 08:03:17+00,2024-10-12 09:28:45+00,KDVT,KDVT,85.46666666666667,2024-10-12 08:02:23+00,2024-10-12 09:29:20+00,1504
1518,3784f502,N622FB,N622FB,AS50,2024-10-12 22:49:08+00,2024-10-12 23:10:16+00,KDVT,,21.133333333333333,2024-10-12 22:47:44+00,2024-10-12 23:11:04+00,336
1519,3785034d,N622FB,N622FB,AS50,2024-10-12 23:15:39+00,2024-10-12 23:37:40+00,KSDL,KGYR,22.016666666666666,2024-10-12 23:11:11+00,2024-10-12 23:37:58+00,342
1520,378512c9,N622FB,N622FB,AS50,2024-10-12 23:37:55+00,2024-10-13 00:07:44+00,KGYR,KDVT,29.816666666666666,2024-10-12 23:38:05+00,2024-10-13 00:08:04+00,475
1521,37855c83,N622FB,N622FB,AS50,2024-10-13 02:09:53+00,2024-10-13 03:33:28+00,KDVT,KDVT,83.58333333333333,2024-10-13 02:09:29+00,2024-10-13 03:33:48+00,1414
814,37857c56,N621FB,N621FB,AS50,2024-10-13 03:32:02+00,2024-10-13 05:31:09+00,KDVT,KDVT,119.11666666666666,2024-10-13 03:29:39+00,2024-10-13 05:31:43+00,2024
1522,3785a2dd,N622FB,N622FB,AS50,2024-10-13 05:02:49+00,2024-10-13 06:42:18+00,KDVT,KDVT,99.48333333333333,2024-10-13 05:01:52+00,2024-10-13 06:42:47+00,1787
815,3785c794,N621FB,N621FB,AS50,2024-10-13 06:30:21+00,2024-10-13 08:05:38+00,KDVT,KDVT,95.28333333333333,2024-10-13 06:29:28+00,2024-10-13 08:06:13+00,1697
1523,3785ed42,N622FB,N622FB,AS50,2024-10-13 07:59:19+00,2024-10-13 09:29:21+00,KDVT,KDVT,90.03333333333333,2024-10-13 07:57:59+00,2024-10-13 09:29:54+00,1330
2199,3786f4de,N623FB,N623FB,AS50,2024-10-13 14:45:09+00,2024-10-13 15:58:43+00,KDVT,KDVT,73.56666666666666,2024-10-13 14:44:36+00,2024-10-13 15:58:43+00,1314
2200,37879588,N623FB,N623FB,AS50,2024-10-13 18:05:11+00,2024-10-13 19:19:55+00,KDVT,KDVT,74.73333333333333,2024-10-13 18:04:36+00,2024-10-13 19:20:51+00,1188
2201,3788526d,N623FB,N623FB,AS50,2024-10-13 22:39:53+00,2024-10-14 00:40:09+00,KDVT,KDVT,120.26666666666667,2024-10-13 22:39:32+00,2024-10-14 00:40:09+00,1580
1437,378861be,N622FB,N622FB,AS50,2024-10-13 23:04:50+00,2024-10-14 00:32:28+00,KDVT,KDVT,87.63333333333334,2024-10-13 23:04:07+00,2024-10-14 00:33:01+00,1548
1438,3788c6e1,N622FB,N622FB,AS50,2024-10-14 02:11:33+00,2024-10-14 03:52:57+00,KDVT,KDVT,101.4,2024-10-14 02:10:53+00,2024-10-14 03:53:57+00,1647
777,3788e9f2,N621FB,N621FB,AS50,2024-10-14 03:33:22+00,2024-10-14 05:14:20+00,KDVT,KDVT,100.96666666666667,2024-10-14 03:31:56+00,2024-10-14 05:14:39+00,1850
1439,3789120d,N622FB,N622FB,AS50,2024-10-14 05:01:59+00,2024-10-14 06:50:01+00,KDVT,KDVT,108.03333333333333,2024-10-14 04:59:37+00,2024-10-14 06:50:40+00,2056
778,37893c76,N621FB,N621FB,AS50,2024-10-14 06:33:00+00,2024-10-14 08:39:58+00,KDVT,KDVT,126.96666666666667,2024-10-14 06:31:05+00,2024-10-14 08:40:21+00,2272
1440,378966fe,N622FB,N622FB,AS50,2024-10-14 08:01:24+00,2024-10-14 09:36:36+00,KDVT,KDVT,95.2,2024-10-14 08:00:56+00,2024-10-14 09:36:56+00,1733
2889,378a6945,N624FB,N624FB,AS50,2024-10-14 14:32:03+00,2024-10-14 14:57:20+00,KDVT,,25.283333333333335,2024-10-14 14:31:08+00,2024-10-14 14:56:46+00,350
2890,378a7ff8,N624FB,N624FB,AS50,2024-10-14 15:04:19+00,2024-10-14 15:25:15+00,,KDVT,20.933333333333334,2024-10-14 14:58:00+00,2024-10-14 15:25:49+00,294
1441,378bf628,N622FB,N622FB,AS50,2024-10-14 23:10:41+00,2024-10-15 00:31:06+00,KDVT,KDVT,80.41666666666667,2024-10-14 23:09:49+00,2024-10-15 00:31:31+00,1438
1442,378c5f80,N622FB,N622FB,AS50,2024-10-15 02:07:19+00,2024-10-15 03:45:05+00,KDVT,KDVT,97.76666666666667,2024-10-15 02:06:15+00,2024-10-15 03:45:34+00,1731
2202,378c681e,N623FB,N623FB,AS50,2024-10-15 02:24:31+00,2024-10-15 03:14:41+00,KDVT,,50.166666666666664,2024-10-15 02:23:25+00,2024-10-15 03:14:41+00,661
2203,378c8112,N623FB,N623FB,AS50,2024-10-15 03:22:44+00,2024-10-15 03:50:00+00,KPHX,,27.266666666666666,2024-10-15 03:15:58+00,2024-10-15 03:50:58+00,544
2891,378c88b7,N624FB,N624FB,AS50,2024-10-15 03:34:31+00,2024-10-15 05:08:16+00,KDVT,KDVT,93.75,2024-10-15 03:33:56+00,2024-10-15 05:08:36+00,1544
1443,378cb061,N622FB,N622FB,AS50,2024-10-15 05:00:25+00,2024-10-15 06:45:01+00,KDVT,KDVT,104.6,2024-10-15 04:59:33+00,2024-10-15 06:46:05+00,1753
2892,378cdb2d,N624FB,N624FB,AS50,2024-10-15 06:31:32+00,2024-10-15 08:06:05+00,KDVT,KDVT,94.55,2024-10-15 06:30:41+00,2024-10-15 08:06:28+00,1724
1444,378d0660,N622FB,N622FB,AS50,2024-10-15 08:02:26+00,2024-10-15 10:08:39+00,KDVT,KDVT,126.21666666666667,2024-10-15 08:01:48+00,2024-10-15 10:09:21+00,2181
1445,378f0a13,N622FB,N622FB,AS50,2024-10-15 19:04:52+00,2024-10-15 20:07:08+00,KDVT,KDVT,62.266666666666666,2024-10-15 19:04:26+00,2024-10-15 20:07:16+00,1001
1446,378fb3e9,N622FB,N622FB,AS50,2024-10-15 22:47:09+00,2024-10-16 00:56:23+00,KDVT,KDVT,129.23333333333332,2024-10-15 22:45:57+00,2024-10-16 00:57:02+00,2345
779,3790314b,N621FB,N621FB,AS50,2024-10-16 02:04:15+00,2024-10-16 03:35:46+00,KDVT,KDVT,91.51666666666667,2024-10-16 02:03:22+00,2024-10-16 03:37:20+00,1554
1447,3790362e,N622FB,N622FB,AS50,2024-10-16 02:13:07+00,2024-10-16 04:02:24+00,KDVT,KDVT,109.28333333333333,2024-10-16 02:12:32+00,2024-10-16 04:02:51+00,1850
2893,37905bda,N624FB,N624FB,AS50,2024-10-16 03:34:01+00,2024-10-16 05:04:28+00,KDVT,KDVT,90.45,2024-10-16 03:33:13+00,2024-10-16 05:04:28+00,1433
1448,37908460,N622FB,N622FB,AS50,2024-10-16 05:00:23+00,2024-10-16 06:13:31+00,KDVT,,73.13333333333334,2024-10-16 04:59:05+00,2024-10-16 06:13:31+00,1076
1449,3790a7fc,N622FB,N622FB,AS50,2024-10-16 06:15:50+00,2024-10-16 06:43:17+00,,KDVT,27.45,2024-10-16 06:15:29+00,2024-10-16 06:43:52+00,321
2894,3790afd5,N624FB,N624FB,AS50,2024-10-16 06:32:59+00,2024-10-16 08:09:30+00,KDVT,KDVT,96.51666666666667,2024-10-16 06:32:11+00,2024-10-16 08:09:47+00,1491
1450,3790da88,N622FB,N622FB,AS50,2024-10-16 08:01:19+00,2024-10-16 09:13:29+00,KDVT,,72.16666666666667,2024-10-16 08:00:51+00,2024-10-16 09:14:48+00,1204
3625,3791b3b3,N625FB,N625FB,AS50,2024-10-16 13:33:15+00,2024-10-16 14:27:39+00,KDVT,KDVT,54.4,2024-10-16 13:32:34+00,2024-10-16 14:28:30+00,838
3626,379229ff,N625FB,N625FB,AS50,2024-10-16 15:37:53+00,2024-10-16 16:39:21+00,KDVT,KDVT,61.46666666666667,2024-10-16 15:37:38+00,2024-10-16 16:39:30+00,1011
3627,3792aa5f,N625FB,N625FB,AS50,2024-10-16 18:10:53+00,2024-10-16 19:43:33+00,KDVT,KDVT,92.66666666666667,2024-10-16 18:10:38+00,2024-10-16 19:43:38+00,1379
2895,37931313,N624FB,N624FB,AS50,2024-10-16 20:19:40+00,2024-10-16 20:39:35+00,KDVT,KDVT,19.916666666666668,2024-10-16 20:19:33+00,2024-10-16 20:40:07+00,326
1452,379338e8,N622FB,N622FB,AS50,2024-10-16 21:07:54+00,2024-10-16 22:27:58+00,KDVT,KDVT,80.06666666666666,2024-10-16 21:08:03+00,2024-10-16 22:27:58+00,1403
1453,3793facf,N622FB,N622FB,AS50,2024-10-17 01:59:09+00,2024-10-17 03:35:07+00,KDVT,KDVT,95.96666666666667,2024-10-17 01:58:50+00,2024-10-17 03:35:28+00,1577
780,3793ff93,N621FB,N621FB,AS50,2024-10-17 02:08:17+00,2024-10-17 03:22:15+00,KDVT,KDVT,73.96666666666667,2024-10-17 02:07:46+00,2024-10-17 03:23:12+00,1169
2896,379426f6,N624FB,N624FB,AS50,2024-10-17 03:30:49+00,2024-10-17 05:05:21+00,KDVT,KDVT,94.53333333333333,2024-10-17 03:30:27+00,2024-10-17 05:03:18+00,1584
1454,37945062,N622FB,N622FB,AS50,2024-10-17 05:01:49+00,2024-10-17 06:33:57+00,KDVT,KDVT,92.13333333333334,2024-10-17 04:59:56+00,2024-10-17 06:34:29+00,1376
2897,37947b39,N624FB,N624FB,AS50,2024-10-17 06:30:52+00,2024-10-17 08:05:28+00,KDVT,KDVT,94.6,2024-10-17 06:30:26+00,2024-10-17 08:05:35+00,1575
1455,3794a706,N622FB,N622FB,AS50,2024-10-17 08:02:12+00,2024-10-17 10:09:44+00,KDVT,KDVT,127.53333333333333,2024-10-17 08:00:37+00,2024-10-17 10:10:18+00,1949
2204,3795e2fb,N623FB,N623FB,AS50,2024-10-17 15:01:21+00,2024-10-17 15:08:31+00,KDVT,KDVT,7.166666666666667,2024-10-17 15:00:58+00,2024-10-17 15:08:29+00,121
2205,37968f6f,N623FB,N623FB,AS50,2024-10-17 18:03:48+00,2024-10-17 19:25:18+00,KDVT,KDVT,81.5,2024-10-17 18:03:56+00,2024-10-17 19:25:22+00,1321
1456,3797870b,N622FB,N622FB,AS50,2024-10-17 23:03:37+00,2024-10-18 00:50:18+00,KDVT,KDVT,106.68333333333334,2024-10-17 23:03:02+00,2024-10-18 00:50:38+00,1780
1457,3797fcc9,N622FB,N622FB,AS50,2024-10-18 02:05:57+00,2024-10-18 03:23:12+00,KDVT,KDVT,77.25,2024-10-18 02:05:37+00,2024-10-18 03:23:27+00,1353
2898,37982b93,N624FB,N624FB,AS50,2024-10-18 03:43:18+00,2024-10-18 05:09:11+00,KDVT,KDVT,85.88333333333334,2024-10-18 03:42:49+00,2024-10-18 05:09:09+00,1507
1458,37985286,N622FB,N622FB,AS50,2024-10-18 05:04:58+00,2024-10-18 06:12:52+00,KDVT,KGEU,67.9,2024-10-18 05:04:28+00,2024-10-18 06:13:39+00,1207
1459,379872cf,N622FB,N622FB,AS50,2024-10-18 06:13:25+00,2024-10-18 06:46:21+00,KGEU,KDVT,32.93333333333333,2024-10-18 06:13:45+00,2024-10-18 06:46:38+00,519
2899,37987a7c,N624FB,N624FB,AS50,2024-10-18 06:31:39+00,2024-10-18 07:30:38+00,KDVT,,58.983333333333334,2024-10-18 06:31:17+00,2024-10-18 07:30:06+00,1003
2900,37989713,N624FB,N624FB,AS50,2024-10-18 07:30:36+00,2024-10-18 08:07:27+00,KGEU,KDVT,36.85,2024-10-18 07:32:05+00,2024-10-18 08:07:22+00,613
1460,3798a5b2,N622FB,N622FB,AS50,2024-10-18 08:02:32+00,2024-10-18 08:39:52+00,KDVT,KCHD,37.333333333333336,2024-10-18 08:02:06+00,2024-10-18 08:40:30+00,530
1461,3798b8c2,N622FB,N622FB,AS50,2024-10-18 08:40:19+00,2024-10-18 09:52:37+00,KCHD,KDVT,72.3,2024-10-18 08:40:36+00,2024-10-18 09:53:25+00,1071
2901,3799d854,N624FB,N624FB,AS50,2024-10-18 14:57:33+00,2024-10-18 16:24:30+00,KDVT,KDVT,86.95,2024-10-18 14:57:00+00,2024-10-18 16:24:30+00,1556
1462,379b95ef,N622FB,N622FB,AS50,2024-10-18 23:55:49+00,2024-10-19 00:58:53+00,KDVT,KDVT,63.06666666666667,2024-10-18 23:55:31+00,2024-10-19 00:59:28+00,1049
1463,379bdb13,N622FB,N622FB,AS50,2024-10-19 02:02:13+00,2024-10-19 03:36:57+00,KDVT,KDVT,94.73333333333333,2024-10-19 02:01:40+00,2024-10-19 03:36:57+00,1781
3628,379c02da,N625FB,N625FB,AS50,2024-10-19 03:31:49+00,2024-10-19 05:22:44+00,KDVT,KDVT,110.91666666666667,2024-10-19 03:29:06+00,2024-10-19 05:23:04+00,1912
1464,379c2b42,N622FB,N622FB,AS50,2024-10-19 05:01:58+00,2024-10-19 06:35:41+00,KDVT,KDVT,93.71666666666667,2024-10-19 05:01:32+00,2024-10-19 06:36:11+00,1581
3629,379c51ca,N625FB,N625FB,AS50,2024-10-19 06:32:46+00,2024-10-19 08:23:26+00,KDVT,KDVT,110.66666666666667,2024-10-19 06:32:10+00,2024-10-19 08:24:03+00,1843
1465,379c77d9,N622FB,N622FB,AS50,2024-10-19 08:01:16+00,2024-10-19 08:45:15+00,KDVT,KGEU,43.983333333333334,2024-10-19 07:59:35+00,2024-10-19 08:46:12+00,781
1466,379c8e01,N622FB,N622FB,AS50,2024-10-19 08:46:03+00,2024-10-19 09:32:10+00,KGEU,KDVT,46.11666666666667,2024-10-19 08:46:21+00,2024-10-19 09:32:27+00,778
2902,379d8e08,N624FB,N624FB,AS50,2024-10-19 14:41:11+00,2024-10-19 15:07:44+00,KDVT,,26.55,2024-10-19 14:40:18+00,2024-10-19 15:07:39+00,402
2903,379daa70,N624FB,N624FB,AS50,2024-10-19 15:07:50+00,2024-10-19 15:37:55+00,,KDVT,30.083333333333332,2024-10-19 15:08:46+00,2024-10-19 15:38:24+00,512
2904,379e4d06,N624FB,N624FB,AS50,2024-10-19 18:12:17+00,2024-10-19 19:08:42+00,KDVT,KDVT,56.416666666666664,2024-10-19 18:11:41+00,2024-10-19 19:09:05+00,920
1467,379eec83,N622FB,N622FB,AS50,2024-10-19 21:42:29+00,2024-10-19 23:03:36+00,KDVT,KDVT,81.11666666666666,2024-10-19 21:41:44+00,2024-10-19 23:06:46+00,1403
1468,379f6a18,N622FB,N622FB,AS50,2024-10-20 01:25:16+00,2024-10-20 03:03:59+00,KDVT,KDVT,98.71666666666667,2024-10-20 01:25:08+00,2024-10-20 03:04:32+00,1722
3630,379fa03d,N625FB,N625FB,AS50,2024-10-20 03:37:05+00,2024-10-20 05:15:32+00,KDVT,KDVT,98.45,2024-10-20 03:35:30+00,2024-10-20 05:15:58+00,1722
1469,379fc4ac,N622FB,N622FB,AS50,2024-10-20 05:02:15+00,2024-10-20 06:50:33+00,KDVT,KDVT,108.3,2024-10-20 05:00:58+00,2024-10-20 06:50:48+00,1839
3631,379fe875,N625FB,N625FB,AS50,2024-10-20 06:28:05+00,2024-10-20 08:08:36+00,KDVT,KDVT,100.51666666666667,2024-10-20 06:26:41+00,2024-10-20 08:09:10+00,1713
1470,37a01215,N622FB,N622FB,AS50,2024-10-20 08:02:41+00,2024-10-20 09:39:20+00,KDVT,KDVT,96.65,2024-10-20 08:01:53+00,2024-10-20 09:39:45+00,1602
3632,37a0a226,N625FB,N625FB,AS50,2024-10-20 12:23:12+00,2024-10-20 12:58:15+00,KDVT,KDVT,35.05,2024-10-20 12:22:52+00,2024-10-20 12:58:37+00,573
3633,37a1c80a,N625FB,N625FB,AS50,2024-10-20 18:03:05+00,2024-10-20 19:02:28+00,KDVT,KDVT,59.38333333333333,2024-10-20 18:02:26+00,2024-10-20 19:02:55+00,909
1471,37a2ace1,N622FB,N622FB,AS50,2024-10-20 23:02:32+00,2024-10-21 00:28:45+00,KDVT,KDVT,86.21666666666667,2024-10-20 22:58:36+00,2024-10-21 00:28:50+00,1449
1472,37a31549,N622FB,N622FB,AS50,2024-10-21 02:06:34+00,2024-10-21 03:50:27+00,KDVT,KDVT,103.88333333333334,2024-10-21 02:05:15+00,2024-10-21 03:50:39+00,1865
2905,37a33ab6,N624FB,N624FB,AS50,2024-10-21 03:31:17+00,2024-10-21 05:07:57+00,KDVT,KDVT,96.66666666666667,2024-10-21 03:31:07+00,2024-10-21 05:08:12+00,1746
1473,37a36548,N622FB,N622FB,AS50,2024-10-21 05:04:36+00,2024-10-21 05:26:46+00,KDVT,KPHX,22.166666666666668,2024-10-21 05:04:02+00,2024-10-21 05:26:34+00,352
1474,37a37376,N622FB,N622FB,AS50,2024-10-21 05:34:11+00,2024-10-21 06:39:16+00,KPHX,KDVT,65.08333333333333,2024-10-21 05:34:05+00,2024-10-21 06:39:53+00,1048
2906,37a38e8a,N624FB,N624FB,AS50,2024-10-21 06:33:01+00,2024-10-21 08:12:12+00,KDVT,KDVT,99.18333333333334,2024-10-21 06:32:42+00,2024-10-21 08:12:26+00,1401
1475,37a3ba23,N622FB,N622FB,AS50,2024-10-21 08:03:25+00,2024-10-21 09:39:02+00,KDVT,KDVT,95.61666666666666,2024-10-21 08:02:59+00,2024-10-21 09:39:32+00,1686
1476,37a40e8c,N622FB,N622FB,AS50,2024-10-21 10:42:22+00,2024-10-21 11:11:01+00,KDVT,KDVT,28.65,2024-10-21 10:41:47+00,2024-10-21 11:11:18+00,466
1477,37a69584,N622FB,N622FB,AS50,2024-10-21 23:25:06+00,2024-10-22 01:25:36+00,KDVT,KDVT,120.5,2024-10-21 23:23:58+00,2024-10-22 01:26:01+00,2000
1478,37a706d8,N622FB,N622FB,AS50,2024-10-22 02:39:00+00,2024-10-22 03:51:24+00,KDVT,KDVT,72.4,2024-10-22 02:37:08+00,2024-10-22 03:51:50+00,1229
781,37a7206f,N621FB,N621FB,AS50,2024-10-22 03:33:09+00,2024-10-22 05:04:46+00,KDVT,KDVT,91.61666666666666,2024-10-22 03:32:30+00,2024-10-22 05:04:20+00,1531
1479,37a74935,N622FB,N622FB,AS50,2024-10-22 05:00:19+00,2024-10-22 06:37:16+00,KDVT,KDVT,96.95,2024-10-22 04:59:25+00,2024-10-22 06:38:01+00,1582
782,37a773ed,N621FB,N621FB,AS50,2024-10-22 06:32:20+00,2024-10-22 08:06:13+00,KDVT,KDVT,93.88333333333334,2024-10-22 06:31:37+00,2024-10-22 08:06:34+00,1478
1480,37a79f51,N622FB,N622FB,AS50,2024-10-22 07:59:38+00,2024-10-22 08:40:11+00,KDVT,KCHD,40.55,2024-10-22 07:59:03+00,2024-10-22 08:40:57+00,612
1481,37a7b4b5,N622FB,N622FB,AS50,2024-10-22 08:40:40+00,2024-10-22 09:33:30+00,KCHD,KDVT,52.833333333333336,2024-10-22 08:40:59+00,2024-10-22 09:34:14+00,781
1482,37a848c5,N622FB,N622FB,AS50,2024-10-22 12:30:15+00,2024-10-22 12:45:23+00,KDVT,KDVT,15.133333333333333,2024-10-22 12:29:16+00,2024-10-22 12:46:48+00,229
2907,37aa809a,N624FB,N624FB,AS50,2024-10-22 23:06:57+00,2024-10-23 01:00:58+00,KDVT,KDVT,114.01666666666667,2024-10-22 23:04:06+00,2024-10-23 01:01:17+00,2113
2908,37aaf4ea,N624FB,N624FB,AS50,2024-10-23 02:09:47+00,2024-10-23 03:42:57+00,KDVT,KDVT,93.16666666666667,2024-10-23 02:07:34+00,2024-10-23 03:43:31+00,1624
3634,37ab1d98,N625FB,N625FB,AS50,2024-10-23 03:31:15+00,2024-10-23 05:09:06+00,KDVT,KDVT,97.85,2024-10-23 03:31:09+00,2024-10-23 05:09:20+00,1637
1483,37a85888,N622FB,N622FB,AS50,2024-10-23 05:07:25+00,2024-10-23 06:47:19+00,KDVT,KDVT,99.9,2024-10-22 12:46:51+00,2024-10-23 06:48:01+00,4404
3635,37ab72b0,N625FB,N625FB,AS50,2024-10-23 06:31:43+00,2024-10-23 08:03:56+00,KDVT,KDVT,92.21666666666667,2024-10-23 06:31:16+00,2024-10-23 08:04:13+00,1465
1484,37ab9ebe,N622FB,N622FB,AS50,2024-10-23 08:01:30+00,2024-10-23 10:58:43+00,KDVT,KDVT,177.21666666666667,2024-10-23 08:00:57+00,2024-10-23 10:59:22+00,2963
3636,37ade6c0,N625FB,N625FB,AS50,2024-10-23 19:47:07+00,2024-10-23 20:16:59+00,KDVT,KDVT,29.866666666666667,2024-10-23 19:46:12+00,2024-10-23 20:17:21+00,432
3637,37ae014d,N625FB,N625FB,AS50,2024-10-23 20:17:08+00,2024-10-23 20:31:13+00,KDVT,KDVT,14.083333333333334,2024-10-23 20:17:24+00,2024-10-23 20:31:09+00,206
783,37ae6210,N621FB,N621FB,AS50,2024-10-23 22:17:08+00,2024-10-24 00:17:35+00,KDVT,KDVT,120.45,2024-10-23 22:16:26+00,2024-10-24 00:18:02+00,2048
784,37aecfe1,N621FB,N621FB,AS50,2024-10-24 00:48:59+00,2024-10-24 02:30:03+00,KDVT,KDVT,101.06666666666666,2024-10-24 00:48:28+00,2024-10-24 02:30:29+00,1762
2909,37af27d1,N624FB,N624FB,AS50,2024-10-24 03:33:35+00,2024-10-24 05:05:40+00,KDVT,KDVT,92.08333333333333,2024-10-24 03:32:55+00,2024-10-24 05:05:28+00,1480
785,37af5056,N621FB,N621FB,AS50,2024-10-24 05:01:43+00,2024-10-24 06:37:07+00,KDVT,KDVT,95.4,2024-10-24 05:00:01+00,2024-10-24 06:37:36+00,1562
2910,37af7b3e,N624FB,N624FB,AS50,2024-10-24 06:31:26+00,2024-10-24 08:18:29+00,KDVT,KDVT,107.05,2024-10-24 06:30:36+00,2024-10-24 08:19:00+00,1656
786,37afa617,N621FB,N621FB,AS50,2024-10-24 08:01:25+00,2024-10-24 09:54:46+00,KDVT,KDVT,113.35,2024-10-24 07:59:35+00,2024-10-24 09:55:35+00,1557
787,37b0028f,N621FB,N621FB,AS50,2024-10-24 10:51:22+00,2024-10-24 11:05:49+00,KDVT,KDVT,14.45,2024-10-24 10:51:01+00,2024-10-24 11:05:49+00,234
788,37b1d0d4,N621FB,N621FB,AS50,2024-10-24 19:01:27+00,2024-10-24 20:55:28+00,KDVT,KPHX,114.01666666666667,2024-10-24 19:01:22+00,2024-10-24 20:55:35+00,1917
789,37b28984,N621FB,N621FB,AS50,2024-10-24 22:34:39+00,2024-10-24 23:33:08+00,KPHX,KDVT,58.483333333333334,2024-10-24 22:32:56+00,2024-10-24 23:33:44+00,938
1485,37b2b1bd,N622FB,N622FB,AS50,2024-10-24 23:25:20+00,2024-10-25 01:00:46+00,KDVT,KDVT,95.43333333333334,2024-10-24 23:24:38+00,2024-10-25 01:01:11+00,1722
3638,37b329b8,N625FB,N625FB,AS50,2024-10-25 02:37:39+00,2024-10-25 02:56:10+00,KDVT,,18.516666666666666,2024-10-25 02:35:20+00,2024-10-25 03:00:31+00,293
3639,37b336bf,N625FB,N625FB,AS50,2024-10-25 03:05:20+00,2024-10-25 03:15:27+00,KPHX,KDVT,10.116666666666667,2024-10-25 03:00:37+00,2024-10-25 03:15:27+00,189
2911,37b531b8,N624FB,N624FB,AS50,2024-10-25 15:44:46+00,2024-10-25 17:02:05+00,KDVT,KPHX,77.31666666666666,2024-10-25 15:43:19+00,2024-10-25 17:02:05+00,1184
2912,37b590f7,N624FB,N624FB,AS50,2024-10-25 17:22:32+00,2024-10-25 18:59:47+00,KPHX,KPHX,97.25,2024-10-25 17:20:55+00,2024-10-25 18:59:40+00,1228
2913,37b5f3f8,N624FB,N624FB,AS50,2024-10-25 19:02:30+00,2024-10-25 19:11:12+00,KPHX,KDVT,8.7,2024-10-25 19:02:39+00,2024-10-25 19:11:01+00,87
2914,37b6c3eb,N624FB,N624FB,AS50,2024-10-25 23:05:22+00,2024-10-26 00:13:51+00,KDVT,,68.48333333333333,2024-10-25 23:04:32+00,2024-10-26 00:14:40+00,1114
2915,37b6f3f4,N624FB,N624FB,AS50,2024-10-26 00:13:41+00,2024-10-26 00:21:25+00,,KDVT,7.733333333333333,2024-10-26 00:14:46+00,2024-10-26 00:21:24+00,88
2916,37b72fbd,N624FB,N624FB,AS50,2024-10-26 02:00:46+00,2024-10-26 03:47:54+00,KDVT,KDVT,107.13333333333334,2024-10-26 02:00:05+00,2024-10-26 03:46:06+00,1410
790,37b758c5,N621FB,N621FB,AS50,2024-10-26 03:30:34+00,2024-10-26 05:08:38+00,KDVT,KDVT,98.06666666666666,2024-10-26 03:28:22+00,2024-10-26 05:08:49+00,1655
3640,37b7821c,N625FB,N625FB,AS50,2024-10-26 05:03:35+00,2024-10-26 06:41:28+00,KDVT,KDVT,97.88333333333334,2024-10-26 05:01:56+00,2024-10-26 06:41:50+00,1651
791,37b7a781,N621FB,N621FB,AS50,2024-10-26 06:30:06+00,2024-10-26 08:13:49+00,KDVT,KDVT,103.71666666666667,2024-10-26 06:28:56+00,2024-10-26 08:14:13+00,1791
3641,37b7cd9e,N625FB,N625FB,AS50,2024-10-26 07:59:01+00,2024-10-26 09:30:45+00,KDVT,KDVT,91.73333333333333,2024-10-26 07:58:24+00,2024-10-26 09:31:21+00,1532
3642,37b90ce5,N625FB,N625FB,AS50,2024-10-26 15:27:43+00,2024-10-26 16:25:15+00,KDVT,KDVT,57.53333333333333,2024-10-26 15:24:55+00,2024-10-26 16:25:31+00,960
3643,37b99e68,N625FB,N625FB,AS50,2024-10-26 18:16:50+00,2024-10-26 19:14:29+00,KDVT,KDVT,57.65,2024-10-26 18:15:42+00,2024-10-26 19:13:54+00,904
1486,37ba6129,N622FB,N622FB,AS50,2024-10-26 23:03:41+00,2024-10-27 00:43:45+00,KDVT,KDVT,100.06666666666666,2024-10-26 23:02:33+00,2024-10-27 00:43:56+00,1625
1487,37bab8e0,N622FB,N622FB,AS50,2024-10-27 01:59:47+00,2024-10-27 03:46:40+00,KDVT,KDVT,106.88333333333334,2024-10-27 01:58:55+00,2024-10-27 03:46:57+00,1677
2917,37badd12,N624FB,N624FB,AS50,2024-10-27 03:32:14+00,2024-10-27 05:14:33+00,KDVT,KDVT,102.31666666666666,2024-10-27 03:31:11+00,2024-10-27 05:14:40+00,1776
1488,37baffb2,N622FB,N622FB,AS50,2024-10-27 05:03:14+00,2024-10-27 06:39:40+00,KDVT,KDVT,96.43333333333334,2024-10-27 05:02:29+00,2024-10-27 06:39:56+00,1702
2918,37bb241b,N624FB,N624FB,AS50,2024-10-27 06:31:34+00,2024-10-27 08:14:17+00,KDVT,KDVT,102.71666666666667,2024-10-27 06:30:47+00,2024-10-27 08:14:42+00,1689
1489,37bb477f,N622FB,N622FB,AS50,2024-10-27 08:04:59+00,2024-10-27 09:30:34+00,KDVT,KDVT,85.58333333333333,2024-10-27 08:02:30+00,2024-10-27 09:30:45+00,1408
743,37bc6d62,N621FB,N621FB,AS50,2024-10-27 15:14:54+00,2024-10-27 16:33:32+00,KDVT,KDVT,78.63333333333334,2024-10-27 15:14:13+00,2024-10-27 16:33:46+00,1224
744,37bd1e87,N621FB,N621FB,AS50,2024-10-27 18:39:12+00,2024-10-27 20:07:25+00,KDVT,KDVT,88.21666666666667,2024-10-27 18:38:54+00,2024-10-27 20:05:37+00,1501
3586,37bdde9d,N625FB,N625FB,AS50,2024-10-27 23:04:33+00,2024-10-28 00:45:42+00,KDVT,KDVT,101.15,2024-10-27 23:03:29+00,2024-10-28 00:46:17+00,1917
3587,37be3f18,N625FB,N625FB,AS50,2024-10-28 02:07:42+00,2024-10-28 03:39:11+00,KDVT,KDVT,91.48333333333333,2024-10-28 02:04:35+00,2024-10-28 03:39:51+00,1490
1430,37be62f5,N622FB,N622FB,AS50,2024-10-28 03:32:55+00,2024-10-28 05:08:05+00,KDVT,KDVT,95.16666666666667,2024-10-28 03:31:06+00,2024-10-28 05:06:12+00,1435
3588,37be86e2,N625FB,N625FB,AS50,2024-10-28 05:02:23+00,2024-10-28 06:40:47+00,KDVT,KDVT,98.4,2024-10-28 05:01:30+00,2024-10-28 06:41:10+00,1571
1431,37beadd4,N622FB,N622FB,AS50,2024-10-28 06:29:53+00,2024-10-28 08:05:47+00,KDVT,KDVT,95.9,2024-10-28 06:29:48+00,2024-10-28 08:05:58+00,1526
3589,37bed5eb,N625FB,N625FB,AS50,2024-10-28 08:02:09+00,2024-10-28 09:05:49+00,KDVT,KCHD,63.666666666666664,2024-10-28 08:01:39+00,2024-10-28 09:07:13+00,1079
3590,37bef439,N625FB,N625FB,AS50,2024-10-28 09:06:57+00,2024-10-28 09:41:46+00,KCHD,KDVT,34.81666666666667,2024-10-28 09:07:20+00,2024-10-28 09:42:23+00,502
3591,37bf238c,N625FB,N625FB,AS50,2024-10-28 10:37:01+00,2024-10-28 11:41:28+00,KDVT,KDVT,64.45,2024-10-28 10:36:40+00,2024-10-28 11:42:02+00,1128
1432,37c0170e,N622FB,N622FB,AS50,2024-10-28 15:35:39+00,2024-10-28 16:31:58+00,KDVT,KDVT,56.31666666666667,2024-10-28 15:35:28+00,2024-10-28 16:31:58+00,970
1433,37c0a6f5,N622FB,N622FB,AS50,2024-10-28 18:28:56+00,2024-10-28 19:52:04+00,KDVT,KDVT,83.13333333333334,2024-10-28 18:27:42+00,2024-10-28 19:52:04+00,1438
2172,37c166a8,N623FB,N623FB,AS50,2024-10-28 22:39:44+00,2024-10-29 00:13:52+00,KDVT,KDVT,94.13333333333334,2024-10-28 22:39:33+00,2024-10-29 00:14:25+00,1624
2173,37c1da6e,N623FB,N623FB,AS50,2024-10-29 01:58:47+00,2024-10-29 03:45:56+00,KDVT,KDVT,107.15,2024-10-29 01:58:14+00,2024-10-29 03:46:32+00,1872
3592,37c205ec,N625FB,N625FB,AS50,2024-10-29 03:33:20+00,2024-10-29 05:05:36+00,KDVT,KDVT,92.26666666666667,2024-10-29 03:33:02+00,2024-10-29 05:05:33+00,1419
2174,37c22990,N623FB,N623FB,AS50,2024-10-29 05:00:41+00,2024-10-29 06:45:01+00,KDVT,KDVT,104.33333333333333,2024-10-29 05:00:10+00,2024-10-29 06:46:01+00,1909
3593,37c25138,N625FB,N625FB,AS50,2024-10-29 06:30:53+00,2024-10-29 08:04:17+00,KDVT,KDVT,93.4,2024-10-29 06:30:12+00,2024-10-29 08:04:14+00,1467
2175,37c27763,N623FB,N623FB,AS50,2024-10-29 07:58:14+00,2024-10-29 09:31:34+00,KDVT,KDVT,93.33333333333333,2024-10-29 07:57:34+00,2024-10-29 09:32:27+00,1433
2861,37c39824,N624FB,N624FB,AS50,2024-10-29 15:07:50+00,2024-10-29 16:09:33+00,KDVT,KDVT,61.71666666666667,2024-10-29 15:07:19+00,2024-10-29 16:09:33+00,1022
2862,37c46832,N624FB,N624FB,AS50,2024-10-29 19:33:09+00,2024-10-29 20:36:51+00,KDVT,KDVT,63.7,2024-10-29 19:33:06+00,2024-10-29 20:36:51+00,1087
2176,37c4f941,N623FB,N623FB,AS50,2024-10-29 23:01:52+00,2024-10-29 23:36:29+00,KDVT,,34.61666666666667,2024-10-29 23:01:21+00,2024-10-29 23:37:39+00,421
2177,37c510f4,N623FB,N623FB,AS50,2024-10-29 23:36:47+00,2024-10-30 00:29:52+00,,KDVT,53.083333333333336,2024-10-29 23:37:49+00,2024-10-30 00:29:53+00,682
2178,37c542c0,N623FB,N623FB,AS50,2024-10-30 01:02:51+00,2024-10-30 03:11:45+00,KDVT,KDVT,128.9,2024-10-30 01:02:14+00,2024-10-30 03:12:18+00,2096
2863,37c58a89,N624FB,N624FB,AS50,2024-10-30 03:38:31+00,2024-10-30 05:03:26+00,KDVT,KDVT,84.91666666666667,2024-10-30 03:37:38+00,2024-10-30 05:03:26+00,1252
2179,37c5ad47,N623FB,N623FB,AS50,2024-10-30 05:04:03+00,2024-10-30 06:40:01+00,KDVT,KDVT,95.96666666666667,2024-10-30 05:02:05+00,2024-10-30 06:41:00+00,1496
2864,37c5d4d6,N624FB,N624FB,AS50,2024-10-30 06:31:26+00,2024-10-30 08:09:38+00,KDVT,KDVT,98.2,2024-10-30 06:30:42+00,2024-10-30 08:09:56+00,1168
2180,37c5fc8c,N623FB,N623FB,AS50,2024-10-30 07:59:54+00,2024-10-30 09:36:05+00,KDVT,KDVT,96.18333333333334,2024-10-30 07:59:31+00,2024-10-30 09:36:41+00,1580
1434,37c69060,N622FB,N622FB,AS50,2024-10-30 12:20:35+00,2024-10-30 12:54:15+00,KDVT,KDVT,33.666666666666664,2024-10-30 12:19:46+00,2024-10-30 12:54:58+00,355
1435,37c71a85,N622FB,N622FB,AS50,2024-10-30 15:03:57+00,2024-10-30 15:58:03+00,KDVT,KDVT,54.1,2024-10-30 15:03:08+00,2024-10-30 15:58:13+00,929
1436,37c7c1a7,N622FB,N622FB,AS50,2024-10-30 18:30:38+00,2024-10-30 19:35:43+00,KDVT,KDVT,65.08333333333333,2024-10-30 18:29:54+00,2024-10-30 19:38:35+00,1025
745,37c877d8,N621FB,N621FB,AS50,2024-10-30 22:36:00+00,2024-10-31 00:13:20+00,KDVT,KDVT,97.33333333333333,2024-10-30 22:35:40+00,2024-10-31 00:13:38+00,1602
3594,37c7e1eb,N625FB,N625FB,AS50,2024-10-30 23:56:21+00,2024-10-31 00:12:07+00,KDVT,KDVT,15.766666666666667,2024-10-30 19:10:58+00,2024-10-31 00:14:05+00,347
3595,37c8b71b,N625FB,N625FB,AS50,2024-10-31 00:17:03+00,2024-10-31 00:32:50+00,KDVT,KDVT,15.783333333333333,2024-10-31 00:14:14+00,2024-10-31 00:34:49+00,103
3596,37c8c330,N625FB,N625FB,AS50,2024-10-31 00:44:29+00,2024-10-31 00:54:26+00,KDVT,KDVT,9.95,2024-10-31 00:34:56+00,2024-10-31 00:53:04+00,140
3597,37c8de9c,N625FB,N625FB,AS50,2024-10-31 01:25:26+00,2024-10-31 01:30:46+00,KDVT,KDVT,5.333333333333333,2024-10-31 01:24:05+00,2024-10-31 01:30:42+00,102
746,37c8f051,N621FB,N621FB,AS50,2024-10-31 02:01:38+00,2024-10-31 03:51:16+00,KDVT,KDVT,109.63333333333334,2024-10-31 02:00:41+00,2024-10-31 03:51:16+00,2000
3598,37c8f9c4,N625FB,N625FB,AS50,2024-10-31 02:41:37+00,2024-10-31 02:56:41+00,KDVT,KDVT,15.066666666666666,2024-10-31 02:21:17+00,2024-10-31 02:59:28+00,186
2181,37c917c5,N623FB,N623FB,AS50,2024-10-31 03:30:04+00,2024-10-31 05:21:14+00,KDVT,KDVT,111.16666666666667,2024-10-31 03:29:19+00,2024-10-31 05:21:33+00,1900
3599,37c90b5a,N625FB,N625FB,AS50,2024-10-31 03:31:51+00,2024-10-31 03:35:25+00,KDVT,KDVT,3.566666666666667,2024-10-31 02:59:31+00,2024-10-31 03:35:02+00,210
3600,37c93d0a,N625FB,N625FB,AS50,2024-10-31 05:05:22+00,2024-10-31 05:43:11+00,KDVT,KGEU,37.81666666666667,2024-10-31 05:03:36+00,2024-10-31 05:45:12+00,529
3601,37c95048,N625FB,N625FB,AS50,2024-10-31 05:45:05+00,2024-10-31 06:41:12+00,KGEU,KDVT,56.11666666666667,2024-10-31 05:45:22+00,2024-10-31 06:41:31+00,915
2182,37c9662d,N623FB,N623FB,AS50,2024-10-31 06:34:44+00,2024-10-31 08:09:24+00,KDVT,KDVT,94.66666666666667,2024-10-31 06:32:39+00,2024-10-31 08:09:54+00,1668
3602,37c98b54,N625FB,N625FB,AS50,2024-10-31 08:00:52+00,2024-10-31 09:29:07+00,KDVT,KDVT,88.25,2024-10-31 07:59:03+00,2024-10-31 09:29:52+00,1435
2183,37cadd70,N623FB,N623FB,AS50,2024-10-31 16:06:31+00,2024-10-31 17:45:16+00,KDVT,KDVT,98.75,2024-10-31 16:04:32+00,2024-10-31 17:45:48+00,1605
3603,37cb5244,N625FB,N625FB,AS50,2024-10-31 18:29:22+00,2024-10-31 20:12:04+00,KDVT,KDVT,102.7,2024-10-31 18:28:01+00,2024-10-31 20:12:04+00,1709
3604,37cbb353,N625FB,N625FB,AS50,2024-10-31 20:31:08+00,2024-10-31 22:13:49+00,KDVT,KDVT,102.68333333333334,2024-10-31 20:31:05+00,2024-10-31 22:13:45+00,1773
3605,37cc68dc,N625FB,N625FB,AS50,2024-11-01 01:33:11+00,2024-11-01 03:22:34+00,KDVT,KDVT,109.38333333333334,2024-11-01 01:31:29+00,2024-11-01 03:22:42+00,1689
747,37cc944b,N621FB,N621FB,AS50,2024-11-01 03:14:59+00,2024-11-01 05:54:31+00,KDVT,KDVT,159.53333333333333,2024-11-01 03:14:14+00,2024-11-01 05:55:03+00,2800
3606,37ccb6dc,N625FB,N625FB,AS50,2024-11-01 04:47:16+00,2024-11-01 06:12:38+00,KDVT,KDVT,85.36666666666666,2024-11-01 04:45:56+00,2024-11-01 06:13:08+00,1384
3607,37ccea15,N625FB,N625FB,AS50,2024-11-01 06:46:48+00,2024-11-01 08:46:36+00,KDVT,KDVT,119.8,2024-11-01 06:45:07+00,2024-11-01 08:47:10+00,2042
748,37cd0bb3,N621FB,N621FB,AS50,2024-11-01 08:04:16+00,2024-11-01 10:34:49+00,KDVT,KDVT,150.55,2024-11-01 08:04:09+00,2024-11-01 10:35:16+00,2593
3608,37cdc830,N625FB,N625FB,AS50,2024-11-01 13:15:58+00,2024-11-01 13:47:09+00,KDVT,,31.183333333333334,2024-11-01 13:15:30+00,2024-11-01 13:47:51+00,517
3609,37cde498,N625FB,N625FB,AS50,2024-11-01 13:47:34+00,2024-11-01 15:28:03+00,KSDL,KDVT,100.48333333333333,2024-11-01 13:47:55+00,2024-11-01 15:27:30+00,1459
749,37cf8849,N621FB,N621FB,AS50,2024-11-01 22:10:04+00,2024-11-01 22:40:13+00,KDVT,,30.15,2024-11-01 22:09:09+00,2024-11-01 22:40:07+00,512
750,37cfa80f,N621FB,N621FB,AS50,2024-11-01 22:57:28+00,2024-11-01 23:39:27+00,KPHX,KDVT,41.983333333333334,2024-11-01 22:57:36+00,2024-11-01 23:40:10+00,759
751,37d00ded,N621FB,N621FB,AS50,2024-11-02 02:05:02+00,2024-11-02 03:35:43+00,KDVT,KDVT,90.68333333333334,2024-11-02 02:04:32+00,2024-11-02 03:36:08+00,1544
2865,37d031db,N624FB,N624FB,AS50,2024-11-02 03:31:41+00,2024-11-02 05:10:56+00,KDVT,KDVT,99.25,2024-11-02 03:30:27+00,2024-11-02 05:10:38+00,1654
752,37d0542d,N621FB,N621FB,AS50,2024-11-02 05:02:31+00,2024-11-02 05:18:29+00,KDVT,KGEU,15.966666666666667,2024-11-02 05:01:42+00,2024-11-02 05:19:23+00,260
753,37d05bbd,N621FB,N621FB,AS50,2024-11-02 05:19:09+00,2024-11-02 06:34:24+00,KGEU,KDVT,75.25,2024-11-02 05:19:29+00,2024-11-02 06:34:49+00,1237
2866,37d077a1,N624FB,N624FB,AS50,2024-11-02 06:29:36+00,2024-11-02 08:04:39+00,KDVT,KDVT,95.05,2024-11-02 06:28:35+00,2024-11-02 08:04:39+00,1510
754,37d09a5e,N621FB,N621FB,AS50,2024-11-02 08:00:09+00,2024-11-02 09:32:59+00,KDVT,KDVT,92.83333333333333,2024-11-02 07:59:06+00,2024-11-02 09:33:18+00,1608
755,37d0f6c5,N621FB,N621FB,AS50,2024-11-02 11:08:46+00,2024-11-02 12:09:18+00,KDVT,KDVT,60.53333333333333,2024-11-02 11:08:28+00,2024-11-02 12:09:38+00,975
2867,37d1ab59,N624FB,N624FB,AS50,2024-11-02 15:05:52+00,2024-11-02 16:16:46+00,KDVT,,70.9,2024-11-02 15:05:22+00,2024-11-02 16:16:40+00,1230
2868,37d1ff45,N624FB,N624FB,AS50,2024-11-02 16:47:59+00,2024-11-02 17:01:42+00,,KDVT,13.716666666666667,2024-11-02 16:49:01+00,2024-11-02 16:59:44+00,120
756,37d25b7d,N621FB,N621FB,AS50,2024-11-02 18:50:54+00,2024-11-02 19:56:08+00,KDVT,KDVT,65.23333333333333,2024-11-02 18:51:06+00,2024-11-02 19:56:08+00,1112
3610,37d2f097,N625FB,N625FB,AS50,2024-11-02 22:45:34+00,2024-11-03 00:08:00+00,KDVT,KDVT,82.43333333333334,2024-11-02 22:45:05+00,2024-11-03 00:08:24+00,1422
3611,37d35b12,N625FB,N625FB,AS50,2024-11-03 02:36:40+00,2024-11-03 03:34:13+00,KDVT,KDVT,57.55,2024-11-03 02:36:55+00,2024-11-03 03:34:38+00,984
757,37d36f0c,N621FB,N621FB,AS50,2024-11-03 03:31:11+00,2024-11-03 04:44:33+00,KDVT,KDVT,73.36666666666666,2024-11-03 03:31:04+00,2024-11-03 04:44:57+00,1251
3612,37d39cab,N625FB,N625FB,AS50,2024-11-03 05:34:16+00,2024-11-03 06:51:32+00,KDVT,KDVT,77.26666666666667,2024-11-03 05:33:55+00,2024-11-03 06:51:55+00,1380
758,37d3b3c8,N621FB,N621FB,AS50,2024-11-03 06:31:58+00,2024-11-03 08:23:25+00,KDVT,KDVT,111.45,2024-11-03 06:31:45+00,2024-11-03 08:24:04+00,1805
3613,37d3d77d,N625FB,N625FB,AS50,2024-11-03 08:04:32+00,2024-11-03 09:18:00+00,KDVT,KFFZ,73.46666666666667,2024-11-03 08:03:07+00,2024-11-03 09:19:04+00,1104
3614,37d3f825,N625FB,N625FB,AS50,2024-11-03 09:18:52+00,2024-11-03 10:28:48+00,KFFZ,KDVT,69.93333333333334,2024-11-03 09:19:11+00,2024-11-03 10:29:08+00,1143
2184,37d4dc3b,N623FB,N623FB,AS50,2024-11-03 15:14:06+00,2024-11-03 16:32:58+00,KDVT,KDVT,78.86666666666666,2024-11-03 15:14:12+00,2024-11-03 16:32:58+00,1418
759,37d58260,N621FB,N621FB,AS50,2024-11-03 19:01:54+00,2024-11-03 19:57:13+00,KDVT,KDVT,55.31666666666667,2024-11-03 19:01:32+00,2024-11-03 19:57:13+00,890
3615,37d634ef,N625FB,N625FB,AS50,2024-11-03 23:36:06+00,2024-11-04 00:40:05+00,KDVT,KDVT,63.983333333333334,2024-11-03 23:35:37+00,2024-11-04 00:40:33+00,1114
3616,37d685fb,N625FB,N625FB,AS50,2024-11-04 02:11:34+00,2024-11-04 03:36:49+00,KDVT,KDVT,85.25,2024-11-04 02:10:55+00,2024-11-04 03:37:31+00,1404
2185,37d6a912,N623FB,N623FB,AS50,2024-11-04 03:32:59+00,2024-11-04 05:00:05+00,KDVT,KDVT,87.1,2024-11-04 03:32:30+00,2024-11-04 05:00:05+00,1366
3617,37d6cc49,N625FB,N625FB,AS50,2024-11-04 05:01:20+00,2024-11-04 06:44:23+00,KDVT,KDVT,103.05,2024-11-04 05:00:55+00,2024-11-04 06:45:07+00,1626
2186,37d6f35b,N623FB,N623FB,AS50,2024-11-04 06:30:37+00,2024-11-04 08:00:35+00,KDVT,KDVT,89.96666666666667,2024-11-04 06:30:02+00,2024-11-04 08:00:52+00,1216
3618,37d712ca,N625FB,N625FB,AS50,2024-11-04 07:42:02+00,2024-11-04 09:47:36+00,KDVT,KDVT,125.56666666666666,2024-11-04 07:42:29+00,2024-11-04 09:48:35+00,1619
760,37d825d6,N621FB,N621FB,AS50,2024-11-04 15:06:04+00,2024-11-04 16:06:38+00,KDVT,KDVT,60.56666666666667,2024-11-04 15:05:14+00,2024-11-04 16:06:38+00,766
761,37d8ccf4,N621FB,N621FB,AS50,2024-11-04 19:01:15+00,2024-11-04 20:00:25+00,KDVT,KDVT,59.166666666666664,2024-11-04 19:00:56+00,2024-11-04 20:00:52+00,791
2869,37d917ac,N624FB,N624FB,AS50,2024-11-04 20:51:09+00,2024-11-04 22:44:25+00,KDVT,KDVT,113.26666666666667,2024-11-04 20:50:42+00,2024-11-04 22:44:56+00,1447
2870,37d9c37f,N624FB,N624FB,AS50,2024-11-05 01:30:27+00,2024-11-05 03:33:48+00,KDVT,KDVT,123.35,2024-11-05 01:29:17+00,2024-11-05 03:34:17+00,1799
762,37d9fe65,N621FB,N621FB,AS50,2024-11-05 03:29:42+00,2024-11-05 05:04:29+00,KDVT,KDVT,94.78333333333333,2024-11-05 03:29:39+00,2024-11-05 05:04:29+00,1209
2871,37da23dc,N624FB,N624FB,AS50,2024-11-05 05:01:10+00,2024-11-05 06:39:04+00,KDVT,KDVT,97.9,2024-11-05 04:59:59+00,2024-11-05 06:40:05+00,1453
763,37da4b10,N621FB,N621FB,AS50,2024-11-05 06:30:25+00,2024-11-05 08:14:06+00,KDVT,KDVT,103.68333333333334,2024-11-05 06:29:32+00,2024-11-05 08:14:16+00,1418
2872,37da7197,N624FB,N624FB,AS50,2024-11-05 07:58:52+00,2024-11-05 09:53:17+00,KDVT,KDVT,114.41666666666667,2024-11-05 07:58:06+00,2024-11-05 09:54:05+00,1724
2873,37db619d,N624FB,N624FB,AS50,2024-11-05 15:03:58+00,2024-11-05 16:08:02+00,KDVT,KDVT,64.06666666666666,2024-11-05 15:03:11+00,2024-11-05 16:08:02+00,846
3619,37dba60f,N625FB,N625FB,AS50,2024-11-05 16:38:52+00,2024-11-05 17:30:50+00,KDVT,KDVT,51.96666666666667,2024-11-05 16:37:28+00,2024-11-05 17:30:50+00,678
3620,37dbf81e,N625FB,N625FB,AS50,2024-11-05 18:32:47+00,2024-11-05 19:30:39+00,KDVT,KDVT,57.86666666666667,2024-11-05 18:32:59+00,2024-11-05 19:30:39+00,741
764,37dca15b,N621FB,N621FB,AS50,2024-11-05 22:33:39+00,2024-11-06 00:03:15+00,KDVT,KDVT,89.6,2024-11-05 22:33:22+00,2024-11-06 00:03:44+00,1321
765,37dd22ce,N621FB,N621FB,AS50,2024-11-06 02:11:02+00,2024-11-06 03:41:59+00,KDVT,KDVT,90.95,2024-11-06 02:10:43+00,2024-11-06 03:42:50+00,1357
2874,37dd476a,N624FB,N624FB,AS50,2024-11-06 03:31:15+00,2024-11-06 05:08:20+00,KDVT,KDVT,97.08333333333333,2024-11-06 03:30:46+00,2024-11-06 05:08:10+00,1402
3621,37dd6ca5,N625FB,N625FB,AS50,2024-11-06 05:01:43+00,2024-11-06 06:46:33+00,KDVT,KDVT,104.83333333333333,2024-11-06 05:01:26+00,2024-11-06 06:46:54+00,1501
2875,37dd945a,N624FB,N624FB,AS50,2024-11-06 06:31:27+00,2024-11-06 08:08:48+00,KDVT,KDVT,97.35,2024-11-06 06:31:35+00,2024-11-06 08:08:51+00,1391
3622,37ddba3b,N625FB,N625FB,AS50,2024-11-06 08:01:40+00,2024-11-06 09:26:44+00,KDVT,KDVT,85.06666666666666,2024-11-06 08:01:01+00,2024-11-06 09:27:05+00,1184
766,37debfcc,N621FB,N621FB,AS50,2024-11-06 15:30:31+00,2024-11-06 16:28:43+00,KDVT,KDVT,58.2,2024-11-06 15:30:00+00,2024-11-06 16:28:53+00,860
2187,37df1795,N623FB,N623FB,AS50,2024-11-06 17:30:44+00,2024-11-06 17:46:28+00,KDVT,KDVT,15.733333333333333,2024-11-06 17:29:31+00,2024-11-06 17:46:28+00,184
2188,37df25c4,N623FB,N623FB,AS50,2024-11-06 17:49:06+00,2024-11-06 18:34:38+00,KDVT,KDVT,45.53333333333333,2024-11-06 17:49:23+00,2024-11-06 18:34:21+00,683
2189,37df48c5,N623FB,N623FB,AS50,2024-11-06 18:35:33+00,2024-11-06 18:44:30+00,KDVT,KDVT,8.95,2024-11-06 18:36:42+00,2024-11-06 18:44:28+00,76
2876,37dfed3c,N624FB,N624FB,AS50,2024-11-06 22:16:34+00,2024-11-06 23:48:32+00,KDVT,KDVT,91.96666666666667,2024-11-06 22:15:54+00,2024-11-06 23:49:02+00,1495
2877,37e077fa,N624FB,N624FB,AS50,2024-11-07 01:51:02+00,2024-11-07 03:32:29+00,KDVT,KDVT,101.45,2024-11-07 01:50:36+00,2024-11-07 03:32:59+00,1629
3623,37e0a9c5,N625FB,N625FB,AS50,2024-11-07 03:30:28+00,2024-11-07 05:18:34+00,KDVT,KDVT,108.1,2024-11-07 03:30:21+00,2024-11-07 05:18:32+00,1577
2878,37e0cee1,N624FB,N624FB,AS50,2024-11-07 05:00:20+00,2024-11-07 06:38:26+00,KDVT,KDVT,98.1,2024-11-07 04:57:58+00,2024-11-07 06:39:05+00,1686
3624,37e0f872,N625FB,N625FB,AS50,2024-11-07 06:29:56+00,2024-11-07 08:00:07+00,KDVT,KDVT,90.18333333333334,2024-11-07 06:29:52+00,2024-11-07 08:00:31+00,1327
2879,37e11b7f,N624FB,N624FB,AS50,2024-11-07 07:52:44+00,2024-11-07 09:39:21+00,KDVT,KDVT,106.61666666666666,2024-11-07 07:50:46+00,2024-11-07 09:39:39+00,1700
767,37e2401a,N621FB,N621FB,AS50,2024-11-07 15:49:23+00,2024-11-07 16:44:44+00,KDVT,KDVT,55.35,2024-11-07 15:47:39+00,2024-11-07 16:45:15+00,794
768,37e2b3d8,N621FB,N621FB,AS50,2024-11-07 18:10:29+00,2024-11-07 19:08:44+00,KDVT,KDVT,58.25,2024-11-07 18:10:07+00,2024-11-07 19:09:02+00,780
2880,37e31742,N624FB,N624FB,AS50,2024-11-07 20:08:03+00,2024-11-07 21:44:06+00,KDVT,KDVT,96.05,2024-11-07 20:07:36+00,2024-11-07 21:44:32+00,1576
2881,37e40f0f,N624FB,N624FB,AS50,2024-11-08 01:31:08+00,2024-11-08 03:14:26+00,KDVT,KDVT,103.3,2024-11-08 01:31:05+00,2024-11-08 03:14:37+00,1630
769,37e44f6c,N621FB,N621FB,AS50,2024-11-08 03:32:53+00,2024-11-08 05:08:54+00,KDVT,KDVT,96.01666666666667,2024-11-08 03:31:51+00,2024-11-08 05:09:04+00,1561
2882,37e475ee,N624FB,N624FB,AS50,2024-11-08 05:02:26+00,2024-11-08 06:34:14+00,KDVT,KDVT,91.8,2024-11-08 04:59:06+00,2024-11-08 06:34:33+00,1370
770,37e49fe8,N621FB,N621FB,AS50,2024-11-08 06:31:03+00,2024-11-08 08:25:32+00,KDVT,KDVT,114.48333333333333,2024-11-08 06:29:40+00,2024-11-08 08:26:01+00,1950
2883,37e4c694,N624FB,N624FB,AS50,2024-11-08 08:03:43+00,2024-11-08 10:21:18+00,KDVT,KPHX,137.58333333333334,2024-11-08 08:01:07+00,2024-11-08 10:21:56+00,2657
771,37e4fc58,N621FB,N621FB,AS50,2024-11-08 09:56:53+00,2024-11-08 12:07:33+00,KDVT,KPHX,130.66666666666666,2024-11-08 09:56:22+00,2024-11-08 12:07:48+00,1558
2884,37e512d3,N624FB,N624FB,AS50,2024-11-08 10:45:23+00,2024-11-08 12:19:13+00,KPHX,KDVT,93.83333333333333,2024-11-08 10:43:07+00,2024-11-08 12:19:33+00,1168
772,37e54fde,N621FB,N621FB,AS50,2024-11-08 12:27:47+00,2024-11-08 12:36:59+00,KPHX,KDVT,9.2,2024-11-08 12:26:44+00,2024-11-08 12:36:46+00,146
773,37e5d01e,N621FB,N621FB,AS50,2024-11-08 15:07:34+00,2024-11-08 16:24:05+00,KDVT,KDVT,76.51666666666667,2024-11-08 15:06:16+00,2024-11-08 16:24:11+00,1703
774,37e66f12,N621FB,N621FB,AS50,2024-11-08 18:12:14+00,2024-11-08 19:18:26+00,KDVT,KDVT,66.2,2024-11-08 18:11:06+00,2024-11-08 19:18:48+00,1317
2190,37e761cb,N623FB,N623FB,AS50,2024-11-08 22:59:49+00,2024-11-09 00:20:41+00,KDVT,KDVT,80.86666666666666,2024-11-08 22:59:27+00,2024-11-09 00:20:55+00,1413
2191,37e7c902,N623FB,N623FB,AS50,2024-11-09 01:42:12+00,2024-11-09 02:05:40+00,KDVT,,23.466666666666665,2024-11-09 01:41:36+00,2024-11-09 02:08:26+00,371
2192,37e7d6fb,N623FB,N623FB,AS50,2024-11-09 02:35:27+00,2024-11-09 02:59:44+00,KSDL,KDVT,24.283333333333335,2024-11-09 02:08:28+00,2024-11-09 02:59:41+00,808
775,37e7fbad,N621FB,N621FB,AS50,2024-11-09 03:27:38+00,2024-11-09 05:17:03+00,KDVT,KDVT,109.41666666666667,2024-11-09 03:26:08+00,2024-11-09 05:17:19+00,2458
2193,37e8249f,N623FB,N623FB,AS50,2024-11-09 05:05:54+00,2024-11-09 06:41:14+00,KDVT,KDVT,95.33333333333333,2024-11-09 05:05:10+00,2024-11-09 06:41:22+00,2134
776,37e84903,N621FB,N621FB,AS50,2024-11-09 06:34:04+00,2024-11-09 08:23:44+00,KDVT,KDVT,109.66666666666667,2024-11-09 06:33:24+00,2024-11-09 08:23:57+00,2650
2194,37e86add,N623FB,N623FB,AS50,2024-11-09 08:03:17+00,2024-11-09 10:05:58+00,KDVT,KDVT,122.68333333333334,2024-11-09 08:01:23+00,2024-11-09 10:06:17+00,3037
2195,37e95beb,N623FB,N623FB,AS50,2024-11-09 15:11:02+00,2024-11-09 16:04:59+00,KDVT,KDVT,53.95,2024-11-09 15:09:23+00,2024-11-09 16:05:06+00,1007
2196,37e9ff32,N623FB,N623FB,AS50,2024-11-09 18:34:07+00,2024-11-09 19:33:46+00,KDVT,KDVT,59.65,2024-11-09 18:33:07+00,2024-11-09 19:34:18+00,1280
2885,37eaabe4,N624FB,N624FB,AS50,2024-11-09 22:30:14+00,2024-11-09 23:55:37+00,KDVT,KDVT,85.38333333333334,2024-11-09 22:29:37+00,2024-11-09 23:56:04+00,2023
2886,37eb3794,N624FB,N624FB,AS50,2024-11-10 03:02:49+00,2024-11-10 03:39:11+00,KDVT,KDVT,36.36666666666667,2024-11-10 03:01:35+00,2024-11-10 03:39:21+00,808
2197,37eb41a8,N623FB,N623FB,AS50,2024-11-10 03:29:27+00,2024-11-10 05:08:26+00,KDVT,KDVT,98.98333333333333,2024-11-10 03:27:38+00,2024-11-10 05:08:42+00,1955
2887,37eb6541,N624FB,N624FB,AS50,2024-11-10 05:04:17+00,2024-11-10 06:33:32+00,KDVT,KDVT,89.25,2024-11-10 05:03:33+00,2024-11-10 06:33:50+00,1817
2198,37eb8577,N623FB,N623FB,AS50,2024-11-10 06:24:51+00,2024-11-10 08:03:58+00,KDVT,KDVT,99.11666666666666,2024-11-10 06:24:29+00,2024-11-10 08:04:17+00,2050
2888,37eba9d3,N624FB,N624FB,AS50,2024-11-10 08:00:57+00,2024-11-10 09:47:10+00,KDVT,KDVT,106.21666666666667,2024-11-10 08:00:37+00,2024-11-10 09:47:23+00,2449
2825,37ec95a8,N624FB,N624FB,AS50,2024-11-10 15:23:48+00,2024-11-10 19:02:24+00,KDVT,KDVT,218.6,2024-11-10 15:22:49+00,2024-11-10 19:03:21+00,1198
2826,37ed32a3,N624FB,N624FB,AS50,2024-11-10 19:03:11+00,2024-11-10 20:03:39+00,KDVT,KDVT,60.46666666666667,2024-11-10 19:03:23+00,2024-11-10 20:03:38+00,1192
2154,37edddc4,N623FB,N623FB,AS50,2024-11-10 23:13:27+00,2024-11-11 00:39:21+00,KDVT,KDVT,85.9,2024-11-10 23:12:11+00,2024-11-11 00:40:08+00,1899
2155,37ee3fe7,N623FB,N623FB,AS50,2024-11-11 02:13:11+00,2024-11-11 03:51:30+00,KDVT,KDVT,98.31666666666666,2024-11-11 02:12:49+00,2024-11-11 03:52:13+00,1911
2827,37ee61e0,N624FB,N624FB,AS50,2024-11-11 03:31:28+00,2024-11-11 05:03:38+00,KDVT,KDVT,92.16666666666667,2024-11-11 03:30:52+00,2024-11-11 05:03:36+00,1793
3537,37ee84d5,N625FB,N625FB,AS50,2024-11-11 04:59:43+00,2024-11-11 06:37:18+00,KDVT,KDVT,97.58333333333333,2024-11-11 04:56:54+00,2024-11-11 06:38:09+00,2146
2828,37eeae1a,N624FB,N624FB,AS50,2024-11-11 06:29:34+00,2024-11-11 08:09:14+00,KDVT,KDVT,99.66666666666667,2024-11-11 06:29:28+00,2024-11-11 08:09:36+00,2086
3538,37eed30d,N625FB,N625FB,AS50,2024-11-11 07:59:06+00,2024-11-11 09:40:09+00,KDVT,KDVT,101.05,2024-11-11 07:58:26+00,2024-11-11 09:40:50+00,2147
3539,37efe178,N625FB,N625FB,AS50,2024-11-11 15:28:35+00,2024-11-11 16:54:57+00,KDVT,KDVT,86.36666666666666,2024-11-11 15:28:14+00,2024-11-11 16:45:03+00,1392
3540,37f084f7,N625FB,N625FB,AS50,2024-11-11 19:00:16+00,2024-11-11 20:09:42+00,KDVT,KDVT,69.43333333333334,2024-11-11 18:58:36+00,2024-11-11 20:09:39+00,1521
720,37f0a1f0,N621FB,N621FB,AS50,2024-11-11 19:36:58+00,2024-11-11 19:52:17+00,KDVT,KDVT,15.316666666666666,2024-11-11 19:35:32+00,2024-11-11 19:52:41+00,189
721,37f0af47,N621FB,N621FB,AS50,2024-11-11 19:57:54+00,2024-11-11 20:39:20+00,KDVT,,41.43333333333333,2024-11-11 19:52:47+00,2024-11-11 20:38:44+00,537
722,37f0d475,N621FB,N621FB,AS50,2024-11-11 20:39:01+00,2024-11-11 21:09:20+00,,KDVT,30.316666666666666,2024-11-11 20:40:24+00,2024-11-11 21:12:55+00,382
723,37f135f5,N621FB,N621FB,AS50,2024-11-11 22:49:58+00,2024-11-12 00:13:21+00,KDVT,KDVT,83.38333333333334,2024-11-11 22:49:14+00,2024-11-12 00:13:49+00,1938
724,37f1ad89,N621FB,N621FB,AS50,2024-11-12 02:01:07+00,2024-11-12 03:35:21+00,KDVT,KDVT,94.23333333333333,2024-11-12 02:01:01+00,2024-11-12 03:36:04+00,2014
3541,37f1d8a0,N625FB,N625FB,AS50,2024-11-12 03:29:44+00,2024-11-12 05:05:26+00,KDVT,KDVT,95.7,2024-11-12 03:29:03+00,2024-11-12 05:05:37+00,1940
2156,37f20014,N623FB,N623FB,AS50,2024-11-12 05:02:17+00,2024-11-12 06:44:42+00,KDVT,KDVT,102.41666666666667,2024-11-12 05:01:33+00,2024-11-12 06:44:59+00,2274
3542,37f22662,N625FB,N625FB,AS50,2024-11-12 06:28:57+00,2024-11-12 08:02:29+00,KDVT,KDVT,93.53333333333333,2024-11-12 06:29:02+00,2024-11-12 08:02:37+00,1909
2157,37f24c41,N623FB,N623FB,AS50,2024-11-12 07:59:04+00,2024-11-12 09:31:51+00,KDVT,KDVT,92.78333333333333,2024-11-12 07:58:08+00,2024-11-12 09:32:27+00,1916
2158,37f344e7,N623FB,N623FB,AS50,2024-11-12 15:05:09+00,2024-11-12 16:02:20+00,KDVT,KDVT,57.18333333333333,2024-11-12 15:04:20+00,2024-11-12 16:00:35+00,1125
2829,37f3dd14,N624FB,N624FB,AS50,2024-11-12 18:23:25+00,2024-11-12 19:50:15+00,KDVT,KDVT,86.83333333333333,2024-11-12 18:22:05+00,2024-11-12 19:51:00+00,1640
3543,37f466c6,N625FB,N625FB,AS50,2024-11-12 21:23:48+00,2024-11-12 21:39:52+00,KDVT,KPHX,16.066666666666666,2024-11-12 21:23:16+00,2024-11-12 21:40:12+00,243
3544,37f47375,N625FB,N625FB,AS50,2024-11-12 21:40:00+00,2024-11-12 21:55:24+00,KPHX,KDVT,15.4,2024-11-12 21:40:13+00,2024-11-12 21:56:08+00,231
3545,37f47ef9,N625FB,N625FB,AS50,2024-11-12 21:55:56+00,2024-11-12 22:41:49+00,KDVT,KDVT,45.88333333333333,2024-11-12 21:56:11+00,2024-11-12 22:42:32+00,898
725,37f50e48,N621FB,N621FB,AS50,2024-11-13 01:41:59+00,2024-11-13 03:37:01+00,KDVT,KDVT,115.03333333333333,2024-11-13 01:40:58+00,2024-11-13 03:37:18+00,584
3546,37f514c2,N625FB,N625FB,AS50,2024-11-13 01:54:26+00,2024-11-13 03:35:14+00,KDVT,KDVT,100.8,2024-11-13 01:53:40+00,2024-11-13 03:35:30+00,2186
2830,37f541a8,N624FB,N624FB,AS50,2024-11-13 03:31:59+00,2024-11-13 05:06:38+00,KDVT,KDVT,94.65,2024-11-13 03:31:16+00,2024-11-13 05:07:01+00,1894
3547,37f564d7,N625FB,N625FB,AS50,2024-11-13 05:02:52+00,2024-11-13 06:41:06+00,KDVT,KDVT,98.23333333333333,2024-11-13 05:01:06+00,2024-11-13 06:41:45+00,2214
2831,37f588a0,N624FB,N624FB,AS50,2024-11-13 06:29:47+00,2024-11-13 08:02:11+00,KDVT,KDVT,92.4,2024-11-13 06:29:33+00,2024-11-13 08:02:17+00,1956
3548,37f5ac9e,N625FB,N625FB,AS50,2024-11-13 08:00:32+00,2024-11-13 09:42:25+00,KDVT,KDVT,101.88333333333334,2024-11-13 08:00:05+00,2024-11-13 09:42:55+00,1929
3549,37f5f952,N625FB,N625FB,AS50,2024-11-13 10:57:05+00,2024-11-13 11:26:58+00,KDVT,KDVT,29.883333333333333,2024-11-13 10:56:38+00,2024-11-13 11:27:29+00,644
3550,37f6702a,N625FB,N625FB,AS50,2024-11-13 13:57:33+00,2024-11-13 14:27:14+00,KDVT,KDVT,29.683333333333334,2024-11-13 13:57:09+00,2024-11-13 14:28:11+00,133
3551,37f68a73,N625FB,N625FB,AS50,2024-11-13 14:31:42+00,2024-11-13 14:54:38+00,KDVT,KDVT,22.933333333333334,2024-11-13 14:28:23+00,2024-11-13 14:54:38+00,151
3552,37f6a471,N625FB,N625FB,AS50,2024-11-13 15:16:48+00,2024-11-13 15:30:20+00,KDVT,KDVT,13.533333333333333,2024-11-13 14:58:46+00,2024-11-13 15:28:47+00,125
3553,37f6fee4,N625FB,N625FB,AS50,2024-11-13 16:51:42+00,2024-11-13 17:52:36+00,KDVT,KDVT,60.9,2024-11-13 16:50:24+00,2024-11-13 17:52:34+00,240
3554,37f730f9,N625FB,N625FB,AS50,2024-11-13 18:23:20+00,2024-11-13 18:26:53+00,KDVT,KDVT,3.55,2024-11-13 17:56:20+00,2024-11-13 18:26:51+00,156
2832,37f7c5dc,N624FB,N624FB,AS50,2024-11-13 21:17:30+00,2024-11-13 22:37:54+00,KDVT,KDVT,80.4,2024-11-13 21:17:15+00,2024-11-13 22:38:11+00,1640
2833,37f86854,N624FB,N624FB,AS50,2024-11-14 01:40:39+00,2024-11-14 03:27:44+00,KDVT,KDVT,107.08333333333333,2024-11-14 01:40:40+00,2024-11-14 03:28:05+00,2320
2159,37f898d8,N623FB,N623FB,AS50,2024-11-14 03:26:00+00,2024-11-14 05:10:24+00,KDVT,KDVT,104.4,2024-11-14 03:24:57+00,2024-11-14 05:10:33+00,2323
3555,37f8bdc2,N625FB,N625FB,AS50,2024-11-14 05:02:11+00,2024-11-14 07:00:17+00,KDVT,KDVT,118.1,2024-11-14 04:59:34+00,2024-11-14 07:00:45+00,2662
2160,37f8e28b,N623FB,N623FB,AS50,2024-11-14 06:30:34+00,2024-11-14 08:12:57+00,KDVT,KDVT,102.38333333333334,2024-11-14 06:29:45+00,2024-11-14 08:13:12+00,2290
3556,37f90a08,N625FB,N625FB,AS50,2024-11-14 08:07:43+00,2024-11-14 09:04:55+00,KDVT,KGEU,57.2,2024-11-14 08:05:28+00,2024-11-14 09:06:06+00,1123
3557,37f9238c,N625FB,N625FB,AS50,2024-11-14 09:05:54+00,2024-11-14 09:39:33+00,KGEU,KDVT,33.65,2024-11-14 09:06:08+00,2024-11-14 09:39:58+00,699
3558,37fa12f9,N625FB,N625FB,AS50,2024-11-14 15:21:10+00,2024-11-14 16:15:56+00,KDVT,KDVT,54.766666666666666,2024-11-14 15:20:41+00,2024-11-14 16:16:16+00,1102
2161,37fd9b57,N623FB,N623FB,AS50,2024-11-15 15:43:15+00,2024-11-15 16:27:26+00,KDVT,KDVT,44.18333333333333,2024-11-15 15:42:38+00,2024-11-15 16:27:27+00,822
726,37fdde7d,N621FB,N621FB,AS50,2024-11-15 17:01:25+00,2024-11-15 18:48:04+00,KDVT,KDVT,106.65,2024-11-15 17:00:46+00,2024-11-15 18:48:04+00,2041
2834,37feb6c5,N624FB,N624FB,AS50,2024-11-15 21:25:57+00,2024-11-15 22:37:13+00,KDVT,KDVT,71.26666666666667,2024-11-15 21:25:25+00,2024-11-15 22:37:09+00,1490
2835,37ff6394,N624FB,N624FB,AS50,2024-11-16 02:03:06+00,2024-11-16 03:33:34+00,KDVT,KDVT,90.46666666666667,2024-11-16 02:02:47+00,2024-11-16 03:33:31+00,1795
3559,37ff6280,N625FB,N625FB,AS50,2024-11-16 03:27:41+00,2024-11-16 05:07:58+00,KDVT,KDVT,100.28333333333333,2024-11-16 02:00:39+00,2024-11-16 05:08:22+00,2108
2836,37ffab18,N624FB,N624FB,AS50,2024-11-16 05:01:26+00,2024-11-16 06:40:30+00,KDVT,KDVT,99.06666666666666,2024-11-16 05:00:41+00,2024-11-16 06:41:03+00,2325
3560,37ffcc58,N625FB,N625FB,AS50,2024-11-16 06:27:37+00,2024-11-16 08:23:28+00,KDVT,KDVT,115.85,2024-11-16 06:27:07+00,2024-11-16 08:23:48+00,2656
2837,37ffed74,N624FB,N624FB,AS50,2024-11-16 08:00:17+00,2024-11-16 09:33:50+00,KDVT,KDVT,93.55,2024-11-16 07:59:44+00,2024-11-16 09:34:14+00,2122
3561,380226b9,N625FB,N625FB,AS50,2024-11-16 23:05:05+00,2024-11-17 00:26:23+00,KDVT,KDVT,81.3,2024-11-16 23:04:07+00,2024-11-17 00:26:52+00,1834
3562,38028506,N625FB,N625FB,AS50,2024-11-17 02:26:09+00,2024-11-17 03:32:06+00,KGEU,KDVT,65.95,2024-11-17 02:26:24+00,2024-11-17 03:32:06+00,1323
727,38029bc6,N621FB,N621FB,AS50,2024-11-17 03:29:59+00,2024-11-17 05:07:26+00,KDVT,KDVT,97.45,2024-11-17 03:29:27+00,2024-11-17 05:07:41+00,2171
2838,3802ba44,N624FB,N624FB,AS50,2024-11-17 05:02:43+00,2024-11-17 06:47:32+00,KDVT,KDVT,104.81666666666666,2024-11-17 04:59:30+00,2024-11-17 06:48:16+00,2221
2839,3802fbdb,N624FB,N624FB,AS50,2024-11-17 08:01:46+00,2024-11-17 09:01:55+00,KDVT,KPHX,60.15,2024-11-17 08:01:25+00,2024-11-17 09:01:55+00,1495
2840,38031287,N624FB,N624FB,AS50,2024-11-17 09:03:43+00,2024-11-17 09:41:19+00,KGEU,KDVT,37.6,2024-11-17 09:04:27+00,2024-11-17 09:41:40+00,816
2162,3803eddc,N623FB,N623FB,AS50,2024-11-17 15:33:19+00,2024-11-17 16:31:54+00,KDVT,,58.583333333333336,2024-11-17 15:32:51+00,2024-11-17 16:33:19+00,1158
2163,38041c2c,N623FB,N623FB,AS50,2024-11-17 16:31:19+00,2024-11-17 17:08:05+00,,KDVT,36.766666666666666,2024-11-17 16:33:21+00,2024-11-17 17:06:09+00,376
728,38050755,N621FB,N621FB,AS50,2024-11-17 21:49:47+00,2024-11-17 22:08:40+00,KDVT,KDVT,18.883333333333333,2024-11-17 21:44:10+00,2024-11-17 22:09:52+00,274
729,3805179a,N621FB,N621FB,AS50,2024-11-17 22:09:31+00,2024-11-17 23:12:48+00,KDVT,KDVT,63.28333333333333,2024-11-17 22:09:55+00,2024-11-17 23:16:55+00,981
2841,380538a8,N624FB,N624FB,AS50,2024-11-17 23:05:19+00,2024-11-18 00:49:48+00,KDVT,KDVT,104.48333333333333,2024-11-17 23:04:00+00,2024-11-18 00:50:27+00,2029
2842,380596e4,N624FB,N624FB,AS50,2024-11-18 02:06:50+00,2024-11-18 03:44:21+00,KDVT,KDVT,97.51666666666667,2024-11-18 02:06:17+00,2024-11-18 03:44:47+00,2131
3563,3805debe,N625FB,N625FB,AS50,2024-11-18 05:12:00+00,2024-11-18 06:38:21+00,KDVT,KDVT,86.35,2024-11-18 05:09:28+00,2024-11-18 06:39:05+00,1776
3564,380622b4,N625FB,N625FB,AS50,2024-11-18 08:00:13+00,2024-11-18 09:36:02+00,KDVT,KDVT,95.81666666666666,2024-11-18 07:58:30+00,2024-11-18 09:36:40+00,1697
730,380732f0,N621FB,N621FB,AS50,2024-11-18 15:43:21+00,2024-11-18 16:00:24+00,KDVT,KPHX,17.05,2024-11-18 15:42:32+00,2024-11-18 16:00:24+00,332
731,38074462,N621FB,N621FB,AS50,2024-11-18 16:05:03+00,2024-11-18 16:28:48+00,KPHX,,23.75,2024-11-18 16:05:10+00,2024-11-18 16:29:39+00,332
732,380756b9,N621FB,N621FB,AS50,2024-11-18 16:28:55+00,2024-11-18 17:02:12+00,,KDVT,33.28333333333333,2024-11-18 16:29:48+00,2024-11-18 17:02:34+00,495
733,3807c9f5,N621FB,N621FB,AS50,2024-11-18 19:07:35+00,2024-11-18 20:00:05+00,KDVT,KDVT,52.5,2024-11-18 19:05:54+00,2024-11-18 20:00:05+00,877
3565,380881ed,N625FB,N625FB,AS50,2024-11-18 23:32:06+00,2024-11-19 01:00:48+00,KDVT,KDVT,88.7,2024-11-18 23:30:50+00,2024-11-19 01:01:10+00,2118
3566,3808deed,N625FB,N625FB,AS50,2024-11-19 02:19:01+00,2024-11-19 03:48:48+00,KDVT,KDVT,89.78333333333333,2024-11-19 02:17:36+00,2024-11-19 03:49:07+00,1595
2843,3809009a,N624FB,N624FB,AS50,2024-11-19 03:32:25+00,2024-11-19 05:06:05+00,KDVT,KDVT,93.66666666666667,2024-11-19 03:32:24+00,2024-11-19 05:06:37+00,1690
3567,380923ec,N625FB,N625FB,AS50,2024-11-19 05:01:55+00,2024-11-19 06:45:39+00,KDVT,KDVT,103.73333333333333,2024-11-19 05:01:05+00,2024-11-19 06:46:19+00,2348
2844,38094934,N624FB,N624FB,AS50,2024-11-19 06:30:38+00,2024-11-19 08:14:31+00,KDVT,KDVT,103.88333333333334,2024-11-19 06:30:49+00,2024-11-19 08:14:43+00,2287
3568,38097067,N625FB,N625FB,AS50,2024-11-19 08:10:38+00,2024-11-19 08:27:33+00,KDVT,KGEU,16.916666666666668,2024-11-19 08:10:11+00,2024-11-19 08:27:29+00,311
3569,3809784b,N625FB,N625FB,AS50,2024-11-19 08:30:08+00,2024-11-19 09:43:21+00,KGEU,KDVT,73.21666666666667,2024-11-19 08:30:13+00,2024-11-19 09:43:46+00,1189
2164,380a60a2,N623FB,N623FB,AS50,2024-11-19 15:22:11+00,2024-11-19 15:52:24+00,KDVT,,30.216666666666665,2024-11-19 15:21:23+00,2024-11-19 15:54:07+00,462
2165,380a7a37,N623FB,N623FB,AS50,2024-11-19 16:14:30+00,2024-11-19 16:42:30+00,,KDVT,28,2024-11-19 15:54:10+00,2024-11-19 16:42:51+00,617
2166,380acab4,N623FB,N623FB,AS50,2024-11-19 17:44:25+00,2024-11-19 18:22:44+00,KDVT,,38.31666666666667,2024-11-19 17:42:44+00,2024-11-19 18:24:06+00,709
734,380b9bb8,N621FB,N621FB,AS50,2024-11-19 22:38:34+00,2024-11-19 22:54:53+00,KDVT,KDVT,16.316666666666666,2024-11-19 22:35:43+00,2024-11-19 22:56:39+00,157
735,380ba997,N621FB,N621FB,AS50,2024-11-19 22:56:33+00,2024-11-19 23:49:53+00,KDVT,KDVT,53.333333333333336,2024-11-19 22:56:44+00,2024-11-19 23:50:49+00,503
3570,380bc57c,N625FB,N625FB,AS50,2024-11-19 23:40:24+00,2024-11-20 01:16:09+00,KDVT,KDVT,95.75,2024-11-19 23:39:45+00,2024-11-20 01:16:43+00,1857
3571,380c1e26,N625FB,N625FB,AS50,2024-11-20 02:24:38+00,2024-11-20 03:35:22+00,KDVT,KDVT,70.73333333333333,2024-11-20 02:23:30+00,2024-11-20 03:35:49+00,1564
736,380c3bc8,N621FB,N621FB,AS50,2024-11-20 03:31:51+00,2024-11-20 05:04:00+00,KDVT,KDVT,92.15,2024-11-20 03:30:35+00,2024-11-20 05:04:13+00,1893
2845,380c5dc5,N624FB,N624FB,AS50,2024-11-20 05:01:16+00,2024-11-20 06:36:35+00,KDVT,KDVT,95.31666666666666,2024-11-20 04:59:05+00,2024-11-20 06:37:27+00,2112
737,380c8324,N621FB,N621FB,AS50,2024-11-20 06:31:44+00,2024-11-20 08:26:06+00,KDVT,KDVT,114.36666666666666,2024-11-20 06:31:13+00,2024-11-20 08:26:23+00,2415
2846,380ca5a9,N624FB,N624FB,AS50,2024-11-20 08:01:07+00,2024-11-20 10:10:08+00,KDVT,KDVT,129.01666666666668,2024-11-20 07:59:38+00,2024-11-20 10:10:38+00,2847
2168,380d9136,N623FB,N623FB,AS50,2024-11-20 15:08:11+00,2024-11-20 16:02:02+00,KDVT,KDVT,53.85,2024-11-20 15:07:43+00,2024-11-20 16:02:11+00,1075
2169,380e11fa,N623FB,N623FB,AS50,2024-11-20 18:08:21+00,2024-11-20 19:19:36+00,KDVT,KDVT,71.25,2024-11-20 18:07:33+00,2024-11-20 19:19:28+00,1463
2847,380ee40a,N624FB,N624FB,AS50,2024-11-20 23:25:00+00,2024-11-21 00:39:37+00,KDVT,KDVT,74.61666666666666,2024-11-20 23:24:44+00,2024-11-21 00:40:18+00,1347
2848,380f2fe3,N624FB,N624FB,AS50,2024-11-21 01:42:23+00,2024-11-21 03:45:00+00,KDVT,KDVT,122.61666666666666,2024-11-21 01:41:28+00,2024-11-21 03:45:25+00,2760
738,380f6174,N621FB,N621FB,AS50,2024-11-21 03:30:41+00,2024-11-21 05:12:49+00,KDVT,KDVT,102.13333333333334,2024-11-21 03:29:58+00,2024-11-21 05:13:09+00,2132
3572,380f8512,N625FB,N625FB,AS50,2024-11-21 05:03:07+00,2024-11-21 06:38:35+00,KDVT,KDVT,95.46666666666667,2024-11-21 05:01:37+00,2024-11-21 06:39:20+00,1995
739,380fa97c,N621FB,N621FB,AS50,2024-11-21 06:30:56+00,2024-11-21 08:05:28+00,KDVT,KDVT,94.53333333333333,2024-11-21 06:30:27+00,2024-11-21 08:05:35+00,2023
3573,380fcddc,N625FB,N625FB,AS50,2024-11-21 08:00:32+00,2024-11-21 08:21:03+00,KDVT,,20.516666666666666,2024-11-21 07:59:53+00,2024-11-21 08:22:32+00,362
3574,380fd724,N625FB,N625FB,AS50,2024-11-21 08:21:44+00,2024-11-21 09:37:02+00,,KDVT,75.3,2024-11-21 08:22:34+00,2024-11-21 09:37:34+00,1332
2849,3811a7b7,N624FB,N624FB,AS50,2024-11-21 20:31:19+00,2024-11-21 20:54:15+00,KDVT,KDVT,22.933333333333334,2024-11-21 20:30:49+00,2024-11-21 20:54:26+00,419
2850,38121036,N624FB,N624FB,AS50,2024-11-21 23:02:02+00,2024-11-21 23:32:12+00,KDVT,,30.166666666666668,2024-11-21 23:00:59+00,2024-11-21 23:33:44+00,577
2851,381226ca,N624FB,N624FB,AS50,2024-11-21 23:32:12+00,2024-11-22 00:19:24+00,KPHX,KDVT,47.2,2024-11-21 23:33:45+00,2024-11-22 00:19:25+00,792
2852,38127e8c,N624FB,N624FB,AS50,2024-11-22 02:05:28+00,2024-11-22 03:35:18+00,KDVT,KDVT,89.83333333333333,2024-11-22 02:04:41+00,2024-11-22 03:35:27+00,1962
740,3812a4f7,N621FB,N621FB,AS50,2024-11-22 03:24:43+00,2024-11-22 05:04:53+00,KDVT,KDVT,100.16666666666667,2024-11-22 03:23:49+00,2024-11-22 05:05:00+00,2240
3575,3812cd52,N625FB,N625FB,AS50,2024-11-22 05:00:14+00,2024-11-22 06:58:04+00,KDVT,KDVT,117.83333333333333,2024-11-22 04:59:06+00,2024-11-22 06:58:32+00,2552
741,3812f39f,N621FB,N621FB,AS50,2024-11-22 06:30:12+00,2024-11-22 08:16:18+00,KDVT,KDVT,106.1,2024-11-22 06:29:08+00,2024-11-22 08:16:32+00,2461
3576,3813188a,N625FB,N625FB,AS50,2024-11-22 08:01:15+00,2024-11-22 09:30:32+00,KDVT,KDVT,89.28333333333333,2024-11-22 08:00:36+00,2024-11-22 09:31:14+00,1782
742,3813b099,N621FB,N621FB,AS50,2024-11-22 13:05:15+00,2024-11-22 14:03:46+00,KDVT,KDVT,58.516666666666666,2024-11-22 13:04:19+00,2024-11-22 14:03:44+00,1271
2853,381563bc,N624FB,N624FB,AS50,2024-11-22 22:50:28+00,2024-11-23 01:17:33+00,KDVT,KDVT,147.08333333333334,2024-11-22 22:49:20+00,2024-11-23 01:17:33+00,3197
2854,3815de5b,N624FB,N624FB,AS50,2024-11-23 02:32:49+00,2024-11-23 03:33:21+00,KDVT,KDVT,60.53333333333333,2024-11-23 02:32:07+00,2024-11-23 03:33:55+00,1283
3577,3815f524,N625FB,N625FB,AS50,2024-11-23 03:27:40+00,2024-11-23 05:05:36+00,KDVT,KDVT,97.93333333333334,2024-11-23 03:26:09+00,2024-11-23 05:05:44+00,2083
2855,38161921,N624FB,N624FB,AS50,2024-11-23 05:02:06+00,2024-11-23 06:56:22+00,KDVT,KDVT,114.26666666666667,2024-11-23 05:01:13+00,2024-11-23 06:56:55+00,2557
3578,38163af6,N625FB,N625FB,AS50,2024-11-23 06:31:16+00,2024-11-23 08:04:04+00,KDVT,KDVT,92.8,2024-11-23 06:30:27+00,2024-11-23 08:04:37+00,2022
2856,38165a19,N624FB,N624FB,AS50,2024-11-23 08:00:19+00,2024-11-23 09:22:29+00,KDVT,KDVT,82.16666666666667,2024-11-23 07:58:06+00,2024-11-23 09:23:10+00,1785
3579,3816e566,N625FB,N625FB,AS50,2024-11-23 13:04:34+00,2024-11-23 13:57:09+00,KDVT,KDVT,52.583333333333336,2024-11-23 13:03:14+00,2024-11-23 13:57:09+00,1079
3580,3817ba47,N625FB,N625FB,AS50,2024-11-23 18:07:47+00,2024-11-23 18:37:47+00,KDVT,,30,2024-11-23 18:07:01+00,2024-11-23 18:38:26+00,541
3581,3817d006,N625FB,N625FB,AS50,2024-11-23 18:38:28+00,2024-11-23 18:53:36+00,KGYR,,15.133333333333333,2024-11-23 18:38:35+00,2024-11-23 18:54:02+00,263
2857,3818736b,N624FB,N624FB,AS50,2024-11-23 23:02:36+00,2024-11-24 00:25:52+00,KDVT,KDVT,83.26666666666667,2024-11-23 23:01:48+00,2024-11-24 00:26:00+00,1746
2858,3818c9ff,N624FB,N624FB,AS50,2024-11-24 02:04:03+00,2024-11-24 02:25:27+00,KDVT,KGEU,21.4,2024-11-24 02:03:38+00,2024-11-24 02:25:57+00,330
2859,3818d38f,N624FB,N624FB,AS50,2024-11-24 02:25:49+00,2024-11-24 03:40:14+00,KGEU,KDVT,74.41666666666667,2024-11-24 02:26:03+00,2024-11-24 03:40:30+00,1527
2170,3818ed48,N623FB,N623FB,AS50,2024-11-24 03:35:59+00,2024-11-24 05:09:08+00,KDVT,KDVT,93.15,2024-11-24 03:34:06+00,2024-11-24 05:10:05+00,1745
3583,38190d1b,N625FB,N625FB,AS50,2024-11-24 05:05:54+00,2024-11-24 06:49:35+00,KDVT,KDVT,103.68333333333334,2024-11-24 05:03:39+00,2024-11-24 06:49:57+00,2074
2171,38192d66,N623FB,N623FB,AS50,2024-11-24 06:31:38+00,2024-11-24 08:05:41+00,KDVT,KDVT,94.05,2024-11-24 06:31:24+00,2024-11-24 08:05:23+00,1770
3584,38194cf0,N625FB,N625FB,AS50,2024-11-24 08:01:02+00,2024-11-24 09:40:17+00,KDVT,KDVT,99.25,2024-11-24 08:00:39+00,2024-11-24 09:40:39+00,2207
3585,38197a9a,N625FB,N625FB,AS50,2024-11-24 10:01:24+00,2024-11-24 12:24:17+00,KDVT,KDVT,142.88333333333333,2024-11-24 10:01:30+00,2024-11-24 12:24:37+00,3522
2860,3819b28d,N624FB,N624FB,AS50,2024-11-24 12:06:35+00,2024-11-24 12:48:51+00,KDVT,KDVT,42.266666666666666,2024-11-24 12:06:35+00,2024-11-24 12:48:48+00,911
2797,381a1b16,N624FB,N624FB,AS50,2024-11-24 14:59:41+00,2024-11-24 16:18:22+00,KDVT,KDVT,78.68333333333334,2024-11-24 14:59:23+00,2024-11-24 16:18:22+00,1575
2798,381a9c94,N624FB,N624FB,AS50,2024-11-24 18:06:54+00,2024-11-24 19:36:54+00,KDVT,KDVT,90,2024-11-24 18:06:00+00,2024-11-24 19:36:54+00,1877
697,381af291,N621FB,N621FB,AS50,2024-11-24 20:10:33+00,2024-11-24 20:53:39+00,KDVT,KDVT,43.1,2024-11-24 20:08:08+00,2024-11-24 20:53:39+00,685
2115,381b6cc4,N623FB,N623FB,AS50,2024-11-24 23:15:13+00,2024-11-25 00:42:50+00,KDVT,KDVT,87.61666666666666,2024-11-24 23:14:33+00,2024-11-25 00:43:24+00,1828
2116,381bc485,N623FB,N623FB,AS50,2024-11-25 02:06:05+00,2024-11-25 03:50:47+00,KDVT,KDVT,104.7,2024-11-25 02:05:13+00,2024-11-25 03:51:21+00,2605
698,381b16ba,N621FB,N621FB,AS50,2024-11-25 04:41:25+00,2024-11-25 05:07:15+00,KDVT,KDVT,25.833333333333332,2024-11-24 20:58:49+00,2024-11-25 05:07:15+00,2161
3508,381c099a,N625FB,N625FB,AS50,2024-11-25 05:03:05+00,2024-11-25 06:43:39+00,KDVT,KDVT,100.56666666666666,2024-11-25 04:59:37+00,2024-11-25 06:44:16+00,2236
699,381c2df4,N621FB,N621FB,AS50,2024-11-25 06:30:44+00,2024-11-25 08:15:36+00,KDVT,KDVT,104.86666666666666,2024-11-25 06:30:02+00,2024-11-25 08:16:04+00,1969
3509,381c5294,N625FB,N625FB,AS50,2024-11-25 08:01:47+00,2024-11-25 10:14:52+00,KDVT,KDVT,133.08333333333334,2024-11-25 08:00:36+00,2024-11-25 10:15:28+00,2737
700,381d715f,N621FB,N621FB,AS50,2024-11-25 16:01:40+00,2024-11-25 17:02:48+00,KDVT,KDVT,61.13333333333333,2024-11-25 16:00:37+00,2024-11-25 17:03:04+00,1319
701,381dfe8d,N621FB,N621FB,AS50,2024-11-25 19:05:38+00,2024-11-25 20:01:09+00,KDVT,KDVT,55.516666666666666,2024-11-25 19:04:52+00,2024-11-25 19:59:30+00,1071
2117,381eb6c7,N623FB,N623FB,AS50,2024-11-25 23:24:26+00,2024-11-26 00:49:15+00,KDVT,KDVT,84.81666666666666,2024-11-25 23:22:11+00,2024-11-26 00:49:37+00,1980
2118,381f122c,N623FB,N623FB,AS50,2024-11-26 02:11:19+00,2024-11-26 03:39:36+00,KDVT,KDVT,88.28333333333333,2024-11-26 02:10:45+00,2024-11-26 03:40:04+00,1840
3510,381f5861,N625FB,N625FB,AS50,2024-11-26 05:03:43+00,2024-11-26 06:48:21+00,KDVT,KDVT,104.63333333333334,2024-11-26 05:03:00+00,2024-11-26 06:48:56+00,2434
3511,381f9fd2,N625FB,N625FB,AS50,2024-11-26 08:02:14+00,2024-11-26 09:45:36+00,KDVT,KDVT,103.36666666666666,2024-11-26 08:01:28+00,2024-11-26 09:46:01+00,2025
2119,3821bb0a,N623FB,N623FB,AS50,2024-11-26 21:26:09+00,2024-11-26 23:19:25+00,KDVT,KDVT,113.26666666666667,2024-11-26 21:25:35+00,2024-11-26 23:19:37+00,2333
702,38221d95,N621FB,N621FB,AS50,2024-11-26 23:49:51+00,2024-11-27 00:10:24+00,KDVT,KDVT,20.55,2024-11-26 23:48:14+00,2024-11-27 00:10:19+00,268
703,38222ba4,N621FB,N621FB,AS50,2024-11-27 00:11:23+00,2024-11-27 00:29:38+00,KDVT,KDVT,18.25,2024-11-27 00:11:37+00,2024-11-27 00:29:38+00,281
704,38223775,N621FB,N621FB,AS50,2024-11-27 00:31:18+00,2024-11-27 00:50:14+00,KDVT,,18.933333333333334,2024-11-27 00:31:09+00,2024-11-27 00:51:24+00,255
705,38224349,N621FB,N621FB,AS50,2024-11-27 00:50:34+00,2024-11-27 01:16:19+00,,KDVT,25.75,2024-11-27 00:51:27+00,2024-11-27 01:17:03+00,371
706,382251ce,N621FB,N621FB,AS50,2024-11-27 01:17:16+00,2024-11-27 01:50:17+00,KDVT,KDVT,33.016666666666666,2024-11-27 01:17:06+00,2024-11-27 01:50:50+00,552
2120,38226fd5,N623FB,N623FB,AS50,2024-11-27 02:16:17+00,2024-11-27 04:04:45+00,KDVT,KDVT,108.46666666666667,2024-11-27 02:15:18+00,2024-11-27 04:04:53+00,2515
3512,3822b38b,N625FB,N625FB,AS50,2024-11-27 05:01:25+00,2024-11-27 06:48:09+00,KDVT,KDVT,106.73333333333333,2024-11-27 05:00:03+00,2024-11-27 06:48:37+00,2353
3513,3822faed,N625FB,N625FB,AS50,2024-11-27 08:03:05+00,2024-11-27 09:41:20+00,KDVT,KDVT,98.25,2024-11-27 08:01:30+00,2024-11-27 09:41:52+00,1997
707,3824abb4,N621FB,N621FB,AS50,2024-11-27 18:59:28+00,,KDVT,,,2024-11-27 18:59:10+00,2024-11-27 19:23:16+00,379
2121,38255700,N623FB,N623FB,AS50,2024-11-27 23:03:00+00,2024-11-28 00:34:15+00,KDVT,KDVT,91.25,2024-11-27 23:02:18+00,2024-11-28 00:34:41+00,2027
2122,38259ff5,N623FB,N623FB,AS50,2024-11-28 01:13:23+00,2024-11-28 02:39:45+00,KDVT,KDVT,86.36666666666666,2024-11-28 01:12:53+00,2024-11-28 02:40:20+00,1742
3514,3825dbf3,N625FB,N625FB,AS50,2024-11-28 03:28:03+00,2024-11-28 05:13:08+00,KDVT,KDVT,105.08333333333333,2024-11-28 03:27:24+00,2024-11-28 05:13:30+00,2276
2799,3825e93b,N624FB,N624FB,AS50,2024-11-28 04:02:38+00,2024-11-28 04:17:52+00,KDVT,KPHX,15.233333333333333,2024-11-28 04:01:47+00,2024-11-28 04:19:10+00,176
2800,3825ef7e,N624FB,N624FB,AS50,2024-11-28 04:19:16+00,2024-11-28 05:01:48+00,KPHX,KPHX,42.53333333333333,2024-11-28 04:19:11+00,2024-11-28 05:01:40+00,965
2801,382601a3,N624FB,N624FB,AS50,2024-11-28 05:05:18+00,2024-11-28 05:52:26+00,KPHX,KGEU,47.13333333333333,2024-11-28 05:05:29+00,2024-11-28 05:53:26+00,941
2802,38261485,N624FB,N624FB,AS50,2024-11-28 05:53:12+00,2024-11-28 06:31:43+00,KGEU,KDVT,38.516666666666666,2024-11-28 05:53:27+00,2024-11-28 06:33:51+00,763
3515,38262431,N625FB,N625FB,AS50,2024-11-28 06:33:30+00,2024-11-28 08:25:33+00,KDVT,KDVT,112.05,2024-11-28 06:32:39+00,2024-11-28 08:25:47+00,2441
2803,38264794,N624FB,N624FB,AS50,2024-11-28 08:02:42+00,2024-11-28 09:42:39+00,KDVT,KDVT,99.95,2024-11-28 08:00:59+00,2024-11-28 09:43:19+00,2143
3516,382731a3,N625FB,N625FB,AS50,2024-11-28 15:53:21+00,2024-11-28 20:01:40+00,KDVT,KDVT,248.31666666666666,2024-11-28 15:52:22+00,2024-11-28 20:02:12+00,990
3517,3827a46f,N625FB,N625FB,AS50,2024-11-28 20:02:01+00,2024-11-28 21:11:56+00,KDVT,KDVT,69.91666666666667,2024-11-28 20:02:15+00,2024-11-28 21:11:56+00,1486
2123,38281d6b,N623FB,N623FB,AS50,2024-11-29 01:27:53+00,2024-11-29 02:28:00+00,KDVT,KDVT,60.11666666666667,2024-11-29 01:27:08+00,2024-11-29 02:28:07+00,1292
2124,38285039,N623FB,N623FB,AS50,2024-11-29 04:02:30+00,2024-11-29 05:16:22+00,KDVT,KDVT,73.86666666666666,2024-11-29 04:01:32+00,2024-11-29 05:16:36+00,1417
2804,382864c3,N624FB,N624FB,AS50,2024-11-29 05:03:22+00,2024-11-29 06:35:39+00,KDVT,KDVT,92.28333333333333,2024-11-29 05:02:42+00,2024-11-29 06:36:04+00,2042
2125,382886b2,N623FB,N623FB,AS50,2024-11-29 06:32:26+00,2024-11-29 08:07:25+00,KDVT,KDVT,94.98333333333333,2024-11-29 06:31:37+00,2024-11-29 08:07:41+00,2181
2805,3828a9df,N624FB,N624FB,AS50,2024-11-29 08:02:21+00,2024-11-29 08:58:17+00,KDVT,KCHD,55.93333333333333,2024-11-29 08:01:36+00,2024-11-29 08:59:26+00,1168
2806,3828c229,N624FB,N624FB,AS50,2024-11-29 08:59:13+00,2024-11-29 09:26:39+00,KCHD,KDVT,27.433333333333334,2024-11-29 08:59:27+00,2024-11-29 09:27:08+00,423
3518,382aaea4,N625FB,N625FB,AS50,2024-11-29 22:38:05+00,2024-11-30 00:22:26+00,KDVT,KDVT,104.35,2024-11-29 22:36:36+00,2024-11-30 00:22:35+00,2385
3519,382b0faf,N625FB,N625FB,AS50,2024-11-30 02:02:57+00,2024-11-30 03:37:32+00,KDVT,KDVT,94.58333333333333,2024-11-30 02:01:53+00,2024-11-30 03:37:32+00,2017
2807,382b316c,N624FB,N624FB,AS50,2024-11-30 03:30:05+00,2024-11-30 05:12:31+00,KDVT,KDVT,102.43333333333334,2024-11-30 03:29:32+00,2024-11-30 05:12:42+00,2116
2126,382b5108,N623FB,N623FB,AS50,2024-11-30 05:03:24+00,2024-11-30 06:33:43+00,KDVT,KDVT,90.31666666666666,2024-11-30 05:02:51+00,2024-11-30 06:34:15+00,1863
2808,382b6f9e,N624FB,N624FB,AS50,2024-11-30 06:29:50+00,2024-11-30 08:20:31+00,KDVT,KDVT,110.68333333333334,2024-11-30 06:28:36+00,2024-11-30 08:20:46+00,2399
2127,382b8f08,N623FB,N623FB,AS50,2024-11-30 07:58:02+00,2024-11-30 10:03:12+00,KDVT,KDVT,125.16666666666667,2024-11-30 07:56:48+00,2024-11-30 10:03:48+00,3051
2128,382c9956,N623FB,N623FB,AS50,2024-11-30 15:51:55+00,2024-11-30 16:55:36+00,KDVT,KDVT,63.68333333333333,2024-11-30 15:51:11+00,2024-11-30 16:54:01+00,1383
2129,382d1b20,N623FB,N623FB,AS50,2024-11-30 18:56:10+00,,KDVT,,,2024-11-30 18:54:38+00,2024-11-30 19:50:53+00,1261
3520,382e331b,N625FB,N625FB,AS50,2024-12-01 03:32:16+00,2024-12-01 05:07:58+00,KDVT,KDVT,95.7,2024-12-01 03:31:16+00,2024-12-01 05:08:05+00,2188
2809,382e53ed,N624FB,N624FB,AS50,2024-12-01 05:03:22+00,2024-12-01 06:53:15+00,KDVT,KDVT,109.88333333333334,2024-12-01 05:02:24+00,2024-12-01 06:53:22+00,2543
3521,382e756f,N625FB,N625FB,AS50,2024-12-01 06:33:11+00,2024-12-01 08:06:18+00,KDVT,KDVT,93.11666666666666,2024-12-01 06:32:11+00,2024-12-01 08:06:48+00,2149
2810,382e9556,N624FB,N624FB,AS50,2024-12-01 08:02:13+00,2024-12-01 09:41:47+00,KDVT,KDVT,99.56666666666666,2024-12-01 08:01:31+00,2024-12-01 09:42:10+00,2321
2130,3830d14b,N623FB,N623FB,AS50,2024-12-01 23:11:38+00,2024-12-02 00:44:19+00,KDVT,KDVT,92.68333333333334,2024-12-01 23:10:43+00,2024-12-02 00:45:46+00,1988
2131,38310740,N623FB,N623FB,AS50,2024-12-02 00:45:34+00,2024-12-02 01:00:49+00,KDVT,KDVT,15.25,2024-12-02 00:45:47+00,2024-12-02 00:59:43+00,254
2132,38313215,N623FB,N623FB,AS50,2024-12-02 02:16:27+00,2024-12-02 03:39:43+00,KDVT,KDVT,83.26666666666667,2024-12-02 02:15:57+00,2024-12-02 03:40:28+00,2077
2811,383151b9,N624FB,N624FB,AS50,2024-12-02 03:31:54+00,2024-12-02 05:16:28+00,KDVT,KDVT,104.56666666666666,2024-12-02 03:31:52+00,2024-12-02 05:16:42+00,2307
3522,38317438,N625FB,N625FB,AS50,2024-12-02 05:03:10+00,2024-12-02 06:37:10+00,KDVT,KDVT,94,2024-12-02 05:01:38+00,2024-12-02 06:37:43+00,1918
2812,38319942,N624FB,N624FB,AS50,2024-12-02 06:29:58+00,2024-12-02 08:08:13+00,KDVT,KDVT,98.25,2024-12-02 06:29:37+00,2024-12-02 08:08:25+00,2041
3523,3831bdd8,N625FB,N625FB,AS50,2024-12-02 08:02:36+00,2024-12-02 08:23:38+00,KDVT,KGEU,21.033333333333335,2024-12-02 08:01:39+00,2024-12-02 08:24:54+00,400
3524,3831c75a,N625FB,N625FB,AS50,2024-12-02 08:33:44+00,2024-12-02 09:42:05+00,KGEU,KDVT,68.35,2024-12-02 08:24:55+00,2024-12-02 09:42:46+00,1466
708,3833047c,N621FB,N621FB,AS50,2024-12-02 17:02:42+00,2024-12-02 18:07:02+00,KDVT,,64.33333333333333,2024-12-02 17:01:38+00,2024-12-02 18:07:51+00,1334
709,38333788,N621FB,N621FB,AS50,2024-12-02 18:07:04+00,2024-12-02 18:37:52+00,,KDVT,30.8,2024-12-02 18:07:52+00,2024-12-02 18:37:48+00,493
710,38336942,N621FB,N621FB,AS50,2024-12-02 19:13:47+00,2024-12-02 20:04:12+00,KDVT,KDVT,50.416666666666664,2024-12-02 19:13:35+00,2024-12-02 20:04:24+00,942
2813,38341ad2,N624FB,N624FB,AS50,2024-12-02 23:22:39+00,2024-12-03 00:48:22+00,KDVT,KDVT,85.71666666666667,2024-12-02 23:21:49+00,2024-12-03 00:48:47+00,1978
2814,383477e3,N624FB,N624FB,AS50,2024-12-03 02:10:00+00,2024-12-03 03:38:56+00,KDVT,KDVT,88.93333333333334,2024-12-03 02:09:04+00,2024-12-03 03:39:34+00,1786
2133,38349da7,N623FB,N623FB,AS50,2024-12-03 03:33:10+00,2024-12-03 05:10:43+00,KDVT,KDVT,97.55,2024-12-03 03:32:05+00,2024-12-03 05:11:07+00,1967
3525,3834c1e0,N625FB,N625FB,AS50,2024-12-03 05:04:19+00,2024-12-03 06:39:30+00,KDVT,KDVT,95.18333333333334,2024-12-03 05:02:57+00,2024-12-03 06:40:03+00,1890
2134,3834e51a,N623FB,N623FB,AS50,2024-12-03 06:30:51+00,2024-12-03 07:38:18+00,KDVT,KGEU,67.45,2024-12-03 06:29:08+00,2024-12-03 07:39:24+00,1278
2135,383500e3,N623FB,N623FB,AS50,2024-12-03 07:39:12+00,2024-12-03 08:19:36+00,KGEU,KDVT,40.4,2024-12-03 07:39:26+00,2024-12-03 08:20:33+00,638
3526,383509c9,N625FB,N625FB,AS50,2024-12-03 08:02:35+00,2024-12-03 08:06:47+00,KDVT,KDVT,4.2,2024-12-03 08:01:06+00,2024-12-03 08:05:51+00,72
2136,38351169,N623FB,N623FB,AS50,2024-12-03 08:20:27+00,2024-12-03 08:34:54+00,KDVT,KDVT,14.45,2024-12-03 08:20:41+00,2024-12-03 08:34:30+00,273
3527,38351f36,N625FB,N625FB,AS50,2024-12-03 08:54:50+00,2024-12-03 10:11:23+00,KDVT,KDVT,76.55,2024-12-03 08:54:07+00,2024-12-03 10:12:15+00,1787
2137,38358794,N623FB,N623FB,AS50,2024-12-03 12:29:34+00,2024-12-03 12:41:17+00,KDVT,KDVT,11.716666666666667,2024-12-03 12:28:26+00,2024-12-03 12:41:05+00,198
2138,38361c86,N623FB,N623FB,AS50,2024-12-03 15:48:47+00,2024-12-03 16:01:43+00,KDVT,KPHX,12.933333333333334,2024-12-03 15:48:21+00,2024-12-03 16:00:54+00,246
2139,38363bc3,N623FB,N623FB,AS50,2024-12-03 16:26:40+00,2024-12-03 16:46:36+00,,,19.933333333333334,2024-12-03 16:27:29+00,2024-12-03 16:47:19+00,215
2140,38364b39,N623FB,N623FB,AS50,2024-12-03 16:53:28+00,2024-12-03 17:08:59+00,,KDVT,15.516666666666667,2024-12-03 16:47:29+00,2024-12-03 17:09:09+00,308
2141,3836b740,N623FB,N623FB,AS50,2024-12-03 19:11:16+00,2024-12-03 19:53:34+00,KDVT,KDVT,42.3,2024-12-03 19:08:10+00,2024-12-03 19:53:44+00,874
2815,38374422,N624FB,N624FB,AS50,2024-12-03 22:05:06+00,2024-12-04 00:03:47+00,KDVT,KDVT,118.68333333333334,2024-12-03 22:04:55+00,2024-12-04 00:04:21+00,2862
2816,3837dc2a,N624FB,N624FB,AS50,2024-12-04 02:11:12+00,2024-12-04 03:38:19+00,KDVT,KDVT,87.11666666666666,2024-12-04 02:10:08+00,2024-12-04 03:38:45+00,2013
3528,38380203,N625FB,N625FB,AS50,2024-12-04 03:35:19+00,2024-12-04 05:11:10+00,KDVT,KDVT,95.85,2024-12-04 03:34:08+00,2024-12-04 05:11:30+00,2161
3529,383849a5,N625FB,N625FB,AS50,2024-12-04 06:36:30+00,2024-12-04 08:05:30+00,KDVT,KDVT,89,2024-12-04 06:31:12+00,2024-12-04 08:05:17+00,1704
3530,383951ff,N625FB,N625FB,AS50,2024-12-04 14:51:24+00,2024-12-04 15:55:45+00,KDVT,,64.35,2024-12-04 14:50:10+00,2024-12-04 15:57:16+00,524
3531,38398584,N625FB,N625FB,AS50,2024-12-04 15:55:39+00,2024-12-04 16:17:13+00,,,21.566666666666666,2024-12-04 15:57:25+00,2024-12-04 16:17:09+00,258
3532,38399560,N625FB,N625FB,AS50,2024-12-04 16:17:14+00,2024-12-04 17:04:02+00,KSDL,KDVT,46.8,2024-12-04 16:18:32+00,2024-12-04 17:04:06+00,762
711,383a27cf,N621FB,N621FB,AS50,2024-12-04 19:43:29+00,2024-12-04 20:04:46+00,KDVT,KDVT,21.283333333333335,2024-12-04 19:43:04+00,2024-12-04 20:03:09+00,314
712,383a60e4,N621FB,N621FB,AS50,2024-12-04 21:03:21+00,2024-12-04 21:22:01+00,KDVT,KDVT,18.666666666666668,2024-12-04 21:02:05+00,2024-12-04 21:22:17+00,240
713,383a6f25,N621FB,N621FB,AS50,2024-12-04 21:21:09+00,2024-12-04 22:11:37+00,,KDVT,50.46666666666667,2024-12-04 21:22:21+00,2024-12-04 22:13:44+00,496
2817,383a9d72,N624FB,N624FB,AS50,2024-12-04 22:31:54+00,2024-12-05 00:10:44+00,KDVT,KDVT,98.83333333333333,2024-12-04 22:31:45+00,2024-12-05 00:10:58+00,2277
2818,383b04e7,N624FB,N624FB,AS50,2024-12-05 01:27:50+00,2024-12-05 03:36:10+00,KDVT,KDVT,128.33333333333334,2024-12-05 01:26:32+00,2024-12-05 03:36:25+00,2555
2142,383b62ce,N623FB,N623FB,AS50,2024-12-05 05:02:08+00,2024-12-05 06:38:54+00,KDVT,KDVT,96.76666666666667,2024-12-05 05:00:06+00,2024-12-05 06:39:23+00,1999
2143,383bab0d,N623FB,N623FB,AS50,2024-12-05 08:01:00+00,2024-12-05 10:10:20+00,KDVT,KDVT,129.33333333333334,2024-12-05 07:59:07+00,2024-12-05 10:11:11+00,2885
715,383c6c72,N621FB,N621FB,AS50,2024-12-05 14:10:43+00,2024-12-05 14:34:20+00,KDVT,KDVT,23.616666666666667,2024-12-05 14:09:32+00,2024-12-05 14:34:17+00,495
716,383c9f97,N621FB,N621FB,AS50,2024-12-05 15:21:36+00,2024-12-05 15:58:01+00,KDVT,,36.416666666666664,2024-12-05 15:21:38+00,2024-12-05 15:32:06+00,146
717,383cba1f,N621FB,N621FB,AS50,2024-12-05 15:58:30+00,2024-12-05 16:12:37+00,,KDVT,14.116666666666667,2024-12-05 15:59:20+00,2024-12-05 16:12:35+00,206
2144,383cdb25,N623FB,N623FB,AS50,2024-12-05 17:22:30+00,2024-12-05 17:31:41+00,KDVT,KDVT,9.183333333333334,2024-12-05 16:45:32+00,2024-12-05 17:31:41+00,227
2145,383deafb,N623FB,N623FB,AS50,2024-12-05 23:06:43+00,2024-12-06 00:35:17+00,KDVT,KDVT,88.56666666666666,2024-12-05 23:06:33+00,2024-12-06 00:33:31+00,1659
2146,383e5685,N623FB,N623FB,AS50,2024-12-06 02:03:29+00,2024-12-06 03:32:15+00,KDVT,KDVT,88.76666666666667,2024-12-06 02:03:10+00,2024-12-06 03:32:27+00,1698
2819,383e7f5b,N624FB,N624FB,AS50,2024-12-06 03:29:11+00,2024-12-06 05:09:11+00,KDVT,KDVT,100,2024-12-06 03:28:19+00,2024-12-06 05:09:21+00,2129
2147,383ea5cc,N623FB,N623FB,AS50,2024-12-06 05:02:50+00,2024-12-06 07:01:56+00,KDVT,KDVT,119.1,2024-12-06 05:02:05+00,2024-12-06 07:02:14+00,2793
2820,383ecbd8,N624FB,N624FB,AS50,2024-12-06 06:34:36+00,2024-12-06 08:07:06+00,KDVT,KDVT,92.5,2024-12-06 06:33:42+00,2024-12-06 08:07:33+00,2044
2148,383eee0f,N623FB,N623FB,AS50,2024-12-06 08:01:38+00,2024-12-06 09:30:25+00,KDVT,KDVT,88.78333333333333,2024-12-06 07:59:40+00,2024-12-06 09:33:05+00,1483
2149,38416071,N623FB,N623FB,AS50,2024-12-06 23:08:35+00,2024-12-07 00:21:36+00,KDVT,KDVT,73.01666666666667,2024-12-06 23:07:28+00,2024-12-07 00:21:48+00,1335
2150,3841c25e,N623FB,N623FB,AS50,2024-12-07 02:03:24+00,2024-12-07 03:32:17+00,KDVT,KDVT,88.88333333333334,2024-12-07 02:02:15+00,2024-12-07 03:33:43+00,1825
2821,3841e7d1,N624FB,N624FB,AS50,2024-12-07 03:31:29+00,2024-12-07 05:29:50+00,KDVT,KDVT,118.35,2024-12-07 03:30:07+00,2024-12-07 05:29:58+00,2549
3533,38420a53,N625FB,N625FB,AS50,2024-12-07 05:04:40+00,2024-12-07 06:35:59+00,KDVT,KDVT,91.31666666666666,2024-12-07 05:03:55+00,2024-12-07 06:36:11+00,1783
2822,38422bb4,N624FB,N624FB,AS50,2024-12-07 06:33:05+00,2024-12-07 08:25:20+00,KDVT,KDVT,112.25,2024-12-07 06:32:35+00,2024-12-07 08:25:29+00,2487
3534,38424b75,N625FB,N625FB,AS50,2024-12-07 08:03:39+00,2024-12-07 09:39:46+00,KDVT,KDVT,96.11666666666666,2024-12-07 08:02:02+00,2024-12-07 09:40:04+00,1944
718,38432fcf,N621FB,N621FB,AS50,2024-12-07 16:30:20+00,2024-12-07 16:44:35+00,KDVT,KGEU,14.25,2024-12-07 15:34:02+00,2024-12-07 16:43:25+00,288
719,3843961c,N621FB,N621FB,AS50,2024-12-07 17:53:17+00,2024-12-07 18:02:00+00,KGEU,KDVT,8.716666666666667,2024-12-07 17:53:26+00,2024-12-07 18:01:57+00,109
3535,38446390,N625FB,N625FB,AS50,2024-12-07 23:14:22+00,2024-12-08 00:33:43+00,KDVT,KDVT,79.35,2024-12-07 23:13:17+00,2024-12-08 00:34:12+00,1765
3536,3844ae8c,N625FB,N625FB,AS50,2024-12-08 01:59:56+00,2024-12-08 03:32:24+00,KDVT,KDVT,92.46666666666667,2024-12-08 01:58:53+00,2024-12-08 03:33:00+00,1989
2823,3844cf75,N624FB,N624FB,AS50,2024-12-08 03:29:56+00,2024-12-08 05:08:28+00,KDVT,KDVT,98.53333333333333,2024-12-08 03:29:14+00,2024-12-08 05:08:45+00,2333
2151,3844ee31,N623FB,N623FB,AS50,2024-12-08 05:02:23+00,2024-12-08 06:32:44+00,KDVT,KDVT,90.35,2024-12-08 05:01:34+00,2024-12-08 06:33:04+00,1882
2824,38450d5a,N624FB,N624FB,AS50,2024-12-08 06:30:32+00,2024-12-08 08:50:18+00,KDVT,KDVT,139.76666666666668,2024-12-08 06:29:34+00,2024-12-08 08:50:36+00,3472
2152,38452bdc,N623FB,N623FB,AS50,2024-12-08 08:00:31+00,2024-12-08 09:18:13+00,KDVT,KGEU,77.7,2024-12-08 07:58:38+00,2024-12-08 09:19:12+00,1529
2153,38454834,N623FB,N623FB,AS50,2024-12-08 09:19:07+00,2024-12-08 09:33:43+00,KGEU,KDVT,14.6,2024-12-08 09:19:20+00,2024-12-08 09:33:37+00,191
2765,38471d80,N624FB,N624FB,AS50,2024-12-08 22:40:23+00,2024-12-08 23:22:16+00,KDVT,,41.88333333333333,2024-12-08 22:37:45+00,2024-12-08 23:22:10+00,796
2766,384737a6,N624FB,N624FB,AS50,2024-12-09 03:03:20+00,2024-12-09 03:18:54+00,KPHX,KGYR,15.566666666666666,2024-12-08 23:23:12+00,2024-12-09 03:18:54+00,2531
2767,3847a684,N624FB,N624FB,AS50,2024-12-09 03:20:32+00,2024-12-09 03:37:58+00,,KDVT,17.433333333333334,2024-12-09 03:21:33+00,2024-12-09 03:38:23+00,328
3463,3847aa2c,N625FB,N625FB,AS50,2024-12-09 03:32:48+00,2024-12-09 05:15:54+00,KDVT,KDVT,103.1,2024-12-09 03:31:07+00,2024-12-09 05:16:00+00,2044
2101,3847cb72,N623FB,N623FB,AS50,2024-12-09 05:02:31+00,2024-12-09 06:55:53+00,KDVT,KDVT,113.36666666666666,2024-12-09 05:01:45+00,2024-12-09 06:56:38+00,2536
3464,3847efcf,N625FB,N625FB,AS50,2024-12-09 06:31:45+00,2024-12-09 08:08:56+00,KDVT,KDVT,97.18333333333334,2024-12-09 06:31:06+00,2024-12-09 08:09:14+00,2473
2102,384814cd,N623FB,N623FB,AS50,2024-12-09 08:06:05+00,2024-12-09 09:48:42+00,KDVT,KDVT,102.61666666666666,2024-12-09 08:05:43+00,2024-12-09 09:49:32+00,1892
3465,384a23b6,N625FB,N625FB,AS50,2024-12-09 22:43:27+00,2024-12-09 23:18:48+00,KDVT,KDVT,35.35,2024-12-09 22:42:02+00,2024-12-09 23:19:14+00,886
3466,384a501d,N625FB,N625FB,AS50,2024-12-09 23:53:53+00,2024-12-10 01:18:09+00,KDVT,KDVT,84.26666666666667,2024-12-09 23:52:48+00,2024-12-10 01:18:39+00,2004
664,384a890b,N621FB,N621FB,AS50,2024-12-10 01:38:43+00,2024-12-10 02:07:13+00,KDVT,KDVT,28.5,2024-12-10 01:37:36+00,2024-12-10 02:08:12+00,503
665,384a979b,N621FB,N621FB,AS50,2024-12-10 02:07:58+00,2024-12-10 02:28:07+00,KDVT,KDVT,20.15,2024-12-10 02:08:13+00,2024-12-10 02:28:48+00,450
3467,384a9fe8,N625FB,N625FB,AS50,2024-12-10 02:28:32+00,2024-12-10 03:48:39+00,KDVT,KDVT,80.11666666666666,2024-12-10 02:26:26+00,2024-12-10 03:49:04+00,2032
666,384aa0f9,N621FB,N621FB,AS50,2024-12-10 02:28:35+00,2024-12-10 02:48:07+00,KDVT,KDVT,19.533333333333335,2024-12-10 02:28:49+00,2024-12-10 02:48:39+00,479
2768,384abbb1,N624FB,N624FB,AS50,2024-12-10 03:33:02+00,2024-12-10 05:05:44+00,KDVT,KDVT,92.7,2024-12-10 03:31:52+00,2024-12-10 05:05:44+00,2050
3468,384ae0e9,N625FB,N625FB,AS50,2024-12-10 05:07:46+00,2024-12-10 07:27:24+00,KDVT,KDVT,139.63333333333333,2024-12-10 05:06:55+00,2024-12-10 07:27:53+00,2729
2769,384b0049,N624FB,N624FB,AS50,2024-12-10 06:24:37+00,2024-12-10 08:31:31+00,KDVT,KDVT,126.9,2024-12-10 06:23:33+00,2024-12-10 08:31:28+00,2412
3469,384b35c8,N625FB,N625FB,AS50,2024-12-10 08:39:21+00,2024-12-10 10:04:20+00,KDVT,KDVT,84.98333333333333,2024-12-10 08:38:23+00,2024-12-10 10:05:20+00,1771
3470,384c04b1,N625FB,N625FB,AS50,2024-12-10 15:05:35+00,2024-12-10 16:05:55+00,KDVT,KDVT,60.333333333333336,2024-12-10 15:04:10+00,2024-12-10 16:05:55+00,1466
3471,384c7c8b,N625FB,N625FB,AS50,2024-12-10 18:05:20+00,2024-12-10 19:37:16+00,KDVT,KDVT,91.93333333333334,2024-12-10 18:04:53+00,2024-12-10 19:37:13+00,2327
2770,384d3d2b,N624FB,N624FB,AS50,2024-12-10 23:03:21+00,2024-12-11 00:21:46+00,KDVT,KDVT,78.41666666666667,2024-12-10 23:01:46+00,2024-12-11 00:21:46+00,1870
2771,384da423,N624FB,N624FB,AS50,2024-12-11 02:10:37+00,2024-12-11 03:38:10+00,KDVT,KDVT,87.55,2024-12-11 02:09:30+00,2024-12-11 03:38:39+00,2086
3472,384deb3c,N625FB,N625FB,AS50,2024-12-11 05:04:29+00,2024-12-11 06:24:31+00,KDVT,,80.03333333333333,2024-12-11 05:02:05+00,2024-12-11 06:27:23+00,1739
2103,385018c2,N623FB,N623FB,AS50,2024-12-11 21:23:48+00,2024-12-11 22:20:40+00,KDVT,KDVT,56.86666666666667,2024-12-11 21:22:59+00,2024-12-11 22:22:01+00,128
2104,38503f35,N623FB,N623FB,AS50,2024-12-11 22:46:39+00,2024-12-11 23:02:06+00,KDVT,KDVT,15.45,2024-12-11 22:22:03+00,2024-12-11 23:03:56+00,245
667,38505b1e,N621FB,N621FB,AS50,2024-12-11 23:04:49+00,2024-12-12 00:44:14+00,KDVT,KDVT,99.41666666666667,2024-12-11 23:03:08+00,2024-12-12 00:44:47+00,2238
2105,38505ba2,N623FB,N623FB,AS50,2024-12-11 23:06:48+00,2024-12-11 23:22:34+00,KDVT,KDVT,15.766666666666667,2024-12-11 23:04:01+00,2024-12-11 23:22:34+00,116
2106,3850696f,N623FB,N623FB,AS50,2024-12-11 23:28:04+00,2024-12-11 23:50:48+00,KDVT,KDVT,22.733333333333334,2024-12-11 23:25:19+00,2024-12-11 23:50:48+00,161
2107,385089ab,N623FB,N623FB,AS50,2024-12-12 00:18:46+00,2024-12-12 01:56:59+00,KDVT,KDVT,98.21666666666667,2024-12-12 00:16:33+00,2024-12-12 01:58:50+00,163
668,3850c689,N621FB,N621FB,AS50,2024-12-12 02:07:35+00,2024-12-12 03:38:06+00,KDVT,KDVT,90.51666666666667,2024-12-12 02:06:52+00,2024-12-12 03:38:34+00,2140
2109,3850d294,N623FB,N623FB,AS50,2024-12-12 02:48:01+00,2024-12-12 02:53:49+00,KDVT,KDVT,5.8,2024-12-12 02:30:51+00,2024-12-12 02:52:27+00,223
2772,3850ef18,N624FB,N624FB,AS50,2024-12-12 03:33:08+00,2024-12-12 05:04:26+00,KDVT,KDVT,91.3,2024-12-12 03:32:37+00,2024-12-12 05:04:42+00,2040
3474,3851116b,N625FB,N625FB,AS50,2024-12-12 05:00:50+00,2024-12-12 06:43:30+00,KDVT,KDVT,102.66666666666667,2024-12-12 04:58:05+00,2024-12-12 06:43:52+00,2219
2773,38513796,N624FB,N624FB,AS50,2024-12-12 06:29:54+00,2024-12-12 08:15:13+00,KDVT,KDVT,105.31666666666666,2024-12-12 06:29:47+00,2024-12-12 08:15:22+00,2223
3475,38515d13,N625FB,N625FB,AS50,2024-12-12 08:02:09+00,2024-12-12 09:46:15+00,KDVT,KDVT,104.1,2024-12-12 08:01:39+00,2024-12-12 09:46:56+00,2195
3476,3851b206,N625FB,N625FB,AS50,2024-12-12 11:10:11+00,2024-12-12 12:15:37+00,KDVT,KDVT,65.43333333333334,2024-12-12 11:09:56+00,2024-12-12 12:16:10+00,1562
669,38523912,N621FB,N621FB,AS50,2024-12-12 14:36:03+00,2024-12-12 15:07:07+00,KDVT,KGYR,31.066666666666666,2024-12-12 14:35:22+00,2024-12-12 15:05:41+00,635
670,385286fa,N621FB,N621FB,AS50,2024-12-12 16:11:28+00,2024-12-12 16:33:37+00,KGYR,KDVT,22.15,2024-12-12 16:11:40+00,2024-12-12 16:33:36+00,458
671,3852d4b5,N621FB,N621FB,AS50,2024-12-12 17:49:08+00,2024-12-12 18:31:07+00,KDVT,KDVT,41.983333333333334,2024-12-12 17:48:12+00,2024-12-12 18:31:17+00,992
3477,385352bf,N625FB,N625FB,AS50,2024-12-12 20:32:04+00,2024-12-12 21:50:45+00,KDVT,KDVT,78.68333333333334,2024-12-12 20:32:09+00,2024-12-12 21:50:50+00,1707
3478,3853eb45,N625FB,N625FB,AS50,2024-12-13 00:07:47+00,2024-12-13 00:37:54+00,KDVT,KDVT,30.116666666666667,2024-12-13 00:06:58+00,2024-12-13 00:37:59+00,638
3479,38542fda,N625FB,N625FB,AS50,2024-12-13 02:09:29+00,2024-12-13 03:50:12+00,KDVT,KDVT,100.71666666666667,2024-12-13 02:08:25+00,2024-12-13 03:50:28+00,2340
2774,38547cbe,N624FB,N624FB,AS50,2024-12-13 05:05:40+00,2024-12-13 06:34:45+00,KDVT,KDVT,89.08333333333333,2024-12-13 05:05:06+00,2024-12-13 06:35:03+00,2058
2775,3854c4eb,N624FB,N624FB,AS50,2024-12-13 08:00:53+00,2024-12-13 09:14:49+00,KDVT,KGEU,73.93333333333334,2024-12-13 07:59:05+00,2024-12-13 09:15:26+00,1771
2776,3854e61c,N624FB,N624FB,AS50,2024-12-13 09:15:17+00,2024-12-13 09:29:45+00,KGEU,KDVT,14.466666666666667,2024-12-13 09:15:32+00,2024-12-13 09:29:39+00,285
672,385580df,N621FB,N621FB,AS50,2024-12-13 13:49:03+00,2024-12-13 13:58:05+00,KDVT,KGEU,9.033333333333333,2024-12-13 13:48:42+00,2024-12-13 13:58:00+00,169
673,38558e1a,N621FB,N621FB,AS50,2024-12-13 14:05:06+00,2024-12-13 14:51:41+00,KGEU,KGYR,46.583333333333336,2024-12-13 14:05:05+00,2024-12-13 14:51:36+00,1145
674,385612cc,N621FB,N621FB,AS50,2024-12-13 16:42:00+00,2024-12-13 17:06:04+00,KGYR,KDVT,24.066666666666666,2024-12-13 16:42:09+00,2024-12-13 17:06:23+00,484
675,38566d7a,N621FB,N621FB,AS50,2024-12-13 18:34:18+00,2024-12-13 19:25:12+00,KDVT,KDVT,50.9,2024-12-13 18:33:31+00,2024-12-13 19:25:12+00,1003
3480,38576a31,N625FB,N625FB,AS50,2024-12-14 00:28:04+00,2024-12-14 01:44:23+00,KDVT,KDVT,76.31666666666666,2024-12-14 00:26:57+00,2024-12-14 01:44:19+00,1854
2777,3857e2b8,N624FB,N624FB,AS50,2024-12-14 05:03:08+00,2024-12-14 06:49:26+00,KDVT,KDVT,106.3,2024-12-14 05:01:55+00,2024-12-14 06:49:35+00,2697
2778,385823ca,N624FB,N624FB,AS50,2024-12-14 08:00:00+00,2024-12-14 10:22:30+00,KDVT,KDVT,142.5,2024-12-14 07:58:06+00,2024-12-14 10:22:43+00,3232
676,3858a7d1,N621FB,N621FB,AS50,2024-12-14 12:50:56+00,2024-12-14 13:57:01+00,KDVT,KDVT,66.08333333333333,2024-12-14 12:50:06+00,2024-12-14 13:57:07+00,1480
677,38597a46,N621FB,N621FB,AS50,2024-12-14 18:01:39+00,2024-12-14 18:17:34+00,KDVT,KDVT,15.916666666666666,2024-12-14 18:00:32+00,2024-12-14 18:18:08+00,331
678,385985ef,N621FB,N621FB,AS50,2024-12-14 18:17:05+00,2024-12-14 19:13:05+00,,KDVT,56,2024-12-14 18:18:09+00,2024-12-14 19:13:05+00,1198
2779,385a9dcf,N624FB,N624FB,AS50,2024-12-15 03:27:40+00,2024-12-15 05:10:34+00,KDVT,KDVT,102.9,2024-12-15 03:26:44+00,2024-12-15 05:10:41+00,2456
3481,385abe70,N625FB,N625FB,AS50,2024-12-15 05:04:09+00,2024-12-15 06:36:37+00,KDVT,KDVT,92.46666666666667,2024-12-15 05:02:28+00,2024-12-15 06:36:53+00,2264
2780,385ade63,N624FB,N624FB,AS50,2024-12-15 06:32:20+00,2024-12-15 08:06:50+00,KDVT,KDVT,94.5,2024-12-15 06:31:06+00,2024-12-15 08:07:04+00,2110
3482,385afd7e,N625FB,N625FB,AS50,2024-12-15 08:00:48+00,2024-12-15 08:16:11+00,KDVT,KGEU,15.383333333333333,2024-12-15 07:59:06+00,2024-12-15 08:17:01+00,355
3483,385b03da,N625FB,N625FB,AS50,2024-12-15 08:16:54+00,2024-12-15 09:24:09+00,KGEU,KDVT,67.25,2024-12-15 08:17:08+00,2024-12-15 09:24:41+00,1440
2781,385bd3ce,N624FB,N624FB,AS50,2024-12-15 15:33:30+00,2024-12-15 16:44:57+00,KDVT,KDVT,71.45,2024-12-15 15:32:24+00,2024-12-15 16:45:08+00,1718
2782,385c5105,N624FB,N624FB,AS50,2024-12-15 19:02:19+00,2024-12-15 19:58:11+00,KDVT,KDVT,55.86666666666667,2024-12-15 19:00:00+00,2024-12-15 19:58:10+00,1291
3484,385ce2d8,N625FB,N625FB,AS50,2024-12-15 23:06:17+00,2024-12-16 00:32:33+00,KDVT,KDVT,86.26666666666667,2024-12-15 23:05:15+00,2024-12-16 00:33:13+00,1859
3485,385d384c,N625FB,N625FB,AS50,2024-12-16 02:00:49+00,2024-12-16 04:05:12+00,KDVT,KDVT,124.38333333333334,2024-12-16 01:59:22+00,2024-12-16 04:05:37+00,2852
679,385d5d7b,N621FB,N621FB,AS50,2024-12-16 03:33:43+00,2024-12-16 05:16:18+00,KDVT,KDVT,102.58333333333333,2024-12-16 03:32:40+00,2024-12-16 05:16:18+00,2348
3486,385d7daa,N625FB,N625FB,AS50,2024-12-16 05:02:55+00,2024-12-16 06:41:05+00,KDVT,KDVT,98.16666666666667,2024-12-16 05:01:38+00,2024-12-16 06:41:42+00,2227
680,385da24f,N621FB,N621FB,AS50,2024-12-16 06:34:16+00,2024-12-16 08:11:43+00,KDVT,KDVT,97.45,2024-12-16 06:33:09+00,2024-12-16 08:12:03+00,2116
3487,385dc238,N625FB,N625FB,AS50,2024-12-16 07:55:03+00,2024-12-16 09:27:55+00,KDVT,KDVT,92.86666666666666,2024-12-16 07:53:54+00,2024-12-16 09:28:46+00,2081
2783,385e9964,N624FB,N624FB,AS50,2024-12-16 14:44:09+00,2024-12-16 15:40:31+00,KDVT,KPHX,56.36666666666667,2024-12-16 14:42:56+00,2024-12-16 15:40:45+00,1281
2784,385ee09a,N624FB,N624FB,AS50,2024-12-16 16:31:46+00,2024-12-16 16:44:32+00,KPHX,KDVT,12.766666666666667,2024-12-16 16:31:20+00,2024-12-16 16:44:18+00,282
2785,385f4457,N624FB,N624FB,AS50,2024-12-16 19:07:47+00,2024-12-16 20:24:48+00,KDVT,KDVT,77.01666666666667,2024-12-16 19:06:48+00,2024-12-16 20:24:48+00,1862
3488,385fd029,N625FB,N625FB,AS50,2024-12-16 22:52:15+00,2024-12-17 00:14:28+00,KDVT,KDVT,82.21666666666667,2024-12-16 22:51:42+00,2024-12-17 00:14:52+00,1981
3489,38603a5f,N625FB,N625FB,AS50,2024-12-17 02:12:15+00,2024-12-17 03:48:06+00,KDVT,KDVT,95.85,2024-12-17 02:11:27+00,2024-12-17 03:48:36+00,2406
2110,38605ccd,N623FB,N623FB,AS50,2024-12-17 03:31:43+00,2024-12-17 06:29:42+00,KDVT,KDVT,177.98333333333332,2024-12-17 03:30:02+00,2024-12-17 06:30:53+00,2953
2111,3860a6f1,N623FB,N623FB,AS50,2024-12-17 06:33:17+00,2024-12-17 08:09:07+00,KDVT,KDVT,95.83333333333333,2024-12-17 06:30:55+00,2024-12-17 08:09:16+00,2112
2112,3861cde9,N623FB,N623FB,AS50,2024-12-17 15:35:00+00,2024-12-17 16:49:40+00,KDVT,KDVT,74.66666666666667,2024-12-17 15:33:03+00,2024-12-17 16:49:40+00,1801
2113,38626f65,N623FB,N623FB,AS50,2024-12-17 19:10:57+00,2024-12-17 19:35:58+00,KDVT,KDVT,25.016666666666666,2024-12-17 19:09:56+00,2024-12-17 19:37:20+00,508
2114,3862853a,N623FB,N623FB,AS50,2024-12-17 19:36:12+00,2024-12-17 20:16:56+00,KDVT,KDVT,40.733333333333334,2024-12-17 19:37:24+00,2024-12-17 20:17:18+00,796
3490,3862fdee,N625FB,N625FB,AS50,2024-12-17 22:16:41+00,2024-12-17 23:44:20+00,KDVT,KDVT,87.65,2024-12-17 22:15:55+00,2024-12-17 23:44:46+00,2007
3491,386387ea,N625FB,N625FB,AS50,2024-12-18 02:10:30+00,2024-12-18 03:38:14+00,KDVT,KDVT,87.73333333333333,2024-12-18 02:07:32+00,2024-12-18 03:39:02+00,2093
2786,3863adc6,N624FB,N624FB,AS50,2024-12-18 03:35:28+00,2024-12-18 05:05:29+00,KDVT,KDVT,90.01666666666667,2024-12-18 03:32:54+00,2024-12-18 05:05:42+00,1990
3492,3863d035,N625FB,N625FB,AS50,2024-12-18 05:01:56+00,2024-12-18 06:36:38+00,KDVT,KDVT,94.7,2024-12-18 05:01:27+00,2024-12-18 06:37:18+00,2064
2787,3863f47d,N624FB,N624FB,AS50,2024-12-18 06:30:44+00,2024-12-18 08:08:59+00,KDVT,KDVT,98.25,2024-12-18 06:30:07+00,2024-12-18 08:11:38+00,1981
3493,3864195f,N625FB,N625FB,AS50,2024-12-18 08:01:43+00,2024-12-18 08:13:24+00,KDVT,KGEU,11.683333333333334,2024-12-18 08:00:50+00,2024-12-18 08:15:14+00,245
3494,38641fd5,N625FB,N625FB,AS50,2024-12-18 08:14:59+00,2024-12-18 10:24:12+00,KGEU,KDVT,129.21666666666667,2024-12-18 08:15:15+00,2024-12-18 10:24:27+00,2865
681,3864fc80,N621FB,N621FB,AS50,2024-12-18 14:52:04+00,2024-12-18 16:06:31+00,KDVT,KDVT,74.45,2024-12-18 14:51:24+00,2024-12-18 16:06:50+00,545
682,38653412,N621FB,N621FB,AS50,2024-12-18 16:08:24+00,2024-12-18 16:26:28+00,KDVT,KDVT,18.066666666666666,2024-12-18 16:07:02+00,2024-12-18 16:26:28+00,184
684,3865624d,N621FB,N621FB,AS50,2024-12-18 17:22:11+00,2024-12-18 17:38:34+00,KDVT,KDVT,16.383333333333333,2024-12-18 17:11:11+00,2024-12-18 17:40:30+00,399
686,38658c60,N621FB,N621FB,AS50,2024-12-18 18:28:58+00,2024-12-18 18:44:31+00,KDVT,KDVT,15.55,2024-12-18 18:10:04+00,2024-12-18 18:45:20+00,420
687,3865a60c,N621FB,N621FB,AS50,2024-12-18 18:45:20+00,2024-12-18 19:15:15+00,KDVT,KDVT,29.916666666666668,2024-12-18 18:45:25+00,2024-12-18 19:16:44+00,712
688,3865bcaf,N621FB,N621FB,AS50,2024-12-18 19:16:45+00,2024-12-18 19:22:40+00,KDVT,KDVT,5.916666666666667,2024-12-18 19:16:49+00,2024-12-18 19:19:42+00,64
2788,38665d91,N624FB,N624FB,AS50,2024-12-18 23:03:03+00,2024-12-19 00:43:35+00,KDVT,KDVT,100.53333333333333,2024-12-18 23:01:42+00,2024-12-19 00:44:07+00,1994
2789,3866c5fa,N624FB,N624FB,AS50,2024-12-19 02:01:39+00,2024-12-19 03:37:20+00,KDVT,KDVT,95.68333333333334,2024-12-19 02:01:07+00,2024-12-19 03:37:28+00,2119
689,3866f110,N621FB,N621FB,AS50,2024-12-19 03:35:27+00,2024-12-19 05:06:42+00,KDVT,KDVT,91.25,2024-12-19 03:34:46+00,2024-12-19 05:06:56+00,2136
3495,386713b8,N625FB,N625FB,AS50,2024-12-19 05:02:21+00,2024-12-19 06:41:36+00,KDVT,KDVT,99.25,2024-12-19 05:01:32+00,2024-12-19 06:42:27+00,2120
690,386739f0,N621FB,N621FB,AS50,2024-12-19 06:30:08+00,2024-12-19 08:15:33+00,KDVT,KDVT,105.41666666666667,2024-12-19 06:29:51+00,2024-12-19 08:21:25+00,2429
3496,3867604b,N625FB,N625FB,AS50,2024-12-19 08:02:11+00,2024-12-19 09:35:31+00,KDVT,KDVT,93.33333333333333,2024-12-19 08:01:24+00,2024-12-19 09:36:25+00,1894
1427,38695844,N622FB,N622FB,AS50,2024-12-19 20:56:16+00,2024-12-19 21:02:44+00,KDVT,KDVT,6.466666666666667,2024-12-19 20:28:34+00,2024-12-19 21:02:22+00,159
1428,38698fc9,N622FB,N622FB,AS50,2024-12-19 21:36:14+00,2024-12-19 21:44:17+00,KDVT,KDVT,8.05,2024-12-19 21:36:03+00,2024-12-19 21:44:13+00,180
3497,3869cdef,N625FB,N625FB,AS50,2024-12-19 23:00:31+00,2024-12-19 23:41:07+00,KDVT,KSDL,40.6,2024-12-19 22:59:29+00,2024-12-19 23:41:07+00,1011
3498,3869eeee,N625FB,N625FB,AS50,2024-12-19 23:49:01+00,2024-12-20 00:37:16+00,KSDL,KDVT,48.25,2024-12-19 23:48:53+00,2024-12-20 00:35:37+00,1115
3499,386a3cad,N625FB,N625FB,AS50,2024-12-20 02:04:12+00,2024-12-20 03:31:35+00,KDVT,KDVT,87.38333333333334,2024-12-20 02:02:39+00,2024-12-20 03:29:57+00,2018
691,386a67ba,N621FB,N621FB,AS50,2024-12-20 03:34:57+00,2024-12-20 05:29:28+00,KDVT,KDVT,114.51666666666667,2024-12-20 03:34:20+00,2024-12-20 05:29:59+00,2667
3500,386a8cf3,N625FB,N625FB,AS50,2024-12-20 05:05:44+00,2024-12-20 06:36:25+00,KDVT,KDVT,90.68333333333334,2024-12-20 05:04:32+00,2024-12-20 06:36:41+00,2199
692,386ab363,N621FB,N621FB,AS50,2024-12-20 06:32:32+00,2024-12-20 08:11:17+00,KDVT,KDVT,98.75,2024-12-20 06:31:49+00,2024-12-20 08:11:36+00,2455
3501,386ad91d,N625FB,N625FB,AS50,2024-12-20 08:03:31+00,2024-12-20 09:01:16+00,KDVT,KCHD,57.75,2024-12-20 08:01:59+00,2024-12-20 09:06:14+00,1270
3502,386af644,N625FB,N625FB,AS50,2024-12-20 09:05:55+00,2024-12-20 09:46:32+00,KCHD,KDVT,40.61666666666667,2024-12-20 09:06:16+00,2024-12-20 09:47:08+00,829
2790,386d3797,N624FB,N624FB,AS50,2024-12-20 22:58:06+00,2024-12-20 23:58:28+00,KDVT,,60.36666666666667,2024-12-20 22:56:14+00,2024-12-21 00:03:27+00,1463
2791,386d61a4,N624FB,N624FB,AS50,2024-12-21 00:02:20+00,2024-12-21 00:17:24+00,,KDVT,15.066666666666666,2024-12-21 00:03:28+00,2024-12-21 00:26:17+00,301
2792,386da303,N624FB,N624FB,AS50,2024-12-21 02:05:22+00,2024-12-21 03:40:05+00,KDVT,KDVT,94.71666666666667,2024-12-21 02:04:11+00,2024-12-21 03:40:13+00,2255
693,386dca85,N621FB,N621FB,AS50,2024-12-21 03:32:37+00,2024-12-21 05:12:29+00,KDVT,KDVT,99.86666666666666,2024-12-21 03:31:52+00,2024-12-21 05:12:40+00,2307
3503,386df0f9,N625FB,N625FB,AS50,2024-12-21 05:03:17+00,2024-12-21 06:33:56+00,KDVT,KDVT,90.65,2024-12-21 05:02:21+00,2024-12-21 06:34:30+00,2056
694,386e1655,N621FB,N621FB,AS50,2024-12-21 06:30:46+00,2024-12-21 08:19:34+00,KDVT,KDVT,108.8,2024-12-21 06:29:54+00,2024-12-21 08:19:37+00,2450
3504,386e3b54,N625FB,N625FB,AS50,2024-12-21 08:05:15+00,2024-12-21 09:09:20+00,KDVT,KGYR,64.08333333333333,2024-12-21 08:03:05+00,2024-12-21 09:14:13+00,1472
3505,386e5971,N625FB,N625FB,AS50,2024-12-21 09:13:18+00,2024-12-21 10:02:39+00,KGEU,KDVT,49.35,2024-12-21 09:14:20+00,2024-12-21 10:03:06+00,855
2793,386fca7b,N624FB,N624FB,AS50,2024-12-21 18:55:09+00,2024-12-21 19:06:38+00,KDVT,KPHX,11.483333333333333,2024-12-21 18:54:25+00,2024-12-21 19:06:18+00,228
2794,386fdb0c,N624FB,N624FB,AS50,2024-12-21 19:18:56+00,2024-12-21 19:43:53+00,KPHX,KDVT,24.95,2024-12-21 19:18:53+00,2024-12-21 19:44:34+00,485
2795,3870650d,N624FB,N624FB,AS50,2024-12-21 22:55:35+00,2024-12-22 00:20:31+00,KDVT,KDVT,84.93333333333334,2024-12-21 22:54:52+00,2024-12-22 00:20:42+00,1950
2796,3870bed1,N624FB,N624FB,AS50,2024-12-22 01:53:43+00,2024-12-22 03:35:49+00,KDVT,KDVT,102.1,2024-12-22 01:52:56+00,2024-12-22 03:36:07+00,2379
695,3870e642,N621FB,N621FB,AS50,2024-12-22 03:29:09+00,2024-12-22 05:05:27+00,KDVT,KDVT,96.3,2024-12-22 03:27:50+00,2024-12-22 05:10:03+00,2380
3506,3871081a,N625FB,N625FB,AS50,2024-12-22 05:01:31+00,2024-12-22 06:41:45+00,KDVT,KDVT,100.23333333333333,2024-12-22 04:57:34+00,2024-12-22 06:42:33+00,2323
696,38710ed8,N621FB,N621FB,AS50,2024-12-22 06:31:18+00,2024-12-22 08:28:50+00,KDVT,KDVT,117.53333333333333,2024-12-22 06:30:06+00,2024-12-22 08:29:05+00,2770
3507,38714fde,N625FB,N625FB,AS50,2024-12-22 08:01:15+00,2024-12-22 09:22:37+00,KDVT,KDVT,81.36666666666666,2024-12-22 08:00:18+00,2024-12-22 09:23:20+00,1888
2748,38720dc1,N624FB,N624FB,AS50,2024-12-22 14:33:14+00,2024-12-22 14:43:41+00,KDVT,KPHX,10.45,2024-12-22 14:32:38+00,2024-12-22 14:43:27+00,216
2071,38722fcf,N623FB,N623FB,AS50,2024-12-22 15:23:36+00,2024-12-22 16:22:26+00,KDVT,KDVT,58.833333333333336,2024-12-22 15:22:59+00,2024-12-22 16:22:39+00,1388
2749,38723866,N624FB,N624FB,AS50,2024-12-22 15:35:49+00,2024-12-22 16:57:35+00,KPHX,KPHX,81.76666666666667,2024-12-22 15:35:23+00,2024-12-22 16:57:33+00,1691
2750,3872b39b,N624FB,N624FB,AS50,2024-12-22 18:31:40+00,2024-12-22 19:11:32+00,KPHX,KPHX,39.86666666666667,2024-12-22 18:31:21+00,2024-12-22 19:11:59+00,0
2751,3872d5aa,N624FB,N624FB,AS50,2024-12-22 19:26:02+00,2024-12-22 19:39:39+00,KPHX,KDVT,13.616666666666667,2024-12-22 19:20:12+00,2024-12-22 19:39:24+00,274
2072,38735b06,N623FB,N623FB,AS50,2024-12-22 22:37:39+00,2024-12-22 23:57:20+00,KDVT,KDVT,79.68333333333334,2024-12-22 22:37:03+00,2024-12-22 23:57:48+00,1786
636,3873c75f,N621FB,N621FB,AS50,2024-12-23 02:06:28+00,2024-12-23 03:37:08+00,KDVT,KDVT,90.66666666666667,2024-12-23 02:04:33+00,2024-12-23 03:37:24+00,1973
2073,3873ed92,N623FB,N623FB,AS50,2024-12-23 03:34:01+00,2024-12-23 05:13:38+00,KDVT,KDVT,99.61666666666666,2024-12-23 03:32:50+00,2024-12-23 05:14:45+00,2555
3432,38740fd7,N625FB,N625FB,AS50,2024-12-23 05:01:55+00,2024-12-23 06:34:56+00,KDVT,KDVT,93.01666666666667,2024-12-23 05:00:05+00,2024-12-23 06:35:20+00,2104
2074,38743546,N623FB,N623FB,AS50,2024-12-23 06:30:59+00,2024-12-23 07:29:37+00,KDVT,KCHD,58.63333333333333,2024-12-23 06:29:34+00,2024-12-23 07:34:36+00,1433
2075,38744faa,N623FB,N623FB,AS50,2024-12-23 07:34:15+00,2024-12-23 08:08:27+00,KCHD,KDVT,34.2,2024-12-23 07:34:38+00,2024-12-23 08:10:31+00,763
3433,38745a65,N625FB,N625FB,AS50,2024-12-23 08:01:23+00,2024-12-23 08:43:50+00,KDVT,KGEU,42.45,2024-12-23 08:00:56+00,2024-12-23 08:48:45+00,992
3434,38746df9,N625FB,N625FB,AS50,2024-12-23 08:47:46+00,2024-12-23 09:54:52+00,KGEU,KDVT,67.1,2024-12-23 08:48:50+00,2024-12-23 09:55:30+00,1402
1403,38756efe,N622FB,N622FB,AS50,2024-12-23 16:11:08+00,2024-12-23 16:52:33+00,KDVT,,41.416666666666664,2024-12-23 16:09:30+00,2024-12-23 16:57:32+00,990
1404,387592c9,N622FB,N622FB,AS50,2024-12-23 16:59:06+00,2024-12-23 17:15:27+00,,KDVT,16.35,2024-12-23 16:57:33+00,2024-12-23 17:17:26+00,239
3435,387642a3,N625FB,N625FB,AS50,2024-12-23 21:01:32+00,2024-12-23 21:34:49+00,KDVT,KDVT,33.28333333333333,2024-12-23 21:00:36+00,2024-12-23 21:34:53+00,773
3436,3876995e,N625FB,N625FB,AS50,2024-12-23 23:17:08+00,2024-12-24 00:49:04+00,KDVT,KDVT,91.93333333333334,2024-12-23 23:15:25+00,2024-12-24 00:49:21+00,2376
3437,3876f91c,N625FB,N625FB,AS50,2024-12-24 02:13:29+00,2024-12-24 03:46:09+00,KDVT,KDVT,92.66666666666667,2024-12-24 02:12:52+00,2024-12-24 03:46:39+00,2165
2752,38771d08,N624FB,N624FB,AS50,2024-12-24 03:32:40+00,2024-12-24 05:08:31+00,KDVT,KDVT,95.85,2024-12-24 03:31:55+00,2024-12-24 05:08:57+00,2232
637,3877417f,N621FB,N621FB,AS50,2024-12-24 05:00:50+00,2024-12-24 06:56:39+00,KDVT,KDVT,115.81666666666666,2024-12-24 04:59:41+00,2024-12-24 06:57:04+00,2714
2753,38776932,N624FB,N624FB,AS50,2024-12-24 06:31:40+00,2024-12-24 08:12:31+00,KDVT,KDVT,100.85,2024-12-24 06:30:40+00,2024-12-24 08:13:07+00,2189
638,38778e5f,N621FB,N621FB,AS50,2024-12-24 08:03:33+00,2024-12-24 09:24:28+00,KDVT,KDVT,80.91666666666667,2024-12-24 08:02:33+00,2024-12-24 09:25:15+00,1733
3438,387857e9,N625FB,N625FB,AS50,2024-12-24 15:11:53+00,2024-12-24 16:11:46+00,KDVT,KDVT,59.88333333333333,2024-12-24 15:11:06+00,2024-12-24 16:11:46+00,1353
3439,3878bf62,N625FB,N625FB,AS50,2024-12-24 18:46:07+00,2024-12-24 19:50:13+00,KDVT,KDVT,64.1,2024-12-24 18:43:55+00,2024-12-24 19:50:24+00,1491
639,38792fb3,N621FB,N621FB,AS50,2024-12-24 23:16:01+00,2024-12-25 00:33:50+00,KDVT,KDVT,77.81666666666666,2024-12-24 23:15:06+00,2024-12-25 00:40:01+00,1817
640,387970ff,N621FB,N621FB,AS50,2024-12-25 02:06:34+00,2024-12-25 03:39:00+00,KDVT,KDVT,92.43333333333334,2024-12-25 02:05:41+00,2024-12-25 03:39:40+00,2329
3440,38798c91,N625FB,N625FB,AS50,2024-12-25 03:30:19+00,2024-12-25 04:54:46+00,KDVT,KDVT,84.45,2024-12-25 03:27:35+00,2024-12-25 04:55:34+00,1827
3441,3879c883,N625FB,N625FB,AS50,2024-12-25 06:26:52+00,2024-12-25 07:22:18+00,KDVT,,55.43333333333333,2024-12-25 06:24:55+00,2024-12-25 07:27:10+00,1126
3442,3879dd72,N625FB,N625FB,AS50,2024-12-25 08:09:54+00,2024-12-25 08:22:24+00,KCHD,KDVT,12.5,2024-12-25 07:27:19+00,2024-12-25 08:21:38+00,1242
3443,387a06fa,N625FB,N625FB,AS50,2024-12-25 09:32:24+00,2024-12-25 10:48:35+00,KDVT,KDVT,76.18333333333334,2024-12-25 09:30:38+00,2024-12-25 10:49:11+00,1701
2754,387ac007,N624FB,N624FB,AS50,2024-12-25 17:25:13+00,2024-12-25 18:04:16+00,KDVT,KDVT,39.05,2024-12-25 17:24:34+00,2024-12-25 18:05:02+00,877
2076,387b3aaf,N623FB,N623FB,AS50,2024-12-25 22:48:04+00,2024-12-26 00:18:35+00,KDVT,KDVT,90.51666666666667,2024-12-25 22:47:23+00,2024-12-26 00:18:43+00,2158
2077,387b865e,N623FB,N623FB,AS50,2024-12-26 01:56:10+00,2024-12-26 03:03:10+00,KDVT,KDVT,67,2024-12-26 01:55:20+00,2024-12-26 03:03:40+00,1508
2078,387bae46,N623FB,N623FB,AS50,2024-12-26 03:49:08+00,2024-12-26 05:11:38+00,KDVT,KDVT,82.5,2024-12-26 03:47:06+00,2024-12-26 05:12:09+00,1884
3444,387bc78e,N625FB,N625FB,AS50,2024-12-26 04:58:47+00,2024-12-26 06:45:14+00,KDVT,KDVT,106.45,2024-12-26 04:56:59+00,2024-12-26 06:45:45+00,2220
2079,387bee94,N623FB,N623FB,AS50,2024-12-26 06:34:53+00,2024-12-26 08:13:35+00,KDVT,KDVT,98.7,2024-12-26 06:34:05+00,2024-12-26 08:13:53+00,2206
3445,387c10a1,N625FB,N625FB,AS50,2024-12-26 08:01:03+00,2024-12-26 08:57:26+00,KDVT,KIWA,56.38333333333333,2024-12-26 08:00:40+00,2024-12-26 09:02:20+00,1202
3446,387c29c9,N625FB,N625FB,AS50,2024-12-26 09:02:10+00,2024-12-26 10:43:14+00,KCHD,KDVT,101.06666666666666,2024-12-26 09:02:26+00,2024-12-26 10:43:49+00,2195
641,387c8fca,N621FB,N621FB,AS50,2024-12-26 12:29:13+00,2024-12-26 13:23:26+00,KDVT,KDVT,54.21666666666667,2024-12-26 12:28:27+00,2024-12-26 13:23:27+00,1151
3447,387d0648,N625FB,N625FB,AS50,2024-12-26 15:31:26+00,2024-12-26 16:06:22+00,KDVT,KDVT,34.93333333333333,2024-12-26 15:31:35+00,2024-12-26 16:06:22+00,718
3448,387d64bc,N625FB,N625FB,AS50,2024-12-26 17:56:26+00,2024-12-26 19:39:43+00,KDVT,KDVT,103.28333333333333,2024-12-26 17:55:30+00,2024-12-26 19:39:43+00,2441
2080,387e21fb,N623FB,N623FB,AS50,2024-12-26 22:58:58+00,2024-12-27 00:26:08+00,KDVT,KDVT,87.16666666666667,2024-12-26 22:57:58+00,2024-12-27 00:26:44+00,1990
2081,387e8491,N623FB,N623FB,AS50,2024-12-27 02:02:03+00,2024-12-27 03:36:02+00,KDVT,KDVT,93.98333333333333,2024-12-27 02:01:06+00,2024-12-27 03:36:18+00,2252
642,387eaee2,N621FB,N621FB,AS50,2024-12-27 03:33:20+00,2024-12-27 05:08:59+00,KDVT,KDVT,95.65,2024-12-27 03:31:57+00,2024-12-27 05:09:23+00,2122
2082,387ed6a7,N623FB,N623FB,AS50,2024-12-27 05:05:48+00,2024-12-27 06:36:19+00,KDVT,KDVT,90.51666666666667,2024-12-27 05:04:45+00,2024-12-27 06:37:04+00,2206
643,387efe63,N621FB,N621FB,AS50,2024-12-27 06:32:42+00,2024-12-27 08:23:47+00,KDVT,KDVT,111.08333333333333,2024-12-27 06:32:08+00,2024-12-27 08:24:23+00,2199
2083,387f2380,N623FB,N623FB,AS50,2024-12-27 08:03:20+00,2024-12-27 09:44:06+00,KDVT,KDVT,100.76666666666667,2024-12-27 07:59:07+00,2024-12-27 09:44:37+00,2103
2755,38802034,N624FB,N624FB,AS50,2024-12-27 15:14:43+00,2024-12-27 16:00:04+00,KDVT,KDVT,45.35,2024-12-27 15:13:57+00,2024-12-27 16:05:02+00,1044
2756,388043f0,N624FB,N624FB,AS50,2024-12-27 16:24:37+00,2024-12-27 16:36:43+00,,KDVT,12.1,2024-12-27 16:05:07+00,2024-12-27 16:36:43+00,549
2757,38809aa1,N624FB,N624FB,AS50,2024-12-27 18:09:07+00,2024-12-27 18:27:57+00,KDVT,KDVT,18.833333333333332,2024-12-27 18:09:01+00,2024-12-27 18:32:52+00,432
2758,3880ab7e,N624FB,N624FB,AS50,2024-12-27 18:33:05+00,2024-12-27 20:05:25+00,,KDVT,92.33333333333333,2024-12-27 18:32:58+00,2024-12-27 20:05:21+00,1991
1405,38814d62,N622FB,N622FB,AS50,2024-12-27 22:38:12+00,2024-12-27 23:16:50+00,KDVT,,38.63333333333333,2024-12-27 22:37:24+00,2024-12-27 23:21:46+00,897
1406,38816840,N622FB,N622FB,AS50,2024-12-27 23:37:33+00,2024-12-27 23:51:17+00,,KDVT,13.733333333333333,2024-12-27 23:21:49+00,2024-12-27 23:51:17+00,624
1407,3881bc94,N622FB,N622FB,AS50,2024-12-28 01:58:04+00,2024-12-28 03:45:00+00,KDVT,KDVT,106.93333333333334,2024-12-28 01:57:30+00,2024-12-28 03:45:09+00,2412
3449,3881e745,N625FB,N625FB,AS50,2024-12-28 03:32:05+00,2024-12-28 05:15:06+00,KDVT,KDVT,103.01666666666667,2024-12-28 03:31:11+00,2024-12-28 05:15:20+00,2460
644,38821828,N621FB,N621FB,AS50,2024-12-28 05:29:00+00,2024-12-28 06:36:20+00,KDVT,KDVT,67.33333333333333,2024-12-28 05:28:29+00,2024-12-28 06:36:28+00,1485
3450,388231ca,N625FB,N625FB,AS50,2024-12-28 06:30:54+00,2024-12-28 08:08:59+00,KDVT,KDVT,98.08333333333333,2024-12-28 06:29:35+00,2024-12-28 08:09:28+00,2061
645,38825705,N621FB,N621FB,AS50,2024-12-28 08:01:57+00,2024-12-28 09:40:09+00,KDVT,KDVT,98.2,2024-12-28 08:01:04+00,2024-12-28 09:40:36+00,2226
2759,38832fed,N624FB,N624FB,AS50,2024-12-28 14:45:30+00,2024-12-28 15:48:52+00,KDVT,KDVT,63.36666666666667,2024-12-28 14:44:54+00,2024-12-28 15:47:17+00,1380
2760,3883784e,N624FB,N624FB,AS50,2024-12-28 16:43:31+00,2024-12-28 17:35:55+00,KDVT,KDVT,52.4,2024-12-28 16:43:28+00,2024-12-28 17:34:20+00,1164
1408,38844245,N622FB,N622FB,AS50,2024-12-28 22:40:12+00,2024-12-29 00:11:46+00,KDVT,KDVT,91.56666666666666,2024-12-28 22:37:42+00,2024-12-29 00:13:11+00,1829
1409,3884a8af,N622FB,N622FB,AS50,2024-12-29 02:02:18+00,2024-12-29 03:32:08+00,KDVT,KDVT,89.83333333333333,2024-12-29 02:00:56+00,2024-12-29 03:32:25+00,1988
3451,3884ce00,N625FB,N625FB,AS50,2024-12-29 03:30:12+00,2024-12-29 05:05:52+00,KDVT,KDVT,95.66666666666667,2024-12-29 03:29:11+00,2024-12-29 05:06:03+00,2183
2084,3884f559,N623FB,N623FB,AS50,2024-12-29 05:02:42+00,2024-12-29 06:43:35+00,KDVT,KDVT,100.88333333333334,2024-12-29 05:01:43+00,2024-12-29 06:44:09+00,2428
3452,38851b84,N625FB,N625FB,AS50,2024-12-29 06:31:40+00,2024-12-29 08:07:32+00,KDVT,KDVT,95.86666666666666,2024-12-29 06:30:43+00,2024-12-29 08:08:01+00,2341
2085,38854057,N623FB,N623FB,AS50,2024-12-29 08:04:18+00,2024-12-29 09:29:32+00,KDVT,KDVT,85.23333333333333,2024-12-29 08:03:10+00,2024-12-29 09:30:02+00,2062
3453,3886139a,N625FB,N625FB,AS50,2024-12-29 15:04:30+00,2024-12-29 16:45:16+00,KDVT,KDVT,100.76666666666667,2024-12-29 15:03:22+00,2024-12-29 16:45:16+00,2356
1410,38869496,N622FB,N622FB,AS50,2024-12-29 18:58:05+00,,KDVT,,,2024-12-29 18:55:00+00,2024-12-29 19:54:06+00,1248
646,38872bb8,N621FB,N621FB,AS50,2024-12-29 23:16:59+00,2024-12-30 00:30:09+00,KDVT,KDVT,73.16666666666667,2024-12-29 23:15:32+00,2024-12-30 00:30:31+00,1692
647,38878129,N621FB,N621FB,AS50,2024-12-30 02:07:12+00,2024-12-30 03:33:48+00,KDVT,KDVT,86.6,2024-12-30 02:05:53+00,2024-12-30 03:34:09+00,1941
2761,38879789,N624FB,N624FB,AS50,2024-12-30 02:57:15+00,2024-12-30 03:15:18+00,KDVT,KDVT,18.05,2024-12-30 02:56:32+00,2024-12-30 03:20:17+00,475
2762,3887a17f,N624FB,N624FB,AS50,2024-12-30 03:19:53+00,2024-12-30 05:03:38+00,KDVT,KDVT,103.75,2024-12-30 03:20:18+00,2024-12-30 05:03:46+00,2307
2086,3887cb07,N623FB,N623FB,AS50,2024-12-30 05:02:08+00,2024-12-30 06:40:27+00,KDVT,KDVT,98.31666666666666,2024-12-30 05:01:10+00,2024-12-30 06:40:55+00,2415
2763,3887f257,N624FB,N624FB,AS50,2024-12-30 06:28:27+00,2024-12-30 07:43:01+00,KDVT,KGYR,74.56666666666666,2024-12-30 06:28:03+00,2024-12-30 07:47:58+00,1566
2764,388813b7,N624FB,N624FB,AS50,2024-12-30 07:47:37+00,2024-12-30 08:15:02+00,KGEU,KDVT,27.416666666666668,2024-12-30 07:48:01+00,2024-12-30 08:15:37+00,542
2087,38881c61,N623FB,N623FB,AS50,2024-12-30 08:09:10+00,2024-12-30 09:36:58+00,KDVT,KDVT,87.8,2024-12-30 08:08:20+00,2024-12-30 09:37:38+00,1848
2088,3888fd55,N623FB,N623FB,AS50,2024-12-30 15:02:35+00,2024-12-30 15:36:07+00,KDVT,,33.53333333333333,2024-12-30 15:02:06+00,2024-12-30 15:41:00+00,889
2089,3889179d,N623FB,N623FB,AS50,2024-12-30 15:39:46+00,2024-12-30 15:56:59+00,,,17.216666666666665,2024-12-30 15:41:07+00,2024-12-30 16:01:55+00,357
2090,388925d6,N623FB,N623FB,AS50,2024-12-30 18:59:10+00,2024-12-30 19:53:54+00,KPHX,KDVT,54.733333333333334,2024-12-30 16:01:59+00,2024-12-30 19:53:54+00,1716
648,388a2675,N621FB,N621FB,AS50,2024-12-30 22:08:17+00,2024-12-31 00:05:46+00,KDVT,KDVT,117.48333333333333,2024-12-30 22:07:04+00,2024-12-31 00:06:13+00,2897
649,388ab350,N621FB,N621FB,AS50,2024-12-31 02:09:42+00,2024-12-31 03:46:44+00,KDVT,KDVT,97.03333333333333,2024-12-31 02:09:05+00,2024-12-31 03:47:07+00,2392
650,388aff92,N621FB,N621FB,AS50,2024-12-31 05:03:41+00,2024-12-31 06:43:05+00,KDVT,KDVT,99.4,2024-12-31 05:03:02+00,2024-12-31 06:43:48+00,2324
651,388b2bd6,N621FB,N621FB,AS50,2024-12-31 08:03:50+00,2024-12-31 09:52:40+00,KDVT,KDVT,108.83333333333333,2024-12-31 08:03:19+00,2024-12-31 09:53:00+00,2317
2091,388c2a98,N623FB,N623FB,AS50,2024-12-31 15:19:12+00,2024-12-31 16:13:57+00,KDVT,KDVT,54.75,2024-12-31 15:18:16+00,2024-12-31 16:13:57+00,1351
3454,388cc244,N625FB,N625FB,AS50,2024-12-31 19:29:03+00,2024-12-31 20:22:55+00,KDVT,KDVT,53.86666666666667,2024-12-31 19:29:05+00,2024-12-31 20:21:05+00,1205
1411,388d31db,N622FB,N622FB,AS50,2024-12-31 22:51:55+00,2025-01-01 00:28:02+00,KDVT,KDVT,96.11666666666666,2024-12-31 22:50:35+00,2025-01-01 00:28:12+00,2105
1412,388d6b52,N622FB,N622FB,AS50,2025-01-01 00:49:12+00,2025-01-01 02:11:51+00,KDVT,KDVT,82.65,2025-01-01 00:48:51+00,2025-01-01 02:11:53+00,1742
652,388da97a,N621FB,N621FB,AS50,2025-01-01 03:34:54+00,2025-01-01 05:12:17+00,KDVT,KDVT,97.38333333333334,2025-01-01 03:33:53+00,2025-01-01 05:12:38+00,2110
1413,388dc64c,N622FB,N622FB,AS50,2025-01-01 05:01:43+00,2025-01-01 06:39:40+00,KDVT,KDVT,97.95,2025-01-01 04:58:35+00,2025-01-01 06:40:25+00,2246
653,388dfb2d,N621FB,N621FB,AS50,2025-01-01 07:25:24+00,2025-01-01 09:00:37+00,KDVT,KDVT,95.21666666666667,2025-01-01 07:25:08+00,2025-01-01 09:05:30+00,1926
1414,388e193f,N622FB,N622FB,AS50,2025-01-01 08:51:40+00,2025-01-01 10:24:36+00,KDVT,KDVT,92.93333333333334,2025-01-01 08:49:45+00,2025-01-01 10:25:26+00,2124
1415,388e6d17,N622FB,N622FB,AS50,2025-01-01 12:19:33+00,2025-01-01 12:47:36+00,KDVT,KDVT,28.05,2025-01-01 12:15:23+00,2025-01-01 12:52:34+00,813
1416,388e7d80,N622FB,N622FB,AS50,2025-01-01 12:51:23+00,2025-01-01 13:06:28+00,KDVT,KDVT,15.083333333333334,2025-01-01 12:52:36+00,2025-01-01 13:11:34+00,303
3455,388ed4c1,N625FB,N625FB,AS50,2025-01-01 15:44:25+00,2025-01-01 16:49:46+00,KDVT,KDVT,65.35,2025-01-01 15:43:36+00,2025-01-01 16:49:49+00,1380
3456,388efa1b,N625FB,N625FB,AS50,2025-01-01 19:04:40+00,2025-01-01 20:04:12+00,KDVT,KDVT,59.53333333333333,2025-01-01 19:02:36+00,2025-01-01 20:04:19+00,1255
1418,388fc555,N622FB,N622FB,AS50,2025-01-01 23:07:19+00,2025-01-02 00:40:25+00,KDVT,KDVT,93.1,2025-01-01 23:06:35+00,2025-01-02 00:40:40+00,2096
1419,389018dc,N622FB,N622FB,AS50,2025-01-02 02:00:54+00,2025-01-02 03:34:48+00,KDVT,KDVT,93.9,2025-01-02 02:00:09+00,2025-01-02 03:35:13+00,2026
2092,38903e1c,N623FB,N623FB,AS50,2025-01-02 03:32:22+00,2025-01-02 05:11:03+00,KDVT,KDVT,98.68333333333334,2025-01-02 03:31:31+00,2025-01-02 05:11:22+00,2009
654,38906257,N621FB,N621FB,AS50,2025-01-02 05:03:59+00,2025-01-02 05:58:33+00,KDVT,KCHD,54.56666666666667,2025-01-02 05:01:35+00,2025-01-02 06:03:31+00,1204
655,38907d4b,N621FB,N621FB,AS50,2025-01-02 06:02:18+00,2025-01-02 06:42:57+00,,KDVT,40.65,2025-01-02 06:03:32+00,2025-01-02 06:43:19+00,638
2093,389089c8,N623FB,N623FB,AS50,2025-01-02 06:31:22+00,2025-01-02 08:45:22+00,KDVT,KDVT,134,2025-01-02 06:31:04+00,2025-01-02 08:46:52+00,2905
656,3890b176,N621FB,N621FB,AS50,2025-01-02 08:03:46+00,2025-01-02 10:08:47+00,KDVT,KDVT,125.01666666666667,2025-01-02 08:03:11+00,2025-01-02 10:09:12+00,2946
3457,3891c707,N625FB,N625FB,AS50,2025-01-02 15:39:21+00,2025-01-02 16:36:49+00,KDVT,KDVT,57.46666666666667,2025-01-02 15:38:02+00,2025-01-02 16:37:20+00,1260
3458,38924474,N625FB,N625FB,AS50,2025-01-02 18:26:16+00,2025-01-02 19:08:11+00,KDVT,KDVT,41.916666666666664,2025-01-02 18:23:10+00,2025-01-02 19:08:45+00,1029
3459,38927b40,N625FB,N625FB,AS50,2025-01-02 19:35:53+00,2025-01-02 20:15:39+00,KDVT,KDVT,39.766666666666666,2025-01-02 19:35:03+00,2025-01-02 20:16:03+00,1060
1420,38931358,N622FB,N622FB,AS50,2025-01-02 23:07:32+00,2025-01-03 00:40:28+00,KDVT,KDVT,92.93333333333334,2025-01-02 23:06:06+00,2025-01-03 00:40:45+00,2198
1421,38937a19,N622FB,N622FB,AS50,2025-01-03 02:01:26+00,2025-01-03 03:50:38+00,KDVT,KDVT,109.2,2025-01-03 02:00:50+00,2025-01-03 03:50:52+00,2335
657,3893a586,N621FB,N621FB,AS50,2025-01-03 03:31:22+00,2025-01-03 05:11:59+00,KDVT,KDVT,100.61666666666666,2025-01-03 03:30:20+00,2025-01-03 05:12:25+00,2298
1422,3893ce54,N622FB,N622FB,AS50,2025-01-03 05:04:56+00,2025-01-03 06:35:25+00,KDVT,KDVT,90.48333333333333,2025-01-03 05:03:42+00,2025-01-03 06:35:40+00,2016
658,3893f5a3,N621FB,N621FB,AS50,2025-01-03 06:31:04+00,2025-01-03 08:18:34+00,KDVT,KDVT,107.5,2025-01-03 06:29:53+00,2025-01-03 08:18:49+00,2378
1423,38941c43,N622FB,N622FB,AS50,2025-01-03 08:03:04+00,2025-01-03 09:42:48+00,KDVT,,99.73333333333333,2025-01-03 08:01:36+00,2025-01-03 09:47:44+00,2237
1424,38944ef4,N622FB,N622FB,AS50,2025-01-03 15:36:45+00,2025-01-03 16:00:00+00,,KDVT,23.25,2025-01-03 09:47:48+00,2025-01-03 15:59:55+00,1639
1425,38958b65,N622FB,N622FB,AS50,2025-01-03 17:18:38+00,2025-01-03 17:30:10+00,KDVT,KPHX,11.533333333333333,2025-01-03 17:18:35+00,2025-01-03 17:29:49+00,186
1426,3895d618,N622FB,N622FB,AS50,2025-01-03 18:56:04+00,2025-01-03 19:50:13+00,,KDVT,54.15,2025-01-03 18:56:59+00,2025-01-03 19:50:13+00,1159
2094,389680fb,N623FB,N623FB,AS50,2025-01-03 23:01:24+00,2025-01-04 00:56:37+00,KDVT,KDVT,115.21666666666667,2025-01-03 23:01:04+00,2025-01-04 00:56:37+00,2620
2095,3896e80c,N623FB,N623FB,AS50,2025-01-04 02:03:20+00,2025-01-04 03:38:57+00,KDVT,KDVT,95.61666666666666,2025-01-04 02:02:59+00,2025-01-04 03:39:01+00,2160
3460,38971118,N625FB,N625FB,AS50,2025-01-04 03:31:35+00,2025-01-04 05:17:00+00,KDVT,KDVT,105.41666666666667,2025-01-04 03:30:33+00,2025-01-04 05:17:19+00,2359
659,38973805,N621FB,N621FB,AS50,2025-01-04 05:04:33+00,2025-01-04 06:34:28+00,KDVT,KDVT,89.91666666666667,2025-01-04 05:03:38+00,2025-01-04 06:34:45+00,2207
3461,38975d37,N625FB,N625FB,AS50,2025-01-04 06:29:46+00,2025-01-04 07:40:03+00,KDVT,KCHD,70.28333333333333,2025-01-04 06:28:50+00,2025-01-04 07:45:01+00,1552
3462,38977c5d,N625FB,N625FB,AS50,2025-01-04 07:44:48+00,2025-01-04 08:10:46+00,KCHD,KDVT,25.966666666666665,2025-01-04 07:45:03+00,2025-01-04 08:10:59+00,518
660,38978231,N621FB,N621FB,AS50,2025-01-04 08:00:06+00,2025-01-04 08:34:38+00,KDVT,KCHD,34.53333333333333,2025-01-04 07:58:29+00,2025-01-04 08:39:36+00,781
661,389793fc,N621FB,N621FB,AS50,2025-01-04 08:38:25+00,2025-01-04 10:29:03+00,,KDVT,110.63333333333334,2025-01-04 08:39:38+00,2025-01-04 10:29:33+00,2605
2096,3899d1d0,N623FB,N623FB,AS50,2025-01-04 23:35:48+00,2025-01-04 23:57:07+00,KDVT,KDVT,21.316666666666666,2025-01-04 23:35:30+00,2025-01-04 23:57:26+00,545
2097,389a1d0a,N623FB,N623FB,AS50,2025-01-05 02:04:30+00,2025-01-05 02:26:04+00,KDVT,KDVT,21.566666666666666,2025-01-05 02:03:44+00,2025-01-05 02:31:02+00,534
2098,389a29dd,N623FB,N623FB,AS50,2025-01-05 02:29:37+00,2025-01-05 03:40:49+00,KDVT,KDVT,71.2,2025-01-05 02:31:04+00,2025-01-05 03:41:04+00,1529
662,389a43a9,N621FB,N621FB,AS50,2025-01-05 03:31:48+00,2025-01-05 05:08:22+00,KDVT,KDVT,96.56666666666666,2025-01-05 03:31:05+00,2025-01-05 05:08:53+00,2001
2099,389a695d,N623FB,N623FB,AS50,2025-01-05 05:03:06+00,2025-01-05 06:34:16+00,KDVT,KDVT,91.16666666666667,2025-01-05 05:02:18+00,2025-01-05 06:34:49+00,1998
663,389a8e86,N621FB,N621FB,AS50,2025-01-05 06:30:15+00,2025-01-05 08:19:42+00,KDVT,KDVT,109.45,2025-01-05 06:29:10+00,2025-01-05 08:20:08+00,2578
2100,389ab328,N623FB,N623FB,AS50,2025-01-05 08:05:04+00,2025-01-05 10:19:44+00,KDVT,KDVT,134.66666666666666,2025-01-05 08:01:29+00,2025-01-05 10:20:24+00,3325
3405,389b9a23,N625FB,N625FB,AS50,2025-01-05 15:24:51+00,2025-01-05 16:37:19+00,KDVT,,72.46666666666667,2025-01-05 15:22:34+00,2025-01-05 16:42:17+00,1457
3407,389c23ec,N625FB,N625FB,AS50,2025-01-05 18:53:30+00,2025-01-05 19:47:58+00,KDVT,KDVT,54.46666666666667,2025-01-05 18:52:06+00,2025-01-05 19:48:02+00,1320
594,389cc99b,N621FB,N621FB,AS50,2025-01-05 23:02:23+00,2025-01-05 23:51:48+00,KDVT,,49.416666666666664,2025-01-05 23:02:03+00,2025-01-05 23:56:46+00,1222
595,389ce853,N621FB,N621FB,AS50,2025-01-05 23:58:30+00,2025-01-06 00:51:34+00,KPHX,KDVT,53.06666666666667,2025-01-05 23:56:48+00,2025-01-06 00:51:50+00,1000
596,389d287c,N621FB,N621FB,AS50,2025-01-06 02:08:38+00,2025-01-06 03:42:46+00,KDVT,KDVT,94.13333333333334,2025-01-06 02:08:20+00,2025-01-06 03:45:27+00,2183
1366,389d4f15,N622FB,N622FB,AS50,2025-01-06 03:32:32+00,2025-01-06 05:12:53+00,KDVT,KDVT,100.35,2025-01-06 03:31:35+00,2025-01-06 05:13:29+00,2172
2035,389d7344,N623FB,N623FB,AS50,2025-01-06 05:00:31+00,2025-01-06 06:40:14+00,KDVT,KDVT,99.71666666666667,2025-01-06 04:59:19+00,2025-01-06 06:41:00+00,2329
1367,389d9cff,N622FB,N622FB,AS50,2025-01-06 06:31:46+00,2025-01-06 08:18:37+00,KDVT,KDVT,106.85,2025-01-06 06:30:44+00,2025-01-06 08:19:11+00,2530
2036,389dc4a6,N623FB,N623FB,AS50,2025-01-06 08:02:46+00,2025-01-06 09:49:52+00,KDVT,KDVT,107.1,2025-01-06 08:02:20+00,2025-01-06 09:50:25+00,2664
2037,389dff89,N623FB,N623FB,AS50,2025-01-06 10:15:48+00,2025-01-06 10:33:10+00,KDVT,KCHD,17.366666666666667,2025-01-06 10:15:29+00,2025-01-06 10:38:09+00,345
2038,389e09dc,N623FB,N623FB,AS50,2025-01-06 10:37:18+00,2025-01-06 10:52:50+00,KCHD,KDVT,15.533333333333333,2025-01-06 10:38:10+00,2025-01-06 10:53:30+00,222
597,389eb937,N621FB,N621FB,AS50,2025-01-06 15:37:31+00,2025-01-06 16:34:10+00,KDVT,KDVT,56.65,2025-01-06 15:35:47+00,2025-01-06 16:34:25+00,1198
598,389f39b8,N621FB,N621FB,AS50,2025-01-06 19:04:12+00,2025-01-06 20:04:06+00,KDVT,KDVT,59.9,2025-01-06 19:03:38+00,2025-01-06 20:04:23+00,1306
3408,389fd108,N625FB,N625FB,AS50,2025-01-06 23:02:56+00,2025-01-07 00:53:49+00,KDVT,KDVT,110.88333333333334,2025-01-06 23:02:49+00,2025-01-07 00:54:06+00,2485
3409,38a03428,N625FB,N625FB,AS50,2025-01-07 02:04:16+00,2025-01-07 03:43:43+00,KDVT,KDVT,99.45,2025-01-07 02:04:05+00,2025-01-07 03:44:42+00,2152
2039,38a05aed,N623FB,N623FB,AS50,2025-01-07 03:29:26+00,2025-01-07 05:11:25+00,KDVT,KDVT,101.98333333333333,2025-01-07 03:28:46+00,2025-01-07 05:11:34+00,2451
1368,38a08435,N622FB,N622FB,AS50,2025-01-07 05:03:33+00,2025-01-07 06:48:29+00,KDVT,KDVT,104.93333333333334,2025-01-07 05:02:36+00,2025-01-07 06:49:07+00,2645
2040,38a0aa4e,N623FB,N623FB,AS50,2025-01-07 06:26:29+00,2025-01-07 08:13:49+00,KDVT,KDVT,107.33333333333333,2025-01-07 06:25:55+00,2025-01-07 08:14:09+00,2804
1369,38a0d3a9,N622FB,N622FB,AS50,2025-01-07 08:02:07+00,2025-01-07 11:22:05+00,KDVT,KDVT,199.96666666666667,2025-01-07 08:01:07+00,2025-01-07 11:22:42+00,5014
3410,38a1f537,N625FB,N625FB,AS50,2025-01-07 16:16:42+00,2025-01-07 17:14:19+00,KDVT,KDVT,57.61666666666667,2025-01-07 16:16:28+00,2025-01-07 17:14:17+00,1296
3411,38a26543,N625FB,N625FB,AS50,2025-01-07 19:02:31+00,2025-01-07 20:03:45+00,KDVT,KDVT,61.233333333333334,2025-01-07 19:01:41+00,2025-01-07 20:04:11+00,1374
599,38a3019f,N621FB,N621FB,AS50,2025-01-07 22:51:44+00,2025-01-08 00:23:38+00,KDVT,KDVT,91.9,2025-01-07 22:51:46+00,2025-01-08 00:24:09+00,2011
600,38a36edc,N621FB,N621FB,AS50,2025-01-08 02:00:15+00,2025-01-08 03:38:27+00,KDVT,KDVT,98.2,2025-01-08 02:00:35+00,2025-01-08 03:39:19+00,2293
2041,38a399ac,N623FB,N623FB,AS50,2025-01-08 03:32:26+00,2025-01-08 05:06:58+00,KDVT,KDVT,94.53333333333333,2025-01-08 03:31:58+00,2025-01-08 05:07:13+00,2197
601,38a3bd76,N621FB,N621FB,AS50,2025-01-08 05:01:03+00,2025-01-08 06:33:50+00,KDVT,KDVT,92.78333333333333,2025-01-08 05:00:31+00,2025-01-08 06:34:27+00,2065
2042,38a3e512,N623FB,N623FB,AS50,2025-01-08 06:28:36+00,2025-01-08 08:11:43+00,KDVT,KDVT,103.11666666666666,2025-01-08 06:28:26+00,2025-01-08 08:11:55+00,2290
602,38a40c07,N621FB,N621FB,AS50,2025-01-08 07:58:47+00,2025-01-08 09:55:59+00,KDVT,KDVT,117.2,2025-01-08 07:58:43+00,2025-01-08 09:56:51+00,2448
603,38a46645,N621FB,N621FB,AS50,2025-01-08 11:03:58+00,2025-01-08 11:17:42+00,KDVT,KDVT,13.733333333333333,2025-01-08 11:03:46+00,2025-01-08 11:16:45+00,258
1370,38a50908,N622FB,N622FB,AS50,2025-01-08 15:12:23+00,2025-01-08 16:01:55+00,KDVT,KDVT,49.53333333333333,2025-01-08 15:11:10+00,2025-01-08 16:02:09+00,1169
1371,38a569db,N622FB,N622FB,AS50,2025-01-08 17:25:54+00,2025-01-08 18:24:19+00,KDVT,KDVT,58.416666666666664,2025-01-08 17:25:13+00,2025-01-08 18:24:19+00,1341
604,38a65e3a,N621FB,N621FB,AS50,2025-01-08 23:01:37+00,2025-01-09 00:33:48+00,KDVT,KDVT,92.18333333333334,2025-01-08 23:01:27+00,2025-01-09 00:33:59+00,2221
3412,38a6984b,N625FB,N625FB,AS50,2025-01-09 00:30:46+00,2025-01-09 01:08:25+00,KDVT,KDVT,37.65,2025-01-09 00:28:32+00,2025-01-09 01:09:22+00,963
605,38a6bcce,N621FB,N621FB,AS50,2025-01-09 01:33:35+00,2025-01-09 01:56:58+00,KDVT,KDVT,23.383333333333333,2025-01-09 01:32:14+00,2025-01-09 01:57:21+00,598
606,38a6d2bd,N621FB,N621FB,AS50,2025-01-09 02:13:31+00,2025-01-09 03:37:08+00,KDVT,KDVT,83.61666666666666,2025-01-09 02:12:53+00,2025-01-09 03:38:00+00,1787
2043,38a6a628,N623FB,N623FB,AS50,2025-01-09 03:31:09+00,2025-01-09 05:14:37+00,KDVT,KDVT,103.46666666666667,2025-01-09 03:29:55+00,2025-01-09 05:15:01+00,2394
607,38a71f35,N621FB,N621FB,AS50,2025-01-09 05:01:23+00,2025-01-09 06:41:35+00,KDVT,KDVT,100.2,2025-01-09 05:00:41+00,2025-01-09 06:41:59+00,2406
2044,38a74857,N623FB,N623FB,AS50,2025-01-09 06:30:48+00,2025-01-09 07:29:57+00,KDVT,KGEU,59.15,2025-01-09 06:30:09+00,2025-01-09 07:34:57+00,1016
2045,38a7641f,N623FB,N623FB,AS50,2025-01-09 07:34:32+00,2025-01-09 08:09:29+00,KGEU,KDVT,34.95,2025-01-09 07:34:58+00,2025-01-09 08:09:52+00,674
608,38a7709e,N621FB,N621FB,AS50,2025-01-09 08:03:12+00,2025-01-09 09:36:56+00,KDVT,KDVT,93.73333333333333,2025-01-09 08:02:44+00,2025-01-09 09:36:56+00,2298
609,38a79e86,N621FB,N621FB,AS50,2025-01-09 10:23:11+00,2025-01-09 11:14:13+00,KDVT,KDVT,51.03333333333333,2025-01-09 10:23:07+00,2025-01-09 11:14:33+00,1137
1372,38a867d2,N622FB,N622FB,AS50,2025-01-09 15:09:38+00,2025-01-09 16:11:07+00,KDVT,KDVT,61.483333333333334,2025-01-09 15:08:57+00,2025-01-09 16:11:13+00,1452
1373,38a8e61d,N622FB,N622FB,AS50,2025-01-09 18:08:47+00,2025-01-09 18:35:33+00,KDVT,,26.766666666666666,2025-01-09 18:07:57+00,2025-01-09 18:40:31+00,745
1374,38a8fc0d,N622FB,N622FB,AS50,2025-01-09 18:50:59+00,2025-01-09 19:41:53+00,,KDVT,50.9,2025-01-09 18:40:33+00,2025-01-09 19:41:53+00,1438
610,38a999d2,N621FB,N621FB,AS50,2025-01-09 22:29:43+00,2025-01-09 23:54:37+00,KDVT,KDVT,84.9,2025-01-09 22:29:21+00,2025-01-09 23:55:00+00,2080
611,38aa1e9c,N621FB,N621FB,AS50,2025-01-10 02:14:18+00,2025-01-10 03:38:04+00,KDVT,KDVT,83.76666666666667,2025-01-10 02:14:14+00,2025-01-10 03:38:40+00,2094
2046,38aa41f6,N623FB,N623FB,AS50,2025-01-10 03:31:19+00,2025-01-10 05:10:11+00,KDVT,KDVT,98.86666666666666,2025-01-10 03:30:05+00,2025-01-10 05:10:25+00,2351
612,38aa6aa8,N621FB,N621FB,AS50,2025-01-10 05:05:32+00,2025-01-10 06:16:06+00,KDVT,KGEU,70.56666666666666,2025-01-10 05:04:58+00,2025-01-10 06:21:05+00,1623
613,38aa8e7d,N621FB,N621FB,AS50,2025-01-10 06:20:08+00,2025-01-10 06:48:27+00,,KDVT,28.316666666666666,2025-01-10 06:21:07+00,2025-01-10 06:48:57+00,618
2047,38aa925a,N623FB,N623FB,AS50,2025-01-10 06:30:32+00,2025-01-10 08:10:20+00,KDVT,KDVT,99.8,2025-01-10 06:29:35+00,2025-01-10 08:10:39+00,2255
614,38aaba55,N621FB,N621FB,AS50,2025-01-10 08:02:38+00,2025-01-10 09:37:47+00,KDVT,KDVT,95.15,2025-01-10 08:00:37+00,2025-01-10 09:38:20+00,2111
615,38acb0a7,N621FB,N621FB,AS50,2025-01-10 21:09:32+00,2025-01-10 22:29:30+00,KDVT,KDVT,79.96666666666667,2025-01-10 21:08:02+00,2025-01-10 22:34:24+00,1629
616,38ace61b,N621FB,N621FB,AS50,2025-01-10 22:34:14+00,2025-01-10 23:16:42+00,KDVT,KDVT,42.46666666666667,2025-01-10 22:34:30+00,2025-01-10 23:16:54+00,1080
617,38ad5874,N621FB,N621FB,AS50,2025-01-11 02:04:31+00,2025-01-11 03:40:20+00,KDVT,KDVT,95.81666666666666,2025-01-11 02:02:12+00,2025-01-11 03:40:30+00,2231
1375,38ad7fe9,N622FB,N622FB,AS50,2025-01-11 03:32:59+00,2025-01-11 05:08:40+00,KDVT,KDVT,95.68333333333334,2025-01-11 03:31:31+00,2025-01-11 05:09:01+00,2222
618,38ada491,N621FB,N621FB,AS50,2025-01-11 05:05:46+00,2025-01-11 06:38:19+00,KDVT,KDVT,92.55,2025-01-11 05:04:17+00,2025-01-11 06:38:43+00,2252
1376,38adca30,N622FB,N622FB,AS50,2025-01-11 06:35:10+00,2025-01-11 08:26:02+00,KDVT,KDVT,110.86666666666666,2025-01-11 06:33:20+00,2025-01-11 08:29:51+00,2536
619,38aded94,N621FB,N621FB,AS50,2025-01-11 08:03:28+00,2025-01-11 09:38:39+00,KDVT,KDVT,95.18333333333334,2025-01-11 08:01:51+00,2025-01-11 09:39:08+00,2231
3413,38aed611,N625FB,N625FB,AS50,2025-01-11 15:27:13+00,2025-01-11 16:34:13+00,KDVT,KDVT,67,2025-01-11 15:26:19+00,2025-01-11 16:34:10+00,1581
3414,38af1a15,N625FB,N625FB,AS50,2025-01-11 17:18:02+00,2025-01-11 18:15:10+00,KDVT,KDVT,57.13333333333333,2025-01-11 17:17:35+00,2025-01-11 18:13:29+00,1227
1377,38afca48,N622FB,N622FB,AS50,2025-01-11 22:09:36+00,2025-01-11 23:54:00+00,KDVT,KDVT,104.4,2025-01-11 22:09:01+00,2025-01-11 23:55:25+00,2508
1378,38b04158,N622FB,N622FB,AS50,2025-01-12 02:03:02+00,2025-01-12 02:18:42+00,KDVT,KDVT,15.666666666666666,2025-01-12 02:01:56+00,2025-01-12 02:24:19+00,409
1379,38b04acb,N622FB,N622FB,AS50,2025-01-12 02:24:09+00,2025-01-12 02:52:44+00,KDVT,,28.583333333333332,2025-01-12 02:24:24+00,2025-01-12 02:57:43+00,661
1380,38b05893,N622FB,N622FB,AS50,2025-01-12 02:57:13+00,2025-01-12 03:34:17+00,KPHX,KDVT,37.06666666666667,2025-01-12 02:57:44+00,2025-01-12 03:34:32+00,659
2048,38b065bc,N623FB,N623FB,AS50,2025-01-12 03:30:57+00,2025-01-12 05:13:57+00,KDVT,KDVT,103,2025-01-12 03:30:14+00,2025-01-12 05:14:23+00,2572
620,38b0885a,N621FB,N621FB,AS50,2025-01-12 05:04:00+00,2025-01-12 05:19:36+00,KDVT,KGEU,15.6,2025-01-12 05:03:16+00,2025-01-12 05:24:35+00,399
621,38b09112,N621FB,N621FB,AS50,2025-01-12 05:24:06+00,2025-01-12 06:34:59+00,KGEU,KDVT,70.88333333333334,2025-01-12 05:24:36+00,2025-01-12 06:35:13+00,1526
2049,38b0abaf,N623FB,N623FB,AS50,2025-01-12 06:31:02+00,2025-01-12 08:08:30+00,KDVT,KDVT,97.46666666666667,2025-01-12 06:30:12+00,2025-01-12 08:09:10+00,2200
3415,38b0d035,N625FB,N625FB,AS50,2025-01-12 08:05:25+00,2025-01-12 10:03:02+00,KDVT,KDVT,117.61666666666666,2025-01-12 08:05:01+00,2025-01-12 10:03:37+00,2563
3416,38b1e2c7,N625FB,N625FB,AS50,2025-01-12 15:53:16+00,2025-01-12 16:25:54+00,KDVT,,32.63333333333333,2025-01-12 15:51:05+00,2025-01-12 16:30:53+00,811
3417,38b20056,N625FB,N625FB,AS50,2025-01-12 16:29:37+00,2025-01-12 16:51:11+00,,KDVT,21.566666666666666,2025-01-12 16:30:55+00,2025-01-12 16:51:28+00,357
3418,38b23d08,N625FB,N625FB,AS50,2025-01-12 17:55:44+00,2025-01-12 19:33:09+00,KDVT,KDVT,97.41666666666667,2025-01-12 17:55:13+00,2025-01-12 19:34:00+00,2518
2050,38b315f7,N623FB,N623FB,AS50,2025-01-12 23:03:36+00,2025-01-13 00:52:34+00,KDVT,KDVT,108.96666666666667,2025-01-12 23:02:37+00,2025-01-13 00:52:32+00,2377
2051,38b374aa,N623FB,N623FB,AS50,2025-01-13 01:52:53+00,2025-01-13 02:21:26+00,KDVT,,28.55,2025-01-13 01:52:33+00,2025-01-13 02:26:25+00,710
1381,38b3c655,N622FB,N622FB,AS50,2025-01-13 05:01:28+00,2025-01-13 06:52:07+00,KDVT,KDVT,110.65,2025-01-13 04:59:29+00,2025-01-13 06:52:55+00,2451
1382,38b416b1,N622FB,N622FB,AS50,2025-01-13 08:01:07+00,2025-01-13 09:31:17+00,KDVT,KCHD,90.16666666666667,2025-01-13 08:00:38+00,2025-01-13 09:36:16+00,2017
1383,38b443bf,N622FB,N622FB,AS50,2025-01-13 09:35:46+00,2025-01-13 09:49:05+00,KCHD,KDVT,13.316666666666666,2025-01-13 09:36:18+00,2025-01-13 09:48:57+00,218
1384,38b44e4c,N622FB,N622FB,AS50,2025-01-13 12:19:47+00,2025-01-13 12:44:46+00,KDVT,KBXK,24.983333333333334,2025-01-13 09:57:07+00,2025-01-13 12:49:53+00,493
1385,38b4b3ee,N622FB,N622FB,AS50,2025-01-13 12:50:04+00,2025-01-13 13:21:57+00,KBXK,KDVT,31.883333333333333,2025-01-13 12:50:04+00,2025-01-13 13:22:33+00,442
622,38b54ee8,N621FB,N621FB,AS50,2025-01-13 16:05:53+00,2025-01-13 17:07:06+00,KDVT,KDVT,61.21666666666667,2025-01-13 16:05:22+00,2025-01-13 17:06:53+00,1261
623,38b5d331,N621FB,N621FB,AS50,2025-01-13 18:57:15+00,2025-01-13 20:07:53+00,KDVT,KDVT,70.63333333333334,2025-01-13 18:56:59+00,2025-01-13 20:06:00+00,1516
1386,38b68ee9,N622FB,N622FB,AS50,2025-01-13 23:16:17+00,2025-01-14 00:44:53+00,KDVT,KDVT,88.6,2025-01-13 23:15:32+00,2025-01-14 00:44:53+00,1806
1387,38b6f514,N622FB,N622FB,AS50,2025-01-14 02:02:05+00,2025-01-14 03:49:55+00,KDVT,KDVT,107.83333333333333,2025-01-14 02:00:59+00,2025-01-14 03:52:10+00,2260
624,38b72234,N621FB,N621FB,AS50,2025-01-14 03:32:38+00,2025-01-14 05:09:32+00,KDVT,KDVT,96.9,2025-01-14 03:32:27+00,2025-01-14 05:10:02+00,2330
2053,38b74a61,N623FB,N623FB,AS50,2025-01-14 05:03:20+00,2025-01-14 05:31:49+00,KDVT,KPHX,28.483333333333334,2025-01-14 05:02:56+00,2025-01-14 05:31:43+00,624
2054,38b75c08,N623FB,N623FB,AS50,2025-01-14 05:41:10+00,2025-01-14 07:00:44+00,KPHX,KDVT,79.56666666666666,2025-01-14 05:40:57+00,2025-01-14 07:01:23+00,1837
625,38b77411,N621FB,N621FB,AS50,2025-01-14 06:33:27+00,2025-01-14 08:23:44+00,KDVT,KDVT,110.28333333333333,2025-01-14 06:32:55+00,2025-01-14 08:24:29+00,2617
2055,38b79c24,N623FB,N623FB,AS50,2025-01-14 08:03:29+00,2025-01-14 08:52:24+00,KDVT,,48.916666666666664,2025-01-14 08:02:57+00,2025-01-14 08:57:24+00,945
626,38b82252,N621FB,N621FB,AS50,2025-01-14 12:16:32+00,2025-01-14 12:23:06+00,KDVT,KDVT,6.566666666666666,2025-01-14 12:14:30+00,2025-01-14 12:23:03+00,93
1388,38b83bec,N622FB,N622FB,AS50,2025-01-14 12:55:09+00,2025-01-14 14:29:08+00,KDVT,KDVT,93.98333333333333,2025-01-14 12:54:32+00,2025-01-14 14:29:28+00,1558
627,38b8c63e,N621FB,N621FB,AS50,2025-01-14 15:50:18+00,2025-01-14 16:16:46+00,KDVT,KDVT,26.466666666666665,2025-01-14 15:49:35+00,2025-01-14 16:16:46+00,644
3419,38b8cba9,N625FB,N625FB,AS50,2025-01-14 15:57:05+00,2025-01-14 16:55:20+00,KDVT,KDVT,58.25,2025-01-14 15:56:13+00,2025-01-14 16:55:31+00,1278
3420,38b955c0,N625FB,N625FB,AS50,2025-01-14 18:56:52+00,2025-01-14 20:26:51+00,KDVT,KDVT,89.98333333333333,2025-01-14 18:55:51+00,2025-01-14 20:27:09+00,1887
1389,38bab7e5,N622FB,N622FB,AS50,2025-01-15 04:05:56+00,2025-01-15 05:20:22+00,KDVT,KDVT,74.43333333333334,2025-01-15 04:04:35+00,2025-01-15 05:20:48+00,1473
2057,38bacf55,N623FB,N623FB,AS50,2025-01-15 05:01:12+00,2025-01-15 06:48:43+00,KDVT,KPHX,107.51666666666667,2025-01-15 04:59:41+00,2025-01-15 06:49:13+00,2321
1390,38baf90f,N622FB,N622FB,AS50,2025-01-15 06:33:06+00,2025-01-15 08:15:39+00,KDVT,KDVT,102.55,2025-01-15 06:32:41+00,2025-01-15 08:15:51+00,2222
2058,38bb1ee0,N623FB,N623FB,AS50,2025-01-15 08:01:28+00,2025-01-15 09:53:03+00,KPHX,KDVT,111.58333333333333,2025-01-15 08:01:16+00,2025-01-15 09:53:18+00,2687
2059,38bb9b32,N623FB,N623FB,AS50,2025-01-15 12:12:06+00,2025-01-15 13:09:34+00,KDVT,,57.46666666666667,2025-01-15 12:11:38+00,2025-01-15 13:15:08+00,1156
2060,38bbc4dd,N623FB,N623FB,AS50,2025-01-15 13:14:23+00,2025-01-15 13:29:31+00,,KDVT,15.133333333333333,2025-01-15 13:15:11+00,2025-01-15 13:29:41+00,229
3421,38bc171b,N625FB,N625FB,AS50,2025-01-15 14:59:16+00,2025-01-15 15:56:04+00,KDVT,KDVT,56.8,2025-01-15 14:58:08+00,2025-01-15 15:56:15+00,1287
3422,38bcbdfb,N625FB,N625FB,AS50,2025-01-15 18:26:02+00,2025-01-15 19:29:58+00,KDVT,KDVT,63.93333333333333,2025-01-15 18:24:59+00,2025-01-15 19:30:05+00,1520
1391,38bd584b,N622FB,N622FB,AS50,2025-01-15 21:35:54+00,2025-01-15 21:59:12+00,KDVT,KDVT,23.3,2025-01-15 21:35:54+00,2025-01-15 21:59:16+00,621
1392,38bd9ece,N622FB,N622FB,AS50,2025-01-15 23:07:12+00,2025-01-16 00:31:33+00,KDVT,KDVT,84.35,2025-01-15 23:07:12+00,2025-01-16 00:31:43+00,1834
1393,38be15d8,N622FB,N622FB,AS50,2025-01-16 02:10:37+00,2025-01-16 03:50:31+00,KDVT,KDVT,99.9,2025-01-16 02:10:37+00,2025-01-16 03:51:37+00,2221
2061,38be3d9e,N623FB,N623FB,AS50,2025-01-16 03:31:05+00,2025-01-16 05:06:28+00,KDVT,KDVT,95.38333333333334,2025-01-16 03:28:51+00,2025-01-16 05:06:52+00,2132
1394,38be4ab5,N622FB,N622FB,AS50,2025-01-16 05:01:21+00,2025-01-16 06:43:16+00,KDVT,KDVT,101.91666666666667,2025-01-16 05:00:30+00,2025-01-16 06:43:28+00,2104
2062,38be907e,N623FB,N623FB,AS50,2025-01-16 06:31:25+00,2025-01-16 08:14:31+00,KDVT,KDVT,103.1,2025-01-16 06:30:48+00,2025-01-16 08:14:44+00,2278
1395,38bebac1,N622FB,N622FB,AS50,2025-01-16 08:03:34+00,2025-01-16 08:39:16+00,KDVT,KGEU,35.7,2025-01-16 08:03:11+00,2025-01-16 08:44:13+00,823
1396,38becd6f,N622FB,N622FB,AS50,2025-01-16 08:43:43+00,2025-01-16 09:34:18+00,KGEU,KDVT,50.583333333333336,2025-01-16 08:44:15+00,2025-01-16 09:34:44+00,764
2063,38bf2cfc,N623FB,N623FB,AS50,2025-01-16 12:16:28+00,2025-01-16 12:51:27+00,KDVT,,34.983333333333334,2025-01-16 12:14:35+00,2025-01-16 12:56:26+00,740
2064,38bf58c4,N623FB,N623FB,AS50,2025-01-16 12:59:28+00,2025-01-16 13:14:32+00,,KDVT,15.066666666666666,2025-01-16 12:56:30+00,2025-01-16 13:18:06+00,264
3423,38c06678,N625FB,N625FB,AS50,2025-01-16 18:03:56+00,2025-01-16 19:22:35+00,KDVT,KDVT,78.65,2025-01-16 18:03:06+00,2025-01-16 19:22:17+00,1989
1397,38c16113,N622FB,N622FB,AS50,2025-01-16 23:08:08+00,2025-01-16 23:25:18+00,KDVT,KDVT,17.166666666666668,2025-01-16 23:07:15+00,2025-01-16 23:29:26+00,291
1398,38c17426,N622FB,N622FB,AS50,2025-01-17 02:12:30+00,2025-01-17 03:36:45+00,KDVT,KDVT,84.25,2025-01-16 23:32:51+00,2025-01-17 03:36:45+00,3446
628,38c205ff,N621FB,N621FB,AS50,2025-01-17 03:33:14+00,2025-01-17 05:14:21+00,KDVT,KDVT,101.11666666666666,2025-01-17 03:32:31+00,2025-01-17 05:14:39+00,2371
2065,38c22fbe,N623FB,N623FB,AS50,2025-01-17 05:03:38+00,2025-01-17 06:46:57+00,KDVT,KDVT,103.31666666666666,2025-01-17 05:02:59+00,2025-01-17 06:47:38+00,2343
629,38c25959,N621FB,N621FB,AS50,2025-01-17 06:33:11+00,2025-01-17 08:15:45+00,KDVT,KDVT,102.56666666666666,2025-01-17 06:32:42+00,2025-01-17 08:16:19+00,2281
2066,38c28144,N623FB,N623FB,AS50,2025-01-17 08:02:24+00,2025-01-17 08:58:49+00,KDVT,KPHX,56.416666666666664,2025-01-17 08:01:33+00,2025-01-17 09:03:46+00,1313
2067,38c29e4c,N623FB,N623FB,AS50,2025-01-17 09:03:21+00,2025-01-17 09:30:08+00,KPHX,KDVT,26.783333333333335,2025-01-17 09:03:48+00,2025-01-17 09:30:31+00,479
1399,38c3932a,N622FB,N622FB,AS50,2025-01-17 15:11:09+00,2025-01-17 16:06:02+00,KDVT,KDVT,54.88333333333333,2025-01-17 15:09:37+00,2025-01-17 16:05:51+00,1355
1400,38c4320c,N622FB,N622FB,AS50,2025-01-17 18:07:32+00,2025-01-17 19:18:35+00,KDVT,KDVT,71.05,2025-01-17 18:07:06+00,2025-01-17 19:18:25+00,1649
630,38c522d2,N621FB,N621FB,AS50,2025-01-17 22:57:54+00,2025-01-18 00:21:29+00,KDVT,KDVT,83.58333333333333,2025-01-17 22:56:13+00,2025-01-18 00:22:00+00,2009
631,38c58c67,N621FB,N621FB,AS50,2025-01-18 01:42:40+00,2025-01-18 03:20:34+00,KDVT,KDVT,97.9,2025-01-18 01:41:44+00,2025-01-18 03:20:55+00,2185
2068,38c5b71a,N623FB,N623FB,AS50,2025-01-18 03:09:00+00,2025-01-18 03:35:44+00,KDVT,KPHX,26.733333333333334,2025-01-18 03:08:23+00,2025-01-18 03:40:43+00,732
2069,38c5c4ce,N623FB,N623FB,AS50,2025-01-18 03:39:50+00,2025-01-18 05:06:58+00,,KDVT,87.13333333333334,2025-01-18 03:40:45+00,2025-01-18 05:07:24+00,2066
3424,38c5e605,N625FB,N625FB,AS50,2025-01-18 05:02:26+00,2025-01-18 06:33:59+00,KDVT,KDVT,91.55,2025-01-18 05:01:51+00,2025-01-18 06:34:51+00,1953
2070,38c60bcb,N623FB,N623FB,AS50,2025-01-18 06:30:38+00,2025-01-18 08:06:38+00,KDVT,KDVT,96,2025-01-18 06:30:03+00,2025-01-18 08:07:08+00,2089
3425,38c62f2e,N625FB,N625FB,AS50,2025-01-18 07:59:44+00,2025-01-18 09:56:09+00,KDVT,KDVT,116.41666666666667,2025-01-18 07:58:26+00,2025-01-18 09:56:40+00,2932
3426,38c724af,N625FB,N625FB,AS50,2025-01-18 15:34:06+00,2025-01-18 16:32:27+00,KDVT,KDVT,58.35,2025-01-18 15:33:08+00,2025-01-18 16:32:27+00,1457
3427,38c782e2,N625FB,N625FB,AS50,2025-01-18 18:04:35+00,2025-01-18 19:04:19+00,KDVT,,59.733333333333334,2025-01-18 18:04:10+00,2025-01-18 19:04:19+00,1422
3428,38c7ab26,N625FB,N625FB,AS50,2025-01-18 19:09:45+00,2025-01-18 19:46:41+00,KPHX,,36.93333333333333,2025-01-18 19:09:47+00,2025-01-18 19:51:38+00,1040
632,38c7c16b,N621FB,N621FB,AS50,2025-01-18 19:45:33+00,2025-01-18 20:10:52+00,KDVT,KDVT,25.316666666666666,2025-01-18 19:45:28+00,2025-01-18 20:11:13+00,544
3429,38c7c558,N625FB,N625FB,AS50,2025-01-18 19:51:30+00,2025-01-19 03:33:53+00,KPHX,KDVT,462.3833333333333,2025-01-18 19:51:41+00,2025-01-19 03:38:52+00,215
633,38c83a51,N621FB,N621FB,AS50,2025-01-18 23:07:04+00,2025-01-18 23:55:39+00,KDVT,,48.583333333333336,2025-01-18 23:06:50+00,2025-01-18 23:58:07+00,1156
634,38c85910,N621FB,N621FB,AS50,2025-01-19 00:01:15+00,2025-01-19 00:34:39+00,,KDVT,33.4,2025-01-19 00:02:13+00,2025-01-19 00:34:56+00,628
635,38c89255,N621FB,N621FB,AS50,2025-01-19 02:05:13+00,2025-01-19 03:41:52+00,KDVT,KDVT,96.65,2025-01-19 02:04:27+00,2025-01-19 03:41:58+00,2399
3430,38c8b6e7,N625FB,N625FB,AS50,2025-01-19 04:09:22+00,2025-01-19 05:20:56+00,KDVT,KDVT,71.56666666666666,2025-01-19 03:38:54+00,2025-01-19 05:21:14+00,2363
1401,38c8d5cd,N622FB,N622FB,AS50,2025-01-19 05:04:23+00,2025-01-19 06:43:43+00,KDVT,KDVT,99.33333333333333,2025-01-19 05:02:47+00,2025-01-19 06:44:03+00,2258
3431,38c8f9e6,N625FB,N625FB,AS50,2025-01-19 06:34:27+00,2025-01-19 08:15:05+00,KDVT,KDVT,100.63333333333334,2025-01-19 06:33:54+00,2025-01-19 08:15:20+00,2437
1402,38c91c43,N622FB,N622FB,AS50,2025-01-19 08:02:58+00,2025-01-19 09:45:59+00,KDVT,KDVT,103.01666666666667,2025-01-19 08:01:57+00,2025-01-19 09:46:11+00,2426
3367,38ca1243,N625FB,N625FB,AS50,2025-01-19 15:51:12+00,2025-01-19 16:32:18+00,KDVT,,41.1,2025-01-19 15:50:06+00,2025-01-19 16:37:17+00,727
2005,38ca7d54,N623FB,N623FB,AS50,2025-01-19 18:54:30+00,2025-01-19 20:07:13+00,KDVT,KDVT,72.71666666666667,2025-01-19 18:53:54+00,2025-01-19 20:07:22+00,1657
2006,38cb1292,N623FB,N623FB,AS50,2025-01-19 23:04:35+00,2025-01-20 00:41:21+00,KDVT,KDVT,96.76666666666667,2025-01-19 23:04:25+00,2025-01-20 00:41:40+00,2217
2007,38cb725f,N623FB,N623FB,AS50,2025-01-20 02:04:00+00,2025-01-20 03:55:48+00,KDVT,KDVT,111.8,2025-01-20 02:03:53+00,2025-01-20 03:56:51+00,2467
538,38cbbc8a,N621FB,N621FB,AS50,2025-01-20 05:02:28+00,2025-01-20 06:45:10+00,KDVT,KDVT,102.7,2025-01-20 05:00:19+00,2025-01-20 06:45:30+00,2586
539,38cc0e2f,N621FB,N621FB,AS50,2025-01-20 08:03:32+00,2025-01-20 10:54:49+00,KDVT,KDVT,171.28333333333333,2025-01-20 08:03:04+00,2025-01-20 10:55:21+00,4102
1337,38cd8096,N622FB,N622FB,AS50,2025-01-20 18:11:32+00,2025-01-20 19:49:53+00,KDVT,KDVT,98.35,2025-01-20 18:11:01+00,2025-01-20 19:50:27+00,2360
1338,38ce4672,N622FB,N622FB,AS50,2025-01-20 23:01:52+00,2025-01-21 00:31:09+00,KDVT,KDVT,89.28333333333333,2025-01-20 23:01:01+00,2025-01-21 00:31:27+00,1866
1339,38ceb075,N622FB,N622FB,AS50,2025-01-21 02:02:08+00,2025-01-21 02:20:46+00,KDVT,,18.633333333333333,2025-01-21 02:01:35+00,2025-01-21 02:25:46+00,446
1340,38cebc5b,N622FB,N622FB,AS50,2025-01-21 02:25:10+00,2025-01-21 04:00:35+00,,KDVT,95.41666666666667,2025-01-21 02:25:47+00,2025-01-21 04:00:49+00,2160
2008,38cedb2b,N623FB,N623FB,AS50,2025-01-21 03:33:54+00,2025-01-21 05:26:10+00,KDVT,KDVT,112.26666666666667,2025-01-21 03:32:31+00,2025-01-21 05:26:47+00,2626
540,38cf0175,N621FB,N621FB,AS50,2025-01-21 05:01:36+00,2025-01-21 05:56:43+00,KDVT,KGEU,55.11666666666667,2025-01-21 05:01:33+00,2025-01-21 05:56:40+00,1194
541,38cf1b4b,N621FB,N621FB,AS50,2025-01-21 05:59:21+00,2025-01-21 06:15:07+00,KGEU,KGYR,15.766666666666667,2025-01-21 05:59:12+00,2025-01-21 06:15:07+00,268
542,38cf23c5,N621FB,N621FB,AS50,2025-01-21 06:17:29+00,2025-01-21 06:54:40+00,KGYR,KDVT,37.18333333333333,2025-01-21 06:17:27+00,2025-01-21 06:55:09+00,521
2009,38cf2cc0,N623FB,N623FB,AS50,2025-01-21 06:34:21+00,2025-01-21 08:27:59+00,KDVT,KDVT,113.63333333333334,2025-01-21 06:33:26+00,2025-01-21 08:28:11+00,2566
543,38cf5371,N621FB,N621FB,AS50,2025-01-21 08:03:38+00,2025-01-21 09:29:49+00,KDVT,KPHX,86.18333333333334,2025-01-21 08:03:10+00,2025-01-21 09:30:17+00,1728
544,38cfb1a2,N621FB,N621FB,AS50,2025-01-21 11:25:58+00,2025-01-21 11:36:09+00,KPHX,KDVT,10.183333333333334,2025-01-21 11:25:52+00,2025-01-21 11:36:09+00,166
3369,38d0665b,N625FB,N625FB,AS50,2025-01-21 16:11:07+00,2025-01-21 17:22:36+00,KDVT,KDVT,71.48333333333333,2025-01-21 16:10:11+00,2025-01-21 17:22:56+00,1488
3370,38d0e0be,N625FB,N625FB,AS50,2025-01-21 19:21:11+00,2025-01-21 21:05:27+00,KDVT,KDVT,104.26666666666667,2025-01-21 19:20:49+00,2025-01-21 21:05:33+00,2127
1341,38d16ab6,N622FB,N622FB,AS50,2025-01-21 23:00:43+00,2025-01-22 00:42:03+00,KDVT,KDVT,101.33333333333333,2025-01-21 23:00:28+00,2025-01-22 00:42:03+00,2266
545,38d1c817,N621FB,N621FB,AS50,2025-01-22 01:39:30+00,2025-01-22 03:01:16+00,KDVT,KPAN,81.76666666666667,2025-01-22 01:37:02+00,2025-01-22 03:06:05+00,556
1342,38d1d7a6,N622FB,N622FB,AS50,2025-01-22 02:07:52+00,2025-01-22 03:46:05+00,KDVT,KDVT,98.21666666666667,2025-01-22 02:07:52+00,2025-01-22 03:46:44+00,2006
546,38d1f36f,N621FB,N621FB,AS50,2025-01-22 03:01:54+00,2025-01-22 03:29:22+00,KPAN,KDVT,27.466666666666665,2025-01-22 03:06:17+00,2025-01-22 03:30:03+00,274
3371,38d1ff79,N625FB,N625FB,AS50,2025-01-22 03:34:03+00,2025-01-22 05:06:45+00,KDVT,KDVT,92.7,2025-01-22 03:33:16+00,2025-01-22 05:07:05+00,2145
547,38d225c2,N621FB,N621FB,AS50,2025-01-22 05:02:04+00,2025-01-22 06:41:10+00,KDVT,KDVT,99.1,2025-01-22 05:01:49+00,2025-01-22 06:41:52+00,2171
3372,38d24e09,N625FB,N625FB,AS50,2025-01-22 06:32:28+00,2025-01-22 08:16:55+00,KDVT,KDVT,104.45,2025-01-22 06:31:46+00,2025-01-22 08:17:16+00,2492
548,38d27629,N621FB,N621FB,AS50,2025-01-22 08:05:15+00,2025-01-22 09:46:15+00,KDVT,KDVT,101,2025-01-22 08:04:49+00,2025-01-22 09:47:03+00,1985
2010,38d35b86,N623FB,N623FB,AS50,2025-01-22 15:07:10+00,2025-01-22 16:00:10+00,KDVT,KDVT,53,2025-01-22 15:06:08+00,2025-01-22 16:00:15+00,1252
2011,38d3d24d,N623FB,N623FB,AS50,2025-01-22 17:57:59+00,,KDVT,,,2025-01-22 17:57:42+00,2025-01-22 19:03:39+00,1535
3373,38d49f77,N625FB,N625FB,AS50,2025-01-22 22:51:35+00,2025-01-23 00:28:21+00,KDVT,,96.76666666666667,2025-01-22 22:51:35+00,2025-01-23 00:33:21+00,2128
3374,38d4e2ef,N625FB,N625FB,AS50,2025-01-23 00:33:13+00,2025-01-23 00:43:00+00,KPHX,KDVT,9.783333333333333,2025-01-23 00:33:23+00,2025-01-23 00:42:39+00,150
549,38d508be,N621FB,N621FB,AS50,2025-01-23 01:40:31+00,2025-01-23 01:56:21+00,KDVT,KDVT,15.833333333333334,2025-01-23 01:39:47+00,2025-01-23 02:01:48+00,331
3375,38d5120f,N625FB,N625FB,AS50,2025-01-23 01:58:03+00,2025-01-23 03:39:28+00,KDVT,KDVT,101.41666666666667,2025-01-23 01:57:31+00,2025-01-23 03:40:06+00,2185
550,38d51424,N621FB,N621FB,AS50,2025-01-23 02:01:57+00,2025-01-23 02:25:42+00,KDVT,KDVT,23.75,2025-01-23 02:01:52+00,2025-01-23 02:30:41+00,531
551,38d522f4,N621FB,N621FB,AS50,2025-01-23 02:29:32+00,2025-01-23 02:46:19+00,KDVT,KSDL,16.783333333333335,2025-01-23 02:30:42+00,2025-01-23 02:51:14+00,334
552,38d52cb2,N621FB,N621FB,AS50,2025-01-23 02:51:09+00,2025-01-23 03:04:14+00,KSDL,KDVT,13.083333333333334,2025-01-23 02:51:19+00,2025-01-23 03:04:14+00,252
553,38d55891,N621FB,N621FB,AS50,2025-01-23 04:29:21+00,2025-01-23 06:21:18+00,KDVT,KGEU,111.95,2025-01-23 04:28:36+00,2025-01-23 06:26:16+00,2648
554,38d58d9d,N621FB,N621FB,AS50,2025-01-23 06:37:41+00,2025-01-23 06:48:15+00,KGEU,KDVT,10.566666666666666,2025-01-23 06:26:19+00,2025-01-23 06:48:15+00,476
555,38d5b7f2,N621FB,N621FB,AS50,2025-01-23 08:02:57+00,2025-01-23 09:35:57+00,KDVT,KDVT,93,2025-01-23 08:02:42+00,2025-01-23 09:36:38+00,1876
556,38d5f337,N621FB,N621FB,AS50,2025-01-23 10:10:13+00,2025-01-23 10:55:11+00,KDVT,KDVT,44.96666666666667,2025-01-23 10:09:36+00,2025-01-23 10:55:34+00,1116
1343,38d6caa1,N622FB,N622FB,AS50,2025-01-23 15:43:55+00,2025-01-23 16:36:04+00,KDVT,KDVT,52.15,2025-01-23 15:43:18+00,2025-01-23 16:36:23+00,1130
1344,38d737a3,N622FB,N622FB,AS50,2025-01-23 18:04:23+00,2025-01-23 19:28:24+00,KDVT,KDVT,84.01666666666667,2025-01-23 18:04:14+00,2025-01-23 19:28:43+00,0
3376,38d82524,N625FB,N625FB,AS50,2025-01-23 23:18:08+00,2025-01-24 00:10:17+00,KDVT,,52.15,2025-01-23 23:17:25+00,2025-01-24 00:15:16+00,1337
3377,38d84e02,N625FB,N625FB,AS50,2025-01-24 00:19:44+00,2025-01-24 01:01:22+00,KPHX,KDVT,41.63333333333333,2025-01-24 00:15:18+00,2025-01-24 01:02:18+00,973
3378,38d892d1,N625FB,N625FB,AS50,2025-01-24 02:09:28+00,2025-01-24 03:38:33+00,KDVT,KDVT,89.08333333333333,2025-01-24 02:08:57+00,2025-01-24 03:38:56+00,2240
557,38d8bce4,N621FB,N621FB,AS50,2025-01-24 03:33:22+00,2025-01-24 05:11:21+00,KDVT,KDVT,97.98333333333333,2025-01-24 03:33:01+00,2025-01-24 05:11:39+00,2164
3379,38d8e5c5,N625FB,N625FB,AS50,2025-01-24 05:03:34+00,2025-01-24 06:37:14+00,KDVT,KDVT,93.66666666666667,2025-01-24 05:02:48+00,2025-01-24 06:37:48+00,1983
558,38d90ee6,N621FB,N621FB,AS50,2025-01-24 06:32:53+00,2025-01-24 08:23:31+00,KDVT,KDVT,110.63333333333334,2025-01-24 06:32:06+00,2025-01-24 08:24:01+00,2565
3380,38d935d3,N625FB,N625FB,AS50,2025-01-24 08:02:35+00,2025-01-24 09:32:06+00,KDVT,KDVT,89.51666666666667,2025-01-24 07:59:39+00,2025-01-24 09:32:52+00,2158
3381,38d98d63,N625FB,N625FB,AS50,2025-01-24 10:57:58+00,2025-01-24 11:13:45+00,KDVT,KDVT,15.783333333333333,2025-01-24 10:57:26+00,2025-01-24 11:18:43+00,367
3382,38d9998d,N625FB,N625FB,AS50,2025-01-24 11:19:05+00,2025-01-24 11:41:12+00,KDVT,KDVT,22.116666666666667,2025-01-24 11:18:47+00,2025-01-24 11:46:12+00,616
3383,38d9a919,N625FB,N625FB,AS50,2025-01-24 11:45:21+00,2025-01-24 12:00:59+00,KDVT,KDVT,15.633333333333333,2025-01-24 11:46:13+00,2025-01-24 12:05:58+00,448
3384,38d9b56c,N625FB,N625FB,AS50,2025-01-24 12:06:30+00,2025-01-24 12:20:53+00,,KDVT,14.383333333333333,2025-01-24 12:05:59+00,2025-01-24 12:20:53+00,243
3385,38da457d,N625FB,N625FB,AS50,2025-01-24 15:15:36+00,2025-01-24 15:53:35+00,KDVT,KDVT,37.983333333333334,2025-01-24 15:14:21+00,2025-01-24 15:53:32+00,863
3386,38dacfae,N625FB,N625FB,AS50,2025-01-24 17:50:54+00,2025-01-24 19:06:42+00,KDVT,KDVT,75.8,2025-01-24 17:50:16+00,2025-01-24 19:07:06+00,1696
2012,38db9647,N623FB,N623FB,AS50,2025-01-24 21:39:08+00,2025-01-24 22:01:20+00,KDVT,,22.2,2025-01-24 21:38:32+00,2025-01-24 22:06:10+00,577
2013,38dbae88,N623FB,N623FB,AS50,2025-01-24 22:09:02+00,2025-01-24 22:46:35+00,,KDVT,37.55,2025-01-24 22:09:05+00,2025-01-24 22:46:51+00,799
2014,38dbed4c,N623FB,N623FB,AS50,2025-01-24 23:32:29+00,2025-01-24 23:49:22+00,KDVT,,16.883333333333333,2025-01-24 23:31:30+00,2025-01-24 23:54:21+00,500
2015,38dbfd42,N623FB,N623FB,AS50,2025-01-24 23:53:04+00,2025-01-25 00:44:36+00,KSDL,KDVT,51.53333333333333,2025-01-24 23:54:24+00,2025-01-25 00:44:46+00,1251
1345,38dc4301,N622FB,N622FB,AS50,2025-01-25 01:49:37+00,2025-01-25 03:07:23+00,KDVT,KPAN,77.76666666666667,2025-01-25 01:47:29+00,2025-01-25 03:12:17+00,626
3387,38dc759a,N625FB,N625FB,AS50,2025-01-25 03:33:20+00,2025-01-25 05:12:35+00,KDVT,KDVT,99.25,2025-01-25 03:32:25+00,2025-01-25 05:12:48+00,2213
559,38dc9cf3,N621FB,N621FB,AS50,2025-01-25 05:06:16+00,2025-01-25 06:35:31+00,KDVT,KDVT,89.25,2025-01-25 05:05:02+00,2025-01-25 06:35:54+00,2093
3388,38dcc0ec,N625FB,N625FB,AS50,2025-01-25 06:30:19+00,2025-01-25 08:09:51+00,KDVT,KDVT,99.53333333333333,2025-01-25 06:29:33+00,2025-01-25 08:10:25+00,2312
560,38dce6dc,N621FB,N621FB,AS50,2025-01-25 08:04:34+00,2025-01-25 09:17:36+00,KDVT,KGEU,73.03333333333333,2025-01-25 08:02:05+00,2025-01-25 09:22:30+00,1453
561,38dd09f5,N621FB,N621FB,AS50,2025-01-25 09:22:06+00,2025-01-25 09:32:33+00,KGEU,KDVT,10.45,2025-01-25 09:22:36+00,2025-01-25 09:32:22+00,219
2016,38dde78d,N623FB,N623FB,AS50,2025-01-25 15:05:45+00,2025-01-25 15:55:14+00,KDVT,KDVT,49.483333333333334,2025-01-25 15:04:04+00,2025-01-25 15:55:31+00,1157
2017,38de7afe,N623FB,N623FB,AS50,2025-01-25 18:00:24+00,2025-01-25 19:40:05+00,KDVT,KDVT,99.68333333333334,2025-01-25 18:00:33+00,2025-01-25 19:39:58+00,2510
3389,38df52c0,N625FB,N625FB,AS50,2025-01-25 23:07:20+00,2025-01-26 00:56:17+00,KDVT,KDVT,108.95,2025-01-25 23:07:22+00,2025-01-26 00:56:33+00,2802
3390,38dfadf0,N625FB,N625FB,AS50,2025-01-26 02:09:12+00,2025-01-26 04:21:51+00,KDVT,KDVT,132.65,2025-01-26 02:09:03+00,2025-01-26 04:21:51+00,3436
1347,38dfcff1,N622FB,N622FB,AS50,2025-01-26 03:33:23+00,2025-01-26 05:18:33+00,KDVT,KDVT,105.16666666666667,2025-01-26 03:32:51+00,2025-01-26 05:19:05+00,2580
562,38dff058,N621FB,N621FB,AS50,2025-01-26 05:00:38+00,2025-01-26 06:41:11+00,KDVT,KDVT,100.55,2025-01-26 04:59:29+00,2025-01-26 06:42:03+00,2300
1348,38e01547,N622FB,N622FB,AS50,2025-01-26 06:33:17+00,2025-01-26 08:10:18+00,KDVT,KDVT,97.01666666666667,2025-01-26 06:32:52+00,2025-01-26 08:10:35+00,2292
563,38e03661,N621FB,N621FB,AS50,2025-01-26 08:00:03+00,2025-01-26 09:36:48+00,KDVT,KDVT,96.75,2025-01-26 07:57:56+00,2025-01-26 09:37:30+00,2150
3391,38e130f5,N625FB,N625FB,AS50,2025-01-26 15:31:00+00,2025-01-26 16:43:19+00,KDVT,KDVT,72.31666666666666,2025-01-26 15:29:39+00,2025-01-26 16:43:49+00,1778
3392,38e1c723,N625FB,N625FB,AS50,2025-01-26 18:54:02+00,2025-01-26 19:59:40+00,KDVT,KDVT,65.63333333333334,2025-01-26 18:53:36+00,2025-01-26 20:00:02+00,1589
564,38e284bb,N621FB,N621FB,AS50,2025-01-26 23:32:06+00,2025-01-27 00:55:00+00,KDVT,KDVT,82.9,2025-01-26 23:31:03+00,2025-01-27 00:56:44+00,1820
565,38e2d949,N621FB,N621FB,AS50,2025-01-27 02:09:30+00,2025-01-27 03:36:22+00,KDVT,KDVT,86.86666666666666,2025-01-27 02:08:32+00,2025-01-27 03:36:52+00,2141
2018,38e2fc02,N623FB,N623FB,AS50,2025-01-27 03:28:42+00,2025-01-27 05:16:41+00,KDVT,KDVT,107.98333333333333,2025-01-27 03:28:29+00,2025-01-27 05:16:54+00,2730
566,38e321be,N621FB,N621FB,AS50,2025-01-27 05:02:25+00,2025-01-27 06:56:02+00,KDVT,KDVT,113.61666666666666,2025-01-27 05:01:38+00,2025-01-27 06:56:29+00,2753
2019,38e349a0,N623FB,N623FB,AS50,2025-01-27 06:32:46+00,2025-01-27 08:30:36+00,KDVT,KDVT,117.83333333333333,2025-01-27 06:32:19+00,2025-01-27 08:32:03+00,2785
567,38e36f78,N621FB,N621FB,AS50,2025-01-27 08:02:02+00,2025-01-27 09:50:20+00,KDVT,KDVT,108.3,2025-01-27 08:01:01+00,2025-01-27 09:55:19+00,2253
568,38e3a475,N621FB,N621FB,AS50,2025-01-27 09:54:41+00,2025-01-27 09:59:57+00,KDVT,KDVT,5.266666666666667,2025-01-27 09:55:20+00,2025-01-27 09:59:57+00,95
569,38e3cb51,N621FB,N621FB,AS50,2025-01-27 11:13:20+00,2025-01-27 12:22:47+00,KDVT,KDVT,69.45,2025-01-27 11:13:13+00,2025-01-27 12:23:10+00,1635
570,38e457b8,N621FB,N621FB,AS50,2025-01-27 14:46:14+00,2025-01-27 15:14:05+00,KDVT,,27.85,2025-01-27 14:45:06+00,2025-01-27 15:18:37+00,292
571,38e47478,N621FB,N621FB,AS50,2025-01-27 15:21:16+00,2025-01-27 15:31:40+00,,KPHX,10.4,2025-01-27 15:21:58+00,2025-01-27 15:30:46+00,122
3393,38e4875f,N625FB,N625FB,AS50,2025-01-27 15:46:38+00,2025-01-27 16:49:49+00,KDVT,KDVT,63.18333333333333,2025-01-27 15:46:05+00,2025-01-27 16:50:02+00,1432
572,38e48f3e,N621FB,N621FB,AS50,2025-01-27 15:55:25+00,2025-01-27 16:09:39+00,,KDVT,14.233333333333333,2025-01-27 15:56:29+00,2025-01-27 16:09:37+00,225
1349,38e58b99,N622FB,N622FB,AS50,2025-01-27 21:35:08+00,2025-01-27 22:59:17+00,KDVT,KDVT,84.15,2025-01-27 21:34:20+00,2025-01-27 22:59:50+00,1937
1350,38e63c5e,N622FB,N622FB,AS50,2025-01-28 02:09:01+00,2025-01-28 03:41:30+00,KDVT,KDVT,92.48333333333333,2025-01-28 02:08:06+00,2025-01-28 03:44:15+00,2037
3394,38e6650f,N625FB,N625FB,AS50,2025-01-28 03:33:49+00,2025-01-28 05:11:59+00,KDVT,KDVT,98.16666666666667,2025-01-28 03:33:11+00,2025-01-28 05:12:33+00,2388
1351,38e66b7c,N622FB,N622FB,AS50,2025-01-28 05:03:47+00,2025-01-28 06:49:54+00,KDVT,KDVT,106.11666666666666,2025-01-28 03:47:27+00,2025-01-28 06:50:44+00,2571
3395,38e6b37c,N625FB,N625FB,AS50,2025-01-28 06:36:12+00,2025-01-28 08:01:37+00,KDVT,KGEU,85.41666666666667,2025-01-28 06:35:31+00,2025-01-28 08:01:37+00,1791
1352,38e6d8a1,N622FB,N622FB,AS50,2025-01-28 08:03:36+00,2025-01-28 09:34:49+00,KDVT,KDVT,91.21666666666667,2025-01-28 08:03:03+00,2025-01-28 09:35:15+00,2080
3396,38e6d929,N625FB,N625FB,AS50,2025-01-28 08:04:15+00,2025-01-28 08:14:58+00,KGEU,KDVT,10.716666666666667,2025-01-28 08:04:15+00,2025-01-28 08:14:43+00,197
3397,38e7db4f,N625FB,N625FB,AS50,2025-01-28 15:30:20+00,2025-01-28 16:30:12+00,KDVT,KDVT,59.86666666666667,2025-01-28 15:29:40+00,2025-01-28 16:30:30+00,1303
3398,38e82a9d,N625FB,N625FB,AS50,2025-01-28 17:13:06+00,2025-01-28 17:49:04+00,KDVT,KDVT,35.96666666666667,2025-01-28 17:12:55+00,2025-01-28 17:49:27+00,827
3399,38e8a9e6,N625FB,N625FB,AS50,2025-01-28 19:59:32+00,2025-01-28 21:03:08+00,KDVT,KDVT,63.6,2025-01-28 19:59:32+00,2025-01-28 21:03:08+00,1511
573,38e93340,N621FB,N621FB,AS50,2025-01-28 23:04:49+00,2025-01-29 01:02:27+00,KDVT,KDVT,117.63333333333334,2025-01-28 23:04:22+00,2025-01-29 01:03:43+00,2669
574,38e9a981,N621FB,N621FB,AS50,2025-01-29 02:15:55+00,2025-01-29 04:12:38+00,KDVT,KDVT,116.71666666666667,2025-01-29 02:15:04+00,2025-01-29 04:13:15+00,2510
1353,38e9d965,N622FB,N622FB,AS50,2025-01-29 03:57:28+00,2025-01-29 05:13:20+00,KDVT,KDVT,75.86666666666666,2025-01-29 03:56:06+00,2025-01-29 05:14:04+00,1494
575,38e9f7a7,N621FB,N621FB,AS50,2025-01-29 05:07:23+00,2025-01-29 07:00:27+00,KDVT,KDVT,113.06666666666666,2025-01-29 05:06:55+00,2025-01-29 07:01:01+00,2843
1354,38ea1d65,N622FB,N622FB,AS50,2025-01-29 06:33:23+00,2025-01-29 08:07:29+00,KDVT,KDVT,94.1,2025-01-29 06:32:49+00,2025-01-29 08:07:39+00,2294
576,38ea4469,N621FB,N621FB,AS50,2025-01-29 08:03:04+00,2025-01-29 09:45:55+00,KDVT,KDVT,102.85,2025-01-29 08:02:32+00,2025-01-29 09:48:55+00,2221
577,38eb7152,N621FB,N621FB,AS50,2025-01-29 16:00:47+00,2025-01-29 16:44:19+00,KDVT,KDVT,43.53333333333333,2025-01-29 15:59:31+00,2025-01-29 16:44:22+00,1101
2020,38ebab42,N623FB,N623FB,AS50,2025-01-29 17:20:06+00,2025-01-29 17:35:24+00,KDVT,,15.3,2025-01-29 17:14:44+00,2025-01-29 17:40:28+00,348
2021,38ebc0e0,N623FB,N623FB,AS50,2025-01-29 17:43:50+00,2025-01-29 18:00:15+00,,,16.416666666666668,2025-01-29 17:45:36+00,2025-01-29 18:00:15+00,177
578,38ebc9b7,N621FB,N621FB,AS50,2025-01-29 17:55:26+00,2025-01-29 18:56:15+00,KDVT,KDVT,60.81666666666667,2025-01-29 17:55:06+00,2025-01-29 18:56:24+00,1401
2022,38ebd101,N623FB,N623FB,AS50,2025-01-29 18:04:08+00,2025-01-29 18:23:14+00,,KDVT,19.1,2025-01-29 18:05:13+00,2025-01-29 18:21:37+00,173
3400,38ecd6d0,N625FB,N625FB,AS50,2025-01-29 23:54:37+00,2025-01-30 00:09:48+00,KDVT,,15.183333333333334,2025-01-29 23:54:29+00,2025-01-30 00:14:48+00,344
579,38ecdc61,N621FB,N621FB,AS50,2025-01-30 00:02:50+00,2025-01-30 01:07:15+00,KDVT,KDVT,64.41666666666667,2025-01-30 00:02:23+00,2025-01-30 01:12:15+00,357
3401,38ece4fd,N625FB,N625FB,AS50,2025-01-30 00:13:45+00,2025-01-30 00:50:48+00,KPHX,KDVT,37.05,2025-01-30 00:14:49+00,2025-01-30 00:51:29+00,818
580,38ed0aa1,N621FB,N621FB,AS50,2025-01-30 01:19:33+00,2025-01-30 01:38:52+00,KDVT,KDVT,19.316666666666666,2025-01-30 01:12:17+00,2025-01-30 01:38:49+00,306
581,38ed1c6a,N621FB,N621FB,AS50,2025-01-30 01:44:38+00,2025-01-30 02:00:46+00,KDVT,KDVT,16.133333333333333,2025-01-30 01:44:36+00,2025-01-30 02:05:56+00,241
3402,38ed2812,N625FB,N625FB,AS50,2025-01-30 02:07:03+00,2025-01-30 03:47:26+00,KDVT,KDVT,100.38333333333334,2025-01-30 02:06:11+00,2025-01-30 03:48:22+00,2360
582,38ed27f1,N621FB,N621FB,AS50,2025-01-30 02:31:46+00,2025-01-30 02:55:55+00,KDVT,KDVT,24.15,2025-01-30 02:05:56+00,2025-01-30 02:55:55+00,597
1355,38ed52fe,N622FB,N622FB,AS50,2025-01-30 03:35:44+00,2025-01-30 05:16:08+00,KDVT,KDVT,100.4,2025-01-30 03:34:33+00,2025-01-30 05:16:21+00,2327
2023,38ed7a4d,N623FB,N623FB,AS50,2025-01-30 05:05:58+00,2025-01-30 06:35:46+00,KDVT,KDVT,89.8,2025-01-30 05:05:41+00,2025-01-30 06:36:12+00,2079
1356,38eda13c,N622FB,N622FB,AS50,2025-01-30 06:32:20+00,2025-01-30 08:11:39+00,KDVT,KDVT,99.31666666666666,2025-01-30 06:31:46+00,2025-01-30 08:11:54+00,2229
2024,38edc8c8,N623FB,N623FB,AS50,2025-01-30 08:04:07+00,2025-01-30 08:29:48+00,KDVT,KGEU,25.683333333333334,2025-01-30 08:02:09+00,2025-01-30 08:34:46+00,629
2025,38edd86e,N623FB,N623FB,AS50,2025-01-30 08:33:51+00,2025-01-30 09:31:50+00,,KDVT,57.983333333333334,2025-01-30 08:34:49+00,2025-01-30 09:32:16+00,1281
2026,38ee039f,N623FB,N623FB,AS50,2025-01-30 10:02:29+00,2025-01-30 10:11:20+00,KDVT,KDVT,8.85,2025-01-30 10:02:12+00,2025-01-30 10:11:13+00,145
1357,38eea41a,N622FB,N622FB,AS50,2025-01-30 14:01:39+00,2025-01-30 14:38:44+00,KDVT,KDVT,37.083333333333336,2025-01-30 14:00:51+00,2025-01-30 14:42:10+00,928
3403,38eef0c0,N625FB,N625FB,AS50,2025-01-30 15:28:22+00,2025-01-30 16:41:31+00,KDVT,KDVT,73.15,2025-01-30 15:27:26+00,2025-01-30 16:37:56+00,1592
3404,38efa2cf,N625FB,N625FB,AS50,2025-01-30 18:55:49+00,2025-01-30 19:52:57+00,KDVT,KDVT,57.13333333333333,2025-01-30 18:55:26+00,2025-01-30 19:52:59+00,1303
583,38f068f3,N621FB,N621FB,AS50,2025-01-30 22:58:21+00,2025-01-31 00:22:11+00,KDVT,KDVT,83.83333333333333,2025-01-30 22:57:59+00,2025-01-31 00:22:46+00,1967
584,38f0e1d1,N621FB,N621FB,AS50,2025-01-31 02:01:40+00,2025-01-31 03:34:20+00,KDVT,KDVT,92.66666666666667,2025-01-31 02:00:41+00,2025-01-31 03:35:23+00,1847
2027,38f10eae,N623FB,N623FB,AS50,2025-01-31 03:29:57+00,2025-01-31 05:09:53+00,KDVT,KDVT,99.93333333333334,2025-01-31 03:28:59+00,2025-01-31 05:10:07+00,2344
585,38f13906,N621FB,N621FB,AS50,2025-01-31 05:04:31+00,2025-01-31 06:37:23+00,KDVT,KDVT,92.86666666666666,2025-01-31 05:03:51+00,2025-01-31 06:37:53+00,2033
2028,38f1619b,N623FB,N623FB,AS50,2025-01-31 06:32:55+00,2025-01-31 08:08:35+00,KDVT,KDVT,95.66666666666667,2025-01-31 06:32:30+00,2025-01-31 08:08:44+00,2170
586,38f188f7,N621FB,N621FB,AS50,2025-01-31 08:02:13+00,2025-01-31 09:28:55+00,KDVT,KDVT,86.7,2025-01-31 08:01:00+00,2025-01-31 09:29:24+00,1893
1358,38f2ab55,N622FB,N622FB,AS50,2025-01-31 15:39:38+00,2025-01-31 16:38:26+00,KDVT,KDVT,58.8,2025-01-31 15:39:03+00,2025-01-31 16:38:34+00,1333
1359,38f33671,N622FB,N622FB,AS50,2025-01-31 18:44:39+00,2025-01-31 19:38:26+00,KDVT,KDVT,53.78333333333333,2025-01-31 18:43:58+00,2025-01-31 19:38:50+00,1226
587,38f3eda3,N621FB,N621FB,AS50,2025-01-31 23:08:07+00,2025-01-31 23:45:28+00,KDVT,,37.35,2025-01-31 23:07:51+00,2025-01-31 23:50:27+00,1024
588,38f4096d,N621FB,N621FB,AS50,2025-01-31 23:49:13+00,2025-02-01 00:34:35+00,,KDVT,45.36666666666667,2025-01-31 23:50:28+00,2025-02-01 00:34:54+00,1062
589,38f452fb,N621FB,N621FB,AS50,2025-02-01 02:02:49+00,2025-02-01 03:40:50+00,KDVT,KDVT,98.01666666666667,2025-02-01 02:02:05+00,2025-02-01 03:41:36+00,2341
2029,38f47cd3,N623FB,N623FB,AS50,2025-02-01 03:32:27+00,2025-02-01 04:55:19+00,KDVT,KGEU,82.86666666666666,2025-02-01 03:31:57+00,2025-02-01 05:00:18+00,2077
2030,38f4a078,N623FB,N623FB,AS50,2025-02-01 05:00:03+00,2025-02-01 05:09:29+00,KGEU,KDVT,9.433333333333334,2025-02-01 05:00:20+00,2025-02-01 05:09:24+00,212
590,38f4a245,N621FB,N621FB,AS50,2025-02-01 05:04:45+00,2025-02-01 06:41:48+00,KDVT,KDVT,97.05,2025-02-01 05:04:14+00,2025-02-01 06:41:49+00,2299
2031,38f4c4b6,N623FB,N623FB,AS50,2025-02-01 06:29:46+00,2025-02-01 08:08:03+00,KDVT,KDVT,98.28333333333333,2025-02-01 06:28:57+00,2025-02-01 08:15:09+00,2104
591,38f4e9c3,N621FB,N621FB,AS50,2025-02-01 08:03:03+00,2025-02-01 09:44:07+00,KDVT,KDVT,101.06666666666666,2025-02-01 08:01:36+00,2025-02-01 09:44:41+00,2382
592,38f5e3eb,N621FB,N621FB,AS50,2025-02-01 15:01:21+00,2025-02-01 15:57:52+00,KDVT,KDVT,56.516666666666666,2025-02-01 15:00:54+00,2025-02-01 15:57:52+00,1286
593,38f68457,N621FB,N621FB,AS50,2025-02-01 18:32:46+00,2025-02-01 19:30:35+00,KDVT,KDVT,57.81666666666667,2025-02-01 18:31:52+00,2025-02-01 19:30:35+00,1333
1360,38f738af,N622FB,N622FB,AS50,2025-02-01 23:04:04+00,2025-02-02 00:02:43+00,KDVT,,58.65,2025-02-01 23:03:12+00,2025-02-02 00:05:32+00,1511
1361,38f75d43,N622FB,N622FB,AS50,2025-02-02 00:07:05+00,2025-02-02 01:14:07+00,,KPHX,67.03333333333333,2025-02-02 00:08:17+00,2025-02-02 01:14:08+00,1680
2032,38f77b6e,N623FB,N623FB,AS50,2025-02-02 01:06:48+00,2025-02-02 02:00:24+00,KDVT,KDVT,53.6,2025-02-02 01:06:36+00,2025-02-02 02:00:40+00,1033
1362,38f7879a,N622FB,N622FB,AS50,2025-02-02 01:34:28+00,2025-02-02 01:47:22+00,KPHX,KDVT,12.9,2025-02-02 01:33:13+00,2025-02-02 01:46:57+00,224
1363,38f7a384,N622FB,N622FB,AS50,2025-02-02 02:37:06+00,2025-02-02 03:40:13+00,KDVT,KDVT,63.11666666666667,2025-02-02 02:36:35+00,2025-02-02 03:40:05+00,1336
2033,38f7b90f,N623FB,N623FB,AS50,2025-02-02 03:31:14+00,2025-02-02 05:25:38+00,KDVT,KDVT,114.4,2025-02-02 03:30:34+00,2025-02-02 05:26:09+00,2767
1364,38f7dcd6,N622FB,N622FB,AS50,2025-02-02 05:05:01+00,2025-02-02 06:43:20+00,KDVT,KDVT,98.31666666666666,2025-02-02 05:03:54+00,2025-02-02 06:43:40+00,2342
2034,38f80060,N623FB,N623FB,AS50,2025-02-02 06:31:28+00,2025-02-02 08:06:58+00,KDVT,KDVT,95.5,2025-02-02 06:31:10+00,2025-02-02 08:09:04+00,2297
1365,38f82413,N622FB,N622FB,AS50,2025-02-02 08:03:13+00,2025-02-02 09:47:44+00,KDVT,KDVT,104.51666666666667,2025-02-02 08:02:05+00,2025-02-02 09:48:04+00,2585
3351,38f9353a,N625FB,N625FB,AS50,2025-02-02 15:32:02+00,2025-02-02 16:14:53+00,KDVT,,42.85,2025-02-02 15:31:06+00,2025-02-02 16:19:54+00,1035
3352,38f95b4e,N625FB,N625FB,AS50,2025-02-02 16:19:48+00,2025-02-02 17:01:12+00,KGYR,KDVT,41.4,2025-02-02 16:19:56+00,2025-02-02 17:01:36+00,983
1959,38fa7dc7,N623FB,N623FB,AS50,2025-02-02 23:08:16+00,2025-02-03 00:54:52+00,KDVT,KDVT,106.6,2025-02-02 23:06:03+00,2025-02-03 00:54:52+00,2138
1960,38fae683,N623FB,N623FB,AS50,2025-02-03 02:15:20+00,2025-02-03 03:57:57+00,KDVT,KDVT,102.61666666666666,2025-02-03 02:14:36+00,2025-02-03 03:57:53+00,2623
1285,38fb0a2d,N622FB,N622FB,AS50,2025-02-03 03:35:16+00,2025-02-03 05:26:12+00,KDVT,KDVT,110.93333333333334,2025-02-03 03:34:33+00,2025-02-03 05:26:23+00,2944
504,38fb2eb0,N621FB,N621FB,AS50,2025-02-03 05:04:12+00,2025-02-03 06:41:00+00,KDVT,KDVT,96.8,2025-02-03 05:02:08+00,2025-02-03 06:41:22+00,2634
1286,38fb58e0,N622FB,N622FB,AS50,2025-02-03 06:34:20+00,2025-02-03 08:27:46+00,KDVT,KDVT,113.43333333333334,2025-02-03 06:33:46+00,2025-02-03 08:28:13+00,2688
505,38fb8164,N621FB,N621FB,AS50,2025-02-03 08:06:11+00,2025-02-03 09:42:02+00,KDVT,KDVT,95.85,2025-02-03 08:05:42+00,2025-02-03 09:42:16+00,2133
3353,38fc737f,N625FB,N625FB,AS50,2025-02-03 14:50:59+00,2025-02-03 16:07:42+00,KDVT,KDVT,76.71666666666667,2025-02-03 14:50:44+00,2025-02-03 16:07:44+00,1346
1287,38fddb81,N622FB,N622FB,AS50,2025-02-03 22:46:57+00,2025-02-04 00:49:18+00,KDVT,KDVT,122.35,2025-02-03 22:45:50+00,2025-02-04 00:49:52+00,3171
1288,38fe5ff2,N622FB,N622FB,AS50,2025-02-04 02:22:54+00,2025-02-04 03:48:30+00,KDVT,KDVT,85.6,2025-02-04 02:21:38+00,2025-02-04 03:49:06+00,2042
506,38fe8147,N621FB,N621FB,AS50,2025-02-04 03:34:31+00,2025-02-04 05:23:08+00,KDVT,KDVT,108.61666666666666,2025-02-04 03:32:12+00,2025-02-04 05:23:21+00,2862
1961,38fea876,N623FB,N623FB,AS50,2025-02-04 05:05:30+00,2025-02-04 06:41:50+00,KDVT,KDVT,96.33333333333333,2025-02-04 05:03:36+00,2025-02-04 06:42:27+00,2535
507,38fed199,N621FB,N621FB,AS50,2025-02-04 06:35:39+00,2025-02-04 08:11:10+00,KDVT,KDVT,95.51666666666667,2025-02-04 06:35:30+00,2025-02-04 08:11:36+00,2405
1962,38fef7fe,N623FB,N623FB,AS50,2025-02-04 08:03:42+00,2025-02-04 09:35:30+00,KDVT,KDVT,91.8,2025-02-04 08:03:16+00,2025-02-04 09:35:59+00,1950
508,38ffbb8f,N621FB,N621FB,AS50,2025-02-04 13:48:13+00,2025-02-04 14:39:08+00,KDVT,KDVT,50.916666666666664,2025-02-04 13:48:08+00,2025-02-04 14:39:03+00,1264
509,39009afa,N621FB,N621FB,AS50,2025-02-04 18:49:03+00,2025-02-04 19:42:07+00,KDVT,KDVT,53.06666666666667,2025-02-04 18:49:06+00,2025-02-04 19:42:23+00,1255
1289,39015551,N622FB,N622FB,AS50,2025-02-04 23:05:08+00,2025-02-05 00:12:25+00,KDVT,KDVT,67.28333333333333,2025-02-04 23:05:14+00,2025-02-05 00:10:29+00,1373
1290,3901c490,N622FB,N622FB,AS50,2025-02-05 02:03:27+00,2025-02-05 03:38:45+00,KDVT,KDVT,95.3,2025-02-05 02:03:26+00,2025-02-05 03:38:54+00,1972
1963,3901f01f,N623FB,N623FB,AS50,2025-02-05 03:34:32+00,2025-02-05 05:24:55+00,KDVT,KDVT,110.38333333333334,2025-02-05 03:33:26+00,2025-02-05 05:25:07+00,2556
1291,39021709,N622FB,N622FB,AS50,2025-02-05 05:05:49+00,2025-02-05 05:54:03+00,KDVT,KDVT,48.233333333333334,2025-02-05 05:05:03+00,2025-02-05 06:00:01+00,1104
1292,39022fcf,N622FB,N622FB,AS50,2025-02-05 06:00:08+00,2025-02-05 06:52:16+00,KDVT,KDVT,52.13333333333333,2025-02-05 06:00:08+00,2025-02-05 06:52:27+00,1297
1964,39023fe5,N623FB,N623FB,AS50,2025-02-05 06:36:14+00,2025-02-05 08:10:51+00,KDVT,KDVT,94.61666666666666,2025-02-05 06:35:51+00,2025-02-05 08:11:12+00,2339
1293,3902653c,N622FB,N622FB,AS50,2025-02-05 08:01:34+00,2025-02-05 09:40:19+00,KDVT,KDVT,98.75,2025-02-05 08:00:55+00,2025-02-05 09:40:37+00,2342
3354,3903005c,N625FB,N625FB,AS50,2025-02-05 15:05:33+00,2025-02-05 16:12:06+00,KDVT,KDVT,66.55,2025-02-05 12:42:23+00,2025-02-05 16:12:06+00,1497
3355,3903d74e,N625FB,N625FB,AS50,2025-02-05 17:06:01+00,2025-02-05 18:17:21+00,KDVT,KDVT,71.33333333333333,2025-02-05 17:06:06+00,2025-02-05 18:17:21+00,1433
1294,390472d5,N622FB,N622FB,AS50,2025-02-05 20:31:29+00,2025-02-05 21:19:20+00,KDVT,KDVT,47.85,2025-02-05 20:31:08+00,2025-02-05 21:19:52+00,1095
1295,3904f08d,N622FB,N622FB,AS50,2025-02-05 23:31:30+00,2025-02-06 00:36:00+00,KDVT,KDVT,64.5,2025-02-05 23:31:04+00,2025-02-06 00:36:50+00,1430
1296,39055187,N622FB,N622FB,AS50,2025-02-06 02:18:06+00,2025-02-06 03:40:08+00,KDVT,KDVT,82.03333333333333,2025-02-06 02:16:38+00,2025-02-06 03:40:38+00,2087
1966,390573ad,N623FB,N623FB,AS50,2025-02-06 03:30:31+00,2025-02-06 05:06:25+00,KDVT,KDVT,95.9,2025-02-06 03:28:35+00,2025-02-06 05:06:52+00,2283
1297,39059b3e,N622FB,N622FB,AS50,2025-02-06 05:01:37+00,2025-02-06 06:44:45+00,KDVT,KDVT,103.13333333333334,2025-02-06 05:00:25+00,2025-02-06 06:45:38+00,2439
1967,3905c44a,N623FB,N623FB,AS50,2025-02-06 06:31:36+00,2025-02-06 08:09:56+00,KDVT,KDVT,98.33333333333333,2025-02-06 06:30:06+00,2025-02-06 08:10:27+00,2315
1298,3905ed9e,N622FB,N622FB,AS50,2025-02-06 08:05:35+00,2025-02-06 09:38:17+00,KDVT,KDVT,92.7,2025-02-06 08:05:24+00,2025-02-06 09:38:48+00,1923
3356,39067099,N625FB,N625FB,AS50,2025-02-06 12:12:58+00,2025-02-06 12:35:11+00,KDVT,KDVT,22.216666666666665,2025-02-06 12:12:05+00,2025-02-06 12:35:17+00,449
510,3906f1dc,N621FB,N621FB,AS50,2025-02-06 15:08:14+00,2025-02-06 15:24:14+00,KDVT,KPHX,16,2025-02-06 15:07:46+00,2025-02-06 15:20:36+00,215
511,390726cf,N621FB,N621FB,AS50,2025-02-06 16:17:57+00,2025-02-06 17:09:29+00,KPHX,KDVT,51.53333333333333,2025-02-06 16:17:32+00,2025-02-06 17:09:32+00,1189
512,390778db,N621FB,N621FB,AS50,2025-02-06 18:10:08+00,2025-02-06 19:20:38+00,KDVT,KDVT,70.5,2025-02-06 18:09:40+00,2025-02-06 19:20:38+00,1541
1299,3907c792,N622FB,N622FB,AS50,2025-02-06 19:58:17+00,2025-02-06 20:30:40+00,KDVT,KDVT,32.38333333333333,2025-02-06 19:58:05+00,2025-02-06 20:31:06+00,817
1300,39084828,N622FB,N622FB,AS50,2025-02-06 22:57:53+00,2025-02-07 00:18:34+00,KDVT,KDVT,80.68333333333334,2025-02-06 22:57:17+00,2025-02-07 00:19:13+00,2015
1301,3908a90a,N622FB,N622FB,AS50,2025-02-07 01:26:12+00,2025-02-07 01:58:09+00,KDVT,KDVT,31.95,2025-02-07 01:25:54+00,2025-02-07 02:03:06+00,770
1968,3908ea92,N623FB,N623FB,AS50,2025-02-07 03:33:38+00,2025-02-07 05:27:39+00,KDVT,KDVT,114.01666666666667,2025-02-07 03:32:52+00,2025-02-07 05:28:10+00,2687
1969,39093968,N623FB,N623FB,AS50,2025-02-07 06:30:17+00,2025-02-07 07:26:28+00,KDVT,KGEU,56.18333333333333,2025-02-07 06:29:56+00,2025-02-07 07:31:26+00,1338
1302,3908bd88,N622FB,N622FB,AS50,2025-02-07 06:47:54+00,2025-02-07 06:57:58+00,KDVT,KDVT,10.066666666666666,2025-02-07 02:03:09+00,2025-02-07 06:56:55+00,3943
1970,390954b0,N623FB,N623FB,AS50,2025-02-07 07:31:06+00,2025-02-07 08:08:00+00,KGEU,KDVT,36.9,2025-02-07 07:31:29+00,2025-02-07 08:08:16+00,870
1303,39096237,N622FB,N622FB,AS50,2025-02-07 08:03:31+00,2025-02-07 08:21:33+00,KDVT,KGEU,18.033333333333335,2025-02-07 08:01:35+00,2025-02-07 08:26:31+00,400
1304,39096ded,N622FB,N622FB,AS50,2025-02-07 08:26:09+00,2025-02-07 09:34:56+00,KGEU,KDVT,68.78333333333333,2025-02-07 08:26:34+00,2025-02-07 09:35:30+00,1614
513,390a84dd,N621FB,N621FB,AS50,2025-02-07 15:35:18+00,2025-02-07 16:30:29+00,KDVT,KDVT,55.18333333333333,2025-02-07 15:34:22+00,2025-02-07 16:30:26+00,1255
514,390b00b3,N621FB,N621FB,AS50,2025-02-07 18:06:13+00,2025-02-07 19:16:16+00,KDVT,KDVT,70.05,2025-02-07 18:06:07+00,2025-02-07 19:16:23+00,1710
1971,390b7b1f,N623FB,N623FB,AS50,2025-02-07 20:33:48+00,2025-02-07 21:44:10+00,KDVT,KDVT,70.36666666666666,2025-02-07 20:33:01+00,2025-02-07 21:44:42+00,1640
1972,390be827,N623FB,N623FB,AS50,2025-02-07 22:52:14+00,2025-02-08 00:13:06+00,KDVT,KDVT,80.86666666666666,2025-02-07 22:51:06+00,2025-02-08 00:13:39+00,1716
515,390c88c4,N621FB,N621FB,AS50,2025-02-08 03:27:03+00,2025-02-08 05:13:57+00,KDVT,KDVT,106.9,2025-02-08 03:24:54+00,2025-02-08 05:14:10+00,2649
1973,390cb0b7,N623FB,N623FB,AS50,2025-02-08 05:03:22+00,2025-02-08 06:38:33+00,KDVT,KDVT,95.18333333333334,2025-02-08 05:02:53+00,2025-02-08 06:38:53+00,2259
516,390cd72c,N621FB,N621FB,AS50,2025-02-08 06:34:50+00,2025-02-08 08:11:08+00,KDVT,KDVT,96.3,2025-02-08 06:34:32+00,2025-02-08 08:13:47+00,2206
1974,390cf8b7,N623FB,N623FB,AS50,2025-02-08 08:00:20+00,2025-02-08 08:39:17+00,KDVT,KGEU,38.95,2025-02-08 07:58:35+00,2025-02-08 08:44:10+00,898
1975,390d0bcd,N623FB,N623FB,AS50,2025-02-08 08:43:52+00,2025-02-08 09:54:48+00,KGEU,KDVT,70.93333333333334,2025-02-08 08:44:18+00,2025-02-08 09:55:35+00,1611
517,390df1f8,N621FB,N621FB,AS50,2025-02-08 15:08:55+00,2025-02-08 16:01:41+00,KDVT,KDVT,52.766666666666666,2025-02-08 15:07:49+00,2025-02-08 16:01:51+00,1235
518,390e74b5,N621FB,N621FB,AS50,2025-02-08 18:05:54+00,2025-02-08 19:36:43+00,KDVT,KDVT,90.81666666666666,2025-02-08 18:05:22+00,2025-02-08 19:36:40+00,2065
1305,390f348b,N622FB,N622FB,AS50,2025-02-08 23:03:11+00,2025-02-09 00:25:09+00,KDVT,KDVT,81.96666666666667,2025-02-08 23:02:18+00,2025-02-09 00:25:51+00,1803
1306,390f93b4,N622FB,N622FB,AS50,2025-02-09 02:06:00+00,2025-02-09 03:40:51+00,KDVT,KDVT,94.85,2025-02-09 02:05:11+00,2025-02-09 03:41:19+00,2126
519,390fb61d,N621FB,N621FB,AS50,2025-02-09 03:31:57+00,2025-02-09 05:22:30+00,KDVT,KDVT,110.55,2025-02-09 03:30:36+00,2025-02-09 05:22:56+00,2548
1976,390fd8cb,N623FB,N623FB,AS50,2025-02-09 05:03:39+00,2025-02-09 06:40:09+00,KDVT,KDVT,96.5,2025-02-09 05:03:00+00,2025-02-09 06:40:27+00,2400
520,390ffbc0,N621FB,N621FB,AS50,2025-02-09 06:30:18+00,2025-02-09 08:08:01+00,KDVT,KDVT,97.71666666666667,2025-02-09 06:29:46+00,2025-02-09 08:08:26+00,2200
1977,39101ecc,N623FB,N623FB,AS50,2025-02-09 08:00:50+00,2025-02-09 09:28:38+00,KDVT,KDVT,87.8,2025-02-09 07:59:29+00,2025-02-09 09:29:14+00,2070
1978,39112217,N623FB,N623FB,AS50,2025-02-09 15:40:29+00,2025-02-09 16:38:01+00,KDVT,KDVT,57.53333333333333,2025-02-09 15:39:55+00,2025-02-09 16:38:20+00,1309
1979,391176e8,N623FB,N623FB,AS50,2025-02-09 17:39:44+00,2025-02-09 19:18:07+00,KDVT,KDVT,98.38333333333334,2025-02-09 17:39:35+00,2025-02-09 19:18:17+00,2615
1980,391256fa,N623FB,N623FB,AS50,2025-02-09 23:05:47+00,2025-02-10 00:29:56+00,KDVT,KDVT,84.15,2025-02-09 23:04:57+00,2025-02-10 00:30:42+00,1897
1981,3912b44d,N623FB,N623FB,AS50,2025-02-10 02:08:49+00,2025-02-10 03:44:10+00,KDVT,KDVT,95.35,2025-02-10 02:04:18+00,2025-02-10 03:45:08+00,2271
3357,3912dbb8,N625FB,N625FB,AS50,2025-02-10 03:39:07+00,2025-02-10 05:09:03+00,KDVT,KDVT,89.93333333333334,2025-02-10 03:38:20+00,2025-02-10 05:09:32+00,2006
1982,3912fe29,N623FB,N623FB,AS50,2025-02-10 05:03:49+00,2025-02-10 06:41:16+00,KDVT,KDVT,97.45,2025-02-10 05:03:23+00,2025-02-10 06:41:29+00,2226
3358,391327fa,N625FB,N625FB,AS50,2025-02-10 06:35:39+00,2025-02-10 08:07:48+00,KDVT,KDVT,92.15,2025-02-10 06:35:07+00,2025-02-10 08:08:32+00,2150
1983,39134df0,N623FB,N623FB,AS50,2025-02-10 08:02:16+00,2025-02-10 08:28:22+00,KDVT,KCHD,26.1,2025-02-10 08:01:54+00,2025-02-10 08:33:19+00,622
1984,39135c48,N623FB,N623FB,AS50,2025-02-10 08:32:08+00,2025-02-10 09:35:22+00,,KDVT,63.233333333333334,2025-02-10 08:33:23+00,2025-02-10 09:35:51+00,1312
3359,39146503,N625FB,N625FB,AS50,2025-02-10 15:34:21+00,2025-02-10 16:38:51+00,KDVT,KDVT,64.5,2025-02-10 15:34:06+00,2025-02-10 16:39:13+00,1564
521,39149d98,N621FB,N621FB,AS50,2025-02-10 16:48:57+00,2025-02-10 17:44:20+00,KDVT,KDVT,55.38333333333333,2025-02-10 16:48:52+00,2025-02-10 17:44:20+00,1319
3360,3914fc14,N625FB,N625FB,AS50,2025-02-10 19:05:48+00,,KDVT,,,2025-02-10 19:05:02+00,2025-02-10 19:10:33+00,124
3361,3914ffb6,N625FB,N625FB,AS50,2025-02-10 19:48:24+00,2025-02-10 20:02:04+00,KDVT,KDVT,13.666666666666666,2025-02-10 19:10:35+00,2025-02-10 20:02:04+00,1102
1307,39159ab4,N622FB,N622FB,AS50,2025-02-10 23:07:12+00,2025-02-11 00:39:56+00,KDVT,KDVT,92.73333333333333,2025-02-10 23:05:55+00,2025-02-11 00:39:56+00,1922
1308,3915fe96,N622FB,N622FB,AS50,2025-02-11 02:05:16+00,2025-02-11 03:44:19+00,KDVT,KDVT,99.05,2025-02-11 02:04:44+00,2025-02-11 03:45:13+00,2352
522,391627cd,N621FB,N621FB,AS50,2025-02-11 03:39:08+00,2025-02-11 05:10:09+00,KDVT,KDVT,91.01666666666667,2025-02-11 03:38:19+00,2025-02-11 05:10:38+00,2202
1985,3916486b,N623FB,N623FB,AS50,2025-02-11 05:04:48+00,,KDVT,,,2025-02-11 05:02:35+00,2025-02-11 05:07:41+00,70
1986,39164a8d,N623FB,N623FB,AS50,2025-02-11 05:07:14+00,2025-02-11 06:41:11+00,KDVT,KDVT,93.95,2025-02-11 05:07:44+00,2025-02-11 06:41:37+00,2341
523,39166da1,N621FB,N621FB,AS50,2025-02-11 06:35:08+00,2025-02-11 08:22:16+00,KDVT,KDVT,107.13333333333334,2025-02-11 06:34:29+00,2025-02-11 08:22:16+00,2635
1987,39169047,N623FB,N623FB,AS50,2025-02-11 08:01:44+00,2025-02-11 10:04:03+00,KDVT,KDVT,122.31666666666666,2025-02-11 08:01:53+00,2025-02-11 10:04:48+00,3038
1988,3917845e,N623FB,N623FB,AS50,2025-02-11 15:43:18+00,2025-02-11 16:44:27+00,KDVT,KDVT,61.15,2025-02-11 15:42:56+00,2025-02-11 16:44:27+00,1335
1309,391831e6,N622FB,N622FB,AS50,2025-02-11 20:30:08+00,2025-02-11 21:24:12+00,KDVT,KDVT,54.06666666666667,2025-02-11 20:28:58+00,2025-02-11 21:24:12+00,1175
1310,39189891,N622FB,N622FB,AS50,2025-02-11 23:29:43+00,2025-02-12 00:22:13+00,KDVT,KDVT,52.5,2025-02-11 23:29:24+00,2025-02-12 00:23:20+00,1192
1311,3918f1a7,N622FB,N622FB,AS50,2025-02-12 02:27:50+00,2025-02-12 03:41:07+00,KDVT,KDVT,73.28333333333333,2025-02-12 02:27:27+00,2025-02-12 03:42:09+00,1730
1989,3917e5a8,N623FB,N623FB,AS50,2025-02-12 03:34:02+00,2025-02-11 19:15:01+00,KDVT,,-499.01666666666665,2025-02-11 18:21:53+00,2025-02-12 03:38:29+00,1397
1990,39190f1b,N623FB,N623FB,AS50,2025-02-12 03:50:11+00,2025-02-12 05:12:13+00,KDVT,KDVT,82.03333333333333,2025-02-12 03:38:32+00,2025-02-12 05:13:16+00,2338
1312,39192fb8,N622FB,N622FB,AS50,2025-02-12 05:02:39+00,2025-02-12 07:01:23+00,KDVT,KPHX,118.73333333333333,2025-02-12 05:02:10+00,2025-02-12 07:03:39+00,2658
1991,3919548a,N623FB,N623FB,AS50,2025-02-12 06:33:22+00,2025-02-12 08:10:40+00,KDVT,KDVT,97.3,2025-02-12 06:31:51+00,2025-02-12 08:11:20+00,2158
1313,39197990,N622FB,N622FB,AS50,2025-02-12 08:03:45+00,,KPHX,,,2025-02-12 08:03:35+00,2025-02-12 08:08:52+00,127
1314,39197bb6,N622FB,N622FB,AS50,2025-02-12 08:08:11+00,2025-02-12 09:30:41+00,KPHX,KDVT,82.5,2025-02-12 08:08:53+00,2025-02-12 09:31:25+00,1774
1315,3919f15b,N622FB,N622FB,AS50,2025-02-12 12:19:04+00,,KDVT,,,2025-02-12 12:18:41+00,2025-02-12 12:26:47+00,153
1316,3919f9f5,N622FB,N622FB,AS50,2025-02-12 12:34:16+00,,KDVT,,,2025-02-12 12:34:29+00,2025-02-12 12:42:26+00,149
1317,3919fe1d,N622FB,N622FB,AS50,2025-02-12 12:42:06+00,2025-02-12 12:59:41+00,KDVT,KDVT,17.583333333333332,2025-02-12 12:42:27+00,2025-02-12 12:56:40+00,356
1318,391a1287,N622FB,N622FB,AS50,2025-02-12 13:16:20+00,2025-02-12 13:25:49+00,KDVT,KDVT,9.483333333333333,2025-02-12 13:16:42+00,2025-02-12 13:25:49+00,216
1992,391a6321,N623FB,N623FB,AS50,2025-02-12 15:27:01+00,2025-02-12 16:27:51+00,KDVT,KDVT,60.833333333333336,2025-02-12 15:26:27+00,2025-02-12 16:28:07+00,1352
524,391a7e01,N621FB,N621FB,AS50,2025-02-12 16:12:46+00,2025-02-12 16:31:43+00,KDVT,KDVT,18.95,2025-02-12 16:11:17+00,2025-02-12 16:32:37+00,312
1993,391adf5f,N623FB,N623FB,AS50,2025-02-12 19:00:27+00,,KDVT,,,2025-02-12 18:59:52+00,2025-02-12 19:05:24+00,94
1994,391ae2ae,N623FB,N623FB,AS50,2025-02-12 19:42:55+00,2025-02-12 19:57:43+00,KDVT,KDVT,14.8,2025-02-12 19:05:26+00,2025-02-12 19:57:43+00,1160
525,391b6772,N621FB,N621FB,AS50,2025-02-12 23:07:31+00,2025-02-13 00:32:15+00,KDVT,KDVT,84.73333333333333,2025-02-12 23:06:59+00,2025-02-13 00:33:37+00,2004
526,391b9f62,N621FB,N621FB,AS50,2025-02-13 00:50:00+00,2025-02-13 01:28:56+00,KDVT,KDVT,38.93333333333333,2025-02-13 00:49:59+00,2025-02-13 01:29:45+00,973
527,391bd699,N621FB,N621FB,AS50,2025-02-13 02:50:07+00,,KDVT,,,2025-02-13 02:49:27+00,2025-02-13 02:54:59+00,112
528,391bd8f8,N621FB,N621FB,AS50,2025-02-13 02:57:00+00,2025-02-13 03:43:29+00,KDVT,KDVT,46.483333333333334,2025-02-13 02:55:00+00,2025-02-13 03:44:36+00,1146
1995,391bea5a,N623FB,N623FB,AS50,2025-02-13 03:37:21+00,,KDVT,,,2025-02-13 03:35:53+00,2025-02-13 03:42:12+00,115
1996,391bece1,N623FB,N623FB,AS50,2025-02-13 03:41:04+00,2025-02-13 05:19:31+00,,KDVT,98.45,2025-02-13 03:42:14+00,2025-02-13 05:19:45+00,2565
1319,391c0c33,N622FB,N622FB,AS50,2025-02-13 05:03:04+00,,KDVT,,,2025-02-13 05:01:29+00,2025-02-13 05:26:27+00,527
1320,391c1927,N622FB,N622FB,AS50,2025-02-13 05:31:36+00,2025-02-13 06:38:06+00,KPHX,KDVT,66.5,2025-02-13 05:31:30+00,2025-02-13 06:38:43+00,1497
1997,391c32c1,N623FB,N623FB,AS50,2025-02-13 06:32:19+00,2025-02-13 08:23:33+00,KDVT,KDVT,111.23333333333333,2025-02-13 06:32:01+00,2025-02-13 08:23:58+00,2669
1321,391c5803,N622FB,N622FB,AS50,2025-02-13 08:02:33+00,2025-02-13 09:57:28+00,KDVT,KDVT,114.91666666666667,2025-02-13 08:01:53+00,2025-02-13 09:57:57+00,2523
3362,391d26dd,N625FB,N625FB,AS50,2025-02-13 14:29:45+00,,KDVT,,,2025-02-13 14:29:35+00,2025-02-13 15:27:26+00,1319
3363,391d6634,N625FB,N625FB,AS50,2025-02-13 16:05:32+00,2025-02-13 17:26:06+00,KDVT,KDVT,80.56666666666666,2025-02-13 16:05:23+00,2025-02-13 17:26:56+00,1943
2743,391dc94f,N624FB,N624FB,AS50,2025-02-13 18:45:34+00,2025-02-13 18:54:59+00,KDVT,KDVT,9.416666666666666,2025-02-13 18:41:50+00,2025-02-13 18:54:59+00,240
3364,391dd792,N625FB,N625FB,AS50,2025-02-13 19:05:02+00,2025-02-13 19:44:40+00,KDVT,KDVT,39.63333333333333,2025-02-13 19:04:36+00,2025-02-13 19:45:03+00,913
2744,391df3f8,N624FB,N624FB,AS50,2025-02-13 19:49:18+00,2025-02-13 19:59:20+00,KDVT,KDVT,10.033333333333333,2025-02-13 19:49:15+00,2025-02-13 19:59:20+00,217
2745,391e08f6,N624FB,N624FB,AS50,2025-02-13 20:22:20+00,2025-02-13 20:34:54+00,KDVT,KDVT,12.566666666666666,2025-02-13 20:22:20+00,2025-02-13 20:34:54+00,240
2746,391e21ca,N624FB,N624FB,AS50,2025-02-13 21:04:43+00,2025-02-13 21:19:07+00,KDVT,KDVT,14.4,2025-02-13 21:01:04+00,2025-02-13 21:19:07+00,291
1998,391e7750,N623FB,N623FB,AS50,2025-02-13 23:20:12+00,2025-02-14 00:29:17+00,KDVT,KDVT,69.08333333333333,2025-02-13 23:19:41+00,2025-02-14 00:29:52+00,1562
1999,391ece80,N623FB,N623FB,AS50,2025-02-14 01:58:57+00,2025-02-14 03:54:03+00,KDVT,KDVT,115.1,2025-02-14 01:58:03+00,2025-02-14 03:54:29+00,2784
529,391ef7d6,N621FB,N621FB,AS50,2025-02-14 03:28:14+00,2025-02-14 04:39:54+00,KDVT,,71.66666666666667,2025-02-14 03:27:51+00,2025-02-14 05:10:41+00,2293
1322,391f1f9f,N622FB,N622FB,AS50,2025-02-14 05:02:53+00,2025-02-14 06:38:10+00,KDVT,KDVT,95.28333333333333,2025-02-14 05:02:28+00,2025-02-14 06:39:48+00,2218
530,391f46c8,N621FB,N621FB,AS50,2025-02-14 06:32:14+00,2025-02-14 08:31:14+00,KDVT,KDVT,119,2025-02-14 06:31:53+00,2025-02-14 08:31:22+00,2861
1323,391f6d0f,N622FB,N622FB,AS50,2025-02-14 08:02:29+00,2025-02-14 09:37:24+00,KDVT,KDVT,94.91666666666667,2025-02-14 08:01:05+00,2025-02-14 09:38:13+00,2227
2000,3920ee4b,N623FB,N623FB,AS50,2025-02-14 18:01:18+00,2025-02-14 18:03:55+00,KDVT,KDVT,2.6166666666666667,2025-02-14 18:00:59+00,2025-02-14 18:03:55+00,58
2001,3920f1f8,N623FB,N623FB,AS50,2025-02-14 18:10:13+00,2025-02-14 18:59:07+00,KDVT,KDVT,48.9,2025-02-14 18:06:11+00,2025-02-14 19:02:34+00,1119
1324,3921b2a1,N622FB,N622FB,AS50,2025-02-14 23:03:56+00,2025-02-15 00:22:19+00,KDVT,KDVT,78.38333333333334,2025-02-14 23:03:11+00,2025-02-15 00:22:57+00,1857
1325,392213d5,N622FB,N622FB,AS50,2025-02-15 02:07:20+00,2025-02-15 03:46:11+00,KDVT,KDVT,98.85,2025-02-15 02:06:50+00,2025-02-15 03:46:59+00,2152
531,39223831,N621FB,N621FB,AS50,2025-02-15 03:33:58+00,2025-02-15 05:11:32+00,KDVT,KGEU,97.56666666666666,2025-02-15 03:33:30+00,2025-02-15 05:16:39+00,2410
1326,39225a1d,N622FB,N622FB,AS50,2025-02-15 05:02:25+00,2025-02-15 06:40:22+00,KDVT,KDVT,97.95,2025-02-15 05:01:50+00,2025-02-15 06:41:09+00,1949
532,39227f5d,N621FB,N621FB,AS50,2025-02-15 06:33:27+00,,KDVT,,,2025-02-15 06:32:53+00,2025-02-15 06:37:54+00,111
533,3922815b,N621FB,N621FB,AS50,2025-02-15 06:37:25+00,2025-02-15 08:12:07+00,KDVT,KDVT,94.7,2025-02-15 06:37:56+00,2025-02-15 08:13:41+00,2087
1327,3922a1e7,N622FB,N622FB,AS50,2025-02-15 08:01:46+00,2025-02-15 10:06:33+00,KDVT,KDVT,124.78333333333333,2025-02-15 08:01:10+00,2025-02-15 10:08:16+00,2812
534,3922fc3c,N621FB,N621FB,AS50,2025-02-15 11:19:50+00,,KDVT,,,2025-02-15 11:17:05+00,2025-02-15 11:27:35+00,150
535,392301d8,N621FB,N621FB,AS50,2025-02-15 11:27:24+00,,KDVT,,,2025-02-15 11:27:36+00,2025-02-15 11:35:28+00,141
536,39230607,N621FB,N621FB,AS50,2025-02-15 11:35:30+00,,KDVT,,,2025-02-15 11:35:30+00,2025-02-15 11:43:56+00,151
537,39230a43,N621FB,N621FB,AS50,2025-02-15 11:43:57+00,2025-02-15 12:25:20+00,KDVT,KDVT,41.38333333333333,2025-02-15 11:43:57+00,2025-02-15 12:25:51+00,949
3365,392336f1,N625FB,N625FB,AS50,2025-02-15 13:04:15+00,2025-02-15 14:07:41+00,KDVT,KDVT,63.43333333333333,2025-02-15 13:03:29+00,2025-02-15 14:07:41+00,1565
3366,3923d2d8,N625FB,N625FB,AS50,2025-02-15 17:25:28+00,2025-02-15 19:22:22+00,KDVT,KDVT,116.9,2025-02-15 17:24:03+00,2025-02-15 19:26:38+00,2816
1328,39247dbd,N622FB,N622FB,AS50,2025-02-15 23:00:54+00,2025-02-16 00:11:50+00,KDVT,KDVT,70.93333333333334,2025-02-15 23:00:23+00,2025-02-16 00:17:20+00,1535
1329,3924a395,N622FB,N622FB,AS50,2025-02-16 00:18:13+00,2025-02-16 00:23:03+00,KDVT,KDVT,4.833333333333333,2025-02-16 00:18:29+00,2025-02-16 00:23:03+00,52
1330,3924a70a,N622FB,N622FB,AS50,2025-02-16 00:24:54+00,,,,,2025-02-16 00:26:01+00,2025-02-16 00:27:52+00,45
1331,3924a985,N622FB,N622FB,AS50,2025-02-16 00:29:56+00,,,,,2025-02-16 00:31:01+00,2025-02-16 00:38:15+00,131
1332,3924d369,N622FB,N622FB,AS50,2025-02-16 02:08:31+00,,KDVT,,,2025-02-16 02:08:05+00,2025-02-16 02:13:23+00,110
1333,3924d587,N622FB,N622FB,AS50,2025-02-16 02:12:52+00,2025-02-16 03:40:01+00,KDVT,KDVT,87.15,2025-02-16 02:13:25+00,2025-02-16 03:40:08+00,2260
2003,3924f436,N623FB,N623FB,AS50,2025-02-16 03:32:20+00,2025-02-16 05:10:02+00,KDVT,KDVT,97.7,2025-02-16 03:32:15+00,2025-02-16 05:10:49+00,2145
1334,392513d4,N622FB,N622FB,AS50,2025-02-16 05:02:04+00,2025-02-16 06:40:03+00,KDVT,KDVT,97.98333333333333,2025-02-16 05:01:29+00,2025-02-16 06:40:43+00,2130
2004,392536b0,N623FB,N623FB,AS50,2025-02-16 06:30:51+00,2025-02-16 08:19:09+00,KDVT,KDVT,108.3,2025-02-16 06:30:22+00,2025-02-16 08:19:38+00,2535
1335,39255a29,N622FB,N622FB,AS50,2025-02-16 08:03:52+00,,KDVT,,,2025-02-16 08:02:45+00,2025-02-16 09:08:33+00,1450
1336,39257475,N622FB,N622FB,AS50,2025-02-16 09:08:03+00,2025-02-16 09:42:04+00,KCHD,KDVT,34.016666666666666,2025-02-16 09:08:34+00,2025-02-16 09:42:40+00,767
1921,392612ad,N623FB,N623FB,AS50,2025-02-16 14:15:34+00,2025-02-16 15:12:13+00,KDVT,KDVT,56.65,2025-02-16 14:15:28+00,2025-02-16 15:12:26+00,1330
1922,39267429,N623FB,N623FB,AS50,2025-02-16 17:04:22+00,2025-02-16 17:29:54+00,KDVT,KDVT,25.533333333333335,2025-02-16 17:04:10+00,2025-02-16 17:30:11+00,397
1234,39273987,N622FB,N622FB,AS50,2025-02-16 23:08:19+00,2025-02-17 00:38:34+00,KDVT,KDVT,90.25,2025-02-16 23:07:27+00,2025-02-17 00:38:48+00,2129
1235,39279139,N622FB,N622FB,AS50,2025-02-17 02:04:24+00,2025-02-17 03:43:37+00,KDVT,KDVT,99.21666666666667,2025-02-17 02:03:24+00,2025-02-17 03:44:59+00,2247
475,3927b69d,N621FB,N621FB,AS50,2025-02-17 03:34:17+00,2025-02-17 03:40:15+00,KDVT,KDVT,5.966666666666667,2025-02-17 03:32:23+00,2025-02-17 03:37:25+00,74
476,3927c872,N621FB,N621FB,AS50,2025-02-17 04:15:42+00,2025-02-17 05:09:10+00,KDVT,KDVT,53.46666666666667,2025-02-17 04:16:01+00,2025-02-17 05:09:26+00,1290
1236,3927db7c,N622FB,N622FB,AS50,2025-02-17 05:02:47+00,,KDVT,,,2025-02-17 05:02:16+00,2025-02-17 05:07:42+00,119
1237,3927ddca,N622FB,N622FB,AS50,2025-02-17 05:06:29+00,2025-02-17 06:40:10+00,,KDVT,93.68333333333334,2025-02-17 05:07:43+00,2025-02-17 06:41:01+00,2315
477,392802e1,N621FB,N621FB,AS50,2025-02-17 06:33:27+00,2025-02-17 08:06:35+00,KDVT,KDVT,93.13333333333334,2025-02-17 06:32:18+00,2025-02-17 08:07:02+00,2257
1238,392828be,N622FB,N622FB,AS50,2025-02-17 08:02:27+00,2025-02-17 09:39:30+00,KDVT,KDVT,97.05,2025-02-17 08:02:09+00,2025-02-17 09:40:00+00,2304
1239,392872e9,N622FB,N622FB,AS50,2025-02-17 10:41:07+00,2025-02-17 11:37:39+00,KDVT,KDVT,56.53333333333333,2025-02-17 10:41:07+00,2025-02-17 11:38:05+00,1247
478,39293adb,N621FB,N621FB,AS50,2025-02-17 15:48:52+00,2025-02-17 16:55:41+00,KDVT,KDVT,66.81666666666666,2025-02-17 15:48:09+00,2025-02-17 16:56:25+00,1525
479,3929bf66,N621FB,N621FB,AS50,2025-02-17 19:06:31+00,2025-02-17 19:53:04+00,KDVT,KDVT,46.55,2025-02-17 19:05:44+00,2025-02-17 19:54:36+00,1048
1240,392a5675,N622FB,N622FB,AS50,2025-02-17 23:06:58+00,2025-02-18 00:18:52+00,KDVT,KDVT,71.9,2025-02-17 23:06:16+00,2025-02-18 00:20:08+00,1516
1241,392a83bf,N622FB,N622FB,AS50,2025-02-18 00:52:02+00,,KDVT,,,2025-02-18 00:22:42+00,2025-02-18 00:56:32+00,83
480,392ab5d6,N621FB,N621FB,AS50,2025-02-18 02:01:15+00,2025-02-18 02:12:38+00,KDVT,KDVT,11.383333333333333,2025-02-18 01:58:30+00,2025-02-18 02:12:38+00,217
1242,392a9683,N622FB,N622FB,AS50,2025-02-18 02:05:01+00,2025-02-18 03:01:10+00,KDVT,KDVT,56.15,2025-02-18 00:56:33+00,2025-02-18 03:03:28+00,1812
481,392abda2,N621FB,N621FB,AS50,2025-02-18 02:14:43+00,,KDVT,,,2025-02-18 02:14:29+00,2025-02-18 02:19:21+00,114
482,392ac3d0,N621FB,N621FB,AS50,2025-02-18 02:27:47+00,,KDVT,,,2025-02-18 02:28:05+00,2025-02-18 02:37:50+00,171
483,392ac874,N621FB,N621FB,AS50,2025-02-18 02:37:47+00,,KDVT,,,2025-02-18 02:37:51+00,2025-02-18 02:53:21+00,303
484,392acf68,N621FB,N621FB,AS50,2025-02-18 02:53:02+00,,KDVT,,,2025-02-18 02:53:22+00,2025-02-18 03:00:59+00,175
485,392ad2e1,N621FB,N621FB,AS50,2025-02-18 03:00:41+00,2025-02-18 03:26:07+00,KDVT,KDVT,25.433333333333334,2025-02-18 03:01:00+00,2025-02-18 03:23:28+00,488
1923,392ae53a,N623FB,N623FB,AS50,2025-02-18 03:44:03+00,,KDVT,,,2025-02-18 03:43:03+00,2025-02-18 03:48:56+00,108
1924,392ae7ab,N623FB,N623FB,AS50,2025-02-18 04:56:56+00,2025-02-18 05:10:09+00,KDVT,KDVT,13.216666666666667,2025-02-18 03:48:58+00,2025-02-18 05:10:09+00,1827
486,392b0596,N621FB,N621FB,AS50,2025-02-18 05:02:43+00,2025-02-18 06:49:54+00,KDVT,KDVT,107.18333333333334,2025-02-18 05:01:55+00,2025-02-18 06:50:35+00,2361
1925,392b3016,N623FB,N623FB,AS50,2025-02-18 06:38:37+00,,KDVT,,,2025-02-18 06:38:02+00,2025-02-18 06:43:31+00,104
1926,392b323f,N623FB,N623FB,AS50,2025-02-18 07:24:48+00,2025-02-18 08:15:49+00,KDVT,KDVT,51.016666666666666,2025-02-18 06:43:33+00,2025-02-18 08:16:15+00,2146
487,392b53df,N621FB,N621FB,AS50,2025-02-18 08:02:36+00,,KDVT,,,2025-02-18 08:02:14+00,2025-02-18 09:22:54+00,1824
488,392b78de,N621FB,N621FB,AS50,2025-02-18 09:21:02+00,2025-02-18 09:38:33+00,KCHD,KDVT,17.516666666666666,2025-02-18 09:22:56+00,2025-02-18 09:39:16+00,271
2673,392c4375,N624FB,N624FB,AS50,2025-02-18 14:57:50+00,2025-02-18 15:09:49+00,KDVT,KDVT,11.983333333333333,2025-02-18 14:53:02+00,2025-02-18 15:09:49+00,272
2674,392c78db,N624FB,N624FB,AS50,2025-02-18 16:09:23+00,,KDVT,,,2025-02-18 16:06:27+00,2025-02-18 16:13:23+00,104
2675,392c7dbf,N624FB,N624FB,AS50,2025-02-18 16:13:04+00,2025-02-18 16:21:31+00,KDVT,KDVT,8.45,2025-02-18 16:13:25+00,2025-02-18 16:21:31+00,166
2676,392c8f80,N624FB,N624FB,AS50,2025-02-18 16:42:23+00,2025-02-18 16:54:06+00,KDVT,,11.716666666666667,2025-02-18 16:39:55+00,2025-02-18 17:12:34+00,449
489,392ce4ec,N621FB,N621FB,AS50,2025-02-18 18:52:58+00,2025-02-18 19:50:04+00,KDVT,KDVT,57.1,2025-02-18 18:52:39+00,2025-02-18 19:50:04+00,1231
490,392d17a1,N621FB,N621FB,AS50,2025-02-18 20:10:47+00,2025-02-18 20:57:51+00,KDVT,KDVT,47.06666666666667,2025-02-18 20:11:05+00,2025-02-18 20:58:03+00,981
1927,392d6495,N623FB,N623FB,AS50,2025-02-18 22:17:12+00,2025-02-18 23:44:22+00,KDVT,KDVT,87.16666666666667,2025-02-18 22:16:14+00,2025-02-18 23:46:13+00,2124
1928,392de63d,N623FB,N623FB,AS50,2025-02-19 02:08:01+00,2025-02-19 03:45:50+00,KDVT,KDVT,97.81666666666666,2025-02-19 02:06:46+00,2025-02-19 03:46:50+00,2328
2677,392e0e99,N624FB,N624FB,AS50,2025-02-19 03:39:52+00,2025-02-19 05:20:33+00,KDVT,KDVT,100.68333333333334,2025-02-19 03:38:12+00,2025-02-19 05:21:05+00,2443
1243,392e309e,N622FB,N622FB,AS50,2025-02-19 05:03:08+00,2025-02-19 05:28:59+00,KDVT,KDVT,25.85,2025-02-19 05:01:28+00,2025-02-19 05:33:32+00,554
1244,392e3e9b,N622FB,N622FB,AS50,2025-02-19 05:33:39+00,,KDVT,,,2025-02-19 05:33:34+00,2025-02-19 05:38:36+00,94
1245,392e40e0,N622FB,N622FB,AS50,2025-02-19 05:40:05+00,2025-02-19 06:41:46+00,KDVT,KDVT,61.68333333333333,2025-02-19 05:38:37+00,2025-02-19 06:43:03+00,1375
2678,392e57e5,N624FB,N624FB,AS50,2025-02-19 06:32:05+00,,KDVT,,,2025-02-19 06:31:06+00,2025-02-19 06:36:56+00,101
2679,392e5a62,N624FB,N624FB,AS50,2025-02-19 07:12:39+00,2025-02-19 08:06:58+00,,KDVT,54.31666666666667,2025-02-19 06:36:57+00,2025-02-19 08:07:13+00,2009
1246,392e79e5,N622FB,N622FB,AS50,2025-02-19 07:52:37+00,2025-02-19 09:12:50+00,KDVT,KDVT,80.21666666666667,2025-02-19 07:51:02+00,2025-02-19 09:13:25+00,1975
1247,392eb917,N622FB,N622FB,AS50,2025-02-19 10:06:22+00,2025-02-19 10:21:16+00,KDVT,KDVT,14.9,2025-02-19 10:06:17+00,2025-02-19 10:21:16+00,261
1929,392f823b,N623FB,N623FB,AS50,2025-02-19 15:32:03+00,2025-02-19 16:26:24+00,KDVT,KDVT,54.35,2025-02-19 15:31:24+00,2025-02-19 16:27:20+00,1035
1930,392fd3f4,N623FB,N623FB,AS50,2025-02-19 17:38:33+00,,KDVT,,,2025-02-19 17:38:24+00,2025-02-19 17:56:00+00,398
1931,392fdeae,N623FB,N623FB,AS50,2025-02-19 18:25:05+00,2025-02-19 18:34:22+00,,KDVT,9.283333333333333,2025-02-19 17:56:01+00,2025-02-19 18:34:22+00,897
2680,39305872,N624FB,N624FB,AS50,2025-02-19 21:16:39+00,2025-02-19 22:32:56+00,KDVT,KDVT,76.28333333333333,2025-02-19 21:16:35+00,2025-02-19 22:33:00+00,1500
2681,3930f5e6,N624FB,N624FB,AS50,2025-02-20 01:59:02+00,2025-02-20 03:35:34+00,KDVT,KDVT,96.53333333333333,2025-02-20 01:58:21+00,2025-02-20 03:36:10+00,2128
1932,39312051,N623FB,N623FB,AS50,2025-02-20 03:30:51+00,2025-02-20 05:10:19+00,KDVT,KDVT,99.46666666666667,2025-02-20 03:30:19+00,2025-02-20 05:10:44+00,2510
1248,39314635,N622FB,N622FB,AS50,2025-02-20 05:03:01+00,2025-02-20 06:36:11+00,KDVT,KDVT,93.16666666666667,2025-02-20 05:02:27+00,2025-02-20 06:37:40+00,2190
1933,39316e33,N623FB,N623FB,AS50,2025-02-20 06:33:16+00,2025-02-20 08:08:11+00,KDVT,KDVT,94.91666666666667,2025-02-20 06:33:00+00,2025-02-20 08:09:00+00,2114
1249,393193b6,N622FB,N622FB,AS50,2025-02-20 08:02:47+00,2025-02-20 09:29:08+00,KDVT,KDVT,86.35,2025-02-20 08:01:05+00,2025-02-20 09:30:04+00,1821
491,39328e22,N621FB,N621FB,AS50,2025-02-20 15:18:20+00,2025-02-20 16:14:07+00,KDVT,KDVT,55.78333333333333,2025-02-20 15:17:34+00,2025-02-20 16:15:53+00,1391
492,393309d8,N621FB,N621FB,AS50,2025-02-20 18:19:55+00,2025-02-20 19:14:32+00,KDVT,KDVT,54.61666666666667,2025-02-20 18:18:43+00,2025-02-20 19:14:48+00,1290
1250,3933cb13,N622FB,N622FB,AS50,2025-02-20 23:03:29+00,,KDVT,,,2025-02-20 23:03:03+00,2025-02-20 23:08:23+00,109
1251,3933cee0,N622FB,N622FB,AS50,2025-02-20 23:07:05+00,2025-02-21 00:24:11+00,KDVT,KDVT,77.1,2025-02-20 23:08:24+00,2025-02-21 00:24:39+00,1924
1252,3934348f,N622FB,N622FB,AS50,2025-02-21 01:58:47+00,2025-02-21 03:53:46+00,KDVT,KDVT,114.98333333333333,2025-02-21 01:58:27+00,2025-02-21 03:54:23+00,2672
1934,3934615b,N623FB,N623FB,AS50,2025-02-21 03:30:36+00,,KDVT,,,2025-02-21 03:29:35+00,2025-02-21 03:35:29+00,105
1935,39346413,N623FB,N623FB,AS50,2025-02-21 03:34:16+00,2025-02-21 05:12:43+00,,KDVT,98.45,2025-02-21 03:35:30+00,2025-02-21 05:13:56+00,2341
2682,393488d6,N624FB,N624FB,AS50,2025-02-21 05:03:13+00,2025-02-21 06:35:50+00,KDVT,KDVT,92.61666666666666,2025-02-21 05:02:17+00,2025-02-21 06:37:15+00,2325
1936,3934afd6,N623FB,N623FB,AS50,2025-02-21 06:32:33+00,2025-02-21 07:01:02+00,KDVT,KCHD,28.483333333333334,2025-02-21 06:31:29+00,2025-02-21 07:08:20+00,456
1937,3934bfa3,N623FB,N623FB,AS50,2025-02-21 07:09:33+00,,KCHD,,,2025-02-21 07:08:25+00,2025-02-21 07:13:29+00,49
1938,3934c1a0,N623FB,N623FB,AS50,2025-02-21 07:13:06+00,2025-02-21 08:07:14+00,KCHD,KDVT,54.13333333333333,2025-02-21 07:13:31+00,2025-02-21 08:07:57+00,1241
2683,3934d643,N624FB,N624FB,AS50,2025-02-21 08:02:29+00,2025-02-21 09:27:37+00,KDVT,KDVT,85.13333333333334,2025-02-21 08:01:37+00,2025-02-21 09:28:19+00,1892
1253,3935d243,N622FB,N622FB,AS50,2025-02-21 15:03:47+00,2025-02-21 16:01:21+00,KDVT,KDVT,57.56666666666667,2025-02-21 15:03:06+00,2025-02-21 16:02:34+00,1367
1254,3936614f,N622FB,N622FB,AS50,2025-02-21 18:15:31+00,2025-02-21 19:10:14+00,KDVT,KDVT,54.71666666666667,2025-02-21 18:14:57+00,2025-02-21 19:10:44+00,1210
493,3937957c,N621FB,N621FB,AS50,2025-02-22 02:02:55+00,,KDVT,,,2025-02-22 02:02:01+00,2025-02-22 02:07:47+00,84
494,3937983b,N621FB,N621FB,AS50,2025-02-22 02:18:59+00,,,,,2025-02-22 02:07:48+00,2025-02-22 02:44:20+00,822
495,3937a8e0,N621FB,N621FB,AS50,2025-02-22 02:43:39+00,2025-02-22 03:45:37+00,KDVT,KDVT,61.96666666666667,2025-02-22 02:44:21+00,2025-02-22 03:46:14+00,1160
1939,3937bdeb,N623FB,N623FB,AS50,2025-02-22 03:34:04+00,2025-02-22 05:16:46+00,KDVT,KDVT,102.7,2025-02-22 03:33:22+00,2025-02-22 05:17:14+00,2483
2684,3937e011,N624FB,N624FB,AS50,2025-02-22 05:03:11+00,2025-02-22 06:36:53+00,KDVT,KPHX,93.7,2025-02-22 05:00:14+00,2025-02-22 06:38:12+00,2215
1940,393804f6,N623FB,N623FB,AS50,2025-02-22 06:31:39+00,,KDVT,,,2025-02-22 06:31:11+00,2025-02-22 06:36:30+00,123
1941,39380700,N623FB,N623FB,AS50,2025-02-22 06:35:25+00,2025-02-22 08:11:54+00,,KDVT,96.48333333333333,2025-02-22 06:36:31+00,2025-02-22 08:12:19+00,2195
2685,393827a9,N624FB,N624FB,AS50,2025-02-22 08:02:27+00,,KPHX,,,2025-02-22 08:00:07+00,2025-02-22 08:06:45+00,90
2686,39382a85,N624FB,N624FB,AS50,2025-02-22 08:06:34+00,2025-02-22 10:08:14+00,KPHX,KDVT,121.66666666666667,2025-02-22 08:06:46+00,2025-02-22 10:09:12+00,2832
496,3938b833,N621FB,N621FB,AS50,2025-02-22 12:48:19+00,2025-02-22 13:54:59+00,KDVT,KDVT,66.66666666666667,2025-02-22 12:47:52+00,2025-02-22 13:55:20+00,1559
1942,39397615,N623FB,N623FB,AS50,2025-02-22 17:07:06+00,2025-02-22 17:25:59+00,KDVT,KCHD,18.883333333333333,2025-02-22 17:05:03+00,2025-02-22 17:27:35+00,395
497,39399d4e,N621FB,N621FB,AS50,2025-02-22 18:02:15+00,,KDVT,,,2025-02-22 18:00:59+00,2025-02-22 18:06:02+00,80
498,3939a0dd,N621FB,N621FB,AS50,2025-02-22 18:04:57+00,2025-02-22 19:23:10+00,,KDVT,78.21666666666667,2025-02-22 18:06:03+00,2025-02-22 19:23:20+00,1899
1943,3939e445,N623FB,N623FB,AS50,2025-02-22 19:44:49+00,2025-02-22 20:01:13+00,KCHD,KDVT,16.4,2025-02-22 19:44:39+00,2025-02-22 20:04:06+00,287
1255,393abe48,N622FB,N622FB,AS50,2025-02-23 02:20:44+00,,KDVT,,,2025-02-23 02:19:58+00,2025-02-23 02:25:31+00,118
1256,393ac08e,N622FB,N622FB,AS50,2025-02-23 02:25:40+00,2025-02-23 03:39:44+00,KDVT,KDVT,74.06666666666666,2025-02-23 02:25:33+00,2025-02-23 03:40:26+00,1945
1944,393ad8f4,N623FB,N623FB,AS50,2025-02-23 03:30:20+00,2025-02-23 05:17:19+00,KDVT,KDVT,106.98333333333333,2025-02-23 03:29:04+00,2025-02-23 05:18:02+00,2500
2687,393afa4a,N624FB,N624FB,AS50,2025-02-23 05:04:41+00,,KDVT,,,2025-02-23 05:02:22+00,2025-02-23 05:09:34+00,116
2688,393afd63,N624FB,N624FB,AS50,2025-02-23 05:46:53+00,2025-02-23 06:39:05+00,KDVT,KDVT,52.2,2025-02-23 05:09:35+00,2025-02-23 06:40:23+00,2229
1945,393b1bd3,N623FB,N623FB,AS50,2025-02-23 06:29:45+00,,KDVT,,,2025-02-23 06:29:06+00,2025-02-23 06:34:38+00,117
1946,393b1dde,N623FB,N623FB,AS50,2025-02-23 06:34:30+00,,KDVT,,,2025-02-23 06:34:39+00,2025-02-23 06:58:52+00,600
1947,393b269b,N623FB,N623FB,AS50,2025-02-23 06:58:12+00,2025-02-23 08:11:05+00,KGEU,KDVT,72.88333333333334,2025-02-23 06:58:53+00,2025-02-23 08:11:53+00,1587
2689,393b3d4c,N624FB,N624FB,AS50,2025-02-23 08:01:37+00,2025-02-23 08:07:00+00,KDVT,KDVT,5.383333333333334,2025-02-23 07:59:35+00,2025-02-23 08:04:40+00,87
2690,393b3f5a,N624FB,N624FB,AS50,2025-02-23 08:03:26+00,2025-02-23 09:24:24+00,KDVT,KDVT,80.96666666666667,2025-02-23 08:04:41+00,2025-02-23 09:24:51+00,1938
1948,393c4f64,N623FB,N623FB,AS50,2025-02-23 16:11:17+00,2025-02-23 17:08:09+00,KDVT,KDVT,56.86666666666667,2025-02-23 16:10:21+00,2025-02-23 17:08:36+00,1256
1949,393cbf0c,N623FB,N623FB,AS50,2025-02-23 18:49:15+00,2025-02-23 19:27:59+00,KDVT,,38.733333333333334,2025-02-23 18:48:35+00,2025-02-23 20:01:37+00,1741
1950,393cf36e,N623FB,N623FB,AS50,2025-02-23 20:01:30+00,2025-02-23 20:06:51+00,KSDL,KDVT,5.35,2025-02-23 20:01:38+00,2025-02-23 20:06:51+00,89
2691,393d6a4f,N624FB,N624FB,AS50,2025-02-23 23:05:25+00,,KDVT,,,2025-02-23 23:04:14+00,2025-02-23 23:10:15+00,119
2692,393dc7ff,N624FB,N624FB,AS50,2025-02-24 02:04:02+00,2025-02-24 03:41:17+00,KDVT,KDVT,97.25,2025-02-24 02:02:42+00,2025-02-24 03:42:23+00,2268
2693,393e109a,N624FB,N624FB,AS50,2025-02-24 05:02:06+00,2025-02-24 06:32:32+00,KDVT,KDVT,90.43333333333334,2025-02-24 05:01:40+00,2025-02-24 06:34:47+00,1973
2694,393e5b94,N624FB,N624FB,AS50,2025-02-24 08:00:29+00,,KDVT,,,2025-02-24 07:59:35+00,2025-02-24 08:04:38+00,81
2695,393e5dc9,N624FB,N624FB,AS50,2025-02-24 08:03:25+00,2025-02-24 09:33:19+00,KDVT,KDVT,89.9,2025-02-24 08:04:40+00,2025-02-24 09:33:44+00,2029
2696,393f6c96,N624FB,N624FB,AS50,2025-02-24 15:41:48+00,2025-02-24 16:39:43+00,KDVT,KDVT,57.916666666666664,2025-02-24 15:41:07+00,2025-02-24 16:39:57+00,1240
1257,3940947e,N622FB,N622FB,AS50,2025-02-24 23:04:07+00,2025-02-25 00:49:33+00,KDVT,KDVT,105.43333333333334,2025-02-24 23:02:32+00,2025-02-25 00:50:55+00,2468
1258,3940f9aa,N622FB,N622FB,AS50,2025-02-25 02:04:04+00,2025-02-25 03:52:55+00,KDVT,KDVT,108.85,2025-02-25 02:03:21+00,2025-02-25 03:53:42+00,2313
2697,3940e048,N624FB,N624FB,AS50,2025-02-25 03:31:11+00,,KDVT,,,2025-02-25 03:28:57+00,2025-02-25 03:35:36+00,102
2698,394123d8,N624FB,N624FB,AS50,2025-02-25 04:49:43+00,2025-02-25 05:02:56+00,KDVT,KDVT,13.216666666666667,2025-02-25 03:35:38+00,2025-02-25 05:02:56+00,2024
499,394146f1,N621FB,N621FB,AS50,2025-02-25 05:04:40+00,2025-02-25 06:42:52+00,KDVT,KDVT,98.2,2025-02-25 05:02:37+00,2025-02-25 06:44:07+00,2130
2699,39416dfb,N624FB,N624FB,AS50,2025-02-25 06:32:00+00,2025-02-25 07:51:15+00,KDVT,KDVT,79.25,2025-02-25 06:31:05+00,2025-02-25 07:51:49+00,1978
500,3942a688,N621FB,N621FB,AS50,2025-02-25 15:51:26+00,2025-02-25 16:50:14+00,KDVT,KDVT,58.8,2025-02-25 15:50:35+00,2025-02-25 16:51:29+00,1314
501,394329d6,N621FB,N621FB,AS50,2025-02-25 18:49:39+00,2025-02-25 19:44:50+00,KDVT,,55.18333333333333,2025-02-25 18:49:38+00,2025-02-25 20:16:56+00,1863
2700,3943dd32,N624FB,N624FB,AS50,2025-02-25 23:09:26+00,2025-02-26 00:55:01+00,KDVT,KDVT,105.58333333333333,2025-02-25 23:08:37+00,2025-02-26 00:55:06+00,2785
2701,394443f1,N624FB,N624FB,AS50,2025-02-26 02:02:52+00,2025-02-26 03:38:42+00,KDVT,KDVT,95.83333333333333,2025-02-26 02:01:57+00,2025-02-26 03:39:17+00,2427
2702,394491e3,N624FB,N624FB,AS50,2025-02-26 04:59:52+00,2025-02-26 05:15:05+00,KDVT,KGEU,15.216666666666667,2025-02-26 04:59:20+00,2025-02-26 05:24:57+00,456
2703,39449cfb,N624FB,N624FB,AS50,2025-02-26 05:24:24+00,2025-02-26 06:34:11+00,KGEU,KDVT,69.78333333333333,2025-02-26 05:24:58+00,2025-02-26 06:35:16+00,1723
2704,3944de2a,N624FB,N624FB,AS50,2025-02-26 07:57:08+00,,KDVT,,,2025-02-26 07:56:59+00,2025-02-26 08:02:00+00,104
2705,3944e064,N624FB,N624FB,AS50,2025-02-26 08:00:33+00,2025-02-26 09:20:36+00,KDVT,KDVT,80.05,2025-02-26 08:02:02+00,2025-02-26 09:21:11+00,1808
2706,3945d0c7,N624FB,N624FB,AS50,2025-02-26 14:52:35+00,2025-02-26 15:22:55+00,KDVT,KDVT,30.333333333333332,2025-02-26 14:51:49+00,2025-02-26 15:31:11+00,144
2709,394616c8,N624FB,N624FB,AS50,2025-02-26 16:17:35+00,2025-02-26 16:33:47+00,KDVT,KDVT,16.2,2025-02-26 16:17:42+00,2025-02-26 16:32:01+00,114
2710,3946382e,N624FB,N624FB,AS50,2025-02-26 17:02:19+00,,KDVT,,,2025-02-26 17:00:10+00,2025-02-26 17:09:55+00,135
2713,39465f68,N624FB,N624FB,AS50,2025-02-26 18:07:17+00,2025-02-26 18:26:15+00,KDVT,KDVT,18.966666666666665,2025-02-26 17:51:14+00,2025-02-26 18:26:45+00,371
2714,3946e1d4,N624FB,N624FB,AS50,2025-02-26 20:43:36+00,2025-02-26 21:23:06+00,KDVT,KDVT,39.5,2025-02-26 20:43:03+00,2025-02-26 21:23:08+00,847
2715,39470308,N624FB,N624FB,AS50,2025-02-26 21:29:30+00,2025-02-26 21:44:52+00,KDVT,,15.366666666666667,2025-02-26 21:28:23+00,2025-02-26 21:54:34+00,384
1259,39472476,N622FB,N622FB,AS50,2025-02-26 22:16:56+00,2025-02-26 23:06:45+00,KDVT,KDVT,49.81666666666667,2025-02-26 22:17:01+00,2025-02-26 23:11:37+00,126
2716,3947461d,N624FB,N624FB,AS50,2025-02-26 23:05:12+00,2025-02-27 00:26:51+00,KDVT,KDVT,81.65,2025-02-26 23:05:24+00,2025-02-27 00:26:56+00,1828
1261,394753ce,N622FB,N622FB,AS50,2025-02-26 23:28:01+00,2025-02-26 23:29:39+00,KDVT,KDVT,1.6333333333333333,2025-02-26 23:25:32+00,2025-02-26 23:29:39+00,28
1262,39475809,N622FB,N622FB,AS50,2025-02-26 23:34:26+00,,KDVT,,,2025-02-26 23:31:34+00,2025-02-26 23:36:02+00,37
1263,39475c5b,N622FB,N622FB,AS50,2025-02-26 23:40:21+00,,KDVT,,,2025-02-26 23:37:53+00,2025-02-26 23:42:29+00,39
1264,39476357,N622FB,N622FB,AS50,2025-02-26 23:48:47+00,,KDVT,,,2025-02-26 23:48:59+00,2025-02-26 23:50:16+00,25
1266,39476823,N622FB,N622FB,AS50,2025-02-26 23:56:18+00,,KDVT,,,2025-02-26 23:56:31+00,2025-02-26 23:57:57+00,26
1267,39476ae7,N622FB,N622FB,AS50,2025-02-27 00:03:17+00,2025-02-27 00:04:59+00,KDVT,KDVT,1.7,2025-02-27 00:00:46+00,2025-02-27 00:04:59+00,42
1268,39476ff0,N622FB,N622FB,AS50,2025-02-27 00:11:28+00,,KDVT,,,2025-02-27 00:08:17+00,2025-02-27 00:13:07+00,53
1269,394777de,N622FB,N622FB,AS50,2025-02-27 00:20:34+00,,KDVT,,,2025-02-27 00:20:33+00,2025-02-27 00:22:13+00,37
1270,39477ad0,N622FB,N622FB,AS50,2025-02-27 00:28:11+00,,KDVT,,,2025-02-27 00:25:29+00,2025-02-27 00:29:53+00,52
1272,3947810a,N622FB,N622FB,AS50,2025-02-27 00:34:55+00,,KDVT,,,2025-02-27 00:34:58+00,2025-02-27 00:39:52+00,56
1273,39478532,N622FB,N622FB,AS50,2025-02-27 00:40:37+00,,KDVT,,,2025-02-27 00:41:39+00,2025-02-27 00:43:20+00,35
1274,39478c51,N622FB,N622FB,AS50,2025-02-27 00:53:33+00,,KDVT,,,2025-02-27 00:53:37+00,2025-02-27 00:59:17+00,50
1275,39479374,N622FB,N622FB,AS50,2025-02-27 01:05:51+00,2025-02-27 01:11:28+00,KDVT,KDVT,5.616666666666666,2025-02-27 01:05:56+00,2025-02-27 01:11:28+00,112
1276,3947a896,N622FB,N622FB,AS50,2025-02-27 01:46:45+00,2025-02-27 01:51:48+00,KDVT,KDVT,5.05,2025-02-27 01:44:06+00,2025-02-27 01:49:13+00,68
2717,3947b8ae,N624FB,N624FB,AS50,2025-02-27 02:15:56+00,2025-02-27 03:08:39+00,KDVT,KDVT,52.71666666666667,2025-02-27 02:15:01+00,2025-02-27 03:10:14+00,1201
1277,3947caec,N622FB,N622FB,AS50,2025-02-27 02:57:06+00,,KDVT,,,2025-02-27 02:52:14+00,2025-02-27 02:59:17+00,64
1278,3947cee2,N622FB,N622FB,AS50,2025-02-27 03:03:49+00,,KDVT,,,2025-02-27 03:01:07+00,2025-02-27 03:05:47+00,57
2718,3947def6,N624FB,N624FB,AS50,2025-02-27 03:37:46+00,2025-02-27 05:02:54+00,KDVT,KDVT,85.13333333333334,2025-02-27 03:37:27+00,2025-02-27 05:05:18+00,2101
1280,3947dfdd,N622FB,N622FB,AS50,2025-02-27 03:42:41+00,2025-02-27 03:44:20+00,KDVT,KDVT,1.65,2025-02-27 03:39:51+00,2025-02-27 03:44:20+00,42
1281,3947e573,N622FB,N622FB,AS50,2025-02-27 03:54:33+00,,KDVT,,,2025-02-27 03:52:17+00,2025-02-27 03:57:47+00,50
1282,3947ead6,N622FB,N622FB,AS50,2025-02-27 04:05:00+00,2025-02-27 04:12:11+00,KDVT,KDVT,7.183333333333334,2025-02-27 04:05:03+00,2025-02-27 04:12:11+00,94
2719,39482aeb,N624FB,N624FB,AS50,2025-02-27 06:36:04+00,2025-02-27 08:04:04+00,KDVT,KDVT,88,2025-02-27 06:35:50+00,2025-02-27 08:04:25+00,2205
502,3949f462,N621FB,N621FB,AS50,2025-02-27 18:45:14+00,,KDVT,,,2025-02-27 18:44:46+00,2025-02-27 18:49:59+00,125
1951,394a1b3b,N623FB,N623FB,AS50,2025-02-27 19:37:55+00,2025-02-27 20:09:44+00,KDVT,KDVT,31.816666666666666,2025-02-27 19:37:51+00,2025-02-27 20:13:11+00,518
503,3949f84b,N621FB,N621FB,AS50,2025-02-27 19:47:37+00,2025-02-27 19:57:52+00,,KDVT,10.25,2025-02-27 18:50:00+00,2025-02-27 19:57:52+00,1579
2720,394a54d3,N624FB,N624FB,AS50,2025-02-27 20:58:43+00,,KDVT,,,2025-02-27 20:58:06+00,2025-02-27 21:03:14+00,101
2721,394a583f,N624FB,N624FB,AS50,2025-02-27 22:19:24+00,2025-02-27 22:31:03+00,KDVT,KDVT,11.65,2025-02-27 21:03:16+00,2025-02-27 22:31:03+00,2167
2722,394b1acc,N624FB,N624FB,AS50,2025-02-28 02:02:58+00,2025-02-28 03:51:52+00,KDVT,KDVT,108.9,2025-02-28 02:02:49+00,2025-02-28 03:52:06+00,2544
1952,394b4848,N623FB,N623FB,AS50,2025-02-28 03:33:03+00,2025-02-28 05:14:06+00,KDVT,KDVT,101.05,2025-02-28 03:32:37+00,2025-02-28 05:15:30+00,2533
2723,394b70f5,N624FB,N624FB,AS50,2025-02-28 05:05:11+00,2025-02-28 06:39:23+00,KDVT,KDVT,94.2,2025-02-28 05:04:09+00,2025-02-28 06:41:24+00,2276
1953,394b9a97,N623FB,N623FB,AS50,2025-02-28 06:35:38+00,,KDVT,,,2025-02-28 06:35:05+00,2025-02-28 06:40:07+00,107
1954,394b9cb8,N623FB,N623FB,AS50,2025-02-28 06:58:47+00,2025-02-28 08:11:18+00,KDVT,KDVT,72.51666666666667,2025-02-28 06:40:10+00,2025-02-28 08:11:51+00,2068
2724,394bc1ea,N624FB,N624FB,AS50,2025-02-28 08:02:49+00,2025-02-28 08:31:49+00,KDVT,KGYR,29,2025-02-28 08:01:27+00,2025-02-28 08:36:24+00,758
2725,394bd260,N624FB,N624FB,AS50,2025-02-28 08:35:22+00,2025-02-28 09:27:00+00,KGYR,KDVT,51.63333333333333,2025-02-28 08:36:26+00,2025-02-28 09:27:47+00,1087
1955,394cd3d2,N623FB,N623FB,AS50,2025-02-28 15:05:49+00,2025-02-28 16:03:46+00,KDVT,KDVT,57.95,2025-02-28 15:05:20+00,2025-02-28 16:04:08+00,1160
1956,394d3d0c,N623FB,N623FB,AS50,2025-02-28 17:14:12+00,2025-02-28 18:07:12+00,KDVT,KDVT,53,2025-02-28 17:14:09+00,2025-02-28 18:07:27+00,1192
2726,394e390f,N624FB,N624FB,AS50,2025-02-28 23:02:58+00,2025-03-01 00:31:57+00,KDVT,KDVT,88.98333333333333,2025-02-28 23:02:19+00,2025-03-01 00:32:43+00,2285
2727,394ea565,N624FB,N624FB,AS50,2025-03-01 02:05:08+00,2025-03-01 03:34:16+00,KDVT,KDVT,89.13333333333334,2025-03-01 02:04:34+00,2025-03-01 03:34:55+00,2043
1283,394ecd09,N622FB,N622FB,AS50,2025-03-01 03:31:30+00,2025-03-01 05:19:14+00,KDVT,KDVT,107.73333333333333,2025-03-01 03:30:05+00,2025-03-01 05:20:04+00,2536
2728,394ef306,N624FB,N624FB,AS50,2025-03-01 05:03:20+00,2025-03-01 06:39:09+00,KDVT,KDVT,95.81666666666666,2025-03-01 05:02:38+00,2025-03-01 06:40:33+00,2401
1284,394f18a1,N622FB,N622FB,AS50,2025-03-01 06:33:56+00,2025-03-01 08:04:33+00,KDVT,KDVT,90.61666666666666,2025-03-01 06:33:28+00,2025-03-01 08:04:59+00,2297
2729,394f3aeb,N624FB,N624FB,AS50,2025-03-01 08:01:18+00,2025-03-01 09:36:54+00,KDVT,KDVT,95.6,2025-03-01 08:00:35+00,2025-03-01 09:37:51+00,2225
2730,394f779b,N624FB,N624FB,AS50,2025-03-01 10:19:25+00,,KDVT,,,2025-03-01 10:19:08+00,2025-03-01 10:24:18+00,121
2731,394f7a04,N624FB,N624FB,AS50,2025-03-01 10:23:05+00,2025-03-01 10:57:35+00,,KDVT,34.5,2025-03-01 10:24:21+00,2025-03-01 10:58:17+00,850
1957,395037d8,N623FB,N623FB,AS50,2025-03-01 15:16:48+00,2025-03-01 16:25:15+00,KDVT,KDVT,68.45,2025-03-01 15:16:15+00,2025-03-01 16:25:15+00,1574
1958,3950bd9a,N623FB,N623FB,AS50,2025-03-01 18:32:49+00,2025-03-01 19:50:16+00,KDVT,KDVT,77.45,2025-03-01 18:32:39+00,2025-03-01 19:50:36+00,1887
2732,3951b08d,N624FB,N624FB,AS50,2025-03-02 02:03:04+00,2025-03-02 02:55:50+00,KDVT,KGEU,52.766666666666666,2025-03-02 02:02:15+00,2025-03-02 03:00:11+00,1081
2733,3951c815,N624FB,N624FB,AS50,2025-03-02 03:01:08+00,2025-03-02 03:06:55+00,KGEU,KGEU,5.783333333333333,2025-03-02 03:00:19+00,2025-03-02 03:05:20+00,90
2734,3951ca2d,N624FB,N624FB,AS50,2025-03-02 03:06:44+00,2025-03-02 03:12:20+00,KGEU,KGEU,5.6,2025-03-02 03:05:23+00,2025-03-02 03:10:26+00,72
2735,3951cbf0,N624FB,N624FB,AS50,2025-03-02 03:09:27+00,2025-03-02 03:17:36+00,KGEU,KGEU,8.15,2025-03-02 03:10:28+00,2025-03-02 03:16:08+00,92
2736,3951ce19,N624FB,N624FB,AS50,2025-03-02 03:17:23+00,,KGEU,,,2025-03-02 03:16:09+00,2025-03-02 03:21:57+00,68
2737,3951d00e,N624FB,N624FB,AS50,2025-03-02 03:21:56+00,2025-03-02 03:32:09+00,KGEU,KGEU,10.216666666666667,2025-03-02 03:21:58+00,2025-03-02 03:30:30+00,157
2738,3951d33f,N624FB,N624FB,AS50,2025-03-02 03:31:40+00,,KGEU,,,2025-03-02 03:30:31+00,2025-03-02 03:35:47+00,60
2739,3951f461,N624FB,N624FB,AS50,2025-03-02 05:03:00+00,2025-03-02 06:35:39+00,KDVT,KDVT,92.65,2025-03-02 05:02:16+00,2025-03-02 06:36:55+00,2017
2740,3952386a,N624FB,N624FB,AS50,2025-03-02 08:02:14+00,,KDVT,,,2025-03-02 07:59:06+00,2025-03-02 08:04:07+00,50
2741,39523a50,N624FB,N624FB,AS50,2025-03-02 08:03:50+00,2025-03-02 09:36:54+00,KDVT,KDVT,93.06666666666666,2025-03-02 08:04:08+00,2025-03-02 09:37:56+00,2102
2742,3952a415,N624FB,N624FB,AS50,2025-03-02 11:41:14+00,2025-03-02 12:21:20+00,KDVT,KDVT,40.1,2025-03-02 11:40:49+00,2025-03-02 12:21:45+00,1068
1875,39539a6f,N623FB,N623FB,AS50,2025-03-02 17:35:17+00,,KDVT,,,2025-03-02 17:34:59+00,2025-03-02 17:40:00+00,111
1876,39539df4,N623FB,N623FB,AS50,2025-03-02 17:38:52+00,2025-03-02 18:37:45+00,KDVT,KDVT,58.88333333333333,2025-03-02 17:40:02+00,2025-03-02 18:35:44+00,1347
1877,39542157,N623FB,N623FB,AS50,2025-03-02 21:05:36+00,2025-03-02 22:29:22+00,KDVT,KDVT,83.76666666666667,2025-03-02 21:03:45+00,2025-03-02 22:30:06+00,2279
1878,3954961a,N623FB,N623FB,AS50,2025-03-03 00:37:42+00,2025-03-03 01:13:22+00,KDVT,KDVT,35.666666666666664,2025-03-03 00:36:53+00,2025-03-03 01:14:00+00,904
1879,3954cc5f,N623FB,N623FB,AS50,2025-03-03 02:36:28+00,2025-03-03 03:50:24+00,KDVT,KDVT,73.93333333333334,2025-03-03 02:35:03+00,2025-03-03 03:54:47+00,1628
1197,3954e5cc,N622FB,N622FB,AS50,2025-03-03 03:38:12+00,,KDVT,,,2025-03-03 03:37:36+00,2025-03-03 03:43:08+00,127
1198,3954e82a,N622FB,N622FB,AS50,2025-03-03 03:41:52+00,2025-03-03 04:53:37+00,KDVT,KDVT,71.75,2025-03-03 03:43:09+00,2025-03-03 04:53:42+00,1465
2642,395505f3,N624FB,N624FB,AS50,2025-03-03 05:01:27+00,,KDVT,,,2025-03-03 04:59:52+00,2025-03-03 05:04:57+00,77
2643,39550831,N624FB,N624FB,AS50,2025-03-03 05:18:31+00,2025-03-03 06:33:54+00,KDVT,KDVT,75.38333333333334,2025-03-03 05:04:59+00,2025-03-03 06:34:22+00,2079
1199,39552cba,N622FB,N622FB,AS50,2025-03-03 06:31:03+00,,KDVT,,,2025-03-03 06:30:25+00,2025-03-03 06:35:58+00,112
1200,39552f3d,N622FB,N622FB,AS50,2025-03-03 06:41:31+00,2025-03-03 08:23:55+00,KDVT,KDVT,102.4,2025-03-03 06:36:00+00,2025-03-03 08:24:04+00,2592
2644,39555397,N624FB,N624FB,AS50,2025-03-03 07:59:47+00,2025-03-03 09:22:38+00,KDVT,KDVT,82.85,2025-03-03 07:59:25+00,2025-03-03 09:23:52+00,1787
1881,3956d380,N623FB,N623FB,AS50,2025-03-03 17:55:14+00,2025-03-03 18:08:55+00,KDVT,KDVT,13.683333333333334,2025-03-03 17:53:33+00,2025-03-03 18:08:55+00,317
1882,39579cec,N623FB,N623FB,AS50,2025-03-03 23:04:05+00,2025-03-04 00:39:48+00,KDVT,KDVT,95.71666666666667,2025-03-03 23:03:18+00,2025-03-04 00:39:52+00,2180
1883,3957efcb,N623FB,N623FB,AS50,2025-03-04 01:29:29+00,2025-03-04 01:45:22+00,KDVT,KDVT,15.883333333333333,2025-03-04 01:29:08+00,2025-03-04 01:43:32+00,182
1884,3958098b,N623FB,N623FB,AS50,2025-03-04 02:24:20+00,,KDVT,,,2025-03-04 02:23:54+00,2025-03-04 02:29:14+00,140
1885,39580c12,N623FB,N623FB,AS50,2025-03-04 02:39:54+00,2025-03-04 03:49:56+00,KDVT,KDVT,70.03333333333333,2025-03-04 02:29:17+00,2025-03-04 03:51:15+00,2207
437,3958257e,N621FB,N621FB,AS50,2025-03-04 03:28:40+00,2025-03-04 05:12:59+00,KDVT,KDVT,104.31666666666666,2025-03-04 03:28:00+00,2025-03-04 05:13:33+00,2349
1886,39584884,N623FB,N623FB,AS50,2025-03-04 04:57:57+00,2025-03-04 06:43:52+00,KDVT,KDVT,105.91666666666667,2025-03-04 04:56:42+00,2025-03-04 06:45:24+00,2192
438,395870bb,N621FB,N621FB,AS50,2025-03-04 06:32:12+00,2025-03-04 07:57:15+00,KDVT,KDVT,85.05,2025-03-04 06:32:07+00,2025-03-04 07:57:26+00,2091
1887,39589725,N623FB,N623FB,AS50,2025-03-04 08:02:14+00,,KDVT,,,2025-03-04 08:01:23+00,2025-03-04 08:06:26+00,99
1888,39589996,N623FB,N623FB,AS50,2025-03-04 08:06:11+00,2025-03-04 09:22:49+00,KDVT,KDVT,76.63333333333334,2025-03-04 08:06:27+00,2025-03-04 09:23:24+00,1836
439,3959ad24,N621FB,N621FB,AS50,2025-03-04 15:45:12+00,2025-03-04 16:48:32+00,KDVT,KDVT,63.333333333333336,2025-03-04 15:44:45+00,2025-03-04 16:48:46+00,1558
440,395a2a68,N621FB,N621FB,AS50,2025-03-04 18:59:09+00,2025-03-04 19:56:11+00,KDVT,KDVT,57.03333333333333,2025-03-04 18:57:18+00,2025-03-04 19:56:13+00,1203
1889,395ab8aa,N623FB,N623FB,AS50,2025-03-04 23:08:31+00,,KDVT,,,2025-03-04 23:07:17+00,2025-03-04 23:13:23+00,62
1890,395abc39,N623FB,N623FB,AS50,2025-03-04 23:15:05+00,2025-03-05 00:34:49+00,KDVT,KDVT,79.73333333333333,2025-03-04 23:13:24+00,2025-03-05 00:36:05+00,1747
1891,395b13c0,N623FB,N623FB,AS50,2025-03-05 02:02:58+00,2025-03-05 03:37:29+00,KDVT,KDVT,94.51666666666667,2025-03-05 02:01:58+00,2025-03-05 03:39:16+00,2061
1201,395b3b7b,N622FB,N622FB,AS50,2025-03-05 03:30:05+00,2025-03-05 05:02:49+00,KDVT,KDVT,92.73333333333333,2025-03-05 03:29:08+00,2025-03-05 05:03:09+00,2294
1892,395b60f6,N623FB,N623FB,AS50,2025-03-05 04:59:56+00,2025-03-05 06:41:39+00,KDVT,KDVT,101.71666666666667,2025-03-05 04:59:43+00,2025-03-05 06:42:40+00,2254
1202,395b8886,N622FB,N622FB,AS50,2025-03-05 06:31:23+00,2025-03-05 08:01:58+00,KDVT,KDVT,90.58333333333333,2025-03-05 06:31:07+00,2025-03-05 08:02:19+00,2366
1893,395bae8e,N623FB,N623FB,AS50,2025-03-05 07:59:58+00,2025-03-05 09:53:03+00,KDVT,KPHX,113.08333333333333,2025-03-05 07:59:05+00,2025-03-05 09:53:56+00,2510
1894,395bfe6b,N623FB,N623FB,AS50,2025-03-05 10:39:36+00,2025-03-05 10:49:12+00,KPHX,KDVT,9.6,2025-03-05 10:39:00+00,2025-03-05 10:49:12+00,188
2645,395cd74e,N624FB,N624FB,AS50,2025-03-05 16:10:37+00,2025-03-05 17:07:23+00,KDVT,KDVT,56.766666666666666,2025-03-05 16:10:37+00,2025-03-05 17:07:41+00,1264
2646,395d386d,N624FB,N624FB,AS50,2025-03-05 18:44:18+00,2025-03-05 19:50:44+00,KDVT,KDVT,66.43333333333334,2025-03-05 18:43:23+00,2025-03-05 19:50:58+00,1703
1895,395dce56,N623FB,N623FB,AS50,2025-03-05 23:04:43+00,2025-03-05 23:23:44+00,KDVT,,19.016666666666666,2025-03-05 23:03:57+00,2025-03-06 00:30:56+00,1828
1896,395e1abf,N623FB,N623FB,AS50,2025-03-06 01:25:21+00,,KDVT,,,2025-03-06 01:24:49+00,2025-03-06 01:30:24+00,128
1897,395e1d93,N623FB,N623FB,AS50,2025-03-06 01:29:21+00,2025-03-06 03:24:35+00,KSDL,KDVT,115.23333333333333,2025-03-06 01:30:26+00,2025-03-06 03:24:48+00,2752
1203,395e55fc,N622FB,N622FB,AS50,2025-03-06 03:34:03+00,,KDVT,,,2025-03-06 03:32:37+00,2025-03-06 03:39:02+00,104
1204,395e58c0,N622FB,N622FB,AS50,2025-03-06 03:38:43+00,2025-03-06 05:17:06+00,KDVT,KDVT,98.38333333333334,2025-03-06 03:39:05+00,2025-03-06 05:18:06+00,2524
1898,395e7a39,N623FB,N623FB,AS50,2025-03-06 05:02:59+00,2025-03-06 06:45:49+00,KDVT,KDVT,102.83333333333333,2025-03-06 05:02:31+00,2025-03-06 06:47:46+00,2338
1205,395ea05b,N622FB,N622FB,AS50,2025-03-06 06:30:17+00,2025-03-06 08:08:12+00,KDVT,KDVT,97.91666666666667,2025-03-06 06:29:35+00,2025-03-06 08:09:02+00,2090
1899,395ec923,N623FB,N623FB,AS50,2025-03-06 08:01:53+00,,KDVT,,,2025-03-06 08:01:06+00,2025-03-06 08:06:10+00,79
1900,395ecba1,N623FB,N623FB,AS50,2025-03-06 08:05:37+00,2025-03-06 08:38:17+00,KDVT,KPHX,32.666666666666664,2025-03-06 08:06:12+00,2025-03-06 08:38:52+00,679
1901,395ede24,N623FB,N623FB,AS50,2025-03-06 08:44:32+00,2025-03-06 08:52:29+00,KPHX,KPHX,7.95,2025-03-06 08:44:11+00,2025-03-06 08:49:58+00,144
1902,395ee12e,N623FB,N623FB,AS50,2025-03-06 08:50:27+00,2025-03-06 09:31:14+00,KPHX,KDVT,40.78333333333333,2025-03-06 08:50:00+00,2025-03-06 09:31:34+00,801
2647,395fd305,N624FB,N624FB,AS50,2025-03-06 15:15:15+00,2025-03-06 16:13:51+00,KDVT,KDVT,58.6,2025-03-06 15:15:04+00,2025-03-06 16:13:54+00,1384
2648,39606775,N624FB,N624FB,AS50,2025-03-06 18:46:11+00,2025-03-06 20:11:25+00,KDVT,KDVT,85.23333333333333,2025-03-06 18:46:12+00,2025-03-06 20:11:25+00,1935
1206,39610329,N622FB,N622FB,AS50,2025-03-06 22:49:39+00,2025-03-07 00:22:38+00,KDVT,KDVT,92.98333333333333,2025-03-06 22:49:33+00,2025-03-07 00:22:38+00,2208
1207,396171c7,N622FB,N622FB,AS50,2025-03-07 02:00:05+00,2025-03-07 03:23:13+00,KDVT,KDVT,83.13333333333334,2025-03-07 01:59:36+00,2025-03-07 03:24:38+00,1830
1903,39619dfe,N623FB,N623FB,AS50,2025-03-07 03:31:00+00,2025-03-07 04:37:03+00,KDVT,,66.05,2025-03-07 03:30:19+00,2025-03-07 05:15:03+00,2454
2649,3961c574,N624FB,N624FB,AS50,2025-03-07 05:03:04+00,2025-03-07 05:58:39+00,KDVT,KGEU,55.583333333333336,2025-03-07 05:02:37+00,2025-03-07 06:03:22+00,1355
2650,3961e105,N624FB,N624FB,AS50,2025-03-07 06:01:58+00,2025-03-07 06:33:25+00,KGEU,KDVT,31.45,2025-03-07 06:03:23+00,2025-03-07 06:35:30+00,674
1904,3961ed03,N623FB,N623FB,AS50,2025-03-07 06:30:32+00,2025-03-07 06:47:39+00,KDVT,KDVT,17.116666666666667,2025-03-07 06:30:05+00,2025-03-07 06:47:42+00,316
2651,39621838,N624FB,N624FB,AS50,2025-03-07 08:06:24+00,2025-03-07 08:11:36+00,KDVT,KDVT,5.2,2025-03-07 08:03:59+00,2025-03-07 08:09:03+00,63
2652,39621ab4,N624FB,N624FB,AS50,2025-03-07 08:08:42+00,2025-03-07 08:44:10+00,KDVT,KCHD,35.46666666666667,2025-03-07 08:09:04+00,2025-03-07 08:48:28+00,692
2653,39622e70,N624FB,N624FB,AS50,2025-03-07 08:47:53+00,,KCHD,,,2025-03-07 08:48:29+00,2025-03-07 08:58:41+00,146
2654,39623400,N624FB,N624FB,AS50,2025-03-07 08:58:12+00,2025-03-07 09:17:24+00,KFFZ,KGYR,19.2,2025-03-07 08:58:43+00,2025-03-07 09:17:24+00,317
2655,39623e0e,N624FB,N624FB,AS50,2025-03-07 09:16:26+00,2025-03-07 09:25:40+00,KGYR,KGEU,9.233333333333333,2025-03-07 09:17:26+00,2025-03-07 09:23:16+00,68
2656,39624136,N624FB,N624FB,AS50,2025-03-07 09:22:40+00,2025-03-07 09:37:44+00,KGYR,KDVT,15.066666666666666,2025-03-07 09:23:18+00,2025-03-07 09:37:44+00,292
1905,3964dfaf,N623FB,N623FB,AS50,2025-03-08 02:19:38+00,2025-03-08 03:41:11+00,KDVT,KDVT,81.55,2025-03-08 02:18:49+00,2025-03-08 03:41:38+00,2005
1208,3964fe87,N622FB,N622FB,AS50,2025-03-08 03:32:03+00,2025-03-08 05:08:19+00,KDVT,KDVT,96.26666666666667,2025-03-08 03:30:37+00,2025-03-08 05:08:45+00,1920
1906,396521d4,N623FB,N623FB,AS50,2025-03-08 05:02:31+00,2025-03-08 06:32:27+00,KDVT,KDVT,89.93333333333334,2025-03-08 05:01:51+00,2025-03-08 06:33:04+00,2286
1209,39654505,N622FB,N622FB,AS50,2025-03-08 06:28:59+00,,KDVT,,,2025-03-08 06:28:26+00,2025-03-08 07:26:30+00,1303
1907,39656985,N623FB,N623FB,AS50,2025-03-08 08:01:34+00,2025-03-08 09:29:01+00,KDVT,KDVT,87.45,2025-03-08 08:01:01+00,2025-03-08 09:33:34+00,1986
2657,39679137,N624FB,N624FB,AS50,2025-03-08 23:08:57+00,,KDVT,,,2025-03-08 23:07:12+00,2025-03-08 23:13:51+00,105
2658,3967950d,N624FB,N624FB,AS50,2025-03-08 23:13:55+00,2025-03-09 00:46:30+00,,KDVT,92.58333333333333,2025-03-08 23:13:53+00,2025-03-09 00:46:58+00,2175
2659,3967e780,N624FB,N624FB,AS50,2025-03-09 02:05:44+00,2025-03-09 03:42:37+00,KDVT,KDVT,96.88333333333334,2025-03-09 02:05:09+00,2025-03-09 03:43:24+00,2364
1908,396809a0,N623FB,N623FB,AS50,2025-03-09 03:32:33+00,2025-03-09 05:11:10+00,KDVT,KDVT,98.61666666666666,2025-03-09 03:31:19+00,2025-03-09 05:12:07+00,2369
1210,39682ad4,N622FB,N622FB,AS50,2025-03-09 05:03:31+00,2025-03-09 06:43:50+00,KDVT,KDVT,100.31666666666666,2025-03-09 05:02:34+00,2025-03-09 06:44:54+00,2412
1909,39684e8b,N623FB,N623FB,AS50,2025-03-09 06:34:36+00,2025-03-09 06:41:13+00,KDVT,KDVT,6.616666666666666,2025-03-09 06:33:59+00,2025-03-09 06:39:08+00,110
1910,39685084,N623FB,N623FB,AS50,2025-03-09 06:39:02+00,2025-03-09 08:08:35+00,KDVT,KDVT,89.55,2025-03-09 06:39:09+00,2025-03-09 08:09:01+00,2102
1211,39687031,N622FB,N622FB,AS50,2025-03-09 08:01:49+00,,KDVT,,,2025-03-09 08:00:37+00,2025-03-09 08:05:43+00,105
1212,39687233,N622FB,N622FB,AS50,2025-03-09 08:09:38+00,2025-03-09 09:43:35+00,KDVT,KCHD,93.95,2025-03-09 08:05:44+00,2025-03-09 09:48:36+00,2081
1213,3968a3c9,N622FB,N622FB,AS50,2025-03-09 09:47:35+00,2025-03-09 10:19:45+00,,KDVT,32.166666666666664,2025-03-09 09:48:37+00,2025-03-09 10:20:15+00,707
441,396a04ab,N621FB,N621FB,AS50,2025-03-09 18:31:05+00,,KDVT,,,2025-03-09 18:30:37+00,2025-03-09 18:35:50+00,115
442,396a0830,N621FB,N621FB,AS50,2025-03-09 18:34:48+00,,,,,2025-03-09 18:35:51+00,2025-03-09 18:46:18+00,282
443,396a0ed2,N621FB,N621FB,AS50,2025-03-09 18:50:46+00,2025-03-09 19:43:47+00,KPHX,KDVT,53.016666666666666,2025-03-09 18:46:20+00,2025-03-09 19:43:55+00,1394
2660,396b260d,N624FB,N624FB,AS50,2025-03-10 03:32:58+00,2025-03-10 05:02:34+00,KDVT,KDVT,89.6,2025-03-10 03:31:39+00,2025-03-10 05:02:45+00,2219
1911,396b463e,N623FB,N623FB,AS50,2025-03-10 05:00:11+00,2025-03-10 06:45:52+00,KDVT,KDVT,105.68333333333334,2025-03-10 04:59:33+00,2025-03-10 06:47:12+00,2701
2661,396b6b28,N624FB,N624FB,AS50,2025-03-10 06:31:04+00,2025-03-10 08:04:38+00,KDVT,KDVT,93.56666666666666,2025-03-10 06:31:04+00,2025-03-10 08:04:59+00,2256
1912,396b8e2d,N623FB,N623FB,AS50,2025-03-10 07:59:45+00,2025-03-10 09:29:16+00,KDVT,KDVT,89.51666666666667,2025-03-10 07:58:40+00,2025-03-10 09:29:49+00,1840
1913,396dd2cd,N623FB,N623FB,AS50,2025-03-10 23:10:27+00,2025-03-11 00:52:00+00,KDVT,KDVT,101.55,2025-03-10 23:09:17+00,2025-03-11 00:53:07+00,2202
1914,396e37c0,N623FB,N623FB,AS50,2025-03-11 02:21:56+00,2025-03-11 03:43:52+00,KDVT,KDVT,81.93333333333334,2025-03-11 02:20:50+00,2025-03-11 03:45:17+00,1860
1214,396e5532,N622FB,N622FB,AS50,2025-03-11 03:32:58+00,,KDVT,,,2025-03-11 03:31:10+00,2025-03-11 03:37:54+00,137
444,396e76e8,N621FB,N621FB,AS50,2025-03-11 05:01:23+00,2025-03-11 06:43:11+00,KDVT,KDVT,101.8,2025-03-11 05:00:31+00,2025-03-11 06:44:27+00,2284
1216,396e9d62,N622FB,N622FB,AS50,2025-03-11 06:33:24+00,2025-03-11 08:11:43+00,KDVT,KDVT,98.31666666666666,2025-03-11 06:32:58+00,2025-03-11 08:12:08+00,2349
445,396ec1b0,N621FB,N621FB,AS50,2025-03-11 08:02:47+00,2025-03-11 09:39:24+00,KDVT,KDVT,96.61666666666666,2025-03-11 08:00:56+00,2025-03-11 09:39:42+00,2039
2662,396ff3bf,N624FB,N624FB,AS50,2025-03-11 15:43:30+00,2025-03-11 16:00:38+00,KDVT,,17.133333333333333,2025-03-11 15:43:27+00,2025-03-11 16:55:26+00,1377
2663,397088ac,N624FB,N624FB,AS50,2025-03-11 19:11:46+00,2025-03-11 20:11:35+00,KDVT,KDVT,59.81666666666667,2025-03-11 19:11:58+00,2025-03-11 20:11:57+00,1491
1915,39711fc4,N623FB,N623FB,AS50,2025-03-11 23:03:08+00,2025-03-12 00:52:52+00,KDVT,KDVT,109.73333333333333,2025-03-11 23:02:10+00,2025-03-12 00:53:41+00,2681
1916,397184c5,N623FB,N623FB,AS50,2025-03-12 02:09:25+00,2025-03-12 03:49:09+00,KDVT,KDVT,99.73333333333333,2025-03-12 02:08:58+00,2025-03-12 03:49:27+00,2057
1217,3971a72c,N622FB,N622FB,AS50,2025-03-12 03:32:27+00,,KDVT,,,2025-03-12 03:31:06+00,2025-03-12 03:36:08+00,93
1218,3971a905,N622FB,N622FB,AS50,2025-03-12 04:50:55+00,2025-03-12 05:16:08+00,KDVT,KDVT,25.216666666666665,2025-03-12 03:36:10+00,2025-03-12 05:16:55+00,2522
446,3971ca63,N621FB,N621FB,AS50,2025-03-12 05:04:26+00,2025-03-12 05:12:46+00,KDVT,KDVT,8.333333333333334,2025-03-12 05:03:44+00,2025-03-12 05:09:28+00,137
447,3971ccba,N621FB,N621FB,AS50,2025-03-12 05:08:43+00,2025-03-12 06:40:02+00,KDVT,KDVT,91.31666666666666,2025-03-12 05:09:29+00,2025-03-12 06:41:09+00,2150
1219,3971ef3b,N622FB,N622FB,AS50,2025-03-12 06:32:10+00,2025-03-12 08:07:40+00,KDVT,KDVT,95.5,2025-03-12 06:31:28+00,2025-03-12 08:08:12+00,2088
448,39721432,N621FB,N621FB,AS50,2025-03-12 08:00:17+00,2025-03-12 08:34:30+00,KDVT,KGEU,34.21666666666667,2025-03-12 07:58:53+00,2025-03-12 08:39:09+00,719
449,39722617,N621FB,N621FB,AS50,2025-03-12 08:38:10+00,2025-03-12 08:47:44+00,KGYR,KGYR,9.566666666666666,2025-03-12 08:39:10+00,2025-03-12 08:45:43+00,103
450,3972291a,N621FB,N621FB,AS50,2025-03-12 08:45:19+00,2025-03-12 09:20:33+00,KGYR,KDVT,35.233333333333334,2025-03-12 08:45:45+00,2025-03-12 09:21:06+00,818
2664,3972d4ff,N624FB,N624FB,AS50,2025-03-12 13:20:54+00,2025-03-12 13:29:51+00,KDVT,KDVT,8.95,2025-03-12 13:20:25+00,2025-03-12 13:29:51+00,188
2665,3973520f,N624FB,N624FB,AS50,2025-03-12 15:52:58+00,2025-03-12 16:53:27+00,KDVT,KDVT,60.483333333333334,2025-03-12 15:52:29+00,2025-03-12 16:53:28+00,1433
1917,3974714a,N623FB,N623FB,AS50,2025-03-12 22:51:44+00,2025-03-13 00:26:44+00,KDVT,KDVT,95,2025-03-12 22:51:16+00,2025-03-13 00:27:10+00,2324
1918,3974b56e,N623FB,N623FB,AS50,2025-03-13 00:48:29+00,2025-03-13 00:53:33+00,KDVT,KDVT,5.066666666666666,2025-03-13 00:47:44+00,2025-03-13 00:53:33+00,115
1919,3974cebc,N623FB,N623FB,AS50,2025-03-13 01:36:13+00,2025-03-13 03:41:50+00,KDVT,KDVT,125.61666666666666,2025-03-13 01:36:08+00,2025-03-13 03:42:46+00,2844
1220,3974fc19,N622FB,N622FB,AS50,2025-03-13 03:21:11+00,,KDVT,,,2025-03-13 03:19:58+00,2025-03-13 03:26:08+00,103
1221,3974fe85,N622FB,N622FB,AS50,2025-03-13 03:26:43+00,2025-03-13 05:10:05+00,,KDVT,103.36666666666666,2025-03-13 03:26:10+00,2025-03-13 05:10:46+00,2590
451,397523ef,N621FB,N621FB,AS50,2025-03-13 05:03:24+00,2025-03-13 06:37:35+00,KDVT,KDVT,94.18333333333334,2025-03-13 05:02:31+00,2025-03-13 06:38:37+00,2013
1222,39754a63,N622FB,N622FB,AS50,2025-03-13 06:33:40+00,,KDVT,,,2025-03-13 06:32:59+00,2025-03-13 06:38:30+00,112
1223,39754cb5,N622FB,N622FB,AS50,2025-03-13 07:14:35+00,2025-03-13 08:12:28+00,KDVT,KDVT,57.88333333333333,2025-03-13 06:38:32+00,2025-03-13 08:12:51+00,2136
452,39756ee0,N621FB,N621FB,AS50,2025-03-13 08:00:49+00,,KDVT,,,2025-03-13 07:59:35+00,2025-03-13 08:04:39+00,97
453,3975711d,N621FB,N621FB,AS50,2025-03-13 08:04:07+00,2025-03-13 09:28:34+00,KDVT,KDVT,84.45,2025-03-13 08:04:41+00,2025-03-13 09:29:08+00,2040
2666,397689eb,N624FB,N624FB,AS50,2025-03-13 15:15:45+00,2025-03-13 16:45:55+00,KDVT,KDVT,90.16666666666667,2025-03-13 15:15:27+00,2025-03-13 16:45:55+00,2349
2667,397719a4,N624FB,N624FB,AS50,2025-03-13 18:32:42+00,2025-03-13 19:32:30+00,KDVT,KDVT,59.8,2025-03-13 18:32:08+00,2025-03-13 19:32:33+00,1355
1920,397827d7,N623FB,N623FB,AS50,2025-03-14 02:01:55+00,2025-03-14 03:26:06+00,KDVT,KDVT,84.18333333333334,2025-03-14 02:01:10+00,2025-03-14 03:26:16+00,2022
1224,39784e0f,N622FB,N622FB,AS50,2025-03-14 03:30:39+00,2025-03-14 05:11:05+00,KDVT,KDVT,100.43333333333334,2025-03-14 03:30:28+00,2025-03-14 05:11:24+00,2282
454,39787303,N621FB,N621FB,AS50,2025-03-14 05:04:57+00,2025-03-14 06:44:18+00,KDVT,KDVT,99.35,2025-03-14 05:04:38+00,2025-03-14 06:44:58+00,2372
1225,3978997c,N622FB,N622FB,AS50,2025-03-14 06:33:26+00,,KDVT,,,2025-03-14 06:32:57+00,2025-03-14 06:38:18+00,96
1226,39789bb5,N622FB,N622FB,AS50,2025-03-14 06:53:40+00,2025-03-14 08:06:59+00,KDVT,KDVT,73.31666666666666,2025-03-14 06:38:20+00,2025-03-14 08:07:17+00,2070
455,3978beca,N621FB,N621FB,AS50,2025-03-14 08:02:03+00,2025-03-14 09:21:10+00,KDVT,KDVT,79.11666666666666,2025-03-14 08:01:31+00,2025-03-14 09:21:50+00,1873
1227,3979d1f8,N622FB,N622FB,AS50,2025-03-14 15:11:10+00,2025-03-14 16:06:08+00,KDVT,KDVT,54.96666666666667,2025-03-14 15:10:15+00,2025-03-14 16:04:23+00,1091
1228,397a5981,N622FB,N622FB,AS50,2025-03-14 18:19:35+00,2025-03-14 19:28:35+00,KDVT,KDVT,69,2025-03-14 18:18:47+00,2025-03-14 19:26:52+00,1562
456,397ac442,N621FB,N621FB,AS50,2025-03-14 21:08:42+00,2025-03-14 22:41:04+00,KDVT,KDVT,92.36666666666666,2025-03-14 21:08:21+00,2025-03-14 22:41:41+00,2219
457,397b58a1,N621FB,N621FB,AS50,2025-03-15 02:04:30+00,2025-03-15 02:23:22+00,KDVT,KGEU,18.866666666666667,2025-03-15 02:03:34+00,2025-03-15 02:24:51+00,340
458,397b6138,N621FB,N621FB,AS50,2025-03-15 02:24:48+00,2025-03-15 02:32:50+00,KGEU,KGEU,8.033333333333333,2025-03-15 02:24:53+00,2025-03-15 02:32:50+00,141
459,397b6489,N621FB,N621FB,AS50,2025-03-15 02:33:44+00,2025-03-15 03:45:47+00,KGEU,KDVT,72.05,2025-03-15 02:33:46+00,2025-03-15 03:45:47+00,1632
2668,397b7a0c,N624FB,N624FB,AS50,2025-03-15 03:31:08+00,,KDVT,,,2025-03-15 03:30:05+00,2025-03-15 03:35:10+00,100
2669,397b7be0,N624FB,N624FB,AS50,2025-03-15 03:34:56+00,2025-03-15 05:10:28+00,KDVT,KDVT,95.53333333333333,2025-03-15 03:35:11+00,2025-03-15 05:10:57+00,2294
460,397b9b07,N621FB,N621FB,AS50,2025-03-15 05:04:24+00,2025-03-15 06:43:36+00,KDVT,KDVT,99.2,2025-03-15 05:03:57+00,2025-03-15 06:44:00+00,2385
2670,397bbd39,N624FB,N624FB,AS50,2025-03-15 06:33:05+00,2025-03-15 08:13:30+00,KDVT,KDVT,100.41666666666667,2025-03-15 06:32:26+00,2025-03-15 08:13:47+00,2541
461,397bde18,N621FB,N621FB,AS50,2025-03-15 08:01:35+00,2025-03-15 08:52:17+00,KDVT,KDVT,50.7,2025-03-15 08:01:24+00,2025-03-15 08:52:29+00,1304
1229,397c6f98,N622FB,N622FB,AS50,2025-03-15 12:39:13+00,,KDVT,,,2025-03-15 12:37:59+00,2025-03-15 12:43:06+00,81
1230,397c729b,N622FB,N622FB,AS50,2025-03-15 12:42:49+00,2025-03-15 13:20:14+00,KDVT,KDVT,37.416666666666664,2025-03-15 12:43:07+00,2025-03-15 13:20:35+00,808
1231,397ce009,N622FB,N622FB,AS50,2025-03-15 15:33:46+00,,KDVT,,,2025-03-15 15:33:31+00,2025-03-15 15:38:36+00,83
1232,397ce324,N622FB,N622FB,AS50,2025-03-15 16:53:45+00,,,,,2025-03-15 15:38:37+00,2025-03-15 17:01:44+00,1848
1233,397d151e,N622FB,N622FB,AS50,2025-03-15 17:00:44+00,2025-03-15 17:11:26+00,,KDVT,10.7,2025-03-15 17:01:46+00,2025-03-15 17:11:26+00,188
462,397dc7eb,N621FB,N621FB,AS50,2025-03-15 23:03:30+00,2025-03-15 23:09:11+00,KDVT,KDVT,5.683333333333334,2025-03-15 23:02:06+00,2025-03-15 23:09:11+00,128
465,397dd588,N621FB,N621FB,AS50,2025-03-15 23:30:52+00,,KDVT,,,2025-03-15 23:31:13+00,2025-03-15 23:36:53+00,92
466,397dd8e8,N621FB,N621FB,AS50,2025-03-15 23:37:02+00,,,,,2025-03-15 23:38:11+00,2025-03-15 23:45:03+00,109
469,397de670,N621FB,N621FB,AS50,2025-03-16 00:08:28+00,2025-03-16 00:16:23+00,KDVT,KDVT,7.916666666666667,2025-03-16 00:08:34+00,2025-03-16 00:14:01+00,86
471,397e0fd3,N621FB,N621FB,AS50,2025-03-16 01:49:00+00,2025-03-16 03:15:41+00,KDVT,KDVT,86.68333333333334,2025-03-16 01:48:04+00,2025-03-16 03:16:10+00,1980
2671,397e38b6,N624FB,N624FB,AS50,2025-03-16 03:38:17+00,2025-03-16 05:11:00+00,KDVT,KDVT,92.71666666666667,2025-03-16 03:37:36+00,2025-03-16 05:12:36+00,2100
472,397e54d6,N621FB,N621FB,AS50,2025-03-16 04:58:28+00,2025-03-16 06:41:55+00,KDVT,KDVT,103.45,2025-03-16 04:57:52+00,2025-03-16 06:43:31+00,2506
2672,397e7a6d,N624FB,N624FB,AS50,2025-03-16 06:37:25+00,2025-03-16 08:01:46+00,KDVT,KDVT,84.35,2025-03-16 06:36:09+00,2025-03-16 08:01:57+00,2045
473,397e9903,N621FB,N621FB,AS50,2025-03-16 07:58:47+00,2025-03-16 09:01:16+00,KDVT,KGEU,62.483333333333334,2025-03-16 07:57:59+00,2025-03-16 09:05:57+00,1464
474,397eb54c,N621FB,N621FB,AS50,2025-03-16 09:05:34+00,2025-03-16 09:44:34+00,KGEU,KDVT,39,2025-03-16 09:05:59+00,2025-03-16 09:45:02+00,891
1175,397fe6f3,N622FB,N622FB,AS50,2025-03-16 17:30:49+00,2025-03-16 18:52:52+00,KDVT,KDVT,82.05,2025-03-16 17:29:02+00,2025-03-16 18:53:08+00,1665
1842,3980a04b,N623FB,N623FB,AS50,2025-03-16 23:05:05+00,2025-03-17 00:29:49+00,KDVT,KDVT,84.73333333333333,2025-03-16 23:04:35+00,2025-03-17 00:30:27+00,2046
414,3980cfb4,N621FB,N621FB,AS50,2025-03-17 00:37:06+00,2025-03-17 01:41:39+00,KDVT,KDVT,64.55,2025-03-17 00:36:58+00,2025-03-17 01:41:43+00,1226
2592,3980cea8,N624FB,N624FB,AS50,2025-03-17 00:37:22+00,,KDVT,,,2025-03-17 00:34:37+00,2025-03-17 00:39:41+00,55
2593,3980d110,N624FB,N624FB,AS50,2025-03-17 00:38:29+00,2025-03-17 01:42:14+00,KDVT,KDVT,63.75,2025-03-17 00:39:42+00,2025-03-17 01:43:15+00,1196
1843,3980f7fe,N623FB,N623FB,AS50,2025-03-17 02:07:10+00,2025-03-17 03:43:46+00,KDVT,KDVT,96.6,2025-03-17 02:06:20+00,2025-03-17 03:46:20+00,2305
2594,39811aaa,N624FB,N624FB,AS50,2025-03-17 03:32:25+00,,KDVT,,,2025-03-17 03:31:59+00,2025-03-17 03:37:03+00,127
415,39813cd4,N621FB,N621FB,AS50,2025-03-17 05:01:46+00,2025-03-17 06:42:09+00,KDVT,KDVT,100.38333333333334,2025-03-17 05:00:51+00,2025-03-17 06:43:30+00,2275
1176,3981647b,N622FB,N622FB,AS50,2025-03-17 06:31:53+00,2025-03-17 08:08:31+00,KDVT,KDVT,96.63333333333334,2025-03-17 06:31:23+00,2025-03-17 08:08:38+00,2266
416,39818bb2,N621FB,N621FB,AS50,2025-03-17 08:03:57+00,2025-03-17 09:23:15+00,KDVT,KDVT,79.3,2025-03-17 08:03:05+00,2025-03-17 09:23:50+00,1709
2596,39822960,N624FB,N624FB,AS50,2025-03-17 12:38:37+00,,KDVT,,,2025-03-17 12:38:05+00,2025-03-17 12:45:47+00,164
2597,39822eef,N624FB,N624FB,AS50,2025-03-17 12:45:53+00,,KDVT,,,2025-03-17 12:45:49+00,2025-03-17 12:50:50+00,114
2598,39823270,N624FB,N624FB,AS50,2025-03-17 12:54:16+00,2025-03-17 13:21:00+00,,KDVT,26.733333333333334,2025-03-17 12:50:52+00,2025-03-17 13:21:13+00,706
1844,39829b34,N623FB,N623FB,AS50,2025-03-17 15:08:02+00,2025-03-17 16:07:47+00,KDVT,KDVT,59.75,2025-03-17 15:07:58+00,2025-03-17 16:07:47+00,1327
1845,39833472,N623FB,N623FB,AS50,2025-03-17 18:54:02+00,2025-03-17 19:51:47+00,KDVT,KDVT,57.75,2025-03-17 18:53:37+00,2025-03-17 19:51:47+00,1286
1177,3983c882,N622FB,N622FB,AS50,2025-03-17 23:09:04+00,2025-03-18 00:38:17+00,KDVT,KDVT,89.21666666666667,2025-03-17 23:06:35+00,2025-03-18 00:38:53+00,1886
1846,3983c9ff,N623FB,N623FB,AS50,2025-03-17 23:42:05+00,2025-03-17 23:54:30+00,KPHX,KDVT,12.416666666666666,2025-03-17 23:09:14+00,2025-03-17 23:54:30+00,301
1178,398421fb,N622FB,N622FB,AS50,2025-03-18 02:02:10+00,,KDVT,,,2025-03-18 02:01:24+00,2025-03-18 02:07:03+00,120
1179,398424ae,N622FB,N622FB,AS50,2025-03-18 02:12:02+00,2025-03-18 03:38:39+00,KDVT,KDVT,86.61666666666666,2025-03-18 02:07:05+00,2025-03-18 03:39:30+00,2295
417,39844839,N621FB,N621FB,AS50,2025-03-18 03:32:26+00,2025-03-18 04:58:43+00,KDVT,KDVT,86.28333333333333,2025-03-18 03:31:37+00,2025-03-18 04:59:48+00,2001
1180,39846b4b,N622FB,N622FB,AS50,2025-03-18 05:03:56+00,2025-03-18 06:34:03+00,KDVT,KDVT,90.11666666666666,2025-03-18 05:03:11+00,2025-03-18 06:35:23+00,2240
418,398491a9,N621FB,N621FB,AS50,2025-03-18 06:31:11+00,2025-03-18 08:04:01+00,KDVT,KDVT,92.83333333333333,2025-03-18 06:31:14+00,2025-03-18 08:04:16+00,2250
1181,3984b8ba,N622FB,N622FB,AS50,2025-03-18 08:01:48+00,,KDVT,,,2025-03-18 08:00:36+00,2025-03-18 08:05:39+00,76
1182,3984bb05,N622FB,N622FB,AS50,2025-03-18 08:30:39+00,2025-03-18 09:18:54+00,KDVT,KDVT,48.25,2025-03-18 08:05:42+00,2025-03-18 09:19:53+00,1713
419,3985f812,N621FB,N621FB,AS50,2025-03-18 15:40:11+00,,KDVT,,,2025-03-18 15:39:34+00,2025-03-18 15:45:03+00,118
420,3985fc37,N621FB,N621FB,AS50,2025-03-18 15:44:23+00,2025-03-18 16:02:20+00,KDVT,,17.95,2025-03-18 15:45:05+00,2025-03-18 17:08:41+00,1095
1183,39872c1c,N622FB,N622FB,AS50,2025-03-18 23:11:44+00,2025-03-19 00:43:56+00,KDVT,KDVT,92.2,2025-03-18 23:10:12+00,2025-03-19 00:45:37+00,2308
1184,39878b64,N622FB,N622FB,AS50,2025-03-19 02:05:48+00,2025-03-19 03:40:52+00,KDVT,KDVT,95.06666666666666,2025-03-19 02:04:55+00,2025-03-19 03:41:45+00,2211
1847,3987b0b1,N623FB,N623FB,AS50,2025-03-19 03:32:06+00,2025-03-19 05:08:03+00,KDVT,KDVT,95.95,2025-03-19 03:31:29+00,2025-03-19 05:08:03+00,2257
1185,3987d506,N622FB,N622FB,AS50,2025-03-19 05:01:15+00,2025-03-19 06:37:25+00,KDVT,KDVT,96.16666666666667,2025-03-19 05:00:45+00,2025-03-19 06:39:01+00,2041
1848,3987fd80,N623FB,N623FB,AS50,2025-03-19 06:31:54+00,2025-03-19 08:14:04+00,KDVT,KDVT,102.16666666666667,2025-03-19 06:31:29+00,2025-03-19 08:14:33+00,2433
1186,398825f7,N622FB,N622FB,AS50,2025-03-19 08:03:34+00,2025-03-19 09:36:49+00,KDVT,KDVT,93.25,2025-03-19 08:01:36+00,2025-03-19 09:37:10+00,2020
1187,39886089,N622FB,N622FB,AS50,2025-03-19 09:53:30+00,2025-03-19 10:16:00+00,KDVT,KDVT,22.5,2025-03-19 09:53:23+00,2025-03-19 10:16:35+00,473
421,39893c8f,N621FB,N621FB,AS50,2025-03-19 14:39:44+00,2025-03-19 15:33:43+00,KDVT,KDVT,53.983333333333334,2025-03-19 14:38:57+00,2025-03-19 15:34:45+00,1239
1849,398ab23f,N623FB,N623FB,AS50,2025-03-19 23:02:26+00,2025-03-20 00:17:41+00,KDVT,,75.25,2025-03-19 23:01:08+00,2025-03-20 01:03:19+00,2153
1850,398b1c8d,N623FB,N623FB,AS50,2025-03-20 02:04:56+00,2025-03-20 03:38:25+00,KDVT,KDVT,93.48333333333333,2025-03-20 02:04:08+00,2025-03-20 03:39:12+00,2097
1188,398b4370,N622FB,N622FB,AS50,2025-03-20 03:32:49+00,,KDVT,,,2025-03-20 03:31:47+00,2025-03-20 04:35:42+00,1426
1189,398b5d9a,N622FB,N622FB,AS50,2025-03-20 04:35:35+00,2025-03-20 05:09:01+00,KGEU,KDVT,33.43333333333333,2025-03-20 04:35:44+00,2025-03-20 05:09:47+00,765
2599,398b68e2,N624FB,N624FB,AS50,2025-03-20 05:03:23+00,2025-03-20 06:37:42+00,KDVT,KDVT,94.31666666666666,2025-03-20 05:02:41+00,2025-03-20 06:39:28+00,2084
1190,398b8fb9,N622FB,N622FB,AS50,2025-03-20 06:31:53+00,2025-03-20 08:14:17+00,KDVT,KDVT,102.4,2025-03-20 06:30:14+00,2025-03-20 08:21:09+00,2287
2600,398bb7a7,N624FB,N624FB,AS50,2025-03-20 08:02:37+00,2025-03-20 09:28:32+00,KDVT,KDVT,85.91666666666667,2025-03-20 08:00:35+00,2025-03-20 09:29:40+00,1829
422,398c62b0,N621FB,N621FB,AS50,2025-03-20 12:36:01+00,,KDVT,,,2025-03-20 12:35:23+00,2025-03-20 12:40:28+00,110
423,398c66b0,N621FB,N621FB,AS50,2025-03-20 12:39:16+00,2025-03-20 13:27:45+00,KDVT,KDVT,48.483333333333334,2025-03-20 12:40:29+00,2025-03-20 13:28:12+00,1077
424,398d6dfa,N621FB,N621FB,AS50,2025-03-20 18:05:57+00,2025-03-20 18:53:31+00,KDVT,KDVT,47.56666666666667,2025-03-20 18:05:53+00,2025-03-20 18:53:49+00,938
1851,398e3205,N623FB,N623FB,AS50,2025-03-20 23:00:44+00,,KDVT,,,2025-03-20 22:58:48+00,2025-03-20 23:05:38+00,94
1852,398e989a,N623FB,N623FB,AS50,2025-03-21 01:56:38+00,2025-03-21 03:33:13+00,KDVT,KDVT,96.58333333333333,2025-03-21 01:56:07+00,2025-03-21 03:33:41+00,2197
1191,398ec5d6,N622FB,N622FB,AS50,2025-03-21 03:31:01+00,2025-03-21 05:13:47+00,KDVT,KDVT,102.76666666666667,2025-03-21 03:30:18+00,2025-03-21 05:14:53+00,2321
2601,398eebe8,N624FB,N624FB,AS50,2025-03-21 05:00:57+00,2025-03-21 07:07:42+00,KDVT,KDVT,126.75,2025-03-21 05:00:24+00,2025-03-21 07:08:02+00,3217
1192,398f143f,N622FB,N622FB,AS50,2025-03-21 06:32:56+00,2025-03-21 08:07:21+00,KDVT,KDVT,94.41666666666667,2025-03-21 06:32:09+00,2025-03-21 08:07:46+00,2349
2602,398f3d24,N624FB,N624FB,AS50,2025-03-21 08:04:01+00,2025-03-21 09:28:23+00,KDVT,KDVT,84.36666666666666,2025-03-21 08:03:13+00,2025-03-21 09:30:01+00,1830
425,398fe046,N621FB,N621FB,AS50,2025-03-21 12:30:53+00,2025-03-21 13:09:55+00,KDVT,KDVT,39.03333333333333,2025-03-21 12:29:49+00,2025-03-21 13:10:15+00,941
426,39905efe,N621FB,N621FB,AS50,2025-03-21 14:53:45+00,2025-03-21 16:25:49+00,KDVT,KDVT,92.06666666666666,2025-03-21 14:53:53+00,2025-03-21 16:26:26+00,2036
427,399104f9,N621FB,N621FB,AS50,2025-03-21 18:15:51+00,2025-03-21 19:14:11+00,KDVT,KDVT,58.333333333333336,2025-03-21 18:14:14+00,2025-03-21 19:14:18+00,1401
1853,3991d085,N623FB,N623FB,AS50,2025-03-21 23:05:40+00,,KDVT,,,2025-03-21 23:05:05+00,2025-03-21 23:22:40+00,416
1854,3991dbb9,N623FB,N623FB,AS50,2025-03-21 23:24:47+00,2025-03-22 00:27:50+00,KDVT,KDVT,63.05,2025-03-21 23:22:41+00,2025-03-22 00:28:34+00,1563
1855,39923373,N623FB,N623FB,AS50,2025-03-22 02:04:42+00,2025-03-22 02:11:03+00,KDVT,KDVT,6.35,2025-03-22 02:03:10+00,2025-03-22 02:08:35+00,94
1856,399235e4,N623FB,N623FB,AS50,2025-03-22 02:07:18+00,,KDVT,,,2025-03-22 02:08:37+00,2025-03-22 02:14:04+00,108
1857,3992388b,N623FB,N623FB,AS50,2025-03-22 02:14:05+00,2025-03-22 03:35:32+00,KDVT,KDVT,81.45,2025-03-22 02:14:06+00,2025-03-22 03:35:49+00,1867
1193,399258c0,N622FB,N622FB,AS50,2025-03-22 03:32:10+00,2025-03-22 05:01:39+00,KDVT,,89.48333333333333,2025-03-22 03:30:59+00,2025-03-22 05:11:54+00,2456
2603,39927cbc,N624FB,N624FB,AS50,2025-03-22 05:05:56+00,,KDVT,,,2025-03-22 05:05:00+00,2025-03-22 05:10:50+00,89
2604,39927f62,N624FB,N624FB,AS50,2025-03-22 05:27:48+00,2025-03-22 06:44:15+00,,KDVT,76.45,2025-03-22 05:10:51+00,2025-03-22 06:45:31+00,2331
1194,39929f88,N622FB,N622FB,AS50,2025-03-22 06:31:16+00,,KDVT,,,2025-03-22 06:30:38+00,2025-03-22 06:35:38+00,106
1195,3992a17e,N622FB,N622FB,AS50,2025-03-22 06:35:07+00,2025-03-22 08:06:06+00,KDVT,KDVT,90.98333333333333,2025-03-22 06:35:40+00,2025-03-22 08:06:34+00,1928
2605,3992c24b,N624FB,N624FB,AS50,2025-03-22 08:00:29+00,,KDVT,,,2025-03-22 07:58:24+00,2025-03-22 08:03:28+00,83
2606,3992c466,N624FB,N624FB,AS50,2025-03-22 08:06:43+00,2025-03-22 09:43:13+00,KDVT,KDVT,96.5,2025-03-22 08:03:29+00,2025-03-22 09:43:54+00,2296
428,399360e3,N621FB,N621FB,AS50,2025-03-22 12:33:58+00,2025-03-22 13:14:53+00,KDVT,KDVT,40.916666666666664,2025-03-22 12:33:32+00,2025-03-22 13:15:08+00,911
429,399468f7,N621FB,N621FB,AS50,2025-03-22 18:06:12+00,2025-03-22 18:54:58+00,KDVT,KDVT,48.766666666666666,2025-03-22 18:05:30+00,2025-03-22 18:55:04+00,1069
1858,39944b3c,N623FB,N623FB,AS50,2025-03-22 20:57:45+00,2025-03-22 22:20:52+00,KPHX,KDVT,83.11666666666666,2025-03-22 17:24:14+00,2025-03-22 22:21:43+00,1784
1859,399542af,N623FB,N623FB,AS50,2025-03-23 00:04:36+00,2025-03-23 00:09:56+00,KDVT,KDVT,5.333333333333333,2025-03-23 00:04:05+00,2025-03-23 00:09:56+00,108
1860,39954605,N623FB,N623FB,AS50,2025-03-23 00:10:35+00,,KDVT,,,2025-03-23 00:10:54+00,2025-03-23 00:19:06+00,99
1861,39954a9a,N623FB,N623FB,AS50,2025-03-23 00:18:05+00,2025-03-23 00:21:22+00,,KDVT,3.283333333333333,2025-03-23 00:19:18+00,2025-03-23 00:21:22+00,50
1862,39954cf2,N623FB,N623FB,AS50,2025-03-23 00:29:35+00,,KDVT,,,2025-03-23 00:23:47+00,2025-03-23 00:30:37+00,67
1864,399553a8,N623FB,N623FB,AS50,2025-03-23 00:39:59+00,2025-03-23 01:32:25+00,KDVT,KDVT,52.43333333333333,2025-03-23 00:37:01+00,2025-03-23 01:34:05+00,1247
1196,3995a024,N622FB,N622FB,AS50,2025-03-23 03:33:08+00,2025-03-23 05:10:20+00,KDVT,KDVT,97.2,2025-03-23 03:32:30+00,2025-03-23 05:10:43+00,2193
2607,3995c040,N624FB,N624FB,AS50,2025-03-23 05:01:56+00,2025-03-23 06:39:00+00,KDVT,KDVT,97.06666666666666,2025-03-23 05:01:23+00,2025-03-23 06:40:14+00,2573
2608,399604f6,N624FB,N624FB,AS50,2025-03-23 08:03:33+00,2025-03-23 10:16:17+00,KDVT,KDVT,132.73333333333332,2025-03-23 08:01:35+00,2025-03-23 10:16:47+00,3220
430,39971752,N621FB,N621FB,AS50,2025-03-23 15:35:05+00,2025-03-23 16:39:13+00,KDVT,KDVT,64.13333333333334,2025-03-23 15:34:44+00,2025-03-23 16:39:31+00,1497
431,39978eb2,N621FB,N621FB,AS50,2025-03-23 18:25:22+00,2025-03-23 20:04:12+00,KDVT,KDVT,98.83333333333333,2025-03-23 18:25:01+00,2025-03-23 20:05:27+00,2502
2609,39983263,N624FB,N624FB,AS50,2025-03-23 22:44:25+00,,KDVT,,,2025-03-23 22:43:49+00,2025-03-23 22:49:21+00,84
2610,3998356c,N624FB,N624FB,AS50,2025-03-24 00:43:58+00,2025-03-24 00:58:10+00,,KDVT,14.2,2025-03-23 22:49:22+00,2025-03-24 00:56:22+00,2942
2611,3998a202,N624FB,N624FB,AS50,2025-03-24 02:28:26+00,2025-03-24 03:51:20+00,KDVT,KDVT,82.9,2025-03-24 02:27:55+00,2025-03-24 03:52:03+00,1967
1865,3998bc47,N623FB,N623FB,AS50,2025-03-24 03:33:02+00,2025-03-24 05:03:33+00,KDVT,KDVT,90.51666666666667,2025-03-24 03:32:37+00,2025-03-24 05:03:41+00,2310
2612,3998ddb7,N624FB,N624FB,AS50,2025-03-24 05:00:37+00,2025-03-24 06:35:46+00,KDVT,KDVT,95.15,2025-03-24 04:59:31+00,2025-03-24 06:36:54+00,2239
1866,3999064b,N623FB,N623FB,AS50,2025-03-24 06:32:40+00,2025-03-24 08:10:13+00,KDVT,KDVT,97.55,2025-03-24 06:32:33+00,2025-03-24 08:10:15+00,2429
2613,39992c0c,N624FB,N624FB,AS50,2025-03-24 08:03:01+00,2025-03-24 09:22:54+00,KDVT,KDVT,79.88333333333334,2025-03-24 08:02:03+00,2025-03-24 09:23:31+00,1781
2614,39997a1f,N624FB,N624FB,AS50,2025-03-24 10:38:15+00,2025-03-24 10:43:52+00,KDVT,KDVT,5.616666666666666,2025-03-24 10:38:10+00,2025-03-24 10:43:52+00,108
2615,399bdaeb,N624FB,N624FB,AS50,2025-03-25 02:08:04+00,2025-03-25 02:12:35+00,KDVT,KDVT,4.516666666666667,2025-03-25 02:05:06+00,2025-03-25 02:10:09+00,61
2616,399bdd35,N624FB,N624FB,AS50,2025-03-25 02:09:53+00,2025-03-25 03:36:36+00,KDVT,KDVT,86.71666666666667,2025-03-25 02:10:11+00,2025-03-25 03:37:35+00,2000
1867,399c00f9,N623FB,N623FB,AS50,2025-03-25 03:30:00+00,2025-03-25 05:08:43+00,KDVT,KDVT,98.71666666666667,2025-03-25 03:29:26+00,2025-03-25 05:09:00+00,2355
2617,399c258e,N624FB,N624FB,AS50,2025-03-25 05:01:00+00,2025-03-25 06:33:50+00,KDVT,KDVT,92.83333333333333,2025-03-25 05:00:38+00,2025-03-25 06:34:55+00,2004
1868,399c4cd9,N623FB,N623FB,AS50,2025-03-25 06:31:13+00,2025-03-25 07:39:27+00,KDVT,KDVT,68.23333333333333,2025-03-25 06:31:09+00,2025-03-25 07:39:41+00,1638
2618,399caf5f,N624FB,N624FB,AS50,2025-03-25 10:02:42+00,2025-03-25 10:37:34+00,KDVT,KDVT,34.86666666666667,2025-03-25 10:02:17+00,2025-03-25 10:38:03+00,892
2619,399cc955,N624FB,N624FB,AS50,2025-03-25 10:48:59+00,2025-03-25 11:05:07+00,KDVT,KDVT,16.133333333333333,2025-03-25 10:48:55+00,2025-03-25 11:05:38+00,368
432,399e061b,N621FB,N621FB,AS50,2025-03-25 17:33:08+00,2025-03-25 18:44:15+00,KDVT,KDVT,71.11666666666666,2025-03-25 17:33:08+00,2025-03-25 18:45:45+00,1503
2620,399eedf9,N624FB,N624FB,AS50,2025-03-25 23:07:21+00,2025-03-26 00:55:25+00,KDVT,KDVT,108.06666666666666,2025-03-25 23:07:24+00,2025-03-26 00:55:25+00,2518
2621,399f59f7,N624FB,N624FB,AS50,2025-03-26 02:15:14+00,2025-03-26 03:45:02+00,KDVT,KDVT,89.8,2025-03-26 02:13:11+00,2025-03-26 03:46:05+00,2114
1869,399f7dde,N623FB,N623FB,AS50,2025-03-26 03:34:38+00,2025-03-26 05:06:26+00,KDVT,KDVT,91.8,2025-03-26 03:33:56+00,2025-03-26 05:06:51+00,2185
2622,399f9fea,N624FB,N624FB,AS50,2025-03-26 05:00:45+00,2025-03-26 06:35:16+00,KDVT,KDVT,94.51666666666667,2025-03-26 04:58:49+00,2025-03-26 06:35:30+00,1971
1870,399fc8ee,N623FB,N623FB,AS50,2025-03-26 06:33:57+00,2025-03-26 07:58:31+00,KDVT,KDVT,84.56666666666666,2025-03-26 06:33:49+00,2025-03-26 07:59:03+00,1969
433,39a18284,N621FB,N621FB,AS50,2025-03-26 17:13:49+00,,KDVT,,,2025-03-26 17:13:14+00,2025-03-26 17:18:42+00,121
434,39a1a6cf,N621FB,N621FB,AS50,2025-03-26 17:59:18+00,2025-03-26 18:03:50+00,KDVT,KDVT,4.533333333333333,2025-03-26 17:59:25+00,2025-03-26 18:03:50+00,97
435,39a1ad5e,N621FB,N621FB,AS50,2025-03-26 18:08:39+00,2025-03-26 18:58:51+00,KDVT,KDVT,50.2,2025-03-26 18:08:12+00,2025-03-26 18:59:05+00,1173
2623,39a278be,N624FB,N624FB,AS50,2025-03-26 23:03:38+00,,KDVT,,,2025-03-26 23:03:02+00,2025-03-26 23:08:35+00,127
2624,39a2df61,N624FB,N624FB,AS50,2025-03-27 02:04:35+00,2025-03-27 03:46:05+00,KDVT,KDVT,101.5,2025-03-27 02:03:55+00,2025-03-27 03:47:05+00,2459
2625,39a32aec,N624FB,N624FB,AS50,2025-03-27 05:03:59+00,2025-03-27 06:36:08+00,KDVT,KDVT,92.15,2025-03-27 05:02:52+00,2025-03-27 06:36:36+00,2151
2626,39a3801f,N624FB,N624FB,AS50,2025-03-27 08:14:14+00,2025-03-27 10:00:21+00,KDVT,KDVT,106.11666666666666,2025-03-27 08:14:07+00,2025-03-27 10:00:48+00,2581
2627,39a614ca,N624FB,N624FB,AS50,2025-03-27 23:08:23+00,2025-03-28 00:33:08+00,KDVT,KDVT,84.75,2025-03-27 23:06:50+00,2025-03-28 00:33:36+00,2037
2628,39a6746e,N624FB,N624FB,AS50,2025-03-28 01:56:11+00,,KDVT,,,2025-03-28 01:55:32+00,2025-03-28 02:01:10+00,107
2629,39a6774a,N624FB,N624FB,AS50,2025-03-28 01:59:50+00,2025-03-28 03:42:56+00,KDVT,KDVT,103.1,2025-03-28 02:01:11+00,2025-03-28 03:43:28+00,2367
1871,39a69f40,N623FB,N623FB,AS50,2025-03-28 03:29:23+00,2025-03-28 04:09:42+00,KDVT,,40.31666666666667,2025-03-28 03:28:41+00,2025-03-28 05:04:02+00,2348
2630,39a6c39c,N624FB,N624FB,AS50,2025-03-28 05:00:50+00,2025-03-28 05:44:33+00,KDVT,KGEU,43.71666666666667,2025-03-28 05:00:16+00,2025-03-28 05:49:11+00,873
2631,39a6d8ed,N624FB,N624FB,AS50,2025-03-28 05:47:57+00,2025-03-28 06:49:58+00,KGEU,KDVT,62.016666666666666,2025-03-28 05:49:14+00,2025-03-28 06:50:52+00,1470
1872,39a6eb63,N623FB,N623FB,AS50,2025-03-28 06:30:29+00,2025-03-28 07:50:41+00,KDVT,KDVT,80.2,2025-03-28 06:30:05+00,2025-03-28 07:51:29+00,1988
2632,39a78a5c,N624FB,N624FB,AS50,2025-03-28 11:27:48+00,2025-03-28 12:08:22+00,KDVT,KDVT,40.56666666666667,2025-03-28 11:27:28+00,2025-03-28 12:09:16+00,1065
436,39a8c8d8,N621FB,N621FB,AS50,2025-03-28 18:05:06+00,2025-03-28 18:58:17+00,KDVT,KDVT,53.18333333333333,2025-03-28 18:04:22+00,2025-03-28 18:58:17+00,1231
2633,39a91e9b,N624FB,N624FB,AS50,2025-03-28 20:10:36+00,2025-03-28 20:51:48+00,KDVT,KDVT,41.2,2025-03-28 20:10:42+00,2025-03-28 20:51:48+00,1064
2634,39a93a31,N624FB,N624FB,AS50,2025-03-28 20:54:23+00,,KDVT,,,2025-03-28 20:54:05+00,2025-03-28 21:04:24+00,201
2635,39a9d7b7,N624FB,N624FB,AS50,2025-03-29 01:42:41+00,2025-03-29 03:17:15+00,KDVT,KDVT,94.56666666666666,2025-03-29 01:42:08+00,2025-03-29 03:17:54+00,2190
1873,39aa0751,N623FB,N623FB,AS50,2025-03-29 03:36:12+00,2025-03-29 05:08:44+00,KDVT,KDVT,92.53333333333333,2025-03-29 03:35:28+00,2025-03-29 05:08:52+00,2332
2636,39aa32dd,N624FB,N624FB,AS50,2025-03-29 05:30:37+00,2025-03-29 07:01:48+00,KDVT,KDVT,91.18333333333334,2025-03-29 05:29:11+00,2025-03-29 07:02:47+00,2228
1874,39aa54f5,N623FB,N623FB,AS50,2025-03-29 06:56:32+00,2025-03-29 08:15:14+00,KDVT,KDVT,78.7,2025-03-29 06:56:06+00,2025-03-29 08:15:41+00,1727
2637,39aaa0e1,N624FB,N624FB,AS50,2025-03-29 09:47:20+00,2025-03-29 10:53:55+00,KDVT,KDVT,66.58333333333333,2025-03-29 09:46:50+00,2025-03-29 10:55:28+00,1778
2638,39ac9078,N624FB,N624FB,AS50,2025-03-29 23:05:43+00,2025-03-29 23:41:44+00,KDVT,KDVT,36.016666666666666,2025-03-29 23:05:11+00,2025-03-29 23:46:21+00,885
2639,39aca4ad,N624FB,N624FB,AS50,2025-03-29 23:46:00+00,2025-03-30 00:33:06+00,KDVT,KDVT,47.1,2025-03-29 23:46:24+00,2025-03-30 00:34:01+00,1094
2640,39ace018,N624FB,N624FB,AS50,2025-03-30 02:00:46+00,2025-03-30 03:35:57+00,KDVT,KDVT,95.18333333333334,2025-03-30 02:00:13+00,2025-03-30 03:36:33+00,2152
2641,39ad26dc,N624FB,N624FB,AS50,2025-03-30 05:01:41+00,2025-03-30 06:55:32+00,KDVT,KDVT,113.85,2025-03-30 05:01:00+00,2025-03-30 06:56:02+00,2710
402,39aee37b,N621FB,N621FB,AS50,2025-03-30 18:41:10+00,,KDVT,,,2025-03-30 18:40:36+00,2025-03-30 18:46:05+00,119
403,39aee68d,N621FB,N621FB,AS50,2025-03-30 18:49:43+00,2025-03-30 19:44:14+00,KDVT,KDVT,54.516666666666666,2025-03-30 18:46:06+00,2025-03-30 19:44:14+00,1352
2546,39af6c62,N624FB,N624FB,AS50,2025-03-30 23:11:00+00,2025-03-31 00:32:56+00,KDVT,KDVT,81.93333333333334,2025-03-30 23:10:26+00,2025-03-31 00:33:50+00,1947
2547,39afbed2,N624FB,N624FB,AS50,2025-03-31 02:07:16+00,2025-03-31 03:41:21+00,KDVT,KDVT,94.08333333333333,2025-03-31 02:06:35+00,2025-03-31 03:43:17+00,1934
2548,39b0088d,N624FB,N624FB,AS50,2025-03-31 05:01:14+00,2025-03-31 06:36:24+00,KDVT,KDVT,95.16666666666667,2025-03-31 04:59:08+00,2025-03-31 06:37:25+00,2190
2549,39b0b6c6,N624FB,N624FB,AS50,2025-03-31 10:54:03+00,2025-03-31 11:38:33+00,KDVT,KDVT,44.5,2025-03-31 10:53:12+00,2025-03-31 11:40:13+00,1037
404,39b1eec8,N621FB,N621FB,AS50,2025-03-31 18:06:03+00,2025-03-31 19:09:55+00,KDVT,KDVT,63.86666666666667,2025-03-31 18:05:17+00,2025-03-31 19:09:55+00,1495
2550,39b2a546,N624FB,N624FB,AS50,2025-03-31 23:04:43+00,2025-03-31 23:23:09+00,KDVT,KPHX,18.433333333333334,2025-03-31 23:03:42+00,2025-04-01 00:37:16+00,1831
2551,39b30486,N624FB,N624FB,AS50,2025-04-01 02:03:53+00,2025-04-01 03:46:03+00,KDVT,KDVT,102.16666666666667,2025-04-01 02:03:04+00,2025-04-01 03:47:07+00,2409
1813,39b32da6,N623FB,N623FB,AS50,2025-04-01 03:29:47+00,2025-04-01 05:26:22+00,KDVT,KDVT,116.58333333333333,2025-04-01 03:29:33+00,2025-04-01 05:26:31+00,2992
2552,39b358ec,N624FB,N624FB,AS50,2025-04-01 05:02:08+00,2025-04-01 06:41:48+00,KDVT,KDVT,99.66666666666667,2025-04-01 05:01:45+00,2025-04-01 06:42:01+00,2196
1814,39b382e0,N623FB,N623FB,AS50,2025-04-01 06:31:43+00,2025-04-01 08:08:07+00,KDVT,KDVT,96.4,2025-04-01 06:31:13+00,2025-04-01 08:08:17+00,2431
1815,39b3c188,N623FB,N623FB,AS50,2025-04-01 08:37:24+00,2025-04-01 09:30:06+00,KDVT,KDVT,52.7,2025-04-01 08:37:05+00,2025-04-01 09:30:11+00,1063
405,39b573cb,N621FB,N621FB,AS50,2025-04-01 18:42:06+00,2025-04-01 20:33:55+00,KDVT,KDVT,111.81666666666666,2025-04-01 18:42:11+00,2025-04-01 20:33:55+00,2111
2553,39b62e3d,N624FB,N624FB,AS50,2025-04-01 23:37:44+00,2025-04-02 00:37:01+00,KDVT,KDVT,59.28333333333333,2025-04-01 23:37:06+00,2025-04-02 00:37:10+00,1315
2554,39b67aa5,N624FB,N624FB,AS50,2025-04-02 02:04:33+00,2025-04-02 03:35:25+00,KDVT,KDVT,90.86666666666666,2025-04-02 02:03:49+00,2025-04-02 03:36:18+00,1796
2555,39b6ca4b,N624FB,N624FB,AS50,2025-04-02 05:02:37+00,2025-04-02 06:34:11+00,KDVT,KDVT,91.56666666666666,2025-04-02 05:01:56+00,2025-04-02 06:34:27+00,1952
2556,39b7254d,N624FB,N624FB,AS50,2025-04-02 08:07:32+00,2025-04-02 09:54:03+00,KDVT,KDVT,106.51666666666667,2025-04-02 08:07:37+00,2025-04-02 09:54:40+00,2597
406,39b8b7fe,N621FB,N621FB,AS50,2025-04-02 17:36:21+00,2025-04-02 18:36:55+00,KDVT,KDVT,60.56666666666667,2025-04-02 17:35:50+00,2025-04-02 18:37:32+00,1349
2557,39b97d30,N624FB,N624FB,AS50,2025-04-02 22:50:54+00,2025-04-03 00:12:09+00,KDVT,KDVT,81.25,2025-04-02 22:50:40+00,2025-04-03 00:12:41+00,1885
2558,39b9e2f4,N624FB,N624FB,AS50,2025-04-03 01:59:37+00,2025-04-03 03:38:07+00,KDVT,KDVT,98.5,2025-04-03 01:59:08+00,2025-04-03 03:39:01+00,2303
1816,39ba0d3d,N623FB,N623FB,AS50,2025-04-03 03:31:52+00,2025-04-03 05:01:29+00,KDVT,KDVT,89.61666666666666,2025-04-03 03:30:59+00,2025-04-03 05:02:45+00,2066
2559,39ba39cd,N624FB,N624FB,AS50,2025-04-03 05:02:29+00,,KDVT,,,2025-04-03 05:02:37+00,2025-04-03 05:14:25+00,182
2560,39ba4006,N624FB,N624FB,AS50,2025-04-03 05:14:20+00,2025-04-03 05:50:55+00,KGEU,KPHX,36.583333333333336,2025-04-03 05:14:30+00,2025-04-03 06:43:54+00,1485
1818,39ba6467,N623FB,N623FB,AS50,2025-04-03 06:29:31+00,2025-04-03 08:39:00+00,KDVT,KDVT,129.48333333333332,2025-04-03 06:29:27+00,2025-04-03 08:39:31+00,3360
3320,39bbc86f,N625FB,N625FB,AS50,2025-04-03 15:05:32+00,2025-04-03 15:13:58+00,KDVT,KDVT,8.433333333333334,2025-04-03 15:04:23+00,2025-04-03 15:13:58+00,179
3321,39bbd88c,N625FB,N625FB,AS50,2025-04-03 15:24:01+00,2025-04-03 15:31:56+00,KDVT,KDVT,7.916666666666667,2025-04-03 15:24:23+00,2025-04-03 15:31:56+00,169
3322,39bbe7d9,N625FB,N625FB,AS50,2025-04-03 15:43:24+00,2025-04-03 15:51:27+00,KDVT,KDVT,8.05,2025-04-03 15:43:27+00,2025-04-03 15:51:27+00,160
3323,39bbf2ca,N625FB,N625FB,AS50,2025-04-03 16:00:04+00,2025-04-03 16:18:50+00,KDVT,,18.766666666666666,2025-04-03 15:58:03+00,2025-04-03 16:28:41+00,502
407,39bc4de6,N621FB,N621FB,AS50,2025-04-03 18:00:25+00,2025-04-03 18:58:01+00,KDVT,KDVT,57.6,2025-04-03 17:59:49+00,2025-04-03 18:58:02+00,1462
2561,39bd0552,N624FB,N624FB,AS50,2025-04-03 22:39:37+00,2025-04-03 23:50:46+00,KDVT,KDVT,71.15,2025-04-03 22:37:50+00,2025-04-03 23:51:20+00,1398
2562,39bd7d08,N624FB,N624FB,AS50,2025-04-04 02:04:19+00,2025-04-04 03:36:36+00,KDVT,KDVT,92.28333333333333,2025-04-04 02:03:55+00,2025-04-04 03:36:54+00,2320
1819,39bda842,N623FB,N623FB,AS50,2025-04-04 03:33:40+00,2025-04-04 05:05:21+00,KDVT,KDVT,91.68333333333334,2025-04-04 03:33:06+00,2025-04-04 05:05:50+00,2043
2563,39bdd3bc,N624FB,N624FB,AS50,2025-04-04 05:01:21+00,2025-04-04 06:32:49+00,KDVT,KDVT,91.46666666666667,2025-04-04 05:00:43+00,2025-04-04 06:34:02+00,2008
1820,39bdffbd,N623FB,N623FB,AS50,2025-04-04 06:29:57+00,2025-04-04 08:15:42+00,KDVT,KDVT,105.75,2025-04-04 06:29:33+00,2025-04-04 08:16:11+00,2583
2565,39be30c1,N624FB,N624FB,AS50,2025-04-04 08:00:12+00,2025-04-04 09:05:40+00,KDVT,KDVT,65.46666666666667,2025-04-04 08:00:07+00,2025-04-04 09:06:14+00,1372
2566,39be5711,N624FB,N624FB,AS50,2025-04-04 09:06:18+00,2025-04-04 09:21:37+00,KDVT,KDVT,15.316666666666666,2025-04-04 09:06:17+00,2025-04-04 09:21:40+00,326
1821,39bfcefa,N623FB,N623FB,AS50,2025-04-04 17:02:15+00,2025-04-04 17:12:49+00,KDVT,KPHX,10.566666666666666,2025-04-04 17:01:28+00,2025-04-04 17:12:49+00,155
1822,39bfdaf2,N623FB,N623FB,AS50,2025-04-04 17:15:35+00,2025-04-04 17:26:55+00,KPHX,KDVT,11.333333333333334,2025-04-04 17:15:42+00,2025-04-04 17:25:05+00,138
1823,39bfe2f1,N623FB,N623FB,AS50,2025-04-04 17:29:32+00,,KDVT,,,2025-04-04 17:25:08+00,2025-04-04 17:41:42+00,145
1824,39bff05c,N623FB,N623FB,AS50,2025-04-04 17:41:50+00,2025-04-04 17:51:54+00,KPHX,KDVT,10.066666666666666,2025-04-04 17:41:47+00,2025-04-04 17:51:54+00,132
408,39bff9dc,N621FB,N621FB,AS50,2025-04-04 17:53:56+00,2025-04-04 18:58:27+00,KDVT,KDVT,64.51666666666667,2025-04-04 17:54:05+00,2025-04-04 18:58:27+00,1336
2567,39c0c24e,N624FB,N624FB,AS50,2025-04-04 22:36:38+00,2025-04-04 23:01:19+00,KDVT,,24.683333333333334,2025-04-04 22:36:11+00,2025-04-05 00:00:52+00,1838
2568,39c131b0,N624FB,N624FB,AS50,2025-04-05 01:52:35+00,,KDVT,,,2025-04-05 01:52:30+00,2025-04-05 01:55:33+00,74
2569,39c13348,N624FB,N624FB,AS50,2025-04-05 01:55:38+00,2025-04-05 03:48:32+00,KDVT,KDVT,112.9,2025-04-05 01:55:36+00,2025-04-05 03:49:10+00,2875
3324,39c15fa3,N625FB,N625FB,AS50,2025-04-05 03:32:21+00,2025-04-05 04:59:31+00,KDVT,KDVT,87.16666666666667,2025-04-05 03:31:25+00,2025-04-05 05:03:12+00,2096
2570,39c18a40,N624FB,N624FB,AS50,2025-04-05 05:02:21+00,2025-04-05 06:34:55+00,KDVT,KDVT,92.56666666666666,2025-04-05 05:02:01+00,2025-04-05 06:35:40+00,2037
3325,39c1b211,N625FB,N625FB,AS50,2025-04-05 06:31:07+00,2025-04-05 08:19:44+00,KDVT,KDVT,108.61666666666666,2025-04-05 06:31:05+00,2025-04-05 08:20:24+00,2418
2571,39c1dc45,N624FB,N624FB,AS50,2025-04-05 07:57:53+00,2025-04-05 10:24:51+00,KDVT,KDVT,146.96666666666667,2025-04-05 07:57:09+00,2025-04-05 10:24:51+00,3751
410,39c2fcd8,N621FB,N621FB,AS50,2025-04-05 15:02:28+00,2025-04-05 15:56:49+00,KDVT,KDVT,54.35,2025-04-05 15:02:21+00,2025-04-05 15:55:12+00,1101
411,39c3248a,N621FB,N621FB,AS50,2025-04-05 18:02:45+00,2025-04-05 18:31:54+00,KDVT,,29.15,2025-04-05 15:55:21+00,2025-04-05 18:53:06+00,1000
2572,39c41e47,N624FB,N624FB,AS50,2025-04-05 22:58:28+00,2025-04-05 23:37:31+00,KDVT,,39.05,2025-04-05 22:58:26+00,2025-04-05 23:45:48+00,929
2575,39c4384e,N624FB,N624FB,AS50,2025-04-05 23:47:42+00,,KPHX,,,2025-04-05 23:47:40+00,2025-04-06 00:19:49+00,796
2576,39c449fc,N624FB,N624FB,AS50,2025-04-06 02:03:33+00,2025-04-06 03:35:08+00,KDVT,KDVT,91.58333333333333,2025-04-06 00:19:51+00,2025-04-06 03:35:35+00,2123
3326,39c4a0f4,N625FB,N625FB,AS50,2025-04-06 03:31:31+00,2025-04-06 05:31:25+00,KDVT,KDVT,119.9,2025-04-06 03:30:37+00,2025-04-06 05:31:57+00,2709
2577,39c4c98a,N624FB,N624FB,AS50,2025-04-06 05:02:06+00,2025-04-06 06:38:32+00,KDVT,KDVT,96.43333333333334,2025-04-06 05:00:38+00,2025-04-06 06:39:29+00,2356
3327,39c4f09e,N625FB,N625FB,AS50,2025-04-06 06:31:00+00,2025-04-06 07:58:01+00,KDVT,KDVT,87.01666666666667,2025-04-06 06:30:13+00,2025-04-06 07:56:26+00,1929
2578,39c51a38,N624FB,N624FB,AS50,2025-04-06 08:00:34+00,2025-04-06 10:02:47+00,KDVT,KDVT,122.21666666666667,2025-04-06 07:59:36+00,2025-04-06 10:03:14+00,2954
3329,39c65cee,N625FB,N625FB,AS50,2025-04-06 15:57:56+00,2025-04-06 16:57:32+00,KDVT,KDVT,59.6,2025-04-06 15:57:00+00,2025-04-06 16:57:32+00,1338
3330,39c6f7b9,N625FB,N625FB,AS50,2025-04-06 19:36:10+00,2025-04-06 20:32:08+00,KDVT,KDVT,55.96666666666667,2025-04-06 19:36:06+00,2025-04-06 20:32:08+00,1367
2579,39c779c0,N624FB,N624FB,AS50,2025-04-06 23:11:09+00,2025-04-07 00:52:59+00,KDVT,KDVT,101.83333333333333,2025-04-06 23:11:06+00,2025-04-07 00:53:39+00,2504
2580,39c7d7df,N624FB,N624FB,AS50,2025-04-07 02:07:41+00,2025-04-07 03:49:27+00,KDVT,KDVT,101.76666666666667,2025-04-07 02:06:52+00,2025-04-07 03:50:24+00,2254
1825,39c7fe4d,N623FB,N623FB,AS50,2025-04-07 03:32:16+00,2025-04-07 05:08:47+00,KDVT,KDVT,96.51666666666667,2025-04-07 03:31:41+00,2025-04-07 05:08:47+00,1842
1826,39c85831,N623FB,N623FB,AS50,2025-04-07 06:30:26+00,,KDVT,,,2025-04-07 06:30:26+00,2025-04-07 08:13:20+00,2466
412,39c9da8f,N621FB,N621FB,AS50,2025-04-07 15:40:16+00,2025-04-07 16:41:45+00,KDVT,KDVT,61.483333333333334,2025-04-07 15:39:52+00,2025-04-07 16:41:45+00,1263
413,39ca0c83,N621FB,N621FB,AS50,2025-04-07 19:03:44+00,2025-04-07 20:16:48+00,KDVT,KDVT,73.06666666666666,2025-04-07 16:41:47+00,2025-04-07 20:17:17+00,1629
1827,39cb1740,N623FB,N623FB,AS50,2025-04-07 23:16:44+00,2025-04-08 00:43:35+00,KDVT,KDVT,86.85,2025-04-07 23:13:15+00,2025-04-08 00:43:35+00,1931
1830,39cb7f24,N623FB,N623FB,AS50,2025-04-08 02:11:28+00,2025-04-08 03:38:03+00,KDVT,KDVT,86.58333333333333,2025-04-08 02:11:24+00,2025-04-08 03:38:03+00,1920
3331,39cbd563,N625FB,N625FB,AS50,2025-04-08 05:02:19+00,2025-04-08 06:54:36+00,KDVT,KDVT,112.28333333333333,2025-04-08 05:02:15+00,2025-04-08 06:52:50+00,2732
3333,39cc3581,N625FB,N625FB,AS50,2025-04-08 08:03:44+00,2025-04-08 10:26:28+00,KDVT,KDVT,142.73333333333332,2025-04-08 08:03:01+00,2025-04-08 10:29:31+00,3420
1831,39cd9606,N623FB,N623FB,AS50,2025-04-08 15:38:27+00,2025-04-08 16:36:01+00,KDVT,KDVT,57.56666666666667,2025-04-08 15:37:45+00,2025-04-08 16:36:01+00,1333
1833,39ce3dc2,N623FB,N623FB,AS50,2025-04-08 19:03:12+00,2025-04-08 20:05:00+00,KDVT,KDVT,61.8,2025-04-08 19:03:03+00,2025-04-08 20:03:14+00,1294
3334,39ceede7,N625FB,N625FB,AS50,2025-04-08 23:09:35+00,2025-04-09 00:36:56+00,KDVT,KDVT,87.35,2025-04-08 23:09:22+00,2025-04-09 00:36:56+00,2043
3335,39cf2887,N625FB,N625FB,AS50,2025-04-09 02:06:59+00,2025-04-09 03:39:35+00,KDVT,KDVT,92.6,2025-04-09 00:36:59+00,2025-04-09 03:39:35+00,2109
3336,39cf8def,N625FB,N625FB,AS50,2025-04-09 05:03:25+00,2025-04-09 06:51:30+00,KDVT,KDVT,108.08333333333333,2025-04-09 03:39:40+00,2025-04-09 06:51:30+00,2530
3337,39d01a23,N625FB,N625FB,AS50,2025-04-09 07:59:20+00,2025-04-09 09:30:35+00,KDVT,KDVT,91.25,2025-04-09 07:59:15+00,2025-04-09 09:31:17+00,2039
1835,39d21363,N623FB,N623FB,AS50,2025-04-09 18:02:30+00,2025-04-09 19:12:29+00,KDVT,KDVT,69.98333333333333,2025-04-09 18:02:28+00,2025-04-09 19:12:29+00,1749
2582,39d379ab,N624FB,N624FB,AS50,2025-04-10 02:09:02+00,2025-04-10 03:39:10+00,KDVT,KDVT,90.13333333333334,2025-04-10 02:09:00+00,2025-04-10 03:39:39+00,2175
1836,39d3a5bb,N623FB,N623FB,AS50,2025-04-10 03:34:45+00,2025-04-10 05:07:13+00,KDVT,KDVT,92.46666666666667,2025-04-10 03:34:17+00,2025-04-10 05:07:13+00,2136
2583,39d3d32e,N624FB,N624FB,AS50,2025-04-10 05:01:54+00,2025-04-10 06:51:16+00,KDVT,KDVT,109.36666666666666,2025-04-10 05:00:44+00,2025-04-10 06:52:32+00,2667
1838,39d4025e,N623FB,N623FB,AS50,2025-04-10 06:32:38+00,2025-04-10 08:09:31+00,KDVT,KDVT,96.88333333333334,2025-04-10 06:31:51+00,2025-04-10 08:13:28+00,2031
2584,39d43632,N624FB,N624FB,AS50,2025-04-10 08:04:57+00,2025-04-10 09:05:04+00,KDVT,KDVT,60.11666666666667,2025-04-10 08:04:21+00,2025-04-10 09:05:58+00,1211
2585,39d4eb32,N624FB,N624FB,AS50,2025-04-10 12:22:37+00,2025-04-10 12:55:25+00,KDVT,KDVT,32.8,2025-04-10 12:22:37+00,2025-04-10 12:55:25+00,725
3338,39d58bb9,N625FB,N625FB,AS50,2025-04-10 15:02:57+00,2025-04-10 15:21:10+00,KDVT,KDVT,18.216666666666665,2025-04-10 15:02:37+00,2025-04-10 15:50:31+00,459
3340,39d5d171,N625FB,N625FB,AS50,2025-04-10 16:16:48+00,,KDVT,,,2025-04-10 16:15:52+00,2025-04-10 16:29:13+00,310
1839,39d60a57,N623FB,N623FB,AS50,2025-04-10 17:16:18+00,2025-04-10 18:18:57+00,KDVT,KGEU,62.65,2025-04-10 17:16:06+00,2025-04-10 18:52:44+00,2297
3343,39d5de56,N625FB,N625FB,AS50,2025-04-10 17:25:29+00,,KDVT,,,2025-04-10 16:29:46+00,2025-04-10 17:44:23+00,711
1162,39d719ba,N622FB,N622FB,AS50,2025-04-10 22:57:15+00,2025-04-11 00:28:42+00,KDVT,KDVT,91.45,2025-04-10 22:56:35+00,2025-04-11 00:28:42+00,2043
1164,39d76fdb,N622FB,N622FB,AS50,2025-04-11 01:04:07+00,2025-04-11 01:12:06+00,KDVT,KDVT,7.983333333333333,2025-04-11 01:04:07+00,2025-04-11 01:12:06+00,196
1165,39d791e5,N622FB,N622FB,AS50,2025-04-11 02:04:05+00,2025-04-11 03:35:36+00,KDVT,KDVT,91.51666666666667,2025-04-11 02:03:48+00,2025-04-11 03:35:36+00,2234
3344,39d7bfe4,N625FB,N625FB,AS50,2025-04-11 03:32:29+00,2025-04-11 05:11:01+00,KDVT,KDVT,98.53333333333333,2025-04-11 03:31:25+00,2025-04-11 05:11:48+00,2463
1167,39d7f0e5,N622FB,N622FB,AS50,2025-04-11 05:04:49+00,2025-04-11 06:39:53+00,KDVT,KDVT,95.06666666666666,2025-04-11 05:04:47+00,2025-04-11 06:38:10+00,2078
3345,39d81d28,N625FB,N625FB,AS50,2025-04-11 06:32:25+00,2025-04-11 08:05:55+00,KDVT,KDVT,93.5,2025-04-11 06:31:48+00,2025-04-11 08:06:25+00,2127
1168,39d84e6f,N622FB,N622FB,AS50,2025-04-11 08:01:30+00,2025-04-11 09:32:18+00,KDVT,KDVT,90.8,2025-04-11 08:01:02+00,2025-04-11 09:32:18+00,2047
1840,39d988af,N623FB,N623FB,AS50,2025-04-11 14:58:29+00,2025-04-11 15:45:35+00,KDVT,KDVT,47.1,2025-04-11 14:57:44+00,2025-04-11 15:45:35+00,1126
1841,39d9b6ae,N623FB,N623FB,AS50,2025-04-11 18:04:10+00,2025-04-11 18:54:24+00,KDVT,KDVT,50.233333333333334,2025-04-11 15:45:37+00,2025-04-11 18:54:24+00,1069
1169,39db18a8,N622FB,N622FB,AS50,2025-04-11 23:08:22+00,2025-04-12 00:39:08+00,KDVT,KDVT,90.76666666666667,2025-04-11 23:07:51+00,2025-04-12 00:39:43+00,2132
1170,39db83f8,N622FB,N622FB,AS50,2025-04-12 02:16:36+00,2025-04-12 03:45:34+00,KDVT,KDVT,88.96666666666667,2025-04-12 02:15:52+00,2025-04-12 03:46:13+00,2160
2586,39dba542,N624FB,N624FB,AS50,2025-04-12 03:30:50+00,2025-04-12 05:09:02+00,KDVT,KDVT,98.2,2025-04-12 03:30:11+00,2025-04-12 05:09:57+00,2052
1171,39dbcf99,N622FB,N622FB,AS50,2025-04-12 05:01:35+00,2025-04-12 06:36:53+00,KDVT,KDVT,95.3,2025-04-12 05:00:52+00,2025-04-12 06:37:47+00,2246
2587,39dbf714,N624FB,N624FB,AS50,2025-04-12 06:30:12+00,2025-04-12 08:09:22+00,KDVT,KDVT,99.16666666666667,2025-04-12 06:29:39+00,2025-04-12 08:09:52+00,2384
1172,39dc25d9,N622FB,N622FB,AS50,2025-04-12 08:03:23+00,2025-04-12 09:32:23+00,KDVT,KDVT,89,2025-04-12 08:03:08+00,2025-04-12 09:32:52+00,1880
3347,39dd2837,N625FB,N625FB,AS50,2025-04-12 13:58:32+00,2025-04-12 14:50:25+00,KDVT,KDVT,51.88333333333333,2025-04-12 13:57:55+00,2025-04-12 14:50:25+00,1273
3348,39ddc5f2,N625FB,N625FB,AS50,2025-04-12 18:51:07+00,2025-04-12 17:25:34+00,KSDL,KSDL,-85.55,2025-04-12 17:03:43+00,2025-04-12 19:06:21+00,776
2588,39dea9b7,N624FB,N624FB,AS50,2025-04-12 23:12:53+00,2025-04-13 00:41:01+00,KDVT,KDVT,88.13333333333334,2025-04-12 23:12:33+00,2025-04-13 00:41:41+00,2037
3349,39def9bc,N625FB,N625FB,AS50,2025-04-13 01:50:59+00,2025-04-13 02:50:16+00,KDVT,KDVT,59.28333333333333,2025-04-13 01:51:04+00,2025-04-13 02:54:39+00,1443
2589,39defe07,N624FB,N624FB,AS50,2025-04-13 02:01:32+00,2025-04-13 03:35:46+00,KDVT,KDVT,94.23333333333333,2025-04-13 02:01:02+00,2025-04-13 03:36:10+00,2019
1173,39df2348,N622FB,N622FB,AS50,2025-04-13 03:30:47+00,2025-04-13 05:06:33+00,KDVT,KDVT,95.76666666666667,2025-04-13 03:29:53+00,2025-04-13 05:07:16+00,2279
2590,39df4be2,N624FB,N624FB,AS50,2025-04-13 05:02:10+00,2025-04-13 06:34:43+00,KDVT,KDVT,92.55,2025-04-13 05:01:34+00,2025-04-13 06:35:05+00,2114
1174,39df738a,N622FB,N622FB,AS50,2025-04-13 06:32:20+00,2025-04-13 08:27:21+00,KDVT,KDVT,115.01666666666667,2025-04-13 06:31:41+00,2025-04-13 08:27:51+00,2537
2591,39df9c12,N624FB,N624FB,AS50,2025-04-13 08:00:56+00,2025-04-13 09:33:04+00,KDVT,KDVT,92.13333333333334,2025-04-13 08:00:36+00,2025-04-13 09:33:32+00,1989
3263,39e0b7f2,N625FB,N625FB,AS50,2025-04-13 15:04:40+00,2025-04-13 16:00:53+00,KDVT,KDVT,56.21666666666667,2025-04-13 15:04:10+00,2025-04-13 16:01:25+00,1325
3264,39e159b7,N625FB,N625FB,AS50,2025-04-13 18:40:13+00,2025-04-13 19:37:39+00,KDVT,KDVT,57.43333333333333,2025-04-13 18:39:41+00,2025-04-13 19:38:22+00,1242
1785,39e20d29,N623FB,N623FB,AS50,2025-04-13 23:27:36+00,2025-04-14 00:50:47+00,KDVT,KDVT,83.18333333333334,2025-04-13 23:26:53+00,2025-04-14 00:51:20+00,2025
1786,39e26389,N623FB,N623FB,AS50,2025-04-14 02:07:22+00,2025-04-14 03:43:31+00,KDVT,KDVT,96.15,2025-04-14 02:05:50+00,2025-04-14 03:43:57+00,2350
1124,39e28ae5,N622FB,N622FB,AS50,2025-04-14 03:34:18+00,2025-04-14 05:12:05+00,KDVT,KDVT,97.78333333333333,2025-04-14 03:34:19+00,2025-04-14 06:32:53+00,2147
1787,39e2b688,N623FB,N623FB,AS50,2025-04-14 05:04:44+00,2025-04-14 06:35:14+00,KDVT,KDVT,90.5,2025-04-14 05:03:55+00,2025-04-14 06:36:46+00,1590
1125,39e2e17c,N622FB,N622FB,AS50,2025-04-14 06:32:56+00,2025-04-14 08:13:58+00,KDVT,KDVT,101.03333333333333,2025-04-14 06:32:54+00,2025-04-14 08:15:17+00,2082
1789,39e30ecd,N623FB,N623FB,AS50,2025-04-14 08:01:48+00,2025-04-14 08:29:53+00,KDVT,KCHD,28.083333333333332,2025-04-14 08:01:49+00,2025-04-14 08:59:27+00,920
1790,39e32da1,N623FB,N623FB,AS50,2025-04-14 08:59:27+00,2025-04-14 09:02:28+00,KGEU,KGEU,3.0166666666666666,2025-04-14 08:59:28+00,2025-04-14 09:02:28+00,57
1791,39e32f7f,N623FB,N623FB,AS50,2025-04-14 09:02:29+00,2025-04-14 09:15:35+00,KGEU,KDVT,13.1,2025-04-14 09:02:31+00,2025-04-14 09:15:35+00,230
1793,39e359a7,N623FB,N623FB,AS50,2025-04-14 10:16:17+00,2025-04-14 11:15:31+00,KDVT,KDVT,59.233333333333334,2025-04-14 10:16:13+00,2025-04-14 11:15:47+00,1584
1794,39e4410e,N623FB,N623FB,AS50,2025-04-14 15:08:05+00,2025-04-14 16:04:36+00,KDVT,KDVT,56.516666666666666,2025-04-14 15:07:45+00,2025-04-14 16:04:36+00,1235
1796,39e4ea47,N623FB,N623FB,AS50,2025-04-14 18:32:44+00,2025-04-14 19:33:42+00,KDVT,KDVT,60.96666666666667,2025-04-14 18:32:44+00,2025-04-14 19:33:42+00,1284
1127,39e5ab46,N622FB,N622FB,AS50,2025-04-14 23:07:07+00,2025-04-15 00:34:14+00,KDVT,KDVT,87.11666666666666,2025-04-14 23:07:00+00,2025-04-15 00:34:14+00,2023
1128,39e5e303,N622FB,N622FB,AS50,2025-04-15 01:37:50+00,2025-04-15 03:31:10+00,KDVT,KDVT,113.33333333333333,2025-04-15 00:34:18+00,2025-04-15 03:34:18+00,2716
3265,39e6461d,N625FB,N625FB,AS50,2025-04-15 03:33:59+00,2025-04-15 05:13:51+00,KDVT,KDVT,99.86666666666666,2025-04-15 03:33:49+00,2025-04-15 05:14:19+00,2263
2501,39e6735d,N624FB,N624FB,AS50,2025-04-15 05:03:34+00,2025-04-15 06:50:24+00,KDVT,KDVT,106.83333333333333,2025-04-15 05:00:57+00,2025-04-15 06:51:09+00,2809
3266,39e6a130,N625FB,N625FB,AS50,2025-04-15 06:32:05+00,2025-04-15 08:17:58+00,KDVT,KDVT,105.88333333333334,2025-04-15 06:31:18+00,2025-04-15 08:20:09+00,2398
2502,39e6d1ce,N624FB,N624FB,AS50,2025-04-15 08:06:26+00,2025-04-15 09:57:37+00,KDVT,KDVT,111.18333333333334,2025-04-15 08:05:49+00,2025-04-15 09:58:30+00,2483
3267,39e768c6,N625FB,N625FB,AS50,2025-04-15 12:13:54+00,2025-04-15 12:40:50+00,KDVT,KDVT,26.933333333333334,2025-04-15 12:12:59+00,2025-04-15 12:39:04+00,498
3268,39e77ebe,N625FB,N625FB,AS50,2025-04-15 15:01:11+00,2025-04-15 15:56:33+00,KDVT,KDVT,55.36666666666667,2025-04-15 12:40:22+00,2025-04-15 15:56:33+00,967
3269,39e88272,N625FB,N625FB,AS50,2025-04-15 18:05:05+00,2025-04-15 19:01:16+00,KDVT,KDVT,56.18333333333333,2025-04-15 18:05:00+00,2025-04-15 19:02:47+00,1319
1129,39e95344,N622FB,N622FB,AS50,2025-04-15 23:08:02+00,2025-04-16 00:39:08+00,KDVT,KDVT,91.1,2025-04-15 23:07:57+00,2025-04-16 00:39:25+00,1987
1130,39e9ce65,N622FB,N622FB,AS50,2025-04-16 02:10:53+00,2025-04-16 03:35:51+00,KDVT,KDVT,84.96666666666667,2025-04-16 02:10:22+00,2025-04-16 03:37:49+00,1851
3270,39e9fc11,N625FB,N625FB,AS50,2025-04-16 03:31:44+00,2025-04-16 05:07:16+00,KDVT,KDVT,95.53333333333333,2025-04-16 03:31:26+00,2025-04-16 05:07:53+00,2139
2503,39ea3272,N624FB,N624FB,AS50,2025-04-16 05:02:48+00,2025-04-16 06:37:47+00,KDVT,KDVT,94.98333333333333,2025-04-16 05:02:52+00,2025-04-16 06:39:37+00,1981
3271,39ea657c,N625FB,N625FB,AS50,2025-04-16 06:31:52+00,2025-04-16 08:05:17+00,KDVT,KDVT,93.41666666666667,2025-04-16 06:30:57+00,2025-04-16 08:05:41+00,1906
2505,39ea98d0,N624FB,N624FB,AS50,2025-04-16 08:01:59+00,2025-04-16 09:31:26+00,KDVT,KDVT,89.45,2025-04-16 08:00:36+00,2025-04-16 09:31:39+00,2032
1131,39eb6c4e,N622FB,N622FB,AS50,2025-04-16 13:02:30+00,2025-04-16 13:09:11+00,KDVT,KDVT,6.683333333333334,2025-04-16 13:01:39+00,2025-04-16 13:09:11+00,122
1132,39eb73ef,N622FB,N622FB,AS50,2025-04-16 13:09:19+00,,KDVT,,,2025-04-16 13:09:24+00,2025-04-16 13:12:08+00,55
1133,39eb7693,N622FB,N622FB,AS50,2025-04-16 13:10:58+00,,,,,2025-04-16 13:12:09+00,2025-04-16 13:25:55+00,287
1134,39eb8417,N622FB,N622FB,AS50,2025-04-16 13:24:46+00,,,,,2025-04-16 13:25:57+00,2025-04-16 13:27:57+00,39
1135,39eb8617,N622FB,N622FB,AS50,2025-04-16 13:26:51+00,2025-04-16 13:42:25+00,,KDVT,15.566666666666666,2025-04-16 13:27:58+00,2025-04-16 13:44:04+00,345
1136,39eb956d,N622FB,N622FB,AS50,2025-04-16 13:42:57+00,2025-04-16 13:52:42+00,,KDVT,9.75,2025-04-16 13:44:09+00,2025-04-16 13:52:42+00,181
1138,39eba107,N622FB,N622FB,AS50,2025-04-16 13:56:28+00,2025-04-16 13:59:58+00,KDVT,KDVT,3.5,2025-04-16 13:56:30+00,2025-04-16 13:59:58+00,76
1139,39ebe128,N622FB,N622FB,AS50,2025-04-16 15:06:27+00,2025-04-16 16:11:42+00,KDVT,KDVT,65.25,2025-04-16 15:05:27+00,2025-04-16 16:11:42+00,1537
1140,39ec849c,N622FB,N622FB,AS50,2025-04-16 18:13:28+00,2025-04-16 19:32:22+00,KDVT,KDVT,78.9,2025-04-16 18:13:09+00,2025-04-16 19:32:29+00,1783
1797,39ed5fe4,N623FB,N623FB,AS50,2025-04-16 23:05:47+00,2025-04-17 00:28:15+00,KDVT,KDVT,82.46666666666667,2025-04-16 23:05:35+00,2025-04-17 00:28:34+00,1883
1798,39edd843,N623FB,N623FB,AS50,2025-04-17 02:03:57+00,2025-04-17 03:33:36+00,KDVT,KDVT,89.65,2025-04-17 02:03:38+00,2025-04-17 03:33:36+00,2119
3272,39ee069d,N625FB,N625FB,AS50,2025-04-17 03:30:31+00,2025-04-17 05:06:30+00,KDVT,KDVT,95.98333333333333,2025-04-17 03:29:33+00,2025-04-17 05:07:20+00,2035
2506,39ee3b8a,N624FB,N624FB,AS50,2025-04-17 05:03:04+00,2025-04-17 06:34:36+00,KDVT,KDVT,91.53333333333333,2025-04-17 05:03:03+00,2025-04-17 06:35:06+00,2193
3273,39ee6bc3,N625FB,N625FB,AS50,2025-04-17 06:32:44+00,2025-04-17 07:59:59+00,KDVT,KDVT,87.25,2025-04-17 06:32:21+00,2025-04-17 08:00:37+00,1862
3274,39ee9f27,N625FB,N625FB,AS50,2025-04-17 08:00:37+00,2025-04-17 08:03:31+00,KDVT,KDVT,2.9,2025-04-17 08:00:38+00,2025-04-17 08:03:31+00,61
2507,39ee9ffb,N624FB,N624FB,AS50,2025-04-17 08:02:50+00,2025-04-17 10:08:24+00,KDVT,KDVT,125.56666666666666,2025-04-17 08:02:03+00,2025-04-17 10:09:09+00,3129
3275,39eea0f5,N625FB,N625FB,AS50,2025-04-17 08:03:39+00,2025-04-17 08:06:15+00,KDVT,KDVT,2.6,2025-04-17 08:03:34+00,2025-04-17 08:06:15+00,59
3276,39ef6936,N625FB,N625FB,AS50,2025-04-17 12:51:41+00,2025-04-17 13:47:18+00,KDVT,KDVT,55.61666666666667,2025-04-17 12:51:42+00,2025-04-17 13:47:38+00,1299
3277,39f083cc,N625FB,N625FB,AS50,2025-04-17 18:00:41+00,2025-04-17 19:25:32+00,KDVT,KDVT,84.85,2025-04-17 18:00:20+00,2025-04-17 19:25:58+00,1966
1799,39f0e228,N623FB,N623FB,AS50,2025-04-17 19:57:03+00,2025-04-17 20:10:09+00,KDVT,KDVT,13.1,2025-04-17 19:56:34+00,2025-04-17 20:10:09+00,323
1141,39f15926,N622FB,N622FB,AS50,2025-04-17 22:46:04+00,2025-04-18 00:07:39+00,KDVT,KDVT,81.58333333333333,2025-04-17 22:44:38+00,2025-04-18 00:08:27+00,1887
1142,39f1d824,N622FB,N622FB,AS50,2025-04-18 01:56:27+00,2025-04-18 03:24:33+00,KDVT,KDVT,88.1,2025-04-18 01:56:00+00,2025-04-18 03:25:40+00,2141
3278,39f213af,N625FB,N625FB,AS50,2025-04-18 03:44:26+00,2025-04-18 05:08:33+00,KDVT,KDVT,84.11666666666666,2025-04-18 03:43:07+00,2025-04-18 05:09:17+00,2013
2508,39f23bda,N624FB,N624FB,AS50,2025-04-18 05:00:53+00,2025-04-18 06:34:16+00,KDVT,KDVT,93.38333333333334,2025-04-18 05:00:22+00,2025-04-18 06:34:38+00,2298
3279,39f26c25,N625FB,N625FB,AS50,2025-04-18 06:30:11+00,2025-04-18 07:57:01+00,KDVT,KDVT,86.83333333333333,2025-04-18 06:29:40+00,2025-04-18 07:57:10+00,1995
3280,39f29bcf,N625FB,N625FB,AS50,2025-04-18 07:57:21+00,2025-04-18 08:21:01+00,KDVT,KDVT,23.666666666666668,2025-04-18 07:57:12+00,2025-04-18 08:21:46+00,595
2509,39f29ec5,N624FB,N624FB,AS50,2025-04-18 08:03:23+00,2025-04-18 09:11:53+00,KDVT,KDVT,68.5,2025-04-18 08:03:01+00,2025-04-18 09:12:32+00,1605
3281,39f3d732,N625FB,N625FB,AS50,2025-04-18 15:08:53+00,2025-04-18 16:03:42+00,KDVT,KDVT,54.81666666666667,2025-04-18 15:08:23+00,2025-04-18 16:05:42+00,1349
3282,39f418bc,N625FB,N625FB,AS50,2025-04-18 18:01:25+00,2025-04-18 19:04:53+00,KDVT,KDVT,63.46666666666667,2025-04-18 16:28:05+00,2025-04-18 19:04:53+00,1880
1143,39f51f9f,N622FB,N622FB,AS50,2025-04-18 23:13:11+00,2025-04-19 00:37:27+00,KDVT,KDVT,84.26666666666667,2025-04-18 23:12:39+00,2025-04-19 00:38:08+00,2040
3283,39f606b6,N625FB,N625FB,AS50,2025-04-19 06:26:15+00,2025-04-19 07:06:50+00,KDVT,KCHD,40.583333333333336,2025-04-19 06:25:03+00,2025-04-19 07:09:24+00,844
3284,39f61d3a,N625FB,N625FB,AS50,2025-04-19 07:09:23+00,2025-04-19 08:03:13+00,KCHD,KDVT,53.833333333333336,2025-04-19 07:09:29+00,2025-04-19 08:03:41+00,1065
2510,39f6360e,N624FB,N624FB,AS50,2025-04-19 08:00:35+00,2025-04-19 09:29:13+00,KDVT,KDVT,88.63333333333334,2025-04-19 08:00:05+00,2025-04-19 09:29:35+00,2029
1800,39f72769,N623FB,N623FB,AS50,2025-04-19 14:03:16+00,2025-04-19 14:14:26+00,KDVT,KPHX,11.166666666666666,2025-04-19 14:02:37+00,2025-04-19 14:13:11+00,168
2511,39f76cb7,N624FB,N624FB,AS50,2025-04-19 15:30:19+00,2025-04-19 16:29:56+00,KDVT,KDVT,59.61666666666667,2025-04-19 15:29:48+00,2025-04-19 16:28:17+00,866
2513,39f7dbef,N624FB,N624FB,AS50,2025-04-19 18:02:47+00,2025-04-19 18:49:13+00,KDVT,KDVT,46.43333333333333,2025-04-19 18:01:45+00,2025-04-19 18:49:13+00,1065
1803,39f8275b,N623FB,N623FB,AS50,2025-04-19 20:02:32+00,2025-04-19 20:12:51+00,KPHX,KDVT,10.316666666666666,2025-04-19 20:02:24+00,2025-04-19 20:12:51+00,159
1144,39f8864f,N622FB,N622FB,AS50,2025-04-19 23:00:51+00,2025-04-19 23:21:01+00,KDVT,KGYR,20.166666666666668,2025-04-19 22:59:41+00,2025-04-19 23:21:01+00,398
1145,39f891de,N622FB,N622FB,AS50,2025-04-19 23:21:59+00,2025-04-20 00:21:13+00,KGYR,KDVT,59.233333333333334,2025-04-19 23:21:07+00,2025-04-20 00:21:53+00,1412
1146,39f8de2d,N622FB,N622FB,AS50,2025-04-20 01:55:46+00,2025-04-20 03:23:40+00,KDVT,KDVT,87.9,2025-04-20 01:55:08+00,2025-04-20 03:25:30+00,1842
3285,39f9097b,N625FB,N625FB,AS50,2025-04-20 03:44:11+00,2025-04-20 05:09:44+00,KDVT,KDVT,85.55,2025-04-20 03:43:19+00,2025-04-20 05:12:23+00,2185
1147,39f92a7d,N622FB,N622FB,AS50,2025-04-20 05:00:32+00,2025-04-20 06:45:15+00,KDVT,KDVT,104.71666666666667,2025-04-20 04:59:32+00,2025-04-20 06:45:40+00,2475
3287,39f95274,N625FB,N625FB,AS50,2025-04-20 06:33:45+00,2025-04-20 08:31:20+00,KDVT,KDVT,117.58333333333333,2025-04-20 06:32:05+00,2025-04-20 08:31:59+00,2815
1148,39f97ae1,N622FB,N622FB,AS50,2025-04-20 08:04:09+00,2025-04-20 09:56:55+00,KDVT,KDVT,112.76666666666667,2025-04-20 08:03:26+00,2025-04-20 09:58:05+00,2273
2515,39fa6891,N624FB,N624FB,AS50,2025-04-20 14:29:16+00,,KDVT,,,2025-04-20 14:28:09+00,2025-04-20 14:35:52+00,155
2516,39fa6dd7,N624FB,N624FB,AS50,2025-04-20 14:35:55+00,,KDVT,,,2025-04-20 14:35:55+00,2025-04-20 14:39:23+00,56
2518,39fa7250,N624FB,N624FB,AS50,2025-04-20 14:42:40+00,2025-04-20 14:47:10+00,KDVT,KDVT,4.5,2025-04-20 14:42:36+00,2025-04-20 14:47:10+00,107
2519,39fa7540,N624FB,N624FB,AS50,2025-04-20 14:47:16+00,2025-04-20 14:49:44+00,KDVT,KDVT,2.466666666666667,2025-04-20 14:47:13+00,2025-04-20 14:49:44+00,54
2520,39fa76d4,N624FB,N624FB,AS50,2025-04-20 14:49:50+00,2025-04-20 14:52:28+00,KDVT,KDVT,2.6333333333333333,2025-04-20 14:49:46+00,2025-04-20 14:52:28+00,55
2521,39fa78c0,N624FB,N624FB,AS50,2025-04-20 14:52:30+00,2025-04-20 14:58:37+00,KDVT,KDVT,6.116666666666666,2025-04-20 14:52:31+00,2025-04-20 14:58:37+00,145
2522,39fa7cfe,N624FB,N624FB,AS50,2025-04-20 14:57:41+00,,KDVT,,,2025-04-20 14:58:39+00,2025-04-20 15:00:41+00,46
2523,39fa7e8c,N624FB,N624FB,AS50,2025-04-20 14:59:45+00,,KDVT,,,2025-04-20 15:00:42+00,2025-04-20 15:02:33+00,42
2524,39fa800c,N624FB,N624FB,AS50,2025-04-20 15:02:39+00,,KDVT,,,2025-04-20 15:02:34+00,2025-04-20 15:07:12+00,101
2525,39fa834d,N624FB,N624FB,AS50,2025-04-20 15:07:09+00,,KDVT,,,2025-04-20 15:07:13+00,2025-04-20 15:11:07+00,89
2526,39fa8613,N624FB,N624FB,AS50,2025-04-20 15:11:07+00,2025-04-20 15:16:03+00,KDVT,KDVT,4.933333333333334,2025-04-20 15:11:09+00,2025-04-20 15:16:03+00,47
2527,39fa8acf,N624FB,N624FB,AS50,2025-04-20 15:17:58+00,,KDVT,,,2025-04-20 15:17:58+00,2025-04-20 15:23:13+00,71
2528,39fa8e92,N624FB,N624FB,AS50,2025-04-20 15:23:21+00,2025-04-20 15:28:57+00,KDVT,KDVT,5.6,2025-04-20 15:23:18+00,2025-04-20 15:28:57+00,125
2529,39fada37,N624FB,N624FB,AS50,2025-04-20 17:18:18+00,2025-04-20 18:17:32+00,KDVT,KDVT,59.233333333333334,2025-04-20 17:17:39+00,2025-04-20 18:18:33+00,1393
3288,39fba520,N625FB,N625FB,AS50,2025-04-20 23:12:56+00,2025-04-21 00:45:12+00,KDVT,KDVT,92.26666666666667,2025-04-20 23:11:18+00,2025-04-21 00:46:14+00,2408
3289,39fbffc7,N625FB,N625FB,AS50,2025-04-21 02:10:00+00,2025-04-21 03:41:51+00,KDVT,KDVT,91.85,2025-04-21 02:09:12+00,2025-04-21 03:42:45+00,2272
1149,39fc2455,N622FB,N622FB,AS50,2025-04-21 03:34:56+00,2025-04-21 05:05:21+00,KDVT,KDVT,90.41666666666667,2025-04-21 03:33:53+00,2025-04-21 05:05:21+00,1993
3290,39fc4d99,N625FB,N625FB,AS50,2025-04-21 05:03:52+00,2025-04-21 05:28:30+00,KDVT,KGYR,24.633333333333333,2025-04-21 05:03:13+00,2025-04-21 05:28:45+00,548
3291,39fc5942,N625FB,N625FB,AS50,2025-04-21 05:28:52+00,2025-04-21 06:36:55+00,KGYR,KDVT,68.05,2025-04-21 05:28:48+00,2025-04-21 06:38:00+00,1549
1150,39fc4ea9,N622FB,N622FB,AS50,2025-04-21 06:32:59+00,2025-04-21 08:06:54+00,KDVT,KDVT,93.91666666666667,2025-04-21 05:05:25+00,2025-04-21 08:07:35+00,2116
3293,39fc9ffd,N625FB,N625FB,AS50,2025-04-21 08:02:29+00,2025-04-21 09:36:33+00,KDVT,KDVT,94.06666666666666,2025-04-21 08:01:34+00,2025-04-21 09:37:14+00,1975
3294,39fd7707,N625FB,N625FB,AS50,2025-04-21 13:17:39+00,,KDVT,,,2025-04-21 13:17:37+00,2025-04-21 13:56:18+00,852
1151,39fd7467,N622FB,N622FB,AS50,2025-04-21 16:06:06+00,2025-04-21 17:19:06+00,KDVT,KDVT,73,2025-04-21 13:14:41+00,2025-04-21 17:17:20+00,2427
1153,39feb5b4,N622FB,N622FB,AS50,2025-04-21 19:28:23+00,2025-04-21 20:38:18+00,KDVT,KDVT,69.91666666666667,2025-04-21 19:27:34+00,2025-04-21 20:39:22+00,1569
3295,39ff532c,N625FB,N625FB,AS50,2025-04-21 23:07:02+00,2025-04-22 00:36:45+00,KDVT,KDVT,89.71666666666667,2025-04-21 23:04:52+00,2025-04-22 00:37:49+00,1991
3296,39ffc544,N625FB,N625FB,AS50,2025-04-22 02:10:33+00,2025-04-22 03:41:57+00,KDVT,KDVT,91.4,2025-04-22 02:09:40+00,2025-04-22 03:42:34+00,2021
2530,39ffefd8,N624FB,N624FB,AS50,2025-04-22 03:33:42+00,2025-04-22 05:33:01+00,KDVT,KDVT,119.31666666666666,2025-04-22 03:32:07+00,2025-04-22 05:31:07+00,2609
3297,3a001e51,N625FB,N625FB,AS50,2025-04-22 05:01:59+00,2025-04-22 07:02:07+00,KDVT,KDVT,120.13333333333334,2025-04-22 05:01:24+00,2025-04-22 07:03:18+00,2781
2531,3a004d4f,N624FB,N624FB,AS50,2025-04-22 06:30:51+00,2025-04-22 08:16:23+00,KDVT,KDVT,105.53333333333333,2025-04-22 06:30:55+00,2025-04-22 08:16:46+00,1959
3299,3a007dec,N625FB,N625FB,AS50,2025-04-22 08:02:33+00,2025-04-22 09:33:19+00,KDVT,KDVT,90.76666666666667,2025-04-22 08:01:00+00,2025-04-22 09:34:04+00,2025
1804,3a01bfd3,N623FB,N623FB,AS50,2025-04-22 14:45:39+00,2025-04-22 15:50:04+00,KDVT,KDVT,64.41666666666667,2025-04-22 14:45:41+00,2025-04-22 15:50:04+00,1286
1805,3a02b3cb,N623FB,N623FB,AS50,2025-04-22 19:17:32+00,2025-04-22 20:16:06+00,KDVT,KDVT,58.56666666666667,2025-04-22 19:16:44+00,2025-04-22 20:16:16+00,1128
3300,3a033101,N625FB,N625FB,AS50,2025-04-22 21:59:36+00,2025-04-22 23:47:48+00,KDVT,KDVT,108.2,2025-04-22 21:58:59+00,2025-04-22 23:48:43+00,2590
3301,3a03ba52,N625FB,N625FB,AS50,2025-04-23 01:21:28+00,2025-04-23 02:59:19+00,KDVT,KDVT,97.85,2025-04-23 01:20:28+00,2025-04-23 02:59:55+00,2352
2532,3a0404c2,N624FB,N624FB,AS50,2025-04-23 03:40:50+00,2025-04-23 05:07:57+00,KDVT,KDVT,87.11666666666666,2025-04-23 03:40:21+00,2025-04-23 05:07:57+00,2064
3302,3a043047,N625FB,N625FB,AS50,2025-04-23 05:03:28+00,2025-04-23 06:36:37+00,KDVT,KDVT,93.15,2025-04-23 05:02:50+00,2025-04-23 06:37:11+00,2141
2533,3a045bea,N624FB,N624FB,AS50,2025-04-23 06:32:27+00,2025-04-23 08:17:50+00,KDVT,KDVT,105.38333333333334,2025-04-23 06:31:40+00,2025-04-23 08:18:28+00,2223
3304,3a048da6,N625FB,N625FB,AS50,2025-04-23 08:04:00+00,2025-04-23 09:28:17+00,KDVT,KDVT,84.28333333333333,2025-04-23 08:04:01+00,2025-04-23 09:28:55+00,1843
2534,3a0591ac,N624FB,N624FB,AS50,2025-04-23 13:56:42+00,,KDVT,,,2025-04-23 13:56:07+00,2025-04-23 14:04:04+00,102
2536,3a05af7e,N624FB,N624FB,AS50,2025-04-23 14:56:38+00,2025-04-23 15:05:59+00,KDVT,KDVT,9.35,2025-04-23 14:27:05+00,2025-04-23 15:04:05+00,350
1806,3a05ccac,N623FB,N623FB,AS50,2025-04-23 14:58:38+00,2025-04-23 16:04:23+00,KDVT,KDVT,65.75,2025-04-23 14:58:04+00,2025-04-23 16:05:20+00,1533
2537,3a06035a,N624FB,N624FB,AS50,2025-04-23 15:56:39+00,2025-04-23 16:12:13+00,KDVT,KDVT,15.566666666666666,2025-04-23 15:56:35+00,2025-04-23 17:29:58+00,698
1808,3a0679b8,N623FB,N623FB,AS50,2025-04-23 18:06:54+00,2025-04-23 19:17:38+00,KDVT,KDVT,70.73333333333333,2025-04-23 18:06:10+00,2025-04-23 19:17:49+00,1744
3305,3a0768ed,N625FB,N625FB,AS50,2025-04-23 23:11:29+00,2025-04-24 00:40:00+00,KDVT,KDVT,88.51666666666667,2025-04-23 23:10:31+00,2025-04-24 00:40:31+00,2185
3306,3a07da78,N625FB,N625FB,AS50,2025-04-24 02:07:51+00,2025-04-24 03:42:27+00,KDVT,KDVT,94.6,2025-04-24 02:07:03+00,2025-04-24 03:42:51+00,2244
2538,3a0805f6,N624FB,N624FB,AS50,2025-04-24 03:32:41+00,2025-04-24 05:07:33+00,KDVT,KDVT,94.86666666666666,2025-04-24 03:31:27+00,2025-04-24 05:07:47+00,2155
3307,3a083746,N625FB,N625FB,AS50,2025-04-24 05:03:42+00,2025-04-24 06:37:52+00,KDVT,KDVT,94.16666666666667,2025-04-24 05:02:52+00,2025-04-24 06:38:54+00,2078
2539,3a0862a3,N624FB,N624FB,AS50,2025-04-24 06:30:36+00,2025-04-24 08:08:20+00,KDVT,KDVT,97.73333333333333,2025-04-24 06:29:48+00,2025-04-24 08:12:10+00,2184
3308,3a0892c8,N625FB,N625FB,AS50,2025-04-24 08:00:58+00,2025-04-24 09:19:03+00,KDVT,KDVT,78.08333333333333,2025-04-24 08:00:17+00,2025-04-24 09:20:15+00,1731
1155,3a09d059,N622FB,N622FB,AS50,2025-04-24 15:00:15+00,2025-04-24 16:01:36+00,KDVT,KDVT,61.35,2025-04-24 14:59:58+00,2025-04-24 15:59:46+00,1321
1157,3a0a094a,N622FB,N622FB,AS50,2025-04-24 18:00:25+00,2025-04-24 19:14:17+00,KDVT,KDVT,73.86666666666666,2025-04-24 15:59:53+00,2025-04-24 19:12:27+00,1730
3309,3a0b5ce8,N625FB,N625FB,AS50,2025-04-24 23:01:33+00,2025-04-25 00:34:20+00,KDVT,KDVT,92.78333333333333,2025-04-24 23:01:22+00,2025-04-25 00:34:42+00,2277
3310,3a0bb0a4,N625FB,N625FB,AS50,2025-04-25 01:03:39+00,2025-04-25 01:16:12+00,KDVT,KDVT,12.55,2025-04-25 01:03:42+00,2025-04-25 01:16:12+00,217
3311,3a0bd3ca,N625FB,N625FB,AS50,2025-04-25 02:04:55+00,2025-04-25 03:50:24+00,KDVT,KDVT,105.48333333333333,2025-04-25 02:04:09+00,2025-04-25 03:50:57+00,2551
2540,3a0c03d3,N624FB,N624FB,AS50,2025-04-25 03:32:36+00,2025-04-25 05:06:57+00,KDVT,KDVT,94.35,2025-04-25 03:31:57+00,2025-04-25 05:07:29+00,2195
3312,3a0c33d2,N625FB,N625FB,AS50,2025-04-25 05:02:00+00,2025-04-25 06:41:13+00,KDVT,KDVT,99.21666666666667,2025-04-25 05:01:20+00,2025-04-25 06:41:52+00,2429
2541,3a0c64b2,N624FB,N624FB,AS50,2025-04-25 06:35:55+00,2025-04-25 08:14:59+00,KDVT,KDVT,99.06666666666666,2025-04-25 06:35:20+00,2025-04-25 08:15:51+00,2297
3313,3a0c94d6,N625FB,N625FB,AS50,2025-04-25 08:02:50+00,2025-04-25 09:45:07+00,KDVT,KDVT,102.28333333333333,2025-04-25 08:02:27+00,2025-04-25 09:45:33+00,2266
1158,3a0dd7b8,N622FB,N622FB,AS50,2025-04-25 14:59:11+00,2025-04-25 15:44:37+00,KDVT,KDVT,45.43333333333333,2025-04-25 14:58:39+00,2025-04-25 15:44:37+00,671
1159,3a0e768a,N622FB,N622FB,AS50,2025-04-25 17:57:44+00,2025-04-25 18:58:10+00,KDVT,KDVT,60.43333333333333,2025-04-25 17:57:39+00,2025-04-25 18:58:28+00,1449
3314,3a0f58e3,N625FB,N625FB,AS50,2025-04-25 23:09:04+00,2025-04-26 00:28:52+00,KDVT,KDVT,79.8,2025-04-25 23:08:21+00,2025-04-26 00:29:55+00,1914
3315,3a0fce16,N625FB,N625FB,AS50,2025-04-26 02:28:53+00,2025-04-26 03:40:14+00,KDVT,KDVT,71.35,2025-04-26 02:28:34+00,2025-04-26 03:40:53+00,1571
2542,3a0fec39,N624FB,N624FB,AS50,2025-04-26 03:31:58+00,2025-04-26 05:18:41+00,KDVT,KDVT,106.71666666666667,2025-04-26 03:31:33+00,2025-04-26 05:18:41+00,2560
3316,3a1019c0,N625FB,N625FB,AS50,2025-04-26 05:03:25+00,2025-04-26 06:50:34+00,KDVT,KDVT,107.15,2025-04-26 05:02:58+00,2025-04-26 06:51:08+00,2599
2543,3a1041b3,N624FB,N624FB,AS50,2025-04-26 06:31:13+00,2025-04-26 08:19:28+00,KDVT,KDVT,108.25,2025-04-26 06:30:34+00,2025-04-26 08:20:09+00,2576
3317,3a106e7e,N625FB,N625FB,AS50,2025-04-26 08:02:08+00,2025-04-26 10:34:54+00,KDVT,KDVT,152.76666666666668,2025-04-26 08:01:40+00,2025-04-26 10:35:26+00,3594
3318,3a119d01,N625FB,N625FB,AS50,2025-04-26 14:59:09+00,2025-04-26 15:57:54+00,KDVT,KDVT,58.75,2025-04-26 14:58:40+00,2025-04-26 15:57:54+00,1351
3319,3a122a32,N625FB,N625FB,AS50,2025-04-26 18:01:47+00,2025-04-26 19:03:09+00,KDVT,KDVT,61.36666666666667,2025-04-26 18:01:53+00,2025-04-26 19:03:09+00,1448
1160,3a12d10b,N622FB,N622FB,AS50,2025-04-26 22:59:53+00,2025-04-27 00:19:22+00,KDVT,KDVT,79.48333333333333,2025-04-26 22:59:19+00,2025-04-27 00:19:39+00,1833
1161,3a132c15,N622FB,N622FB,AS50,2025-04-27 02:04:34+00,2025-04-27 03:32:05+00,KDVT,KDVT,87.51666666666667,2025-04-27 02:04:33+00,2025-04-27 03:32:07+00,2038
1809,3a134d1c,N623FB,N623FB,AS50,2025-04-27 03:25:13+00,2025-04-27 05:10:37+00,KDVT,KDVT,105.4,2025-04-27 03:25:16+00,2025-04-27 05:11:18+00,2372
2544,3a137666,N624FB,N624FB,AS50,2025-04-27 05:01:10+00,2025-04-27 06:34:21+00,KDVT,KDVT,93.18333333333334,2025-04-27 04:59:35+00,2025-04-27 06:34:56+00,2211
1810,3a139e71,N623FB,N623FB,AS50,2025-04-27 06:30:06+00,2025-04-27 08:06:12+00,KDVT,KDVT,96.1,2025-04-27 06:29:41+00,2025-04-27 08:07:25+00,1992
2545,3a13cb60,N624FB,N624FB,AS50,2025-04-27 08:01:10+00,2025-04-27 09:49:25+00,KDVT,KDVT,108.25,2025-04-27 08:00:38+00,2025-04-27 09:49:58+00,2403
1811,3a13cf73,N623FB,N623FB,AS50,2025-04-27 08:07:28+00,2025-04-27 08:14:44+00,KDVT,KDVT,7.266666666666667,2025-04-27 08:07:27+00,2025-04-27 08:12:52+00,80
1812,3a13d2c6,N623FB,N623FB,AS50,2025-04-27 08:13:10+00,2025-04-27 08:20:43+00,KDVT,KDVT,7.55,2025-04-27 08:12:56+00,2025-04-27 08:20:43+00,64
1767,3a157dc3,N623FB,N623FB,AS50,2025-04-27 17:16:15+00,2025-04-27 18:59:01+00,KDVT,KDVT,102.76666666666667,2025-04-27 17:16:11+00,2025-04-27 18:59:01+00,2591
1068,3a166d52,N622FB,N622FB,AS50,2025-04-27 23:10:30+00,2025-04-28 00:36:14+00,KDVT,KDVT,85.73333333333333,2025-04-27 23:10:23+00,2025-04-28 00:37:27+00,2033
1069,3a16d23a,N622FB,N622FB,AS50,2025-04-28 02:11:50+00,2025-04-28 03:37:35+00,KDVT,KGEU,85.75,2025-04-28 02:10:47+00,2025-04-28 03:38:08+00,1963
2466,3a16f837,N624FB,N624FB,AS50,2025-04-28 03:32:48+00,2025-04-28 05:19:32+00,KDVT,KDVT,106.73333333333333,2025-04-28 03:32:03+00,2025-04-28 05:19:59+00,2500
1070,3a16fb20,N622FB,N622FB,AS50,2025-04-28 03:38:08+00,,KGEU,,,2025-04-28 03:38:12+00,2025-04-28 03:40:45+00,51
1071,3a16fc4c,N622FB,N622FB,AS50,2025-04-28 03:40:51+00,2025-04-28 03:44:20+00,KGEU,KGEU,3.4833333333333334,2025-04-28 03:40:47+00,2025-04-28 03:43:04+00,48
1072,3a16fdaf,N622FB,N622FB,AS50,2025-04-28 03:43:36+00,2025-04-28 03:54:05+00,KGEU,KDVT,10.483333333333333,2025-04-28 03:43:40+00,2025-04-28 03:52:17+00,148
1073,3a170216,N622FB,N622FB,AS50,2025-04-28 05:05:04+00,2025-04-28 06:44:48+00,KDVT,KDVT,99.73333333333333,2025-04-28 03:52:19+00,2025-04-28 06:45:53+00,2308
2467,3a175483,N624FB,N624FB,AS50,2025-04-28 06:32:29+00,2025-04-28 08:05:26+00,KDVT,KDVT,92.95,2025-04-28 06:31:55+00,2025-04-28 08:07:32+00,2028
1075,3a1785de,N622FB,N622FB,AS50,2025-04-28 08:02:02+00,2025-04-28 09:37:35+00,KDVT,KDVT,95.55,2025-04-28 08:01:05+00,2025-04-28 09:38:28+00,2086
3237,3a185669,N625FB,N625FB,AS50,2025-04-28 12:49:12+00,2025-04-28 14:13:48+00,KDVT,KDVT,84.6,2025-04-28 12:49:15+00,2025-04-28 14:14:57+00,1665
1076,3a1969bd,N622FB,N622FB,AS50,2025-04-28 17:53:54+00,2025-04-28 18:50:58+00,KDVT,KDVT,57.06666666666667,2025-04-28 17:53:54+00,2025-04-28 18:50:58+00,1273
2468,3a1a55ff,N624FB,N624FB,AS50,2025-04-28 23:09:32+00,2025-04-29 00:49:41+00,KDVT,KDVT,100.15,2025-04-28 23:06:58+00,2025-04-29 00:50:32+00,2382
2469,3a1ac48d,N624FB,N624FB,AS50,2025-04-29 02:08:56+00,2025-04-29 03:39:52+00,KDVT,KDVT,90.93333333333334,2025-04-29 02:07:52+00,2025-04-29 03:40:19+00,2408
1077,3a1aeeae,N622FB,N622FB,AS50,2025-04-29 03:32:19+00,2025-04-29 05:07:58+00,KDVT,KDVT,95.65,2025-04-29 03:31:34+00,2025-04-29 05:06:10+00,2158
2470,3a1b1d60,N624FB,N624FB,AS50,2025-04-29 05:02:33+00,2025-04-29 06:48:48+00,KDVT,KDVT,106.25,2025-04-29 05:01:40+00,2025-04-29 06:49:32+00,2470
1078,3a1b4c13,N622FB,N622FB,AS50,2025-04-29 06:31:59+00,2025-04-29 08:07:26+00,KDVT,KDVT,95.45,2025-04-29 06:31:48+00,2025-04-29 08:05:36+00,1883
2471,3a1b7f5f,N624FB,N624FB,AS50,2025-04-29 08:02:12+00,2025-04-29 10:46:23+00,KDVT,KDVT,164.18333333333334,2025-04-29 08:01:16+00,2025-04-29 10:47:29+00,3591
1769,3a1c3f38,N623FB,N623FB,AS50,2025-04-29 12:29:16+00,2025-04-29 13:27:24+00,KDVT,KDVT,58.13333333333333,2025-04-29 12:28:38+00,2025-04-29 13:25:36+00,1078
1770,3a1cea62,N623FB,N623FB,AS50,2025-04-29 15:35:35+00,2025-04-29 16:37:03+00,KDVT,KDVT,61.46666666666667,2025-04-29 15:34:57+00,2025-04-29 16:37:03+00,1458
1771,3a1d951f,N623FB,N623FB,AS50,2025-04-29 19:00:09+00,2025-04-29 20:14:11+00,KDVT,KDVT,74.03333333333333,2025-04-29 18:59:26+00,2025-04-29 20:15:46+00,1666
2472,3a1e3ff2,N624FB,N624FB,AS50,2025-04-29 23:13:31+00,2025-04-30 01:00:05+00,KDVT,KDVT,106.56666666666666,2025-04-29 23:12:35+00,2025-04-30 01:00:29+00,2694
2473,3a1eab82,N624FB,N624FB,AS50,2025-04-30 02:16:30+00,2025-04-30 03:47:50+00,KDVT,KDVT,91.33333333333333,2025-04-30 02:16:05+00,2025-04-30 03:48:25+00,2430
1079,3a1ed034,N622FB,N622FB,AS50,2025-04-30 03:32:21+00,2025-04-30 05:06:59+00,KDVT,KDVT,94.63333333333334,2025-04-30 03:31:49+00,2025-04-30 05:07:31+00,2519
2474,3a1efc64,N624FB,N624FB,AS50,2025-04-30 05:03:17+00,2025-04-30 06:48:56+00,KDVT,KDVT,105.65,2025-04-30 05:02:46+00,2025-04-30 06:50:00+00,2297
1080,3a1f280e,N622FB,N622FB,AS50,2025-04-30 06:31:46+00,2025-04-30 08:15:10+00,KDVT,KDVT,103.4,2025-04-30 06:31:27+00,2025-04-30 08:15:32+00,2089
2475,3a1f5ab8,N624FB,N624FB,AS50,2025-04-30 08:02:42+00,2025-04-30 09:35:47+00,KDVT,KDVT,93.08333333333333,2025-04-30 08:01:10+00,2025-04-30 09:36:17+00,2222
1773,3a20f47a,N623FB,N623FB,AS50,2025-04-30 16:20:48+00,2025-04-30 17:20:38+00,KDVT,KDVT,59.833333333333336,2025-04-30 16:20:05+00,2025-04-30 17:20:38+00,1491
1774,3a213691,N623FB,N623FB,AS50,2025-04-30 17:35:03+00,,KDVT,,,2025-04-30 17:34:59+00,2025-04-30 17:57:04+00,459
1081,3a21f60b,N622FB,N622FB,AS50,2025-04-30 21:43:52+00,2025-04-30 23:27:57+00,KDVT,KDVT,104.08333333333333,2025-04-30 21:43:19+00,2025-04-30 23:28:35+00,2331
1082,3a22979e,N622FB,N622FB,AS50,2025-05-01 02:00:38+00,2025-05-01 03:37:49+00,KDVT,KDVT,97.18333333333334,2025-05-01 02:00:34+00,2025-05-01 03:38:10+00,2451
2476,3a22c47f,N624FB,N624FB,AS50,2025-05-01 03:34:16+00,2025-05-01 05:11:35+00,KDVT,KDVT,97.31666666666666,2025-05-01 03:32:52+00,2025-05-01 05:12:11+00,2206
3238,3a22f0eb,N625FB,N625FB,AS50,2025-05-01 05:03:31+00,2025-05-01 06:37:46+00,KDVT,KDVT,94.25,2025-05-01 05:03:00+00,2025-05-01 06:38:22+00,2154
2477,3a231d3a,N624FB,N624FB,AS50,2025-05-01 06:33:55+00,2025-05-01 08:08:02+00,KDVT,KDVT,94.11666666666666,2025-05-01 06:32:56+00,2025-05-01 08:08:35+00,2020
3239,3a235251,N625FB,N625FB,AS50,2025-05-01 08:02:25+00,2025-05-01 09:33:37+00,KDVT,KDVT,91.2,2025-05-01 08:01:52+00,2025-05-01 09:34:10+00,2216
1083,3a249e8d,N622FB,N622FB,AS50,2025-05-01 14:45:22+00,2025-05-01 15:40:11+00,KDVT,KDVT,54.81666666666667,2025-05-01 14:44:55+00,2025-05-01 15:40:11+00,1242
1084,3a24d2f5,N622FB,N622FB,AS50,2025-05-01 19:09:37+00,2025-05-01 20:06:41+00,KDVT,KDVT,57.06666666666667,2025-05-01 15:40:13+00,2025-05-01 20:06:59+00,1324
2478,3a262c21,N624FB,N624FB,AS50,2025-05-01 22:57:03+00,2025-05-02 00:19:34+00,KDVT,KDVT,82.51666666666667,2025-05-01 22:56:31+00,2025-05-02 00:20:00+00,2111
2479,3a2699d2,N624FB,N624FB,AS50,2025-05-02 01:59:33+00,2025-05-02 03:37:01+00,KDVT,KDVT,97.46666666666667,2025-05-02 01:58:09+00,2025-05-02 03:37:25+00,2112
3240,3a26c7aa,N625FB,N625FB,AS50,2025-05-02 03:33:55+00,2025-05-02 05:10:57+00,KDVT,KDVT,97.03333333333333,2025-05-02 03:33:29+00,2025-05-02 05:11:32+00,2267
2480,3a26f4f7,N624FB,N624FB,AS50,2025-05-02 05:03:26+00,2025-05-02 07:00:33+00,KDVT,KDVT,117.11666666666666,2025-05-02 05:03:11+00,2025-05-02 07:00:51+00,2833
3241,3a272119,N625FB,N625FB,AS50,2025-05-02 06:31:04+00,2025-05-02 08:09:25+00,KDVT,KDVT,98.35,2025-05-02 06:30:35+00,2025-05-02 08:10:06+00,2411
2481,3a27555e,N624FB,N624FB,AS50,2025-05-02 08:04:19+00,2025-05-02 09:37:17+00,KDVT,KDVT,92.96666666666667,2025-05-02 08:03:52+00,2025-05-02 09:37:39+00,2141
1085,3a28948b,N622FB,N622FB,AS50,2025-05-02 15:05:08+00,2025-05-02 16:02:04+00,KDVT,KDVT,56.93333333333333,2025-05-02 15:04:27+00,2025-05-02 16:02:08+00,1157
1086,3a292b45,N622FB,N622FB,AS50,2025-05-02 18:05:19+00,2025-05-02 19:21:55+00,KDVT,KDVT,76.6,2025-05-02 18:04:25+00,2025-05-02 19:22:07+00,1893
2482,3a299bc4,N624FB,N624FB,AS50,2025-05-02 20:41:45+00,2025-05-02 21:11:01+00,KDVT,KDVT,29.266666666666666,2025-05-02 20:41:43+00,2025-05-02 21:11:16+00,699
2483,3a29f7a5,N624FB,N624FB,AS50,2025-05-02 23:10:25+00,2025-05-03 00:28:26+00,KDVT,KDVT,78.01666666666667,2025-05-02 23:09:54+00,2025-05-03 00:29:09+00,1874
2484,3a2a5ea9,N624FB,N624FB,AS50,2025-05-03 02:03:15+00,2025-05-03 02:32:22+00,KDVT,,29.116666666666667,2025-05-03 02:01:59+00,2025-05-03 03:34:09+00,2017
3242,3a2a899e,N625FB,N625FB,AS50,2025-05-03 03:31:05+00,2025-05-03 05:07:28+00,KDVT,KDVT,96.38333333333334,2025-05-03 03:30:08+00,2025-05-03 05:07:56+00,2281
2485,3a2ab8cc,N624FB,N624FB,AS50,2025-05-03 05:02:14+00,2025-05-03 06:49:23+00,KDVT,KDVT,107.15,2025-05-03 05:01:18+00,2025-05-03 06:49:53+00,2397
3243,3a2ae222,N625FB,N625FB,AS50,2025-05-03 06:32:08+00,2025-05-03 07:07:49+00,KDVT,KGEU,35.68333333333333,2025-05-03 06:31:31+00,2025-05-03 07:08:29+00,761
3244,3a2af398,N625FB,N625FB,AS50,2025-05-03 07:08:23+00,2025-05-03 08:07:36+00,KGEU,KDVT,59.21666666666667,2025-05-03 07:08:31+00,2025-05-03 08:08:29+00,1373
2486,3a2b101b,N624FB,N624FB,AS50,2025-05-03 08:04:00+00,2025-05-03 09:38:49+00,KDVT,KDVT,94.81666666666666,2025-05-03 08:03:41+00,2025-05-03 09:39:15+00,2025
2487,3a2bf9fc,N624FB,N624FB,AS50,2025-05-03 13:42:06+00,2025-05-03 14:00:47+00,KDVT,KCHD,18.683333333333334,2025-05-03 13:41:29+00,2025-05-03 14:01:08+00,343
2488,3a2c3f3c,N624FB,N624FB,AS50,2025-05-03 15:02:21+00,2025-05-03 15:50:38+00,KCHD,KDVT,48.28333333333333,2025-05-03 15:01:58+00,2025-05-03 15:50:38+00,950
2489,3a2ccc1c,N624FB,N624FB,AS50,2025-05-03 18:03:03+00,2025-05-03 19:02:55+00,KDVT,KDVT,59.86666666666667,2025-05-03 18:02:41+00,2025-05-03 19:03:04+00,1377
1087,3a2dde9c,N622FB,N622FB,AS50,2025-05-04 02:02:56+00,2025-05-04 03:34:47+00,KDVT,KDVT,91.85,2025-05-04 02:01:54+00,2025-05-04 03:35:00+00,2231
1775,3a2e0933,N623FB,N623FB,AS50,2025-05-04 03:31:38+00,2025-05-04 05:13:59+00,KDVT,KDVT,102.35,2025-05-04 03:31:04+00,2025-05-04 05:14:35+00,2181
3245,3a2e3344,N625FB,N625FB,AS50,2025-05-04 05:01:12+00,2025-05-04 06:41:17+00,KDVT,KDVT,100.08333333333333,2025-05-04 04:58:59+00,2025-05-04 06:41:37+00,2336
1776,3a2e5ea6,N623FB,N623FB,AS50,2025-05-04 06:30:16+00,2025-05-04 08:19:24+00,KDVT,KDVT,109.13333333333334,2025-05-04 06:29:52+00,2025-05-04 08:19:49+00,2355
3246,3a2e8958,N625FB,N625FB,AS50,2025-05-04 08:05:14+00,2025-05-04 09:38:59+00,KDVT,KDVT,93.75,2025-05-04 08:04:54+00,2025-05-04 09:39:39+00,2161
2490,3a2fb27a,N624FB,N624FB,AS50,2025-05-04 15:30:30+00,2025-05-04 16:29:37+00,KDVT,KDVT,59.11666666666667,2025-05-04 15:30:19+00,2025-05-04 16:30:23+00,1505
2491,3a304fa9,N624FB,N624FB,AS50,2025-05-04 19:10:59+00,2025-05-04 20:11:51+00,KDVT,KDVT,60.86666666666667,2025-05-04 19:10:11+00,2025-05-04 20:12:31+00,1230
1777,3a316589,N623FB,N623FB,AS50,2025-05-05 03:34:08+00,2025-05-05 05:10:01+00,KDVT,KDVT,95.88333333333334,2025-05-05 03:33:12+00,2025-05-05 05:11:13+00,2176
3247,3a318f4f,N625FB,N625FB,AS50,2025-05-05 05:00:19+00,2025-05-05 05:52:11+00,KDVT,KDVT,51.86666666666667,2025-05-05 04:59:57+00,2025-05-05 05:52:55+00,1155
1778,3a31d059,N623FB,N623FB,AS50,2025-05-05 07:12:49+00,2025-05-05 08:07:47+00,KDVT,KDVT,54.96666666666667,2025-05-05 07:12:58+00,2025-05-05 08:07:47+00,1017
3248,3a31e79b,N625FB,N625FB,AS50,2025-05-05 07:59:42+00,2025-05-05 09:33:08+00,KDVT,KDVT,93.43333333333334,2025-05-05 07:58:54+00,2025-05-05 09:34:04+00,1814
2492,3a333b3c,N624FB,N624FB,AS50,2025-05-05 15:53:50+00,2025-05-05 16:50:37+00,KDVT,KDVT,56.78333333333333,2025-05-05 15:53:20+00,2025-05-05 16:51:49+00,1163
2494,3a33cc86,N624FB,N624FB,AS50,2025-05-05 19:10:35+00,2025-05-05 20:09:46+00,KDVT,KDVT,59.18333333333333,2025-05-05 19:09:37+00,2025-05-05 20:11:37+00,1073
1088,3a345442,N622FB,N622FB,AS50,2025-05-05 22:45:27+00,2025-05-06 00:15:13+00,KDVT,KDVT,89.76666666666667,2025-05-05 22:44:58+00,2025-05-06 00:15:59+00,1856
1089,3a34c86c,N622FB,N622FB,AS50,2025-05-06 02:07:58+00,2025-05-06 03:29:48+00,KDVT,KDVT,81.83333333333333,2025-05-06 02:07:16+00,2025-05-06 03:30:28+00,2005
3249,3a34ddab,N625FB,N625FB,AS50,2025-05-06 02:50:23+00,2025-05-06 04:41:47+00,KDVT,KDVT,111.4,2025-05-06 02:49:31+00,2025-05-06 04:43:35+00,2549
1090,3a3519e0,N622FB,N622FB,AS50,2025-05-06 04:50:31+00,2025-05-06 06:40:33+00,KDVT,KDVT,110.03333333333333,2025-05-06 04:49:54+00,2025-05-06 06:41:41+00,2418
3250,3a354d9c,N625FB,N625FB,AS50,2025-05-06 06:31:58+00,2025-05-06 08:06:12+00,KDVT,KDVT,94.23333333333333,2025-05-06 06:31:33+00,2025-05-06 08:06:28+00,2142
1092,3a357dc3,N622FB,N622FB,AS50,2025-05-06 08:02:31+00,2025-05-06 09:22:18+00,KDVT,KDVT,79.78333333333333,2025-05-06 08:01:54+00,2025-05-06 09:23:21+00,1646
1779,3a36cd29,N623FB,N623FB,AS50,2025-05-06 15:43:41+00,2025-05-06 16:07:29+00,KDVT,,23.8,2025-05-06 15:43:10+00,2025-05-06 16:27:14+00,829
1780,3a36f0b7,N623FB,N623FB,AS50,2025-05-06 16:30:37+00,2025-05-06 17:05:04+00,KPHX,KDVT,34.45,2025-05-06 16:27:19+00,2025-05-06 17:05:52+00,776
1781,3a3755e4,N623FB,N623FB,AS50,2025-05-06 18:40:26+00,2025-05-06 19:38:10+00,KDVT,KDVT,57.733333333333334,2025-05-06 18:39:48+00,2025-05-06 19:38:10+00,1199
1093,3a37d49a,N622FB,N622FB,AS50,2025-05-06 21:46:53+00,2025-05-06 23:15:52+00,KDVT,KDVT,88.98333333333333,2025-05-06 21:46:36+00,2025-05-06 23:16:04+00,2167
1094,3a386c9b,N622FB,N622FB,AS50,2025-05-07 02:04:07+00,2025-05-07 02:36:23+00,KDVT,,32.266666666666666,2025-05-07 02:03:39+00,2025-05-07 03:43:18+00,2334
3251,3a38968e,N625FB,N625FB,AS50,2025-05-07 03:31:33+00,2025-05-07 05:03:46+00,KDVT,KDVT,92.21666666666667,2025-05-07 03:30:46+00,2025-05-07 05:03:46+00,2133
1095,3a38c2d5,N622FB,N622FB,AS50,2025-05-07 05:00:22+00,2025-05-07 06:35:28+00,KDVT,KDVT,95.1,2025-05-07 04:59:30+00,2025-05-07 06:37:04+00,2029
3252,3a38c528,N625FB,N625FB,AS50,2025-05-07 06:30:23+00,2025-05-07 08:06:55+00,KDVT,KDVT,96.53333333333333,2025-05-07 05:03:48+00,2025-05-07 08:05:05+00,1920
1097,3a391e77,N622FB,N622FB,AS50,2025-05-07 08:01:12+00,2025-05-07 09:28:31+00,KDVT,KDVT,87.31666666666666,2025-05-07 07:59:32+00,2025-05-07 09:29:43+00,1960
1782,3a3a7e91,N623FB,N623FB,AS50,2025-05-07 15:40:30+00,2025-05-07 17:04:07+00,KDVT,KDVT,83.61666666666666,2025-05-07 15:39:58+00,2025-05-07 17:04:16+00,2094
1783,3a3b3067,N623FB,N623FB,AS50,2025-05-07 19:09:20+00,2025-05-07 20:10:11+00,KDVT,KDVT,60.85,2025-05-07 19:08:35+00,2025-05-07 20:10:11+00,1383
1098,3a3be005,N622FB,N622FB,AS50,2025-05-07 23:06:53+00,2025-05-08 00:32:08+00,KDVT,KDVT,85.25,2025-05-07 23:06:51+00,2025-05-08 00:33:07+00,2110
1100,3a3c4c44,N622FB,N622FB,AS50,2025-05-08 02:06:00+00,2025-05-08 03:41:33+00,KDVT,KDVT,95.55,2025-05-08 02:04:43+00,2025-05-08 03:39:47+00,2078
3253,3a3c7898,N625FB,N625FB,AS50,2025-05-08 03:32:47+00,2025-05-08 05:12:24+00,KDVT,KDVT,99.61666666666666,2025-05-08 03:32:10+00,2025-05-08 05:12:24+00,2460
1101,3a3c7c18,N622FB,N622FB,AS50,2025-05-08 05:03:49+00,2025-05-08 06:46:56+00,KDVT,KDVT,103.11666666666666,2025-05-08 03:39:50+00,2025-05-08 06:46:56+00,2034
3254,3a3cd33d,N625FB,N625FB,AS50,2025-05-08 06:33:57+00,2025-05-08 08:10:38+00,KDVT,KDVT,96.68333333333334,2025-05-08 06:33:49+00,2025-05-08 08:11:15+00,2193
1102,3a3d029a,N622FB,N622FB,AS50,2025-05-08 08:03:34+00,2025-05-08 08:52:31+00,KDVT,KGEU,48.95,2025-05-08 08:02:37+00,2025-05-08 08:55:50+00,1088
1103,3a3d2207,N622FB,N622FB,AS50,2025-05-08 08:55:55+00,2025-05-08 09:05:05+00,KGEU,KGEU,9.166666666666666,2025-05-08 08:55:52+00,2025-05-08 09:03:49+00,208
1105,3a3d2756,N622FB,N622FB,AS50,2025-05-08 09:04:20+00,2025-05-08 09:41:07+00,KGEU,KDVT,36.78333333333333,2025-05-08 09:04:19+00,2025-05-08 09:42:54+00,792
1106,3a3e4958,N622FB,N622FB,AS50,2025-05-08 15:03:27+00,2025-05-08 15:58:22+00,KDVT,KDVT,54.916666666666664,2025-05-08 15:03:20+00,2025-05-08 15:58:22+00,1285
1108,3a3f0609,N622FB,N622FB,AS50,2025-05-08 18:17:50+00,2025-05-08 19:14:53+00,KDVT,KDVT,57.05,2025-05-08 18:17:39+00,2025-05-08 19:14:53+00,1353
3255,3a3fb2ae,N625FB,N625FB,AS50,2025-05-08 21:50:31+00,2025-05-08 23:19:16+00,KDVT,KDVT,88.75,2025-05-08 21:49:59+00,2025-05-08 23:19:16+00,1950
3256,3a4052fc,N625FB,N625FB,AS50,2025-05-09 02:01:58+00,2025-05-09 03:35:26+00,KDVT,KDVT,93.46666666666667,2025-05-09 02:00:09+00,2025-05-09 03:35:34+00,2195
1110,3a408327,N622FB,N622FB,AS50,2025-05-09 03:32:17+00,2025-05-09 04:01:05+00,KDVT,KDVT,28.8,2025-05-09 03:32:15+00,2025-05-09 04:04:10+00,591
1111,3a409412,N622FB,N622FB,AS50,2025-05-09 04:04:12+00,2025-05-09 05:08:02+00,KDVT,KDVT,63.833333333333336,2025-05-09 04:04:12+00,2025-05-09 05:08:18+00,1272
2495,3a40b3fb,N624FB,N624FB,AS50,2025-05-09 05:03:15+00,2025-05-09 06:46:17+00,KDVT,KDVT,103.03333333333333,2025-05-09 05:03:15+00,2025-05-09 06:46:45+00,2380
1112,3a40e203,N622FB,N622FB,AS50,2025-05-09 06:30:46+00,2025-05-09 08:12:03+00,KDVT,KDVT,101.28333333333333,2025-05-09 06:30:19+00,2025-05-09 08:12:17+00,2124
2496,3a4115e1,N624FB,N624FB,AS50,2025-05-09 08:02:01+00,2025-05-09 09:26:47+00,KDVT,KDVT,84.76666666666667,2025-05-09 08:01:18+00,2025-05-09 09:27:19+00,1886
1113,3a4257f1,N622FB,N622FB,AS50,2025-05-09 14:51:57+00,2025-05-09 14:56:13+00,KDVT,KDVT,4.266666666666667,2025-05-09 14:51:50+00,2025-05-09 14:54:28+00,71
1114,3a425a7f,N622FB,N622FB,AS50,2025-05-09 15:42:10+00,2025-05-09 16:39:01+00,KDVT,KDVT,56.85,2025-05-09 14:54:31+00,2025-05-09 16:39:01+00,1219
1115,3a42c16a,N622FB,N622FB,AS50,2025-05-09 18:48:30+00,2025-05-09 20:02:43+00,KDVT,KDVT,74.21666666666667,2025-05-09 16:39:07+00,2025-05-09 20:02:43+00,1789
3257,3a43f7d7,N625FB,N625FB,AS50,2025-05-09 23:06:09+00,2025-05-10 00:54:15+00,KDVT,KDVT,108.1,2025-05-09 23:05:08+00,2025-05-10 00:54:31+00,2689
3258,3a4463b2,N625FB,N625FB,AS50,2025-05-10 02:05:41+00,2025-05-10 03:40:32+00,KDVT,KDVT,94.85,2025-05-10 02:04:44+00,2025-05-10 03:41:00+00,2141
1116,3a448f41,N622FB,N622FB,AS50,2025-05-10 03:31:24+00,2025-05-10 05:06:47+00,KDVT,KDVT,95.38333333333334,2025-05-10 03:31:25+00,2025-05-10 05:07:01+00,2049
2497,3a44bbd1,N624FB,N624FB,AS50,2025-05-10 05:00:29+00,2025-05-10 06:37:51+00,KDVT,KDVT,97.36666666666666,2025-05-10 04:59:55+00,2025-05-10 06:38:11+00,2458
1117,3a44e6c8,N622FB,N622FB,AS50,2025-05-10 06:30:32+00,2025-05-10 08:06:43+00,KDVT,KDVT,96.18333333333334,2025-05-10 06:29:53+00,2025-05-10 08:08:35+00,2012
2498,3a4518a3,N624FB,N624FB,AS50,2025-05-10 08:03:41+00,2025-05-10 09:40:07+00,KDVT,KDVT,96.43333333333334,2025-05-10 08:03:16+00,2025-05-10 09:40:07+00,2284
1119,3a466900,N622FB,N622FB,AS50,2025-05-10 14:58:37+00,2025-05-10 16:01:16+00,KDVT,KDVT,62.65,2025-05-10 14:58:01+00,2025-05-10 16:01:16+00,1479
1121,3a471e89,N622FB,N622FB,AS50,2025-05-10 18:28:16+00,2025-05-10 19:54:28+00,KDVT,KDVT,86.2,2025-05-10 18:28:09+00,2025-05-10 19:54:48+00,2060
3259,3a47c081,N625FB,N625FB,AS50,2025-05-10 22:42:53+00,2025-05-11 00:08:52+00,KDVT,KDVT,85.98333333333333,2025-05-10 22:42:23+00,2025-05-11 00:09:21+00,2026
3260,3a48286d,N625FB,N625FB,AS50,2025-05-11 01:58:34+00,2025-05-11 02:02:40+00,KDVT,KDVT,4.1,2025-05-11 01:57:45+00,2025-05-11 02:00:50+00,68
3261,3a482a01,N625FB,N625FB,AS50,2025-05-11 02:01:03+00,2025-05-11 02:08:04+00,KDVT,KDVT,7.016666666666667,2025-05-11 02:00:52+00,2025-05-11 02:06:14+00,106
3262,3a482c74,N625FB,N625FB,AS50,2025-05-11 02:06:18+00,2025-05-11 03:35:28+00,KDVT,KDVT,89.16666666666667,2025-05-11 02:06:18+00,2025-05-11 03:35:28+00,2225
1122,3a4850c1,N622FB,N622FB,AS50,2025-05-11 03:32:08+00,2025-05-11 05:07:29+00,KDVT,KDVT,95.35,2025-05-11 03:31:08+00,2025-05-11 05:07:48+00,2029
2499,3a487a97,N624FB,N624FB,AS50,2025-05-11 05:01:59+00,2025-05-11 06:35:01+00,KDVT,KDVT,93.03333333333333,2025-05-11 05:01:25+00,2025-05-11 06:35:29+00,1955
1123,3a48a132,N622FB,N622FB,AS50,2025-05-11 06:28:35+00,2025-05-11 08:18:14+00,KDVT,KDVT,109.65,2025-05-11 06:28:01+00,2025-05-11 08:19:02+00,2434
2500,3a48d039,N624FB,N624FB,AS50,2025-05-11 08:02:15+00,2025-05-11 09:38:09+00,KDVT,KDVT,95.9,2025-05-11 08:01:44+00,2025-05-11 09:38:41+00,2174
1735,3a4a15de,N623FB,N623FB,AS50,2025-05-11 15:26:14+00,2025-05-11 16:16:44+00,KDVT,KDVT,50.5,2025-05-11 15:25:05+00,2025-05-11 16:16:56+00,1166
1736,3a4a9079,N623FB,N623FB,AS50,2025-05-11 18:06:58+00,2025-05-11 18:59:25+00,KDVT,KDVT,52.45,2025-05-11 18:06:13+00,2025-05-11 18:59:49+00,1127
3209,3a4b4c99,N625FB,N625FB,AS50,2025-05-11 23:07:40+00,2025-05-12 01:10:26+00,KDVT,KDVT,122.76666666666667,2025-05-11 23:06:47+00,2025-05-12 01:11:11+00,2938
3210,3a4bb81b,N625FB,N625FB,AS50,2025-05-12 02:30:11+00,2025-05-12 03:37:10+00,KDVT,KDVT,66.98333333333333,2025-05-12 02:29:25+00,2025-05-12 03:37:37+00,1729
1041,3a4bd47c,N622FB,N622FB,AS50,2025-05-12 03:33:43+00,2025-05-12 05:08:28+00,KDVT,KDVT,94.75,2025-05-12 03:33:17+00,2025-05-12 05:08:50+00,1847
2438,3a4bff62,N624FB,N624FB,AS50,2025-05-12 05:03:51+00,2025-05-12 06:35:48+00,KDVT,KDVT,91.95,2025-05-12 05:01:37+00,2025-05-12 06:36:36+00,2130
1042,3a4c2d14,N622FB,N622FB,AS50,2025-05-12 06:31:11+00,2025-05-12 08:07:37+00,KDVT,KDVT,96.43333333333334,2025-05-12 06:30:41+00,2025-05-12 08:07:38+00,2061
2439,3a4c5e40,N624FB,N624FB,AS50,2025-05-12 08:04:56+00,2025-05-12 09:49:59+00,KDVT,KDVT,105.05,2025-05-12 08:04:26+00,2025-05-12 09:51:03+00,2392
1737,3a4db364,N623FB,N623FB,AS50,2025-05-12 15:38:25+00,2025-05-12 17:05:24+00,KDVT,KDVT,86.98333333333333,2025-05-12 15:37:33+00,2025-05-12 17:06:23+00,1869
1738,3a4e513b,N623FB,N623FB,AS50,2025-05-12 19:01:30+00,2025-05-12 20:02:32+00,KDVT,KDVT,61.03333333333333,2025-05-12 19:00:27+00,2025-05-12 20:04:50+00,1368
1043,3a4ef46d,N622FB,N622FB,AS50,2025-05-12 23:01:27+00,2025-05-13 00:29:13+00,KDVT,KDVT,87.76666666666667,2025-05-12 23:00:48+00,2025-05-13 00:30:00+00,2032
1044,3a4f5fd7,N622FB,N622FB,AS50,2025-05-13 02:07:00+00,2025-05-13 03:36:45+00,KDVT,KDVT,89.75,2025-05-13 02:05:08+00,2025-05-13 03:37:28+00,2114
2440,3a4f8863,N624FB,N624FB,AS50,2025-05-13 03:31:11+00,2025-05-13 05:15:10+00,KDVT,KDVT,103.98333333333333,2025-05-13 03:30:09+00,2025-05-13 05:15:23+00,2171
3211,3a4fb6b1,N625FB,N625FB,AS50,2025-05-13 05:02:54+00,2025-05-13 06:41:18+00,KDVT,KDVT,98.4,2025-05-13 05:02:14+00,2025-05-13 06:42:31+00,2180
2441,3a4fe434,N624FB,N624FB,AS50,2025-05-13 06:32:29+00,2025-05-13 08:08:52+00,KDVT,KDVT,96.38333333333334,2025-05-13 06:31:43+00,2025-05-13 08:09:13+00,2088
3212,3a5016a5,N625FB,N625FB,AS50,2025-05-13 08:02:31+00,2025-05-13 09:37:07+00,KDVT,KDVT,94.6,2025-05-13 08:01:41+00,2025-05-13 09:38:07+00,2295
1739,3a50c49e,N623FB,N623FB,AS50,2025-05-13 12:18:38+00,2025-05-13 12:45:25+00,KDVT,KDVT,26.783333333333335,2025-05-13 12:17:28+00,2025-05-13 12:46:08+00,493
1740,3a517682,N623FB,N623FB,AS50,2025-05-13 15:41:28+00,2025-05-13 16:56:15+00,KDVT,KDVT,74.78333333333333,2025-05-13 15:40:57+00,2025-05-13 16:56:53+00,1804
3213,3a52bf48,N625FB,N625FB,AS50,2025-05-13 23:15:06+00,2025-05-14 00:51:11+00,KDVT,KDVT,96.08333333333333,2025-05-13 23:14:24+00,2025-05-14 00:53:03+00,2190
3214,3a52fd81,N625FB,N625FB,AS50,2025-05-14 02:10:58+00,2025-05-14 03:39:32+00,KDVT,KDVT,88.56666666666666,2025-05-14 00:55:23+00,2025-05-14 03:40:12+00,2107
2443,3a534f3b,N624FB,N624FB,AS50,2025-05-14 03:34:55+00,2025-05-14 05:05:38+00,KDVT,KDVT,90.71666666666667,2025-05-14 03:34:53+00,2025-05-14 05:05:44+00,1922
3215,3a537cc2,N625FB,N625FB,AS50,2025-05-14 05:01:44+00,2025-05-14 06:37:01+00,KDVT,KDVT,95.28333333333333,2025-05-14 05:01:13+00,2025-05-14 06:37:29+00,1732
2444,3a53ab27,N624FB,N624FB,AS50,2025-05-14 06:32:02+00,2025-05-14 08:05:14+00,KDVT,KDVT,93.2,2025-05-14 06:31:22+00,2025-05-14 08:05:14+00,1956
3216,3a53ddde,N625FB,N625FB,AS50,2025-05-14 08:00:07+00,2025-05-14 09:35:08+00,KDVT,KDVT,95.01666666666667,2025-05-14 07:59:19+00,2025-05-14 09:37:51+00,2252
1742,3a55c3e4,N623FB,N623FB,AS50,2025-05-14 17:59:15+00,2025-05-14 18:58:49+00,KDVT,KDVT,59.56666666666667,2025-05-14 17:58:37+00,2025-05-14 18:59:11+00,1259
1045,3a569df4,N622FB,N622FB,AS50,2025-05-14 23:03:52+00,2025-05-15 00:51:22+00,KDVT,KDVT,107.5,2025-05-14 23:03:34+00,2025-05-15 00:52:04+00,2578
1046,3a571076,N622FB,N622FB,AS50,2025-05-15 02:04:42+00,2025-05-15 03:38:41+00,KDVT,KDVT,93.98333333333333,2025-05-15 02:04:01+00,2025-05-15 03:39:19+00,2102
2445,3a573de3,N624FB,N624FB,AS50,2025-05-15 03:32:31+00,2025-05-15 05:15:29+00,KDVT,KDVT,102.96666666666667,2025-05-15 03:31:14+00,2025-05-15 05:16:11+00,2284
3217,3a576ee3,N625FB,N625FB,AS50,2025-05-15 05:03:58+00,2025-05-15 06:35:43+00,KDVT,KDVT,91.75,2025-05-15 05:03:27+00,2025-05-15 06:36:17+00,2166
2446,3a579bd1,N624FB,N624FB,AS50,2025-05-15 06:30:53+00,2025-05-15 08:11:05+00,KDVT,KDVT,100.2,2025-05-15 06:30:16+00,2025-05-15 08:11:05+00,2319
3218,3a57cfb2,N625FB,N625FB,AS50,2025-05-15 08:02:00+00,2025-05-15 09:34:12+00,KDVT,KDVT,92.2,2025-05-15 08:02:05+00,2025-05-15 09:34:12+00,2262
1743,3a591f03,N623FB,N623FB,AS50,2025-05-15 15:01:14+00,,KDVT,,,2025-05-15 15:01:14+00,2025-05-15 15:51:11+00,1072
1745,3a5965ae,N623FB,N623FB,AS50,2025-05-15 17:12:28+00,2025-05-15 17:30:18+00,KDVT,KDVT,17.833333333333332,2025-05-15 16:19:05+00,2025-05-15 17:30:18+00,1469
1747,3a59da5c,N623FB,N623FB,AS50,2025-05-15 18:34:14+00,2025-05-15 19:30:47+00,KDVT,KDVT,56.55,2025-05-15 18:33:45+00,2025-05-15 19:30:47+00,1196
2447,3a5a9c40,N624FB,N624FB,AS50,2025-05-15 22:52:49+00,2025-05-16 01:10:54+00,KDVT,KPHX,138.08333333333334,2025-05-15 22:52:12+00,2025-05-16 01:12:45+00,3302
2448,3a5b0144,N624FB,N624FB,AS50,2025-05-16 01:31:37+00,2025-05-16 03:06:20+00,KPHX,KDVT,94.71666666666667,2025-05-16 01:31:27+00,2025-05-16 03:06:34+00,2335
3219,3a5b4283,N625FB,N625FB,AS50,2025-05-16 03:34:42+00,2025-05-16 05:18:32+00,KDVT,KDVT,103.83333333333333,2025-05-16 03:34:09+00,2025-05-16 05:19:00+00,2457
1748,3a5b71c7,N623FB,N623FB,AS50,2025-05-16 05:02:21+00,2025-05-16 06:35:34+00,KDVT,KDVT,93.21666666666667,2025-05-16 05:02:12+00,2025-05-16 06:35:48+00,2213
3220,3a5b9f43,N625FB,N625FB,AS50,2025-05-16 06:29:20+00,2025-05-16 08:13:44+00,KDVT,KDVT,104.4,2025-05-16 06:28:57+00,2025-05-16 08:13:49+00,2348
1749,3a5bd51c,N623FB,N623FB,AS50,2025-05-16 08:03:07+00,2025-05-16 09:45:07+00,KDVT,KDVT,102,2025-05-16 08:02:49+00,2025-05-16 09:45:30+00,2125
1750,3a5db5ea,N623FB,N623FB,AS50,2025-05-16 17:50:58+00,2025-05-16 18:54:40+00,KDVT,KDVT,63.7,2025-05-16 17:50:47+00,2025-05-16 18:54:50+00,1429
1047,3a5e89c0,N622FB,N622FB,AS50,2025-05-16 22:59:41+00,2025-05-17 00:10:49+00,KDVT,KDVT,71.13333333333334,2025-05-16 22:59:09+00,2025-05-17 00:11:11+00,1623
1048,3a5ef05c,N622FB,N622FB,AS50,2025-05-17 02:03:31+00,2025-05-17 03:35:05+00,KDVT,KDVT,91.56666666666666,2025-05-17 02:02:49+00,2025-05-17 03:35:41+00,2251
3222,3a5f1976,N625FB,N625FB,AS50,2025-05-17 03:31:24+00,2025-05-17 05:07:28+00,KDVT,KDVT,96.06666666666666,2025-05-17 03:30:42+00,2025-05-17 05:08:01+00,2142
2449,3a5f45d6,N624FB,N624FB,AS50,2025-05-17 05:02:25+00,2025-05-17 06:51:03+00,KDVT,KDVT,108.63333333333334,2025-05-17 05:01:57+00,2025-05-17 06:51:19+00,2258
3223,3a5f6ea1,N625FB,N625FB,AS50,2025-05-17 06:30:50+00,2025-05-17 08:07:55+00,KDVT,KDVT,97.08333333333333,2025-05-17 06:30:00+00,2025-05-17 08:07:55+00,2086
2450,3a5f9f9d,N624FB,N624FB,AS50,2025-05-17 08:03:52+00,2025-05-17 09:33:41+00,KDVT,KDVT,89.81666666666666,2025-05-17 08:04:05+00,2025-05-17 09:34:03+00,2057
2451,3a61f839,N624FB,N624FB,AS50,2025-05-17 23:04:56+00,2025-05-18 00:28:10+00,KDVT,KDVT,83.23333333333333,2025-05-17 23:04:23+00,2025-05-18 00:29:02+00,2068
2452,3a624a1e,N624FB,N624FB,AS50,2025-05-18 02:00:04+00,2025-05-18 03:38:26+00,KDVT,KDVT,98.36666666666666,2025-05-18 01:59:21+00,2025-05-18 03:38:58+00,2350
3224,3a626ed8,N625FB,N625FB,AS50,2025-05-18 03:29:10+00,2025-05-18 05:07:28+00,KDVT,KDVT,98.3,2025-05-18 03:28:48+00,2025-05-18 05:08:05+00,2221
2453,3a629636,N624FB,N624FB,AS50,2025-05-18 05:03:01+00,2025-05-18 06:49:07+00,KDVT,KDVT,106.1,2025-05-18 05:02:27+00,2025-05-18 06:49:33+00,2400
3225,3a62bb38,N625FB,N625FB,AS50,2025-05-18 06:29:59+00,2025-05-18 08:06:52+00,KDVT,KDVT,96.88333333333334,2025-05-18 06:29:18+00,2025-05-18 08:07:01+00,2209
2454,3a62e98e,N624FB,N624FB,AS50,2025-05-18 08:03:53+00,2025-05-18 09:51:02+00,KDVT,KDVT,107.15,2025-05-18 08:03:34+00,2025-05-18 09:51:36+00,2680
2455,3a634727,N624FB,N624FB,AS50,2025-05-18 10:31:22+00,2025-05-18 11:05:18+00,KDVT,KDVT,33.93333333333333,2025-05-18 10:31:31+00,2025-05-18 11:05:48+00,806
1751,3a641c9e,N623FB,N623FB,AS50,2025-05-18 15:09:41+00,2025-05-18 16:38:48+00,KDVT,KDVT,89.11666666666666,2025-05-18 15:08:36+00,2025-05-18 16:39:38+00,1921
1049,3a656468,N622FB,N622FB,AS50,2025-05-18 23:06:50+00,2025-05-19 00:34:11+00,KDVT,KDVT,87.35,2025-05-18 23:05:08+00,2025-05-19 00:35:07+00,2199
1050,3a65c66a,N622FB,N622FB,AS50,2025-05-19 02:07:22+00,2025-05-19 03:46:54+00,KDVT,KDVT,99.53333333333333,2025-05-19 02:07:20+00,2025-05-19 03:47:12+00,2353
2456,3a65ee8f,N624FB,N624FB,AS50,2025-05-19 03:31:51+00,2025-05-19 05:04:43+00,KDVT,KDVT,92.86666666666666,2025-05-19 03:31:34+00,2025-05-19 05:05:10+00,2025
3226,3a661c0b,N625FB,N625FB,AS50,2025-05-19 05:01:24+00,2025-05-19 06:40:35+00,KDVT,KDVT,99.18333333333334,2025-05-19 05:00:39+00,2025-05-19 06:42:09+00,2379
2457,3a664a22,N624FB,N624FB,AS50,2025-05-19 06:31:10+00,2025-05-19 08:02:52+00,KDVT,KDVT,91.7,2025-05-19 06:30:33+00,2025-05-19 08:03:31+00,1942
3228,3a6678f5,N625FB,N625FB,AS50,2025-05-19 07:59:57+00,2025-05-19 09:30:30+00,KDVT,KDVT,90.55,2025-05-19 07:58:33+00,2025-05-19 09:31:34+00,2172
1752,3a67d552,N623FB,N623FB,AS50,2025-05-19 15:32:01+00,2025-05-19 16:43:15+00,KDVT,KDVT,71.23333333333333,2025-05-19 15:31:24+00,2025-05-19 16:43:15+00,1563
1753,3a686269,N623FB,N623FB,AS50,2025-05-19 18:23:29+00,2025-05-19 19:36:32+00,KDVT,KDVT,73.05,2025-05-19 18:23:11+00,2025-05-19 19:36:32+00,1627
1754,3a68b281,N623FB,N623FB,AS50,2025-05-19 20:14:19+00,2025-05-19 20:33:13+00,KDVT,KDVT,18.9,2025-05-19 20:14:20+00,2025-05-19 20:33:13+00,396
2458,3a6923f6,N624FB,N624FB,AS50,2025-05-19 23:12:09+00,2025-05-20 00:34:30+00,KDVT,KDVT,82.35,2025-05-19 23:11:36+00,2025-05-20 00:34:30+00,1801
2459,3a699254,N624FB,N624FB,AS50,2025-05-20 02:20:13+00,2025-05-20 03:44:49+00,KDVT,KDVT,84.6,2025-05-20 02:19:06+00,2025-05-20 03:44:51+00,2022
1051,3a69b5fc,N622FB,N622FB,AS50,2025-05-20 03:32:48+00,2025-05-20 05:05:37+00,KDVT,KDVT,92.81666666666666,2025-05-20 03:31:53+00,2025-05-20 05:06:04+00,2088
3229,3a69e5a9,N625FB,N625FB,AS50,2025-05-20 05:02:47+00,2025-05-20 06:48:58+00,KDVT,KDVT,106.18333333333334,2025-05-20 05:02:22+00,2025-05-20 06:49:58+00,2670
1053,3a6a13af,N622FB,N622FB,AS50,2025-05-20 06:32:51+00,2025-05-20 08:04:47+00,KDVT,KDVT,91.93333333333334,2025-05-20 06:32:12+00,2025-05-20 08:05:27+00,2108
3231,3a6a4355,N625FB,N625FB,AS50,2025-05-20 08:00:18+00,2025-05-20 09:52:38+00,KDVT,KDVT,112.33333333333333,2025-05-20 07:58:58+00,2025-05-20 09:53:21+00,2686
1756,3a6bbc44,N623FB,N623FB,AS50,2025-05-20 15:46:12+00,2025-05-20 16:40:40+00,KDVT,KDVT,54.46666666666667,2025-05-20 15:46:09+00,2025-05-20 16:40:40+00,1245
1757,3a6bec19,N623FB,N623FB,AS50,2025-05-20 19:08:50+00,2025-05-20 20:03:48+00,KDVT,KDVT,54.96666666666667,2025-05-20 16:40:43+00,2025-05-20 20:03:48+00,1163
2460,3a6d1187,N624FB,N624FB,AS50,2025-05-20 23:16:23+00,2025-05-21 00:41:40+00,KDVT,KDVT,85.28333333333333,2025-05-20 23:15:36+00,2025-05-21 00:42:26+00,2007
2461,3a6d81b4,N624FB,N624FB,AS50,2025-05-21 02:19:16+00,2025-05-21 03:44:56+00,KDVT,KDVT,85.66666666666667,2025-05-21 02:18:16+00,2025-05-21 03:45:52+00,2041
1054,3a6da922,N622FB,N622FB,AS50,2025-05-21 03:36:35+00,2025-05-21 05:11:29+00,KDVT,KDVT,94.9,2025-05-21 03:35:52+00,2025-05-21 05:11:41+00,2205
3232,3a6dd8ee,N625FB,N625FB,AS50,2025-05-21 05:02:06+00,2025-05-21 06:50:24+00,KDVT,KDVT,108.3,2025-05-21 05:01:08+00,2025-05-21 06:50:58+00,2425
1055,3a6e0a3e,N622FB,N622FB,AS50,2025-05-21 06:34:19+00,2025-05-21 08:05:50+00,KDVT,KDVT,91.51666666666667,2025-05-21 06:33:26+00,2025-05-21 08:06:37+00,2034
3233,3a6e3aac,N625FB,N625FB,AS50,2025-05-21 07:59:25+00,2025-05-21 09:44:33+00,KDVT,KDVT,105.13333333333334,2025-05-21 07:58:54+00,2025-05-21 09:45:12+00,2451
393,3a6f54c1,N621FB,N621FB,AS50,2025-05-21 14:19:35+00,2025-05-21 14:29:27+00,KDVT,KDVT,9.866666666666667,2025-05-21 14:14:06+00,2025-05-21 14:29:27+00,219
394,3a6f6cf8,N621FB,N621FB,AS50,2025-05-21 14:40:39+00,2025-05-21 14:49:15+00,KDVT,KDVT,8.6,2025-05-21 14:40:04+00,2025-05-21 14:49:15+00,193
1758,3a6f7e74,N623FB,N623FB,AS50,2025-05-21 14:59:41+00,2025-05-21 15:27:33+00,KDVT,KDVT,27.866666666666667,2025-05-21 14:59:38+00,2025-05-21 15:27:33+00,588
395,3a6fae94,N621FB,N621FB,AS50,2025-05-21 15:54:11+00,2025-05-21 16:33:36+00,KDVT,KDVT,39.416666666666664,2025-05-21 15:53:09+00,2025-05-21 16:59:19+00,1079
1760,3a701447,N623FB,N623FB,AS50,2025-05-21 17:50:48+00,2025-05-21 18:55:46+00,KDVT,KDVT,64.96666666666667,2025-05-21 17:50:24+00,2025-05-21 18:55:46+00,1310
396,3a70fe82,N621FB,N621FB,AS50,2025-05-21 23:11:51+00,2025-05-22 00:56:06+00,KDVT,KDVT,104.25,2025-05-21 23:10:40+00,2025-05-22 00:56:29+00,2449
397,3a717108,N621FB,N621FB,AS50,2025-05-22 02:14:37+00,2025-05-22 03:38:20+00,KDVT,KDVT,83.71666666666667,2025-05-22 02:14:04+00,2025-05-22 03:38:54+00,1942
2462,3a719afc,N624FB,N624FB,AS50,2025-05-22 03:31:33+00,2025-05-22 05:07:19+00,KDVT,KDVT,95.76666666666667,2025-05-22 03:31:34+00,2025-05-22 05:05:21+00,2282
1056,3a71ccad,N622FB,N622FB,AS50,2025-05-22 05:01:26+00,2025-05-22 06:44:18+00,KDVT,KDVT,102.86666666666666,2025-05-22 05:00:58+00,2025-05-22 06:45:42+00,2382
2463,3a71fbbf,N624FB,N624FB,AS50,2025-05-22 06:30:14+00,2025-05-22 07:59:26+00,KDVT,KDVT,89.2,2025-05-22 06:29:45+00,2025-05-22 07:59:26+00,1995
1057,3a722ebb,N622FB,N622FB,AS50,2025-05-22 08:03:02+00,2025-05-22 09:33:13+00,KDVT,KDVT,90.18333333333334,2025-05-22 08:03:03+00,2025-05-22 09:33:57+00,2091
1761,3a73762f,N623FB,N623FB,AS50,2025-05-22 15:05:12+00,2025-05-22 15:57:54+00,KDVT,KDVT,52.7,2025-05-22 15:04:38+00,2025-05-22 15:58:28+00,1143
1762,3a741966,N623FB,N623FB,AS50,2025-05-22 18:07:05+00,,KDVT,,,2025-05-22 18:06:51+00,2025-05-22 19:06:06+00,1354
398,3a74fd3f,N621FB,N621FB,AS50,2025-05-22 23:01:51+00,2025-05-23 00:34:31+00,KDVT,KDVT,92.66666666666667,2025-05-22 23:01:36+00,2025-05-23 00:35:05+00,2168
399,3a757030,N621FB,N621FB,AS50,2025-05-23 02:03:20+00,2025-05-23 03:33:38+00,KDVT,KDVT,90.3,2025-05-23 02:02:16+00,2025-05-23 03:33:38+00,2066
1058,3a759e1d,N622FB,N622FB,AS50,2025-05-23 03:32:23+00,2025-05-23 05:10:03+00,KDVT,KDVT,97.66666666666667,2025-05-23 03:30:43+00,2025-05-23 05:10:36+00,2162
3234,3a75d10d,N625FB,N625FB,AS50,2025-05-23 05:06:37+00,2025-05-23 06:56:22+00,KDVT,KDVT,109.75,2025-05-23 05:05:55+00,2025-05-23 06:56:37+00,2482
1059,3a75feb5,N622FB,N622FB,AS50,2025-05-23 06:33:58+00,2025-05-23 08:08:44+00,KDVT,KDVT,94.76666666666667,2025-05-23 06:33:16+00,2025-05-23 08:09:31+00,2204
3235,3a7630f4,N625FB,N625FB,AS50,2025-05-23 08:01:14+00,2025-05-23 09:36:42+00,KDVT,KDVT,95.46666666666667,2025-05-23 08:00:54+00,2025-05-23 09:37:08+00,2113
3236,3a778ffc,N625FB,N625FB,AS50,2025-05-23 15:07:44+00,2025-05-23 16:53:51+00,KDVT,KDVT,106.11666666666666,2025-05-23 15:06:28+00,2025-05-23 16:54:08+00,2263
2464,3a790eef,N624FB,N624FB,AS50,2025-05-23 22:26:31+00,2025-05-23 23:47:50+00,KDVT,KDVT,81.31666666666666,2025-05-23 22:24:13+00,2025-05-23 23:48:10+00,1971
2465,3a7998cf,N624FB,N624FB,AS50,2025-05-24 02:06:35+00,2025-05-24 03:46:45+00,KDVT,KDVT,100.16666666666667,2025-05-24 02:06:29+00,2025-05-24 03:47:05+00,2174
1060,3a79c30d,N622FB,N622FB,AS50,2025-05-24 03:33:32+00,2025-05-24 05:19:26+00,KDVT,KDVT,105.9,2025-05-24 03:32:56+00,2025-05-24 05:19:56+00,2612
1763,3a79ebe0,N623FB,N623FB,AS50,2025-05-24 04:56:37+00,2025-05-24 06:35:15+00,KDVT,KDVT,98.63333333333334,2025-05-24 04:55:56+00,2025-05-24 06:35:37+00,2382
1061,3a7a187c,N622FB,N622FB,AS50,2025-05-24 06:30:47+00,2025-05-24 08:03:29+00,KDVT,KDVT,92.7,2025-05-24 06:29:21+00,2025-05-24 08:04:19+00,2011
1764,3a7a4969,N623FB,N623FB,AS50,2025-05-24 08:00:25+00,2025-05-24 10:11:12+00,KDVT,KDVT,130.78333333333333,2025-05-24 07:59:55+00,2025-05-24 10:11:46+00,2944
1062,3a7a4c33,N622FB,N622FB,AS50,2025-05-24 08:04:25+00,2025-05-24 08:07:13+00,KDVT,KDVT,2.8,2025-05-24 08:04:20+00,2025-05-24 08:07:13+00,43
1765,3a7b8d56,N623FB,N623FB,AS50,2025-05-24 15:06:16+00,2025-05-24 16:13:17+00,KDVT,KDVT,67.01666666666667,2025-05-24 15:06:22+00,2025-05-24 16:11:29+00,1381
1766,3a7c1cdf,N623FB,N623FB,AS50,2025-05-24 17:59:16+00,2025-05-24 19:05:33+00,KDVT,KDVT,66.28333333333333,2025-05-24 17:58:39+00,2025-05-24 19:03:41+00,1325
1063,3a7cc90e,N622FB,N622FB,AS50,2025-05-24 22:33:14+00,2025-05-25 00:00:32+00,KDVT,KDVT,87.3,2025-05-24 22:32:27+00,2025-05-25 00:01:05+00,1832
1064,3a7d3af3,N622FB,N622FB,AS50,2025-05-25 02:11:08+00,2025-05-25 02:30:35+00,KDVT,KGEU,19.45,2025-05-25 02:10:21+00,2025-05-25 03:40:01+00,2017
400,3a7d5e67,N621FB,N621FB,AS50,2025-05-25 03:35:39+00,2025-05-25 05:32:09+00,KDVT,KDVT,116.5,2025-05-25 03:34:13+00,2025-05-25 05:32:22+00,2930
1065,3a7d85e4,N622FB,N622FB,AS50,2025-05-25 05:02:37+00,2025-05-25 06:42:50+00,KDVT,KDVT,100.21666666666667,2025-05-25 05:01:34+00,2025-05-25 06:43:29+00,2263
401,3a7dafa7,N621FB,N621FB,AS50,2025-05-25 06:33:50+00,2025-05-25 08:39:20+00,KDVT,KDVT,125.5,2025-05-25 06:33:14+00,2025-05-25 08:39:46+00,2911
1066,3a7de46b,N622FB,N622FB,AS50,2025-05-25 08:21:59+00,2025-05-25 09:53:49+00,KDVT,KDVT,91.83333333333333,2025-05-25 08:21:28+00,2025-05-25 09:54:14+00,2273
1067,3a7e2ffb,N622FB,N622FB,AS50,2025-05-25 10:49:17+00,2025-05-25 11:03:33+00,KDVT,KDVT,14.266666666666667,2025-05-25 10:34:36+00,2025-05-25 11:03:33+00,621
1006,3a7f0eec,N622FB,N622FB,AS50,2025-05-25 15:40:01+00,,KDVT,,,2025-05-25 15:39:43+00,2025-05-25 16:41:38+00,1307
1007,3a7fa0bb,N622FB,N622FB,AS50,2025-05-25 19:06:33+00,2025-05-25 20:14:08+00,KDVT,KDVT,67.58333333333333,2025-05-25 19:06:27+00,2025-05-25 20:14:48+00,1600
2405,3a802c32,N624FB,N624FB,AS50,2025-05-25 23:09:16+00,2025-05-26 00:32:54+00,KDVT,KDVT,83.63333333333334,2025-05-25 23:08:04+00,2025-05-26 00:33:54+00,1996
2406,3a8086a8,N624FB,N624FB,AS50,2025-05-26 02:03:09+00,2025-05-26 03:37:24+00,KDVT,KDVT,94.25,2025-05-26 02:02:21+00,2025-05-26 03:37:57+00,2365
1008,3a80ae35,N622FB,N622FB,AS50,2025-05-26 03:32:52+00,2025-05-26 05:12:48+00,KDVT,KDVT,99.93333333333334,2025-05-26 03:31:38+00,2025-05-26 05:12:48+00,1956
3169,3a80da06,N625FB,N625FB,AS50,2025-05-26 05:02:41+00,2025-05-26 06:36:46+00,KDVT,KDVT,94.08333333333333,2025-05-26 05:01:32+00,2025-05-26 06:37:15+00,2092
1009,3a81077a,N622FB,N622FB,AS50,2025-05-26 06:31:38+00,2025-05-26 08:04:26+00,KDVT,KDVT,92.8,2025-05-26 06:31:34+00,2025-05-26 08:04:26+00,1935
3170,3a813638,N625FB,N625FB,AS50,2025-05-26 08:01:27+00,2025-05-26 09:39:15+00,KDVT,KDVT,97.8,2025-05-26 08:00:43+00,2025-05-26 09:39:58+00,2192
1010,3a82aa34,N622FB,N622FB,AS50,2025-05-26 16:17:29+00,2025-05-26 17:13:12+00,KDVT,KDVT,55.71666666666667,2025-05-26 16:17:27+00,2025-05-26 17:13:49+00,1271
1011,3a832ed2,N622FB,N622FB,AS50,2025-05-26 19:04:33+00,2025-05-26 19:51:21+00,KDVT,,46.8,2025-05-26 19:04:02+00,2025-05-26 19:59:44+00,1081
2407,3a838f42,N624FB,N624FB,AS50,2025-05-26 21:23:32+00,2025-05-26 22:19:47+00,KDVT,KDVT,56.25,2025-05-26 21:23:01+00,2025-05-26 22:20:12+00,1307
2408,3a83d217,N624FB,N624FB,AS50,2025-05-26 23:12:51+00,2025-05-27 00:40:15+00,KDVT,KDVT,87.4,2025-05-26 23:12:15+00,2025-05-27 00:40:49+00,1932
2409,3a84302e,N624FB,N624FB,AS50,2025-05-27 02:06:58+00,2025-05-27 03:48:31+00,KDVT,KDVT,101.55,2025-05-27 02:03:58+00,2025-05-27 03:49:10+00,2599
1730,3a8457e4,N623FB,N623FB,AS50,2025-05-27 03:31:54+00,2025-05-27 05:04:56+00,KDVT,KDVT,93.03333333333333,2025-05-27 03:31:29+00,2025-05-27 05:05:04+00,1975
3171,3a8484dc,N625FB,N625FB,AS50,2025-05-27 05:01:24+00,2025-05-27 06:53:05+00,KDVT,KDVT,111.68333333333334,2025-05-27 05:01:26+00,2025-05-27 06:54:26+00,2532
1731,3a84b30b,N623FB,N623FB,AS50,2025-05-27 06:31:22+00,2025-05-27 08:01:55+00,KDVT,KDVT,90.55,2025-05-27 06:30:42+00,2025-05-27 08:02:04+00,1649
3173,3a84e2a8,N625FB,N625FB,AS50,2025-05-27 07:59:21+00,2025-05-27 09:35:06+00,KDVT,KDVT,95.75,2025-05-27 07:59:22+00,2025-05-27 09:36:05+00,2234
357,3a862c0a,N621FB,N621FB,AS50,2025-05-27 15:14:41+00,2025-05-27 16:04:02+00,KDVT,KDVT,49.35,2025-05-27 15:14:32+00,2025-05-27 16:04:02+00,1150
2410,3a8704d2,N624FB,N624FB,AS50,2025-05-27 19:28:06+00,2025-05-27 19:34:31+00,KDVT,KDVT,6.416666666666667,2025-05-27 19:26:03+00,2025-05-27 19:34:31+00,129
2411,3a870cca,N624FB,N624FB,AS50,2025-05-27 19:35:56+00,2025-05-27 20:05:10+00,KDVT,KDVT,29.233333333333334,2025-05-27 19:35:56+00,2025-05-27 20:06:20+00,557
2412,3a879bb7,N624FB,N624FB,AS50,2025-05-27 23:04:28+00,2025-05-28 00:29:26+00,KDVT,KDVT,84.96666666666667,2025-05-27 23:03:40+00,2025-05-28 00:30:01+00,1975
2413,3a8809b6,N624FB,N624FB,AS50,2025-05-28 02:06:42+00,2025-05-28 03:40:03+00,KDVT,KDVT,93.35,2025-05-28 02:05:44+00,2025-05-28 03:40:33+00,1949
1732,3a883638,N623FB,N623FB,AS50,2025-05-28 03:33:53+00,2025-05-28 05:03:39+00,KDVT,KDVT,89.76666666666667,2025-05-28 03:32:27+00,2025-05-28 05:03:55+00,1931
2414,3a8865b1,N624FB,N624FB,AS50,2025-05-28 05:01:37+00,2025-05-28 06:42:16+00,KDVT,KDVT,100.65,2025-05-28 05:01:12+00,2025-05-28 06:43:09+00,2056
1733,3a88956b,N623FB,N623FB,AS50,2025-05-28 06:32:39+00,2025-05-28 08:06:15+00,KDVT,KDVT,93.6,2025-05-28 06:32:06+00,2025-05-28 08:06:30+00,2060
2415,3a88c7b8,N624FB,N624FB,AS50,2025-05-28 07:59:45+00,2025-05-28 09:16:27+00,KDVT,KGEU,76.7,2025-05-28 07:59:11+00,2025-05-28 09:36:51+00,1835
2416,3a8a06e7,N624FB,N624FB,AS50,2025-05-28 15:02:24+00,2025-05-28 15:55:26+00,KDVT,KDVT,53.03333333333333,2025-05-28 15:02:18+00,2025-05-28 15:55:43+00,1178
2417,3a8b316f,N624FB,N624FB,AS50,2025-05-28 21:11:42+00,2025-05-28 22:35:17+00,KDVT,KDVT,83.58333333333333,2025-05-28 21:11:23+00,2025-05-28 22:35:44+00,1876
2418,3a8bac8c,N624FB,N624FB,AS50,2025-05-29 00:19:40+00,2025-05-29 01:41:43+00,KDVT,KDVT,82.05,2025-05-29 00:19:20+00,2025-05-29 01:42:44+00,1923
1012,3a8c1404,N622FB,N622FB,AS50,2025-05-29 03:33:03+00,2025-05-29 05:04:54+00,KDVT,KDVT,91.85,2025-05-29 03:32:22+00,2025-05-29 05:05:27+00,2008
358,3a8c4041,N621FB,N621FB,AS50,2025-05-29 04:59:02+00,2025-05-29 06:36:39+00,KDVT,KDVT,97.61666666666666,2025-05-29 04:58:18+00,2025-05-29 06:37:00+00,2094
1013,3a8c7004,N622FB,N622FB,AS50,2025-05-29 06:32:26+00,2025-05-29 08:05:41+00,KDVT,KDVT,93.25,2025-05-29 06:31:52+00,2025-05-29 08:06:10+00,2270
359,3a8ca050,N621FB,N621FB,AS50,2025-05-29 08:01:32+00,2025-05-29 09:26:07+00,KDVT,KDVT,84.58333333333333,2025-05-29 08:01:00+00,2025-05-29 09:28:37+00,1772
360,3a8dd45b,N621FB,N621FB,AS50,2025-05-29 14:42:11+00,2025-05-29 15:37:21+00,KDVT,KDVT,55.166666666666664,2025-05-29 14:41:45+00,2025-05-29 15:37:25+00,1232
2420,3a8e1554,N624FB,N624FB,AS50,2025-05-29 15:52:15+00,2025-05-29 15:59:39+00,KDVT,KDVT,7.4,2025-05-29 15:50:40+00,2025-05-29 15:57:49+00,138
2422,3a8e6cb1,N624FB,N624FB,AS50,2025-05-29 17:29:45+00,2025-05-29 17:37:59+00,KDVT,KDVT,8.233333333333333,2025-05-29 17:29:35+00,2025-05-29 17:36:09+00,165
361,3a8e89e1,N621FB,N621FB,AS50,2025-05-29 18:04:29+00,2025-05-29 18:58:44+00,KDVT,KDVT,54.25,2025-05-29 18:04:07+00,2025-05-29 18:58:44+00,1220
3174,3a8f6ac7,N625FB,N625FB,AS50,2025-05-29 22:59:42+00,2025-05-30 00:23:44+00,KDVT,KDVT,84.03333333333333,2025-05-29 22:59:06+00,2025-05-30 00:24:19+00,1965
3175,3a8fe175,N625FB,N625FB,AS50,2025-05-30 02:02:22+00,2025-05-30 03:35:21+00,KDVT,KDVT,92.98333333333333,2025-05-30 02:01:39+00,2025-05-30 03:35:55+00,2239
362,3a90106a,N621FB,N621FB,AS50,2025-05-30 03:32:30+00,2025-05-30 05:16:50+00,KDVT,KDVT,104.33333333333333,2025-05-30 03:31:12+00,2025-05-30 05:17:21+00,2474
1014,3a904196,N622FB,N622FB,AS50,2025-05-30 05:02:36+00,2025-05-30 06:36:06+00,KDVT,KDVT,93.5,2025-05-30 05:01:52+00,2025-05-30 06:36:06+00,2178
363,3a906fbb,N621FB,N621FB,AS50,2025-05-30 06:31:47+00,2025-05-30 08:14:22+00,KDVT,KDVT,102.58333333333333,2025-05-30 06:31:08+00,2025-05-30 08:15:46+00,2360
1016,3a90a3ce,N622FB,N622FB,AS50,2025-05-30 08:01:18+00,2025-05-30 09:34:15+00,KDVT,KDVT,92.95,2025-05-30 08:00:53+00,2025-05-30 09:35:27+00,2180
364,3a920a08,N621FB,N621FB,AS50,2025-05-30 15:59:42+00,2025-05-30 16:08:16+00,KGEU,KDVT,8.566666666666666,2025-05-30 15:08:00+00,2025-05-30 16:06:33+00,921
368,3a92c269,N621FB,N621FB,AS50,2025-05-30 18:18:57+00,2025-05-30 19:16:40+00,KDVT,KDVT,57.71666666666667,2025-05-30 18:18:21+00,2025-05-30 19:26:30+00,1344
3176,3a937fb8,N625FB,N625FB,AS50,2025-05-30 22:31:17+00,2025-05-30 23:52:43+00,KDVT,KDVT,81.43333333333334,2025-05-30 22:30:31+00,2025-05-30 23:53:16+00,1882
3177,3a94046f,N625FB,N625FB,AS50,2025-05-31 02:10:06+00,2025-05-31 03:45:41+00,KDVT,KDVT,95.58333333333333,2025-05-31 02:09:31+00,2025-05-31 03:47:28+00,2254
2425,3a942bc4,N624FB,N624FB,AS50,2025-05-31 03:31:57+00,2025-05-31 05:13:47+00,KDVT,KDVT,101.83333333333333,2025-05-31 03:30:23+00,2025-05-31 05:14:10+00,2266
1017,3a9458bb,N622FB,N622FB,AS50,2025-05-31 05:00:25+00,2025-05-31 06:35:32+00,KDVT,KDVT,95.11666666666666,2025-05-31 04:59:50+00,2025-05-31 06:36:07+00,2239
2426,3a9484fc,N624FB,N624FB,AS50,2025-05-31 06:31:02+00,2025-05-31 08:08:33+00,KDVT,KDVT,97.51666666666667,2025-05-31 06:30:44+00,2025-05-31 08:09:18+00,2063
1018,3a94b947,N622FB,N622FB,AS50,2025-05-31 08:00:39+00,2025-05-31 09:48:07+00,KDVT,KDVT,107.46666666666667,2025-05-31 08:00:35+00,2025-05-31 09:48:44+00,2430
2427,3a9600a9,N624FB,N624FB,AS50,2025-05-31 14:54:52+00,2025-05-31 16:02:04+00,KDVT,KDVT,67.2,2025-05-31 14:54:14+00,2025-05-31 16:02:12+00,1489
2428,3a96b782,N624FB,N624FB,AS50,2025-05-31 18:31:23+00,2025-05-31 19:55:39+00,KDVT,KDVT,84.26666666666667,2025-05-31 18:30:49+00,2025-05-31 19:55:39+00,2017
3178,3a9763cc,N625FB,N625FB,AS50,2025-05-31 23:01:53+00,2025-06-01 00:43:26+00,KDVT,KDVT,101.55,2025-05-31 23:00:37+00,2025-06-01 00:43:54+00,2493
3179,3a97c5ff,N625FB,N625FB,AS50,2025-06-01 02:06:27+00,2025-06-01 03:33:16+00,KDVT,KDVT,86.81666666666666,2025-06-01 02:05:51+00,2025-06-01 03:34:01+00,1977
369,3a97e983,N621FB,N621FB,AS50,2025-06-01 03:29:05+00,2025-06-01 05:07:54+00,KDVT,KDVT,98.81666666666666,2025-06-01 03:28:43+00,2025-06-01 05:15:19+00,2008
1019,3a9812dd,N622FB,N622FB,AS50,2025-06-01 05:01:14+00,2025-06-01 06:36:00+00,KDVT,KDVT,94.76666666666667,2025-06-01 05:00:32+00,2025-06-01 06:36:34+00,2164
370,3a983cff,N621FB,N621FB,AS50,2025-06-01 06:32:26+00,2025-06-01 08:29:13+00,KDVT,KDVT,116.78333333333333,2025-06-01 06:31:45+00,2025-06-01 08:37:31+00,2539
1020,3a986e6e,N622FB,N622FB,AS50,2025-06-01 08:11:12+00,2025-06-01 09:41:31+00,KDVT,KDVT,90.31666666666666,2025-06-01 08:10:46+00,2025-06-01 09:41:53+00,1983
3180,3a99a078,N625FB,N625FB,AS50,2025-06-01 15:13:34+00,2025-06-01 16:47:26+00,KDVT,KDVT,93.86666666666666,2025-06-01 15:12:51+00,2025-06-01 16:47:26+00,2170
3182,3a9a4ed6,N625FB,N625FB,AS50,2025-06-01 18:53:41+00,2025-06-01 20:17:31+00,KDVT,KDVT,83.83333333333333,2025-06-01 18:53:10+00,2025-06-01 20:17:40+00,1761
1021,3a9af7da,N622FB,N622FB,AS50,2025-06-01 23:18:43+00,2025-06-02 00:33:06+00,KDVT,KDVT,74.38333333333334,2025-06-01 23:18:13+00,2025-06-02 00:33:51+00,1684
3183,3a9b7e0f,N625FB,N625FB,AS50,2025-06-02 03:41:18+00,2025-06-02 05:06:31+00,KDVT,KGEU,85.21666666666667,2025-06-02 03:40:56+00,2025-06-02 05:06:57+00,2183
371,3a9ba4d5,N621FB,N621FB,AS50,2025-06-02 04:59:12+00,2025-06-02 06:33:40+00,KDVT,KDVT,94.46666666666667,2025-06-02 04:58:44+00,2025-06-02 06:33:40+00,2028
3184,3a9ba952,N625FB,N625FB,AS50,2025-06-02 05:06:57+00,2025-06-02 05:15:58+00,KGEU,KDVT,9.016666666666667,2025-06-02 05:06:58+00,2025-06-02 05:15:58+00,153
3185,3a9bd110,N625FB,N625FB,AS50,2025-06-02 06:27:46+00,2025-06-02 06:55:05+00,KDVT,KGEU,27.316666666666666,2025-06-02 06:27:17+00,2025-06-02 06:55:44+00,588
3186,3a9bdf7b,N625FB,N625FB,AS50,2025-06-02 06:55:53+00,2025-06-02 07:37:00+00,KGEU,KDVT,41.11666666666667,2025-06-02 06:55:59+00,2025-06-02 07:35:10+00,924
3187,3a9bf41a,N625FB,N625FB,AS50,2025-06-02 07:35:13+00,2025-06-02 07:38:43+00,KDVT,KDVT,3.5,2025-06-02 07:35:11+00,2025-06-02 07:36:55+00,38
3188,3a9bf524,N625FB,N625FB,AS50,2025-06-02 07:36:59+00,,KDVT,,,2025-06-02 07:36:57+00,2025-06-02 07:38:27+00,34
3189,3a9bf5fd,N625FB,N625FB,AS50,2025-06-02 07:38:30+00,,KDVT,,,2025-06-02 07:38:30+00,2025-06-02 07:50:52+00,296
3190,3a9bfc91,N625FB,N625FB,AS50,2025-06-02 07:50:53+00,2025-06-02 07:54:19+00,KDVT,KDVT,3.433333333333333,2025-06-02 07:50:53+00,2025-06-02 07:52:31+00,38
3191,3a9bfd6b,N625FB,N625FB,AS50,2025-06-02 07:52:38+00,2025-06-02 07:55:52+00,KDVT,KDVT,3.2333333333333334,2025-06-02 07:52:34+00,2025-06-02 07:54:04+00,34
3193,3a9bfe6b,N625FB,N625FB,AS50,2025-06-02 07:54:19+00,2025-06-02 07:57:22+00,KDVT,KDVT,3.05,2025-06-02 07:54:19+00,2025-06-02 07:55:32+00,31
3194,3a9bff04,N625FB,N625FB,AS50,2025-06-02 07:55:46+00,2025-06-02 07:58:08+00,KDVT,KDVT,2.3666666666666667,2025-06-02 07:55:34+00,2025-06-02 07:58:08+00,55
372,3a9bffef,N621FB,N621FB,AS50,2025-06-02 07:57:58+00,2025-06-02 08:04:40+00,KDVT,KDVT,6.7,2025-06-02 07:57:14+00,2025-06-02 08:04:40+00,145
2429,3a9d7fb4,N624FB,N624FB,AS50,2025-06-02 16:06:19+00,2025-06-02 16:58:48+00,KDVT,KDVT,52.483333333333334,2025-06-02 16:05:50+00,2025-06-02 16:58:48+00,1114
1022,3a9dbee0,N622FB,N622FB,AS50,2025-06-02 17:20:47+00,2025-06-02 17:41:49+00,KDVT,,21.033333333333335,2025-06-02 17:17:59+00,2025-06-02 18:21:40+00,409
2431,3a9daee4,N624FB,N624FB,AS50,2025-06-02 19:12:02+00,2025-06-02 20:02:38+00,KDVT,KDVT,50.6,2025-06-02 16:58:59+00,2025-06-02 20:02:38+00,972
373,3a9ec377,N621FB,N621FB,AS50,2025-06-02 23:10:51+00,2025-06-03 00:35:36+00,KDVT,KDVT,84.75,2025-06-02 23:09:11+00,2025-06-03 00:36:30+00,1987
374,3a9f2ff1,N621FB,N621FB,AS50,2025-06-03 02:10:02+00,2025-06-03 03:50:10+00,KDVT,KDVT,100.13333333333334,2025-06-03 02:07:08+00,2025-06-03 03:50:47+00,2343
1023,3a9f5bf8,N622FB,N622FB,AS50,2025-06-03 03:32:49+00,2025-06-03 05:10:44+00,KDVT,KDVT,97.91666666666667,2025-06-03 03:32:14+00,2025-06-03 05:11:05+00,2170
375,3a9f8b41,N621FB,N621FB,AS50,2025-06-03 05:03:09+00,2025-06-03 06:50:53+00,KDVT,KDVT,107.73333333333333,2025-06-03 05:02:13+00,2025-06-03 06:51:59+00,2551
1024,3a9fba40,N622FB,N622FB,AS50,2025-06-03 06:31:57+00,2025-06-03 08:24:40+00,KDVT,KDVT,112.71666666666667,2025-06-03 06:30:50+00,2025-06-03 08:24:44+00,2649
376,3a9fed4e,N621FB,N621FB,AS50,2025-06-03 08:03:35+00,2025-06-03 09:57:05+00,KDVT,KDVT,113.5,2025-06-03 08:01:27+00,2025-06-03 09:57:21+00,2470
1025,3aa0ef71,N622FB,N622FB,AS50,2025-06-03 13:44:40+00,2025-06-03 13:57:01+00,KDVT,KDVT,12.35,2025-06-03 13:43:45+00,2025-06-03 13:57:01+00,218
1026,3aa0fdac,N622FB,N622FB,AS50,2025-06-03 13:58:41+00,2025-06-03 14:00:54+00,KDVT,KDVT,2.216666666666667,2025-06-03 13:58:57+00,2025-06-03 14:00:54+00,40
1027,3aa1011c,N622FB,N622FB,AS50,2025-06-03 14:10:11+00,2025-06-03 14:34:53+00,KDVT,KDVT,24.7,2025-06-03 14:02:34+00,2025-06-03 14:35:03+00,505
1028,3aa120b4,N622FB,N622FB,AS50,2025-06-03 14:35:09+00,2025-06-03 14:55:30+00,KDVT,KDVT,20.35,2025-06-03 14:35:05+00,2025-06-03 14:56:27+00,407
1029,3aa17419,N622FB,N622FB,AS50,2025-06-03 16:05:39+00,2025-06-03 16:56:34+00,KDVT,KDVT,50.916666666666664,2025-06-03 16:05:38+00,2025-06-03 16:57:07+00,994
1030,3aa20ada,N622FB,N622FB,AS50,2025-06-03 19:07:49+00,2025-06-03 20:01:46+00,KDVT,KDVT,53.95,2025-06-03 19:07:06+00,2025-06-03 20:02:11+00,1109
377,3aa2b3bd,N621FB,N621FB,AS50,2025-06-03 23:12:58+00,2025-06-04 00:51:30+00,KDVT,KDVT,98.53333333333333,2025-06-03 23:12:28+00,2025-06-04 00:52:10+00,2282
378,3aa310d0,N621FB,N621FB,AS50,2025-06-04 01:47:10+00,2025-06-04 03:39:31+00,KDVT,KDVT,112.35,2025-06-04 01:46:43+00,2025-06-04 03:39:51+00,2741
1031,3aa34507,N622FB,N622FB,AS50,2025-06-04 03:32:05+00,2025-06-04 05:20:27+00,KDVT,KDVT,108.36666666666666,2025-06-04 03:31:31+00,2025-06-04 05:20:50+00,2590
379,3aa37217,N621FB,N621FB,AS50,2025-06-04 05:01:45+00,2025-06-04 06:39:57+00,KDVT,KDVT,98.2,2025-06-04 05:01:09+00,2025-06-04 06:41:02+00,2169
1032,3aa3a2c9,N622FB,N622FB,AS50,2025-06-04 06:35:42+00,2025-06-04 08:12:58+00,KDVT,KDVT,97.26666666666667,2025-06-04 06:35:07+00,2025-06-04 08:13:38+00,2255
380,3aa3d2e6,N621FB,N621FB,AS50,2025-06-04 08:01:14+00,2025-06-04 08:27:05+00,KDVT,KDVT,25.85,2025-06-04 08:00:41+00,2025-06-04 08:27:54+00,597
1033,3aa4ce46,N622FB,N622FB,AS50,2025-06-04 13:43:17+00,2025-06-04 14:43:58+00,KDVT,KDVT,60.68333333333333,2025-06-04 13:42:03+00,2025-06-04 14:44:04+00,1213
1034,3aa5b0e1,N622FB,N622FB,AS50,2025-06-04 17:57:53+00,2025-06-04 19:15:02+00,KDVT,KDVT,77.15,2025-06-04 17:58:05+00,2025-06-04 19:13:02+00,1428
3197,3aa5e1cb,N625FB,N625FB,AS50,2025-06-04 19:01:02+00,2025-06-04 19:13:51+00,KDVT,KDVT,12.816666666666666,2025-06-04 18:57:38+00,2025-06-04 19:13:51+00,209
3198,3aa5ef6d,N625FB,N625FB,AS50,2025-06-04 19:14:09+00,2025-06-04 19:22:59+00,KDVT,KDVT,8.833333333333334,2025-06-04 19:14:29+00,2025-06-04 19:22:59+00,86
3199,3aa5f72e,N625FB,N625FB,AS50,2025-06-04 19:23:13+00,2025-06-04 20:11:12+00,KDVT,KDVT,47.983333333333334,2025-06-04 19:23:32+00,2025-06-04 20:11:12+00,935
381,3aa6a224,N621FB,N621FB,AS50,2025-06-04 23:09:05+00,2025-06-05 01:02:17+00,KDVT,KDVT,113.2,2025-06-04 23:08:17+00,2025-06-05 01:02:30+00,2565
382,3aa72031,N621FB,N621FB,AS50,2025-06-05 02:27:20+00,2025-06-05 03:40:18+00,KDVT,KDVT,72.96666666666667,2025-06-05 02:25:58+00,2025-06-05 03:40:38+00,1646
3200,3aa74248,N625FB,N625FB,AS50,2025-06-05 03:31:55+00,2025-06-05 05:08:41+00,KDVT,KDVT,96.76666666666667,2025-06-05 03:30:35+00,2025-06-05 05:09:16+00,2130
383,3aa77383,N621FB,N621FB,AS50,2025-06-05 05:01:47+00,2025-06-05 06:34:51+00,KDVT,KDVT,93.06666666666666,2025-06-05 05:01:09+00,2025-06-05 06:36:07+00,2116
3201,3aa7a593,N625FB,N625FB,AS50,2025-06-05 06:31:44+00,2025-06-05 08:04:12+00,KDVT,KDVT,92.46666666666667,2025-06-05 06:31:10+00,2025-06-05 08:09:13+00,1866
385,3aa7d7c7,N621FB,N621FB,AS50,2025-06-05 08:00:19+00,2025-06-05 09:16:16+00,KDVT,KDVT,75.95,2025-06-05 07:59:14+00,2025-06-05 09:16:45+00,1580
3202,3aa90b06,N625FB,N625FB,AS50,2025-06-05 14:51:47+00,2025-06-05 15:15:02+00,KDVT,,23.25,2025-06-05 14:40:30+00,2025-06-05 15:36:23+00,460
386,3aa96745,N621FB,N621FB,AS50,2025-06-05 16:20:45+00,2025-06-05 17:13:22+00,KDVT,KDVT,52.61666666666667,2025-06-05 16:20:13+00,2025-06-05 17:13:40+00,957
1035,3aaaa78c,N622FB,N622FB,AS50,2025-06-05 23:03:41+00,2025-06-06 00:32:27+00,KDVT,KDVT,88.76666666666667,2025-06-05 23:02:30+00,2025-06-06 00:32:27+00,1863
1036,3aab1caa,N622FB,N622FB,AS50,2025-06-06 02:03:41+00,2025-06-06 03:34:57+00,KDVT,KDVT,91.26666666666667,2025-06-06 02:02:58+00,2025-06-06 03:35:01+00,1870
2432,3aab4c97,N624FB,N624FB,AS50,2025-06-06 03:31:07+00,2025-06-06 05:00:49+00,KDVT,KDVT,89.7,2025-06-06 03:29:57+00,2025-06-06 05:00:53+00,1931
3203,3aab7c91,N625FB,N625FB,AS50,2025-06-06 05:02:04+00,2025-06-06 06:35:23+00,KDVT,KDVT,93.31666666666666,2025-06-06 04:58:40+00,2025-06-06 06:37:17+00,2026
2433,3aabad73,N624FB,N624FB,AS50,2025-06-06 06:29:51+00,2025-06-06 08:08:29+00,KDVT,KDVT,98.63333333333334,2025-06-06 06:29:11+00,2025-06-06 08:12:09+00,2260
3204,3aabe0e7,N625FB,N625FB,AS50,2025-06-06 08:01:47+00,2025-06-06 09:35:06+00,KDVT,KDVT,93.31666666666666,2025-06-06 08:00:35+00,2025-06-06 09:36:01+00,2066
387,3aad5044,N621FB,N621FB,AS50,2025-06-06 15:31:23+00,2025-06-06 16:31:23+00,KDVT,KDVT,60,2025-06-06 15:30:16+00,2025-06-06 16:31:41+00,1028
1037,3aade2a9,N622FB,N622FB,AS50,2025-06-06 18:09:15+00,2025-06-06 19:15:10+00,KDVT,KDVT,65.91666666666667,2025-06-06 18:08:47+00,2025-06-06 19:15:22+00,1309
1038,3aae2818,N622FB,N622FB,AS50,2025-06-06 19:35:10+00,2025-06-06 19:51:08+00,KDVT,KDVT,15.966666666666667,2025-06-06 19:32:50+00,2025-06-06 19:49:12+00,389
388,3aae328c,N621FB,N621FB,AS50,2025-06-06 19:45:23+00,2025-06-06 20:00:44+00,KDVT,KDVT,15.35,2025-06-06 19:45:05+00,2025-06-06 20:01:11+00,331
390,3aaeb9fc,N621FB,N621FB,AS50,2025-06-06 23:02:59+00,2025-06-07 00:15:37+00,KDVT,KDVT,72.63333333333334,2025-06-06 23:02:23+00,2025-06-07 00:15:43+00,1577
391,3aaf22d3,N621FB,N621FB,AS50,2025-06-07 02:03:02+00,2025-06-07 03:21:01+00,KDVT,KDVT,77.98333333333333,2025-06-07 02:01:47+00,2025-06-07 03:21:08+00,1630
2434,3aaf4e37,N624FB,N624FB,AS50,2025-06-07 03:28:56+00,2025-06-07 05:05:39+00,KDVT,KDVT,96.71666666666667,2025-06-07 03:28:56+00,2025-06-07 05:06:12+00,2032
3205,3aaf7a3b,N625FB,N625FB,AS50,2025-06-07 05:01:53+00,2025-06-07 06:33:56+00,KDVT,KDVT,92.05,2025-06-07 05:00:50+00,2025-06-07 06:33:56+00,1768
2435,3aafa4bc,N624FB,N624FB,AS50,2025-06-07 06:30:12+00,2025-06-07 08:15:17+00,KDVT,KDVT,105.08333333333333,2025-06-07 06:29:51+00,2025-06-07 08:26:17+00,2592
3206,3aafcf21,N625FB,N625FB,AS50,2025-06-07 07:59:45+00,2025-06-07 09:37:02+00,KDVT,KDVT,97.28333333333333,2025-06-07 07:59:10+00,2025-06-07 09:41:42+00,2389
1039,3ab1041d,N622FB,N622FB,AS50,2025-06-07 15:25:15+00,2025-06-07 16:19:40+00,KDVT,KDVT,54.416666666666664,2025-06-07 15:25:12+00,2025-06-07 16:19:40+00,1006
1040,3ab18147,N622FB,N622FB,AS50,2025-06-07 18:07:13+00,2025-06-07 18:59:57+00,KDVT,KDVT,52.733333333333334,2025-06-07 18:05:56+00,2025-06-07 18:59:57+00,1157
392,3ab291b1,N621FB,N621FB,AS50,2025-06-08 02:01:07+00,2025-06-08 03:32:22+00,KDVT,KDVT,91.25,2025-06-08 02:00:35+00,2025-06-08 03:32:22+00,2058
2436,3ab2b8e6,N624FB,N624FB,AS50,2025-06-08 03:30:43+00,2025-06-08 05:05:48+00,KDVT,KDVT,95.08333333333333,2025-06-08 03:29:23+00,2025-06-08 05:05:50+00,1852
3207,3ab2e436,N625FB,N625FB,AS50,2025-06-08 05:02:26+00,2025-06-08 06:55:09+00,KDVT,KDVT,112.71666666666667,2025-06-08 05:01:33+00,2025-06-08 06:55:35+00,2650
2437,3ab30c3b,N624FB,N624FB,AS50,2025-06-08 06:29:56+00,2025-06-08 08:05:15+00,KDVT,KDVT,95.31666666666666,2025-06-08 06:29:31+00,2025-06-08 08:09:10+00,2228
3208,3ab33675,N625FB,N625FB,AS50,2025-06-08 08:00:46+00,2025-06-08 09:51:23+00,KDVT,KDVT,110.61666666666666,2025-06-08 08:00:23+00,2025-06-08 09:54:55+00,2762
967,3ab48f52,N622FB,N622FB,AS50,2025-06-08 16:13:54+00,2025-06-08 17:19:11+00,KDVT,KDVT,65.28333333333333,2025-06-08 16:13:59+00,2025-06-08 17:19:56+00,1114
321,3ab595f5,N621FB,N621FB,AS50,2025-06-08 22:51:10+00,2025-06-09 00:26:06+00,KDVT,KDVT,94.93333333333334,2025-06-08 22:50:50+00,2025-06-09 00:26:55+00,1789
323,3ab5fe89,N621FB,N621FB,AS50,2025-06-09 02:11:34+00,2025-06-09 03:38:18+00,KDVT,KDVT,86.73333333333333,2025-06-09 02:09:19+00,2025-06-09 03:38:49+00,2150
2368,3ab622fb,N624FB,N624FB,AS50,2025-06-09 03:29:49+00,2025-06-09 05:07:58+00,KDVT,KDVT,98.15,2025-06-09 03:29:09+00,2025-06-09 05:08:32+00,2320
3128,3ab64e93,N625FB,N625FB,AS50,2025-06-09 05:01:55+00,2025-06-09 06:39:05+00,KDVT,KDVT,97.16666666666667,2025-06-09 05:00:02+00,2025-06-09 06:40:30+00,2392
2369,3ab67b0a,N624FB,N624FB,AS50,2025-06-09 06:31:39+00,2025-06-09 08:18:04+00,KDVT,KDVT,106.41666666666667,2025-06-09 06:31:02+00,2025-06-09 08:18:24+00,2419
3130,3ab6ab6d,N625FB,N625FB,AS50,2025-06-09 08:00:58+00,2025-06-09 09:33:07+00,KDVT,KDVT,92.15,2025-06-09 07:59:29+00,2025-06-09 09:33:44+00,1999
969,3ab82064,N622FB,N622FB,AS50,2025-06-09 15:41:28+00,2025-06-09 16:37:20+00,KDVT,KDVT,55.86666666666667,2025-06-09 15:40:09+00,2025-06-09 16:37:54+00,879
3131,3ab892d5,N625FB,N625FB,AS50,2025-06-09 17:54:24+00,2025-06-09 18:10:10+00,KDVT,,15.766666666666667,2025-06-09 17:54:18+00,2025-06-09 18:46:55+00,628
970,3ab89fa7,N622FB,N622FB,AS50,2025-06-09 18:11:16+00,2025-06-09 18:43:22+00,KDVT,,32.1,2025-06-09 18:10:50+00,2025-06-09 20:00:21+00,1584
324,3ab96e5f,N621FB,N621FB,AS50,2025-06-09 23:13:46+00,2025-06-10 00:31:22+00,KDVT,KDVT,77.6,2025-06-09 23:13:43+00,2025-06-10 00:32:26+00,1630
325,3ab9da0c,N621FB,N621FB,AS50,2025-06-10 02:16:13+00,2025-06-10 03:37:10+00,KDVT,KDVT,80.95,2025-06-10 02:14:38+00,2025-06-10 03:37:43+00,2006
2370,3aba0119,N624FB,N624FB,AS50,2025-06-10 03:32:01+00,2025-06-10 05:15:03+00,KDVT,KDVT,103.03333333333333,2025-06-10 03:31:36+00,2025-06-10 05:15:03+00,2293
3133,3aba30dc,N625FB,N625FB,AS50,2025-06-10 05:01:41+00,2025-06-10 06:39:58+00,KDVT,KDVT,98.28333333333333,2025-06-10 05:00:59+00,2025-06-10 06:41:13+00,2166
2371,3aba61d0,N624FB,N624FB,AS50,2025-06-10 06:31:28+00,2025-06-10 08:11:10+00,KDVT,KIWA,99.7,2025-06-10 06:30:54+00,2025-06-10 08:11:15+00,2008
3135,3aba94cb,N625FB,N625FB,AS50,2025-06-10 08:02:55+00,2025-06-10 09:46:09+00,KDVT,KDVT,103.23333333333333,2025-06-10 08:01:06+00,2025-06-10 09:46:30+00,2239
2372,3aba9c66,N624FB,N624FB,AS50,2025-06-10 08:13:43+00,,KIWA,,,2025-06-10 08:13:52+00,2025-06-10 08:31:16+00,213
3136,3abbbd92,N625FB,N625FB,AS50,2025-06-10 14:24:03+00,2025-06-10 14:46:06+00,KDVT,,22.05,2025-06-10 14:21:31+00,2025-06-10 15:20:40+00,667
2373,3abc0eda,N624FB,N624FB,AS50,2025-06-10 15:46:26+00,2025-06-10 16:42:46+00,KDVT,KDVT,56.333333333333336,2025-06-10 15:45:37+00,2025-06-10 16:43:21+00,1066
2374,3abcb51d,N624FB,N624FB,AS50,2025-06-10 19:01:07+00,2025-06-10 19:51:48+00,KDVT,KDVT,50.68333333333333,2025-06-10 19:00:12+00,2025-06-10 19:52:47+00,1010
327,3abd688b,N621FB,N621FB,AS50,2025-06-10 23:04:42+00,2025-06-11 00:37:05+00,KDVT,KDVT,92.38333333333334,2025-06-10 23:04:05+00,2025-06-11 00:37:43+00,2016
328,3abdde70,N621FB,N621FB,AS50,2025-06-11 02:08:45+00,2025-06-11 03:37:36+00,KDVT,KDVT,88.85,2025-06-11 02:07:54+00,2025-06-11 03:38:16+00,2108
3138,3abe0bbc,N625FB,N625FB,AS50,2025-06-11 03:31:36+00,2025-06-11 05:04:51+00,KDVT,KDVT,93.25,2025-06-11 03:31:06+00,2025-06-11 05:05:02+00,2136
329,3abe3bac,N621FB,N621FB,AS50,2025-06-11 05:00:06+00,2025-06-11 06:01:01+00,KDVT,KDVT,60.916666666666664,2025-06-11 04:59:15+00,2025-06-11 06:02:06+00,1508
3139,3abe6f81,N625FB,N625FB,AS50,2025-06-11 06:35:24+00,2025-06-11 08:05:00+00,KDVT,KDVT,89.6,2025-06-11 06:34:14+00,2025-06-11 08:05:23+00,2092
971,3abea4c5,N622FB,N622FB,AS50,2025-06-11 08:02:35+00,2025-06-11 09:28:52+00,KDVT,KDVT,86.28333333333333,2025-06-11 08:00:36+00,2025-06-11 09:29:20+00,1786
972,3ac01b30,N622FB,N622FB,AS50,2025-06-11 15:00:16+00,,KDVT,,,2025-06-11 14:59:25+00,2025-06-11 16:14:14+00,1327
974,3ac0d319,N622FB,N622FB,AS50,2025-06-11 18:01:56+00,2025-06-11 19:13:46+00,KDVT,KDVT,71.83333333333333,2025-06-11 18:01:59+00,2025-06-11 19:13:46+00,1382
331,3ac1c303,N621FB,N621FB,AS50,2025-06-11 22:57:50+00,2025-06-12 00:40:20+00,KDVT,KDVT,102.5,2025-06-11 22:57:20+00,2025-06-12 00:46:15+00,2326
332,3ac2374e,N621FB,N621FB,AS50,2025-06-12 01:54:31+00,2025-06-12 03:25:34+00,KDVT,KDVT,91.05,2025-06-12 01:54:24+00,2025-06-12 03:25:41+00,2205
975,3ac26a5f,N622FB,N622FB,AS50,2025-06-12 03:28:09+00,2025-06-12 05:08:56+00,KDVT,KDVT,100.78333333333333,2025-06-12 03:26:57+00,2025-06-12 05:09:27+00,2162
333,3ac2a0d1,N621FB,N621FB,AS50,2025-06-12 05:02:21+00,2025-06-12 06:36:00+00,KDVT,KDVT,93.65,2025-06-12 05:01:46+00,2025-06-12 06:36:15+00,2251
976,3ac2d526,N622FB,N622FB,AS50,2025-06-12 06:32:14+00,2025-06-12 08:10:42+00,KDVT,KDVT,98.46666666666667,2025-06-12 06:31:48+00,2025-06-12 08:11:20+00,1928
334,3ac30a9e,N621FB,N621FB,AS50,2025-06-12 07:59:18+00,2025-06-12 09:26:07+00,KDVT,KDVT,86.81666666666666,2025-06-12 07:58:45+00,2025-06-12 09:26:57+00,1891
3140,3ac51ef4,N625FB,N625FB,AS50,2025-06-12 18:03:00+00,2025-06-12 19:24:54+00,KDVT,KDVT,81.9,2025-06-12 18:02:48+00,2025-06-12 19:25:29+00,1433
977,3ac600b7,N622FB,N622FB,AS50,2025-06-12 22:59:42+00,2025-06-13 00:23:50+00,KDVT,KDVT,84.13333333333334,2025-06-12 22:59:06+00,2025-06-13 00:24:21+00,1958
978,3ac673f0,N622FB,N622FB,AS50,2025-06-13 02:00:10+00,2025-06-13 03:39:44+00,KDVT,KDVT,99.56666666666666,2025-06-13 01:59:43+00,2025-06-13 03:39:55+00,2304
335,3ac6a4e4,N621FB,N621FB,AS50,2025-06-13 03:30:37+00,2025-06-13 05:22:32+00,KDVT,KDVT,111.91666666666667,2025-06-13 03:29:45+00,2025-06-13 05:23:01+00,2464
979,3ac6d465,N622FB,N622FB,AS50,2025-06-13 04:57:48+00,2025-06-13 06:38:16+00,KDVT,KDVT,100.46666666666667,2025-06-13 04:57:24+00,2025-06-13 06:39:00+00,2232
336,3ac70860,N621FB,N621FB,AS50,2025-06-13 06:33:43+00,2025-06-13 08:18:50+00,KDVT,KDVT,105.11666666666666,2025-06-13 06:33:23+00,2025-06-13 08:19:06+00,2374
980,3ac73981,N622FB,N622FB,AS50,2025-06-13 07:58:34+00,2025-06-13 09:29:24+00,KDVT,KDVT,90.83333333333333,2025-06-13 07:58:17+00,2025-06-13 09:29:57+00,2073
981,3ac7db29,N622FB,N622FB,AS50,2025-06-13 11:36:46+00,2025-06-13 12:50:37+00,KDVT,KDVT,73.85,2025-06-13 11:36:27+00,2025-06-13 12:50:49+00,1870
337,3ac816d6,N621FB,N621FB,AS50,2025-06-13 12:42:51+00,2025-06-13 13:47:45+00,KDVT,KDVT,64.9,2025-06-13 12:42:27+00,2025-06-13 13:47:45+00,1284
2375,3ac909eb,N624FB,N624FB,AS50,2025-06-13 16:50:54+00,2025-06-13 17:19:56+00,KDVT,KDVT,29.033333333333335,2025-06-13 16:45:50+00,2025-06-13 17:20:00+00,421
338,3ac94fd9,N621FB,N621FB,AS50,2025-06-13 18:04:18+00,2025-06-13 19:01:50+00,KDVT,KDVT,57.53333333333333,2025-06-13 18:03:05+00,2025-06-13 19:01:58+00,1004
982,3aca248b,N622FB,N622FB,AS50,2025-06-13 22:59:40+00,2025-06-13 23:53:14+00,KDVT,KGYR,53.56666666666667,2025-06-13 22:59:06+00,2025-06-14 00:23:08+00,1814
983,3aca8f72,N622FB,N622FB,AS50,2025-06-14 02:04:14+00,,KDVT,,,2025-06-14 02:03:19+00,2025-06-14 02:17:00+00,268
984,3aca9636,N622FB,N622FB,AS50,2025-06-14 02:16:20+00,2025-06-14 03:35:34+00,KGEU,KDVT,79.23333333333333,2025-06-14 02:17:03+00,2025-06-14 03:36:11+00,1871
3141,3acab951,N625FB,N625FB,AS50,2025-06-14 03:31:41+00,2025-06-14 05:04:06+00,KDVT,KDVT,92.41666666666667,2025-06-14 03:31:18+00,2025-06-14 05:04:27+00,1897
2376,3acae49f,N624FB,N624FB,AS50,2025-06-14 04:59:09+00,2025-06-14 06:36:20+00,KDVT,KDVT,97.18333333333334,2025-06-14 04:58:39+00,2025-06-14 06:37:01+00,2562
3142,3acb11f5,N625FB,N625FB,AS50,2025-06-14 06:31:15+00,2025-06-14 08:29:14+00,KDVT,KDVT,117.98333333333333,2025-06-14 06:31:04+00,2025-06-14 08:29:30+00,2251
2377,3acb43b6,N624FB,N624FB,AS50,2025-06-14 08:01:34+00,2025-06-14 09:39:39+00,KDVT,KDVT,98.08333333333333,2025-06-14 08:01:06+00,2025-06-14 09:40:36+00,2127
985,3acc32d4,N622FB,N622FB,AS50,2025-06-14 13:37:10+00,2025-06-14 13:53:53+00,KDVT,KCHD,16.716666666666665,2025-06-14 13:36:37+00,2025-06-14 13:54:42+00,275
986,3acc6d10,N622FB,N622FB,AS50,2025-06-14 14:44:38+00,2025-06-14 15:52:08+00,KCHD,KDVT,67.5,2025-06-14 14:43:46+00,2025-06-14 15:50:18+00,1281
987,3acd144a,N622FB,N622FB,AS50,2025-06-14 18:14:02+00,2025-06-14 19:08:07+00,KDVT,KDVT,54.083333333333336,2025-06-14 18:12:59+00,2025-06-14 19:12:52+00,1139
2378,3acdb62b,N624FB,N624FB,AS50,2025-06-14 22:54:06+00,2025-06-15 00:19:24+00,KDVT,KDVT,85.3,2025-06-14 22:53:37+00,2025-06-15 00:21:18+00,2055
2379,3ace1597,N624FB,N624FB,AS50,2025-06-15 02:02:57+00,2025-06-15 03:06:00+00,KDVT,KDVT,63.05,2025-06-15 02:02:29+00,2025-06-15 03:06:29+00,1551
339,3ace3abf,N621FB,N621FB,AS50,2025-06-15 03:29:05+00,2025-06-15 05:15:36+00,KDVT,KDVT,106.51666666666667,2025-06-15 03:27:22+00,2025-06-15 05:20:46+00,2753
3143,3ace64e6,N625FB,N625FB,AS50,2025-06-15 04:59:13+00,2025-06-15 06:40:13+00,KDVT,KDVT,101,2025-06-15 04:57:57+00,2025-06-15 06:41:13+00,2435
340,3ace8fc8,N621FB,N621FB,AS50,2025-06-15 06:32:22+00,2025-06-15 07:15:24+00,KDVT,KGEU,43.03333333333333,2025-06-15 06:31:53+00,2025-06-15 07:16:06+00,839
341,3acea5dd,N621FB,N621FB,AS50,2025-06-15 07:18:48+00,2025-06-15 07:54:46+00,KGEU,KDVT,35.96666666666667,2025-06-15 07:18:54+00,2025-06-15 07:54:51+00,816
342,3aceb882,N621FB,N621FB,AS50,2025-06-15 07:55:01+00,2025-06-15 07:58:17+00,KDVT,KDVT,3.2666666666666666,2025-06-15 07:54:54+00,2025-06-15 07:58:17+00,72
343,3aceba57,N621FB,N621FB,AS50,2025-06-15 07:58:28+00,2025-06-15 08:10:14+00,KDVT,KDVT,11.766666666666667,2025-06-15 07:58:19+00,2025-06-15 08:10:14+00,133
3144,3acebbd0,N625FB,N625FB,AS50,2025-06-15 08:01:16+00,2025-06-15 10:29:19+00,KDVT,KDVT,148.05,2025-06-15 08:00:53+00,2025-06-15 10:29:37+00,3510
344,3acf0302,N621FB,N621FB,AS50,2025-06-15 10:04:04+00,2025-06-15 11:34:18+00,KDVT,KDVT,90.23333333333333,2025-06-15 10:03:50+00,2025-06-15 11:35:11+00,2104
988,3ad0038b,N622FB,N622FB,AS50,2025-06-15 15:50:24+00,2025-06-15 16:56:40+00,KDVT,KDVT,66.26666666666667,2025-06-15 15:49:53+00,2025-06-15 16:57:25+00,1224
989,3ad09410,N622FB,N622FB,AS50,2025-06-15 19:11:29+00,2025-06-15 19:57:13+00,KDVT,KDVT,45.733333333333334,2025-06-15 19:10:27+00,2025-06-15 19:58:01+00,963
2380,3ad121c7,N624FB,N624FB,AS50,2025-06-15 23:13:50+00,2025-06-16 01:29:04+00,KDVT,KDVT,135.23333333333332,2025-06-15 23:13:20+00,2025-06-16 01:29:13+00,2999
2381,3ad18fa0,N624FB,N624FB,AS50,2025-06-16 02:43:51+00,2025-06-16 03:56:03+00,KDVT,KGEU,72.2,2025-06-16 02:42:49+00,2025-06-16 03:56:27+00,1565
346,3ad1a613,N621FB,N621FB,AS50,2025-06-16 03:31:06+00,2025-06-16 05:07:45+00,KDVT,KDVT,96.65,2025-06-16 03:30:53+00,2025-06-16 05:07:45+00,2103
2382,3ad1b1fb,N624FB,N624FB,AS50,2025-06-16 03:56:24+00,,KGEU,,,2025-06-16 03:56:33+00,2025-06-16 03:59:14+00,52
2383,3ad1b361,N624FB,N624FB,AS50,2025-06-16 03:59:09+00,2025-06-16 04:08:05+00,KGEU,KDVT,8.933333333333334,2025-06-16 03:59:19+00,2025-06-16 04:08:05+00,134
3145,3ad1d13f,N625FB,N625FB,AS50,2025-06-16 05:01:04+00,2025-06-16 06:39:52+00,KDVT,KDVT,98.8,2025-06-16 04:58:36+00,2025-06-16 06:42:52+00,2013
347,3ad2011f,N621FB,N621FB,AS50,2025-06-16 06:31:12+00,2025-06-16 08:11:36+00,KDVT,KDVT,100.4,2025-06-16 06:31:26+00,2025-06-16 08:11:49+00,1932
3147,3ad230e6,N625FB,N625FB,AS50,2025-06-16 08:00:06+00,2025-06-16 09:25:52+00,KDVT,KDVT,85.76666666666667,2025-06-16 07:58:35+00,2025-06-16 09:26:49+00,1987
3148,3ad273bc,N625FB,N625FB,AS50,2025-06-16 09:50:53+00,2025-06-16 10:35:58+00,KDVT,KDVT,45.083333333333336,2025-06-16 09:50:39+00,2025-06-16 10:36:46+00,736
3149,3ad3033b,N625FB,N625FB,AS50,2025-06-16 12:55:57+00,,KDVT,,,2025-06-16 12:55:29+00,2025-06-16 13:07:31+00,266
3150,3ad30e88,N625FB,N625FB,AS50,2025-06-16 13:06:28+00,,KDVT,,,2025-06-16 13:07:32+00,2025-06-16 13:11:58+00,82
3151,3ad312c1,N625FB,N625FB,AS50,2025-06-16 13:10:53+00,2025-06-16 13:41:30+00,,KDVT,30.616666666666667,2025-06-16 13:11:59+00,2025-06-16 13:42:25+00,667
3152,3ad33005,N625FB,N625FB,AS50,2025-06-16 13:42:41+00,2025-06-16 13:52:52+00,,KDVT,10.183333333333334,2025-06-16 13:43:54+00,2025-06-16 13:52:52+00,145
348,3ad3a3bf,N621FB,N621FB,AS50,2025-06-16 15:42:39+00,2025-06-16 16:41:07+00,KDVT,KDVT,58.46666666666667,2025-06-16 15:42:13+00,2025-06-16 16:42:13+00,1042
990,3ad3c3f0,N622FB,N622FB,AS50,2025-06-16 16:17:58+00,2025-06-16 16:33:06+00,KDVT,KFFZ,15.133333333333333,2025-06-16 16:17:32+00,2025-06-16 16:33:30+00,231
349,3ad41d4f,N621FB,N621FB,AS50,2025-06-16 18:00:59+00,2025-06-16 18:18:47+00,KDVT,,17.8,2025-06-16 18:00:39+00,2025-06-16 20:10:31+00,477
991,3ad42019,N622FB,N622FB,AS50,2025-06-16 18:04:08+00,2025-06-16 18:59:16+00,KFFZ,KDVT,55.13333333333333,2025-06-16 18:04:07+00,2025-06-16 18:59:24+00,732
992,3ad47aa1,N622FB,N622FB,AS50,2025-06-16 20:03:49+00,2025-06-16 20:59:17+00,KDVT,KDVT,55.46666666666667,2025-06-16 20:02:44+00,2025-06-16 21:00:37+00,1036
2384,3ad4ed6b,N624FB,N624FB,AS50,2025-06-16 22:51:29+00,2025-06-17 00:27:25+00,KDVT,KDVT,95.93333333333334,2025-06-16 22:51:31+00,2025-06-17 00:27:55+00,2287
2385,3ad567da,N624FB,N624FB,AS50,2025-06-17 02:11:23+00,2025-06-17 03:50:11+00,KDVT,KDVT,98.8,2025-06-17 02:10:33+00,2025-06-17 03:50:31+00,2516
993,3ad59357,N622FB,N622FB,AS50,2025-06-17 03:32:08+00,2025-06-17 05:02:18+00,KDVT,KDVT,90.16666666666667,2025-06-17 03:31:47+00,2025-06-17 05:03:01+00,2205
3153,3ad5c1f1,N625FB,N625FB,AS50,2025-06-17 04:59:56+00,2025-06-17 06:41:07+00,KDVT,KDVT,101.18333333333334,2025-06-17 04:58:54+00,2025-06-17 06:42:58+00,2279
994,3ad5f3f5,N622FB,N622FB,AS50,2025-06-17 06:31:33+00,2025-06-17 08:15:08+00,KDVT,KDVT,103.58333333333333,2025-06-17 06:31:14+00,2025-06-17 08:16:24+00,2252
3154,3ad62843,N625FB,N625FB,AS50,2025-06-17 08:01:51+00,2025-06-17 09:39:26+00,KDVT,KDVT,97.58333333333333,2025-06-17 08:00:35+00,2025-06-17 09:41:40+00,2287
2386,3ad70212,N624FB,N624FB,AS50,2025-06-17 12:59:49+00,2025-06-17 13:09:05+00,KDVT,KDVT,9.266666666666667,2025-06-17 12:58:45+00,2025-06-17 13:09:05+00,212
2387,3ad70d5f,N624FB,N624FB,AS50,2025-06-17 13:09:47+00,2025-06-17 13:13:25+00,,KDVT,3.6333333333333333,2025-06-17 13:10:57+00,2025-06-17 13:13:25+00,49
2389,3ad713ff,N624FB,N624FB,AS50,2025-06-17 13:17:04+00,2025-06-17 13:52:59+00,,KDVT,35.916666666666664,2025-06-17 13:18:12+00,2025-06-17 13:53:53+00,741
2391,3ad78323,N624FB,N624FB,AS50,2025-06-17 15:10:38+00,2025-06-17 16:33:00+00,KDVT,KDVT,82.36666666666666,2025-06-17 15:10:26+00,2025-06-17 16:33:11+00,1470
2392,3ad841f6,N624FB,N624FB,AS50,2025-06-17 18:40:45+00,2025-06-17 18:59:23+00,KDVT,KDVT,18.633333333333333,2025-06-17 18:40:37+00,2025-06-17 18:59:23+00,389
350,3ad85fe9,N621FB,N621FB,AS50,2025-06-17 19:19:27+00,2025-06-17 19:57:15+00,KDVT,KDVT,37.8,2025-06-17 19:19:36+00,2025-06-17 19:57:15+00,821
3155,3ad8fc4a,N625FB,N625FB,AS50,2025-06-17 23:11:46+00,2025-06-18 00:39:49+00,KDVT,KDVT,88.05,2025-06-17 23:11:53+00,2025-06-18 00:40:33+00,2197
3156,3ad97799,N625FB,N625FB,AS50,2025-06-18 02:37:59+00,2025-06-18 03:50:57+00,KDVT,KDVT,72.96666666666667,2025-06-18 02:37:08+00,2025-06-18 03:51:31+00,1648
351,3ad99326,N621FB,N621FB,AS50,2025-06-18 03:31:19+00,2025-06-18 04:47:48+00,KDVT,,76.48333333333333,2025-06-18 03:30:40+00,2025-06-18 05:03:12+00,1605
3157,3ad9c2f1,N625FB,N625FB,AS50,2025-06-18 04:59:23+00,2025-06-18 06:42:18+00,KDVT,KDVT,102.91666666666667,2025-06-18 04:58:47+00,2025-06-18 06:43:53+00,2334
352,3ad9f64f,N621FB,N621FB,AS50,2025-06-18 06:30:57+00,2025-06-18 08:03:54+00,KDVT,KDVT,92.95,2025-06-18 06:30:08+00,2025-06-18 08:04:16+00,2254
3159,3ada2b9e,N625FB,N625FB,AS50,2025-06-18 07:59:57+00,2025-06-18 09:52:14+00,KDVT,KDVT,112.28333333333333,2025-06-18 07:58:09+00,2025-06-18 09:52:46+00,2869
2393,3adb1507,N624FB,N624FB,AS50,2025-06-18 13:03:06+00,2025-06-18 14:22:18+00,KDVT,KDVT,79.2,2025-06-18 13:00:59+00,2025-06-18 14:27:58+00,663
2394,3adb9a80,N624FB,N624FB,AS50,2025-06-18 15:16:37+00,2025-06-18 16:16:26+00,KDVT,KDVT,59.81666666666667,2025-06-18 15:16:37+00,2025-06-18 16:16:34+00,1047
2395,3adc4901,N624FB,N624FB,AS50,2025-06-18 18:28:57+00,2025-06-18 19:32:18+00,KDVT,KDVT,63.35,2025-06-18 18:27:28+00,2025-06-18 19:32:26+00,1277
3160,3add14be,N625FB,N625FB,AS50,2025-06-18 23:14:34+00,2025-06-19 00:32:45+00,KDVT,KDVT,78.18333333333334,2025-06-18 23:13:23+00,2025-06-19 00:33:46+00,1578
3161,3add7f4b,N625FB,N625FB,AS50,2025-06-19 02:08:47+00,2025-06-19 03:39:58+00,KDVT,KDVT,91.18333333333334,2025-06-19 02:07:28+00,2025-06-19 03:40:50+00,2166
995,3addad0b,N622FB,N622FB,AS50,2025-06-19 03:34:25+00,2025-06-19 05:05:12+00,KDVT,KDVT,90.78333333333333,2025-06-19 03:34:10+00,2025-06-19 05:05:22+00,2235
3162,3adddb33,N625FB,N625FB,AS50,2025-06-19 04:59:24+00,2025-06-19 06:40:13+00,KDVT,KDVT,100.81666666666666,2025-06-19 04:58:47+00,2025-06-19 06:40:59+00,2208
996,3ade0cda,N622FB,N622FB,AS50,2025-06-19 06:36:45+00,2025-06-19 08:01:44+00,KDVT,KDVT,84.98333333333333,2025-06-19 06:31:12+00,2025-06-19 08:02:21+00,2015
3164,3ade4160,N625FB,N625FB,AS50,2025-06-19 07:59:27+00,2025-06-19 09:38:32+00,KDVT,KDVT,99.08333333333333,2025-06-19 07:57:49+00,2025-06-19 09:39:27+00,2124
3165,3adf9663,N625FB,N625FB,AS50,2025-06-19 14:45:38+00,2025-06-19 15:33:29+00,KDVT,KSEZ,47.85,2025-06-19 14:44:30+00,2025-06-19 15:27:16+00,232
2396,3adfa9b1,N624FB,N624FB,AS50,2025-06-19 15:05:09+00,2025-06-19 16:00:54+00,KDVT,KDVT,55.75,2025-06-19 15:03:23+00,2025-06-19 15:58:56+00,920
3166,3ae006a9,N625FB,N625FB,AS50,2025-06-19 16:38:22+00,2025-06-19 17:21:18+00,KSEZ,KDVT,42.93333333333333,2025-06-19 16:38:30+00,2025-06-19 17:23:00+00,294
2397,3ae05b59,N624FB,N624FB,AS50,2025-06-19 18:13:47+00,,KDVT,,,2025-06-19 18:13:06+00,2025-06-19 19:09:32+00,974
997,3ae19b33,N622FB,N622FB,AS50,2025-06-20 02:01:19+00,2025-06-20 03:28:50+00,KDVT,KDVT,87.51666666666667,2025-06-20 02:00:43+00,2025-06-20 03:29:13+00,1918
2398,3ae1cb36,N624FB,N624FB,AS50,2025-06-20 03:31:18+00,2025-06-20 05:06:19+00,KDVT,KDVT,95.01666666666667,2025-06-20 03:30:24+00,2025-06-20 05:07:03+00,2434
998,3ae1fba9,N622FB,N622FB,AS50,2025-06-20 05:00:59+00,2025-06-20 06:50:02+00,KDVT,KDVT,109.05,2025-06-20 05:00:14+00,2025-06-20 06:50:22+00,2674
2399,3ae22b8c,N624FB,N624FB,AS50,2025-06-20 06:29:56+00,2025-06-20 08:06:26+00,KDVT,KDVT,96.5,2025-06-20 06:29:05+00,2025-06-20 08:07:07+00,2041
999,3ae262ef,N622FB,N622FB,AS50,2025-06-20 08:00:44+00,2025-06-20 09:38:07+00,KDVT,KDVT,97.38333333333334,2025-06-20 08:00:34+00,2025-06-20 09:39:06+00,2282
1000,3ae3d4c5,N622FB,N622FB,AS50,2025-06-20 15:10:31+00,2025-06-20 16:03:32+00,KDVT,KDVT,53.016666666666666,2025-06-20 15:10:05+00,2025-06-20 16:03:52+00,892
1001,3ae45a7f,N622FB,N622FB,AS50,2025-06-20 17:31:38+00,,KDVT,,,2025-06-20 17:31:42+00,2025-06-20 19:12:34+00,1514
353,3ae54fb9,N621FB,N621FB,AS50,2025-06-20 23:04:35+00,2025-06-21 00:19:08+00,KDVT,KDVT,74.55,2025-06-20 23:04:01+00,2025-06-21 00:19:59+00,1790
354,3ae5bdbb,N621FB,N621FB,AS50,2025-06-21 02:05:31+00,2025-06-21 03:26:38+00,KDVT,KDVT,81.11666666666666,2025-06-21 02:04:39+00,2025-06-21 03:27:07+00,1748
1002,3ae5e80f,N622FB,N622FB,AS50,2025-06-21 03:29:21+00,2025-06-21 05:02:07+00,KDVT,KDVT,92.76666666666667,2025-06-21 03:28:54+00,2025-06-21 05:02:30+00,2216
2400,3ae615b2,N624FB,N624FB,AS50,2025-06-21 04:55:02+00,2025-06-21 06:50:27+00,KDVT,KDVT,115.41666666666667,2025-06-21 04:54:38+00,2025-06-21 06:51:04+00,2648
1003,3ae6465f,N622FB,N622FB,AS50,2025-06-21 06:30:35+00,2025-06-21 08:18:58+00,KDVT,KDVT,108.38333333333334,2025-06-21 06:30:05+00,2025-06-21 08:19:22+00,2285
2401,3ae67b10,N624FB,N624FB,AS50,2025-06-21 08:02:18+00,2025-06-21 10:20:16+00,KDVT,KDVT,137.96666666666667,2025-06-21 08:02:04+00,2025-06-21 10:20:48+00,2811
2402,3ae7f452,N624FB,N624FB,AS50,2025-06-21 15:30:43+00,2025-06-21 15:54:27+00,KDVT,KDVT,23.733333333333334,2025-06-21 15:29:44+00,2025-06-21 16:28:51+00,703
2404,3ae872fd,N624FB,N624FB,AS50,2025-06-21 18:03:30+00,2025-06-21 19:00:18+00,KDVT,KDVT,56.8,2025-06-21 18:03:28+00,2025-06-21 19:00:18+00,1247
355,3ae92b79,N621FB,N621FB,AS50,2025-06-21 23:05:14+00,2025-06-21 23:47:55+00,KDVT,,42.68333333333333,2025-06-21 23:04:40+00,2025-06-22 00:23:47+00,1707
356,3ae98ba8,N621FB,N621FB,AS50,2025-06-22 02:03:25+00,2025-06-22 03:38:35+00,KDVT,KDVT,95.16666666666667,2025-06-22 02:02:55+00,2025-06-22 03:38:57+00,2095
3167,3ae9b3d5,N625FB,N625FB,AS50,2025-06-22 03:30:54+00,2025-06-22 05:00:37+00,KDVT,KDVT,89.71666666666667,2025-06-22 03:30:17+00,2025-06-22 05:01:21+00,1931
1004,3ae9ddda,N622FB,N622FB,AS50,2025-06-22 04:57:36+00,2025-06-22 06:39:51+00,KDVT,KDVT,102.25,2025-06-22 04:57:14+00,2025-06-22 06:40:26+00,2345
3168,3aea0a01,N625FB,N625FB,AS50,2025-06-22 06:30:07+00,2025-06-22 08:30:26+00,KDVT,KDVT,120.31666666666666,2025-06-22 06:29:19+00,2025-06-22 08:31:02+00,3043
1005,3aea3a0f,N622FB,N622FB,AS50,2025-06-22 07:57:46+00,2025-06-22 09:41:54+00,KDVT,KDVT,104.13333333333334,2025-06-22 07:57:20+00,2025-06-22 09:42:11+00,2616
933,3aeb529a,N622FB,N622FB,AS50,2025-06-22 14:21:56+00,2025-06-22 15:21:51+00,KDVT,KDVT,59.916666666666664,2025-06-22 14:21:40+00,2025-06-22 15:22:21+00,1123
934,3aec3600,N622FB,N622FB,AS50,2025-06-22 18:59:10+00,2025-06-22 19:23:57+00,KDVT,KGYR,24.783333333333335,2025-06-22 18:58:20+00,2025-06-22 19:57:23+00,1036
3096,3aece088,N625FB,N625FB,AS50,2025-06-22 23:14:58+00,2025-06-23 01:04:58+00,KDVT,KDVT,110,2025-06-22 23:14:07+00,2025-06-23 01:06:11+00,2613
3097,3aed523f,N625FB,N625FB,AS50,2025-06-23 02:34:14+00,2025-06-23 03:44:05+00,KDVT,KDVT,69.85,2025-06-23 02:33:09+00,2025-06-23 03:45:04+00,1296
274,3aed6fad,N621FB,N621FB,AS50,2025-06-23 03:33:25+00,2025-06-23 05:05:49+00,KDVT,KDVT,92.4,2025-06-23 03:32:59+00,2025-06-23 05:07:00+00,2058
3098,3aed9d7a,N625FB,N625FB,AS50,2025-06-23 04:59:32+00,2025-06-23 06:39:58+00,KDVT,KDVT,100.43333333333334,2025-06-23 04:59:01+00,2025-06-23 06:40:36+00,2188
275,3aedcfd5,N621FB,N621FB,AS50,2025-06-23 06:33:07+00,2025-06-23 08:00:28+00,KDVT,KDVT,87.35,2025-06-23 06:32:32+00,2025-06-23 08:00:28+00,1958
3099,3aee0268,N625FB,N625FB,AS50,2025-06-23 08:02:01+00,2025-06-23 09:39:41+00,KDVT,KDVT,97.66666666666667,2025-06-23 08:01:21+00,2025-06-23 09:40:36+00,2268
276,3aeecd14,N621FB,N621FB,AS50,2025-06-23 12:46:40+00,2025-06-23 14:05:50+00,KDVT,KDVT,79.16666666666667,2025-06-23 12:45:59+00,2025-06-23 14:07:37+00,1503
2321,3aeff1c0,N624FB,N624FB,AS50,2025-06-23 17:54:22+00,2025-06-23 18:59:30+00,KDVT,KDVT,65.13333333333334,2025-06-23 17:53:51+00,2025-06-23 19:00:24+00,1129
3100,3af0e7bd,N625FB,N625FB,AS50,2025-06-23 23:12:57+00,2025-06-24 00:51:00+00,KDVT,KDVT,98.05,2025-06-23 23:12:24+00,2025-06-24 00:51:36+00,2239
3101,3af1607e,N625FB,N625FB,AS50,2025-06-24 02:19:28+00,2025-06-24 03:50:33+00,KDVT,KDVT,91.08333333333333,2025-06-24 02:18:48+00,2025-06-24 03:51:06+00,2118
935,3af1b7e0,N622FB,N622FB,AS50,2025-06-24 05:00:45+00,2025-06-24 06:42:54+00,KDVT,KDVT,102.15,2025-06-24 05:00:13+00,2025-06-24 06:44:26+00,2467
937,3af21e79,N622FB,N622FB,AS50,2025-06-24 07:59:15+00,2025-06-24 09:28:19+00,KDVT,KDVT,89.06666666666666,2025-06-24 07:58:24+00,2025-06-24 09:29:07+00,1945
2322,3af2f723,N624FB,N624FB,AS50,2025-06-24 12:47:23+00,,KDVT,,,2025-06-24 12:46:34+00,2025-06-24 12:54:58+00,149
2323,3af2ff5c,N624FB,N624FB,AS50,2025-06-24 12:54:53+00,2025-06-24 13:37:29+00,KDVT,KDVT,42.6,2025-06-24 12:55:00+00,2025-06-24 13:40:58+00,885
2324,3af32e67,N624FB,N624FB,AS50,2025-06-24 13:40:50+00,2025-06-24 13:46:29+00,KDVT,KDVT,5.65,2025-06-24 13:41:02+00,2025-06-24 13:44:41+00,71
2325,3af3326a,N624FB,N624FB,AS50,2025-06-24 15:06:22+00,2025-06-24 16:02:16+00,KDVT,KDVT,55.9,2025-06-24 13:44:44+00,2025-06-24 16:02:16+00,940
2327,3af45610,N624FB,N624FB,AS50,2025-06-24 18:49:03+00,2025-06-24 19:59:33+00,KDVT,KDVT,70.5,2025-06-24 18:49:08+00,2025-06-24 19:59:55+00,1605
3102,3af51890,N625FB,N625FB,AS50,2025-06-24 23:13:56+00,2025-06-25 00:47:23+00,KDVT,KDVT,93.45,2025-06-24 23:13:27+00,2025-06-25 00:48:10+00,2049
3103,3af59240,N625FB,N625FB,AS50,2025-06-25 02:28:55+00,2025-06-25 03:46:56+00,KDVT,KDVT,78.01666666666667,2025-06-25 02:27:31+00,2025-06-25 03:47:43+00,1849
938,3af5b3d7,N622FB,N622FB,AS50,2025-06-25 03:34:04+00,2025-06-25 05:02:37+00,KDVT,KDVT,88.55,2025-06-25 03:33:20+00,2025-06-25 05:02:42+00,1885
278,3af5e0a8,N621FB,N621FB,AS50,2025-06-25 04:58:01+00,2025-06-25 06:37:11+00,KDVT,KDVT,99.16666666666667,2025-06-25 04:57:27+00,2025-06-25 06:38:17+00,2236
939,3af61411,N622FB,N622FB,AS50,2025-06-25 06:32:21+00,2025-06-25 08:10:55+00,KDVT,KDVT,98.56666666666666,2025-06-25 06:32:16+00,2025-06-25 08:14:42+00,1752
280,3af64561,N621FB,N621FB,AS50,2025-06-25 07:59:58+00,2025-06-25 09:25:15+00,KDVT,KDVT,85.28333333333333,2025-06-25 07:59:23+00,2025-06-25 09:26:09+00,1780
3105,3af7cb4c,N625FB,N625FB,AS50,2025-06-25 15:43:26+00,2025-06-25 16:54:33+00,KDVT,KDVT,71.11666666666666,2025-06-25 15:42:47+00,2025-06-25 16:54:33+00,1193
3106,3af80dc1,N625FB,N625FB,AS50,2025-06-25 18:09:03+00,2025-06-25 19:16:24+00,KDVT,KDVT,67.35,2025-06-25 16:54:38+00,2025-06-25 19:16:24+00,1155
281,3af9032b,N621FB,N621FB,AS50,2025-06-25 22:02:27+00,2025-06-25 22:10:17+00,KDVT,KDVT,7.833333333333333,2025-06-25 22:01:48+00,2025-06-25 22:10:17+00,138
282,3af90910,N621FB,N621FB,AS50,2025-06-25 22:09:32+00,2025-06-25 22:27:06+00,,KDVT,17.566666666666666,2025-06-25 22:10:48+00,2025-06-25 23:31:25+00,1414
940,3af98e49,N622FB,N622FB,AS50,2025-06-26 01:43:41+00,2025-06-26 01:57:33+00,KDVT,KDVT,13.866666666666667,2025-06-26 01:42:33+00,2025-06-26 02:01:17+00,225
941,3af999a3,N622FB,N622FB,AS50,2025-06-26 02:01:46+00,2025-06-26 02:29:25+00,,KPHX,27.65,2025-06-26 02:02:58+00,2025-06-26 03:07:45+00,1028
942,3af9bc9b,N622FB,N622FB,AS50,2025-06-26 03:07:43+00,2025-06-26 03:13:10+00,KDVT,KDVT,5.45,2025-06-26 03:07:47+00,2025-06-26 03:13:10+00,112
944,3af9c04c,N622FB,N622FB,AS50,2025-06-26 03:15:13+00,2025-06-26 03:16:47+00,KDVT,KDVT,1.5666666666666667,2025-06-26 03:15:09+00,2025-06-26 03:16:47+00,32
945,3af9c133,N622FB,N622FB,AS50,2025-06-26 03:15:54+00,2025-06-26 03:18:51+00,KDVT,KDVT,2.95,2025-06-26 03:16:49+00,2025-06-26 03:18:51+00,40
947,3af9c300,N622FB,N622FB,AS50,2025-06-26 03:20:36+00,2025-06-26 03:23:33+00,KDVT,KDVT,2.95,2025-06-26 03:20:32+00,2025-06-26 03:23:33+00,61
948,3af9c467,N622FB,N622FB,AS50,2025-06-26 03:23:37+00,2025-06-26 03:30:49+00,KDVT,KDVT,7.2,2025-06-26 03:23:35+00,2025-06-26 03:30:49+00,102
949,3af9c83f,N622FB,N622FB,AS50,2025-06-26 03:30:57+00,2025-06-26 03:35:50+00,KDVT,KDVT,4.883333333333334,2025-06-26 03:30:53+00,2025-06-26 03:35:50+00,73
283,3af9d472,N621FB,N621FB,AS50,2025-06-26 03:55:52+00,2025-06-26 05:05:04+00,KDVT,KDVT,69.2,2025-06-26 03:54:52+00,2025-06-26 05:05:21+00,1603
2328,3af9f6ee,N624FB,N624FB,AS50,2025-06-26 04:58:55+00,2025-06-26 06:37:43+00,KDVT,KDVT,98.8,2025-06-26 04:58:28+00,2025-06-26 06:37:47+00,2305
284,3afa2944,N621FB,N621FB,AS50,2025-06-26 06:30:53+00,2025-06-26 07:42:24+00,KDVT,KCHD,71.51666666666667,2025-06-26 06:30:21+00,2025-06-26 07:44:42+00,1345
285,3afa52de,N621FB,N621FB,AS50,2025-06-26 07:44:38+00,2025-06-26 08:05:10+00,KCHD,KDVT,20.533333333333335,2025-06-26 07:44:47+00,2025-06-26 08:05:21+00,323
2330,3afa5c24,N624FB,N624FB,AS50,2025-06-26 08:00:56+00,2025-06-26 09:24:57+00,KDVT,KDVT,84.01666666666667,2025-06-26 08:00:37+00,2025-06-26 09:25:19+00,1884
287,3afba0f5,N621FB,N621FB,AS50,2025-06-26 14:47:51+00,2025-06-26 15:05:02+00,KDVT,,17.183333333333334,2025-06-26 14:44:26+00,2025-06-26 16:00:23+00,788
2331,3afd2276,N624FB,N624FB,AS50,2025-06-26 22:40:42+00,2025-06-27 00:10:40+00,KDVT,KDVT,89.96666666666667,2025-06-26 22:40:49+00,2025-06-27 00:08:40+00,2059
2332,3afd9f90,N624FB,N624FB,AS50,2025-06-27 02:00:52+00,2025-06-27 03:34:15+00,KDVT,KDVT,93.38333333333334,2025-06-27 02:00:38+00,2025-06-27 03:34:56+00,2081
288,3afdce51,N621FB,N621FB,AS50,2025-06-27 03:30:50+00,2025-06-27 05:07:54+00,KDVT,KDVT,97.06666666666666,2025-06-27 03:30:15+00,2025-06-27 05:08:28+00,2036
3108,3afdfc97,N625FB,N625FB,AS50,2025-06-27 05:01:36+00,2025-06-27 06:35:25+00,KDVT,KDVT,93.81666666666666,2025-06-27 04:59:37+00,2025-06-27 06:35:51+00,2292
289,3afe2daf,N621FB,N621FB,AS50,2025-06-27 06:31:23+00,2025-06-27 08:07:26+00,KDVT,KDVT,96.05,2025-06-27 06:31:03+00,2025-06-27 08:11:20+00,2263
3109,3afe5f46,N625FB,N625FB,AS50,2025-06-27 07:58:41+00,2025-06-27 09:55:01+00,KDVT,KDVT,116.33333333333333,2025-06-27 07:58:19+00,2025-06-27 09:55:30+00,2641
2333,3aff99b8,N624FB,N624FB,AS50,2025-06-27 14:37:29+00,2025-06-27 14:45:34+00,KDVT,KPHX,8.083333333333334,2025-06-27 14:36:42+00,2025-06-27 15:54:39+00,198
2334,3b0005c9,N624FB,N624FB,AS50,2025-06-27 16:30:24+00,2025-06-27 17:31:03+00,KDVT,KDVT,60.65,2025-06-27 16:29:45+00,2025-06-27 17:31:03+00,1042
2335,3b0122fb,N624FB,N624FB,AS50,2025-06-27 23:05:57+00,2025-06-28 00:39:25+00,KDVT,KDVT,93.46666666666667,2025-06-27 23:05:31+00,2025-06-28 00:39:27+00,2317
2336,3b018241,N624FB,N624FB,AS50,2025-06-28 01:57:29+00,2025-06-28 02:54:30+00,KDVT,KDVT,57.016666666666666,2025-06-28 01:57:26+00,2025-06-28 02:54:53+00,1151
3110,3b01b0b3,N625FB,N625FB,AS50,2025-06-28 03:35:10+00,2025-06-28 05:20:15+00,KDVT,KDVT,105.08333333333333,2025-06-28 03:34:36+00,2025-06-28 05:20:16+00,2639
291,3b01d974,N621FB,N621FB,AS50,2025-06-28 04:59:54+00,2025-06-28 06:38:17+00,KDVT,KDVT,98.38333333333334,2025-06-28 04:59:22+00,2025-06-28 06:38:52+00,2063
3111,3b0206a6,N625FB,N625FB,AS50,2025-06-28 06:34:17+00,2025-06-28 08:05:26+00,KDVT,KDVT,91.15,2025-06-28 06:33:31+00,2025-06-28 08:05:41+00,2208
292,3b0234ab,N621FB,N621FB,AS50,2025-06-28 07:58:38+00,2025-06-28 10:00:18+00,KDVT,KDVT,121.66666666666667,2025-06-28 07:58:18+00,2025-06-28 10:01:01+00,2875
293,3b04bd32,N621FB,N621FB,AS50,2025-06-28 23:04:03+00,2025-06-29 00:29:47+00,KDVT,KDVT,85.73333333333333,2025-06-28 23:03:30+00,2025-06-29 00:29:51+00,1862
294,3b050764,N621FB,N621FB,AS50,2025-06-29 01:29:23+00,2025-06-29 03:33:07+00,KDVT,KDVT,123.73333333333333,2025-06-29 01:28:25+00,2025-06-29 03:33:07+00,2875
952,3b053d9e,N622FB,N622FB,AS50,2025-06-29 03:32:09+00,2025-06-29 05:08:03+00,KDVT,KDVT,95.9,2025-06-29 03:32:03+00,2025-06-29 05:08:58+00,2392
295,3b05662e,N621FB,N621FB,AS50,2025-06-29 05:02:31+00,2025-06-29 06:49:43+00,KDVT,KDVT,107.2,2025-06-29 05:01:54+00,2025-06-29 06:50:56+00,2372
953,3b05902d,N622FB,N622FB,AS50,2025-06-29 06:34:09+00,2025-06-29 08:08:37+00,KDVT,KDVT,94.46666666666667,2025-06-29 06:33:10+00,2025-06-29 08:09:09+00,2181
296,3b05bdb3,N621FB,N621FB,AS50,2025-06-29 08:00:33+00,2025-06-29 09:53:34+00,KDVT,KDVT,113.01666666666667,2025-06-29 07:59:33+00,2025-06-29 09:54:15+00,2658
2337,3b06fa5c,N624FB,N624FB,AS50,2025-06-29 15:04:17+00,2025-06-29 15:34:52+00,KDVT,KCHD,30.583333333333332,2025-06-29 15:03:39+00,2025-06-29 15:35:19+00,526
2338,3b07469e,N624FB,N624FB,AS50,2025-06-29 16:31:45+00,2025-06-29 16:52:11+00,KCHD,KDVT,20.433333333333334,2025-06-29 16:31:51+00,2025-06-29 16:52:19+00,329
2340,3b07bc4d,N624FB,N624FB,AS50,2025-06-29 19:04:47+00,2025-06-29 20:07:22+00,KDVT,KDVT,62.583333333333336,2025-06-29 19:04:27+00,2025-06-29 20:07:51+00,1292
954,3b08d750,N622FB,N622FB,AS50,2025-06-30 03:33:25+00,2025-06-30 05:21:59+00,KDVT,KDVT,108.56666666666666,2025-06-30 03:33:09+00,2025-06-30 05:22:26+00,2598
3112,3b08fffd,N625FB,N625FB,AS50,2025-06-30 04:57:35+00,2025-06-30 06:46:21+00,KDVT,KDVT,108.76666666666667,2025-06-30 04:57:19+00,2025-06-30 06:47:01+00,2228
956,3b093161,N622FB,N622FB,AS50,2025-06-30 06:32:39+00,2025-06-30 08:09:22+00,KDVT,KDVT,96.71666666666667,2025-06-30 06:32:46+00,2025-06-30 08:10:04+00,1937
3113,3b0960db,N625FB,N625FB,AS50,2025-06-30 07:58:46+00,2025-06-30 09:11:07+00,KDVT,KDVT,72.35,2025-06-30 07:58:13+00,2025-06-30 09:11:16+00,1564
297,3b0a33f0,N621FB,N621FB,AS50,2025-06-30 13:08:06+00,2025-06-30 13:17:57+00,KDVT,KDVT,9.85,2025-06-30 12:58:29+00,2025-06-30 13:17:57+00,205
298,3b0a4723,N621FB,N621FB,AS50,2025-06-30 13:17:48+00,2025-06-30 13:57:58+00,,KDVT,40.166666666666664,2025-06-30 13:19:03+00,2025-06-30 13:59:10+00,749
299,3b0a6ce1,N621FB,N621FB,AS50,2025-06-30 13:59:06+00,2025-06-30 14:06:11+00,KDVT,KDVT,7.083333333333333,2025-06-30 13:59:12+00,2025-06-30 14:06:11+00,83
3114,3b0a961c,N625FB,N625FB,AS50,2025-06-30 14:42:30+00,2025-06-30 15:39:15+00,KDVT,KDVT,56.75,2025-06-30 14:41:58+00,2025-06-30 15:39:39+00,930
3116,3b0b7739,N625FB,N625FB,AS50,2025-06-30 19:07:32+00,2025-06-30 19:20:19+00,KDVT,KPHX,12.783333333333333,2025-06-30 19:05:34+00,2025-06-30 19:20:19+00,202
1718,3b0b8466,N623FB,N623FB,AS50,2025-06-30 19:26:34+00,2025-06-30 19:33:17+00,KDVT,KDVT,6.716666666666667,2025-06-30 19:23:37+00,2025-06-30 19:46:10+00,100
3117,3b0b945f,N625FB,N625FB,AS50,2025-06-30 19:46:04+00,2025-06-30 20:16:23+00,KPHX,KDVT,30.316666666666666,2025-06-30 19:45:58+00,2025-06-30 20:22:48+00,605
1719,3b0b948e,N623FB,N623FB,AS50,2025-06-30 19:46:12+00,2025-06-30 19:52:39+00,KDVT,KDVT,6.45,2025-06-30 19:46:12+00,2025-06-30 19:52:39+00,104
1720,3b0ba380,N623FB,N623FB,AS50,2025-06-30 20:08:49+00,2025-06-30 20:19:17+00,KDVT,KDVT,10.466666666666667,2025-06-30 20:07:09+00,2025-06-30 20:19:17+00,222
3118,3b0bae1d,N625FB,N625FB,AS50,2025-06-30 20:22:49+00,2025-06-30 20:38:07+00,KDVT,KDVT,15.3,2025-06-30 20:22:51+00,2025-06-30 20:39:03+00,341
2341,3b0c1a96,N624FB,N624FB,AS50,2025-06-30 23:14:37+00,2025-07-01 00:36:24+00,KDVT,KDVT,81.78333333333333,2025-06-30 23:14:45+00,2025-07-01 00:37:09+00,1826
2342,3b0c81fd,N624FB,N624FB,AS50,2025-07-01 02:14:14+00,2025-07-01 03:42:02+00,KDVT,KDVT,87.8,2025-07-01 02:14:05+00,2025-07-01 03:42:35+00,1966
301,3b0caa11,N621FB,N621FB,AS50,2025-07-01 03:33:17+00,2025-07-01 05:06:12+00,KDVT,KDVT,92.91666666666667,2025-07-01 03:32:46+00,2025-07-01 05:06:12+00,1975
2343,3b0cd822,N624FB,N624FB,AS50,2025-07-01 05:01:40+00,2025-07-01 06:36:23+00,KDVT,KDVT,94.71666666666667,2025-07-01 05:00:09+00,2025-07-01 06:37:23+00,2253
302,3b0d0811,N621FB,N621FB,AS50,2025-07-01 06:30:23+00,2025-07-01 07:58:09+00,KDVT,KDVT,87.76666666666667,2025-07-01 06:29:39+00,2025-07-01 07:58:09+00,1721
2344,3b0d3c09,N624FB,N624FB,AS50,2025-07-01 08:00:06+00,2025-07-01 09:06:11+00,KDVT,KDVT,66.08333333333333,2025-07-01 08:00:03+00,2025-07-01 09:07:25+00,1416
3119,3b0e1c9e,N625FB,N625FB,AS50,2025-07-01 13:18:16+00,2025-07-01 13:25:55+00,KDVT,KDVT,7.65,2025-07-01 13:08:07+00,2025-07-01 13:25:55+00,183
3120,3b0e2f48,N625FB,N625FB,AS50,2025-07-01 13:26:34+00,2025-07-01 13:30:26+00,,KDVT,3.8666666666666667,2025-07-01 13:27:46+00,2025-07-01 13:30:26+00,51
3121,3b0e331b,N625FB,N625FB,AS50,2025-07-01 13:30:37+00,2025-07-01 13:34:35+00,,KDVT,3.966666666666667,2025-07-01 13:31:45+00,2025-07-01 13:34:35+00,58
3122,3b0e37d8,N625FB,N625FB,AS50,2025-07-01 13:36:35+00,2025-07-01 13:39:34+00,KDVT,KDVT,2.9833333333333334,2025-07-01 13:36:49+00,2025-07-01 13:39:34+00,51
3123,3b0e3c51,N625FB,N625FB,AS50,2025-07-01 13:40:15+00,2025-07-01 13:44:27+00,,KDVT,4.2,2025-07-01 13:41:28+00,2025-07-01 13:44:27+00,58
3124,3b0e4082,N625FB,N625FB,AS50,2025-07-01 13:45:00+00,2025-07-01 14:04:51+00,,KDVT,19.85,2025-07-01 13:46:12+00,2025-07-01 14:10:02+00,364
3125,3b0e57c6,N625FB,N625FB,AS50,2025-07-01 14:08:59+00,2025-07-01 14:16:55+00,,KDVT,7.933333333333334,2025-07-01 14:10:04+00,2025-07-01 14:16:55+00,84
1721,3b0e7b4f,N623FB,N623FB,AS50,2025-07-01 14:47:52+00,2025-07-01 15:49:39+00,KDVT,KDVT,61.78333333333333,2025-07-01 14:47:19+00,2025-07-01 15:50:58+00,1082
2345,3b0e83a7,N624FB,N624FB,AS50,2025-07-01 14:56:48+00,2025-07-01 15:57:52+00,KDVT,KDVT,61.06666666666667,2025-07-01 14:56:10+00,2025-07-01 15:58:34+00,1212
2347,3b0f52f7,N624FB,N624FB,AS50,2025-07-01 18:56:18+00,2025-07-01 20:03:26+00,KDVT,KDVT,67.13333333333334,2025-07-01 18:55:34+00,2025-07-01 20:04:39+00,1433
303,3b0ffc55,N621FB,N621FB,AS50,2025-07-01 23:11:04+00,2025-07-02 01:11:57+00,KDVT,KDVT,120.88333333333334,2025-07-01 23:10:51+00,2025-07-02 01:12:07+00,2879
304,3b10737c,N621FB,N621FB,AS50,2025-07-02 02:36:05+00,2025-07-02 03:41:39+00,KDVT,KDVT,65.56666666666666,2025-07-02 02:35:49+00,2025-07-02 03:42:02+00,1472
2348,3b1091ba,N624FB,N624FB,AS50,2025-07-02 03:35:39+00,2025-07-02 05:04:20+00,KDVT,KDVT,88.68333333333334,2025-07-02 03:35:07+00,2025-07-02 05:04:46+00,1969
305,3b10bf65,N621FB,N621FB,AS50,2025-07-02 05:00:37+00,2025-07-02 06:36:32+00,KDVT,KDVT,95.91666666666667,2025-07-02 05:00:11+00,2025-07-02 06:37:32+00,1965
2349,3b10f015,N624FB,N624FB,AS50,2025-07-02 06:31:08+00,2025-07-02 08:02:49+00,KDVT,KDVT,91.68333333333334,2025-07-02 06:30:37+00,2025-07-02 08:03:02+00,2099
306,3b112385,N621FB,N621FB,AS50,2025-07-02 07:59:47+00,2025-07-02 09:27:43+00,KDVT,KDVT,87.93333333333334,2025-07-02 07:59:33+00,2025-07-02 09:28:32+00,1920
957,3b11f21c,N622FB,N622FB,AS50,2025-07-02 12:52:16+00,2025-07-02 12:59:39+00,KDVT,KDVT,7.383333333333334,2025-07-02 12:51:17+00,2025-07-02 12:59:39+00,169
958,3b11fb16,N622FB,N622FB,AS50,2025-07-02 12:59:30+00,2025-07-02 13:59:37+00,,KDVT,60.11666666666667,2025-07-02 13:00:45+00,2025-07-02 14:03:03+00,941
2350,3b120584,N624FB,N624FB,AS50,2025-07-02 13:13:18+00,2025-07-02 13:42:30+00,KDVT,KPAN,29.2,2025-07-02 13:11:34+00,2025-07-02 13:42:30+00,311
2351,3b1224ab,N624FB,N624FB,AS50,2025-07-02 13:39:29+00,,KPAN,,,2025-07-02 13:42:53+00,2025-07-02 13:44:33+00,33
2352,3b122672,N624FB,N624FB,AS50,2025-07-02 13:44:54+00,,KPAN,,,2025-07-02 13:44:36+00,2025-07-02 13:48:02+00,47
2354,3b122a5a,N624FB,N624FB,AS50,2025-07-02 13:48:28+00,,KPAN,,,2025-07-02 13:48:28+00,2025-07-02 13:51:02+00,38
2355,3b122d27,N624FB,N624FB,AS50,2025-07-02 13:51:07+00,,KPAN,,,2025-07-02 13:51:04+00,2025-07-02 13:53:24+00,35
2356,3b122f9c,N624FB,N624FB,AS50,2025-07-02 13:53:47+00,,KPAN,,,2025-07-02 13:53:28+00,2025-07-02 13:56:07+00,43
2357,3b123250,N624FB,N624FB,AS50,2025-07-02 13:56:18+00,,KPAN,,,2025-07-02 13:56:10+00,2025-07-02 13:58:42+00,45
959,3b12714e,N622FB,N622FB,AS50,2025-07-02 15:00:01+00,2025-07-02 15:24:28+00,KDVT,,24.45,2025-07-02 14:59:45+00,2025-07-02 16:11:50+00,899
307,3b1280ae,N621FB,N621FB,AS50,2025-07-02 15:15:47+00,2025-07-02 16:18:43+00,KDVT,KDVT,62.93333333333333,2025-07-02 15:15:36+00,2025-07-02 16:20:14+00,1028
2360,3b128143,N624FB,N624FB,AS50,2025-07-02 15:17:27+00,2025-07-02 15:45:45+00,KPAN,KDVT,28.3,2025-07-02 15:16:12+00,2025-07-02 15:46:05+00,257
308,3b131d05,N621FB,N621FB,AS50,2025-07-02 18:12:20+00,2025-07-02 18:27:29+00,KDVT,KPHX,15.15,2025-07-02 18:10:39+00,2025-07-02 18:34:23+00,212
309,3b1330e0,N621FB,N621FB,AS50,2025-07-02 18:34:22+00,2025-07-02 18:51:20+00,KPHX,KDVT,16.966666666666665,2025-07-02 18:34:26+00,2025-07-02 18:49:22+00,195
310,3b133ce9,N621FB,N621FB,AS50,2025-07-02 18:49:24+00,2025-07-02 19:12:41+00,KDVT,KDVT,23.283333333333335,2025-07-02 18:49:25+00,2025-07-02 19:13:25+00,492
1722,3b13fa0d,N623FB,N623FB,AS50,2025-07-02 23:12:06+00,2025-07-03 00:32:57+00,KDVT,KDVT,80.85,2025-07-02 23:11:44+00,2025-07-03 00:33:48+00,1916
960,3b14ea6e,N622FB,N622FB,AS50,2025-07-03 06:25:43+00,2025-07-03 08:05:19+00,KDVT,KDVT,99.6,2025-07-03 06:25:32+00,2025-07-03 08:05:45+00,1897
1723,3b151a12,N623FB,N623FB,AS50,2025-07-03 07:51:00+00,2025-07-03 09:13:34+00,KDVT,KDVT,82.56666666666666,2025-07-03 07:50:35+00,2025-07-03 09:14:14+00,1851
1724,3b156bac,N623FB,N623FB,AS50,2025-07-03 10:03:02+00,2025-07-03 11:17:28+00,KDVT,KDVT,74.43333333333334,2025-07-03 10:02:35+00,2025-07-03 11:18:12+00,1796
2361,3b16765d,N624FB,N624FB,AS50,2025-07-03 14:58:27+00,2025-07-03 16:01:48+00,KDVT,KDVT,63.35,2025-07-03 14:57:12+00,2025-07-03 16:01:48+00,1069
2363,3b1727d0,N624FB,N624FB,AS50,2025-07-03 18:09:26+00,2025-07-03 20:11:40+00,KDVT,KDVT,122.23333333333333,2025-07-03 18:09:29+00,2025-07-03 20:11:40+00,2538
961,3b17f985,N622FB,N622FB,AS50,2025-07-03 23:01:30+00,2025-07-03 23:38:13+00,KDVT,,36.71666666666667,2025-07-03 23:00:27+00,2025-07-04 00:32:17+00,1859
962,3b1869ee,N622FB,N622FB,AS50,2025-07-04 02:04:57+00,2025-07-04 03:38:21+00,KDVT,KDVT,93.4,2025-07-04 02:04:11+00,2025-07-04 03:36:27+00,1911
311,3b189707,N621FB,N621FB,AS50,2025-07-04 03:32:22+00,2025-07-04 05:12:33+00,KDVT,KDVT,100.18333333333334,2025-07-04 03:31:47+00,2025-07-04 05:12:54+00,2203
1725,3b18c3ef,N623FB,N623FB,AS50,2025-07-04 05:00:37+00,2025-07-04 05:16:32+00,KDVT,KDVT,15.916666666666666,2025-07-04 04:59:54+00,2025-07-04 05:17:14+00,380
2364,3b18e546,N624FB,N624FB,AS50,2025-07-04 06:03:53+00,2025-07-04 06:48:20+00,KDVT,KDVT,44.45,2025-07-04 06:03:14+00,2025-07-04 06:48:54+00,848
312,3b18cb3c,N621FB,N621FB,AS50,2025-07-04 06:33:54+00,2025-07-04 08:07:08+00,KDVT,KDVT,93.23333333333333,2025-07-04 05:13:00+00,2025-07-04 08:07:40+00,2038
2365,3b19296d,N624FB,N624FB,AS50,2025-07-04 08:02:20+00,2025-07-04 09:44:50+00,KDVT,KDVT,102.5,2025-07-04 08:01:53+00,2025-07-04 09:45:23+00,2355
313,3b1a4431,N621FB,N621FB,AS50,2025-07-04 14:19:49+00,2025-07-04 15:13:36+00,KDVT,KDVT,53.78333333333333,2025-07-04 14:19:18+00,2025-07-04 15:11:55+00,1071
315,3b1ad666,N621FB,N621FB,AS50,2025-07-04 17:19:04+00,2025-07-04 18:16:38+00,KDVT,KDVT,57.56666666666667,2025-07-04 17:18:29+00,2025-07-04 18:16:38+00,1206
316,3b1b1655,N621FB,N621FB,AS50,2025-07-04 18:54:36+00,,KDVT,,,2025-07-04 18:54:15+00,2025-07-04 19:51:03+00,1472
317,3b1b43e5,N621FB,N621FB,AS50,2025-07-04 20:13:06+00,2025-07-04 20:48:59+00,KDVT,KDVT,35.88333333333333,2025-07-04 20:12:24+00,2025-07-04 20:49:09+00,970
2366,3b1b9e5d,N624FB,N624FB,AS50,2025-07-04 23:18:54+00,2025-07-05 00:13:40+00,KDVT,KDVT,54.766666666666666,2025-07-04 23:18:22+00,2025-07-05 00:14:23+00,1275
2367,3b1bee93,N624FB,N624FB,AS50,2025-07-05 02:07:04+00,2025-07-05 03:35:24+00,KDVT,KDVT,88.33333333333333,2025-07-05 02:06:36+00,2025-07-05 03:35:51+00,1961
1726,3b1c1195,N623FB,N623FB,AS50,2025-07-05 03:29:17+00,2025-07-05 05:05:43+00,KDVT,KDVT,96.43333333333334,2025-07-05 03:28:34+00,2025-07-05 05:06:30+00,2041
963,3b1c3cd0,N622FB,N622FB,AS50,2025-07-05 05:02:18+00,2025-07-05 06:38:57+00,KDVT,KDVT,96.65,2025-07-05 05:01:38+00,2025-07-05 06:39:34+00,2175
1727,3b1c6869,N623FB,N623FB,AS50,2025-07-05 06:31:08+00,,KDVT,,,2025-07-05 06:30:31+00,2025-07-05 08:30:59+00,2625
964,3b1c97fe,N622FB,N622FB,AS50,2025-07-05 07:58:11+00,2025-07-05 10:32:52+00,KDVT,KDVT,154.68333333333334,2025-07-05 07:57:58+00,2025-07-05 10:33:29+00,3719
3126,3b1dc8a5,N625FB,N625FB,AS50,2025-07-05 14:58:30+00,2025-07-05 16:00:26+00,KDVT,KDVT,61.93333333333333,2025-07-05 14:57:46+00,2025-07-05 16:03:31+00,1140
3127,3b1e5d07,N625FB,N625FB,AS50,2025-07-05 18:06:28+00,2025-07-05 18:56:23+00,KDVT,KDVT,49.916666666666664,2025-07-05 18:06:28+00,2025-07-05 18:56:23+00,1054
318,3b1ec437,N621FB,N621FB,AS50,2025-07-05 20:55:00+00,2025-07-05 21:18:37+00,KDVT,,23.616666666666667,2025-07-05 20:54:27+00,2025-07-05 21:51:06+00,872
319,3b1f0ce6,N621FB,N621FB,AS50,2025-07-05 23:10:16+00,2025-07-06 00:35:18+00,KDVT,KDVT,85.03333333333333,2025-07-05 23:09:50+00,2025-07-06 00:35:42+00,1942
320,3b1f6a4a,N621FB,N621FB,AS50,2025-07-06 02:13:49+00,2025-07-06 03:48:50+00,KDVT,KDVT,95.01666666666667,2025-07-06 02:13:17+00,2025-07-06 03:48:50+00,2175
1728,3b1f8be8,N623FB,N623FB,AS50,2025-07-06 03:31:44+00,2025-07-06 05:09:34+00,KDVT,KDVT,97.83333333333333,2025-07-06 03:31:01+00,2025-07-06 05:09:55+00,1951
965,3b1fb345,N622FB,N622FB,AS50,2025-07-06 04:57:26+00,2025-07-06 06:40:11+00,KDVT,KDVT,102.75,2025-07-06 04:56:48+00,2025-07-06 06:40:43+00,2231
1729,3b1fde32,N623FB,N623FB,AS50,2025-07-06 06:29:54+00,2025-07-06 08:06:14+00,KDVT,KDVT,96.33333333333333,2025-07-06 06:29:18+00,2025-07-06 08:06:26+00,2145
966,3b200b2f,N622FB,N622FB,AS50,2025-07-06 07:59:33+00,2025-07-06 09:35:10+00,KDVT,KDVT,95.61666666666666,2025-07-06 07:59:31+00,2025-07-06 09:35:43+00,2329
910,3b212eaa,N622FB,N622FB,AS50,2025-07-06 15:01:20+00,2025-07-06 15:59:40+00,KDVT,KDVT,58.333333333333336,2025-07-06 15:01:12+00,2025-07-06 15:59:40+00,1165
911,3b21af75,N622FB,N622FB,AS50,2025-07-06 17:43:21+00,2025-07-06 18:55:24+00,KDVT,KDVT,72.05,2025-07-06 17:43:35+00,2025-07-06 18:55:44+00,1460
249,3b227f75,N621FB,N621FB,AS50,2025-07-06 23:06:14+00,2025-07-07 00:44:00+00,KDVT,KDVT,97.76666666666667,2025-07-06 23:05:25+00,2025-07-07 00:44:07+00,2169
250,3b22e59a,N621FB,N621FB,AS50,2025-07-07 02:06:24+00,2025-07-07 03:42:01+00,KDVT,KDVT,95.61666666666666,2025-07-07 02:05:44+00,2025-07-07 03:42:01+00,1969
3064,3b230f5a,N625FB,N625FB,AS50,2025-07-07 03:33:32+00,2025-07-07 05:18:36+00,KDVT,KDVT,105.06666666666666,2025-07-07 03:32:59+00,2025-07-07 05:18:36+00,2179
1677,3b233ac2,N623FB,N623FB,AS50,2025-07-07 05:02:10+00,2025-07-07 06:35:55+00,KDVT,KDVT,93.75,2025-07-07 05:00:25+00,2025-07-07 06:36:45+00,2098
3065,3b2367ca,N625FB,N625FB,AS50,2025-07-07 06:30:30+00,2025-07-07 08:01:30+00,KDVT,KDVT,91,2025-07-07 06:29:59+00,2025-07-07 08:01:51+00,1930
1678,3b23943a,N623FB,N623FB,AS50,2025-07-07 07:57:51+00,2025-07-07 09:52:54+00,KDVT,KDVT,115.05,2025-07-07 07:57:54+00,2025-07-07 09:53:40+00,2681
1679,3b23e9a5,N623FB,N623FB,AS50,2025-07-07 10:33:14+00,2025-07-07 10:54:04+00,KDVT,KDVT,20.833333333333332,2025-07-07 10:32:47+00,2025-07-07 10:54:45+00,428
2302,3b24e6ec,N624FB,N624FB,AS50,2025-07-07 15:35:05+00,2025-07-07 16:47:28+00,KDVT,KDVT,72.38333333333334,2025-07-07 15:35:04+00,2025-07-07 16:45:40+00,1285
2304,3b2578b8,N624FB,N624FB,AS50,2025-07-07 18:33:58+00,2025-07-07 19:30:17+00,KDVT,KDVT,56.31666666666667,2025-07-07 18:33:57+00,2025-07-07 19:30:17+00,1148
251,3b26342f,N621FB,N621FB,AS50,2025-07-07 23:10:07+00,2025-07-08 00:35:18+00,KDVT,KDVT,85.18333333333334,2025-07-07 23:09:55+00,2025-07-08 00:35:37+00,1642
252,3b26a17a,N621FB,N621FB,AS50,2025-07-08 02:10:52+00,2025-07-08 03:40:45+00,KDVT,KDVT,89.88333333333334,2025-07-08 02:09:31+00,2025-07-08 03:40:45+00,2207
2305,3b26cc18,N624FB,N624FB,AS50,2025-07-08 03:34:07+00,2025-07-08 05:03:13+00,KDVT,KDVT,89.1,2025-07-08 03:33:03+00,2025-07-08 05:03:44+00,2050
1680,3b26f9a6,N623FB,N623FB,AS50,2025-07-08 04:59:52+00,2025-07-08 06:37:26+00,KDVT,KDVT,97.56666666666666,2025-07-08 04:59:24+00,2025-07-08 06:37:59+00,2333
2306,3b272ac0,N624FB,N624FB,AS50,2025-07-08 06:32:56+00,2025-07-08 08:16:46+00,KDVT,KDVT,103.83333333333333,2025-07-08 06:32:34+00,2025-07-08 08:16:46+00,2392
1681,3b275825,N623FB,N623FB,AS50,2025-07-08 07:58:31+00,2025-07-08 09:35:43+00,KDVT,KDVT,97.2,2025-07-08 07:58:02+00,2025-07-08 09:36:22+00,2246
1682,3b28a79c,N623FB,N623FB,AS50,2025-07-08 14:53:26+00,2025-07-08 15:49:42+00,KDVT,KDVT,56.266666666666666,2025-07-08 14:53:07+00,2025-07-08 15:50:01+00,1037
1683,3b292207,N623FB,N623FB,AS50,2025-07-08 16:59:29+00,2025-07-08 17:50:44+00,KDVT,KDVT,51.25,2025-07-08 16:59:36+00,2025-07-08 17:50:44+00,739
253,3b2a37c0,N621FB,N621FB,AS50,2025-07-08 23:08:51+00,2025-07-09 00:36:33+00,KDVT,KDVT,87.7,2025-07-08 23:07:52+00,2025-07-09 00:36:51+00,2066
254,3b2aa5cf,N621FB,N621FB,AS50,2025-07-09 02:04:59+00,2025-07-09 03:10:13+00,KDVT,KDVT,65.23333333333333,2025-07-09 02:04:26+00,2025-07-09 03:10:42+00,1398
3066,3b2add10,N625FB,N625FB,AS50,2025-07-09 03:46:35+00,2025-07-09 05:31:35+00,KDVT,KDVT,105,2025-07-09 03:46:00+00,2025-07-09 05:36:03+00,2526
255,3b2b06eb,N621FB,N621FB,AS50,2025-07-09 05:01:27+00,2025-07-09 06:34:37+00,KDVT,KDVT,93.16666666666667,2025-07-09 05:00:34+00,2025-07-09 06:35:31+00,2043
3067,3b2b357d,N625FB,N625FB,AS50,2025-07-09 06:27:42+00,2025-07-09 08:10:19+00,KDVT,KDVT,102.61666666666666,2025-07-09 06:27:13+00,2025-07-09 08:11:13+00,2551
256,3b2b7270,N621FB,N621FB,AS50,2025-07-09 08:17:21+00,2025-07-09 09:30:39+00,KDVT,KDVT,73.3,2025-07-09 08:16:58+00,2025-07-09 09:31:26+00,1316
913,3b2c408b,N622FB,N622FB,AS50,2025-07-09 12:51:18+00,,KDVT,,,2025-07-09 12:50:35+00,2025-07-09 13:01:18+00,161
914,3b2c4b70,N622FB,N622FB,AS50,2025-07-09 13:01:26+00,2025-07-09 13:53:11+00,KGEU,KDVT,51.75,2025-07-09 13:01:24+00,2025-07-09 13:53:53+00,899
915,3b2cd12a,N622FB,N622FB,AS50,2025-07-09 15:11:46+00,2025-07-09 16:09:40+00,KDVT,KDVT,57.9,2025-07-09 15:10:39+00,2025-07-09 16:09:40+00,1003
1684,3b2d3b3e,N623FB,N623FB,AS50,2025-07-09 16:59:06+00,2025-07-09 17:25:48+00,KDVT,,26.7,2025-07-09 16:58:29+00,2025-07-09 18:27:30+00,837
1685,3b2d9ffa,N623FB,N623FB,AS50,2025-07-09 18:55:15+00,2025-07-09 19:06:21+00,KDVT,KGEU,11.1,2025-07-09 18:53:46+00,2025-07-09 19:04:59+00,132
1686,3b2da8ac,N623FB,N623FB,AS50,2025-07-09 19:05:06+00,2025-07-09 19:36:36+00,KGEU,,31.5,2025-07-09 19:05:05+00,2025-07-09 19:48:32+00,602
2307,3b2eedae,N624FB,N624FB,AS50,2025-07-10 03:39:34+00,2025-07-10 05:10:25+00,KDVT,KDVT,90.85,2025-07-10 03:38:51+00,2025-07-10 05:11:40+00,1903
1687,3b2f1ca6,N623FB,N623FB,AS50,2025-07-10 05:03:08+00,2025-07-10 06:34:20+00,KDVT,KDVT,91.2,2025-07-10 05:03:04+00,2025-07-10 06:35:49+00,2008
2308,3b2f4a3c,N624FB,N624FB,AS50,2025-07-10 06:29:22+00,2025-07-10 08:16:54+00,KDVT,KDVT,107.53333333333333,2025-07-10 06:28:54+00,2025-07-10 08:18:20+00,2333
1688,3b2f81bd,N623FB,N623FB,AS50,2025-07-10 08:03:14+00,2025-07-10 09:42:31+00,KDVT,KDVT,99.28333333333333,2025-07-10 08:03:00+00,2025-07-10 09:42:57+00,2386
257,3b30d837,N621FB,N621FB,AS50,2025-07-10 14:52:19+00,2025-07-10 15:11:40+00,KDVT,,19.35,2025-07-10 14:50:47+00,2025-07-10 15:57:31+00,897
916,3b30e9a6,N622FB,N622FB,AS50,2025-07-10 15:08:15+00,2025-07-10 16:06:52+00,KDVT,KDVT,58.61666666666667,2025-07-10 15:08:04+00,2025-07-10 16:08:52+00,1033
918,3b319652,N622FB,N622FB,AS50,2025-07-10 18:12:53+00,2025-07-10 19:04:20+00,KDVT,KDVT,51.45,2025-07-10 18:11:59+00,2025-07-10 19:04:20+00,899
258,3b32071c,N621FB,N621FB,AS50,2025-07-10 21:09:05+00,2025-07-10 21:17:33+00,KDVT,KDVT,8.466666666666667,2025-07-10 20:29:14+00,2025-07-10 21:17:33+00,182
259,3b326d8a,N621FB,N621FB,AS50,2025-07-10 22:58:17+00,2025-07-11 00:29:21+00,KDVT,KDVT,91.06666666666666,2025-07-10 22:57:22+00,2025-07-11 00:29:55+00,2043
260,3b32d38b,N621FB,N621FB,AS50,2025-07-11 01:33:47+00,2025-07-11 03:21:49+00,KDVT,KDVT,108.03333333333333,2025-07-11 01:34:04+00,2025-07-11 03:21:49+00,2470
2309,3b3311b0,N624FB,N624FB,AS50,2025-07-11 03:30:27+00,2025-07-11 05:14:00+00,KDVT,KDVT,103.55,2025-07-11 03:30:05+00,2025-07-11 05:14:14+00,2460
1689,3b33444f,N623FB,N623FB,AS50,2025-07-11 05:05:05+00,2025-07-11 06:39:02+00,KDVT,KDVT,93.95,2025-07-11 05:04:33+00,2025-07-11 06:39:34+00,1991
2310,3b337392,N624FB,N624FB,AS50,2025-07-11 06:34:14+00,2025-07-11 08:08:02+00,KDVT,KDVT,93.8,2025-07-11 06:33:49+00,2025-07-11 08:08:40+00,1935
1690,3b33a874,N623FB,N623FB,AS50,2025-07-11 08:04:17+00,2025-07-11 09:09:46+00,KDVT,KDVT,65.48333333333333,2025-07-11 08:03:59+00,2025-07-11 09:14:11+00,1441
3068,3b34ecb0,N625FB,N625FB,AS50,2025-07-11 14:38:55+00,2025-07-11 14:46:49+00,KDVT,KPHX,7.9,2025-07-11 14:37:33+00,2025-07-11 16:46:08+00,861
3069,3b35bbec,N625FB,N625FB,AS50,2025-07-11 18:12:11+00,2025-07-11 18:52:48+00,KDVT,KDVT,40.61666666666667,2025-07-11 18:12:11+00,2025-07-11 18:52:48+00,694
261,3b368757,N621FB,N621FB,AS50,2025-07-11 22:58:44+00,2025-07-12 00:23:14+00,KDVT,KDVT,84.5,2025-07-11 22:57:55+00,2025-07-12 00:23:50+00,2022
262,3b36f37b,N621FB,N621FB,AS50,2025-07-12 02:05:34+00,2025-07-12 03:35:06+00,KDVT,KDVT,89.53333333333333,2025-07-12 02:05:31+00,2025-07-12 03:35:10+00,2062
2311,3b371b2e,N624FB,N624FB,AS50,2025-07-12 03:29:58+00,2025-07-12 05:09:08+00,KDVT,KDVT,99.16666666666667,2025-07-12 03:29:02+00,2025-07-12 05:10:14+00,2474
1691,3b3748c9,N623FB,N623FB,AS50,2025-07-12 05:04:18+00,2025-07-12 06:39:14+00,KDVT,KDVT,94.93333333333334,2025-07-12 05:03:30+00,2025-07-12 06:39:50+00,2261
2312,3b3772e0,N624FB,N624FB,AS50,2025-07-12 06:31:03+00,2025-07-12 08:09:12+00,KDVT,KDVT,98.15,2025-07-12 06:30:29+00,2025-07-12 08:10:31+00,2219
1692,3b37a4ff,N623FB,N623FB,AS50,2025-07-12 08:03:36+00,2025-07-12 09:50:47+00,KDVT,KDVT,107.18333333333334,2025-07-12 08:03:23+00,2025-07-12 09:51:22+00,2512
3070,3b38d757,N625FB,N625FB,AS50,2025-07-12 14:43:43+00,2025-07-12 16:16:49+00,KDVT,KDVT,93.1,2025-07-12 14:43:02+00,2025-07-12 16:17:26+00,1686
3071,3b3988a7,N625FB,N625FB,AS50,2025-07-12 18:13:40+00,2025-07-12 19:03:40+00,KDVT,KDVT,50,2025-07-12 18:12:26+00,2025-07-12 19:03:40+00,1018
263,3b3a32d1,N621FB,N621FB,AS50,2025-07-12 23:03:19+00,2025-07-13 00:22:17+00,KDVT,KDVT,78.96666666666667,2025-07-12 23:02:50+00,2025-07-13 00:30:50+00,1823
264,3b3a8e4e,N621FB,N621FB,AS50,2025-07-13 02:03:10+00,2025-07-13 03:36:44+00,KDVT,KDVT,93.56666666666666,2025-07-13 02:02:22+00,2025-07-13 03:37:20+00,2268
2313,3b3ab4bf,N624FB,N624FB,AS50,2025-07-13 03:30:59+00,2025-07-13 05:07:31+00,KDVT,KDVT,96.53333333333333,2025-07-13 03:29:21+00,2025-07-13 05:08:22+00,2043
1693,3b3adeba,N623FB,N623FB,AS50,2025-07-13 05:01:14+00,2025-07-13 06:37:32+00,KDVT,KDVT,96.3,2025-07-13 05:00:41+00,2025-07-13 06:38:02+00,2169
2314,3b3b06a9,N624FB,N624FB,AS50,2025-07-13 06:29:55+00,2025-07-13 08:25:45+00,KDVT,KDVT,115.83333333333333,2025-07-13 06:29:12+00,2025-07-13 08:26:20+00,2543
1694,3b3b36bf,N623FB,N623FB,AS50,2025-07-13 08:03:17+00,2025-07-13 10:28:36+00,KDVT,KDVT,145.31666666666666,2025-07-13 08:03:00+00,2025-07-13 10:29:08+00,3500
3072,3b3c82b8,N625FB,N625FB,AS50,2025-07-13 15:34:57+00,,KDVT,,,2025-07-13 15:34:33+00,2025-07-13 15:46:44+00,141
3073,3b3c8cf1,N625FB,N625FB,AS50,2025-07-13 15:46:43+00,2025-07-13 16:35:31+00,KDVT,KDVT,48.8,2025-07-13 15:46:48+00,2025-07-13 16:35:31+00,929
3075,3b3ccaf6,N625FB,N625FB,AS50,2025-07-13 17:03:26+00,2025-07-13 17:19:16+00,KDVT,KDVT,15.833333333333334,2025-07-13 17:03:35+00,2025-07-13 17:17:30+00,228
3076,3b3d0acd,N625FB,N625FB,AS50,2025-07-13 18:30:58+00,2025-07-13 19:42:39+00,KDVT,KDVT,71.68333333333334,2025-07-13 18:31:07+00,2025-07-13 19:42:39+00,1397
265,3b3dad95,N621FB,N621FB,AS50,2025-07-13 22:57:32+00,2025-07-14 00:24:16+00,KDVT,KDVT,86.73333333333333,2025-07-13 22:57:03+00,2025-07-14 00:24:37+00,1897
266,3b3e1686,N621FB,N621FB,AS50,2025-07-14 02:02:41+00,2025-07-14 03:40:17+00,KDVT,KDVT,97.6,2025-07-14 02:02:02+00,2025-07-14 03:40:51+00,2304
2315,3b3e4284,N624FB,N624FB,AS50,2025-07-14 03:33:15+00,2025-07-14 05:15:15+00,KDVT,KDVT,102,2025-07-14 03:32:55+00,2025-07-14 05:15:47+00,2160
1695,3b3e6e7d,N623FB,N623FB,AS50,2025-07-14 05:01:03+00,2025-07-14 06:37:06+00,KDVT,KDVT,96.05,2025-07-14 05:00:12+00,2025-07-14 06:41:30+00,2039
2316,3b3e9e90,N624FB,N624FB,AS50,2025-07-14 06:33:54+00,2025-07-14 08:17:02+00,KDVT,KDVT,103.13333333333334,2025-07-14 06:33:33+00,2025-07-14 08:17:19+00,2416
1696,3b3eccf6,N623FB,N623FB,AS50,2025-07-14 08:00:23+00,2025-07-14 09:35:17+00,KDVT,KDVT,94.9,2025-07-14 07:59:34+00,2025-07-14 09:35:44+00,2255
3078,3b402148,N625FB,N625FB,AS50,2025-07-14 15:16:33+00,2025-07-14 16:16:22+00,KDVT,KDVT,59.81666666666667,2025-07-14 15:16:10+00,2025-07-14 16:16:22+00,1024
2317,3b40500f,N624FB,N624FB,AS50,2025-07-14 16:07:23+00,,KDVT,,,2025-07-14 16:06:44+00,2025-07-14 16:16:11+00,103
3080,3b40d0fd,N625FB,N625FB,AS50,2025-07-14 18:42:02+00,2025-07-14 19:41:07+00,KDVT,KDVT,59.083333333333336,2025-07-14 18:41:59+00,2025-07-14 19:41:07+00,1073
267,3b4185e5,N621FB,N621FB,AS50,2025-07-14 23:12:51+00,2025-07-15 00:16:17+00,KDVT,KDVT,63.43333333333333,2025-07-14 23:12:27+00,2025-07-15 00:16:29+00,1440
268,3b41f19a,N621FB,N621FB,AS50,2025-07-15 02:11:47+00,2025-07-15 03:12:49+00,KDVT,KDVT,61.03333333333333,2025-07-15 02:11:28+00,2025-07-15 03:13:02+00,1380
919,3b421b3c,N622FB,N622FB,AS50,2025-07-15 03:33:21+00,2025-07-15 05:05:48+00,KDVT,KDVT,92.45,2025-07-15 03:32:28+00,2025-07-15 05:05:50+00,1942
1697,3b424b39,N623FB,N623FB,AS50,2025-07-15 05:01:57+00,2025-07-15 06:37:03+00,KDVT,KDVT,95.1,2025-07-15 05:01:23+00,2025-07-15 06:37:58+00,1859
920,3b427b21,N622FB,N622FB,AS50,2025-07-15 06:30:37+00,2025-07-15 08:04:41+00,KDVT,KDVT,94.06666666666666,2025-07-15 06:30:07+00,2025-07-15 08:04:45+00,2005
1698,3b42adf7,N623FB,N623FB,AS50,2025-07-15 08:00:57+00,2025-07-15 08:14:50+00,KDVT,KGEU,13.883333333333333,2025-07-15 08:00:38+00,2025-07-15 08:13:26+00,217
1699,3b42b53e,N623FB,N623FB,AS50,2025-07-15 08:13:27+00,2025-07-15 08:16:46+00,KGEU,KGEU,3.316666666666667,2025-07-15 08:13:32+00,2025-07-15 08:16:46+00,68
1700,3b42b6f4,N623FB,N623FB,AS50,2025-07-15 08:17:57+00,2025-07-15 08:23:10+00,KGEU,KGEU,5.216666666666667,2025-07-15 08:16:49+00,2025-07-15 08:21:46+00,68
1701,3b42b9ce,N623FB,N623FB,AS50,2025-07-15 08:21:45+00,2025-07-15 08:30:21+00,KGEU,KGYR,8.6,2025-07-15 08:21:48+00,2025-07-15 08:29:05+00,89
1702,3b42bea9,N623FB,N623FB,AS50,2025-07-15 08:29:06+00,,KGYR,,,2025-07-15 08:29:07+00,2025-07-15 08:32:53+00,48
1703,3b42c0e3,N623FB,N623FB,AS50,2025-07-15 08:32:59+00,2025-07-15 10:53:31+00,KGYR,KDVT,140.53333333333333,2025-07-15 08:32:54+00,2025-07-15 10:53:58+00,3426
921,3b43dd43,N622FB,N622FB,AS50,2025-07-15 15:31:21+00,2025-07-15 16:27:02+00,KDVT,KDVT,55.68333333333333,2025-07-15 14:30:01+00,2025-07-15 16:27:02+00,1026
923,3b44ad5e,N622FB,N622FB,AS50,2025-07-15 18:22:09+00,2025-07-15 19:32:22+00,KDVT,KDVT,70.21666666666667,2025-07-15 18:21:42+00,2025-07-15 19:32:22+00,1205
1704,3b456920,N623FB,N623FB,AS50,2025-07-15 22:44:54+00,2025-07-15 23:55:06+00,KDVT,KDVT,70.2,2025-07-15 22:44:34+00,2025-07-15 23:55:23+00,1476
1705,3b459986,N623FB,N623FB,AS50,2025-07-15 23:54:30+00,2025-07-16 00:23:24+00,KDVT,KDVT,28.9,2025-07-15 23:55:25+00,2025-07-16 00:23:38+00,749
1706,3b45ec74,N623FB,N623FB,AS50,2025-07-16 02:12:26+00,2025-07-16 03:22:07+00,KDVT,KDVT,69.68333333333334,2025-07-16 02:12:05+00,2025-07-16 03:22:42+00,1616
269,3b461ddb,N621FB,N621FB,AS50,2025-07-16 03:41:49+00,2025-07-16 05:08:24+00,KDVT,KDVT,86.58333333333333,2025-07-16 03:40:59+00,2025-07-16 05:08:40+00,1888
3081,3b464b6e,N625FB,N625FB,AS50,2025-07-16 05:05:00+00,2025-07-16 06:38:27+00,KDVT,KDVT,93.45,2025-07-16 05:02:57+00,2025-07-16 06:38:49+00,2117
270,3b46792a,N621FB,N621FB,AS50,2025-07-16 06:31:29+00,2025-07-16 06:55:08+00,KDVT,KDVT,23.65,2025-07-16 06:30:58+00,2025-07-16 06:55:24+00,510
925,3b480d83,N622FB,N622FB,AS50,2025-07-16 15:23:03+00,2025-07-16 16:20:24+00,KDVT,KDVT,57.35,2025-07-16 15:22:28+00,2025-07-16 16:20:24+00,1001
927,3b48aa9b,N622FB,N622FB,AS50,2025-07-16 18:17:37+00,2025-07-16 19:22:44+00,KDVT,KDVT,65.11666666666666,2025-07-16 18:17:09+00,2025-07-16 19:22:44+00,1272
3082,3b497bac,N625FB,N625FB,AS50,2025-07-16 23:08:35+00,2025-07-17 00:05:32+00,KDVT,KDVT,56.95,2025-07-16 23:06:17+00,2025-07-17 00:09:22+00,1147
1707,3b4a2090,N623FB,N623FB,AS50,2025-07-17 03:50:31+00,2025-07-17 05:07:39+00,KDVT,KDVT,77.13333333333334,2025-07-17 03:50:26+00,2025-07-17 05:07:53+00,1578
3083,3b4a46d1,N625FB,N625FB,AS50,2025-07-17 05:01:23+00,2025-07-17 06:46:58+00,KDVT,KDVT,105.58333333333333,2025-07-17 05:01:01+00,2025-07-17 06:48:18+00,1912
1708,3b4a7651,N623FB,N623FB,AS50,2025-07-17 06:30:51+00,2025-07-17 08:04:51+00,KDVT,KDVT,94,2025-07-17 06:30:49+00,2025-07-17 08:04:57+00,1976
3084,3b4aa769,N625FB,N625FB,AS50,2025-07-17 08:01:43+00,2025-07-17 08:18:38+00,KDVT,KCHD,16.916666666666668,2025-07-17 08:00:35+00,2025-07-17 08:20:57+00,277
3085,3b4ab36b,N625FB,N625FB,AS50,2025-07-17 08:21:00+00,2025-07-17 08:36:18+00,KCHD,,15.3,2025-07-17 08:21:03+00,2025-07-17 09:29:10+00,1328
928,3b4c05bc,N622FB,N622FB,AS50,2025-07-17 15:10:27+00,2025-07-17 16:08:29+00,KDVT,KDVT,58.03333333333333,2025-07-17 15:09:59+00,2025-07-17 16:08:29+00,988
929,3b4c40db,N622FB,N622FB,AS50,2025-07-17 18:09:24+00,2025-07-17 19:02:45+00,KDVT,KDVT,53.35,2025-07-17 16:08:32+00,2025-07-17 19:02:45+00,953
3086,3b4d9eb5,N625FB,N625FB,AS50,2025-07-17 23:23:04+00,2025-07-18 01:15:08+00,KDVT,KDVT,112.06666666666666,2025-07-17 23:22:19+00,2025-07-18 01:15:33+00,2565
3087,3b4e1091,N625FB,N625FB,AS50,2025-07-18 02:21:32+00,2025-07-18 03:43:15+00,KDVT,KDVT,81.71666666666667,2025-07-18 02:21:31+00,2025-07-18 03:43:15+00,1920
1709,3b4e34dd,N623FB,N623FB,AS50,2025-07-18 03:29:50+00,2025-07-18 05:16:11+00,KDVT,KDVT,106.35,2025-07-18 03:29:27+00,2025-07-18 05:16:45+00,2458
3088,3b4e65f4,N625FB,N625FB,AS50,2025-07-18 05:02:55+00,2025-07-18 06:33:23+00,KDVT,KDVT,90.46666666666667,2025-07-18 05:02:20+00,2025-07-18 06:33:23+00,1925
1710,3b4e936f,N623FB,N623FB,AS50,2025-07-18 06:28:57+00,2025-07-18 08:04:29+00,KDVT,KDVT,95.53333333333333,2025-07-18 06:28:30+00,2025-07-18 08:05:41+00,2346
3089,3b4ec8b4,N625FB,N625FB,AS50,2025-07-18 08:02:06+00,2025-07-18 09:38:34+00,KDVT,KDVT,96.46666666666667,2025-07-18 08:01:10+00,2025-07-18 09:41:43+00,1791
271,3b503691,N621FB,N621FB,AS50,2025-07-18 15:01:51+00,2025-07-18 16:00:18+00,KDVT,KDVT,58.45,2025-07-18 15:00:54+00,2025-07-18 15:58:28+00,840
3090,3b50f2d4,N625FB,N625FB,AS50,2025-07-18 18:10:38+00,,KDVT,,,2025-07-18 18:10:35+00,2025-07-18 18:20:47+00,117
3091,3b50fbd8,N625FB,N625FB,AS50,2025-07-18 18:20:45+00,2025-07-18 19:10:54+00,KGEU,KDVT,50.15,2025-07-18 18:20:51+00,2025-07-18 19:10:54+00,538
1711,3b5180f8,N623FB,N623FB,AS50,2025-07-18 21:02:48+00,2025-07-18 22:09:24+00,KDVT,KDVT,66.6,2025-07-18 21:02:15+00,2025-07-18 22:10:08+00,1346
2318,3b51d581,N624FB,N624FB,AS50,2025-07-18 23:06:17+00,2025-07-18 23:15:49+00,KPHX,KDVT,9.533333333333333,2025-07-18 23:06:12+00,2025-07-18 23:15:49+00,130
1712,3b51fdcd,N623FB,N623FB,AS50,2025-07-19 00:05:49+00,2025-07-19 01:01:50+00,KDVT,KDVT,56.016666666666666,2025-07-19 00:05:20+00,2025-07-19 01:02:19+00,1234
930,3b524db7,N622FB,N622FB,AS50,2025-07-19 02:27:57+00,2025-07-19 03:00:46+00,KDVT,KGEU,32.81666666666667,2025-07-19 02:27:22+00,2025-07-19 03:01:13+00,767
931,3b525ed7,N622FB,N622FB,AS50,2025-07-19 03:01:13+00,2025-07-19 03:53:42+00,KGEU,KDVT,52.483333333333334,2025-07-19 03:01:18+00,2025-07-19 03:54:35+00,1162
3092,3b529703,N625FB,N625FB,AS50,2025-07-19 04:58:18+00,2025-07-19 06:35:52+00,KDVT,KDVT,97.56666666666666,2025-07-19 04:57:50+00,2025-07-19 06:36:33+00,2185
932,3b52c2db,N622FB,N622FB,AS50,2025-07-19 06:30:03+00,2025-07-19 08:25:32+00,KDVT,KDVT,115.48333333333333,2025-07-19 06:29:29+00,2025-07-19 08:25:32+00,2503
3093,3b52f4f0,N625FB,N625FB,AS50,2025-07-19 08:03:18+00,2025-07-19 09:36:21+00,KDVT,KDVT,93.05,2025-07-19 08:02:44+00,2025-07-19 09:38:40+00,2239
272,3b53d060,N621FB,N621FB,AS50,2025-07-19 13:12:39+00,2025-07-19 14:05:42+00,KDVT,KDVT,53.05,2025-07-19 13:12:15+00,2025-07-19 14:05:52+00,1031
273,3b54ac2d,N621FB,N621FB,AS50,2025-07-19 17:22:39+00,2025-07-19 18:16:21+00,KDVT,KDVT,53.7,2025-07-19 17:22:06+00,2025-07-19 18:16:21+00,1035
1713,3b5585fb,N623FB,N623FB,AS50,2025-07-19 22:59:21+00,,KDVT,,,2025-07-19 22:58:40+00,2025-07-19 23:09:32+00,157
1714,3b558cb1,N623FB,N623FB,AS50,2025-07-19 23:09:28+00,2025-07-19 23:14:46+00,KDVT,KDVT,5.3,2025-07-19 23:09:33+00,2025-07-19 23:14:46+00,75
1715,3b558fe4,N623FB,N623FB,AS50,2025-07-19 23:14:51+00,2025-07-19 23:17:26+00,KDVT,KDVT,2.5833333333333335,2025-07-19 23:15:05+00,2025-07-19 23:17:26+00,54
1716,3b55922b,N623FB,N623FB,AS50,2025-07-19 23:17:49+00,2025-07-20 00:32:45+00,,KDVT,74.93333333333334,2025-07-19 23:19:00+00,2025-07-20 00:33:38+00,1355
1717,3b55e8d0,N623FB,N623FB,AS50,2025-07-20 02:00:59+00,2025-07-20 02:29:58+00,KDVT,KGEU,28.983333333333334,2025-07-20 02:00:51+00,2025-07-20 03:20:17+00,1560
2319,3b55fc33,N624FB,N624FB,AS50,2025-07-20 02:43:42+00,2025-07-20 05:06:29+00,KDVT,KDVT,142.78333333333333,2025-07-20 02:42:57+00,2025-07-20 05:08:34+00,3228
3094,3b563cc5,N625FB,N625FB,AS50,2025-07-20 05:02:57+00,2025-07-20 07:04:21+00,KDVT,KDVT,121.4,2025-07-20 05:02:36+00,2025-07-20 07:04:52+00,2667
2320,3b566465,N624FB,N624FB,AS50,2025-07-20 06:31:21+00,2025-07-20 08:30:57+00,KDVT,KDVT,119.6,2025-07-20 06:29:06+00,2025-07-20 08:31:20+00,2725
3095,3b569fff,N625FB,N625FB,AS50,2025-07-20 08:27:51+00,2025-07-20 10:11:38+00,KDVT,KDVT,103.78333333333333,2025-07-20 08:27:16+00,2025-07-20 10:12:27+00,2532
217,3b57b4e0,N621FB,N621FB,AS50,2025-07-20 15:07:14+00,2025-07-20 16:04:47+00,KDVT,KDVT,57.55,2025-07-20 15:07:00+00,2025-07-20 16:04:47+00,1128
1650,3b590331,N623FB,N623FB,AS50,2025-07-20 23:14:28+00,2025-07-21 00:39:56+00,KDVT,KDVT,85.46666666666667,2025-07-20 23:07:08+00,2025-07-21 00:41:26+00,1728
1651,3b5968fb,N623FB,N623FB,AS50,2025-07-21 02:10:32+00,2025-07-21 03:44:00+00,KDVT,KDVT,93.46666666666667,2025-07-21 02:08:42+00,2025-07-21 03:50:51+00,2137
2290,3b5989b3,N624FB,N624FB,AS50,2025-07-21 03:19:02+00,2025-07-21 05:20:08+00,KDVT,KDVT,121.1,2025-07-21 03:17:57+00,2025-07-21 05:20:32+00,2855
3018,3b59bc06,N625FB,N625FB,AS50,2025-07-21 05:04:30+00,2025-07-21 06:52:36+00,KDVT,KDVT,108.1,2025-07-21 05:03:48+00,2025-07-21 06:53:41+00,2297
2291,3b59e861,N624FB,N624FB,AS50,2025-07-21 06:35:34+00,2025-07-21 08:27:10+00,KDVT,KDVT,111.6,2025-07-21 06:35:09+00,2025-07-21 08:27:33+00,2466
3019,3b5a15a2,N625FB,N625FB,AS50,2025-07-21 08:04:38+00,2025-07-21 09:29:14+00,KDVT,KDVT,84.6,2025-07-21 08:02:42+00,2025-07-21 09:29:45+00,2082
3020,3b5b53ee,N625FB,N625FB,AS50,2025-07-21 15:02:32+00,2025-07-21 15:59:19+00,KDVT,KDVT,56.78333333333333,2025-07-21 15:02:03+00,2025-07-21 15:59:19+00,1059
3022,3b5bffe8,N625FB,N625FB,AS50,2025-07-21 18:28:41+00,2025-07-21 19:44:14+00,KDVT,KDVT,75.55,2025-07-21 18:28:08+00,2025-07-21 19:44:14+00,1563
1652,3b5ca43f,N623FB,N623FB,AS50,2025-07-21 22:22:03+00,2025-07-21 22:59:52+00,KDVT,KDVT,37.81666666666667,2025-07-21 22:21:31+00,2025-07-21 23:00:01+00,673
1653,3b5cc688,N623FB,N623FB,AS50,2025-07-21 23:12:19+00,2025-07-21 23:53:30+00,KDVT,KDVT,41.18333333333333,2025-07-21 23:12:23+00,2025-07-21 23:54:08+00,970
1654,3b5d494a,N623FB,N623FB,AS50,2025-07-22 02:54:53+00,2025-07-22 03:39:00+00,KDVT,KDVT,44.11666666666667,2025-07-22 02:54:06+00,2025-07-22 03:39:13+00,1147
218,3b5d5be8,N621FB,N621FB,AS50,2025-07-22 03:32:58+00,2025-07-22 04:29:06+00,KDVT,KDVT,56.13333333333333,2025-07-22 03:32:50+00,2025-07-22 04:32:23+00,1345
1655,3b5d8976,N623FB,N623FB,AS50,2025-07-22 05:01:38+00,2025-07-22 05:34:48+00,KDVT,KPHX,33.166666666666664,2025-07-22 05:01:35+00,2025-07-22 05:39:05+00,0
1656,3b5d9ccd,N623FB,N623FB,AS50,2025-07-22 05:39:05+00,2025-07-22 06:35:41+00,KPHX,KDVT,56.6,2025-07-22 05:39:07+00,2025-07-22 06:36:08+00,1234
881,3b5db7b3,N622FB,N622FB,AS50,2025-07-22 06:32:36+00,2025-07-22 08:03:30+00,KDVT,KDVT,90.9,2025-07-22 06:32:33+00,2025-07-22 08:03:40+00,1902
1657,3b5de49b,N623FB,N623FB,AS50,2025-07-22 08:00:31+00,2025-07-22 09:32:32+00,KDVT,KDVT,92.01666666666667,2025-07-22 08:00:18+00,2025-07-22 09:32:53+00,1945
882,3b5f3934,N622FB,N622FB,AS50,2025-07-22 15:06:41+00,2025-07-22 16:05:38+00,KDVT,KDVT,58.95,2025-07-22 15:06:00+00,2025-07-22 16:05:47+00,1010
883,3b5f8af2,N622FB,N622FB,AS50,2025-07-22 16:31:06+00,2025-07-22 16:51:59+00,KDVT,KDVT,20.883333333333333,2025-07-22 16:30:59+00,2025-07-22 16:51:59+00,313
884,3b5fc953,N622FB,N622FB,AS50,2025-07-22 17:40:52+00,2025-07-22 19:09:01+00,KDVT,KDVT,88.15,2025-07-22 17:40:43+00,2025-07-22 19:09:12+00,1549
3023,3b60c541,N625FB,N625FB,AS50,2025-07-22 23:12:19+00,2025-07-23 00:32:11+00,KDVT,KDVT,79.86666666666666,2025-07-22 23:11:15+00,2025-07-23 00:33:45+00,1570
3024,3b6136f2,N625FB,N625FB,AS50,2025-07-23 02:09:02+00,2025-07-23 03:52:57+00,KDVT,KDVT,103.91666666666667,2025-07-23 02:07:58+00,2025-07-23 03:53:50+00,2301
219,3b616205,N621FB,N621FB,AS50,2025-07-23 03:29:38+00,2025-07-23 05:08:59+00,KDVT,KDVT,99.35,2025-07-23 03:29:19+00,2025-07-23 05:09:31+00,2173
3025,3b61a489,N625FB,N625FB,AS50,2025-07-23 05:35:01+00,2025-07-23 06:44:24+00,KDVT,KDVT,69.38333333333334,2025-07-23 05:34:28+00,2025-07-23 06:46:05+00,1532
220,3b61c3bd,N621FB,N621FB,AS50,2025-07-23 06:34:17+00,2025-07-23 08:02:44+00,KDVT,KDVT,88.45,2025-07-23 06:33:35+00,2025-07-23 08:02:58+00,1942
3026,3b61f52b,N625FB,N625FB,AS50,2025-07-23 08:01:08+00,2025-07-23 09:39:59+00,KDVT,KDVT,98.85,2025-07-23 08:00:40+00,2025-07-23 09:40:22+00,2212
3027,3b625eb0,N625FB,N625FB,AS50,2025-07-23 10:45:56+00,2025-07-23 11:19:02+00,KDVT,KDVT,33.1,2025-07-23 10:45:56+00,2025-07-23 11:19:07+00,726
3028,3b62c38e,N625FB,N625FB,AS50,2025-07-23 12:43:03+00,2025-07-23 12:53:54+00,KDVT,KGEU,10.85,2025-07-23 12:42:54+00,2025-07-23 12:53:54+00,176
3029,3b62ced3,N625FB,N625FB,AS50,2025-07-23 12:54:05+00,2025-07-23 13:35:18+00,KGEU,KDVT,41.21666666666667,2025-07-23 12:54:10+00,2025-07-23 13:35:18+00,611
1658,3b635c49,N623FB,N623FB,AS50,2025-07-23 15:14:40+00,2025-07-23 16:09:52+00,KDVT,KDVT,55.2,2025-07-23 15:13:44+00,2025-07-23 16:08:07+00,895
2292,3b63ecb5,N624FB,N624FB,AS50,2025-07-23 17:45:40+00,2025-07-23 18:00:52+00,KDVT,,15.2,2025-07-23 17:45:11+00,2025-07-23 18:49:37+00,687
1659,3b63924a,N623FB,N623FB,AS50,2025-07-23 18:04:32+00,2025-07-23 18:59:47+00,KDVT,KDVT,55.25,2025-07-23 16:08:08+00,2025-07-23 18:59:47+00,987
221,3b643ea9,N621FB,N621FB,AS50,2025-07-23 19:24:51+00,2025-07-23 19:37:53+00,KDVT,KGEU,13.033333333333333,2025-07-23 19:23:45+00,2025-07-23 19:36:35+00,152
222,3b644a60,N621FB,N621FB,AS50,2025-07-23 19:36:42+00,2025-07-23 19:52:12+00,KGEU,,15.5,2025-07-23 19:36:45+00,2025-07-23 20:48:59+00,803
885,3b646ad5,N622FB,N622FB,AS50,2025-07-23 20:18:51+00,,KDVT,,,2025-07-23 20:18:10+00,2025-07-23 20:29:20+00,149
886,3b647348,N622FB,N622FB,AS50,2025-07-23 20:29:17+00,2025-07-23 20:46:19+00,KGEU,,17.033333333333335,2025-07-23 20:29:22+00,2025-07-23 21:32:11+00,848
3030,3b64b446,N625FB,N625FB,AS50,2025-07-23 21:57:18+00,2025-07-23 23:41:46+00,KDVT,KDVT,104.46666666666667,2025-07-23 21:57:14+00,2025-07-23 23:42:24+00,2177
887,3b64b7a1,N622FB,N622FB,AS50,2025-07-23 22:02:37+00,2025-07-23 22:14:26+00,KDVT,KGEU,11.816666666666666,2025-07-23 22:02:00+00,2025-07-23 22:13:04+00,161
888,3b64bf63,N622FB,N622FB,AS50,2025-07-23 22:13:15+00,2025-07-23 22:29:44+00,KGEU,,16.483333333333334,2025-07-23 22:13:13+00,2025-07-23 23:27:07+00,1049
3031,3b65576e,N625FB,N625FB,AS50,2025-07-24 01:54:21+00,2025-07-24 03:38:52+00,KDVT,KDVT,104.51666666666667,2025-07-24 01:54:14+00,2025-07-24 03:38:52+00,2781
2294,3b658e42,N624FB,N624FB,AS50,2025-07-24 03:33:32+00,2025-07-24 05:21:10+00,KDVT,KDVT,107.63333333333334,2025-07-24 03:32:40+00,2025-07-24 05:21:31+00,2368
3032,3b65c031,N625FB,N625FB,AS50,2025-07-24 05:03:32+00,2025-07-24 06:40:41+00,KDVT,KDVT,97.15,2025-07-24 05:03:29+00,2025-07-24 06:41:16+00,2398
2295,3b65efc2,N624FB,N624FB,AS50,2025-07-24 06:31:58+00,2025-07-24 07:03:26+00,KDVT,KGEU,31.466666666666665,2025-07-24 06:31:13+00,2025-07-24 07:04:03+00,547
2296,3b660164,N624FB,N624FB,AS50,2025-07-24 07:04:07+00,2025-07-24 08:06:24+00,KGEU,KDVT,62.28333333333333,2025-07-24 07:04:07+00,2025-07-24 08:06:24+00,1427
3033,3b6622f5,N625FB,N625FB,AS50,2025-07-24 08:03:53+00,2025-07-24 09:51:09+00,KDVT,KDVT,107.26666666666667,2025-07-24 08:03:46+00,2025-07-24 09:52:36+00,2394
1660,3b679505,N623FB,N623FB,AS50,2025-07-24 15:20:58+00,2025-07-24 16:15:00+00,KDVT,KDVT,54.03333333333333,2025-07-24 15:20:58+00,2025-07-24 16:15:00+00,770
1661,3b684ca8,N623FB,N623FB,AS50,2025-07-24 18:37:02+00,2025-07-24 19:40:31+00,KDVT,KDVT,63.483333333333334,2025-07-24 18:36:25+00,2025-07-24 19:40:31+00,966
3034,3b68b386,N625FB,N625FB,AS50,2025-07-24 20:42:29+00,2025-07-24 21:53:28+00,KDVT,KDVT,70.98333333333333,2025-07-24 20:42:27+00,2025-07-24 21:53:54+00,1341
3035,3b699457,N625FB,N625FB,AS50,2025-07-25 02:05:43+00,2025-07-25 03:36:21+00,KDVT,KDVT,90.63333333333334,2025-07-25 02:05:10+00,2025-07-25 03:36:40+00,2240
224,3b69c311,N621FB,N621FB,AS50,2025-07-25 03:30:39+00,2025-07-25 05:06:58+00,KDVT,KDVT,96.31666666666666,2025-07-25 03:30:07+00,2025-07-25 05:09:40+00,1909
1662,3b69f71b,N623FB,N623FB,AS50,2025-07-25 05:04:43+00,2025-07-25 06:48:53+00,KDVT,KDVT,104.16666666666667,2025-07-25 05:04:08+00,2025-07-25 06:49:27+00,2344
225,3b6a25ce,N621FB,N621FB,AS50,2025-07-25 06:31:01+00,2025-07-25 06:56:43+00,KDVT,KGEU,25.7,2025-07-25 06:29:55+00,2025-07-25 06:57:06+00,504
226,3b6a3449,N621FB,N621FB,AS50,2025-07-25 06:57:16+00,2025-07-25 08:07:09+00,KGEU,KDVT,69.88333333333334,2025-07-25 06:57:11+00,2025-07-25 08:09:47+00,1513
1663,3b6a599e,N623FB,N623FB,AS50,2025-07-25 08:03:20+00,2025-07-25 09:38:47+00,KDVT,KDVT,95.45,2025-07-25 08:02:56+00,2025-07-25 09:40:00+00,2127
889,3b6c742b,N622FB,N622FB,AS50,2025-07-25 18:28:37+00,2025-07-25 19:26:09+00,KDVT,KDVT,57.53333333333333,2025-07-25 18:28:09+00,2025-07-25 19:26:09+00,824
1664,3b6d2a4d,N623FB,N623FB,AS50,2025-07-25 22:54:08+00,2025-07-26 00:26:35+00,KDVT,KDVT,92.45,2025-07-25 22:53:48+00,2025-07-26 00:27:40+00,2041
1665,3b6d960d,N623FB,N623FB,AS50,2025-07-26 01:58:25+00,2025-07-26 03:53:48+00,KDVT,KDVT,115.38333333333334,2025-07-26 01:57:39+00,2025-07-26 03:54:15+00,2796
227,3b6dc4f1,N621FB,N621FB,AS50,2025-07-26 03:35:12+00,2025-07-26 05:20:28+00,KDVT,KDVT,105.26666666666667,2025-07-26 03:34:40+00,2025-07-26 05:22:12+00,2466
3036,3b6df018,N625FB,N625FB,AS50,2025-07-26 05:03:24+00,2025-07-26 06:38:40+00,KDVT,KDVT,95.26666666666667,2025-07-26 05:02:49+00,2025-07-26 06:38:50+00,2224
228,3b6e19b7,N621FB,N621FB,AS50,2025-07-26 06:32:22+00,2025-07-26 08:10:46+00,KDVT,KDVT,98.4,2025-07-26 06:31:23+00,2025-07-26 08:11:43+00,2116
3037,3b6e480d,N625FB,N625FB,AS50,2025-07-26 08:03:36+00,2025-07-26 09:26:41+00,KDVT,KDVT,83.08333333333333,2025-07-26 08:03:16+00,2025-07-26 09:27:47+00,1872
2297,3b6f5889,N624FB,N624FB,AS50,2025-07-26 14:11:05+00,2025-07-26 15:17:39+00,KDVT,KDVT,66.56666666666666,2025-07-26 14:10:10+00,2025-07-26 15:17:39+00,1154
890,3b70da33,N622FB,N622FB,AS50,2025-07-26 23:01:15+00,2025-07-27 00:13:30+00,KDVT,KDVT,72.25,2025-07-26 23:00:47+00,2025-07-27 00:14:12+00,1469
891,3b712f1f,N622FB,N622FB,AS50,2025-07-27 01:38:43+00,2025-07-27 03:07:46+00,KDVT,KDVT,89.05,2025-07-27 01:38:34+00,2025-07-27 03:09:33+00,2179
229,3b71629f,N621FB,N621FB,AS50,2025-07-27 03:34:41+00,2025-07-27 05:18:59+00,KDVT,KDVT,104.3,2025-07-27 03:33:47+00,2025-07-27 05:20:49+00,2434
3038,3b718bea,N625FB,N625FB,AS50,2025-07-27 05:05:52+00,2025-07-27 06:54:39+00,KDVT,KDVT,108.78333333333333,2025-07-27 05:05:24+00,2025-07-27 06:55:09+00,2597
230,3b71b114,N621FB,N621FB,AS50,2025-07-27 06:30:53+00,2025-07-27 07:36:51+00,KDVT,KGEU,65.96666666666667,2025-07-27 06:29:25+00,2025-07-27 07:37:14+00,1475
231,3b71cf6f,N621FB,N621FB,AS50,2025-07-27 07:37:12+00,2025-07-27 08:12:47+00,KGEU,KDVT,35.583333333333336,2025-07-27 07:37:16+00,2025-07-27 08:13:32+00,702
3039,3b71dbc7,N625FB,N625FB,AS50,2025-07-27 08:02:43+00,2025-07-27 09:43:33+00,KDVT,KDVT,100.83333333333333,2025-07-27 08:02:13+00,2025-07-27 09:44:02+00,2244
893,3b730a34,N622FB,N622FB,AS50,2025-07-27 15:12:15+00,2025-07-27 16:07:32+00,KDVT,KDVT,55.28333333333333,2025-07-27 15:12:02+00,2025-07-27 16:07:32+00,993
232,3b73a189,N621FB,N621FB,AS50,2025-07-27 18:22:53+00,2025-07-27 19:21:15+00,KDVT,KDVT,58.36666666666667,2025-07-27 18:21:20+00,2025-07-27 19:21:15+00,1088
1666,3b745d89,N623FB,N623FB,AS50,2025-07-27 23:14:27+00,2025-07-28 00:59:47+00,KDVT,KDVT,105.33333333333333,2025-07-27 23:13:17+00,2025-07-28 01:00:22+00,2459
1667,3b74cb0b,N623FB,N623FB,AS50,2025-07-28 02:16:06+00,2025-07-28 03:39:41+00,KDVT,KDVT,83.58333333333333,2025-07-28 02:15:13+00,2025-07-28 03:40:56+00,1933
233,3b74fded,N621FB,N621FB,AS50,2025-07-28 03:57:28+00,2025-07-28 05:45:52+00,KDVT,KDVT,108.4,2025-07-28 03:57:08+00,2025-07-28 05:46:13+00,2615
3040,3b7524e6,N625FB,N625FB,AS50,2025-07-28 05:13:58+00,2025-07-28 07:04:29+00,KDVT,KDVT,110.51666666666667,2025-07-28 05:13:29+00,2025-07-28 07:04:29+00,2559
234,3b755230,N621FB,N621FB,AS50,2025-07-28 06:47:06+00,2025-07-28 08:09:52+00,KDVT,KDVT,82.76666666666667,2025-07-28 06:46:34+00,2025-07-28 08:09:52+00,2028
3041,3b757350,N625FB,N625FB,AS50,2025-07-28 07:51:57+00,2025-07-28 09:35:02+00,KDVT,KDVT,103.08333333333333,2025-07-28 07:51:31+00,2025-07-28 09:35:20+00,2011
895,3b76c216,N622FB,N622FB,AS50,2025-07-28 14:59:10+00,2025-07-28 16:02:53+00,KDVT,KDVT,63.71666666666667,2025-07-28 14:59:04+00,2025-07-28 16:04:02+00,1122
896,3b778769,N622FB,N622FB,AS50,2025-07-28 18:36:58+00,2025-07-28 20:01:24+00,KDVT,KDVT,84.43333333333334,2025-07-28 18:37:01+00,2025-07-28 20:01:24+00,1552
3042,3b784fe9,N625FB,N625FB,AS50,2025-07-28 23:14:36+00,2025-07-29 00:45:20+00,KDVT,KDVT,90.73333333333333,2025-07-28 23:13:38+00,2025-07-29 00:46:02+00,1862
3043,3b78be16,N625FB,N625FB,AS50,2025-07-29 02:14:08+00,2025-07-29 03:56:29+00,KDVT,KDVT,102.35,2025-07-29 02:13:14+00,2025-07-29 03:57:01+00,2277
1668,3b78e8c0,N623FB,N623FB,AS50,2025-07-29 03:34:16+00,2025-07-29 05:06:02+00,KDVT,KDVT,91.76666666666667,2025-07-29 03:33:44+00,2025-07-29 05:08:08+00,2016
3044,3b7917f3,N625FB,N625FB,AS50,2025-07-29 05:03:35+00,2025-07-29 06:38:33+00,KDVT,KDVT,94.96666666666667,2025-07-29 05:03:02+00,2025-07-29 06:39:35+00,2094
1669,3b79475d,N623FB,N623FB,AS50,2025-07-29 06:34:12+00,2025-07-29 08:04:05+00,KDVT,KDVT,89.88333333333334,2025-07-29 06:33:33+00,2025-07-29 08:04:05+00,2014
3045,3b79770d,N625FB,N625FB,AS50,2025-07-29 08:00:18+00,2025-07-29 09:40:01+00,KDVT,KDVT,99.71666666666667,2025-07-29 08:00:24+00,2025-07-29 09:40:51+00,2204
3046,3b79e9ad,N625FB,N625FB,AS50,2025-07-29 11:05:37+00,,KDVT,,,2025-07-29 11:04:05+00,2025-07-29 11:09:24+00,103
3047,3b79ee5c,N625FB,N625FB,AS50,2025-07-29 11:09:47+00,2025-07-29 11:14:38+00,KDVT,KDVT,4.85,2025-07-29 11:09:44+00,2025-07-29 11:14:38+00,89
3048,3b79f223,N625FB,N625FB,AS50,2025-07-29 11:14:48+00,2025-07-29 11:19:13+00,KDVT,KDVT,4.416666666666667,2025-07-29 11:14:41+00,2025-07-29 11:17:25+00,61
897,3b7a555e,N622FB,N622FB,AS50,2025-07-29 13:04:43+00,2025-07-29 14:07:18+00,KDVT,KDVT,62.583333333333336,2025-07-29 13:04:35+00,2025-07-29 14:07:18+00,1087
899,3b7ae96b,N622FB,N622FB,AS50,2025-07-29 15:27:40+00,2025-07-29 16:40:02+00,KDVT,KDVT,72.36666666666666,2025-07-29 15:27:36+00,2025-07-29 16:40:02+00,1212
900,3b7b93ef,N622FB,N622FB,AS50,2025-07-29 18:31:52+00,2025-07-29 19:31:41+00,KDVT,KDVT,59.81666666666667,2025-07-29 18:31:55+00,2025-07-29 19:32:10+00,1116
2298,3b7c5f1a,N624FB,N624FB,AS50,2025-07-29 23:07:11+00,2025-07-30 00:30:14+00,KDVT,KDVT,83.05,2025-07-29 23:06:16+00,2025-07-30 00:30:54+00,2022
2299,3b7cd4cd,N624FB,N624FB,AS50,2025-07-30 02:13:53+00,2025-07-30 03:38:17+00,KDVT,KDVT,84.4,2025-07-30 02:12:37+00,2025-07-30 03:39:01+00,1876
235,3b7cfe99,N621FB,N621FB,AS50,2025-07-30 03:31:49+00,2025-07-30 05:13:26+00,KDVT,KDVT,101.61666666666666,2025-07-30 03:31:24+00,2025-07-30 05:11:32+00,2202
3050,3b7d2d4b,N625FB,N625FB,AS50,2025-07-30 05:01:18+00,2025-07-30 06:40:29+00,KDVT,KDVT,99.18333333333334,2025-07-30 05:00:03+00,2025-07-30 06:41:04+00,2531
236,3b7d5e20,N621FB,N621FB,AS50,2025-07-30 06:32:41+00,2025-07-30 08:14:55+00,KDVT,KDVT,102.23333333333333,2025-07-30 06:32:41+00,2025-07-30 08:15:19+00,2160
3051,3b7d9167,N625FB,N625FB,AS50,2025-07-30 08:03:45+00,2025-07-30 09:29:22+00,KDVT,KDVT,85.61666666666666,2025-07-30 08:02:49+00,2025-07-30 09:30:52+00,1921
3052,3b7de3e3,N625FB,N625FB,AS50,2025-07-30 10:10:28+00,2025-07-30 10:43:51+00,KDVT,KDVT,33.38333333333333,2025-07-30 10:10:06+00,2025-07-30 10:43:51+00,857
901,3b7efe60,N622FB,N622FB,AS50,2025-07-30 15:12:40+00,2025-07-30 16:15:34+00,KDVT,KDVT,62.9,2025-07-30 15:12:29+00,2025-07-30 16:15:34+00,1159
1670,3b7f33c4,N623FB,N623FB,AS50,2025-07-30 16:04:54+00,2025-07-30 16:21:27+00,KDVT,KDVT,16.55,2025-07-30 16:04:09+00,2025-07-30 17:14:39+00,820
904,3b7fb882,N622FB,N622FB,AS50,2025-07-30 18:29:21+00,2025-07-30 19:33:57+00,KDVT,KDVT,64.6,2025-07-30 18:29:16+00,2025-07-30 19:33:57+00,1232
2300,3b808d47,N624FB,N624FB,AS50,2025-07-30 23:20:20+00,2025-07-31 00:00:04+00,KDVT,KDVT,39.733333333333334,2025-07-30 23:19:08+00,2025-07-31 00:02:52+00,966
2301,3b8107a5,N624FB,N624FB,AS50,2025-07-31 02:40:10+00,2025-07-31 03:42:55+00,KDVT,KDVT,62.75,2025-07-31 02:39:29+00,2025-07-31 03:45:49+00,1408
237,3b8122a3,N621FB,N621FB,AS50,2025-07-31 03:32:54+00,2025-07-31 05:06:57+00,KDVT,KDVT,94.05,2025-07-31 03:31:26+00,2025-07-31 05:06:57+00,1951
3053,3b815278,N625FB,N625FB,AS50,2025-07-31 05:03:27+00,2025-07-31 06:41:30+00,KDVT,KDVT,98.05,2025-07-31 05:02:55+00,2025-07-31 06:41:59+00,2261
238,3b818056,N621FB,N621FB,AS50,2025-07-31 06:31:11+00,2025-07-31 08:12:40+00,KDVT,KDVT,101.48333333333333,2025-07-31 06:31:04+00,2025-07-31 08:14:43+00,2254
3054,3b81b322,N625FB,N625FB,AS50,2025-07-31 08:02:18+00,2025-07-31 09:47:37+00,KDVT,KDVT,105.31666666666666,2025-07-31 08:01:52+00,2025-07-31 09:49:36+00,2468
905,3b831768,N622FB,N622FB,AS50,2025-07-31 15:14:26+00,2025-07-31 16:07:11+00,KDVT,KDVT,52.75,2025-07-31 15:11:31+00,2025-07-31 16:07:11+00,926
907,3b83bb22,N622FB,N622FB,AS50,2025-07-31 18:05:52+00,2025-07-31 19:01:15+00,KDVT,KDVT,55.38333333333333,2025-07-31 18:05:43+00,2025-07-31 19:01:15+00,976
1671,3b84924e,N623FB,N623FB,AS50,2025-07-31 22:49:37+00,2025-08-01 00:13:53+00,KDVT,KDVT,84.26666666666667,2025-07-31 22:49:22+00,2025-08-01 00:14:23+00,2087
1672,3b850ee8,N623FB,N623FB,AS50,2025-08-01 02:03:41+00,2025-08-01 03:34:00+00,KDVT,KDVT,90.31666666666666,2025-08-01 02:02:37+00,2025-08-01 03:34:30+00,2212
239,3b853e2a,N621FB,N621FB,AS50,2025-08-01 03:31:17+00,2025-08-01 05:14:49+00,KDVT,KDVT,103.53333333333333,2025-08-01 03:30:36+00,2025-08-01 05:15:43+00,2368
3055,3b85705f,N625FB,N625FB,AS50,2025-08-01 05:00:57+00,2025-08-01 06:35:08+00,KDVT,KDVT,94.18333333333334,2025-08-01 05:00:22+00,2025-08-01 06:35:08+00,2053
240,3b859f61,N621FB,N621FB,AS50,2025-08-01 06:31:14+00,2025-08-01 07:30:52+00,KDVT,KGEU,59.63333333333333,2025-08-01 06:30:45+00,2025-08-01 07:31:15+00,1261
241,3b85c00a,N621FB,N621FB,AS50,2025-08-01 07:31:23+00,2025-08-01 08:17:59+00,KGEU,KDVT,46.6,2025-08-01 07:31:21+00,2025-08-01 08:17:59+00,1039
3057,3b85d1aa,N625FB,N625FB,AS50,2025-08-01 08:02:57+00,2025-08-01 09:13:32+00,KDVT,KDVT,70.58333333333333,2025-08-01 08:02:23+00,2025-08-01 09:14:00+00,1488
908,3b872d01,N622FB,N622FB,AS50,2025-08-01 15:12:20+00,,KDVT,,,2025-08-01 15:11:42+00,2025-08-01 16:04:39+00,969
1673,3b88b31c,N623FB,N623FB,AS50,2025-08-01 23:02:27+00,2025-08-02 00:24:29+00,KDVT,KDVT,82.03333333333333,2025-08-01 23:01:54+00,2025-08-02 00:24:50+00,2022
1674,3b890ae2,N623FB,N623FB,AS50,2025-08-02 01:17:21+00,2025-08-02 02:25:44+00,KDVT,KDVT,68.38333333333334,2025-08-02 01:17:23+00,2025-08-02 02:25:44+00,1227
243,3b892610,N621FB,N621FB,AS50,2025-08-02 02:06:13+00,2025-08-02 02:37:44+00,KDVT,KDVT,31.516666666666666,2025-08-02 02:05:14+00,2025-08-02 02:37:44+00,693
244,3b895f92,N621FB,N621FB,AS50,2025-08-02 03:59:37+00,2025-08-02 05:05:06+00,KDVT,KDVT,65.48333333333333,2025-08-02 03:59:28+00,2025-08-02 05:06:26+00,1495
3058,3b897dd7,N625FB,N625FB,AS50,2025-08-02 05:01:32+00,2025-08-02 06:36:19+00,KDVT,KDVT,94.78333333333333,2025-08-02 05:00:51+00,2025-08-02 06:36:40+00,2226
245,3b89a8a2,N621FB,N621FB,AS50,2025-08-02 06:31:30+00,2025-08-02 07:40:27+00,KDVT,KGEU,68.95,2025-08-02 06:31:30+00,2025-08-02 07:41:35+00,1535
246,3b89ca1e,N621FB,N621FB,AS50,2025-08-02 07:42:01+00,2025-08-02 08:02:56+00,KGEU,KDVT,20.916666666666668,2025-08-02 07:42:01+00,2025-08-02 08:04:06+00,403
3059,3b89d3e0,N625FB,N625FB,AS50,2025-08-02 08:00:53+00,2025-08-02 09:49:19+00,KDVT,KDVT,108.43333333333334,2025-08-02 08:00:32+00,2025-08-02 09:51:04+00,2494
3060,3b8a22d4,N625FB,N625FB,AS50,2025-08-02 10:13:00+00,2025-08-02 11:50:18+00,KDVT,KDVT,97.3,2025-08-02 10:12:53+00,2025-08-02 11:50:18+00,2454
909,3b8b9fc1,N622FB,N622FB,AS50,2025-08-02 17:29:41+00,2025-08-02 18:39:22+00,KDVT,KDVT,69.68333333333334,2025-08-02 17:28:59+00,2025-08-02 18:39:26+00,1186
1675,3b8c7a1f,N623FB,N623FB,AS50,2025-08-02 23:00:27+00,2025-08-03 00:21:12+00,KDVT,KDVT,80.75,2025-08-02 22:59:53+00,2025-08-03 00:21:40+00,2075
1676,3b8cda9a,N623FB,N623FB,AS50,2025-08-03 02:00:39+00,2025-08-03 03:36:20+00,KDVT,KDVT,95.68333333333334,2025-08-03 02:00:38+00,2025-08-03 03:36:20+00,2162
247,3b8d050e,N621FB,N621FB,AS50,2025-08-03 03:33:50+00,2025-08-03 05:07:32+00,KDVT,KDVT,93.7,2025-08-03 03:33:15+00,2025-08-03 05:09:06+00,2169
3061,3b8d3012,N625FB,N625FB,AS50,2025-08-03 05:05:44+00,,KDVT,,,2025-08-03 05:05:40+00,2025-08-03 06:34:43+00,2018
248,3b8d55e9,N621FB,N621FB,AS50,2025-08-03 06:31:05+00,,KDVT,,,2025-08-03 06:29:28+00,2025-08-03 08:04:25+00,1944
3063,3b8d8263,N625FB,N625FB,AS50,2025-08-03 08:01:46+00,2025-08-03 10:03:31+00,KDVT,KDVT,121.75,2025-08-03 08:01:37+00,2025-08-03 10:03:46+00,2481
844,3b8eb0c8,N622FB,N622FB,AS50,2025-08-03 15:00:32+00,,KDVT,,,2025-08-03 15:00:32+00,2025-08-03 16:00:34+00,1091
845,3b8ee5ec,N622FB,N622FB,AS50,2025-08-03 18:31:05+00,2025-08-03 19:39:37+00,KDVT,KDVT,68.53333333333333,2025-08-03 16:00:42+00,2025-08-03 19:39:37+00,1318
183,3b901941,N621FB,N621FB,AS50,2025-08-03 23:10:35+00,2025-08-04 00:37:59+00,KDVT,KDVT,87.4,2025-08-03 23:09:45+00,2025-08-04 00:39:23+00,1940
184,3b907da2,N621FB,N621FB,AS50,2025-08-04 02:07:08+00,2025-08-04 02:38:52+00,KDVT,,31.733333333333334,2025-08-04 02:04:59+00,2025-08-04 03:52:13+00,2152
1613,3b90a778,N623FB,N623FB,AS50,2025-08-04 03:33:20+00,2025-08-04 05:19:05+00,KDVT,KDVT,105.75,2025-08-04 03:32:37+00,2025-08-04 05:19:31+00,2325
2998,3b90d5d5,N625FB,N625FB,AS50,2025-08-04 05:05:58+00,2025-08-04 06:56:00+00,KDVT,KDVT,110.03333333333333,2025-08-04 05:05:30+00,2025-08-04 06:56:19+00,2531
1614,3b9101a1,N623FB,N623FB,AS50,2025-08-04 06:33:37+00,2025-08-04 08:00:42+00,KDVT,KDVT,87.08333333333333,2025-08-04 06:33:03+00,2025-08-04 08:00:49+00,1941
2999,3b912f0d,N625FB,N625FB,AS50,2025-08-04 07:58:42+00,2025-08-04 09:56:02+00,KDVT,KDVT,117.33333333333333,2025-08-04 07:58:35+00,2025-08-04 09:56:28+00,2817
1615,3b91d7d3,N623FB,N623FB,AS50,2025-08-04 12:14:30+00,2025-08-04 13:19:37+00,KDVT,KDVT,65.11666666666666,2025-08-04 12:14:04+00,2025-08-04 13:19:37+00,1399
846,3b922ef0,N622FB,N622FB,AS50,2025-08-04 13:48:45+00,2025-08-04 14:00:54+00,KDVT,KPHX,12.15,2025-08-04 13:48:28+00,2025-08-04 15:17:53+00,1143
848,3b9331f7,N622FB,N622FB,AS50,2025-08-04 18:36:25+00,2025-08-04 19:50:59+00,KDVT,KDVT,74.56666666666666,2025-08-04 18:36:00+00,2025-08-04 19:49:09+00,1470
185,3b93f6cc,N621FB,N621FB,AS50,2025-08-04 23:08:13+00,2025-08-04 23:40:14+00,KDVT,,32.016666666666666,2025-08-04 23:08:21+00,2025-08-05 00:30:31+00,1702
186,3b94660d,N621FB,N621FB,AS50,2025-08-05 02:08:57+00,2025-08-05 03:38:52+00,KDVT,KDVT,89.91666666666667,2025-08-05 02:08:01+00,2025-08-05 03:39:23+00,2231
3000,3b94925c,N625FB,N625FB,AS50,2025-08-05 03:32:43+00,2025-08-05 05:09:43+00,KDVT,KDVT,97,2025-08-05 03:32:07+00,2025-08-05 05:07:47+00,2072
187,3b94c3bb,N621FB,N621FB,AS50,2025-08-05 05:03:41+00,2025-08-05 06:37:22+00,KDVT,KDVT,93.68333333333334,2025-08-05 05:03:23+00,2025-08-05 06:37:23+00,2248
3001,3b94f23c,N625FB,N625FB,AS50,2025-08-05 06:31:47+00,2025-08-05 07:35:44+00,KDVT,KDVT,63.95,2025-08-05 06:31:08+00,2025-08-05 07:37:19+00,1356
3002,3b95176d,N625FB,N625FB,AS50,2025-08-05 07:37:27+00,2025-08-05 08:06:00+00,KDVT,KDVT,28.55,2025-08-05 07:37:21+00,2025-08-05 08:06:29+00,576
189,3b9525e7,N621FB,N621FB,AS50,2025-08-05 08:01:47+00,2025-08-05 08:33:33+00,KDVT,KGEU,31.766666666666666,2025-08-05 08:01:45+00,2025-08-05 08:34:04+00,663
190,3b9539cd,N621FB,N621FB,AS50,2025-08-05 08:34:02+00,2025-08-05 09:34:12+00,KGEU,KDVT,60.166666666666664,2025-08-05 08:34:06+00,2025-08-05 09:34:41+00,1193
2281,3b967b16,N624FB,N624FB,AS50,2025-08-05 15:00:44+00,2025-08-05 16:07:13+00,KDVT,KDVT,66.48333333333333,2025-08-05 15:00:27+00,2025-08-05 16:07:48+00,1254
2282,3b9721c1,N624FB,N624FB,AS50,2025-08-05 17:57:53+00,2025-08-05 19:28:51+00,KDVT,KDVT,90.96666666666667,2025-08-05 17:57:53+00,2025-08-05 19:28:51+00,1861
2283,3b97abb0,N624FB,N624FB,AS50,2025-08-05 20:51:04+00,2025-08-05 21:35:02+00,KDVT,KDVT,43.96666666666667,2025-08-05 20:50:07+00,2025-08-05 21:36:07+00,932
191,3b9815db,N621FB,N621FB,AS50,2025-08-05 23:19:37+00,2025-08-06 00:33:19+00,KDVT,KDVT,73.7,2025-08-05 23:18:42+00,2025-08-06 00:34:16+00,1484
192,3b988121,N621FB,N621FB,AS50,2025-08-06 02:09:56+00,,KDVT,,,2025-08-06 02:08:41+00,2025-08-06 02:21:25+00,218
193,3b988c9b,N621FB,N621FB,AS50,2025-08-06 02:30:15+00,2025-08-06 03:40:21+00,KPHX,KDVT,70.1,2025-08-06 02:30:02+00,2025-08-06 03:41:35+00,1472
849,3b98ad7e,N622FB,N622FB,AS50,2025-08-06 03:33:10+00,2025-08-06 05:04:32+00,KDVT,KDVT,91.36666666666666,2025-08-06 03:32:28+00,2025-08-06 05:05:18+00,2033
1616,3b98dddd,N623FB,N623FB,AS50,2025-08-06 05:02:40+00,2025-08-06 06:47:43+00,KDVT,KDVT,105.05,2025-08-06 05:02:19+00,2025-08-06 06:48:19+00,2468
850,3b990e25,N622FB,N622FB,AS50,2025-08-06 06:32:49+00,2025-08-06 08:04:10+00,KDVT,KDVT,91.35,2025-08-06 06:32:20+00,2025-08-06 08:04:10+00,2017
1617,3b99428e,N623FB,N623FB,AS50,2025-08-06 08:01:59+00,2025-08-06 09:31:38+00,KDVT,KDVT,89.65,2025-08-06 08:01:45+00,2025-08-06 09:32:15+00,1833
1618,3b9a0c70,N623FB,N623FB,AS50,2025-08-06 12:27:07+00,2025-08-06 12:57:06+00,KDVT,,29.983333333333334,2025-08-06 12:26:36+00,2025-08-06 13:48:22+00,1222
1620,3b9a8350,N623FB,N623FB,AS50,2025-08-06 14:24:01+00,2025-08-06 14:39:47+00,KDVT,KGEU,15.766666666666667,2025-08-06 14:22:32+00,2025-08-06 14:38:31+00,235
1621,3b9a9563,N623FB,N623FB,AS50,2025-08-06 14:39:22+00,2025-08-06 15:25:49+00,KGEU,KDVT,46.45,2025-08-06 14:39:24+00,2025-08-06 15:56:27+00,1084
851,3b9aab92,N622FB,N622FB,AS50,2025-08-06 15:01:38+00,2025-08-06 15:59:46+00,KDVT,KDVT,58.13333333333333,2025-08-06 15:00:50+00,2025-08-06 15:58:01+00,1001
852,3b9b7aca,N622FB,N622FB,AS50,2025-08-06 18:35:12+00,2025-08-06 19:35:38+00,KDVT,KDVT,60.43333333333333,2025-08-06 18:34:30+00,2025-08-06 19:35:38+00,1183
854,3b9bd9fc,N622FB,N622FB,AS50,2025-08-06 20:29:57+00,2025-08-06 21:10:57+00,KDVT,KDVT,41,2025-08-06 20:30:05+00,2025-08-06 21:10:57+00,904
194,3b9c4b72,N621FB,N621FB,AS50,2025-08-06 23:07:04+00,2025-08-07 00:33:27+00,KDVT,KDVT,86.38333333333334,2025-08-06 23:06:19+00,2025-08-07 00:34:05+00,2099
195,3b9cc1d9,N621FB,N621FB,AS50,2025-08-07 02:09:13+00,2025-08-07 03:39:13+00,KDVT,KDVT,90,2025-08-07 02:08:25+00,2025-08-07 03:39:50+00,2184
1622,3b9cf064,N623FB,N623FB,AS50,2025-08-07 03:34:37+00,,KDVT,,,2025-08-07 03:33:47+00,2025-08-07 05:07:56+00,2003
196,3b9d22a9,N621FB,N621FB,AS50,2025-08-07 05:03:06+00,2025-08-07 06:37:35+00,KDVT,KDVT,94.48333333333333,2025-08-07 05:02:32+00,2025-08-07 06:37:41+00,2087
1623,3b9d5638,N623FB,N623FB,AS50,2025-08-07 06:33:38+00,2025-08-07 08:07:01+00,KDVT,KDVT,93.38333333333334,2025-08-07 06:32:36+00,2025-08-07 08:10:27+00,2021
197,3b9d5949,N621FB,N621FB,AS50,2025-08-07 08:01:56+00,2025-08-07 10:20:04+00,KDVT,KDVT,138.13333333333333,2025-08-07 06:37:42+00,2025-08-07 10:20:25+00,3271
2284,3b9f03e7,N624FB,N624FB,AS50,2025-08-07 15:09:05+00,2025-08-07 15:33:27+00,KDVT,KPHX,24.366666666666667,2025-08-07 15:08:00+00,2025-08-07 15:33:27+00,422
2286,3b9f1eee,N624FB,N624FB,AS50,2025-08-07 15:36:13+00,2025-08-07 15:59:17+00,KPHX,KDVT,23.066666666666666,2025-08-07 15:33:36+00,2025-08-07 15:59:17+00,389
2288,3b9fba85,N624FB,N624FB,AS50,2025-08-07 18:10:26+00,2025-08-07 18:47:57+00,KDVT,KDVT,37.516666666666666,2025-08-07 18:09:23+00,2025-08-07 18:47:57+00,663
198,3ba10a31,N621FB,N621FB,AS50,2025-08-08 01:40:42+00,2025-08-08 03:13:20+00,KDVT,KDVT,92.63333333333334,2025-08-08 01:40:24+00,2025-08-08 03:13:41+00,2371
1624,3ba14915,N623FB,N623FB,AS50,2025-08-08 03:36:08+00,2025-08-08 05:02:20+00,KDVT,KDVT,86.2,2025-08-08 03:35:29+00,2025-08-08 05:03:50+00,2056
857,3ba17694,N622FB,N622FB,AS50,2025-08-08 05:00:26+00,2025-08-08 06:37:03+00,KDVT,KDVT,96.61666666666666,2025-08-08 05:00:18+00,2025-08-08 06:37:17+00,2227
1625,3ba1a790,N623FB,N623FB,AS50,2025-08-08 06:32:35+00,2025-08-08 08:10:56+00,KDVT,KDVT,98.35,2025-08-08 06:31:35+00,2025-08-08 08:11:54+00,2296
859,3ba1dfe4,N622FB,N622FB,AS50,2025-08-08 08:03:49+00,2025-08-08 09:39:15+00,KDVT,KDVT,95.43333333333334,2025-08-08 08:03:32+00,2025-08-08 09:39:20+00,2078
199,3ba35bf9,N621FB,N621FB,AS50,2025-08-08 15:14:43+00,2025-08-08 16:02:29+00,KDVT,KDVT,47.766666666666666,2025-08-08 15:14:30+00,2025-08-08 16:02:29+00,801
200,3ba39025,N621FB,N621FB,AS50,2025-08-08 18:16:48+00,2025-08-08 18:56:16+00,KDVT,KDVT,39.46666666666667,2025-08-08 16:02:32+00,2025-08-08 18:56:16+00,701
860,3ba4d9ad,N622FB,N622FB,AS50,2025-08-08 22:53:54+00,2025-08-09 00:22:28+00,KDVT,KDVT,88.56666666666666,2025-08-08 22:53:13+00,2025-08-09 00:24:25+00,1891
861,3ba5492d,N622FB,N622FB,AS50,2025-08-09 01:59:53+00,2025-08-09 02:48:45+00,KDVT,KGEU,48.86666666666667,2025-08-09 01:59:35+00,2025-08-09 02:49:07+00,1157
862,3ba56193,N622FB,N622FB,AS50,2025-08-09 02:48:55+00,2025-08-09 03:38:13+00,KGEU,KDVT,49.3,2025-08-09 02:49:08+00,2025-08-09 03:38:24+00,1191
201,3ba57661,N621FB,N621FB,AS50,2025-08-09 03:35:51+00,2025-08-09 05:06:05+00,KDVT,KDVT,90.23333333333333,2025-08-09 03:35:09+00,2025-08-09 05:07:45+00,2049
1626,3ba5a192,N623FB,N623FB,AS50,2025-08-09 05:04:03+00,2025-08-09 06:48:38+00,KDVT,KDVT,104.58333333333333,2025-08-09 05:03:07+00,2025-08-09 06:48:53+00,2336
202,3ba5cbff,N621FB,N621FB,AS50,2025-08-09 06:29:25+00,2025-08-09 08:14:40+00,KDVT,KDVT,105.25,2025-08-09 06:28:35+00,2025-08-09 08:15:39+00,2363
1627,3ba6028a,N623FB,N623FB,AS50,2025-08-09 08:04:49+00,2025-08-09 09:26:27+00,KDVT,KDVT,81.63333333333334,2025-08-09 08:04:21+00,2025-08-09 09:26:44+00,1744
3003,3ba7b67c,N625FB,N625FB,AS50,2025-08-09 16:27:07+00,2025-08-09 16:42:30+00,KDVT,,15.383333333333333,2025-08-09 16:26:09+00,2025-08-09 17:26:23+00,1092
863,3ba8c465,N622FB,N622FB,AS50,2025-08-09 23:00:01+00,2025-08-10 00:38:41+00,KDVT,KDVT,98.66666666666667,2025-08-09 22:59:54+00,2025-08-10 00:39:29+00,2004
864,3ba92512,N622FB,N622FB,AS50,2025-08-10 02:06:28+00,2025-08-10 03:33:36+00,KDVT,KDVT,87.13333333333334,2025-08-10 02:05:26+00,2025-08-10 03:33:59+00,2114
203,3ba94a6b,N621FB,N621FB,AS50,2025-08-10 03:31:40+00,2025-08-10 05:06:27+00,KDVT,KDVT,94.78333333333333,2025-08-10 03:30:57+00,2025-08-10 05:07:39+00,2246
1628,3ba9739c,N623FB,N623FB,AS50,2025-08-10 05:00:50+00,2025-08-10 06:42:06+00,KDVT,KDVT,101.26666666666667,2025-08-10 05:00:16+00,2025-08-10 06:42:36+00,2526
204,3ba99d10,N621FB,N621FB,AS50,2025-08-10 06:29:38+00,2025-08-10 08:05:05+00,KDVT,KDVT,95.45,2025-08-10 06:28:53+00,2025-08-10 08:06:08+00,2135
1629,3ba9d05a,N623FB,N623FB,AS50,2025-08-10 08:03:17+00,2025-08-10 09:16:02+00,KDVT,KDVT,72.75,2025-08-10 08:02:59+00,2025-08-10 09:17:25+00,1538
1630,3baaeb68,N623FB,N623FB,AS50,2025-08-10 14:08:08+00,2025-08-10 14:48:56+00,KDVT,KDVT,40.8,2025-08-10 14:08:02+00,2025-08-10 14:48:56+00,847
1631,3babd5cf,N623FB,N623FB,AS50,2025-08-10 18:41:25+00,2025-08-10 19:52:19+00,KDVT,KDVT,70.9,2025-08-10 18:41:23+00,2025-08-10 19:52:19+00,1450
1632,3bac0850,N623FB,N623FB,AS50,2025-08-10 20:33:59+00,2025-08-10 20:45:47+00,KDVT,KGEU,11.8,2025-08-10 19:52:24+00,2025-08-10 20:45:47+00,203
1633,3bac2cc1,N623FB,N623FB,AS50,2025-08-10 20:45:52+00,2025-08-10 21:17:50+00,KGEU,,31.966666666666665,2025-08-10 20:45:56+00,2025-08-10 21:56:58+00,973
205,3bac8d7e,N621FB,N621FB,AS50,2025-08-10 23:24:29+00,2025-08-11 01:22:58+00,KDVT,KDVT,118.48333333333333,2025-08-10 23:22:46+00,2025-08-11 01:24:13+00,2752
206,3baceceb,N621FB,N621FB,AS50,2025-08-11 02:11:29+00,2025-08-11 03:29:10+00,KDVT,KDVT,77.68333333333334,2025-08-11 02:10:32+00,2025-08-11 03:30:21+00,1913
3004,3bad0fee,N625FB,N625FB,AS50,2025-08-11 03:22:20+00,2025-08-11 05:15:17+00,KDVT,KDVT,112.95,2025-08-11 03:21:48+00,2025-08-11 05:15:17+00,2270
1634,3bad40c1,N623FB,N623FB,AS50,2025-08-11 04:59:30+00,2025-08-11 06:34:16+00,KDVT,KDVT,94.76666666666667,2025-08-11 04:59:02+00,2025-08-11 06:35:31+00,2020
3005,3bad6e61,N625FB,N625FB,AS50,2025-08-11 06:26:24+00,2025-08-11 08:19:54+00,KDVT,KDVT,113.5,2025-08-11 06:25:41+00,2025-08-11 08:20:06+00,2574
1635,3bada6fc,N623FB,N623FB,AS50,2025-08-11 08:04:51+00,2025-08-11 09:51:53+00,KDVT,KDVT,107.03333333333333,2025-08-11 08:04:54+00,2025-08-11 09:52:42+00,2194
207,3baed5ae,N621FB,N621FB,AS50,2025-08-11 14:29:06+00,2025-08-11 14:41:34+00,KDVT,KPHX,12.466666666666667,2025-08-11 14:28:06+00,2025-08-11 16:01:38+00,645
209,3bafae44,N621FB,N621FB,AS50,2025-08-11 18:18:52+00,2025-08-11 19:13:11+00,KDVT,KDVT,54.31666666666667,2025-08-11 18:18:46+00,2025-08-11 19:14:41+00,1059
1636,3bb0803e,N623FB,N623FB,AS50,2025-08-11 23:12:58+00,2025-08-12 00:38:02+00,KDVT,KDVT,85.06666666666666,2025-08-11 23:11:06+00,2025-08-12 00:41:10+00,1955
1637,3bb0efbb,N623FB,N623FB,AS50,2025-08-12 02:09:03+00,2025-08-12 04:16:28+00,KDVT,KDVT,127.41666666666667,2025-08-12 02:08:42+00,2025-08-12 04:17:54+00,2994
865,3bb11c70,N622FB,N622FB,AS50,2025-08-12 03:34:35+00,2025-08-12 05:05:01+00,KDVT,KDVT,90.43333333333334,2025-08-12 03:34:12+00,2025-08-12 05:07:08+00,1999
1638,3bb14cd4,N623FB,N623FB,AS50,2025-08-12 05:03:06+00,2025-08-12 06:38:50+00,KDVT,KDVT,95.73333333333333,2025-08-12 05:01:29+00,2025-08-12 06:40:42+00,2211
866,3bb17ea8,N622FB,N622FB,AS50,2025-08-12 06:34:38+00,2025-08-12 08:09:51+00,KDVT,KDVT,95.21666666666667,2025-08-12 06:33:36+00,2025-08-12 08:11:43+00,2128
1639,3bb1b1cb,N623FB,N623FB,AS50,2025-08-12 08:02:39+00,2025-08-12 08:37:16+00,KDVT,KGEU,34.61666666666667,2025-08-12 08:01:35+00,2025-08-12 08:37:55+00,759
1640,3bb1c7ea,N623FB,N623FB,AS50,2025-08-12 08:37:47+00,2025-08-12 09:58:54+00,KGEU,KDVT,81.11666666666666,2025-08-12 08:38:00+00,2025-08-12 10:00:30+00,1906
867,3bb30f20,N622FB,N622FB,AS50,2025-08-12 14:57:44+00,2025-08-12 15:55:28+00,KDVT,KDVT,57.733333333333334,2025-08-12 14:57:05+00,2025-08-12 15:56:26+00,1059
868,3bb3d556,N622FB,N622FB,AS50,2025-08-12 18:27:16+00,2025-08-12 19:52:52+00,KDVT,KDVT,85.6,2025-08-12 18:27:17+00,2025-08-12 19:53:46+00,1608
210,3bb4428d,N621FB,N621FB,AS50,2025-08-12 20:45:32+00,2025-08-12 21:58:21+00,KDVT,KDVT,72.81666666666666,2025-08-12 20:42:30+00,2025-08-12 22:01:08+00,1537
211,3bb51bc8,N621FB,N621FB,AS50,2025-08-13 02:06:30+00,2025-08-13 03:58:00+00,KDVT,KDVT,111.5,2025-08-13 02:03:01+00,2025-08-13 04:01:14+00,2790
1642,3bb54a7d,N623FB,N623FB,AS50,2025-08-13 03:30:10+00,2025-08-13 05:06:10+00,KDVT,KDVT,96,2025-08-13 03:30:04+00,2025-08-13 05:08:44+00,2390
3006,3bb57c4c,N625FB,N625FB,AS50,2025-08-13 05:02:18+00,2025-08-13 06:53:14+00,KDVT,KDVT,110.93333333333334,2025-08-13 05:00:23+00,2025-08-13 06:54:22+00,2567
1643,3bb5af37,N623FB,N623FB,AS50,2025-08-13 06:30:50+00,2025-08-13 08:08:27+00,KDVT,KDVT,97.61666666666666,2025-08-13 06:30:07+00,2025-08-13 08:10:05+00,2395
3007,3bb5e76c,N625FB,N625FB,AS50,2025-08-13 08:03:21+00,2025-08-13 09:50:12+00,KDVT,KDVT,106.85,2025-08-13 08:01:28+00,2025-08-13 09:52:00+00,1969
870,3bb748fd,N622FB,N622FB,AS50,2025-08-13 15:09:36+00,2025-08-13 16:07:20+00,KDVT,KDVT,57.733333333333334,2025-08-13 15:09:36+00,2025-08-13 16:07:20+00,982
872,3bb81234,N622FB,N622FB,AS50,2025-08-13 18:45:55+00,2025-08-13 19:55:41+00,KDVT,KDVT,69.76666666666667,2025-08-13 18:45:53+00,2025-08-13 19:56:05+00,1295
212,3bb8c88d,N621FB,N621FB,AS50,2025-08-13 22:57:26+00,2025-08-14 00:59:39+00,KDVT,KDVT,122.21666666666667,2025-08-13 22:56:36+00,2025-08-14 01:00:39+00,2795
213,3bb946a5,N621FB,N621FB,AS50,2025-08-14 02:15:25+00,2025-08-14 02:56:02+00,KDVT,KDVT,40.61666666666667,2025-08-14 02:14:36+00,2025-08-14 02:57:23+00,1002
1644,3bb9c918,N623FB,N623FB,AS50,2025-08-14 06:19:41+00,2025-08-14 08:01:51+00,KDVT,KDVT,102.16666666666667,2025-08-14 06:18:59+00,2025-08-14 08:03:13+00,2374
3008,3bba0427,N625FB,N625FB,AS50,2025-08-14 07:58:11+00,2025-08-14 09:01:10+00,KDVT,KDVT,62.983333333333334,2025-08-14 07:56:03+00,2025-08-14 09:02:36+00,1357
3009,3bbb7918,N625FB,N625FB,AS50,2025-08-14 15:10:34+00,2025-08-14 16:18:17+00,KDVT,KPHX,67.71666666666667,2025-08-14 15:10:05+00,2025-08-14 16:18:17+00,1160
3010,3bbbc9a7,N625FB,N625FB,AS50,2025-08-14 16:29:18+00,2025-08-14 16:43:38+00,KPHX,KDVT,14.333333333333334,2025-08-14 16:28:55+00,2025-08-14 16:41:48+00,167
3012,3bbc2608,N625FB,N625FB,AS50,2025-08-14 18:07:29+00,2025-08-14 19:06:36+00,KDVT,KDVT,59.11666666666667,2025-08-14 18:07:29+00,2025-08-14 19:07:22+00,1166
214,3bbd0e65,N621FB,N621FB,AS50,2025-08-14 23:01:38+00,2025-08-15 00:01:59+00,KDVT,,60.35,2025-08-14 23:00:35+00,2025-08-15 00:25:25+00,2070
215,3bbd8df6,N621FB,N621FB,AS50,2025-08-15 02:07:13+00,2025-08-15 03:22:03+00,KDVT,KDVT,74.83333333333333,2025-08-15 02:06:28+00,2025-08-15 03:22:03+00,1807
3013,3bbfc13f,N625FB,N625FB,AS50,2025-08-15 14:51:54+00,2025-08-15 16:03:18+00,KDVT,KDVT,71.4,2025-08-15 14:50:52+00,2025-08-15 16:04:14+00,1180
3014,3bc07f82,N625FB,N625FB,AS50,2025-08-15 18:00:33+00,2025-08-15 19:01:44+00,KDVT,KDVT,61.18333333333333,2025-08-15 18:00:37+00,2025-08-15 19:01:44+00,1092
179,3bc156c4,N621FB,N621FB,AS50,2025-08-15 22:47:15+00,2025-08-16 00:02:39+00,KDVT,KDVT,75.4,2025-08-15 22:47:13+00,2025-08-16 00:03:40+00,1882
180,3bc1d022,N621FB,N621FB,AS50,2025-08-16 02:05:15+00,2025-08-16 03:37:40+00,KDVT,KDVT,92.41666666666667,2025-08-16 02:05:24+00,2025-08-16 03:38:28+00,2133
873,3bc1f8ee,N622FB,N622FB,AS50,2025-08-16 03:31:56+00,2025-08-16 04:41:05+00,KDVT,KGEU,69.15,2025-08-16 03:29:11+00,2025-08-16 04:42:00+00,1658
874,3bc21bbc,N622FB,N622FB,AS50,2025-08-16 04:41:58+00,2025-08-16 05:10:34+00,KGEU,KDVT,28.6,2025-08-16 04:42:01+00,2025-08-16 05:11:59+00,585
1645,3bc2266b,N623FB,N623FB,AS50,2025-08-16 05:04:46+00,2025-08-16 06:36:23+00,KDVT,KDVT,91.61666666666666,2025-08-16 05:04:13+00,2025-08-16 06:37:32+00,2212
875,3bc2502e,N622FB,N622FB,AS50,2025-08-16 06:31:06+00,2025-08-16 08:09:49+00,KDVT,KDVT,98.71666666666667,2025-08-16 06:30:05+00,2025-08-16 08:10:41+00,2305
1647,3bc27ff5,N623FB,N623FB,AS50,2025-08-16 07:59:52+00,2025-08-16 09:52:03+00,KDVT,KDVT,112.18333333333334,2025-08-16 07:59:52+00,2025-08-16 09:53:02+00,2612
3016,3bc339af,N625FB,N625FB,AS50,2025-08-16 12:28:12+00,2025-08-16 13:19:32+00,KDVT,KDVT,51.333333333333336,2025-08-16 12:27:55+00,2025-08-16 13:20:34+00,1283
3017,3bc469f8,N625FB,N625FB,AS50,2025-08-16 18:02:39+00,2025-08-16 19:04:54+00,KDVT,KDVT,62.25,2025-08-16 18:01:59+00,2025-08-16 19:05:05+00,1146
182,3bc57860,N621FB,N621FB,AS50,2025-08-17 01:57:51+00,2025-08-17 03:34:00+00,KDVT,KDVT,96.15,2025-08-17 01:56:30+00,2025-08-17 03:34:23+00,2328
877,3bc5a27e,N622FB,N622FB,AS50,2025-08-17 03:31:51+00,2025-08-17 05:10:54+00,KDVT,KDVT,99.05,2025-08-17 03:31:51+00,2025-08-17 05:12:31+00,2351
1648,3bc5cb77,N623FB,N623FB,AS50,2025-08-17 05:01:43+00,2025-08-17 06:45:16+00,KDVT,KDVT,103.55,2025-08-17 05:00:53+00,2025-08-17 06:45:16+00,2300
878,3bc5f602,N622FB,N622FB,AS50,2025-08-17 06:32:07+00,2025-08-17 07:08:11+00,KDVT,KCHD,36.06666666666667,2025-08-17 06:31:06+00,2025-08-17 07:08:23+00,742
879,3bc607fc,N622FB,N622FB,AS50,2025-08-17 07:08:28+00,2025-08-17 08:18:39+00,KCHD,KDVT,70.18333333333334,2025-08-17 07:08:29+00,2025-08-17 08:18:39+00,1359
1649,3bc6260d,N623FB,N623FB,AS50,2025-08-17 08:04:54+00,2025-08-17 09:41:26+00,KDVT,KDVT,96.53333333333333,2025-08-17 08:04:31+00,2025-08-17 09:42:44+00,2304
2967,3bc7606f,N625FB,N625FB,AS50,2025-08-17 15:03:48+00,2025-08-17 16:02:56+00,KDVT,KDVT,59.13333333333333,2025-08-17 15:03:04+00,2025-08-17 16:06:06+00,1139
2968,3bc81746,N625FB,N625FB,AS50,2025-08-17 18:46:42+00,2025-08-17 19:57:10+00,KDVT,KDVT,70.46666666666667,2025-08-17 18:44:41+00,2025-08-17 19:57:28+00,1497
137,3bc8b8bc,N621FB,N621FB,AS50,2025-08-17 23:02:56+00,2025-08-17 23:50:19+00,KDVT,KSDL,47.38333333333333,2025-08-17 22:59:29+00,2025-08-18 00:41:57+00,2035
138,3bc92574,N621FB,N621FB,AS50,2025-08-18 02:20:19+00,2025-08-18 03:40:15+00,KDVT,KDVT,79.93333333333334,2025-08-18 02:14:21+00,2025-08-18 03:47:21+00,1677
838,3bc948d6,N622FB,N622FB,AS50,2025-08-18 03:33:41+00,2025-08-18 05:02:46+00,KDVT,KDVT,89.08333333333333,2025-08-18 03:32:14+00,2025-08-18 05:04:05+00,2005
1571,3bc9730e,N623FB,N623FB,AS50,2025-08-18 05:00:46+00,2025-08-18 06:37:26+00,KDVT,KDVT,96.66666666666667,2025-08-18 04:59:35+00,2025-08-18 06:39:02+00,2326
839,3bc9a268,N622FB,N622FB,AS50,2025-08-18 06:31:26+00,2025-08-18 08:05:01+00,KDVT,KDVT,93.58333333333333,2025-08-18 06:30:51+00,2025-08-18 08:05:43+00,2084
1572,3bc9d40e,N623FB,N623FB,AS50,2025-08-18 08:01:26+00,2025-08-18 09:44:40+00,KDVT,KDVT,103.23333333333333,2025-08-18 08:00:35+00,2025-08-18 09:46:13+00,2098
2253,3bcb22ca,N624FB,N624FB,AS50,2025-08-18 14:59:53+00,2025-08-18 16:01:54+00,KDVT,KDVT,62.016666666666666,2025-08-18 14:58:38+00,2025-08-18 16:01:54+00,1193
840,3bcbcc38,N622FB,N622FB,AS50,2025-08-18 18:02:25+00,2025-08-18 18:18:21+00,KDVT,,15.933333333333334,2025-08-18 18:01:57+00,2025-08-18 19:36:41+00,1152
2255,3bcbe3fa,N624FB,N624FB,AS50,2025-08-18 18:31:18+00,2025-08-18 19:30:05+00,KDVT,KDVT,58.78333333333333,2025-08-18 18:31:16+00,2025-08-18 19:30:30+00,858
140,3bcca323,N621FB,N621FB,AS50,2025-08-18 23:02:06+00,2025-08-19 00:30:31+00,KDVT,KDVT,88.41666666666667,2025-08-18 23:02:04+00,2025-08-19 00:31:42+00,1859
141,3bcd16eb,N621FB,N621FB,AS50,2025-08-19 02:07:54+00,2025-08-19 03:43:19+00,KDVT,KDVT,95.41666666666667,2025-08-19 02:07:49+00,2025-08-19 03:44:27+00,2068
841,3bcd4230,N622FB,N622FB,AS50,2025-08-19 03:33:10+00,2025-08-19 05:10:09+00,KDVT,KDVT,96.98333333333333,2025-08-19 03:32:46+00,2025-08-19 05:11:56+00,2088
1573,3bcd71c9,N623FB,N623FB,AS50,2025-08-19 05:03:56+00,2025-08-19 06:36:43+00,KDVT,KDVT,92.78333333333333,2025-08-19 05:02:36+00,2025-08-19 06:37:48+00,1906
843,3bcda297,N622FB,N622FB,AS50,2025-08-19 06:32:47+00,2025-08-19 08:11:27+00,KDVT,KDVT,98.66666666666667,2025-08-19 06:32:44+00,2025-08-19 08:13:24+00,2099
1575,3bcdd7c4,N623FB,N623FB,AS50,2025-08-19 08:02:08+00,2025-08-19 09:50:30+00,KDVT,KDVT,108.36666666666666,2025-08-19 08:02:04+00,2025-08-19 09:50:30+00,2407
1576,3bce1c9f,N623FB,N623FB,AS50,2025-08-19 09:51:17+00,2025-08-19 10:09:32+00,KDVT,KDVT,18.25,2025-08-19 09:50:33+00,2025-08-19 10:10:37+00,402
1577,3bce55d6,N623FB,N623FB,AS50,2025-08-19 11:09:41+00,2025-08-19 11:30:16+00,KDVT,KDVT,20.583333333333332,2025-08-19 11:09:54+00,2025-08-19 11:31:29+00,482
2970,3bcf344f,N625FB,N625FB,AS50,2025-08-19 15:04:43+00,2025-08-19 16:06:14+00,KDVT,KDVT,61.516666666666666,2025-08-19 15:04:37+00,2025-08-19 16:06:14+00,1235
2972,3bcff509,N625FB,N625FB,AS50,2025-08-19 18:34:52+00,2025-08-19 19:43:14+00,KDVT,KDVT,68.36666666666666,2025-08-19 18:34:59+00,2025-08-19 19:43:14+00,1395
143,3bd125ab,N621FB,N621FB,AS50,2025-08-20 02:04:30+00,2025-08-20 03:46:36+00,KDVT,KDVT,102.1,2025-08-20 02:00:38+00,2025-08-20 03:56:11+00,2117
2256,3bd15617,N624FB,N624FB,AS50,2025-08-20 03:32:38+00,2025-08-20 05:08:29+00,KDVT,KDVT,95.85,2025-08-20 03:32:07+00,2025-08-20 05:09:21+00,1900
2974,3bd183fb,N625FB,N625FB,AS50,2025-08-20 05:01:53+00,2025-08-20 06:37:49+00,KDVT,KDVT,95.93333333333334,2025-08-20 05:00:07+00,2025-08-20 06:39:20+00,2266
2257,3bd1b458,N624FB,N624FB,AS50,2025-08-20 06:32:29+00,2025-08-20 08:11:16+00,KDVT,KDVT,98.78333333333333,2025-08-20 06:32:05+00,2025-08-20 08:11:42+00,2191
2976,3bd1e63f,N625FB,N625FB,AS50,2025-08-20 08:02:23+00,2025-08-20 09:39:13+00,KDVT,KDVT,96.83333333333333,2025-08-20 08:02:19+00,2025-08-20 09:40:48+00,2256
2258,3bd231ff,N624FB,N624FB,AS50,2025-08-20 10:11:49+00,2025-08-20 10:43:00+00,KDVT,,31.183333333333334,2025-08-20 10:10:47+00,2025-08-20 11:42:30+00,1257
2978,3bd32c62,N625FB,N625FB,AS50,2025-08-20 15:02:07+00,2025-08-20 16:06:35+00,KDVT,KDVT,64.46666666666667,2025-08-20 15:01:57+00,2025-08-20 16:06:35+00,1125
2981,3bd3e78f,N625FB,N625FB,AS50,2025-08-20 18:29:35+00,2025-08-20 19:29:20+00,KDVT,KDVT,59.75,2025-08-20 18:29:25+00,2025-08-20 19:30:03+00,1171
2262,3bd41d1b,N624FB,N624FB,AS50,2025-08-20 19:37:37+00,2025-08-20 19:50:52+00,KDVT,KPHX,13.25,2025-08-20 19:37:35+00,2025-08-20 19:50:52+00,231
2263,3bd4803b,N624FB,N624FB,AS50,2025-08-20 21:56:04+00,2025-08-20 22:48:36+00,KPHX,KDVT,52.53333333333333,2025-08-20 21:55:47+00,2025-08-20 22:56:09+00,1241
144,3bd4ac40,N621FB,N621FB,AS50,2025-08-20 22:59:36+00,2025-08-21 00:31:51+00,KDVT,KDVT,92.25,2025-08-20 22:59:35+00,2025-08-21 00:32:12+00,2156
146,3bd52559,N621FB,N621FB,AS50,2025-08-21 02:09:28+00,2025-08-21 03:41:44+00,KDVT,KDVT,92.26666666666667,2025-08-21 02:09:32+00,2025-08-21 03:42:04+00,2033
1578,3bd551c0,N623FB,N623FB,AS50,2025-08-21 03:34:41+00,2025-08-21 05:03:09+00,KDVT,KDVT,88.46666666666667,2025-08-21 03:34:06+00,2025-08-21 05:04:54+00,1923
1579,3bd5bc31,N623FB,N623FB,AS50,2025-08-21 06:57:43+00,2025-08-21 08:02:58+00,KDVT,KDVT,65.25,2025-08-21 06:57:00+00,2025-08-21 08:04:57+00,1362
147,3bd5dfcb,N621FB,N621FB,AS50,2025-08-21 08:00:01+00,2025-08-21 08:55:06+00,KDVT,KDVT,55.083333333333336,2025-08-21 07:59:34+00,2025-08-21 08:56:23+00,1223
2983,3bd755f6,N625FB,N625FB,AS50,2025-08-21 15:38:18+00,2025-08-21 16:36:06+00,KDVT,KDVT,57.8,2025-08-21 15:38:10+00,2025-08-21 16:36:40+00,1087
2984,3bd7d655,N625FB,N625FB,AS50,2025-08-21 17:58:53+00,2025-08-21 19:00:49+00,KDVT,KDVT,61.93333333333333,2025-08-21 17:58:45+00,2025-08-21 19:01:20+00,1194
148,3bd85ae4,N621FB,N621FB,AS50,2025-08-21 20:43:55+00,2025-08-21 22:01:36+00,KDVT,KDVT,77.68333333333334,2025-08-21 20:43:35+00,2025-08-21 22:06:53+00,1536
149,3bd994de,N621FB,N621FB,AS50,2025-08-22 05:00:11+00,2025-08-22 06:36:35+00,KDVT,KDVT,96.4,2025-08-22 04:59:26+00,2025-08-22 06:39:35+00,2124
2264,3bd9c4a4,N624FB,N624FB,AS50,2025-08-22 06:31:08+00,2025-08-22 06:39:24+00,KDVT,KDVT,8.266666666666667,2025-08-22 06:30:42+00,2025-08-22 06:39:24+00,170
2265,3bdb38e4,N624FB,N624FB,AS50,2025-08-22 14:31:43+00,2025-08-22 16:31:14+00,KDVT,KDVT,119.51666666666667,2025-08-22 14:31:07+00,2025-08-22 16:32:16+00,1934
2266,3bdc3795,N624FB,N624FB,AS50,2025-08-22 18:51:36+00,2025-08-22 20:38:44+00,KDVT,KDVT,107.13333333333334,2025-08-22 18:51:09+00,2025-08-22 20:39:15+00,1885
150,3bdcf123,N621FB,N621FB,AS50,2025-08-22 23:00:59+00,2025-08-23 00:22:37+00,KDVT,KDVT,81.63333333333334,2025-08-22 22:59:53+00,2025-08-23 00:23:31+00,1741
151,3bdd628a,N621FB,N621FB,AS50,2025-08-23 02:02:06+00,2025-08-23 03:35:01+00,KDVT,KDVT,92.91666666666667,2025-08-23 02:02:07+00,2025-08-23 03:36:06+00,2185
1580,3bdd8d8e,N623FB,N623FB,AS50,2025-08-23 03:32:25+00,2025-08-23 05:09:13+00,KDVT,KDVT,96.8,2025-08-23 03:30:05+00,2025-08-23 05:10:54+00,2263
153,3bddbd68,N621FB,N621FB,AS50,2025-08-23 05:06:09+00,2025-08-23 06:35:41+00,KDVT,KDVT,89.53333333333333,2025-08-23 05:06:06+00,2025-08-23 06:36:29+00,1876
1582,3bdde596,N623FB,N623FB,AS50,2025-08-23 06:30:08+00,2025-08-23 08:06:52+00,KDVT,KDVT,96.73333333333333,2025-08-23 06:30:08+00,2025-08-23 08:07:54+00,2234
154,3bde187e,N621FB,N621FB,AS50,2025-08-23 08:01:16+00,2025-08-23 09:36:03+00,KDVT,KDVT,94.78333333333333,2025-08-23 08:01:08+00,2025-08-23 09:41:56+00,2055
1584,3bdf6a36,N623FB,N623FB,AS50,2025-08-23 15:01:57+00,2025-08-23 15:59:41+00,KDVT,KDVT,57.733333333333334,2025-08-23 15:01:53+00,2025-08-23 15:59:41+00,1107
156,3be0b407,N621FB,N621FB,AS50,2025-08-23 22:58:33+00,2025-08-23 23:59:44+00,KDVT,KDVT,61.18333333333333,2025-08-23 22:58:38+00,2025-08-24 00:01:10+00,1510
157,3be0d7ab,N621FB,N621FB,AS50,2025-08-24 00:01:25+00,2025-08-24 00:18:35+00,,KDVT,17.166666666666668,2025-08-24 00:02:37+00,2025-08-24 00:20:06+00,358
158,3be112f1,N621FB,N621FB,AS50,2025-08-24 02:02:20+00,,KDVT,,,2025-08-24 02:02:09+00,2025-08-24 02:15:26+00,226
159,3be1189b,N621FB,N621FB,AS50,2025-08-24 02:15:23+00,2025-08-24 03:45:18+00,KGEU,KDVT,89.91666666666667,2025-08-24 02:15:27+00,2025-08-24 03:45:51+00,2235
2267,3be138b1,N624FB,N624FB,AS50,2025-08-24 03:32:00+00,2025-08-24 03:56:09+00,KDVT,KGEU,24.15,2025-08-24 03:30:24+00,2025-08-24 03:58:45+00,553
2268,3be1457a,N624FB,N624FB,AS50,2025-08-24 03:58:41+00,2025-08-24 05:16:33+00,KGEU,KDVT,77.86666666666666,2025-08-24 03:58:49+00,2025-08-24 05:18:08+00,1803
160,3be1621c,N621FB,N621FB,AS50,2025-08-24 05:01:08+00,2025-08-24 06:34:07+00,KDVT,KDVT,92.98333333333333,2025-08-24 05:00:31+00,2025-08-24 06:35:13+00,2029
2269,3be18c12,N624FB,N624FB,AS50,2025-08-24 06:32:54+00,2025-08-24 08:00:20+00,KDVT,KGEU,87.43333333333334,2025-08-24 06:31:35+00,2025-08-24 08:00:56+00,2087
2270,3be1bbab,N624FB,N624FB,AS50,2025-08-24 08:01:04+00,2025-08-24 08:12:50+00,KGEU,KDVT,11.766666666666667,2025-08-24 08:00:59+00,2025-08-24 08:12:50+00,184
161,3be1bbb7,N621FB,N621FB,AS50,2025-08-24 08:01:08+00,2025-08-24 09:59:54+00,KDVT,KDVT,118.76666666666667,2025-08-24 08:01:05+00,2025-08-24 10:02:45+00,2608
163,3be2e7d6,N621FB,N621FB,AS50,2025-08-24 14:33:49+00,2025-08-24 15:59:39+00,KDVT,KDVT,85.83333333333333,2025-08-24 14:33:46+00,2025-08-24 16:00:05+00,1557
164,3be3c8d5,N621FB,N621FB,AS50,2025-08-24 19:11:12+00,2025-08-24 20:09:29+00,KDVT,KDVT,58.28333333333333,2025-08-24 19:11:05+00,2025-08-24 20:10:09+00,1205
165,3be4eb38,N621FB,N621FB,AS50,2025-08-25 03:32:54+00,2025-08-25 05:06:00+00,KDVT,KDVT,93.1,2025-08-25 03:32:14+00,2025-08-25 05:07:28+00,2158
1586,3be51875,N623FB,N623FB,AS50,2025-08-25 05:02:34+00,2025-08-25 06:37:08+00,KDVT,KDVT,94.56666666666666,2025-08-25 05:02:31+00,2025-08-25 06:38:18+00,1995
166,3be546af,N621FB,N621FB,AS50,2025-08-25 06:33:14+00,2025-08-25 08:11:41+00,KDVT,KDVT,98.45,2025-08-25 06:32:05+00,2025-08-25 08:14:30+00,1957
1588,3be5762a,N623FB,N623FB,AS50,2025-08-25 07:58:45+00,2025-08-25 09:18:09+00,KDVT,KGEU,79.4,2025-08-25 07:58:05+00,2025-08-25 09:20:05+00,1642
1589,3be5a978,N623FB,N623FB,AS50,2025-08-25 09:20:08+00,2025-08-25 09:35:11+00,KGEU,KDVT,15.05,2025-08-25 09:20:07+00,2025-08-25 09:36:03+00,266
1590,3be84f37,N623FB,N623FB,AS50,2025-08-25 23:07:38+00,2025-08-26 00:23:39+00,KDVT,KDVT,76.01666666666667,2025-08-25 23:05:23+00,2025-08-26 00:24:39+00,1806
2986,3be8f089,N625FB,N625FB,AS50,2025-08-26 03:41:59+00,2025-08-26 05:17:36+00,KDVT,KDVT,95.61666666666666,2025-08-26 03:41:44+00,2025-08-26 05:18:36+00,1878
1591,3be91b61,N623FB,N623FB,AS50,2025-08-26 05:03:47+00,2025-08-26 06:46:11+00,KDVT,KDVT,102.4,2025-08-26 05:02:53+00,2025-08-26 06:47:30+00,2539
2987,3be94a69,N625FB,N625FB,AS50,2025-08-26 06:32:40+00,2025-08-26 08:04:18+00,KDVT,KDVT,91.63333333333334,2025-08-26 06:31:52+00,2025-08-26 08:04:41+00,1986
1592,3be97ca0,N623FB,N623FB,AS50,2025-08-26 07:59:34+00,2025-08-26 09:26:18+00,KDVT,KDVT,86.73333333333333,2025-08-26 07:58:23+00,2025-08-26 09:27:41+00,1873
1593,3be9cd09,N623FB,N623FB,AS50,2025-08-26 10:06:47+00,2025-08-26 10:30:43+00,KDVT,KDVT,23.933333333333334,2025-08-26 10:06:06+00,2025-08-26 10:31:59+00,515
2271,3bead7c6,N624FB,N624FB,AS50,2025-08-26 14:59:53+00,2025-08-26 16:18:01+00,KDVT,KDVT,78.13333333333334,2025-08-26 14:59:01+00,2025-08-26 16:18:08+00,1370
2273,3beba14d,N624FB,N624FB,AS50,2025-08-26 18:35:07+00,2025-08-26 20:06:10+00,KDVT,KDVT,91.05,2025-08-26 18:35:03+00,2025-08-26 20:04:25+00,1922
1595,3bec6f5b,N623FB,N623FB,AS50,2025-08-26 23:12:23+00,2025-08-27 00:29:59+00,KDVT,KDVT,77.6,2025-08-26 23:12:18+00,2025-08-27 00:33:06+00,1703
1596,3becdab4,N623FB,N623FB,AS50,2025-08-27 02:09:15+00,2025-08-27 03:40:32+00,KDVT,KDVT,91.28333333333333,2025-08-27 02:05:35+00,2025-08-27 03:46:13+00,2078
2988,3bed06f6,N625FB,N625FB,AS50,2025-08-27 03:33:07+00,2025-08-27 04:17:42+00,KDVT,KDVT,44.583333333333336,2025-08-27 03:32:41+00,2025-08-27 04:19:23+00,992
2989,3bed6256,N625FB,N625FB,AS50,2025-08-27 06:33:16+00,2025-08-27 08:05:30+00,KDVT,KDVT,92.23333333333333,2025-08-27 06:32:49+00,2025-08-27 08:06:59+00,2023
1597,3bed93ad,N623FB,N623FB,AS50,2025-08-27 08:02:38+00,2025-08-27 09:35:49+00,KDVT,KDVT,93.18333333333334,2025-08-27 08:01:20+00,2025-08-27 09:38:20+00,1688
2275,3beeedaa,N624FB,N624FB,AS50,2025-08-27 15:08:06+00,2025-08-27 16:18:13+00,KDVT,KDVT,70.11666666666666,2025-08-27 15:07:58+00,2025-08-27 16:18:13+00,1234
2277,3befafd5,N624FB,N624FB,AS50,2025-08-27 18:34:04+00,2025-08-27 19:51:14+00,KDVT,KDVT,77.16666666666667,2025-08-27 18:33:11+00,2025-08-27 19:51:36+00,1328
2990,3bf07fc8,N625FB,N625FB,AS50,2025-08-27 23:03:14+00,2025-08-27 23:45:23+00,KDVT,,42.15,2025-08-27 23:00:40+00,2025-08-28 00:35:00+00,1854
2991,3bf0f628,N625FB,N625FB,AS50,2025-08-28 02:06:54+00,2025-08-28 03:45:47+00,KDVT,KDVT,98.88333333333334,2025-08-28 02:03:34+00,2025-08-28 03:48:18+00,2316
168,3bf125b6,N621FB,N621FB,AS50,2025-08-28 03:35:50+00,2025-08-28 05:09:23+00,KDVT,KDVT,93.55,2025-08-28 03:35:52+00,2025-08-28 05:10:11+00,2082
1598,3bf15273,N623FB,N623FB,AS50,2025-08-28 05:02:48+00,2025-08-28 06:34:49+00,KDVT,KDVT,92.01666666666667,2025-08-28 05:01:08+00,2025-08-28 06:36:12+00,2302
170,3bf180c6,N621FB,N621FB,AS50,2025-08-28 06:30:59+00,2025-08-28 08:05:59+00,KDVT,KDVT,95,2025-08-28 06:30:59+00,2025-08-28 08:05:59+00,1981
1599,3bf1b133,N623FB,N623FB,AS50,2025-08-28 08:01:51+00,2025-08-28 09:35:14+00,KDVT,KDVT,93.38333333333334,2025-08-28 08:00:36+00,2025-08-28 09:37:09+00,2410
2278,3bf2fa96,N624FB,N624FB,AS50,2025-08-28 15:06:08+00,2025-08-28 16:07:33+00,KDVT,KDVT,61.416666666666664,2025-08-28 15:05:38+00,2025-08-28 16:07:53+00,1030
2279,3bf337e3,N624FB,N624FB,AS50,2025-08-28 16:07:55+00,2025-08-28 16:12:32+00,KDVT,KDVT,4.616666666666666,2025-08-28 16:07:55+00,2025-08-28 16:12:32+00,51
2280,3bf39f84,N624FB,N624FB,AS50,2025-08-28 18:02:07+00,2025-08-28 19:03:14+00,KDVT,,61.11666666666667,2025-08-28 18:01:28+00,2025-08-28 19:23:34+00,1370
2992,3bf47c7f,N625FB,N625FB,AS50,2025-08-28 22:40:43+00,2025-08-28 23:45:16+00,KDVT,,64.55,2025-08-28 22:40:37+00,2025-08-29 00:04:21+00,1804
2993,3bf4fe97,N625FB,N625FB,AS50,2025-08-29 02:01:35+00,2025-08-29 03:40:07+00,KDVT,KDVT,98.53333333333333,2025-08-29 02:01:09+00,2025-08-29 03:40:29+00,2410
1600,3bf52c3c,N623FB,N623FB,AS50,2025-08-29 03:31:08+00,2025-08-29 05:05:16+00,KDVT,KDVT,94.13333333333334,2025-08-29 03:29:53+00,2025-08-29 05:06:36+00,1446
171,3bf557d8,N621FB,N621FB,AS50,2025-08-29 04:56:18+00,2025-08-29 06:41:23+00,KDVT,KDVT,105.08333333333333,2025-08-29 04:53:58+00,2025-08-29 06:42:27+00,2301
1601,3bf5895e,N623FB,N623FB,AS50,2025-08-29 06:30:22+00,2025-08-29 08:06:08+00,KDVT,KDVT,95.76666666666667,2025-08-29 06:29:35+00,2025-08-29 08:07:46+00,2215
172,3bf5b9e1,N621FB,N621FB,AS50,2025-08-29 08:04:11+00,2025-08-29 09:44:31+00,KDVT,KDVT,100.33333333333333,2025-08-29 08:03:07+00,2025-08-29 09:45:51+00,2410
173,3bf6faa6,N621FB,N621FB,AS50,2025-08-29 15:04:23+00,2025-08-29 16:01:06+00,KDVT,KDVT,56.71666666666667,2025-08-29 15:04:01+00,2025-08-29 16:01:06+00,962
175,3bf7ac16,N621FB,N621FB,AS50,2025-08-29 18:17:29+00,2025-08-29 19:10:36+00,KDVT,KDVT,53.11666666666667,2025-08-29 18:17:29+00,2025-08-29 19:11:43+00,784
1602,3bf87bc0,N623FB,N623FB,AS50,2025-08-29 22:58:12+00,2025-08-29 23:50:54+00,KDVT,,52.7,2025-08-29 22:57:32+00,2025-08-30 00:22:25+00,1869
1604,3bf8e6c4,N623FB,N623FB,AS50,2025-08-30 01:58:09+00,2025-08-30 03:32:11+00,KDVT,KDVT,94.03333333333333,2025-08-30 01:58:04+00,2025-08-30 03:32:23+00,2179
2994,3bf91062,N625FB,N625FB,AS50,2025-08-30 03:29:09+00,2025-08-30 05:25:52+00,KDVT,KDVT,116.71666666666667,2025-08-30 03:28:28+00,2025-08-30 05:27:02+00,2488
1606,3bf93b9b,N623FB,N623FB,AS50,2025-08-30 05:03:03+00,2025-08-30 06:38:00+00,KDVT,KDVT,94.95,2025-08-30 05:03:07+00,2025-08-30 06:39:05+00,2024
2995,3bf963a3,N625FB,N625FB,AS50,2025-08-30 06:32:25+00,2025-08-30 08:07:47+00,KDVT,KDVT,95.36666666666666,2025-08-30 06:31:34+00,2025-08-30 08:08:42+00,2175
1607,3bf98feb,N623FB,N623FB,AS50,2025-08-30 08:02:18+00,2025-08-30 09:30:25+00,KDVT,KDVT,88.11666666666666,2025-08-30 08:00:53+00,2025-08-30 09:31:33+00,1781
176,3bfacee0,N621FB,N621FB,AS50,2025-08-30 15:03:49+00,2025-08-30 16:02:04+00,KDVT,KDVT,58.25,2025-08-30 15:02:20+00,2025-08-30 16:03:02+00,933
178,3bfb7bb1,N621FB,N621FB,AS50,2025-08-30 18:36:22+00,2025-08-30 19:35:04+00,KDVT,KDVT,58.7,2025-08-30 18:36:14+00,2025-08-30 19:35:49+00,1217
1608,3bfc1587,N623FB,N623FB,AS50,2025-08-30 22:59:40+00,2025-08-31 00:20:58+00,KDVT,KDVT,81.3,2025-08-30 22:58:57+00,2025-08-31 00:32:41+00,2009
1609,3bfc70a8,N623FB,N623FB,AS50,2025-08-31 01:58:10+00,2025-08-31 03:33:50+00,KDVT,KDVT,95.66666666666667,2025-08-31 01:58:09+00,2025-08-31 03:34:40+00,2169
2996,3bfc9782,N625FB,N625FB,AS50,2025-08-31 03:31:49+00,2025-08-31 05:12:50+00,KDVT,KDVT,101.01666666666667,2025-08-31 03:31:06+00,2025-08-31 05:13:38+00,2370
1610,3bfcc05f,N623FB,N623FB,AS50,2025-08-31 05:02:21+00,2025-08-31 05:31:09+00,KDVT,KPHX,28.8,2025-08-31 05:01:48+00,2025-08-31 05:33:17+00,492
1611,3bfccec2,N623FB,N623FB,AS50,2025-08-31 05:33:26+00,2025-08-31 06:35:17+00,KPHX,KDVT,61.85,2025-08-31 05:33:21+00,2025-08-31 06:36:19+00,1225
2997,3bfce88b,N625FB,N625FB,AS50,2025-08-31 06:31:34+00,2025-08-31 08:08:47+00,KDVT,KDVT,97.21666666666667,2025-08-31 06:30:40+00,2025-08-31 08:09:40+00,2211
1612,3bfd16ae,N623FB,N623FB,AS50,2025-08-31 08:01:49+00,2025-08-31 09:56:40+00,KDVT,KDVT,114.85,2025-08-31 08:00:39+00,2025-08-31 09:58:00+00,2664
103,3bfe3c8c,N625FB,N625FB,AS50,2025-08-31 14:59:15+00,2025-08-31 16:21:13+00,KDVT,KDVT,81.96666666666667,2025-08-31 14:58:47+00,2025-08-31 16:19:23+00,1706
104,3bfee38e,N625FB,N625FB,AS50,2025-08-31 18:31:14+00,2025-08-31 19:31:24+00,KDVT,KDVT,60.166666666666664,2025-08-31 18:31:24+00,2025-08-31 19:31:45+00,1244
1,3bff8d87,N623FB,N623FB,AS50,2025-08-31 23:05:58+00,2025-09-01 00:31:57+00,KDVT,KDVT,85.98333333333333,2025-08-31 23:04:27+00,2025-09-01 00:33:46+00,1735
2,3bffef05,N623FB,N623FB,AS50,2025-09-01 02:07:02+00,2025-09-01 03:47:02+00,KDVT,KDVT,100,2025-09-01 02:05:46+00,2025-09-01 03:47:53+00,2271
43,3c004637,N621FB,N621FB,AS50,2025-09-01 05:13:36+00,2025-09-01 06:45:09+00,KDVT,KDVT,91.55,2025-09-01 05:12:39+00,2025-09-01 06:47:11+00,2070
44,3c0099f7,N621FB,N621FB,AS50,2025-09-01 08:02:24+00,2025-09-01 09:25:38+00,KDVT,KDVT,83.23333333333333,2025-09-01 08:01:36+00,2025-09-01 09:25:38+00,1941
3,3c01ca2f,N623FB,N623FB,AS50,2025-09-01 15:13:55+00,2025-09-01 16:24:46+00,KDVT,KDVT,70.85,2025-09-01 15:13:23+00,2025-09-01 16:25:15+00,1321
5,3c026efc,N623FB,N623FB,AS50,2025-09-01 18:30:11+00,2025-09-01 19:35:56+00,KDVT,KDVT,65.75,2025-09-01 18:30:13+00,2025-09-01 19:35:56+00,1087
7,3c02ac3a,N623FB,N623FB,AS50,2025-09-01 19:50:17+00,2025-09-01 21:03:38+00,KDVT,KDVT,73.35,2025-09-01 19:51:35+00,2025-09-01 21:04:06+00,1688
46,3c032dd7,N621FB,N621FB,AS50,2025-09-01 23:07:14+00,2025-09-02 00:29:22+00,KDVT,KDVT,82.13333333333334,2025-09-01 23:07:08+00,2025-09-02 00:29:57+00,1770
47,3c03a435,N621FB,N621FB,AS50,2025-09-02 02:46:47+00,2025-09-02 03:54:34+00,KDVT,KDVT,67.78333333333333,2025-09-02 02:42:27+00,2025-09-02 03:54:34+00,1666
9,3c03b5b5,N623FB,N623FB,AS50,2025-09-02 03:22:17+00,2025-09-02 05:25:34+00,KDVT,KDVT,123.28333333333333,2025-09-02 03:22:21+00,2025-09-02 05:26:21+00,2806
105,3c03e490,N625FB,N625FB,AS50,2025-09-02 05:04:45+00,2025-09-02 07:14:09+00,KDVT,KDVT,129.4,2025-09-02 05:02:54+00,2025-09-02 07:15:14+00,3156
82,3c041262,N624FB,N624FB,AS50,2025-09-02 06:37:48+00,2025-09-02 08:06:25+00,KDVT,KDVT,88.61666666666666,2025-09-02 06:37:06+00,2025-09-02 08:06:25+00,1923
106,3c043eea,N625FB,N625FB,AS50,2025-09-02 08:03:04+00,2025-09-02 09:27:04+00,KDVT,KDVT,84,2025-09-02 08:02:02+00,2025-09-02 09:25:14+00,1740
107,3c046e28,N625FB,N625FB,AS50,2025-09-02 09:25:22+00,2025-09-02 09:29:08+00,KDVT,KDVT,3.7666666666666666,2025-09-02 09:25:16+00,2025-09-02 09:29:08+00,60
108,3c04a223,N625FB,N625FB,AS50,2025-09-02 10:46:52+00,2025-09-02 11:04:13+00,KDVT,KDVT,17.35,2025-09-02 10:46:58+00,2025-09-02 11:05:19+00,372
84,3c0593de,N624FB,N624FB,AS50,2025-09-02 15:19:56+00,2025-09-02 16:02:19+00,KDVT,,42.38333333333333,2025-09-02 15:19:48+00,2025-09-02 16:19:42+00,1012
85,3c063af1,N624FB,N624FB,AS50,2025-09-02 18:32:03+00,2025-09-02 19:31:29+00,KDVT,KDVT,59.43333333333333,2025-09-02 18:31:13+00,2025-09-02 19:31:54+00,1209
48,3c0705a3,N621FB,N621FB,AS50,2025-09-02 23:02:36+00,2025-09-03 00:33:56+00,KDVT,KDVT,91.33333333333333,2025-09-02 23:01:40+00,2025-09-03 00:35:14+00,1871
49,3c0779b0,N621FB,N621FB,AS50,2025-09-03 02:12:49+00,2025-09-03 03:21:57+00,KDVT,KDVT,69.13333333333334,2025-09-03 02:09:41+00,2025-09-03 03:23:21+00,1449
110,3c07aeb0,N625FB,N625FB,AS50,2025-09-03 03:57:15+00,2025-09-03 05:32:59+00,KDVT,KDVT,95.73333333333333,2025-09-03 03:57:13+00,2025-09-03 05:32:59+00,2220
50,3c07cfbb,N621FB,N621FB,AS50,2025-09-03 05:02:35+00,2025-09-03 06:40:07+00,KDVT,KDVT,97.53333333333333,2025-09-03 05:01:01+00,2025-09-03 06:41:44+00,2009
112,3c08011e,N625FB,N625FB,AS50,2025-09-03 06:37:03+00,2025-09-03 08:05:21+00,KDVT,KDVT,88.3,2025-09-03 06:36:59+00,2025-09-03 08:05:21+00,1863
51,3c083015,N621FB,N621FB,AS50,2025-09-03 08:02:37+00,2025-09-03 09:20:46+00,KDVT,KDVT,78.15,2025-09-03 08:01:34+00,2025-09-03 09:20:46+00,1543
87,3c097230,N624FB,N624FB,AS50,2025-09-03 15:01:34+00,2025-09-03 16:14:24+00,KDVT,KDVT,72.83333333333333,2025-09-03 15:01:30+00,2025-09-03 16:14:24+00,1231
89,3c0a1c5a,N624FB,N624FB,AS50,2025-09-03 18:02:54+00,2025-09-03 18:35:10+00,KDVT,,32.266666666666666,2025-09-03 18:02:33+00,2025-09-03 19:07:44+00,1101
113,3c0b04c9,N625FB,N625FB,AS50,2025-09-03 23:12:30+00,2025-09-04 01:21:28+00,KDVT,KDVT,128.96666666666667,2025-09-03 23:10:57+00,2025-09-04 01:22:39+00,2746
114,3c0b76a7,N625FB,N625FB,AS50,2025-09-04 02:18:34+00,2025-09-04 03:41:07+00,KDVT,KDVT,82.55,2025-09-04 02:18:44+00,2025-09-04 03:41:07+00,1777
53,3c0b99c6,N621FB,N621FB,AS50,2025-09-04 03:31:39+00,2025-09-04 03:45:44+00,KDVT,KDVT,14.083333333333334,2025-09-04 03:31:46+00,2025-09-04 03:43:50+00,265
90,3c0d6937,N624FB,N624FB,AS50,2025-09-04 14:38:26+00,2025-09-04 15:41:59+00,KDVT,KDVT,63.55,2025-09-04 14:38:34+00,2025-09-04 15:41:59+00,1069
91,3c0da822,N624FB,N624FB,AS50,2025-09-04 18:07:13+00,2025-09-04 19:56:09+00,KDVT,KDVT,108.93333333333334,2025-09-04 15:42:03+00,2025-09-04 19:56:09+00,1895
115,3c0f0a58,N625FB,N625FB,AS50,2025-09-04 23:04:10+00,2025-09-04 23:42:27+00,KDVT,KDVT,38.28333333333333,2025-09-04 23:04:23+00,2025-09-04 23:42:27+00,955
116,3c0f75db,N625FB,N625FB,AS50,2025-09-05 01:58:39+00,2025-09-05 03:47:19+00,KDVT,KDVT,108.66666666666667,2025-09-05 01:58:48+00,2025-09-05 03:47:19+00,2881
54,3c0fa2d1,N621FB,N621FB,AS50,2025-09-05 03:30:52+00,2025-09-05 05:07:36+00,KDVT,KDVT,96.73333333333333,2025-09-05 03:31:05+00,2025-09-05 05:07:36+00,2272
10,3c0fd0e5,N623FB,N623FB,AS50,2025-09-05 05:02:57+00,2025-09-05 06:35:20+00,KDVT,KDVT,92.38333333333334,2025-09-05 05:03:09+00,2025-09-05 06:35:20+00,1983
55,3c0ffcfc,N621FB,N621FB,AS50,2025-09-05 06:30:11+00,2025-09-05 06:55:06+00,KDVT,KGEU,24.916666666666668,2025-09-05 06:30:23+00,2025-09-05 06:55:34+00,538
56,3c100b04,N621FB,N621FB,AS50,2025-09-05 06:55:36+00,2025-09-05 08:03:23+00,KGEU,KDVT,67.78333333333333,2025-09-05 06:55:40+00,2025-09-05 08:03:23+00,1699
11,3c102ff2,N623FB,N623FB,AS50,2025-09-05 08:01:47+00,2025-09-05 09:22:14+00,KDVT,KDVT,80.45,2025-09-05 08:01:56+00,2025-09-05 09:22:14+00,1604
57,3c118a20,N621FB,N621FB,AS50,2025-09-05 15:06:51+00,2025-09-05 15:57:25+00,KDVT,KDVT,50.56666666666667,2025-09-05 15:07:07+00,2025-09-05 15:57:25+00,871
117,3c1303d9,N625FB,N625FB,AS50,2025-09-05 23:04:21+00,2025-09-06 00:33:38+00,KDVT,KDVT,89.28333333333333,2025-09-05 23:04:39+00,2025-09-06 00:33:38+00,1928
118,3c136bfa,N625FB,N625FB,AS50,2025-09-06 02:00:25+00,2025-09-06 03:34:08+00,KDVT,KDVT,93.71666666666667,2025-09-06 02:00:48+00,2025-09-06 03:34:08+00,2018
58,3c139559,N621FB,N621FB,AS50,2025-09-06 03:30:44+00,2025-09-06 05:08:07+00,KDVT,KDVT,97.38333333333334,2025-09-06 03:30:54+00,2025-09-06 05:08:07+00,2300
12,3c13c09b,N623FB,N623FB,AS50,2025-09-06 05:03:38+00,2025-09-06 06:34:32+00,KDVT,KDVT,90.9,2025-09-06 05:03:45+00,2025-09-06 06:34:32+00,1855
59,3c13e942,N621FB,N621FB,AS50,2025-09-06 06:29:17+00,2025-09-06 08:14:45+00,KDVT,KDVT,105.46666666666667,2025-09-06 06:29:24+00,2025-09-06 08:14:45+00,2275
13,3c141912,N623FB,N623FB,AS50,2025-09-06 08:00:34+00,2025-09-06 09:27:10+00,KDVT,KSDL,86.6,2025-09-06 08:00:43+00,2025-09-06 09:29:23+00,1919
14,3c146fb3,N623FB,N623FB,AS50,2025-09-06 10:12:22+00,2025-09-06 11:16:30+00,KDVT,KDVT,64.13333333333334,2025-09-06 10:12:29+00,2025-09-06 11:16:30+00,1560
92,3c156ab8,N624FB,N624FB,AS50,2025-09-06 15:03:23+00,2025-09-06 16:05:06+00,KDVT,KDVT,61.71666666666667,2025-09-06 15:03:24+00,2025-09-06 16:05:06+00,945
94,3c160e2f,N624FB,N624FB,AS50,2025-09-06 18:22:58+00,2025-09-06 19:16:59+00,KDVT,KDVT,54.016666666666666,2025-09-06 18:23:05+00,2025-09-06 19:16:59+00,1007
119,3c16b2e4,N625FB,N625FB,AS50,2025-09-06 23:05:02+00,2025-09-07 00:47:20+00,KDVT,KDVT,102.3,2025-09-06 23:05:10+00,2025-09-07 00:47:20+00,2586
120,3c170e8d,N625FB,N625FB,AS50,2025-09-07 02:06:08+00,2025-09-07 03:36:55+00,KDVT,KDVT,90.78333333333333,2025-09-07 02:06:13+00,2025-09-07 03:36:55+00,2024
60,3c17337a,N621FB,N621FB,AS50,2025-09-07 03:33:17+00,2025-09-07 05:05:38+00,KDVT,KDVT,92.35,2025-09-07 03:33:21+00,2025-09-07 05:05:38+00,2053
15,3c175a59,N623FB,N623FB,AS50,2025-09-07 05:00:31+00,2025-09-07 06:54:28+00,KDVT,KDVT,113.95,2025-09-07 05:00:34+00,2025-09-07 06:54:28+00,2619
61,3c1782ef,N621FB,N621FB,AS50,2025-09-07 06:32:18+00,2025-09-07 08:04:14+00,KDVT,KDVT,91.93333333333334,2025-09-07 06:32:20+00,2025-09-07 08:04:14+00,2059
16,3c17ae8e,N623FB,N623FB,AS50,2025-09-07 07:59:34+00,2025-09-07 09:26:31+00,KDVT,KDVT,86.95,2025-09-07 07:59:40+00,2025-09-07 09:26:31+00,2027
95,3c18e9cf,N624FB,N624FB,AS50,2025-09-07 15:04:18+00,2025-09-07 16:01:47+00,KDVT,KDVT,57.483333333333334,2025-09-07 15:04:15+00,2025-09-07 16:01:47+00,966
97,3c1998ba,N624FB,N624FB,AS50,2025-09-07 18:33:56+00,2025-09-07 19:44:49+00,KDVT,KDVT,70.88333333333334,2025-09-07 18:33:58+00,2025-09-07 19:44:49+00,1540
121,3c1a4aeb,N625FB,N625FB,AS50,2025-09-07 22:57:17+00,2025-09-07 23:12:20+00,KDVT,,15.05,2025-09-07 22:57:22+00,2025-09-07 23:24:40+00,452
122,3c1a5c21,N625FB,N625FB,AS50,2025-09-07 23:41:17+00,2025-09-08 00:35:57+00,KDVT,KDVT,54.666666666666664,2025-09-07 23:24:49+00,2025-09-08 00:35:57+00,1071
123,3c1abac6,N625FB,N625FB,AS50,2025-09-08 02:16:38+00,2025-09-08 03:43:43+00,KDVT,KDVT,87.08333333333333,2025-09-08 02:16:41+00,2025-09-08 03:43:43+00,1950
62,3c1addef,N621FB,N621FB,AS50,2025-09-08 03:33:20+00,2025-09-08 05:23:51+00,KDVT,KDVT,110.51666666666667,2025-09-08 03:33:26+00,2025-09-08 05:23:51+00,2510
18,3c1b09fd,N623FB,N623FB,AS50,2025-09-08 05:02:33+00,2025-09-08 06:35:20+00,KDVT,KDVT,92.78333333333333,2025-09-08 05:02:37+00,2025-09-08 06:35:20+00,2185
63,3c1b3627,N621FB,N621FB,AS50,2025-09-08 06:31:12+00,2025-09-08 08:15:10+00,KDVT,KDVT,103.96666666666667,2025-09-08 06:31:17+00,2025-09-08 08:15:10+00,1659
19,3c1b673b,N623FB,N623FB,AS50,2025-09-08 08:02:21+00,2025-09-08 09:31:41+00,KDVT,KDVT,89.33333333333333,2025-09-08 08:02:26+00,2025-09-08 09:31:41+00,1943
124,3c1ced4b,N625FB,N625FB,AS50,2025-09-08 15:38:52+00,2025-09-08 16:40:12+00,KDVT,KDVT,61.333333333333336,2025-09-08 15:38:57+00,2025-09-08 16:40:12+00,1240
125,3c1d87cd,N625FB,N625FB,AS50,2025-09-08 18:30:40+00,2025-09-08 19:48:05+00,KDVT,KDVT,77.41666666666667,2025-09-08 18:30:41+00,2025-09-08 19:48:05+00,1602
20,3c1e2c24,N623FB,N623FB,AS50,2025-09-08 22:04:12+00,2025-09-08 23:53:20+00,KDVT,KDVT,109.13333333333334,2025-09-08 22:04:25+00,2025-09-08 23:53:20+00,2044
21,3c1ec45d,N623FB,N623FB,AS50,2025-09-09 01:59:14+00,2025-09-09 03:36:04+00,KDVT,KDVT,96.83333333333333,2025-09-09 01:59:23+00,2025-09-09 03:36:04+00,2265
22,3c1f22a7,N623FB,N623FB,AS50,2025-09-09 05:06:50+00,2025-09-09 06:36:23+00,KDVT,KDVT,89.55,2025-09-09 05:06:58+00,2025-09-09 06:36:23+00,1706
23,3c1f7bc6,N623FB,N623FB,AS50,2025-09-09 08:01:15+00,2025-09-09 09:35:55+00,KDVT,KDVT,94.66666666666667,2025-09-09 08:01:21+00,2025-09-09 09:35:55+00,2183
126,3c20b351,N625FB,N625FB,AS50,2025-09-09 14:43:20+00,2025-09-09 15:45:47+00,KDVT,KDVT,62.45,2025-09-09 14:43:31+00,2025-09-09 15:45:47+00,1451
127,3c218af5,N625FB,N625FB,AS50,2025-09-09 18:46:27+00,2025-09-09 19:51:08+00,KDVT,KDVT,64.68333333333334,2025-09-09 18:35:23+00,2025-09-09 19:51:08+00,1731
128,3c21cd00,N625FB,N625FB,AS50,2025-09-09 19:56:55+00,2025-09-09 20:12:07+00,KDVT,,15.2,2025-09-09 19:57:08+00,2025-09-09 20:34:46+00,368
24,3c21f598,N623FB,N623FB,AS50,2025-09-09 20:51:20+00,2025-09-09 21:12:35+00,KDVT,,21.25,2025-09-09 20:51:32+00,2025-09-09 21:33:06+00,580
25,3c225734,N623FB,N623FB,AS50,2025-09-09 23:14:51+00,2025-09-10 00:29:13+00,KDVT,KDVT,74.36666666666666,2025-09-09 23:15:09+00,2025-09-10 00:29:13+00,1317
26,3c22bfe7,N623FB,N623FB,AS50,2025-09-10 02:08:24+00,2025-09-10 03:41:36+00,KDVT,KDVT,93.2,2025-09-10 02:08:39+00,2025-09-10 03:41:36+00,2258
64,3c22e988,N621FB,N621FB,AS50,2025-09-10 03:33:58+00,2025-09-10 05:06:48+00,KDVT,KDVT,92.83333333333333,2025-09-10 03:34:13+00,2025-09-10 05:06:48+00,1949
27,3c231272,N623FB,N623FB,AS50,2025-09-10 04:58:56+00,2025-09-10 06:34:38+00,KDVT,KDVT,95.7,2025-09-10 04:59:06+00,2025-09-10 06:34:38+00,2015
65,3c23409b,N621FB,N621FB,AS50,2025-09-10 06:31:30+00,2025-09-10 06:42:47+00,KDVT,KGEU,11.283333333333333,2025-09-10 06:31:43+00,2025-09-10 06:42:47+00,179
66,3c2345c9,N621FB,N621FB,AS50,2025-09-10 06:42:51+00,2025-09-10 08:04:16+00,KGEU,KDVT,81.41666666666667,2025-09-10 06:42:56+00,2025-09-10 08:02:15+00,1796
28,3c236f03,N623FB,N623FB,AS50,2025-09-10 08:01:40+00,2025-09-10 09:26:19+00,KDVT,KDVT,84.65,2025-09-10 08:01:55+00,2025-09-10 09:26:19+00,2055
29,3c23ec3d,N623FB,N623FB,AS50,2025-09-10 11:31:13+00,2025-09-10 12:42:56+00,KDVT,KDVT,71.71666666666667,2025-09-10 11:31:24+00,2025-09-10 12:42:56+00,1649
129,3c240fa9,N625FB,N625FB,AS50,2025-09-10 12:15:47+00,2025-09-10 13:25:16+00,KDVT,KDVT,69.48333333333333,2025-09-10 12:16:12+00,2025-09-10 13:25:16+00,1542
130,3c24cacb,N625FB,N625FB,AS50,2025-09-10 15:38:28+00,2025-09-10 16:33:31+00,KDVT,,55.05,2025-09-10 15:38:43+00,2025-09-10 16:42:15+00,1401
67,3c262963,N621FB,N621FB,AS50,2025-09-10 23:00:15+00,2025-09-11 00:26:46+00,KDVT,KDVT,86.51666666666667,2025-09-10 23:00:29+00,2025-09-11 00:26:46+00,1917
68,3c269ee6,N621FB,N621FB,AS50,2025-09-11 02:07:50+00,2025-09-11 03:38:27+00,KDVT,KDVT,90.61666666666666,2025-09-11 02:07:58+00,2025-09-11 03:38:27+00,2233
30,3c26c9a0,N623FB,N623FB,AS50,2025-09-11 03:33:26+00,2025-09-11 05:03:32+00,KDVT,KDVT,90.1,2025-09-11 03:33:36+00,2025-09-11 05:03:32+00,1926
69,3c26f6b4,N621FB,N621FB,AS50,2025-09-11 05:00:28+00,2025-09-11 06:36:52+00,KDVT,KDVT,96.4,2025-09-11 05:00:38+00,2025-09-11 06:36:52+00,2165
31,3c2725d1,N623FB,N623FB,AS50,2025-09-11 06:32:57+00,2025-09-11 08:03:04+00,KDVT,KDVT,90.11666666666666,2025-09-11 06:33:06+00,2025-09-11 08:03:04+00,2146
70,3c275459,N621FB,N621FB,AS50,2025-09-11 08:00:31+00,2025-09-11 09:16:26+00,KDVT,KDVT,75.91666666666667,2025-09-11 08:00:39+00,2025-09-11 09:16:26+00,1676
98,3c289e66,N624FB,N624FB,AS50,2025-09-11 14:51:35+00,2025-09-11 15:41:31+00,KDVT,KDVT,49.93333333333333,2025-09-11 14:51:41+00,2025-09-11 15:41:31+00,1064
71,3c28ef48,N621FB,N621FB,AS50,2025-09-11 16:14:10+00,2025-09-11 16:37:02+00,KDVT,KDVT,22.866666666666667,2025-09-11 16:14:26+00,2025-09-11 16:37:02+00,342
72,3c290891,N621FB,N621FB,AS50,2025-09-11 16:41:35+00,2025-09-11 16:52:22+00,KDVT,KGEU,10.783333333333333,2025-09-11 16:41:45+00,2025-09-11 16:52:22+00,167
73,3c2913b0,N621FB,N621FB,AS50,2025-09-11 16:54:19+00,2025-09-11 17:05:18+00,KGEU,KDVT,10.983333333333333,2025-09-11 16:54:20+00,2025-09-11 17:03:22+00,159
99,3c295281,N624FB,N624FB,AS50,2025-09-11 18:02:27+00,2025-09-11 18:52:45+00,KDVT,KDVT,50.3,2025-09-11 18:02:40+00,2025-09-11 18:52:45+00,1171
74,3c2a4655,N621FB,N621FB,AS50,2025-09-11 22:58:52+00,2025-09-12 00:20:54+00,KDVT,KDVT,82.03333333333333,2025-09-11 22:59:06+00,2025-09-12 00:20:54+00,1764
75,3c2ac32f,N621FB,N621FB,AS50,2025-09-12 02:05:25+00,2025-09-12 03:37:31+00,KDVT,KDVT,92.1,2025-09-12 02:05:34+00,2025-09-12 03:37:31+00,2010
32,3c2af100,N623FB,N623FB,AS50,2025-09-12 03:29:12+00,2025-09-12 04:37:47+00,KDVT,KGEU,68.58333333333333,2025-09-12 03:29:24+00,2025-09-12 04:38:07+00,1516
33,3c2b1518,N623FB,N623FB,AS50,2025-09-12 04:38:06+00,2025-09-12 05:04:37+00,KGEU,KDVT,26.516666666666666,2025-09-12 04:38:08+00,2025-09-12 05:04:37+00,585
131,3c2b22aa,N625FB,N625FB,AS50,2025-09-12 05:03:00+00,2025-09-12 06:35:36+00,KDVT,KDVT,92.6,2025-09-12 05:03:06+00,2025-09-12 06:35:36+00,2259
34,3c2b509b,N623FB,N623FB,AS50,2025-09-12 06:31:12+00,2025-09-12 06:54:56+00,KDVT,KGEU,23.733333333333334,2025-09-12 06:31:20+00,2025-09-12 07:04:04+00,450
35,3c2b61b5,N623FB,N623FB,AS50,2025-09-12 07:04:03+00,2025-09-12 08:22:32+00,KGEU,KDVT,78.48333333333333,2025-09-12 07:04:09+00,2025-09-12 08:22:32+00,1797
132,3c2b8633,N625FB,N625FB,AS50,2025-09-12 08:03:55+00,2025-09-12 09:26:03+00,KDVT,KDVT,82.13333333333334,2025-09-12 08:04:00+00,2025-09-12 09:26:03+00,1771
133,3c2ce4f9,N625FB,N625FB,AS50,2025-09-12 15:06:25+00,2025-09-12 16:03:58+00,KDVT,KDVT,57.55,2025-09-12 15:05:46+00,2025-09-12 16:03:58+00,1169
76,3c2d2fe2,N621FB,N621FB,AS50,2025-09-12 16:19:32+00,2025-09-12 16:27:24+00,KDVT,KDVT,7.866666666666666,2025-09-12 16:19:41+00,2025-09-12 16:25:34+00,136
134,3c2d2087,N625FB,N625FB,AS50,2025-09-12 17:58:25+00,2025-09-12 18:55:46+00,KDVT,KDVT,57.35,2025-09-12 16:04:02+00,2025-09-12 18:55:46+00,1031
36,3c2e5920,N623FB,N623FB,AS50,2025-09-12 22:04:18+00,2025-09-12 22:39:44+00,KDVT,,35.43333333333333,2025-09-12 22:03:52+00,2025-09-13 00:03:53+00,2250
37,3c2eeb2c,N623FB,N623FB,AS50,2025-09-13 01:57:55+00,,KDVT,,,2025-09-13 01:57:35+00,2025-09-13 03:38:10+00,2302
78,3c2f165b,N621FB,N621FB,AS50,2025-09-13 03:33:10+00,2025-09-13 05:04:30+00,KDVT,KDVT,91.33333333333333,2025-09-13 03:32:39+00,2025-09-13 05:05:52+00,2093
39,3c2f400a,N623FB,N623FB,AS50,2025-09-13 05:01:23+00,2025-09-13 06:36:15+00,KDVT,KDVT,94.86666666666666,2025-09-13 05:01:16+00,2025-09-13 06:36:56+00,2040
79,3c2f694e,N621FB,N621FB,AS50,2025-09-13 06:31:38+00,2025-09-13 08:05:45+00,KDVT,KDVT,94.11666666666666,2025-09-13 06:31:12+00,2025-09-13 08:06:20+00,2090
40,3c2f9575,N623FB,N623FB,AS50,2025-09-13 08:00:44+00,2025-09-13 09:11:02+00,KDVT,KDVT,70.3,2025-09-13 08:00:39+00,2025-09-13 09:11:21+00,1399
135,3c30ce13,N625FB,N625FB,AS50,2025-09-13 15:02:20+00,2025-09-13 15:59:22+00,KDVT,KDVT,57.03333333333333,2025-09-13 15:01:49+00,2025-09-13 15:59:34+00,1327
136,3c314abc,N625FB,N625FB,AS50,2025-09-13 17:26:23+00,2025-09-13 18:25:37+00,KDVT,KDVT,59.233333333333334,2025-09-13 17:26:36+00,2025-09-13 18:25:43+00,1319
100,3c31c482,N624FB,N624FB,AS50,2025-09-13 20:15:27+00,2025-09-13 20:56:32+00,KDVT,KDVT,41.083333333333336,2025-09-13 20:15:09+00,2025-09-13 20:56:36+00,952
101,3c320a5b,N624FB,N624FB,AS50,2025-09-13 22:12:16+00,2025-09-13 23:54:24+00,KDVT,KDVT,102.13333333333334,2025-09-13 22:12:09+00,2025-09-13 23:54:46+00,2745
102,3c327d9f,N624FB,N624FB,AS50,2025-09-14 01:40:28+00,2025-09-14 02:56:12+00,KDVT,KDVT,75.73333333333333,2025-09-14 01:40:32+00,2025-09-14 02:57:26+00,1941
80,3c32af4d,N621FB,N621FB,AS50,2025-09-14 03:35:18+00,2025-09-14 05:12:43+00,KDVT,KDVT,97.41666666666667,2025-09-14 03:34:52+00,2025-09-14 05:14:05+00,2366
41,3c32d650,N623FB,N623FB,AS50,2025-09-14 05:00:07+00,2025-09-14 06:41:58+00,KDVT,KDVT,101.85,2025-09-14 04:59:42+00,2025-09-14 06:42:40+00,2569
81,3c32ff03,N621FB,N621FB,AS50,2025-09-14 06:32:04+00,2025-09-14 08:18:52+00,KDVT,KDVT,106.8,2025-09-14 06:31:09+00,2025-09-14 08:18:58+00,2398
42,3c332af4,N623FB,N623FB,AS50,2025-09-14 08:03:09+00,2025-09-14 09:47:07+00,KDVT,KDVT,103.96666666666667,2025-09-14 08:02:40+00,2025-09-14 09:47:25+00,2369
8,3c03b552,N623FB,N623FB,AS50,,,KDVT,,,2025-09-02 03:21:24+00,2025-09-02 03:22:16+00,7
17,3c17e37e,N623FB,N623FB,AS50,,,,,,2025-09-07 09:26:41+00,2025-09-07 09:26:45+00,1
38,3c2f3fc8,N623FB,N623FB,AS50,,,KDVT,CYRC,,2025-09-13 05:00:43+00,2025-09-13 05:01:13+00,1
45,3c032c72,N621FB,N621FB,AS50,,,KDVT,,,2025-09-01 23:04:59+00,2025-09-01 23:07:06+00,6
77,3c2d35d0,N621FB,N621FB,AS50,,,KDVT,,,2025-09-12 16:25:37+00,2025-09-12 16:25:42+00,1
93,3c15a2c1,N624FB,N624FB,AS50,,,KDVT,,,2025-09-06 16:05:09+00,2025-09-06 16:05:09+00,1
86,3c097121,N624FB,N624FB,AS50,,,KDVT,,,2025-09-03 15:00:41+00,2025-09-03 15:01:27+00,3
111,3c0800e3,N625FB,N625FB,AS50,,,KDVT,,,2025-09-03 06:36:36+00,2025-09-03 06:36:57+00,4
109,3c07adce,N625FB,N625FB,AS50,,,KDVT,,,2025-09-03 03:55:35+00,2025-09-03 03:57:11+00,5
96,3c191e17,N624FB,N624FB,AS50,,,KDVT,,,2025-09-07 16:01:51+00,2025-09-07 16:01:55+00,1
88,3c09bdcb,N624FB,N624FB,AS50,,,KDVT,,,2025-09-03 16:14:26+00,2025-09-03 16:15:07+00,2
142,3bd0b5d4,N621FB,N621FB,AS50,,2025-08-20 00:28:58+00,KDVT,KDVT,,2025-08-19 23:03:36+00,2025-08-20 00:32:43+00,1642
145,3bd524e4,N621FB,N621FB,AS50,,,KDVT,,,2025-08-21 02:08:35+00,2025-08-21 02:09:23+00,4
162,3be2e748,N621FB,N621FB,AS50,,,KDVT,,,2025-08-24 14:33:05+00,2025-08-24 14:33:44+00,2
167,3bf12547,N621FB,N621FB,AS50,,,KDVT,,,2025-08-28 03:35:00+00,2025-08-28 03:35:47+00,7
169,3bf1808e,N621FB,N621FB,AS50,,,KDVT,,,2025-08-28 06:30:36+00,2025-08-28 06:30:57+00,5
174,3bf7ab71,N621FB,N621FB,AS50,,,KDVT,,,2025-08-29 18:16:40+00,2025-08-29 18:17:26+00,6
177,3bfb7b88,N621FB,N621FB,AS50,,,KDVT,,,2025-08-30 18:35:59+00,2025-08-30 18:36:12+00,2
188,3b94f57e,N621FB,N621FB,AS50,,,KDVT,,,2025-08-05 06:37:26+00,2025-08-05 06:38:38+00,2
902,3b7f3ee1,N622FB,N622FB,AS50,,,KDVT,,,2025-07-30 16:15:37+00,2025-07-30 16:15:42+00,1
242,3b85db49,N621FB,N621FB,AS50,,,KDVT,,,2025-08-01 08:18:02+00,2025-08-01 08:21:30+00,4
216,3bbdb7b1,N621FB,N621FB,AS50,,,,,,2025-08-15 03:22:06+00,2025-08-15 03:23:09+00,9
223,3b648203,N621FB,N621FB,AS50,,,KDVT,,,2025-07-23 20:49:01+00,2025-07-23 20:50:02+00,4
279,3af61873,N621FB,N621FB,AS50,,,KDVT,,,2025-06-25 06:40:55+00,2025-06-25 06:41:09+00,0
286,3afa617d,N621FB,N621FB,AS50,,,KDVT,,,2025-06-26 08:09:20+00,2025-06-26 08:09:09+00,0
322,3ab5ccaa,N621FB,N621FB,AS50,,,KDVT,,,2025-06-09 00:29:33+00,2025-06-09 00:29:33+00,0
326,3aba050d,N621FB,N621FB,AS50,,,KDVT,,,2025-06-10 03:40:16+00,2025-06-10 03:39:46+00,0
314,3b1a7216,N621FB,N621FB,AS50,,,KDVT,,,2025-07-04 15:11:57+00,2025-07-04 15:11:57+00,1
367,3a9249b4,N621FB,N621FB,AS50,,,KDVT,,,2025-05-30 16:10:24+00,2025-05-30 16:10:25+00,0
384,3aa7a956,N621FB,N621FB,AS50,,,KDVT,,,2025-06-05 06:38:21+00,2025-06-05 06:38:08+00,0
366,3a924629,N621FB,N621FB,AS50,,,KDVT,,,2025-05-30 16:06:57+00,2025-05-30 16:08:15+00,2
365,3a9245bd,N621FB,N621FB,AS50,,,KDVT,,,2025-05-30 16:06:35+00,2025-05-30 16:06:56+00,4
468,397de066,N621FB,N621FB,AS50,,,KDVT,,,2025-03-15 23:55:17+00,2025-03-16 00:02:07+00,101
467,397ddbf2,N621FB,N621FB,AS50,,2025-03-15 23:50:24+00,,KDVT,,2025-03-15 23:45:04+00,2025-03-15 23:50:24+00,66
464,397dd2c9,N621FB,N621FB,AS50,,,,,,2025-03-15 23:25:16+00,2025-03-15 23:28:50+00,53
842,3bcda21b,N622FB,N622FB,AS50,,,KDVT,,,2025-08-19 06:31:40+00,2025-08-19 06:32:43+00,6
892,3b730a21,N622FB,N622FB,AS50,,,KDVT,,,2025-07-27 15:11:56+00,2025-07-27 15:11:59+00,1
880,3bc62e34,N622FB,N622FB,AS50,,,KDVT,,,2025-08-17 08:18:41+00,2025-08-17 08:20:11+00,3
876,3bc5a1ec,N622FB,N622FB,AS50,,,KDVT,,,2025-08-17 03:30:33+00,2025-08-17 03:31:48+00,5
871,3bb81183,N622FB,N622FB,AS50,,,KDVT,,,2025-08-13 18:45:05+00,2025-08-13 18:45:50+00,2
869,3bb74880,N622FB,N622FB,AS50,,,KDVT,,,2025-08-13 15:09:07+00,2025-08-13 15:09:34+00,5
858,3ba1aaf4,N622FB,N622FB,AS50,,,KDVT,,,2025-08-08 06:37:20+00,2025-08-08 06:37:20+00,1
856,3ba17661,N622FB,N622FB,AS50,,,KDVT,,,2025-08-08 04:59:59+00,2025-08-08 05:00:15+00,1
853,3b9bae2b,N622FB,N622FB,AS50,,,KDVT,,,2025-08-06 19:35:40+00,2025-08-06 19:35:51+00,2
936,3af1f2d6,N622FB,N622FB,AS50,,,KDVT,,,2025-06-24 06:46:40+00,2025-06-24 06:46:40+00,0
950,3af9cbd5,N622FB,N622FB,AS50,,,KDVT,,,2025-06-26 03:38:00+00,2025-06-26 03:38:30+00,0
951,3b053d83,N622FB,N622FB,AS50,,,KDVT,,,2025-06-29 03:31:53+00,2025-06-29 03:32:01+00,2
943,3af9bf3e,N622FB,N622FB,AS50,,,KDVT,,,2025-06-26 03:13:13+00,2025-06-26 03:15:06+00,36
926,3b484432,N622FB,N622FB,AS50,,,,,,2025-07-16 16:20:28+00,2025-07-16 16:24:08+00,4
924,3b44e445,N622FB,N622FB,AS50,,,KDVT,,,2025-07-15 19:32:27+00,2025-07-15 19:32:27+00,1
922,3b444b42,N622FB,N622FB,AS50,,,KDVT,,,2025-07-15 16:27:06+00,2025-07-15 16:28:03+00,2
912,3b289838,N622FB,N622FB,AS50,,,KDVT,,,2025-07-08 14:38:00+00,2025-07-08 14:40:09+00,1
906,3b834e74,N622FB,N622FB,AS50,,,KDVT,,,2025-07-31 16:07:13+00,2025-07-31 16:07:31+00,4
968,3ab4c4ad,N622FB,N622FB,AS50,,,KDVT,,,2025-06-08 17:24:00+00,2025-06-08 17:21:57+00,0
1015,3a90727b,N622FB,N622FB,AS50,,,KDVT,,,2025-05-30 06:36:09+00,2025-05-30 06:36:44+00,6
1091,3a35541a,N622FB,N622FB,AS50,,,KDVT,,,2025-05-06 06:43:55+00,2025-05-06 06:45:22+00,0
1096,3a38f3f4,N622FB,N622FB,AS50,,,KDVT,,,2025-05-07 06:39:18+00,2025-05-07 06:39:34+00,0
1152,39fe4d2b,N622FB,N622FB,AS50,,,,,,2025-04-21 17:20:16+00,2025-04-21 17:19:05+00,0
1154,39feef55,N622FB,N622FB,AS50,,,KDVT,,,2025-04-21 20:41:36+00,2025-04-21 20:41:22+00,0
1137,39eb9ee9,N622FB,N622FB,AS50,,,KDVT,,,2025-04-16 13:54:14+00,2025-04-16 13:56:26+00,34
1126,39e4b3da,N622FB,N622FB,AS50,,,KDVT,,,2025-04-14 17:23:11+00,2025-04-14 23:06:57+00,4
1118,3a451c07,N622FB,N622FB,AS50,,,KDVT,,,2025-05-10 08:08:37+00,2025-05-10 08:09:29+00,8
1109,3a3f3a1f,N622FB,N622FB,AS50,,2025-05-08 19:15:08+00,KDVT,KDVT,,2025-05-08 19:14:56+00,2025-05-08 19:15:08+00,3
1163,39d75a0d,N622FB,N622FB,AS50,,,KDVT,,,2025-04-11 00:28:45+00,2025-04-11 00:29:10+00,3
1215,396e57e8,N622FB,N622FB,AS50,,,KDVT,,,2025-03-11 03:37:55+00,2025-03-11 05:05:49+00,2302
1271,39477ec0,N622FB,N622FB,AS50,,2025-02-27 00:32:40+00,KDVT,KDVT,,2025-02-27 00:31:25+00,2025-02-27 00:32:40+00,19
1265,394765fa,N622FB,N622FB,AS50,,,KDVT,,,2025-02-26 23:53:13+00,2025-02-26 23:53:50+00,8
1605,3bf93afa,N623FB,N623FB,AS50,,,KDVT,,,2025-08-30 05:01:53+00,2025-08-30 05:02:59+00,3
1603,3bf8e5f9,N623FB,N623FB,AS50,,,KDVT,,,2025-08-30 01:56:36+00,2025-08-30 01:58:02+00,3
1594,3bec6d2a,N623FB,N623FB,AS50,,,KDVT,,,2025-08-26 23:09:05+00,2025-08-26 23:12:15+00,3
1587,3be54af4,N623FB,N623FB,AS50,,,KDVT,,,2025-08-25 06:42:06+00,2025-08-25 06:42:13+00,1
1583,3bdf69c2,N623FB,N623FB,AS50,,,KDVT,,,2025-08-23 15:01:30+00,2025-08-23 15:01:52+00,5
1581,3bdde4ee,N623FB,N623FB,AS50,,,KDVT,,,2025-08-23 06:28:53+00,2025-08-23 06:30:06+00,5
1641,3bb54a50,N623FB,N623FB,AS50,,,KDVT,,,2025-08-13 03:29:39+00,2025-08-13 03:30:01+00,1
1734,3a8a0ec9,N623FB,,AS50,,,KDVT,,,2025-05-28 15:11:26+00,2025-05-28 15:11:29+00,1
1768,3a15cb33,N623FB,N623FB,AS50,,,KDVT,,,2025-04-27 18:59:04+00,2025-04-27 18:59:22+00,2
1759,3a6f97c0,N623FB,N623FB,AS50,,,KDVT,,,2025-05-21 15:27:38+00,2025-05-21 15:27:40+00,1
1755,3a6bbc3a,N623FB,,AS50,,,KDVT,,,2025-05-20 15:46:07+00,2025-05-20 15:46:07+00,1
1746,3a59a409,N623FB,N623FB,AS50,,,KDVT,,,2025-05-15 17:30:22+00,2025-05-15 17:30:33+00,2
1828,39cb4f44,N623FB,N623FB,AS50,,2025-04-08 00:45:32+00,KDVT,KDVT,,2025-04-08 00:43:38+00,2025-04-08 00:43:46+00,0
1817,39ba3b04,N623FB,N623FB,AS50,,,KDVT,,,2025-04-03 05:04:58+00,2025-04-03 06:29:24+00,1
1807,3a060b1b,N623FB,N623FB,AS50,,2025-04-23 16:05:44+00,KDVT,KDVT,,2025-04-23 16:05:23+00,2025-04-23 16:05:44+00,3
1802,39f8274d,N623FB,N623FB,AS50,,,KPHX,,,2025-04-19 20:02:20+00,2025-04-19 20:02:22+00,1
1795,39e47205,N623FB,N623FB,AS50,,,KDVT,,,2025-04-14 16:04:40+00,2025-04-14 16:05:01+00,3
1792,39e336e4,N623FB,N623FB,AS50,,,,,,2025-04-14 09:15:38+00,2025-04-14 09:16:35+00,10
1788,39e2e455,N623FB,N623FB,AS50,,,KDVT,,,2025-04-14 06:39:00+00,2025-04-14 08:01:48+00,6
1784,3a3b60a9,N623FB,N623FB,AS50,,,KDVT,,,2025-05-07 20:10:14+00,2025-05-07 20:10:31+00,3
1832,39cdc800,N623FB,N623FB,AS50,,,KDVT,,,2025-04-08 16:36:05+00,2025-04-08 16:36:12+00,2
1837,39d3d6dd,N623FB,N623FB,AS50,,,KDVT,,,2025-04-10 05:07:16+00,2025-04-10 05:08:52+00,5
1834,39d1a6a6,N623FB,N623FB,AS50,,,KDVT,,,2025-04-09 16:02:45+00,2025-04-09 18:02:27+00,5
1829,39cb4f57,N623FB,N623FB,AS50,,,KDVT,,,2025-04-08 00:43:49+00,2025-04-08 02:11:22+00,8
1880,3954ec8f,N623FB,N623FB,AS50,,,KDVT,,,2025-03-03 03:54:48+00,2025-03-03 03:58:19+00,69
1863,3995507d,N623FB,N623FB,AS50,,,,,,2025-03-23 00:30:38+00,2025-03-23 00:36:58+00,109
1801,39f72ff1,N623FB,N623FB,AS50,,2025-04-19 14:13:32+00,KPHX,KPHX,,2025-04-19 14:13:14+00,2025-04-19 14:13:32+00,3
1772,3a1dcee9,N623FB,N623FB,AS50,,,KDVT,,,2025-04-29 20:18:11+00,2025-04-29 20:17:46+00,0
2052,38b3849f,N623FB,N623FB,AS50,,,,,,2025-01-13 02:26:26+00,2025-01-13 03:46:35+00,1754
2274,3beeed68,N624FB,N624FB,AS50,,,KDVT,,,2025-08-27 15:07:38+00,2025-08-27 15:07:57+00,4
2272,3beba0dc,N624FB,N624FB,AS50,,,KDVT,,,2025-08-26 18:34:35+00,2025-08-26 18:35:02+00,2
2260,3bd275e4,N624FB,N624FB,AS50,,,KDVT,,,2025-08-20 11:44:50+00,2025-08-20 11:48:14+00,25
2259,3bd2740a,N624FB,N624FB,AS50,,,KDVT,,,2025-08-20 11:42:31+00,2025-08-20 11:44:47+00,45
2254,3bcbe3b8,N624FB,N624FB,AS50,,,KDVT,,,2025-08-18 18:30:58+00,2025-08-18 18:31:15+00,4
2326,3af3bd61,N624FB,N624FB,AS50,,,KDVT,,,2025-06-24 16:02:18+00,2025-06-24 16:02:52+00,3
2303,3b252306,N624FB,N624FB,AS50,,,KDVT,,,2025-07-07 16:45:42+00,2025-07-07 18:33:55+00,6
2293,3b6423f2,N624FB,N624FB,AS50,,,KDVT,,,2025-07-23 18:49:42+00,2025-07-23 18:49:47+00,1
2287,3b9f394b,N624FB,N624FB,AS50,,,KDVT,,,2025-08-07 15:59:20+00,2025-08-07 15:59:40+00,4
2285,3b9f1ec8,N624FB,N624FB,AS50,,,KPHX,,,2025-08-07 15:33:29+00,2025-08-07 15:33:33+00,1
2346,3b0ec029,N624FB,N624FB,AS50,,,KDVT,,,2025-07-01 16:00:51+00,2025-07-01 16:00:34+00,0
2358,3b123503,N624FB,N624FB,AS50,,,KPAN,,,2025-07-02 13:58:45+00,2025-07-02 13:58:45+00,1
2353,3b1229e8,N624FB,N624FB,AS50,,,KPAN,,,2025-07-02 13:48:04+00,2025-07-02 13:48:27+00,3
2339,3b0757e2,N624FB,N624FB,AS50,,,KDVT,,,2025-06-29 16:52:22+00,2025-06-29 16:52:27+00,1
2390,3ad73923,N624FB,N624FB,AS50,,,KDVT,,,2025-06-17 13:56:08+00,2025-06-17 13:58:00+00,0
2419,3a8bdd77,N624FB,N624FB,AS50,,,KDVT,,,2025-05-29 01:45:30+00,2025-05-29 01:44:45+00,0
2424,3a8e7f9b,N624FB,N624FB,AS50,,2025-05-29 17:53:28+00,KDVT,KDVT,,2025-05-29 17:51:36+00,2025-05-29 17:51:40+00,1
2421,3a8e1b60,N624FB,N624FB,AS50,,2025-05-29 15:58:09+00,KDVT,KDVT,,2025-05-29 15:57:53+00,2025-05-29 15:58:09+00,2
2403,3ae872e2,N624FB,N624FB,AS50,,,KDVT,,,2025-06-21 18:03:18+00,2025-06-21 18:03:25+00,1
2388,3ad710cf,N624FB,N624FB,AS50,,,,,,2025-06-17 13:14:37+00,2025-06-17 13:16:55+00,48
2504,39ea6b56,N624FB,N624FB,AS50,,,KDVT,,,2025-04-16 06:41:50+00,2025-04-16 06:42:19+00,0
2514,39f7faab,N624FB,N624FB,AS50,,2025-04-19 18:49:22+00,KDVT,KDVT,,2025-04-19 18:49:15+00,2025-04-19 18:49:22+00,2
2512,39f7990d,N624FB,N624FB,AS50,,,KDVT,,,2025-04-19 16:28:19+00,2025-04-19 16:28:19+00,1
2573,39c4374c,N624FB,N624FB,AS50,,,KPHX,,,2025-04-05 23:45:51+00,2025-04-05 23:45:59+00,1
2564,39be031f,N624FB,N624FB,AS50,,,KDVT,,,2025-04-04 06:36:17+00,2025-04-04 08:00:03+00,3
2708,39460065,N624FB,N624FB,AS50,,,KDVT,,,2025-02-26 15:49:37+00,2025-02-26 15:56:24+00,20
2707,3945f706,N624FB,N624FB,AS50,,,,,,2025-02-26 15:38:20+00,2025-02-26 15:46:06+00,30
2982,3bd755b4,N625FB,N625FB,AS50,,,KDVT,,,2025-08-21 15:37:54+00,2025-08-21 15:38:09+00,3
2980,3bd3e777,N625FB,N625FB,AS50,,,KDVT,,,2025-08-20 18:29:17+00,2025-08-20 18:29:23+00,2
2979,3bd3e6e3,N625FB,N625FB,AS50,,,KDVT,,,2025-08-20 18:28:36+00,2025-08-20 18:29:15+00,3
2977,3bd32c1e,N625FB,N625FB,AS50,,,KDVT,,,2025-08-20 15:01:40+00,2025-08-20 15:01:55+00,4
2975,3bd1e5c8,N625FB,N625FB,AS50,,,KDVT,,,2025-08-20 08:01:23+00,2025-08-20 08:02:18+00,2
2973,3bd02b6d,N625FB,N625FB,AS50,,,KDVT,,,2025-08-19 19:43:17+00,2025-08-19 19:43:51+00,2
2969,3bcf3438,N625FB,N625FB,AS50,,,KDVT,,,2025-08-19 15:04:30+00,2025-08-19 15:04:36+00,2
2954,373ce080,N624FB,N624FB,AS50,,2024-09-23 20:47:00+00,,KPAN,,2024-09-23 20:39:31+00,2024-09-23 20:48:03+00,113
3015,3bc0b390,N625FB,N625FB,AS50,,,KDVT,,,2025-08-15 19:01:48+00,2025-08-15 19:01:55+00,2
3011,3bbbd60d,N625FB,N625FB,AS50,,,KDVT,,,2025-08-14 16:41:51+00,2025-08-14 16:42:56+00,3
3077,3b3d3ab1,N625FB,N625FB,AS50,,,KDVT,,,2025-07-13 19:42:41+00,2025-07-13 19:42:44+00,1
3074,3b3cb476,N625FB,N625FB,AS50,,,KDVT,,,2025-07-13 16:35:35+00,2025-07-13 16:35:35+00,1
3056,3b85a19b,N625FB,N625FB,AS50,,,KDVT,,,2025-08-01 06:35:11+00,2025-08-01 06:35:47+00,5
3049,3b79f43e,N625FB,N625FB,AS50,,,KDVT,,,2025-07-29 11:17:29+00,2025-07-29 11:19:26+00,5
3104,3af5bc72,N625FB,N625FB,AS50,,,KDVT,,,2025-06-25 03:50:45+00,2025-06-25 03:50:15+00,0
3115,3b0ace72,N625FB,N625FB,AS50,,,KDVT,,,2025-06-30 15:41:58+00,2025-06-30 15:41:59+00,0
3132,3ab8bc7e,N625FB,N625FB,AS50,,,KDVT,,,2025-06-09 18:49:03+00,2025-06-09 18:49:57+00,0
3134,3aba686e,N625FB,N625FB,AS50,,,KDVT,,,2025-06-10 06:43:28+00,2025-06-10 06:43:14+00,0
3107,3af88aef,N625FB,N625FB,AS50,,,KDVT,,,2025-06-25 19:16:28+00,2025-06-25 19:16:37+00,3
3146,3ad207a9,N625FB,N625FB,AS50,,,KDVT,,,2025-06-16 06:45:06+00,2025-06-16 06:45:06+00,0
3158,3ad9ff4c,N625FB,N625FB,AS50,,,KDVT,,,2025-06-18 06:46:07+00,2025-06-18 06:45:53+00,0
3163,3ade1374,N625FB,N625FB,AS50,,,KDVT,,,2025-06-19 06:43:20+00,2025-06-19 06:43:00+00,0
3227,3a6650ec,N625FB,N625FB,AS50,,,KDVT,,,2025-05-19 06:44:22+00,2025-05-19 06:44:37+00,0
3221,3a5bdc06,N625FB,N625FB,AS50,,2025-05-16 08:14:11+00,KDVT,KDVT,,2025-05-16 08:13:52+00,2025-05-16 08:14:11+00,2
3196,3a9c009d,N625FB,N625FB,AS50,,2025-06-02 07:58:48+00,KDVT,KDVT,,2025-06-02 07:58:24+00,2025-06-02 07:58:48+00,6
3192,3a9bfe51,N625FB,N625FB,AS50,,,KDVT,CYRC,,2025-06-02 07:54:06+00,2025-06-02 07:54:18+00,2
3298,3a005f5c,N625FB,N625FB,AS50,,,KDVT,,,2025-04-22 07:05:32+00,2025-04-22 07:05:46+00,0
3303,3a045fbd,N625FB,N625FB,AS50,,,KDVT,,,2025-04-23 06:39:42+00,2025-04-23 06:40:27+00,0
3328,39c5187a,N625FB,N625FB,AS50,,2025-04-06 07:58:07+00,KDVT,KDVT,,2025-04-06 07:56:27+00,2025-04-06 07:56:34+00,2
3350,39df15b6,N625FB,N625FB,AS50,,,KDVT,,,2025-04-13 02:56:44+00,2025-04-13 02:57:13+00,0
3346,39d851af,N625FB,N625FB,AS50,,,KDVT,,,2025-04-11 08:06:27+00,2025-04-11 08:08:15+00,16
3342,39d5de16,N625FB,N625FB,AS50,,,KDVT,,,2025-04-10 16:29:33+00,2025-04-10 16:29:42+00,2
3339,39d5ba3e,N625FB,N625FB,AS50,,2025-04-10 15:50:48+00,KDVT,KDVT,,2025-04-10 15:50:34+00,2025-04-10 15:50:53+00,3
3582,3817da12,N625FB,N625FB,AS50,,2024-11-23 19:20:06+00,KPHX,KDVT,,2024-11-23 18:54:03+00,2024-11-23 19:18:20+00,414
3473,384e0da0,N625FB,N625FB,AS50,,,KPHX,,,2024-12-11 06:27:24+00,2024-12-11 09:45:08+00,2392
3406,389bcd7e,N625FB,N625FB,AS50,,2025-01-05 16:50:01+00,,KDVT,,2025-01-05 16:42:21+00,2025-01-05 16:49:59+00,144
3368,38ca2e70,N625FB,N625FB,AS50,,,KDVT,,,2025-01-19 16:37:19+00,2025-01-19 16:51:38+00,291
3341,39d5ddd5,N625FB,N625FB,AS50,,,KDVT,,,2025-04-10 16:29:17+00,2025-04-10 16:29:31+00,3
3332,39cc0e2a,N625FB,N625FB,AS50,,,KDVT,,,2025-04-08 06:52:53+00,2025-04-08 06:53:55+00,6
3292,39fc7902,N625FB,N625FB,AS50,,,KDVT,,,2025-04-21 06:40:38+00,2025-04-21 06:40:56+00,0
3286,39f9312b,N625FB,N625FB,AS50,,,KDVT,,,2025-04-20 05:14:36+00,2025-04-20 05:14:22+00,0
3230,3a6a1df8,N625FB,N625FB,AS50,,,KDVT,,,2025-05-20 06:52:12+00,2025-05-20 06:52:54+00,0
3195,3a9c0080,N625FB,N625FB,AS50,,2025-06-02 08:00:07+00,KDVT,KDVT,,2025-06-02 07:58:13+00,2025-06-02 07:58:19+00,1
3181,3a99f068,N625FB,N625FB,AS50,,,KDVT,,,2025-06-01 16:50:07+00,2025-06-01 16:50:53+00,0
3172,3a84c00a,N625FB,N625FB,AS50,,,KDVT,,,2025-05-27 06:56:48+00,2025-05-27 06:57:03+00,0
3137,3abbf8bd,N625FB,N625FB,AS50,,,KDVT,,,2025-06-10 15:22:49+00,2025-06-10 15:24:30+00,0
3129,3ab6806e,N625FB,N625FB,AS50,,,KDVT,,,2025-06-09 06:42:52+00,2025-06-09 06:42:30+00,0
3079,3b4058bf,N625FB,N625FB,AS50,,,KDVT,,,2025-07-14 16:16:26+00,2025-07-14 16:16:36+00,2
3062,3b8d5853,N625FB,N625FB,AS50,,,KDVT,,,2025-08-03 06:34:44+00,2025-08-03 08:01:35+00,4
3021,3b5b86b6,N625FB,N625FB,AS50,,,KDVT,,,2025-07-21 15:59:23+00,2025-07-21 15:59:51+00,3
2985,3be8efea,N625FB,N625FB,AS50,,,KDVT,,,2025-08-26 03:40:38+00,2025-08-26 03:41:43+00,3
2971,3bcf70e1,N625FB,N625FB,AS50,,,KDVT,,,2025-08-19 16:06:19+00,2025-08-19 16:06:48+00,2
2747,391e4c9a,N624FB,N624FB,AS50,,,KDVT,,,2025-02-13 22:15:51+00,2025-02-13 22:19:08+00,2
2712,394653f1,N624FB,N624FB,AS50,,,KDVT,,,2025-02-26 17:36:45+00,2025-02-26 17:48:07+00,69
2711,39464342,N624FB,N624FB,AS50,,,KDVT,,,2025-02-26 17:15:12+00,2025-02-26 17:22:43+00,28
2595,39811c87,N624FB,N624FB,AS50,,2025-03-17 05:09:34+00,,KDVT,,2025-03-17 03:37:05+00,2025-03-17 05:09:34+00,2233
2581,39c80754,N624FB,N624FB,AS50,,,KDVT,,,2025-04-07 03:52:47+00,2025-04-07 03:52:24+00,0
2574,39c43774,N624FB,N624FB,AS50,,,KPHX,,,2025-04-05 23:46:14+00,2025-04-05 23:47:37+00,1
2535,3a0599b2,N624FB,N624FB,AS50,,2025-04-23 14:07:10+00,,KDVT,,2025-04-23 14:04:10+00,2025-04-23 14:07:10+00,64
2517,39fa7050,N624FB,N624FB,AS50,,,,,,2025-04-20 14:39:24+00,2025-04-20 14:42:35+00,58
2493,3a336a20,N624FB,N624FB,AS50,,,KDVT,,,2025-05-05 16:54:03+00,2025-05-05 16:54:32+00,0
2442,3a534ef8,N624FB,N624FB,AS50,,,KDVT,,,2025-05-14 03:34:34+00,2025-05-14 03:34:52+00,3
2430,3a9daec4,N624FB,N624FB,AS50,,,KDVT,,,2025-06-02 16:58:51+00,2025-06-02 16:58:58+00,2
2423,3a8e726b,N624FB,N624FB,AS50,,2025-05-29 17:38:10+00,KDVT,KDVT,,2025-05-29 17:36:11+00,2025-05-29 17:51:35+00,134
2362,3b16b5c1,N624FB,N624FB,AS50,,,KDVT,,,2025-07-03 16:01:50+00,2025-07-03 16:02:19+00,3
2359,3b12353c,N624FB,N624FB,AS50,,,KPAN,,,2025-07-02 13:58:58+00,2025-07-02 14:00:06+00,2
2329,3afa2d2d,N624FB,N624FB,AS50,,,,,,2025-06-26 06:37:49+00,2025-06-26 06:39:33+00,3
2289,3b9fdca5,N624FB,N624FB,AS50,,,KDVT,,,2025-08-07 18:48:01+00,2025-08-07 18:48:23+00,4
2276,3bef355f,N624FB,N624FB,AS50,,,KDVT,,,2025-08-27 16:18:16+00,2025-08-27 16:19:36+00,3
2261,3bd41c48,N624FB,N624FB,AS50,,,KDVT,,,2025-08-20 19:36:36+00,2025-08-20 19:37:34+00,2
2210,3759d036,N623FB,N623FB,AS50,,2024-10-01 20:38:14+00,KPHX,KDVT,,2024-10-01 19:08:41+00,2024-10-01 20:36:22+00,704
2167,380ae87f,N623FB,N623FB,AS50,,,KPHX,,,2024-11-19 18:24:08+00,2024-11-19 18:53:25+00,574
2108,3850c24b,N623FB,N623FB,AS50,,2024-12-12 02:24:54+00,KDVT,KDVT,,2024-12-12 01:58:52+00,2024-12-12 02:24:48+00,208
2056,38b7b577,N623FB,N623FB,AS50,,,,,,2025-01-14 08:57:25+00,2025-01-14 09:43:28+00,763
2002,39211961,N623FB,N623FB,AS50,,,KDVT,,,2025-02-14 19:04:10+00,2025-02-14 19:04:11+00,0
1965,39035678,N623FB,N623FB,AS50,,2025-02-05 14:40:32+00,KDVT,KDVT,,2025-02-05 14:31:04+00,2025-02-05 14:40:16+00,23
1744,3a594ce3,N623FB,N623FB,AS50,,,KDVT,,,2025-05-15 15:51:12+00,2025-05-15 15:51:16+00,1
1741,3a51b6e4,N623FB,N623FB,AS50,,,KDVT,,,2025-05-13 16:59:09+00,2025-05-13 16:59:10+00,0
1646,3bc27f77,N623FB,N623FB,AS50,,,KDVT,,,2025-08-16 07:59:05+00,2025-08-16 07:59:50+00,6
1619,3b9a5f3c,N623FB,N623FB,AS50,,,,,,2025-08-06 13:48:25+00,2025-08-06 13:54:15+00,78
1585,3bdf9f99,N623FB,N623FB,AS50,,,KDVT,,,2025-08-23 15:59:46+00,2025-08-23 16:00:42+00,2
1574,3bcdd6e9,N623FB,N623FB,AS50,,,KDVT,,,2025-08-19 08:00:35+00,2025-08-19 08:02:03+00,2
1451,3790ffa6,N622FB,N622FB,AS50,,,KDVT,,,2024-10-16 09:14:54+00,2024-10-16 11:53:54+00,1330
1417,388e86dc,N622FB,N622FB,AS50,,2025-01-01 13:13:50+00,KDVT,KDVT,,2025-01-01 13:11:35+00,2025-01-01 13:13:37+00,40
1429,37bc4127,N622FB,N622FB,AS50,,,,,,2024-10-27 14:32:31+00,2024-10-27 15:07:20+00,0
1346,38dc6cee,N622FB,N622FB,AS50,,2025-01-25 03:37:55+00,,KDVT,,2025-01-25 03:12:23+00,2025-01-25 03:38:12+00,299
1279,3947dc47,N622FB,N622FB,AS50,,,KDVT,,,2025-02-27 03:30:59+00,2025-02-27 03:35:14+00,41
1260,39475143,N622FB,N622FB,AS50,,,KDVT,,,2025-02-26 23:21:34+00,2025-02-26 23:22:57+00,23
1166,39d7c1fd,N622FB,N622FB,AS50,,,KDVT,,,2025-04-11 03:35:38+00,2025-04-11 03:36:06+00,4
1156,3a0a092a,N622FB,N622FB,AS50,,,KDVT,,,2025-04-24 15:59:47+00,2025-04-24 15:59:47+00,1
1120,3a46a459,N622FB,N622FB,AS50,,,KDVT,,,2025-05-10 16:01:18+00,2025-05-10 18:27:58+00,3
1104,3a3d271f,N622FB,N622FB,AS50,,,,,,2025-05-08 09:03:57+00,2025-05-08 09:04:11+00,2
1099,3a3c1b5a,N622FB,N622FB,AS50,,,KDVT,,,2025-05-08 00:37:30+00,2025-05-08 00:37:26+00,0
1074,3a175cdf,N622FB,N622FB,AS50,,,KDVT,,,2025-04-28 06:48:06+00,2025-04-28 06:49:39+00,0
1052,3a69e8b5,N622FB,N622FB,AS50,,,KDVT,,,2025-05-20 05:08:22+00,2025-05-20 05:08:23+00,0
973,3ac06a32,N622FB,N622FB,AS50,,,KDVT,,,2025-06-11 16:14:15+00,2025-06-11 16:14:28+00,2
955,3b090eaf,N622FB,N622FB,AS50,,,KDVT,,,2025-06-30 05:25:59+00,2025-06-30 05:26:00+00,0
946,3af9c22f,N622FB,N622FB,AS50,,,KDVT,,,2025-06-26 03:18:53+00,2025-06-26 03:20:29+00,33
917,3b3124a2,N622FB,N622FB,AS50,,,KDVT,,,2025-07-10 16:08:55+00,2025-07-10 16:09:27+00,1
898,3b7a96e1,N622FB,N622FB,AS50,,,KDVT,,,2025-07-29 14:07:22+00,2025-07-29 15:27:35+00,5
894,3b7338af,N622FB,N622FB,AS50,,,KDVT,,,2025-07-27 16:07:36+00,2025-07-27 16:07:49+00,2
855,3b9bf99e,N622FB,N622FB,AS50,,,KDVT,,,2025-08-06 21:11:01+00,2025-08-06 21:11:03+00,1
847,3b928345,N622FB,N622FB,AS50,,,KDVT,,,2025-08-04 15:17:55+00,2025-08-04 15:18:18+00,2
714,383a91bb,N621FB,N621FB,AS50,,,KDVT,,,2024-12-04 22:14:01+00,2024-12-04 22:17:25+00,44
685,386576dd,N621FB,N621FB,AS50,,2024-12-18 18:01:14+00,,KDVT,,2024-12-18 17:40:33+00,2024-12-18 18:01:14+00,327
683,386552cb,N621FB,N621FB,AS50,,2024-12-18 16:52:51+00,KDVT,KDVT,,2024-12-18 16:49:28+00,2024-12-18 16:52:51+00,73
470,397de8f6,N621FB,N621FB,AS50,,,KDVT,,,2025-03-16 00:14:02+00,2025-03-16 00:17:00+00,60
463,397dcd2c,N621FB,N621FB,AS50,,,KDVT,,,2025-03-15 23:18:11+00,2025-03-15 23:23:38+00,89
409,39c02bc5,N621FB,N621FB,AS50,,,KDVT,,,2025-04-04 18:58:29+00,2025-04-04 18:59:10+00,4
1107,3a3e8207,N622FB,N622FB,AS50,,,KDVT,,,2025-05-08 15:58:25+00,2025-05-08 15:58:50+00,4
389,3aae40f2,N621FB,N621FB,AS50,,,KDVT,,,2025-06-06 20:03:26+00,2025-06-06 20:03:11+00,0
152,3bddbd12,N621FB,N621FB,AS50,,,KDVT,,,2025-08-23 05:05:34+00,2025-08-23 05:06:05+00,3
4,3c026db4,N623FB,N623FB,AS50,,,KDVT,,,2025-09-01 18:28:34+00,2025-09-01 18:30:07+00,5
6,3c02a140,N623FB,N623FB,AS50,,,KDVT,,,2025-09-01 19:35:58+00,2025-09-01 19:36:41+00,3
52,3c085cd4,N621FB,N621FB,AS50,,,KDVT,,,2025-09-03 09:20:51+00,2025-09-03 09:22:29+00,3
83,3c044199,N624FB,N624FB,AS50,,,KDVT,,,2025-09-02 08:06:28+00,2025-09-02 15:19:45+00,6
155,3be0b32b,N621FB,N621FB,AS50,,,KDVT,,,2025-08-23 22:56:53+00,2025-08-23 22:58:35+00,5
139,3bcca20f,N621FB,N621FB,AS50,,,KDVT,,,2025-08-18 23:00:35+00,2025-08-18 23:02:03+00,2
345,3acf4037,N621FB,N621FB,AS50,,,KDVT,,,2025-06-15 11:37:24+00,2025-06-15 11:37:24+00,0
330,3abe5eda,N621FB,N621FB,AS50,,,KDVT,,,2025-06-11 06:04:20+00,2025-06-11 06:04:06+00,0
181,3bc51c05,N621FB,N621FB,AS50,,2025-08-17 00:18:23+00,KDVT,KDVT,,2025-08-16 22:57:03+00,2025-08-17 00:19:27+00,2006
208,3baf33dc,N621FB,N621FB,AS50,,,KDVT,,,2025-08-11 16:01:44+00,2025-08-11 16:02:20+00,2
300,3b0a75de,N621FB,N621FB,AS50,,,KDVT,,,2025-06-30 14:08:25+00,2025-06-30 14:08:40+00,0
903,3b7f3f02,N622FB,N622FB,AS50,,,KDVT,,,2025-07-30 16:15:45+00,2025-07-30 16:18:08+00,1
290,3afe68ff,N621FB,N621FB,AS50,,,KDVT,,,2025-06-27 08:16:08+00,2025-06-27 08:17:55+00,0
277,3aef1f95,N621FB,N621FB,AS50,,,KDVT,,,2025-06-23 14:09:42+00,2025-06-23 14:10:11+00,0
