id,flight_id,registration,callsign,departure_time,arrival_time,flight_duration_minutes,departure_airport,arrival_airport,max_altitude_feet,min_altitude_feet,avg_altitude_feet,estimated_cost,fuel_consumed_gallons
4464,fr24_historical_N621FB_20230926_120000,N621FB,,2023-09-26 12:00:00+00,,,,,,,,,
4463,fr24_historical_N621FB_20230926_220000,N621FB,,2023-09-26 22:00:00+00,,,,,,,,,
4462,fr24_historical_N621FB_20230927_020000,N621FB,,2023-09-27 02:00:00+00,,,,,,,,,
4461,fr24_historical_N621FB_20230927_160000,N621FB,,2023-09-27 16:00:00+00,,,,,,,,,
4460,fr24_historical_N621FB_20230928_000000,N621FB,,2023-09-28 00:00:00+00,,,,,,,,,
4459,fr24_historical_N622FB_20230928_180000,N622FB,,2023-09-28 18:00:00+00,,,,,,,,,
4458,fr24_historical_N622FB_20230928_200000,N622FB,,2023-09-28 20:00:00+00,,,,,,,,,
4457,fr24_historical_N622FB_20230928_220000,N622FB,,2023-09-28 22:00:00+00,,,,,,,,,
4456,fr24_historical_N622FB_20230929_000000,N622FB,,2023-09-29 00:00:00+00,,,,,,,,,
4455,fr24_historical_N622FB_20230929_020000,N622FB,,2023-09-29 02:00:00+00,,,,,,,,,
4454,fr24_historical_N621FB_20230929_040000,N621FB,,2023-09-29 04:00:00+00,,,,,,,,,
4453,fr24_historical_N621FB_20230929_080000,N621FB,,2023-09-29 08:00:00+00,,,,,,,,,
4452,fr24_historical_N622FB_20230929_160000,N622FB,,2023-09-29 16:00:00+00,,,,,,,,,
4451,fr24_historical_N621FB_20230929_220000,N621FB,,2023-09-29 22:00:00+00,,,,,,,,,
4450,fr24_historical_N621FB_20230930_020000,N621FB,,2023-09-30 02:00:00+00,,,,,,,,,
4449,fr24_historical_N621FB_20230930_060000,N621FB,,2023-09-30 06:00:00+00,,,,,,,,,
4448,fr24_historical_N621FB_20231001_040000,N621FB,,2023-10-01 04:00:00+00,,,,,,,,,
4447,fr24_historical_N621FB_20231001_080000,N621FB,,2023-10-01 08:00:00+00,,,,,,,,,
4446,fr24_historical_N621FB_20231001_160000,N621FB,,2023-10-01 16:00:00+00,,,,,,,,,
4445,fr24_historical_N621FB_20231001_200000,N621FB,,2023-10-01 20:00:00+00,,,,,,,,,
4444,fr24_historical_N622FB_20231002_200000,N622FB,,2023-10-02 20:00:00+00,,,,,,,,,
4443,fr24_historical_N622FB_20231003_000000,N622FB,,2023-10-03 00:00:00+00,,,,,,,,,
4442,fr24_historical_N622FB_20231004_040000,N622FB,,2023-10-04 04:00:00+00,,,,,,,,,
4441,fr24_historical_N622FB_20231006_040000,N622FB,,2023-10-06 04:00:00+00,,,,,,,,,
4440,fr24_historical_N622FB_20231006_080000,N622FB,,2023-10-06 08:00:00+00,,,,,,,,,
4439,fr24_historical_N622FB_20231007_000000,N622FB,,2023-10-07 00:00:00+00,,,,,,,,,
4438,fr24_historical_N622FB_20231007_020000,N622FB,,2023-10-07 02:00:00+00,,,,,,,,,
4437,fr24_historical_N622FB_20231008_060000,N622FB,,2023-10-08 06:00:00+00,,,,,,,,,
4436,fr24_historical_N622FB_20231009_000000,N622FB,,2023-10-09 00:00:00+00,,,,,,,,,
4435,fr24_historical_N622FB_20231010_000000,N622FB,,2023-10-10 00:00:00+00,,,,,,,,,
4434,fr24_historical_N622FB_20231015_200000,N622FB,,2023-10-15 20:00:00+00,,,,,,,,,
4433,fr24_historical_N622FB_20231016_000000,N622FB,,2023-10-16 00:00:00+00,,,,,,,,,
4432,fr24_historical_N622FB_20231016_060000,N622FB,,2023-10-16 06:00:00+00,,,,,,,,,
4431,fr24_historical_N622FB_20231016_100000,N622FB,,2023-10-16 10:00:00+00,,,,,,,,,
4430,fr24_historical_N622FB_20231017_040000,N622FB,,2023-10-17 04:00:00+00,,,,,,,,,
4429,fr24_historical_N622FB_20231017_080000,N622FB,,2023-10-17 08:00:00+00,,,,,,,,,
4428,fr24_historical_N622FB_20231018_040000,N622FB,,2023-10-18 04:00:00+00,,,,,,,,,
4427,fr24_historical_N622FB_20231018_080000,N622FB,,2023-10-18 08:00:00+00,,,,,,,,,
4426,fr24_historical_N622FB_20231018_160000,N622FB,,2023-10-18 16:00:00+00,,,,,,,,,
4425,fr24_historical_N622FB_20231019_080000,N622FB,,2023-10-19 08:00:00+00,,,,,,,,,
4424,fr24_historical_N622FB_20231020_180000,N622FB,,2023-10-20 18:00:00+00,,,,,,,,,
4423,fr24_historical_N622FB_20231021_160000,N622FB,,2023-10-21 16:00:00+00,,,,,,,,,
4422,fr24_historical_N622FB_20231021_200000,N622FB,,2023-10-21 20:00:00+00,,,,,,,,,
4421,fr24_historical_N622FB_20231022_060000,N622FB,,2023-10-22 06:00:00+00,,,,,,,,,
4420,fr24_historical_N622FB_20231023_040000,N622FB,,2023-10-23 04:00:00+00,,,,,,,,,
4419,fr24_historical_N622FB_20231023_080000,N622FB,,2023-10-23 08:00:00+00,,,,,,,,,
4418,fr24_historical_N622FB_20231023_160000,N622FB,,2023-10-23 16:00:00+00,,,,,,,,,
4417,fr24_historical_N622FB_20231023_180000,N622FB,,2023-10-23 18:00:00+00,,,,,,,,,
4416,fr24_historical_N622FB_20231023_200000,N622FB,,2023-10-23 20:00:00+00,,,,,,,,,
4415,fr24_historical_N622FB_20231024_160000,N622FB,,2023-10-24 16:00:00+00,,,,,,,,,
4414,fr24_historical_N622FB_20231024_200000,N622FB,,2023-10-24 20:00:00+00,,,,,,,,,
4413,fr24_historical_N622FB_20231026_140000,N622FB,,2023-10-26 14:00:00+00,,,,,,,,,
4412,fr24_historical_N622FB_20231026_180000,N622FB,,2023-10-26 18:00:00+00,,,,,,,,,
4398,fr24_historical_N622FB_20240616_000000,N622FB,,2024-06-16 00:00:00+00,,,,,,,,,
4397,fr24_historical_N622FB_20240617_060000,N622FB,,2024-06-17 06:00:00+00,,,,,,,,,
4396,fr24_historical_N622FB_20240621_000000,N622FB,,2024-06-21 00:00:00+00,,,,,,,,,
4395,fr24_historical_N622FB_20240623_060000,N622FB,,2024-06-23 06:00:00+00,,,,,,,,,
4394,fr24_historical_N622FB_20240624_000000,N622FB,,2024-06-24 00:00:00+00,,,,,,,,,
4393,fr24_historical_N622FB_20240626_000000,N622FB,,2024-06-26 00:00:00+00,,,,,,,,,
4392,fr24_historical_N622FB_20240627_000000,N622FB,,2024-06-27 00:00:00+00,,,,,,,,,
4391,fr24_historical_N622FB_20240703_000000,N622FB,,2024-07-03 00:00:00+00,,,,,,,,,
4390,fr24_historical_N622FB_20240704_000000,N622FB,,2024-07-04 00:00:00+00,,,,,,,,,
4389,fr24_historical_N622FB_20240706_180000,N622FB,,2024-07-06 18:00:00+00,,,,,,,,,
4388,fr24_historical_N622FB_20240717_000000,N622FB,,2024-07-17 00:00:00+00,,,,,,,,,
4387,fr24_historical_N622FB_20240717_060000,N622FB,,2024-07-17 06:00:00+00,,,,,,,,,
4386,fr24_historical_N622FB_20240720_000000,N622FB,,2024-07-20 00:00:00+00,,,,,,,,,
4385,fr24_historical_N621FB_20240723_180000,N621FB,,2024-07-23 18:00:00+00,,,,,,,,,
4384,fr24_historical_N622FB_20240727_000000,N622FB,,2024-07-27 00:00:00+00,,,,,,,,,
4383,fr24_historical_N622FB_20240729_060000,N622FB,,2024-07-29 06:00:00+00,,,,,,,,,
4382,fr24_historical_N621FB_20240731_060000,N621FB,,2024-07-31 06:00:00+00,,,,,,,,,
4381,fr24_historical_N621FB_20240807_000000,N621FB,,2024-08-07 00:00:00+00,,,,,,,,,
4380,fr24_historical_N622FB_20240807_060000,N622FB,,2024-08-07 06:00:00+00,,,,,,,,,
4379,fr24_historical_N621FB_20240807_180000,N621FB,,2024-08-07 18:00:00+00,,,,,,,,,
4378,fr24_historical_N621FB_20240808_180000,N621FB,,2024-08-08 18:00:00+00,,,,,,,,,
4377,fr24_historical_N622FB_20240809_060000,N622FB,,2024-08-09 06:00:00+00,,,,,,,,,
4376,fr24_historical_N622FB_20240810_000000,N622FB,,2024-08-10 00:00:00+00,,,,,,,,,
4375,fr24_historical_N621FB_20240812_060000,N621FB,,2024-08-12 06:00:00+00,,,,,,,,,
4374,fr24_historical_N621FB_20240813_000000,N621FB,,2024-08-13 00:00:00+00,,,,,,,,,
4373,fr24_historical_N621FB_20240815_000000,N621FB,,2024-08-15 00:00:00+00,,,,,,,,,
4372,fr24_historical_N622FB_20240815_060000,N622FB,,2024-08-15 06:00:00+00,,,,,,,,,
4371,fr24_historical_N621FB_20240817_000000,N621FB,,2024-08-17 00:00:00+00,,,,,,,,,
4370,fr24_historical_N622FB_20240817_060000,N622FB,,2024-08-17 06:00:00+00,,,,,,,,,
4369,fr24_historical_N622FB_20240818_060000,N622FB,,2024-08-18 06:00:00+00,,,,,,,,,
4368,fr24_historical_N621FB_20240821_000000,N621FB,,2024-08-21 00:00:00+00,,,,,,,,,
4367,fr24_historical_N621FB_20240821_060000,N621FB,,2024-08-21 06:00:00+00,,,,,,,,,
4366,fr24_historical_N621FB_20240821_180000,N621FB,,2024-08-21 18:00:00+00,,,,,,,,,
4365,fr24_historical_N622FB_20240823_060000,N622FB,,2024-08-23 06:00:00+00,,,,,,,,,
4364,fr24_historical_N621FB_20240824_000000,N621FB,,2024-08-24 00:00:00+00,,,,,,,,,
4363,fr24_historical_N622FB_20240824_060000,N622FB,,2024-08-24 06:00:00+00,,,,,,,,,
4362,fr24_historical_N621FB_20240825_000000,N621FB,,2024-08-25 00:00:00+00,,,,,,,,,
4361,fr24_historical_N621FB_20240826_000000,N621FB,,2024-08-26 00:00:00+00,,,,,,,,,
4360,fr24_historical_N621FB_20240827_000000,N621FB,,2024-08-27 00:00:00+00,,,,,,,,,
4359,fr24_historical_N621FB_20240829_000000,N621FB,,2024-08-29 00:00:00+00,,,,,,,,,
4358,fr24_historical_N621FB_20240831_000000,N621FB,,2024-08-31 00:00:00+00,,,,,,,,,
4357,fr24_historical_N622FB_20240901_000000,N622FB,,2024-09-01 00:00:00+00,,,,,,,,,
4356,fr24_historical_N621FB_20240902_060000,N621FB,,2024-09-02 06:00:00+00,,,,,,,,,
4355,fr24_historical_N622FB_20240903_000000,N622FB,,2024-09-03 00:00:00+00,,,,,,,,,
4354,fr24_historical_N622FB_20240903_060000,N622FB,,2024-09-03 06:00:00+00,,,,,,,,,
4353,fr24_historical_N622FB_20240904_000000,N622FB,,2024-09-04 00:00:00+00,,,,,,,,,
4352,fr24_historical_N622FB_20240905_060000,N622FB,,2024-09-05 06:00:00+00,,,,,,,,,
4351,fr24_historical_N622FB_20240906_120000,N622FB,,2024-09-06 12:00:00+00,,,,,,,,,
4350,fr24_historical_N622FB_20240906_180000,N622FB,,2024-09-06 18:00:00+00,,,,,,,,,
4349,fr24_historical_N622FB_20240907_000000,N622FB,,2024-09-07 00:00:00+00,,,,,,,,,
4348,fr24_historical_N622FB_20240907_060000,N622FB,,2024-09-07 06:00:00+00,,,,,,,,,
4347,fr24_historical_N622FB_20240907_120000,N622FB,,2024-09-07 12:00:00+00,,,,,,,,,
4346,fr24_historical_N622FB_20240908_000000,N622FB,,2024-09-08 00:00:00+00,,,,,,,,,
4345,fr24_historical_N622FB_20240908_060000,N622FB,,2024-09-08 06:00:00+00,,,,,,,,,
4344,fr24_historical_N622FB_20240909_000000,N622FB,,2024-09-09 00:00:00+00,,,,,,,,,
4343,fr24_historical_N622FB_20240909_060000,N622FB,,2024-09-09 06:00:00+00,,,,,,,,,
4342,fr24_historical_N621FB_20240910_000000,N621FB,,2024-09-10 00:00:00+00,,,,,,,,,
4399,fr24_historical_N624FB_20240911_000000,N624FB,,2024-09-11 00:00:00+00,,,,,,,,,
4341,fr24_historical_N622FB_20240912_060000,N622FB,,2024-09-12 06:00:00+00,,,,,,,,,
4340,fr24_historical_N622FB_20240912_120000,N622FB,,2024-09-12 12:00:00+00,,,,,,,,,
4322,fr24_complete_3719de25,N623FB,N623FB,2024-09-14 15:08:54+00,2024-09-14 18:16:06+00,187.2,KDVT,KDVT,,,,,
4321,fr24_complete_371a8415,N623FB,N623FB,2024-09-14 18:17:30+00,2024-09-14 19:13:57+00,56.45,KDVT,KDVT,,,,,
4320,fr24_complete_371b29ae,N622FB,N622FB,2024-09-14 22:31:37+00,2024-09-14 22:56:30+00,24.883333333333333,KDVT,,,,,,
4319,fr24_complete_371b3826,N622FB,N622FB,2024-09-14 22:56:33+00,2024-09-14 23:56:37+00,60.06666666666667,KPHX,KDVT,,,,,
4318,fr24_complete_371b9319,N622FB,N622FB,2024-09-15 01:59:08+00,2024-09-15 03:35:47+00,96.65,KDVT,KDVT,,,,,
4317,fr24_complete_371bb719,N625FB,N625FB,2024-09-15 03:30:56+00,2024-09-15 05:13:57+00,103.01666666666667,KDVT,KDVT,,,,,
4316,fr24_complete_371c0112,N625FB,N625FB,2024-09-15 06:31:42+00,2024-09-15 08:01:56+00,90.23333333333333,KDVT,KDVT,,,,,
4315,fr24_complete_371d6853,N623FB,N623FB,2024-09-15 15:37:32+00,2024-09-15 15:44:34+00,7.033333333333333,KDVT,KDVT,,,,,
4314,fr24_complete_371d8306,N623FB,N623FB,2024-09-15 16:06:31+00,2024-09-15 17:02:23+00,55.86666666666667,KDVT,KDVT,,,,,
4313,fr24_complete_371e0da1,N624FB,N624FB,2024-09-15 19:02:17+00,2024-09-15 19:40:33+00,38.266666666666666,KDVT,KDVT,,,,,
4312,fr24_complete_371eb091,N624FB,N624FB,2024-09-15 23:07:53+00,2024-09-16 00:40:57+00,93.06666666666666,KDVT,KDVT,,,,,
4311,fr24_complete_371f0ecd,N624FB,N624FB,2024-09-16 02:09:43+00,2024-09-16 03:53:20+00,103.61666666666666,KDVT,KDVT,,,,,
4310,fr24_complete_371f3042,N623FB,N623FB,2024-09-16 03:32:31+00,2024-09-16 05:19:19+00,106.8,KDVT,KDVT,,,,,
4309,fr24_complete_371f87df,N623FB,N623FB,2024-09-16 06:51:33+00,2024-09-16 08:04:16+00,72.71666666666667,KDVT,KDVT,,,,,
4308,fr24_complete_3720cdb9,N622FB,N622FB,2024-09-16 15:02:33+00,2024-09-16 16:18:21+00,75.8,KDVT,KDVT,,,,,
4307,fr24_complete_3721ce2c,N621FB,N621FB,2024-09-16 20:10:37+00,2024-09-16 20:17:46+00,7.15,KDVT,KDVT,,,,,
4306,fr24_complete_37224f4c,N623FB,N623FB,2024-09-16 23:11:22+00,2024-09-17 00:46:25+00,95.05,KDVT,KDVT,,,,,
4305,fr24_complete_3722bf00,N623FB,N623FB,2024-09-17 02:15:04+00,2024-09-17 03:44:15+00,89.18333333333334,KDVT,KDVT,,,,,
4304,fr24_complete_3722e39c,N622FB,N622FB,2024-09-17 03:32:47+00,2024-09-17 05:15:20+00,102.55,KDVT,KDVT,,,,,
4303,fr24_complete_3723142c,N621FB,N621FB,2024-09-17 05:13:31+00,2024-09-17 06:38:36+00,85.08333333333333,KDVT,KGEU,,,,,
4302,fr24_complete_37233d39,N621FB,N621FB,2024-09-17 06:39:33+00,2024-09-17 06:49:49+00,10.266666666666667,KGEU,KDVT,,,,,
4301,fr24_complete_37236546,N621FB,N621FB,2024-09-17 08:03:04+00,2024-09-17 10:03:59+00,120.91666666666667,KDVT,KDVT,,,,,
4300,fr24_complete_372495f9,N622FB,N622FB,2024-09-17 15:01:38+00,2024-09-17 16:35:10+00,93.53333333333333,KDVT,KDVT,,,,,
4299,fr24_complete_37262ca7,N621FB,N621FB,2024-09-17 23:19:28+00,2024-09-18 00:33:32+00,74.06666666666666,KDVT,KDVT,,,,,
4298,fr24_complete_3726974a,N621FB,N621FB,2024-09-18 02:11:22+00,2024-09-18 03:45:42+00,94.33333333333333,KDVT,KDVT,,,,,
4297,fr24_complete_3726bea9,N623FB,N623FB,2024-09-18 03:35:05+00,2024-09-18 05:16:00+00,100.91666666666667,KDVT,KDVT,,,,,
4296,fr24_complete_3726e74c,N624FB,N624FB,2024-09-18 05:02:28+00,2024-09-18 06:52:51+00,110.38333333333334,KDVT,KDVT,,,,,
4295,fr24_complete_37271282,N623FB,N623FB,2024-09-18 06:31:41+00,2024-09-18 08:12:52+00,101.18333333333334,KDVT,KDVT,,,,,
4294,fr24_complete_37273f19,N624FB,N624FB,2024-09-18 08:02:41+00,2024-09-18 09:36:32+00,93.85,KDVT,KDVT,,,,,
4293,fr24_complete_37285dd8,N623FB,N623FB,2024-09-18 14:31:05+00,2024-09-18 15:03:32+00,32.45,KDVT,KDVT,,,,,
4292,fr24_complete_3728a2b0,N623FB,N623FB,2024-09-18 15:40:38+00,2024-09-18 16:47:18+00,66.66666666666667,KDVT,KDVT,,,,,
4291,fr24_complete_37293999,N624FB,N624FB,2024-09-18 18:24:44+00,2024-09-18 19:23:29+00,58.75,KDVT,KDVT,,,,,
4290,fr24_complete_372948fd,N623FB,N623FB,2024-09-18 18:46:06+00,2024-09-18 20:08:16+00,82.16666666666667,KDVT,KDVT,,,,,
4289,fr24_complete_372939c9,N621FB,N621FB,2024-09-18 19:15:31+00,2024-09-18 19:25:13+00,9.7,KDVT,KDVT,,,,,
4288,fr24_complete_3729e835,N622FB,N622FB,2024-09-18 22:53:14+00,2024-09-19 00:27:08+00,93.9,KDVT,KDVT,,,,,
4287,fr24_complete_372a880a,N622FB,N622FB,2024-09-19 02:04:53+00,2024-09-19 03:35:59+00,91.1,KDVT,KDVT,,,,,
4286,fr24_complete_372ab21d,N621FB,N621FB,2024-09-19 03:33:10+00,2024-09-19 05:19:05+00,105.91666666666667,KDVT,KDVT,,,,,
4285,fr24_complete_372adc18,N622FB,N622FB,2024-09-19 05:02:08+00,2024-09-19 06:38:34+00,96.43333333333334,KDVT,KDVT,,,,,
4284,fr24_complete_372b07f7,N621FB,N621FB,2024-09-19 06:31:58+00,2024-09-19 08:07:21+00,95.38333333333334,KDVT,KDVT,,,,,
4283,fr24_complete_372b35db,N622FB,N622FB,2024-09-19 08:02:44+00,2024-09-19 09:54:21+00,111.61666666666666,KDVT,KDVT,,,,,
4282,fr24_complete_372c20d4,N625FB,N625FB,2024-09-19 13:36:03+00,2024-09-19 14:32:55+00,56.86666666666667,KDVT,KDVT,,,,,
4281,fr24_complete_372d2940,N625FB,N625FB,2024-09-19 17:58:44+00,2024-09-19 19:28:31+00,89.78333333333333,KDVT,KDVT,,,,,
4280,fr24_complete_372e3121,N622FB,N622FB,2024-09-19 23:12:17+00,2024-09-20 00:55:11+00,102.9,KDVT,KDVT,,,,,
4279,fr24_complete_372ea839,N622FB,N622FB,2024-09-20 02:11:01+00,2024-09-20 03:37:36+00,86.58333333333333,KDVT,KDVT,,,,,
4278,fr24_complete_372ed0ab,N621FB,N621FB,2024-09-20 03:30:55+00,2024-09-20 05:14:13+00,103.3,KDVT,KDVT,,,,,
4277,fr24_complete_372efce8,N622FB,N622FB,2024-09-20 05:03:33+00,2024-09-20 06:37:12+00,93.65,KDVT,KDVT,,,,,
4276,fr24_complete_372f28b9,N621FB,N621FB,2024-09-20 06:33:22+00,2024-09-20 08:07:21+00,93.98333333333333,KDVT,KDVT,,,,,
4275,fr24_complete_372f55ad,N622FB,N622FB,2024-09-20 08:01:14+00,2024-09-20 09:51:04+00,109.83333333333333,KDVT,KDVT,,,,,
4274,fr24_complete_372ff931,N621FB,N621FB,2024-09-20 12:15:06+00,2024-09-20 13:08:56+00,53.833333333333336,KDVT,KDVT,,,,,
4273,fr24_complete_37315fd8,N621FB,N621FB,2024-09-20 17:57:05+00,2024-09-20 18:59:30+00,62.416666666666664,KDVT,KDVT,,,,,
4272,fr24_complete_37326099,N624FB,N624FB,2024-09-20 23:04:23+00,2024-09-21 00:23:31+00,79.13333333333334,KDVT,KDVT,,,,,
4271,fr24_complete_3732d54e,N624FB,N624FB,2024-09-21 02:10:23+00,2024-09-21 03:40:24+00,90.01666666666667,KDVT,KDVT,,,,,
4270,fr24_complete_3732fa29,N621FB,N621FB,2024-09-21 03:30:27+00,2024-09-21 05:13:38+00,103.18333333333334,KDVT,KDVT,,,,,
4269,fr24_complete_37332499,N622FB,N622FB,2024-09-21 05:06:06+00,2024-09-21 06:37:14+00,91.13333333333334,KDVT,KDVT,,,,,
4268,fr24_complete_37334892,N621FB,N621FB,2024-09-21 06:30:47+00,2024-09-21 08:17:08+00,106.35,KDVT,KDVT,,,,,
4267,fr24_complete_3733757e,N622FB,N622FB,2024-09-21 08:03:27+00,2024-09-21 09:37:34+00,94.11666666666666,KDVT,KDVT,,,,,
4266,fr24_complete_3734b249,N624FB,N624FB,2024-09-21 14:57:06+00,2024-09-21 16:05:00+00,67.9,KDVT,KDVT,,,,,
4265,fr24_complete_37355d4d,N624FB,N624FB,2024-09-21 18:02:38+00,2024-09-21 19:15:29+00,72.85,KDVT,KDVT,,,,,
4264,fr24_complete_37362686,N625FB,N625FB,2024-09-21 23:00:09+00,2024-09-22 00:40:21+00,100.2,KDVT,KDVT,,,,,
4263,fr24_complete_37368361,N625FB,N625FB,2024-09-22 01:59:46+00,2024-09-22 02:25:15+00,25.483333333333334,KDVT,KGEU,,,,,
4262,fr24_complete_37368e69,N625FB,N625FB,2024-09-22 02:25:45+00,2024-09-22 03:36:29+00,70.73333333333333,KGEU,KDVT,,,,,
4261,fr24_complete_3736a785,N623FB,N623FB,2024-09-22 03:30:48+00,2024-09-22 05:08:16+00,97.46666666666667,KDVT,KDVT,,,,,
4260,fr24_complete_3736ccce,N622FB,N622FB,2024-09-22 05:00:33+00,2024-09-22 06:47:30+00,106.95,KDVT,KDVT,,,,,
4259,fr24_complete_3736f2fc,N623FB,N623FB,2024-09-22 06:31:48+00,2024-09-22 08:10:59+00,99.18333333333334,KDVT,KDVT,,,,,
4258,fr24_complete_37371b9a,N622FB,N622FB,2024-09-22 08:02:21+00,2024-09-22 10:13:08+00,130.78333333333333,KDVT,KDVT,,,,,
4257,fr24_complete_37386254,N625FB,N625FB,2024-09-22 15:39:54+00,2024-09-22 16:54:04+00,74.16666666666667,KDVT,KDVT,,,,,
4256,fr24_complete_37390dee,N621FB,N621FB,2024-09-22 19:13:53+00,2024-09-22 19:59:03+00,45.166666666666664,KDVT,KDVT,,,,,
4255,fr24_complete_3739b03d,N622FB,N622FB,2024-09-22 23:10:55+00,2024-09-23 00:32:57+00,82.03333333333333,KDVT,KDVT,,,,,
4254,fr24_complete_373a105f,N622FB,N622FB,2024-09-23 02:02:38+00,2024-09-23 03:22:41+00,80.05,KDVT,KGEU,,,,,
4253,fr24_complete_373a33d1,N622FB,N622FB,2024-09-23 03:23:07+00,2024-09-23 03:39:34+00,16.45,KGEU,KDVT,,,,,
4252,fr24_complete_373a3772,N625FB,N625FB,2024-09-23 03:32:50+00,2024-09-23 05:00:38+00,87.8,KDVT,KDVT,,,,,
4251,fr24_complete_373a5ffa,N622FB,N622FB,2024-09-23 05:01:30+00,2024-09-23 06:43:16+00,101.76666666666667,KDVT,KDVT,,,,,
4250,fr24_complete_373a8a5f,N625FB,N625FB,2024-09-23 06:31:50+00,2024-09-23 08:11:35+00,99.75,KDVT,KDVT,,,,,
4249,fr24_complete_373ab496,N622FB,N622FB,2024-09-23 07:59:59+00,2024-09-23 09:53:50+00,113.85,KDVT,KDVT,,,,,
4248,fr24_complete_373be2c6,N623FB,N623FB,2024-09-23 15:20:17+00,2024-09-23 18:25:34+00,,KDVT,,,,,,
4247,fr24_complete_373c828e,N623FB,N623FB,2024-09-23 18:58:46+00,2024-09-23 19:28:09+00,29.383333333333333,,KDVT,,,,,
4246,fr24_complete_373cb2af,N624FB,N624FB,2024-09-23 19:42:22+00,2024-09-23 20:18:11+00,35.81666666666667,KDVT,KPAN,,,,,
4245,fr24_complete_373cd173,N624FB,N624FB,2024-09-23 20:15:35+00,2024-09-23 20:27:37+00,12.033333333333333,,KPAN,,,,,
4244,fr24_complete_373cd8a7,N624FB,N624FB,2024-09-23 20:28:19+00,2024-09-23 20:38:15+00,9.933333333333334,,KPAN,,,,,
736,fr24_complete_373ce080,N624FB,N624FB,2024-09-23 20:39:31+00,2024-09-23 20:47:00+00,,,KPAN,,,,,
4243,fr24_complete_373ce6de,N624FB,N624FB,2024-09-23 20:47:08+00,2024-09-23 21:37:27+00,50.31666666666667,,KDVT,,,,,
4242,fr24_complete_373d2265,N622FB,N622FB,2024-09-23 22:14:09+00,2024-09-24 00:30:44+00,136.58333333333334,KDVT,KDVT,,,,,
4241,fr24_complete_373db578,N622FB,N622FB,2024-09-24 02:11:03+00,2024-09-24 03:38:36+00,87.55,KDVT,KDVT,,,,,
4240,fr24_complete_373ddc27,N621FB,N621FB,2024-09-24 03:34:13+00,2024-09-24 05:22:14+00,108.01666666666667,KDVT,KDVT,,,,,
4239,fr24_complete_373e056b,N622FB,N622FB,2024-09-24 05:01:31+00,2024-09-24 06:45:46+00,104.25,KDVT,KDVT,,,,,
4238,fr24_complete_373e30f2,N621FB,N621FB,2024-09-24 06:32:33+00,2024-09-24 08:10:00+00,97.45,KDVT,KDVT,,,,,
4237,fr24_complete_373e5ad9,N622FB,N622FB,2024-09-24 08:01:10+00,2024-09-24 09:40:01+00,98.85,KDVT,KDVT,,,,,
4236,fr24_complete_373f5148,N623FB,N623FB,2024-09-24 14:10:04+00,2024-09-24 15:03:03+00,52.983333333333334,KDVT,KPRC,,,,,
4235,fr24_complete_373f8357,N621FB,N621FB,2024-09-24 15:05:26+00,2024-09-24 19:47:40+00,282.23333333333335,KDVT,KDVT,,,,,
4234,fr24_complete_373fdd9b,N623FB,N623FB,2024-09-24 16:49:59+00,2024-09-24 17:20:56+00,30.95,KPRC,KDVT,,,,,
4233,fr24_complete_3740dec8,N622FB,N622FB,2024-09-24 22:20:14+00,2024-09-24 23:51:17+00,91.05,KDVT,KDVT,,,,,
4232,fr24_complete_374170eb,N622FB,N622FB,2024-09-25 02:18:51+00,2024-09-25 03:38:24+00,79.55,KDVT,KDVT,,,,,
4231,fr24_complete_374192d2,N623FB,N623FB,2024-09-25 03:32:09+00,2024-09-25 05:06:17+00,94.13333333333334,KDVT,KDVT,,,,,
4230,fr24_complete_3741bdc8,N622FB,N622FB,2024-09-25 05:03:05+00,2024-09-25 06:39:07+00,96.03333333333333,KDVT,KDVT,,,,,
4229,fr24_complete_3741e74a,N623FB,N623FB,2024-09-25 06:30:55+00,2024-09-25 08:12:06+00,101.18333333333334,KDVT,KDVT,,,,,
4228,fr24_complete_374213d9,N622FB,N622FB,2024-09-25 08:01:23+00,2024-09-25 09:32:17+00,90.9,KDVT,KDVT,,,,,
4227,fr24_complete_37449e9f,N622FB,N622FB,2024-09-25 23:07:33+00,2024-09-26 00:30:18+00,82.75,KDVT,KDVT,,,,,
4226,fr24_complete_37450623,N622FB,N622FB,2024-09-26 02:05:24+00,2024-09-26 03:42:55+00,97.51666666666667,KDVT,KDVT,,,,,
4225,fr24_complete_37452f3b,N624FB,N624FB,2024-09-26 03:32:33+00,2024-09-26 04:59:49+00,87.26666666666667,KDVT,KDVT,,,,,
4224,fr24_complete_3745756d,N624FB,N624FB,2024-09-26 06:00:56+00,2024-09-26 07:05:05+00,64.15,KDVT,KDVT,,,,,
4223,fr24_complete_37459407,N624FB,N624FB,2024-09-26 07:05:07+00,2024-09-26 07:46:37+00,41.5,KDVT,KDVT,,,,,
4222,fr24_complete_3745c27e,N624FB,N624FB,2024-09-26 08:40:38+00,2024-09-26 10:52:12+00,131.56666666666666,KDVT,KDVT,,,,,
4221,fr24_complete_37467754,N625FB,N625FB,2024-09-26 13:33:35+00,2024-09-26 14:17:50+00,44.25,KDVT,KDVT,,,,,
4220,fr24_complete_3746b103,N623FB,N623FB,2024-09-26 14:39:14+00,2024-09-26 15:38:17+00,59.05,KDVT,KDVT,,,,,
4219,fr24_complete_3746eac6,N624FB,N624FB,2024-09-26 15:46:53+00,2024-09-26 16:08:19+00,21.433333333333334,KDVT,KDVT,,,,,
4218,fr24_complete_37476cea,N623FB,N623FB,2024-09-26 18:29:10+00,2024-09-26 19:58:46+00,89.6,KDVT,KDVT,,,,,
4217,fr24_complete_37480098,N622FB,N622FB,2024-09-26 21:46:16+00,2024-09-26 23:33:03+00,106.78333333333333,KDVT,KDVT,,,,,
4216,fr24_complete_3748ab75,N622FB,N622FB,2024-09-27 02:09:58+00,2024-09-27 03:35:22+00,85.4,KDVT,KDVT,,,,,
4215,fr24_complete_3748d3ef,N624FB,N624FB,2024-09-27 03:31:36+00,2024-09-27 05:09:03+00,97.45,KDVT,KDVT,,,,,
4214,fr24_complete_3748fecd,N622FB,N622FB,2024-09-27 05:01:34+00,2024-09-27 06:51:37+00,110.05,KDVT,KDVT,,,,,
4213,fr24_complete_37492b20,N624FB,N624FB,2024-09-27 06:32:50+00,2024-09-27 08:33:02+00,120.2,KDVT,KDVT,,,,,
4212,fr24_complete_37495780,N622FB,N622FB,2024-09-27 08:02:08+00,2024-09-27 10:20:24+00,138.26666666666668,KDVT,KDVT,,,,,
4211,fr24_complete_3749e835,N624FB,N624FB,2024-09-27 12:18:25+00,2024-09-27 13:10:56+00,52.516666666666666,KDVT,KDVT,,,,,
4210,fr24_complete_374a5f17,N624FB,N624FB,2024-09-27 14:42:49+00,2024-09-27 14:49:57+00,7.133333333333334,KDVT,KDVT,,,,,
4209,fr24_complete_374b09b4,N624FB,N624FB,2024-09-27 18:08:52+00,2024-09-27 19:15:08+00,66.26666666666667,KDVT,KDVT,,,,,
4208,fr24_complete_374bd5b3,N622FB,N622FB,2024-09-27 22:50:13+00,2024-09-28 00:20:38+00,90.41666666666667,KDVT,KDVT,,,,,
4207,fr24_complete_374c4bd0,N622FB,N622FB,2024-09-28 02:03:47+00,2024-09-28 03:48:49+00,105.03333333333333,KDVT,KDVT,,,,,
4206,fr24_complete_374c763f,N625FB,N625FB,2024-09-28 03:32:59+00,2024-09-28 05:02:19+00,89.33333333333333,KDVT,KGEU,,,,,
4205,fr24_complete_374c9c98,N622FB,N622FB,2024-09-28 04:57:58+00,2024-09-28 06:48:32+00,110.56666666666666,KDVT,KDVT,,,,,
4204,fr24_complete_374c9f0d,N625FB,N625FB,2024-09-28 05:02:40+00,2024-09-28 05:13:21+00,10.683333333333334,KGEU,KDVT,,,,,
4203,fr24_complete_374cc4f6,N625FB,N625FB,2024-09-28 06:31:02+00,2024-09-28 08:06:51+00,95.81666666666666,KDVT,KDVT,,,,,
4202,fr24_complete_374ced54,N622FB,N622FB,2024-09-28 08:01:53+00,2024-09-28 10:17:58+00,136.08333333333334,KDVT,KDVT,,,,,
4201,fr24_complete_374d3011,N625FB,N625FB,2024-09-28 10:02:26+00,2024-09-28 10:38:02+00,35.6,KDVT,KDVT,,,,,
4200,fr24_complete_374d58a6,N622FB,N622FB,2024-09-28 11:09:59+00,2024-09-28 11:34:14+00,24.25,KDVT,KDVT,,,,,
4199,fr24_complete_374d6a0e,N622FB,N622FB,2024-09-28 11:34:59+00,2024-09-28 11:55:37+00,20.633333333333333,KDVT,KDVT,,,,,
4198,fr24_complete_374eb16b,N624FB,N624FB,2024-09-28 18:10:37+00,2024-09-28 19:32:48+00,82.18333333333334,KDVT,KDVT,,,,,
4197,fr24_complete_374f733d,N622FB,N622FB,2024-09-28 23:13:54+00,2024-09-29 00:50:57+00,97.05,KDVT,KDVT,,,,,
4196,fr24_complete_374fc811,N622FB,N622FB,2024-09-29 02:03:36+00,2024-09-29 03:35:25+00,91.81666666666666,KDVT,KDVT,,,,,
4195,fr24_complete_374fece4,N621FB,N621FB,2024-09-29 03:34:09+00,2024-09-29 03:45:44+00,11.583333333333334,KDVT,KGEU,,,,,
4194,fr24_complete_374ff1fe,N621FB,N621FB,2024-09-29 03:46:24+00,2024-09-29 05:34:11+00,107.78333333333333,KGEU,KDVT,,,,,
4193,fr24_complete_37501250,N622FB,N622FB,2024-09-29 05:03:44+00,2024-09-29 06:37:02+00,93.3,KDVT,KDVT,,,,,
4192,fr24_complete_375037d7,N621FB,N621FB,2024-09-29 06:32:39+00,2024-09-29 08:14:50+00,102.18333333333334,KDVT,KDVT,,,,,
4191,fr24_complete_3750621d,N622FB,N622FB,2024-09-29 08:03:49+00,2024-09-29 09:47:34+00,103.75,KDVT,KDVT,,,,,
4190,fr24_complete_3750f69a,N622FB,N622FB,2024-09-29 11:59:55+00,2024-09-29 12:47:28+00,47.55,KDVT,KDVT,,,,,
4189,fr24_complete_375175b1,N621FB,N621FB,2024-09-29 14:33:37+00,2024-09-29 15:08:04+00,34.45,KDVT,KDVT,,,,,
4188,fr24_complete_3752118d,N621FB,N621FB,2024-09-29 17:37:48+00,2024-09-29 18:00:36+00,22.8,KDVT,KGEU,,,,,
4187,fr24_complete_37522843,N621FB,N621FB,2024-09-29 18:07:23+00,2024-09-29 18:22:25+00,15.033333333333333,KPHX,KDVT,,,,,
4186,fr24_complete_3752f562,N622FB,N622FB,2024-09-29 23:02:43+00,2024-09-30 00:23:51+00,81.13333333333334,KDVT,KDVT,,,,,
4185,fr24_complete_37535f3f,N622FB,N622FB,2024-09-30 02:05:38+00,2024-09-30 03:42:46+00,97.13333333333334,KDVT,KDVT,,,,,
4184,fr24_complete_37538688,N623FB,N623FB,2024-09-30 03:29:45+00,2024-09-30 05:10:26+00,100.68333333333334,KDVT,KDVT,,,,,
4183,fr24_complete_3753c9b5,N625FB,N625FB,2024-09-30 05:54:52+00,2024-09-30 07:16:53+00,82.01666666666667,KDVT,KDVT,,,,,
4182,fr24_complete_3753dbde,N623FB,N623FB,2024-09-30 06:29:55+00,2024-09-30 08:13:44+00,,KDVT,,,,,,
4181,fr24_complete_37540cb5,N625FB,N625FB,2024-09-30 08:08:34+00,2024-09-30 09:23:03+00,74.48333333333333,KDVT,KCHD,,,,,
4180,fr24_complete_37543372,N625FB,N625FB,2024-09-30 09:23:41+00,2024-09-30 09:40:22+00,16.683333333333334,KCHD,KDVT,,,,,
4179,fr24_complete_37551df2,N622FB,N622FB,2024-09-30 14:44:40+00,2024-09-30 15:30:48+00,46.13333333333333,KDVT,KDVT,,,,,
4178,fr24_complete_3756ba6d,N622FB,N622FB,2024-09-30 23:05:00+00,2024-10-01 00:45:36+00,100.6,KDVT,KDVT,,,,,
4177,fr24_complete_3757211a,N622FB,N622FB,2024-10-01 01:49:01+00,2024-10-01 03:35:18+00,106.28333333333333,KDVT,KDVT,,,,,
4176,fr24_complete_375756ab,N624FB,N624FB,2024-10-01 03:31:18+00,2024-10-01 05:04:38+00,93.33333333333333,KDVT,KDVT,,,,,
4175,fr24_complete_3757822b,N625FB,N625FB,2024-10-01 05:01:48+00,2024-10-01 06:50:00+00,108.2,KDVT,KDVT,,,,,
4174,fr24_complete_3757ac4f,N624FB,N624FB,2024-10-01 06:29:11+00,2024-10-01 08:07:56+00,98.75,KDVT,KDVT,,,,,
4173,fr24_complete_3757d79b,N625FB,N625FB,2024-10-01 08:00:14+00,2024-10-01 09:40:14+00,100,KDVT,KDVT,,,,,
4172,fr24_complete_3759063c,N623FB,N623FB,2024-10-01 15:11:34+00,2024-10-01 16:11:25+00,59.85,KDVT,KDVT,,,,,
4171,fr24_complete_37599fea,N623FB,N623FB,2024-10-01 18:10:11+00,2024-10-01 19:07:43+00,57.53333333333333,KDVT,,,,,,
777,fr24_complete_3759d036,N623FB,N623FB,2024-10-01 19:08:41+00,2024-10-01 20:38:14+00,,KPHX,KDVT,,,,,
4170,fr24_complete_375a721c,N622FB,N622FB,2024-10-01 22:44:19+00,2024-10-02 00:08:22+00,84.05,KDVT,KDVT,,,,,
4169,fr24_complete_375aef1a,N622FB,N622FB,2024-10-02 02:06:56+00,2024-10-02 03:40:54+00,93.96666666666667,KDVT,KDVT,,,,,
4168,fr24_complete_375b1822,N624FB,N624FB,2024-10-02 03:32:59+00,2024-10-02 04:56:09+00,83.16666666666667,KDVT,KDVT,,,,,
4167,fr24_complete_375b4674,N621FB,N621FB,2024-10-02 05:13:25+00,2024-10-02 06:40:30+00,87.08333333333333,KDVT,KDVT,,,,,
4166,fr24_complete_375b6b89,N624FB,N624FB,2024-10-02 06:31:16+00,2024-10-02 08:08:33+00,97.28333333333333,KDVT,KDVT,,,,,
4165,fr24_complete_375b9930,N621FB,N621FB,2024-10-02 08:05:25+00,2024-10-02 09:36:51+00,91.43333333333334,KDVT,KDVT,,,,,
4164,fr24_complete_375d12c3,N625FB,N625FB,2024-10-02 16:22:26+00,2024-10-02 17:18:25+00,55.983333333333334,KDVT,KDVT,,,,,
4163,fr24_complete_375d7291,N625FB,N625FB,2024-10-02 18:08:45+00,2024-10-02 19:01:34+00,52.81666666666667,KDVT,KDVT,,,,,
4162,fr24_complete_375e6a04,N622FB,N622FB,2024-10-02 23:03:21+00,2024-10-03 00:31:13+00,87.86666666666666,KDVT,KDVT,,,,,
4161,fr24_complete_375ec7c7,N622FB,N622FB,2024-10-03 01:21:58+00,2024-10-03 03:19:14+00,117.26666666666667,KDVT,KDVT,,,,,
4160,fr24_complete_375f0bac,N621FB,N621FB,2024-10-03 03:37:58+00,2024-10-03 05:09:09+00,91.18333333333334,KDVT,KDVT,,,,,
4159,fr24_complete_375f33ee,N622FB,N622FB,2024-10-03 05:03:24+00,2024-10-03 06:48:58+00,105.56666666666666,KDVT,KDVT,,,,,
4158,fr24_complete_375f5d0d,N621FB,N621FB,2024-10-03 06:32:08+00,2024-10-03 08:15:00+00,102.86666666666666,KDVT,KDVT,,,,,
4156,fr24_complete_375f8976,N622FB,N622FB,2024-10-03 08:05:06+00,2024-10-03 09:56:56+00,111.83333333333333,KDVT,KDVT,,,,,
4155,fr24_complete_3760b4c8,N624FB,N624FB,2024-10-03 14:34:08+00,2024-10-03 14:37:54+00,3.7666666666666666,KDVT,KDVT,,,,,
4154,fr24_complete_37618fb8,N624FB,N624FB,2024-10-03 18:08:22+00,2024-10-03 18:38:49+00,30.45,KDVT,KDVT,,,,,
4153,fr24_complete_37629897,N622FB,N622FB,2024-10-03 23:05:29+00,2024-10-04 00:28:49+00,83.33333333333333,KDVT,KDVT,,,,,
4152,fr24_complete_376311b3,N622FB,N622FB,2024-10-04 02:06:17+00,2024-10-04 03:36:15+00,89.96666666666667,KDVT,KDVT,,,,,
4151,fr24_complete_37633d86,N625FB,N625FB,2024-10-04 03:32:52+00,2024-10-04 05:14:05+00,101.21666666666667,KDVT,KDVT,,,,,
4150,fr24_complete_376369cf,N621FB,N621FB,2024-10-04 05:05:36+00,2024-10-04 06:39:42+00,94.1,KDVT,KDVT,,,,,
4149,fr24_complete_37639163,N625FB,N625FB,2024-10-04 06:28:59+00,2024-10-04 08:07:00+00,98.01666666666667,KDVT,KDVT,,,,,
4148,fr24_complete_3763be53,N621FB,N621FB,2024-10-04 08:02:50+00,2024-10-04 09:30:17+00,87.45,KDVT,KDVT,,,,,
4147,fr24_complete_3763fdde,N621FB,N621FB,2024-10-04 09:58:46+00,2024-10-04 11:14:36+00,75.83333333333333,KDVT,KDVT,,,,,
4146,fr24_complete_3765426b,N624FB,N624FB,2024-10-04 15:56:28+00,2024-10-04 16:54:36+00,58.13333333333333,KDVT,KDVT,,,,,
4145,fr24_complete_3765c3f3,N624FB,N624FB,2024-10-04 18:09:56+00,2024-10-04 19:13:17+00,63.35,KDVT,KDVT,,,,,
4144,fr24_complete_3766b675,N622FB,N622FB,2024-10-04 23:06:58+00,2024-10-05 00:30:52+00,83.9,KDVT,KDVT,,,,,
4143,fr24_complete_37672f97,N622FB,N622FB,2024-10-05 02:32:16+00,2024-10-05 03:42:41+00,70.41666666666667,KDVT,KDVT,,,,,
4142,fr24_complete_37674a6b,N621FB,N621FB,2024-10-05 03:32:28+00,2024-10-05 05:17:50+00,105.36666666666666,KDVT,KDVT,,,,,
4141,fr24_complete_3767727b,N623FB,N623FB,2024-10-05 05:02:25+00,2024-10-05 07:06:05+00,123.66666666666667,KDVT,KDVT,,,,,
4140,fr24_complete_3767998c,N621FB,N621FB,2024-10-05 06:33:07+00,2024-10-05 08:31:11+00,118.06666666666666,KDVT,KDVT,,,,,
4139,fr24_complete_3767c202,N623FB,N623FB,2024-10-05 08:03:23+00,2024-10-05 10:20:48+00,137.41666666666666,KDVT,KDVT,,,,,
4138,fr24_complete_376a7da5,N622FB,N622FB,2024-10-05 23:35:25+00,2024-10-06 00:29:23+00,53.96666666666667,KDVT,KDVT,,,,,
4137,fr24_complete_376abc87,N622FB,N622FB,2024-10-06 01:39:03+00,2024-10-06 03:03:42+00,84.65,KDVT,KDVT,,,,,
4136,fr24_complete_376ae82d,N623FB,N623FB,2024-10-06 03:23:27+00,2024-10-06 05:18:58+00,115.51666666666667,KDVT,KDVT,,,,,
4135,fr24_complete_376b125d,N622FB,N622FB,2024-10-06 05:04:15+00,2024-10-06 06:37:41+00,93.43333333333334,KDVT,KDVT,,,,,
4134,fr24_complete_376b3704,N623FB,N623FB,2024-10-06 06:31:35+00,2024-10-06 08:34:14+00,122.65,KDVT,KDVT,,,,,
4133,fr24_complete_376b5dc8,N622FB,N622FB,2024-10-06 08:02:20+00,2024-10-06 09:45:42+00,103.36666666666666,KDVT,KDVT,,,,,
4132,fr24_complete_376ba8b1,N622FB,N622FB,2024-10-06 10:24:05+00,2024-10-06 12:26:07+00,122.03333333333333,KDVT,KDVT,,,,,
4131,fr24_complete_376c83b3,N621FB,N621FB,2024-10-06 15:14:28+00,2024-10-06 16:18:57+00,64.48333333333333,KDVT,KDVT,,,,,
4130,fr24_complete_376d2de4,N621FB,N621FB,2024-10-06 18:42:37+00,2024-10-06 19:43:28+00,60.85,KDVT,KDVT,,,,,
4129,fr24_complete_376deb47,N624FB,N624FB,2024-10-06 23:20:48+00,2024-10-07 00:57:01+00,96.21666666666667,KDVT,KDVT,,,,,
4128,fr24_complete_376e4857,N624FB,N624FB,2024-10-07 02:08:49+00,2024-10-07 03:40:15+00,91.43333333333334,KDVT,KDVT,,,,,
4127,fr24_complete_376e95e3,N623FB,N623FB,2024-10-07 04:59:23+00,2024-10-07 06:34:42+00,95.31666666666666,KDVT,KDVT,,,,,
4126,fr24_complete_376eed31,N623FB,N623FB,2024-10-07 08:02:15+00,2024-10-07 09:35:20+00,93.08333333333333,KDVT,KDVT,,,,,
4125,fr24_complete_376f521d,N623FB,N623FB,2024-10-07 11:07:30+00,2024-10-07 11:24:43+00,17.216666666666665,KDVT,KDVT,,,,,
4124,fr24_complete_377015e2,N623FB,N623FB,2024-10-07 15:02:02+00,2024-10-07 16:12:17+00,70.25,KDVT,KDVT,,,,,
4123,fr24_complete_3770ba85,N623FB,N623FB,2024-10-07 18:12:37+00,2024-10-07 19:18:15+00,65.63333333333334,KDVT,KDVT,,,,,
4122,fr24_complete_377110a1,N623FB,N623FB,2024-10-07 19:54:48+00,2024-10-07 20:46:01+00,51.21666666666667,KDVT,KDVT,,,,,
4121,fr24_complete_37719f61,N624FB,N624FB,2024-10-07 23:07:50+00,2024-10-08 00:30:03+00,82.21666666666667,KDVT,KDVT,,,,,
4120,fr24_complete_3772122a,N624FB,N624FB,2024-10-08 02:07:33+00,2024-10-08 03:42:56+00,95.38333333333334,KDVT,KDVT,,,,,
4119,fr24_complete_37723be1,N621FB,N621FB,2024-10-08 03:33:14+00,2024-10-08 06:30:34+00,177.33333333333334,KDVT,KDVT,,,,,
4118,fr24_complete_37726696,N624FB,N624FB,2024-10-08 05:00:47+00,2024-10-08 06:42:02+00,101.25,KDVT,KDVT,,,,,
4117,fr24_complete_3772920e,N621FB,N621FB,2024-10-08 06:31:03+00,2024-10-08 08:18:33+00,107.5,KDVT,KDVT,,,,,
4116,fr24_complete_3772bca6,N624FB,N624FB,2024-10-08 08:00:27+00,2024-10-08 10:39:27+00,159,KDVT,KDVT,,,,,
4115,fr24_complete_3773c2b3,N621FB,N621FB,2024-10-08 14:21:44+00,2024-10-08 15:24:08+00,62.4,KDVT,KDVT,,,,,
4114,fr24_complete_3773f4b9,N625FB,N625FB,2024-10-08 15:14:13+00,2024-10-08 15:26:04+00,11.85,KDVT,KDVT,,,,,
4113,fr24_complete_377493bb,N621FB,N621FB,2024-10-08 18:09:37+00,2024-10-08 19:32:51+00,83.23333333333333,KDVT,KDVT,,,,,
4112,fr24_complete_377581ef,N623FB,N623FB,2024-10-08 23:14:32+00,2024-10-09 00:57:45+00,103.21666666666667,KDVT,KDVT,,,,,
4111,fr24_complete_3775f07b,N623FB,N623FB,2024-10-09 02:12:43+00,2024-10-09 03:38:30+00,85.78333333333333,KDVT,KDVT,,,,,
4110,fr24_complete_37761648,N625FB,N625FB,2024-10-09 03:31:40+00,2024-10-09 05:02:58+00,91.3,KDVT,KDVT,,,,,
4109,fr24_complete_37763f4e,N624FB,N624FB,2024-10-09 04:59:51+00,2024-10-09 06:45:16+00,105.41666666666667,KDVT,KDVT,,,,,
4108,fr24_complete_37766a93,N625FB,N625FB,2024-10-09 06:30:16+00,2024-10-09 08:46:09+00,135.88333333333333,KDVT,KDVT,,,,,
4107,fr24_complete_377694e6,N624FB,N624FB,2024-10-09 07:59:39+00,2024-10-09 10:07:27+00,127.8,KDVT,KDVT,,,,,
4106,fr24_complete_3777846a,N625FB,N625FB,2024-10-09 14:01:59+00,2024-10-09 14:45:01+00,43.03333333333333,KDVT,,,,,,
4105,fr24_complete_377795e1,N622FB,N622FB,2024-10-09 14:20:08+00,2024-10-09 14:49:42+00,29.566666666666666,KDVT,,,,,,
4104,fr24_complete_3777afdd,N625FB,N625FB,2024-10-09 14:45:01+00,2024-10-09 14:53:43+00,8.7,,KDVT,,,,,
4103,fr24_complete_3777b4dd,N622FB,N622FB,2024-10-09 14:50:25+00,2024-10-09 16:05:46+00,75.35,,KDVT,,,,,
4102,fr24_complete_377880a3,N625FB,N625FB,2024-10-09 18:44:20+00,2024-10-09 20:09:19+00,84.98333333333333,KDVT,KDVT,,,,,
4101,fr24_complete_3779594f,N621FB,N621FB,2024-10-09 23:17:53+00,2024-10-10 01:25:52+00,127.98333333333333,KDVT,KDVT,,,,,
4100,fr24_complete_3779c437,N621FB,N621FB,2024-10-10 02:09:32+00,2024-10-10 04:10:23+00,120.85,KDVT,KDVT,,,,,
4099,fr24_complete_3779ec5d,N624FB,N624FB,2024-10-10 03:32:24+00,2024-10-10 05:08:54+00,96.5,KDVT,KDVT,,,,,
4098,fr24_complete_377a1695,N623FB,N623FB,2024-10-10 05:00:11+00,2024-10-10 06:55:41+00,115.5,KDVT,KDVT,,,,,
4097,fr24_complete_377a4149,N624FB,N624FB,2024-10-10 06:29:29+00,2024-10-10 08:15:23+00,105.9,KDVT,KDVT,,,,,
4096,fr24_complete_377a6f0b,N623FB,N623FB,2024-10-10 08:01:24+00,2024-10-10 10:10:04+00,128.66666666666666,KDVT,KDVT,,,,,
4095,fr24_complete_377c4621,N625FB,N625FB,2024-10-10 18:20:56+00,2024-10-10 19:18:25+00,57.483333333333334,KDVT,KDVT,,,,,
4094,fr24_complete_377cf959,N621FB,N621FB,2024-10-10 21:55:25+00,2024-10-10 23:09:27+00,74.03333333333333,KDVT,KDVT,,,,,
4093,fr24_complete_377d3bd7,N624FB,N624FB,2024-10-10 23:20:27+00,2024-10-11 00:29:47+00,69.33333333333333,KDVT,KPHX,,,,,
4092,fr24_complete_377d99d0,N624FB,N624FB,2024-10-11 01:41:45+00,2024-10-11 02:57:39+00,75.9,KPHX,KDVT,,,,,
4091,fr24_complete_377da6e9,N621FB,N621FB,2024-10-11 02:04:03+00,2024-10-11 03:32:30+00,88.45,KDVT,KDVT,,,,,
4090,fr24_complete_377dd363,N623FB,N623FB,2024-10-11 03:31:44+00,2024-10-11 05:13:26+00,101.7,KDVT,KDVT,,,,,
4089,fr24_complete_377dffdc,N622FB,N622FB,2024-10-11 05:01:54+00,2024-10-11 06:36:07+00,94.21666666666667,KDVT,KDVT,,,,,
4088,fr24_complete_377e2b79,N623FB,N623FB,2024-10-11 06:32:06+00,2024-10-11 08:11:57+00,99.85,KDVT,KDVT,,,,,
4087,fr24_complete_377e57bd,N622FB,N622FB,2024-10-11 08:02:07+00,2024-10-11 09:45:11+00,103.06666666666666,KDVT,KDVT,,,,,
4086,fr24_complete_377ed8d4,N622FB,N622FB,2024-10-11 11:36:53+00,2024-10-11 13:06:19+00,89.43333333333334,KDVT,KDVT,,,,,
4085,fr24_complete_377fc294,N625FB,N625FB,2024-10-11 15:35:52+00,2024-10-11 16:32:04+00,56.2,KDVT,KDVT,,,,,
4084,fr24_complete_37805145,N624FB,N624FB,2024-10-11 18:01:12+00,2024-10-11 20:24:55+00,143.71666666666667,KDVT,KPHX,,,,,
4083,fr24_complete_3780e251,N623FB,N623FB,2024-10-11 20:39:31+00,2024-10-11 21:16:58+00,37.45,KDVT,KDVT,,,,,
4082,fr24_complete_3780d883,N624FB,N624FB,2024-10-11 20:58:15+00,2024-10-11 21:56:19+00,58.06666666666667,KPHX,KDVT,,,,,
4081,fr24_complete_37811338,N623FB,N623FB,2024-10-11 21:38:57+00,2024-10-11 23:05:06+00,86.15,KDVT,KDVT,,,,,
4080,fr24_complete_37816c87,N623FB,N623FB,2024-10-11 23:40:26+00,2024-10-12 00:31:55+00,51.483333333333334,KDVT,KDVT,,,,,
4079,fr24_complete_3781e2c8,N625FB,N625FB,2024-10-12 03:18:38+00,2024-10-12 05:17:51+00,119.21666666666667,KDVT,KDVT,,,,,
4078,fr24_complete_378211d1,N622FB,N622FB,2024-10-12 05:02:18+00,2024-10-12 06:40:31+00,98.21666666666667,KDVT,KDVT,,,,,
4077,fr24_complete_37823823,N625FB,N625FB,2024-10-12 06:32:01+00,2024-10-12 08:37:34+00,125.55,KDVT,KDVT,,,,,
4076,fr24_complete_378261ec,N622FB,N622FB,2024-10-12 08:03:17+00,2024-10-12 09:28:45+00,85.46666666666667,KDVT,KDVT,,,,,
4075,fr24_complete_3784f502,N622FB,N622FB,2024-10-12 22:49:08+00,2024-10-12 23:10:16+00,21.133333333333333,KDVT,,,,,,
4074,fr24_complete_3785034d,N622FB,N622FB,2024-10-12 23:15:39+00,2024-10-12 23:37:40+00,22.016666666666666,KSDL,KGYR,,,,,
4073,fr24_complete_378512c9,N622FB,N622FB,2024-10-12 23:37:55+00,2024-10-13 00:07:44+00,29.816666666666666,KGYR,KDVT,,,,,
4072,fr24_complete_37855c83,N622FB,N622FB,2024-10-13 02:09:53+00,2024-10-13 03:33:28+00,83.58333333333333,KDVT,KDVT,,,,,
4071,fr24_complete_37857c56,N621FB,N621FB,2024-10-13 03:32:02+00,2024-10-13 05:31:09+00,119.11666666666666,KDVT,KDVT,,,,,
4070,fr24_complete_3785a2dd,N622FB,N622FB,2024-10-13 05:02:49+00,2024-10-13 06:42:18+00,99.48333333333333,KDVT,KDVT,,,,,
4069,fr24_complete_3785c794,N621FB,N621FB,2024-10-13 06:30:21+00,2024-10-13 08:05:38+00,95.28333333333333,KDVT,KDVT,,,,,
4068,fr24_complete_3785ed42,N622FB,N622FB,2024-10-13 07:59:19+00,2024-10-13 09:29:21+00,90.03333333333333,KDVT,KDVT,,,,,
4067,fr24_complete_3786f4de,N623FB,N623FB,2024-10-13 14:45:09+00,2024-10-13 15:58:43+00,73.56666666666666,KDVT,KDVT,,,,,
4066,fr24_complete_37879588,N623FB,N623FB,2024-10-13 18:05:11+00,2024-10-13 19:19:55+00,74.73333333333333,KDVT,KDVT,,,,,
4065,fr24_complete_3788526d,N623FB,N623FB,2024-10-13 22:39:53+00,2024-10-14 00:40:09+00,120.26666666666667,KDVT,KDVT,,,,,
4064,fr24_complete_378861be,N622FB,N622FB,2024-10-13 23:04:50+00,2024-10-14 00:32:28+00,87.63333333333334,KDVT,KDVT,,,,,
4063,fr24_complete_3788c6e1,N622FB,N622FB,2024-10-14 02:11:33+00,2024-10-14 03:52:57+00,101.4,KDVT,KDVT,,,,,
4062,fr24_complete_3788e9f2,N621FB,N621FB,2024-10-14 03:33:22+00,2024-10-14 05:14:20+00,100.96666666666667,KDVT,KDVT,,,,,
4061,fr24_complete_3789120d,N622FB,N622FB,2024-10-14 05:01:59+00,2024-10-14 06:50:01+00,108.03333333333333,KDVT,KDVT,,,,,
4060,fr24_complete_37893c76,N621FB,N621FB,2024-10-14 06:33:00+00,2024-10-14 08:39:58+00,126.96666666666667,KDVT,KDVT,,,,,
4059,fr24_complete_378966fe,N622FB,N622FB,2024-10-14 08:01:24+00,2024-10-14 09:36:36+00,95.2,KDVT,KDVT,,,,,
4058,fr24_complete_378a6945,N624FB,N624FB,2024-10-14 14:32:03+00,2024-10-14 14:57:20+00,25.283333333333335,KDVT,,,,,,
4057,fr24_complete_378a7ff8,N624FB,N624FB,2024-10-14 15:04:19+00,2024-10-14 15:25:15+00,20.933333333333334,,KDVT,,,,,
4056,fr24_complete_378bf628,N622FB,N622FB,2024-10-14 23:10:41+00,2024-10-15 00:31:06+00,80.41666666666667,KDVT,KDVT,,,,,
4055,fr24_complete_378c5f80,N622FB,N622FB,2024-10-15 02:07:19+00,2024-10-15 03:45:05+00,97.76666666666667,KDVT,KDVT,,,,,
4054,fr24_complete_378c681e,N623FB,N623FB,2024-10-15 02:24:31+00,2024-10-15 03:14:41+00,50.166666666666664,KDVT,,,,,,
4053,fr24_complete_378c8112,N623FB,N623FB,2024-10-15 03:22:44+00,2024-10-15 03:50:00+00,27.266666666666666,KPHX,,,,,,
4052,fr24_complete_378c88b7,N624FB,N624FB,2024-10-15 03:34:31+00,2024-10-15 05:08:16+00,93.75,KDVT,KDVT,,,,,
4051,fr24_complete_378cb061,N622FB,N622FB,2024-10-15 05:00:25+00,2024-10-15 06:45:01+00,104.6,KDVT,KDVT,,,,,
4050,fr24_complete_378cdb2d,N624FB,N624FB,2024-10-15 06:31:32+00,2024-10-15 08:06:05+00,94.55,KDVT,KDVT,,,,,
4049,fr24_complete_378d0660,N622FB,N622FB,2024-10-15 08:02:26+00,2024-10-15 10:08:39+00,126.21666666666667,KDVT,KDVT,,,,,
4048,fr24_complete_378f0a13,N622FB,N622FB,2024-10-15 19:04:52+00,2024-10-15 20:07:08+00,62.266666666666666,KDVT,KDVT,,,,,
4047,fr24_complete_378fb3e9,N622FB,N622FB,2024-10-15 22:47:09+00,2024-10-16 00:56:23+00,129.23333333333332,KDVT,KDVT,,,,,
4046,fr24_complete_3790314b,N621FB,N621FB,2024-10-16 02:04:15+00,2024-10-16 03:35:46+00,91.51666666666667,KDVT,KDVT,,,,,
4045,fr24_complete_3790362e,N622FB,N622FB,2024-10-16 02:13:07+00,2024-10-16 04:02:24+00,109.28333333333333,KDVT,KDVT,,,,,
4044,fr24_complete_37905bda,N624FB,N624FB,2024-10-16 03:34:01+00,2024-10-16 05:04:28+00,90.45,KDVT,KDVT,,,,,
4043,fr24_complete_37908460,N622FB,N622FB,2024-10-16 05:00:23+00,2024-10-16 06:13:31+00,73.13333333333334,KDVT,,,,,,
4042,fr24_complete_3790a7fc,N622FB,N622FB,2024-10-16 06:15:50+00,2024-10-16 06:43:17+00,27.45,,KDVT,,,,,
4041,fr24_complete_3790afd5,N624FB,N624FB,2024-10-16 06:32:59+00,2024-10-16 08:09:30+00,96.51666666666667,KDVT,KDVT,,,,,
4040,fr24_complete_3790da88,N622FB,N622FB,2024-10-16 08:01:19+00,2024-10-16 09:13:29+00,72.16666666666667,KDVT,,,,,,
796,fr24_complete_3790ffa6,N622FB,N622FB,2024-10-16 09:14:54+00,2024-10-16 11:53:54+00,,KDVT,,,,,,
4039,fr24_complete_3791b3b3,N625FB,N625FB,2024-10-16 13:33:15+00,2024-10-16 14:27:39+00,54.4,KDVT,KDVT,,,,,
4038,fr24_complete_379229ff,N625FB,N625FB,2024-10-16 15:37:53+00,2024-10-16 16:39:21+00,61.46666666666667,KDVT,KDVT,,,,,
4037,fr24_complete_3792aa5f,N625FB,N625FB,2024-10-16 18:10:53+00,2024-10-16 19:43:33+00,92.66666666666667,KDVT,KDVT,,,,,
4036,fr24_complete_37931313,N624FB,N624FB,2024-10-16 20:19:40+00,2024-10-16 20:39:35+00,19.916666666666668,KDVT,KDVT,,,,,
4035,fr24_complete_379338e8,N622FB,N622FB,2024-10-16 21:07:54+00,2024-10-16 22:27:58+00,80.06666666666666,KDVT,KDVT,,,,,
4034,fr24_complete_3793facf,N622FB,N622FB,2024-10-17 01:59:09+00,2024-10-17 03:35:07+00,95.96666666666667,KDVT,KDVT,,,,,
4033,fr24_complete_3793ff93,N621FB,N621FB,2024-10-17 02:08:17+00,2024-10-17 03:22:15+00,73.96666666666667,KDVT,KDVT,,,,,
4032,fr24_complete_379426f6,N624FB,N624FB,2024-10-17 03:30:49+00,2024-10-17 05:05:21+00,94.53333333333333,KDVT,KDVT,,,,,
4031,fr24_complete_37945062,N622FB,N622FB,2024-10-17 05:01:49+00,2024-10-17 06:33:57+00,92.13333333333334,KDVT,KDVT,,,,,
4030,fr24_complete_37947b39,N624FB,N624FB,2024-10-17 06:30:52+00,2024-10-17 08:05:28+00,94.6,KDVT,KDVT,,,,,
4029,fr24_complete_3794a706,N622FB,N622FB,2024-10-17 08:02:12+00,2024-10-17 10:09:44+00,127.53333333333333,KDVT,KDVT,,,,,
4028,fr24_complete_3795e2fb,N623FB,N623FB,2024-10-17 15:01:21+00,2024-10-17 15:08:31+00,7.166666666666667,KDVT,KDVT,,,,,
4027,fr24_complete_37968f6f,N623FB,N623FB,2024-10-17 18:03:48+00,2024-10-17 19:25:18+00,81.5,KDVT,KDVT,,,,,
4026,fr24_complete_3797870b,N622FB,N622FB,2024-10-17 23:03:37+00,2024-10-18 00:50:18+00,106.68333333333334,KDVT,KDVT,,,,,
4025,fr24_complete_3797fcc9,N622FB,N622FB,2024-10-18 02:05:57+00,2024-10-18 03:23:12+00,77.25,KDVT,KDVT,,,,,
4024,fr24_complete_37982b93,N624FB,N624FB,2024-10-18 03:43:18+00,2024-10-18 05:09:11+00,85.88333333333334,KDVT,KDVT,,,,,
4023,fr24_complete_37985286,N622FB,N622FB,2024-10-18 05:04:58+00,2024-10-18 06:12:52+00,67.9,KDVT,KGEU,,,,,
4022,fr24_complete_379872cf,N622FB,N622FB,2024-10-18 06:13:25+00,2024-10-18 06:46:21+00,32.93333333333333,KGEU,KDVT,,,,,
4021,fr24_complete_37987a7c,N624FB,N624FB,2024-10-18 06:31:39+00,2024-10-18 07:30:38+00,58.983333333333334,KDVT,,,,,,
4020,fr24_complete_37989713,N624FB,N624FB,2024-10-18 07:30:36+00,2024-10-18 08:07:27+00,36.85,KGEU,KDVT,,,,,
4019,fr24_complete_3798a5b2,N622FB,N622FB,2024-10-18 08:02:32+00,2024-10-18 08:39:52+00,37.333333333333336,KDVT,KCHD,,,,,
4018,fr24_complete_3798b8c2,N622FB,N622FB,2024-10-18 08:40:19+00,2024-10-18 09:52:37+00,72.3,KCHD,KDVT,,,,,
4017,fr24_complete_3799d854,N624FB,N624FB,2024-10-18 14:57:33+00,2024-10-18 16:24:30+00,86.95,KDVT,KDVT,,,,,
4016,fr24_complete_379b95ef,N622FB,N622FB,2024-10-18 23:55:49+00,2024-10-19 00:58:53+00,63.06666666666667,KDVT,KDVT,,,,,
4015,fr24_complete_379bdb13,N622FB,N622FB,2024-10-19 02:02:13+00,2024-10-19 03:36:57+00,94.73333333333333,KDVT,KDVT,,,,,
4014,fr24_complete_379c02da,N625FB,N625FB,2024-10-19 03:31:49+00,2024-10-19 05:22:44+00,110.91666666666667,KDVT,KDVT,,,,,
4013,fr24_complete_379c2b42,N622FB,N622FB,2024-10-19 05:01:58+00,2024-10-19 06:35:41+00,93.71666666666667,KDVT,KDVT,,,,,
4012,fr24_complete_379c51ca,N625FB,N625FB,2024-10-19 06:32:46+00,2024-10-19 08:23:26+00,110.66666666666667,KDVT,KDVT,,,,,
4011,fr24_complete_379c77d9,N622FB,N622FB,2024-10-19 08:01:16+00,2024-10-19 08:45:15+00,43.983333333333334,KDVT,KGEU,,,,,
4010,fr24_complete_379c8e01,N622FB,N622FB,2024-10-19 08:46:03+00,2024-10-19 09:32:10+00,46.11666666666667,KGEU,KDVT,,,,,
4009,fr24_complete_379d8e08,N624FB,N624FB,2024-10-19 14:41:11+00,2024-10-19 15:07:44+00,26.55,KDVT,,,,,,
4008,fr24_complete_379daa70,N624FB,N624FB,2024-10-19 15:07:50+00,2024-10-19 15:37:55+00,30.083333333333332,,KDVT,,,,,
4007,fr24_complete_379e4d06,N624FB,N624FB,2024-10-19 18:12:17+00,2024-10-19 19:08:42+00,56.416666666666664,KDVT,KDVT,,,,,
4006,fr24_complete_379eec83,N622FB,N622FB,2024-10-19 21:42:29+00,2024-10-19 23:03:36+00,81.11666666666666,KDVT,KDVT,,,,,
4005,fr24_complete_379f6a18,N622FB,N622FB,2024-10-20 01:25:16+00,2024-10-20 03:03:59+00,98.71666666666667,KDVT,KDVT,,,,,
4004,fr24_complete_379fa03d,N625FB,N625FB,2024-10-20 03:37:05+00,2024-10-20 05:15:32+00,98.45,KDVT,KDVT,,,,,
4003,fr24_complete_379fc4ac,N622FB,N622FB,2024-10-20 05:02:15+00,2024-10-20 06:50:33+00,108.3,KDVT,KDVT,,,,,
4002,fr24_complete_379fe875,N625FB,N625FB,2024-10-20 06:28:05+00,2024-10-20 08:08:36+00,100.51666666666667,KDVT,KDVT,,,,,
4001,fr24_complete_37a01215,N622FB,N622FB,2024-10-20 08:02:41+00,2024-10-20 09:39:20+00,96.65,KDVT,KDVT,,,,,
4000,fr24_complete_37a0a226,N625FB,N625FB,2024-10-20 12:23:12+00,2024-10-20 12:58:15+00,35.05,KDVT,KDVT,,,,,
3999,fr24_complete_37a1c80a,N625FB,N625FB,2024-10-20 18:03:05+00,2024-10-20 19:02:28+00,59.38333333333333,KDVT,KDVT,,,,,
3998,fr24_complete_37a2ace1,N622FB,N622FB,2024-10-20 23:02:32+00,2024-10-21 00:28:45+00,86.21666666666667,KDVT,KDVT,,,,,
3997,fr24_complete_37a31549,N622FB,N622FB,2024-10-21 02:06:34+00,2024-10-21 03:50:27+00,103.88333333333334,KDVT,KDVT,,,,,
3996,fr24_complete_37a33ab6,N624FB,N624FB,2024-10-21 03:31:17+00,2024-10-21 05:07:57+00,96.66666666666667,KDVT,KDVT,,,,,
3995,fr24_complete_37a36548,N622FB,N622FB,2024-10-21 05:04:36+00,2024-10-21 05:26:46+00,22.166666666666668,KDVT,KPHX,,,,,
3994,fr24_complete_37a37376,N622FB,N622FB,2024-10-21 05:34:11+00,2024-10-21 06:39:16+00,65.08333333333333,KPHX,KDVT,,,,,
3993,fr24_complete_37a38e8a,N624FB,N624FB,2024-10-21 06:33:01+00,2024-10-21 08:12:12+00,99.18333333333334,KDVT,KDVT,,,,,
3992,fr24_complete_37a3ba23,N622FB,N622FB,2024-10-21 08:03:25+00,2024-10-21 09:39:02+00,95.61666666666666,KDVT,KDVT,,,,,
3991,fr24_complete_37a40e8c,N622FB,N622FB,2024-10-21 10:42:22+00,2024-10-21 11:11:01+00,28.65,KDVT,KDVT,,,,,
3990,fr24_complete_37a69584,N622FB,N622FB,2024-10-21 23:25:06+00,2024-10-22 01:25:36+00,120.5,KDVT,KDVT,,,,,
3989,fr24_complete_37a706d8,N622FB,N622FB,2024-10-22 02:39:00+00,2024-10-22 03:51:24+00,72.4,KDVT,KDVT,,,,,
3988,fr24_complete_37a7206f,N621FB,N621FB,2024-10-22 03:33:09+00,2024-10-22 05:04:46+00,91.61666666666666,KDVT,KDVT,,,,,
3987,fr24_complete_37a74935,N622FB,N622FB,2024-10-22 05:00:19+00,2024-10-22 06:37:16+00,96.95,KDVT,KDVT,,,,,
3986,fr24_complete_37a773ed,N621FB,N621FB,2024-10-22 06:32:20+00,2024-10-22 08:06:13+00,93.88333333333334,KDVT,KDVT,,,,,
3985,fr24_complete_37a79f51,N622FB,N622FB,2024-10-22 07:59:38+00,2024-10-22 08:40:11+00,40.55,KDVT,KCHD,,,,,
3984,fr24_complete_37a7b4b5,N622FB,N622FB,2024-10-22 08:40:40+00,2024-10-22 09:33:30+00,52.833333333333336,KCHD,KDVT,,,,,
3983,fr24_complete_37a848c5,N622FB,N622FB,2024-10-22 12:30:15+00,2024-10-22 12:45:23+00,15.133333333333333,KDVT,KDVT,,,,,
3982,fr24_complete_37aa809a,N624FB,N624FB,2024-10-22 23:06:57+00,2024-10-23 01:00:58+00,114.01666666666667,KDVT,KDVT,,,,,
3981,fr24_complete_37aaf4ea,N624FB,N624FB,2024-10-23 02:09:47+00,2024-10-23 03:42:57+00,93.16666666666667,KDVT,KDVT,,,,,
3980,fr24_complete_37ab1d98,N625FB,N625FB,2024-10-23 03:31:15+00,2024-10-23 05:09:06+00,97.85,KDVT,KDVT,,,,,
3979,fr24_complete_37a85888,N622FB,N622FB,2024-10-23 05:07:25+00,2024-10-23 06:47:19+00,99.9,KDVT,KDVT,,,,,
3978,fr24_complete_37ab72b0,N625FB,N625FB,2024-10-23 06:31:43+00,2024-10-23 08:03:56+00,92.21666666666667,KDVT,KDVT,,,,,
3977,fr24_complete_37ab9ebe,N622FB,N622FB,2024-10-23 08:01:30+00,2024-10-23 10:58:43+00,177.21666666666667,KDVT,KDVT,,,,,
3976,fr24_complete_37ade6c0,N625FB,N625FB,2024-10-23 19:47:07+00,2024-10-23 20:16:59+00,29.866666666666667,KDVT,KDVT,,,,,
3975,fr24_complete_37ae014d,N625FB,N625FB,2024-10-23 20:17:08+00,2024-10-23 20:31:13+00,14.083333333333334,KDVT,KDVT,,,,,
3974,fr24_complete_37ae6210,N621FB,N621FB,2024-10-23 22:17:08+00,2024-10-24 00:17:35+00,120.45,KDVT,KDVT,,,,,
3973,fr24_complete_37aecfe1,N621FB,N621FB,2024-10-24 00:48:59+00,2024-10-24 02:30:03+00,101.06666666666666,KDVT,KDVT,,,,,
3972,fr24_complete_37af27d1,N624FB,N624FB,2024-10-24 03:33:35+00,2024-10-24 05:05:40+00,92.08333333333333,KDVT,KDVT,,,,,
3971,fr24_complete_37af5056,N621FB,N621FB,2024-10-24 05:01:43+00,2024-10-24 06:37:07+00,95.4,KDVT,KDVT,,,,,
3970,fr24_complete_37af7b3e,N624FB,N624FB,2024-10-24 06:31:26+00,2024-10-24 08:18:29+00,107.05,KDVT,KDVT,,,,,
3969,fr24_complete_37afa617,N621FB,N621FB,2024-10-24 08:01:25+00,2024-10-24 09:54:46+00,113.35,KDVT,KDVT,,,,,
3968,fr24_complete_37b0028f,N621FB,N621FB,2024-10-24 10:51:22+00,2024-10-24 11:05:49+00,14.45,KDVT,KDVT,,,,,
3967,fr24_complete_37b1d0d4,N621FB,N621FB,2024-10-24 19:01:27+00,2024-10-24 20:55:28+00,114.01666666666667,KDVT,KPHX,,,,,
3966,fr24_complete_37b28984,N621FB,N621FB,2024-10-24 22:34:39+00,2024-10-24 23:33:08+00,58.483333333333334,KPHX,KDVT,,,,,
3965,fr24_complete_37b2b1bd,N622FB,N622FB,2024-10-24 23:25:20+00,2024-10-25 01:00:46+00,95.43333333333334,KDVT,KDVT,,,,,
3964,fr24_complete_37b329b8,N625FB,N625FB,2024-10-25 02:37:39+00,2024-10-25 02:56:10+00,18.516666666666666,KDVT,,,,,,
3963,fr24_complete_37b336bf,N625FB,N625FB,2024-10-25 03:05:20+00,2024-10-25 03:15:27+00,10.116666666666667,KPHX,KDVT,,,,,
3962,fr24_complete_37b531b8,N624FB,N624FB,2024-10-25 15:44:46+00,2024-10-25 17:02:05+00,77.31666666666666,KDVT,KPHX,,,,,
3961,fr24_complete_37b590f7,N624FB,N624FB,2024-10-25 17:22:32+00,2024-10-25 18:59:47+00,97.25,KPHX,KPHX,,,,,
3960,fr24_complete_37b5f3f8,N624FB,N624FB,2024-10-25 19:02:30+00,2024-10-25 19:11:12+00,8.7,KPHX,KDVT,,,,,
3959,fr24_complete_37b6c3eb,N624FB,N624FB,2024-10-25 23:05:22+00,2024-10-26 00:13:51+00,68.48333333333333,KDVT,,,,,,
3958,fr24_complete_37b6f3f4,N624FB,N624FB,2024-10-26 00:13:41+00,2024-10-26 00:21:25+00,7.733333333333333,,KDVT,,,,,
3957,fr24_complete_37b72fbd,N624FB,N624FB,2024-10-26 02:00:46+00,2024-10-26 03:47:54+00,107.13333333333334,KDVT,KDVT,,,,,
3956,fr24_complete_37b758c5,N621FB,N621FB,2024-10-26 03:30:34+00,2024-10-26 05:08:38+00,98.06666666666666,KDVT,KDVT,,,,,
3955,fr24_complete_37b7821c,N625FB,N625FB,2024-10-26 05:03:35+00,2024-10-26 06:41:28+00,97.88333333333334,KDVT,KDVT,,,,,
3954,fr24_complete_37b7a781,N621FB,N621FB,2024-10-26 06:30:06+00,2024-10-26 08:13:49+00,103.71666666666667,KDVT,KDVT,,,,,
3953,fr24_complete_37b7cd9e,N625FB,N625FB,2024-10-26 07:59:01+00,2024-10-26 09:30:45+00,91.73333333333333,KDVT,KDVT,,,,,
3952,fr24_complete_37b90ce5,N625FB,N625FB,2024-10-26 15:27:43+00,2024-10-26 16:25:15+00,57.53333333333333,KDVT,KDVT,,,,,
3951,fr24_complete_37b99e68,N625FB,N625FB,2024-10-26 18:16:50+00,2024-10-26 19:14:29+00,57.65,KDVT,KDVT,,,,,
3950,fr24_complete_37ba6129,N622FB,N622FB,2024-10-26 23:03:41+00,2024-10-27 00:43:45+00,100.06666666666666,KDVT,KDVT,,,,,
3949,fr24_complete_37bab8e0,N622FB,N622FB,2024-10-27 01:59:47+00,2024-10-27 03:46:40+00,106.88333333333334,KDVT,KDVT,,,,,
3948,fr24_complete_37badd12,N624FB,N624FB,2024-10-27 03:32:14+00,2024-10-27 05:14:33+00,102.31666666666666,KDVT,KDVT,,,,,
3947,fr24_complete_37baffb2,N622FB,N622FB,2024-10-27 05:03:14+00,2024-10-27 06:39:40+00,96.43333333333334,KDVT,KDVT,,,,,
3946,fr24_complete_37bb241b,N624FB,N624FB,2024-10-27 06:31:34+00,2024-10-27 08:14:17+00,102.71666666666667,KDVT,KDVT,,,,,
3945,fr24_complete_37bb477f,N622FB,N622FB,2024-10-27 08:04:59+00,2024-10-27 09:30:34+00,85.58333333333333,KDVT,KDVT,,,,,
3944,fr24_complete_37bc6d62,N621FB,N621FB,2024-10-27 15:14:54+00,2024-10-27 16:33:32+00,78.63333333333334,KDVT,KDVT,,,,,
3943,fr24_complete_37bd1e87,N621FB,N621FB,2024-10-27 18:39:12+00,2024-10-27 20:07:25+00,88.21666666666667,KDVT,KDVT,,,,,
3942,fr24_complete_37bdde9d,N625FB,N625FB,2024-10-27 23:04:33+00,2024-10-28 00:45:42+00,101.15,KDVT,KDVT,,,,,
3941,fr24_complete_37be3f18,N625FB,N625FB,2024-10-28 02:07:42+00,2024-10-28 03:39:11+00,91.48333333333333,KDVT,KDVT,,,,,
3940,fr24_complete_37be62f5,N622FB,N622FB,2024-10-28 03:32:55+00,2024-10-28 05:08:05+00,95.16666666666667,KDVT,KDVT,,,,,
3939,fr24_complete_37be86e2,N625FB,N625FB,2024-10-28 05:02:23+00,2024-10-28 06:40:47+00,98.4,KDVT,KDVT,,,,,
3938,fr24_complete_37beadd4,N622FB,N622FB,2024-10-28 06:29:53+00,2024-10-28 08:05:47+00,95.9,KDVT,KDVT,,,,,
3937,fr24_complete_37bed5eb,N625FB,N625FB,2024-10-28 08:02:09+00,2024-10-28 09:05:49+00,63.666666666666664,KDVT,KCHD,,,,,
3936,fr24_complete_37bef439,N625FB,N625FB,2024-10-28 09:06:57+00,2024-10-28 09:41:46+00,34.81666666666667,KCHD,KDVT,,,,,
3935,fr24_complete_37bf238c,N625FB,N625FB,2024-10-28 10:37:01+00,2024-10-28 11:41:28+00,64.45,KDVT,KDVT,,,,,
3934,fr24_complete_37c0170e,N622FB,N622FB,2024-10-28 15:35:39+00,2024-10-28 16:31:58+00,56.31666666666667,KDVT,KDVT,,,,,
3933,fr24_complete_37c0a6f5,N622FB,N622FB,2024-10-28 18:28:56+00,2024-10-28 19:52:04+00,83.13333333333334,KDVT,KDVT,,,,,
3932,fr24_complete_37c166a8,N623FB,N623FB,2024-10-28 22:39:44+00,2024-10-29 00:13:52+00,94.13333333333334,KDVT,KDVT,,,,,
3931,fr24_complete_37c1da6e,N623FB,N623FB,2024-10-29 01:58:47+00,2024-10-29 03:45:56+00,107.15,KDVT,KDVT,,,,,
3930,fr24_complete_37c205ec,N625FB,N625FB,2024-10-29 03:33:20+00,2024-10-29 05:05:36+00,92.26666666666667,KDVT,KDVT,,,,,
3929,fr24_complete_37c22990,N623FB,N623FB,2024-10-29 05:00:41+00,2024-10-29 06:45:01+00,104.33333333333333,KDVT,KDVT,,,,,
3928,fr24_complete_37c25138,N625FB,N625FB,2024-10-29 06:30:53+00,2024-10-29 08:04:17+00,93.4,KDVT,KDVT,,,,,
3927,fr24_complete_37c27763,N623FB,N623FB,2024-10-29 07:58:14+00,2024-10-29 09:31:34+00,93.33333333333333,KDVT,KDVT,,,,,
3926,fr24_complete_37c39824,N624FB,N624FB,2024-10-29 15:07:50+00,2024-10-29 16:09:33+00,61.71666666666667,KDVT,KDVT,,,,,
3925,fr24_complete_37c46832,N624FB,N624FB,2024-10-29 19:33:09+00,2024-10-29 20:36:51+00,63.7,KDVT,KDVT,,,,,
3924,fr24_complete_37c4f941,N623FB,N623FB,2024-10-29 23:01:52+00,2024-10-29 23:36:29+00,34.61666666666667,KDVT,,,,,,
3923,fr24_complete_37c510f4,N623FB,N623FB,2024-10-29 23:36:47+00,2024-10-30 00:29:52+00,53.083333333333336,,KDVT,,,,,
3922,fr24_complete_37c542c0,N623FB,N623FB,2024-10-30 01:02:51+00,2024-10-30 03:11:45+00,128.9,KDVT,KDVT,,,,,
3921,fr24_complete_37c58a89,N624FB,N624FB,2024-10-30 03:38:31+00,2024-10-30 05:03:26+00,84.91666666666667,KDVT,KDVT,,,,,
3920,fr24_complete_37c5ad47,N623FB,N623FB,2024-10-30 05:04:03+00,2024-10-30 06:40:01+00,95.96666666666667,KDVT,KDVT,,,,,
3919,fr24_complete_37c5d4d6,N624FB,N624FB,2024-10-30 06:31:26+00,2024-10-30 08:09:38+00,98.2,KDVT,KDVT,,,,,
3918,fr24_complete_37c5fc8c,N623FB,N623FB,2024-10-30 07:59:54+00,2024-10-30 09:36:05+00,96.18333333333334,KDVT,KDVT,,,,,
3917,fr24_complete_37c69060,N622FB,N622FB,2024-10-30 12:20:35+00,2024-10-30 12:54:15+00,33.666666666666664,KDVT,KDVT,,,,,
3916,fr24_complete_37c71a85,N622FB,N622FB,2024-10-30 15:03:57+00,2024-10-30 15:58:03+00,54.1,KDVT,KDVT,,,,,
3915,fr24_complete_37c7c1a7,N622FB,N622FB,2024-10-30 18:30:38+00,2024-10-30 19:35:43+00,65.08333333333333,KDVT,KDVT,,,,,
3914,fr24_complete_37c877d8,N621FB,N621FB,2024-10-30 22:36:00+00,2024-10-31 00:13:20+00,97.33333333333333,KDVT,KDVT,,,,,
3913,fr24_complete_37c7e1eb,N625FB,N625FB,2024-10-30 23:56:21+00,2024-10-31 00:12:07+00,15.766666666666667,KDVT,KDVT,,,,,
3912,fr24_complete_37c8b71b,N625FB,N625FB,2024-10-31 00:17:03+00,2024-10-31 00:32:50+00,15.783333333333333,KDVT,KDVT,,,,,
3911,fr24_complete_37c8c330,N625FB,N625FB,2024-10-31 00:44:29+00,2024-10-31 00:54:26+00,9.95,KDVT,KDVT,,,,,
3910,fr24_complete_37c8de9c,N625FB,N625FB,2024-10-31 01:25:26+00,2024-10-31 01:30:46+00,5.333333333333333,KDVT,KDVT,,,,,
3909,fr24_complete_37c8f051,N621FB,N621FB,2024-10-31 02:01:38+00,2024-10-31 03:51:16+00,109.63333333333334,KDVT,KDVT,,,,,
3908,fr24_complete_37c8f9c4,N625FB,N625FB,2024-10-31 02:41:37+00,2024-10-31 02:56:41+00,15.066666666666666,KDVT,KDVT,,,,,
3907,fr24_complete_37c917c5,N623FB,N623FB,2024-10-31 03:30:04+00,2024-10-31 05:21:14+00,111.16666666666667,KDVT,KDVT,,,,,
3906,fr24_complete_37c90b5a,N625FB,N625FB,2024-10-31 03:31:51+00,2024-10-31 03:35:25+00,3.566666666666667,KDVT,KDVT,,,,,
3905,fr24_complete_37c93d0a,N625FB,N625FB,2024-10-31 05:05:22+00,2024-10-31 05:43:11+00,37.81666666666667,KDVT,KGEU,,,,,
3904,fr24_complete_37c95048,N625FB,N625FB,2024-10-31 05:45:05+00,2024-10-31 06:41:12+00,56.11666666666667,KGEU,KDVT,,,,,
3903,fr24_complete_37c9662d,N623FB,N623FB,2024-10-31 06:34:44+00,2024-10-31 08:09:24+00,94.66666666666667,KDVT,KDVT,,,,,
3902,fr24_complete_37c98b54,N625FB,N625FB,2024-10-31 08:00:52+00,2024-10-31 09:29:07+00,88.25,KDVT,KDVT,,,,,
3901,fr24_complete_37cadd70,N623FB,N623FB,2024-10-31 16:06:31+00,2024-10-31 17:45:16+00,98.75,KDVT,KDVT,,,,,
3900,fr24_complete_37cb5244,N625FB,N625FB,2024-10-31 18:29:22+00,2024-10-31 20:12:04+00,102.7,KDVT,KDVT,,,,,
3899,fr24_complete_37cbb353,N625FB,N625FB,2024-10-31 20:31:08+00,2024-10-31 22:13:49+00,102.68333333333334,KDVT,KDVT,,,,,
3898,fr24_complete_37cc68dc,N625FB,N625FB,2024-11-01 01:33:11+00,2024-11-01 03:22:34+00,109.38333333333334,KDVT,KDVT,,,,,
3897,fr24_complete_37cc944b,N621FB,N621FB,2024-11-01 03:14:59+00,2024-11-01 05:54:31+00,159.53333333333333,KDVT,KDVT,,,,,
3896,fr24_complete_37ccb6dc,N625FB,N625FB,2024-11-01 04:47:16+00,2024-11-01 06:12:38+00,85.36666666666666,KDVT,KDVT,,,,,
3895,fr24_complete_37ccea15,N625FB,N625FB,2024-11-01 06:46:48+00,2024-11-01 08:46:36+00,119.8,KDVT,KDVT,,,,,
3894,fr24_complete_37cd0bb3,N621FB,N621FB,2024-11-01 08:04:16+00,2024-11-01 10:34:49+00,150.55,KDVT,KDVT,,,,,
3893,fr24_complete_37cdc830,N625FB,N625FB,2024-11-01 13:15:58+00,2024-11-01 13:47:09+00,31.183333333333334,KDVT,,,,,,
3892,fr24_complete_37cde498,N625FB,N625FB,2024-11-01 13:47:34+00,2024-11-01 15:28:03+00,100.48333333333333,KSDL,KDVT,,,,,
3891,fr24_complete_37cf8849,N621FB,N621FB,2024-11-01 22:10:04+00,2024-11-01 22:40:13+00,30.15,KDVT,,,,,,
3890,fr24_complete_37cfa80f,N621FB,N621FB,2024-11-01 22:57:28+00,2024-11-01 23:39:27+00,41.983333333333334,KPHX,KDVT,,,,,
3889,fr24_complete_37d00ded,N621FB,N621FB,2024-11-02 02:05:02+00,2024-11-02 03:35:43+00,90.68333333333334,KDVT,KDVT,,,,,
3888,fr24_complete_37d031db,N624FB,N624FB,2024-11-02 03:31:41+00,2024-11-02 05:10:56+00,99.25,KDVT,KDVT,,,,,
3887,fr24_complete_37d0542d,N621FB,N621FB,2024-11-02 05:02:31+00,2024-11-02 05:18:29+00,15.966666666666667,KDVT,KGEU,,,,,
3886,fr24_complete_37d05bbd,N621FB,N621FB,2024-11-02 05:19:09+00,2024-11-02 06:34:24+00,75.25,KGEU,KDVT,,,,,
3885,fr24_complete_37d077a1,N624FB,N624FB,2024-11-02 06:29:36+00,2024-11-02 08:04:39+00,95.05,KDVT,KDVT,,,,,
3884,fr24_complete_37d09a5e,N621FB,N621FB,2024-11-02 08:00:09+00,2024-11-02 09:32:59+00,92.83333333333333,KDVT,KDVT,,,,,
3883,fr24_complete_37d0f6c5,N621FB,N621FB,2024-11-02 11:08:46+00,2024-11-02 12:09:18+00,60.53333333333333,KDVT,KDVT,,,,,
3882,fr24_complete_37d1ab59,N624FB,N624FB,2024-11-02 15:05:52+00,2024-11-02 16:16:46+00,70.9,KDVT,,,,,,
3881,fr24_complete_37d1ff45,N624FB,N624FB,2024-11-02 16:47:59+00,2024-11-02 17:01:42+00,13.716666666666667,,KDVT,,,,,
3880,fr24_complete_37d25b7d,N621FB,N621FB,2024-11-02 18:50:54+00,2024-11-02 19:56:08+00,65.23333333333333,KDVT,KDVT,,,,,
3879,fr24_complete_37d2f097,N625FB,N625FB,2024-11-02 22:45:34+00,2024-11-03 00:08:00+00,82.43333333333334,KDVT,KDVT,,,,,
3878,fr24_complete_37d35b12,N625FB,N625FB,2024-11-03 02:36:40+00,2024-11-03 03:34:13+00,57.55,KDVT,KDVT,,,,,
3877,fr24_complete_37d36f0c,N621FB,N621FB,2024-11-03 03:31:11+00,2024-11-03 04:44:33+00,73.36666666666666,KDVT,KDVT,,,,,
3876,fr24_complete_37d39cab,N625FB,N625FB,2024-11-03 05:34:16+00,2024-11-03 06:51:32+00,77.26666666666667,KDVT,KDVT,,,,,
3875,fr24_complete_37d3b3c8,N621FB,N621FB,2024-11-03 06:31:58+00,2024-11-03 08:23:25+00,111.45,KDVT,KDVT,,,,,
3874,fr24_complete_37d3d77d,N625FB,N625FB,2024-11-03 08:04:32+00,2024-11-03 09:18:00+00,73.46666666666667,KDVT,KFFZ,,,,,
3873,fr24_complete_37d3f825,N625FB,N625FB,2024-11-03 09:18:52+00,2024-11-03 10:28:48+00,69.93333333333334,KFFZ,KDVT,,,,,
3872,fr24_complete_37d4dc3b,N623FB,N623FB,2024-11-03 15:14:06+00,2024-11-03 16:32:58+00,78.86666666666666,KDVT,KDVT,,,,,
3871,fr24_complete_37d58260,N621FB,N621FB,2024-11-03 19:01:54+00,2024-11-03 19:57:13+00,55.31666666666667,KDVT,KDVT,,,,,
3870,fr24_complete_37d634ef,N625FB,N625FB,2024-11-03 23:36:06+00,2024-11-04 00:40:05+00,63.983333333333334,KDVT,KDVT,,,,,
3869,fr24_complete_37d685fb,N625FB,N625FB,2024-11-04 02:11:34+00,2024-11-04 03:36:49+00,85.25,KDVT,KDVT,,,,,
3868,fr24_complete_37d6a912,N623FB,N623FB,2024-11-04 03:32:59+00,2024-11-04 05:00:05+00,87.1,KDVT,KDVT,,,,,
3867,fr24_complete_37d6cc49,N625FB,N625FB,2024-11-04 05:01:20+00,2024-11-04 06:44:23+00,103.05,KDVT,KDVT,,,,,
3866,fr24_complete_37d6f35b,N623FB,N623FB,2024-11-04 06:30:37+00,2024-11-04 08:00:35+00,89.96666666666667,KDVT,KDVT,,,,,
3865,fr24_complete_37d712ca,N625FB,N625FB,2024-11-04 07:42:02+00,2024-11-04 09:47:36+00,125.56666666666666,KDVT,KDVT,,,,,
3864,fr24_complete_37d825d6,N621FB,N621FB,2024-11-04 15:06:04+00,2024-11-04 16:06:38+00,60.56666666666667,KDVT,KDVT,,,,,
3863,fr24_complete_37d8ccf4,N621FB,N621FB,2024-11-04 19:01:15+00,2024-11-04 20:00:25+00,59.166666666666664,KDVT,KDVT,,,,,
3862,fr24_complete_37d917ac,N624FB,N624FB,2024-11-04 20:51:09+00,2024-11-04 22:44:25+00,113.26666666666667,KDVT,KDVT,,,,,
3861,fr24_complete_37d9c37f,N624FB,N624FB,2024-11-05 01:30:27+00,2024-11-05 03:33:48+00,123.35,KDVT,KDVT,,,,,
3860,fr24_complete_37d9fe65,N621FB,N621FB,2024-11-05 03:29:42+00,2024-11-05 05:04:29+00,94.78333333333333,KDVT,KDVT,,,,,
3859,fr24_complete_37da23dc,N624FB,N624FB,2024-11-05 05:01:10+00,2024-11-05 06:39:04+00,97.9,KDVT,KDVT,,,,,
3858,fr24_complete_37da4b10,N621FB,N621FB,2024-11-05 06:30:25+00,2024-11-05 08:14:06+00,103.68333333333334,KDVT,KDVT,,,,,
3857,fr24_complete_37da7197,N624FB,N624FB,2024-11-05 07:58:52+00,2024-11-05 09:53:17+00,114.41666666666667,KDVT,KDVT,,,,,
3856,fr24_complete_37db619d,N624FB,N624FB,2024-11-05 15:03:58+00,2024-11-05 16:08:02+00,64.06666666666666,KDVT,KDVT,,,,,
3855,fr24_complete_37dba60f,N625FB,N625FB,2024-11-05 16:38:52+00,2024-11-05 17:30:50+00,51.96666666666667,KDVT,KDVT,,,,,
3854,fr24_complete_37dbf81e,N625FB,N625FB,2024-11-05 18:32:47+00,2024-11-05 19:30:39+00,57.86666666666667,KDVT,KDVT,,,,,
3853,fr24_complete_37dca15b,N621FB,N621FB,2024-11-05 22:33:39+00,2024-11-06 00:03:15+00,89.6,KDVT,KDVT,,,,,
3852,fr24_complete_37dd22ce,N621FB,N621FB,2024-11-06 02:11:02+00,2024-11-06 03:41:59+00,90.95,KDVT,KDVT,,,,,
3851,fr24_complete_37dd476a,N624FB,N624FB,2024-11-06 03:31:15+00,2024-11-06 05:08:20+00,97.08333333333333,KDVT,KDVT,,,,,
3850,fr24_complete_37dd6ca5,N625FB,N625FB,2024-11-06 05:01:43+00,2024-11-06 06:46:33+00,104.83333333333333,KDVT,KDVT,,,,,
3849,fr24_complete_37dd945a,N624FB,N624FB,2024-11-06 06:31:27+00,2024-11-06 08:08:48+00,97.35,KDVT,KDVT,,,,,
3848,fr24_complete_37ddba3b,N625FB,N625FB,2024-11-06 08:01:40+00,2024-11-06 09:26:44+00,85.06666666666666,KDVT,KDVT,,,,,
3847,fr24_complete_37debfcc,N621FB,N621FB,2024-11-06 15:30:31+00,2024-11-06 16:28:43+00,58.2,KDVT,KDVT,,,,,
3846,fr24_complete_37df1795,N623FB,N623FB,2024-11-06 17:30:44+00,2024-11-06 17:46:28+00,15.733333333333333,KDVT,KDVT,,,,,
3845,fr24_complete_37df25c4,N623FB,N623FB,2024-11-06 17:49:06+00,2024-11-06 18:34:38+00,45.53333333333333,KDVT,KDVT,,,,,
3844,fr24_complete_37df48c5,N623FB,N623FB,2024-11-06 18:35:33+00,2024-11-06 18:44:30+00,8.95,KDVT,KDVT,,,,,
3843,fr24_complete_37dfed3c,N624FB,N624FB,2024-11-06 22:16:34+00,2024-11-06 23:48:32+00,91.96666666666667,KDVT,KDVT,,,,,
3842,fr24_complete_37e077fa,N624FB,N624FB,2024-11-07 01:51:02+00,2024-11-07 03:32:29+00,101.45,KDVT,KDVT,,,,,
3841,fr24_complete_37e0a9c5,N625FB,N625FB,2024-11-07 03:30:28+00,2024-11-07 05:18:34+00,108.1,KDVT,KDVT,,,,,
3840,fr24_complete_37e0cee1,N624FB,N624FB,2024-11-07 05:00:20+00,2024-11-07 06:38:26+00,98.1,KDVT,KDVT,,,,,
3839,fr24_complete_37e0f872,N625FB,N625FB,2024-11-07 06:29:56+00,2024-11-07 08:00:07+00,90.18333333333334,KDVT,KDVT,,,,,
3838,fr24_complete_37e11b7f,N624FB,N624FB,2024-11-07 07:52:44+00,2024-11-07 09:39:21+00,106.61666666666666,KDVT,KDVT,,,,,
3837,fr24_complete_37e2401a,N621FB,N621FB,2024-11-07 15:49:23+00,2024-11-07 16:44:44+00,55.35,KDVT,KDVT,,,,,
3836,fr24_complete_37e2b3d8,N621FB,N621FB,2024-11-07 18:10:29+00,2024-11-07 19:08:44+00,58.25,KDVT,KDVT,,,,,
3835,fr24_complete_37e31742,N624FB,N624FB,2024-11-07 20:08:03+00,2024-11-07 21:44:06+00,96.05,KDVT,KDVT,,,,,
3834,fr24_complete_37e40f0f,N624FB,N624FB,2024-11-08 01:31:08+00,2024-11-08 03:14:26+00,103.3,KDVT,KDVT,,,,,
3833,fr24_complete_37e44f6c,N621FB,N621FB,2024-11-08 03:32:53+00,2024-11-08 05:08:54+00,96.01666666666667,KDVT,KDVT,,,,,
3832,fr24_complete_37e475ee,N624FB,N624FB,2024-11-08 05:02:26+00,2024-11-08 06:34:14+00,91.8,KDVT,KDVT,,,,,
3831,fr24_complete_37e49fe8,N621FB,N621FB,2024-11-08 06:31:03+00,2024-11-08 08:25:32+00,114.48333333333333,KDVT,KDVT,,,,,
3830,fr24_complete_37e4c694,N624FB,N624FB,2024-11-08 08:03:43+00,2024-11-08 10:21:18+00,137.58333333333334,KDVT,KPHX,,,,,
3829,fr24_complete_37e4fc58,N621FB,N621FB,2024-11-08 09:56:53+00,2024-11-08 12:07:33+00,130.66666666666666,KDVT,KPHX,,,,,
3828,fr24_complete_37e512d3,N624FB,N624FB,2024-11-08 10:45:23+00,2024-11-08 12:19:13+00,93.83333333333333,KPHX,KDVT,,,,,
3827,fr24_complete_37e54fde,N621FB,N621FB,2024-11-08 12:27:47+00,2024-11-08 12:36:59+00,9.2,KPHX,KDVT,,,,,
3826,fr24_complete_37e5d01e,N621FB,N621FB,2024-11-08 15:07:34+00,2024-11-08 16:24:05+00,76.51666666666667,KDVT,KDVT,,,,,
3825,fr24_complete_37e66f12,N621FB,N621FB,2024-11-08 18:12:14+00,2024-11-08 19:18:26+00,66.2,KDVT,KDVT,,,,,
3823,fr24_complete_37e761cb,N623FB,N623FB,2024-11-08 22:59:49+00,2024-11-09 00:20:41+00,80.86666666666666,KDVT,KDVT,,,,,
3822,fr24_complete_37e7c902,N623FB,N623FB,2024-11-09 01:42:12+00,2024-11-09 02:05:40+00,23.466666666666665,KDVT,,,,,,
3821,fr24_complete_37e7d6fb,N623FB,N623FB,2024-11-09 02:35:27+00,2024-11-09 02:59:44+00,24.283333333333335,KSDL,KDVT,,,,,
3820,fr24_complete_37e7fbad,N621FB,N621FB,2024-11-09 03:27:38+00,2024-11-09 05:17:03+00,109.41666666666667,KDVT,KDVT,,,,,
3819,fr24_complete_37e8249f,N623FB,N623FB,2024-11-09 05:05:54+00,2024-11-09 06:41:14+00,95.33333333333333,KDVT,KDVT,,,,,
3818,fr24_complete_37e84903,N621FB,N621FB,2024-11-09 06:34:04+00,2024-11-09 08:23:44+00,109.66666666666667,KDVT,KDVT,,,,,
3817,fr24_complete_37e86add,N623FB,N623FB,2024-11-09 08:03:17+00,2024-11-09 10:05:58+00,122.68333333333334,KDVT,KDVT,,,,,
3816,fr24_complete_37e95beb,N623FB,N623FB,2024-11-09 15:11:02+00,2024-11-09 16:04:59+00,53.95,KDVT,KDVT,,,,,
3815,fr24_complete_37e9ff32,N623FB,N623FB,2024-11-09 18:34:07+00,2024-11-09 19:33:46+00,59.65,KDVT,KDVT,,,,,
3814,fr24_complete_37eaabe4,N624FB,N624FB,2024-11-09 22:30:14+00,2024-11-09 23:55:37+00,85.38333333333334,KDVT,KDVT,,,,,
3813,fr24_complete_37eb3794,N624FB,N624FB,2024-11-10 03:02:49+00,2024-11-10 03:39:11+00,36.36666666666667,KDVT,KDVT,,,,,
3812,fr24_complete_37eb41a8,N623FB,N623FB,2024-11-10 03:29:27+00,2024-11-10 05:08:26+00,98.98333333333333,KDVT,KDVT,,,,,
3811,fr24_complete_37eb6541,N624FB,N624FB,2024-11-10 05:04:17+00,2024-11-10 06:33:32+00,89.25,KDVT,KDVT,,,,,
3810,fr24_complete_37eb8577,N623FB,N623FB,2024-11-10 06:24:51+00,2024-11-10 08:03:58+00,99.11666666666666,KDVT,KDVT,,,,,
3809,fr24_complete_37eba9d3,N624FB,N624FB,2024-11-10 08:00:57+00,2024-11-10 09:47:10+00,106.21666666666667,KDVT,KDVT,,,,,
3808,fr24_complete_37ec95a8,N624FB,N624FB,2024-11-10 15:23:48+00,2024-11-10 19:02:24+00,218.6,KDVT,KDVT,,,,,
3807,fr24_complete_37ed32a3,N624FB,N624FB,2024-11-10 19:03:11+00,2024-11-10 20:03:39+00,60.46666666666667,KDVT,KDVT,,,,,
3806,fr24_complete_37edddc4,N623FB,N623FB,2024-11-10 23:13:27+00,2024-11-11 00:39:21+00,85.9,KDVT,KDVT,,,,,
3805,fr24_complete_37ee3fe7,N623FB,N623FB,2024-11-11 02:13:11+00,2024-11-11 03:51:30+00,98.31666666666666,KDVT,KDVT,,,,,
3804,fr24_complete_37ee61e0,N624FB,N624FB,2024-11-11 03:31:28+00,2024-11-11 05:03:38+00,92.16666666666667,KDVT,KDVT,,,,,
3803,fr24_complete_37ee84d5,N625FB,N625FB,2024-11-11 04:59:43+00,2024-11-11 06:37:18+00,97.58333333333333,KDVT,KDVT,,,,,
3802,fr24_complete_37eeae1a,N624FB,N624FB,2024-11-11 06:29:34+00,2024-11-11 08:09:14+00,99.66666666666667,KDVT,KDVT,,,,,
3801,fr24_complete_37eed30d,N625FB,N625FB,2024-11-11 07:59:06+00,2024-11-11 09:40:09+00,101.05,KDVT,KDVT,,,,,
3800,fr24_complete_37efe178,N625FB,N625FB,2024-11-11 15:28:35+00,2024-11-11 16:54:57+00,86.36666666666666,KDVT,KDVT,,,,,
3799,fr24_complete_37f084f7,N625FB,N625FB,2024-11-11 19:00:16+00,2024-11-11 20:09:42+00,69.43333333333334,KDVT,KDVT,,,,,
3798,fr24_complete_37f0a1f0,N621FB,N621FB,2024-11-11 19:36:58+00,2024-11-11 19:52:17+00,15.316666666666666,KDVT,KDVT,,,,,
3797,fr24_complete_37f0af47,N621FB,N621FB,2024-11-11 19:57:54+00,2024-11-11 20:39:20+00,41.43333333333333,KDVT,,,,,,
3796,fr24_complete_37f0d475,N621FB,N621FB,2024-11-11 20:39:01+00,2024-11-11 21:09:20+00,30.316666666666666,,KDVT,,,,,
3795,fr24_complete_37f135f5,N621FB,N621FB,2024-11-11 22:49:58+00,2024-11-12 00:13:21+00,83.38333333333334,KDVT,KDVT,,,,,
3794,fr24_complete_37f1ad89,N621FB,N621FB,2024-11-12 02:01:07+00,2024-11-12 03:35:21+00,94.23333333333333,KDVT,KDVT,,,,,
3793,fr24_complete_37f1d8a0,N625FB,N625FB,2024-11-12 03:29:44+00,2024-11-12 05:05:26+00,95.7,KDVT,KDVT,,,,,
3792,fr24_complete_37f20014,N623FB,N623FB,2024-11-12 05:02:17+00,2024-11-12 06:44:42+00,102.41666666666667,KDVT,KDVT,,,,,
3791,fr24_complete_37f22662,N625FB,N625FB,2024-11-12 06:28:57+00,2024-11-12 08:02:29+00,93.53333333333333,KDVT,KDVT,,,,,
3790,fr24_complete_37f24c41,N623FB,N623FB,2024-11-12 07:59:04+00,2024-11-12 09:31:51+00,92.78333333333333,KDVT,KDVT,,,,,
3789,fr24_complete_37f344e7,N623FB,N623FB,2024-11-12 15:05:09+00,2024-11-12 16:02:20+00,57.18333333333333,KDVT,KDVT,,,,,
3788,fr24_complete_37f3dd14,N624FB,N624FB,2024-11-12 18:23:25+00,2024-11-12 19:50:15+00,86.83333333333333,KDVT,KDVT,,,,,
3787,fr24_complete_37f466c6,N625FB,N625FB,2024-11-12 21:23:48+00,2024-11-12 21:39:52+00,16.066666666666666,KDVT,KPHX,,,,,
3786,fr24_complete_37f47375,N625FB,N625FB,2024-11-12 21:40:00+00,2024-11-12 21:55:24+00,15.4,KPHX,KDVT,,,,,
3785,fr24_complete_37f47ef9,N625FB,N625FB,2024-11-12 21:55:56+00,2024-11-12 22:41:49+00,45.88333333333333,KDVT,KDVT,,,,,
3784,fr24_complete_37f50e48,N621FB,N621FB,2024-11-13 01:41:59+00,2024-11-13 03:37:01+00,115.03333333333333,KDVT,KDVT,,,,,
3783,fr24_complete_37f514c2,N625FB,N625FB,2024-11-13 01:54:26+00,2024-11-13 03:35:14+00,100.8,KDVT,KDVT,,,,,
3782,fr24_complete_37f541a8,N624FB,N624FB,2024-11-13 03:31:59+00,2024-11-13 05:06:38+00,94.65,KDVT,KDVT,,,,,
3781,fr24_complete_37f564d7,N625FB,N625FB,2024-11-13 05:02:52+00,2024-11-13 06:41:06+00,98.23333333333333,KDVT,KDVT,,,,,
3780,fr24_complete_37f588a0,N624FB,N624FB,2024-11-13 06:29:47+00,2024-11-13 08:02:11+00,92.4,KDVT,KDVT,,,,,
3779,fr24_complete_37f5ac9e,N625FB,N625FB,2024-11-13 08:00:32+00,2024-11-13 09:42:25+00,101.88333333333334,KDVT,KDVT,,,,,
3778,fr24_complete_37f5f952,N625FB,N625FB,2024-11-13 10:57:05+00,2024-11-13 11:26:58+00,29.883333333333333,KDVT,KDVT,,,,,
3777,fr24_complete_37f6702a,N625FB,N625FB,2024-11-13 13:57:33+00,2024-11-13 14:27:14+00,29.683333333333334,KDVT,KDVT,,,,,
3776,fr24_complete_37f68a73,N625FB,N625FB,2024-11-13 14:31:42+00,2024-11-13 14:54:38+00,22.933333333333334,KDVT,KDVT,,,,,
3775,fr24_complete_37f6a471,N625FB,N625FB,2024-11-13 15:16:48+00,2024-11-13 15:30:20+00,13.533333333333333,KDVT,KDVT,,,,,
3774,fr24_complete_37f6fee4,N625FB,N625FB,2024-11-13 16:51:42+00,2024-11-13 17:52:36+00,60.9,KDVT,KDVT,,,,,
3773,fr24_complete_37f730f9,N625FB,N625FB,2024-11-13 18:23:20+00,2024-11-13 18:26:53+00,3.55,KDVT,KDVT,,,,,
3772,fr24_complete_37f7c5dc,N624FB,N624FB,2024-11-13 21:17:30+00,2024-11-13 22:37:54+00,80.4,KDVT,KDVT,,,,,
3771,fr24_complete_37f86854,N624FB,N624FB,2024-11-14 01:40:39+00,2024-11-14 03:27:44+00,107.08333333333333,KDVT,KDVT,,,,,
3770,fr24_complete_37f898d8,N623FB,N623FB,2024-11-14 03:26:00+00,2024-11-14 05:10:24+00,104.4,KDVT,KDVT,,,,,
3769,fr24_complete_37f8bdc2,N625FB,N625FB,2024-11-14 05:02:11+00,2024-11-14 07:00:17+00,118.1,KDVT,KDVT,,,,,
3768,fr24_complete_37f8e28b,N623FB,N623FB,2024-11-14 06:30:34+00,2024-11-14 08:12:57+00,102.38333333333334,KDVT,KDVT,,,,,
3767,fr24_complete_37f90a08,N625FB,N625FB,2024-11-14 08:07:43+00,2024-11-14 09:04:55+00,57.2,KDVT,KGEU,,,,,
3766,fr24_complete_37f9238c,N625FB,N625FB,2024-11-14 09:05:54+00,2024-11-14 09:39:33+00,33.65,KGEU,KDVT,,,,,
3765,fr24_complete_37fa12f9,N625FB,N625FB,2024-11-14 15:21:10+00,2024-11-14 16:15:56+00,54.766666666666666,KDVT,KDVT,,,,,
3764,fr24_complete_37fd9b57,N623FB,N623FB,2024-11-15 15:43:15+00,2024-11-15 16:27:26+00,44.18333333333333,KDVT,KDVT,,,,,
3763,fr24_complete_37fdde7d,N621FB,N621FB,2024-11-15 17:01:25+00,2024-11-15 18:48:04+00,106.65,KDVT,KDVT,,,,,
3762,fr24_complete_37feb6c5,N624FB,N624FB,2024-11-15 21:25:57+00,2024-11-15 22:37:13+00,71.26666666666667,KDVT,KDVT,,,,,
3761,fr24_complete_37ff6394,N624FB,N624FB,2024-11-16 02:03:06+00,2024-11-16 03:33:34+00,90.46666666666667,KDVT,KDVT,,,,,
3760,fr24_complete_37ff6280,N625FB,N625FB,2024-11-16 03:27:41+00,2024-11-16 05:07:58+00,100.28333333333333,KDVT,KDVT,,,,,
3759,fr24_complete_37ffab18,N624FB,N624FB,2024-11-16 05:01:26+00,2024-11-16 06:40:30+00,99.06666666666666,KDVT,KDVT,,,,,
3758,fr24_complete_37ffcc58,N625FB,N625FB,2024-11-16 06:27:37+00,2024-11-16 08:23:28+00,115.85,KDVT,KDVT,,,,,
3757,fr24_complete_37ffed74,N624FB,N624FB,2024-11-16 08:00:17+00,2024-11-16 09:33:50+00,93.55,KDVT,KDVT,,,,,
3756,fr24_complete_380226b9,N625FB,N625FB,2024-11-16 23:05:05+00,2024-11-17 00:26:23+00,81.3,KDVT,KDVT,,,,,
3755,fr24_complete_38028506,N625FB,N625FB,2024-11-17 02:26:09+00,2024-11-17 03:32:06+00,65.95,KGEU,KDVT,,,,,
3754,fr24_complete_38029bc6,N621FB,N621FB,2024-11-17 03:29:59+00,2024-11-17 05:07:26+00,97.45,KDVT,KDVT,,,,,
3753,fr24_complete_3802ba44,N624FB,N624FB,2024-11-17 05:02:43+00,2024-11-17 06:47:32+00,104.81666666666666,KDVT,KDVT,,,,,
3752,fr24_complete_3802fbdb,N624FB,N624FB,2024-11-17 08:01:46+00,2024-11-17 09:01:55+00,60.15,KDVT,KPHX,,,,,
3751,fr24_complete_38031287,N624FB,N624FB,2024-11-17 09:03:43+00,2024-11-17 09:41:19+00,37.6,KGEU,KDVT,,,,,
3750,fr24_complete_3803eddc,N623FB,N623FB,2024-11-17 15:33:19+00,2024-11-17 16:31:54+00,58.583333333333336,KDVT,,,,,,
3749,fr24_complete_38041c2c,N623FB,N623FB,2024-11-17 16:31:19+00,2024-11-17 17:08:05+00,36.766666666666666,,KDVT,,,,,
3748,fr24_complete_38050755,N621FB,N621FB,2024-11-17 21:49:47+00,2024-11-17 22:08:40+00,18.883333333333333,KDVT,KDVT,,,,,
3747,fr24_complete_3805179a,N621FB,N621FB,2024-11-17 22:09:31+00,2024-11-17 23:12:48+00,63.28333333333333,KDVT,KDVT,,,,,
3746,fr24_complete_380538a8,N624FB,N624FB,2024-11-17 23:05:19+00,2024-11-18 00:49:48+00,104.48333333333333,KDVT,KDVT,,,,,
3745,fr24_complete_380596e4,N624FB,N624FB,2024-11-18 02:06:50+00,2024-11-18 03:44:21+00,97.51666666666667,KDVT,KDVT,,,,,
3744,fr24_complete_3805debe,N625FB,N625FB,2024-11-18 05:12:00+00,2024-11-18 06:38:21+00,86.35,KDVT,KDVT,,,,,
3743,fr24_complete_380622b4,N625FB,N625FB,2024-11-18 08:00:13+00,2024-11-18 09:36:02+00,95.81666666666666,KDVT,KDVT,,,,,
3742,fr24_complete_380732f0,N621FB,N621FB,2024-11-18 15:43:21+00,2024-11-18 16:00:24+00,17.05,KDVT,KPHX,,,,,
3741,fr24_complete_38074462,N621FB,N621FB,2024-11-18 16:05:03+00,2024-11-18 16:28:48+00,23.75,KPHX,,,,,,
3740,fr24_complete_380756b9,N621FB,N621FB,2024-11-18 16:28:55+00,2024-11-18 17:02:12+00,33.28333333333333,,KDVT,,,,,
3739,fr24_complete_3807c9f5,N621FB,N621FB,2024-11-18 19:07:35+00,2024-11-18 20:00:05+00,52.5,KDVT,KDVT,,,,,
3738,fr24_complete_380881ed,N625FB,N625FB,2024-11-18 23:32:06+00,2024-11-19 01:00:48+00,88.7,KDVT,KDVT,,,,,
3737,fr24_complete_3808deed,N625FB,N625FB,2024-11-19 02:19:01+00,2024-11-19 03:48:48+00,89.78333333333333,KDVT,KDVT,,,,,
3736,fr24_complete_3809009a,N624FB,N624FB,2024-11-19 03:32:25+00,2024-11-19 05:06:05+00,93.66666666666667,KDVT,KDVT,,,,,
3735,fr24_complete_380923ec,N625FB,N625FB,2024-11-19 05:01:55+00,2024-11-19 06:45:39+00,103.73333333333333,KDVT,KDVT,,,,,
3734,fr24_complete_38094934,N624FB,N624FB,2024-11-19 06:30:38+00,2024-11-19 08:14:31+00,103.88333333333334,KDVT,KDVT,,,,,
3733,fr24_complete_38097067,N625FB,N625FB,2024-11-19 08:10:38+00,2024-11-19 08:27:33+00,16.916666666666668,KDVT,KGEU,,,,,
3732,fr24_complete_3809784b,N625FB,N625FB,2024-11-19 08:30:08+00,2024-11-19 09:43:21+00,73.21666666666667,KGEU,KDVT,,,,,
3731,fr24_complete_380a60a2,N623FB,N623FB,2024-11-19 15:22:11+00,2024-11-19 15:52:24+00,30.216666666666665,KDVT,,,,,,
3730,fr24_complete_380a7a37,N623FB,N623FB,2024-11-19 16:14:30+00,2024-11-19 16:42:30+00,28,,KDVT,,,,,
3729,fr24_complete_380acab4,N623FB,N623FB,2024-11-19 17:44:25+00,2024-11-19 18:22:44+00,38.31666666666667,KDVT,,,,,,
778,fr24_complete_380ae87f,N623FB,N623FB,2024-11-19 18:24:08+00,2024-11-19 18:53:25+00,,KPHX,,,,,,
3728,fr24_complete_380b9bb8,N621FB,N621FB,2024-11-19 22:38:34+00,2024-11-19 22:54:53+00,16.316666666666666,KDVT,KDVT,,,,,
3727,fr24_complete_380ba997,N621FB,N621FB,2024-11-19 22:56:33+00,2024-11-19 23:49:53+00,53.333333333333336,KDVT,KDVT,,,,,
3726,fr24_complete_380bc57c,N625FB,N625FB,2024-11-19 23:40:24+00,2024-11-20 01:16:09+00,95.75,KDVT,KDVT,,,,,
3725,fr24_complete_380c1e26,N625FB,N625FB,2024-11-20 02:24:38+00,2024-11-20 03:35:22+00,70.73333333333333,KDVT,KDVT,,,,,
3724,fr24_complete_380c3bc8,N621FB,N621FB,2024-11-20 03:31:51+00,2024-11-20 05:04:00+00,92.15,KDVT,KDVT,,,,,
3723,fr24_complete_380c5dc5,N624FB,N624FB,2024-11-20 05:01:16+00,2024-11-20 06:36:35+00,95.31666666666666,KDVT,KDVT,,,,,
3722,fr24_complete_380c8324,N621FB,N621FB,2024-11-20 06:31:44+00,2024-11-20 08:26:06+00,114.36666666666666,KDVT,KDVT,,,,,
3721,fr24_complete_380ca5a9,N624FB,N624FB,2024-11-20 08:01:07+00,2024-11-20 10:10:08+00,129.01666666666668,KDVT,KDVT,,,,,
3720,fr24_complete_380d9136,N623FB,N623FB,2024-11-20 15:08:11+00,2024-11-20 16:02:02+00,53.85,KDVT,KDVT,,,,,
3719,fr24_complete_380e11fa,N623FB,N623FB,2024-11-20 18:08:21+00,2024-11-20 19:19:36+00,71.25,KDVT,KDVT,,,,,
3718,fr24_complete_380ee40a,N624FB,N624FB,2024-11-20 23:25:00+00,2024-11-21 00:39:37+00,74.61666666666666,KDVT,KDVT,,,,,
3717,fr24_complete_380f2fe3,N624FB,N624FB,2024-11-21 01:42:23+00,2024-11-21 03:45:00+00,122.61666666666666,KDVT,KDVT,,,,,
3716,fr24_complete_380f6174,N621FB,N621FB,2024-11-21 03:30:41+00,2024-11-21 05:12:49+00,102.13333333333334,KDVT,KDVT,,,,,
3715,fr24_complete_380f8512,N625FB,N625FB,2024-11-21 05:03:07+00,2024-11-21 06:38:35+00,95.46666666666667,KDVT,KDVT,,,,,
3714,fr24_complete_380fa97c,N621FB,N621FB,2024-11-21 06:30:56+00,2024-11-21 08:05:28+00,94.53333333333333,KDVT,KDVT,,,,,
3713,fr24_complete_380fcddc,N625FB,N625FB,2024-11-21 08:00:32+00,2024-11-21 08:21:03+00,20.516666666666666,KDVT,,,,,,
3712,fr24_complete_380fd724,N625FB,N625FB,2024-11-21 08:21:44+00,2024-11-21 09:37:02+00,75.3,,KDVT,,,,,
3711,fr24_complete_3811a7b7,N624FB,N624FB,2024-11-21 20:31:19+00,2024-11-21 20:54:15+00,22.933333333333334,KDVT,KDVT,,,,,
3710,fr24_complete_38121036,N624FB,N624FB,2024-11-21 23:02:02+00,2024-11-21 23:32:12+00,30.166666666666668,KDVT,,,,,,
3709,fr24_complete_381226ca,N624FB,N624FB,2024-11-21 23:32:12+00,2024-11-22 00:19:24+00,47.2,KPHX,KDVT,,,,,
3708,fr24_complete_38127e8c,N624FB,N624FB,2024-11-22 02:05:28+00,2024-11-22 03:35:18+00,89.83333333333333,KDVT,KDVT,,,,,
3707,fr24_complete_3812a4f7,N621FB,N621FB,2024-11-22 03:24:43+00,2024-11-22 05:04:53+00,100.16666666666667,KDVT,KDVT,,,,,
3706,fr24_complete_3812cd52,N625FB,N625FB,2024-11-22 05:00:14+00,2024-11-22 06:58:04+00,117.83333333333333,KDVT,KDVT,,,,,
3705,fr24_complete_3812f39f,N621FB,N621FB,2024-11-22 06:30:12+00,2024-11-22 08:16:18+00,106.1,KDVT,KDVT,,,,,
3704,fr24_complete_3813188a,N625FB,N625FB,2024-11-22 08:01:15+00,2024-11-22 09:30:32+00,89.28333333333333,KDVT,KDVT,,,,,
3703,fr24_complete_3813b099,N621FB,N621FB,2024-11-22 13:05:15+00,2024-11-22 14:03:46+00,58.516666666666666,KDVT,KDVT,,,,,
3702,fr24_complete_381563bc,N624FB,N624FB,2024-11-22 22:50:28+00,2024-11-23 01:17:33+00,147.08333333333334,KDVT,KDVT,,,,,
3701,fr24_complete_3815de5b,N624FB,N624FB,2024-11-23 02:32:49+00,2024-11-23 03:33:21+00,60.53333333333333,KDVT,KDVT,,,,,
3700,fr24_complete_3815f524,N625FB,N625FB,2024-11-23 03:27:40+00,2024-11-23 05:05:36+00,97.93333333333334,KDVT,KDVT,,,,,
3699,fr24_complete_38161921,N624FB,N624FB,2024-11-23 05:02:06+00,2024-11-23 06:56:22+00,114.26666666666667,KDVT,KDVT,,,,,
3698,fr24_complete_38163af6,N625FB,N625FB,2024-11-23 06:31:16+00,2024-11-23 08:04:04+00,92.8,KDVT,KDVT,,,,,
3697,fr24_complete_38165a19,N624FB,N624FB,2024-11-23 08:00:19+00,2024-11-23 09:22:29+00,82.16666666666667,KDVT,KDVT,,,,,
3696,fr24_complete_3816e566,N625FB,N625FB,2024-11-23 13:04:34+00,2024-11-23 13:57:09+00,52.583333333333336,KDVT,KDVT,,,,,
3695,fr24_complete_3817ba47,N625FB,N625FB,2024-11-23 18:07:47+00,2024-11-23 18:37:47+00,30,KDVT,,,,,,
3694,fr24_complete_3817d006,N625FB,N625FB,2024-11-23 18:38:28+00,2024-11-23 18:53:36+00,15.133333333333333,KGYR,,,,,,
703,fr24_complete_3817da12,N625FB,N625FB,2024-11-23 18:54:03+00,2024-11-23 19:20:06+00,,KPHX,KDVT,,,,,
3693,fr24_complete_3818736b,N624FB,N624FB,2024-11-23 23:02:36+00,2024-11-24 00:25:52+00,83.26666666666667,KDVT,KDVT,,,,,
3692,fr24_complete_3818c9ff,N624FB,N624FB,2024-11-24 02:04:03+00,2024-11-24 02:25:27+00,21.4,KDVT,KGEU,,,,,
3691,fr24_complete_3818d38f,N624FB,N624FB,2024-11-24 02:25:49+00,2024-11-24 03:40:14+00,74.41666666666667,KGEU,KDVT,,,,,
3690,fr24_complete_3818ed48,N623FB,N623FB,2024-11-24 03:35:59+00,2024-11-24 05:09:08+00,93.15,KDVT,KDVT,,,,,
3689,fr24_complete_38190d1b,N625FB,N625FB,2024-11-24 05:05:54+00,2024-11-24 06:49:35+00,103.68333333333334,KDVT,KDVT,,,,,
3688,fr24_complete_38192d66,N623FB,N623FB,2024-11-24 06:31:38+00,2024-11-24 08:05:41+00,94.05,KDVT,KDVT,,,,,
3687,fr24_complete_38194cf0,N625FB,N625FB,2024-11-24 08:01:02+00,2024-11-24 09:40:17+00,99.25,KDVT,KDVT,,,,,
3686,fr24_complete_38197a9a,N625FB,N625FB,2024-11-24 10:01:24+00,2024-11-24 12:24:17+00,142.88333333333333,KDVT,KDVT,,,,,
3685,fr24_complete_3819b28d,N624FB,N624FB,2024-11-24 12:06:35+00,2024-11-24 12:48:51+00,42.266666666666666,KDVT,KDVT,,,,,
3684,fr24_complete_381a1b16,N624FB,N624FB,2024-11-24 14:59:41+00,2024-11-24 16:18:22+00,78.68333333333334,KDVT,KDVT,,,,,
3683,fr24_complete_381a9c94,N624FB,N624FB,2024-11-24 18:06:54+00,2024-11-24 19:36:54+00,90,KDVT,KDVT,,,,,
3682,fr24_complete_381af291,N621FB,N621FB,2024-11-24 20:10:33+00,2024-11-24 20:53:39+00,43.1,KDVT,KDVT,,,,,
3681,fr24_complete_381b6cc4,N623FB,N623FB,2024-11-24 23:15:13+00,2024-11-25 00:42:50+00,87.61666666666666,KDVT,KDVT,,,,,
3680,fr24_complete_381bc485,N623FB,N623FB,2024-11-25 02:06:05+00,2024-11-25 03:50:47+00,104.7,KDVT,KDVT,,,,,
3679,fr24_complete_381b16ba,N621FB,N621FB,2024-11-25 04:41:25+00,2024-11-25 05:07:15+00,25.833333333333332,KDVT,KDVT,,,,,
3678,fr24_complete_381c099a,N625FB,N625FB,2024-11-25 05:03:05+00,2024-11-25 06:43:39+00,100.56666666666666,KDVT,KDVT,,,,,
3677,fr24_complete_381c2df4,N621FB,N621FB,2024-11-25 06:30:44+00,2024-11-25 08:15:36+00,104.86666666666666,KDVT,KDVT,,,,,
3676,fr24_complete_381c5294,N625FB,N625FB,2024-11-25 08:01:47+00,2024-11-25 10:14:52+00,133.08333333333334,KDVT,KDVT,,,,,
3675,fr24_complete_381d715f,N621FB,N621FB,2024-11-25 16:01:40+00,2024-11-25 17:02:48+00,61.13333333333333,KDVT,KDVT,,,,,
3674,fr24_complete_381dfe8d,N621FB,N621FB,2024-11-25 19:05:38+00,2024-11-25 20:01:09+00,55.516666666666666,KDVT,KDVT,,,,,
3673,fr24_complete_381eb6c7,N623FB,N623FB,2024-11-25 23:24:26+00,2024-11-26 00:49:15+00,84.81666666666666,KDVT,KDVT,,,,,
3672,fr24_complete_381f122c,N623FB,N623FB,2024-11-26 02:11:19+00,2024-11-26 03:39:36+00,88.28333333333333,KDVT,KDVT,,,,,
3671,fr24_complete_381f5861,N625FB,N625FB,2024-11-26 05:03:43+00,2024-11-26 06:48:21+00,104.63333333333334,KDVT,KDVT,,,,,
3670,fr24_complete_381f9fd2,N625FB,N625FB,2024-11-26 08:02:14+00,2024-11-26 09:45:36+00,103.36666666666666,KDVT,KDVT,,,,,
3669,fr24_complete_3821bb0a,N623FB,N623FB,2024-11-26 21:26:09+00,2024-11-26 23:19:25+00,113.26666666666667,KDVT,KDVT,,,,,
3668,fr24_complete_38221d95,N621FB,N621FB,2024-11-26 23:49:51+00,2024-11-27 00:10:24+00,20.55,KDVT,KDVT,,,,,
3667,fr24_complete_38222ba4,N621FB,N621FB,2024-11-27 00:11:23+00,2024-11-27 00:29:38+00,18.25,KDVT,KDVT,,,,,
3666,fr24_complete_38223775,N621FB,N621FB,2024-11-27 00:31:18+00,2024-11-27 00:50:14+00,18.933333333333334,KDVT,,,,,,
3665,fr24_complete_38224349,N621FB,N621FB,2024-11-27 00:50:34+00,2024-11-27 01:16:19+00,25.75,,KDVT,,,,,
3664,fr24_complete_382251ce,N621FB,N621FB,2024-11-27 01:17:16+00,2024-11-27 01:50:17+00,33.016666666666666,KDVT,KDVT,,,,,
3663,fr24_complete_38226fd5,N623FB,N623FB,2024-11-27 02:16:17+00,2024-11-27 04:04:45+00,108.46666666666667,KDVT,KDVT,,,,,
3662,fr24_complete_3822b38b,N625FB,N625FB,2024-11-27 05:01:25+00,2024-11-27 06:48:09+00,106.73333333333333,KDVT,KDVT,,,,,
3661,fr24_complete_3822faed,N625FB,N625FB,2024-11-27 08:03:05+00,2024-11-27 09:41:20+00,98.25,KDVT,KDVT,,,,,
3659,fr24_complete_3824abb4,N621FB,N621FB,2024-11-27 18:59:28+00,2024-11-27 19:23:16+00,,KDVT,,,,,,
3660,fr24_complete_38255700,N623FB,N623FB,2024-11-27 23:03:00+00,2024-11-28 00:34:15+00,91.25,KDVT,KDVT,,,,,
3658,fr24_complete_38259ff5,N623FB,N623FB,2024-11-28 01:13:23+00,2024-11-28 02:39:45+00,86.36666666666666,KDVT,KDVT,,,,,
3657,fr24_complete_3825dbf3,N625FB,N625FB,2024-11-28 03:28:03+00,2024-11-28 05:13:08+00,105.08333333333333,KDVT,KDVT,,,,,
3656,fr24_complete_3825e93b,N624FB,N624FB,2024-11-28 04:02:38+00,2024-11-28 04:17:52+00,15.233333333333333,KDVT,KPHX,,,,,
3655,fr24_complete_3825ef7e,N624FB,N624FB,2024-11-28 04:19:16+00,2024-11-28 05:01:48+00,42.53333333333333,KPHX,KPHX,,,,,
3654,fr24_complete_382601a3,N624FB,N624FB,2024-11-28 05:05:18+00,2024-11-28 05:52:26+00,47.13333333333333,KPHX,KGEU,,,,,
3653,fr24_complete_38261485,N624FB,N624FB,2024-11-28 05:53:12+00,2024-11-28 06:31:43+00,38.516666666666666,KGEU,KDVT,,,,,
3652,fr24_complete_38262431,N625FB,N625FB,2024-11-28 06:33:30+00,2024-11-28 08:25:33+00,112.05,KDVT,KDVT,,,,,
3651,fr24_complete_38264794,N624FB,N624FB,2024-11-28 08:02:42+00,2024-11-28 09:42:39+00,99.95,KDVT,KDVT,,,,,
3650,fr24_complete_382731a3,N625FB,N625FB,2024-11-28 15:53:21+00,2024-11-28 20:01:40+00,248.31666666666666,KDVT,KDVT,,,,,
3649,fr24_complete_3827a46f,N625FB,N625FB,2024-11-28 20:02:01+00,2024-11-28 21:11:56+00,69.91666666666667,KDVT,KDVT,,,,,
3648,fr24_complete_38281d6b,N623FB,N623FB,2024-11-29 01:27:53+00,2024-11-29 02:28:00+00,60.11666666666667,KDVT,KDVT,,,,,
3647,fr24_complete_38285039,N623FB,N623FB,2024-11-29 04:02:30+00,2024-11-29 05:16:22+00,73.86666666666666,KDVT,KDVT,,,,,
3646,fr24_complete_382864c3,N624FB,N624FB,2024-11-29 05:03:22+00,2024-11-29 06:35:39+00,92.28333333333333,KDVT,KDVT,,,,,
3645,fr24_complete_382886b2,N623FB,N623FB,2024-11-29 06:32:26+00,2024-11-29 08:07:25+00,94.98333333333333,KDVT,KDVT,,,,,
3644,fr24_complete_3828a9df,N624FB,N624FB,2024-11-29 08:02:21+00,2024-11-29 08:58:17+00,55.93333333333333,KDVT,KCHD,,,,,
3643,fr24_complete_3828c229,N624FB,N624FB,2024-11-29 08:59:13+00,2024-11-29 09:26:39+00,27.433333333333334,KCHD,KDVT,,,,,
3642,fr24_complete_382aaea4,N625FB,N625FB,2024-11-29 22:38:05+00,2024-11-30 00:22:26+00,104.35,KDVT,KDVT,,,,,
3641,fr24_complete_382b0faf,N625FB,N625FB,2024-11-30 02:02:57+00,2024-11-30 03:37:32+00,94.58333333333333,KDVT,KDVT,,,,,
3640,fr24_complete_382b316c,N624FB,N624FB,2024-11-30 03:30:05+00,2024-11-30 05:12:31+00,102.43333333333334,KDVT,KDVT,,,,,
3639,fr24_complete_382b5108,N623FB,N623FB,2024-11-30 05:03:24+00,2024-11-30 06:33:43+00,90.31666666666666,KDVT,KDVT,,,,,
3638,fr24_complete_382b6f9e,N624FB,N624FB,2024-11-30 06:29:50+00,2024-11-30 08:20:31+00,110.68333333333334,KDVT,KDVT,,,,,
3637,fr24_complete_382b8f08,N623FB,N623FB,2024-11-30 07:58:02+00,2024-11-30 10:03:12+00,125.16666666666667,KDVT,KDVT,,,,,
3636,fr24_complete_382c9956,N623FB,N623FB,2024-11-30 15:51:55+00,2024-11-30 16:55:36+00,63.68333333333333,KDVT,KDVT,,,,,
3635,fr24_complete_382d1b20,N623FB,N623FB,2024-11-30 18:56:10+00,2024-11-30 19:50:53+00,,KDVT,,,,,,
3634,fr24_complete_382e331b,N625FB,N625FB,2024-12-01 03:32:16+00,2024-12-01 05:07:58+00,95.7,KDVT,KDVT,,,,,
3633,fr24_complete_382e53ed,N624FB,N624FB,2024-12-01 05:03:22+00,2024-12-01 06:53:15+00,109.88333333333334,KDVT,KDVT,,,,,
3632,fr24_complete_382e756f,N625FB,N625FB,2024-12-01 06:33:11+00,2024-12-01 08:06:18+00,93.11666666666666,KDVT,KDVT,,,,,
3631,fr24_complete_382e9556,N624FB,N624FB,2024-12-01 08:02:13+00,2024-12-01 09:41:47+00,99.56666666666666,KDVT,KDVT,,,,,
3630,fr24_complete_3830d14b,N623FB,N623FB,2024-12-01 23:11:38+00,2024-12-02 00:44:19+00,92.68333333333334,KDVT,KDVT,,,,,
3629,fr24_complete_38310740,N623FB,N623FB,2024-12-02 00:45:34+00,2024-12-02 01:00:49+00,15.25,KDVT,KDVT,,,,,
3628,fr24_complete_38313215,N623FB,N623FB,2024-12-02 02:16:27+00,2024-12-02 03:39:43+00,83.26666666666667,KDVT,KDVT,,,,,
3627,fr24_complete_383151b9,N624FB,N624FB,2024-12-02 03:31:54+00,2024-12-02 05:16:28+00,104.56666666666666,KDVT,KDVT,,,,,
3626,fr24_complete_38317438,N625FB,N625FB,2024-12-02 05:03:10+00,2024-12-02 06:37:10+00,94,KDVT,KDVT,,,,,
3625,fr24_complete_38319942,N624FB,N624FB,2024-12-02 06:29:58+00,2024-12-02 08:08:13+00,98.25,KDVT,KDVT,,,,,
3624,fr24_complete_3831bdd8,N625FB,N625FB,2024-12-02 08:02:36+00,2024-12-02 08:23:38+00,21.033333333333335,KDVT,KGEU,,,,,
3623,fr24_complete_3831c75a,N625FB,N625FB,2024-12-02 08:33:44+00,2024-12-02 09:42:05+00,68.35,KGEU,KDVT,,,,,
3621,fr24_complete_3833047c,N621FB,N621FB,2024-12-02 17:02:42+00,2024-12-02 18:07:02+00,64.33333333333333,KDVT,,,,,,
3620,fr24_complete_38333788,N621FB,N621FB,2024-12-02 18:07:04+00,2024-12-02 18:37:52+00,30.8,,KDVT,,,,,
3619,fr24_complete_38336942,N621FB,N621FB,2024-12-02 19:13:47+00,2024-12-02 20:04:12+00,50.416666666666664,KDVT,KDVT,,,,,
3618,fr24_complete_38341ad2,N624FB,N624FB,2024-12-02 23:22:39+00,2024-12-03 00:48:22+00,85.71666666666667,KDVT,KDVT,,,,,
3617,fr24_complete_383477e3,N624FB,N624FB,2024-12-03 02:10:00+00,2024-12-03 03:38:56+00,88.93333333333334,KDVT,KDVT,,,,,
3616,fr24_complete_38349da7,N623FB,N623FB,2024-12-03 03:33:10+00,2024-12-03 05:10:43+00,97.55,KDVT,KDVT,,,,,
3615,fr24_complete_3834c1e0,N625FB,N625FB,2024-12-03 05:04:19+00,2024-12-03 06:39:30+00,95.18333333333334,KDVT,KDVT,,,,,
3614,fr24_complete_3834e51a,N623FB,N623FB,2024-12-03 06:30:51+00,2024-12-03 07:38:18+00,67.45,KDVT,KGEU,,,,,
3613,fr24_complete_383500e3,N623FB,N623FB,2024-12-03 07:39:12+00,2024-12-03 08:19:36+00,40.4,KGEU,KDVT,,,,,
3612,fr24_complete_383509c9,N625FB,N625FB,2024-12-03 08:02:35+00,2024-12-03 08:06:47+00,4.2,KDVT,KDVT,,,,,
3611,fr24_complete_38351169,N623FB,N623FB,2024-12-03 08:20:27+00,2024-12-03 08:34:54+00,14.45,KDVT,KDVT,,,,,
3610,fr24_complete_38351f36,N625FB,N625FB,2024-12-03 08:54:50+00,2024-12-03 10:11:23+00,76.55,KDVT,KDVT,,,,,
3609,fr24_complete_38358794,N623FB,N623FB,2024-12-03 12:29:34+00,2024-12-03 12:41:17+00,11.716666666666667,KDVT,KDVT,,,,,
3608,fr24_complete_38361c86,N623FB,N623FB,2024-12-03 15:48:47+00,2024-12-03 16:01:43+00,12.933333333333334,KDVT,KPHX,,,,,
3607,fr24_complete_38363bc3,N623FB,N623FB,2024-12-03 16:26:40+00,2024-12-03 16:46:36+00,19.933333333333334,,,,,,,
3606,fr24_complete_38364b39,N623FB,N623FB,2024-12-03 16:53:28+00,2024-12-03 17:08:59+00,15.516666666666667,,KDVT,,,,,
3605,fr24_complete_3836b740,N623FB,N623FB,2024-12-03 19:11:16+00,2024-12-03 19:53:34+00,42.3,KDVT,KDVT,,,,,
3604,fr24_complete_38374422,N624FB,N624FB,2024-12-03 22:05:06+00,2024-12-04 00:03:47+00,118.68333333333334,KDVT,KDVT,,,,,
3603,fr24_complete_3837dc2a,N624FB,N624FB,2024-12-04 02:11:12+00,2024-12-04 03:38:19+00,87.11666666666666,KDVT,KDVT,,,,,
3602,fr24_complete_38380203,N625FB,N625FB,2024-12-04 03:35:19+00,2024-12-04 05:11:10+00,95.85,KDVT,KDVT,,,,,
3601,fr24_complete_383849a5,N625FB,N625FB,2024-12-04 06:36:30+00,2024-12-04 08:05:30+00,89,KDVT,KDVT,,,,,
3600,fr24_complete_383951ff,N625FB,N625FB,2024-12-04 14:51:24+00,2024-12-04 15:55:45+00,64.35,KDVT,,,,,,
3599,fr24_complete_38398584,N625FB,N625FB,2024-12-04 15:55:39+00,2024-12-04 16:17:13+00,21.566666666666666,,,,,,,
3598,fr24_complete_38399560,N625FB,N625FB,2024-12-04 16:17:14+00,2024-12-04 17:04:02+00,46.8,KSDL,KDVT,,,,,
3597,fr24_complete_383a27cf,N621FB,N621FB,2024-12-04 19:43:29+00,2024-12-04 20:04:46+00,21.283333333333335,KDVT,KDVT,,,,,
3596,fr24_complete_383a60e4,N621FB,N621FB,2024-12-04 21:03:21+00,2024-12-04 21:22:01+00,18.666666666666668,KDVT,KDVT,,,,,
3595,fr24_complete_383a6f25,N621FB,N621FB,2024-12-04 21:21:09+00,2024-12-04 22:11:37+00,50.46666666666667,,KDVT,,,,,
838,fr24_complete_383a91bb,N621FB,N621FB,2024-12-04 22:14:01+00,2024-12-04 22:17:25+00,,KDVT,,,,,,
3594,fr24_complete_383a9d72,N624FB,N624FB,2024-12-04 22:31:54+00,2024-12-05 00:10:44+00,98.83333333333333,KDVT,KDVT,,,,,
3593,fr24_complete_383b04e7,N624FB,N624FB,2024-12-05 01:27:50+00,2024-12-05 03:36:10+00,128.33333333333334,KDVT,KDVT,,,,,
3592,fr24_complete_383b62ce,N623FB,N623FB,2024-12-05 05:02:08+00,2024-12-05 06:38:54+00,96.76666666666667,KDVT,KDVT,,,,,
3591,fr24_complete_383bab0d,N623FB,N623FB,2024-12-05 08:01:00+00,2024-12-05 10:10:20+00,129.33333333333334,KDVT,KDVT,,,,,
3590,fr24_complete_383c6c72,N621FB,N621FB,2024-12-05 14:10:43+00,2024-12-05 14:34:20+00,23.616666666666667,KDVT,KDVT,,,,,
3589,fr24_complete_383c9f97,N621FB,N621FB,2024-12-05 15:21:36+00,2024-12-05 15:58:01+00,36.416666666666664,KDVT,,,,,,
3588,fr24_complete_383cba1f,N621FB,N621FB,2024-12-05 15:58:30+00,2024-12-05 16:12:37+00,14.116666666666667,,KDVT,,,,,
3587,fr24_complete_383cdb25,N623FB,N623FB,2024-12-05 17:22:30+00,2024-12-05 17:31:41+00,9.183333333333334,KDVT,KDVT,,,,,
3586,fr24_complete_383deafb,N623FB,N623FB,2024-12-05 23:06:43+00,2024-12-06 00:35:17+00,88.56666666666666,KDVT,KDVT,,,,,
3585,fr24_complete_383e5685,N623FB,N623FB,2024-12-06 02:03:29+00,2024-12-06 03:32:15+00,88.76666666666667,KDVT,KDVT,,,,,
3584,fr24_complete_383e7f5b,N624FB,N624FB,2024-12-06 03:29:11+00,2024-12-06 05:09:11+00,100,KDVT,KDVT,,,,,
3583,fr24_complete_383ea5cc,N623FB,N623FB,2024-12-06 05:02:50+00,2024-12-06 07:01:56+00,119.1,KDVT,KDVT,,,,,
3582,fr24_complete_383ecbd8,N624FB,N624FB,2024-12-06 06:34:36+00,2024-12-06 08:07:06+00,92.5,KDVT,KDVT,,,,,
3581,fr24_complete_383eee0f,N623FB,N623FB,2024-12-06 08:01:38+00,2024-12-06 09:30:25+00,88.78333333333333,KDVT,KDVT,,,,,
3580,fr24_complete_38416071,N623FB,N623FB,2024-12-06 23:08:35+00,2024-12-07 00:21:36+00,73.01666666666667,KDVT,KDVT,,,,,
3579,fr24_complete_3841c25e,N623FB,N623FB,2024-12-07 02:03:24+00,2024-12-07 03:32:17+00,88.88333333333334,KDVT,KDVT,,,,,
3578,fr24_complete_3841e7d1,N624FB,N624FB,2024-12-07 03:31:29+00,2024-12-07 05:29:50+00,118.35,KDVT,KDVT,,,,,
3577,fr24_complete_38420a53,N625FB,N625FB,2024-12-07 05:04:40+00,2024-12-07 06:35:59+00,91.31666666666666,KDVT,KDVT,,,,,
3576,fr24_complete_38422bb4,N624FB,N624FB,2024-12-07 06:33:05+00,2024-12-07 08:25:20+00,112.25,KDVT,KDVT,,,,,
3575,fr24_complete_38424b75,N625FB,N625FB,2024-12-07 08:03:39+00,2024-12-07 09:39:46+00,96.11666666666666,KDVT,KDVT,,,,,
3574,fr24_complete_38432fcf,N621FB,N621FB,2024-12-07 16:30:20+00,2024-12-07 16:44:35+00,14.25,KDVT,KGEU,,,,,
3573,fr24_complete_3843961c,N621FB,N621FB,2024-12-07 17:53:17+00,2024-12-07 18:02:00+00,8.716666666666667,KGEU,KDVT,,,,,
3572,fr24_complete_38446390,N625FB,N625FB,2024-12-07 23:14:22+00,2024-12-08 00:33:43+00,79.35,KDVT,KDVT,,,,,
3571,fr24_complete_3844ae8c,N625FB,N625FB,2024-12-08 01:59:56+00,2024-12-08 03:32:24+00,92.46666666666667,KDVT,KDVT,,,,,
3570,fr24_complete_3844cf75,N624FB,N624FB,2024-12-08 03:29:56+00,2024-12-08 05:08:28+00,98.53333333333333,KDVT,KDVT,,,,,
3569,fr24_complete_3844ee31,N623FB,N623FB,2024-12-08 05:02:23+00,2024-12-08 06:32:44+00,90.35,KDVT,KDVT,,,,,
3568,fr24_complete_38450d5a,N624FB,N624FB,2024-12-08 06:30:32+00,2024-12-08 08:50:18+00,139.76666666666668,KDVT,KDVT,,,,,
3567,fr24_complete_38452bdc,N623FB,N623FB,2024-12-08 08:00:31+00,2024-12-08 09:18:13+00,77.7,KDVT,KGEU,,,,,
3566,fr24_complete_38454834,N623FB,N623FB,2024-12-08 09:19:07+00,2024-12-08 09:33:43+00,14.6,KGEU,KDVT,,,,,
3565,fr24_complete_38471d80,N624FB,N624FB,2024-12-08 22:40:23+00,2024-12-08 23:22:16+00,41.88333333333333,KDVT,,,,,,
3564,fr24_complete_384737a6,N624FB,N624FB,2024-12-09 03:03:20+00,2024-12-09 03:18:54+00,15.566666666666666,KPHX,KGYR,,,,,
3563,fr24_complete_3847a684,N624FB,N624FB,2024-12-09 03:20:32+00,2024-12-09 03:37:58+00,17.433333333333334,,KDVT,,,,,
3562,fr24_complete_3847aa2c,N625FB,N625FB,2024-12-09 03:32:48+00,2024-12-09 05:15:54+00,103.1,KDVT,KDVT,,,,,
3561,fr24_complete_3847cb72,N623FB,N623FB,2024-12-09 05:02:31+00,2024-12-09 06:55:53+00,113.36666666666666,KDVT,KDVT,,,,,
3560,fr24_complete_3847efcf,N625FB,N625FB,2024-12-09 06:31:45+00,2024-12-09 08:08:56+00,97.18333333333334,KDVT,KDVT,,,,,
3559,fr24_complete_384814cd,N623FB,N623FB,2024-12-09 08:06:05+00,2024-12-09 09:48:42+00,102.61666666666666,KDVT,KDVT,,,,,
3558,fr24_complete_384a23b6,N625FB,N625FB,2024-12-09 22:43:27+00,2024-12-09 23:18:48+00,35.35,KDVT,KDVT,,,,,
3557,fr24_complete_384a501d,N625FB,N625FB,2024-12-09 23:53:53+00,2024-12-10 01:18:09+00,84.26666666666667,KDVT,KDVT,,,,,
3556,fr24_complete_384a890b,N621FB,N621FB,2024-12-10 01:38:43+00,2024-12-10 02:07:13+00,28.5,KDVT,KDVT,,,,,
3555,fr24_complete_384a979b,N621FB,N621FB,2024-12-10 02:07:58+00,2024-12-10 02:28:07+00,20.15,KDVT,KDVT,,,,,
3554,fr24_complete_384a9fe8,N625FB,N625FB,2024-12-10 02:28:32+00,2024-12-10 03:48:39+00,80.11666666666666,KDVT,KDVT,,,,,
3553,fr24_complete_384aa0f9,N621FB,N621FB,2024-12-10 02:28:35+00,2024-12-10 02:48:07+00,19.533333333333335,KDVT,KDVT,,,,,
3552,fr24_complete_384abbb1,N624FB,N624FB,2024-12-10 03:33:02+00,2024-12-10 05:05:44+00,92.7,KDVT,KDVT,,,,,
3551,fr24_complete_384ae0e9,N625FB,N625FB,2024-12-10 05:07:46+00,2024-12-10 07:27:24+00,139.63333333333333,KDVT,KDVT,,,,,
3550,fr24_complete_384b0049,N624FB,N624FB,2024-12-10 06:24:37+00,2024-12-10 08:31:31+00,126.9,KDVT,KDVT,,,,,
3549,fr24_complete_384b35c8,N625FB,N625FB,2024-12-10 08:39:21+00,2024-12-10 10:04:20+00,84.98333333333333,KDVT,KDVT,,,,,
3548,fr24_complete_384c04b1,N625FB,N625FB,2024-12-10 15:05:35+00,2024-12-10 16:05:55+00,60.333333333333336,KDVT,KDVT,,,,,
3547,fr24_complete_384c7c8b,N625FB,N625FB,2024-12-10 18:05:20+00,2024-12-10 19:37:16+00,91.93333333333334,KDVT,KDVT,,,,,
3546,fr24_complete_384d3d2b,N624FB,N624FB,2024-12-10 23:03:21+00,2024-12-11 00:21:46+00,78.41666666666667,KDVT,KDVT,,,,,
3545,fr24_complete_384da423,N624FB,N624FB,2024-12-11 02:10:37+00,2024-12-11 03:38:10+00,87.55,KDVT,KDVT,,,,,
3544,fr24_complete_384deb3c,N625FB,N625FB,2024-12-11 05:04:29+00,2024-12-11 06:24:31+00,80.03333333333333,KDVT,,,,,,
704,fr24_complete_384e0da0,N625FB,N625FB,2024-12-11 06:27:24+00,2024-12-11 09:45:08+00,,KPHX,,,,,,
3543,fr24_complete_385018c2,N623FB,N623FB,2024-12-11 21:23:48+00,2024-12-11 22:20:40+00,56.86666666666667,KDVT,KDVT,,,,,
3542,fr24_complete_38503f35,N623FB,N623FB,2024-12-11 22:46:39+00,2024-12-11 23:02:06+00,15.45,KDVT,KDVT,,,,,
3541,fr24_complete_38505b1e,N621FB,N621FB,2024-12-11 23:04:49+00,2024-12-12 00:44:14+00,99.41666666666667,KDVT,KDVT,,,,,
3540,fr24_complete_38505ba2,N623FB,N623FB,2024-12-11 23:06:48+00,2024-12-11 23:22:34+00,15.766666666666667,KDVT,KDVT,,,,,
3539,fr24_complete_3850696f,N623FB,N623FB,2024-12-11 23:28:04+00,2024-12-11 23:50:48+00,22.733333333333334,KDVT,KDVT,,,,,
3538,fr24_complete_385089ab,N623FB,N623FB,2024-12-12 00:18:46+00,2024-12-12 01:56:59+00,98.21666666666667,KDVT,KDVT,,,,,
779,fr24_complete_3850c24b,N623FB,N623FB,2024-12-12 01:58:52+00,2024-12-12 02:24:54+00,,KDVT,KDVT,,,,,
3537,fr24_complete_3850c689,N621FB,N621FB,2024-12-12 02:07:35+00,2024-12-12 03:38:06+00,90.51666666666667,KDVT,KDVT,,,,,
3536,fr24_complete_3850d294,N623FB,N623FB,2024-12-12 02:48:01+00,2024-12-12 02:53:49+00,5.8,KDVT,KDVT,,,,,
3535,fr24_complete_3850ef18,N624FB,N624FB,2024-12-12 03:33:08+00,2024-12-12 05:04:26+00,91.3,KDVT,KDVT,,,,,
3534,fr24_complete_3851116b,N625FB,N625FB,2024-12-12 05:00:50+00,2024-12-12 06:43:30+00,102.66666666666667,KDVT,KDVT,,,,,
3533,fr24_complete_38513796,N624FB,N624FB,2024-12-12 06:29:54+00,2024-12-12 08:15:13+00,105.31666666666666,KDVT,KDVT,,,,,
3532,fr24_complete_38515d13,N625FB,N625FB,2024-12-12 08:02:09+00,2024-12-12 09:46:15+00,104.1,KDVT,KDVT,,,,,
3531,fr24_complete_3851b206,N625FB,N625FB,2024-12-12 11:10:11+00,2024-12-12 12:15:37+00,65.43333333333334,KDVT,KDVT,,,,,
3530,fr24_complete_38523912,N621FB,N621FB,2024-12-12 14:36:03+00,2024-12-12 15:07:07+00,31.066666666666666,KDVT,KGYR,,,,,
3529,fr24_complete_385286fa,N621FB,N621FB,2024-12-12 16:11:28+00,2024-12-12 16:33:37+00,22.15,KGYR,KDVT,,,,,
3528,fr24_complete_3852d4b5,N621FB,N621FB,2024-12-12 17:49:08+00,2024-12-12 18:31:07+00,41.983333333333334,KDVT,KDVT,,,,,
3527,fr24_complete_385352bf,N625FB,N625FB,2024-12-12 20:32:04+00,2024-12-12 21:50:45+00,78.68333333333334,KDVT,KDVT,,,,,
3526,fr24_complete_3853eb45,N625FB,N625FB,2024-12-13 00:07:47+00,2024-12-13 00:37:54+00,30.116666666666667,KDVT,KDVT,,,,,
3525,fr24_complete_38542fda,N625FB,N625FB,2024-12-13 02:09:29+00,2024-12-13 03:50:12+00,100.71666666666667,KDVT,KDVT,,,,,
3524,fr24_complete_38547cbe,N624FB,N624FB,2024-12-13 05:05:40+00,2024-12-13 06:34:45+00,89.08333333333333,KDVT,KDVT,,,,,
3523,fr24_complete_3854c4eb,N624FB,N624FB,2024-12-13 08:00:53+00,2024-12-13 09:14:49+00,73.93333333333334,KDVT,KGEU,,,,,
3522,fr24_complete_3854e61c,N624FB,N624FB,2024-12-13 09:15:17+00,2024-12-13 09:29:45+00,14.466666666666667,KGEU,KDVT,,,,,
3521,fr24_complete_385580df,N621FB,N621FB,2024-12-13 13:49:03+00,2024-12-13 13:58:05+00,9.033333333333333,KDVT,KGEU,,,,,
3520,fr24_complete_38558e1a,N621FB,N621FB,2024-12-13 14:05:06+00,2024-12-13 14:51:41+00,46.583333333333336,KGEU,KGYR,,,,,
3519,fr24_complete_385612cc,N621FB,N621FB,2024-12-13 16:42:00+00,2024-12-13 17:06:04+00,24.066666666666666,KGYR,KDVT,,,,,
3518,fr24_complete_38566d7a,N621FB,N621FB,2024-12-13 18:34:18+00,2024-12-13 19:25:12+00,50.9,KDVT,KDVT,,,,,
3517,fr24_complete_38576a31,N625FB,N625FB,2024-12-14 00:28:04+00,2024-12-14 01:44:23+00,76.31666666666666,KDVT,KDVT,,,,,
3516,fr24_complete_3857e2b8,N624FB,N624FB,2024-12-14 05:03:08+00,2024-12-14 06:49:26+00,106.3,KDVT,KDVT,,,,,
3515,fr24_complete_385823ca,N624FB,N624FB,2024-12-14 08:00:00+00,2024-12-14 10:22:30+00,142.5,KDVT,KDVT,,,,,
3514,fr24_complete_3858a7d1,N621FB,N621FB,2024-12-14 12:50:56+00,2024-12-14 13:57:01+00,66.08333333333333,KDVT,KDVT,,,,,
3513,fr24_complete_38597a46,N621FB,N621FB,2024-12-14 18:01:39+00,2024-12-14 18:17:34+00,15.916666666666666,KDVT,KDVT,,,,,
3512,fr24_complete_385985ef,N621FB,N621FB,2024-12-14 18:17:05+00,2024-12-14 19:13:05+00,56,,KDVT,,,,,
3511,fr24_complete_385a9dcf,N624FB,N624FB,2024-12-15 03:27:40+00,2024-12-15 05:10:34+00,102.9,KDVT,KDVT,,,,,
3510,fr24_complete_385abe70,N625FB,N625FB,2024-12-15 05:04:09+00,2024-12-15 06:36:37+00,92.46666666666667,KDVT,KDVT,,,,,
3509,fr24_complete_385ade63,N624FB,N624FB,2024-12-15 06:32:20+00,2024-12-15 08:06:50+00,94.5,KDVT,KDVT,,,,,
3508,fr24_complete_385afd7e,N625FB,N625FB,2024-12-15 08:00:48+00,2024-12-15 08:16:11+00,15.383333333333333,KDVT,KGEU,,,,,
3507,fr24_complete_385b03da,N625FB,N625FB,2024-12-15 08:16:54+00,2024-12-15 09:24:09+00,67.25,KGEU,KDVT,,,,,
3506,fr24_complete_385bd3ce,N624FB,N624FB,2024-12-15 15:33:30+00,2024-12-15 16:44:57+00,71.45,KDVT,KDVT,,,,,
3505,fr24_complete_385c5105,N624FB,N624FB,2024-12-15 19:02:19+00,2024-12-15 19:58:11+00,55.86666666666667,KDVT,KDVT,,,,,
3504,fr24_complete_385ce2d8,N625FB,N625FB,2024-12-15 23:06:17+00,2024-12-16 00:32:33+00,86.26666666666667,KDVT,KDVT,,,,,
3503,fr24_complete_385d384c,N625FB,N625FB,2024-12-16 02:00:49+00,2024-12-16 04:05:12+00,124.38333333333334,KDVT,KDVT,,,,,
3502,fr24_complete_385d5d7b,N621FB,N621FB,2024-12-16 03:33:43+00,2024-12-16 05:16:18+00,102.58333333333333,KDVT,KDVT,,,,,
3501,fr24_complete_385d7daa,N625FB,N625FB,2024-12-16 05:02:55+00,2024-12-16 06:41:05+00,98.16666666666667,KDVT,KDVT,,,,,
3500,fr24_complete_385da24f,N621FB,N621FB,2024-12-16 06:34:16+00,2024-12-16 08:11:43+00,97.45,KDVT,KDVT,,,,,
3499,fr24_complete_385dc238,N625FB,N625FB,2024-12-16 07:55:03+00,2024-12-16 09:27:55+00,92.86666666666666,KDVT,KDVT,,,,,
3498,fr24_complete_385e9964,N624FB,N624FB,2024-12-16 14:44:09+00,2024-12-16 15:40:31+00,56.36666666666667,KDVT,KPHX,,,,,
3497,fr24_complete_385ee09a,N624FB,N624FB,2024-12-16 16:31:46+00,2024-12-16 16:44:32+00,12.766666666666667,KPHX,KDVT,,,,,
3496,fr24_complete_385f4457,N624FB,N624FB,2024-12-16 19:07:47+00,2024-12-16 20:24:48+00,77.01666666666667,KDVT,KDVT,,,,,
3495,fr24_complete_385fd029,N625FB,N625FB,2024-12-16 22:52:15+00,2024-12-17 00:14:28+00,82.21666666666667,KDVT,KDVT,,,,,
3494,fr24_complete_38603a5f,N625FB,N625FB,2024-12-17 02:12:15+00,2024-12-17 03:48:06+00,95.85,KDVT,KDVT,,,,,
3493,fr24_complete_38605ccd,N623FB,N623FB,2024-12-17 03:31:43+00,2024-12-17 06:29:42+00,177.98333333333332,KDVT,KDVT,,,,,
3492,fr24_complete_3860a6f1,N623FB,N623FB,2024-12-17 06:33:17+00,2024-12-17 08:09:07+00,95.83333333333333,KDVT,KDVT,,,,,
3491,fr24_complete_3861cde9,N623FB,N623FB,2024-12-17 15:35:00+00,2024-12-17 16:49:40+00,74.66666666666667,KDVT,KDVT,,,,,
3490,fr24_complete_38626f65,N623FB,N623FB,2024-12-17 19:10:57+00,2024-12-17 19:35:58+00,25.016666666666666,KDVT,KDVT,,,,,
3489,fr24_complete_3862853a,N623FB,N623FB,2024-12-17 19:36:12+00,2024-12-17 20:16:56+00,40.733333333333334,KDVT,KDVT,,,,,
3488,fr24_complete_3862fdee,N625FB,N625FB,2024-12-17 22:16:41+00,2024-12-17 23:44:20+00,87.65,KDVT,KDVT,,,,,
3487,fr24_complete_386387ea,N625FB,N625FB,2024-12-18 02:10:30+00,2024-12-18 03:38:14+00,87.73333333333333,KDVT,KDVT,,,,,
3486,fr24_complete_3863adc6,N624FB,N624FB,2024-12-18 03:35:28+00,2024-12-18 05:05:29+00,90.01666666666667,KDVT,KDVT,,,,,
3485,fr24_complete_3863d035,N625FB,N625FB,2024-12-18 05:01:56+00,2024-12-18 06:36:38+00,94.7,KDVT,KDVT,,,,,
3484,fr24_complete_3863f47d,N624FB,N624FB,2024-12-18 06:30:44+00,2024-12-18 08:08:59+00,98.25,KDVT,KDVT,,,,,
3483,fr24_complete_3864195f,N625FB,N625FB,2024-12-18 08:01:43+00,2024-12-18 08:13:24+00,11.683333333333334,KDVT,KGEU,,,,,
3482,fr24_complete_38641fd5,N625FB,N625FB,2024-12-18 08:14:59+00,2024-12-18 10:24:12+00,129.21666666666667,KGEU,KDVT,,,,,
3481,fr24_complete_3864fc80,N621FB,N621FB,2024-12-18 14:52:04+00,2024-12-18 16:06:31+00,74.45,KDVT,KDVT,,,,,
3480,fr24_complete_38653412,N621FB,N621FB,2024-12-18 16:08:24+00,2024-12-18 16:26:28+00,18.066666666666666,KDVT,KDVT,,,,,
840,fr24_complete_386552cb,N621FB,N621FB,2024-12-18 16:49:28+00,2024-12-18 16:52:51+00,,KDVT,KDVT,,,,,
3479,fr24_complete_3865624d,N621FB,N621FB,2024-12-18 17:22:11+00,2024-12-18 17:38:34+00,16.383333333333333,KDVT,KDVT,,,,,
839,fr24_complete_386576dd,N621FB,N621FB,2024-12-18 17:40:33+00,2024-12-18 18:01:14+00,,,KDVT,,,,,
3478,fr24_complete_38658c60,N621FB,N621FB,2024-12-18 18:28:58+00,2024-12-18 18:44:31+00,15.55,KDVT,KDVT,,,,,
3477,fr24_complete_3865a60c,N621FB,N621FB,2024-12-18 18:45:20+00,2024-12-18 19:15:15+00,29.916666666666668,KDVT,KDVT,,,,,
3476,fr24_complete_3865bcaf,N621FB,N621FB,2024-12-18 19:16:45+00,2024-12-18 19:22:40+00,5.916666666666667,KDVT,KDVT,,,,,
3475,fr24_complete_38665d91,N624FB,N624FB,2024-12-18 23:03:03+00,2024-12-19 00:43:35+00,100.53333333333333,KDVT,KDVT,,,,,
3474,fr24_complete_3866c5fa,N624FB,N624FB,2024-12-19 02:01:39+00,2024-12-19 03:37:20+00,95.68333333333334,KDVT,KDVT,,,,,
3473,fr24_complete_3866f110,N621FB,N621FB,2024-12-19 03:35:27+00,2024-12-19 05:06:42+00,91.25,KDVT,KDVT,,,,,
3472,fr24_complete_386713b8,N625FB,N625FB,2024-12-19 05:02:21+00,2024-12-19 06:41:36+00,99.25,KDVT,KDVT,,,,,
3471,fr24_complete_386739f0,N621FB,N621FB,2024-12-19 06:30:08+00,2024-12-19 08:15:33+00,105.41666666666667,KDVT,KDVT,,,,,
3470,fr24_complete_3867604b,N625FB,N625FB,2024-12-19 08:02:11+00,2024-12-19 09:35:31+00,93.33333333333333,KDVT,KDVT,,,,,
3469,fr24_complete_38695844,N622FB,N622FB,2024-12-19 20:56:16+00,2024-12-19 21:02:44+00,6.466666666666667,KDVT,KDVT,,,,,
3468,fr24_complete_38698fc9,N622FB,N622FB,2024-12-19 21:36:14+00,2024-12-19 21:44:17+00,8.05,KDVT,KDVT,,,,,
3467,fr24_complete_3869cdef,N625FB,N625FB,2024-12-19 23:00:31+00,2024-12-19 23:41:07+00,40.6,KDVT,KSDL,,,,,
3466,fr24_complete_3869eeee,N625FB,N625FB,2024-12-19 23:49:01+00,2024-12-20 00:37:16+00,48.25,KSDL,KDVT,,,,,
3465,fr24_complete_386a3cad,N625FB,N625FB,2024-12-20 02:04:12+00,2024-12-20 03:31:35+00,87.38333333333334,KDVT,KDVT,,,,,
3464,fr24_complete_386a67ba,N621FB,N621FB,2024-12-20 03:34:57+00,2024-12-20 05:29:28+00,114.51666666666667,KDVT,KDVT,,,,,
3463,fr24_complete_386a8cf3,N625FB,N625FB,2024-12-20 05:05:44+00,2024-12-20 06:36:25+00,90.68333333333334,KDVT,KDVT,,,,,
3462,fr24_complete_386ab363,N621FB,N621FB,2024-12-20 06:32:32+00,2024-12-20 08:11:17+00,98.75,KDVT,KDVT,,,,,
3461,fr24_complete_386ad91d,N625FB,N625FB,2024-12-20 08:03:31+00,2024-12-20 09:01:16+00,57.75,KDVT,KCHD,,,,,
3460,fr24_complete_386af644,N625FB,N625FB,2024-12-20 09:05:55+00,2024-12-20 09:46:32+00,40.61666666666667,KCHD,KDVT,,,,,
3459,fr24_complete_386d3797,N624FB,N624FB,2024-12-20 22:58:06+00,2024-12-20 23:58:28+00,60.36666666666667,KDVT,,,,,,
3458,fr24_complete_386d61a4,N624FB,N624FB,2024-12-21 00:02:20+00,2024-12-21 00:17:24+00,15.066666666666666,,KDVT,,,,,
3457,fr24_complete_386da303,N624FB,N624FB,2024-12-21 02:05:22+00,2024-12-21 03:40:05+00,94.71666666666667,KDVT,KDVT,,,,,
3456,fr24_complete_386dca85,N621FB,N621FB,2024-12-21 03:32:37+00,2024-12-21 05:12:29+00,99.86666666666666,KDVT,KDVT,,,,,
3455,fr24_complete_386df0f9,N625FB,N625FB,2024-12-21 05:03:17+00,2024-12-21 06:33:56+00,90.65,KDVT,KDVT,,,,,
3454,fr24_complete_386e1655,N621FB,N621FB,2024-12-21 06:30:46+00,2024-12-21 08:19:34+00,108.8,KDVT,KDVT,,,,,
3453,fr24_complete_386e3b54,N625FB,N625FB,2024-12-21 08:05:15+00,2024-12-21 09:09:20+00,64.08333333333333,KDVT,KGYR,,,,,
3452,fr24_complete_386e5971,N625FB,N625FB,2024-12-21 09:13:18+00,2024-12-21 10:02:39+00,49.35,KGEU,KDVT,,,,,
3451,fr24_complete_386fca7b,N624FB,N624FB,2024-12-21 18:55:09+00,2024-12-21 19:06:38+00,11.483333333333333,KDVT,KPHX,,,,,
3450,fr24_complete_386fdb0c,N624FB,N624FB,2024-12-21 19:18:56+00,2024-12-21 19:43:53+00,24.95,KPHX,KDVT,,,,,
3449,fr24_complete_3870650d,N624FB,N624FB,2024-12-21 22:55:35+00,2024-12-22 00:20:31+00,84.93333333333334,KDVT,KDVT,,,,,
3448,fr24_complete_3870bed1,N624FB,N624FB,2024-12-22 01:53:43+00,2024-12-22 03:35:49+00,102.1,KDVT,KDVT,,,,,
3447,fr24_complete_3870e642,N621FB,N621FB,2024-12-22 03:29:09+00,2024-12-22 05:05:27+00,96.3,KDVT,KDVT,,,,,
3446,fr24_complete_3871081a,N625FB,N625FB,2024-12-22 05:01:31+00,2024-12-22 06:41:45+00,100.23333333333333,KDVT,KDVT,,,,,
3445,fr24_complete_38710ed8,N621FB,N621FB,2024-12-22 06:31:18+00,2024-12-22 08:28:50+00,117.53333333333333,KDVT,KDVT,,,,,
3444,fr24_complete_38714fde,N625FB,N625FB,2024-12-22 08:01:15+00,2024-12-22 09:22:37+00,81.36666666666666,KDVT,KDVT,,,,,
3443,fr24_complete_38720dc1,N624FB,N624FB,2024-12-22 14:33:14+00,2024-12-22 14:43:41+00,10.45,KDVT,KPHX,,,,,
3442,fr24_complete_38722fcf,N623FB,N623FB,2024-12-22 15:23:36+00,2024-12-22 16:22:26+00,58.833333333333336,KDVT,KDVT,,,,,
3441,fr24_complete_38723866,N624FB,N624FB,2024-12-22 15:35:49+00,2024-12-22 16:57:35+00,81.76666666666667,KPHX,KPHX,,,,,
3440,fr24_complete_3872b39b,N624FB,N624FB,2024-12-22 18:31:40+00,2024-12-22 19:11:32+00,39.86666666666667,KPHX,KPHX,,,,,
3439,fr24_complete_3872d5aa,N624FB,N624FB,2024-12-22 19:26:02+00,2024-12-22 19:39:39+00,13.616666666666667,KPHX,KDVT,,,,,
3438,fr24_complete_38735b06,N623FB,N623FB,2024-12-22 22:37:39+00,2024-12-22 23:57:20+00,79.68333333333334,KDVT,KDVT,,,,,
3437,fr24_complete_3873c75f,N621FB,N621FB,2024-12-23 02:06:28+00,2024-12-23 03:37:08+00,90.66666666666667,KDVT,KDVT,,,,,
3436,fr24_complete_3873ed92,N623FB,N623FB,2024-12-23 03:34:01+00,2024-12-23 05:13:38+00,99.61666666666666,KDVT,KDVT,,,,,
3435,fr24_complete_38740fd7,N625FB,N625FB,2024-12-23 05:01:55+00,2024-12-23 06:34:56+00,93.01666666666667,KDVT,KDVT,,,,,
3434,fr24_complete_38743546,N623FB,N623FB,2024-12-23 06:30:59+00,2024-12-23 07:29:37+00,58.63333333333333,KDVT,KCHD,,,,,
3433,fr24_complete_38744faa,N623FB,N623FB,2024-12-23 07:34:15+00,2024-12-23 08:08:27+00,34.2,KCHD,KDVT,,,,,
3432,fr24_complete_38745a65,N625FB,N625FB,2024-12-23 08:01:23+00,2024-12-23 08:43:50+00,42.45,KDVT,KGEU,,,,,
3431,fr24_complete_38746df9,N625FB,N625FB,2024-12-23 08:47:46+00,2024-12-23 09:54:52+00,67.1,KGEU,KDVT,,,,,
3430,fr24_complete_38756efe,N622FB,N622FB,2024-12-23 16:11:08+00,2024-12-23 16:52:33+00,41.416666666666664,KDVT,,,,,,
3429,fr24_complete_387592c9,N622FB,N622FB,2024-12-23 16:59:06+00,2024-12-23 17:15:27+00,16.35,,KDVT,,,,,
3428,fr24_complete_387642a3,N625FB,N625FB,2024-12-23 21:01:32+00,2024-12-23 21:34:49+00,33.28333333333333,KDVT,KDVT,,,,,
3427,fr24_complete_3876995e,N625FB,N625FB,2024-12-23 23:17:08+00,2024-12-24 00:49:04+00,91.93333333333334,KDVT,KDVT,,,,,
3426,fr24_complete_3876f91c,N625FB,N625FB,2024-12-24 02:13:29+00,2024-12-24 03:46:09+00,92.66666666666667,KDVT,KDVT,,,,,
3425,fr24_complete_38771d08,N624FB,N624FB,2024-12-24 03:32:40+00,2024-12-24 05:08:31+00,95.85,KDVT,KDVT,,,,,
3424,fr24_complete_3877417f,N621FB,N621FB,2024-12-24 05:00:50+00,2024-12-24 06:56:39+00,115.81666666666666,KDVT,KDVT,,,,,
3423,fr24_complete_38776932,N624FB,N624FB,2024-12-24 06:31:40+00,2024-12-24 08:12:31+00,100.85,KDVT,KDVT,,,,,
3422,fr24_complete_38778e5f,N621FB,N621FB,2024-12-24 08:03:33+00,2024-12-24 09:24:28+00,80.91666666666667,KDVT,KDVT,,,,,
3421,fr24_complete_387857e9,N625FB,N625FB,2024-12-24 15:11:53+00,2024-12-24 16:11:46+00,59.88333333333333,KDVT,KDVT,,,,,
3420,fr24_complete_3878bf62,N625FB,N625FB,2024-12-24 18:46:07+00,2024-12-24 19:50:13+00,64.1,KDVT,KDVT,,,,,
3419,fr24_complete_38792fb3,N621FB,N621FB,2024-12-24 23:16:01+00,2024-12-25 00:33:50+00,77.81666666666666,KDVT,KDVT,,,,,
3418,fr24_complete_387970ff,N621FB,N621FB,2024-12-25 02:06:34+00,2024-12-25 03:39:00+00,92.43333333333334,KDVT,KDVT,,,,,
3417,fr24_complete_38798c91,N625FB,N625FB,2024-12-25 03:30:19+00,2024-12-25 04:54:46+00,84.45,KDVT,KDVT,,,,,
3416,fr24_complete_3879c883,N625FB,N625FB,2024-12-25 06:26:52+00,2024-12-25 07:22:18+00,55.43333333333333,KDVT,,,,,,
3415,fr24_complete_3879dd72,N625FB,N625FB,2024-12-25 08:09:54+00,2024-12-25 08:22:24+00,12.5,KCHD,KDVT,,,,,
3414,fr24_complete_387a06fa,N625FB,N625FB,2024-12-25 09:32:24+00,2024-12-25 10:48:35+00,76.18333333333334,KDVT,KDVT,,,,,
3413,fr24_complete_387ac007,N624FB,N624FB,2024-12-25 17:25:13+00,2024-12-25 18:04:16+00,39.05,KDVT,KDVT,,,,,
3412,fr24_complete_387b3aaf,N623FB,N623FB,2024-12-25 22:48:04+00,2024-12-26 00:18:35+00,90.51666666666667,KDVT,KDVT,,,,,
3411,fr24_complete_387b865e,N623FB,N623FB,2024-12-26 01:56:10+00,2024-12-26 03:03:10+00,67,KDVT,KDVT,,,,,
3410,fr24_complete_387bae46,N623FB,N623FB,2024-12-26 03:49:08+00,2024-12-26 05:11:38+00,82.5,KDVT,KDVT,,,,,
3409,fr24_complete_387bc78e,N625FB,N625FB,2024-12-26 04:58:47+00,2024-12-26 06:45:14+00,106.45,KDVT,KDVT,,,,,
3408,fr24_complete_387bee94,N623FB,N623FB,2024-12-26 06:34:53+00,2024-12-26 08:13:35+00,98.7,KDVT,KDVT,,,,,
3407,fr24_complete_387c10a1,N625FB,N625FB,2024-12-26 08:01:03+00,2024-12-26 08:57:26+00,56.38333333333333,KDVT,KIWA,,,,,
3406,fr24_complete_387c29c9,N625FB,N625FB,2024-12-26 09:02:10+00,2024-12-26 10:43:14+00,101.06666666666666,KCHD,KDVT,,,,,
3405,fr24_complete_387c8fca,N621FB,N621FB,2024-12-26 12:29:13+00,2024-12-26 13:23:26+00,54.21666666666667,KDVT,KDVT,,,,,
3404,fr24_complete_387d0648,N625FB,N625FB,2024-12-26 15:31:26+00,2024-12-26 16:06:22+00,34.93333333333333,KDVT,KDVT,,,,,
3403,fr24_complete_387d64bc,N625FB,N625FB,2024-12-26 17:56:26+00,2024-12-26 19:39:43+00,103.28333333333333,KDVT,KDVT,,,,,
3402,fr24_complete_387e21fb,N623FB,N623FB,2024-12-26 22:58:58+00,2024-12-27 00:26:08+00,87.16666666666667,KDVT,KDVT,,,,,
3401,fr24_complete_387e8491,N623FB,N623FB,2024-12-27 02:02:03+00,2024-12-27 03:36:02+00,93.98333333333333,KDVT,KDVT,,,,,
3400,fr24_complete_387eaee2,N621FB,N621FB,2024-12-27 03:33:20+00,2024-12-27 05:08:59+00,95.65,KDVT,KDVT,,,,,
3399,fr24_complete_387ed6a7,N623FB,N623FB,2024-12-27 05:05:48+00,2024-12-27 06:36:19+00,90.51666666666667,KDVT,KDVT,,,,,
3398,fr24_complete_387efe63,N621FB,N621FB,2024-12-27 06:32:42+00,2024-12-27 08:23:47+00,111.08333333333333,KDVT,KDVT,,,,,
3397,fr24_complete_387f2380,N623FB,N623FB,2024-12-27 08:03:20+00,2024-12-27 09:44:06+00,100.76666666666667,KDVT,KDVT,,,,,
3396,fr24_complete_38802034,N624FB,N624FB,2024-12-27 15:14:43+00,2024-12-27 16:00:04+00,45.35,KDVT,KDVT,,,,,
3395,fr24_complete_388043f0,N624FB,N624FB,2024-12-27 16:24:37+00,2024-12-27 16:36:43+00,12.1,,KDVT,,,,,
3394,fr24_complete_38809aa1,N624FB,N624FB,2024-12-27 18:09:07+00,2024-12-27 18:27:57+00,18.833333333333332,KDVT,KDVT,,,,,
3393,fr24_complete_3880ab7e,N624FB,N624FB,2024-12-27 18:33:05+00,2024-12-27 20:05:25+00,92.33333333333333,,KDVT,,,,,
3392,fr24_complete_38814d62,N622FB,N622FB,2024-12-27 22:38:12+00,2024-12-27 23:16:50+00,38.63333333333333,KDVT,,,,,,
3391,fr24_complete_38816840,N622FB,N622FB,2024-12-27 23:37:33+00,2024-12-27 23:51:17+00,13.733333333333333,,KDVT,,,,,
3390,fr24_complete_3881bc94,N622FB,N622FB,2024-12-28 01:58:04+00,2024-12-28 03:45:00+00,106.93333333333334,KDVT,KDVT,,,,,
3389,fr24_complete_3881e745,N625FB,N625FB,2024-12-28 03:32:05+00,2024-12-28 05:15:06+00,103.01666666666667,KDVT,KDVT,,,,,
3388,fr24_complete_38821828,N621FB,N621FB,2024-12-28 05:29:00+00,2024-12-28 06:36:20+00,67.33333333333333,KDVT,KDVT,,,,,
3387,fr24_complete_388231ca,N625FB,N625FB,2024-12-28 06:30:54+00,2024-12-28 08:08:59+00,98.08333333333333,KDVT,KDVT,,,,,
3386,fr24_complete_38825705,N621FB,N621FB,2024-12-28 08:01:57+00,2024-12-28 09:40:09+00,98.2,KDVT,KDVT,,,,,
3385,fr24_complete_38832fed,N624FB,N624FB,2024-12-28 14:45:30+00,2024-12-28 15:48:52+00,63.36666666666667,KDVT,KDVT,,,,,
3384,fr24_complete_3883784e,N624FB,N624FB,2024-12-28 16:43:31+00,2024-12-28 17:35:55+00,52.4,KDVT,KDVT,,,,,
3383,fr24_complete_38844245,N622FB,N622FB,2024-12-28 22:40:12+00,2024-12-29 00:11:46+00,91.56666666666666,KDVT,KDVT,,,,,
3382,fr24_complete_3884a8af,N622FB,N622FB,2024-12-29 02:02:18+00,2024-12-29 03:32:08+00,89.83333333333333,KDVT,KDVT,,,,,
3381,fr24_complete_3884ce00,N625FB,N625FB,2024-12-29 03:30:12+00,2024-12-29 05:05:52+00,95.66666666666667,KDVT,KDVT,,,,,
3380,fr24_complete_3884f559,N623FB,N623FB,2024-12-29 05:02:42+00,2024-12-29 06:43:35+00,100.88333333333334,KDVT,KDVT,,,,,
3379,fr24_complete_38851b84,N625FB,N625FB,2024-12-29 06:31:40+00,2024-12-29 08:07:32+00,95.86666666666666,KDVT,KDVT,,,,,
3378,fr24_complete_38854057,N623FB,N623FB,2024-12-29 08:04:18+00,2024-12-29 09:29:32+00,85.23333333333333,KDVT,KDVT,,,,,
3377,fr24_complete_3886139a,N625FB,N625FB,2024-12-29 15:04:30+00,2024-12-29 16:45:16+00,100.76666666666667,KDVT,KDVT,,,,,
3376,fr24_complete_38869496,N622FB,N622FB,2024-12-29 18:58:05+00,2024-12-29 19:54:06+00,,KDVT,,,,,,
3375,fr24_complete_38872bb8,N621FB,N621FB,2024-12-29 23:16:59+00,2024-12-30 00:30:09+00,73.16666666666667,KDVT,KDVT,,,,,
3374,fr24_complete_38878129,N621FB,N621FB,2024-12-30 02:07:12+00,2024-12-30 03:33:48+00,86.6,KDVT,KDVT,,,,,
3373,fr24_complete_38879789,N624FB,N624FB,2024-12-30 02:57:15+00,2024-12-30 03:15:18+00,18.05,KDVT,KDVT,,,,,
3372,fr24_complete_3887a17f,N624FB,N624FB,2024-12-30 03:19:53+00,2024-12-30 05:03:38+00,103.75,KDVT,KDVT,,,,,
3371,fr24_complete_3887cb07,N623FB,N623FB,2024-12-30 05:02:08+00,2024-12-30 06:40:27+00,98.31666666666666,KDVT,KDVT,,,,,
3370,fr24_complete_3887f257,N624FB,N624FB,2024-12-30 06:28:27+00,2024-12-30 07:43:01+00,74.56666666666666,KDVT,KGYR,,,,,
3369,fr24_complete_388813b7,N624FB,N624FB,2024-12-30 07:47:37+00,2024-12-30 08:15:02+00,27.416666666666668,KGEU,KDVT,,,,,
3368,fr24_complete_38881c61,N623FB,N623FB,2024-12-30 08:09:10+00,2024-12-30 09:36:58+00,87.8,KDVT,KDVT,,,,,
3367,fr24_complete_3888fd55,N623FB,N623FB,2024-12-30 15:02:35+00,2024-12-30 15:36:07+00,33.53333333333333,KDVT,,,,,,
3366,fr24_complete_3889179d,N623FB,N623FB,2024-12-30 15:39:46+00,2024-12-30 15:56:59+00,17.216666666666665,,,,,,,
3365,fr24_complete_388925d6,N623FB,N623FB,2024-12-30 18:59:10+00,2024-12-30 19:53:54+00,54.733333333333334,KPHX,KDVT,,,,,
3364,fr24_complete_388a2675,N621FB,N621FB,2024-12-30 22:08:17+00,2024-12-31 00:05:46+00,117.48333333333333,KDVT,KDVT,,,,,
3363,fr24_complete_388ab350,N621FB,N621FB,2024-12-31 02:09:42+00,2024-12-31 03:46:44+00,97.03333333333333,KDVT,KDVT,,,,,
3362,fr24_complete_388aff92,N621FB,N621FB,2024-12-31 05:03:41+00,2024-12-31 06:43:05+00,99.4,KDVT,KDVT,,,,,
3361,fr24_complete_388b2bd6,N621FB,N621FB,2024-12-31 08:03:50+00,2024-12-31 09:52:40+00,108.83333333333333,KDVT,KDVT,,,,,
3360,fr24_complete_388c2a98,N623FB,N623FB,2024-12-31 15:19:12+00,2024-12-31 16:13:57+00,54.75,KDVT,KDVT,,,,,
3359,fr24_complete_388cc244,N625FB,N625FB,2024-12-31 19:29:03+00,2024-12-31 20:22:55+00,53.86666666666667,KDVT,KDVT,,,,,
3358,fr24_complete_388d31db,N622FB,N622FB,2024-12-31 22:51:55+00,2025-01-01 00:28:02+00,96.11666666666666,KDVT,KDVT,,,,,
3357,fr24_complete_388d6b52,N622FB,N622FB,2025-01-01 00:49:12+00,2025-01-01 02:11:51+00,82.65,KDVT,KDVT,,,,,
3356,fr24_complete_388da97a,N621FB,N621FB,2025-01-01 03:34:54+00,2025-01-01 05:12:17+00,97.38333333333334,KDVT,KDVT,,,,,
3355,fr24_complete_388dc64c,N622FB,N622FB,2025-01-01 05:01:43+00,2025-01-01 06:39:40+00,97.95,KDVT,KDVT,,,,,
3354,fr24_complete_388dfb2d,N621FB,N621FB,2025-01-01 07:25:24+00,2025-01-01 09:00:37+00,95.21666666666667,KDVT,KDVT,,,,,
3353,fr24_complete_388e193f,N622FB,N622FB,2025-01-01 08:51:40+00,2025-01-01 10:24:36+00,92.93333333333334,KDVT,KDVT,,,,,
3352,fr24_complete_388e6d17,N622FB,N622FB,2025-01-01 12:19:33+00,2025-01-01 12:47:36+00,28.05,KDVT,KDVT,,,,,
3351,fr24_complete_388e7d80,N622FB,N622FB,2025-01-01 12:51:23+00,2025-01-01 13:06:28+00,15.083333333333334,KDVT,KDVT,,,,,
797,fr24_complete_388e86dc,N622FB,N622FB,2025-01-01 13:11:35+00,2025-01-01 13:13:50+00,,KDVT,KDVT,,,,,
3350,fr24_complete_388ed4c1,N625FB,N625FB,2025-01-01 15:44:25+00,2025-01-01 16:49:46+00,65.35,KDVT,KDVT,,,,,
3349,fr24_complete_388efa1b,N625FB,N625FB,2025-01-01 19:04:40+00,2025-01-01 20:04:12+00,59.53333333333333,KDVT,KDVT,,,,,
3348,fr24_complete_388fc555,N622FB,N622FB,2025-01-01 23:07:19+00,2025-01-02 00:40:25+00,93.1,KDVT,KDVT,,,,,
3347,fr24_complete_389018dc,N622FB,N622FB,2025-01-02 02:00:54+00,2025-01-02 03:34:48+00,93.9,KDVT,KDVT,,,,,
3346,fr24_complete_38903e1c,N623FB,N623FB,2025-01-02 03:32:22+00,2025-01-02 05:11:03+00,98.68333333333334,KDVT,KDVT,,,,,
3345,fr24_complete_38906257,N621FB,N621FB,2025-01-02 05:03:59+00,2025-01-02 05:58:33+00,54.56666666666667,KDVT,KCHD,,,,,
3344,fr24_complete_38907d4b,N621FB,N621FB,2025-01-02 06:02:18+00,2025-01-02 06:42:57+00,40.65,,KDVT,,,,,
3343,fr24_complete_389089c8,N623FB,N623FB,2025-01-02 06:31:22+00,2025-01-02 08:45:22+00,134,KDVT,KDVT,,,,,
3342,fr24_complete_3890b176,N621FB,N621FB,2025-01-02 08:03:46+00,2025-01-02 10:08:47+00,125.01666666666667,KDVT,KDVT,,,,,
3341,fr24_complete_3891c707,N625FB,N625FB,2025-01-02 15:39:21+00,2025-01-02 16:36:49+00,57.46666666666667,KDVT,KDVT,,,,,
3340,fr24_complete_38924474,N625FB,N625FB,2025-01-02 18:26:16+00,2025-01-02 19:08:11+00,41.916666666666664,KDVT,KDVT,,,,,
3339,fr24_complete_38927b40,N625FB,N625FB,2025-01-02 19:35:53+00,2025-01-02 20:15:39+00,39.766666666666666,KDVT,KDVT,,,,,
3338,fr24_complete_38931358,N622FB,N622FB,2025-01-02 23:07:32+00,2025-01-03 00:40:28+00,92.93333333333334,KDVT,KDVT,,,,,
3337,fr24_complete_38937a19,N622FB,N622FB,2025-01-03 02:01:26+00,2025-01-03 03:50:38+00,109.2,KDVT,KDVT,,,,,
3336,fr24_complete_3893a586,N621FB,N621FB,2025-01-03 03:31:22+00,2025-01-03 05:11:59+00,100.61666666666666,KDVT,KDVT,,,,,
3335,fr24_complete_3893ce54,N622FB,N622FB,2025-01-03 05:04:56+00,2025-01-03 06:35:25+00,90.48333333333333,KDVT,KDVT,,,,,
3334,fr24_complete_3893f5a3,N621FB,N621FB,2025-01-03 06:31:04+00,2025-01-03 08:18:34+00,107.5,KDVT,KDVT,,,,,
3333,fr24_complete_38941c43,N622FB,N622FB,2025-01-03 08:03:04+00,2025-01-03 09:42:48+00,99.73333333333333,KDVT,,,,,,
3332,fr24_complete_38944ef4,N622FB,N622FB,2025-01-03 15:36:45+00,2025-01-03 16:00:00+00,23.25,,KDVT,,,,,
3331,fr24_complete_38958b65,N622FB,N622FB,2025-01-03 17:18:38+00,2025-01-03 17:30:10+00,11.533333333333333,KDVT,KPHX,,,,,
3330,fr24_complete_3895d618,N622FB,N622FB,2025-01-03 18:56:04+00,2025-01-03 19:50:13+00,54.15,,KDVT,,,,,
3329,fr24_complete_389680fb,N623FB,N623FB,2025-01-03 23:01:24+00,2025-01-04 00:56:37+00,115.21666666666667,KDVT,KDVT,,,,,
3328,fr24_complete_3896e80c,N623FB,N623FB,2025-01-04 02:03:20+00,2025-01-04 03:38:57+00,95.61666666666666,KDVT,KDVT,,,,,
3327,fr24_complete_38971118,N625FB,N625FB,2025-01-04 03:31:35+00,2025-01-04 05:17:00+00,105.41666666666667,KDVT,KDVT,,,,,
3326,fr24_complete_38973805,N621FB,N621FB,2025-01-04 05:04:33+00,2025-01-04 06:34:28+00,89.91666666666667,KDVT,KDVT,,,,,
3325,fr24_complete_38975d37,N625FB,N625FB,2025-01-04 06:29:46+00,2025-01-04 07:40:03+00,70.28333333333333,KDVT,KCHD,,,,,
3324,fr24_complete_38977c5d,N625FB,N625FB,2025-01-04 07:44:48+00,2025-01-04 08:10:46+00,25.966666666666665,KCHD,KDVT,,,,,
3323,fr24_complete_38978231,N621FB,N621FB,2025-01-04 08:00:06+00,2025-01-04 08:34:38+00,34.53333333333333,KDVT,KCHD,,,,,
3322,fr24_complete_389793fc,N621FB,N621FB,2025-01-04 08:38:25+00,2025-01-04 10:29:03+00,110.63333333333334,,KDVT,,,,,
3321,fr24_complete_3899d1d0,N623FB,N623FB,2025-01-04 23:35:48+00,2025-01-04 23:57:07+00,21.316666666666666,KDVT,KDVT,,,,,
3320,fr24_complete_389a1d0a,N623FB,N623FB,2025-01-05 02:04:30+00,2025-01-05 02:26:04+00,21.566666666666666,KDVT,KDVT,,,,,
3319,fr24_complete_389a29dd,N623FB,N623FB,2025-01-05 02:29:37+00,2025-01-05 03:40:49+00,71.2,KDVT,KDVT,,,,,
3318,fr24_complete_389a43a9,N621FB,N621FB,2025-01-05 03:31:48+00,2025-01-05 05:08:22+00,96.56666666666666,KDVT,KDVT,,,,,
3317,fr24_complete_389a695d,N623FB,N623FB,2025-01-05 05:03:06+00,2025-01-05 06:34:16+00,91.16666666666667,KDVT,KDVT,,,,,
3316,fr24_complete_389a8e86,N621FB,N621FB,2025-01-05 06:30:15+00,2025-01-05 08:19:42+00,109.45,KDVT,KDVT,,,,,
3315,fr24_complete_389ab328,N623FB,N623FB,2025-01-05 08:05:04+00,2025-01-05 10:19:44+00,134.66666666666666,KDVT,KDVT,,,,,
3314,fr24_complete_389b9a23,N625FB,N625FB,2025-01-05 15:24:51+00,2025-01-05 16:37:19+00,72.46666666666667,KDVT,,,,,,
705,fr24_complete_389bcd7e,N625FB,N625FB,2025-01-05 16:42:21+00,2025-01-05 16:50:01+00,,,KDVT,,,,,
3313,fr24_complete_389c23ec,N625FB,N625FB,2025-01-05 18:53:30+00,2025-01-05 19:47:58+00,54.46666666666667,KDVT,KDVT,,,,,
3312,fr24_complete_389cc99b,N621FB,N621FB,2025-01-05 23:02:23+00,2025-01-05 23:51:48+00,49.416666666666664,KDVT,,,,,,
3311,fr24_complete_389ce853,N621FB,N621FB,2025-01-05 23:58:30+00,2025-01-06 00:51:34+00,53.06666666666667,KPHX,KDVT,,,,,
3310,fr24_complete_389d287c,N621FB,N621FB,2025-01-06 02:08:38+00,2025-01-06 03:42:46+00,94.13333333333334,KDVT,KDVT,,,,,
3309,fr24_complete_389d4f15,N622FB,N622FB,2025-01-06 03:32:32+00,2025-01-06 05:12:53+00,100.35,KDVT,KDVT,,,,,
3308,fr24_complete_389d7344,N623FB,N623FB,2025-01-06 05:00:31+00,2025-01-06 06:40:14+00,99.71666666666667,KDVT,KDVT,,,,,
3307,fr24_complete_389d9cff,N622FB,N622FB,2025-01-06 06:31:46+00,2025-01-06 08:18:37+00,106.85,KDVT,KDVT,,,,,
3306,fr24_complete_389dc4a6,N623FB,N623FB,2025-01-06 08:02:46+00,2025-01-06 09:49:52+00,107.1,KDVT,KDVT,,,,,
3305,fr24_complete_389dff89,N623FB,N623FB,2025-01-06 10:15:48+00,2025-01-06 10:33:10+00,17.366666666666667,KDVT,KCHD,,,,,
3304,fr24_complete_389e09dc,N623FB,N623FB,2025-01-06 10:37:18+00,2025-01-06 10:52:50+00,15.533333333333333,KCHD,KDVT,,,,,
3303,fr24_complete_389eb937,N621FB,N621FB,2025-01-06 15:37:31+00,2025-01-06 16:34:10+00,56.65,KDVT,KDVT,,,,,
3302,fr24_complete_389f39b8,N621FB,N621FB,2025-01-06 19:04:12+00,2025-01-06 20:04:06+00,59.9,KDVT,KDVT,,,,,
3301,fr24_complete_389fd108,N625FB,N625FB,2025-01-06 23:02:56+00,2025-01-07 00:53:49+00,110.88333333333334,KDVT,KDVT,,,,,
3300,fr24_complete_38a03428,N625FB,N625FB,2025-01-07 02:04:16+00,2025-01-07 03:43:43+00,99.45,KDVT,KDVT,,,,,
3299,fr24_complete_38a05aed,N623FB,N623FB,2025-01-07 03:29:26+00,2025-01-07 05:11:25+00,101.98333333333333,KDVT,KDVT,,,,,
3298,fr24_complete_38a08435,N622FB,N622FB,2025-01-07 05:03:33+00,2025-01-07 06:48:29+00,104.93333333333334,KDVT,KDVT,,,,,
3297,fr24_complete_38a0aa4e,N623FB,N623FB,2025-01-07 06:26:29+00,2025-01-07 08:13:49+00,107.33333333333333,KDVT,KDVT,,,,,
3296,fr24_complete_38a0d3a9,N622FB,N622FB,2025-01-07 08:02:07+00,2025-01-07 11:22:05+00,199.96666666666667,KDVT,KDVT,,,,,
3295,fr24_complete_38a1f537,N625FB,N625FB,2025-01-07 16:16:42+00,2025-01-07 17:14:19+00,57.61666666666667,KDVT,KDVT,,,,,
3294,fr24_complete_38a26543,N625FB,N625FB,2025-01-07 19:02:31+00,2025-01-07 20:03:45+00,61.233333333333334,KDVT,KDVT,,,,,
3293,fr24_complete_38a3019f,N621FB,N621FB,2025-01-07 22:51:44+00,2025-01-08 00:23:38+00,91.9,KDVT,KDVT,,,,,
3292,fr24_complete_38a36edc,N621FB,N621FB,2025-01-08 02:00:15+00,2025-01-08 03:38:27+00,98.2,KDVT,KDVT,,,,,
3291,fr24_complete_38a399ac,N623FB,N623FB,2025-01-08 03:32:26+00,2025-01-08 05:06:58+00,94.53333333333333,KDVT,KDVT,,,,,
3290,fr24_complete_38a3bd76,N621FB,N621FB,2025-01-08 05:01:03+00,2025-01-08 06:33:50+00,92.78333333333333,KDVT,KDVT,,,,,
3289,fr24_complete_38a3e512,N623FB,N623FB,2025-01-08 06:28:36+00,2025-01-08 08:11:43+00,103.11666666666666,KDVT,KDVT,,,,,
3288,fr24_complete_38a40c07,N621FB,N621FB,2025-01-08 07:58:47+00,2025-01-08 09:55:59+00,117.2,KDVT,KDVT,,,,,
3287,fr24_complete_38a46645,N621FB,N621FB,2025-01-08 11:03:58+00,2025-01-08 11:17:42+00,13.733333333333333,KDVT,KDVT,,,,,
3286,fr24_complete_38a50908,N622FB,N622FB,2025-01-08 15:12:23+00,2025-01-08 16:01:55+00,49.53333333333333,KDVT,KDVT,,,,,
3285,fr24_complete_38a569db,N622FB,N622FB,2025-01-08 17:25:54+00,2025-01-08 18:24:19+00,58.416666666666664,KDVT,KDVT,,,,,
3284,fr24_complete_38a65e3a,N621FB,N621FB,2025-01-08 23:01:37+00,2025-01-09 00:33:48+00,92.18333333333334,KDVT,KDVT,,,,,
3283,fr24_complete_38a6984b,N625FB,N625FB,2025-01-09 00:30:46+00,2025-01-09 01:08:25+00,37.65,KDVT,KDVT,,,,,
3282,fr24_complete_38a6bcce,N621FB,N621FB,2025-01-09 01:33:35+00,2025-01-09 01:56:58+00,23.383333333333333,KDVT,KDVT,,,,,
3281,fr24_complete_38a6d2bd,N621FB,N621FB,2025-01-09 02:13:31+00,2025-01-09 03:37:08+00,83.61666666666666,KDVT,KDVT,,,,,
3280,fr24_complete_38a6a628,N623FB,N623FB,2025-01-09 03:31:09+00,2025-01-09 05:14:37+00,103.46666666666667,KDVT,KDVT,,,,,
3279,fr24_complete_38a71f35,N621FB,N621FB,2025-01-09 05:01:23+00,2025-01-09 06:41:35+00,100.2,KDVT,KDVT,,,,,
3278,fr24_complete_38a74857,N623FB,N623FB,2025-01-09 06:30:48+00,2025-01-09 07:29:57+00,59.15,KDVT,KGEU,,,,,
3277,fr24_complete_38a7641f,N623FB,N623FB,2025-01-09 07:34:32+00,2025-01-09 08:09:29+00,34.95,KGEU,KDVT,,,,,
3276,fr24_complete_38a7709e,N621FB,N621FB,2025-01-09 08:03:12+00,2025-01-09 09:36:56+00,93.73333333333333,KDVT,KDVT,,,,,
3275,fr24_complete_38a79e86,N621FB,N621FB,2025-01-09 10:23:11+00,2025-01-09 11:14:13+00,51.03333333333333,KDVT,KDVT,,,,,
3274,fr24_complete_38a867d2,N622FB,N622FB,2025-01-09 15:09:38+00,2025-01-09 16:11:07+00,61.483333333333334,KDVT,KDVT,,,,,
3273,fr24_complete_38a8e61d,N622FB,N622FB,2025-01-09 18:08:47+00,2025-01-09 18:35:33+00,26.766666666666666,KDVT,,,,,,
3272,fr24_complete_38a8fc0d,N622FB,N622FB,2025-01-09 18:50:59+00,2025-01-09 19:41:53+00,50.9,,KDVT,,,,,
3271,fr24_complete_38a999d2,N621FB,N621FB,2025-01-09 22:29:43+00,2025-01-09 23:54:37+00,84.9,KDVT,KDVT,,,,,
3270,fr24_complete_38aa1e9c,N621FB,N621FB,2025-01-10 02:14:18+00,2025-01-10 03:38:04+00,83.76666666666667,KDVT,KDVT,,,,,
3269,fr24_complete_38aa41f6,N623FB,N623FB,2025-01-10 03:31:19+00,2025-01-10 05:10:11+00,98.86666666666666,KDVT,KDVT,,,,,
3268,fr24_complete_38aa6aa8,N621FB,N621FB,2025-01-10 05:05:32+00,2025-01-10 06:16:06+00,70.56666666666666,KDVT,KGEU,,,,,
3267,fr24_complete_38aa8e7d,N621FB,N621FB,2025-01-10 06:20:08+00,2025-01-10 06:48:27+00,28.316666666666666,,KDVT,,,,,
3266,fr24_complete_38aa925a,N623FB,N623FB,2025-01-10 06:30:32+00,2025-01-10 08:10:20+00,99.8,KDVT,KDVT,,,,,
3265,fr24_complete_38aaba55,N621FB,N621FB,2025-01-10 08:02:38+00,2025-01-10 09:37:47+00,95.15,KDVT,KDVT,,,,,
3264,fr24_complete_38acb0a7,N621FB,N621FB,2025-01-10 21:09:32+00,2025-01-10 22:29:30+00,79.96666666666667,KDVT,KDVT,,,,,
3263,fr24_complete_38ace61b,N621FB,N621FB,2025-01-10 22:34:14+00,2025-01-10 23:16:42+00,42.46666666666667,KDVT,KDVT,,,,,
3262,fr24_complete_38ad5874,N621FB,N621FB,2025-01-11 02:04:31+00,2025-01-11 03:40:20+00,95.81666666666666,KDVT,KDVT,,,,,
3261,fr24_complete_38ad7fe9,N622FB,N622FB,2025-01-11 03:32:59+00,2025-01-11 05:08:40+00,95.68333333333334,KDVT,KDVT,,,,,
3260,fr24_complete_38ada491,N621FB,N621FB,2025-01-11 05:05:46+00,2025-01-11 06:38:19+00,92.55,KDVT,KDVT,,,,,
3259,fr24_complete_38adca30,N622FB,N622FB,2025-01-11 06:35:10+00,2025-01-11 08:26:02+00,110.86666666666666,KDVT,KDVT,,,,,
3258,fr24_complete_38aded94,N621FB,N621FB,2025-01-11 08:03:28+00,2025-01-11 09:38:39+00,95.18333333333334,KDVT,KDVT,,,,,
3257,fr24_complete_38aed611,N625FB,N625FB,2025-01-11 15:27:13+00,2025-01-11 16:34:13+00,67,KDVT,KDVT,,,,,
3256,fr24_complete_38af1a15,N625FB,N625FB,2025-01-11 17:18:02+00,2025-01-11 18:15:10+00,57.13333333333333,KDVT,KDVT,,,,,
3255,fr24_complete_38afca48,N622FB,N622FB,2025-01-11 22:09:36+00,2025-01-11 23:54:00+00,104.4,KDVT,KDVT,,,,,
3254,fr24_complete_38b04158,N622FB,N622FB,2025-01-12 02:03:02+00,2025-01-12 02:18:42+00,15.666666666666666,KDVT,KDVT,,,,,
3253,fr24_complete_38b04acb,N622FB,N622FB,2025-01-12 02:24:09+00,2025-01-12 02:52:44+00,28.583333333333332,KDVT,,,,,,
3252,fr24_complete_38b05893,N622FB,N622FB,2025-01-12 02:57:13+00,2025-01-12 03:34:17+00,37.06666666666667,KPHX,KDVT,,,,,
3251,fr24_complete_38b065bc,N623FB,N623FB,2025-01-12 03:30:57+00,2025-01-12 05:13:57+00,103,KDVT,KDVT,,,,,
3250,fr24_complete_38b0885a,N621FB,N621FB,2025-01-12 05:04:00+00,2025-01-12 05:19:36+00,15.6,KDVT,KGEU,,,,,
3249,fr24_complete_38b09112,N621FB,N621FB,2025-01-12 05:24:06+00,2025-01-12 06:34:59+00,70.88333333333334,KGEU,KDVT,,,,,
3248,fr24_complete_38b0abaf,N623FB,N623FB,2025-01-12 06:31:02+00,2025-01-12 08:08:30+00,97.46666666666667,KDVT,KDVT,,,,,
3247,fr24_complete_38b0d035,N625FB,N625FB,2025-01-12 08:05:25+00,2025-01-12 10:03:02+00,117.61666666666666,KDVT,KDVT,,,,,
3246,fr24_complete_38b1e2c7,N625FB,N625FB,2025-01-12 15:53:16+00,2025-01-12 16:25:54+00,32.63333333333333,KDVT,,,,,,
3245,fr24_complete_38b20056,N625FB,N625FB,2025-01-12 16:29:37+00,2025-01-12 16:51:11+00,21.566666666666666,,KDVT,,,,,
3244,fr24_complete_38b23d08,N625FB,N625FB,2025-01-12 17:55:44+00,2025-01-12 19:33:09+00,97.41666666666667,KDVT,KDVT,,,,,
3243,fr24_complete_38b315f7,N623FB,N623FB,2025-01-12 23:03:36+00,2025-01-13 00:52:34+00,108.96666666666667,KDVT,KDVT,,,,,
3242,fr24_complete_38b374aa,N623FB,N623FB,2025-01-13 01:52:53+00,2025-01-13 02:21:26+00,28.55,KDVT,,,,,,
781,fr24_complete_38b3849f,N623FB,N623FB,2025-01-13 02:26:26+00,2025-01-13 03:46:35+00,,,,,,,,
3241,fr24_complete_38b3c655,N622FB,N622FB,2025-01-13 05:01:28+00,2025-01-13 06:52:07+00,110.65,KDVT,KDVT,,,,,
3240,fr24_complete_38b416b1,N622FB,N622FB,2025-01-13 08:01:07+00,2025-01-13 09:31:17+00,90.16666666666667,KDVT,KCHD,,,,,
3239,fr24_complete_38b443bf,N622FB,N622FB,2025-01-13 09:35:46+00,2025-01-13 09:49:05+00,13.316666666666666,KCHD,KDVT,,,,,
3238,fr24_complete_38b44e4c,N622FB,N622FB,2025-01-13 12:19:47+00,2025-01-13 12:44:46+00,24.983333333333334,KDVT,KBXK,,,,,
3237,fr24_complete_38b4b3ee,N622FB,N622FB,2025-01-13 12:50:04+00,2025-01-13 13:21:57+00,31.883333333333333,KBXK,KDVT,,,,,
3236,fr24_complete_38b54ee8,N621FB,N621FB,2025-01-13 16:05:53+00,2025-01-13 17:07:06+00,61.21666666666667,KDVT,KDVT,,,,,
3235,fr24_complete_38b5d331,N621FB,N621FB,2025-01-13 18:57:15+00,2025-01-13 20:07:53+00,70.63333333333334,KDVT,KDVT,,,,,
3234,fr24_complete_38b68ee9,N622FB,N622FB,2025-01-13 23:16:17+00,2025-01-14 00:44:53+00,88.6,KDVT,KDVT,,,,,
3233,fr24_complete_38b6f514,N622FB,N622FB,2025-01-14 02:02:05+00,2025-01-14 03:49:55+00,107.83333333333333,KDVT,KDVT,,,,,
3232,fr24_complete_38b72234,N621FB,N621FB,2025-01-14 03:32:38+00,2025-01-14 05:09:32+00,96.9,KDVT,KDVT,,,,,
3231,fr24_complete_38b74a61,N623FB,N623FB,2025-01-14 05:03:20+00,2025-01-14 05:31:49+00,28.483333333333334,KDVT,KPHX,,,,,
3230,fr24_complete_38b75c08,N623FB,N623FB,2025-01-14 05:41:10+00,2025-01-14 07:00:44+00,79.56666666666666,KPHX,KDVT,,,,,
3229,fr24_complete_38b77411,N621FB,N621FB,2025-01-14 06:33:27+00,2025-01-14 08:23:44+00,110.28333333333333,KDVT,KDVT,,,,,
3228,fr24_complete_38b79c24,N623FB,N623FB,2025-01-14 08:03:29+00,2025-01-14 08:52:24+00,48.916666666666664,KDVT,,,,,,
780,fr24_complete_38b7b577,N623FB,N623FB,2025-01-14 08:57:25+00,2025-01-14 09:43:28+00,,,,,,,,
3227,fr24_complete_38b82252,N621FB,N621FB,2025-01-14 12:16:32+00,2025-01-14 12:23:06+00,6.566666666666666,KDVT,KDVT,,,,,
3226,fr24_complete_38b83bec,N622FB,N622FB,2025-01-14 12:55:09+00,2025-01-14 14:29:08+00,93.98333333333333,KDVT,KDVT,,,,,
3225,fr24_complete_38b8c63e,N621FB,N621FB,2025-01-14 15:50:18+00,2025-01-14 16:16:46+00,26.466666666666665,KDVT,KDVT,,,,,
3224,fr24_complete_38b8cba9,N625FB,N625FB,2025-01-14 15:57:05+00,2025-01-14 16:55:20+00,58.25,KDVT,KDVT,,,,,
3223,fr24_complete_38b955c0,N625FB,N625FB,2025-01-14 18:56:52+00,2025-01-14 20:26:51+00,89.98333333333333,KDVT,KDVT,,,,,
3222,fr24_complete_38bab7e5,N622FB,N622FB,2025-01-15 04:05:56+00,2025-01-15 05:20:22+00,74.43333333333334,KDVT,KDVT,,,,,
3221,fr24_complete_38bacf55,N623FB,N623FB,2025-01-15 05:01:12+00,2025-01-15 06:48:43+00,107.51666666666667,KDVT,KPHX,,,,,
3220,fr24_complete_38baf90f,N622FB,N622FB,2025-01-15 06:33:06+00,2025-01-15 08:15:39+00,102.55,KDVT,KDVT,,,,,
3219,fr24_complete_38bb1ee0,N623FB,N623FB,2025-01-15 08:01:28+00,2025-01-15 09:53:03+00,111.58333333333333,KPHX,KDVT,,,,,
3218,fr24_complete_38bb9b32,N623FB,N623FB,2025-01-15 12:12:06+00,2025-01-15 13:09:34+00,57.46666666666667,KDVT,,,,,,
3217,fr24_complete_38bbc4dd,N623FB,N623FB,2025-01-15 13:14:23+00,2025-01-15 13:29:31+00,15.133333333333333,,KDVT,,,,,
3216,fr24_complete_38bc171b,N625FB,N625FB,2025-01-15 14:59:16+00,2025-01-15 15:56:04+00,56.8,KDVT,KDVT,,,,,
3215,fr24_complete_38bcbdfb,N625FB,N625FB,2025-01-15 18:26:02+00,2025-01-15 19:29:58+00,63.93333333333333,KDVT,KDVT,,,,,
3214,fr24_complete_38bd584b,N622FB,N622FB,2025-01-15 21:35:54+00,2025-01-15 21:59:12+00,23.3,KDVT,KDVT,,,,,
3213,fr24_complete_38bd9ece,N622FB,N622FB,2025-01-15 23:07:12+00,2025-01-16 00:31:33+00,84.35,KDVT,KDVT,,,,,
3212,fr24_complete_38be15d8,N622FB,N622FB,2025-01-16 02:10:37+00,2025-01-16 03:50:31+00,99.9,KDVT,KDVT,,,,,
3211,fr24_complete_38be3d9e,N623FB,N623FB,2025-01-16 03:31:05+00,2025-01-16 05:06:28+00,95.38333333333334,KDVT,KDVT,,,,,
3210,fr24_complete_38be4ab5,N622FB,N622FB,2025-01-16 05:01:21+00,2025-01-16 06:43:16+00,101.91666666666667,KDVT,KDVT,,,,,
3209,fr24_complete_38be907e,N623FB,N623FB,2025-01-16 06:31:25+00,2025-01-16 08:14:31+00,103.1,KDVT,KDVT,,,,,
3208,fr24_complete_38bebac1,N622FB,N622FB,2025-01-16 08:03:34+00,2025-01-16 08:39:16+00,35.7,KDVT,KGEU,,,,,
3207,fr24_complete_38becd6f,N622FB,N622FB,2025-01-16 08:43:43+00,2025-01-16 09:34:18+00,50.583333333333336,KGEU,KDVT,,,,,
3206,fr24_complete_38bf2cfc,N623FB,N623FB,2025-01-16 12:16:28+00,2025-01-16 12:51:27+00,34.983333333333334,KDVT,,,,,,
3205,fr24_complete_38bf58c4,N623FB,N623FB,2025-01-16 12:59:28+00,2025-01-16 13:14:32+00,15.066666666666666,,KDVT,,,,,
3204,fr24_complete_38c06678,N625FB,N625FB,2025-01-16 18:03:56+00,2025-01-16 19:22:35+00,78.65,KDVT,KDVT,,,,,
3203,fr24_complete_38c16113,N622FB,N622FB,2025-01-16 23:08:08+00,2025-01-16 23:25:18+00,17.166666666666668,KDVT,KDVT,,,,,
3202,fr24_complete_38c17426,N622FB,N622FB,2025-01-17 02:12:30+00,2025-01-17 03:36:45+00,84.25,KDVT,KDVT,,,,,
3201,fr24_complete_38c205ff,N621FB,N621FB,2025-01-17 03:33:14+00,2025-01-17 05:14:21+00,101.11666666666666,KDVT,KDVT,,,,,
3200,fr24_complete_38c22fbe,N623FB,N623FB,2025-01-17 05:03:38+00,2025-01-17 06:46:57+00,103.31666666666666,KDVT,KDVT,,,,,
3199,fr24_complete_38c25959,N621FB,N621FB,2025-01-17 06:33:11+00,2025-01-17 08:15:45+00,102.56666666666666,KDVT,KDVT,,,,,
3198,fr24_complete_38c28144,N623FB,N623FB,2025-01-17 08:02:24+00,2025-01-17 08:58:49+00,56.416666666666664,KDVT,KPHX,,,,,
3197,fr24_complete_38c29e4c,N623FB,N623FB,2025-01-17 09:03:21+00,2025-01-17 09:30:08+00,26.783333333333335,KPHX,KDVT,,,,,
3196,fr24_complete_38c3932a,N622FB,N622FB,2025-01-17 15:11:09+00,2025-01-17 16:06:02+00,54.88333333333333,KDVT,KDVT,,,,,
3195,fr24_complete_38c4320c,N622FB,N622FB,2025-01-17 18:07:32+00,2025-01-17 19:18:35+00,71.05,KDVT,KDVT,,,,,
3194,fr24_complete_38c522d2,N621FB,N621FB,2025-01-17 22:57:54+00,2025-01-18 00:21:29+00,83.58333333333333,KDVT,KDVT,,,,,
3193,fr24_complete_38c58c67,N621FB,N621FB,2025-01-18 01:42:40+00,2025-01-18 03:20:34+00,97.9,KDVT,KDVT,,,,,
3192,fr24_complete_38c5b71a,N623FB,N623FB,2025-01-18 03:09:00+00,2025-01-18 03:35:44+00,26.733333333333334,KDVT,KPHX,,,,,
3191,fr24_complete_38c5c4ce,N623FB,N623FB,2025-01-18 03:39:50+00,2025-01-18 05:06:58+00,87.13333333333334,,KDVT,,,,,
3190,fr24_complete_38c5e605,N625FB,N625FB,2025-01-18 05:02:26+00,2025-01-18 06:33:59+00,91.55,KDVT,KDVT,,,,,
3189,fr24_complete_38c60bcb,N623FB,N623FB,2025-01-18 06:30:38+00,2025-01-18 08:06:38+00,96,KDVT,KDVT,,,,,
3188,fr24_complete_38c62f2e,N625FB,N625FB,2025-01-18 07:59:44+00,2025-01-18 09:56:09+00,116.41666666666667,KDVT,KDVT,,,,,
3187,fr24_complete_38c724af,N625FB,N625FB,2025-01-18 15:34:06+00,2025-01-18 16:32:27+00,58.35,KDVT,KDVT,,,,,
3186,fr24_complete_38c782e2,N625FB,N625FB,2025-01-18 18:04:35+00,2025-01-18 19:04:19+00,59.733333333333334,KDVT,,,,,,
3185,fr24_complete_38c7ab26,N625FB,N625FB,2025-01-18 19:09:45+00,2025-01-18 19:46:41+00,36.93333333333333,KPHX,,,,,,
3184,fr24_complete_38c7c16b,N621FB,N621FB,2025-01-18 19:45:33+00,2025-01-18 20:10:52+00,25.316666666666666,KDVT,KDVT,,,,,
3183,fr24_complete_38c7c558,N625FB,N625FB,2025-01-18 19:51:30+00,2025-01-19 03:33:53+00,462.3833333333333,KPHX,KDVT,,,,,
3182,fr24_complete_38c83a51,N621FB,N621FB,2025-01-18 23:07:04+00,2025-01-18 23:55:39+00,48.583333333333336,KDVT,,,,,,
3181,fr24_complete_38c85910,N621FB,N621FB,2025-01-19 00:01:15+00,2025-01-19 00:34:39+00,33.4,,KDVT,,,,,
3180,fr24_complete_38c89255,N621FB,N621FB,2025-01-19 02:05:13+00,2025-01-19 03:41:52+00,96.65,KDVT,KDVT,,,,,
3179,fr24_complete_38c8b6e7,N625FB,N625FB,2025-01-19 04:09:22+00,2025-01-19 05:20:56+00,71.56666666666666,KDVT,KDVT,,,,,
3178,fr24_complete_38c8d5cd,N622FB,N622FB,2025-01-19 05:04:23+00,2025-01-19 06:43:43+00,99.33333333333333,KDVT,KDVT,,,,,
3177,fr24_complete_38c8f9e6,N625FB,N625FB,2025-01-19 06:34:27+00,2025-01-19 08:15:05+00,100.63333333333334,KDVT,KDVT,,,,,
3176,fr24_complete_38c91c43,N622FB,N622FB,2025-01-19 08:02:58+00,2025-01-19 09:45:59+00,103.01666666666667,KDVT,KDVT,,,,,
3175,fr24_complete_38ca1243,N625FB,N625FB,2025-01-19 15:51:12+00,2025-01-19 16:32:18+00,41.1,KDVT,,,,,,
706,fr24_complete_38ca2e70,N625FB,N625FB,2025-01-19 16:37:19+00,2025-01-19 16:51:38+00,,KDVT,,,,,,
3174,fr24_complete_38ca7d54,N623FB,N623FB,2025-01-19 18:54:30+00,2025-01-19 20:07:13+00,72.71666666666667,KDVT,KDVT,,,,,
3173,fr24_complete_38cb1292,N623FB,N623FB,2025-01-19 23:04:35+00,2025-01-20 00:41:21+00,96.76666666666667,KDVT,KDVT,,,,,
3172,fr24_complete_38cb725f,N623FB,N623FB,2025-01-20 02:04:00+00,2025-01-20 03:55:48+00,111.8,KDVT,KDVT,,,,,
3171,fr24_complete_38cbbc8a,N621FB,N621FB,2025-01-20 05:02:28+00,2025-01-20 06:45:10+00,102.7,KDVT,KDVT,,,,,
3170,fr24_complete_38cc0e2f,N621FB,N621FB,2025-01-20 08:03:32+00,2025-01-20 10:54:49+00,171.28333333333333,KDVT,KDVT,,,,,
3169,fr24_complete_38cd8096,N622FB,N622FB,2025-01-20 18:11:32+00,2025-01-20 19:49:53+00,98.35,KDVT,KDVT,,,,,
3168,fr24_complete_38ce4672,N622FB,N622FB,2025-01-20 23:01:52+00,2025-01-21 00:31:09+00,89.28333333333333,KDVT,KDVT,,,,,
3167,fr24_complete_38ceb075,N622FB,N622FB,2025-01-21 02:02:08+00,2025-01-21 02:20:46+00,18.633333333333333,KDVT,,,,,,
3166,fr24_complete_38cebc5b,N622FB,N622FB,2025-01-21 02:25:10+00,2025-01-21 04:00:35+00,95.41666666666667,,KDVT,,,,,
3165,fr24_complete_38cedb2b,N623FB,N623FB,2025-01-21 03:33:54+00,2025-01-21 05:26:10+00,112.26666666666667,KDVT,KDVT,,,,,
3164,fr24_complete_38cf0175,N621FB,N621FB,2025-01-21 05:01:36+00,2025-01-21 05:56:43+00,55.11666666666667,KDVT,KGEU,,,,,
3163,fr24_complete_38cf1b4b,N621FB,N621FB,2025-01-21 05:59:21+00,2025-01-21 06:15:07+00,15.766666666666667,KGEU,KGYR,,,,,
3162,fr24_complete_38cf23c5,N621FB,N621FB,2025-01-21 06:17:29+00,2025-01-21 06:54:40+00,37.18333333333333,KGYR,KDVT,,,,,
3161,fr24_complete_38cf2cc0,N623FB,N623FB,2025-01-21 06:34:21+00,2025-01-21 08:27:59+00,113.63333333333334,KDVT,KDVT,,,,,
3160,fr24_complete_38cf5371,N621FB,N621FB,2025-01-21 08:03:38+00,2025-01-21 09:29:49+00,86.18333333333334,KDVT,KPHX,,,,,
3159,fr24_complete_38cfb1a2,N621FB,N621FB,2025-01-21 11:25:58+00,2025-01-21 11:36:09+00,10.183333333333334,KPHX,KDVT,,,,,
3158,fr24_complete_38d0665b,N625FB,N625FB,2025-01-21 16:11:07+00,2025-01-21 17:22:36+00,71.48333333333333,KDVT,KDVT,,,,,
3157,fr24_complete_38d0e0be,N625FB,N625FB,2025-01-21 19:21:11+00,2025-01-21 21:05:27+00,104.26666666666667,KDVT,KDVT,,,,,
3156,fr24_complete_38d16ab6,N622FB,N622FB,2025-01-21 23:00:43+00,2025-01-22 00:42:03+00,101.33333333333333,KDVT,KDVT,,,,,
3155,fr24_complete_38d1c817,N621FB,N621FB,2025-01-22 01:39:30+00,2025-01-22 03:01:16+00,81.76666666666667,KDVT,KPAN,,,,,
3154,fr24_complete_38d1d7a6,N622FB,N622FB,2025-01-22 02:07:52+00,2025-01-22 03:46:05+00,98.21666666666667,KDVT,KDVT,,,,,
3153,fr24_complete_38d1f36f,N621FB,N621FB,2025-01-22 03:01:54+00,2025-01-22 03:29:22+00,27.466666666666665,KPAN,KDVT,,,,,
3152,fr24_complete_38d1ff79,N625FB,N625FB,2025-01-22 03:34:03+00,2025-01-22 05:06:45+00,92.7,KDVT,KDVT,,,,,
3151,fr24_complete_38d225c2,N621FB,N621FB,2025-01-22 05:02:04+00,2025-01-22 06:41:10+00,99.1,KDVT,KDVT,,,,,
3150,fr24_complete_38d24e09,N625FB,N625FB,2025-01-22 06:32:28+00,2025-01-22 08:16:55+00,104.45,KDVT,KDVT,,,,,
3149,fr24_complete_38d27629,N621FB,N621FB,2025-01-22 08:05:15+00,2025-01-22 09:46:15+00,101,KDVT,KDVT,,,,,
3148,fr24_complete_38d35b86,N623FB,N623FB,2025-01-22 15:07:10+00,2025-01-22 16:00:10+00,53,KDVT,KDVT,,,,,
3147,fr24_complete_38d3d24d,N623FB,N623FB,2025-01-22 17:57:59+00,2025-01-22 19:03:39+00,,KDVT,,,,,,
3146,fr24_complete_38d49f77,N625FB,N625FB,2025-01-22 22:51:35+00,2025-01-23 00:28:21+00,96.76666666666667,KDVT,,,,,,
3145,fr24_complete_38d4e2ef,N625FB,N625FB,2025-01-23 00:33:13+00,2025-01-23 00:43:00+00,9.783333333333333,KPHX,KDVT,,,,,
3144,fr24_complete_38d508be,N621FB,N621FB,2025-01-23 01:40:31+00,2025-01-23 01:56:21+00,15.833333333333334,KDVT,KDVT,,,,,
3143,fr24_complete_38d5120f,N625FB,N625FB,2025-01-23 01:58:03+00,2025-01-23 03:39:28+00,101.41666666666667,KDVT,KDVT,,,,,
3142,fr24_complete_38d51424,N621FB,N621FB,2025-01-23 02:01:57+00,2025-01-23 02:25:42+00,23.75,KDVT,KDVT,,,,,
3141,fr24_complete_38d522f4,N621FB,N621FB,2025-01-23 02:29:32+00,2025-01-23 02:46:19+00,16.783333333333335,KDVT,KSDL,,,,,
3140,fr24_complete_38d52cb2,N621FB,N621FB,2025-01-23 02:51:09+00,2025-01-23 03:04:14+00,13.083333333333334,KSDL,KDVT,,,,,
3139,fr24_complete_38d55891,N621FB,N621FB,2025-01-23 04:29:21+00,2025-01-23 06:21:18+00,111.95,KDVT,KGEU,,,,,
3138,fr24_complete_38d58d9d,N621FB,N621FB,2025-01-23 06:37:41+00,2025-01-23 06:48:15+00,10.566666666666666,KGEU,KDVT,,,,,
3137,fr24_complete_38d5b7f2,N621FB,N621FB,2025-01-23 08:02:57+00,2025-01-23 09:35:57+00,93,KDVT,KDVT,,,,,
3136,fr24_complete_38d5f337,N621FB,N621FB,2025-01-23 10:10:13+00,2025-01-23 10:55:11+00,44.96666666666667,KDVT,KDVT,,,,,
3135,fr24_complete_38d6caa1,N622FB,N622FB,2025-01-23 15:43:55+00,2025-01-23 16:36:04+00,52.15,KDVT,KDVT,,,,,
3134,fr24_complete_38d737a3,N622FB,N622FB,2025-01-23 18:04:23+00,2025-01-23 19:28:24+00,84.01666666666667,KDVT,KDVT,,,,,
3133,fr24_complete_38d82524,N625FB,N625FB,2025-01-23 23:18:08+00,2025-01-24 00:10:17+00,52.15,KDVT,,,,,,
3132,fr24_complete_38d84e02,N625FB,N625FB,2025-01-24 00:19:44+00,2025-01-24 01:01:22+00,41.63333333333333,KPHX,KDVT,,,,,
3131,fr24_complete_38d892d1,N625FB,N625FB,2025-01-24 02:09:28+00,2025-01-24 03:38:33+00,89.08333333333333,KDVT,KDVT,,,,,
3130,fr24_complete_38d8bce4,N621FB,N621FB,2025-01-24 03:33:22+00,2025-01-24 05:11:21+00,97.98333333333333,KDVT,KDVT,,,,,
3129,fr24_complete_38d8e5c5,N625FB,N625FB,2025-01-24 05:03:34+00,2025-01-24 06:37:14+00,93.66666666666667,KDVT,KDVT,,,,,
3128,fr24_complete_38d90ee6,N621FB,N621FB,2025-01-24 06:32:53+00,2025-01-24 08:23:31+00,110.63333333333334,KDVT,KDVT,,,,,
3127,fr24_complete_38d935d3,N625FB,N625FB,2025-01-24 08:02:35+00,2025-01-24 09:32:06+00,89.51666666666667,KDVT,KDVT,,,,,
3126,fr24_complete_38d98d63,N625FB,N625FB,2025-01-24 10:57:58+00,2025-01-24 11:13:45+00,15.783333333333333,KDVT,KDVT,,,,,
3125,fr24_complete_38d9998d,N625FB,N625FB,2025-01-24 11:19:05+00,2025-01-24 11:41:12+00,22.116666666666667,KDVT,KDVT,,,,,
3124,fr24_complete_38d9a919,N625FB,N625FB,2025-01-24 11:45:21+00,2025-01-24 12:00:59+00,15.633333333333333,KDVT,KDVT,,,,,
3123,fr24_complete_38d9b56c,N625FB,N625FB,2025-01-24 12:06:30+00,2025-01-24 12:20:53+00,14.383333333333333,,KDVT,,,,,
3122,fr24_complete_38da457d,N625FB,N625FB,2025-01-24 15:15:36+00,2025-01-24 15:53:35+00,37.983333333333334,KDVT,KDVT,,,,,
3121,fr24_complete_38dacfae,N625FB,N625FB,2025-01-24 17:50:54+00,2025-01-24 19:06:42+00,75.8,KDVT,KDVT,,,,,
3120,fr24_complete_38db9647,N623FB,N623FB,2025-01-24 21:39:08+00,2025-01-24 22:01:20+00,22.2,KDVT,,,,,,
3119,fr24_complete_38dbae88,N623FB,N623FB,2025-01-24 22:09:02+00,2025-01-24 22:46:35+00,37.55,,KDVT,,,,,
3118,fr24_complete_38dbed4c,N623FB,N623FB,2025-01-24 23:32:29+00,2025-01-24 23:49:22+00,16.883333333333333,KDVT,,,,,,
3117,fr24_complete_38dbfd42,N623FB,N623FB,2025-01-24 23:53:04+00,2025-01-25 00:44:36+00,51.53333333333333,KSDL,KDVT,,,,,
3116,fr24_complete_38dc4301,N622FB,N622FB,2025-01-25 01:49:37+00,2025-01-25 03:07:23+00,77.76666666666667,KDVT,KPAN,,,,,
798,fr24_complete_38dc6cee,N622FB,N622FB,2025-01-25 03:12:23+00,2025-01-25 03:37:55+00,,,KDVT,,,,,
3115,fr24_complete_38dc759a,N625FB,N625FB,2025-01-25 03:33:20+00,2025-01-25 05:12:35+00,99.25,KDVT,KDVT,,,,,
3114,fr24_complete_38dc9cf3,N621FB,N621FB,2025-01-25 05:06:16+00,2025-01-25 06:35:31+00,89.25,KDVT,KDVT,,,,,
3113,fr24_complete_38dcc0ec,N625FB,N625FB,2025-01-25 06:30:19+00,2025-01-25 08:09:51+00,99.53333333333333,KDVT,KDVT,,,,,
3112,fr24_complete_38dce6dc,N621FB,N621FB,2025-01-25 08:04:34+00,2025-01-25 09:17:36+00,73.03333333333333,KDVT,KGEU,,,,,
3111,fr24_complete_38dd09f5,N621FB,N621FB,2025-01-25 09:22:06+00,2025-01-25 09:32:33+00,10.45,KGEU,KDVT,,,,,
3110,fr24_complete_38dde78d,N623FB,N623FB,2025-01-25 15:05:45+00,2025-01-25 15:55:14+00,49.483333333333334,KDVT,KDVT,,,,,
3109,fr24_complete_38de7afe,N623FB,N623FB,2025-01-25 18:00:24+00,2025-01-25 19:40:05+00,99.68333333333334,KDVT,KDVT,,,,,
3108,fr24_complete_38df52c0,N625FB,N625FB,2025-01-25 23:07:20+00,2025-01-26 00:56:17+00,108.95,KDVT,KDVT,,,,,
3107,fr24_complete_38dfadf0,N625FB,N625FB,2025-01-26 02:09:12+00,2025-01-26 04:21:51+00,132.65,KDVT,KDVT,,,,,
3106,fr24_complete_38dfcff1,N622FB,N622FB,2025-01-26 03:33:23+00,2025-01-26 05:18:33+00,105.16666666666667,KDVT,KDVT,,,,,
3105,fr24_complete_38dff058,N621FB,N621FB,2025-01-26 05:00:38+00,2025-01-26 06:41:11+00,100.55,KDVT,KDVT,,,,,
3104,fr24_complete_38e01547,N622FB,N622FB,2025-01-26 06:33:17+00,2025-01-26 08:10:18+00,97.01666666666667,KDVT,KDVT,,,,,
3103,fr24_complete_38e03661,N621FB,N621FB,2025-01-26 08:00:03+00,2025-01-26 09:36:48+00,96.75,KDVT,KDVT,,,,,
3102,fr24_complete_38e130f5,N625FB,N625FB,2025-01-26 15:31:00+00,2025-01-26 16:43:19+00,72.31666666666666,KDVT,KDVT,,,,,
3101,fr24_complete_38e1c723,N625FB,N625FB,2025-01-26 18:54:02+00,2025-01-26 19:59:40+00,65.63333333333334,KDVT,KDVT,,,,,
3100,fr24_complete_38e284bb,N621FB,N621FB,2025-01-26 23:32:06+00,2025-01-27 00:55:00+00,82.9,KDVT,KDVT,,,,,
3099,fr24_complete_38e2d949,N621FB,N621FB,2025-01-27 02:09:30+00,2025-01-27 03:36:22+00,86.86666666666666,KDVT,KDVT,,,,,
3098,fr24_complete_38e2fc02,N623FB,N623FB,2025-01-27 03:28:42+00,2025-01-27 05:16:41+00,107.98333333333333,KDVT,KDVT,,,,,
3097,fr24_complete_38e321be,N621FB,N621FB,2025-01-27 05:02:25+00,2025-01-27 06:56:02+00,113.61666666666666,KDVT,KDVT,,,,,
3096,fr24_complete_38e349a0,N623FB,N623FB,2025-01-27 06:32:46+00,2025-01-27 08:30:36+00,117.83333333333333,KDVT,KDVT,,,,,
3095,fr24_complete_38e36f78,N621FB,N621FB,2025-01-27 08:02:02+00,2025-01-27 09:50:20+00,108.3,KDVT,KDVT,,,,,
3094,fr24_complete_38e3a475,N621FB,N621FB,2025-01-27 09:54:41+00,2025-01-27 09:59:57+00,5.266666666666667,KDVT,KDVT,,,,,
3093,fr24_complete_38e3cb51,N621FB,N621FB,2025-01-27 11:13:20+00,2025-01-27 12:22:47+00,69.45,KDVT,KDVT,,,,,
3092,fr24_complete_38e457b8,N621FB,N621FB,2025-01-27 14:46:14+00,2025-01-27 15:14:05+00,27.85,KDVT,,,,,,
3091,fr24_complete_38e47478,N621FB,N621FB,2025-01-27 15:21:16+00,2025-01-27 15:31:40+00,10.4,,KPHX,,,,,
3090,fr24_complete_38e4875f,N625FB,N625FB,2025-01-27 15:46:38+00,2025-01-27 16:49:49+00,63.18333333333333,KDVT,KDVT,,,,,
3089,fr24_complete_38e48f3e,N621FB,N621FB,2025-01-27 15:55:25+00,2025-01-27 16:09:39+00,14.233333333333333,,KDVT,,,,,
3088,fr24_complete_38e58b99,N622FB,N622FB,2025-01-27 21:35:08+00,2025-01-27 22:59:17+00,84.15,KDVT,KDVT,,,,,
3087,fr24_complete_38e63c5e,N622FB,N622FB,2025-01-28 02:09:01+00,2025-01-28 03:41:30+00,92.48333333333333,KDVT,KDVT,,,,,
3086,fr24_complete_38e6650f,N625FB,N625FB,2025-01-28 03:33:49+00,2025-01-28 05:11:59+00,98.16666666666667,KDVT,KDVT,,,,,
3085,fr24_complete_38e66b7c,N622FB,N622FB,2025-01-28 05:03:47+00,2025-01-28 06:49:54+00,106.11666666666666,KDVT,KDVT,,,,,
3084,fr24_complete_38e6b37c,N625FB,N625FB,2025-01-28 06:36:12+00,2025-01-28 08:01:37+00,85.41666666666667,KDVT,KGEU,,,,,
3083,fr24_complete_38e6d8a1,N622FB,N622FB,2025-01-28 08:03:36+00,2025-01-28 09:34:49+00,91.21666666666667,KDVT,KDVT,,,,,
3082,fr24_complete_38e6d929,N625FB,N625FB,2025-01-28 08:04:15+00,2025-01-28 08:14:58+00,10.716666666666667,KGEU,KDVT,,,,,
3081,fr24_complete_38e7db4f,N625FB,N625FB,2025-01-28 15:30:20+00,2025-01-28 16:30:12+00,59.86666666666667,KDVT,KDVT,,,,,
3080,fr24_complete_38e82a9d,N625FB,N625FB,2025-01-28 17:13:06+00,2025-01-28 17:49:04+00,35.96666666666667,KDVT,KDVT,,,,,
3079,fr24_complete_38e8a9e6,N625FB,N625FB,2025-01-28 19:59:32+00,2025-01-28 21:03:08+00,63.6,KDVT,KDVT,,,,,
3078,fr24_complete_38e93340,N621FB,N621FB,2025-01-28 23:04:49+00,2025-01-29 01:02:27+00,117.63333333333334,KDVT,KDVT,,,,,
3077,fr24_complete_38e9a981,N621FB,N621FB,2025-01-29 02:15:55+00,2025-01-29 04:12:38+00,116.71666666666667,KDVT,KDVT,,,,,
3076,fr24_complete_38e9d965,N622FB,N622FB,2025-01-29 03:57:28+00,2025-01-29 05:13:20+00,75.86666666666666,KDVT,KDVT,,,,,
3075,fr24_complete_38e9f7a7,N621FB,N621FB,2025-01-29 05:07:23+00,2025-01-29 07:00:27+00,113.06666666666666,KDVT,KDVT,,,,,
3074,fr24_complete_38ea1d65,N622FB,N622FB,2025-01-29 06:33:23+00,2025-01-29 08:07:29+00,94.1,KDVT,KDVT,,,,,
3073,fr24_complete_38ea4469,N621FB,N621FB,2025-01-29 08:03:04+00,2025-01-29 09:45:55+00,102.85,KDVT,KDVT,,,,,
3072,fr24_complete_38eb7152,N621FB,N621FB,2025-01-29 16:00:47+00,2025-01-29 16:44:19+00,43.53333333333333,KDVT,KDVT,,,,,
3071,fr24_complete_38ebab42,N623FB,N623FB,2025-01-29 17:20:06+00,2025-01-29 17:35:24+00,15.3,KDVT,,,,,,
3070,fr24_complete_38ebc0e0,N623FB,N623FB,2025-01-29 17:43:50+00,2025-01-29 18:00:15+00,16.416666666666668,,,,,,,
3069,fr24_complete_38ebc9b7,N621FB,N621FB,2025-01-29 17:55:26+00,2025-01-29 18:56:15+00,60.81666666666667,KDVT,KDVT,,,,,
3068,fr24_complete_38ebd101,N623FB,N623FB,2025-01-29 18:04:08+00,2025-01-29 18:23:14+00,19.1,,KDVT,,,,,
3067,fr24_complete_38ecd6d0,N625FB,N625FB,2025-01-29 23:54:37+00,2025-01-30 00:09:48+00,15.183333333333334,KDVT,,,,,,
3066,fr24_complete_38ecdc61,N621FB,N621FB,2025-01-30 00:02:50+00,2025-01-30 01:07:15+00,64.41666666666667,KDVT,KDVT,,,,,
3065,fr24_complete_38ece4fd,N625FB,N625FB,2025-01-30 00:13:45+00,2025-01-30 00:50:48+00,37.05,KPHX,KDVT,,,,,
3064,fr24_complete_38ed0aa1,N621FB,N621FB,2025-01-30 01:19:33+00,2025-01-30 01:38:52+00,19.316666666666666,KDVT,KDVT,,,,,
3063,fr24_complete_38ed1c6a,N621FB,N621FB,2025-01-30 01:44:38+00,2025-01-30 02:00:46+00,16.133333333333333,KDVT,KDVT,,,,,
3062,fr24_complete_38ed2812,N625FB,N625FB,2025-01-30 02:07:03+00,2025-01-30 03:47:26+00,100.38333333333334,KDVT,KDVT,,,,,
3061,fr24_complete_38ed27f1,N621FB,N621FB,2025-01-30 02:31:46+00,2025-01-30 02:55:55+00,24.15,KDVT,KDVT,,,,,
3060,fr24_complete_38ed52fe,N622FB,N622FB,2025-01-30 03:35:44+00,2025-01-30 05:16:08+00,100.4,KDVT,KDVT,,,,,
3059,fr24_complete_38ed7a4d,N623FB,N623FB,2025-01-30 05:05:58+00,2025-01-30 06:35:46+00,89.8,KDVT,KDVT,,,,,
3058,fr24_complete_38eda13c,N622FB,N622FB,2025-01-30 06:32:20+00,2025-01-30 08:11:39+00,99.31666666666666,KDVT,KDVT,,,,,
3057,fr24_complete_38edc8c8,N623FB,N623FB,2025-01-30 08:04:07+00,2025-01-30 08:29:48+00,25.683333333333334,KDVT,KGEU,,,,,
3056,fr24_complete_38edd86e,N623FB,N623FB,2025-01-30 08:33:51+00,2025-01-30 09:31:50+00,57.983333333333334,,KDVT,,,,,
3055,fr24_complete_38ee039f,N623FB,N623FB,2025-01-30 10:02:29+00,2025-01-30 10:11:20+00,8.85,KDVT,KDVT,,,,,
3054,fr24_complete_38eea41a,N622FB,N622FB,2025-01-30 14:01:39+00,2025-01-30 14:38:44+00,37.083333333333336,KDVT,KDVT,,,,,
3053,fr24_complete_38eef0c0,N625FB,N625FB,2025-01-30 15:28:22+00,2025-01-30 16:41:31+00,73.15,KDVT,KDVT,,,,,
3052,fr24_complete_38efa2cf,N625FB,N625FB,2025-01-30 18:55:49+00,2025-01-30 19:52:57+00,57.13333333333333,KDVT,KDVT,,,,,
3051,fr24_complete_38f068f3,N621FB,N621FB,2025-01-30 22:58:21+00,2025-01-31 00:22:11+00,83.83333333333333,KDVT,KDVT,,,,,
3050,fr24_complete_38f0e1d1,N621FB,N621FB,2025-01-31 02:01:40+00,2025-01-31 03:34:20+00,92.66666666666667,KDVT,KDVT,,,,,
3049,fr24_complete_38f10eae,N623FB,N623FB,2025-01-31 03:29:57+00,2025-01-31 05:09:53+00,99.93333333333334,KDVT,KDVT,,,,,
3048,fr24_complete_38f13906,N621FB,N621FB,2025-01-31 05:04:31+00,2025-01-31 06:37:23+00,92.86666666666666,KDVT,KDVT,,,,,
3047,fr24_complete_38f1619b,N623FB,N623FB,2025-01-31 06:32:55+00,2025-01-31 08:08:35+00,95.66666666666667,KDVT,KDVT,,,,,
3046,fr24_complete_38f188f7,N621FB,N621FB,2025-01-31 08:02:13+00,2025-01-31 09:28:55+00,86.7,KDVT,KDVT,,,,,
3045,fr24_complete_38f2ab55,N622FB,N622FB,2025-01-31 15:39:38+00,2025-01-31 16:38:26+00,58.8,KDVT,KDVT,,,,,
3044,fr24_complete_38f33671,N622FB,N622FB,2025-01-31 18:44:39+00,2025-01-31 19:38:26+00,53.78333333333333,KDVT,KDVT,,,,,
3043,fr24_complete_38f3eda3,N621FB,N621FB,2025-01-31 23:08:07+00,2025-01-31 23:45:28+00,37.35,KDVT,,,,,,
3042,fr24_complete_38f4096d,N621FB,N621FB,2025-01-31 23:49:13+00,2025-02-01 00:34:35+00,45.36666666666667,,KDVT,,,,,
3041,fr24_complete_38f452fb,N621FB,N621FB,2025-02-01 02:02:49+00,2025-02-01 03:40:50+00,98.01666666666667,KDVT,KDVT,,,,,
3040,fr24_complete_38f47cd3,N623FB,N623FB,2025-02-01 03:32:27+00,2025-02-01 04:55:19+00,82.86666666666666,KDVT,KGEU,,,,,
3039,fr24_complete_38f4a078,N623FB,N623FB,2025-02-01 05:00:03+00,2025-02-01 05:09:29+00,9.433333333333334,KGEU,KDVT,,,,,
3038,fr24_complete_38f4a245,N621FB,N621FB,2025-02-01 05:04:45+00,2025-02-01 06:41:48+00,97.05,KDVT,KDVT,,,,,
3037,fr24_complete_38f4c4b6,N623FB,N623FB,2025-02-01 06:29:46+00,2025-02-01 08:08:03+00,98.28333333333333,KDVT,KDVT,,,,,
3036,fr24_complete_38f4e9c3,N621FB,N621FB,2025-02-01 08:03:03+00,2025-02-01 09:44:07+00,101.06666666666666,KDVT,KDVT,,,,,
3035,fr24_complete_38f5e3eb,N621FB,N621FB,2025-02-01 15:01:21+00,2025-02-01 15:57:52+00,56.516666666666666,KDVT,KDVT,,,,,
3034,fr24_complete_38f68457,N621FB,N621FB,2025-02-01 18:32:46+00,2025-02-01 19:30:35+00,57.81666666666667,KDVT,KDVT,,,,,
3033,fr24_complete_38f738af,N622FB,N622FB,2025-02-01 23:04:04+00,2025-02-02 00:02:43+00,58.65,KDVT,,,,,,
3032,fr24_complete_38f75d43,N622FB,N622FB,2025-02-02 00:07:05+00,2025-02-02 01:14:07+00,67.03333333333333,,KPHX,,,,,
3031,fr24_complete_38f77b6e,N623FB,N623FB,2025-02-02 01:06:48+00,2025-02-02 02:00:24+00,53.6,KDVT,KDVT,,,,,
3030,fr24_complete_38f7879a,N622FB,N622FB,2025-02-02 01:34:28+00,2025-02-02 01:47:22+00,12.9,KPHX,KDVT,,,,,
3029,fr24_complete_38f7a384,N622FB,N622FB,2025-02-02 02:37:06+00,2025-02-02 03:40:13+00,63.11666666666667,KDVT,KDVT,,,,,
3028,fr24_complete_38f7b90f,N623FB,N623FB,2025-02-02 03:31:14+00,2025-02-02 05:25:38+00,114.4,KDVT,KDVT,,,,,
3027,fr24_complete_38f7dcd6,N622FB,N622FB,2025-02-02 05:05:01+00,2025-02-02 06:43:20+00,98.31666666666666,KDVT,KDVT,,,,,
3026,fr24_complete_38f80060,N623FB,N623FB,2025-02-02 06:31:28+00,2025-02-02 08:06:58+00,95.5,KDVT,KDVT,,,,,
3025,fr24_complete_38f82413,N622FB,N622FB,2025-02-02 08:03:13+00,2025-02-02 09:47:44+00,104.51666666666667,KDVT,KDVT,,,,,
3024,fr24_complete_38f9353a,N625FB,N625FB,2025-02-02 15:32:02+00,2025-02-02 16:14:53+00,42.85,KDVT,,,,,,
3023,fr24_complete_38f95b4e,N625FB,N625FB,2025-02-02 16:19:48+00,2025-02-02 17:01:12+00,41.4,KGYR,KDVT,,,,,
3022,fr24_complete_38fa7dc7,N623FB,N623FB,2025-02-02 23:08:16+00,2025-02-03 00:54:52+00,106.6,KDVT,KDVT,,,,,
3021,fr24_complete_38fae683,N623FB,N623FB,2025-02-03 02:15:20+00,2025-02-03 03:57:57+00,102.61666666666666,KDVT,KDVT,,,,,
3020,fr24_complete_38fb0a2d,N622FB,N622FB,2025-02-03 03:35:16+00,2025-02-03 05:26:12+00,110.93333333333334,KDVT,KDVT,,,,,
3019,fr24_complete_38fb2eb0,N621FB,N621FB,2025-02-03 05:04:12+00,2025-02-03 06:41:00+00,96.8,KDVT,KDVT,,,,,
3018,fr24_complete_38fb58e0,N622FB,N622FB,2025-02-03 06:34:20+00,2025-02-03 08:27:46+00,113.43333333333334,KDVT,KDVT,,,,,
3017,fr24_complete_38fb8164,N621FB,N621FB,2025-02-03 08:06:11+00,2025-02-03 09:42:02+00,95.85,KDVT,KDVT,,,,,
3016,fr24_complete_38fc737f,N625FB,N625FB,2025-02-03 14:50:59+00,2025-02-03 16:07:42+00,76.71666666666667,KDVT,KDVT,,,,,
3015,fr24_complete_38fddb81,N622FB,N622FB,2025-02-03 22:46:57+00,2025-02-04 00:49:18+00,122.35,KDVT,KDVT,,,,,
3014,fr24_complete_38fe5ff2,N622FB,N622FB,2025-02-04 02:22:54+00,2025-02-04 03:48:30+00,85.6,KDVT,KDVT,,,,,
3013,fr24_complete_38fe8147,N621FB,N621FB,2025-02-04 03:34:31+00,2025-02-04 05:23:08+00,108.61666666666666,KDVT,KDVT,,,,,
3012,fr24_complete_38fea876,N623FB,N623FB,2025-02-04 05:05:30+00,2025-02-04 06:41:50+00,96.33333333333333,KDVT,KDVT,,,,,
3011,fr24_complete_38fed199,N621FB,N621FB,2025-02-04 06:35:39+00,2025-02-04 08:11:10+00,95.51666666666667,KDVT,KDVT,,,,,
3010,fr24_complete_38fef7fe,N623FB,N623FB,2025-02-04 08:03:42+00,2025-02-04 09:35:30+00,91.8,KDVT,KDVT,,,,,
3009,fr24_complete_38ffbb8f,N621FB,N621FB,2025-02-04 13:48:13+00,2025-02-04 14:39:08+00,50.916666666666664,KDVT,KDVT,,,,,
3008,fr24_complete_39009afa,N621FB,N621FB,2025-02-04 18:49:03+00,2025-02-04 19:42:07+00,53.06666666666667,KDVT,KDVT,,,,,
3007,fr24_complete_39015551,N622FB,N622FB,2025-02-04 23:05:08+00,2025-02-05 00:12:25+00,67.28333333333333,KDVT,KDVT,,,,,
3006,fr24_complete_3901c490,N622FB,N622FB,2025-02-05 02:03:27+00,2025-02-05 03:38:45+00,95.3,KDVT,KDVT,,,,,
3005,fr24_complete_3901f01f,N623FB,N623FB,2025-02-05 03:34:32+00,2025-02-05 05:24:55+00,110.38333333333334,KDVT,KDVT,,,,,
3004,fr24_complete_39021709,N622FB,N622FB,2025-02-05 05:05:49+00,2025-02-05 05:54:03+00,48.233333333333334,KDVT,KDVT,,,,,
3003,fr24_complete_39022fcf,N622FB,N622FB,2025-02-05 06:00:08+00,2025-02-05 06:52:16+00,52.13333333333333,KDVT,KDVT,,,,,
3002,fr24_complete_39023fe5,N623FB,N623FB,2025-02-05 06:36:14+00,2025-02-05 08:10:51+00,94.61666666666666,KDVT,KDVT,,,,,
3001,fr24_complete_3902653c,N622FB,N622FB,2025-02-05 08:01:34+00,2025-02-05 09:40:19+00,98.75,KDVT,KDVT,,,,,
782,fr24_complete_39035678,N623FB,N623FB,2025-02-05 14:31:04+00,2025-02-05 14:40:32+00,,KDVT,KDVT,,,,,
3000,fr24_complete_3903005c,N625FB,N625FB,2025-02-05 15:05:33+00,2025-02-05 16:12:06+00,66.55,KDVT,KDVT,,,,,
2999,fr24_complete_3903d74e,N625FB,N625FB,2025-02-05 17:06:01+00,2025-02-05 18:17:21+00,71.33333333333333,KDVT,KDVT,,,,,
2998,fr24_complete_390472d5,N622FB,N622FB,2025-02-05 20:31:29+00,2025-02-05 21:19:20+00,47.85,KDVT,KDVT,,,,,
2997,fr24_complete_3904f08d,N622FB,N622FB,2025-02-05 23:31:30+00,2025-02-06 00:36:00+00,64.5,KDVT,KDVT,,,,,
2996,fr24_complete_39055187,N622FB,N622FB,2025-02-06 02:18:06+00,2025-02-06 03:40:08+00,82.03333333333333,KDVT,KDVT,,,,,
2995,fr24_complete_390573ad,N623FB,N623FB,2025-02-06 03:30:31+00,2025-02-06 05:06:25+00,95.9,KDVT,KDVT,,,,,
2994,fr24_complete_39059b3e,N622FB,N622FB,2025-02-06 05:01:37+00,2025-02-06 06:44:45+00,103.13333333333334,KDVT,KDVT,,,,,
2993,fr24_complete_3905c44a,N623FB,N623FB,2025-02-06 06:31:36+00,2025-02-06 08:09:56+00,98.33333333333333,KDVT,KDVT,,,,,
2992,fr24_complete_3905ed9e,N622FB,N622FB,2025-02-06 08:05:35+00,2025-02-06 09:38:17+00,92.7,KDVT,KDVT,,,,,
2991,fr24_complete_39067099,N625FB,N625FB,2025-02-06 12:12:58+00,2025-02-06 12:35:11+00,22.216666666666665,KDVT,KDVT,,,,,
2990,fr24_complete_3906f1dc,N621FB,N621FB,2025-02-06 15:08:14+00,2025-02-06 15:24:14+00,16,KDVT,KPHX,,,,,
2989,fr24_complete_390726cf,N621FB,N621FB,2025-02-06 16:17:57+00,2025-02-06 17:09:29+00,51.53333333333333,KPHX,KDVT,,,,,
2988,fr24_complete_390778db,N621FB,N621FB,2025-02-06 18:10:08+00,2025-02-06 19:20:38+00,70.5,KDVT,KDVT,,,,,
2987,fr24_complete_3907c792,N622FB,N622FB,2025-02-06 19:58:17+00,2025-02-06 20:30:40+00,32.38333333333333,KDVT,KDVT,,,,,
2986,fr24_complete_39084828,N622FB,N622FB,2025-02-06 22:57:53+00,2025-02-07 00:18:34+00,80.68333333333334,KDVT,KDVT,,,,,
2985,fr24_complete_3908a90a,N622FB,N622FB,2025-02-07 01:26:12+00,2025-02-07 01:58:09+00,31.95,KDVT,KDVT,,,,,
2984,fr24_complete_3908ea92,N623FB,N623FB,2025-02-07 03:33:38+00,2025-02-07 05:27:39+00,114.01666666666667,KDVT,KDVT,,,,,
2983,fr24_complete_39093968,N623FB,N623FB,2025-02-07 06:30:17+00,2025-02-07 07:26:28+00,56.18333333333333,KDVT,KGEU,,,,,
2982,fr24_complete_3908bd88,N622FB,N622FB,2025-02-07 06:47:54+00,2025-02-07 06:57:58+00,10.066666666666666,KDVT,KDVT,,,,,
2981,fr24_complete_390954b0,N623FB,N623FB,2025-02-07 07:31:06+00,2025-02-07 08:08:00+00,36.9,KGEU,KDVT,,,,,
2980,fr24_complete_39096237,N622FB,N622FB,2025-02-07 08:03:31+00,2025-02-07 08:21:33+00,18.033333333333335,KDVT,KGEU,,,,,
2979,fr24_complete_39096ded,N622FB,N622FB,2025-02-07 08:26:09+00,2025-02-07 09:34:56+00,68.78333333333333,KGEU,KDVT,,,,,
2978,fr24_complete_390a84dd,N621FB,N621FB,2025-02-07 15:35:18+00,2025-02-07 16:30:29+00,55.18333333333333,KDVT,KDVT,,,,,
2977,fr24_complete_390b00b3,N621FB,N621FB,2025-02-07 18:06:13+00,2025-02-07 19:16:16+00,70.05,KDVT,KDVT,,,,,
2976,fr24_complete_390b7b1f,N623FB,N623FB,2025-02-07 20:33:48+00,2025-02-07 21:44:10+00,70.36666666666666,KDVT,KDVT,,,,,
2975,fr24_complete_390be827,N623FB,N623FB,2025-02-07 22:52:14+00,2025-02-08 00:13:06+00,80.86666666666666,KDVT,KDVT,,,,,
2974,fr24_complete_390c88c4,N621FB,N621FB,2025-02-08 03:27:03+00,2025-02-08 05:13:57+00,106.9,KDVT,KDVT,,,,,
2973,fr24_complete_390cb0b7,N623FB,N623FB,2025-02-08 05:03:22+00,2025-02-08 06:38:33+00,95.18333333333334,KDVT,KDVT,,,,,
2972,fr24_complete_390cd72c,N621FB,N621FB,2025-02-08 06:34:50+00,2025-02-08 08:11:08+00,96.3,KDVT,KDVT,,,,,
2971,fr24_complete_390cf8b7,N623FB,N623FB,2025-02-08 08:00:20+00,2025-02-08 08:39:17+00,38.95,KDVT,KGEU,,,,,
2970,fr24_complete_390d0bcd,N623FB,N623FB,2025-02-08 08:43:52+00,2025-02-08 09:54:48+00,70.93333333333334,KGEU,KDVT,,,,,
2969,fr24_complete_390df1f8,N621FB,N621FB,2025-02-08 15:08:55+00,2025-02-08 16:01:41+00,52.766666666666666,KDVT,KDVT,,,,,
2968,fr24_complete_390e74b5,N621FB,N621FB,2025-02-08 18:05:54+00,2025-02-08 19:36:43+00,90.81666666666666,KDVT,KDVT,,,,,
2967,fr24_complete_390f348b,N622FB,N622FB,2025-02-08 23:03:11+00,2025-02-09 00:25:09+00,81.96666666666667,KDVT,KDVT,,,,,
2966,fr24_complete_390f93b4,N622FB,N622FB,2025-02-09 02:06:00+00,2025-02-09 03:40:51+00,94.85,KDVT,KDVT,,,,,
2965,fr24_complete_390fb61d,N621FB,N621FB,2025-02-09 03:31:57+00,2025-02-09 05:22:30+00,110.55,KDVT,KDVT,,,,,
2964,fr24_complete_390fd8cb,N623FB,N623FB,2025-02-09 05:03:39+00,2025-02-09 06:40:09+00,96.5,KDVT,KDVT,,,,,
2963,fr24_complete_390ffbc0,N621FB,N621FB,2025-02-09 06:30:18+00,2025-02-09 08:08:01+00,97.71666666666667,KDVT,KDVT,,,,,
2962,fr24_complete_39101ecc,N623FB,N623FB,2025-02-09 08:00:50+00,2025-02-09 09:28:38+00,87.8,KDVT,KDVT,,,,,
2961,fr24_complete_39112217,N623FB,N623FB,2025-02-09 15:40:29+00,2025-02-09 16:38:01+00,57.53333333333333,KDVT,KDVT,,,,,
2960,fr24_complete_391176e8,N623FB,N623FB,2025-02-09 17:39:44+00,2025-02-09 19:18:07+00,98.38333333333334,KDVT,KDVT,,,,,
2959,fr24_complete_391256fa,N623FB,N623FB,2025-02-09 23:05:47+00,2025-02-10 00:29:56+00,84.15,KDVT,KDVT,,,,,
2958,fr24_complete_3912b44d,N623FB,N623FB,2025-02-10 02:08:49+00,2025-02-10 03:44:10+00,95.35,KDVT,KDVT,,,,,
2957,fr24_complete_3912dbb8,N625FB,N625FB,2025-02-10 03:39:07+00,2025-02-10 05:09:03+00,89.93333333333334,KDVT,KDVT,,,,,
2956,fr24_complete_3912fe29,N623FB,N623FB,2025-02-10 05:03:49+00,2025-02-10 06:41:16+00,97.45,KDVT,KDVT,,,,,
2955,fr24_complete_391327fa,N625FB,N625FB,2025-02-10 06:35:39+00,2025-02-10 08:07:48+00,92.15,KDVT,KDVT,,,,,
2954,fr24_complete_39134df0,N623FB,N623FB,2025-02-10 08:02:16+00,2025-02-10 08:28:22+00,26.1,KDVT,KCHD,,,,,
2953,fr24_complete_39135c48,N623FB,N623FB,2025-02-10 08:32:08+00,2025-02-10 09:35:22+00,63.233333333333334,,KDVT,,,,,
2952,fr24_complete_39146503,N625FB,N625FB,2025-02-10 15:34:21+00,2025-02-10 16:38:51+00,64.5,KDVT,KDVT,,,,,
2951,fr24_complete_39149d98,N621FB,N621FB,2025-02-10 16:48:57+00,2025-02-10 17:44:20+00,55.38333333333333,KDVT,KDVT,,,,,
2950,fr24_complete_3914fc14,N625FB,N625FB,2025-02-10 19:05:48+00,2025-02-10 19:10:31+00,,KDVT,,,,,,
2949,fr24_complete_3914ffb6,N625FB,N625FB,2025-02-10 19:48:24+00,2025-02-10 20:02:04+00,13.666666666666666,KDVT,KDVT,,,,,
2948,fr24_complete_39159ab4,N622FB,N622FB,2025-02-10 23:07:12+00,2025-02-11 00:39:56+00,92.73333333333333,KDVT,KDVT,,,,,
2947,fr24_complete_3915fe96,N622FB,N622FB,2025-02-11 02:05:16+00,2025-02-11 03:44:19+00,99.05,KDVT,KDVT,,,,,
2946,fr24_complete_391627cd,N621FB,N621FB,2025-02-11 03:39:08+00,2025-02-11 05:10:09+00,91.01666666666667,KDVT,KDVT,,,,,
2945,fr24_complete_3916486b,N623FB,N623FB,2025-02-11 05:04:48+00,2025-02-11 05:07:36+00,,KDVT,,,,,,
2944,fr24_complete_39164a8d,N623FB,N623FB,2025-02-11 05:07:14+00,2025-02-11 06:41:11+00,93.95,KDVT,KDVT,,,,,
2943,fr24_complete_39166da1,N621FB,N621FB,2025-02-11 06:35:08+00,2025-02-11 08:22:16+00,107.13333333333334,KDVT,KDVT,,,,,
2942,fr24_complete_39169047,N623FB,N623FB,2025-02-11 08:01:44+00,2025-02-11 10:04:03+00,122.31666666666666,KDVT,KDVT,,,,,
2941,fr24_complete_3917845e,N623FB,N623FB,2025-02-11 15:43:18+00,2025-02-11 16:44:27+00,61.15,KDVT,KDVT,,,,,
2940,fr24_complete_391831e6,N622FB,N622FB,2025-02-11 20:30:08+00,2025-02-11 21:24:12+00,54.06666666666667,KDVT,KDVT,,,,,
2939,fr24_complete_39189891,N622FB,N622FB,2025-02-11 23:29:43+00,2025-02-12 00:22:13+00,52.5,KDVT,KDVT,,,,,
2938,fr24_complete_3918f1a7,N622FB,N622FB,2025-02-12 02:27:50+00,2025-02-12 03:41:07+00,73.28333333333333,KDVT,KDVT,,,,,
2937,fr24_complete_3917e5a8,N623FB,N623FB,2025-02-12 03:34:02+00,2025-02-11 19:15:01+00,-499.01666666666665,KDVT,,,,,,
2936,fr24_complete_39190f1b,N623FB,N623FB,2025-02-12 03:50:11+00,2025-02-12 05:12:13+00,82.03333333333333,KDVT,KDVT,,,,,
2935,fr24_complete_39192fb8,N622FB,N622FB,2025-02-12 05:02:39+00,2025-02-12 07:01:23+00,118.73333333333333,KDVT,KPHX,,,,,
2934,fr24_complete_3919548a,N623FB,N623FB,2025-02-12 06:33:22+00,2025-02-12 08:10:40+00,97.3,KDVT,KDVT,,,,,
2933,fr24_complete_39197990,N622FB,N622FB,2025-02-12 08:03:45+00,2025-02-12 08:08:52+00,,KPHX,,,,,,
2932,fr24_complete_39197bb6,N622FB,N622FB,2025-02-12 08:08:11+00,2025-02-12 09:30:41+00,82.5,KPHX,KDVT,,,,,
2931,fr24_complete_3919f15b,N622FB,N622FB,2025-02-12 12:19:04+00,2025-02-12 12:26:47+00,,KDVT,,,,,,
2930,fr24_complete_3919f9f5,N622FB,N622FB,2025-02-12 12:34:16+00,2025-02-12 12:42:26+00,,KDVT,,,,,,
2929,fr24_complete_3919fe1d,N622FB,N622FB,2025-02-12 12:42:06+00,2025-02-12 12:59:41+00,17.583333333333332,KDVT,KDVT,,,,,
2928,fr24_complete_391a1287,N622FB,N622FB,2025-02-12 13:16:20+00,2025-02-12 13:25:49+00,9.483333333333333,KDVT,KDVT,,,,,
2927,fr24_complete_391a6321,N623FB,N623FB,2025-02-12 15:27:01+00,2025-02-12 16:27:51+00,60.833333333333336,KDVT,KDVT,,,,,
2926,fr24_complete_391a7e01,N621FB,N621FB,2025-02-12 16:12:46+00,2025-02-12 16:31:43+00,18.95,KDVT,KDVT,,,,,
2925,fr24_complete_391adf5f,N623FB,N623FB,2025-02-12 19:00:27+00,2025-02-12 19:05:20+00,,KDVT,,,,,,
2924,fr24_complete_391ae2ae,N623FB,N623FB,2025-02-12 19:42:55+00,2025-02-12 19:57:43+00,14.8,KDVT,KDVT,,,,,
2923,fr24_complete_391b6772,N621FB,N621FB,2025-02-12 23:07:31+00,2025-02-13 00:32:15+00,84.73333333333333,KDVT,KDVT,,,,,
2922,fr24_complete_391b9f62,N621FB,N621FB,2025-02-13 00:50:00+00,2025-02-13 01:28:56+00,38.93333333333333,KDVT,KDVT,,,,,
2921,fr24_complete_391bd699,N621FB,N621FB,2025-02-13 02:50:07+00,2025-02-13 02:54:59+00,,KDVT,,,,,,
2920,fr24_complete_391bd8f8,N621FB,N621FB,2025-02-13 02:57:00+00,2025-02-13 03:43:29+00,46.483333333333334,KDVT,KDVT,,,,,
2919,fr24_complete_391bea5a,N623FB,N623FB,2025-02-13 03:37:21+00,2025-02-13 03:42:12+00,,KDVT,,,,,,
2918,fr24_complete_391bece1,N623FB,N623FB,2025-02-13 03:41:04+00,2025-02-13 05:19:31+00,98.45,,KDVT,,,,,
2917,fr24_complete_391c0c33,N622FB,N622FB,2025-02-13 05:03:04+00,2025-02-13 05:26:18+00,,KDVT,,,,,,
2916,fr24_complete_391c1927,N622FB,N622FB,2025-02-13 05:31:36+00,2025-02-13 06:38:06+00,66.5,KPHX,KDVT,,,,,
2915,fr24_complete_391c32c1,N623FB,N623FB,2025-02-13 06:32:19+00,2025-02-13 08:23:33+00,111.23333333333333,KDVT,KDVT,,,,,
2914,fr24_complete_391c5803,N622FB,N622FB,2025-02-13 08:02:33+00,2025-02-13 09:57:28+00,114.91666666666667,KDVT,KDVT,,,,,
2913,fr24_complete_391d26dd,N625FB,N625FB,2025-02-13 14:29:45+00,2025-02-13 15:27:22+00,,KDVT,,,,,,
2912,fr24_complete_391d6634,N625FB,N625FB,2025-02-13 16:05:32+00,2025-02-13 17:26:06+00,80.56666666666666,KDVT,KDVT,,,,,
2911,fr24_complete_391dc94f,N624FB,N624FB,2025-02-13 18:45:34+00,2025-02-13 18:54:59+00,9.416666666666666,KDVT,KDVT,,,,,
2910,fr24_complete_391dd792,N625FB,N625FB,2025-02-13 19:05:02+00,2025-02-13 19:44:40+00,39.63333333333333,KDVT,KDVT,,,,,
2909,fr24_complete_391df3f8,N624FB,N624FB,2025-02-13 19:49:18+00,2025-02-13 19:59:20+00,10.033333333333333,KDVT,KDVT,,,,,
2908,fr24_complete_391e08f6,N624FB,N624FB,2025-02-13 20:22:20+00,2025-02-13 20:34:54+00,12.566666666666666,KDVT,KDVT,,,,,
2907,fr24_complete_391e21ca,N624FB,N624FB,2025-02-13 21:04:43+00,2025-02-13 21:19:07+00,14.4,KDVT,KDVT,,,,,
737,fr24_complete_391e4c9a,N624FB,N624FB,2025-02-13 22:18:35+00,2025-02-13 22:18:48+00,,KDVT,,,,,,
2906,fr24_complete_391e7750,N623FB,N623FB,2025-02-13 23:20:12+00,2025-02-14 00:29:17+00,69.08333333333333,KDVT,KDVT,,,,,
2905,fr24_complete_391ece80,N623FB,N623FB,2025-02-14 01:58:57+00,2025-02-14 03:54:03+00,115.1,KDVT,KDVT,,,,,
2904,fr24_complete_391ef7d6,N621FB,N621FB,2025-02-14 03:28:14+00,2025-02-14 04:39:54+00,71.66666666666667,KDVT,,,,,,
2903,fr24_complete_391f1f9f,N622FB,N622FB,2025-02-14 05:02:53+00,2025-02-14 06:38:10+00,95.28333333333333,KDVT,KDVT,,,,,
2902,fr24_complete_391f46c8,N621FB,N621FB,2025-02-14 06:32:14+00,2025-02-14 08:31:14+00,119,KDVT,KDVT,,,,,
2901,fr24_complete_391f6d0f,N622FB,N622FB,2025-02-14 08:02:29+00,2025-02-14 09:37:24+00,94.91666666666667,KDVT,KDVT,,,,,
2900,fr24_complete_3920ee4b,N623FB,N623FB,2025-02-14 18:01:18+00,2025-02-14 18:03:55+00,2.6166666666666667,KDVT,KDVT,,,,,
2899,fr24_complete_3920f1f8,N623FB,N623FB,2025-02-14 18:10:13+00,2025-02-14 18:59:07+00,48.9,KDVT,KDVT,,,,,
2898,fr24_complete_3921b2a1,N622FB,N622FB,2025-02-14 23:03:56+00,2025-02-15 00:22:19+00,78.38333333333334,KDVT,KDVT,,,,,
2897,fr24_complete_392213d5,N622FB,N622FB,2025-02-15 02:07:20+00,2025-02-15 03:46:11+00,98.85,KDVT,KDVT,,,,,
2896,fr24_complete_39223831,N621FB,N621FB,2025-02-15 03:33:58+00,2025-02-15 05:11:32+00,97.56666666666666,KDVT,KGEU,,,,,
2895,fr24_complete_39225a1d,N622FB,N622FB,2025-02-15 05:02:25+00,2025-02-15 06:40:22+00,97.95,KDVT,KDVT,,,,,
2894,fr24_complete_39227f5d,N621FB,N621FB,2025-02-15 06:33:27+00,2025-02-15 06:37:54+00,,KDVT,,,,,,
2893,fr24_complete_3922815b,N621FB,N621FB,2025-02-15 06:37:25+00,2025-02-15 08:12:07+00,94.7,KDVT,KDVT,,,,,
2892,fr24_complete_3922a1e7,N622FB,N622FB,2025-02-15 08:01:46+00,2025-02-15 10:06:33+00,124.78333333333333,KDVT,KDVT,,,,,
2891,fr24_complete_3922fc3c,N621FB,N621FB,2025-02-15 11:19:50+00,2025-02-15 11:27:35+00,,KDVT,,,,,,
2890,fr24_complete_392301d8,N621FB,N621FB,2025-02-15 11:27:24+00,2025-02-15 11:35:22+00,,KDVT,,,,,,
2889,fr24_complete_39230607,N621FB,N621FB,2025-02-15 11:35:30+00,2025-02-15 11:43:54+00,,KDVT,,,,,,
2888,fr24_complete_39230a43,N621FB,N621FB,2025-02-15 11:43:57+00,2025-02-15 12:25:20+00,41.38333333333333,KDVT,KDVT,,,,,
2887,fr24_complete_392336f1,N625FB,N625FB,2025-02-15 13:04:15+00,2025-02-15 14:07:41+00,63.43333333333333,KDVT,KDVT,,,,,
2886,fr24_complete_3923d2d8,N625FB,N625FB,2025-02-15 17:25:28+00,2025-02-15 19:22:22+00,116.9,KDVT,KDVT,,,,,
2885,fr24_complete_39247dbd,N622FB,N622FB,2025-02-15 23:00:54+00,2025-02-16 00:11:50+00,70.93333333333334,KDVT,KDVT,,,,,
2884,fr24_complete_3924a395,N622FB,N622FB,2025-02-16 00:18:13+00,2025-02-16 00:23:03+00,4.833333333333333,KDVT,KDVT,,,,,
2883,fr24_complete_3924a70a,N622FB,N622FB,2025-02-16 00:24:54+00,2025-02-16 00:27:47+00,,,,,,,,
2882,fr24_complete_3924a985,N622FB,N622FB,2025-02-16 00:29:56+00,2025-02-16 00:38:15+00,,,,,,,,
2881,fr24_complete_3924d369,N622FB,N622FB,2025-02-16 02:08:31+00,2025-02-16 02:13:17+00,,KDVT,,,,,,
2880,fr24_complete_3924d587,N622FB,N622FB,2025-02-16 02:12:52+00,2025-02-16 03:40:01+00,87.15,KDVT,KDVT,,,,,
2879,fr24_complete_3924f436,N623FB,N623FB,2025-02-16 03:32:20+00,2025-02-16 05:10:02+00,97.7,KDVT,KDVT,,,,,
2878,fr24_complete_392513d4,N622FB,N622FB,2025-02-16 05:02:04+00,2025-02-16 06:40:03+00,97.98333333333333,KDVT,KDVT,,,,,
2877,fr24_complete_392536b0,N623FB,N623FB,2025-02-16 06:30:51+00,2025-02-16 08:19:09+00,108.3,KDVT,KDVT,,,,,
2876,fr24_complete_39255a29,N622FB,N622FB,2025-02-16 08:03:52+00,2025-02-16 09:08:33+00,,KDVT,,,,,,
2875,fr24_complete_39257475,N622FB,N622FB,2025-02-16 09:08:03+00,2025-02-16 09:42:04+00,34.016666666666666,KCHD,KDVT,,,,,
2874,fr24_complete_392612ad,N623FB,N623FB,2025-02-16 14:15:34+00,2025-02-16 15:12:13+00,56.65,KDVT,KDVT,,,,,
2873,fr24_complete_39267429,N623FB,N623FB,2025-02-16 17:04:22+00,2025-02-16 17:29:54+00,25.533333333333335,KDVT,KDVT,,,,,
2872,fr24_complete_39273987,N622FB,N622FB,2025-02-16 23:08:19+00,2025-02-17 00:38:34+00,90.25,KDVT,KDVT,,,,,
2871,fr24_complete_39279139,N622FB,N622FB,2025-02-17 02:04:24+00,2025-02-17 03:43:37+00,99.21666666666667,KDVT,KDVT,,,,,
2870,fr24_complete_3927b69d,N621FB,N621FB,2025-02-17 03:34:17+00,2025-02-17 03:40:15+00,5.966666666666667,KDVT,KDVT,,,,,
2869,fr24_complete_3927c872,N621FB,N621FB,2025-02-17 04:15:42+00,2025-02-17 05:09:10+00,53.46666666666667,KDVT,KDVT,,,,,
2868,fr24_complete_3927db7c,N622FB,N622FB,2025-02-17 05:02:47+00,2025-02-17 05:07:42+00,,KDVT,,,,,,
2867,fr24_complete_3927ddca,N622FB,N622FB,2025-02-17 05:06:29+00,2025-02-17 06:40:10+00,93.68333333333334,,KDVT,,,,,
2866,fr24_complete_392802e1,N621FB,N621FB,2025-02-17 06:33:27+00,2025-02-17 08:06:35+00,93.13333333333334,KDVT,KDVT,,,,,
2865,fr24_complete_392828be,N622FB,N622FB,2025-02-17 08:02:27+00,2025-02-17 09:39:30+00,97.05,KDVT,KDVT,,,,,
2864,fr24_complete_392872e9,N622FB,N622FB,2025-02-17 10:41:07+00,2025-02-17 11:37:39+00,56.53333333333333,KDVT,KDVT,,,,,
2863,fr24_complete_39293adb,N621FB,N621FB,2025-02-17 15:48:52+00,2025-02-17 16:55:41+00,66.81666666666666,KDVT,KDVT,,,,,
2862,fr24_complete_3929bf66,N621FB,N621FB,2025-02-17 19:06:31+00,2025-02-17 19:53:04+00,46.55,KDVT,KDVT,,,,,
2861,fr24_complete_392a5675,N622FB,N622FB,2025-02-17 23:06:58+00,2025-02-18 00:18:52+00,71.9,KDVT,KDVT,,,,,
2860,fr24_complete_392a83bf,N622FB,N622FB,2025-02-18 00:52:02+00,2025-02-18 00:56:32+00,,KDVT,,,,,,
2859,fr24_complete_392ab5d6,N621FB,N621FB,2025-02-18 02:01:15+00,2025-02-18 02:12:38+00,11.383333333333333,KDVT,KDVT,,,,,
2858,fr24_complete_392a9683,N622FB,N622FB,2025-02-18 02:05:01+00,2025-02-18 03:01:10+00,56.15,KDVT,KDVT,,,,,
2857,fr24_complete_392abda2,N621FB,N621FB,2025-02-18 02:14:43+00,2025-02-18 02:19:18+00,,KDVT,,,,,,
2856,fr24_complete_392ac3d0,N621FB,N621FB,2025-02-18 02:27:47+00,2025-02-18 02:37:43+00,,KDVT,,,,,,
2855,fr24_complete_392ac874,N621FB,N621FB,2025-02-18 02:37:47+00,2025-02-18 02:53:21+00,,KDVT,,,,,,
2854,fr24_complete_392acf68,N621FB,N621FB,2025-02-18 02:53:02+00,2025-02-18 03:00:59+00,,KDVT,,,,,,
2853,fr24_complete_392ad2e1,N621FB,N621FB,2025-02-18 03:00:41+00,2025-02-18 03:26:07+00,25.433333333333334,KDVT,KDVT,,,,,
2852,fr24_complete_392ae53a,N623FB,N623FB,2025-02-18 03:44:03+00,2025-02-18 03:48:50+00,,KDVT,,,,,,
2851,fr24_complete_392ae7ab,N623FB,N623FB,2025-02-18 04:56:56+00,2025-02-18 05:10:09+00,13.216666666666667,KDVT,KDVT,,,,,
2850,fr24_complete_392b0596,N621FB,N621FB,2025-02-18 05:02:43+00,2025-02-18 06:49:54+00,107.18333333333334,KDVT,KDVT,,,,,
2849,fr24_complete_392b3016,N623FB,N623FB,2025-02-18 06:38:37+00,2025-02-18 06:43:29+00,,KDVT,,,,,,
2848,fr24_complete_392b323f,N623FB,N623FB,2025-02-18 07:24:48+00,2025-02-18 08:15:49+00,51.016666666666666,KDVT,KDVT,,,,,
2847,fr24_complete_392b53df,N621FB,N621FB,2025-02-18 08:02:36+00,2025-02-18 09:22:54+00,,KDVT,,,,,,
2846,fr24_complete_392b78de,N621FB,N621FB,2025-02-18 09:21:02+00,2025-02-18 09:38:33+00,17.516666666666666,KCHD,KDVT,,,,,
2845,fr24_complete_392c4375,N624FB,N624FB,2025-02-18 14:57:50+00,2025-02-18 15:09:49+00,11.983333333333333,KDVT,KDVT,,,,,
2844,fr24_complete_392c78db,N624FB,N624FB,2025-02-18 16:09:23+00,2025-02-18 16:13:23+00,,KDVT,,,,,,
2843,fr24_complete_392c7dbf,N624FB,N624FB,2025-02-18 16:13:04+00,2025-02-18 16:21:31+00,8.45,KDVT,KDVT,,,,,
2842,fr24_complete_392c8f80,N624FB,N624FB,2025-02-18 16:42:23+00,2025-02-18 16:54:06+00,11.716666666666667,KDVT,,,,,,
2841,fr24_complete_392ce4ec,N621FB,N621FB,2025-02-18 18:52:58+00,2025-02-18 19:50:04+00,57.1,KDVT,KDVT,,,,,
2840,fr24_complete_392d17a1,N621FB,N621FB,2025-02-18 20:10:47+00,2025-02-18 20:57:51+00,47.06666666666667,KDVT,KDVT,,,,,
2839,fr24_complete_392d6495,N623FB,N623FB,2025-02-18 22:17:12+00,2025-02-18 23:44:22+00,87.16666666666667,KDVT,KDVT,,,,,
2838,fr24_complete_392de63d,N623FB,N623FB,2025-02-19 02:08:01+00,2025-02-19 03:45:50+00,97.81666666666666,KDVT,KDVT,,,,,
2837,fr24_complete_392e0e99,N624FB,N624FB,2025-02-19 03:39:52+00,2025-02-19 05:20:33+00,100.68333333333334,KDVT,KDVT,,,,,
2836,fr24_complete_392e309e,N622FB,N622FB,2025-02-19 05:03:08+00,2025-02-19 05:28:59+00,25.85,KDVT,KDVT,,,,,
2835,fr24_complete_392e3e9b,N622FB,N622FB,2025-02-19 05:33:39+00,2025-02-19 05:38:36+00,,KDVT,,,,,,
2834,fr24_complete_392e40e0,N622FB,N622FB,2025-02-19 05:40:05+00,2025-02-19 06:41:46+00,61.68333333333333,KDVT,KDVT,,,,,
2833,fr24_complete_392e57e5,N624FB,N624FB,2025-02-19 06:32:05+00,2025-02-19 06:36:56+00,,KDVT,,,,,,
2832,fr24_complete_392e5a62,N624FB,N624FB,2025-02-19 07:12:39+00,2025-02-19 08:06:58+00,54.31666666666667,,KDVT,,,,,
2831,fr24_complete_392e79e5,N622FB,N622FB,2025-02-19 07:52:37+00,2025-02-19 09:12:50+00,80.21666666666667,KDVT,KDVT,,,,,
2830,fr24_complete_392eb917,N622FB,N622FB,2025-02-19 10:06:22+00,2025-02-19 10:21:16+00,14.9,KDVT,KDVT,,,,,
2829,fr24_complete_392f823b,N623FB,N623FB,2025-02-19 15:32:03+00,2025-02-19 16:26:24+00,54.35,KDVT,KDVT,,,,,
2828,fr24_complete_392fd3f4,N623FB,N623FB,2025-02-19 17:38:33+00,2025-02-19 17:56:00+00,,KDVT,,,,,,
2827,fr24_complete_392fdeae,N623FB,N623FB,2025-02-19 18:25:05+00,2025-02-19 18:34:22+00,9.283333333333333,,KDVT,,,,,
2826,fr24_complete_39305872,N624FB,N624FB,2025-02-19 21:16:39+00,2025-02-19 22:32:56+00,76.28333333333333,KDVT,KDVT,,,,,
2825,fr24_complete_3930f5e6,N624FB,N624FB,2025-02-20 01:59:02+00,2025-02-20 03:35:34+00,96.53333333333333,KDVT,KDVT,,,,,
2824,fr24_complete_39312051,N623FB,N623FB,2025-02-20 03:30:51+00,2025-02-20 05:10:19+00,99.46666666666667,KDVT,KDVT,,,,,
2823,fr24_complete_39314635,N622FB,N622FB,2025-02-20 05:03:01+00,2025-02-20 06:36:11+00,93.16666666666667,KDVT,KDVT,,,,,
2822,fr24_complete_39316e33,N623FB,N623FB,2025-02-20 06:33:16+00,2025-02-20 08:08:11+00,94.91666666666667,KDVT,KDVT,,,,,
2821,fr24_complete_393193b6,N622FB,N622FB,2025-02-20 08:02:47+00,2025-02-20 09:29:08+00,86.35,KDVT,KDVT,,,,,
2820,fr24_complete_39328e22,N621FB,N621FB,2025-02-20 15:18:20+00,2025-02-20 16:14:07+00,55.78333333333333,KDVT,KDVT,,,,,
2819,fr24_complete_393309d8,N621FB,N621FB,2025-02-20 18:19:55+00,2025-02-20 19:14:32+00,54.61666666666667,KDVT,KDVT,,,,,
2818,fr24_complete_3933cb13,N622FB,N622FB,2025-02-20 23:03:29+00,2025-02-20 23:08:18+00,,KDVT,,,,,,
2817,fr24_complete_3933cee0,N622FB,N622FB,2025-02-20 23:07:05+00,2025-02-21 00:24:11+00,77.1,KDVT,KDVT,,,,,
2816,fr24_complete_3934348f,N622FB,N622FB,2025-02-21 01:58:47+00,2025-02-21 03:53:46+00,114.98333333333333,KDVT,KDVT,,,,,
2815,fr24_complete_3934615b,N623FB,N623FB,2025-02-21 03:30:36+00,2025-02-21 03:35:25+00,,KDVT,,,,,,
2814,fr24_complete_39346413,N623FB,N623FB,2025-02-21 03:34:16+00,2025-02-21 05:12:43+00,98.45,,KDVT,,,,,
2813,fr24_complete_393488d6,N624FB,N624FB,2025-02-21 05:03:13+00,2025-02-21 06:35:50+00,92.61666666666666,KDVT,KDVT,,,,,
2812,fr24_complete_3934afd6,N623FB,N623FB,2025-02-21 06:32:33+00,2025-02-21 07:01:02+00,28.483333333333334,KDVT,KCHD,,,,,
2811,fr24_complete_3934bfa3,N623FB,N623FB,2025-02-21 07:09:33+00,2025-02-21 07:13:27+00,,KCHD,,,,,,
2810,fr24_complete_3934c1a0,N623FB,N623FB,2025-02-21 07:13:06+00,2025-02-21 08:07:14+00,54.13333333333333,KCHD,KDVT,,,,,
2809,fr24_complete_3934d643,N624FB,N624FB,2025-02-21 08:02:29+00,2025-02-21 09:27:37+00,85.13333333333334,KDVT,KDVT,,,,,
2808,fr24_complete_3935d243,N622FB,N622FB,2025-02-21 15:03:47+00,2025-02-21 16:01:21+00,57.56666666666667,KDVT,KDVT,,,,,
2807,fr24_complete_3936614f,N622FB,N622FB,2025-02-21 18:15:31+00,2025-02-21 19:10:14+00,54.71666666666667,KDVT,KDVT,,,,,
2806,fr24_complete_3937957c,N621FB,N621FB,2025-02-22 02:02:55+00,2025-02-22 02:07:47+00,,KDVT,,,,,,
2805,fr24_complete_3937983b,N621FB,N621FB,2025-02-22 02:18:59+00,2025-02-22 02:44:20+00,,,,,,,,
2804,fr24_complete_3937a8e0,N621FB,N621FB,2025-02-22 02:43:39+00,2025-02-22 03:45:37+00,61.96666666666667,KDVT,KDVT,,,,,
2803,fr24_complete_3937bdeb,N623FB,N623FB,2025-02-22 03:34:04+00,2025-02-22 05:16:46+00,102.7,KDVT,KDVT,,,,,
2802,fr24_complete_3937e011,N624FB,N624FB,2025-02-22 05:03:11+00,2025-02-22 06:36:53+00,93.7,KDVT,KPHX,,,,,
2801,fr24_complete_393804f6,N623FB,N623FB,2025-02-22 06:31:39+00,2025-02-22 06:36:30+00,,KDVT,,,,,,
2800,fr24_complete_39380700,N623FB,N623FB,2025-02-22 06:35:25+00,2025-02-22 08:11:54+00,96.48333333333333,,KDVT,,,,,
2799,fr24_complete_393827a9,N624FB,N624FB,2025-02-22 08:02:27+00,2025-02-22 08:06:45+00,,KPHX,,,,,,
2798,fr24_complete_39382a85,N624FB,N624FB,2025-02-22 08:06:34+00,2025-02-22 10:08:14+00,121.66666666666667,KPHX,KDVT,,,,,
2797,fr24_complete_3938b833,N621FB,N621FB,2025-02-22 12:48:19+00,2025-02-22 13:54:59+00,66.66666666666667,KDVT,KDVT,,,,,
2796,fr24_complete_39397615,N623FB,N623FB,2025-02-22 17:07:06+00,2025-02-22 17:25:59+00,18.883333333333333,KDVT,KCHD,,,,,
2795,fr24_complete_39399d4e,N621FB,N621FB,2025-02-22 18:02:15+00,2025-02-22 18:06:02+00,,KDVT,,,,,,
2794,fr24_complete_3939a0dd,N621FB,N621FB,2025-02-22 18:04:57+00,2025-02-22 19:23:10+00,78.21666666666667,,KDVT,,,,,
2793,fr24_complete_3939e445,N623FB,N623FB,2025-02-22 19:44:49+00,2025-02-22 20:01:13+00,16.4,KCHD,KDVT,,,,,
2792,fr24_complete_393abe48,N622FB,N622FB,2025-02-23 02:20:44+00,2025-02-23 02:25:31+00,,KDVT,,,,,,
2791,fr24_complete_393ac08e,N622FB,N622FB,2025-02-23 02:25:40+00,2025-02-23 03:39:44+00,74.06666666666666,KDVT,KDVT,,,,,
2790,fr24_complete_393ad8f4,N623FB,N623FB,2025-02-23 03:30:20+00,2025-02-23 05:17:19+00,106.98333333333333,KDVT,KDVT,,,,,
2789,fr24_complete_393afa4a,N624FB,N624FB,2025-02-23 05:04:41+00,2025-02-23 05:09:34+00,,KDVT,,,,,,
2788,fr24_complete_393afd63,N624FB,N624FB,2025-02-23 05:46:53+00,2025-02-23 06:39:05+00,52.2,KDVT,KDVT,,,,,
2787,fr24_complete_393b1bd3,N623FB,N623FB,2025-02-23 06:29:45+00,2025-02-23 06:34:38+00,,KDVT,,,,,,
2786,fr24_complete_393b1dde,N623FB,N623FB,2025-02-23 06:34:30+00,2025-02-23 06:58:52+00,,KDVT,,,,,,
2785,fr24_complete_393b269b,N623FB,N623FB,2025-02-23 06:58:12+00,2025-02-23 08:11:05+00,72.88333333333334,KGEU,KDVT,,,,,
2784,fr24_complete_393b3d4c,N624FB,N624FB,2025-02-23 08:01:37+00,2025-02-23 08:07:00+00,5.383333333333334,KDVT,KDVT,,,,,
2783,fr24_complete_393b3f5a,N624FB,N624FB,2025-02-23 08:03:26+00,2025-02-23 09:24:24+00,80.96666666666667,KDVT,KDVT,,,,,
2782,fr24_complete_393c4f64,N623FB,N623FB,2025-02-23 16:11:17+00,2025-02-23 17:08:09+00,56.86666666666667,KDVT,KDVT,,,,,
2781,fr24_complete_393cbf0c,N623FB,N623FB,2025-02-23 18:49:15+00,2025-02-23 19:27:59+00,38.733333333333334,KDVT,,,,,,
2780,fr24_complete_393cf36e,N623FB,N623FB,2025-02-23 20:01:30+00,2025-02-23 20:06:51+00,5.35,KSDL,KDVT,,,,,
2779,fr24_complete_393d6a4f,N624FB,N624FB,2025-02-23 23:05:25+00,2025-02-23 23:10:15+00,,KDVT,,,,,,
2778,fr24_complete_393dc7ff,N624FB,N624FB,2025-02-24 02:04:02+00,2025-02-24 03:41:17+00,97.25,KDVT,KDVT,,,,,
2777,fr24_complete_393e109a,N624FB,N624FB,2025-02-24 05:02:06+00,2025-02-24 06:32:32+00,90.43333333333334,KDVT,KDVT,,,,,
2776,fr24_complete_393e5b94,N624FB,N624FB,2025-02-24 08:00:29+00,2025-02-24 08:04:31+00,,KDVT,,,,,,
2775,fr24_complete_393e5dc9,N624FB,N624FB,2025-02-24 08:03:25+00,2025-02-24 09:33:19+00,89.9,KDVT,KDVT,,,,,
2774,fr24_complete_393f6c96,N624FB,N624FB,2025-02-24 15:41:48+00,2025-02-24 16:39:43+00,57.916666666666664,KDVT,KDVT,,,,,
2773,fr24_complete_3940947e,N622FB,N622FB,2025-02-24 23:04:07+00,2025-02-25 00:49:33+00,105.43333333333334,KDVT,KDVT,,,,,
2772,fr24_complete_3940f9aa,N622FB,N622FB,2025-02-25 02:04:04+00,2025-02-25 03:52:55+00,108.85,KDVT,KDVT,,,,,
2771,fr24_complete_3940e048,N624FB,N624FB,2025-02-25 03:31:11+00,2025-02-25 03:35:36+00,,KDVT,,,,,,
2770,fr24_complete_394123d8,N624FB,N624FB,2025-02-25 04:49:43+00,2025-02-25 05:02:56+00,13.216666666666667,KDVT,KDVT,,,,,
2769,fr24_complete_394146f1,N621FB,N621FB,2025-02-25 05:04:40+00,2025-02-25 06:42:52+00,98.2,KDVT,KDVT,,,,,
2768,fr24_complete_39416dfb,N624FB,N624FB,2025-02-25 06:32:00+00,2025-02-25 07:51:15+00,79.25,KDVT,KDVT,,,,,
2767,fr24_complete_3942a688,N621FB,N621FB,2025-02-25 15:51:26+00,2025-02-25 16:50:14+00,58.8,KDVT,KDVT,,,,,
2766,fr24_complete_394329d6,N621FB,N621FB,2025-02-25 18:49:39+00,2025-02-25 19:44:50+00,55.18333333333333,KDVT,,,,,,
2765,fr24_complete_3943dd32,N624FB,N624FB,2025-02-25 23:09:26+00,2025-02-26 00:55:01+00,105.58333333333333,KDVT,KDVT,,,,,
2764,fr24_complete_394443f1,N624FB,N624FB,2025-02-26 02:02:52+00,2025-02-26 03:38:42+00,95.83333333333333,KDVT,KDVT,,,,,
2763,fr24_complete_394491e3,N624FB,N624FB,2025-02-26 04:59:52+00,2025-02-26 05:15:05+00,15.216666666666667,KDVT,KGEU,,,,,
2762,fr24_complete_39449cfb,N624FB,N624FB,2025-02-26 05:24:24+00,2025-02-26 06:34:11+00,69.78333333333333,KGEU,KDVT,,,,,
2761,fr24_complete_3944de2a,N624FB,N624FB,2025-02-26 07:57:08+00,2025-02-26 08:02:00+00,,KDVT,,,,,,
2760,fr24_complete_3944e064,N624FB,N624FB,2025-02-26 08:00:33+00,2025-02-26 09:20:36+00,80.05,KDVT,KDVT,,,,,
2759,fr24_complete_3945d0c7,N624FB,N624FB,2025-02-26 14:52:35+00,2025-02-26 15:22:55+00,30.333333333333332,KDVT,KDVT,,,,,
741,fr24_complete_3945f706,N624FB,N624FB,2025-02-26 15:38:20+00,2025-02-26 15:46:06+00,,,,,,,,
740,fr24_complete_39460065,N624FB,N624FB,2025-02-26 15:49:37+00,2025-02-26 15:56:24+00,,KDVT,,,,,,
2758,fr24_complete_394616c8,N624FB,N624FB,2025-02-26 16:17:35+00,2025-02-26 16:33:47+00,16.2,KDVT,KDVT,,,,,
2757,fr24_complete_3946382e,N624FB,N624FB,2025-02-26 17:02:19+00,2025-02-26 17:09:55+00,,KDVT,,,,,,
739,fr24_complete_39464342,N624FB,N624FB,2025-02-26 17:15:12+00,2025-02-26 17:22:32+00,,KDVT,,,,,,
738,fr24_complete_394653f1,N624FB,N624FB,2025-02-26 17:36:45+00,2025-02-26 17:48:03+00,,KDVT,,,,,,
2756,fr24_complete_39465f68,N624FB,N624FB,2025-02-26 18:07:17+00,2025-02-26 18:26:15+00,18.966666666666665,KDVT,KDVT,,,,,
2755,fr24_complete_3946e1d4,N624FB,N624FB,2025-02-26 20:43:36+00,2025-02-26 21:23:06+00,39.5,KDVT,KDVT,,,,,
2754,fr24_complete_39470308,N624FB,N624FB,2025-02-26 21:29:30+00,2025-02-26 21:44:52+00,15.366666666666667,KDVT,,,,,,
2753,fr24_complete_39472476,N622FB,N622FB,2025-02-26 22:16:56+00,2025-02-26 23:06:45+00,49.81666666666667,KDVT,KDVT,,,,,
2752,fr24_complete_3947461d,N624FB,N624FB,2025-02-26 23:05:12+00,2025-02-27 00:26:51+00,81.65,KDVT,KDVT,,,,,
802,fr24_complete_39475143,N622FB,N622FB,2025-02-26 23:21:34+00,2025-02-26 23:22:57+00,,KDVT,,,,,,
2750,fr24_complete_394753ce,N622FB,N622FB,2025-02-26 23:28:01+00,2025-02-26 23:29:39+00,1.6333333333333333,KDVT,KDVT,,,,,
2749,fr24_complete_39475809,N622FB,N622FB,2025-02-26 23:34:26+00,2025-02-26 23:36:02+00,,KDVT,,,,,,
2748,fr24_complete_39475c5b,N622FB,N622FB,2025-02-26 23:40:21+00,2025-02-26 23:42:23+00,,KDVT,,,,,,
2747,fr24_complete_39476357,N622FB,N622FB,2025-02-26 23:48:47+00,2025-02-26 23:50:13+00,,KDVT,,,,,,
801,fr24_complete_394765fa,N622FB,N622FB,2025-02-26 23:53:13+00,2025-02-26 23:53:50+00,,KDVT,,,,,,
2746,fr24_complete_39476823,N622FB,N622FB,2025-02-26 23:56:18+00,2025-02-26 23:57:53+00,,KDVT,,,,,,
2745,fr24_complete_39476ae7,N622FB,N622FB,2025-02-27 00:03:17+00,2025-02-27 00:04:59+00,1.7,KDVT,KDVT,,,,,
2743,fr24_complete_39476ff0,N622FB,N622FB,2025-02-27 00:11:28+00,2025-02-27 00:13:07+00,,KDVT,,,,,,
2742,fr24_complete_394777de,N622FB,N622FB,2025-02-27 00:20:34+00,2025-02-27 00:22:13+00,,KDVT,,,,,,
2740,fr24_complete_39477ad0,N622FB,N622FB,2025-02-27 00:28:11+00,2025-02-27 00:29:53+00,,KDVT,,,,,,
800,fr24_complete_39477ec0,N622FB,N622FB,2025-02-27 00:31:25+00,2025-02-27 00:32:40+00,,KDVT,KDVT,,,,,
2739,fr24_complete_3947810a,N622FB,N622FB,2025-02-27 00:34:55+00,2025-02-27 00:39:52+00,,KDVT,,,,,,
2738,fr24_complete_39478532,N622FB,N622FB,2025-02-27 00:40:37+00,2025-02-27 00:43:15+00,,KDVT,,,,,,
2737,fr24_complete_39478c51,N622FB,N622FB,2025-02-27 00:53:33+00,2025-02-27 00:59:17+00,,KDVT,,,,,,
2736,fr24_complete_39479374,N622FB,N622FB,2025-02-27 01:05:51+00,2025-02-27 01:11:28+00,5.616666666666666,KDVT,KDVT,,,,,
2735,fr24_complete_3947a896,N622FB,N622FB,2025-02-27 01:46:45+00,2025-02-27 01:51:48+00,5.05,KDVT,KDVT,,,,,
2734,fr24_complete_3947b8ae,N624FB,N624FB,2025-02-27 02:15:56+00,2025-02-27 03:08:39+00,52.71666666666667,KDVT,KDVT,,,,,
2733,fr24_complete_3947caec,N622FB,N622FB,2025-02-27 02:57:06+00,2025-02-27 02:59:14+00,,KDVT,,,,,,
2732,fr24_complete_3947cee2,N622FB,N622FB,2025-02-27 03:03:49+00,2025-02-27 03:05:41+00,,KDVT,,,,,,
799,fr24_complete_3947dc47,N622FB,N622FB,2025-02-27 03:30:59+00,2025-02-27 03:35:14+00,,KDVT,,,,,,
2730,fr24_complete_3947def6,N624FB,N624FB,2025-02-27 03:37:46+00,2025-02-27 05:02:54+00,85.13333333333334,KDVT,KDVT,,,,,
2729,fr24_complete_3947dfdd,N622FB,N622FB,2025-02-27 03:42:41+00,2025-02-27 03:44:20+00,1.65,KDVT,KDVT,,,,,
2728,fr24_complete_3947e573,N622FB,N622FB,2025-02-27 03:54:33+00,2025-02-27 03:57:47+00,,KDVT,,,,,,
2727,fr24_complete_3947ead6,N622FB,N622FB,2025-02-27 04:05:00+00,2025-02-27 04:12:11+00,7.183333333333334,KDVT,KDVT,,,,,
2726,fr24_complete_39482aeb,N624FB,N624FB,2025-02-27 06:36:04+00,2025-02-27 08:04:04+00,88,KDVT,KDVT,,,,,
2725,fr24_complete_3949f462,N621FB,N621FB,2025-02-27 18:45:14+00,2025-02-27 18:49:59+00,,KDVT,,,,,,
2724,fr24_complete_394a1b3b,N623FB,N623FB,2025-02-27 19:37:55+00,2025-02-27 20:09:44+00,31.816666666666666,KDVT,KDVT,,,,,
2723,fr24_complete_3949f84b,N621FB,N621FB,2025-02-27 19:47:37+00,2025-02-27 19:57:52+00,10.25,,KDVT,,,,,
2722,fr24_complete_394a54d3,N624FB,N624FB,2025-02-27 20:58:43+00,2025-02-27 21:03:12+00,,KDVT,,,,,,
2721,fr24_complete_394a583f,N624FB,N624FB,2025-02-27 22:19:24+00,2025-02-27 22:31:03+00,11.65,KDVT,KDVT,,,,,
2720,fr24_complete_394b1acc,N624FB,N624FB,2025-02-28 02:02:58+00,2025-02-28 03:51:52+00,108.9,KDVT,KDVT,,,,,
2719,fr24_complete_394b4848,N623FB,N623FB,2025-02-28 03:33:03+00,2025-02-28 05:14:06+00,101.05,KDVT,KDVT,,,,,
2718,fr24_complete_394b70f5,N624FB,N624FB,2025-02-28 05:05:11+00,2025-02-28 06:39:23+00,94.2,KDVT,KDVT,,,,,
2717,fr24_complete_394b9a97,N623FB,N623FB,2025-02-28 06:35:38+00,2025-02-28 06:40:03+00,,KDVT,,,,,,
2716,fr24_complete_394b9cb8,N623FB,N623FB,2025-02-28 06:58:47+00,2025-02-28 08:11:18+00,72.51666666666667,KDVT,KDVT,,,,,
2715,fr24_complete_394bc1ea,N624FB,N624FB,2025-02-28 08:02:49+00,2025-02-28 08:31:49+00,29,KDVT,KGYR,,,,,
2714,fr24_complete_394bd260,N624FB,N624FB,2025-02-28 08:35:22+00,2025-02-28 09:27:00+00,51.63333333333333,KGYR,KDVT,,,,,
2713,fr24_complete_394cd3d2,N623FB,N623FB,2025-02-28 15:05:49+00,2025-02-28 16:03:46+00,57.95,KDVT,KDVT,,,,,
2712,fr24_complete_394d3d0c,N623FB,N623FB,2025-02-28 17:14:12+00,2025-02-28 18:07:12+00,53,KDVT,KDVT,,,,,
2711,fr24_complete_394e390f,N624FB,N624FB,2025-02-28 23:02:58+00,2025-03-01 00:31:57+00,88.98333333333333,KDVT,KDVT,,,,,
2710,fr24_complete_394ea565,N624FB,N624FB,2025-03-01 02:05:08+00,2025-03-01 03:34:16+00,89.13333333333334,KDVT,KDVT,,,,,
2709,fr24_complete_394ecd09,N622FB,N622FB,2025-03-01 03:31:30+00,2025-03-01 05:19:14+00,107.73333333333333,KDVT,KDVT,,,,,
2708,fr24_complete_394ef306,N624FB,N624FB,2025-03-01 05:03:20+00,2025-03-01 06:39:09+00,95.81666666666666,KDVT,KDVT,,,,,
2707,fr24_complete_394f18a1,N622FB,N622FB,2025-03-01 06:33:56+00,2025-03-01 08:04:33+00,90.61666666666666,KDVT,KDVT,,,,,
2706,fr24_complete_394f3aeb,N624FB,N624FB,2025-03-01 08:01:18+00,2025-03-01 09:36:54+00,95.6,KDVT,KDVT,,,,,
2705,fr24_complete_394f779b,N624FB,N624FB,2025-03-01 10:19:25+00,2025-03-01 10:24:18+00,,KDVT,,,,,,
2704,fr24_complete_394f7a04,N624FB,N624FB,2025-03-01 10:23:05+00,2025-03-01 10:57:35+00,34.5,,KDVT,,,,,
2703,fr24_complete_395037d8,N623FB,N623FB,2025-03-01 15:16:48+00,2025-03-01 16:25:15+00,68.45,KDVT,KDVT,,,,,
2702,fr24_complete_3950bd9a,N623FB,N623FB,2025-03-01 18:32:49+00,2025-03-01 19:50:16+00,77.45,KDVT,KDVT,,,,,
2701,fr24_complete_3951b08d,N624FB,N624FB,2025-03-02 02:03:04+00,2025-03-02 02:55:50+00,52.766666666666666,KDVT,KGEU,,,,,
2700,fr24_complete_3951c815,N624FB,N624FB,2025-03-02 03:01:08+00,2025-03-02 03:06:55+00,5.783333333333333,KGEU,KGEU,,,,,
2699,fr24_complete_3951ca2d,N624FB,N624FB,2025-03-02 03:06:44+00,2025-03-02 03:12:20+00,5.6,KGEU,KGEU,,,,,
2698,fr24_complete_3951cbf0,N624FB,N624FB,2025-03-02 03:09:27+00,2025-03-02 03:17:36+00,8.15,KGEU,KGEU,,,,,
2697,fr24_complete_3951ce19,N624FB,N624FB,2025-03-02 03:17:23+00,2025-03-02 03:21:54+00,,KGEU,,,,,,
2696,fr24_complete_3951d00e,N624FB,N624FB,2025-03-02 03:21:56+00,2025-03-02 03:32:09+00,10.216666666666667,KGEU,KGEU,,,,,
2695,fr24_complete_3951d33f,N624FB,N624FB,2025-03-02 03:31:40+00,2025-03-02 03:35:43+00,,KGEU,,,,,,
2694,fr24_complete_3951f461,N624FB,N624FB,2025-03-02 05:03:00+00,2025-03-02 06:35:39+00,92.65,KDVT,KDVT,,,,,
2693,fr24_complete_3952386a,N624FB,N624FB,2025-03-02 08:02:14+00,2025-03-02 08:04:07+00,,KDVT,,,,,,
2692,fr24_complete_39523a50,N624FB,N624FB,2025-03-02 08:03:50+00,2025-03-02 09:36:54+00,93.06666666666666,KDVT,KDVT,,,,,
2691,fr24_complete_3952a415,N624FB,N624FB,2025-03-02 11:41:14+00,2025-03-02 12:21:20+00,40.1,KDVT,KDVT,,,,,
2690,fr24_complete_39539a6f,N623FB,N623FB,2025-03-02 17:35:17+00,2025-03-02 17:40:00+00,,KDVT,,,,,,
2689,fr24_complete_39539df4,N623FB,N623FB,2025-03-02 17:38:52+00,2025-03-02 18:37:45+00,58.88333333333333,KDVT,KDVT,,,,,
2688,fr24_complete_39542157,N623FB,N623FB,2025-03-02 21:05:36+00,2025-03-02 22:29:22+00,83.76666666666667,KDVT,KDVT,,,,,
2687,fr24_complete_3954961a,N623FB,N623FB,2025-03-03 00:37:42+00,2025-03-03 01:13:22+00,35.666666666666664,KDVT,KDVT,,,,,
2686,fr24_complete_3954cc5f,N623FB,N623FB,2025-03-03 02:36:28+00,2025-03-03 03:50:24+00,73.93333333333334,KDVT,KDVT,,,,,
2685,fr24_complete_3954e5cc,N622FB,N622FB,2025-03-03 03:38:12+00,2025-03-03 03:43:03+00,,KDVT,,,,,,
2684,fr24_complete_3954e82a,N622FB,N622FB,2025-03-03 03:41:52+00,2025-03-03 04:53:37+00,71.75,KDVT,KDVT,,,,,
689,fr24_complete_3954ec8f,N623FB,N623FB,2025-03-03 03:54:48+00,2025-03-03 03:58:16+00,,KDVT,,,,,,
2683,fr24_complete_395505f3,N624FB,N624FB,2025-03-03 05:01:27+00,2025-03-03 05:04:55+00,,KDVT,,,,,,
2682,fr24_complete_39550831,N624FB,N624FB,2025-03-03 05:18:31+00,2025-03-03 06:33:54+00,75.38333333333334,KDVT,KDVT,,,,,
2681,fr24_complete_39552cba,N622FB,N622FB,2025-03-03 06:31:03+00,2025-03-03 06:35:58+00,,KDVT,,,,,,
2680,fr24_complete_39552f3d,N622FB,N622FB,2025-03-03 06:41:31+00,2025-03-03 08:23:55+00,102.4,KDVT,KDVT,,,,,
2679,fr24_complete_39555397,N624FB,N624FB,2025-03-03 07:59:47+00,2025-03-03 09:22:38+00,82.85,KDVT,KDVT,,,,,
2678,fr24_complete_3956d380,N623FB,N623FB,2025-03-03 17:55:14+00,2025-03-03 18:08:55+00,13.683333333333334,KDVT,KDVT,,,,,
2677,fr24_complete_39579cec,N623FB,N623FB,2025-03-03 23:04:05+00,2025-03-04 00:39:48+00,95.71666666666667,KDVT,KDVT,,,,,
2676,fr24_complete_3957efcb,N623FB,N623FB,2025-03-04 01:29:29+00,2025-03-04 01:45:22+00,15.883333333333333,KDVT,KDVT,,,,,
2675,fr24_complete_3958098b,N623FB,N623FB,2025-03-04 02:24:20+00,2025-03-04 02:29:14+00,,KDVT,,,,,,
2674,fr24_complete_39580c12,N623FB,N623FB,2025-03-04 02:39:54+00,2025-03-04 03:49:56+00,70.03333333333333,KDVT,KDVT,,,,,
2673,fr24_complete_3958257e,N621FB,N621FB,2025-03-04 03:28:40+00,2025-03-04 05:12:59+00,104.31666666666666,KDVT,KDVT,,,,,
2672,fr24_complete_39584884,N623FB,N623FB,2025-03-04 04:57:57+00,2025-03-04 06:43:52+00,105.91666666666667,KDVT,KDVT,,,,,
2671,fr24_complete_395870bb,N621FB,N621FB,2025-03-04 06:32:12+00,2025-03-04 07:57:15+00,85.05,KDVT,KDVT,,,,,
2670,fr24_complete_39589725,N623FB,N623FB,2025-03-04 08:02:14+00,2025-03-04 08:06:26+00,,KDVT,,,,,,
2669,fr24_complete_39589996,N623FB,N623FB,2025-03-04 08:06:11+00,2025-03-04 09:22:49+00,76.63333333333334,KDVT,KDVT,,,,,
2668,fr24_complete_3959ad24,N621FB,N621FB,2025-03-04 15:45:12+00,2025-03-04 16:48:32+00,63.333333333333336,KDVT,KDVT,,,,,
2667,fr24_complete_395a2a68,N621FB,N621FB,2025-03-04 18:59:09+00,2025-03-04 19:56:11+00,57.03333333333333,KDVT,KDVT,,,,,
2666,fr24_complete_395ab8aa,N623FB,N623FB,2025-03-04 23:08:31+00,2025-03-04 23:13:20+00,,KDVT,,,,,,
2665,fr24_complete_395abc39,N623FB,N623FB,2025-03-04 23:15:05+00,2025-03-05 00:34:49+00,79.73333333333333,KDVT,KDVT,,,,,
2664,fr24_complete_395b13c0,N623FB,N623FB,2025-03-05 02:02:58+00,2025-03-05 03:37:29+00,94.51666666666667,KDVT,KDVT,,,,,
2663,fr24_complete_395b3b7b,N622FB,N622FB,2025-03-05 03:30:05+00,2025-03-05 05:02:49+00,92.73333333333333,KDVT,KDVT,,,,,
2662,fr24_complete_395b60f6,N623FB,N623FB,2025-03-05 04:59:56+00,2025-03-05 06:41:39+00,101.71666666666667,KDVT,KDVT,,,,,
2661,fr24_complete_395b8886,N622FB,N622FB,2025-03-05 06:31:23+00,2025-03-05 08:01:58+00,90.58333333333333,KDVT,KDVT,,,,,
2660,fr24_complete_395bae8e,N623FB,N623FB,2025-03-05 07:59:58+00,2025-03-05 09:53:03+00,113.08333333333333,KDVT,KPHX,,,,,
2659,fr24_complete_395bfe6b,N623FB,N623FB,2025-03-05 10:39:36+00,2025-03-05 10:49:12+00,9.6,KPHX,KDVT,,,,,
2658,fr24_complete_395cd74e,N624FB,N624FB,2025-03-05 16:10:37+00,2025-03-05 17:07:23+00,56.766666666666666,KDVT,KDVT,,,,,
2657,fr24_complete_395d386d,N624FB,N624FB,2025-03-05 18:44:18+00,2025-03-05 19:50:44+00,66.43333333333334,KDVT,KDVT,,,,,
2656,fr24_complete_395dce56,N623FB,N623FB,2025-03-05 23:04:43+00,2025-03-05 23:23:44+00,19.016666666666666,KDVT,,,,,,
2655,fr24_complete_395e1abf,N623FB,N623FB,2025-03-06 01:25:21+00,2025-03-06 01:30:24+00,,KDVT,,,,,,
2654,fr24_complete_395e1d93,N623FB,N623FB,2025-03-06 01:29:21+00,2025-03-06 03:24:35+00,115.23333333333333,KSDL,KDVT,,,,,
2653,fr24_complete_395e55fc,N622FB,N622FB,2025-03-06 03:34:03+00,2025-03-06 03:38:58+00,,KDVT,,,,,,
2652,fr24_complete_395e58c0,N622FB,N622FB,2025-03-06 03:38:43+00,2025-03-06 05:17:06+00,98.38333333333334,KDVT,KDVT,,,,,
2651,fr24_complete_395e7a39,N623FB,N623FB,2025-03-06 05:02:59+00,2025-03-06 06:45:49+00,102.83333333333333,KDVT,KDVT,,,,,
2650,fr24_complete_395ea05b,N622FB,N622FB,2025-03-06 06:30:17+00,2025-03-06 08:08:12+00,97.91666666666667,KDVT,KDVT,,,,,
2649,fr24_complete_395ec923,N623FB,N623FB,2025-03-06 08:01:53+00,2025-03-06 08:06:08+00,,KDVT,,,,,,
2648,fr24_complete_395ecba1,N623FB,N623FB,2025-03-06 08:05:37+00,2025-03-06 08:38:17+00,32.666666666666664,KDVT,KPHX,,,,,
2647,fr24_complete_395ede24,N623FB,N623FB,2025-03-06 08:44:32+00,2025-03-06 08:52:29+00,7.95,KPHX,KPHX,,,,,
2646,fr24_complete_395ee12e,N623FB,N623FB,2025-03-06 08:50:27+00,2025-03-06 09:31:14+00,40.78333333333333,KPHX,KDVT,,,,,
2645,fr24_complete_395fd305,N624FB,N624FB,2025-03-06 15:15:15+00,2025-03-06 16:13:51+00,58.6,KDVT,KDVT,,,,,
2644,fr24_complete_39606775,N624FB,N624FB,2025-03-06 18:46:11+00,2025-03-06 20:11:25+00,85.23333333333333,KDVT,KDVT,,,,,
2643,fr24_complete_39610329,N622FB,N622FB,2025-03-06 22:49:39+00,2025-03-07 00:22:38+00,92.98333333333333,KDVT,KDVT,,,,,
2642,fr24_complete_396171c7,N622FB,N622FB,2025-03-07 02:00:05+00,2025-03-07 03:23:13+00,83.13333333333334,KDVT,KDVT,,,,,
2641,fr24_complete_39619dfe,N623FB,N623FB,2025-03-07 03:31:00+00,2025-03-07 04:37:03+00,66.05,KDVT,,,,,,
2640,fr24_complete_3961c574,N624FB,N624FB,2025-03-07 05:03:04+00,2025-03-07 05:58:39+00,55.583333333333336,KDVT,KGEU,,,,,
2639,fr24_complete_3961e105,N624FB,N624FB,2025-03-07 06:01:58+00,2025-03-07 06:33:25+00,31.45,KGEU,KDVT,,,,,
2638,fr24_complete_3961ed03,N623FB,N623FB,2025-03-07 06:30:32+00,2025-03-07 06:47:39+00,17.116666666666667,KDVT,KDVT,,,,,
2637,fr24_complete_39621838,N624FB,N624FB,2025-03-07 08:06:24+00,2025-03-07 08:11:36+00,5.2,KDVT,KDVT,,,,,
2636,fr24_complete_39621ab4,N624FB,N624FB,2025-03-07 08:08:42+00,2025-03-07 08:44:10+00,35.46666666666667,KDVT,KCHD,,,,,
2635,fr24_complete_39622e70,N624FB,N624FB,2025-03-07 08:47:53+00,2025-03-07 08:58:39+00,,KCHD,,,,,,
2634,fr24_complete_39623400,N624FB,N624FB,2025-03-07 08:58:12+00,2025-03-07 09:17:24+00,19.2,KFFZ,KGYR,,,,,
2633,fr24_complete_39623e0e,N624FB,N624FB,2025-03-07 09:16:26+00,2025-03-07 09:25:40+00,9.233333333333333,KGYR,KGEU,,,,,
2632,fr24_complete_39624136,N624FB,N624FB,2025-03-07 09:22:40+00,2025-03-07 09:37:44+00,15.066666666666666,KGYR,KDVT,,,,,
2631,fr24_complete_3964dfaf,N623FB,N623FB,2025-03-08 02:19:38+00,2025-03-08 03:41:11+00,81.55,KDVT,KDVT,,,,,
2630,fr24_complete_3964fe87,N622FB,N622FB,2025-03-08 03:32:03+00,2025-03-08 05:08:19+00,96.26666666666667,KDVT,KDVT,,,,,
2629,fr24_complete_396521d4,N623FB,N623FB,2025-03-08 05:02:31+00,2025-03-08 06:32:27+00,89.93333333333334,KDVT,KDVT,,,,,
2628,fr24_complete_39654505,N622FB,N622FB,2025-03-08 06:28:59+00,2025-03-08 07:26:23+00,,KDVT,,,,,,
2627,fr24_complete_39656985,N623FB,N623FB,2025-03-08 08:01:34+00,2025-03-08 09:29:01+00,87.45,KDVT,KDVT,,,,,
2626,fr24_complete_39679137,N624FB,N624FB,2025-03-08 23:08:57+00,2025-03-08 23:13:51+00,,KDVT,,,,,,
2625,fr24_complete_3967950d,N624FB,N624FB,2025-03-08 23:13:55+00,2025-03-09 00:46:30+00,92.58333333333333,,KDVT,,,,,
2624,fr24_complete_3967e780,N624FB,N624FB,2025-03-09 02:05:44+00,2025-03-09 03:42:37+00,96.88333333333334,KDVT,KDVT,,,,,
2623,fr24_complete_396809a0,N623FB,N623FB,2025-03-09 03:32:33+00,2025-03-09 05:11:10+00,98.61666666666666,KDVT,KDVT,,,,,
2622,fr24_complete_39682ad4,N622FB,N622FB,2025-03-09 05:03:31+00,2025-03-09 06:43:50+00,100.31666666666666,KDVT,KDVT,,,,,
2621,fr24_complete_39684e8b,N623FB,N623FB,2025-03-09 06:34:36+00,2025-03-09 06:41:13+00,6.616666666666666,KDVT,KDVT,,,,,
2620,fr24_complete_39685084,N623FB,N623FB,2025-03-09 06:39:02+00,2025-03-09 08:08:35+00,89.55,KDVT,KDVT,,,,,
2619,fr24_complete_39687031,N622FB,N622FB,2025-03-09 08:01:49+00,2025-03-09 08:05:39+00,,KDVT,,,,,,
2618,fr24_complete_39687233,N622FB,N622FB,2025-03-09 08:09:38+00,2025-03-09 09:43:35+00,93.95,KDVT,KCHD,,,,,
2617,fr24_complete_3968a3c9,N622FB,N622FB,2025-03-09 09:47:35+00,2025-03-09 10:19:45+00,32.166666666666664,,KDVT,,,,,
2616,fr24_complete_396a04ab,N621FB,N621FB,2025-03-09 18:31:05+00,2025-03-09 18:35:50+00,,KDVT,,,,,,
2615,fr24_complete_396a0830,N621FB,N621FB,2025-03-09 18:34:48+00,2025-03-09 18:46:18+00,,,,,,,,
2614,fr24_complete_396a0ed2,N621FB,N621FB,2025-03-09 18:50:46+00,2025-03-09 19:43:47+00,53.016666666666666,KPHX,KDVT,,,,,
2613,fr24_complete_396b260d,N624FB,N624FB,2025-03-10 03:32:58+00,2025-03-10 05:02:34+00,89.6,KDVT,KDVT,,,,,
2612,fr24_complete_396b463e,N623FB,N623FB,2025-03-10 05:00:11+00,2025-03-10 06:45:52+00,105.68333333333334,KDVT,KDVT,,,,,
2611,fr24_complete_396b6b28,N624FB,N624FB,2025-03-10 06:31:04+00,2025-03-10 08:04:38+00,93.56666666666666,KDVT,KDVT,,,,,
2610,fr24_complete_396b8e2d,N623FB,N623FB,2025-03-10 07:59:45+00,2025-03-10 09:29:16+00,89.51666666666667,KDVT,KDVT,,,,,
2609,fr24_complete_396dd2cd,N623FB,N623FB,2025-03-10 23:10:27+00,2025-03-11 00:52:00+00,101.55,KDVT,KDVT,,,,,
2608,fr24_complete_396e37c0,N623FB,N623FB,2025-03-11 02:21:56+00,2025-03-11 03:43:52+00,81.93333333333334,KDVT,KDVT,,,,,
2607,fr24_complete_396e5532,N622FB,N622FB,2025-03-11 03:32:58+00,2025-03-11 03:37:54+00,,KDVT,,,,,,
803,fr24_complete_396e57e8,N622FB,N622FB,2025-03-11 03:37:55+00,2025-03-11 05:05:47+00,,KDVT,,,,,,
2606,fr24_complete_396e76e8,N621FB,N621FB,2025-03-11 05:01:23+00,2025-03-11 06:43:11+00,101.8,KDVT,KDVT,,,,,
2605,fr24_complete_396e9d62,N622FB,N622FB,2025-03-11 06:33:24+00,2025-03-11 08:11:43+00,98.31666666666666,KDVT,KDVT,,,,,
2604,fr24_complete_396ec1b0,N621FB,N621FB,2025-03-11 08:02:47+00,2025-03-11 09:39:24+00,96.61666666666666,KDVT,KDVT,,,,,
2603,fr24_complete_396ff3bf,N624FB,N624FB,2025-03-11 15:43:30+00,2025-03-11 16:00:38+00,17.133333333333333,KDVT,,,,,,
2602,fr24_complete_397088ac,N624FB,N624FB,2025-03-11 19:11:46+00,2025-03-11 20:11:35+00,59.81666666666667,KDVT,KDVT,,,,,
2601,fr24_complete_39711fc4,N623FB,N623FB,2025-03-11 23:03:08+00,2025-03-12 00:52:52+00,109.73333333333333,KDVT,KDVT,,,,,
2600,fr24_complete_397184c5,N623FB,N623FB,2025-03-12 02:09:25+00,2025-03-12 03:49:09+00,99.73333333333333,KDVT,KDVT,,,,,
2599,fr24_complete_3971a72c,N622FB,N622FB,2025-03-12 03:32:27+00,2025-03-12 03:36:01+00,,KDVT,,,,,,
2598,fr24_complete_3971a905,N622FB,N622FB,2025-03-12 04:50:55+00,2025-03-12 05:16:08+00,25.216666666666665,KDVT,KDVT,,,,,
2597,fr24_complete_3971ca63,N621FB,N621FB,2025-03-12 05:04:26+00,2025-03-12 05:12:46+00,8.333333333333334,KDVT,KDVT,,,,,
2596,fr24_complete_3971ccba,N621FB,N621FB,2025-03-12 05:08:43+00,2025-03-12 06:40:02+00,91.31666666666666,KDVT,KDVT,,,,,
2595,fr24_complete_3971ef3b,N622FB,N622FB,2025-03-12 06:32:10+00,2025-03-12 08:07:40+00,95.5,KDVT,KDVT,,,,,
2594,fr24_complete_39721432,N621FB,N621FB,2025-03-12 08:00:17+00,2025-03-12 08:34:30+00,34.21666666666667,KDVT,KGEU,,,,,
2593,fr24_complete_39722617,N621FB,N621FB,2025-03-12 08:38:10+00,2025-03-12 08:47:44+00,9.566666666666666,KGYR,KGYR,,,,,
2592,fr24_complete_3972291a,N621FB,N621FB,2025-03-12 08:45:19+00,2025-03-12 09:20:33+00,35.233333333333334,KGYR,KDVT,,,,,
2591,fr24_complete_3972d4ff,N624FB,N624FB,2025-03-12 13:20:54+00,2025-03-12 13:29:51+00,8.95,KDVT,KDVT,,,,,
2590,fr24_complete_3973520f,N624FB,N624FB,2025-03-12 15:52:58+00,2025-03-12 16:53:27+00,60.483333333333334,KDVT,KDVT,,,,,
2589,fr24_complete_3974714a,N623FB,N623FB,2025-03-12 22:51:44+00,2025-03-13 00:26:44+00,95,KDVT,KDVT,,,,,
2588,fr24_complete_3974b56e,N623FB,N623FB,2025-03-13 00:48:29+00,2025-03-13 00:53:33+00,5.066666666666666,KDVT,KDVT,,,,,
2587,fr24_complete_3974cebc,N623FB,N623FB,2025-03-13 01:36:13+00,2025-03-13 03:41:50+00,125.61666666666666,KDVT,KDVT,,,,,
2586,fr24_complete_3974fc19,N622FB,N622FB,2025-03-13 03:21:11+00,2025-03-13 03:26:03+00,,KDVT,,,,,,
2585,fr24_complete_3974fe85,N622FB,N622FB,2025-03-13 03:26:43+00,2025-03-13 05:10:05+00,103.36666666666666,,KDVT,,,,,
2584,fr24_complete_397523ef,N621FB,N621FB,2025-03-13 05:03:24+00,2025-03-13 06:37:35+00,94.18333333333334,KDVT,KDVT,,,,,
2583,fr24_complete_39754a63,N622FB,N622FB,2025-03-13 06:33:40+00,2025-03-13 06:38:28+00,,KDVT,,,,,,
2582,fr24_complete_39754cb5,N622FB,N622FB,2025-03-13 07:14:35+00,2025-03-13 08:12:28+00,57.88333333333333,KDVT,KDVT,,,,,
2581,fr24_complete_39756ee0,N621FB,N621FB,2025-03-13 08:00:49+00,2025-03-13 08:04:37+00,,KDVT,,,,,,
2580,fr24_complete_3975711d,N621FB,N621FB,2025-03-13 08:04:07+00,2025-03-13 09:28:34+00,84.45,KDVT,KDVT,,,,,
2579,fr24_complete_397689eb,N624FB,N624FB,2025-03-13 15:15:45+00,2025-03-13 16:45:55+00,90.16666666666667,KDVT,KDVT,,,,,
2578,fr24_complete_397719a4,N624FB,N624FB,2025-03-13 18:32:42+00,2025-03-13 19:32:30+00,59.8,KDVT,KDVT,,,,,
2577,fr24_complete_397827d7,N623FB,N623FB,2025-03-14 02:01:55+00,2025-03-14 03:26:06+00,84.18333333333334,KDVT,KDVT,,,,,
2576,fr24_complete_39784e0f,N622FB,N622FB,2025-03-14 03:30:39+00,2025-03-14 05:11:05+00,100.43333333333334,KDVT,KDVT,,,,,
2575,fr24_complete_39787303,N621FB,N621FB,2025-03-14 05:04:57+00,2025-03-14 06:44:18+00,99.35,KDVT,KDVT,,,,,
2574,fr24_complete_3978997c,N622FB,N622FB,2025-03-14 06:33:26+00,2025-03-14 06:38:18+00,,KDVT,,,,,,
2573,fr24_complete_39789bb5,N622FB,N622FB,2025-03-14 06:53:40+00,2025-03-14 08:06:59+00,73.31666666666666,KDVT,KDVT,,,,,
2572,fr24_complete_3978beca,N621FB,N621FB,2025-03-14 08:02:03+00,2025-03-14 09:21:10+00,79.11666666666666,KDVT,KDVT,,,,,
2571,fr24_complete_3979d1f8,N622FB,N622FB,2025-03-14 15:11:10+00,2025-03-14 16:06:08+00,54.96666666666667,KDVT,KDVT,,,,,
2570,fr24_complete_397a5981,N622FB,N622FB,2025-03-14 18:19:35+00,2025-03-14 19:28:35+00,69,KDVT,KDVT,,,,,
2569,fr24_complete_397ac442,N621FB,N621FB,2025-03-14 21:08:42+00,2025-03-14 22:41:04+00,92.36666666666666,KDVT,KDVT,,,,,
2568,fr24_complete_397b58a1,N621FB,N621FB,2025-03-15 02:04:30+00,2025-03-15 02:23:22+00,18.866666666666667,KDVT,KGEU,,,,,
2567,fr24_complete_397b6138,N621FB,N621FB,2025-03-15 02:24:48+00,2025-03-15 02:32:50+00,8.033333333333333,KGEU,KGEU,,,,,
2566,fr24_complete_397b6489,N621FB,N621FB,2025-03-15 02:33:44+00,2025-03-15 03:45:47+00,72.05,KGEU,KDVT,,,,,
2565,fr24_complete_397b7a0c,N624FB,N624FB,2025-03-15 03:31:08+00,2025-03-15 03:35:10+00,,KDVT,,,,,,
2564,fr24_complete_397b7be0,N624FB,N624FB,2025-03-15 03:34:56+00,2025-03-15 05:10:28+00,95.53333333333333,KDVT,KDVT,,,,,
2563,fr24_complete_397b9b07,N621FB,N621FB,2025-03-15 05:04:24+00,2025-03-15 06:43:36+00,99.2,KDVT,KDVT,,,,,
2562,fr24_complete_397bbd39,N624FB,N624FB,2025-03-15 06:33:05+00,2025-03-15 08:13:30+00,100.41666666666667,KDVT,KDVT,,,,,
2561,fr24_complete_397bde18,N621FB,N621FB,2025-03-15 08:01:35+00,2025-03-15 08:52:17+00,50.7,KDVT,KDVT,,,,,
2560,fr24_complete_397c6f98,N622FB,N622FB,2025-03-15 12:39:13+00,2025-03-15 12:43:04+00,,KDVT,,,,,,
2559,fr24_complete_397c729b,N622FB,N622FB,2025-03-15 12:42:49+00,2025-03-15 13:20:14+00,37.416666666666664,KDVT,KDVT,,,,,
2558,fr24_complete_397ce009,N622FB,N622FB,2025-03-15 15:33:46+00,2025-03-15 15:38:34+00,,KDVT,,,,,,
2557,fr24_complete_397ce324,N622FB,N622FB,2025-03-15 16:53:45+00,2025-03-15 17:01:42+00,,,,,,,,
2556,fr24_complete_397d151e,N622FB,N622FB,2025-03-15 17:00:44+00,2025-03-15 17:11:26+00,10.7,,KDVT,,,,,
2555,fr24_complete_397dc7eb,N621FB,N621FB,2025-03-15 23:03:30+00,2025-03-15 23:09:11+00,5.683333333333334,KDVT,KDVT,,,,,
845,fr24_complete_397dcd2c,N621FB,N621FB,2025-03-15 23:18:11+00,2025-03-15 23:23:36+00,,KDVT,,,,,,
844,fr24_complete_397dd2c9,N621FB,N621FB,2025-03-15 23:25:16+00,2025-03-15 23:28:50+00,,,,,,,,
2554,fr24_complete_397dd588,N621FB,N621FB,2025-03-15 23:30:52+00,2025-03-15 23:36:53+00,,KDVT,,,,,,
2553,fr24_complete_397dd8e8,N621FB,N621FB,2025-03-15 23:37:02+00,2025-03-15 23:45:03+00,,,,,,,,
843,fr24_complete_397ddbf2,N621FB,N621FB,2025-03-15 23:45:04+00,2025-03-15 23:50:24+00,,,KDVT,,,,,
842,fr24_complete_397de066,N621FB,N621FB,2025-03-15 23:55:17+00,2025-03-16 00:02:07+00,,KDVT,,,,,,
2552,fr24_complete_397de670,N621FB,N621FB,2025-03-16 00:08:28+00,2025-03-16 00:16:23+00,7.916666666666667,KDVT,KDVT,,,,,
841,fr24_complete_397de8f6,N621FB,N621FB,2025-03-16 00:14:02+00,2025-03-16 00:16:55+00,,KDVT,,,,,,
2551,fr24_complete_397e0fd3,N621FB,N621FB,2025-03-16 01:49:00+00,2025-03-16 03:15:41+00,86.68333333333334,KDVT,KDVT,,,,,
2550,fr24_complete_397e38b6,N624FB,N624FB,2025-03-16 03:38:17+00,2025-03-16 05:11:00+00,92.71666666666667,KDVT,KDVT,,,,,
2549,fr24_complete_397e54d6,N621FB,N621FB,2025-03-16 04:58:28+00,2025-03-16 06:41:55+00,103.45,KDVT,KDVT,,,,,
2548,fr24_complete_397e7a6d,N624FB,N624FB,2025-03-16 06:37:25+00,2025-03-16 08:01:46+00,84.35,KDVT,KDVT,,,,,
2547,fr24_complete_397e9903,N621FB,N621FB,2025-03-16 07:58:47+00,2025-03-16 09:01:16+00,62.483333333333334,KDVT,KGEU,,,,,
2546,fr24_complete_397eb54c,N621FB,N621FB,2025-03-16 09:05:34+00,2025-03-16 09:44:34+00,39,KGEU,KDVT,,,,,
2545,fr24_complete_397fe6f3,N622FB,N622FB,2025-03-16 17:30:49+00,2025-03-16 18:52:52+00,82.05,KDVT,KDVT,,,,,
2544,fr24_complete_3980a04b,N623FB,N623FB,2025-03-16 23:05:05+00,2025-03-17 00:29:49+00,84.73333333333333,KDVT,KDVT,,,,,
2543,fr24_complete_3980cfb4,N621FB,N621FB,2025-03-17 00:37:06+00,2025-03-17 01:41:39+00,64.55,KDVT,KDVT,,,,,
2542,fr24_complete_3980cea8,N624FB,N624FB,2025-03-17 00:37:22+00,2025-03-17 00:39:36+00,,KDVT,,,,,,
2541,fr24_complete_3980d110,N624FB,N624FB,2025-03-17 00:38:29+00,2025-03-17 01:42:14+00,63.75,KDVT,KDVT,,,,,
2540,fr24_complete_3980f7fe,N623FB,N623FB,2025-03-17 02:07:10+00,2025-03-17 03:43:46+00,96.6,KDVT,KDVT,,,,,
2539,fr24_complete_39811aaa,N624FB,N624FB,2025-03-17 03:32:25+00,2025-03-17 03:37:03+00,,KDVT,,,,,,
742,fr24_complete_39811c87,N624FB,N624FB,2025-03-17 03:37:05+00,2025-03-17 05:09:34+00,,,KDVT,,,,,
2538,fr24_complete_39813cd4,N621FB,N621FB,2025-03-17 05:01:46+00,2025-03-17 06:42:09+00,100.38333333333334,KDVT,KDVT,,,,,
2537,fr24_complete_3981647b,N622FB,N622FB,2025-03-17 06:31:53+00,2025-03-17 08:08:31+00,96.63333333333334,KDVT,KDVT,,,,,
2536,fr24_complete_39818bb2,N621FB,N621FB,2025-03-17 08:03:57+00,2025-03-17 09:23:15+00,79.3,KDVT,KDVT,,,,,
2535,fr24_complete_39822960,N624FB,N624FB,2025-03-17 12:38:37+00,2025-03-17 12:45:47+00,,KDVT,,,,,,
2534,fr24_complete_39822eef,N624FB,N624FB,2025-03-17 12:45:53+00,2025-03-17 12:50:50+00,,KDVT,,,,,,
2533,fr24_complete_39823270,N624FB,N624FB,2025-03-17 12:54:16+00,2025-03-17 13:21:00+00,26.733333333333334,,KDVT,,,,,
2532,fr24_complete_39829b34,N623FB,N623FB,2025-03-17 15:08:02+00,2025-03-17 16:07:47+00,59.75,KDVT,KDVT,,,,,
2531,fr24_complete_39833472,N623FB,N623FB,2025-03-17 18:54:02+00,2025-03-17 19:51:47+00,57.75,KDVT,KDVT,,,,,
2530,fr24_complete_3983c882,N622FB,N622FB,2025-03-17 23:09:04+00,2025-03-18 00:38:17+00,89.21666666666667,KDVT,KDVT,,,,,
2529,fr24_complete_3983c9ff,N623FB,N623FB,2025-03-17 23:42:05+00,2025-03-17 23:54:30+00,12.416666666666666,KPHX,KDVT,,,,,
2528,fr24_complete_398421fb,N622FB,N622FB,2025-03-18 02:02:10+00,2025-03-18 02:07:03+00,,KDVT,,,,,,
2527,fr24_complete_398424ae,N622FB,N622FB,2025-03-18 02:12:02+00,2025-03-18 03:38:39+00,86.61666666666666,KDVT,KDVT,,,,,
2526,fr24_complete_39844839,N621FB,N621FB,2025-03-18 03:32:26+00,2025-03-18 04:58:43+00,86.28333333333333,KDVT,KDVT,,,,,
2525,fr24_complete_39846b4b,N622FB,N622FB,2025-03-18 05:03:56+00,2025-03-18 06:34:03+00,90.11666666666666,KDVT,KDVT,,,,,
2524,fr24_complete_398491a9,N621FB,N621FB,2025-03-18 06:31:11+00,2025-03-18 08:04:01+00,92.83333333333333,KDVT,KDVT,,,,,
2523,fr24_complete_3984b8ba,N622FB,N622FB,2025-03-18 08:01:48+00,2025-03-18 08:05:33+00,,KDVT,,,,,,
2522,fr24_complete_3984bb05,N622FB,N622FB,2025-03-18 08:30:39+00,2025-03-18 09:18:54+00,48.25,KDVT,KDVT,,,,,
2521,fr24_complete_3985f812,N621FB,N621FB,2025-03-18 15:40:11+00,2025-03-18 15:45:03+00,,KDVT,,,,,,
2520,fr24_complete_3985fc37,N621FB,N621FB,2025-03-18 15:44:23+00,2025-03-18 16:02:20+00,17.95,KDVT,,,,,,
2519,fr24_complete_39872c1c,N622FB,N622FB,2025-03-18 23:11:44+00,2025-03-19 00:43:56+00,92.2,KDVT,KDVT,,,,,
2518,fr24_complete_39878b64,N622FB,N622FB,2025-03-19 02:05:48+00,2025-03-19 03:40:52+00,95.06666666666666,KDVT,KDVT,,,,,
2517,fr24_complete_3987b0b1,N623FB,N623FB,2025-03-19 03:32:06+00,2025-03-19 05:08:03+00,95.95,KDVT,KDVT,,,,,
2516,fr24_complete_3987d506,N622FB,N622FB,2025-03-19 05:01:15+00,2025-03-19 06:37:25+00,96.16666666666667,KDVT,KDVT,,,,,
2515,fr24_complete_3987fd80,N623FB,N623FB,2025-03-19 06:31:54+00,2025-03-19 08:14:04+00,102.16666666666667,KDVT,KDVT,,,,,
2514,fr24_complete_398825f7,N622FB,N622FB,2025-03-19 08:03:34+00,2025-03-19 09:36:49+00,93.25,KDVT,KDVT,,,,,
2513,fr24_complete_39886089,N622FB,N622FB,2025-03-19 09:53:30+00,2025-03-19 10:16:00+00,22.5,KDVT,KDVT,,,,,
2512,fr24_complete_39893c8f,N621FB,N621FB,2025-03-19 14:39:44+00,2025-03-19 15:33:43+00,53.983333333333334,KDVT,KDVT,,,,,
2511,fr24_complete_398ab23f,N623FB,N623FB,2025-03-19 23:02:26+00,2025-03-20 00:17:41+00,75.25,KDVT,,,,,,
2510,fr24_complete_398b1c8d,N623FB,N623FB,2025-03-20 02:04:56+00,2025-03-20 03:38:25+00,93.48333333333333,KDVT,KDVT,,,,,
2509,fr24_complete_398b4370,N622FB,N622FB,2025-03-20 03:32:49+00,2025-03-20 04:35:42+00,,KDVT,,,,,,
2508,fr24_complete_398b5d9a,N622FB,N622FB,2025-03-20 04:35:35+00,2025-03-20 05:09:01+00,33.43333333333333,KGEU,KDVT,,,,,
2507,fr24_complete_398b68e2,N624FB,N624FB,2025-03-20 05:03:23+00,2025-03-20 06:37:42+00,94.31666666666666,KDVT,KDVT,,,,,
2506,fr24_complete_398b8fb9,N622FB,N622FB,2025-03-20 06:31:53+00,2025-03-20 08:14:17+00,102.4,KDVT,KDVT,,,,,
2505,fr24_complete_398bb7a7,N624FB,N624FB,2025-03-20 08:02:37+00,2025-03-20 09:28:32+00,85.91666666666667,KDVT,KDVT,,,,,
2504,fr24_complete_398c62b0,N621FB,N621FB,2025-03-20 12:36:01+00,2025-03-20 12:40:28+00,,KDVT,,,,,,
2503,fr24_complete_398c66b0,N621FB,N621FB,2025-03-20 12:39:16+00,2025-03-20 13:27:45+00,48.483333333333334,KDVT,KDVT,,,,,
2502,fr24_complete_398d6dfa,N621FB,N621FB,2025-03-20 18:05:57+00,2025-03-20 18:53:31+00,47.56666666666667,KDVT,KDVT,,,,,
2501,fr24_complete_398e3205,N623FB,N623FB,2025-03-20 23:00:44+00,2025-03-20 23:05:36+00,,KDVT,,,,,,
2500,fr24_complete_398e989a,N623FB,N623FB,2025-03-21 01:56:38+00,2025-03-21 03:33:13+00,96.58333333333333,KDVT,KDVT,,,,,
2499,fr24_complete_398ec5d6,N622FB,N622FB,2025-03-21 03:31:01+00,2025-03-21 05:13:47+00,102.76666666666667,KDVT,KDVT,,,,,
2498,fr24_complete_398eebe8,N624FB,N624FB,2025-03-21 05:00:57+00,2025-03-21 07:07:42+00,126.75,KDVT,KDVT,,,,,
2497,fr24_complete_398f143f,N622FB,N622FB,2025-03-21 06:32:56+00,2025-03-21 08:07:21+00,94.41666666666667,KDVT,KDVT,,,,,
2496,fr24_complete_398f3d24,N624FB,N624FB,2025-03-21 08:04:01+00,2025-03-21 09:28:23+00,84.36666666666666,KDVT,KDVT,,,,,
2495,fr24_complete_398fe046,N621FB,N621FB,2025-03-21 12:30:53+00,2025-03-21 13:09:55+00,39.03333333333333,KDVT,KDVT,,,,,
2494,fr24_complete_39905efe,N621FB,N621FB,2025-03-21 14:53:45+00,2025-03-21 16:25:49+00,92.06666666666666,KDVT,KDVT,,,,,
2493,fr24_complete_399104f9,N621FB,N621FB,2025-03-21 18:15:51+00,2025-03-21 19:14:11+00,58.333333333333336,KDVT,KDVT,,,,,
2492,fr24_complete_3991d085,N623FB,N623FB,2025-03-21 23:05:40+00,2025-03-21 23:22:40+00,,KDVT,,,,,,
2491,fr24_complete_3991dbb9,N623FB,N623FB,2025-03-21 23:24:47+00,2025-03-22 00:27:50+00,63.05,KDVT,KDVT,,,,,
2490,fr24_complete_39923373,N623FB,N623FB,2025-03-22 02:04:42+00,2025-03-22 02:11:03+00,6.35,KDVT,KDVT,,,,,
2489,fr24_complete_399235e4,N623FB,N623FB,2025-03-22 02:07:18+00,2025-03-22 02:14:04+00,,KDVT,,,,,,
2488,fr24_complete_3992388b,N623FB,N623FB,2025-03-22 02:14:05+00,2025-03-22 03:35:32+00,81.45,KDVT,KDVT,,,,,
2487,fr24_complete_399258c0,N622FB,N622FB,2025-03-22 03:32:10+00,2025-03-22 05:01:39+00,89.48333333333333,KDVT,,,,,,
2486,fr24_complete_39927cbc,N624FB,N624FB,2025-03-22 05:05:56+00,2025-03-22 05:10:50+00,,KDVT,,,,,,
2485,fr24_complete_39927f62,N624FB,N624FB,2025-03-22 05:27:48+00,2025-03-22 06:44:15+00,76.45,,KDVT,,,,,
2484,fr24_complete_39929f88,N622FB,N622FB,2025-03-22 06:31:16+00,2025-03-22 06:35:38+00,,KDVT,,,,,,
2483,fr24_complete_3992a17e,N622FB,N622FB,2025-03-22 06:35:07+00,2025-03-22 08:06:06+00,90.98333333333333,KDVT,KDVT,,,,,
2482,fr24_complete_3992c24b,N624FB,N624FB,2025-03-22 08:00:29+00,2025-03-22 08:03:28+00,,KDVT,,,,,,
2481,fr24_complete_3992c466,N624FB,N624FB,2025-03-22 08:06:43+00,2025-03-22 09:43:13+00,96.5,KDVT,KDVT,,,,,
2480,fr24_complete_399360e3,N621FB,N621FB,2025-03-22 12:33:58+00,2025-03-22 13:14:53+00,40.916666666666664,KDVT,KDVT,,,,,
2479,fr24_complete_399468f7,N621FB,N621FB,2025-03-22 18:06:12+00,2025-03-22 18:54:58+00,48.766666666666666,KDVT,KDVT,,,,,
2478,fr24_complete_39944b3c,N623FB,N623FB,2025-03-22 20:57:45+00,2025-03-22 22:20:52+00,83.11666666666666,KPHX,KDVT,,,,,
2477,fr24_complete_399542af,N623FB,N623FB,2025-03-23 00:04:36+00,2025-03-23 00:09:56+00,5.333333333333333,KDVT,KDVT,,,,,
2476,fr24_complete_39954605,N623FB,N623FB,2025-03-23 00:10:35+00,2025-03-23 00:19:04+00,,KDVT,,,,,,
2475,fr24_complete_39954a9a,N623FB,N623FB,2025-03-23 00:18:05+00,2025-03-23 00:21:22+00,3.283333333333333,,KDVT,,,,,
2474,fr24_complete_39954cf2,N623FB,N623FB,2025-03-23 00:29:35+00,2025-03-23 00:30:37+00,,KDVT,,,,,,
690,fr24_complete_3995507d,N623FB,N623FB,2025-03-23 00:30:38+00,2025-03-23 00:36:58+00,,,,,,,,
2473,fr24_complete_399553a8,N623FB,N623FB,2025-03-23 00:39:59+00,2025-03-23 01:32:25+00,52.43333333333333,KDVT,KDVT,,,,,
2472,fr24_complete_3995a024,N622FB,N622FB,2025-03-23 03:33:08+00,2025-03-23 05:10:20+00,97.2,KDVT,KDVT,,,,,
2471,fr24_complete_3995c040,N624FB,N624FB,2025-03-23 05:01:56+00,2025-03-23 06:39:00+00,97.06666666666666,KDVT,KDVT,,,,,
2470,fr24_complete_399604f6,N624FB,N624FB,2025-03-23 08:03:33+00,2025-03-23 10:16:17+00,132.73333333333332,KDVT,KDVT,,,,,
2469,fr24_complete_39971752,N621FB,N621FB,2025-03-23 15:35:05+00,2025-03-23 16:39:13+00,64.13333333333334,KDVT,KDVT,,,,,
2468,fr24_complete_39978eb2,N621FB,N621FB,2025-03-23 18:25:22+00,2025-03-23 20:04:12+00,98.83333333333333,KDVT,KDVT,,,,,
2467,fr24_complete_39983263,N624FB,N624FB,2025-03-23 22:44:25+00,2025-03-23 22:49:21+00,,KDVT,,,,,,
2466,fr24_complete_3998356c,N624FB,N624FB,2025-03-24 00:43:58+00,2025-03-24 00:58:10+00,14.2,,KDVT,,,,,
2465,fr24_complete_3998a202,N624FB,N624FB,2025-03-24 02:28:26+00,2025-03-24 03:51:20+00,82.9,KDVT,KDVT,,,,,
2464,fr24_complete_3998bc47,N623FB,N623FB,2025-03-24 03:33:02+00,2025-03-24 05:03:33+00,90.51666666666667,KDVT,KDVT,,,,,
2463,fr24_complete_3998ddb7,N624FB,N624FB,2025-03-24 05:00:37+00,2025-03-24 06:35:46+00,95.15,KDVT,KDVT,,,,,
2462,fr24_complete_3999064b,N623FB,N623FB,2025-03-24 06:32:40+00,2025-03-24 08:10:13+00,97.55,KDVT,KDVT,,,,,
2461,fr24_complete_39992c0c,N624FB,N624FB,2025-03-24 08:03:01+00,2025-03-24 09:22:54+00,79.88333333333334,KDVT,KDVT,,,,,
2460,fr24_complete_39997a1f,N624FB,N624FB,2025-03-24 10:38:15+00,2025-03-24 10:43:52+00,5.616666666666666,KDVT,KDVT,,,,,
2459,fr24_complete_399bdaeb,N624FB,N624FB,2025-03-25 02:08:04+00,2025-03-25 02:12:35+00,4.516666666666667,KDVT,KDVT,,,,,
2458,fr24_complete_399bdd35,N624FB,N624FB,2025-03-25 02:09:53+00,2025-03-25 03:36:36+00,86.71666666666667,KDVT,KDVT,,,,,
2457,fr24_complete_399c00f9,N623FB,N623FB,2025-03-25 03:30:00+00,2025-03-25 05:08:43+00,98.71666666666667,KDVT,KDVT,,,,,
2456,fr24_complete_399c258e,N624FB,N624FB,2025-03-25 05:01:00+00,2025-03-25 06:33:50+00,92.83333333333333,KDVT,KDVT,,,,,
2455,fr24_complete_399c4cd9,N623FB,N623FB,2025-03-25 06:31:13+00,2025-03-25 07:39:27+00,68.23333333333333,KDVT,KDVT,,,,,
2454,fr24_complete_399caf5f,N624FB,N624FB,2025-03-25 10:02:42+00,2025-03-25 10:37:34+00,34.86666666666667,KDVT,KDVT,,,,,
2453,fr24_complete_399cc955,N624FB,N624FB,2025-03-25 10:48:59+00,2025-03-25 11:05:07+00,16.133333333333333,KDVT,KDVT,,,,,
2452,fr24_complete_399e061b,N621FB,N621FB,2025-03-25 17:33:08+00,2025-03-25 18:44:15+00,71.11666666666666,KDVT,KDVT,,,,,
2451,fr24_complete_399eedf9,N624FB,N624FB,2025-03-25 23:07:21+00,2025-03-26 00:55:25+00,108.06666666666666,KDVT,KDVT,,,,,
2450,fr24_complete_399f59f7,N624FB,N624FB,2025-03-26 02:15:14+00,2025-03-26 03:45:02+00,89.8,KDVT,KDVT,,,,,
2449,fr24_complete_399f7dde,N623FB,N623FB,2025-03-26 03:34:38+00,2025-03-26 05:06:26+00,91.8,KDVT,KDVT,,,,,
2448,fr24_complete_399f9fea,N624FB,N624FB,2025-03-26 05:00:45+00,2025-03-26 06:35:16+00,94.51666666666667,KDVT,KDVT,,,,,
2447,fr24_complete_399fc8ee,N623FB,N623FB,2025-03-26 06:33:57+00,2025-03-26 07:58:31+00,84.56666666666666,KDVT,KDVT,,,,,
2446,fr24_complete_39a18284,N621FB,N621FB,2025-03-26 17:13:49+00,2025-03-26 17:18:38+00,,KDVT,,,,,,
2445,fr24_complete_39a1a6cf,N621FB,N621FB,2025-03-26 17:59:18+00,2025-03-26 18:03:50+00,4.533333333333333,KDVT,KDVT,,,,,
2444,fr24_complete_39a1ad5e,N621FB,N621FB,2025-03-26 18:08:39+00,2025-03-26 18:58:51+00,50.2,KDVT,KDVT,,,,,
2443,fr24_complete_39a278be,N624FB,N624FB,2025-03-26 23:03:38+00,2025-03-26 23:08:35+00,,KDVT,,,,,,
2442,fr24_complete_39a2df61,N624FB,N624FB,2025-03-27 02:04:35+00,2025-03-27 03:46:05+00,101.5,KDVT,KDVT,,,,,
2441,fr24_complete_39a32aec,N624FB,N624FB,2025-03-27 05:03:59+00,2025-03-27 06:36:08+00,92.15,KDVT,KDVT,,,,,
2440,fr24_complete_39a3801f,N624FB,N624FB,2025-03-27 08:14:14+00,2025-03-27 10:00:21+00,106.11666666666666,KDVT,KDVT,,,,,
2439,fr24_complete_39a614ca,N624FB,N624FB,2025-03-27 23:08:23+00,2025-03-28 00:33:08+00,84.75,KDVT,KDVT,,,,,
2438,fr24_complete_39a6746e,N624FB,N624FB,2025-03-28 01:56:11+00,2025-03-28 02:01:08+00,,KDVT,,,,,,
2437,fr24_complete_39a6774a,N624FB,N624FB,2025-03-28 01:59:50+00,2025-03-28 03:42:56+00,103.1,KDVT,KDVT,,,,,
2436,fr24_complete_39a69f40,N623FB,N623FB,2025-03-28 03:29:23+00,2025-03-28 04:09:42+00,40.31666666666667,KDVT,,,,,,
2435,fr24_complete_39a6c39c,N624FB,N624FB,2025-03-28 05:00:50+00,2025-03-28 05:44:33+00,43.71666666666667,KDVT,KGEU,,,,,
2434,fr24_complete_39a6d8ed,N624FB,N624FB,2025-03-28 05:47:57+00,2025-03-28 06:49:58+00,62.016666666666666,KGEU,KDVT,,,,,
2433,fr24_complete_39a6eb63,N623FB,N623FB,2025-03-28 06:30:29+00,2025-03-28 07:50:41+00,80.2,KDVT,KDVT,,,,,
2432,fr24_complete_39a78a5c,N624FB,N624FB,2025-03-28 11:27:48+00,2025-03-28 12:08:22+00,40.56666666666667,KDVT,KDVT,,,,,
2431,fr24_complete_39a8c8d8,N621FB,N621FB,2025-03-28 18:05:06+00,2025-03-28 18:58:17+00,53.18333333333333,KDVT,KDVT,,,,,
2430,fr24_complete_39a91e9b,N624FB,N624FB,2025-03-28 20:10:36+00,2025-03-28 20:51:48+00,41.2,KDVT,KDVT,,,,,
2429,fr24_complete_39a93a31,N624FB,N624FB,2025-03-28 20:54:23+00,2025-03-28 21:04:22+00,,KDVT,,,,,,
2428,fr24_complete_39a9d7b7,N624FB,N624FB,2025-03-29 01:42:41+00,2025-03-29 03:17:15+00,94.56666666666666,KDVT,KDVT,,,,,
2427,fr24_complete_39aa0751,N623FB,N623FB,2025-03-29 03:36:12+00,2025-03-29 05:08:44+00,92.53333333333333,KDVT,KDVT,,,,,
2425,fr24_complete_39aa32dd,N624FB,N624FB,2025-03-29 05:30:37+00,2025-03-29 07:01:48+00,91.18333333333334,KDVT,KDVT,,,,,
2424,fr24_complete_39aa54f5,N623FB,N623FB,2025-03-29 06:56:32+00,2025-03-29 08:15:14+00,78.7,KDVT,KDVT,,,,,
2423,fr24_complete_39aaa0e1,N624FB,N624FB,2025-03-29 09:47:20+00,2025-03-29 10:53:55+00,66.58333333333333,KDVT,KDVT,,,,,
2422,fr24_complete_39ac9078,N624FB,N624FB,2025-03-29 23:05:43+00,2025-03-29 23:41:44+00,36.016666666666666,KDVT,KDVT,,,,,
2421,fr24_complete_39aca4ad,N624FB,N624FB,2025-03-29 23:46:00+00,2025-03-30 00:33:06+00,47.1,KDVT,KDVT,,,,,
2420,fr24_complete_39ace018,N624FB,N624FB,2025-03-30 02:00:46+00,2025-03-30 03:35:57+00,95.18333333333334,KDVT,KDVT,,,,,
2419,fr24_complete_39ad26dc,N624FB,N624FB,2025-03-30 05:01:41+00,2025-03-30 06:55:32+00,113.85,KDVT,KDVT,,,,,
2418,fr24_complete_39aee37b,N621FB,N621FB,2025-03-30 18:41:10+00,2025-03-30 18:46:05+00,,KDVT,,,,,,
2417,fr24_complete_39aee68d,N621FB,N621FB,2025-03-30 18:49:43+00,2025-03-30 19:44:14+00,54.516666666666666,KDVT,KDVT,,,,,
2416,fr24_complete_39af6c62,N624FB,N624FB,2025-03-30 23:11:00+00,2025-03-31 00:32:56+00,81.93333333333334,KDVT,KDVT,,,,,
2415,fr24_complete_39afbed2,N624FB,N624FB,2025-03-31 02:07:16+00,2025-03-31 03:41:21+00,94.08333333333333,KDVT,KDVT,,,,,
2414,fr24_complete_39b0088d,N624FB,N624FB,2025-03-31 05:01:14+00,2025-03-31 06:36:24+00,95.16666666666667,KDVT,KDVT,,,,,
2413,fr24_complete_39b0b6c6,N624FB,N624FB,2025-03-31 10:54:03+00,2025-03-31 11:38:33+00,44.5,KDVT,KDVT,,,,,
2412,fr24_complete_39b1eec8,N621FB,N621FB,2025-03-31 18:06:03+00,2025-03-31 19:09:55+00,63.86666666666667,KDVT,KDVT,,,,,
2411,fr24_complete_39b2a546,N624FB,N624FB,2025-03-31 23:04:43+00,2025-03-31 23:23:09+00,18.433333333333334,KDVT,KPHX,,,,,
2410,fr24_complete_39b30486,N624FB,N624FB,2025-04-01 02:03:53+00,2025-04-01 03:46:03+00,102.16666666666667,KDVT,KDVT,,,,,
2409,fr24_complete_39b32da6,N623FB,N623FB,2025-04-01 03:29:47+00,2025-04-01 05:26:22+00,116.58333333333333,KDVT,KDVT,,,,,
2408,fr24_complete_39b358ec,N624FB,N624FB,2025-04-01 05:02:08+00,2025-04-01 06:41:48+00,99.66666666666667,KDVT,KDVT,,,,,
2407,fr24_complete_39b382e0,N623FB,N623FB,2025-04-01 06:31:43+00,2025-04-01 08:08:07+00,96.4,KDVT,KDVT,,,,,
2406,fr24_complete_39b3c188,N623FB,N623FB,2025-04-01 08:37:24+00,2025-04-01 09:30:06+00,52.7,KDVT,KDVT,,,,,
2405,fr24_complete_39b573cb,N621FB,N621FB,2025-04-01 18:42:06+00,2025-04-01 20:33:55+00,111.81666666666666,KDVT,KDVT,,,,,
2404,fr24_complete_39b62e3d,N624FB,N624FB,2025-04-01 23:37:44+00,2025-04-02 00:37:01+00,59.28333333333333,KDVT,KDVT,,,,,
2403,fr24_complete_39b67aa5,N624FB,N624FB,2025-04-02 02:04:33+00,2025-04-02 03:35:25+00,90.86666666666666,KDVT,KDVT,,,,,
2402,fr24_complete_39b6ca4b,N624FB,N624FB,2025-04-02 05:02:37+00,2025-04-02 06:34:11+00,91.56666666666666,KDVT,KDVT,,,,,
2401,fr24_complete_39b7254d,N624FB,N624FB,2025-04-02 08:07:32+00,2025-04-02 09:54:03+00,106.51666666666667,KDVT,KDVT,,,,,
2400,fr24_complete_39b8b7fe,N621FB,N621FB,2025-04-02 17:36:21+00,2025-04-02 18:36:55+00,60.56666666666667,KDVT,KDVT,,,,,
2399,fr24_complete_39b97d30,N624FB,N624FB,2025-04-02 22:50:54+00,2025-04-03 00:12:09+00,81.25,KDVT,KDVT,,,,,
2398,fr24_complete_39b9e2f4,N624FB,N624FB,2025-04-03 01:59:37+00,2025-04-03 03:38:07+00,98.5,KDVT,KDVT,,,,,
2397,fr24_complete_39ba0d3d,N623FB,N623FB,2025-04-03 03:31:52+00,2025-04-03 05:01:29+00,89.61666666666666,KDVT,KDVT,,,,,
2396,fr24_complete_39ba39cd,N624FB,N624FB,2025-04-03 05:02:29+00,2025-04-03 05:14:25+00,,KDVT,,,,,,
2395,fr24_complete_39ba4006,N624FB,N624FB,2025-04-03 05:14:20+00,2025-04-03 05:50:55+00,36.583333333333336,KGEU,KPHX,,,,,
691,fr24_complete_39ba3b04,N623FB,N623FB,2025-04-03 06:29:08+00,2025-04-03 06:29:08+00,,KDVT,,,,,,
2394,fr24_complete_39ba6467,N623FB,N623FB,2025-04-03 06:29:31+00,2025-04-03 08:39:00+00,129.48333333333332,KDVT,KDVT,,,,,
2393,fr24_complete_39bbc86f,N625FB,N625FB,2025-04-03 15:05:32+00,2025-04-03 15:13:58+00,8.433333333333334,KDVT,KDVT,,,,,
2391,fr24_complete_39bbd88c,N625FB,N625FB,2025-04-03 15:24:01+00,2025-04-03 15:31:56+00,7.916666666666667,KDVT,KDVT,,,,,
2390,fr24_complete_39bbe7d9,N625FB,N625FB,2025-04-03 15:43:24+00,2025-04-03 15:51:27+00,8.05,KDVT,KDVT,,,,,
2389,fr24_complete_39bbf2ca,N625FB,N625FB,2025-04-03 16:00:04+00,2025-04-03 16:18:50+00,18.766666666666666,KDVT,,,,,,
2388,fr24_complete_39bc4de6,N621FB,N621FB,2025-04-03 18:00:25+00,2025-04-03 18:58:01+00,57.6,KDVT,KDVT,,,,,
2387,fr24_complete_39bd0552,N624FB,N624FB,2025-04-03 22:39:37+00,2025-04-03 23:50:46+00,71.15,KDVT,KDVT,,,,,
2386,fr24_complete_39bd7d08,N624FB,N624FB,2025-04-04 02:04:19+00,2025-04-04 03:36:36+00,92.28333333333333,KDVT,KDVT,,,,,
2385,fr24_complete_39bda842,N623FB,N623FB,2025-04-04 03:33:40+00,2025-04-04 05:05:21+00,91.68333333333334,KDVT,KDVT,,,,,
2384,fr24_complete_39bdd3bc,N624FB,N624FB,2025-04-04 05:01:21+00,2025-04-04 06:32:49+00,91.46666666666667,KDVT,KDVT,,,,,
2383,fr24_complete_39bdffbd,N623FB,N623FB,2025-04-04 06:29:57+00,2025-04-04 08:15:42+00,105.75,KDVT,KDVT,,,,,
746,fr24_complete_39be031f,N624FB,N624FB,2025-04-04 07:59:09+00,2025-04-04 07:59:56+00,,KDVT,,,,,,
2382,fr24_complete_39be30c1,N624FB,N624FB,2025-04-04 08:00:12+00,2025-04-04 09:05:40+00,65.46666666666667,KDVT,KDVT,,,,,
2381,fr24_complete_39be5711,N624FB,N624FB,2025-04-04 09:06:18+00,2025-04-04 09:21:37+00,15.316666666666666,KDVT,KDVT,,,,,
2380,fr24_complete_39bfcefa,N623FB,N623FB,2025-04-04 17:02:15+00,2025-04-04 17:12:49+00,10.566666666666666,KDVT,KPHX,,,,,
2379,fr24_complete_39bfdaf2,N623FB,N623FB,2025-04-04 17:15:35+00,2025-04-04 17:26:55+00,11.333333333333334,KPHX,KDVT,,,,,
2378,fr24_complete_39bfe2f1,N623FB,N623FB,2025-04-04 17:29:32+00,2025-04-04 17:39:37+00,,KDVT,,,,,,
2376,fr24_complete_39bff05c,N623FB,N623FB,2025-04-04 17:41:50+00,2025-04-04 17:51:54+00,10.066666666666666,KPHX,KDVT,,,,,
2377,fr24_complete_39bff9dc,N621FB,N621FB,2025-04-04 17:53:56+00,2025-04-04 18:58:27+00,64.51666666666667,KDVT,KDVT,,,,,
846,fr24_complete_39c02bc5,N621FB,N621FB,2025-04-04 18:58:29+00,2025-04-04 18:59:10+00,,KDVT,,,,,,
2375,fr24_complete_39c0c24e,N624FB,N624FB,2025-04-04 22:36:38+00,2025-04-04 23:01:19+00,24.683333333333334,KDVT,,,,,,
2374,fr24_complete_39c131b0,N624FB,N624FB,2025-04-05 01:52:35+00,2025-04-05 01:55:29+00,,KDVT,,,,,,
2373,fr24_complete_39c13348,N624FB,N624FB,2025-04-05 01:55:38+00,2025-04-05 03:48:32+00,112.9,KDVT,KDVT,,,,,
2372,fr24_complete_39c15fa3,N625FB,N625FB,2025-04-05 03:32:21+00,2025-04-05 04:59:31+00,87.16666666666667,KDVT,KDVT,,,,,
2371,fr24_complete_39c18a40,N624FB,N624FB,2025-04-05 05:02:21+00,2025-04-05 06:34:55+00,92.56666666666666,KDVT,KDVT,,,,,
2370,fr24_complete_39c1b211,N625FB,N625FB,2025-04-05 06:31:07+00,2025-04-05 08:19:44+00,108.61666666666666,KDVT,KDVT,,,,,
2369,fr24_complete_39c1dc45,N624FB,N624FB,2025-04-05 07:57:53+00,2025-04-05 10:24:51+00,146.96666666666667,KDVT,KDVT,,,,,
2368,fr24_complete_39c2fcd8,N621FB,N621FB,2025-04-05 15:02:28+00,2025-04-05 15:56:49+00,54.35,KDVT,KDVT,,,,,
2367,fr24_complete_39c3248a,N621FB,N621FB,2025-04-05 18:02:45+00,2025-04-05 18:31:54+00,29.15,KDVT,,,,,,
2366,fr24_complete_39c41e47,N624FB,N624FB,2025-04-05 22:58:28+00,2025-04-05 23:37:31+00,39.05,KDVT,,,,,,
745,fr24_complete_39c4374c,N624FB,N624FB,2025-04-05 23:45:51+00,2025-04-05 23:45:51+00,,KPHX,,,,,,
743,fr24_complete_39c43774,N624FB,N624FB,2025-04-05 23:46:14+00,2025-04-05 23:46:14+00,,KPHX,,,,,,
2365,fr24_complete_39c4384e,N624FB,N624FB,2025-04-05 23:47:42+00,2025-04-06 00:19:49+00,,KPHX,,,,,,
2364,fr24_complete_39c449fc,N624FB,N624FB,2025-04-06 02:03:33+00,2025-04-06 03:35:08+00,91.58333333333333,KDVT,KDVT,,,,,
2363,fr24_complete_39c4a0f4,N625FB,N625FB,2025-04-06 03:31:31+00,2025-04-06 05:31:25+00,119.9,KDVT,KDVT,,,,,
2362,fr24_complete_39c4c98a,N624FB,N624FB,2025-04-06 05:02:06+00,2025-04-06 06:38:32+00,96.43333333333334,KDVT,KDVT,,,,,
2361,fr24_complete_39c4f09e,N625FB,N625FB,2025-04-06 06:31:00+00,2025-04-06 07:58:01+00,87.01666666666667,KDVT,KDVT,,,,,
712,fr24_complete_39c5187a,N625FB,N625FB,2025-04-06 07:56:27+00,2025-04-06 07:58:07+00,,KDVT,KDVT,,,,,
2360,fr24_complete_39c51a38,N624FB,N624FB,2025-04-06 08:00:34+00,2025-04-06 10:02:47+00,122.21666666666667,KDVT,KDVT,,,,,
2359,fr24_complete_39c65cee,N625FB,N625FB,2025-04-06 15:57:56+00,2025-04-06 16:57:32+00,59.6,KDVT,KDVT,,,,,
2358,fr24_complete_39c6f7b9,N625FB,N625FB,2025-04-06 19:36:10+00,2025-04-06 20:32:08+00,55.96666666666667,KDVT,KDVT,,,,,
2357,fr24_complete_39c779c0,N624FB,N624FB,2025-04-06 23:11:09+00,2025-04-07 00:52:59+00,101.83333333333333,KDVT,KDVT,,,,,
2356,fr24_complete_39c7d7df,N624FB,N624FB,2025-04-07 02:07:41+00,2025-04-07 03:49:27+00,101.76666666666667,KDVT,KDVT,,,,,
2355,fr24_complete_39c7fe4d,N623FB,N623FB,2025-04-07 03:32:16+00,2025-04-07 05:08:47+00,96.51666666666667,KDVT,KDVT,,,,,
2354,fr24_complete_39c85831,N623FB,N623FB,2025-04-07 06:30:26+00,2025-04-07 08:13:17+00,,KDVT,,,,,,
2353,fr24_complete_39c9da8f,N621FB,N621FB,2025-04-07 15:40:16+00,2025-04-07 16:41:45+00,61.483333333333334,KDVT,KDVT,,,,,
2352,fr24_complete_39ca0c83,N621FB,N621FB,2025-04-07 19:03:44+00,2025-04-07 20:16:48+00,73.06666666666666,KDVT,KDVT,,,,,
2351,fr24_complete_39cb1740,N623FB,N623FB,2025-04-07 23:16:44+00,2025-04-08 00:43:35+00,86.85,KDVT,KDVT,,,,,
688,fr24_complete_39cb4f57,N623FB,N623FB,2025-04-08 00:43:49+00,2025-04-08 02:11:20+00,,KDVT,,,,,,
2350,fr24_complete_39cb7f24,N623FB,N623FB,2025-04-08 02:11:28+00,2025-04-08 03:38:03+00,86.58333333333333,KDVT,KDVT,,,,,
2349,fr24_complete_39cbd563,N625FB,N625FB,2025-04-08 05:02:19+00,2025-04-08 06:54:36+00,112.28333333333333,KDVT,KDVT,,,,,
711,fr24_complete_39cc0e2a,N625FB,N625FB,2025-04-08 06:52:53+00,2025-04-08 06:53:41+00,,KDVT,,,,,,
2348,fr24_complete_39cc3581,N625FB,N625FB,2025-04-08 08:03:44+00,2025-04-08 10:26:28+00,142.73333333333332,KDVT,KDVT,,,,,
2347,fr24_complete_39cd9606,N623FB,N623FB,2025-04-08 15:38:27+00,2025-04-08 16:36:01+00,57.56666666666667,KDVT,KDVT,,,,,
687,fr24_complete_39cdc800,N623FB,N623FB,2025-04-08 16:36:05+00,2025-04-08 16:36:10+00,,KDVT,,,,,,
2346,fr24_complete_39ce3dc2,N623FB,N623FB,2025-04-08 19:03:12+00,2025-04-08 20:05:00+00,61.8,KDVT,KDVT,,,,,
2345,fr24_complete_39ceede7,N625FB,N625FB,2025-04-08 23:09:35+00,2025-04-09 00:36:56+00,87.35,KDVT,KDVT,,,,,
2344,fr24_complete_39cf2887,N625FB,N625FB,2025-04-09 02:06:59+00,2025-04-09 03:39:35+00,92.6,KDVT,KDVT,,,,,
2343,fr24_complete_39cf8def,N625FB,N625FB,2025-04-09 05:03:25+00,2025-04-09 06:51:30+00,108.08333333333333,KDVT,KDVT,,,,,
2342,fr24_complete_39d01a23,N625FB,N625FB,2025-04-09 07:59:20+00,2025-04-09 09:30:35+00,91.25,KDVT,KDVT,,,,,
686,fr24_complete_39d1a6a6,N623FB,N623FB,2025-04-09 16:02:45+00,2025-04-09 18:02:27+00,,KDVT,,,,,,
2341,fr24_complete_39d21363,N623FB,N623FB,2025-04-09 18:02:30+00,2025-04-09 19:12:29+00,69.98333333333333,KDVT,KDVT,,,,,
2340,fr24_complete_39d379ab,N624FB,N624FB,2025-04-10 02:09:02+00,2025-04-10 03:39:10+00,90.13333333333334,KDVT,KDVT,,,,,
2339,fr24_complete_39d3a5bb,N623FB,N623FB,2025-04-10 03:34:45+00,2025-04-10 05:07:13+00,92.46666666666667,KDVT,KDVT,,,,,
2338,fr24_complete_39d3d32e,N624FB,N624FB,2025-04-10 05:01:54+00,2025-04-10 06:51:16+00,109.36666666666666,KDVT,KDVT,,,,,
685,fr24_complete_39d3d6dd,N623FB,N623FB,2025-04-10 05:07:16+00,2025-04-10 05:08:52+00,,KDVT,,,,,,
2337,fr24_complete_39d4025e,N623FB,N623FB,2025-04-10 06:32:38+00,2025-04-10 08:09:31+00,96.88333333333334,KDVT,KDVT,,,,,
2336,fr24_complete_39d43632,N624FB,N624FB,2025-04-10 08:04:57+00,2025-04-10 09:05:04+00,60.11666666666667,KDVT,KDVT,,,,,
2335,fr24_complete_39d4eb32,N624FB,N624FB,2025-04-10 12:22:37+00,2025-04-10 12:55:25+00,32.8,KDVT,KDVT,,,,,
2334,fr24_complete_39d58bb9,N625FB,N625FB,2025-04-10 15:02:57+00,2025-04-10 15:21:10+00,18.216666666666665,KDVT,KDVT,,,,,
710,fr24_complete_39d5ba3e,N625FB,N625FB,2025-04-10 15:50:34+00,2025-04-10 15:50:48+00,,KDVT,KDVT,,,,,
2333,fr24_complete_39d5d171,N625FB,N625FB,2025-04-10 16:16:48+00,2025-04-10 16:29:13+00,,KDVT,,,,,,
709,fr24_complete_39d5ddd5,N625FB,N625FB,2025-04-10 16:29:17+00,2025-04-10 16:29:31+00,,KDVT,,,,,,
708,fr24_complete_39d5de16,N625FB,N625FB,2025-04-10 16:29:33+00,2025-04-10 16:29:42+00,,KDVT,,,,,,
2332,fr24_complete_39d60a57,N623FB,N623FB,2025-04-10 17:16:18+00,2025-04-10 18:18:57+00,62.65,KDVT,KGEU,,,,,
2331,fr24_complete_39d5de56,N625FB,N625FB,2025-04-10 17:25:29+00,2025-04-10 18:01:11+00,,KDVT,,,,,,
2330,fr24_complete_39d719ba,N622FB,N622FB,2025-04-10 22:57:15+00,2025-04-11 00:28:42+00,91.45,KDVT,KDVT,,,,,
805,fr24_complete_39d75a0d,N622FB,N622FB,2025-04-11 00:28:45+00,2025-04-11 00:29:07+00,,KDVT,,,,,,
2329,fr24_complete_39d76fdb,N622FB,N622FB,2025-04-11 01:04:07+00,2025-04-11 01:12:06+00,7.983333333333333,KDVT,KDVT,,,,,
2328,fr24_complete_39d791e5,N622FB,N622FB,2025-04-11 02:04:05+00,2025-04-11 03:35:36+00,91.51666666666667,KDVT,KDVT,,,,,
2327,fr24_complete_39d7bfe4,N625FB,N625FB,2025-04-11 03:32:29+00,2025-04-11 05:11:01+00,98.53333333333333,KDVT,KDVT,,,,,
804,fr24_complete_39d7c1fd,N622FB,N622FB,2025-04-11 03:35:38+00,2025-04-11 03:36:05+00,,KDVT,,,,,,
2326,fr24_complete_39d7f0e5,N622FB,N622FB,2025-04-11 05:04:49+00,2025-04-11 06:39:53+00,95.06666666666666,KDVT,KDVT,,,,,
2325,fr24_complete_39d81d28,N625FB,N625FB,2025-04-11 06:32:25+00,2025-04-11 08:05:55+00,93.5,KDVT,KDVT,,,,,
2324,fr24_complete_39d84e6f,N622FB,N622FB,2025-04-11 08:01:30+00,2025-04-11 09:32:18+00,90.8,KDVT,KDVT,,,,,
707,fr24_complete_39d851af,N625FB,N625FB,2025-04-11 08:06:27+00,2025-04-11 08:08:06+00,,KDVT,,,,,,
2323,fr24_complete_39d988af,N623FB,N623FB,2025-04-11 14:58:29+00,2025-04-11 15:45:35+00,47.1,KDVT,KDVT,,,,,
2322,fr24_complete_39d9b6ae,N623FB,N623FB,2025-04-11 18:04:10+00,2025-04-11 18:54:24+00,50.233333333333334,KDVT,KDVT,,,,,
2321,fr24_complete_39db18a8,N622FB,N622FB,2025-04-11 23:08:22+00,2025-04-12 00:39:08+00,90.76666666666667,KDVT,KDVT,,,,,
2320,fr24_complete_39db83f8,N622FB,N622FB,2025-04-12 02:16:36+00,2025-04-12 03:45:34+00,88.96666666666667,KDVT,KDVT,,,,,
2319,fr24_complete_39dba542,N624FB,N624FB,2025-04-12 03:30:50+00,2025-04-12 05:09:02+00,98.2,KDVT,KDVT,,,,,
2318,fr24_complete_39dbcf99,N622FB,N622FB,2025-04-12 05:01:35+00,2025-04-12 06:36:53+00,95.3,KDVT,KDVT,,,,,
2317,fr24_complete_39dbf714,N624FB,N624FB,2025-04-12 06:30:12+00,2025-04-12 08:09:22+00,99.16666666666667,KDVT,KDVT,,,,,
2316,fr24_complete_39dc25d9,N622FB,N622FB,2025-04-12 08:03:23+00,2025-04-12 09:32:23+00,89,KDVT,KDVT,,,,,
2315,fr24_complete_39dd2837,N625FB,N625FB,2025-04-12 13:58:32+00,2025-04-12 14:50:25+00,51.88333333333333,KDVT,KDVT,,,,,
2314,fr24_complete_39ddc5f2,N625FB,N625FB,2025-04-12 18:51:07+00,2025-04-12 17:25:34+00,-85.55,KSDL,KSDL,,,,,
2313,fr24_complete_39dea9b7,N624FB,N624FB,2025-04-12 23:12:53+00,2025-04-13 00:41:01+00,88.13333333333334,KDVT,KDVT,,,,,
2312,fr24_complete_39def9bc,N625FB,N625FB,2025-04-13 01:50:59+00,2025-04-13 02:50:16+00,59.28333333333333,KDVT,KDVT,,,,,
2311,fr24_complete_39defe07,N624FB,N624FB,2025-04-13 02:01:32+00,2025-04-13 03:35:46+00,94.23333333333333,KDVT,KDVT,,,,,
2310,fr24_complete_39df2348,N622FB,N622FB,2025-04-13 03:30:47+00,2025-04-13 05:06:33+00,95.76666666666667,KDVT,KDVT,,,,,
2309,fr24_complete_39df4be2,N624FB,N624FB,2025-04-13 05:02:10+00,2025-04-13 06:34:43+00,92.55,KDVT,KDVT,,,,,
2308,fr24_complete_39df738a,N622FB,N622FB,2025-04-13 06:32:20+00,2025-04-13 08:27:21+00,115.01666666666667,KDVT,KDVT,,,,,
2307,fr24_complete_39df9c12,N624FB,N624FB,2025-04-13 08:00:56+00,2025-04-13 09:33:04+00,92.13333333333334,KDVT,KDVT,,,,,
2306,fr24_complete_39e0b7f2,N625FB,N625FB,2025-04-13 15:04:40+00,2025-04-13 16:00:53+00,56.21666666666667,KDVT,KDVT,,,,,
2305,fr24_complete_39e159b7,N625FB,N625FB,2025-04-13 18:40:13+00,2025-04-13 19:37:39+00,57.43333333333333,KDVT,KDVT,,,,,
2304,fr24_complete_39e20d29,N623FB,N623FB,2025-04-13 23:27:36+00,2025-04-14 00:50:47+00,83.18333333333334,KDVT,KDVT,,,,,
2303,fr24_complete_39e26389,N623FB,N623FB,2025-04-14 02:07:22+00,2025-04-14 03:43:31+00,96.15,KDVT,KDVT,,,,,
2302,fr24_complete_39e28ae5,N622FB,N622FB,2025-04-14 03:34:18+00,2025-04-14 05:12:05+00,97.78333333333333,KDVT,KDVT,,,,,
2301,fr24_complete_39e2b688,N623FB,N623FB,2025-04-14 05:04:44+00,2025-04-14 06:35:14+00,90.5,KDVT,KDVT,,,,,
2300,fr24_complete_39e2e17c,N622FB,N622FB,2025-04-14 06:32:56+00,2025-04-14 08:13:58+00,101.03333333333333,KDVT,KDVT,,,,,
697,fr24_complete_39e2e455,N623FB,N623FB,2025-04-14 08:00:39+00,2025-04-14 08:01:48+00,,KDVT,,,,,,
2299,fr24_complete_39e30ecd,N623FB,N623FB,2025-04-14 08:01:48+00,2025-04-14 08:29:53+00,28.083333333333332,KDVT,KCHD,,,,,
2298,fr24_complete_39e32da1,N623FB,N623FB,2025-04-14 08:59:27+00,2025-04-14 09:02:28+00,3.0166666666666666,KGEU,KGEU,,,,,
2297,fr24_complete_39e32f7f,N623FB,N623FB,2025-04-14 09:02:29+00,2025-04-14 09:15:35+00,13.1,KGEU,KDVT,,,,,
696,fr24_complete_39e336e4,N623FB,N623FB,2025-04-14 09:15:38+00,2025-04-14 09:16:26+00,,,,,,,,
2296,fr24_complete_39e359a7,N623FB,N623FB,2025-04-14 10:16:17+00,2025-04-14 11:15:31+00,59.233333333333334,KDVT,KDVT,,,,,
2295,fr24_complete_39e4410e,N623FB,N623FB,2025-04-14 15:08:05+00,2025-04-14 16:04:36+00,56.516666666666666,KDVT,KDVT,,,,,
695,fr24_complete_39e47205,N623FB,N623FB,2025-04-14 16:04:40+00,2025-04-14 16:04:58+00,,KDVT,,,,,,
809,fr24_complete_39e4b3da,N622FB,N622FB,2025-04-14 17:23:11+00,2025-04-14 23:06:57+00,,KDVT,,,,,,
2294,fr24_complete_39e4ea47,N623FB,N623FB,2025-04-14 18:32:44+00,2025-04-14 19:33:42+00,60.96666666666667,KDVT,KDVT,,,,,
2293,fr24_complete_39e5ab46,N622FB,N622FB,2025-04-14 23:07:07+00,2025-04-15 00:34:14+00,87.11666666666666,KDVT,KDVT,,,,,
2292,fr24_complete_39e5e303,N622FB,N622FB,2025-04-15 01:37:50+00,2025-04-15 03:31:10+00,113.33333333333333,KDVT,KDVT,,,,,
2291,fr24_complete_39e6461d,N625FB,N625FB,2025-04-15 03:33:59+00,2025-04-15 05:13:51+00,99.86666666666666,KDVT,KDVT,,,,,
2290,fr24_complete_39e6735d,N624FB,N624FB,2025-04-15 05:03:34+00,2025-04-15 06:50:24+00,106.83333333333333,KDVT,KDVT,,,,,
2289,fr24_complete_39e6a130,N625FB,N625FB,2025-04-15 06:32:05+00,2025-04-15 08:17:58+00,105.88333333333334,KDVT,KDVT,,,,,
2288,fr24_complete_39e6d1ce,N624FB,N624FB,2025-04-15 08:06:26+00,2025-04-15 09:57:37+00,111.18333333333334,KDVT,KDVT,,,,,
2287,fr24_complete_39e768c6,N625FB,N625FB,2025-04-15 12:13:54+00,2025-04-15 12:40:50+00,26.933333333333334,KDVT,KDVT,,,,,
2286,fr24_complete_39e77ebe,N625FB,N625FB,2025-04-15 15:01:11+00,2025-04-15 15:56:33+00,55.36666666666667,KDVT,KDVT,,,,,
2285,fr24_complete_39e88272,N625FB,N625FB,2025-04-15 18:05:05+00,2025-04-15 19:01:16+00,56.18333333333333,KDVT,KDVT,,,,,
2284,fr24_complete_39e95344,N622FB,N622FB,2025-04-15 23:08:02+00,2025-04-16 00:39:08+00,91.1,KDVT,KDVT,,,,,
2283,fr24_complete_39e9ce65,N622FB,N622FB,2025-04-16 02:10:53+00,2025-04-16 03:35:51+00,84.96666666666667,KDVT,KDVT,,,,,
2282,fr24_complete_39e9fc11,N625FB,N625FB,2025-04-16 03:31:44+00,2025-04-16 05:07:16+00,95.53333333333333,KDVT,KDVT,,,,,
2281,fr24_complete_39ea3272,N624FB,N624FB,2025-04-16 05:02:48+00,2025-04-16 06:37:47+00,94.98333333333333,KDVT,KDVT,,,,,
2280,fr24_complete_39ea657c,N625FB,N625FB,2025-04-16 06:31:52+00,2025-04-16 08:05:17+00,93.41666666666667,KDVT,KDVT,,,,,
2279,fr24_complete_39ea98d0,N624FB,N624FB,2025-04-16 08:01:59+00,2025-04-16 09:31:26+00,89.45,KDVT,KDVT,,,,,
2278,fr24_complete_39eb6c4e,N622FB,N622FB,2025-04-16 13:02:30+00,2025-04-16 13:09:11+00,6.683333333333334,KDVT,KDVT,,,,,
2277,fr24_complete_39eb73ef,N622FB,N622FB,2025-04-16 13:09:19+00,2025-04-16 13:12:08+00,,KDVT,,,,,,
2276,fr24_complete_39eb7693,N622FB,N622FB,2025-04-16 13:10:58+00,2025-04-16 13:25:55+00,,,,,,,,
2275,fr24_complete_39eb8417,N622FB,N622FB,2025-04-16 13:24:46+00,2025-04-16 13:27:50+00,,,,,,,,
2274,fr24_complete_39eb8617,N622FB,N622FB,2025-04-16 13:26:51+00,2025-04-16 13:42:25+00,15.566666666666666,,KDVT,,,,,
2273,fr24_complete_39eb956d,N622FB,N622FB,2025-04-16 13:42:57+00,2025-04-16 13:52:42+00,9.75,,KDVT,,,,,
808,fr24_complete_39eb9ee9,N622FB,N622FB,2025-04-16 13:54:14+00,2025-04-16 13:55:51+00,,KDVT,,,,,,
2272,fr24_complete_39eba107,N622FB,N622FB,2025-04-16 13:56:28+00,2025-04-16 13:59:58+00,3.5,KDVT,KDVT,,,,,
2271,fr24_complete_39ebe128,N622FB,N622FB,2025-04-16 15:06:27+00,2025-04-16 16:11:42+00,65.25,KDVT,KDVT,,,,,
2270,fr24_complete_39ec849c,N622FB,N622FB,2025-04-16 18:13:28+00,2025-04-16 19:32:22+00,78.9,KDVT,KDVT,,,,,
2269,fr24_complete_39ed5fe4,N623FB,N623FB,2025-04-16 23:05:47+00,2025-04-17 00:28:15+00,82.46666666666667,KDVT,KDVT,,,,,
2268,fr24_complete_39edd843,N623FB,N623FB,2025-04-17 02:03:57+00,2025-04-17 03:33:36+00,89.65,KDVT,KDVT,,,,,
2267,fr24_complete_39ee069d,N625FB,N625FB,2025-04-17 03:30:31+00,2025-04-17 05:06:30+00,95.98333333333333,KDVT,KDVT,,,,,
2266,fr24_complete_39ee3b8a,N624FB,N624FB,2025-04-17 05:03:04+00,2025-04-17 06:34:36+00,91.53333333333333,KDVT,KDVT,,,,,
2265,fr24_complete_39ee6bc3,N625FB,N625FB,2025-04-17 06:32:44+00,2025-04-17 07:59:59+00,87.25,KDVT,KDVT,,,,,
2264,fr24_complete_39ee9f27,N625FB,N625FB,2025-04-17 08:00:37+00,2025-04-17 08:03:31+00,2.9,KDVT,KDVT,,,,,
2263,fr24_complete_39ee9ffb,N624FB,N624FB,2025-04-17 08:02:50+00,2025-04-17 10:08:24+00,125.56666666666666,KDVT,KDVT,,,,,
2262,fr24_complete_39eea0f5,N625FB,N625FB,2025-04-17 08:03:39+00,2025-04-17 08:06:15+00,2.6,KDVT,KDVT,,,,,
2261,fr24_complete_39ef6936,N625FB,N625FB,2025-04-17 12:51:41+00,2025-04-17 13:47:18+00,55.61666666666667,KDVT,KDVT,,,,,
2260,fr24_complete_39f083cc,N625FB,N625FB,2025-04-17 18:00:41+00,2025-04-17 19:25:32+00,84.85,KDVT,KDVT,,,,,
2259,fr24_complete_39f0e228,N623FB,N623FB,2025-04-17 19:57:03+00,2025-04-17 20:10:09+00,13.1,KDVT,KDVT,,,,,
2258,fr24_complete_39f15926,N622FB,N622FB,2025-04-17 22:46:04+00,2025-04-18 00:07:39+00,81.58333333333333,KDVT,KDVT,,,,,
2257,fr24_complete_39f1d824,N622FB,N622FB,2025-04-18 01:56:27+00,2025-04-18 03:24:33+00,88.1,KDVT,KDVT,,,,,
2256,fr24_complete_39f213af,N625FB,N625FB,2025-04-18 03:44:26+00,2025-04-18 05:08:33+00,84.11666666666666,KDVT,KDVT,,,,,
2255,fr24_complete_39f23bda,N624FB,N624FB,2025-04-18 05:00:53+00,2025-04-18 06:34:16+00,93.38333333333334,KDVT,KDVT,,,,,
2254,fr24_complete_39f26c25,N625FB,N625FB,2025-04-18 06:30:11+00,2025-04-18 07:57:01+00,86.83333333333333,KDVT,KDVT,,,,,
2253,fr24_complete_39f29bcf,N625FB,N625FB,2025-04-18 07:57:21+00,2025-04-18 08:21:01+00,23.666666666666668,KDVT,KDVT,,,,,
2252,fr24_complete_39f29ec5,N624FB,N624FB,2025-04-18 08:03:23+00,2025-04-18 09:11:53+00,68.5,KDVT,KDVT,,,,,
2251,fr24_complete_39f3d732,N625FB,N625FB,2025-04-18 15:08:53+00,2025-04-18 16:03:42+00,54.81666666666667,KDVT,KDVT,,,,,
2250,fr24_complete_39f418bc,N625FB,N625FB,2025-04-18 18:01:25+00,2025-04-18 19:04:53+00,63.46666666666667,KDVT,KDVT,,,,,
2249,fr24_complete_39f51f9f,N622FB,N622FB,2025-04-18 23:13:11+00,2025-04-19 00:37:27+00,84.26666666666667,KDVT,KDVT,,,,,
2248,fr24_complete_39f606b6,N625FB,N625FB,2025-04-19 06:26:15+00,2025-04-19 07:06:50+00,40.583333333333336,KDVT,KCHD,,,,,
2247,fr24_complete_39f61d3a,N625FB,N625FB,2025-04-19 07:09:23+00,2025-04-19 08:03:13+00,53.833333333333336,KCHD,KDVT,,,,,
2246,fr24_complete_39f6360e,N624FB,N624FB,2025-04-19 08:00:35+00,2025-04-19 09:29:13+00,88.63333333333334,KDVT,KDVT,,,,,
2245,fr24_complete_39f72769,N623FB,N623FB,2025-04-19 14:03:16+00,2025-04-19 14:14:26+00,11.166666666666666,KDVT,KPHX,,,,,
694,fr24_complete_39f72ff1,N623FB,N623FB,2025-04-19 14:13:14+00,2025-04-19 14:13:32+00,,KPHX,KPHX,,,,,
2244,fr24_complete_39f76cb7,N624FB,N624FB,2025-04-19 15:30:19+00,2025-04-19 16:29:56+00,59.61666666666667,KDVT,KDVT,,,,,
750,fr24_complete_39f7990d,N624FB,N624FB,2025-04-19 16:28:19+00,2025-04-19 16:28:19+00,,KDVT,,,,,,
2243,fr24_complete_39f7dbef,N624FB,N624FB,2025-04-19 18:02:47+00,2025-04-19 18:49:13+00,46.43333333333333,KDVT,KDVT,,,,,
749,fr24_complete_39f7faab,N624FB,N624FB,2025-04-19 18:49:15+00,2025-04-19 18:49:22+00,,KDVT,KDVT,,,,,
693,fr24_complete_39f8274d,N623FB,N623FB,2025-04-19 20:02:20+00,2025-04-19 20:02:20+00,,KPHX,,,,,,
2242,fr24_complete_39f8275b,N623FB,N623FB,2025-04-19 20:02:32+00,2025-04-19 20:12:51+00,10.316666666666666,KPHX,KDVT,,,,,
2241,fr24_complete_39f8864f,N622FB,N622FB,2025-04-19 23:00:51+00,2025-04-19 23:21:01+00,20.166666666666668,KDVT,KGYR,,,,,
2240,fr24_complete_39f891de,N622FB,N622FB,2025-04-19 23:21:59+00,2025-04-20 00:21:13+00,59.233333333333334,KGYR,KDVT,,,,,
2239,fr24_complete_39f8de2d,N622FB,N622FB,2025-04-20 01:55:46+00,2025-04-20 03:23:40+00,87.9,KDVT,KDVT,,,,,
2238,fr24_complete_39f9097b,N625FB,N625FB,2025-04-20 03:44:11+00,2025-04-20 05:09:44+00,85.55,KDVT,KDVT,,,,,
2237,fr24_complete_39f92a7d,N622FB,N622FB,2025-04-20 05:00:32+00,2025-04-20 06:45:15+00,104.71666666666667,KDVT,KDVT,,,,,
2236,fr24_complete_39f95274,N625FB,N625FB,2025-04-20 06:33:45+00,2025-04-20 08:31:20+00,117.58333333333333,KDVT,KDVT,,,,,
2235,fr24_complete_39f97ae1,N622FB,N622FB,2025-04-20 08:04:09+00,2025-04-20 09:56:55+00,112.76666666666667,KDVT,KDVT,,,,,
2234,fr24_complete_39fa6891,N624FB,N624FB,2025-04-20 14:29:16+00,2025-04-20 14:35:52+00,,KDVT,,,,,,
2233,fr24_complete_39fa6dd7,N624FB,N624FB,2025-04-20 14:35:55+00,2025-04-20 14:38:45+00,,KDVT,,,,,,
748,fr24_complete_39fa7050,N624FB,N624FB,2025-04-20 14:39:24+00,2025-04-20 14:42:35+00,,,,,,,,
2232,fr24_complete_39fa7250,N624FB,N624FB,2025-04-20 14:42:40+00,2025-04-20 14:47:10+00,4.5,KDVT,KDVT,,,,,
2231,fr24_complete_39fa7540,N624FB,N624FB,2025-04-20 14:47:16+00,2025-04-20 14:49:44+00,2.466666666666667,KDVT,KDVT,,,,,
2230,fr24_complete_39fa76d4,N624FB,N624FB,2025-04-20 14:49:50+00,2025-04-20 14:52:28+00,2.6333333333333333,KDVT,KDVT,,,,,
2229,fr24_complete_39fa78c0,N624FB,N624FB,2025-04-20 14:52:30+00,2025-04-20 14:58:37+00,6.116666666666666,KDVT,KDVT,,,,,
2228,fr24_complete_39fa7cfe,N624FB,N624FB,2025-04-20 14:57:41+00,2025-04-20 15:00:41+00,,KDVT,,,,,,
2227,fr24_complete_39fa7e8c,N624FB,N624FB,2025-04-20 14:59:45+00,2025-04-20 15:02:33+00,,KDVT,,,,,,
2226,fr24_complete_39fa800c,N624FB,N624FB,2025-04-20 15:02:39+00,2025-04-20 15:07:12+00,,KDVT,,,,,,
2225,fr24_complete_39fa834d,N624FB,N624FB,2025-04-20 15:07:09+00,2025-04-20 15:11:07+00,,KDVT,,,,,,
2224,fr24_complete_39fa8613,N624FB,N624FB,2025-04-20 15:11:07+00,2025-04-20 15:16:03+00,4.933333333333334,KDVT,KDVT,,,,,
2223,fr24_complete_39fa8acf,N624FB,N624FB,2025-04-20 15:17:58+00,2025-04-20 15:23:13+00,,KDVT,,,,,,
2222,fr24_complete_39fa8e92,N624FB,N624FB,2025-04-20 15:23:21+00,2025-04-20 15:28:57+00,5.6,KDVT,KDVT,,,,,
2221,fr24_complete_39fada37,N624FB,N624FB,2025-04-20 17:18:18+00,2025-04-20 18:17:32+00,59.233333333333334,KDVT,KDVT,,,,,
2220,fr24_complete_39fba520,N625FB,N625FB,2025-04-20 23:12:56+00,2025-04-21 00:45:12+00,92.26666666666667,KDVT,KDVT,,,,,
2219,fr24_complete_39fbffc7,N625FB,N625FB,2025-04-21 02:10:00+00,2025-04-21 03:41:51+00,91.85,KDVT,KDVT,,,,,
2218,fr24_complete_39fc2455,N622FB,N622FB,2025-04-21 03:34:56+00,2025-04-21 05:05:21+00,90.41666666666667,KDVT,KDVT,,,,,
2217,fr24_complete_39fc4d99,N625FB,N625FB,2025-04-21 05:03:52+00,2025-04-21 05:28:30+00,24.633333333333333,KDVT,KGYR,,,,,
2216,fr24_complete_39fc5942,N625FB,N625FB,2025-04-21 05:28:52+00,2025-04-21 06:36:55+00,68.05,KGYR,KDVT,,,,,
2215,fr24_complete_39fc4ea9,N622FB,N622FB,2025-04-21 06:32:59+00,2025-04-21 08:06:54+00,93.91666666666667,KDVT,KDVT,,,,,
2214,fr24_complete_39fc9ffd,N625FB,N625FB,2025-04-21 08:02:29+00,2025-04-21 09:36:33+00,94.06666666666666,KDVT,KDVT,,,,,
2213,fr24_complete_39fd7707,N625FB,N625FB,2025-04-21 13:17:39+00,2025-04-21 13:56:18+00,,KDVT,,,,,,
2212,fr24_complete_39fd7467,N622FB,N622FB,2025-04-21 16:06:06+00,2025-04-21 17:19:06+00,73,KDVT,KDVT,,,,,
2211,fr24_complete_39feb5b4,N622FB,N622FB,2025-04-21 19:28:23+00,2025-04-21 20:38:18+00,69.91666666666667,KDVT,KDVT,,,,,
2210,fr24_complete_39ff532c,N625FB,N625FB,2025-04-21 23:07:02+00,2025-04-22 00:36:45+00,89.71666666666667,KDVT,KDVT,,,,,
2209,fr24_complete_39ffc544,N625FB,N625FB,2025-04-22 02:10:33+00,2025-04-22 03:41:57+00,91.4,KDVT,KDVT,,,,,
2208,fr24_complete_39ffefd8,N624FB,N624FB,2025-04-22 03:33:42+00,2025-04-22 05:33:01+00,119.31666666666666,KDVT,KDVT,,,,,
2207,fr24_complete_3a001e51,N625FB,N625FB,2025-04-22 05:01:59+00,2025-04-22 07:02:07+00,120.13333333333334,KDVT,KDVT,,,,,
2206,fr24_complete_3a004d4f,N624FB,N624FB,2025-04-22 06:30:51+00,2025-04-22 08:16:23+00,105.53333333333333,KDVT,KDVT,,,,,
2205,fr24_complete_3a007dec,N625FB,N625FB,2025-04-22 08:02:33+00,2025-04-22 09:33:19+00,90.76666666666667,KDVT,KDVT,,,,,
2204,fr24_complete_3a01bfd3,N623FB,N623FB,2025-04-22 14:45:39+00,2025-04-22 15:50:04+00,64.41666666666667,KDVT,KDVT,,,,,
2203,fr24_complete_3a02b3cb,N623FB,N623FB,2025-04-22 19:17:32+00,2025-04-22 20:16:06+00,58.56666666666667,KDVT,KDVT,,,,,
2202,fr24_complete_3a033101,N625FB,N625FB,2025-04-22 21:59:36+00,2025-04-22 23:47:48+00,108.2,KDVT,KDVT,,,,,
2201,fr24_complete_3a03ba52,N625FB,N625FB,2025-04-23 01:21:28+00,2025-04-23 02:59:19+00,97.85,KDVT,KDVT,,,,,
2200,fr24_complete_3a0404c2,N624FB,N624FB,2025-04-23 03:40:50+00,2025-04-23 05:07:57+00,87.11666666666666,KDVT,KDVT,,,,,
2199,fr24_complete_3a043047,N625FB,N625FB,2025-04-23 05:03:28+00,2025-04-23 06:36:37+00,93.15,KDVT,KDVT,,,,,
2198,fr24_complete_3a045bea,N624FB,N624FB,2025-04-23 06:32:27+00,2025-04-23 08:17:50+00,105.38333333333334,KDVT,KDVT,,,,,
2197,fr24_complete_3a048da6,N625FB,N625FB,2025-04-23 08:04:00+00,2025-04-23 09:28:17+00,84.28333333333333,KDVT,KDVT,,,,,
2196,fr24_complete_3a0591ac,N624FB,N624FB,2025-04-23 13:56:42+00,2025-04-23 14:03:59+00,,KDVT,,,,,,
747,fr24_complete_3a0599b2,N624FB,N624FB,2025-04-23 14:04:10+00,2025-04-23 14:07:10+00,,,KDVT,,,,,
2195,fr24_complete_3a05af7e,N624FB,N624FB,2025-04-23 14:56:38+00,2025-04-23 15:05:59+00,9.35,KDVT,KDVT,,,,,
2194,fr24_complete_3a05ccac,N623FB,N623FB,2025-04-23 14:58:38+00,2025-04-23 16:04:23+00,65.75,KDVT,KDVT,,,,,
2193,fr24_complete_3a06035a,N624FB,N624FB,2025-04-23 15:56:39+00,2025-04-23 16:12:13+00,15.566666666666666,KDVT,KDVT,,,,,
692,fr24_complete_3a060b1b,N623FB,N623FB,2025-04-23 16:05:23+00,2025-04-23 16:05:44+00,,KDVT,KDVT,,,,,
2192,fr24_complete_3a0679b8,N623FB,N623FB,2025-04-23 18:06:54+00,2025-04-23 19:17:38+00,70.73333333333333,KDVT,KDVT,,,,,
2191,fr24_complete_3a0768ed,N625FB,N625FB,2025-04-23 23:11:29+00,2025-04-24 00:40:00+00,88.51666666666667,KDVT,KDVT,,,,,
2190,fr24_complete_3a07da78,N625FB,N625FB,2025-04-24 02:07:51+00,2025-04-24 03:42:27+00,94.6,KDVT,KDVT,,,,,
2189,fr24_complete_3a0805f6,N624FB,N624FB,2025-04-24 03:32:41+00,2025-04-24 05:07:33+00,94.86666666666666,KDVT,KDVT,,,,,
2188,fr24_complete_3a083746,N625FB,N625FB,2025-04-24 05:03:42+00,2025-04-24 06:37:52+00,94.16666666666667,KDVT,KDVT,,,,,
2187,fr24_complete_3a0862a3,N624FB,N624FB,2025-04-24 06:30:36+00,2025-04-24 08:08:20+00,97.73333333333333,KDVT,KDVT,,,,,
2186,fr24_complete_3a0892c8,N625FB,N625FB,2025-04-24 08:00:58+00,2025-04-24 09:19:03+00,78.08333333333333,KDVT,KDVT,,,,,
2185,fr24_complete_3a09d059,N622FB,N622FB,2025-04-24 15:00:15+00,2025-04-24 16:01:36+00,61.35,KDVT,KDVT,,,,,
806,fr24_complete_3a0a092a,N622FB,N622FB,2025-04-24 15:59:47+00,2025-04-24 15:59:47+00,,KDVT,,,,,,
2184,fr24_complete_3a0a094a,N622FB,N622FB,2025-04-24 18:00:25+00,2025-04-24 19:14:17+00,73.86666666666666,KDVT,KDVT,,,,,
2183,fr24_complete_3a0b5ce8,N625FB,N625FB,2025-04-24 23:01:33+00,2025-04-25 00:34:20+00,92.78333333333333,KDVT,KDVT,,,,,
2182,fr24_complete_3a0bb0a4,N625FB,N625FB,2025-04-25 01:03:39+00,2025-04-25 01:16:12+00,12.55,KDVT,KDVT,,,,,
2181,fr24_complete_3a0bd3ca,N625FB,N625FB,2025-04-25 02:04:55+00,2025-04-25 03:50:24+00,105.48333333333333,KDVT,KDVT,,,,,
2180,fr24_complete_3a0c03d3,N624FB,N624FB,2025-04-25 03:32:36+00,2025-04-25 05:06:57+00,94.35,KDVT,KDVT,,,,,
2179,fr24_complete_3a0c33d2,N625FB,N625FB,2025-04-25 05:02:00+00,2025-04-25 06:41:13+00,99.21666666666667,KDVT,KDVT,,,,,
2178,fr24_complete_3a0c64b2,N624FB,N624FB,2025-04-25 06:35:55+00,2025-04-25 08:14:59+00,99.06666666666666,KDVT,KDVT,,,,,
2177,fr24_complete_3a0c94d6,N625FB,N625FB,2025-04-25 08:02:50+00,2025-04-25 09:45:07+00,102.28333333333333,KDVT,KDVT,,,,,
2176,fr24_complete_3a0dd7b8,N622FB,N622FB,2025-04-25 14:59:11+00,2025-04-25 15:44:37+00,45.43333333333333,KDVT,KDVT,,,,,
2175,fr24_complete_3a0e768a,N622FB,N622FB,2025-04-25 17:57:44+00,2025-04-25 18:58:10+00,60.43333333333333,KDVT,KDVT,,,,,
2174,fr24_complete_3a0f58e3,N625FB,N625FB,2025-04-25 23:09:04+00,2025-04-26 00:28:52+00,79.8,KDVT,KDVT,,,,,
2173,fr24_complete_3a0fce16,N625FB,N625FB,2025-04-26 02:28:53+00,2025-04-26 03:40:14+00,71.35,KDVT,KDVT,,,,,
2172,fr24_complete_3a0fec39,N624FB,N624FB,2025-04-26 03:31:58+00,2025-04-26 05:18:41+00,106.71666666666667,KDVT,KDVT,,,,,
2171,fr24_complete_3a1019c0,N625FB,N625FB,2025-04-26 05:03:25+00,2025-04-26 06:50:34+00,107.15,KDVT,KDVT,,,,,
2170,fr24_complete_3a1041b3,N624FB,N624FB,2025-04-26 06:31:13+00,2025-04-26 08:19:28+00,108.25,KDVT,KDVT,,,,,
2169,fr24_complete_3a106e7e,N625FB,N625FB,2025-04-26 08:02:08+00,2025-04-26 10:34:54+00,152.76666666666668,KDVT,KDVT,,,,,
2168,fr24_complete_3a119d01,N625FB,N625FB,2025-04-26 14:59:09+00,2025-04-26 15:57:54+00,58.75,KDVT,KDVT,,,,,
2167,fr24_complete_3a122a32,N625FB,N625FB,2025-04-26 18:01:47+00,2025-04-26 19:03:09+00,61.36666666666667,KDVT,KDVT,,,,,
2166,fr24_complete_3a12d10b,N622FB,N622FB,2025-04-26 22:59:53+00,2025-04-27 00:19:22+00,79.48333333333333,KDVT,KDVT,,,,,
2165,fr24_complete_3a132c15,N622FB,N622FB,2025-04-27 02:04:34+00,2025-04-27 03:32:05+00,87.51666666666667,KDVT,KDVT,,,,,
2164,fr24_complete_3a134d1c,N623FB,N623FB,2025-04-27 03:25:13+00,2025-04-27 05:10:37+00,105.4,KDVT,KDVT,,,,,
2163,fr24_complete_3a137666,N624FB,N624FB,2025-04-27 05:01:10+00,2025-04-27 06:34:21+00,93.18333333333334,KDVT,KDVT,,,,,
2162,fr24_complete_3a139e71,N623FB,N623FB,2025-04-27 06:30:06+00,2025-04-27 08:06:12+00,96.1,KDVT,KDVT,,,,,
2161,fr24_complete_3a13cb60,N624FB,N624FB,2025-04-27 08:01:10+00,2025-04-27 09:49:25+00,108.25,KDVT,KDVT,,,,,
2160,fr24_complete_3a13cf73,N623FB,N623FB,2025-04-27 08:07:28+00,2025-04-27 08:14:44+00,7.266666666666667,KDVT,KDVT,,,,,
2159,fr24_complete_3a13d2c6,N623FB,N623FB,2025-04-27 08:13:10+00,2025-04-27 08:20:43+00,7.55,KDVT,KDVT,,,,,
2158,fr24_complete_3a157dc3,N623FB,N623FB,2025-04-27 17:16:15+00,2025-04-27 18:59:01+00,102.76666666666667,KDVT,KDVT,,,,,
699,fr24_complete_3a15cb33,N623FB,N623FB,2025-04-27 18:59:04+00,2025-04-27 18:59:09+00,,KDVT,,,,,,
2157,fr24_complete_3a166d52,N622FB,N622FB,2025-04-27 23:10:30+00,2025-04-28 00:36:14+00,85.73333333333333,KDVT,KDVT,,,,,
2156,fr24_complete_3a16d23a,N622FB,N622FB,2025-04-28 02:11:50+00,2025-04-28 03:37:35+00,85.75,KDVT,KGEU,,,,,
2155,fr24_complete_3a16f837,N624FB,N624FB,2025-04-28 03:32:48+00,2025-04-28 05:19:32+00,106.73333333333333,KDVT,KDVT,,,,,
2154,fr24_complete_3a16fb20,N622FB,N622FB,2025-04-28 03:38:08+00,2025-04-28 03:40:28+00,,KGEU,,,,,,
2153,fr24_complete_3a16fc4c,N622FB,N622FB,2025-04-28 03:40:51+00,2025-04-28 03:44:20+00,3.4833333333333334,KGEU,KGEU,,,,,
2152,fr24_complete_3a16fdaf,N622FB,N622FB,2025-04-28 03:43:36+00,2025-04-28 03:54:05+00,10.483333333333333,KGEU,KDVT,,,,,
2151,fr24_complete_3a170216,N622FB,N622FB,2025-04-28 05:05:04+00,2025-04-28 06:44:48+00,99.73333333333333,KDVT,KDVT,,,,,
2150,fr24_complete_3a175483,N624FB,N624FB,2025-04-28 06:32:29+00,2025-04-28 08:05:26+00,92.95,KDVT,KDVT,,,,,
2149,fr24_complete_3a1785de,N622FB,N622FB,2025-04-28 08:02:02+00,2025-04-28 09:37:35+00,95.55,KDVT,KDVT,,,,,
2148,fr24_complete_3a185669,N625FB,N625FB,2025-04-28 12:49:12+00,2025-04-28 14:13:48+00,84.6,KDVT,KDVT,,,,,
2147,fr24_complete_3a1969bd,N622FB,N622FB,2025-04-28 17:53:54+00,2025-04-28 18:50:58+00,57.06666666666667,KDVT,KDVT,,,,,
2146,fr24_complete_3a1a55ff,N624FB,N624FB,2025-04-28 23:09:32+00,2025-04-29 00:49:41+00,100.15,KDVT,KDVT,,,,,
2145,fr24_complete_3a1ac48d,N624FB,N624FB,2025-04-29 02:08:56+00,2025-04-29 03:39:52+00,90.93333333333334,KDVT,KDVT,,,,,
2144,fr24_complete_3a1aeeae,N622FB,N622FB,2025-04-29 03:32:19+00,2025-04-29 05:07:58+00,95.65,KDVT,KDVT,,,,,
2143,fr24_complete_3a1b1d60,N624FB,N624FB,2025-04-29 05:02:33+00,2025-04-29 06:48:48+00,106.25,KDVT,KDVT,,,,,
2142,fr24_complete_3a1b4c13,N622FB,N622FB,2025-04-29 06:31:59+00,2025-04-29 08:07:26+00,95.45,KDVT,KDVT,,,,,
2141,fr24_complete_3a1b7f5f,N624FB,N624FB,2025-04-29 08:02:12+00,2025-04-29 10:46:23+00,164.18333333333334,KDVT,KDVT,,,,,
2140,fr24_complete_3a1c3f38,N623FB,N623FB,2025-04-29 12:29:16+00,2025-04-29 13:27:24+00,58.13333333333333,KDVT,KDVT,,,,,
2139,fr24_complete_3a1cea62,N623FB,N623FB,2025-04-29 15:35:35+00,2025-04-29 16:37:03+00,61.46666666666667,KDVT,KDVT,,,,,
2138,fr24_complete_3a1d951f,N623FB,N623FB,2025-04-29 19:00:09+00,2025-04-29 20:14:11+00,74.03333333333333,KDVT,KDVT,,,,,
2137,fr24_complete_3a1e3ff2,N624FB,N624FB,2025-04-29 23:13:31+00,2025-04-30 01:00:05+00,106.56666666666666,KDVT,KDVT,,,,,
2136,fr24_complete_3a1eab82,N624FB,N624FB,2025-04-30 02:16:30+00,2025-04-30 03:47:50+00,91.33333333333333,KDVT,KDVT,,,,,
2135,fr24_complete_3a1ed034,N622FB,N622FB,2025-04-30 03:32:21+00,2025-04-30 05:06:59+00,94.63333333333334,KDVT,KDVT,,,,,
2134,fr24_complete_3a1efc64,N624FB,N624FB,2025-04-30 05:03:17+00,2025-04-30 06:48:56+00,105.65,KDVT,KDVT,,,,,
2133,fr24_complete_3a1f280e,N622FB,N622FB,2025-04-30 06:31:46+00,2025-04-30 08:15:10+00,103.4,KDVT,KDVT,,,,,
2132,fr24_complete_3a1f5ab8,N624FB,N624FB,2025-04-30 08:02:42+00,2025-04-30 09:35:47+00,93.08333333333333,KDVT,KDVT,,,,,
2131,fr24_complete_3a20f47a,N623FB,N623FB,2025-04-30 16:20:48+00,2025-04-30 17:20:38+00,59.833333333333336,KDVT,KDVT,,,,,
2130,fr24_complete_3a213691,N623FB,N623FB,2025-04-30 17:35:03+00,2025-04-30 17:57:02+00,,KDVT,,,,,,
2129,fr24_complete_3a21f60b,N622FB,N622FB,2025-04-30 21:43:52+00,2025-04-30 23:27:57+00,104.08333333333333,KDVT,KDVT,,,,,
2128,fr24_complete_3a22979e,N622FB,N622FB,2025-05-01 02:00:38+00,2025-05-01 03:37:49+00,97.18333333333334,KDVT,KDVT,,,,,
2127,fr24_complete_3a22c47f,N624FB,N624FB,2025-05-01 03:34:16+00,2025-05-01 05:11:35+00,97.31666666666666,KDVT,KDVT,,,,,
2126,fr24_complete_3a22f0eb,N625FB,N625FB,2025-05-01 05:03:31+00,2025-05-01 06:37:46+00,94.25,KDVT,KDVT,,,,,
2125,fr24_complete_3a231d3a,N624FB,N624FB,2025-05-01 06:33:55+00,2025-05-01 08:08:02+00,94.11666666666666,KDVT,KDVT,,,,,
2124,fr24_complete_3a235251,N625FB,N625FB,2025-05-01 08:02:25+00,2025-05-01 09:33:37+00,91.2,KDVT,KDVT,,,,,
2123,fr24_complete_3a249e8d,N622FB,N622FB,2025-05-01 14:45:22+00,2025-05-01 15:40:11+00,54.81666666666667,KDVT,KDVT,,,,,
2122,fr24_complete_3a24d2f5,N622FB,N622FB,2025-05-01 19:09:37+00,2025-05-01 20:06:41+00,57.06666666666667,KDVT,KDVT,,,,,
2121,fr24_complete_3a262c21,N624FB,N624FB,2025-05-01 22:57:03+00,2025-05-02 00:19:34+00,82.51666666666667,KDVT,KDVT,,,,,
2120,fr24_complete_3a2699d2,N624FB,N624FB,2025-05-02 01:59:33+00,2025-05-02 03:37:01+00,97.46666666666667,KDVT,KDVT,,,,,
2119,fr24_complete_3a26c7aa,N625FB,N625FB,2025-05-02 03:33:55+00,2025-05-02 05:10:57+00,97.03333333333333,KDVT,KDVT,,,,,
2118,fr24_complete_3a26f4f7,N624FB,N624FB,2025-05-02 05:03:26+00,2025-05-02 07:00:33+00,117.11666666666666,KDVT,KDVT,,,,,
2117,fr24_complete_3a272119,N625FB,N625FB,2025-05-02 06:31:04+00,2025-05-02 08:09:25+00,98.35,KDVT,KDVT,,,,,
2116,fr24_complete_3a27555e,N624FB,N624FB,2025-05-02 08:04:19+00,2025-05-02 09:37:17+00,92.96666666666667,KDVT,KDVT,,,,,
2115,fr24_complete_3a28948b,N622FB,N622FB,2025-05-02 15:05:08+00,2025-05-02 16:02:04+00,56.93333333333333,KDVT,KDVT,,,,,
2114,fr24_complete_3a292b45,N622FB,N622FB,2025-05-02 18:05:19+00,2025-05-02 19:21:55+00,76.6,KDVT,KDVT,,,,,
2113,fr24_complete_3a299bc4,N624FB,N624FB,2025-05-02 20:41:45+00,2025-05-02 21:11:01+00,29.266666666666666,KDVT,KDVT,,,,,
2112,fr24_complete_3a29f7a5,N624FB,N624FB,2025-05-02 23:10:25+00,2025-05-03 00:28:26+00,78.01666666666667,KDVT,KDVT,,,,,
2111,fr24_complete_3a2a5ea9,N624FB,N624FB,2025-05-03 02:03:15+00,2025-05-03 02:32:22+00,29.116666666666667,KDVT,,,,,,
2110,fr24_complete_3a2a899e,N625FB,N625FB,2025-05-03 03:31:05+00,2025-05-03 05:07:28+00,96.38333333333334,KDVT,KDVT,,,,,
2109,fr24_complete_3a2ab8cc,N624FB,N624FB,2025-05-03 05:02:14+00,2025-05-03 06:49:23+00,107.15,KDVT,KDVT,,,,,
2108,fr24_complete_3a2ae222,N625FB,N625FB,2025-05-03 06:32:08+00,2025-05-03 07:07:49+00,35.68333333333333,KDVT,KGEU,,,,,
2107,fr24_complete_3a2af398,N625FB,N625FB,2025-05-03 07:08:23+00,2025-05-03 08:07:36+00,59.21666666666667,KGEU,KDVT,,,,,
2106,fr24_complete_3a2b101b,N624FB,N624FB,2025-05-03 08:04:00+00,2025-05-03 09:38:49+00,94.81666666666666,KDVT,KDVT,,,,,
2105,fr24_complete_3a2bf9fc,N624FB,N624FB,2025-05-03 13:42:06+00,2025-05-03 14:00:47+00,18.683333333333334,KDVT,KCHD,,,,,
2104,fr24_complete_3a2c3f3c,N624FB,N624FB,2025-05-03 15:02:21+00,2025-05-03 15:50:38+00,48.28333333333333,KCHD,KDVT,,,,,
2103,fr24_complete_3a2ccc1c,N624FB,N624FB,2025-05-03 18:03:03+00,2025-05-03 19:02:55+00,59.86666666666667,KDVT,KDVT,,,,,
2102,fr24_complete_3a2dde9c,N622FB,N622FB,2025-05-04 02:02:56+00,2025-05-04 03:34:47+00,91.85,KDVT,KDVT,,,,,
2101,fr24_complete_3a2e0933,N623FB,N623FB,2025-05-04 03:31:38+00,2025-05-04 05:13:59+00,102.35,KDVT,KDVT,,,,,
2100,fr24_complete_3a2e3344,N625FB,N625FB,2025-05-04 05:01:12+00,2025-05-04 06:41:17+00,100.08333333333333,KDVT,KDVT,,,,,
2099,fr24_complete_3a2e5ea6,N623FB,N623FB,2025-05-04 06:30:16+00,2025-05-04 08:19:24+00,109.13333333333334,KDVT,KDVT,,,,,
2098,fr24_complete_3a2e8958,N625FB,N625FB,2025-05-04 08:05:14+00,2025-05-04 09:38:59+00,93.75,KDVT,KDVT,,,,,
2097,fr24_complete_3a2fb27a,N624FB,N624FB,2025-05-04 15:30:30+00,2025-05-04 16:29:37+00,59.11666666666667,KDVT,KDVT,,,,,
2096,fr24_complete_3a304fa9,N624FB,N624FB,2025-05-04 19:10:59+00,2025-05-04 20:11:51+00,60.86666666666667,KDVT,KDVT,,,,,
2095,fr24_complete_3a316589,N623FB,N623FB,2025-05-05 03:34:08+00,2025-05-05 05:10:01+00,95.88333333333334,KDVT,KDVT,,,,,
2094,fr24_complete_3a318f4f,N625FB,N625FB,2025-05-05 05:00:19+00,2025-05-05 05:52:11+00,51.86666666666667,KDVT,KDVT,,,,,
2093,fr24_complete_3a31d059,N623FB,N623FB,2025-05-05 07:12:49+00,2025-05-05 08:07:47+00,54.96666666666667,KDVT,KDVT,,,,,
2092,fr24_complete_3a31e79b,N625FB,N625FB,2025-05-05 07:59:42+00,2025-05-05 09:33:08+00,93.43333333333334,KDVT,KDVT,,,,,
2091,fr24_complete_3a333b3c,N624FB,N624FB,2025-05-05 15:53:50+00,2025-05-05 16:50:37+00,56.78333333333333,KDVT,KDVT,,,,,
2090,fr24_complete_3a33cc86,N624FB,N624FB,2025-05-05 19:10:35+00,2025-05-05 20:09:46+00,59.18333333333333,KDVT,KDVT,,,,,
2089,fr24_complete_3a345442,N622FB,N622FB,2025-05-05 22:45:27+00,2025-05-06 00:15:13+00,89.76666666666667,KDVT,KDVT,,,,,
2088,fr24_complete_3a34c86c,N622FB,N622FB,2025-05-06 02:07:58+00,2025-05-06 03:29:48+00,81.83333333333333,KDVT,KDVT,,,,,
2087,fr24_complete_3a34ddab,N625FB,N625FB,2025-05-06 02:50:23+00,2025-05-06 04:41:47+00,111.4,KDVT,KDVT,,,,,
2086,fr24_complete_3a3519e0,N622FB,N622FB,2025-05-06 04:50:31+00,2025-05-06 06:40:33+00,110.03333333333333,KDVT,KDVT,,,,,
2085,fr24_complete_3a354d9c,N625FB,N625FB,2025-05-06 06:31:58+00,2025-05-06 08:06:12+00,94.23333333333333,KDVT,KDVT,,,,,
2084,fr24_complete_3a357dc3,N622FB,N622FB,2025-05-06 08:02:31+00,2025-05-06 09:22:18+00,79.78333333333333,KDVT,KDVT,,,,,
2083,fr24_complete_3a36cd29,N623FB,N623FB,2025-05-06 15:43:41+00,2025-05-06 16:07:29+00,23.8,KDVT,,,,,,
2082,fr24_complete_3a36f0b7,N623FB,N623FB,2025-05-06 16:30:37+00,2025-05-06 17:05:04+00,34.45,KPHX,KDVT,,,,,
2081,fr24_complete_3a3755e4,N623FB,N623FB,2025-05-06 18:40:26+00,2025-05-06 19:38:10+00,57.733333333333334,KDVT,KDVT,,,,,
2080,fr24_complete_3a37d49a,N622FB,N622FB,2025-05-06 21:46:53+00,2025-05-06 23:15:52+00,88.98333333333333,KDVT,KDVT,,,,,
2079,fr24_complete_3a386c9b,N622FB,N622FB,2025-05-07 02:04:07+00,2025-05-07 02:36:23+00,32.266666666666666,KDVT,,,,,,
2078,fr24_complete_3a38968e,N625FB,N625FB,2025-05-07 03:31:33+00,2025-05-07 05:03:46+00,92.21666666666667,KDVT,KDVT,,,,,
2077,fr24_complete_3a38c2d5,N622FB,N622FB,2025-05-07 05:00:22+00,2025-05-07 06:35:28+00,95.1,KDVT,KDVT,,,,,
2076,fr24_complete_3a38c528,N625FB,N625FB,2025-05-07 06:30:23+00,2025-05-07 08:06:55+00,96.53333333333333,KDVT,KDVT,,,,,
2075,fr24_complete_3a391e77,N622FB,N622FB,2025-05-07 08:01:12+00,2025-05-07 09:28:31+00,87.31666666666666,KDVT,KDVT,,,,,
2074,fr24_complete_3a3a7e91,N623FB,N623FB,2025-05-07 15:40:30+00,2025-05-07 17:04:07+00,83.61666666666666,KDVT,KDVT,,,,,
2073,fr24_complete_3a3b3067,N623FB,N623FB,2025-05-07 19:09:20+00,2025-05-07 20:10:11+00,60.85,KDVT,KDVT,,,,,
698,fr24_complete_3a3b60a9,N623FB,N623FB,2025-05-07 20:10:14+00,2025-05-07 20:10:31+00,,KDVT,,,,,,
2072,fr24_complete_3a3be005,N622FB,N622FB,2025-05-07 23:06:53+00,2025-05-08 00:32:08+00,85.25,KDVT,KDVT,,,,,
2071,fr24_complete_3a3c4c44,N622FB,N622FB,2025-05-08 02:06:00+00,2025-05-08 03:41:33+00,95.55,KDVT,KDVT,,,,,
2070,fr24_complete_3a3c7898,N625FB,N625FB,2025-05-08 03:32:47+00,2025-05-08 05:12:24+00,99.61666666666666,KDVT,KDVT,,,,,
2069,fr24_complete_3a3c7c18,N622FB,N622FB,2025-05-08 05:03:49+00,2025-05-08 06:46:56+00,103.11666666666666,KDVT,KDVT,,,,,
2068,fr24_complete_3a3cd33d,N625FB,N625FB,2025-05-08 06:33:57+00,2025-05-08 08:10:38+00,96.68333333333334,KDVT,KDVT,,,,,
2067,fr24_complete_3a3d029a,N622FB,N622FB,2025-05-08 08:03:34+00,2025-05-08 08:52:31+00,48.95,KDVT,KGEU,,,,,
2066,fr24_complete_3a3d2207,N622FB,N622FB,2025-05-08 08:55:55+00,2025-05-08 09:05:05+00,9.166666666666666,KGEU,KGEU,,,,,
813,fr24_complete_3a3d271f,N622FB,N622FB,2025-05-08 09:03:57+00,2025-05-08 09:04:05+00,,,,,,,,
2065,fr24_complete_3a3d2756,N622FB,N622FB,2025-05-08 09:04:20+00,2025-05-08 09:41:07+00,36.78333333333333,KGEU,KDVT,,,,,
2064,fr24_complete_3a3e4958,N622FB,N622FB,2025-05-08 15:03:27+00,2025-05-08 15:58:22+00,54.916666666666664,KDVT,KDVT,,,,,
847,fr24_complete_3a3e8207,N622FB,N622FB,2025-05-08 15:58:25+00,2025-05-08 15:58:50+00,,KDVT,,,,,,
2063,fr24_complete_3a3f0609,N622FB,N622FB,2025-05-08 18:17:50+00,2025-05-08 19:14:53+00,57.05,KDVT,KDVT,,,,,
812,fr24_complete_3a3f3a1f,N622FB,N622FB,2025-05-08 19:14:56+00,2025-05-08 19:15:08+00,,KDVT,KDVT,,,,,
2062,fr24_complete_3a3fb2ae,N625FB,N625FB,2025-05-08 21:50:31+00,2025-05-08 23:19:16+00,88.75,KDVT,KDVT,,,,,
2061,fr24_complete_3a4052fc,N625FB,N625FB,2025-05-09 02:01:58+00,2025-05-09 03:35:26+00,93.46666666666667,KDVT,KDVT,,,,,
2060,fr24_complete_3a408327,N622FB,N622FB,2025-05-09 03:32:17+00,2025-05-09 04:01:05+00,28.8,KDVT,KDVT,,,,,
2059,fr24_complete_3a409412,N622FB,N622FB,2025-05-09 04:04:12+00,2025-05-09 05:08:02+00,63.833333333333336,KDVT,KDVT,,,,,
2058,fr24_complete_3a40b3fb,N624FB,N624FB,2025-05-09 05:03:15+00,2025-05-09 06:46:17+00,103.03333333333333,KDVT,KDVT,,,,,
2057,fr24_complete_3a40e203,N622FB,N622FB,2025-05-09 06:30:46+00,2025-05-09 08:12:03+00,101.28333333333333,KDVT,KDVT,,,,,
2056,fr24_complete_3a4115e1,N624FB,N624FB,2025-05-09 08:02:01+00,2025-05-09 09:26:47+00,84.76666666666667,KDVT,KDVT,,,,,
2055,fr24_complete_3a4257f1,N622FB,N622FB,2025-05-09 14:51:57+00,2025-05-09 14:56:13+00,4.266666666666667,KDVT,KDVT,,,,,
2054,fr24_complete_3a425a7f,N622FB,N622FB,2025-05-09 15:42:10+00,2025-05-09 16:39:01+00,56.85,KDVT,KDVT,,,,,
2053,fr24_complete_3a42c16a,N622FB,N622FB,2025-05-09 18:48:30+00,2025-05-09 20:02:43+00,74.21666666666667,KDVT,KDVT,,,,,
2052,fr24_complete_3a43f7d7,N625FB,N625FB,2025-05-09 23:06:09+00,2025-05-10 00:54:15+00,108.1,KDVT,KDVT,,,,,
2051,fr24_complete_3a4463b2,N625FB,N625FB,2025-05-10 02:05:41+00,2025-05-10 03:40:32+00,94.85,KDVT,KDVT,,,,,
2050,fr24_complete_3a448f41,N622FB,N622FB,2025-05-10 03:31:24+00,2025-05-10 05:06:47+00,95.38333333333334,KDVT,KDVT,,,,,
2049,fr24_complete_3a44bbd1,N624FB,N624FB,2025-05-10 05:00:29+00,2025-05-10 06:37:51+00,97.36666666666666,KDVT,KDVT,,,,,
2048,fr24_complete_3a44e6c8,N622FB,N622FB,2025-05-10 06:30:32+00,2025-05-10 08:06:43+00,96.18333333333334,KDVT,KDVT,,,,,
2047,fr24_complete_3a4518a3,N624FB,N624FB,2025-05-10 08:03:41+00,2025-05-10 09:40:07+00,96.43333333333334,KDVT,KDVT,,,,,
811,fr24_complete_3a451c07,N622FB,N622FB,2025-05-10 08:08:37+00,2025-05-10 08:09:26+00,,KDVT,,,,,,
2046,fr24_complete_3a466900,N622FB,N622FB,2025-05-10 14:58:37+00,2025-05-10 16:01:16+00,62.65,KDVT,KDVT,,,,,
810,fr24_complete_3a46a459,N622FB,N622FB,2025-05-10 16:01:18+00,2025-05-10 18:27:58+00,,KDVT,,,,,,
2045,fr24_complete_3a471e89,N622FB,N622FB,2025-05-10 18:28:16+00,2025-05-10 19:54:28+00,86.2,KDVT,KDVT,,,,,
2044,fr24_complete_3a47c081,N625FB,N625FB,2025-05-10 22:42:53+00,2025-05-11 00:08:52+00,85.98333333333333,KDVT,KDVT,,,,,
2043,fr24_complete_3a48286d,N625FB,N625FB,2025-05-11 01:58:34+00,2025-05-11 02:02:40+00,4.1,KDVT,KDVT,,,,,
2042,fr24_complete_3a482a01,N625FB,N625FB,2025-05-11 02:01:03+00,2025-05-11 02:08:04+00,7.016666666666667,KDVT,KDVT,,,,,
2041,fr24_complete_3a482c74,N625FB,N625FB,2025-05-11 02:06:18+00,2025-05-11 03:35:28+00,89.16666666666667,KDVT,KDVT,,,,,
2040,fr24_complete_3a4850c1,N622FB,N622FB,2025-05-11 03:32:08+00,2025-05-11 05:07:29+00,95.35,KDVT,KDVT,,,,,
2039,fr24_complete_3a487a97,N624FB,N624FB,2025-05-11 05:01:59+00,2025-05-11 06:35:01+00,93.03333333333333,KDVT,KDVT,,,,,
2038,fr24_complete_3a48a132,N622FB,N622FB,2025-05-11 06:28:35+00,2025-05-11 08:18:14+00,109.65,KDVT,KDVT,,,,,
2037,fr24_complete_3a48d039,N624FB,N624FB,2025-05-11 08:02:15+00,2025-05-11 09:38:09+00,95.9,KDVT,KDVT,,,,,
2036,fr24_complete_3a4a15de,N623FB,N623FB,2025-05-11 15:26:14+00,2025-05-11 16:16:44+00,50.5,KDVT,KDVT,,,,,
2035,fr24_complete_3a4a9079,N623FB,N623FB,2025-05-11 18:06:58+00,2025-05-11 18:59:25+00,52.45,KDVT,KDVT,,,,,
2034,fr24_complete_3a4b4c99,N625FB,N625FB,2025-05-11 23:07:40+00,2025-05-12 01:10:26+00,122.76666666666667,KDVT,KDVT,,,,,
2033,fr24_complete_3a4bb81b,N625FB,N625FB,2025-05-12 02:30:11+00,2025-05-12 03:37:10+00,66.98333333333333,KDVT,KDVT,,,,,
2032,fr24_complete_3a4bd47c,N622FB,N622FB,2025-05-12 03:33:43+00,2025-05-12 05:08:28+00,94.75,KDVT,KDVT,,,,,
2031,fr24_complete_3a4bff62,N624FB,N624FB,2025-05-12 05:03:51+00,2025-05-12 06:35:48+00,91.95,KDVT,KDVT,,,,,
2030,fr24_complete_3a4c2d14,N622FB,N622FB,2025-05-12 06:31:11+00,2025-05-12 08:07:37+00,96.43333333333334,KDVT,KDVT,,,,,
2029,fr24_complete_3a4c5e40,N624FB,N624FB,2025-05-12 08:04:56+00,2025-05-12 09:49:59+00,105.05,KDVT,KDVT,,,,,
2028,fr24_complete_3a4db364,N623FB,N623FB,2025-05-12 15:38:25+00,2025-05-12 17:05:24+00,86.98333333333333,KDVT,KDVT,,,,,
2027,fr24_complete_3a4e513b,N623FB,N623FB,2025-05-12 19:01:30+00,2025-05-12 20:02:32+00,61.03333333333333,KDVT,KDVT,,,,,
2026,fr24_complete_3a4ef46d,N622FB,N622FB,2025-05-12 23:01:27+00,2025-05-13 00:29:13+00,87.76666666666667,KDVT,KDVT,,,,,
2025,fr24_complete_3a4f5fd7,N622FB,N622FB,2025-05-13 02:07:00+00,2025-05-13 03:36:45+00,89.75,KDVT,KDVT,,,,,
2024,fr24_complete_3a4f8863,N624FB,N624FB,2025-05-13 03:31:11+00,2025-05-13 05:15:10+00,103.98333333333333,KDVT,KDVT,,,,,
2023,fr24_complete_3a4fb6b1,N625FB,N625FB,2025-05-13 05:02:54+00,2025-05-13 06:41:18+00,98.4,KDVT,KDVT,,,,,
2022,fr24_complete_3a4fe434,N624FB,N624FB,2025-05-13 06:32:29+00,2025-05-13 08:08:52+00,96.38333333333334,KDVT,KDVT,,,,,
2021,fr24_complete_3a5016a5,N625FB,N625FB,2025-05-13 08:02:31+00,2025-05-13 09:37:07+00,94.6,KDVT,KDVT,,,,,
2020,fr24_complete_3a50c49e,N623FB,N623FB,2025-05-13 12:18:38+00,2025-05-13 12:45:25+00,26.783333333333335,KDVT,KDVT,,,,,
2019,fr24_complete_3a517682,N623FB,N623FB,2025-05-13 15:41:28+00,2025-05-13 16:56:15+00,74.78333333333333,KDVT,KDVT,,,,,
2018,fr24_complete_3a52bf48,N625FB,N625FB,2025-05-13 23:15:06+00,2025-05-14 00:51:11+00,96.08333333333333,KDVT,KDVT,,,,,
2017,fr24_complete_3a52fd81,N625FB,N625FB,2025-05-14 02:10:58+00,2025-05-14 03:39:32+00,88.56666666666666,KDVT,KDVT,,,,,
751,fr24_complete_3a534ef8,N624FB,N624FB,2025-05-14 03:34:34+00,2025-05-14 03:34:52+00,,KDVT,,,,,,
2016,fr24_complete_3a534f3b,N624FB,N624FB,2025-05-14 03:34:55+00,2025-05-14 05:05:38+00,90.71666666666667,KDVT,KDVT,,,,,
2015,fr24_complete_3a537cc2,N625FB,N625FB,2025-05-14 05:01:44+00,2025-05-14 06:37:01+00,95.28333333333333,KDVT,KDVT,,,,,
2014,fr24_complete_3a53ab27,N624FB,N624FB,2025-05-14 06:32:02+00,2025-05-14 08:05:14+00,93.2,KDVT,KDVT,,,,,
2013,fr24_complete_3a53ddde,N625FB,N625FB,2025-05-14 08:00:07+00,2025-05-14 09:35:08+00,95.01666666666667,KDVT,KDVT,,,,,
2012,fr24_complete_3a55c3e4,N623FB,N623FB,2025-05-14 17:59:15+00,2025-05-14 18:58:49+00,59.56666666666667,KDVT,KDVT,,,,,
2011,fr24_complete_3a569df4,N622FB,N622FB,2025-05-14 23:03:52+00,2025-05-15 00:51:22+00,107.5,KDVT,KDVT,,,,,
2010,fr24_complete_3a571076,N622FB,N622FB,2025-05-15 02:04:42+00,2025-05-15 03:38:41+00,93.98333333333333,KDVT,KDVT,,,,,
2009,fr24_complete_3a573de3,N624FB,N624FB,2025-05-15 03:32:31+00,2025-05-15 05:15:29+00,102.96666666666667,KDVT,KDVT,,,,,
2008,fr24_complete_3a576ee3,N625FB,N625FB,2025-05-15 05:03:58+00,2025-05-15 06:35:43+00,91.75,KDVT,KDVT,,,,,
2007,fr24_complete_3a579bd1,N624FB,N624FB,2025-05-15 06:30:53+00,2025-05-15 08:11:05+00,100.2,KDVT,KDVT,,,,,
2006,fr24_complete_3a57cfb2,N625FB,N625FB,2025-05-15 08:02:00+00,2025-05-15 09:34:12+00,92.2,KDVT,KDVT,,,,,
2005,fr24_complete_3a591f03,N623FB,N623FB,2025-05-15 15:01:14+00,2025-05-15 15:51:09+00,,KDVT,,,,,,
783,fr24_complete_3a594ce3,N623FB,N623FB,2025-05-15 15:51:12+00,2025-05-15 15:51:12+00,,KDVT,,,,,,
2004,fr24_complete_3a5965ae,N623FB,N623FB,2025-05-15 17:12:28+00,2025-05-15 17:30:18+00,17.833333333333332,KDVT,KDVT,,,,,
702,fr24_complete_3a59a409,N623FB,N623FB,2025-05-15 17:30:22+00,2025-05-15 17:30:33+00,,KDVT,,,,,,
2003,fr24_complete_3a59da5c,N623FB,N623FB,2025-05-15 18:34:14+00,2025-05-15 19:30:47+00,56.55,KDVT,KDVT,,,,,
2002,fr24_complete_3a5a9c40,N624FB,N624FB,2025-05-15 22:52:49+00,2025-05-16 01:10:54+00,138.08333333333334,KDVT,KPHX,,,,,
2001,fr24_complete_3a5b0144,N624FB,N624FB,2025-05-16 01:31:37+00,2025-05-16 03:06:20+00,94.71666666666667,KPHX,KDVT,,,,,
2000,fr24_complete_3a5b4283,N625FB,N625FB,2025-05-16 03:34:42+00,2025-05-16 05:18:32+00,103.83333333333333,KDVT,KDVT,,,,,
1999,fr24_complete_3a5b71c7,N623FB,N623FB,2025-05-16 05:02:21+00,2025-05-16 06:35:34+00,93.21666666666667,KDVT,KDVT,,,,,
1998,fr24_complete_3a5b9f43,N625FB,N625FB,2025-05-16 06:29:20+00,2025-05-16 08:13:44+00,104.4,KDVT,KDVT,,,,,
1997,fr24_complete_3a5bd51c,N623FB,N623FB,2025-05-16 08:03:07+00,2025-05-16 09:45:07+00,102,KDVT,KDVT,,,,,
713,fr24_complete_3a5bdc06,N625FB,N625FB,2025-05-16 08:13:52+00,2025-05-16 08:14:11+00,,KDVT,KDVT,,,,,
1996,fr24_complete_3a5db5ea,N623FB,N623FB,2025-05-16 17:50:58+00,2025-05-16 18:54:40+00,63.7,KDVT,KDVT,,,,,
1995,fr24_complete_3a5e89c0,N622FB,N622FB,2025-05-16 22:59:41+00,2025-05-17 00:10:49+00,71.13333333333334,KDVT,KDVT,,,,,
1994,fr24_complete_3a5ef05c,N622FB,N622FB,2025-05-17 02:03:31+00,2025-05-17 03:35:05+00,91.56666666666666,KDVT,KDVT,,,,,
1993,fr24_complete_3a5f1976,N625FB,N625FB,2025-05-17 03:31:24+00,2025-05-17 05:07:28+00,96.06666666666666,KDVT,KDVT,,,,,
1992,fr24_complete_3a5f45d6,N624FB,N624FB,2025-05-17 05:02:25+00,2025-05-17 06:51:03+00,108.63333333333334,KDVT,KDVT,,,,,
1991,fr24_complete_3a5f6ea1,N625FB,N625FB,2025-05-17 06:30:50+00,2025-05-17 08:07:55+00,97.08333333333333,KDVT,KDVT,,,,,
1990,fr24_complete_3a5f9f9d,N624FB,N624FB,2025-05-17 08:03:52+00,2025-05-17 09:33:41+00,89.81666666666666,KDVT,KDVT,,,,,
1989,fr24_complete_3a61f839,N624FB,N624FB,2025-05-17 23:04:56+00,2025-05-18 00:28:10+00,83.23333333333333,KDVT,KDVT,,,,,
1988,fr24_complete_3a624a1e,N624FB,N624FB,2025-05-18 02:00:04+00,2025-05-18 03:38:26+00,98.36666666666666,KDVT,KDVT,,,,,
1987,fr24_complete_3a626ed8,N625FB,N625FB,2025-05-18 03:29:10+00,2025-05-18 05:07:28+00,98.3,KDVT,KDVT,,,,,
1986,fr24_complete_3a629636,N624FB,N624FB,2025-05-18 05:03:01+00,2025-05-18 06:49:07+00,106.1,KDVT,KDVT,,,,,
1985,fr24_complete_3a62bb38,N625FB,N625FB,2025-05-18 06:29:59+00,2025-05-18 08:06:52+00,96.88333333333334,KDVT,KDVT,,,,,
1984,fr24_complete_3a62e98e,N624FB,N624FB,2025-05-18 08:03:53+00,2025-05-18 09:51:02+00,107.15,KDVT,KDVT,,,,,
1983,fr24_complete_3a634727,N624FB,N624FB,2025-05-18 10:31:22+00,2025-05-18 11:05:18+00,33.93333333333333,KDVT,KDVT,,,,,
1982,fr24_complete_3a641c9e,N623FB,N623FB,2025-05-18 15:09:41+00,2025-05-18 16:38:48+00,89.11666666666666,KDVT,KDVT,,,,,
1981,fr24_complete_3a656468,N622FB,N622FB,2025-05-18 23:06:50+00,2025-05-19 00:34:11+00,87.35,KDVT,KDVT,,,,,
1980,fr24_complete_3a65c66a,N622FB,N622FB,2025-05-19 02:07:22+00,2025-05-19 03:46:54+00,99.53333333333333,KDVT,KDVT,,,,,
1979,fr24_complete_3a65ee8f,N624FB,N624FB,2025-05-19 03:31:51+00,2025-05-19 05:04:43+00,92.86666666666666,KDVT,KDVT,,,,,
1978,fr24_complete_3a661c0b,N625FB,N625FB,2025-05-19 05:01:24+00,2025-05-19 06:40:35+00,99.18333333333334,KDVT,KDVT,,,,,
1977,fr24_complete_3a664a22,N624FB,N624FB,2025-05-19 06:31:10+00,2025-05-19 08:02:52+00,91.7,KDVT,KDVT,,,,,
1976,fr24_complete_3a6678f5,N625FB,N625FB,2025-05-19 07:59:57+00,2025-05-19 09:30:30+00,90.55,KDVT,KDVT,,,,,
1975,fr24_complete_3a67d552,N623FB,N623FB,2025-05-19 15:32:01+00,2025-05-19 16:43:15+00,71.23333333333333,KDVT,KDVT,,,,,
1974,fr24_complete_3a686269,N623FB,N623FB,2025-05-19 18:23:29+00,2025-05-19 19:36:32+00,73.05,KDVT,KDVT,,,,,
1973,fr24_complete_3a68b281,N623FB,N623FB,2025-05-19 20:14:19+00,2025-05-19 20:33:13+00,18.9,KDVT,KDVT,,,,,
1972,fr24_complete_3a6923f6,N624FB,N624FB,2025-05-19 23:12:09+00,2025-05-20 00:34:30+00,82.35,KDVT,KDVT,,,,,
1971,fr24_complete_3a699254,N624FB,N624FB,2025-05-20 02:20:13+00,2025-05-20 03:44:49+00,84.6,KDVT,KDVT,,,,,
1970,fr24_complete_3a69b5fc,N622FB,N622FB,2025-05-20 03:32:48+00,2025-05-20 05:05:37+00,92.81666666666666,KDVT,KDVT,,,,,
1969,fr24_complete_3a69e5a9,N625FB,N625FB,2025-05-20 05:02:47+00,2025-05-20 06:48:58+00,106.18333333333334,KDVT,KDVT,,,,,
1968,fr24_complete_3a6a13af,N622FB,N622FB,2025-05-20 06:32:51+00,2025-05-20 08:04:47+00,91.93333333333334,KDVT,KDVT,,,,,
1967,fr24_complete_3a6a4355,N625FB,N625FB,2025-05-20 08:00:18+00,2025-05-20 09:52:38+00,112.33333333333333,KDVT,KDVT,,,,,
701,fr24_complete_3a6bbc3a,N623FB,N623FB,2025-05-20 15:46:07+00,2025-05-20 15:46:07+00,,KDVT,,,,,,
1966,fr24_complete_3a6bbc44,N623FB,N623FB,2025-05-20 15:46:12+00,2025-05-20 16:40:40+00,54.46666666666667,KDVT,KDVT,,,,,
1965,fr24_complete_3a6bec19,N623FB,N623FB,2025-05-20 19:08:50+00,2025-05-20 20:03:48+00,54.96666666666667,KDVT,KDVT,,,,,
1964,fr24_complete_3a6d1187,N624FB,N624FB,2025-05-20 23:16:23+00,2025-05-21 00:41:40+00,85.28333333333333,KDVT,KDVT,,,,,
1963,fr24_complete_3a6d81b4,N624FB,N624FB,2025-05-21 02:19:16+00,2025-05-21 03:44:56+00,85.66666666666667,KDVT,KDVT,,,,,
1962,fr24_complete_3a6da922,N622FB,N622FB,2025-05-21 03:36:35+00,2025-05-21 05:11:29+00,94.9,KDVT,KDVT,,,,,
1961,fr24_complete_3a6dd8ee,N625FB,N625FB,2025-05-21 05:02:06+00,2025-05-21 06:50:24+00,108.3,KDVT,KDVT,,,,,
1960,fr24_complete_3a6e0a3e,N622FB,N622FB,2025-05-21 06:34:19+00,2025-05-21 08:05:50+00,91.51666666666667,KDVT,KDVT,,,,,
1959,fr24_complete_3a6e3aac,N625FB,N625FB,2025-05-21 07:59:25+00,2025-05-21 09:44:33+00,105.13333333333334,KDVT,KDVT,,,,,
1958,fr24_complete_3a6f54c1,N621FB,N621FB,2025-05-21 14:19:35+00,2025-05-21 14:29:27+00,9.866666666666667,KDVT,KDVT,,,,,
1957,fr24_complete_3a6f6cf8,N621FB,N621FB,2025-05-21 14:40:39+00,2025-05-21 14:49:15+00,8.6,KDVT,KDVT,,,,,
1956,fr24_complete_3a6f7e74,N623FB,N623FB,2025-05-21 14:59:41+00,2025-05-21 15:27:33+00,27.866666666666667,KDVT,KDVT,,,,,
700,fr24_complete_3a6f97c0,N623FB,N623FB,2025-05-21 15:27:38+00,2025-05-21 15:27:38+00,,KDVT,,,,,,
1955,fr24_complete_3a6fae94,N621FB,N621FB,2025-05-21 15:54:11+00,2025-05-21 16:33:36+00,39.416666666666664,KDVT,KDVT,,,,,
1954,fr24_complete_3a701447,N623FB,N623FB,2025-05-21 17:50:48+00,2025-05-21 18:55:46+00,64.96666666666667,KDVT,KDVT,,,,,
1953,fr24_complete_3a70fe82,N621FB,N621FB,2025-05-21 23:11:51+00,2025-05-22 00:56:06+00,104.25,KDVT,KDVT,,,,,
1952,fr24_complete_3a717108,N621FB,N621FB,2025-05-22 02:14:37+00,2025-05-22 03:38:20+00,83.71666666666667,KDVT,KDVT,,,,,
1951,fr24_complete_3a719afc,N624FB,N624FB,2025-05-22 03:31:33+00,2025-05-22 05:07:19+00,95.76666666666667,KDVT,KDVT,,,,,
1950,fr24_complete_3a71ccad,N622FB,N622FB,2025-05-22 05:01:26+00,2025-05-22 06:44:18+00,102.86666666666666,KDVT,KDVT,,,,,
1949,fr24_complete_3a71fbbf,N624FB,N624FB,2025-05-22 06:30:14+00,2025-05-22 07:59:26+00,89.2,KDVT,KDVT,,,,,
1948,fr24_complete_3a722ebb,N622FB,N622FB,2025-05-22 08:03:02+00,2025-05-22 09:33:13+00,90.18333333333334,KDVT,KDVT,,,,,
1947,fr24_complete_3a73762f,N623FB,N623FB,2025-05-22 15:05:12+00,2025-05-22 15:57:54+00,52.7,KDVT,KDVT,,,,,
1946,fr24_complete_3a741966,N623FB,N623FB,2025-05-22 18:07:05+00,2025-05-22 19:06:02+00,,KDVT,,,,,,
1945,fr24_complete_3a74fd3f,N621FB,N621FB,2025-05-22 23:01:51+00,2025-05-23 00:34:31+00,92.66666666666667,KDVT,KDVT,,,,,
1944,fr24_complete_3a757030,N621FB,N621FB,2025-05-23 02:03:20+00,2025-05-23 03:33:38+00,90.3,KDVT,KDVT,,,,,
1943,fr24_complete_3a759e1d,N622FB,N622FB,2025-05-23 03:32:23+00,2025-05-23 05:10:03+00,97.66666666666667,KDVT,KDVT,,,,,
1942,fr24_complete_3a75d10d,N625FB,N625FB,2025-05-23 05:06:37+00,2025-05-23 06:56:22+00,109.75,KDVT,KDVT,,,,,
1941,fr24_complete_3a75feb5,N622FB,N622FB,2025-05-23 06:33:58+00,2025-05-23 08:08:44+00,94.76666666666667,KDVT,KDVT,,,,,
1940,fr24_complete_3a7630f4,N625FB,N625FB,2025-05-23 08:01:14+00,2025-05-23 09:36:42+00,95.46666666666667,KDVT,KDVT,,,,,
1939,fr24_complete_3a778ffc,N625FB,N625FB,2025-05-23 15:07:44+00,2025-05-23 16:53:51+00,106.11666666666666,KDVT,KDVT,,,,,
1938,fr24_complete_3a790eef,N624FB,N624FB,2025-05-23 22:26:31+00,2025-05-23 23:47:50+00,81.31666666666666,KDVT,KDVT,,,,,
1937,fr24_complete_3a7998cf,N624FB,N624FB,2025-05-24 02:06:35+00,2025-05-24 03:46:45+00,100.16666666666667,KDVT,KDVT,,,,,
1936,fr24_complete_3a79c30d,N622FB,N622FB,2025-05-24 03:33:32+00,2025-05-24 05:19:26+00,105.9,KDVT,KDVT,,,,,
1935,fr24_complete_3a79ebe0,N623FB,N623FB,2025-05-24 04:56:37+00,2025-05-24 06:35:15+00,98.63333333333334,KDVT,KDVT,,,,,
1934,fr24_complete_3a7a187c,N622FB,N622FB,2025-05-24 06:30:47+00,2025-05-24 08:03:29+00,92.7,KDVT,KDVT,,,,,
1933,fr24_complete_3a7a4969,N623FB,N623FB,2025-05-24 08:00:25+00,2025-05-24 10:11:12+00,130.78333333333333,KDVT,KDVT,,,,,
1932,fr24_complete_3a7a4c33,N622FB,N622FB,2025-05-24 08:04:25+00,2025-05-24 08:07:13+00,2.8,KDVT,KDVT,,,,,
1931,fr24_complete_3a7b8d56,N623FB,N623FB,2025-05-24 15:06:16+00,2025-05-24 16:13:17+00,67.01666666666667,KDVT,KDVT,,,,,
1930,fr24_complete_3a7c1cdf,N623FB,N623FB,2025-05-24 17:59:16+00,2025-05-24 19:05:33+00,66.28333333333333,KDVT,KDVT,,,,,
1929,fr24_complete_3a7cc90e,N622FB,N622FB,2025-05-24 22:33:14+00,2025-05-25 00:00:32+00,87.3,KDVT,KDVT,,,,,
1928,fr24_complete_3a7d3af3,N622FB,N622FB,2025-05-25 02:11:08+00,2025-05-25 02:30:35+00,19.45,KDVT,KGEU,,,,,
1927,fr24_complete_3a7d5e67,N621FB,N621FB,2025-05-25 03:35:39+00,2025-05-25 05:32:09+00,116.5,KDVT,KDVT,,,,,
1926,fr24_complete_3a7d85e4,N622FB,N622FB,2025-05-25 05:02:37+00,2025-05-25 06:42:50+00,100.21666666666667,KDVT,KDVT,,,,,
1925,fr24_complete_3a7dafa7,N621FB,N621FB,2025-05-25 06:33:50+00,2025-05-25 08:39:20+00,125.5,KDVT,KDVT,,,,,
1924,fr24_complete_3a7de46b,N622FB,N622FB,2025-05-25 08:21:59+00,2025-05-25 09:53:49+00,91.83333333333333,KDVT,KDVT,,,,,
1923,fr24_complete_3a7e2ffb,N622FB,N622FB,2025-05-25 10:49:17+00,2025-05-25 11:03:33+00,14.266666666666667,KDVT,KDVT,,,,,
1922,fr24_complete_3a7f0eec,N622FB,N622FB,2025-05-25 15:40:01+00,2025-05-25 16:41:35+00,,KDVT,,,,,,
1921,fr24_complete_3a7fa0bb,N622FB,N622FB,2025-05-25 19:06:33+00,2025-05-25 20:14:08+00,67.58333333333333,KDVT,KDVT,,,,,
1920,fr24_complete_3a802c32,N624FB,N624FB,2025-05-25 23:09:16+00,2025-05-26 00:32:54+00,83.63333333333334,KDVT,KDVT,,,,,
1919,fr24_complete_3a8086a8,N624FB,N624FB,2025-05-26 02:03:09+00,2025-05-26 03:37:24+00,94.25,KDVT,KDVT,,,,,
1918,fr24_complete_3a80ae35,N622FB,N622FB,2025-05-26 03:32:52+00,2025-05-26 05:12:48+00,99.93333333333334,KDVT,KDVT,,,,,
1917,fr24_complete_3a80da06,N625FB,N625FB,2025-05-26 05:02:41+00,2025-05-26 06:36:46+00,94.08333333333333,KDVT,KDVT,,,,,
1916,fr24_complete_3a81077a,N622FB,N622FB,2025-05-26 06:31:38+00,2025-05-26 08:04:26+00,92.8,KDVT,KDVT,,,,,
1915,fr24_complete_3a813638,N625FB,N625FB,2025-05-26 08:01:27+00,2025-05-26 09:39:15+00,97.8,KDVT,KDVT,,,,,
1914,fr24_complete_3a82aa34,N622FB,N622FB,2025-05-26 16:17:29+00,2025-05-26 17:13:12+00,55.71666666666667,KDVT,KDVT,,,,,
1913,fr24_complete_3a832ed2,N622FB,N622FB,2025-05-26 19:04:33+00,2025-05-26 19:51:21+00,46.8,KDVT,,,,,,
1911,fr24_complete_3a838f42,N624FB,N624FB,2025-05-26 21:23:32+00,2025-05-26 22:19:47+00,56.25,KDVT,KDVT,,,,,
1910,fr24_complete_3a83d217,N624FB,N624FB,2025-05-26 23:12:51+00,2025-05-27 00:40:15+00,87.4,KDVT,KDVT,,,,,
1909,fr24_complete_3a84302e,N624FB,N624FB,2025-05-27 02:06:58+00,2025-05-27 03:48:31+00,101.55,KDVT,KDVT,,,,,
1908,fr24_complete_3a8457e4,N623FB,N623FB,2025-05-27 03:31:54+00,2025-05-27 05:04:56+00,93.03333333333333,KDVT,KDVT,,,,,
1907,fr24_complete_3a8484dc,N625FB,N625FB,2025-05-27 05:01:24+00,2025-05-27 06:53:05+00,111.68333333333334,KDVT,KDVT,,,,,
1906,fr24_complete_3a84b30b,N623FB,N623FB,2025-05-27 06:31:22+00,2025-05-27 08:01:55+00,90.55,KDVT,KDVT,,,,,
1905,fr24_complete_3a84e2a8,N625FB,N625FB,2025-05-27 07:59:21+00,2025-05-27 09:35:06+00,95.75,KDVT,KDVT,,,,,
1904,fr24_complete_3a862c0a,N621FB,N621FB,2025-05-27 15:14:41+00,2025-05-27 16:04:02+00,49.35,KDVT,KDVT,,,,,
1903,fr24_complete_3a8704d2,N624FB,N624FB,2025-05-27 19:28:06+00,2025-05-27 19:34:31+00,6.416666666666667,KDVT,KDVT,,,,,
1902,fr24_complete_3a870cca,N624FB,N624FB,2025-05-27 19:35:56+00,2025-05-27 20:05:10+00,29.233333333333334,KDVT,KDVT,,,,,
1901,fr24_complete_3a879bb7,N624FB,N624FB,2025-05-27 23:04:28+00,2025-05-28 00:29:26+00,84.96666666666667,KDVT,KDVT,,,,,
1900,fr24_complete_3a8809b6,N624FB,N624FB,2025-05-28 02:06:42+00,2025-05-28 03:40:03+00,93.35,KDVT,KDVT,,,,,
1899,fr24_complete_3a883638,N623FB,N623FB,2025-05-28 03:33:53+00,2025-05-28 05:03:39+00,89.76666666666667,KDVT,KDVT,,,,,
1898,fr24_complete_3a8865b1,N624FB,N624FB,2025-05-28 05:01:37+00,2025-05-28 06:42:16+00,100.65,KDVT,KDVT,,,,,
1897,fr24_complete_3a88956b,N623FB,N623FB,2025-05-28 06:32:39+00,2025-05-28 08:06:15+00,93.6,KDVT,KDVT,,,,,
1896,fr24_complete_3a88c7b8,N624FB,N624FB,2025-05-28 07:59:45+00,2025-05-28 09:16:27+00,76.7,KDVT,KGEU,,,,,
1895,fr24_complete_3a8a06e7,N624FB,N624FB,2025-05-28 15:02:24+00,2025-05-28 15:55:26+00,53.03333333333333,KDVT,KDVT,,,,,
784,fr24_complete_3a8a0ec9,N623FB,N623FB,2025-05-28 15:11:26+00,2025-05-28 15:11:26+00,,KDVT,,,,,,
1894,fr24_complete_3a8b316f,N624FB,N624FB,2025-05-28 21:11:42+00,2025-05-28 22:35:17+00,83.58333333333333,KDVT,KDVT,,,,,
1893,fr24_complete_3a8bac8c,N624FB,N624FB,2025-05-29 00:19:40+00,2025-05-29 01:41:43+00,82.05,KDVT,KDVT,,,,,
1892,fr24_complete_3a8c1404,N622FB,N622FB,2025-05-29 03:33:03+00,2025-05-29 05:04:54+00,91.85,KDVT,KDVT,,,,,
1891,fr24_complete_3a8c4041,N621FB,N621FB,2025-05-29 04:59:02+00,2025-05-29 06:36:39+00,97.61666666666666,KDVT,KDVT,,,,,
1890,fr24_complete_3a8c7004,N622FB,N622FB,2025-05-29 06:32:26+00,2025-05-29 08:05:41+00,93.25,KDVT,KDVT,,,,,
1889,fr24_complete_3a8ca050,N621FB,N621FB,2025-05-29 08:01:32+00,2025-05-29 09:26:07+00,84.58333333333333,KDVT,KDVT,,,,,
1888,fr24_complete_3a8dd45b,N621FB,N621FB,2025-05-29 14:42:11+00,2025-05-29 15:37:21+00,55.166666666666664,KDVT,KDVT,,,,,
1887,fr24_complete_3a8e1554,N624FB,N624FB,2025-05-29 15:52:15+00,2025-05-29 15:59:39+00,7.4,KDVT,KDVT,,,,,
755,fr24_complete_3a8e1b60,N624FB,N624FB,2025-05-29 15:57:53+00,2025-05-29 15:58:09+00,,KDVT,KDVT,,,,,
1886,fr24_complete_3a8e6cb1,N624FB,N624FB,2025-05-29 17:29:45+00,2025-05-29 17:37:59+00,8.233333333333333,KDVT,KDVT,,,,,
754,fr24_complete_3a8e726b,N624FB,N624FB,2025-05-29 17:36:11+00,2025-05-29 17:38:10+00,,KDVT,KDVT,,,,,
753,fr24_complete_3a8e7f9b,N624FB,N624FB,2025-05-29 17:51:36+00,2025-05-29 17:53:28+00,,KDVT,KDVT,,,,,
1885,fr24_complete_3a8e89e1,N621FB,N621FB,2025-05-29 18:04:29+00,2025-05-29 18:58:44+00,54.25,KDVT,KDVT,,,,,
1884,fr24_complete_3a8f6ac7,N625FB,N625FB,2025-05-29 22:59:42+00,2025-05-30 00:23:44+00,84.03333333333333,KDVT,KDVT,,,,,
1883,fr24_complete_3a8fe175,N625FB,N625FB,2025-05-30 02:02:22+00,2025-05-30 03:35:21+00,92.98333333333333,KDVT,KDVT,,,,,
1882,fr24_complete_3a90106a,N621FB,N621FB,2025-05-30 03:32:30+00,2025-05-30 05:16:50+00,104.33333333333333,KDVT,KDVT,,,,,
1881,fr24_complete_3a904196,N622FB,N622FB,2025-05-30 05:02:36+00,2025-05-30 06:36:06+00,93.5,KDVT,KDVT,,,,,
1880,fr24_complete_3a906fbb,N621FB,N621FB,2025-05-30 06:31:47+00,2025-05-30 08:14:22+00,102.58333333333333,KDVT,KDVT,,,,,
814,fr24_complete_3a90727b,N622FB,N622FB,2025-05-30 06:36:09+00,2025-05-30 06:36:44+00,,KDVT,,,,,,
1879,fr24_complete_3a90a3ce,N622FB,N622FB,2025-05-30 08:01:18+00,2025-05-30 09:34:15+00,92.95,KDVT,KDVT,,,,,
1878,fr24_complete_3a920a08,N621FB,N621FB,2025-05-30 15:59:42+00,2025-05-30 16:08:16+00,8.566666666666666,KGEU,KDVT,,,,,
863,fr24_complete_3a9245bd,N621FB,N621FB,2025-05-30 16:06:35+00,2025-05-30 16:06:54+00,,KDVT,,,,,,
862,fr24_complete_3a924629,N621FB,N621FB,2025-05-30 16:06:57+00,2025-05-30 16:07:03+00,,KDVT,,,,,,
1877,fr24_complete_3a92c269,N621FB,N621FB,2025-05-30 18:18:57+00,2025-05-30 19:16:40+00,57.71666666666667,KDVT,KDVT,,,,,
1876,fr24_complete_3a937fb8,N625FB,N625FB,2025-05-30 22:31:17+00,2025-05-30 23:52:43+00,81.43333333333334,KDVT,KDVT,,,,,
1875,fr24_complete_3a94046f,N625FB,N625FB,2025-05-31 02:10:06+00,2025-05-31 03:45:41+00,95.58333333333333,KDVT,KDVT,,,,,
1874,fr24_complete_3a942bc4,N624FB,N624FB,2025-05-31 03:31:57+00,2025-05-31 05:13:47+00,101.83333333333333,KDVT,KDVT,,,,,
1873,fr24_complete_3a9458bb,N622FB,N622FB,2025-05-31 05:00:25+00,2025-05-31 06:35:32+00,95.11666666666666,KDVT,KDVT,,,,,
1872,fr24_complete_3a9484fc,N624FB,N624FB,2025-05-31 06:31:02+00,2025-05-31 08:08:33+00,97.51666666666667,KDVT,KDVT,,,,,
1871,fr24_complete_3a94b947,N622FB,N622FB,2025-05-31 08:00:39+00,2025-05-31 09:48:07+00,107.46666666666667,KDVT,KDVT,,,,,
1870,fr24_complete_3a9600a9,N624FB,N624FB,2025-05-31 14:54:52+00,2025-05-31 16:02:04+00,67.2,KDVT,KDVT,,,,,
1869,fr24_complete_3a96b782,N624FB,N624FB,2025-05-31 18:31:23+00,2025-05-31 19:55:39+00,84.26666666666667,KDVT,KDVT,,,,,
1868,fr24_complete_3a9763cc,N625FB,N625FB,2025-05-31 23:01:53+00,2025-06-01 00:43:26+00,101.55,KDVT,KDVT,,,,,
1867,fr24_complete_3a97c5ff,N625FB,N625FB,2025-06-01 02:06:27+00,2025-06-01 03:33:16+00,86.81666666666666,KDVT,KDVT,,,,,
1866,fr24_complete_3a97e983,N621FB,N621FB,2025-06-01 03:29:05+00,2025-06-01 05:07:54+00,98.81666666666666,KDVT,KDVT,,,,,
1865,fr24_complete_3a9812dd,N622FB,N622FB,2025-06-01 05:01:14+00,2025-06-01 06:36:00+00,94.76666666666667,KDVT,KDVT,,,,,
1864,fr24_complete_3a983cff,N621FB,N621FB,2025-06-01 06:32:26+00,2025-06-01 08:29:13+00,116.78333333333333,KDVT,KDVT,,,,,
1863,fr24_complete_3a986e6e,N622FB,N622FB,2025-06-01 08:11:12+00,2025-06-01 09:41:31+00,90.31666666666666,KDVT,KDVT,,,,,
1862,fr24_complete_3a99a078,N625FB,N625FB,2025-06-01 15:13:34+00,2025-06-01 16:47:26+00,93.86666666666666,KDVT,KDVT,,,,,
1861,fr24_complete_3a9a4ed6,N625FB,N625FB,2025-06-01 18:53:41+00,2025-06-01 20:17:31+00,83.83333333333333,KDVT,KDVT,,,,,
1860,fr24_complete_3a9af7da,N622FB,N622FB,2025-06-01 23:18:43+00,2025-06-02 00:33:06+00,74.38333333333334,KDVT,KDVT,,,,,
1859,fr24_complete_3a9b7e0f,N625FB,N625FB,2025-06-02 03:41:18+00,2025-06-02 05:06:31+00,85.21666666666667,KDVT,KGEU,,,,,
1858,fr24_complete_3a9ba4d5,N621FB,N621FB,2025-06-02 04:59:12+00,2025-06-02 06:33:40+00,94.46666666666667,KDVT,KDVT,,,,,
1857,fr24_complete_3a9ba952,N625FB,N625FB,2025-06-02 05:06:57+00,2025-06-02 05:15:58+00,9.016666666666667,KGEU,KDVT,,,,,
1856,fr24_complete_3a9bd110,N625FB,N625FB,2025-06-02 06:27:46+00,2025-06-02 06:55:05+00,27.316666666666666,KDVT,KGEU,,,,,
1855,fr24_complete_3a9bdf7b,N625FB,N625FB,2025-06-02 06:55:53+00,2025-06-02 07:37:00+00,41.11666666666667,KGEU,KDVT,,,,,
1854,fr24_complete_3a9bf41a,N625FB,N625FB,2025-06-02 07:35:13+00,2025-06-02 07:38:43+00,3.5,KDVT,KDVT,,,,,
1853,fr24_complete_3a9bf524,N625FB,N625FB,2025-06-02 07:36:59+00,2025-06-02 07:38:27+00,,KDVT,,,,,,
1852,fr24_complete_3a9bf5fd,N625FB,N625FB,2025-06-02 07:38:30+00,2025-06-02 07:50:48+00,,KDVT,,,,,,
1851,fr24_complete_3a9bfc91,N625FB,N625FB,2025-06-02 07:50:53+00,2025-06-02 07:54:19+00,3.433333333333333,KDVT,KDVT,,,,,
1850,fr24_complete_3a9bfd6b,N625FB,N625FB,2025-06-02 07:52:38+00,2025-06-02 07:55:52+00,3.2333333333333334,KDVT,KDVT,,,,,
716,fr24_complete_3a9bfe51,N625FB,N625FB,2025-06-02 07:54:06+00,2025-06-02 07:54:13+00,,KDVT,CYRC,,,,,
1849,fr24_complete_3a9bfe6b,N625FB,N625FB,2025-06-02 07:54:19+00,2025-06-02 07:57:22+00,3.05,KDVT,KDVT,,,,,
1848,fr24_complete_3a9bff04,N625FB,N625FB,2025-06-02 07:55:46+00,2025-06-02 07:58:08+00,2.3666666666666667,KDVT,KDVT,,,,,
1847,fr24_complete_3a9bffef,N621FB,N621FB,2025-06-02 07:57:58+00,2025-06-02 08:04:40+00,6.7,KDVT,KDVT,,,,,
715,fr24_complete_3a9c0080,N625FB,N625FB,2025-06-02 07:58:13+00,2025-06-02 08:00:07+00,,KDVT,KDVT,,,,,
714,fr24_complete_3a9c009d,N625FB,N625FB,2025-06-02 07:58:24+00,2025-06-02 07:58:48+00,,KDVT,KDVT,,,,,
1846,fr24_complete_3a9d7fb4,N624FB,N624FB,2025-06-02 16:06:19+00,2025-06-02 16:58:48+00,52.483333333333334,KDVT,KDVT,,,,,
752,fr24_complete_3a9daec4,N624FB,N624FB,2025-06-02 16:58:51+00,2025-06-02 16:58:58+00,,KDVT,,,,,,
1845,fr24_complete_3a9dbee0,N622FB,N622FB,2025-06-02 17:20:47+00,2025-06-02 17:41:49+00,21.033333333333335,KDVT,,,,,,
1844,fr24_complete_3a9daee4,N624FB,N624FB,2025-06-02 19:12:02+00,2025-06-02 20:02:38+00,50.6,KDVT,KDVT,,,,,
1843,fr24_complete_3a9ec377,N621FB,N621FB,2025-06-02 23:10:51+00,2025-06-03 00:35:36+00,84.75,KDVT,KDVT,,,,,
1842,fr24_complete_3a9f2ff1,N621FB,N621FB,2025-06-03 02:10:02+00,2025-06-03 03:50:10+00,100.13333333333334,KDVT,KDVT,,,,,
1841,fr24_complete_3a9f5bf8,N622FB,N622FB,2025-06-03 03:32:49+00,2025-06-03 05:10:44+00,97.91666666666667,KDVT,KDVT,,,,,
1840,fr24_complete_3a9f8b41,N621FB,N621FB,2025-06-03 05:03:09+00,2025-06-03 06:50:53+00,107.73333333333333,KDVT,KDVT,,,,,
1839,fr24_complete_3a9fba40,N622FB,N622FB,2025-06-03 06:31:57+00,2025-06-03 08:24:40+00,112.71666666666667,KDVT,KDVT,,,,,
1838,fr24_complete_3a9fed4e,N621FB,N621FB,2025-06-03 08:03:35+00,2025-06-03 09:57:05+00,113.5,KDVT,KDVT,,,,,
1836,fr24_complete_3aa0ef71,N622FB,N622FB,2025-06-03 13:44:40+00,2025-06-03 13:57:01+00,12.35,KDVT,KDVT,,,,,
1835,fr24_complete_3aa0fdac,N622FB,N622FB,2025-06-03 13:58:41+00,2025-06-03 14:00:54+00,2.216666666666667,KDVT,KDVT,,,,,
1834,fr24_complete_3aa1011c,N622FB,N622FB,2025-06-03 14:10:11+00,2025-06-03 14:34:53+00,24.7,KDVT,KDVT,,,,,
1833,fr24_complete_3aa120b4,N622FB,N622FB,2025-06-03 14:35:09+00,2025-06-03 14:55:30+00,20.35,KDVT,KDVT,,,,,
1832,fr24_complete_3aa17419,N622FB,N622FB,2025-06-03 16:05:39+00,2025-06-03 16:56:34+00,50.916666666666664,KDVT,KDVT,,,,,
1831,fr24_complete_3aa20ada,N622FB,N622FB,2025-06-03 19:07:49+00,2025-06-03 20:01:46+00,53.95,KDVT,KDVT,,,,,
1830,fr24_complete_3aa2b3bd,N621FB,N621FB,2025-06-03 23:12:58+00,2025-06-04 00:51:30+00,98.53333333333333,KDVT,KDVT,,,,,
1829,fr24_complete_3aa310d0,N621FB,N621FB,2025-06-04 01:47:10+00,2025-06-04 03:39:31+00,112.35,KDVT,KDVT,,,,,
1828,fr24_complete_3aa34507,N622FB,N622FB,2025-06-04 03:32:05+00,2025-06-04 05:20:27+00,108.36666666666666,KDVT,KDVT,,,,,
1827,fr24_complete_3aa37217,N621FB,N621FB,2025-06-04 05:01:45+00,2025-06-04 06:39:57+00,98.2,KDVT,KDVT,,,,,
1826,fr24_complete_3aa3a2c9,N622FB,N622FB,2025-06-04 06:35:42+00,2025-06-04 08:12:58+00,97.26666666666667,KDVT,KDVT,,,,,
1825,fr24_complete_3aa3d2e6,N621FB,N621FB,2025-06-04 08:01:14+00,2025-06-04 08:27:05+00,25.85,KDVT,KDVT,,,,,
1824,fr24_complete_3aa4ce46,N622FB,N622FB,2025-06-04 13:43:17+00,2025-06-04 14:43:58+00,60.68333333333333,KDVT,KDVT,,,,,
1823,fr24_complete_3aa5b0e1,N622FB,N622FB,2025-06-04 17:57:53+00,2025-06-04 19:15:02+00,77.15,KDVT,KDVT,,,,,
1822,fr24_complete_3aa5e1cb,N625FB,N625FB,2025-06-04 19:01:02+00,2025-06-04 19:13:51+00,12.816666666666666,KDVT,KDVT,,,,,
1821,fr24_complete_3aa5ef6d,N625FB,N625FB,2025-06-04 19:14:09+00,2025-06-04 19:22:59+00,8.833333333333334,KDVT,KDVT,,,,,
1820,fr24_complete_3aa5f72e,N625FB,N625FB,2025-06-04 19:23:13+00,2025-06-04 20:11:12+00,47.983333333333334,KDVT,KDVT,,,,,
1819,fr24_complete_3aa6a224,N621FB,N621FB,2025-06-04 23:09:05+00,2025-06-05 01:02:17+00,113.2,KDVT,KDVT,,,,,
1818,fr24_complete_3aa72031,N621FB,N621FB,2025-06-05 02:27:20+00,2025-06-05 03:40:18+00,72.96666666666667,KDVT,KDVT,,,,,
1817,fr24_complete_3aa74248,N625FB,N625FB,2025-06-05 03:31:55+00,2025-06-05 05:08:41+00,96.76666666666667,KDVT,KDVT,,,,,
1816,fr24_complete_3aa77383,N621FB,N621FB,2025-06-05 05:01:47+00,2025-06-05 06:34:51+00,93.06666666666666,KDVT,KDVT,,,,,
1815,fr24_complete_3aa7a593,N625FB,N625FB,2025-06-05 06:31:44+00,2025-06-05 08:04:12+00,92.46666666666667,KDVT,KDVT,,,,,
1814,fr24_complete_3aa7d7c7,N621FB,N621FB,2025-06-05 08:00:19+00,2025-06-05 09:16:16+00,75.95,KDVT,KDVT,,,,,
1813,fr24_complete_3aa90b06,N625FB,N625FB,2025-06-05 14:51:47+00,2025-06-05 15:15:02+00,23.25,KDVT,,,,,,
1812,fr24_complete_3aa96745,N621FB,N621FB,2025-06-05 16:20:45+00,2025-06-05 17:13:22+00,52.61666666666667,KDVT,KDVT,,,,,
1811,fr24_complete_3aaaa78c,N622FB,N622FB,2025-06-05 23:03:41+00,2025-06-06 00:32:27+00,88.76666666666667,KDVT,KDVT,,,,,
1810,fr24_complete_3aab1caa,N622FB,N622FB,2025-06-06 02:03:41+00,2025-06-06 03:34:57+00,91.26666666666667,KDVT,KDVT,,,,,
1809,fr24_complete_3aab4c97,N624FB,N624FB,2025-06-06 03:31:07+00,2025-06-06 05:00:49+00,89.7,KDVT,KDVT,,,,,
1808,fr24_complete_3aab7c91,N625FB,N625FB,2025-06-06 05:02:04+00,2025-06-06 06:35:23+00,93.31666666666666,KDVT,KDVT,,,,,
1807,fr24_complete_3aabad73,N624FB,N624FB,2025-06-06 06:29:51+00,2025-06-06 08:08:29+00,98.63333333333334,KDVT,KDVT,,,,,
1806,fr24_complete_3aabe0e7,N625FB,N625FB,2025-06-06 08:01:47+00,2025-06-06 09:35:06+00,93.31666666666666,KDVT,KDVT,,,,,
1805,fr24_complete_3aad5044,N621FB,N621FB,2025-06-06 15:31:23+00,2025-06-06 16:31:23+00,60,KDVT,KDVT,,,,,
1804,fr24_complete_3aade2a9,N622FB,N622FB,2025-06-06 18:09:15+00,2025-06-06 19:15:10+00,65.91666666666667,KDVT,KDVT,,,,,
1803,fr24_complete_3aae2818,N622FB,N622FB,2025-06-06 19:35:10+00,2025-06-06 19:51:08+00,15.966666666666667,KDVT,KDVT,,,,,
1802,fr24_complete_3aae328c,N621FB,N621FB,2025-06-06 19:45:23+00,2025-06-06 20:00:44+00,15.35,KDVT,KDVT,,,,,
1801,fr24_complete_3aaeb9fc,N621FB,N621FB,2025-06-06 23:02:59+00,2025-06-07 00:15:37+00,72.63333333333334,KDVT,KDVT,,,,,
1800,fr24_complete_3aaf22d3,N621FB,N621FB,2025-06-07 02:03:02+00,2025-06-07 03:21:01+00,77.98333333333333,KDVT,KDVT,,,,,
1799,fr24_complete_3aaf4e37,N624FB,N624FB,2025-06-07 03:28:56+00,2025-06-07 05:05:39+00,96.71666666666667,KDVT,KDVT,,,,,
1798,fr24_complete_3aaf7a3b,N625FB,N625FB,2025-06-07 05:01:53+00,2025-06-07 06:33:56+00,92.05,KDVT,KDVT,,,,,
1797,fr24_complete_3aafa4bc,N624FB,N624FB,2025-06-07 06:30:12+00,2025-06-07 08:15:17+00,105.08333333333333,KDVT,KDVT,,,,,
1796,fr24_complete_3aafcf21,N625FB,N625FB,2025-06-07 07:59:45+00,2025-06-07 09:37:02+00,97.28333333333333,KDVT,KDVT,,,,,
1795,fr24_complete_3ab1041d,N622FB,N622FB,2025-06-07 15:25:15+00,2025-06-07 16:19:40+00,54.416666666666664,KDVT,KDVT,,,,,
1794,fr24_complete_3ab18147,N622FB,N622FB,2025-06-07 18:07:13+00,2025-06-07 18:59:57+00,52.733333333333334,KDVT,KDVT,,,,,
1793,fr24_complete_3ab291b1,N621FB,N621FB,2025-06-08 02:01:07+00,2025-06-08 03:32:22+00,91.25,KDVT,KDVT,,,,,
1792,fr24_complete_3ab2b8e6,N624FB,N624FB,2025-06-08 03:30:43+00,2025-06-08 05:05:48+00,95.08333333333333,KDVT,KDVT,,,,,
1791,fr24_complete_3ab2e436,N625FB,N625FB,2025-06-08 05:02:26+00,2025-06-08 06:55:09+00,112.71666666666667,KDVT,KDVT,,,,,
1790,fr24_complete_3ab30c3b,N624FB,N624FB,2025-06-08 06:29:56+00,2025-06-08 08:05:15+00,95.31666666666666,KDVT,KDVT,,,,,
1789,fr24_complete_3ab33675,N625FB,N625FB,2025-06-08 08:00:46+00,2025-06-08 09:51:23+00,110.61666666666666,KDVT,KDVT,,,,,
1788,fr24_complete_3ab48f52,N622FB,N622FB,2025-06-08 16:13:54+00,2025-06-08 17:19:11+00,65.28333333333333,KDVT,KDVT,,,,,
1787,fr24_complete_3ab595f5,N621FB,N621FB,2025-06-08 22:51:10+00,2025-06-09 00:26:06+00,94.93333333333334,KDVT,KDVT,,,,,
1786,fr24_complete_3ab5fe89,N621FB,N621FB,2025-06-09 02:11:34+00,2025-06-09 03:38:18+00,86.73333333333333,KDVT,KDVT,,,,,
1785,fr24_complete_3ab622fb,N624FB,N624FB,2025-06-09 03:29:49+00,2025-06-09 05:07:58+00,98.15,KDVT,KDVT,,,,,
1784,fr24_complete_3ab64e93,N625FB,N625FB,2025-06-09 05:01:55+00,2025-06-09 06:39:05+00,97.16666666666667,KDVT,KDVT,,,,,
1783,fr24_complete_3ab67b0a,N624FB,N624FB,2025-06-09 06:31:39+00,2025-06-09 08:18:04+00,106.41666666666667,KDVT,KDVT,,,,,
1782,fr24_complete_3ab6ab6d,N625FB,N625FB,2025-06-09 08:00:58+00,2025-06-09 09:33:07+00,92.15,KDVT,KDVT,,,,,
1781,fr24_complete_3ab82064,N622FB,N622FB,2025-06-09 15:41:28+00,2025-06-09 16:37:20+00,55.86666666666667,KDVT,KDVT,,,,,
1780,fr24_complete_3ab892d5,N625FB,N625FB,2025-06-09 17:54:24+00,2025-06-09 18:10:10+00,15.766666666666667,KDVT,,,,,,
1779,fr24_complete_3ab89fa7,N622FB,N622FB,2025-06-09 18:11:16+00,2025-06-09 18:43:22+00,32.1,KDVT,,,,,,
1778,fr24_complete_3ab96e5f,N621FB,N621FB,2025-06-09 23:13:46+00,2025-06-10 00:31:22+00,77.6,KDVT,KDVT,,,,,
1777,fr24_complete_3ab9da0c,N621FB,N621FB,2025-06-10 02:16:13+00,2025-06-10 03:37:10+00,80.95,KDVT,KDVT,,,,,
1776,fr24_complete_3aba0119,N624FB,N624FB,2025-06-10 03:32:01+00,2025-06-10 05:15:03+00,103.03333333333333,KDVT,KDVT,,,,,
1775,fr24_complete_3aba30dc,N625FB,N625FB,2025-06-10 05:01:41+00,2025-06-10 06:39:58+00,98.28333333333333,KDVT,KDVT,,,,,
1774,fr24_complete_3aba61d0,N624FB,N624FB,2025-06-10 06:31:28+00,2025-06-10 08:11:10+00,99.7,KDVT,KIWA,,,,,
1773,fr24_complete_3aba94cb,N625FB,N625FB,2025-06-10 08:02:55+00,2025-06-10 09:46:09+00,103.23333333333333,KDVT,KDVT,,,,,
1772,fr24_complete_3aba9c66,N624FB,N624FB,2025-06-10 08:13:43+00,2025-06-10 08:31:16+00,,KIWA,,,,,,
1771,fr24_complete_3abbbd92,N625FB,N625FB,2025-06-10 14:24:03+00,2025-06-10 14:46:06+00,22.05,KDVT,,,,,,
1770,fr24_complete_3abc0eda,N624FB,N624FB,2025-06-10 15:46:26+00,2025-06-10 16:42:46+00,56.333333333333336,KDVT,KDVT,,,,,
1769,fr24_complete_3abcb51d,N624FB,N624FB,2025-06-10 19:01:07+00,2025-06-10 19:51:48+00,50.68333333333333,KDVT,KDVT,,,,,
1768,fr24_complete_3abd688b,N621FB,N621FB,2025-06-10 23:04:42+00,2025-06-11 00:37:05+00,92.38333333333334,KDVT,KDVT,,,,,
1767,fr24_complete_3abdde70,N621FB,N621FB,2025-06-11 02:08:45+00,2025-06-11 03:37:36+00,88.85,KDVT,KDVT,,,,,
1766,fr24_complete_3abe0bbc,N625FB,N625FB,2025-06-11 03:31:36+00,2025-06-11 05:04:51+00,93.25,KDVT,KDVT,,,,,
1765,fr24_complete_3abe3bac,N621FB,N621FB,2025-06-11 05:00:06+00,2025-06-11 06:01:01+00,60.916666666666664,KDVT,KDVT,,,,,
1764,fr24_complete_3abe6f81,N625FB,N625FB,2025-06-11 06:35:24+00,2025-06-11 08:05:00+00,89.6,KDVT,KDVT,,,,,
1763,fr24_complete_3abea4c5,N622FB,N622FB,2025-06-11 08:02:35+00,2025-06-11 09:28:52+00,86.28333333333333,KDVT,KDVT,,,,,
1762,fr24_complete_3ac01b30,N622FB,N622FB,2025-06-11 15:00:16+00,2025-06-11 16:14:11+00,,KDVT,,,,,,
815,fr24_complete_3ac06a32,N622FB,N622FB,2025-06-11 16:14:15+00,2025-06-11 16:14:26+00,,KDVT,,,,,,
1761,fr24_complete_3ac0d319,N622FB,N622FB,2025-06-11 18:01:56+00,2025-06-11 19:13:46+00,71.83333333333333,KDVT,KDVT,,,,,
1760,fr24_complete_3ac1c303,N621FB,N621FB,2025-06-11 22:57:50+00,2025-06-12 00:40:20+00,102.5,KDVT,KDVT,,,,,
1759,fr24_complete_3ac2374e,N621FB,N621FB,2025-06-12 01:54:31+00,2025-06-12 03:25:34+00,91.05,KDVT,KDVT,,,,,
1758,fr24_complete_3ac26a5f,N622FB,N622FB,2025-06-12 03:28:09+00,2025-06-12 05:08:56+00,100.78333333333333,KDVT,KDVT,,,,,
1757,fr24_complete_3ac2a0d1,N621FB,N621FB,2025-06-12 05:02:21+00,2025-06-12 06:36:00+00,93.65,KDVT,KDVT,,,,,
1756,fr24_complete_3ac2d526,N622FB,N622FB,2025-06-12 06:32:14+00,2025-06-12 08:10:42+00,98.46666666666667,KDVT,KDVT,,,,,
1755,fr24_complete_3ac30a9e,N621FB,N621FB,2025-06-12 07:59:18+00,2025-06-12 09:26:07+00,86.81666666666666,KDVT,KDVT,,,,,
1754,fr24_complete_3ac51ef4,N625FB,N625FB,2025-06-12 18:03:00+00,2025-06-12 19:24:54+00,81.9,KDVT,KDVT,,,,,
1753,fr24_complete_3ac600b7,N622FB,N622FB,2025-06-12 22:59:42+00,2025-06-13 00:23:50+00,84.13333333333334,KDVT,KDVT,,,,,
1752,fr24_complete_3ac673f0,N622FB,N622FB,2025-06-13 02:00:10+00,2025-06-13 03:39:44+00,99.56666666666666,KDVT,KDVT,,,,,
1751,fr24_complete_3ac6a4e4,N621FB,N621FB,2025-06-13 03:30:37+00,2025-06-13 05:22:32+00,111.91666666666667,KDVT,KDVT,,,,,
1750,fr24_complete_3ac6d465,N622FB,N622FB,2025-06-13 04:57:48+00,2025-06-13 06:38:16+00,100.46666666666667,KDVT,KDVT,,,,,
1749,fr24_complete_3ac70860,N621FB,N621FB,2025-06-13 06:33:43+00,2025-06-13 08:18:50+00,105.11666666666666,KDVT,KDVT,,,,,
1748,fr24_complete_3ac73981,N622FB,N622FB,2025-06-13 07:58:34+00,2025-06-13 09:29:24+00,90.83333333333333,KDVT,KDVT,,,,,
1747,fr24_complete_3ac7db29,N622FB,N622FB,2025-06-13 11:36:46+00,2025-06-13 12:50:37+00,73.85,KDVT,KDVT,,,,,
1746,fr24_complete_3ac816d6,N621FB,N621FB,2025-06-13 12:42:51+00,2025-06-13 13:47:45+00,64.9,KDVT,KDVT,,,,,
1745,fr24_complete_3ac909eb,N624FB,N624FB,2025-06-13 16:50:54+00,2025-06-13 17:19:56+00,29.033333333333335,KDVT,KDVT,,,,,
1744,fr24_complete_3ac94fd9,N621FB,N621FB,2025-06-13 18:04:18+00,2025-06-13 19:01:50+00,57.53333333333333,KDVT,KDVT,,,,,
1743,fr24_complete_3aca248b,N622FB,N622FB,2025-06-13 22:59:40+00,2025-06-13 23:53:14+00,53.56666666666667,KDVT,KGYR,,,,,
1742,fr24_complete_3aca8f72,N622FB,N622FB,2025-06-14 02:04:14+00,2025-06-14 02:17:00+00,,KDVT,,,,,,
1741,fr24_complete_3aca9636,N622FB,N622FB,2025-06-14 02:16:20+00,2025-06-14 03:35:34+00,79.23333333333333,KGEU,KDVT,,,,,
1740,fr24_complete_3acab951,N625FB,N625FB,2025-06-14 03:31:41+00,2025-06-14 05:04:06+00,92.41666666666667,KDVT,KDVT,,,,,
1739,fr24_complete_3acae49f,N624FB,N624FB,2025-06-14 04:59:09+00,2025-06-14 06:36:20+00,97.18333333333334,KDVT,KDVT,,,,,
1738,fr24_complete_3acb11f5,N625FB,N625FB,2025-06-14 06:31:15+00,2025-06-14 08:29:14+00,117.98333333333333,KDVT,KDVT,,,,,
1737,fr24_complete_3acb43b6,N624FB,N624FB,2025-06-14 08:01:34+00,2025-06-14 09:39:39+00,98.08333333333333,KDVT,KDVT,,,,,
1736,fr24_complete_3acc32d4,N622FB,N622FB,2025-06-14 13:37:10+00,2025-06-14 13:53:53+00,16.716666666666665,KDVT,KCHD,,,,,
1735,fr24_complete_3acc6d10,N622FB,N622FB,2025-06-14 14:44:38+00,2025-06-14 15:52:08+00,67.5,KCHD,KDVT,,,,,
1734,fr24_complete_3acd144a,N622FB,N622FB,2025-06-14 18:14:02+00,2025-06-14 19:08:07+00,54.083333333333336,KDVT,KDVT,,,,,
1733,fr24_complete_3acdb62b,N624FB,N624FB,2025-06-14 22:54:06+00,2025-06-15 00:19:24+00,85.3,KDVT,KDVT,,,,,
1732,fr24_complete_3ace1597,N624FB,N624FB,2025-06-15 02:02:57+00,2025-06-15 03:06:00+00,63.05,KDVT,KDVT,,,,,
1731,fr24_complete_3ace3abf,N621FB,N621FB,2025-06-15 03:29:05+00,2025-06-15 05:15:36+00,106.51666666666667,KDVT,KDVT,,,,,
1730,fr24_complete_3ace64e6,N625FB,N625FB,2025-06-15 04:59:13+00,2025-06-15 06:40:13+00,101,KDVT,KDVT,,,,,
1729,fr24_complete_3ace8fc8,N621FB,N621FB,2025-06-15 06:32:22+00,2025-06-15 07:15:24+00,43.03333333333333,KDVT,KGEU,,,,,
1728,fr24_complete_3acea5dd,N621FB,N621FB,2025-06-15 07:18:48+00,2025-06-15 07:54:46+00,35.96666666666667,KGEU,KDVT,,,,,
1727,fr24_complete_3aceb882,N621FB,N621FB,2025-06-15 07:55:01+00,2025-06-15 07:58:17+00,3.2666666666666666,KDVT,KDVT,,,,,
1726,fr24_complete_3aceba57,N621FB,N621FB,2025-06-15 07:58:28+00,2025-06-15 08:10:14+00,11.766666666666667,KDVT,KDVT,,,,,
1725,fr24_complete_3acebbd0,N625FB,N625FB,2025-06-15 08:01:16+00,2025-06-15 10:29:19+00,148.05,KDVT,KDVT,,,,,
1724,fr24_complete_3acf0302,N621FB,N621FB,2025-06-15 10:04:04+00,2025-06-15 11:34:18+00,90.23333333333333,KDVT,KDVT,,,,,
1723,fr24_complete_3ad0038b,N622FB,N622FB,2025-06-15 15:50:24+00,2025-06-15 16:56:40+00,66.26666666666667,KDVT,KDVT,,,,,
1722,fr24_complete_3ad09410,N622FB,N622FB,2025-06-15 19:11:29+00,2025-06-15 19:57:13+00,45.733333333333334,KDVT,KDVT,,,,,
1721,fr24_complete_3ad121c7,N624FB,N624FB,2025-06-15 23:13:50+00,2025-06-16 01:29:04+00,135.23333333333332,KDVT,KDVT,,,,,
1720,fr24_complete_3ad18fa0,N624FB,N624FB,2025-06-16 02:43:51+00,2025-06-16 03:56:03+00,72.2,KDVT,KGEU,,,,,
1719,fr24_complete_3ad1a613,N621FB,N621FB,2025-06-16 03:31:06+00,2025-06-16 05:07:45+00,96.65,KDVT,KDVT,,,,,
1718,fr24_complete_3ad1b1fb,N624FB,N624FB,2025-06-16 03:56:24+00,2025-06-16 03:59:14+00,,KGEU,,,,,,
1717,fr24_complete_3ad1b361,N624FB,N624FB,2025-06-16 03:59:09+00,2025-06-16 04:08:05+00,8.933333333333334,KGEU,KDVT,,,,,
1716,fr24_complete_3ad1d13f,N625FB,N625FB,2025-06-16 05:01:04+00,2025-06-16 06:39:52+00,98.8,KDVT,KDVT,,,,,
1715,fr24_complete_3ad2011f,N621FB,N621FB,2025-06-16 06:31:12+00,2025-06-16 08:11:36+00,100.4,KDVT,KDVT,,,,,
1714,fr24_complete_3ad230e6,N625FB,N625FB,2025-06-16 08:00:06+00,2025-06-16 09:25:52+00,85.76666666666667,KDVT,KDVT,,,,,
1713,fr24_complete_3ad273bc,N625FB,N625FB,2025-06-16 09:50:53+00,2025-06-16 10:35:58+00,45.083333333333336,KDVT,KDVT,,,,,
1712,fr24_complete_3ad3033b,N625FB,N625FB,2025-06-16 12:55:57+00,2025-06-16 13:07:28+00,,KDVT,,,,,,
1711,fr24_complete_3ad30e88,N625FB,N625FB,2025-06-16 13:06:28+00,2025-06-16 13:11:58+00,,KDVT,,,,,,
1710,fr24_complete_3ad312c1,N625FB,N625FB,2025-06-16 13:10:53+00,2025-06-16 13:41:30+00,30.616666666666667,,KDVT,,,,,
1709,fr24_complete_3ad33005,N625FB,N625FB,2025-06-16 13:42:41+00,2025-06-16 13:52:52+00,10.183333333333334,,KDVT,,,,,
1708,fr24_complete_3ad3a3bf,N621FB,N621FB,2025-06-16 15:42:39+00,2025-06-16 16:41:07+00,58.46666666666667,KDVT,KDVT,,,,,
1707,fr24_complete_3ad3c3f0,N622FB,N622FB,2025-06-16 16:17:58+00,2025-06-16 16:33:06+00,15.133333333333333,KDVT,KFFZ,,,,,
1706,fr24_complete_3ad41d4f,N621FB,N621FB,2025-06-16 18:00:59+00,2025-06-16 18:18:47+00,17.8,KDVT,,,,,,
1705,fr24_complete_3ad42019,N622FB,N622FB,2025-06-16 18:04:08+00,2025-06-16 18:59:16+00,55.13333333333333,KFFZ,KDVT,,,,,
1704,fr24_complete_3ad47aa1,N622FB,N622FB,2025-06-16 20:03:49+00,2025-06-16 20:59:17+00,55.46666666666667,KDVT,KDVT,,,,,
1703,fr24_complete_3ad4ed6b,N624FB,N624FB,2025-06-16 22:51:29+00,2025-06-17 00:27:25+00,95.93333333333334,KDVT,KDVT,,,,,
1702,fr24_complete_3ad567da,N624FB,N624FB,2025-06-17 02:11:23+00,2025-06-17 03:50:11+00,98.8,KDVT,KDVT,,,,,
1701,fr24_complete_3ad59357,N622FB,N622FB,2025-06-17 03:32:08+00,2025-06-17 05:02:18+00,90.16666666666667,KDVT,KDVT,,,,,
1700,fr24_complete_3ad5c1f1,N625FB,N625FB,2025-06-17 04:59:56+00,2025-06-17 06:41:07+00,101.18333333333334,KDVT,KDVT,,,,,
1699,fr24_complete_3ad5f3f5,N622FB,N622FB,2025-06-17 06:31:33+00,2025-06-17 08:15:08+00,103.58333333333333,KDVT,KDVT,,,,,
1698,fr24_complete_3ad62843,N625FB,N625FB,2025-06-17 08:01:51+00,2025-06-17 09:39:26+00,97.58333333333333,KDVT,KDVT,,,,,
1697,fr24_complete_3ad70212,N624FB,N624FB,2025-06-17 12:59:49+00,2025-06-17 13:09:05+00,9.266666666666667,KDVT,KDVT,,,,,
1696,fr24_complete_3ad70d5f,N624FB,N624FB,2025-06-17 13:09:47+00,2025-06-17 13:13:25+00,3.6333333333333333,,KDVT,,,,,
757,fr24_complete_3ad710cf,N624FB,N624FB,2025-06-17 13:14:37+00,2025-06-17 13:16:53+00,,,,,,,,
1695,fr24_complete_3ad713ff,N624FB,N624FB,2025-06-17 13:17:04+00,2025-06-17 13:52:59+00,35.916666666666664,,KDVT,,,,,
1694,fr24_complete_3ad78323,N624FB,N624FB,2025-06-17 15:10:38+00,2025-06-17 16:33:00+00,82.36666666666666,KDVT,KDVT,,,,,
1693,fr24_complete_3ad841f6,N624FB,N624FB,2025-06-17 18:40:45+00,2025-06-17 18:59:23+00,18.633333333333333,KDVT,KDVT,,,,,
1692,fr24_complete_3ad85fe9,N621FB,N621FB,2025-06-17 19:19:27+00,2025-06-17 19:57:15+00,37.8,KDVT,KDVT,,,,,
1691,fr24_complete_3ad8fc4a,N625FB,N625FB,2025-06-17 23:11:46+00,2025-06-18 00:39:49+00,88.05,KDVT,KDVT,,,,,
1690,fr24_complete_3ad97799,N625FB,N625FB,2025-06-18 02:37:59+00,2025-06-18 03:50:57+00,72.96666666666667,KDVT,KDVT,,,,,
1689,fr24_complete_3ad99326,N621FB,N621FB,2025-06-18 03:31:19+00,2025-06-18 04:47:48+00,76.48333333333333,KDVT,,,,,,
1688,fr24_complete_3ad9c2f1,N625FB,N625FB,2025-06-18 04:59:23+00,2025-06-18 06:42:18+00,102.91666666666667,KDVT,KDVT,,,,,
1687,fr24_complete_3ad9f64f,N621FB,N621FB,2025-06-18 06:30:57+00,2025-06-18 08:03:54+00,92.95,KDVT,KDVT,,,,,
1686,fr24_complete_3ada2b9e,N625FB,N625FB,2025-06-18 07:59:57+00,2025-06-18 09:52:14+00,112.28333333333333,KDVT,KDVT,,,,,
1685,fr24_complete_3adb1507,N624FB,N624FB,2025-06-18 13:03:06+00,2025-06-18 14:22:18+00,79.2,KDVT,KDVT,,,,,
1684,fr24_complete_3adb9a80,N624FB,N624FB,2025-06-18 15:16:37+00,2025-06-18 16:16:26+00,59.81666666666667,KDVT,KDVT,,,,,
1683,fr24_complete_3adc4901,N624FB,N624FB,2025-06-18 18:28:57+00,2025-06-18 19:32:18+00,63.35,KDVT,KDVT,,,,,
1682,fr24_complete_3add14be,N625FB,N625FB,2025-06-18 23:14:34+00,2025-06-19 00:32:45+00,78.18333333333334,KDVT,KDVT,,,,,
1681,fr24_complete_3add7f4b,N625FB,N625FB,2025-06-19 02:08:47+00,2025-06-19 03:39:58+00,91.18333333333334,KDVT,KDVT,,,,,
1680,fr24_complete_3addad0b,N622FB,N622FB,2025-06-19 03:34:25+00,2025-06-19 05:05:12+00,90.78333333333333,KDVT,KDVT,,,,,
1679,fr24_complete_3adddb33,N625FB,N625FB,2025-06-19 04:59:24+00,2025-06-19 06:40:13+00,100.81666666666666,KDVT,KDVT,,,,,
1678,fr24_complete_3ade0cda,N622FB,N622FB,2025-06-19 06:36:45+00,2025-06-19 08:01:44+00,84.98333333333333,KDVT,KDVT,,,,,
1677,fr24_complete_3ade4160,N625FB,N625FB,2025-06-19 07:59:27+00,2025-06-19 09:38:32+00,99.08333333333333,KDVT,KDVT,,,,,
1676,fr24_complete_3adf9663,N625FB,N625FB,2025-06-19 14:45:38+00,2025-06-19 15:33:29+00,47.85,KDVT,KSEZ,,,,,
1675,fr24_complete_3adfa9b1,N624FB,N624FB,2025-06-19 15:05:09+00,2025-06-19 16:00:54+00,55.75,KDVT,KDVT,,,,,
1674,fr24_complete_3ae006a9,N625FB,N625FB,2025-06-19 16:38:22+00,2025-06-19 17:21:18+00,42.93333333333333,KSEZ,KDVT,,,,,
1673,fr24_complete_3ae05b59,N624FB,N624FB,2025-06-19 18:13:47+00,2025-06-19 19:09:32+00,,KDVT,,,,,,
1672,fr24_complete_3ae19b33,N622FB,N622FB,2025-06-20 02:01:19+00,2025-06-20 03:28:50+00,87.51666666666667,KDVT,KDVT,,,,,
1671,fr24_complete_3ae1cb36,N624FB,N624FB,2025-06-20 03:31:18+00,2025-06-20 05:06:19+00,95.01666666666667,KDVT,KDVT,,,,,
1670,fr24_complete_3ae1fba9,N622FB,N622FB,2025-06-20 05:00:59+00,2025-06-20 06:50:02+00,109.05,KDVT,KDVT,,,,,
1669,fr24_complete_3ae22b8c,N624FB,N624FB,2025-06-20 06:29:56+00,2025-06-20 08:06:26+00,96.5,KDVT,KDVT,,,,,
1668,fr24_complete_3ae262ef,N622FB,N622FB,2025-06-20 08:00:44+00,2025-06-20 09:38:07+00,97.38333333333334,KDVT,KDVT,,,,,
1667,fr24_complete_3ae3d4c5,N622FB,N622FB,2025-06-20 15:10:31+00,2025-06-20 16:03:32+00,53.016666666666666,KDVT,KDVT,,,,,
1666,fr24_complete_3ae45a7f,N622FB,N622FB,2025-06-20 17:31:38+00,2025-06-20 19:12:20+00,,KDVT,,,,,,
1665,fr24_complete_3ae54fb9,N621FB,N621FB,2025-06-20 23:04:35+00,2025-06-21 00:19:08+00,74.55,KDVT,KDVT,,,,,
1664,fr24_complete_3ae5bdbb,N621FB,N621FB,2025-06-21 02:05:31+00,2025-06-21 03:26:38+00,81.11666666666666,KDVT,KDVT,,,,,
1662,fr24_complete_3ae5e80f,N622FB,N622FB,2025-06-21 03:29:21+00,2025-06-21 05:02:07+00,92.76666666666667,KDVT,KDVT,,,,,
1663,fr24_complete_3ae615b2,N624FB,N624FB,2025-06-21 04:55:02+00,2025-06-21 06:50:27+00,115.41666666666667,KDVT,KDVT,,,,,
1661,fr24_complete_3ae6465f,N622FB,N622FB,2025-06-21 06:30:35+00,2025-06-21 08:18:58+00,108.38333333333334,KDVT,KDVT,,,,,
1660,fr24_complete_3ae67b10,N624FB,N624FB,2025-06-21 08:02:18+00,2025-06-21 10:20:16+00,137.96666666666667,KDVT,KDVT,,,,,
1659,fr24_complete_3ae7f452,N624FB,N624FB,2025-06-21 15:30:43+00,2025-06-21 15:54:27+00,23.733333333333334,KDVT,KDVT,,,,,
756,fr24_complete_3ae872e2,N624FB,N624FB,2025-06-21 18:03:18+00,2025-06-21 18:03:18+00,,KDVT,,,,,,
1658,fr24_complete_3ae872fd,N624FB,N624FB,2025-06-21 18:03:30+00,2025-06-21 19:00:18+00,56.8,KDVT,KDVT,,,,,
1657,fr24_complete_3ae92b79,N621FB,N621FB,2025-06-21 23:05:14+00,2025-06-21 23:47:55+00,42.68333333333333,KDVT,,,,,,
1656,fr24_complete_3ae98ba8,N621FB,N621FB,2025-06-22 02:03:25+00,2025-06-22 03:38:35+00,95.16666666666667,KDVT,KDVT,,,,,
1655,fr24_complete_3ae9b3d5,N625FB,N625FB,2025-06-22 03:30:54+00,2025-06-22 05:00:37+00,89.71666666666667,KDVT,KDVT,,,,,
1654,fr24_complete_3ae9ddda,N622FB,N622FB,2025-06-22 04:57:36+00,2025-06-22 06:39:51+00,102.25,KDVT,KDVT,,,,,
1653,fr24_complete_3aea0a01,N625FB,N625FB,2025-06-22 06:30:07+00,2025-06-22 08:30:26+00,120.31666666666666,KDVT,KDVT,,,,,
1652,fr24_complete_3aea3a0f,N622FB,N622FB,2025-06-22 07:57:46+00,2025-06-22 09:41:54+00,104.13333333333334,KDVT,KDVT,,,,,
1651,fr24_complete_3aeb529a,N622FB,N622FB,2025-06-22 14:21:56+00,2025-06-22 15:21:51+00,59.916666666666664,KDVT,KDVT,,,,,
1650,fr24_complete_3aec3600,N622FB,N622FB,2025-06-22 18:59:10+00,2025-06-22 19:23:57+00,24.783333333333335,KDVT,KGYR,,,,,
1649,fr24_complete_3aece088,N625FB,N625FB,2025-06-22 23:14:58+00,2025-06-23 01:04:58+00,110,KDVT,KDVT,,,,,
1648,fr24_complete_3aed523f,N625FB,N625FB,2025-06-23 02:34:14+00,2025-06-23 03:44:05+00,69.85,KDVT,KDVT,,,,,
1647,fr24_complete_3aed6fad,N621FB,N621FB,2025-06-23 03:33:25+00,2025-06-23 05:05:49+00,92.4,KDVT,KDVT,,,,,
1646,fr24_complete_3aed9d7a,N625FB,N625FB,2025-06-23 04:59:32+00,2025-06-23 06:39:58+00,100.43333333333334,KDVT,KDVT,,,,,
1645,fr24_complete_3aedcfd5,N621FB,N621FB,2025-06-23 06:33:07+00,2025-06-23 08:00:28+00,87.35,KDVT,KDVT,,,,,
1644,fr24_complete_3aee0268,N625FB,N625FB,2025-06-23 08:02:01+00,2025-06-23 09:39:41+00,97.66666666666667,KDVT,KDVT,,,,,
1643,fr24_complete_3aeecd14,N621FB,N621FB,2025-06-23 12:46:40+00,2025-06-23 14:05:50+00,79.16666666666667,KDVT,KDVT,,,,,
1642,fr24_complete_3aeff1c0,N624FB,N624FB,2025-06-23 17:54:22+00,2025-06-23 18:59:30+00,65.13333333333334,KDVT,KDVT,,,,,
1641,fr24_complete_3af0e7bd,N625FB,N625FB,2025-06-23 23:12:57+00,2025-06-24 00:51:00+00,98.05,KDVT,KDVT,,,,,
1640,fr24_complete_3af1607e,N625FB,N625FB,2025-06-24 02:19:28+00,2025-06-24 03:50:33+00,91.08333333333333,KDVT,KDVT,,,,,
1639,fr24_complete_3af1b7e0,N622FB,N622FB,2025-06-24 05:00:45+00,2025-06-24 06:42:54+00,102.15,KDVT,KDVT,,,,,
1638,fr24_complete_3af21e79,N622FB,N622FB,2025-06-24 07:59:15+00,2025-06-24 09:28:19+00,89.06666666666666,KDVT,KDVT,,,,,
1637,fr24_complete_3af2f723,N624FB,N624FB,2025-06-24 12:47:23+00,2025-06-24 12:54:58+00,,KDVT,,,,,,
1636,fr24_complete_3af2ff5c,N624FB,N624FB,2025-06-24 12:54:53+00,2025-06-24 13:37:29+00,42.6,KDVT,KDVT,,,,,
1635,fr24_complete_3af32e67,N624FB,N624FB,2025-06-24 13:40:50+00,2025-06-24 13:46:29+00,5.65,KDVT,KDVT,,,,,
1634,fr24_complete_3af3326a,N624FB,N624FB,2025-06-24 15:06:22+00,2025-06-24 16:02:16+00,55.9,KDVT,KDVT,,,,,
764,fr24_complete_3af3bd61,N624FB,N624FB,2025-06-24 16:02:18+00,2025-06-24 16:02:35+00,,KDVT,,,,,,
1633,fr24_complete_3af45610,N624FB,N624FB,2025-06-24 18:49:03+00,2025-06-24 19:59:33+00,70.5,KDVT,KDVT,,,,,
1632,fr24_complete_3af51890,N625FB,N625FB,2025-06-24 23:13:56+00,2025-06-25 00:47:23+00,93.45,KDVT,KDVT,,,,,
1631,fr24_complete_3af59240,N625FB,N625FB,2025-06-25 02:28:55+00,2025-06-25 03:46:56+00,78.01666666666667,KDVT,KDVT,,,,,
1630,fr24_complete_3af5b3d7,N622FB,N622FB,2025-06-25 03:34:04+00,2025-06-25 05:02:37+00,88.55,KDVT,KDVT,,,,,
1629,fr24_complete_3af5e0a8,N621FB,N621FB,2025-06-25 04:58:01+00,2025-06-25 06:37:11+00,99.16666666666667,KDVT,KDVT,,,,,
1628,fr24_complete_3af61411,N622FB,N622FB,2025-06-25 06:32:21+00,2025-06-25 08:10:55+00,98.56666666666666,KDVT,KDVT,,,,,
1627,fr24_complete_3af64561,N621FB,N621FB,2025-06-25 07:59:58+00,2025-06-25 09:25:15+00,85.28333333333333,KDVT,KDVT,,,,,
1626,fr24_complete_3af7cb4c,N625FB,N625FB,2025-06-25 15:43:26+00,2025-06-25 16:54:33+00,71.11666666666666,KDVT,KDVT,,,,,
1625,fr24_complete_3af80dc1,N625FB,N625FB,2025-06-25 18:09:03+00,2025-06-25 19:16:24+00,67.35,KDVT,KDVT,,,,,
717,fr24_complete_3af88aef,N625FB,N625FB,2025-06-25 19:16:28+00,2025-06-25 19:16:37+00,,KDVT,,,,,,
1624,fr24_complete_3af9032b,N621FB,N621FB,2025-06-25 22:02:27+00,2025-06-25 22:10:17+00,7.833333333333333,KDVT,KDVT,,,,,
1623,fr24_complete_3af90910,N621FB,N621FB,2025-06-25 22:09:32+00,2025-06-25 22:27:06+00,17.566666666666666,,KDVT,,,,,
1622,fr24_complete_3af98e49,N622FB,N622FB,2025-06-26 01:43:41+00,2025-06-26 01:57:33+00,13.866666666666667,KDVT,KDVT,,,,,
1621,fr24_complete_3af999a3,N622FB,N622FB,2025-06-26 02:01:46+00,2025-06-26 02:29:25+00,27.65,,KPHX,,,,,
1620,fr24_complete_3af9bc9b,N622FB,N622FB,2025-06-26 03:07:43+00,2025-06-26 03:13:10+00,5.45,KDVT,KDVT,,,,,
818,fr24_complete_3af9bf3e,N622FB,N622FB,2025-06-26 03:13:13+00,2025-06-26 03:15:06+00,,KDVT,,,,,,
1618,fr24_complete_3af9c04c,N622FB,N622FB,2025-06-26 03:15:13+00,2025-06-26 03:16:47+00,1.5666666666666667,KDVT,KDVT,,,,,
1617,fr24_complete_3af9c133,N622FB,N622FB,2025-06-26 03:15:54+00,2025-06-26 03:18:51+00,2.95,KDVT,KDVT,,,,,
817,fr24_complete_3af9c22f,N622FB,N622FB,2025-06-26 03:18:53+00,2025-06-26 03:20:29+00,,KDVT,,,,,,
1616,fr24_complete_3af9c300,N622FB,N622FB,2025-06-26 03:20:36+00,2025-06-26 03:23:33+00,2.95,KDVT,KDVT,,,,,
1615,fr24_complete_3af9c467,N622FB,N622FB,2025-06-26 03:23:37+00,2025-06-26 03:30:49+00,7.2,KDVT,KDVT,,,,,
1614,fr24_complete_3af9c83f,N622FB,N622FB,2025-06-26 03:30:57+00,2025-06-26 03:35:50+00,4.883333333333334,KDVT,KDVT,,,,,
1613,fr24_complete_3af9d472,N621FB,N621FB,2025-06-26 03:55:52+00,2025-06-26 05:05:04+00,69.2,KDVT,KDVT,,,,,
1612,fr24_complete_3af9f6ee,N624FB,N624FB,2025-06-26 04:58:55+00,2025-06-26 06:37:43+00,98.8,KDVT,KDVT,,,,,
1611,fr24_complete_3afa2944,N621FB,N621FB,2025-06-26 06:30:53+00,2025-06-26 07:42:24+00,71.51666666666667,KDVT,KCHD,,,,,
763,fr24_complete_3afa2d2d,N624FB,N624FB,2025-06-26 06:37:49+00,2025-06-26 06:39:33+00,,,,,,,,
1610,fr24_complete_3afa52de,N621FB,N621FB,2025-06-26 07:44:38+00,2025-06-26 08:05:10+00,20.533333333333335,KCHD,KDVT,,,,,
1609,fr24_complete_3afa5c24,N624FB,N624FB,2025-06-26 08:00:56+00,2025-06-26 09:24:57+00,84.01666666666667,KDVT,KDVT,,,,,
1608,fr24_complete_3afba0f5,N621FB,N621FB,2025-06-26 14:47:51+00,2025-06-26 15:05:02+00,17.183333333333334,KDVT,,,,,,
1607,fr24_complete_3afd2276,N624FB,N624FB,2025-06-26 22:40:42+00,2025-06-27 00:10:40+00,89.96666666666667,KDVT,KDVT,,,,,
1606,fr24_complete_3afd9f90,N624FB,N624FB,2025-06-27 02:00:52+00,2025-06-27 03:34:15+00,93.38333333333334,KDVT,KDVT,,,,,
1605,fr24_complete_3afdce51,N621FB,N621FB,2025-06-27 03:30:50+00,2025-06-27 05:07:54+00,97.06666666666666,KDVT,KDVT,,,,,
1604,fr24_complete_3afdfc97,N625FB,N625FB,2025-06-27 05:01:36+00,2025-06-27 06:35:25+00,93.81666666666666,KDVT,KDVT,,,,,
1603,fr24_complete_3afe2daf,N621FB,N621FB,2025-06-27 06:31:23+00,2025-06-27 08:07:26+00,96.05,KDVT,KDVT,,,,,
1602,fr24_complete_3afe5f46,N625FB,N625FB,2025-06-27 07:58:41+00,2025-06-27 09:55:01+00,116.33333333333333,KDVT,KDVT,,,,,
1601,fr24_complete_3aff99b8,N624FB,N624FB,2025-06-27 14:37:29+00,2025-06-27 14:45:34+00,8.083333333333334,KDVT,KPHX,,,,,
1600,fr24_complete_3b0005c9,N624FB,N624FB,2025-06-27 16:30:24+00,2025-06-27 17:31:03+00,60.65,KDVT,KDVT,,,,,
1599,fr24_complete_3b0122fb,N624FB,N624FB,2025-06-27 23:05:57+00,2025-06-28 00:39:25+00,93.46666666666667,KDVT,KDVT,,,,,
1598,fr24_complete_3b018241,N624FB,N624FB,2025-06-28 01:57:29+00,2025-06-28 02:54:30+00,57.016666666666666,KDVT,KDVT,,,,,
1597,fr24_complete_3b01b0b3,N625FB,N625FB,2025-06-28 03:35:10+00,2025-06-28 05:20:15+00,105.08333333333333,KDVT,KDVT,,,,,
1596,fr24_complete_3b01d974,N621FB,N621FB,2025-06-28 04:59:54+00,2025-06-28 06:38:17+00,98.38333333333334,KDVT,KDVT,,,,,
1595,fr24_complete_3b0206a6,N625FB,N625FB,2025-06-28 06:34:17+00,2025-06-28 08:05:26+00,91.15,KDVT,KDVT,,,,,
1594,fr24_complete_3b0234ab,N621FB,N621FB,2025-06-28 07:58:38+00,2025-06-28 10:00:18+00,121.66666666666667,KDVT,KDVT,,,,,
1593,fr24_complete_3b04bd32,N621FB,N621FB,2025-06-28 23:04:03+00,2025-06-29 00:29:47+00,85.73333333333333,KDVT,KDVT,,,,,
1592,fr24_complete_3b050764,N621FB,N621FB,2025-06-29 01:29:23+00,2025-06-29 03:33:07+00,123.73333333333333,KDVT,KDVT,,,,,
816,fr24_complete_3b053d83,N622FB,N622FB,2025-06-29 03:31:53+00,2025-06-29 03:31:57+00,,KDVT,,,,,,
1591,fr24_complete_3b053d9e,N622FB,N622FB,2025-06-29 03:32:09+00,2025-06-29 05:08:03+00,95.9,KDVT,KDVT,,,,,
1590,fr24_complete_3b05662e,N621FB,N621FB,2025-06-29 05:02:31+00,2025-06-29 06:49:43+00,107.2,KDVT,KDVT,,,,,
1589,fr24_complete_3b05902d,N622FB,N622FB,2025-06-29 06:34:09+00,2025-06-29 08:08:37+00,94.46666666666667,KDVT,KDVT,,,,,
1588,fr24_complete_3b05bdb3,N621FB,N621FB,2025-06-29 08:00:33+00,2025-06-29 09:53:34+00,113.01666666666667,KDVT,KDVT,,,,,
1587,fr24_complete_3b06fa5c,N624FB,N624FB,2025-06-29 15:04:17+00,2025-06-29 15:34:52+00,30.583333333333332,KDVT,KCHD,,,,,
1586,fr24_complete_3b07469e,N624FB,N624FB,2025-06-29 16:31:45+00,2025-06-29 16:52:11+00,20.433333333333334,KCHD,KDVT,,,,,
762,fr24_complete_3b0757e2,N624FB,N624FB,2025-06-29 16:52:22+00,2025-06-29 16:52:22+00,,KDVT,,,,,,
1585,fr24_complete_3b07bc4d,N624FB,N624FB,2025-06-29 19:04:47+00,2025-06-29 20:07:22+00,62.583333333333336,KDVT,KDVT,,,,,
1584,fr24_complete_3b08d750,N622FB,N622FB,2025-06-30 03:33:25+00,2025-06-30 05:21:59+00,108.56666666666666,KDVT,KDVT,,,,,
1583,fr24_complete_3b08fffd,N625FB,N625FB,2025-06-30 04:57:35+00,2025-06-30 06:46:21+00,108.76666666666667,KDVT,KDVT,,,,,
1582,fr24_complete_3b093161,N622FB,N622FB,2025-06-30 06:32:39+00,2025-06-30 08:09:22+00,96.71666666666667,KDVT,KDVT,,,,,
1581,fr24_complete_3b0960db,N625FB,N625FB,2025-06-30 07:58:46+00,2025-06-30 09:11:07+00,72.35,KDVT,KDVT,,,,,
1580,fr24_complete_3b0a33f0,N621FB,N621FB,2025-06-30 13:08:06+00,2025-06-30 13:17:57+00,9.85,KDVT,KDVT,,,,,
1579,fr24_complete_3b0a4723,N621FB,N621FB,2025-06-30 13:17:48+00,2025-06-30 13:57:58+00,40.166666666666664,,KDVT,,,,,
1578,fr24_complete_3b0a6ce1,N621FB,N621FB,2025-06-30 13:59:06+00,2025-06-30 14:06:11+00,7.083333333333333,KDVT,KDVT,,,,,
1577,fr24_complete_3b0a961c,N625FB,N625FB,2025-06-30 14:42:30+00,2025-06-30 15:39:15+00,56.75,KDVT,KDVT,,,,,
1576,fr24_complete_3b0b7739,N625FB,N625FB,2025-06-30 19:07:32+00,2025-06-30 19:20:19+00,12.783333333333333,KDVT,KPHX,,,,,
1575,fr24_complete_3b0b8466,N623FB,N623FB,2025-06-30 19:26:34+00,2025-06-30 19:33:17+00,6.716666666666667,KDVT,KDVT,,,,,
1574,fr24_complete_3b0b945f,N625FB,N625FB,2025-06-30 19:46:04+00,2025-06-30 20:16:23+00,30.316666666666666,KPHX,KDVT,,,,,
1572,fr24_complete_3b0b948e,N623FB,N623FB,2025-06-30 19:46:12+00,2025-06-30 19:52:39+00,6.45,KDVT,KDVT,,,,,
1571,fr24_complete_3b0ba380,N623FB,N623FB,2025-06-30 20:08:49+00,2025-06-30 20:19:17+00,10.466666666666667,KDVT,KDVT,,,,,
1570,fr24_complete_3b0bae1d,N625FB,N625FB,2025-06-30 20:22:49+00,2025-06-30 20:38:07+00,15.3,KDVT,KDVT,,,,,
1569,fr24_complete_3b0c1a96,N624FB,N624FB,2025-06-30 23:14:37+00,2025-07-01 00:36:24+00,81.78333333333333,KDVT,KDVT,,,,,
1568,fr24_complete_3b0c81fd,N624FB,N624FB,2025-07-01 02:14:14+00,2025-07-01 03:42:02+00,87.8,KDVT,KDVT,,,,,
1567,fr24_complete_3b0caa11,N621FB,N621FB,2025-07-01 03:33:17+00,2025-07-01 05:06:12+00,92.91666666666667,KDVT,KDVT,,,,,
1566,fr24_complete_3b0cd822,N624FB,N624FB,2025-07-01 05:01:40+00,2025-07-01 06:36:23+00,94.71666666666667,KDVT,KDVT,,,,,
1565,fr24_complete_3b0d0811,N621FB,N621FB,2025-07-01 06:30:23+00,2025-07-01 07:58:09+00,87.76666666666667,KDVT,KDVT,,,,,
1564,fr24_complete_3b0d3c09,N624FB,N624FB,2025-07-01 08:00:06+00,2025-07-01 09:06:11+00,66.08333333333333,KDVT,KDVT,,,,,
1563,fr24_complete_3b0e1c9e,N625FB,N625FB,2025-07-01 13:18:16+00,2025-07-01 13:25:55+00,7.65,KDVT,KDVT,,,,,
1562,fr24_complete_3b0e2f48,N625FB,N625FB,2025-07-01 13:26:34+00,2025-07-01 13:30:26+00,3.8666666666666667,,KDVT,,,,,
1561,fr24_complete_3b0e331b,N625FB,N625FB,2025-07-01 13:30:37+00,2025-07-01 13:34:35+00,3.966666666666667,,KDVT,,,,,
1560,fr24_complete_3b0e37d8,N625FB,N625FB,2025-07-01 13:36:35+00,2025-07-01 13:39:34+00,2.9833333333333334,KDVT,KDVT,,,,,
1559,fr24_complete_3b0e3c51,N625FB,N625FB,2025-07-01 13:40:15+00,2025-07-01 13:44:27+00,4.2,,KDVT,,,,,
1558,fr24_complete_3b0e4082,N625FB,N625FB,2025-07-01 13:45:00+00,2025-07-01 14:04:51+00,19.85,,KDVT,,,,,
1557,fr24_complete_3b0e57c6,N625FB,N625FB,2025-07-01 14:08:59+00,2025-07-01 14:16:55+00,7.933333333333334,,KDVT,,,,,
1556,fr24_complete_3b0e7b4f,N623FB,N623FB,2025-07-01 14:47:52+00,2025-07-01 15:49:39+00,61.78333333333333,KDVT,KDVT,,,,,
1555,fr24_complete_3b0e83a7,N624FB,N624FB,2025-07-01 14:56:48+00,2025-07-01 15:57:52+00,61.06666666666667,KDVT,KDVT,,,,,
1554,fr24_complete_3b0f52f7,N624FB,N624FB,2025-07-01 18:56:18+00,2025-07-01 20:03:26+00,67.13333333333334,KDVT,KDVT,,,,,
1553,fr24_complete_3b0ffc55,N621FB,N621FB,2025-07-01 23:11:04+00,2025-07-02 01:11:57+00,120.88333333333334,KDVT,KDVT,,,,,
1552,fr24_complete_3b10737c,N621FB,N621FB,2025-07-02 02:36:05+00,2025-07-02 03:41:39+00,65.56666666666666,KDVT,KDVT,,,,,
1551,fr24_complete_3b1091ba,N624FB,N624FB,2025-07-02 03:35:39+00,2025-07-02 05:04:20+00,88.68333333333334,KDVT,KDVT,,,,,
1550,fr24_complete_3b10bf65,N621FB,N621FB,2025-07-02 05:00:37+00,2025-07-02 06:36:32+00,95.91666666666667,KDVT,KDVT,,,,,
1549,fr24_complete_3b10f015,N624FB,N624FB,2025-07-02 06:31:08+00,2025-07-02 08:02:49+00,91.68333333333334,KDVT,KDVT,,,,,
1548,fr24_complete_3b112385,N621FB,N621FB,2025-07-02 07:59:47+00,2025-07-02 09:27:43+00,87.93333333333334,KDVT,KDVT,,,,,
1547,fr24_complete_3b11f21c,N622FB,N622FB,2025-07-02 12:52:16+00,2025-07-02 12:59:39+00,7.383333333333334,KDVT,KDVT,,,,,
1546,fr24_complete_3b11fb16,N622FB,N622FB,2025-07-02 12:59:30+00,2025-07-02 13:59:37+00,60.11666666666667,,KDVT,,,,,
1545,fr24_complete_3b120584,N624FB,N624FB,2025-07-02 13:13:18+00,2025-07-02 13:42:30+00,29.2,KDVT,KPAN,,,,,
1544,fr24_complete_3b1224ab,N624FB,N624FB,2025-07-02 13:39:29+00,2025-07-02 13:44:29+00,,KPAN,,,,,,
1543,fr24_complete_3b122672,N624FB,N624FB,2025-07-02 13:44:54+00,2025-07-02 13:48:02+00,,KPAN,,,,,,
761,fr24_complete_3b1229e8,N624FB,N624FB,2025-07-02 13:48:04+00,2025-07-02 13:48:22+00,,KPAN,,,,,,
1542,fr24_complete_3b122a5a,N624FB,N624FB,2025-07-02 13:48:28+00,2025-07-02 13:51:00+00,,KPAN,,,,,,
1541,fr24_complete_3b122d27,N624FB,N624FB,2025-07-02 13:51:07+00,2025-07-02 13:53:24+00,,KPAN,,,,,,
1540,fr24_complete_3b122f9c,N624FB,N624FB,2025-07-02 13:53:47+00,2025-07-02 13:56:05+00,,KPAN,,,,,,
1539,fr24_complete_3b123250,N624FB,N624FB,2025-07-02 13:56:18+00,2025-07-02 13:58:42+00,,KPAN,,,,,,
760,fr24_complete_3b123503,N624FB,N624FB,2025-07-02 13:58:45+00,2025-07-02 13:58:45+00,,KPAN,,,,,,
759,fr24_complete_3b12353c,N624FB,N624FB,2025-07-02 13:58:58+00,2025-07-02 13:59:05+00,,KPAN,,,,,,
1538,fr24_complete_3b12714e,N622FB,N622FB,2025-07-02 15:00:01+00,2025-07-02 15:24:28+00,24.45,KDVT,,,,,,
1537,fr24_complete_3b1280ae,N621FB,N621FB,2025-07-02 15:15:47+00,2025-07-02 16:18:43+00,62.93333333333333,KDVT,KDVT,,,,,
1536,fr24_complete_3b128143,N624FB,N624FB,2025-07-02 15:17:27+00,2025-07-02 15:45:45+00,28.3,KPAN,KDVT,,,,,
1535,fr24_complete_3b131d05,N621FB,N621FB,2025-07-02 18:12:20+00,2025-07-02 18:27:29+00,15.15,KDVT,KPHX,,,,,
1534,fr24_complete_3b1330e0,N621FB,N621FB,2025-07-02 18:34:22+00,2025-07-02 18:51:20+00,16.966666666666665,KPHX,KDVT,,,,,
1533,fr24_complete_3b133ce9,N621FB,N621FB,2025-07-02 18:49:24+00,2025-07-02 19:12:41+00,23.283333333333335,KDVT,KDVT,,,,,
1532,fr24_complete_3b13fa0d,N623FB,N623FB,2025-07-02 23:12:06+00,2025-07-03 00:32:57+00,80.85,KDVT,KDVT,,,,,
1531,fr24_complete_3b14ea6e,N622FB,N622FB,2025-07-03 06:25:43+00,2025-07-03 08:05:19+00,99.6,KDVT,KDVT,,,,,
1530,fr24_complete_3b151a12,N623FB,N623FB,2025-07-03 07:51:00+00,2025-07-03 09:13:34+00,82.56666666666666,KDVT,KDVT,,,,,
1529,fr24_complete_3b156bac,N623FB,N623FB,2025-07-03 10:03:02+00,2025-07-03 11:17:28+00,74.43333333333334,KDVT,KDVT,,,,,
1528,fr24_complete_3b16765d,N624FB,N624FB,2025-07-03 14:58:27+00,2025-07-03 16:01:48+00,63.35,KDVT,KDVT,,,,,
758,fr24_complete_3b16b5c1,N624FB,N624FB,2025-07-03 16:01:50+00,2025-07-03 16:02:19+00,,KDVT,,,,,,
1527,fr24_complete_3b1727d0,N624FB,N624FB,2025-07-03 18:09:26+00,2025-07-03 20:11:40+00,122.23333333333333,KDVT,KDVT,,,,,
1526,fr24_complete_3b17f985,N622FB,N622FB,2025-07-03 23:01:30+00,2025-07-03 23:38:13+00,36.71666666666667,KDVT,,,,,,
1525,fr24_complete_3b1869ee,N622FB,N622FB,2025-07-04 02:04:57+00,2025-07-04 03:38:21+00,93.4,KDVT,KDVT,,,,,
1524,fr24_complete_3b189707,N621FB,N621FB,2025-07-04 03:32:22+00,2025-07-04 05:12:33+00,100.18333333333334,KDVT,KDVT,,,,,
1523,fr24_complete_3b18c3ef,N623FB,N623FB,2025-07-04 05:00:37+00,2025-07-04 05:16:32+00,15.916666666666666,KDVT,KDVT,,,,,
1522,fr24_complete_3b18e546,N624FB,N624FB,2025-07-04 06:03:53+00,2025-07-04 06:48:20+00,44.45,KDVT,KDVT,,,,,
1521,fr24_complete_3b18cb3c,N621FB,N621FB,2025-07-04 06:33:54+00,2025-07-04 08:07:08+00,93.23333333333333,KDVT,KDVT,,,,,
1520,fr24_complete_3b19296d,N624FB,N624FB,2025-07-04 08:02:20+00,2025-07-04 09:44:50+00,102.5,KDVT,KDVT,,,,,
1519,fr24_complete_3b1a4431,N621FB,N621FB,2025-07-04 14:19:49+00,2025-07-04 15:13:36+00,53.78333333333333,KDVT,KDVT,,,,,
864,fr24_complete_3b1a7216,N621FB,N621FB,2025-07-04 15:11:57+00,2025-07-04 15:11:57+00,,KDVT,,,,,,
1518,fr24_complete_3b1ad666,N621FB,N621FB,2025-07-04 17:19:04+00,2025-07-04 18:16:38+00,57.56666666666667,KDVT,KDVT,,,,,
1517,fr24_complete_3b1b1655,N621FB,N621FB,2025-07-04 18:54:36+00,2025-07-04 19:51:03+00,,KDVT,,,,,,
1516,fr24_complete_3b1b43e5,N621FB,N621FB,2025-07-04 20:13:06+00,2025-07-04 20:48:59+00,35.88333333333333,KDVT,KDVT,,,,,
1515,fr24_complete_3b1b9e5d,N624FB,N624FB,2025-07-04 23:18:54+00,2025-07-05 00:13:40+00,54.766666666666666,KDVT,KDVT,,,,,
1514,fr24_complete_3b1bee93,N624FB,N624FB,2025-07-05 02:07:04+00,2025-07-05 03:35:24+00,88.33333333333333,KDVT,KDVT,,,,,
1513,fr24_complete_3b1c1195,N623FB,N623FB,2025-07-05 03:29:17+00,2025-07-05 05:05:43+00,96.43333333333334,KDVT,KDVT,,,,,
1512,fr24_complete_3b1c3cd0,N622FB,N622FB,2025-07-05 05:02:18+00,2025-07-05 06:38:57+00,96.65,KDVT,KDVT,,,,,
1511,fr24_complete_3b1c6869,N623FB,N623FB,2025-07-05 06:31:08+00,2025-07-05 08:30:57+00,,KDVT,,,,,,
1510,fr24_complete_3b1c97fe,N622FB,N622FB,2025-07-05 07:58:11+00,2025-07-05 10:32:52+00,154.68333333333334,KDVT,KDVT,,,,,
1509,fr24_complete_3b1dc8a5,N625FB,N625FB,2025-07-05 14:58:30+00,2025-07-05 16:00:26+00,61.93333333333333,KDVT,KDVT,,,,,
1508,fr24_complete_3b1e5d07,N625FB,N625FB,2025-07-05 18:06:28+00,2025-07-05 18:56:23+00,49.916666666666664,KDVT,KDVT,,,,,
1507,fr24_complete_3b1ec437,N621FB,N621FB,2025-07-05 20:55:00+00,2025-07-05 21:18:37+00,23.616666666666667,KDVT,,,,,,
1506,fr24_complete_3b1f0ce6,N621FB,N621FB,2025-07-05 23:10:16+00,2025-07-06 00:35:18+00,85.03333333333333,KDVT,KDVT,,,,,
1505,fr24_complete_3b1f6a4a,N621FB,N621FB,2025-07-06 02:13:49+00,2025-07-06 03:48:50+00,95.01666666666667,KDVT,KDVT,,,,,
1504,fr24_complete_3b1f8be8,N623FB,N623FB,2025-07-06 03:31:44+00,2025-07-06 05:09:34+00,97.83333333333333,KDVT,KDVT,,,,,
1503,fr24_complete_3b1fb345,N622FB,N622FB,2025-07-06 04:57:26+00,2025-07-06 06:40:11+00,102.75,KDVT,KDVT,,,,,
1502,fr24_complete_3b1fde32,N623FB,N623FB,2025-07-06 06:29:54+00,2025-07-06 08:06:14+00,96.33333333333333,KDVT,KDVT,,,,,
1501,fr24_complete_3b200b2f,N622FB,N622FB,2025-07-06 07:59:33+00,2025-07-06 09:35:10+00,95.61666666666666,KDVT,KDVT,,,,,
1500,fr24_complete_3b212eaa,N622FB,N622FB,2025-07-06 15:01:20+00,2025-07-06 15:59:40+00,58.333333333333336,KDVT,KDVT,,,,,
1499,fr24_complete_3b21af75,N622FB,N622FB,2025-07-06 17:43:21+00,2025-07-06 18:55:24+00,72.05,KDVT,KDVT,,,,,
1498,fr24_complete_3b227f75,N621FB,N621FB,2025-07-06 23:06:14+00,2025-07-07 00:44:00+00,97.76666666666667,KDVT,KDVT,,,,,
1497,fr24_complete_3b22e59a,N621FB,N621FB,2025-07-07 02:06:24+00,2025-07-07 03:42:01+00,95.61666666666666,KDVT,KDVT,,,,,
1496,fr24_complete_3b230f5a,N625FB,N625FB,2025-07-07 03:33:32+00,2025-07-07 05:18:36+00,105.06666666666666,KDVT,KDVT,,,,,
1495,fr24_complete_3b233ac2,N623FB,N623FB,2025-07-07 05:02:10+00,2025-07-07 06:35:55+00,93.75,KDVT,KDVT,,,,,
1494,fr24_complete_3b2367ca,N625FB,N625FB,2025-07-07 06:30:30+00,2025-07-07 08:01:30+00,91,KDVT,KDVT,,,,,
1493,fr24_complete_3b23943a,N623FB,N623FB,2025-07-07 07:57:51+00,2025-07-07 09:52:54+00,115.05,KDVT,KDVT,,,,,
1492,fr24_complete_3b23e9a5,N623FB,N623FB,2025-07-07 10:33:14+00,2025-07-07 10:54:04+00,20.833333333333332,KDVT,KDVT,,,,,
1491,fr24_complete_3b24e6ec,N624FB,N624FB,2025-07-07 15:35:05+00,2025-07-07 16:47:28+00,72.38333333333334,KDVT,KDVT,,,,,
765,fr24_complete_3b252306,N624FB,N624FB,2025-07-07 16:45:42+00,2025-07-07 18:33:55+00,,KDVT,,,,,,
1490,fr24_complete_3b2578b8,N624FB,N624FB,2025-07-07 18:33:58+00,2025-07-07 19:30:17+00,56.31666666666667,KDVT,KDVT,,,,,
1489,fr24_complete_3b26342f,N621FB,N621FB,2025-07-07 23:10:07+00,2025-07-08 00:35:18+00,85.18333333333334,KDVT,KDVT,,,,,
1488,fr24_complete_3b26a17a,N621FB,N621FB,2025-07-08 02:10:52+00,2025-07-08 03:40:45+00,89.88333333333334,KDVT,KDVT,,,,,
1487,fr24_complete_3b26cc18,N624FB,N624FB,2025-07-08 03:34:07+00,2025-07-08 05:03:13+00,89.1,KDVT,KDVT,,,,,
1486,fr24_complete_3b26f9a6,N623FB,N623FB,2025-07-08 04:59:52+00,2025-07-08 06:37:26+00,97.56666666666666,KDVT,KDVT,,,,,
1485,fr24_complete_3b272ac0,N624FB,N624FB,2025-07-08 06:32:56+00,2025-07-08 08:16:46+00,103.83333333333333,KDVT,KDVT,,,,,
1484,fr24_complete_3b275825,N623FB,N623FB,2025-07-08 07:58:31+00,2025-07-08 09:35:43+00,97.2,KDVT,KDVT,,,,,
823,fr24_complete_3b289838,N622FB,N622FB,2025-07-08 14:38:00+00,2025-07-08 14:38:00+00,,KDVT,,,,,,
1483,fr24_complete_3b28a79c,N623FB,N623FB,2025-07-08 14:53:26+00,2025-07-08 15:49:42+00,56.266666666666666,KDVT,KDVT,,,,,
1482,fr24_complete_3b292207,N623FB,N623FB,2025-07-08 16:59:29+00,2025-07-08 17:50:44+00,51.25,KDVT,KDVT,,,,,
1481,fr24_complete_3b2a37c0,N621FB,N621FB,2025-07-08 23:08:51+00,2025-07-09 00:36:33+00,87.7,KDVT,KDVT,,,,,
1480,fr24_complete_3b2aa5cf,N621FB,N621FB,2025-07-09 02:04:59+00,2025-07-09 03:10:13+00,65.23333333333333,KDVT,KDVT,,,,,
1479,fr24_complete_3b2add10,N625FB,N625FB,2025-07-09 03:46:35+00,2025-07-09 05:31:35+00,105,KDVT,KDVT,,,,,
1478,fr24_complete_3b2b06eb,N621FB,N621FB,2025-07-09 05:01:27+00,2025-07-09 06:34:37+00,93.16666666666667,KDVT,KDVT,,,,,
1477,fr24_complete_3b2b357d,N625FB,N625FB,2025-07-09 06:27:42+00,2025-07-09 08:10:19+00,102.61666666666666,KDVT,KDVT,,,,,
1476,fr24_complete_3b2b7270,N621FB,N621FB,2025-07-09 08:17:21+00,2025-07-09 09:30:39+00,73.3,KDVT,KDVT,,,,,
1475,fr24_complete_3b2c408b,N622FB,N622FB,2025-07-09 12:51:18+00,2025-07-09 13:01:18+00,,KDVT,,,,,,
1474,fr24_complete_3b2c4b70,N622FB,N622FB,2025-07-09 13:01:26+00,2025-07-09 13:53:11+00,51.75,KGEU,KDVT,,,,,
1473,fr24_complete_3b2cd12a,N622FB,N622FB,2025-07-09 15:11:46+00,2025-07-09 16:09:40+00,57.9,KDVT,KDVT,,,,,
1472,fr24_complete_3b2d3b3e,N623FB,N623FB,2025-07-09 16:59:06+00,2025-07-09 17:25:48+00,26.7,KDVT,,,,,,
1471,fr24_complete_3b2d9ffa,N623FB,N623FB,2025-07-09 18:55:15+00,2025-07-09 19:06:21+00,11.1,KDVT,KGEU,,,,,
1470,fr24_complete_3b2da8ac,N623FB,N623FB,2025-07-09 19:05:06+00,2025-07-09 19:36:36+00,31.5,KGEU,,,,,,
1469,fr24_complete_3b2eedae,N624FB,N624FB,2025-07-10 03:39:34+00,2025-07-10 05:10:25+00,90.85,KDVT,KDVT,,,,,
1468,fr24_complete_3b2f1ca6,N623FB,N623FB,2025-07-10 05:03:08+00,2025-07-10 06:34:20+00,91.2,KDVT,KDVT,,,,,
1467,fr24_complete_3b2f4a3c,N624FB,N624FB,2025-07-10 06:29:22+00,2025-07-10 08:16:54+00,107.53333333333333,KDVT,KDVT,,,,,
1466,fr24_complete_3b2f81bd,N623FB,N623FB,2025-07-10 08:03:14+00,2025-07-10 09:42:31+00,99.28333333333333,KDVT,KDVT,,,,,
1465,fr24_complete_3b30d837,N621FB,N621FB,2025-07-10 14:52:19+00,2025-07-10 15:11:40+00,19.35,KDVT,,,,,,
1464,fr24_complete_3b30e9a6,N622FB,N622FB,2025-07-10 15:08:15+00,2025-07-10 16:06:52+00,58.61666666666667,KDVT,KDVT,,,,,
822,fr24_complete_3b3124a2,N622FB,N622FB,2025-07-10 16:08:55+00,2025-07-10 16:08:55+00,,KDVT,,,,,,
1463,fr24_complete_3b319652,N622FB,N622FB,2025-07-10 18:12:53+00,2025-07-10 19:04:20+00,51.45,KDVT,KDVT,,,,,
1462,fr24_complete_3b32071c,N621FB,N621FB,2025-07-10 21:09:05+00,2025-07-10 21:17:33+00,8.466666666666667,KDVT,KDVT,,,,,
1461,fr24_complete_3b326d8a,N621FB,N621FB,2025-07-10 22:58:17+00,2025-07-11 00:29:21+00,91.06666666666666,KDVT,KDVT,,,,,
1460,fr24_complete_3b32d38b,N621FB,N621FB,2025-07-11 01:33:47+00,2025-07-11 03:21:49+00,108.03333333333333,KDVT,KDVT,,,,,
1459,fr24_complete_3b3311b0,N624FB,N624FB,2025-07-11 03:30:27+00,2025-07-11 05:14:00+00,103.55,KDVT,KDVT,,,,,
1458,fr24_complete_3b33444f,N623FB,N623FB,2025-07-11 05:05:05+00,2025-07-11 06:39:02+00,93.95,KDVT,KDVT,,,,,
4327,3b2f4a3c,N624FB,N624FB,2025-07-11 06:28:54+00,2025-07-11 08:17:49+00,108.91666666666667,KDVT,KDVT,,,,,
1457,fr24_complete_3b337392,N624FB,N624FB,2025-07-11 06:34:14+00,2025-07-11 08:08:02+00,93.8,KDVT,KDVT,,,,,
1456,fr24_complete_3b33a874,N623FB,N623FB,2025-07-11 08:04:17+00,2025-07-11 09:09:46+00,65.48333333333333,KDVT,KDVT,,,,,
1455,fr24_complete_3b34ecb0,N625FB,N625FB,2025-07-11 14:38:55+00,2025-07-11 14:46:49+00,7.9,KDVT,KPHX,,,,,
1454,fr24_complete_3b35bbec,N625FB,N625FB,2025-07-11 18:12:11+00,2025-07-11 18:52:48+00,40.61666666666667,KDVT,KDVT,,,,,
1453,fr24_complete_3b368757,N621FB,N621FB,2025-07-11 22:58:44+00,2025-07-12 00:23:14+00,84.5,KDVT,KDVT,,,,,
1452,fr24_complete_3b36f37b,N621FB,N621FB,2025-07-12 02:05:34+00,2025-07-12 03:35:06+00,89.53333333333333,KDVT,KDVT,,,,,
1451,fr24_complete_3b371b2e,N624FB,N624FB,2025-07-12 03:29:58+00,2025-07-12 05:09:08+00,99.16666666666667,KDVT,KDVT,,,,,
1450,fr24_complete_3b3748c9,N623FB,N623FB,2025-07-12 05:04:18+00,2025-07-12 06:39:14+00,94.93333333333334,KDVT,KDVT,,,,,
1449,fr24_complete_3b3772e0,N624FB,N624FB,2025-07-12 06:31:03+00,2025-07-12 08:09:12+00,98.15,KDVT,KDVT,,,,,
1448,fr24_complete_3b37a4ff,N623FB,N623FB,2025-07-12 08:03:36+00,2025-07-12 09:50:47+00,107.18333333333334,KDVT,KDVT,,,,,
1447,fr24_complete_3b38d757,N625FB,N625FB,2025-07-12 14:43:43+00,2025-07-12 16:16:49+00,93.1,KDVT,KDVT,,,,,
1446,fr24_complete_3b3988a7,N625FB,N625FB,2025-07-12 18:13:40+00,2025-07-12 19:03:40+00,50,KDVT,KDVT,,,,,
1445,fr24_complete_3b3a32d1,N621FB,N621FB,2025-07-12 23:03:19+00,2025-07-13 00:22:17+00,78.96666666666667,KDVT,KDVT,,,,,
1444,fr24_complete_3b3a8e4e,N621FB,N621FB,2025-07-13 02:03:10+00,2025-07-13 03:36:44+00,93.56666666666666,KDVT,KDVT,,,,,
1443,fr24_complete_3b3ab4bf,N624FB,N624FB,2025-07-13 03:30:59+00,2025-07-13 05:07:31+00,96.53333333333333,KDVT,KDVT,,,,,
1442,fr24_complete_3b3adeba,N623FB,N623FB,2025-07-13 05:01:14+00,2025-07-13 06:37:32+00,96.3,KDVT,KDVT,,,,,
1441,fr24_complete_3b3b06a9,N624FB,N624FB,2025-07-13 06:29:55+00,2025-07-13 08:25:45+00,115.83333333333333,KDVT,KDVT,,,,,
1440,fr24_complete_3b3b36bf,N623FB,N623FB,2025-07-13 08:03:17+00,2025-07-13 10:28:36+00,145.31666666666666,KDVT,KDVT,,,,,
1439,fr24_complete_3b3c82b8,N625FB,N625FB,2025-07-13 15:34:57+00,2025-07-13 15:46:44+00,,KDVT,,,,,,
1438,fr24_complete_3b3c8cf1,N625FB,N625FB,2025-07-13 15:46:43+00,2025-07-13 16:35:31+00,48.8,KDVT,KDVT,,,,,
720,fr24_complete_3b3cb476,N625FB,N625FB,2025-07-13 16:35:35+00,2025-07-13 16:35:35+00,,KDVT,,,,,,
1437,fr24_complete_3b3ccaf6,N625FB,N625FB,2025-07-13 17:03:26+00,2025-07-13 17:19:16+00,15.833333333333334,KDVT,KDVT,,,,,
1436,fr24_complete_3b3d0acd,N625FB,N625FB,2025-07-13 18:30:58+00,2025-07-13 19:42:39+00,71.68333333333334,KDVT,KDVT,,,,,
719,fr24_complete_3b3d3ab1,N625FB,N625FB,2025-07-13 19:42:41+00,2025-07-13 19:42:41+00,,KDVT,,,,,,
1435,fr24_complete_3b3dad95,N621FB,N621FB,2025-07-13 22:57:32+00,2025-07-14 00:24:16+00,86.73333333333333,KDVT,KDVT,,,,,
1434,fr24_complete_3b3e1686,N621FB,N621FB,2025-07-14 02:02:41+00,2025-07-14 03:40:17+00,97.6,KDVT,KDVT,,,,,
1433,fr24_complete_3b3e4284,N624FB,N624FB,2025-07-14 03:33:15+00,2025-07-14 05:15:15+00,102,KDVT,KDVT,,,,,
1432,fr24_complete_3b3e6e7d,N623FB,N623FB,2025-07-14 05:01:03+00,2025-07-14 06:37:06+00,96.05,KDVT,KDVT,,,,,
1431,fr24_complete_3b3e9e90,N624FB,N624FB,2025-07-14 06:33:54+00,2025-07-14 08:17:02+00,103.13333333333334,KDVT,KDVT,,,,,
1430,fr24_complete_3b3eccf6,N623FB,N623FB,2025-07-14 08:00:23+00,2025-07-14 09:35:17+00,94.9,KDVT,KDVT,,,,,
1429,fr24_complete_3b402148,N625FB,N625FB,2025-07-14 15:16:33+00,2025-07-14 16:16:22+00,59.81666666666667,KDVT,KDVT,,,,,
1428,fr24_complete_3b40500f,N624FB,N624FB,2025-07-14 16:07:23+00,2025-07-14 16:16:11+00,,KDVT,,,,,,
718,fr24_complete_3b4058bf,N625FB,N625FB,2025-07-14 16:16:26+00,2025-07-14 16:16:33+00,,KDVT,,,,,,
1427,fr24_complete_3b40d0fd,N625FB,N625FB,2025-07-14 18:42:02+00,2025-07-14 19:41:07+00,59.083333333333336,KDVT,KDVT,,,,,
1426,fr24_complete_3b4185e5,N621FB,N621FB,2025-07-14 23:12:51+00,2025-07-15 00:16:17+00,63.43333333333333,KDVT,KDVT,,,,,
1425,fr24_complete_3b41f19a,N621FB,N621FB,2025-07-15 02:11:47+00,2025-07-15 03:12:49+00,61.03333333333333,KDVT,KDVT,,,,,
1424,fr24_complete_3b421b3c,N622FB,N622FB,2025-07-15 03:33:21+00,2025-07-15 05:05:48+00,92.45,KDVT,KDVT,,,,,
1423,fr24_complete_3b424b39,N623FB,N623FB,2025-07-15 05:01:57+00,2025-07-15 06:37:03+00,95.1,KDVT,KDVT,,,,,
1422,fr24_complete_3b427b21,N622FB,N622FB,2025-07-15 06:30:37+00,2025-07-15 08:04:41+00,94.06666666666666,KDVT,KDVT,,,,,
1421,fr24_complete_3b42adf7,N623FB,N623FB,2025-07-15 08:00:57+00,2025-07-15 08:14:50+00,13.883333333333333,KDVT,KGEU,,,,,
1420,fr24_complete_3b42b53e,N623FB,N623FB,2025-07-15 08:13:27+00,2025-07-15 08:16:46+00,3.316666666666667,KGEU,KGEU,,,,,
1419,fr24_complete_3b42b6f4,N623FB,N623FB,2025-07-15 08:17:57+00,2025-07-15 08:23:10+00,5.216666666666667,KGEU,KGEU,,,,,
1418,fr24_complete_3b42b9ce,N623FB,N623FB,2025-07-15 08:21:45+00,2025-07-15 08:30:21+00,8.6,KGEU,KGYR,,,,,
1417,fr24_complete_3b42bea9,N623FB,N623FB,2025-07-15 08:29:06+00,2025-07-15 08:32:50+00,,KGYR,,,,,,
1416,fr24_complete_3b42c0e3,N623FB,N623FB,2025-07-15 08:32:59+00,2025-07-15 10:53:31+00,140.53333333333333,KGYR,KDVT,,,,,
1415,fr24_complete_3b43dd43,N622FB,N622FB,2025-07-15 15:31:21+00,2025-07-15 16:27:02+00,55.68333333333333,KDVT,KDVT,,,,,
821,fr24_complete_3b444b42,N622FB,N622FB,2025-07-15 16:27:06+00,2025-07-15 16:27:29+00,,KDVT,,,,,,
1414,fr24_complete_3b44ad5e,N622FB,N622FB,2025-07-15 18:22:09+00,2025-07-15 19:32:22+00,70.21666666666667,KDVT,KDVT,,,,,
820,fr24_complete_3b44e445,N622FB,N622FB,2025-07-15 19:32:27+00,2025-07-15 19:32:27+00,,KDVT,,,,,,
1413,fr24_complete_3b456920,N623FB,N623FB,2025-07-15 22:44:54+00,2025-07-15 23:55:06+00,70.2,KDVT,KDVT,,,,,
1412,fr24_complete_3b459986,N623FB,N623FB,2025-07-15 23:54:30+00,2025-07-16 00:23:24+00,28.9,KDVT,KDVT,,,,,
1411,fr24_complete_3b45ec74,N623FB,N623FB,2025-07-16 02:12:26+00,2025-07-16 03:22:07+00,69.68333333333334,KDVT,KDVT,,,,,
1410,fr24_complete_3b461ddb,N621FB,N621FB,2025-07-16 03:41:49+00,2025-07-16 05:08:24+00,86.58333333333333,KDVT,KDVT,,,,,
1409,fr24_complete_3b464b6e,N625FB,N625FB,2025-07-16 05:05:00+00,2025-07-16 06:38:27+00,93.45,KDVT,KDVT,,,,,
1408,fr24_complete_3b46792a,N621FB,N621FB,2025-07-16 06:31:29+00,2025-07-16 06:55:08+00,23.65,KDVT,KDVT,,,,,
1407,fr24_complete_3b480d83,N622FB,N622FB,2025-07-16 15:23:03+00,2025-07-16 16:20:24+00,57.35,KDVT,KDVT,,,,,
819,fr24_complete_3b484432,N622FB,N622FB,2025-07-16 16:20:28+00,2025-07-16 16:24:08+00,,,,,,,,
1406,fr24_complete_3b48aa9b,N622FB,N622FB,2025-07-16 18:17:37+00,2025-07-16 19:22:44+00,65.11666666666666,KDVT,KDVT,,,,,
1405,fr24_complete_3b497bac,N625FB,N625FB,2025-07-16 23:08:35+00,2025-07-17 00:05:32+00,56.95,KDVT,KDVT,,,,,
1404,fr24_complete_3b4a2090,N623FB,N623FB,2025-07-17 03:50:31+00,2025-07-17 05:07:39+00,77.13333333333334,KDVT,KDVT,,,,,
1403,fr24_complete_3b4a46d1,N625FB,N625FB,2025-07-17 05:01:23+00,2025-07-17 06:46:58+00,105.58333333333333,KDVT,KDVT,,,,,
1402,fr24_complete_3b4a7651,N623FB,N623FB,2025-07-17 06:30:51+00,2025-07-17 08:04:51+00,94,KDVT,KDVT,,,,,
1401,fr24_complete_3b4aa769,N625FB,N625FB,2025-07-17 08:01:43+00,2025-07-17 08:18:38+00,16.916666666666668,KDVT,KCHD,,,,,
1400,fr24_complete_3b4ab36b,N625FB,N625FB,2025-07-17 08:21:00+00,2025-07-17 08:36:18+00,15.3,KCHD,,,,,,
1399,fr24_complete_3b4c05bc,N622FB,N622FB,2025-07-17 15:10:27+00,2025-07-17 16:08:29+00,58.03333333333333,KDVT,KDVT,,,,,
1398,fr24_complete_3b4c40db,N622FB,N622FB,2025-07-17 18:09:24+00,2025-07-17 19:02:45+00,53.35,KDVT,KDVT,,,,,
1397,fr24_complete_3b4d9eb5,N625FB,N625FB,2025-07-17 23:23:04+00,2025-07-18 01:15:08+00,112.06666666666666,KDVT,KDVT,,,,,
1396,fr24_complete_3b4e1091,N625FB,N625FB,2025-07-18 02:21:32+00,2025-07-18 03:43:15+00,81.71666666666667,KDVT,KDVT,,,,,
1395,fr24_complete_3b4e34dd,N623FB,N623FB,2025-07-18 03:29:50+00,2025-07-18 05:16:11+00,106.35,KDVT,KDVT,,,,,
1394,fr24_complete_3b4e65f4,N625FB,N625FB,2025-07-18 05:02:55+00,2025-07-18 06:33:23+00,90.46666666666667,KDVT,KDVT,,,,,
1393,fr24_complete_3b4e936f,N623FB,N623FB,2025-07-18 06:28:57+00,2025-07-18 08:04:29+00,95.53333333333333,KDVT,KDVT,,,,,
1392,fr24_complete_3b4ec8b4,N625FB,N625FB,2025-07-18 08:02:06+00,2025-07-18 09:38:34+00,96.46666666666667,KDVT,KDVT,,,,,
1390,fr24_complete_3b503691,N621FB,N621FB,2025-07-18 15:01:51+00,2025-07-18 16:00:18+00,58.45,KDVT,KDVT,,,,,
1389,fr24_complete_3b50f2d4,N625FB,N625FB,2025-07-18 18:10:38+00,2025-07-18 18:20:47+00,,KDVT,,,,,,
1388,fr24_complete_3b50fbd8,N625FB,N625FB,2025-07-18 18:20:45+00,2025-07-18 19:10:54+00,50.15,KGEU,KDVT,,,,,
1387,fr24_complete_3b5180f8,N623FB,N623FB,2025-07-18 21:02:48+00,2025-07-18 22:09:24+00,66.6,KDVT,KDVT,,,,,
1386,fr24_complete_3b51d581,N624FB,N624FB,2025-07-18 23:06:17+00,2025-07-18 23:15:49+00,9.533333333333333,KPHX,KDVT,,,,,
1385,fr24_complete_3b51fdcd,N623FB,N623FB,2025-07-19 00:05:49+00,2025-07-19 01:01:50+00,56.016666666666666,KDVT,KDVT,,,,,
1384,fr24_complete_3b524db7,N622FB,N622FB,2025-07-19 02:27:57+00,2025-07-19 03:00:46+00,32.81666666666667,KDVT,KGEU,,,,,
1383,fr24_complete_3b525ed7,N622FB,N622FB,2025-07-19 03:01:13+00,2025-07-19 03:53:42+00,52.483333333333334,KGEU,KDVT,,,,,
1382,fr24_complete_3b529703,N625FB,N625FB,2025-07-19 04:58:18+00,2025-07-19 06:35:52+00,97.56666666666666,KDVT,KDVT,,,,,
1381,fr24_complete_3b52c2db,N622FB,N622FB,2025-07-19 06:30:03+00,2025-07-19 08:25:32+00,115.48333333333333,KDVT,KDVT,,,,,
1380,fr24_complete_3b52f4f0,N625FB,N625FB,2025-07-19 08:03:18+00,2025-07-19 09:36:21+00,93.05,KDVT,KDVT,,,,,
1379,fr24_complete_3b53d060,N621FB,N621FB,2025-07-19 13:12:39+00,2025-07-19 14:05:42+00,53.05,KDVT,KDVT,,,,,
1378,fr24_complete_3b54ac2d,N621FB,N621FB,2025-07-19 17:22:39+00,2025-07-19 18:16:21+00,53.7,KDVT,KDVT,,,,,
1377,fr24_complete_3b5585fb,N623FB,N623FB,2025-07-19 22:59:21+00,2025-07-19 23:09:27+00,,KDVT,,,,,,
1376,fr24_complete_3b558cb1,N623FB,N623FB,2025-07-19 23:09:28+00,2025-07-19 23:14:46+00,5.3,KDVT,KDVT,,,,,
1375,fr24_complete_3b558fe4,N623FB,N623FB,2025-07-19 23:14:51+00,2025-07-19 23:17:26+00,2.5833333333333335,KDVT,KDVT,,,,,
1374,fr24_complete_3b55922b,N623FB,N623FB,2025-07-19 23:17:49+00,2025-07-20 00:32:45+00,74.93333333333334,,KDVT,,,,,
1373,fr24_complete_3b55e8d0,N623FB,N623FB,2025-07-20 02:00:59+00,2025-07-20 02:29:58+00,28.983333333333334,KDVT,KGEU,,,,,
1372,fr24_complete_3b55fc33,N624FB,N624FB,2025-07-20 02:43:42+00,2025-07-20 05:06:29+00,142.78333333333333,KDVT,KDVT,,,,,
1371,fr24_complete_3b563cc5,N625FB,N625FB,2025-07-20 05:02:57+00,2025-07-20 07:04:21+00,121.4,KDVT,KDVT,,,,,
1370,fr24_complete_3b566465,N624FB,N624FB,2025-07-20 06:31:21+00,2025-07-20 08:30:57+00,119.6,KDVT,KDVT,,,,,
1369,fr24_complete_3b569fff,N625FB,N625FB,2025-07-20 08:27:51+00,2025-07-20 10:11:38+00,103.78333333333333,KDVT,KDVT,,,,,
1368,fr24_complete_3b57b4e0,N621FB,N621FB,2025-07-20 15:07:14+00,2025-07-20 16:04:47+00,57.55,KDVT,KDVT,,,,,
1367,fr24_complete_3b590331,N623FB,N623FB,2025-07-20 23:14:28+00,2025-07-21 00:39:56+00,85.46666666666667,KDVT,KDVT,,,,,
1366,fr24_complete_3b5968fb,N623FB,N623FB,2025-07-21 02:10:32+00,2025-07-21 03:44:00+00,93.46666666666667,KDVT,KDVT,,,,,
1365,fr24_complete_3b5989b3,N624FB,N624FB,2025-07-21 03:19:02+00,2025-07-21 05:20:08+00,121.1,KDVT,KDVT,,,,,
1364,fr24_complete_3b59bc06,N625FB,N625FB,2025-07-21 05:04:30+00,2025-07-21 06:52:36+00,108.1,KDVT,KDVT,,,,,
1363,fr24_complete_3b59e861,N624FB,N624FB,2025-07-21 06:35:34+00,2025-07-21 08:27:10+00,111.6,KDVT,KDVT,,,,,
1362,fr24_complete_3b5a15a2,N625FB,N625FB,2025-07-21 08:04:38+00,2025-07-21 09:29:14+00,84.6,KDVT,KDVT,,,,,
1361,fr24_complete_3b5b53ee,N625FB,N625FB,2025-07-21 15:02:32+00,2025-07-21 15:59:19+00,56.78333333333333,KDVT,KDVT,,,,,
724,fr24_complete_3b5b86b6,N625FB,N625FB,2025-07-21 15:59:23+00,2025-07-21 15:59:51+00,,KDVT,,,,,,
1360,fr24_complete_3b5bffe8,N625FB,N625FB,2025-07-21 18:28:41+00,2025-07-21 19:44:14+00,75.55,KDVT,KDVT,,,,,
1359,fr24_complete_3b5ca43f,N623FB,N623FB,2025-07-21 22:22:03+00,2025-07-21 22:59:52+00,37.81666666666667,KDVT,KDVT,,,,,
1358,fr24_complete_3b5cc688,N623FB,N623FB,2025-07-21 23:12:19+00,2025-07-21 23:53:30+00,41.18333333333333,KDVT,KDVT,,,,,
1357,fr24_complete_3b5d494a,N623FB,N623FB,2025-07-22 02:54:53+00,2025-07-22 03:39:00+00,44.11666666666667,KDVT,KDVT,,,,,
1356,fr24_complete_3b5d5be8,N621FB,N621FB,2025-07-22 03:32:58+00,2025-07-22 04:29:06+00,56.13333333333333,KDVT,KDVT,,,,,
1355,fr24_complete_3b5d9ccd,N623FB,N623FB,2025-07-22 05:39:05+00,2025-07-22 06:35:41+00,56.6,KPHX,KDVT,,,,,
1354,fr24_complete_3b5db7b3,N622FB,N622FB,2025-07-22 06:32:36+00,2025-07-22 08:03:30+00,90.9,KDVT,KDVT,,,,,
1353,fr24_complete_3b5de49b,N623FB,N623FB,2025-07-22 08:00:31+00,2025-07-22 09:32:32+00,92.01666666666667,KDVT,KDVT,,,,,
1352,fr24_complete_3b5f3934,N622FB,N622FB,2025-07-22 15:06:41+00,2025-07-22 16:05:38+00,58.95,KDVT,KDVT,,,,,
1351,fr24_complete_3b5f8af2,N622FB,N622FB,2025-07-22 16:31:06+00,2025-07-22 16:51:59+00,20.883333333333333,KDVT,KDVT,,,,,
1350,fr24_complete_3b5fc953,N622FB,N622FB,2025-07-22 17:40:52+00,2025-07-22 19:09:01+00,88.15,KDVT,KDVT,,,,,
1349,fr24_complete_3b60c541,N625FB,N625FB,2025-07-22 23:12:19+00,2025-07-23 00:32:11+00,79.86666666666666,KDVT,KDVT,,,,,
1348,fr24_complete_3b6136f2,N625FB,N625FB,2025-07-23 02:09:02+00,2025-07-23 03:52:57+00,103.91666666666667,KDVT,KDVT,,,,,
1347,fr24_complete_3b616205,N621FB,N621FB,2025-07-23 03:29:38+00,2025-07-23 05:08:59+00,99.35,KDVT,KDVT,,,,,
1346,fr24_complete_3b61a489,N625FB,N625FB,2025-07-23 05:35:01+00,2025-07-23 06:44:24+00,69.38333333333334,KDVT,KDVT,,,,,
1345,fr24_complete_3b61c3bd,N621FB,N621FB,2025-07-23 06:34:17+00,2025-07-23 08:02:44+00,88.45,KDVT,KDVT,,,,,
1344,fr24_complete_3b61f52b,N625FB,N625FB,2025-07-23 08:01:08+00,2025-07-23 09:39:59+00,98.85,KDVT,KDVT,,,,,
1343,fr24_complete_3b625eb0,N625FB,N625FB,2025-07-23 10:45:56+00,2025-07-23 11:19:02+00,33.1,KDVT,KDVT,,,,,
1342,fr24_complete_3b62c38e,N625FB,N625FB,2025-07-23 12:43:03+00,2025-07-23 12:53:54+00,10.85,KDVT,KGEU,,,,,
1341,fr24_complete_3b62ced3,N625FB,N625FB,2025-07-23 12:54:05+00,2025-07-23 13:35:18+00,41.21666666666667,KGEU,KDVT,,,,,
1340,fr24_complete_3b635c49,N623FB,N623FB,2025-07-23 15:14:40+00,2025-07-23 16:09:52+00,55.2,KDVT,KDVT,,,,,
1339,fr24_complete_3b63ecb5,N624FB,N624FB,2025-07-23 17:45:40+00,2025-07-23 18:00:52+00,15.2,KDVT,,,,,,
1338,fr24_complete_3b63924a,N623FB,N623FB,2025-07-23 18:04:32+00,2025-07-23 18:59:47+00,55.25,KDVT,KDVT,,,,,
766,fr24_complete_3b6423f2,N624FB,N624FB,2025-07-23 18:49:42+00,2025-07-23 18:49:42+00,,KDVT,,,,,,
1337,fr24_complete_3b643ea9,N621FB,N621FB,2025-07-23 19:24:51+00,2025-07-23 19:37:53+00,13.033333333333333,KDVT,KGEU,,,,,
1336,fr24_complete_3b644a60,N621FB,N621FB,2025-07-23 19:36:42+00,2025-07-23 19:52:12+00,15.5,KGEU,,,,,,
1335,fr24_complete_3b646ad5,N622FB,N622FB,2025-07-23 20:18:51+00,2025-07-23 20:29:20+00,,KDVT,,,,,,
1334,fr24_complete_3b647348,N622FB,N622FB,2025-07-23 20:29:17+00,2025-07-23 20:46:19+00,17.033333333333335,KGEU,,,,,,
879,fr24_complete_3b648203,N621FB,N621FB,2025-07-23 20:49:01+00,2025-07-23 20:50:02+00,,KDVT,,,,,,
1333,fr24_complete_3b64b446,N625FB,N625FB,2025-07-23 21:57:18+00,2025-07-23 23:41:46+00,104.46666666666667,KDVT,KDVT,,,,,
1332,fr24_complete_3b64b7a1,N622FB,N622FB,2025-07-23 22:02:37+00,2025-07-23 22:14:26+00,11.816666666666666,KDVT,KGEU,,,,,
1331,fr24_complete_3b64bf63,N622FB,N622FB,2025-07-23 22:13:15+00,2025-07-23 22:29:44+00,16.483333333333334,KGEU,,,,,,
1330,fr24_complete_3b65576e,N625FB,N625FB,2025-07-24 01:54:21+00,2025-07-24 03:38:52+00,104.51666666666667,KDVT,KDVT,,,,,
1329,fr24_complete_3b658e42,N624FB,N624FB,2025-07-24 03:33:32+00,2025-07-24 05:21:10+00,107.63333333333334,KDVT,KDVT,,,,,
1328,fr24_complete_3b65c031,N625FB,N625FB,2025-07-24 05:03:32+00,2025-07-24 06:40:41+00,97.15,KDVT,KDVT,,,,,
1327,fr24_complete_3b65efc2,N624FB,N624FB,2025-07-24 06:31:58+00,2025-07-24 07:03:26+00,31.466666666666665,KDVT,KGEU,,,,,
1326,fr24_complete_3b660164,N624FB,N624FB,2025-07-24 07:04:07+00,2025-07-24 08:06:24+00,62.28333333333333,KGEU,KDVT,,,,,
1325,fr24_complete_3b6622f5,N625FB,N625FB,2025-07-24 08:03:53+00,2025-07-24 09:51:09+00,107.26666666666667,KDVT,KDVT,,,,,
1324,fr24_complete_3b679505,N623FB,N623FB,2025-07-24 15:20:58+00,2025-07-24 16:15:00+00,54.03333333333333,KDVT,KDVT,,,,,
1323,fr24_complete_3b684ca8,N623FB,N623FB,2025-07-24 18:37:02+00,2025-07-24 19:40:31+00,63.483333333333334,KDVT,KDVT,,,,,
1322,fr24_complete_3b68b386,N625FB,N625FB,2025-07-24 20:42:29+00,2025-07-24 21:53:28+00,70.98333333333333,KDVT,KDVT,,,,,
1321,fr24_complete_3b699457,N625FB,N625FB,2025-07-25 02:05:43+00,2025-07-25 03:36:21+00,90.63333333333334,KDVT,KDVT,,,,,
1320,fr24_complete_3b69c311,N621FB,N621FB,2025-07-25 03:30:39+00,2025-07-25 05:06:58+00,96.31666666666666,KDVT,KDVT,,,,,
1319,fr24_complete_3b69f71b,N623FB,N623FB,2025-07-25 05:04:43+00,2025-07-25 06:48:53+00,104.16666666666667,KDVT,KDVT,,,,,
1318,fr24_complete_3b6a25ce,N621FB,N621FB,2025-07-25 06:31:01+00,2025-07-25 06:56:43+00,25.7,KDVT,KGEU,,,,,
1317,fr24_complete_3b6a3449,N621FB,N621FB,2025-07-25 06:57:16+00,2025-07-25 08:07:09+00,69.88333333333334,KGEU,KDVT,,,,,
1316,fr24_complete_3b6a599e,N623FB,N623FB,2025-07-25 08:03:20+00,2025-07-25 09:38:47+00,95.45,KDVT,KDVT,,,,,
1314,fr24_complete_3b6c742b,N622FB,N622FB,2025-07-25 18:28:37+00,2025-07-25 19:26:09+00,57.53333333333333,KDVT,KDVT,,,,,
1313,fr24_complete_3b6d2a4d,N623FB,N623FB,2025-07-25 22:54:08+00,2025-07-26 00:26:35+00,92.45,KDVT,KDVT,,,,,
1312,fr24_complete_3b6d960d,N623FB,N623FB,2025-07-26 01:58:25+00,2025-07-26 03:53:48+00,115.38333333333334,KDVT,KDVT,,,,,
1311,fr24_complete_3b6dc4f1,N621FB,N621FB,2025-07-26 03:35:12+00,2025-07-26 05:20:28+00,105.26666666666667,KDVT,KDVT,,,,,
1310,fr24_complete_3b6df018,N625FB,N625FB,2025-07-26 05:03:24+00,2025-07-26 06:38:40+00,95.26666666666667,KDVT,KDVT,,,,,
1309,fr24_complete_3b6e19b7,N621FB,N621FB,2025-07-26 06:32:22+00,2025-07-26 08:10:46+00,98.4,KDVT,KDVT,,,,,
1308,fr24_complete_3b6e480d,N625FB,N625FB,2025-07-26 08:03:36+00,2025-07-26 09:26:41+00,83.08333333333333,KDVT,KDVT,,,,,
1307,fr24_complete_3b6f5889,N624FB,N624FB,2025-07-26 14:11:05+00,2025-07-26 15:17:39+00,66.56666666666666,KDVT,KDVT,,,,,
1306,fr24_complete_3b70da33,N622FB,N622FB,2025-07-26 23:01:15+00,2025-07-27 00:13:30+00,72.25,KDVT,KDVT,,,,,
1305,fr24_complete_3b712f1f,N622FB,N622FB,2025-07-27 01:38:43+00,2025-07-27 03:07:46+00,89.05,KDVT,KDVT,,,,,
1304,fr24_complete_3b71629f,N621FB,N621FB,2025-07-27 03:34:41+00,2025-07-27 05:18:59+00,104.3,KDVT,KDVT,,,,,
1303,fr24_complete_3b718bea,N625FB,N625FB,2025-07-27 05:05:52+00,2025-07-27 06:54:39+00,108.78333333333333,KDVT,KDVT,,,,,
1302,fr24_complete_3b71b114,N621FB,N621FB,2025-07-27 06:30:53+00,2025-07-27 07:36:51+00,65.96666666666667,KDVT,KGEU,,,,,
1301,fr24_complete_3b71cf6f,N621FB,N621FB,2025-07-27 07:37:12+00,2025-07-27 08:12:47+00,35.583333333333336,KGEU,KDVT,,,,,
1300,fr24_complete_3b71dbc7,N625FB,N625FB,2025-07-27 08:02:43+00,2025-07-27 09:43:33+00,100.83333333333333,KDVT,KDVT,,,,,
827,fr24_complete_3b730a21,N622FB,N622FB,2025-07-27 15:11:56+00,2025-07-27 15:11:56+00,,KDVT,,,,,,
1299,fr24_complete_3b730a34,N622FB,N622FB,2025-07-27 15:12:15+00,2025-07-27 16:07:32+00,55.28333333333333,KDVT,KDVT,,,,,
826,fr24_complete_3b7338af,N622FB,N622FB,2025-07-27 16:07:36+00,2025-07-27 16:07:43+00,,KDVT,,,,,,
1298,fr24_complete_3b73a189,N621FB,N621FB,2025-07-27 18:22:53+00,2025-07-27 19:21:15+00,58.36666666666667,KDVT,KDVT,,,,,
1297,fr24_complete_3b745d89,N623FB,N623FB,2025-07-27 23:14:27+00,2025-07-28 00:59:47+00,105.33333333333333,KDVT,KDVT,,,,,
1296,fr24_complete_3b74cb0b,N623FB,N623FB,2025-07-28 02:16:06+00,2025-07-28 03:39:41+00,83.58333333333333,KDVT,KDVT,,,,,
1295,fr24_complete_3b74fded,N621FB,N621FB,2025-07-28 03:57:28+00,2025-07-28 05:45:52+00,108.4,KDVT,KDVT,,,,,
1294,fr24_complete_3b7524e6,N625FB,N625FB,2025-07-28 05:13:58+00,2025-07-28 07:04:29+00,110.51666666666667,KDVT,KDVT,,,,,
1293,fr24_complete_3b755230,N621FB,N621FB,2025-07-28 06:47:06+00,2025-07-28 08:09:52+00,82.76666666666667,KDVT,KDVT,,,,,
1292,fr24_complete_3b757350,N625FB,N625FB,2025-07-28 07:51:57+00,2025-07-28 09:35:02+00,103.08333333333333,KDVT,KDVT,,,,,
1291,fr24_complete_3b76c216,N622FB,N622FB,2025-07-28 14:59:10+00,2025-07-28 16:02:53+00,63.71666666666667,KDVT,KDVT,,,,,
1290,fr24_complete_3b778769,N622FB,N622FB,2025-07-28 18:36:58+00,2025-07-28 20:01:24+00,84.43333333333334,KDVT,KDVT,,,,,
1289,fr24_complete_3b784fe9,N625FB,N625FB,2025-07-28 23:14:36+00,2025-07-29 00:45:20+00,90.73333333333333,KDVT,KDVT,,,,,
1288,fr24_complete_3b78be16,N625FB,N625FB,2025-07-29 02:14:08+00,2025-07-29 03:56:29+00,102.35,KDVT,KDVT,,,,,
1287,fr24_complete_3b78e8c0,N623FB,N623FB,2025-07-29 03:34:16+00,2025-07-29 05:06:02+00,91.76666666666667,KDVT,KDVT,,,,,
1286,fr24_complete_3b7917f3,N625FB,N625FB,2025-07-29 05:03:35+00,2025-07-29 06:38:33+00,94.96666666666667,KDVT,KDVT,,,,,
1285,fr24_complete_3b79475d,N623FB,N623FB,2025-07-29 06:34:12+00,2025-07-29 08:04:05+00,89.88333333333334,KDVT,KDVT,,,,,
1283,fr24_complete_3b79770d,N625FB,N625FB,2025-07-29 08:00:18+00,2025-07-29 09:40:01+00,99.71666666666667,KDVT,KDVT,,,,,
1282,fr24_complete_3b79e9ad,N625FB,N625FB,2025-07-29 11:05:37+00,2025-07-29 11:09:24+00,,KDVT,,,,,,
1281,fr24_complete_3b79ee5c,N625FB,N625FB,2025-07-29 11:09:47+00,2025-07-29 11:14:38+00,4.85,KDVT,KDVT,,,,,
1280,fr24_complete_3b79f223,N625FB,N625FB,2025-07-29 11:14:48+00,2025-07-29 11:19:13+00,4.416666666666667,KDVT,KDVT,,,,,
723,fr24_complete_3b79f43e,N625FB,N625FB,2025-07-29 11:17:29+00,2025-07-29 11:18:34+00,,KDVT,,,,,,
1279,fr24_complete_3b7a555e,N622FB,N622FB,2025-07-29 13:04:43+00,2025-07-29 14:07:18+00,62.583333333333336,KDVT,KDVT,,,,,
825,fr24_complete_3b7a96e1,N622FB,N622FB,2025-07-29 14:07:22+00,2025-07-29 15:27:29+00,,KDVT,,,,,,
1278,fr24_complete_3b7ae96b,N622FB,N622FB,2025-07-29 15:27:40+00,2025-07-29 16:40:02+00,72.36666666666666,KDVT,KDVT,,,,,
1277,fr24_complete_3b7b93ef,N622FB,N622FB,2025-07-29 18:31:52+00,2025-07-29 19:31:41+00,59.81666666666667,KDVT,KDVT,,,,,
1276,fr24_complete_3b7c5f1a,N624FB,N624FB,2025-07-29 23:07:11+00,2025-07-30 00:30:14+00,83.05,KDVT,KDVT,,,,,
1275,fr24_complete_3b7cd4cd,N624FB,N624FB,2025-07-30 02:13:53+00,2025-07-30 03:38:17+00,84.4,KDVT,KDVT,,,,,
1274,fr24_complete_3b7cfe99,N621FB,N621FB,2025-07-30 03:31:49+00,2025-07-30 05:13:26+00,101.61666666666666,KDVT,KDVT,,,,,
1273,fr24_complete_3b7d2d4b,N625FB,N625FB,2025-07-30 05:01:18+00,2025-07-30 06:40:29+00,99.18333333333334,KDVT,KDVT,,,,,
1272,fr24_complete_3b7d5e20,N621FB,N621FB,2025-07-30 06:32:41+00,2025-07-30 08:14:55+00,102.23333333333333,KDVT,KDVT,,,,,
1271,fr24_complete_3b7d9167,N625FB,N625FB,2025-07-30 08:03:45+00,2025-07-30 09:29:22+00,85.61666666666666,KDVT,KDVT,,,,,
1270,fr24_complete_3b7de3e3,N625FB,N625FB,2025-07-30 10:10:28+00,2025-07-30 10:43:51+00,33.38333333333333,KDVT,KDVT,,,,,
1269,fr24_complete_3b7efe60,N622FB,N622FB,2025-07-30 15:12:40+00,2025-07-30 16:15:34+00,62.9,KDVT,KDVT,,,,,
1268,fr24_complete_3b7f33c4,N623FB,N623FB,2025-07-30 16:04:54+00,2025-07-30 16:21:27+00,16.55,KDVT,KDVT,,,,,
874,fr24_complete_3b7f3ee1,N622FB,N622FB,2025-07-30 16:15:37+00,2025-07-30 16:15:37+00,,KDVT,,,,,,
876,fr24_complete_3b7f3f02,N622FB,N622FB,2025-07-30 16:15:45+00,2025-07-30 16:15:45+00,,KDVT,,,,,,
1267,fr24_complete_3b7fb882,N622FB,N622FB,2025-07-30 18:29:21+00,2025-07-30 19:33:57+00,64.6,KDVT,KDVT,,,,,
1266,fr24_complete_3b808d47,N624FB,N624FB,2025-07-30 23:20:20+00,2025-07-31 00:00:04+00,39.733333333333334,KDVT,KDVT,,,,,
1265,fr24_complete_3b8107a5,N624FB,N624FB,2025-07-31 02:40:10+00,2025-07-31 03:42:55+00,62.75,KDVT,KDVT,,,,,
1264,fr24_complete_3b8122a3,N621FB,N621FB,2025-07-31 03:32:54+00,2025-07-31 05:06:57+00,94.05,KDVT,KDVT,,,,,
1263,fr24_complete_3b815278,N625FB,N625FB,2025-07-31 05:03:27+00,2025-07-31 06:41:30+00,98.05,KDVT,KDVT,,,,,
1262,fr24_complete_3b818056,N621FB,N621FB,2025-07-31 06:31:11+00,2025-07-31 08:12:40+00,101.48333333333333,KDVT,KDVT,,,,,
1261,fr24_complete_3b81b322,N625FB,N625FB,2025-07-31 08:02:18+00,2025-07-31 09:47:37+00,105.31666666666666,KDVT,KDVT,,,,,
1260,fr24_complete_3b831768,N622FB,N622FB,2025-07-31 15:14:26+00,2025-07-31 16:07:11+00,52.75,KDVT,KDVT,,,,,
824,fr24_complete_3b834e74,N622FB,N622FB,2025-07-31 16:07:13+00,2025-07-31 16:07:31+00,,KDVT,,,,,,
1259,fr24_complete_3b83bb22,N622FB,N622FB,2025-07-31 18:05:52+00,2025-07-31 19:01:15+00,55.38333333333333,KDVT,KDVT,,,,,
1258,fr24_complete_3b84924e,N623FB,N623FB,2025-07-31 22:49:37+00,2025-08-01 00:13:53+00,84.26666666666667,KDVT,KDVT,,,,,
1257,fr24_complete_3b850ee8,N623FB,N623FB,2025-08-01 02:03:41+00,2025-08-01 03:34:00+00,90.31666666666666,KDVT,KDVT,,,,,
1256,fr24_complete_3b853e2a,N621FB,N621FB,2025-08-01 03:31:17+00,2025-08-01 05:14:49+00,103.53333333333333,KDVT,KDVT,,,,,
1255,fr24_complete_3b85705f,N625FB,N625FB,2025-08-01 05:00:57+00,2025-08-01 06:35:08+00,94.18333333333334,KDVT,KDVT,,,,,
1254,fr24_complete_3b859f61,N621FB,N621FB,2025-08-01 06:31:14+00,2025-08-01 07:30:52+00,59.63333333333333,KDVT,KGEU,,,,,
722,fr24_complete_3b85a19b,N625FB,N625FB,2025-08-01 06:35:11+00,2025-08-01 06:35:36+00,,KDVT,,,,,,
1253,fr24_complete_3b85c00a,N621FB,N621FB,2025-08-01 07:31:23+00,2025-08-01 08:17:59+00,46.6,KGEU,KDVT,,,,,
1252,fr24_complete_3b85d1aa,N625FB,N625FB,2025-08-01 08:02:57+00,2025-08-01 09:13:32+00,70.58333333333333,KDVT,KDVT,,,,,
877,fr24_complete_3b85db49,N621FB,N621FB,2025-08-01 08:18:02+00,2025-08-01 08:19:10+00,,KDVT,,,,,,
1251,fr24_complete_3b872d01,N622FB,N622FB,2025-08-01 15:12:20+00,2025-08-01 16:04:39+00,,KDVT,,,,,,
1250,fr24_complete_3b88b31c,N623FB,N623FB,2025-08-01 23:02:27+00,2025-08-02 00:24:29+00,82.03333333333333,KDVT,KDVT,,,,,
1249,fr24_complete_3b890ae2,N623FB,N623FB,2025-08-02 01:17:21+00,2025-08-02 02:25:44+00,68.38333333333334,KDVT,KDVT,,,,,
1248,fr24_complete_3b892610,N621FB,N621FB,2025-08-02 02:06:13+00,2025-08-02 02:37:44+00,31.516666666666666,KDVT,KDVT,,,,,
1247,fr24_complete_3b895f92,N621FB,N621FB,2025-08-02 03:59:37+00,2025-08-02 05:05:06+00,65.48333333333333,KDVT,KDVT,,,,,
1246,fr24_complete_3b897dd7,N625FB,N625FB,2025-08-02 05:01:32+00,2025-08-02 06:36:19+00,94.78333333333333,KDVT,KDVT,,,,,
1245,fr24_complete_3b89a8a2,N621FB,N621FB,2025-08-02 06:31:30+00,2025-08-02 07:40:27+00,68.95,KDVT,KGEU,,,,,
1244,fr24_complete_3b89ca1e,N621FB,N621FB,2025-08-02 07:42:01+00,2025-08-02 08:02:56+00,20.916666666666668,KGEU,KDVT,,,,,
1243,fr24_complete_3b89d3e0,N625FB,N625FB,2025-08-02 08:00:53+00,2025-08-02 09:49:19+00,108.43333333333334,KDVT,KDVT,,,,,
1242,fr24_complete_3b8a22d4,N625FB,N625FB,2025-08-02 10:13:00+00,2025-08-02 11:50:18+00,97.3,KDVT,KDVT,,,,,
1241,fr24_complete_3b8b9fc1,N622FB,N622FB,2025-08-02 17:29:41+00,2025-08-02 18:39:22+00,69.68333333333334,KDVT,KDVT,,,,,
1240,fr24_complete_3b8c7a1f,N623FB,N623FB,2025-08-02 23:00:27+00,2025-08-03 00:21:12+00,80.75,KDVT,KDVT,,,,,
1239,fr24_complete_3b8cda9a,N623FB,N623FB,2025-08-03 02:00:39+00,2025-08-03 03:36:20+00,95.68333333333334,KDVT,KDVT,,,,,
1238,fr24_complete_3b8d050e,N621FB,N621FB,2025-08-03 03:33:50+00,2025-08-03 05:07:32+00,93.7,KDVT,KDVT,,,,,
1237,fr24_complete_3b8d3012,N625FB,N625FB,2025-08-03 05:05:44+00,2025-08-03 06:34:41+00,,KDVT,,,,,,
1236,fr24_complete_3b8d55e9,N621FB,N621FB,2025-08-03 06:31:05+00,2025-08-03 08:04:23+00,,KDVT,,,,,,
721,fr24_complete_3b8d5853,N625FB,N625FB,2025-08-03 06:34:44+00,2025-08-03 06:35:03+00,,KDVT,,,,,,
1235,fr24_complete_3b8d8263,N625FB,N625FB,2025-08-03 08:01:46+00,2025-08-03 10:03:31+00,121.75,KDVT,KDVT,,,,,
1234,fr24_complete_3b8eb0c8,N622FB,N622FB,2025-08-03 15:00:32+00,2025-08-03 16:00:32+00,,KDVT,,,,,,
1233,fr24_complete_3b8ee5ec,N622FB,N622FB,2025-08-03 18:31:05+00,2025-08-03 19:39:37+00,68.53333333333333,KDVT,KDVT,,,,,
1232,fr24_complete_3b901941,N621FB,N621FB,2025-08-03 23:10:35+00,2025-08-04 00:37:59+00,87.4,KDVT,KDVT,,,,,
1231,fr24_complete_3b907da2,N621FB,N621FB,2025-08-04 02:07:08+00,2025-08-04 02:38:52+00,31.733333333333334,KDVT,,,,,,
1230,fr24_complete_3b90a778,N623FB,N623FB,2025-08-04 03:33:20+00,2025-08-04 05:19:05+00,105.75,KDVT,KDVT,,,,,
1229,fr24_complete_3b90d5d5,N625FB,N625FB,2025-08-04 05:05:58+00,2025-08-04 06:56:00+00,110.03333333333333,KDVT,KDVT,,,,,
1228,fr24_complete_3b9101a1,N623FB,N623FB,2025-08-04 06:33:37+00,2025-08-04 08:00:42+00,87.08333333333333,KDVT,KDVT,,,,,
1227,fr24_complete_3b912f0d,N625FB,N625FB,2025-08-04 07:58:42+00,2025-08-04 09:56:02+00,117.33333333333333,KDVT,KDVT,,,,,
1226,fr24_complete_3b91d7d3,N623FB,N623FB,2025-08-04 12:14:30+00,2025-08-04 13:19:37+00,65.11666666666666,KDVT,KDVT,,,,,
1225,fr24_complete_3b922ef0,N622FB,N622FB,2025-08-04 13:48:45+00,2025-08-04 14:00:54+00,12.15,KDVT,KPHX,,,,,
836,fr24_complete_3b928345,N622FB,N622FB,2025-08-04 15:17:55+00,2025-08-04 15:18:05+00,,KDVT,,,,,,
1224,fr24_complete_3b9331f7,N622FB,N622FB,2025-08-04 18:36:25+00,2025-08-04 19:50:59+00,74.56666666666666,KDVT,KDVT,,,,,
1223,fr24_complete_3b93f6cc,N621FB,N621FB,2025-08-04 23:08:13+00,2025-08-04 23:40:14+00,32.016666666666666,KDVT,,,,,,
1222,fr24_complete_3b94660d,N621FB,N621FB,2025-08-05 02:08:57+00,2025-08-05 03:38:52+00,89.91666666666667,KDVT,KDVT,,,,,
1221,fr24_complete_3b94925c,N625FB,N625FB,2025-08-05 03:32:43+00,2025-08-05 05:09:43+00,97,KDVT,KDVT,,,,,
1220,fr24_complete_3b94c3bb,N621FB,N621FB,2025-08-05 05:03:41+00,2025-08-05 06:37:22+00,93.68333333333334,KDVT,KDVT,,,,,
1219,fr24_complete_3b94f23c,N625FB,N625FB,2025-08-05 06:31:47+00,2025-08-05 07:35:44+00,63.95,KDVT,KDVT,,,,,
873,fr24_complete_3b94f57e,N621FB,N621FB,2025-08-05 06:37:26+00,2025-08-05 06:37:35+00,,KDVT,,,,,,
1218,fr24_complete_3b95176d,N625FB,N625FB,2025-08-05 07:37:27+00,2025-08-05 08:06:00+00,28.55,KDVT,KDVT,,,,,
1217,fr24_complete_3b9525e7,N621FB,N621FB,2025-08-05 08:01:47+00,2025-08-05 08:33:33+00,31.766666666666666,KDVT,KGEU,,,,,
1216,fr24_complete_3b9539cd,N621FB,N621FB,2025-08-05 08:34:02+00,2025-08-05 09:34:12+00,60.166666666666664,KGEU,KDVT,,,,,
1215,fr24_complete_3b967b16,N624FB,N624FB,2025-08-05 15:00:44+00,2025-08-05 16:07:13+00,66.48333333333333,KDVT,KDVT,,,,,
1214,fr24_complete_3b9721c1,N624FB,N624FB,2025-08-05 17:57:53+00,2025-08-05 19:28:51+00,90.96666666666667,KDVT,KDVT,,,,,
1213,fr24_complete_3b97abb0,N624FB,N624FB,2025-08-05 20:51:04+00,2025-08-05 21:35:02+00,43.96666666666667,KDVT,KDVT,,,,,
1212,fr24_complete_3b9815db,N621FB,N621FB,2025-08-05 23:19:37+00,2025-08-06 00:33:19+00,73.7,KDVT,KDVT,,,,,
1211,fr24_complete_3b988121,N621FB,N621FB,2025-08-06 02:09:56+00,2025-08-06 02:21:25+00,,KDVT,,,,,,
1210,fr24_complete_3b988c9b,N621FB,N621FB,2025-08-06 02:30:15+00,2025-08-06 03:40:21+00,70.1,KPHX,KDVT,,,,,
1209,fr24_complete_3b98ad7e,N622FB,N622FB,2025-08-06 03:33:10+00,2025-08-06 05:04:32+00,91.36666666666666,KDVT,KDVT,,,,,
1208,fr24_complete_3b98dddd,N623FB,N623FB,2025-08-06 05:02:40+00,2025-08-06 06:47:43+00,105.05,KDVT,KDVT,,,,,
1207,fr24_complete_3b990e25,N622FB,N622FB,2025-08-06 06:32:49+00,2025-08-06 08:04:10+00,91.35,KDVT,KDVT,,,,,
1206,fr24_complete_3b99428e,N623FB,N623FB,2025-08-06 08:01:59+00,2025-08-06 09:31:38+00,89.65,KDVT,KDVT,,,,,
1205,fr24_complete_3b9a0c70,N623FB,N623FB,2025-08-06 12:27:07+00,2025-08-06 12:57:06+00,29.983333333333334,KDVT,,,,,,
787,fr24_complete_3b9a5f3c,N623FB,N623FB,2025-08-06 13:48:25+00,2025-08-06 13:53:17+00,,,,,,,,
1204,fr24_complete_3b9a8350,N623FB,N623FB,2025-08-06 14:24:01+00,2025-08-06 14:39:47+00,15.766666666666667,KDVT,KGEU,,,,,
1203,fr24_complete_3b9a9563,N623FB,N623FB,2025-08-06 14:39:22+00,2025-08-06 15:25:49+00,46.45,KGEU,KDVT,,,,,
1202,fr24_complete_3b9aab92,N622FB,N622FB,2025-08-06 15:01:38+00,2025-08-06 15:59:46+00,58.13333333333333,KDVT,KDVT,,,,,
1201,fr24_complete_3b9b7aca,N622FB,N622FB,2025-08-06 18:35:12+00,2025-08-06 19:35:38+00,60.43333333333333,KDVT,KDVT,,,,,
835,fr24_complete_3b9bae2b,N622FB,N622FB,2025-08-06 19:35:40+00,2025-08-06 19:35:51+00,,KDVT,,,,,,
1200,fr24_complete_3b9bd9fc,N622FB,N622FB,2025-08-06 20:29:57+00,2025-08-06 21:10:57+00,41,KDVT,KDVT,,,,,
834,fr24_complete_3b9bf99e,N622FB,N622FB,2025-08-06 21:11:01+00,2025-08-06 21:11:01+00,,KDVT,,,,,,
1199,fr24_complete_3b9c4b72,N621FB,N621FB,2025-08-06 23:07:04+00,2025-08-07 00:33:27+00,86.38333333333334,KDVT,KDVT,,,,,
1198,fr24_complete_3b9cc1d9,N621FB,N621FB,2025-08-07 02:09:13+00,2025-08-07 03:39:13+00,90,KDVT,KDVT,,,,,
1197,fr24_complete_3b9cf064,N623FB,N623FB,2025-08-07 03:34:37+00,2025-08-07 05:07:56+00,,KDVT,,,,,,
1196,fr24_complete_3b9d22a9,N621FB,N621FB,2025-08-07 05:03:06+00,2025-08-07 06:37:35+00,94.48333333333333,KDVT,KDVT,,,,,
1195,fr24_complete_3b9d5638,N623FB,N623FB,2025-08-07 06:33:38+00,2025-08-07 08:07:01+00,93.38333333333334,KDVT,KDVT,,,,,
1194,fr24_complete_3b9d5949,N621FB,N621FB,2025-08-07 08:01:56+00,2025-08-07 10:20:04+00,138.13333333333333,KDVT,KDVT,,,,,
1193,fr24_complete_3b9f03e7,N624FB,N624FB,2025-08-07 15:09:05+00,2025-08-07 15:33:27+00,24.366666666666667,KDVT,KPHX,,,,,
769,fr24_complete_3b9f1ec8,N624FB,N624FB,2025-08-07 15:33:29+00,2025-08-07 15:33:29+00,,KPHX,,,,,,
1192,fr24_complete_3b9f1eee,N624FB,N624FB,2025-08-07 15:36:13+00,2025-08-07 15:59:17+00,23.066666666666666,KPHX,KDVT,,,,,
768,fr24_complete_3b9f394b,N624FB,N624FB,2025-08-07 15:59:20+00,2025-08-07 15:59:40+00,,KDVT,,,,,,
1191,fr24_complete_3b9fba85,N624FB,N624FB,2025-08-07 18:10:26+00,2025-08-07 18:47:57+00,37.516666666666666,KDVT,KDVT,,,,,
767,fr24_complete_3b9fdca5,N624FB,N624FB,2025-08-07 18:48:01+00,2025-08-07 18:48:23+00,,KDVT,,,,,,
1190,fr24_complete_3ba10a31,N621FB,N621FB,2025-08-08 01:40:42+00,2025-08-08 03:13:20+00,92.63333333333334,KDVT,KDVT,,,,,
1189,fr24_complete_3ba14915,N623FB,N623FB,2025-08-08 03:36:08+00,2025-08-08 05:02:20+00,86.2,KDVT,KDVT,,,,,
833,fr24_complete_3ba17661,N622FB,N622FB,2025-08-08 04:59:59+00,2025-08-08 04:59:59+00,,KDVT,,,,,,
1188,fr24_complete_3ba17694,N622FB,N622FB,2025-08-08 05:00:26+00,2025-08-08 06:37:03+00,96.61666666666666,KDVT,KDVT,,,,,
1187,fr24_complete_3ba1a790,N623FB,N623FB,2025-08-08 06:32:35+00,2025-08-08 08:10:56+00,98.35,KDVT,KDVT,,,,,
832,fr24_complete_3ba1aaf4,N622FB,N622FB,2025-08-08 06:37:20+00,2025-08-08 06:37:20+00,,KDVT,,,,,,
1186,fr24_complete_3ba1dfe4,N622FB,N622FB,2025-08-08 08:03:49+00,2025-08-08 09:39:15+00,95.43333333333334,KDVT,KDVT,,,,,
1185,fr24_complete_3ba35bf9,N621FB,N621FB,2025-08-08 15:14:43+00,2025-08-08 16:02:29+00,47.766666666666666,KDVT,KDVT,,,,,
1184,fr24_complete_3ba39025,N621FB,N621FB,2025-08-08 18:16:48+00,2025-08-08 18:56:16+00,39.46666666666667,KDVT,KDVT,,,,,
1183,fr24_complete_3ba4d9ad,N622FB,N622FB,2025-08-08 22:53:54+00,2025-08-09 00:22:28+00,88.56666666666666,KDVT,KDVT,,,,,
1182,fr24_complete_3ba5492d,N622FB,N622FB,2025-08-09 01:59:53+00,2025-08-09 02:48:45+00,48.86666666666667,KDVT,KGEU,,,,,
1181,fr24_complete_3ba56193,N622FB,N622FB,2025-08-09 02:48:55+00,2025-08-09 03:38:13+00,49.3,KGEU,KDVT,,,,,
1180,fr24_complete_3ba57661,N621FB,N621FB,2025-08-09 03:35:51+00,2025-08-09 05:06:05+00,90.23333333333333,KDVT,KDVT,,,,,
1179,fr24_complete_3ba5a192,N623FB,N623FB,2025-08-09 05:04:03+00,2025-08-09 06:48:38+00,104.58333333333333,KDVT,KDVT,,,,,
1178,fr24_complete_3ba5cbff,N621FB,N621FB,2025-08-09 06:29:25+00,2025-08-09 08:14:40+00,105.25,KDVT,KDVT,,,,,
1177,fr24_complete_3ba6028a,N623FB,N623FB,2025-08-09 08:04:49+00,2025-08-09 09:26:27+00,81.63333333333334,KDVT,KDVT,,,,,
1176,fr24_complete_3ba7b67c,N625FB,N625FB,2025-08-09 16:27:07+00,2025-08-09 16:42:30+00,15.383333333333333,KDVT,,,,,,
1175,fr24_complete_3ba8c465,N622FB,N622FB,2025-08-09 23:00:01+00,2025-08-10 00:38:41+00,98.66666666666667,KDVT,KDVT,,,,,
1174,fr24_complete_3ba92512,N622FB,N622FB,2025-08-10 02:06:28+00,2025-08-10 03:33:36+00,87.13333333333334,KDVT,KDVT,,,,,
1173,fr24_complete_3ba94a6b,N621FB,N621FB,2025-08-10 03:31:40+00,2025-08-10 05:06:27+00,94.78333333333333,KDVT,KDVT,,,,,
1172,fr24_complete_3ba9739c,N623FB,N623FB,2025-08-10 05:00:50+00,2025-08-10 06:42:06+00,101.26666666666667,KDVT,KDVT,,,,,
1171,fr24_complete_3ba99d10,N621FB,N621FB,2025-08-10 06:29:38+00,2025-08-10 08:05:05+00,95.45,KDVT,KDVT,,,,,
1170,fr24_complete_3ba9d05a,N623FB,N623FB,2025-08-10 08:03:17+00,2025-08-10 09:16:02+00,72.75,KDVT,KDVT,,,,,
1169,fr24_complete_3baaeb68,N623FB,N623FB,2025-08-10 14:08:08+00,2025-08-10 14:48:56+00,40.8,KDVT,KDVT,,,,,
1168,fr24_complete_3babd5cf,N623FB,N623FB,2025-08-10 18:41:25+00,2025-08-10 19:52:19+00,70.9,KDVT,KDVT,,,,,
1167,fr24_complete_3bac0850,N623FB,N623FB,2025-08-10 20:33:59+00,2025-08-10 20:45:47+00,11.8,KDVT,KGEU,,,,,
1166,fr24_complete_3bac2cc1,N623FB,N623FB,2025-08-10 20:45:52+00,2025-08-10 21:17:50+00,31.966666666666665,KGEU,,,,,,
1165,fr24_complete_3bac8d7e,N621FB,N621FB,2025-08-10 23:24:29+00,2025-08-11 01:22:58+00,118.48333333333333,KDVT,KDVT,,,,,
1164,fr24_complete_3baceceb,N621FB,N621FB,2025-08-11 02:11:29+00,2025-08-11 03:29:10+00,77.68333333333334,KDVT,KDVT,,,,,
1163,fr24_complete_3bad0fee,N625FB,N625FB,2025-08-11 03:22:20+00,2025-08-11 05:15:17+00,112.95,KDVT,KDVT,,,,,
1162,fr24_complete_3bad40c1,N623FB,N623FB,2025-08-11 04:59:30+00,2025-08-11 06:34:16+00,94.76666666666667,KDVT,KDVT,,,,,
1161,fr24_complete_3bad6e61,N625FB,N625FB,2025-08-11 06:26:24+00,2025-08-11 08:19:54+00,113.5,KDVT,KDVT,,,,,
1160,fr24_complete_3bada6fc,N623FB,N623FB,2025-08-11 08:04:51+00,2025-08-11 09:51:53+00,107.03333333333333,KDVT,KDVT,,,,,
1159,fr24_complete_3baed5ae,N621FB,N621FB,2025-08-11 14:29:06+00,2025-08-11 14:41:34+00,12.466666666666667,KDVT,KPHX,,,,,
875,fr24_complete_3baf33dc,N621FB,N621FB,2025-08-11 16:01:44+00,2025-08-11 16:01:56+00,,KDVT,,,,,,
1158,fr24_complete_3bafae44,N621FB,N621FB,2025-08-11 18:18:52+00,2025-08-11 19:13:11+00,54.31666666666667,KDVT,KDVT,,,,,
1157,fr24_complete_3bb0803e,N623FB,N623FB,2025-08-11 23:12:58+00,2025-08-12 00:38:02+00,85.06666666666666,KDVT,KDVT,,,,,
1156,fr24_complete_3bb0efbb,N623FB,N623FB,2025-08-12 02:09:03+00,2025-08-12 04:16:28+00,127.41666666666667,KDVT,KDVT,,,,,
1155,fr24_complete_3bb11c70,N622FB,N622FB,2025-08-12 03:34:35+00,2025-08-12 05:05:01+00,90.43333333333334,KDVT,KDVT,,,,,
1154,fr24_complete_3bb14cd4,N623FB,N623FB,2025-08-12 05:03:06+00,2025-08-12 06:38:50+00,95.73333333333333,KDVT,KDVT,,,,,
1153,fr24_complete_3bb17ea8,N622FB,N622FB,2025-08-12 06:34:38+00,2025-08-12 08:09:51+00,95.21666666666667,KDVT,KDVT,,,,,
1152,fr24_complete_3bb1b1cb,N623FB,N623FB,2025-08-12 08:02:39+00,2025-08-12 08:37:16+00,34.61666666666667,KDVT,KGEU,,,,,
1151,fr24_complete_3bb1c7ea,N623FB,N623FB,2025-08-12 08:37:47+00,2025-08-12 09:58:54+00,81.11666666666666,KGEU,KDVT,,,,,
1150,fr24_complete_3bb30f20,N622FB,N622FB,2025-08-12 14:57:44+00,2025-08-12 15:55:28+00,57.733333333333334,KDVT,KDVT,,,,,
1149,fr24_complete_3bb3d556,N622FB,N622FB,2025-08-12 18:27:16+00,2025-08-12 19:52:52+00,85.6,KDVT,KDVT,,,,,
1148,fr24_complete_3bb4428d,N621FB,N621FB,2025-08-12 20:45:32+00,2025-08-12 21:58:21+00,72.81666666666666,KDVT,KDVT,,,,,
1147,fr24_complete_3bb51bc8,N621FB,N621FB,2025-08-13 02:06:30+00,2025-08-13 03:58:00+00,111.5,KDVT,KDVT,,,,,
786,fr24_complete_3bb54a50,N623FB,N623FB,2025-08-13 03:29:39+00,2025-08-13 03:29:39+00,,KDVT,,,,,,
1146,fr24_complete_3bb54a7d,N623FB,N623FB,2025-08-13 03:30:10+00,2025-08-13 05:06:10+00,96,KDVT,KDVT,,,,,
1145,fr24_complete_3bb57c4c,N625FB,N625FB,2025-08-13 05:02:18+00,2025-08-13 06:53:14+00,110.93333333333334,KDVT,KDVT,,,,,
1144,fr24_complete_3bb5af37,N623FB,N623FB,2025-08-13 06:30:50+00,2025-08-13 08:08:27+00,97.61666666666666,KDVT,KDVT,,,,,
1143,fr24_complete_3bb5e76c,N625FB,N625FB,2025-08-13 08:03:21+00,2025-08-13 09:50:12+00,106.85,KDVT,KDVT,,,,,
831,fr24_complete_3bb74880,N622FB,N622FB,2025-08-13 15:09:07+00,2025-08-13 15:09:34+00,,KDVT,,,,,,
1142,fr24_complete_3bb748fd,N622FB,N622FB,2025-08-13 15:09:36+00,2025-08-13 16:07:20+00,57.733333333333334,KDVT,KDVT,,,,,
830,fr24_complete_3bb81183,N622FB,N622FB,2025-08-13 18:45:05+00,2025-08-13 18:45:15+00,,KDVT,,,,,,
1141,fr24_complete_3bb81234,N622FB,N622FB,2025-08-13 18:45:55+00,2025-08-13 19:55:41+00,69.76666666666667,KDVT,KDVT,,,,,
1140,fr24_complete_3bb8c88d,N621FB,N621FB,2025-08-13 22:57:26+00,2025-08-14 00:59:39+00,122.21666666666667,KDVT,KDVT,,,,,
1139,fr24_complete_3bb946a5,N621FB,N621FB,2025-08-14 02:15:25+00,2025-08-14 02:56:02+00,40.61666666666667,KDVT,KDVT,,,,,
1138,fr24_complete_3bb9c918,N623FB,N623FB,2025-08-14 06:19:41+00,2025-08-14 08:01:51+00,102.16666666666667,KDVT,KDVT,,,,,
1137,fr24_complete_3bba0427,N625FB,N625FB,2025-08-14 07:58:11+00,2025-08-14 09:01:10+00,62.983333333333334,KDVT,KDVT,,,,,
1136,fr24_complete_3bbb7918,N625FB,N625FB,2025-08-14 15:10:34+00,2025-08-14 16:18:17+00,67.71666666666667,KDVT,KPHX,,,,,
1135,fr24_complete_3bbbc9a7,N625FB,N625FB,2025-08-14 16:29:18+00,2025-08-14 16:43:38+00,14.333333333333334,KPHX,KDVT,,,,,
726,fr24_complete_3bbbd60d,N625FB,N625FB,2025-08-14 16:41:51+00,2025-08-14 16:42:04+00,,KDVT,,,,,,
1134,fr24_complete_3bbc2608,N625FB,N625FB,2025-08-14 18:07:29+00,2025-08-14 19:06:36+00,59.11666666666667,KDVT,KDVT,,,,,
1133,fr24_complete_3bbd0e65,N621FB,N621FB,2025-08-14 23:01:38+00,2025-08-15 00:01:59+00,60.35,KDVT,,,,,,
1132,fr24_complete_3bbd8df6,N621FB,N621FB,2025-08-15 02:07:13+00,2025-08-15 03:22:03+00,74.83333333333333,KDVT,KDVT,,,,,
878,fr24_complete_3bbdb7b1,N621FB,N621FB,2025-08-15 03:22:06+00,2025-08-15 03:23:09+00,,,,,,,,
1131,fr24_complete_3bbfc13f,N625FB,N625FB,2025-08-15 14:51:54+00,2025-08-15 16:03:18+00,71.4,KDVT,KDVT,,,,,
1130,fr24_complete_3bc07f82,N625FB,N625FB,2025-08-15 18:00:33+00,2025-08-15 19:01:44+00,61.18333333333333,KDVT,KDVT,,,,,
725,fr24_complete_3bc0b390,N625FB,N625FB,2025-08-15 19:01:48+00,2025-08-15 19:01:55+00,,KDVT,,,,,,
1129,fr24_complete_3bc156c4,N621FB,N621FB,2025-08-15 22:47:15+00,2025-08-16 00:02:39+00,75.4,KDVT,KDVT,,,,,
1128,fr24_complete_3bc1d022,N621FB,N621FB,2025-08-16 02:05:15+00,2025-08-16 03:37:40+00,92.41666666666667,KDVT,KDVT,,,,,
1127,fr24_complete_3bc1f8ee,N622FB,N622FB,2025-08-16 03:31:56+00,2025-08-16 04:41:05+00,69.15,KDVT,KGEU,,,,,
1126,fr24_complete_3bc21bbc,N622FB,N622FB,2025-08-16 04:41:58+00,2025-08-16 05:10:34+00,28.6,KGEU,KDVT,,,,,
1125,fr24_complete_3bc2266b,N623FB,N623FB,2025-08-16 05:04:46+00,2025-08-16 06:36:23+00,91.61666666666666,KDVT,KDVT,,,,,
1124,fr24_complete_3bc2502e,N622FB,N622FB,2025-08-16 06:31:06+00,2025-08-16 08:09:49+00,98.71666666666667,KDVT,KDVT,,,,,
785,fr24_complete_3bc27f77,N623FB,N623FB,2025-08-16 07:59:05+00,2025-08-16 07:59:50+00,,KDVT,,,,,,
1123,fr24_complete_3bc27ff5,N623FB,N623FB,2025-08-16 07:59:52+00,2025-08-16 09:52:03+00,112.18333333333334,KDVT,KDVT,,,,,
1122,fr24_complete_3bc339af,N625FB,N625FB,2025-08-16 12:28:12+00,2025-08-16 13:19:32+00,51.333333333333336,KDVT,KDVT,,,,,
1121,fr24_complete_3bc469f8,N625FB,N625FB,2025-08-16 18:02:39+00,2025-08-16 19:04:54+00,62.25,KDVT,KDVT,,,,,
872,fr24_complete_3bc51c05,N621FB,N621FB,2025-08-16 22:57:03+00,2025-08-17 00:18:23+00,,KDVT,KDVT,,,,,
1120,fr24_complete_3bc57860,N621FB,N621FB,2025-08-17 01:57:51+00,2025-08-17 03:34:00+00,96.15,KDVT,KDVT,,,,,
829,fr24_complete_3bc5a1ec,N622FB,N622FB,2025-08-17 03:30:33+00,2025-08-17 03:31:48+00,,KDVT,,,,,,
1119,fr24_complete_3bc5a27e,N622FB,N622FB,2025-08-17 03:31:51+00,2025-08-17 05:10:54+00,99.05,KDVT,KDVT,,,,,
1118,fr24_complete_3bc5cb77,N623FB,N623FB,2025-08-17 05:01:43+00,2025-08-17 06:45:16+00,103.55,KDVT,KDVT,,,,,
1117,fr24_complete_3bc5f602,N622FB,N622FB,2025-08-17 06:32:07+00,2025-08-17 07:08:11+00,36.06666666666667,KDVT,KCHD,,,,,
1116,fr24_complete_3bc607fc,N622FB,N622FB,2025-08-17 07:08:28+00,2025-08-17 08:18:39+00,70.18333333333334,KCHD,KDVT,,,,,
1115,fr24_complete_3bc6260d,N623FB,N623FB,2025-08-17 08:04:54+00,2025-08-17 09:41:26+00,96.53333333333333,KDVT,KDVT,,,,,
828,fr24_complete_3bc62e34,N622FB,N622FB,2025-08-17 08:18:41+00,2025-08-17 08:19:04+00,,KDVT,,,,,,
1114,fr24_complete_3bc7606f,N625FB,N625FB,2025-08-17 15:03:48+00,2025-08-17 16:02:56+00,59.13333333333333,KDVT,KDVT,,,,,
1113,fr24_complete_3bc81746,N625FB,N625FB,2025-08-17 18:46:42+00,2025-08-17 19:57:10+00,70.46666666666667,KDVT,KDVT,,,,,
1112,fr24_complete_3bc8b8bc,N621FB,N621FB,2025-08-17 23:02:56+00,2025-08-17 23:50:19+00,47.38333333333333,KDVT,KSDL,,,,,
1111,fr24_complete_3bc92574,N621FB,N621FB,2025-08-18 02:20:19+00,2025-08-18 03:40:15+00,79.93333333333334,KDVT,KDVT,,,,,
1110,fr24_complete_3bc948d6,N622FB,N622FB,2025-08-18 03:33:41+00,2025-08-18 05:02:46+00,89.08333333333333,KDVT,KDVT,,,,,
1109,fr24_complete_3bc9730e,N623FB,N623FB,2025-08-18 05:00:46+00,2025-08-18 06:37:26+00,96.66666666666667,KDVT,KDVT,,,,,
1108,fr24_complete_3bc9a268,N622FB,N622FB,2025-08-18 06:31:26+00,2025-08-18 08:05:01+00,93.58333333333333,KDVT,KDVT,,,,,
1107,fr24_complete_3bc9d40e,N623FB,N623FB,2025-08-18 08:01:26+00,2025-08-18 09:44:40+00,103.23333333333333,KDVT,KDVT,,,,,
1106,fr24_complete_3bcb22ca,N624FB,N624FB,2025-08-18 14:59:53+00,2025-08-18 16:01:54+00,62.016666666666666,KDVT,KDVT,,,,,
1105,fr24_complete_3bcbcc38,N622FB,N622FB,2025-08-18 18:02:25+00,2025-08-18 18:18:21+00,15.933333333333334,KDVT,,,,,,
776,fr24_complete_3bcbe3b8,N624FB,N624FB,2025-08-18 18:30:58+00,2025-08-18 18:31:15+00,,KDVT,,,,,,
1104,fr24_complete_3bcbe3fa,N624FB,N624FB,2025-08-18 18:31:18+00,2025-08-18 19:30:05+00,58.78333333333333,KDVT,KDVT,,,,,
858,fr24_complete_3bcca20f,N621FB,N621FB,2025-08-18 23:00:35+00,2025-08-18 23:01:35+00,,KDVT,,,,,,
1103,fr24_complete_3bcca323,N621FB,N621FB,2025-08-18 23:02:06+00,2025-08-19 00:30:31+00,88.41666666666667,KDVT,KDVT,,,,,
1102,fr24_complete_3bcd16eb,N621FB,N621FB,2025-08-19 02:07:54+00,2025-08-19 03:43:19+00,95.41666666666667,KDVT,KDVT,,,,,
1101,fr24_complete_3bcd4230,N622FB,N622FB,2025-08-19 03:33:10+00,2025-08-19 05:10:09+00,96.98333333333333,KDVT,KDVT,,,,,
1100,fr24_complete_3bcd71c9,N623FB,N623FB,2025-08-19 05:03:56+00,2025-08-19 06:36:43+00,92.78333333333333,KDVT,KDVT,,,,,
837,fr24_complete_3bcda21b,N622FB,N622FB,2025-08-19 06:31:40+00,2025-08-19 06:32:43+00,,KDVT,,,,,,
1099,fr24_complete_3bcda297,N622FB,N622FB,2025-08-19 06:32:47+00,2025-08-19 08:11:27+00,98.66666666666667,KDVT,KDVT,,,,,
795,fr24_complete_3bcdd6e9,N623FB,N623FB,2025-08-19 08:00:35+00,2025-08-19 08:01:38+00,,KDVT,,,,,,
1098,fr24_complete_3bcdd7c4,N623FB,N623FB,2025-08-19 08:02:08+00,2025-08-19 09:50:30+00,108.36666666666666,KDVT,KDVT,,,,,
1097,fr24_complete_3bce1c9f,N623FB,N623FB,2025-08-19 09:51:17+00,2025-08-19 10:09:32+00,18.25,KDVT,KDVT,,,,,
1096,fr24_complete_3bce55d6,N623FB,N623FB,2025-08-19 11:09:41+00,2025-08-19 11:30:16+00,20.583333333333332,KDVT,KDVT,,,,,
735,fr24_complete_3bcf3438,N625FB,N625FB,2025-08-19 15:04:30+00,2025-08-19 15:04:36+00,,KDVT,,,,,,
1095,fr24_complete_3bcf344f,N625FB,N625FB,2025-08-19 15:04:43+00,2025-08-19 16:06:14+00,61.516666666666666,KDVT,KDVT,,,,,
734,fr24_complete_3bcf70e1,N625FB,N625FB,2025-08-19 16:06:19+00,2025-08-19 16:06:26+00,,KDVT,,,,,,
1094,fr24_complete_3bcff509,N625FB,N625FB,2025-08-19 18:34:52+00,2025-08-19 19:43:14+00,68.36666666666666,KDVT,KDVT,,,,,
733,fr24_complete_3bd02b6d,N625FB,N625FB,2025-08-19 19:43:17+00,2025-08-19 19:43:27+00,,KDVT,,,,,,
860,fr24_complete_3bd0b5d4,N621FB,N621FB,2025-08-19 23:03:36+00,2025-08-20 00:28:58+00,,KDVT,KDVT,,,,,
1093,fr24_complete_3bd125ab,N621FB,N621FB,2025-08-20 02:04:30+00,2025-08-20 03:46:36+00,102.1,KDVT,KDVT,,,,,
1092,fr24_complete_3bd15617,N624FB,N624FB,2025-08-20 03:32:38+00,2025-08-20 05:08:29+00,95.85,KDVT,KDVT,,,,,
1091,fr24_complete_3bd183fb,N625FB,N625FB,2025-08-20 05:01:53+00,2025-08-20 06:37:49+00,95.93333333333334,KDVT,KDVT,,,,,
1090,fr24_complete_3bd1b458,N624FB,N624FB,2025-08-20 06:32:29+00,2025-08-20 08:11:16+00,98.78333333333333,KDVT,KDVT,,,,,
732,fr24_complete_3bd1e5c8,N625FB,N625FB,2025-08-20 08:01:23+00,2025-08-20 08:01:54+00,,KDVT,,,,,,
1089,fr24_complete_3bd1e63f,N625FB,N625FB,2025-08-20 08:02:23+00,2025-08-20 09:39:13+00,96.83333333333333,KDVT,KDVT,,,,,
1088,fr24_complete_3bd231ff,N624FB,N624FB,2025-08-20 10:11:49+00,2025-08-20 10:43:00+00,31.183333333333334,KDVT,,,,,,
775,fr24_complete_3bd2740a,N624FB,N624FB,2025-08-20 11:42:31+00,2025-08-20 11:44:24+00,,KDVT,,,,,,
774,fr24_complete_3bd275e4,N624FB,N624FB,2025-08-20 11:44:50+00,2025-08-20 11:46:00+00,,KDVT,,,,,,
731,fr24_complete_3bd32c1e,N625FB,N625FB,2025-08-20 15:01:40+00,2025-08-20 15:01:55+00,,KDVT,,,,,,
1087,fr24_complete_3bd32c62,N625FB,N625FB,2025-08-20 15:02:07+00,2025-08-20 16:06:35+00,64.46666666666667,KDVT,KDVT,,,,,
730,fr24_complete_3bd3e6e3,N625FB,N625FB,2025-08-20 18:28:36+00,2025-08-20 18:29:15+00,,KDVT,,,,,,
729,fr24_complete_3bd3e777,N625FB,N625FB,2025-08-20 18:29:17+00,2025-08-20 18:29:23+00,,KDVT,,,,,,
1086,fr24_complete_3bd3e78f,N625FB,N625FB,2025-08-20 18:29:35+00,2025-08-20 19:29:20+00,59.75,KDVT,KDVT,,,,,
773,fr24_complete_3bd41c48,N624FB,N624FB,2025-08-20 19:36:36+00,2025-08-20 19:37:34+00,,KDVT,,,,,,
1085,fr24_complete_3bd41d1b,N624FB,N624FB,2025-08-20 19:37:37+00,2025-08-20 19:50:52+00,13.25,KDVT,KPHX,,,,,
1084,fr24_complete_3bd4803b,N624FB,N624FB,2025-08-20 21:56:04+00,2025-08-20 22:48:36+00,52.53333333333333,KPHX,KDVT,,,,,
1083,fr24_complete_3bd4ac40,N621FB,N621FB,2025-08-20 22:59:36+00,2025-08-21 00:31:51+00,92.25,KDVT,KDVT,,,,,
861,fr24_complete_3bd524e4,N621FB,N621FB,2025-08-21 02:08:35+00,2025-08-21 02:09:06+00,,KDVT,,,,,,
1082,fr24_complete_3bd52559,N621FB,N621FB,2025-08-21 02:09:28+00,2025-08-21 03:41:44+00,92.26666666666667,KDVT,KDVT,,,,,
1081,fr24_complete_3bd551c0,N623FB,N623FB,2025-08-21 03:34:41+00,2025-08-21 05:03:09+00,88.46666666666667,KDVT,KDVT,,,,,
1080,fr24_complete_3bd5bc31,N623FB,N623FB,2025-08-21 06:57:43+00,2025-08-21 08:02:58+00,65.25,KDVT,KDVT,,,,,
1079,fr24_complete_3bd5dfcb,N621FB,N621FB,2025-08-21 08:00:01+00,2025-08-21 08:55:06+00,55.083333333333336,KDVT,KDVT,,,,,
728,fr24_complete_3bd755b4,N625FB,N625FB,2025-08-21 15:37:54+00,2025-08-21 15:38:09+00,,KDVT,,,,,,
1078,fr24_complete_3bd755f6,N625FB,N625FB,2025-08-21 15:38:18+00,2025-08-21 16:36:06+00,57.8,KDVT,KDVT,,,,,
1077,fr24_complete_3bd7d655,N625FB,N625FB,2025-08-21 17:58:53+00,2025-08-21 19:00:49+00,61.93333333333333,KDVT,KDVT,,,,,
1076,fr24_complete_3bd85ae4,N621FB,N621FB,2025-08-21 20:43:55+00,2025-08-21 22:01:36+00,77.68333333333334,KDVT,KDVT,,,,,
1075,fr24_complete_3bd994de,N621FB,N621FB,2025-08-22 05:00:11+00,2025-08-22 06:36:35+00,96.4,KDVT,KDVT,,,,,
1074,fr24_complete_3bd9c4a4,N624FB,N624FB,2025-08-22 06:31:08+00,2025-08-22 06:39:24+00,8.266666666666667,KDVT,KDVT,,,,,
1073,fr24_complete_3bdb38e4,N624FB,N624FB,2025-08-22 14:31:43+00,2025-08-22 16:31:14+00,119.51666666666667,KDVT,KDVT,,,,,
1072,fr24_complete_3bdc3795,N624FB,N624FB,2025-08-22 18:51:36+00,2025-08-22 20:38:44+00,107.13333333333334,KDVT,KDVT,,,,,
1071,fr24_complete_3bdcf123,N621FB,N621FB,2025-08-22 23:00:59+00,2025-08-23 00:22:37+00,81.63333333333334,KDVT,KDVT,,,,,
1070,fr24_complete_3bdd628a,N621FB,N621FB,2025-08-23 02:02:06+00,2025-08-23 03:35:01+00,92.91666666666667,KDVT,KDVT,,,,,
1069,fr24_complete_3bdd8d8e,N623FB,N623FB,2025-08-23 03:32:25+00,2025-08-23 05:09:13+00,96.8,KDVT,KDVT,,,,,
865,fr24_complete_3bddbd12,N621FB,N621FB,2025-08-23 05:05:34+00,2025-08-23 05:06:05+00,,KDVT,,,,,,
1068,fr24_complete_3bddbd68,N621FB,N621FB,2025-08-23 05:06:09+00,2025-08-23 06:35:41+00,89.53333333333333,KDVT,KDVT,,,,,
794,fr24_complete_3bdde4ee,N623FB,N623FB,2025-08-23 06:28:53+00,2025-08-23 06:30:06+00,,KDVT,,,,,,
1067,fr24_complete_3bdde596,N623FB,N623FB,2025-08-23 06:30:08+00,2025-08-23 08:06:52+00,96.73333333333333,KDVT,KDVT,,,,,
1066,fr24_complete_3bde187e,N621FB,N621FB,2025-08-23 08:01:16+00,2025-08-23 09:36:03+00,94.78333333333333,KDVT,KDVT,,,,,
793,fr24_complete_3bdf69c2,N623FB,N623FB,2025-08-23 15:01:30+00,2025-08-23 15:01:52+00,,KDVT,,,,,,
1065,fr24_complete_3bdf6a36,N623FB,N623FB,2025-08-23 15:01:57+00,2025-08-23 15:59:41+00,57.733333333333334,KDVT,KDVT,,,,,
792,fr24_complete_3bdf9f99,N623FB,N623FB,2025-08-23 15:59:46+00,2025-08-23 15:59:53+00,,KDVT,,,,,,
866,fr24_complete_3be0b32b,N621FB,N621FB,2025-08-23 22:56:53+00,2025-08-23 22:58:31+00,,KDVT,,,,,,
1064,fr24_complete_3be0b407,N621FB,N621FB,2025-08-23 22:58:33+00,2025-08-23 23:59:44+00,61.18333333333333,KDVT,KDVT,,,,,
1063,fr24_complete_3be0d7ab,N621FB,N621FB,2025-08-24 00:01:25+00,2025-08-24 00:18:35+00,17.166666666666668,,KDVT,,,,,
1062,fr24_complete_3be112f1,N621FB,N621FB,2025-08-24 02:02:20+00,2025-08-24 02:15:24+00,,KDVT,,,,,,
1061,fr24_complete_3be1189b,N621FB,N621FB,2025-08-24 02:15:23+00,2025-08-24 03:45:18+00,89.91666666666667,KGEU,KDVT,,,,,
1060,fr24_complete_3be138b1,N624FB,N624FB,2025-08-24 03:32:00+00,2025-08-24 03:56:09+00,24.15,KDVT,KGEU,,,,,
1059,fr24_complete_3be1457a,N624FB,N624FB,2025-08-24 03:58:41+00,2025-08-24 05:16:33+00,77.86666666666666,KGEU,KDVT,,,,,
1058,fr24_complete_3be1621c,N621FB,N621FB,2025-08-24 05:01:08+00,2025-08-24 06:34:07+00,92.98333333333333,KDVT,KDVT,,,,,
1057,fr24_complete_3be18c12,N624FB,N624FB,2025-08-24 06:32:54+00,2025-08-24 08:00:20+00,87.43333333333334,KDVT,KGEU,,,,,
1056,fr24_complete_3be1bbab,N624FB,N624FB,2025-08-24 08:01:04+00,2025-08-24 08:12:50+00,11.766666666666667,KGEU,KDVT,,,,,
1055,fr24_complete_3be1bbb7,N621FB,N621FB,2025-08-24 08:01:08+00,2025-08-24 09:59:54+00,118.76666666666667,KDVT,KDVT,,,,,
867,fr24_complete_3be2e748,N621FB,N621FB,2025-08-24 14:33:05+00,2025-08-24 14:33:41+00,,KDVT,,,,,,
1054,fr24_complete_3be2e7d6,N621FB,N621FB,2025-08-24 14:33:49+00,2025-08-24 15:59:39+00,85.83333333333333,KDVT,KDVT,,,,,
1053,fr24_complete_3be3c8d5,N621FB,N621FB,2025-08-24 19:11:12+00,2025-08-24 20:09:29+00,58.28333333333333,KDVT,KDVT,,,,,
1052,fr24_complete_3be4eb38,N621FB,N621FB,2025-08-25 03:32:54+00,2025-08-25 05:06:00+00,93.1,KDVT,KDVT,,,,,
1051,fr24_complete_3be51875,N623FB,N623FB,2025-08-25 05:02:34+00,2025-08-25 06:37:08+00,94.56666666666666,KDVT,KDVT,,,,,
1050,fr24_complete_3be546af,N621FB,N621FB,2025-08-25 06:33:14+00,2025-08-25 08:11:41+00,98.45,KDVT,KDVT,,,,,
791,fr24_complete_3be54af4,N623FB,N623FB,2025-08-25 06:42:06+00,2025-08-25 06:42:06+00,,KDVT,,,,,,
1049,fr24_complete_3be5762a,N623FB,N623FB,2025-08-25 07:58:45+00,2025-08-25 09:18:09+00,79.4,KDVT,KGEU,,,,,
1048,fr24_complete_3be5a978,N623FB,N623FB,2025-08-25 09:20:08+00,2025-08-25 09:35:11+00,15.05,KGEU,KDVT,,,,,
1047,fr24_complete_3be84f37,N623FB,N623FB,2025-08-25 23:07:38+00,2025-08-26 00:23:39+00,76.01666666666667,KDVT,KDVT,,,,,
727,fr24_complete_3be8efea,N625FB,N625FB,2025-08-26 03:40:38+00,2025-08-26 03:41:37+00,,KDVT,,,,,,
1046,fr24_complete_3be8f089,N625FB,N625FB,2025-08-26 03:41:59+00,2025-08-26 05:17:36+00,95.61666666666666,KDVT,KDVT,,,,,
1045,fr24_complete_3be91b61,N623FB,N623FB,2025-08-26 05:03:47+00,2025-08-26 06:46:11+00,102.4,KDVT,KDVT,,,,,
1044,fr24_complete_3be94a69,N625FB,N625FB,2025-08-26 06:32:40+00,2025-08-26 08:04:18+00,91.63333333333334,KDVT,KDVT,,,,,
1043,fr24_complete_3be97ca0,N623FB,N623FB,2025-08-26 07:59:34+00,2025-08-26 09:26:18+00,86.73333333333333,KDVT,KDVT,,,,,
1042,fr24_complete_3be9cd09,N623FB,N623FB,2025-08-26 10:06:47+00,2025-08-26 10:30:43+00,23.933333333333334,KDVT,KDVT,,,,,
1041,fr24_complete_3bead7c6,N624FB,N624FB,2025-08-26 14:59:53+00,2025-08-26 16:18:01+00,78.13333333333334,KDVT,KDVT,,,,,
772,fr24_complete_3beba0dc,N624FB,N624FB,2025-08-26 18:34:35+00,2025-08-26 18:34:59+00,,KDVT,,,,,,
1040,fr24_complete_3beba14d,N624FB,N624FB,2025-08-26 18:35:07+00,2025-08-26 20:06:10+00,91.05,KDVT,KDVT,,,,,
790,fr24_complete_3bec6d2a,N623FB,N623FB,2025-08-26 23:09:05+00,2025-08-26 23:12:12+00,,KDVT,,,,,,
1039,fr24_complete_3bec6f5b,N623FB,N623FB,2025-08-26 23:12:23+00,2025-08-27 00:29:59+00,77.6,KDVT,KDVT,,,,,
1038,fr24_complete_3becdab4,N623FB,N623FB,2025-08-27 02:09:15+00,2025-08-27 03:40:32+00,91.28333333333333,KDVT,KDVT,,,,,
1037,fr24_complete_3bed06f6,N625FB,N625FB,2025-08-27 03:33:07+00,2025-08-27 04:17:42+00,44.583333333333336,KDVT,KDVT,,,,,
1036,fr24_complete_3bed6256,N625FB,N625FB,2025-08-27 06:33:16+00,2025-08-27 08:05:30+00,92.23333333333333,KDVT,KDVT,,,,,
1035,fr24_complete_3bed93ad,N623FB,N623FB,2025-08-27 08:02:38+00,2025-08-27 09:35:49+00,93.18333333333334,KDVT,KDVT,,,,,
771,fr24_complete_3beeed68,N624FB,N624FB,2025-08-27 15:07:38+00,2025-08-27 15:07:57+00,,KDVT,,,,,,
1034,fr24_complete_3beeedaa,N624FB,N624FB,2025-08-27 15:08:06+00,2025-08-27 16:18:13+00,70.11666666666666,KDVT,KDVT,,,,,
770,fr24_complete_3bef355f,N624FB,N624FB,2025-08-27 16:18:16+00,2025-08-27 16:18:31+00,,KDVT,,,,,,
1033,fr24_complete_3befafd5,N624FB,N624FB,2025-08-27 18:34:04+00,2025-08-27 19:51:14+00,77.16666666666667,KDVT,KDVT,,,,,
1032,fr24_complete_3bf07fc8,N625FB,N625FB,2025-08-27 23:03:14+00,2025-08-27 23:45:23+00,42.15,KDVT,,,,,,
1031,fr24_complete_3bf0f628,N625FB,N625FB,2025-08-28 02:06:54+00,2025-08-28 03:45:47+00,98.88333333333334,KDVT,KDVT,,,,,
868,fr24_complete_3bf12547,N621FB,N621FB,2025-08-28 03:35:00+00,2025-08-28 03:35:47+00,,KDVT,,,,,,
1030,fr24_complete_3bf125b6,N621FB,N621FB,2025-08-28 03:35:50+00,2025-08-28 05:09:23+00,93.55,KDVT,KDVT,,,,,
1029,fr24_complete_3bf15273,N623FB,N623FB,2025-08-28 05:02:48+00,2025-08-28 06:34:49+00,92.01666666666667,KDVT,KDVT,,,,,
869,fr24_complete_3bf1808e,N621FB,N621FB,2025-08-28 06:30:36+00,2025-08-28 06:30:57+00,,KDVT,,,,,,
1028,fr24_complete_3bf180c6,N621FB,N621FB,2025-08-28 06:30:59+00,2025-08-28 08:05:59+00,95,KDVT,KDVT,,,,,
1027,fr24_complete_3bf1b133,N623FB,N623FB,2025-08-28 08:01:51+00,2025-08-28 09:35:14+00,93.38333333333334,KDVT,KDVT,,,,,
1026,fr24_complete_3bf2fa96,N624FB,N624FB,2025-08-28 15:06:08+00,2025-08-28 16:07:33+00,61.416666666666664,KDVT,KDVT,,,,,
1025,fr24_complete_3bf337e3,N624FB,N624FB,2025-08-28 16:07:55+00,2025-08-28 16:12:32+00,4.616666666666666,KDVT,KDVT,,,,,
1024,fr24_complete_3bf39f84,N624FB,N624FB,2025-08-28 18:02:07+00,2025-08-28 19:03:14+00,61.11666666666667,KDVT,,,,,,
1023,fr24_complete_3bf47c7f,N625FB,N625FB,2025-08-28 22:40:43+00,2025-08-28 23:45:16+00,64.55,KDVT,,,,,,
1022,fr24_complete_3bf4fe97,N625FB,N625FB,2025-08-29 02:01:35+00,2025-08-29 03:40:07+00,98.53333333333333,KDVT,KDVT,,,,,
1021,fr24_complete_3bf52c3c,N623FB,N623FB,2025-08-29 03:31:08+00,2025-08-29 05:05:16+00,94.13333333333334,KDVT,KDVT,,,,,
1020,fr24_complete_3bf557d8,N621FB,N621FB,2025-08-29 04:56:18+00,2025-08-29 06:41:23+00,105.08333333333333,KDVT,KDVT,,,,,
1019,fr24_complete_3bf5895e,N623FB,N623FB,2025-08-29 06:30:22+00,2025-08-29 08:06:08+00,95.76666666666667,KDVT,KDVT,,,,,
1018,fr24_complete_3bf5b9e1,N621FB,N621FB,2025-08-29 08:04:11+00,2025-08-29 09:44:31+00,100.33333333333333,KDVT,KDVT,,,,,
1017,fr24_complete_3bf6faa6,N621FB,N621FB,2025-08-29 15:04:23+00,2025-08-29 16:01:06+00,56.71666666666667,KDVT,KDVT,,,,,
870,fr24_complete_3bf7ab71,N621FB,N621FB,2025-08-29 18:16:40+00,2025-08-29 18:17:26+00,,KDVT,,,,,,
1016,fr24_complete_3bf7ac16,N621FB,N621FB,2025-08-29 18:17:29+00,2025-08-29 19:10:36+00,53.11666666666667,KDVT,KDVT,,,,,
1015,fr24_complete_3bf87bc0,N623FB,N623FB,2025-08-29 22:58:12+00,2025-08-29 23:50:54+00,52.7,KDVT,,,,,,
789,fr24_complete_3bf8e5f9,N623FB,N623FB,2025-08-30 01:56:36+00,2025-08-30 01:57:04+00,,KDVT,,,,,,
1014,fr24_complete_3bf8e6c4,N623FB,N623FB,2025-08-30 01:58:09+00,2025-08-30 03:32:11+00,94.03333333333333,KDVT,KDVT,,,,,
1013,fr24_complete_3bf91062,N625FB,N625FB,2025-08-30 03:29:09+00,2025-08-30 05:25:52+00,116.71666666666667,KDVT,KDVT,,,,,
788,fr24_complete_3bf93afa,N623FB,N623FB,2025-08-30 05:01:53+00,2025-08-30 05:02:55+00,,KDVT,,,,,,
1012,fr24_complete_3bf93b9b,N623FB,N623FB,2025-08-30 05:03:03+00,2025-08-30 06:38:00+00,94.95,KDVT,KDVT,,,,,
1011,fr24_complete_3bf963a3,N625FB,N625FB,2025-08-30 06:32:25+00,2025-08-30 08:07:47+00,95.36666666666666,KDVT,KDVT,,,,,
1010,fr24_complete_3bf98feb,N623FB,N623FB,2025-08-30 08:02:18+00,2025-08-30 09:30:25+00,88.11666666666666,KDVT,KDVT,,,,,
1009,fr24_complete_3bfacee0,N621FB,N621FB,2025-08-30 15:03:49+00,2025-08-30 16:02:04+00,58.25,KDVT,KDVT,,,,,
871,fr24_complete_3bfb7b88,N621FB,N621FB,2025-08-30 18:35:59+00,2025-08-30 18:36:12+00,,KDVT,,,,,,
1008,fr24_complete_3bfb7bb1,N621FB,N621FB,2025-08-30 18:36:22+00,2025-08-30 19:35:04+00,58.7,KDVT,KDVT,,,,,
1007,fr24_complete_3bfc1587,N623FB,N623FB,2025-08-30 22:59:40+00,2025-08-31 00:20:58+00,81.3,KDVT,KDVT,,,,,
1006,fr24_complete_3bfc70a8,N623FB,N623FB,2025-08-31 01:58:10+00,2025-08-31 03:33:50+00,95.66666666666667,KDVT,KDVT,,,,,
1005,fr24_complete_3bfc9782,N625FB,N625FB,2025-08-31 03:31:49+00,2025-08-31 05:12:50+00,101.01666666666667,KDVT,KDVT,,,,,
1004,fr24_complete_3bfcc05f,N623FB,N623FB,2025-08-31 05:02:21+00,2025-08-31 05:31:09+00,28.8,KDVT,KPHX,,,,,
1003,fr24_complete_3bfccec2,N623FB,N623FB,2025-08-31 05:33:26+00,2025-08-31 06:35:17+00,61.85,KPHX,KDVT,,,,,
1002,fr24_complete_3bfce88b,N625FB,N625FB,2025-08-31 06:31:34+00,2025-08-31 08:08:47+00,97.21666666666667,KDVT,KDVT,,,,,
1001,fr24_complete_3bfd16ae,N623FB,N623FB,2025-08-31 08:01:49+00,2025-08-31 09:56:40+00,114.85,KDVT,KDVT,,,,,
1000,fr24_complete_3bfe3c8c,N625FB,N625FB,2025-08-31 14:59:15+00,2025-08-31 16:21:13+00,81.96666666666667,KDVT,KDVT,,,,,
999,fr24_complete_3bfee38e,N625FB,N625FB,2025-08-31 18:31:14+00,2025-08-31 19:31:24+00,60.166666666666664,KDVT,KDVT,,,,,
998,fr24_complete_3bff8d87,N623FB,N623FB,2025-08-31 23:05:58+00,2025-09-01 00:31:57+00,85.98333333333333,KDVT,KDVT,,,,,
997,fr24_complete_3bffef05,N623FB,N623FB,2025-09-01 02:07:02+00,2025-09-01 03:47:02+00,100,KDVT,KDVT,,,,,
996,fr24_complete_3c004637,N621FB,N621FB,2025-09-01 05:13:36+00,2025-09-01 06:45:09+00,91.55,KDVT,KDVT,,,,,
995,fr24_complete_3c0099f7,N621FB,N621FB,2025-09-01 08:02:24+00,2025-09-01 09:25:38+00,83.23333333333333,KDVT,KDVT,,,,,
994,fr24_complete_3c01ca2f,N623FB,N623FB,2025-09-01 15:13:55+00,2025-09-01 16:24:46+00,70.85,KDVT,KDVT,,,,,
848,fr24_complete_3c026db4,N623FB,N623FB,2025-09-01 18:28:34+00,2025-09-01 18:30:07+00,,KDVT,,,,,,
993,fr24_complete_3c026efc,N623FB,N623FB,2025-09-01 18:30:11+00,2025-09-01 19:35:56+00,65.75,KDVT,KDVT,,,,,
849,fr24_complete_3c02a140,N623FB,N623FB,2025-09-01 19:35:58+00,2025-09-01 19:36:12+00,,KDVT,,,,,,
992,fr24_complete_3c02ac3a,N623FB,N623FB,2025-09-01 19:50:17+00,2025-09-01 21:03:38+00,73.35,KDVT,KDVT,,,,,
853,fr24_complete_3c032c72,N621FB,N621FB,2025-09-01 23:04:59+00,2025-09-01 23:07:06+00,,KDVT,,,,,,
991,fr24_complete_3c032dd7,N621FB,N621FB,2025-09-01 23:07:14+00,2025-09-02 00:29:22+00,82.13333333333334,KDVT,KDVT,,,,,
990,fr24_complete_3c03a435,N621FB,N621FB,2025-09-02 02:46:47+00,2025-09-02 03:54:34+00,67.78333333333333,KDVT,KDVT,,,,,
850,fr24_complete_3c03b552,N623FB,N623FB,2025-09-02 03:21:24+00,2025-09-02 03:22:16+00,,KDVT,,,,,,
989,fr24_complete_3c03b5b5,N623FB,N623FB,2025-09-02 03:22:17+00,2025-09-02 05:25:34+00,123.28333333333333,KDVT,KDVT,,,,,
988,fr24_complete_3c03e490,N625FB,N625FB,2025-09-02 05:04:45+00,2025-09-02 07:14:09+00,129.4,KDVT,KDVT,,,,,
987,fr24_complete_3c041262,N624FB,N624FB,2025-09-02 06:37:48+00,2025-09-02 08:06:25+00,88.61666666666666,KDVT,KDVT,,,,,
986,fr24_complete_3c043eea,N625FB,N625FB,2025-09-02 08:03:04+00,2025-09-02 09:27:04+00,84,KDVT,KDVT,,,,,
856,fr24_complete_3c044199,N624FB,N624FB,2025-09-02 08:06:28+00,2025-09-02 15:19:45+00,,KDVT,,,,,,
985,fr24_complete_3c046e28,N625FB,N625FB,2025-09-02 09:25:22+00,2025-09-02 09:29:08+00,3.7666666666666666,KDVT,KDVT,,,,,
984,fr24_complete_3c04a223,N625FB,N625FB,2025-09-02 10:46:52+00,2025-09-02 11:04:13+00,17.35,KDVT,KDVT,,,,,
983,fr24_complete_3c0593de,N624FB,N624FB,2025-09-02 15:19:56+00,2025-09-02 16:02:19+00,42.38333333333333,KDVT,,,,,,
982,fr24_complete_3c063af1,N624FB,N624FB,2025-09-02 18:32:03+00,2025-09-02 19:31:29+00,59.43333333333333,KDVT,KDVT,,,,,
981,fr24_complete_3c0705a3,N621FB,N621FB,2025-09-02 23:02:36+00,2025-09-03 00:33:56+00,91.33333333333333,KDVT,KDVT,,,,,
980,fr24_complete_3c0779b0,N621FB,N621FB,2025-09-03 02:12:49+00,2025-09-03 03:21:57+00,69.13333333333334,KDVT,KDVT,,,,,
681,fr24_complete_3c07adce,N625FB,N625FB,2025-09-03 03:55:35+00,2025-09-03 03:57:11+00,,KDVT,,,,,,
979,fr24_complete_3c07aeb0,N625FB,N625FB,2025-09-03 03:57:15+00,2025-09-03 05:32:59+00,95.73333333333333,KDVT,KDVT,,,,,
978,fr24_complete_3c07cfbb,N621FB,N621FB,2025-09-03 05:02:35+00,2025-09-03 06:40:07+00,97.53333333333333,KDVT,KDVT,,,,,
680,fr24_complete_3c0800e3,N625FB,N625FB,2025-09-03 06:36:36+00,2025-09-03 06:36:57+00,,KDVT,,,,,,
977,fr24_complete_3c08011e,N625FB,N625FB,2025-09-03 06:37:03+00,2025-09-03 08:05:21+00,88.3,KDVT,KDVT,,,,,
976,fr24_complete_3c083015,N621FB,N621FB,2025-09-03 08:02:37+00,2025-09-03 09:20:46+00,78.15,KDVT,KDVT,,,,,
854,fr24_complete_3c085cd4,N621FB,N621FB,2025-09-03 09:20:51+00,2025-09-03 09:21:17+00,,KDVT,,,,,,
857,fr24_complete_3c097121,N624FB,N624FB,2025-09-03 15:00:41+00,2025-09-03 15:00:56+00,,KDVT,,,,,,
975,fr24_complete_3c097230,N624FB,N624FB,2025-09-03 15:01:34+00,2025-09-03 16:14:24+00,72.83333333333333,KDVT,KDVT,,,,,
684,fr24_complete_3c09bdcb,N624FB,N624FB,2025-09-03 16:14:26+00,2025-09-03 16:14:33+00,,KDVT,,,,,,
974,fr24_complete_3c0a1c5a,N624FB,N624FB,2025-09-03 18:02:54+00,2025-09-03 18:35:10+00,32.266666666666666,KDVT,,,,,,
973,fr24_complete_3c0b04c9,N625FB,N625FB,2025-09-03 23:12:30+00,2025-09-04 01:21:28+00,128.96666666666667,KDVT,KDVT,,,,,
972,fr24_complete_3c0b76a7,N625FB,N625FB,2025-09-04 02:18:34+00,2025-09-04 03:41:07+00,82.55,KDVT,KDVT,,,,,
971,fr24_complete_3c0b99c6,N621FB,N621FB,2025-09-04 03:31:39+00,2025-09-04 03:45:44+00,14.083333333333334,KDVT,KDVT,,,,,
970,fr24_complete_3c0d6937,N624FB,N624FB,2025-09-04 14:38:26+00,2025-09-04 15:41:59+00,63.55,KDVT,KDVT,,,,,
969,fr24_complete_3c0da822,N624FB,N624FB,2025-09-04 18:07:13+00,2025-09-04 19:56:09+00,108.93333333333334,KDVT,KDVT,,,,,
968,fr24_complete_3c0f0a58,N625FB,N625FB,2025-09-04 23:04:10+00,2025-09-04 23:42:27+00,38.28333333333333,KDVT,KDVT,,,,,
967,fr24_complete_3c0f75db,N625FB,N625FB,2025-09-05 01:58:39+00,2025-09-05 03:47:19+00,108.66666666666667,KDVT,KDVT,,,,,
966,fr24_complete_3c0fa2d1,N621FB,N621FB,2025-09-05 03:30:52+00,2025-09-05 05:07:36+00,96.73333333333333,KDVT,KDVT,,,,,
965,fr24_complete_3c0fd0e5,N623FB,N623FB,2025-09-05 05:02:57+00,2025-09-05 06:35:20+00,92.38333333333334,KDVT,KDVT,,,,,
964,fr24_complete_3c0ffcfc,N621FB,N621FB,2025-09-05 06:30:11+00,2025-09-05 06:55:06+00,24.916666666666668,KDVT,KGEU,,,,,
963,fr24_complete_3c100b04,N621FB,N621FB,2025-09-05 06:55:36+00,2025-09-05 08:03:23+00,67.78333333333333,KGEU,KDVT,,,,,
962,fr24_complete_3c102ff2,N623FB,N623FB,2025-09-05 08:01:47+00,2025-09-05 09:22:14+00,80.45,KDVT,KDVT,,,,,
961,fr24_complete_3c118a20,N621FB,N621FB,2025-09-05 15:06:51+00,2025-09-05 15:57:25+00,50.56666666666667,KDVT,KDVT,,,,,
960,fr24_complete_3c1303d9,N625FB,N625FB,2025-09-05 23:04:21+00,2025-09-06 00:33:38+00,89.28333333333333,KDVT,KDVT,,,,,
959,fr24_complete_3c136bfa,N625FB,N625FB,2025-09-06 02:00:25+00,2025-09-06 03:34:08+00,93.71666666666667,KDVT,KDVT,,,,,
958,fr24_complete_3c139559,N621FB,N621FB,2025-09-06 03:30:44+00,2025-09-06 05:08:07+00,97.38333333333334,KDVT,KDVT,,,,,
957,fr24_complete_3c13c09b,N623FB,N623FB,2025-09-06 05:03:38+00,2025-09-06 06:34:32+00,90.9,KDVT,KDVT,,,,,
956,fr24_complete_3c13e942,N621FB,N621FB,2025-09-06 06:29:17+00,2025-09-06 08:14:45+00,105.46666666666667,KDVT,KDVT,,,,,
955,fr24_complete_3c141912,N623FB,N623FB,2025-09-06 08:00:34+00,2025-09-06 09:27:10+00,86.6,KDVT,KSDL,,,,,
954,fr24_complete_3c146fb3,N623FB,N623FB,2025-09-06 10:12:22+00,2025-09-06 11:16:30+00,64.13333333333334,KDVT,KDVT,,,,,
953,fr24_complete_3c156ab8,N624FB,N624FB,2025-09-06 15:03:23+00,2025-09-06 16:05:06+00,61.71666666666667,KDVT,KDVT,,,,,
683,fr24_complete_3c15a2c1,N624FB,N624FB,2025-09-06 16:05:09+00,2025-09-06 16:05:09+00,,KDVT,,,,,,
952,fr24_complete_3c160e2f,N624FB,N624FB,2025-09-06 18:22:58+00,2025-09-06 19:16:59+00,54.016666666666666,KDVT,KDVT,,,,,
951,fr24_complete_3c16b2e4,N625FB,N625FB,2025-09-06 23:05:02+00,2025-09-07 00:47:20+00,102.3,KDVT,KDVT,,,,,
950,fr24_complete_3c170e8d,N625FB,N625FB,2025-09-07 02:06:08+00,2025-09-07 03:36:55+00,90.78333333333333,KDVT,KDVT,,,,,
949,fr24_complete_3c17337a,N621FB,N621FB,2025-09-07 03:33:17+00,2025-09-07 05:05:38+00,92.35,KDVT,KDVT,,,,,
948,fr24_complete_3c175a59,N623FB,N623FB,2025-09-07 05:00:31+00,2025-09-07 06:54:28+00,113.95,KDVT,KDVT,,,,,
947,fr24_complete_3c1782ef,N621FB,N621FB,2025-09-07 06:32:18+00,2025-09-07 08:04:14+00,91.93333333333334,KDVT,KDVT,,,,,
946,fr24_complete_3c17ae8e,N623FB,N623FB,2025-09-07 07:59:34+00,2025-09-07 09:26:31+00,86.95,KDVT,KDVT,,,,,
851,fr24_complete_3c17e37e,N623FB,N623FB,2025-09-07 09:26:41+00,2025-09-07 09:26:41+00,,,,,,,,
945,fr24_complete_3c18e9cf,N624FB,N624FB,2025-09-07 15:04:18+00,2025-09-07 16:01:47+00,57.483333333333334,KDVT,KDVT,,,,,
682,fr24_complete_3c191e17,N624FB,N624FB,2025-09-07 16:01:51+00,2025-09-07 16:01:51+00,,KDVT,,,,,,
944,fr24_complete_3c1998ba,N624FB,N624FB,2025-09-07 18:33:56+00,2025-09-07 19:44:49+00,70.88333333333334,KDVT,KDVT,,,,,
943,fr24_complete_3c1a4aeb,N625FB,N625FB,2025-09-07 22:57:17+00,2025-09-07 23:12:20+00,15.05,KDVT,,,,,,
942,fr24_complete_3c1a5c21,N625FB,N625FB,2025-09-07 23:41:17+00,2025-09-08 00:35:57+00,54.666666666666664,KDVT,KDVT,,,,,
941,fr24_complete_3c1abac6,N625FB,N625FB,2025-09-08 02:16:38+00,2025-09-08 03:43:43+00,87.08333333333333,KDVT,KDVT,,,,,
940,fr24_complete_3c1addef,N621FB,N621FB,2025-09-08 03:33:20+00,2025-09-08 05:23:51+00,110.51666666666667,KDVT,KDVT,,,,,
939,fr24_complete_3c1b09fd,N623FB,N623FB,2025-09-08 05:02:33+00,2025-09-08 06:35:20+00,92.78333333333333,KDVT,KDVT,,,,,
938,fr24_complete_3c1b3627,N621FB,N621FB,2025-09-08 06:31:12+00,2025-09-08 08:15:10+00,103.96666666666667,KDVT,KDVT,,,,,
937,fr24_complete_3c1b673b,N623FB,N623FB,2025-09-08 08:02:21+00,2025-09-08 09:31:41+00,89.33333333333333,KDVT,KDVT,,,,,
936,fr24_complete_3c1ced4b,N625FB,N625FB,2025-09-08 15:38:52+00,2025-09-08 16:40:12+00,61.333333333333336,KDVT,KDVT,,,,,
935,fr24_complete_3c1d87cd,N625FB,N625FB,2025-09-08 18:30:40+00,2025-09-08 19:48:05+00,77.41666666666667,KDVT,KDVT,,,,,
934,fr24_complete_3c1e2c24,N623FB,N623FB,2025-09-08 22:04:12+00,2025-09-08 23:53:20+00,109.13333333333334,KDVT,KDVT,,,,,
933,fr24_complete_3c1ec45d,N623FB,N623FB,2025-09-09 01:59:14+00,2025-09-09 03:36:04+00,96.83333333333333,KDVT,KDVT,,,,,
932,fr24_complete_3c1f22a7,N623FB,N623FB,2025-09-09 05:06:50+00,2025-09-09 06:36:23+00,89.55,KDVT,KDVT,,,,,
931,fr24_complete_3c1f7bc6,N623FB,N623FB,2025-09-09 08:01:15+00,2025-09-09 09:35:55+00,94.66666666666667,KDVT,KDVT,,,,,
930,fr24_complete_3c20b351,N625FB,N625FB,2025-09-09 14:43:20+00,2025-09-09 15:45:47+00,62.45,KDVT,KDVT,,,,,
929,fr24_complete_3c218af5,N625FB,N625FB,2025-09-09 18:46:27+00,2025-09-09 19:51:08+00,64.68333333333334,KDVT,KDVT,,,,,
928,fr24_complete_3c21cd00,N625FB,N625FB,2025-09-09 19:56:55+00,2025-09-09 20:12:07+00,15.2,KDVT,,,,,,
927,fr24_complete_3c21f598,N623FB,N623FB,2025-09-09 20:51:20+00,2025-09-09 21:12:35+00,21.25,KDVT,,,,,,
926,fr24_complete_3c225734,N623FB,N623FB,2025-09-09 23:14:51+00,2025-09-10 00:29:13+00,74.36666666666666,KDVT,KDVT,,,,,
925,fr24_complete_3c22bfe7,N623FB,N623FB,2025-09-10 02:08:24+00,2025-09-10 03:41:36+00,93.2,KDVT,KDVT,,,,,
924,fr24_complete_3c22e988,N621FB,N621FB,2025-09-10 03:33:58+00,2025-09-10 05:06:48+00,92.83333333333333,KDVT,KDVT,,,,,
923,fr24_complete_3c231272,N623FB,N623FB,2025-09-10 04:58:56+00,2025-09-10 06:34:38+00,95.7,KDVT,KDVT,,,,,
922,fr24_complete_3c23409b,N621FB,N621FB,2025-09-10 06:31:30+00,2025-09-10 06:42:47+00,11.283333333333333,KDVT,KGEU,,,,,
921,fr24_complete_3c2345c9,N621FB,N621FB,2025-09-10 06:42:51+00,2025-09-10 08:04:16+00,81.41666666666667,KGEU,KDVT,,,,,
920,fr24_complete_3c236f03,N623FB,N623FB,2025-09-10 08:01:40+00,2025-09-10 09:26:19+00,84.65,KDVT,KDVT,,,,,
919,fr24_complete_3c23ec3d,N623FB,N623FB,2025-09-10 11:31:13+00,2025-09-10 12:42:56+00,71.71666666666667,KDVT,KDVT,,,,,
918,fr24_complete_3c240fa9,N625FB,N625FB,2025-09-10 12:15:47+00,2025-09-10 13:25:16+00,69.48333333333333,KDVT,KDVT,,,,,
917,fr24_complete_3c24cacb,N625FB,N625FB,2025-09-10 15:38:28+00,2025-09-10 16:33:31+00,55.05,KDVT,,,,,,
916,fr24_complete_3c262963,N621FB,N621FB,2025-09-10 23:00:15+00,2025-09-11 00:26:46+00,86.51666666666667,KDVT,KDVT,,,,,
915,fr24_complete_3c269ee6,N621FB,N621FB,2025-09-11 02:07:50+00,2025-09-11 03:38:27+00,90.61666666666666,KDVT,KDVT,,,,,
914,fr24_complete_3c26c9a0,N623FB,N623FB,2025-09-11 03:33:26+00,2025-09-11 05:03:32+00,90.1,KDVT,KDVT,,,,,
913,fr24_complete_3c26f6b4,N621FB,N621FB,2025-09-11 05:00:28+00,2025-09-11 06:36:52+00,96.4,KDVT,KDVT,,,,,
912,fr24_complete_3c2725d1,N623FB,N623FB,2025-09-11 06:32:57+00,2025-09-11 08:03:04+00,90.11666666666666,KDVT,KDVT,,,,,
911,fr24_complete_3c275459,N621FB,N621FB,2025-09-11 08:00:31+00,2025-09-11 09:16:26+00,75.91666666666667,KDVT,KDVT,,,,,
910,fr24_complete_3c289e66,N624FB,N624FB,2025-09-11 14:51:35+00,2025-09-11 15:41:31+00,49.93333333333333,KDVT,KDVT,,,,,
909,fr24_complete_3c28ef48,N621FB,N621FB,2025-09-11 16:14:10+00,2025-09-11 16:37:02+00,22.866666666666667,KDVT,KDVT,,,,,
908,fr24_complete_3c290891,N621FB,N621FB,2025-09-11 16:41:35+00,2025-09-11 16:52:22+00,10.783333333333333,KDVT,KGEU,,,,,
907,fr24_complete_3c2913b0,N621FB,N621FB,2025-09-11 16:54:19+00,2025-09-11 17:05:18+00,10.983333333333333,KGEU,KDVT,,,,,
906,fr24_complete_3c295281,N624FB,N624FB,2025-09-11 18:02:27+00,2025-09-11 18:52:45+00,50.3,KDVT,KDVT,,,,,
905,fr24_complete_3c2a4655,N621FB,N621FB,2025-09-11 22:58:52+00,2025-09-12 00:20:54+00,82.03333333333333,KDVT,KDVT,,,,,
904,fr24_complete_3c2ac32f,N621FB,N621FB,2025-09-12 02:05:25+00,2025-09-12 03:37:31+00,92.1,KDVT,KDVT,,,,,
903,fr24_complete_3c2af100,N623FB,N623FB,2025-09-12 03:29:12+00,2025-09-12 04:37:47+00,68.58333333333333,KDVT,KGEU,,,,,
902,fr24_complete_3c2b1518,N623FB,N623FB,2025-09-12 04:38:06+00,2025-09-12 05:04:37+00,26.516666666666666,KGEU,KDVT,,,,,
901,fr24_complete_3c2b22aa,N625FB,N625FB,2025-09-12 05:03:00+00,2025-09-12 06:35:36+00,92.6,KDVT,KDVT,,,,,
900,fr24_complete_3c2b509b,N623FB,N623FB,2025-09-12 06:31:12+00,2025-09-12 06:54:56+00,23.733333333333334,KDVT,KGEU,,,,,
899,fr24_complete_3c2b61b5,N623FB,N623FB,2025-09-12 07:04:03+00,2025-09-12 08:22:32+00,78.48333333333333,KGEU,KDVT,,,,,
898,fr24_complete_3c2b8633,N625FB,N625FB,2025-09-12 08:03:55+00,2025-09-12 09:26:03+00,82.13333333333334,KDVT,KDVT,,,,,
897,fr24_complete_3c2ce4f9,N625FB,N625FB,2025-09-12 15:06:25+00,2025-09-12 16:03:58+00,57.55,KDVT,KDVT,,,,,
896,fr24_complete_3c2d2fe2,N621FB,N621FB,2025-09-12 16:19:32+00,2025-09-12 16:27:24+00,7.866666666666666,KDVT,KDVT,,,,,
855,fr24_complete_3c2d35d0,N621FB,N621FB,2025-09-12 16:25:37+00,2025-09-12 16:25:37+00,,KDVT,,,,,,
895,fr24_complete_3c2d2087,N625FB,N625FB,2025-09-12 17:58:25+00,2025-09-12 18:55:46+00,57.35,KDVT,KDVT,,,,,
894,fr24_complete_3c2e5920,N623FB,N623FB,2025-09-12 22:04:18+00,2025-09-12 22:39:44+00,35.43333333333333,KDVT,,,,,,
893,fr24_complete_3c2eeb2c,N623FB,N623FB,2025-09-13 01:57:55+00,2025-09-13 03:38:08+00,,KDVT,,,,,,
892,fr24_complete_3c2f165b,N621FB,N621FB,2025-09-13 03:33:10+00,2025-09-13 05:04:30+00,91.33333333333333,KDVT,KDVT,,,,,
852,fr24_complete_3c2f3fc8,N623FB,N623FB,2025-09-13 05:00:43+00,2025-09-13 05:00:43+00,,KDVT,CYRC,,,,,
891,fr24_complete_3c2f400a,N623FB,N623FB,2025-09-13 05:01:23+00,2025-09-13 06:36:15+00,94.86666666666666,KDVT,KDVT,,,,,
890,fr24_complete_3c2f694e,N621FB,N621FB,2025-09-13 06:31:38+00,2025-09-13 08:05:45+00,94.11666666666666,KDVT,KDVT,,,,,
622,fr24_active_3c2f694e,N621FB,N621FB,2025-09-13 07:57:13.552528+00,2025-09-13 08:27:13.591154+00,30,KDVT,,,,,1080,
889,fr24_complete_3c2f9575,N623FB,N623FB,2025-09-13 08:00:44+00,2025-09-13 09:11:02+00,70.3,KDVT,KDVT,,,,,
632,fr24_active_3c2f9575,N623FB,N623FB,2025-09-13 08:12:13.548467+00,2025-09-13 08:22:13.50199+00,9.99871285,KDVT,,,,,359.9536626,
671,fr24_active_3c30ce13,N625FB,N625FB,2025-09-13 15:02:13.704712+00,,,KDVT,,,,,,
888,fr24_complete_3c30ce13,N625FB,N625FB,2025-09-13 15:02:20+00,2025-09-13 15:59:22+00,57.03333333333333,KDVT,KDVT,,,,,
887,fr24_complete_3c314abc,N625FB,N625FB,2025-09-13 17:26:23+00,2025-09-13 18:25:37+00,59.233333333333334,KDVT,KDVT,,,,,
672,fr24_active_3c314abc,N625FB,N625FB,2025-09-13 17:27:13.852874+00,,,KDVT,,,,,,
886,fr24_complete_3c31c482,N624FB,N624FB,2025-09-13 20:15:27+00,2025-09-13 20:56:32+00,41.083333333333336,KDVT,KDVT,,,,,
673,fr24_active_3c31c482,N624FB,N624FB,2025-09-13 20:17:13.912377+00,,,KDVT,,,,,,
674,fr24_active_3c320a5b,N624FB,N624FB,2025-09-13 22:12:14.009586+00,,,KDVT,,,,,,
885,fr24_complete_3c320a5b,N624FB,N624FB,2025-09-13 22:12:16+00,2025-09-13 23:54:24+00,102.13333333333334,KDVT,KDVT,,,,,
884,fr24_complete_3c327d9f,N624FB,N624FB,2025-09-14 01:40:28+00,2025-09-14 02:56:12+00,75.73333333333333,KDVT,KDVT,,,,,
675,fr24_active_3c327d9f,N624FB,N624FB,2025-09-14 01:42:14.072917+00,,,KDVT,,,,,,
883,fr24_complete_3c32af4d,N621FB,N621FB,2025-09-14 03:35:18+00,2025-09-14 05:12:43+00,97.41666666666667,KDVT,KDVT,,,,,
676,fr24_active_3c32af4d,N621FB,N621FB,2025-09-14 03:37:14.230835+00,,,KDVT,,,,,,
882,fr24_complete_3c32d650,N623FB,N623FB,2025-09-14 05:00:07+00,2025-09-14 06:41:58+00,101.85,KDVT,KDVT,,,,,
677,fr24_active_3c32d650,N623FB,N623FB,2025-09-14 05:02:14.272306+00,,,KDVT,,,,,,
881,fr24_complete_3c32ff03,N621FB,N621FB,2025-09-14 06:32:04+00,2025-09-14 08:18:52+00,106.8,KDVT,KDVT,,,,,
678,fr24_active_3c32ff03,N621FB,N621FB,2025-09-14 06:32:27.205947+00,,,KDVT,,,,,,
880,fr24_complete_3c332af4,N623FB,N623FB,2025-09-14 08:03:09+00,2025-09-14 09:47:07+00,103.96666666666667,KDVT,KDVT,,,,,
679,fr24_active_3c332af4,N623FB,N623FB,2025-09-14 08:07:14.364988+00,,,KDVT,,,,,,
744,fr24_active_3c3457fb,N625FB,N625FB,2025-09-14 15:02:14.654401+00,,,KDVT,,,,,,
807,fr24_active_3c3504ca,N625FB,N625FB,2025-09-14 18:32:27.324417+00,,,KDVT,,,,,,
1315,fr24_active_3c35c038,N624FB,N624FB,2025-09-14 23:36:28.498978+00,,,KDVT,,,,,,
1912,fr24_active_3c36246f,N624FB,N624FB,2025-09-15 02:12:42.134102+00,,,KDVT,,,,,,
2731,fr24_active_3c367729,N624FB,N624FB,2025-09-15 05:07:08.691255+00,,,KDVT,,,,,,
4323,fr24_active_3c382007,N625FB,N625FB,2025-09-15 15:08:55.541137+00,,,KDVT,,,,,,
4324,fr24_active_3c38e503,N625FB,N625FB,2025-09-15 18:48:55.735076+00,,,KDVT,,,,,,
4325,fr24_active_3c3912b1,N625FB,N625FB,2025-09-15 19:38:55.62049+00,,,KDVT,,,,,,
4326,fr24_active_3c39ca1f,N623FB,N623FB,2025-09-15 23:53:55.686055+00,,,KDVT,,,,,,
4328,fr24_active_3c3a1fd9,N623FB,N623FB,2025-09-16 02:08:55.685069+00,,,KDVT,,,,,,
4329,fr24_active_3c3a79e0,N623FB,N623FB,2025-09-16 05:03:55.711694+00,,,KDVT,,,,,,
4330,fr24_active_3c3addc8,N623FB,N623FB,2025-09-16 08:03:55.800338+00,,,KDVT,,,,,,
4331,fr24_active_3c3aeda2,N623FB,N623FB,2025-09-16 08:33:55.843685+00,,,KDVT,,,,,,
4332,fr24_active_3c3b27e0,N623FB,N623FB,2025-09-16 10:08:55.83571+00,,,KDVT,,,,,,
4333,fr24_active_3c3c2f19,N623FB,N623FB,2025-09-16 15:08:55.608166+00,,,KDVT,,,,,,
4334,fr24_active_3c3cd83c,N623FB,N623FB,2025-09-16 18:08:56.140722+00,,,KDVT,,,,,,
4335,fr24_active_3c3dc4c2,N625FB,N625FB,2025-09-16 23:08:56.364644+00,,,KDVT,,,,,,
4336,fr24_active_3c3e3617,N625FB,N625FB,2025-09-17 02:08:56.263704+00,,,KDVT,,,,,,
4337,fr24_active_3c3e607a,N623FB,N623FB,2025-09-17 03:33:56.29436+00,,,KDVT,,,,,,
4338,fr24_active_3c3e8de8,N624FB,N624FB,2025-09-17 05:03:56.349297+00,,,KDVT,,,,,,
4339,fr24_active_3c3ebc2e,N623FB,N623FB,2025-09-17 06:33:56.464852+00,,,KDVT,,,,,,
4400,fr24_active_3c3eeec4,N624FB,N624FB,2025-09-17 08:03:56.096315+00,,,KDVT,,,,,,
4401,fr24_active_3c3fbf8e,N624FB,N624FB,2025-09-17 13:03:56.602892+00,,,KDVT,,,,,,
4402,fr24_active_3c403617,N625FB,N625FB,2025-09-17 15:03:56.715768+00,,,KDVT,,,,,,
4403,fr24_active_3c408c87,N621FB,N621FB,2025-09-17 16:28:56.647322+00,,,KDVT,,,,,,
4404,fr24_active_3c40d4ce,N625FB,N625FB,2025-09-17 17:48:56.667147+00,,,KDVT,,,,,,
4405,fr24_active_3c411510,N625FB,N625FB,2025-09-17 19:03:56.698375+00,,,KDVT,,,,,,
4406,fr24_active_3c412e48,N625FB,N625FB,2025-09-17 19:33:56.754497+00,,,KDVT,,,,,,
4407,fr24_active_3c4180d7,N623FB,N623FB,2025-09-17 21:23:56.836683+00,,,KDVT,,,,,,
4408,fr24_active_3c41c31c,N623FB,N623FB,2025-09-17 23:03:56.789461+00,,,KDVT,,,,,,
4409,fr24_active_3c41c35e,N621FB,N621FB,2025-09-17 23:03:56.789493+00,,,KDVT,,,,,,
4410,fr24_active_3c423633,N621FB,N621FB,2025-09-18 02:08:56.942816+00,,,KDVT,,,,,,
4411,fr24_active_3c425dda,N623FB,N623FB,2025-09-18 03:28:57.139245+00,,,KDVT,,,,,,
