hour,registration,unique_flights,position_records,avg_altitude,min_altitude,low_altitude_count,hover_count,total_hover_seconds
2023-09-26 12:00:00+00,N621FB,1,1,0.00000000000000000000,0,1,0,0
2023-09-26 22:00:00+00,N621FB,1,1,1625.0000000000000000,1625,0,0,0
2023-09-27 02:00:00+00,N621FB,1,1,1975.0000000000000000,1975,0,0,0
2023-09-27 16:00:00+00,N621FB,1,1,1800.0000000000000000,1800,0,0,0
2023-09-28 00:00:00+00,N621FB,1,1,1975.0000000000000000,1975,0,0,0
2023-09-28 18:00:00+00,N622FB,1,1,1775.0000000000000000,1775,0,0,0
2023-09-28 20:00:00+00,N622FB,1,1,2125.0000000000000000,2125,0,0,0
2023-09-28 22:00:00+00,N622FB,1,1,0.00000000000000000000,0,1,0,0
2023-09-29 00:00:00+00,N622FB,1,1,1925.0000000000000000,1925,0,0,0
2023-09-29 02:00:00+00,N622FB,1,1,2150.0000000000000000,2150,0,0,0
2023-09-29 04:00:00+00,N621FB,1,1,2050.0000000000000000,2050,0,0,0
2023-09-29 08:00:00+00,N621FB,1,1,2025.0000000000000000,2025,0,0,0
2023-09-29 16:00:00+00,N622FB,1,1,1825.0000000000000000,1825,0,0,0
2023-09-29 22:00:00+00,N621FB,1,1,2175.0000000000000000,2175,0,0,0
2023-09-30 02:00:00+00,N621FB,1,1,1975.0000000000000000,1975,0,0,0
2023-09-30 06:00:00+00,N621FB,1,1,1925.0000000000000000,1925,0,0,0
2023-10-01 04:00:00+00,N621FB,1,1,1850.0000000000000000,1850,0,0,0
2023-10-01 08:00:00+00,N621FB,1,1,2150.0000000000000000,2150,0,0,0
2023-10-01 16:00:00+00,N621FB,1,1,1875.0000000000000000,1875,0,0,0
2023-10-01 20:00:00+00,N621FB,1,1,2075.0000000000000000,2075,0,0,0
2023-10-02 20:00:00+00,N622FB,1,1,2200.0000000000000000,2200,0,0,0
2023-10-03 00:00:00+00,N622FB,1,1,2000.0000000000000000,2000,0,0,0
2023-10-04 04:00:00+00,N622FB,1,1,2200.0000000000000000,2200,0,0,0
2023-10-06 04:00:00+00,N622FB,1,1,1825.0000000000000000,1825,0,0,0
2023-10-06 08:00:00+00,N622FB,1,1,1800.0000000000000000,1800,0,0,0
2023-10-07 00:00:00+00,N622FB,1,1,1725.0000000000000000,1725,0,0,0
2023-10-07 02:00:00+00,N622FB,1,1,1975.0000000000000000,1975,0,0,0
2023-10-08 06:00:00+00,N622FB,1,1,1675.0000000000000000,1675,0,0,0
2023-10-09 00:00:00+00,N622FB,1,1,2025.0000000000000000,2025,0,0,0
2023-10-10 00:00:00+00,N622FB,1,1,2150.0000000000000000,2150,0,0,0
2023-10-15 20:00:00+00,N622FB,1,1,1625.0000000000000000,1625,0,0,0
2023-10-16 00:00:00+00,N622FB,1,1,1925.0000000000000000,1925,0,0,0
2023-10-16 06:00:00+00,N622FB,1,1,1550.0000000000000000,1550,0,0,0
2023-10-16 10:00:00+00,N622FB,1,1,2725.0000000000000000,2725,0,0,0
2023-10-17 04:00:00+00,N622FB,1,1,1800.0000000000000000,1800,0,0,0
2023-10-17 08:00:00+00,N622FB,1,1,2050.0000000000000000,2050,0,0,0
2023-10-18 04:00:00+00,N622FB,1,1,1500.0000000000000000,1500,0,0,0
2023-10-18 08:00:00+00,N622FB,1,1,2000.0000000000000000,2000,0,0,0
2023-10-18 16:00:00+00,N622FB,1,1,1900.0000000000000000,1900,0,0,0
2023-10-19 08:00:00+00,N622FB,1,1,1900.0000000000000000,1900,0,0,0
2023-10-20 18:00:00+00,N622FB,1,1,2025.0000000000000000,2025,0,0,0
2023-10-21 16:00:00+00,N622FB,1,1,1675.0000000000000000,1675,0,0,0
2023-10-21 20:00:00+00,N622FB,1,1,2125.0000000000000000,2125,0,0,0
2023-10-22 06:00:00+00,N622FB,1,1,1950.0000000000000000,1950,0,0,0
2023-10-23 04:00:00+00,N622FB,1,1,1875.0000000000000000,1875,0,0,0
2023-10-23 08:00:00+00,N622FB,1,1,1925.0000000000000000,1925,0,0,0
2023-10-23 16:00:00+00,N622FB,1,1,1900.0000000000000000,1900,0,0,0
2023-10-23 18:00:00+00,N622FB,1,1,2225.0000000000000000,2225,0,0,0
2023-10-23 20:00:00+00,N622FB,1,1,2325.0000000000000000,2325,0,0,0
2023-10-24 16:00:00+00,N622FB,1,1,1975.0000000000000000,1975,0,0,0
2023-10-24 20:00:00+00,N622FB,1,1,1900.0000000000000000,1900,0,0,0
2023-10-26 14:00:00+00,N622FB,1,1,2650.0000000000000000,2650,0,0,0
2023-10-26 18:00:00+00,N622FB,1,1,1550.0000000000000000,1550,0,0,0
2024-06-16 00:00:00+00,N622FB,1,1,2300.0000000000000000,2300,0,0,0
2024-06-17 06:00:00+00,N622FB,1,1,1850.0000000000000000,1850,0,0,0
2024-06-21 00:00:00+00,N622FB,1,1,2775.0000000000000000,2775,0,0,0
2024-06-23 06:00:00+00,N622FB,1,1,1775.0000000000000000,1775,0,0,0
2024-06-24 00:00:00+00,N622FB,1,1,1850.0000000000000000,1850,0,0,0
2024-06-26 00:00:00+00,N622FB,1,1,2175.0000000000000000,2175,0,0,0
2024-06-27 00:00:00+00,N622FB,1,1,1925.0000000000000000,1925,0,0,0
2024-07-03 00:00:00+00,N622FB,1,1,1825.0000000000000000,1825,0,0,0
2024-07-04 00:00:00+00,N622FB,1,1,1950.0000000000000000,1950,0,0,0
2024-07-06 18:00:00+00,N622FB,1,1,1800.0000000000000000,1800,0,0,0
2024-07-17 00:00:00+00,N622FB,1,1,1875.0000000000000000,1875,0,0,0
2024-07-17 06:00:00+00,N622FB,1,1,1875.0000000000000000,1875,0,0,0
2024-07-20 00:00:00+00,N622FB,1,1,1950.0000000000000000,1950,0,0,0
2024-07-23 18:00:00+00,N621FB,1,1,1950.0000000000000000,1950,0,0,0
2024-07-27 00:00:00+00,N622FB,1,1,2075.0000000000000000,2075,0,0,0
2024-07-29 06:00:00+00,N622FB,1,1,1925.0000000000000000,1925,0,0,0
2024-07-31 06:00:00+00,N621FB,1,1,1925.0000000000000000,1925,0,0,0
2024-08-07 00:00:00+00,N621FB,1,1,2025.0000000000000000,2025,0,0,0
2024-08-07 06:00:00+00,N622FB,1,1,1900.0000000000000000,1900,0,0,0
2024-08-07 18:00:00+00,N621FB,1,1,1800.0000000000000000,1800,0,0,0
2024-08-08 18:00:00+00,N621FB,1,1,1900.0000000000000000,1900,0,0,0
2024-08-09 06:00:00+00,N622FB,1,1,1875.0000000000000000,1875,0,0,0
2024-08-10 00:00:00+00,N622FB,1,1,1825.0000000000000000,1825,0,0,0
2024-08-12 06:00:00+00,N621FB,1,1,1875.0000000000000000,1875,0,0,0
2024-08-13 00:00:00+00,N621FB,1,1,1850.0000000000000000,1850,0,0,0
2024-08-15 00:00:00+00,N621FB,1,1,1900.0000000000000000,1900,0,0,0
2024-08-15 06:00:00+00,N622FB,1,1,2025.0000000000000000,2025,0,0,0
2024-08-17 00:00:00+00,N621FB,1,1,1875.0000000000000000,1875,0,0,0
2024-08-17 06:00:00+00,N622FB,1,1,1800.0000000000000000,1800,0,0,0
2024-08-18 06:00:00+00,N622FB,1,1,1950.0000000000000000,1950,0,0,0
2024-08-21 00:00:00+00,N621FB,1,1,1925.0000000000000000,1925,0,0,0
2024-08-21 06:00:00+00,N621FB,1,1,2100.0000000000000000,2100,0,0,0
2024-08-21 18:00:00+00,N621FB,1,1,1850.0000000000000000,1850,0,0,0
2024-08-23 06:00:00+00,N622FB,1,1,1650.0000000000000000,1650,0,0,0
2024-08-24 00:00:00+00,N621FB,1,1,1750.0000000000000000,1750,0,0,0
2024-08-24 06:00:00+00,N622FB,1,1,1650.0000000000000000,1650,0,0,0
2024-08-25 00:00:00+00,N621FB,1,1,3050.0000000000000000,3050,0,0,0
2024-08-26 00:00:00+00,N621FB,1,1,1900.0000000000000000,1900,0,0,0
2024-08-27 00:00:00+00,N621FB,1,1,1850.0000000000000000,1850,0,0,0
2024-08-29 00:00:00+00,N621FB,1,1,1825.0000000000000000,1825,0,0,0
2024-08-31 00:00:00+00,N621FB,1,1,2050.0000000000000000,2050,0,0,0
2024-09-01 00:00:00+00,N622FB,1,1,2300.0000000000000000,2300,0,0,0
2024-09-02 06:00:00+00,N621FB,1,1,1725.0000000000000000,1725,0,0,0
2024-09-03 00:00:00+00,N622FB,1,1,2050.0000000000000000,2050,0,0,0
2024-09-03 06:00:00+00,N622FB,1,1,1775.0000000000000000,1775,0,0,0
2024-09-04 00:00:00+00,N622FB,1,1,2025.0000000000000000,2025,0,0,0
2024-09-05 06:00:00+00,N622FB,1,1,2050.0000000000000000,2050,0,0,0
2024-09-06 12:00:00+00,N622FB,1,1,2075.0000000000000000,2075,0,0,0
2024-09-06 18:00:00+00,N622FB,1,1,1575.0000000000000000,1575,0,0,0
2024-09-07 00:00:00+00,N622FB,1,1,1700.0000000000000000,1700,0,0,0
2024-09-07 06:00:00+00,N622FB,1,1,2325.0000000000000000,2325,0,0,0
2024-09-07 12:00:00+00,N622FB,1,1,1825.0000000000000000,1825,0,0,0
2024-09-08 00:00:00+00,N622FB,1,1,2000.0000000000000000,2000,0,0,0
2024-09-08 06:00:00+00,N622FB,1,1,1850.0000000000000000,1850,0,0,0
2024-09-09 00:00:00+00,N622FB,1,1,1950.0000000000000000,1950,0,0,0
2024-09-09 06:00:00+00,N622FB,1,1,1825.0000000000000000,1825,0,0,0
2024-09-10 00:00:00+00,N621FB,1,1,2050.0000000000000000,2050,0,0,0
2024-09-11 00:00:00+00,N624FB,1,1,2175.0000000000000000,2175,0,0,0
2024-09-12 06:00:00+00,N622FB,1,1,2125.0000000000000000,2125,0,0,0
2024-09-12 12:00:00+00,N622FB,1,1,2375.0000000000000000,2375,0,0,0
2024-09-14 15:00:00+00,N623FB,1,866,1838.5969976905311778,0,11,0,0
2024-09-14 16:00:00+00,N623FB,1,167,1818.1137724550898204,1450,0,0,0
2024-09-14 18:00:00+00,N623FB,2,749,1722.3297730307076101,0,14,0,0
2024-09-14 19:00:00+00,N623FB,1,241,1801.3485477178423237,0,3,0,0
2024-09-14 22:00:00+00,N622FB,2,456,2086.1293859649122807,0,7,0,0
2024-09-14 23:00:00+00,N622FB,1,806,2140.6637717121588089,0,3,0,0
2024-09-15 01:00:00+00,N622FB,1,18,1375.0000000000000000,0,6,0,0
2024-09-15 02:00:00+00,N622FB,1,1098,1989.7540983606557377,1725,0,0,0
2024-09-15 03:00:00+00,N622FB,1,601,1914.9750415973377704,0,4,0,0
2024-09-15 03:00:00+00,N625FB,1,398,1937.7512562814070352,0,5,0,0
2024-09-15 04:00:00+00,N625FB,1,1068,1846.0674157303370787,1675,0,0,0
2024-09-15 05:00:00+00,N625FB,1,197,1852.9187817258883249,0,3,0,0
2024-09-15 06:00:00+00,N625FB,1,423,1960.1063829787234043,0,8,0,0
2024-09-15 07:00:00+00,N625FB,1,1004,1992.5547808764940239,1675,0,0,0
2024-09-15 08:00:00+00,N625FB,1,38,1731.5789473684210526,0,4,0,0
2024-09-15 15:00:00+00,N623FB,1,123,2070.9349593495934959,0,4,0,0
2024-09-15 16:00:00+00,N623FB,1,733,2145.2933151432469304,1600,0,0,0
2024-09-15 17:00:00+00,N623FB,1,29,1718.1034482758620690,0,1,0,0
2024-09-15 19:00:00+00,N624FB,1,653,2253.6370597243491577,0,5,0,0
2024-09-15 23:00:00+00,N624FB,1,893,2051.9876819708846585,0,2,0,0
2024-09-16 00:00:00+00,N624FB,1,733,2063.5402455661664393,0,3,0,0
2024-09-16 02:00:00+00,N624FB,1,877,2086.7160775370581528,0,7,0,0
2024-09-16 03:00:00+00,N623FB,1,412,1954.9757281553398058,0,10,0,0
2024-09-16 03:00:00+00,N624FB,1,832,1939.7536057692307692,0,4,0,0
2024-09-16 04:00:00+00,N623FB,1,884,1815.4694570135746606,1650,0,0,0
2024-09-16 05:00:00+00,N623FB,1,266,1903.3834586466165414,1625,0,0,0
2024-09-16 06:00:00+00,N623FB,1,149,1934.0604026845637584,0,10,0,0
2024-09-16 07:00:00+00,N623FB,1,1067,1826.4058106841611996,1550,0,0,0
2024-09-16 08:00:00+00,N623FB,1,46,1908.6956521739130435,0,1,0,0
2024-09-16 15:00:00+00,N622FB,1,1015,1920.8374384236453202,0,11,0,0
2024-09-16 16:00:00+00,N622FB,1,300,1867.2500000000000000,0,1,0,0
2024-09-16 20:00:00+00,N621FB,1,137,2004.5620437956204380,0,6,0,0
2024-09-16 23:00:00+00,N623FB,1,825,2021.5757575757575758,0,4,0,0
2024-09-17 00:00:00+00,N623FB,1,820,2075.6707317073170732,1675,0,0,0
2024-09-17 02:00:00+00,N623FB,1,843,1998.0427046263345196,0,8,0,0
2024-09-17 03:00:00+00,N622FB,1,463,1858.9632829373650108,0,6,0,0
2024-09-17 03:00:00+00,N623FB,1,805,1960.6521739130434783,0,2,0,0
2024-09-17 04:00:00+00,N622FB,1,1018,1755.3290766208251473,1525,0,0,0
2024-09-17 05:00:00+00,N621FB,1,645,2108.7596899224806202,0,6,0,0
2024-09-17 05:00:00+00,N622FB,1,275,1833.7272727272727273,1625,0,0,0
2024-09-17 06:00:00+00,N621FB,2,685,2232.4087591240875912,0,8,0,0
2024-09-17 08:00:00+00,N621FB,1,987,1973.5309017223910841,0,7,0,0
2024-09-17 09:00:00+00,N621FB,1,1110,1960.7882882882882883,1650,0,0,0
2024-09-17 10:00:00+00,N621FB,1,64,1899.2187500000000000,0,4,0,0
2024-09-17 15:00:00+00,N622FB,1,1037,1850.4339440694310511,0,11,0,0
2024-09-17 16:00:00+00,N622FB,1,628,1923.5668789808917197,1500,0,0,0
2024-09-17 23:00:00+00,N621FB,1,595,1993.7394957983193277,0,6,0,0
2024-09-18 00:00:00+00,N621FB,1,552,2063.4057971014492754,0,3,0,0
2024-09-18 02:00:00+00,N621FB,1,828,1942.8140096618357488,0,7,0,0
2024-09-18 03:00:00+00,N621FB,1,762,1877.8215223097112861,0,3,0,0
2024-09-18 03:00:00+00,N623FB,1,474,1873.5232067510548523,0,8,0,0
2024-09-18 04:00:00+00,N623FB,1,1108,1700.6543321299638989,1525,0,0,0
2024-09-18 05:00:00+00,N623FB,1,257,1818.7743190661478599,1550,0,0,0
2024-09-18 05:00:00+00,N624FB,1,980,2118.9030612244897959,0,7,0,0
2024-09-18 06:00:00+00,N623FB,1,475,1770.6315789473684211,0,4,0,0
2024-09-18 06:00:00+00,N624FB,1,892,1846.8329596412556054,0,4,0,0
2024-09-18 07:00:00+00,N623FB,1,726,1857.5068870523415978,1650,0,0,0
2024-09-18 08:00:00+00,N623FB,1,248,1843.1451612903225806,0,3,0,0
2024-09-18 08:00:00+00,N624FB,1,967,2084.8759048603929679,0,9,0,0
2024-09-18 09:00:00+00,N624FB,1,513,2201.1695906432748538,0,3,0,0
2024-09-18 14:00:00+00,N623FB,1,459,1770.3703703703703704,0,8,0,0
2024-09-18 15:00:00+00,N623FB,2,397,2151.0075566750629723,0,9,0,0
2024-09-18 16:00:00+00,N623FB,1,808,1964.4801980198019802,1550,0,0,0
2024-09-18 18:00:00+00,N621FB,1,1,0.00000000000000000000,0,1,0,0
2024-09-18 18:00:00+00,N623FB,1,197,1945.5583756345177665,0,17,0,0
2024-09-18 18:00:00+00,N624FB,1,335,2053.4328358208955224,0,3,0,0
2024-09-18 19:00:00+00,N621FB,1,94,1977.1276595744680851,1550,0,0,0
2024-09-18 19:00:00+00,N623FB,1,978,2075.2300613496932515,1350,0,0,0
2024-09-18 19:00:00+00,N624FB,1,113,1986.0619469026548673,0,1,0,0
2024-09-18 20:00:00+00,N623FB,1,160,1996.2500000000000000,0,3,0,0
2024-09-18 21:00:00+00,N622FB,1,3,0.00000000000000000000,0,3,0,0
2024-09-18 22:00:00+00,N622FB,1,113,2028.7610619469026549,0,8,0,0
2024-09-18 23:00:00+00,N622FB,1,971,2076.7250257466529351,1700,0,0,0
2024-09-19 00:00:00+00,N622FB,1,501,2066.6666666666666667,0,4,0,0
2024-09-19 02:00:00+00,N622FB,1,944,2120.8156779661016949,0,3,0,0
2024-09-19 03:00:00+00,N621FB,1,481,1925.6237006237006237,0,9,0,0
2024-09-19 03:00:00+00,N622FB,1,607,2228.6655683690280066,1625,0,0,0
2024-09-19 04:00:00+00,N621FB,1,1058,1729.7967863894139887,1475,0,0,0
2024-09-19 05:00:00+00,N621FB,1,290,1745.5172413793103448,1525,0,0,0
2024-09-19 05:00:00+00,N622FB,1,1103,1899.7280145058930190,0,5,0,0
2024-09-19 06:00:00+00,N621FB,1,485,1923.3505154639175258,0,7,0,0
2024-09-19 06:00:00+00,N622FB,1,644,2062.2670807453416149,0,2,0,0
2024-09-19 07:00:00+00,N621FB,1,1128,1722.4069148936170213,1525,0,0,0
2024-09-19 08:00:00+00,N621FB,1,104,1985.0961538461538462,0,4,0,0
2024-09-19 08:00:00+00,N622FB,1,1019,2064.5240431795878312,0,7,0,0
2024-09-19 09:00:00+00,N622FB,1,919,1927.9651795429815016,0,4,0,0
2024-09-19 13:00:00+00,N625FB,1,402,1957.4626865671641791,0,11,0,0
2024-09-19 14:00:00+00,N625FB,1,591,1689.9746192893401015,0,3,0,0
2024-09-19 17:00:00+00,N625FB,1,32,1162.5000000000000000,0,12,0,0
2024-09-19 18:00:00+00,N625FB,1,1018,1866.2573673870333988,1475,0,0,0
2024-09-19 19:00:00+00,N625FB,1,395,1983.1645569620253165,0,3,0,0
2024-09-19 23:00:00+00,N622FB,1,863,1842.9606025492468134,0,3,0,0
2024-09-20 00:00:00+00,N622FB,1,980,2075.4591836734693878,0,3,0,0
2024-09-20 02:00:00+00,N622FB,1,885,1958.4180790960451977,0,5,0,0
2024-09-20 03:00:00+00,N621FB,1,492,1944.9186991869918699,0,5,0,0
2024-09-20 03:00:00+00,N622FB,1,656,2004.0015243902439024,0,2,0,0
2024-09-20 04:00:00+00,N621FB,1,1050,1894.4285714285714286,1625,0,0,0
2024-09-20 05:00:00+00,N621FB,1,259,2127.3166023166023166,0,3,0,0
2024-09-20 05:00:00+00,N622FB,1,1063,2336.6650987770460960,0,6,0,0
2024-09-20 06:00:00+00,N621FB,1,456,2248.0263157894736842,0,6,0,0
2024-09-20 06:00:00+00,N622FB,1,674,2073.4792284866468843,0,3,0,0
2024-09-20 07:00:00+00,N621FB,1,1001,1917.3326673326673327,1650,0,0,0
2024-09-20 08:00:00+00,N621FB,1,86,1928.1976744186046512,0,4,0,0
2024-09-20 08:00:00+00,N622FB,1,1002,1962.3752495009980040,0,7,0,0
2024-09-20 09:00:00+00,N622FB,1,953,2431.0860440713536201,0,3,0,0
2024-09-20 12:00:00+00,N621FB,1,806,1872.6736972704714640,0,7,0,0
2024-09-20 13:00:00+00,N621FB,1,131,2176.9083969465648855,1550,0,0,0
2024-09-20 17:00:00+00,N621FB,1,57,1754.3859649122807018,0,9,0,0
2024-09-20 18:00:00+00,N621FB,1,958,2050.9133611691022965,0,2,0,0
2024-09-20 19:00:00+00,N621FB,1,1,0.00000000000000000000,0,1,0,0
2024-09-20 23:00:00+00,N624FB,1,894,2280.1454138702460850,0,1,0,0
2024-09-21 00:00:00+00,N624FB,1,389,2241.1311053984575835,0,3,0,0
2024-09-21 02:00:00+00,N624FB,1,795,2040.2515723270440252,0,4,0,0
2024-09-21 03:00:00+00,N621FB,1,512,1998.2910156250000000,0,5,0,0
2024-09-21 03:00:00+00,N624FB,1,659,2118.8922610015174507,0,4,0,0
2024-09-21 04:00:00+00,N621FB,1,1091,2070.1649862511457379,1775,0,0,0
2024-09-21 05:00:00+00,N621FB,1,260,2059.8076923076923077,0,4,0,0
2024-09-21 05:00:00+00,N622FB,1,936,2065.3044871794871795,0,9,0,0
2024-09-21 06:00:00+00,N621FB,1,416,1928.0649038461538462,0,5,0,0
2024-09-21 06:00:00+00,N622FB,1,600,2114.4583333333333333,0,3,0,0
2024-09-21 07:00:00+00,N621FB,1,1068,1997.8230337078651685,1650,0,0,0
2024-09-21 08:00:00+00,N621FB,1,303,2075.4125412541254125,0,4,0,0
2024-09-21 08:00:00+00,N622FB,1,1018,2024.1895874263261297,0,11,0,0
2024-09-21 09:00:00+00,N622FB,1,575,2017.2608695652173913,0,7,0,0
2024-09-21 14:00:00+00,N624FB,1,55,1760.0000000000000000,0,7,0,0
2024-09-21 15:00:00+00,N624FB,1,953,1921.6684155299055614,1575,0,0,0
2024-09-21 16:00:00+00,N624FB,1,83,1895.4819277108433735,1525,0,0,0
2024-09-21 18:00:00+00,N624FB,1,977,1816.1719549641760491,0,9,0,0
2024-09-21 19:00:00+00,N624FB,1,275,1822.0000000000000000,0,1,0,0
2024-09-21 22:00:00+00,N625FB,1,1,0.00000000000000000000,0,1,0,0
2024-09-21 23:00:00+00,N625FB,1,1029,1960.4956268221574344,0,2,0,0
2024-09-22 00:00:00+00,N625FB,1,734,1899.0122615803814714,0,7,0,0
2024-09-22 01:00:00+00,N625FB,1,6,0.00000000000000000000,0,6,0,0
2024-09-22 02:00:00+00,N625FB,2,1034,1996.2524177949709865,0,3,0,0
2024-09-22 03:00:00+00,N623FB,1,475,1806.6315789473684211,0,6,0,0
2024-09-22 03:00:00+00,N625FB,1,671,2158.4202682563338301,0,1,0,0
2024-09-22 04:00:00+00,N622FB,1,2,0.00000000000000000000,0,2,0,0
2024-09-22 04:00:00+00,N623FB,1,1112,1813.1070143884892086,1550,0,0,0
2024-09-22 05:00:00+00,N622FB,1,1044,1932.9262452107279693,0,6,0,0
2024-09-22 05:00:00+00,N623FB,1,148,1862.1621621621621622,0,3,0,0
2024-09-22 06:00:00+00,N622FB,1,814,1930.4054054054054054,0,2,0,0
2024-09-22 06:00:00+00,N623FB,1,463,1697.0302375809935205,0,10,0,0
2024-09-22 07:00:00+00,N623FB,1,1010,1760.7178217821782178,1550,0,0,0
2024-09-22 08:00:00+00,N622FB,1,1039,1859.4802694898941290,0,11,0,0
2024-09-22 08:00:00+00,N623FB,1,151,1782.9470198675496689,0,3,0,0
2024-09-22 09:00:00+00,N622FB,1,989,1996.6632962588473205,1675,0,0,0
2024-09-22 10:00:00+00,N622FB,1,241,2009.0248962655601660,0,4,0,0
2024-09-22 15:00:00+00,N625FB,1,377,2146.6843501326259947,0,8,0,0
2024-09-22 16:00:00+00,N625FB,1,860,2075.4069767441860465,0,6,0,0
2024-09-22 19:00:00+00,N621FB,1,766,1879.1449086161879896,0,15,0,0
2024-09-22 23:00:00+00,N622FB,1,840,2041.4880952380952381,0,8,0,0
2024-09-23 00:00:00+00,N622FB,1,525,2010.5238095238095238,0,5,0,0
2024-09-23 02:00:00+00,N622FB,1,1089,2085.7208448117539027,0,7,0,0
2024-09-23 03:00:00+00,N622FB,2,653,1962.4808575803981623,0,8,0,0
2024-09-23 03:00:00+00,N625FB,1,462,1751.1363636363636364,0,9,0,0
2024-09-23 04:00:00+00,N625FB,1,904,1946.8473451327433628,1575,0,0,0
2024-09-23 05:00:00+00,N622FB,1,999,2006.8318318318318318,0,1,0,0
2024-09-23 05:00:00+00,N625FB,1,13,1275.0000000000000000,0,3,0,0
2024-09-23 06:00:00+00,N622FB,1,652,2135.9279141104294479,0,4,0,0
2024-09-23 06:00:00+00,N625FB,1,422,1817.0616113744075829,0,5,0,0
2024-09-23 07:00:00+00,N622FB,1,3,0.00000000000000000000,0,3,0,0
2024-09-23 07:00:00+00,N625FB,1,845,1840.8284023668639053,1625,0,0,0
2024-09-23 08:00:00+00,N622FB,1,1013,2128.9486673247778875,0,4,0,0
2024-09-23 08:00:00+00,N625FB,1,171,2082.8947368421052632,0,4,0,0
2024-09-23 09:00:00+00,N622FB,1,944,1929.4756355932203390,0,3,0,0
2024-09-23 15:00:00+00,N623FB,1,608,1844.7368421052631579,0,4,0,0
2024-09-23 16:00:00+00,N623FB,1,722,1853.6011080332409972,1525,0,0,0
2024-09-23 18:00:00+00,N623FB,2,321,1682.3208722741433022,0,4,0,0
2024-09-23 19:00:00+00,N623FB,1,466,1886.8562231759656652,0,2,0,0
2024-09-23 19:00:00+00,N624FB,1,177,3126.8361581920903955,0,8,0,0
2024-09-23 20:00:00+00,N624FB,5,516,5015.7461240310077519,0,53,0,0
2024-09-23 21:00:00+00,N624FB,1,308,3352.2727272727272727,0,3,0,0
2024-09-23 22:00:00+00,N622FB,1,838,2161.0381861575178998,0,7,0,0
2024-09-23 23:00:00+00,N622FB,1,1000,2172.5000000000000000,1875,0,0,0
2024-09-24 00:00:00+00,N622FB,1,537,2174.3947858472998138,0,3,0,0
2024-09-24 02:00:00+00,N622FB,1,720,2021.2847222222222222,0,6,0,0
2024-09-24 03:00:00+00,N621FB,1,479,1874.0605427974947808,0,10,0,0
2024-09-24 03:00:00+00,N622FB,1,740,2229.4256756756756757,0,4,0,0
2024-09-24 04:00:00+00,N621FB,1,984,1826.5752032520325203,1550,0,0,0
2024-09-24 05:00:00+00,N621FB,1,248,2191.8346774193548387,1625,0,0,0
2024-09-24 05:00:00+00,N622FB,1,997,2055.2657973921765296,0,7,0,0
2024-09-24 06:00:00+00,N621FB,1,448,2098.7723214285714286,0,1,0,0
2024-09-24 06:00:00+00,N622FB,1,740,2204.1554054054054054,0,3,0,0
2024-09-24 07:00:00+00,N621FB,1,988,1840.7641700404858300,1600,0,0,0
2024-09-24 07:00:00+00,N622FB,1,1,0.00000000000000000000,0,1,0,0
2024-09-24 08:00:00+00,N621FB,1,130,2070.9615384615384615,0,4,0,0
2024-09-24 08:00:00+00,N622FB,1,973,1970.4008221993833505,0,6,0,0
2024-09-24 09:00:00+00,N622FB,1,729,1909.9451303155006859,0,5,0,0
2024-09-24 14:00:00+00,N623FB,1,436,3710.1490825688073394,0,6,0,0
2024-09-24 15:00:00+00,N621FB,1,980,1942.3469387755102041,0,5,0,0
2024-09-24 15:00:00+00,N623FB,1,30,5229.1666666666666667,4825,0,0,0
2024-09-24 16:00:00+00,N621FB,1,78,1965.7051282051282051,1550,0,0,0
2024-09-24 16:00:00+00,N623FB,1,75,4372.6666666666666667,0,14,0,0
2024-09-24 17:00:00+00,N623FB,1,77,1921.1038961038961039,0,3,0,0
2024-09-24 18:00:00+00,N621FB,1,495,2042.3232323232323232,0,1,0,0
2024-09-24 19:00:00+00,N621FB,1,785,1895.8280254777070064,1600,0,0,0
2024-09-24 22:00:00+00,N622FB,1,691,1903.6179450072358900,0,7,0,0
2024-09-24 23:00:00+00,N622FB,1,847,2178.6009445100354191,0,4,0,0
2024-09-25 02:00:00+00,N622FB,1,722,2026.7313019390581717,0,5,0,0
2024-09-25 03:00:00+00,N622FB,1,674,2090.5786350148367953,0,4,0,0
2024-09-25 03:00:00+00,N623FB,1,380,1976.1184210526315789,0,7,0,0
2024-09-25 04:00:00+00,N623FB,1,914,1854.6772428884026258,1650,0,0,0
2024-09-25 05:00:00+00,N622FB,1,980,2041.3265306122448980,0,7,0,0
2024-09-25 05:00:00+00,N623FB,1,70,1981.4285714285714286,1625,0,0,0
2024-09-25 06:00:00+00,N622FB,1,620,2248.1451612903225806,0,3,0,0
2024-09-25 06:00:00+00,N623FB,1,485,1886.3917525773195876,0,1,0,0
2024-09-25 07:00:00+00,N623FB,1,999,1797.5225225225225225,1575,0,0,0
2024-09-25 08:00:00+00,N622FB,1,873,2144.2439862542955326,0,5,0,0
2024-09-25 08:00:00+00,N623FB,1,152,1942.5986842105263158,0,3,0,0
2024-09-25 09:00:00+00,N622FB,1,479,2095.9812108559498956,0,3,0,0
2024-09-25 23:00:00+00,N622FB,1,878,2024.3166287015945330,0,7,0,0
2024-09-26 00:00:00+00,N622FB,1,514,2051.4591439688715953,0,3,0,0
2024-09-26 02:00:00+00,N622FB,1,935,2162.0053475935828877,0,6,0,0
2024-09-26 03:00:00+00,N622FB,1,757,2164.7952443857331572,0,4,0,0
2024-09-26 03:00:00+00,N624FB,1,397,2036.2090680100755668,0,1,0,0
2024-09-26 04:00:00+00,N624FB,1,1029,1868.7560738581146744,0,2,0,0
2024-09-26 06:00:00+00,N624FB,1,936,2044.9786324786324786,0,2,0,0
2024-09-26 07:00:00+00,N624FB,2,669,2068.8714499252615845,0,7,0,0
2024-09-26 08:00:00+00,N624FB,1,309,1913.5922330097087379,0,5,0,0
2024-09-26 09:00:00+00,N624FB,1,960,1997.3697916666666667,1800,0,0,0
2024-09-26 10:00:00+00,N624FB,1,892,1951.1210762331838565,0,5,0,0
2024-09-26 13:00:00+00,N625FB,1,314,1967.1974522292993631,0,11,0,0
2024-09-26 14:00:00+00,N623FB,1,354,1899.2937853107344633,0,8,0,0
2024-09-26 14:00:00+00,N625FB,1,217,2059.3317972350230415,0,6,0,0
2024-09-26 15:00:00+00,N623FB,1,589,1995.3310696095076401,0,1,0,0
2024-09-26 15:00:00+00,N624FB,1,230,2064.7826086956521739,0,8,0,0
2024-09-26 16:00:00+00,N624FB,1,115,1968.9130434782608696,1575,0,0,0
2024-09-26 18:00:00+00,N623FB,1,541,1964.0018484288354898,0,10,0,0
2024-09-26 19:00:00+00,N623FB,1,1045,2127.0813397129186603,0,3,0,0
2024-09-26 21:00:00+00,N622FB,1,239,1990.4811715481171548,0,7,0,0
2024-09-26 22:00:00+00,N622FB,1,1110,2185.8108108108108108,1725,0,0,0
2024-09-26 23:00:00+00,N622FB,1,635,2453.7007874015748031,1675,0,0,0
2024-09-27 02:00:00+00,N622FB,1,956,2144.2207112970711297,0,5,0,0
2024-09-27 03:00:00+00,N622FB,1,656,2165.0152439024390244,0,4,0,0
2024-09-27 03:00:00+00,N624FB,1,528,1941.5719696969696970,0,8,0,0
2024-09-27 04:00:00+00,N624FB,1,998,1955.8617234468937876,1675,0,0,0
2024-09-27 05:00:00+00,N622FB,1,928,2063.0387931034482759,0,7,0,0
2024-09-27 05:00:00+00,N624FB,1,159,1988.5220125786163522,0,2,0,0
2024-09-27 06:00:00+00,N622FB,1,843,1933.0071174377224199,0,4,0,0
2024-09-27 06:00:00+00,N624FB,1,466,1933.4763948497854077,0,9,0,0
2024-09-27 07:00:00+00,N624FB,1,1140,1948.5307017543859649,1750,0,0,0
2024-09-27 08:00:00+00,N622FB,1,988,2084.8684210526315789,0,9,0,0
2024-09-27 08:00:00+00,N624FB,1,553,2044.1229656419529837,0,16,0,0
2024-09-27 09:00:00+00,N622FB,1,1025,1952.1463414634146341,1600,0,0,0
2024-09-27 10:00:00+00,N622FB,1,335,1900.8208955223880597,0,3,0,0
2024-09-27 12:00:00+00,N624FB,1,688,1927.9796511627906977,0,5,0,0
2024-09-27 13:00:00+00,N624FB,1,173,2172.5433526011560694,0,3,0,0
2024-09-27 14:00:00+00,N624FB,1,112,1874.1071428571428571,0,3,0,0
2024-09-27 18:00:00+00,N624FB,1,853,1887.8370457209847597,0,6,0,0
2024-09-27 19:00:00+00,N624FB,1,289,2115.3114186851211073,0,2,0,0
2024-09-27 22:00:00+00,N622FB,1,157,2111.3057324840764331,0,6,0,0
2024-09-27 23:00:00+00,N622FB,1,1030,2142.3543689320388350,1900,0,0,0
2024-09-28 00:00:00+00,N622FB,1,317,2068.9274447949526814,0,4,0,0
2024-09-28 02:00:00+00,N622FB,1,988,2022.3178137651821862,0,6,0,0
2024-09-28 03:00:00+00,N622FB,1,800,1891.2187500000000000,0,4,0,0
2024-09-28 03:00:00+00,N625FB,1,482,1966.1307053941908714,0,5,0,0
2024-09-28 04:00:00+00,N622FB,1,39,1797.4358974358974359,0,6,0,0
2024-09-28 04:00:00+00,N625FB,1,985,2029.4670050761421320,1775,0,0,0
2024-09-28 05:00:00+00,N622FB,1,1132,1955.8745583038869258,1700,0,0,0
2024-09-28 05:00:00+00,N625FB,2,129,1901.5503875968992248,0,3,0,0
2024-09-28 06:00:00+00,N622FB,1,824,1942.2330097087378641,0,3,0,0
2024-09-28 06:00:00+00,N625FB,1,446,2102.6345291479820628,0,7,0,0
2024-09-28 07:00:00+00,N622FB,1,1,0.00000000000000000000,0,1,0,0
2024-09-28 07:00:00+00,N625FB,1,977,1879.4012282497441146,1650,0,0,0
2024-09-28 08:00:00+00,N622FB,1,1019,1872.4730127576054956,0,2,0,0
2024-09-28 08:00:00+00,N625FB,1,65,2389.6153846153846154,0,4,0,0
2024-09-28 09:00:00+00,N622FB,1,1049,2185.1525262154432793,1650,0,0,0
2024-09-28 10:00:00+00,N622FB,1,269,2056.8773234200743494,0,4,0,0
2024-09-28 10:00:00+00,N625FB,1,515,2115.7766990291262136,0,9,0,0
2024-09-28 11:00:00+00,N622FB,2,755,1912.4834437086092715,0,39,0,0
2024-09-28 18:00:00+00,N624FB,1,854,1798.1264637002341920,0,10,0,0
2024-09-28 19:00:00+00,N624FB,1,541,1778.8817005545286506,0,2,0,0
2024-09-28 23:00:00+00,N622FB,1,705,1834.1134751773049645,0,1,0,0
2024-09-29 00:00:00+00,N622FB,1,978,2047.9550102249488753,0,2,0,0
2024-09-29 02:00:00+00,N622FB,1,930,1845.0268817204301075,0,1,0,0
2024-09-29 03:00:00+00,N621FB,2,368,2070.6521739130434783,0,8,0,0
2024-09-29 03:00:00+00,N622FB,1,625,1886.4800000000000000,0,2,0,0
2024-09-29 04:00:00+00,N621FB,1,1065,1951.1971830985915493,1625,0,0,0
2024-09-29 05:00:00+00,N621FB,1,581,1825.6884681583476764,0,2,0,0
2024-09-29 05:00:00+00,N622FB,1,994,2053.3199195171026157,0,8,0,0
2024-09-29 06:00:00+00,N621FB,1,434,1905.1843317972350230,0,7,0,0
2024-09-29 06:00:00+00,N622FB,1,634,2088.9195583596214511,0,3,0,0
2024-09-29 07:00:00+00,N621FB,1,1028,1928.1371595330739300,1625,0,0,0
2024-09-29 08:00:00+00,N621FB,1,222,2010.5855855855855856,0,8,0,0
2024-09-29 08:00:00+00,N622FB,1,935,1917.3262032085561497,0,7,0,0
2024-09-29 09:00:00+00,N622FB,1,798,1873.1516290726817043,0,4,0,0
2024-09-29 11:00:00+00,N622FB,1,6,0.00000000000000000000,0,6,0,0
2024-09-29 12:00:00+00,N622FB,1,823,1833.5054678007290401,0,5,0,0
2024-09-29 14:00:00+00,N621FB,1,449,1554.1759465478841871,0,8,0,0
2024-09-29 15:00:00+00,N621FB,1,107,1834.1121495327102804,0,2,0,0
2024-09-29 17:00:00+00,N621FB,1,370,1756.6891891891891892,0,10,0,0
2024-09-29 18:00:00+00,N621FB,2,229,1808.1877729257641921,0,3,0,0
2024-09-29 23:00:00+00,N622FB,1,991,2025.1009081735620585,0,5,0,0
2024-09-30 00:00:00+00,N622FB,1,371,2045.8221024258760108,0,3,0,0
2024-09-30 02:00:00+00,N622FB,1,937,1967.2358591248665955,0,10,0,0
2024-09-30 03:00:00+00,N622FB,1,745,2026.4093959731543624,0,3,0,0
2024-09-30 03:00:00+00,N623FB,1,484,1923.8636363636363636,0,8,0,0
2024-09-30 04:00:00+00,N623FB,1,1085,1806.6359447004608295,1575,0,0,0
2024-09-30 05:00:00+00,N623FB,1,124,1851.4112903225806452,1600,0,0,0
2024-09-30 05:00:00+00,N625FB,1,70,1890.7142857142857143,0,7,0,0
2024-09-30 06:00:00+00,N623FB,1,565,2045.3097345132743363,0,7,0,0
2024-09-30 06:00:00+00,N625FB,1,1046,2226.2906309751434034,1650,0,0,0
2024-09-30 07:00:00+00,N623FB,1,1044,2105.9626436781609195,1525,0,0,0
2024-09-30 07:00:00+00,N625FB,1,292,3037.4143835616438356,0,4,0,0
2024-09-30 08:00:00+00,N623FB,1,232,1915.4094827586206897,1550,0,0,0
2024-09-30 08:00:00+00,N625FB,1,914,2019.7210065645514223,0,9,0,0
2024-09-30 09:00:00+00,N625FB,2,517,1972.4371373307543520,0,5,0,0
2024-09-30 14:00:00+00,N622FB,1,261,1639.8467432950191571,0,11,0,0
2024-09-30 15:00:00+00,N622FB,1,536,1876.5391791044776119,0,4,0,0
2024-09-30 23:00:00+00,N622FB,1,924,1905.6006493506493506,0,6,0,0
2024-10-01 00:00:00+00,N622FB,1,720,1951.6319444444444444,0,2,0,0
2024-10-01 01:00:00+00,N622FB,1,196,1964.1581632653061224,0,12,0,0
2024-10-01 02:00:00+00,N622FB,1,1098,1770.6056466302367942,1550,0,0,0
2024-10-01 03:00:00+00,N622FB,1,617,2014.4651539708265802,0,4,0,0
2024-10-01 03:00:00+00,N624FB,1,535,1839.7196261682242991,0,12,0,0
2024-10-01 04:00:00+00,N624FB,1,973,1780.7553956834532374,1500,0,0,0
2024-10-01 05:00:00+00,N624FB,1,83,1932.8313253012048193,0,2,0,0
2024-10-01 05:00:00+00,N625FB,1,1047,1799.8806112702960840,0,9,0,0
2024-10-01 06:00:00+00,N624FB,1,559,1801.4758497316636852,0,5,0,0
2024-10-01 06:00:00+00,N625FB,1,891,1725.3928170594837262,0,4,0,0
2024-10-01 07:00:00+00,N624FB,1,1015,1780.5911330049261084,1500,0,0,0
2024-10-01 07:00:00+00,N625FB,1,2,0.00000000000000000000,0,2,0,0
2024-10-01 08:00:00+00,N624FB,1,137,1834.8540145985401460,0,3,0,0
2024-10-01 08:00:00+00,N625FB,1,1048,2176.9083969465648855,0,7,0,0
2024-10-01 09:00:00+00,N625FB,1,602,2226.4534883720930233,0,4,0,0
2024-10-01 15:00:00+00,N623FB,1,750,1772.9333333333333333,0,11,0,0
2024-10-01 16:00:00+00,N623FB,1,185,1877.9729729729729730,0,2,0,0
2024-10-01 18:00:00+00,N623FB,1,869,1821.1449942462600690,0,10,0,0
2024-10-01 19:00:00+00,N623FB,2,650,1884.3461538461538462,0,4,0,0
2024-10-01 20:00:00+00,N623FB,1,193,1872.0207253886010363,0,5,0,0
2024-10-01 22:00:00+00,N622FB,1,260,1919.0384615384615385,0,6,0,0
2024-10-01 23:00:00+00,N622FB,1,1093,1996.1344922232387923,1600,0,0,0
2024-10-02 00:00:00+00,N622FB,1,144,1958.6805555555555556,0,4,0,0
2024-10-02 02:00:00+00,N622FB,1,979,1921.5781409601634321,0,8,0,0
2024-10-02 03:00:00+00,N622FB,1,680,1869.8897058823529412,0,3,0,0
2024-10-02 03:00:00+00,N624FB,1,464,1777.6939655172413793,0,6,0,0
2024-10-02 04:00:00+00,N624FB,1,1000,1699.6250000000000000,1500,0,0,0
2024-10-02 05:00:00+00,N621FB,1,841,1848.4542211652794293,0,9,0,0
2024-10-02 06:00:00+00,N621FB,1,660,1829.0909090909090909,0,4,0,0
2024-10-02 06:00:00+00,N624FB,1,474,1733.2278481012658228,0,5,0,0
2024-10-02 07:00:00+00,N624FB,1,854,1776.9613583138173302,1525,0,0,0
2024-10-02 08:00:00+00,N621FB,1,910,1794.9725274725274725,0,6,0,0
2024-10-02 08:00:00+00,N624FB,1,111,1937.3873873873873874,0,2,0,0
2024-10-02 09:00:00+00,N621FB,1,527,2092.7893738140417457,0,4,0,0
2024-10-02 16:00:00+00,N625FB,1,566,1757.9946996466431095,0,8,0,0
2024-10-02 17:00:00+00,N625FB,1,333,1787.0870870870870871,0,3,0,0
2024-10-02 18:00:00+00,N625FB,1,718,1847.3189415041782730,0,11,0,0
2024-10-02 19:00:00+00,N625FB,1,29,1557.7586206896551724,0,3,0,0
2024-10-02 23:00:00+00,N622FB,1,907,2063.8643880926130099,0,5,0,0
2024-10-03 00:00:00+00,N622FB,1,590,2061.6101694915254237,0,3,0,0
2024-10-03 01:00:00+00,N622FB,1,710,2023.9084507042253521,0,5,0,0
2024-10-03 02:00:00+00,N622FB,1,1010,2045.3960396039603960,1675,0,0,0
2024-10-03 03:00:00+00,N621FB,1,356,1890.0280898876404494,0,7,0,0
2024-10-03 03:00:00+00,N622FB,1,305,1802.8688524590163934,0,4,0,0
2024-10-03 04:00:00+00,N621FB,1,1051,1966.5080875356803045,1675,0,0,0
2024-10-03 05:00:00+00,N621FB,1,146,1922.4315068493150685,0,2,0,0
2024-10-03 05:00:00+00,N622FB,1,999,1896.3463463463463463,0,5,0,0
2024-10-03 06:00:00+00,N621FB,1,518,1951.5926640926640927,0,8,0,0
2024-10-03 06:00:00+00,N622FB,1,907,2002.8941565600882029,0,1,0,0
2024-10-03 07:00:00+00,N621FB,1,1017,1852.0648967551622419,1525,0,0,0
2024-10-03 08:00:00+00,N621FB,1,232,1809.8060344827586207,0,4,0,0
2024-10-03 08:00:00+00,N622FB,1,959,2018.2742440041710115,0,8,0,0
2024-10-03 09:00:00+00,N622FB,1,1012,2011.3636363636363636,0,4,0,0
2024-10-03 14:00:00+00,N624FB,1,59,1652.9661016949152542,0,7,0,0
2024-10-03 18:00:00+00,N624FB,1,523,1811.7590822179732314,0,8,0,0
2024-10-03 23:00:00+00,N622FB,1,872,1763.8474770642201835,0,6,0,0
2024-10-04 00:00:00+00,N622FB,1,493,1838.4888438133874239,1600,0,0,0
2024-10-04 02:00:00+00,N622FB,1,915,1835.4371584699453552,0,6,0,0
2024-10-04 03:00:00+00,N622FB,1,672,1936.3467261904761905,0,1,0,0
2024-10-04 03:00:00+00,N625FB,1,437,1869.0503432494279176,0,4,0,0
2024-10-04 04:00:00+00,N625FB,1,1071,1834.5004668534080299,1625,0,0,0
2024-10-04 05:00:00+00,N621FB,1,896,2015.1785714285714286,0,8,0,0
2024-10-04 05:00:00+00,N625FB,1,247,1869.6356275303643725,0,3,0,0
2024-10-04 06:00:00+00,N621FB,1,671,1997.1684053651266766,0,2,0,0
2024-10-04 06:00:00+00,N625FB,1,564,1893.3953900709219858,0,8,0,0
2024-10-04 07:00:00+00,N625FB,1,1047,1847.6122254059216810,1525,0,0,0
2024-10-04 08:00:00+00,N621FB,1,901,2257.7413984461709212,0,9,0,0
2024-10-04 08:00:00+00,N625FB,1,123,2062.6016260162601626,0,4,0,0
2024-10-04 09:00:00+00,N621FB,2,542,2278.4594095940959410,0,29,0,0
2024-10-04 10:00:00+00,N621FB,1,1121,2026.0927743086529884,1675,0,0,0
2024-10-04 11:00:00+00,N621FB,1,220,1995.3409090909090909,0,3,0,0
2024-10-04 15:00:00+00,N624FB,1,50,1645.0000000000000000,0,8,0,0
2024-10-04 16:00:00+00,N624FB,1,832,1811.9891826923076923,0,3,0,0
2024-10-04 18:00:00+00,N624FB,1,766,1781.9516971279373368,0,7,0,0
2024-10-04 19:00:00+00,N624FB,1,192,1718.6197916666666667,0,4,0,0
2024-10-04 23:00:00+00,N622FB,1,873,1886.1683848797250859,0,6,0,0
2024-10-05 00:00:00+00,N622FB,1,462,2029.0584415584415584,0,3,0,0
2024-10-05 02:00:00+00,N622FB,1,424,1775.8254716981132075,0,6,0,0
2024-10-05 03:00:00+00,N621FB,1,505,1888.2673267326732673,0,7,0,0
2024-10-05 03:00:00+00,N622FB,1,798,1957.5814536340852130,0,4,0,0
2024-10-05 04:00:00+00,N621FB,1,1119,1895.2636282394995532,1550,0,0,0
2024-10-05 05:00:00+00,N621FB,1,280,1894.1964285714285714,0,4,0,0
2024-10-05 05:00:00+00,N623FB,1,913,1910.4874041621029573,0,9,0,0
2024-10-05 06:00:00+00,N621FB,1,471,2124.0445859872611465,0,10,0,0
2024-10-05 06:00:00+00,N623FB,1,1173,1861.9565217391304348,1775,0,0,0
2024-10-05 07:00:00+00,N621FB,1,1029,1879.8104956268221574,1175,0,0,0
2024-10-05 07:00:00+00,N623FB,1,81,1948.7654320987654321,0,3,0,0
2024-10-05 08:00:00+00,N621FB,1,548,2043.9324817518248175,0,3,0,0
2024-10-05 08:00:00+00,N623FB,1,926,1962.3920086393088553,0,10,0,0
2024-10-05 09:00:00+00,N623FB,1,947,1865.6546990496304118,1550,0,0,0
2024-10-05 10:00:00+00,N623FB,1,332,1761.0692771084337349,0,3,0,0
2024-10-05 23:00:00+00,N622FB,1,418,1892.8827751196172249,0,6,0,0
2024-10-06 00:00:00+00,N622FB,1,478,1824.0062761506276151,0,3,0,0
2024-10-06 01:00:00+00,N622FB,1,357,1810.0140056022408964,0,10,0,0
2024-10-06 02:00:00+00,N622FB,1,1073,1761.9524697110904007,1575,0,0,0
2024-10-06 03:00:00+00,N622FB,1,55,1830.9090909090909091,0,1,0,0
2024-10-06 03:00:00+00,N623FB,1,711,2093.0028129395218003,0,8,0,0
2024-10-06 04:00:00+00,N623FB,1,945,1977.3544973544973545,1600,0,0,0
2024-10-06 05:00:00+00,N622FB,1,990,1734.9242424242424242,0,5,0,0
2024-10-06 05:00:00+00,N623FB,1,284,2051.5845070422535211,0,2,0,0
2024-10-06 06:00:00+00,N622FB,1,666,1900.7507507507507508,0,3,0,0
2024-10-06 06:00:00+00,N623FB,1,488,1881.6598360655737705,0,8,0,0
2024-10-06 07:00:00+00,N623FB,1,1043,1785.8341323106423778,1550,0,0,0
2024-10-06 08:00:00+00,N622FB,1,961,1954.8907388137356920,0,12,0,0
2024-10-06 08:00:00+00,N623FB,1,600,1709.0000000000000000,0,3,0,0
2024-10-06 09:00:00+00,N622FB,1,786,1922.7417302798982188,0,3,0,0
2024-10-06 10:00:00+00,N622FB,1,609,1792.1182266009852217,0,6,0,0
2024-10-06 11:00:00+00,N622FB,1,1136,1826.2103873239436620,1600,0,0,0
2024-10-06 12:00:00+00,N622FB,1,421,1811.1045130641330166,0,5,0,0
2024-10-06 15:00:00+00,N621FB,1,829,1697.6477683956574186,0,17,0,0
2024-10-06 16:00:00+00,N621FB,1,255,1584.4117647058823529,1400,0,0,0
2024-10-06 18:00:00+00,N621FB,1,320,1733.4375000000000000,0,12,0,0
2024-10-06 19:00:00+00,N621FB,1,771,1772.5356679636835279,0,1,0,0
2024-10-06 23:00:00+00,N624FB,1,701,1976.0699001426533524,0,8,0,0
2024-10-07 00:00:00+00,N624FB,1,1054,2057.3292220113851992,0,5,0,0
2024-10-07 02:00:00+00,N624FB,1,919,1924.7823721436343852,0,9,0,0
2024-10-07 03:00:00+00,N624FB,1,717,2138.1799163179916318,0,4,0,0
2024-10-07 04:00:00+00,N623FB,1,18,950.0000000000000000,0,9,0,0
2024-10-07 05:00:00+00,N623FB,1,1026,1826.0233918128654971,1625,0,0,0
2024-10-07 06:00:00+00,N623FB,1,648,1916.0493827160493827,0,4,0,0
2024-10-07 08:00:00+00,N623FB,1,995,1845.4522613065326633,0,10,0,0
2024-10-07 09:00:00+00,N623FB,1,634,1982.0977917981072555,0,4,0,0
2024-10-07 11:00:00+00,N623FB,1,309,2060.4368932038834951,0,12,0,0
2024-10-07 15:00:00+00,N623FB,1,1086,1766.5515653775322284,0,8,0,0
2024-10-07 16:00:00+00,N623FB,1,225,1738.1111111111111111,0,3,0,0
2024-10-07 18:00:00+00,N623FB,1,847,1735.9208972845336482,0,8,0,0
2024-10-07 19:00:00+00,N623FB,2,355,1925.4225352112676056,0,7,0,0
2024-10-07 20:00:00+00,N623FB,1,709,1791.3963328631875882,1525,0,0,0
2024-10-07 23:00:00+00,N624FB,1,863,1962.0509849362688297,0,8,0,0
2024-10-08 00:00:00+00,N624FB,1,545,2110.5504587155963303,0,3,0,0
2024-10-08 02:00:00+00,N624FB,1,946,1991.0940803382663848,0,8,0,0
2024-10-08 03:00:00+00,N621FB,1,401,1973.6907730673316708,0,9,0,0
2024-10-08 03:00:00+00,N624FB,1,654,1993.0428134556574924,0,5,0,0
2024-10-08 04:00:00+00,N621FB,1,1089,1862.5114784205693297,1600,0,0,0
2024-10-08 05:00:00+00,N621FB,1,150,2003.5000000000000000,1575,0,0,0
2024-10-08 05:00:00+00,N624FB,1,923,1999.0520043336944745,0,6,0,0
2024-10-08 06:00:00+00,N621FB,2,434,1917.1082949308755760,0,7,0,0
2024-10-08 06:00:00+00,N624FB,1,698,1886.3896848137535817,0,3,0,0
2024-10-08 07:00:00+00,N621FB,1,993,1889.5266868076535750,1525,0,0,0
2024-10-08 07:00:00+00,N624FB,1,1,0.00000000000000000000,0,1,0,0
2024-10-08 08:00:00+00,N621FB,1,326,1924.9233128834355828,0,2,0,0
2024-10-08 08:00:00+00,N624FB,1,1030,1887.1601941747572816,0,8,0,0
2024-10-08 09:00:00+00,N624FB,1,981,1891.7686034658511723,1725,0,0,0
2024-10-08 10:00:00+00,N624FB,1,704,1899.2542613636363636,0,4,0,0
2024-10-08 14:00:00+00,N621FB,1,709,1840.5500705218617772,0,7,0,0
2024-10-08 15:00:00+00,N621FB,1,429,1898.0769230769230769,0,1,0,0
2024-10-08 15:00:00+00,N625FB,1,180,1856.5277777777777778,0,11,0,0
2024-10-08 18:00:00+00,N621FB,1,907,1808.6549062844542448,0,4,0,0
2024-10-08 19:00:00+00,N621FB,1,583,1763.6363636363636364,1525,0,0,0
2024-10-08 23:00:00+00,N623FB,1,768,1951.1067708333333333,0,7,0,0
2024-10-09 00:00:00+00,N623FB,1,1092,1956.1813186813186813,0,5,0,0
2024-10-09 02:00:00+00,N623FB,1,786,2037.0229007633587786,0,7,0,0
2024-10-09 03:00:00+00,N623FB,1,636,1923.4276729559748428,0,3,0,0
2024-10-09 03:00:00+00,N625FB,1,458,1909.1157205240174672,0,10,0,0
2024-10-09 04:00:00+00,N624FB,1,8,0.00000000000000000000,0,8,0,0
2024-10-09 04:00:00+00,N625FB,1,988,1807.9200404858299595,1600,0,0,0
2024-10-09 05:00:00+00,N624FB,1,968,1980.6043388429752066,0,1,0,0
2024-10-09 05:00:00+00,N625FB,1,50,2048.0000000000000000,1550,0,0,0
2024-10-09 06:00:00+00,N624FB,1,726,1887.5688705234159780,0,5,0,0
2024-10-09 06:00:00+00,N625FB,1,521,1788.6756238003838772,0,2,0,0
2024-10-09 07:00:00+00,N624FB,1,11,504.5454545454545455,0,8,0,0
2024-10-09 07:00:00+00,N625FB,1,1099,1761.9199272065514104,1425,0,0,0
2024-10-09 08:00:00+00,N624FB,1,885,1950.4237288135593220,1650,0,0,0
2024-10-09 08:00:00+00,N625FB,1,572,1800.1311188811188811,1500,0,0,0
2024-10-09 09:00:00+00,N624FB,1,1090,1800.0229357798165138,1625,0,0,0
2024-10-09 10:00:00+00,N624FB,1,104,1888.9423076923076923,0,4,0,0
2024-10-09 14:00:00+00,N622FB,2,538,2137.3141263940520446,0,11,0,0
2024-10-09 14:00:00+00,N625FB,2,582,1989.1323024054982818,0,20,0,0
2024-10-09 15:00:00+00,N622FB,1,721,2688.1067961165048544,1750,0,0,0
2024-10-09 16:00:00+00,N622FB,1,79,1813.9240506329113924,0,2,0,0
2024-10-09 18:00:00+00,N625FB,1,240,1626.0416666666666667,0,8,0,0
2024-10-09 19:00:00+00,N625FB,1,1066,1813.5787992495309568,1450,0,0,0
2024-10-09 20:00:00+00,N625FB,1,106,1671.2264150943396226,0,3,0,0
2024-10-09 23:00:00+00,N621FB,1,739,1911.0284167794316644,0,8,0,0
2024-10-10 00:00:00+00,N621FB,1,1122,1956.6844919786096257,1675,0,0,0
2024-10-10 01:00:00+00,N621FB,1,448,1899.0513392857142857,0,4,0,0
2024-10-10 02:00:00+00,N621FB,1,917,1927.4263904034896401,0,9,0,0
2024-10-10 03:00:00+00,N621FB,1,1149,2006.5491731940818103,1625,0,0,0
2024-10-10 03:00:00+00,N624FB,1,511,1842.1722113502935421,0,9,0,0
2024-10-10 04:00:00+00,N621FB,1,167,1949.7005988023952096,0,3,0,0
2024-10-10 04:00:00+00,N623FB,1,1,0.00000000000000000000,0,1,0,0
2024-10-10 04:00:00+00,N624FB,1,974,1669.5328542094455852,1400,0,0,0
2024-10-10 05:00:00+00,N623FB,1,1006,1840.7306163021868787,0,2,0,0
2024-10-10 05:00:00+00,N624FB,1,86,1857.8488372093023256,1475,0,0,0
2024-10-10 06:00:00+00,N623FB,1,997,1860.3811434302908726,0,2,0,0
2024-10-10 06:00:00+00,N624FB,1,477,1772.2222222222222222,0,11,0,0
2024-10-10 07:00:00+00,N624FB,1,944,1711.2552966101694915,1425,0,0,0
2024-10-10 08:00:00+00,N623FB,1,806,1979.2803970223325062,0,1,0,0
2024-10-10 08:00:00+00,N624FB,1,273,1712.2710622710622711,1525,0,0,0
2024-10-10 09:00:00+00,N623FB,1,978,2022.9550102249488753,1550,0,0,0
2024-10-10 10:00:00+00,N623FB,1,189,2039.0211640211640212,0,4,0,0
2024-10-10 18:00:00+00,N625FB,1,667,1637.2188905547226387,0,13,0,0
2024-10-10 19:00:00+00,N625FB,1,312,1697.9166666666666667,0,4,0,0
2024-10-10 21:00:00+00,N621FB,1,76,1826.6447368421052632,0,8,0,0
2024-10-10 22:00:00+00,N621FB,1,1163,2347.2914875322441960,1675,0,0,0
2024-10-10 23:00:00+00,N621FB,1,151,2091.3907284768211921,0,3,0,0
2024-10-10 23:00:00+00,N624FB,1,661,1664.5612708018154312,0,7,0,0
2024-10-11 00:00:00+00,N624FB,1,518,1714.1409266409266409,0,2,0,0
2024-10-11 01:00:00+00,N624FB,1,301,1783.7209302325581395,0,5,0,0
2024-10-11 02:00:00+00,N621FB,1,991,2110.1917255297679112,0,12,0,0
2024-10-11 02:00:00+00,N624FB,1,1084,1842.6199261992619926,0,4,0,0
2024-10-11 03:00:00+00,N621FB,1,543,2110.2670349907918969,0,3,0,0
2024-10-11 03:00:00+00,N623FB,1,486,1911.3683127572016461,0,9,0,0
2024-10-11 04:00:00+00,N623FB,1,1095,1949.3835616438356164,1625,0,0,0
2024-10-11 05:00:00+00,N622FB,1,981,1886.7227319062181448,0,11,0,0
2024-10-11 05:00:00+00,N623FB,1,211,1836.2559241706161137,0,5,0,0
2024-10-11 06:00:00+00,N622FB,1,541,2009.5194085027726433,0,2,0,0
2024-10-11 06:00:00+00,N623FB,1,486,2063.1172839506172840,0,9,0,0
2024-10-11 07:00:00+00,N623FB,1,1140,1839.8464912280701754,1450,0,0,0
2024-10-11 08:00:00+00,N622FB,1,917,1882.9062159214830971,0,16,0,0
2024-10-11 08:00:00+00,N623FB,1,175,1800.2857142857142857,0,4,0,0
2024-10-11 09:00:00+00,N622FB,1,702,1899.2165242165242165,0,4,0,0
2024-10-11 11:00:00+00,N622FB,1,367,1694.4822888283378747,0,10,0,0
2024-10-11 12:00:00+00,N622FB,1,1164,1786.7268041237113402,1475,0,0,0
2024-10-11 13:00:00+00,N622FB,1,82,1775.9146341463414634,0,3,0,0
2024-10-11 15:00:00+00,N625FB,1,408,1931.6176470588235294,0,9,0,0
2024-10-11 16:00:00+00,N625FB,1,545,1894.6330275229357798,0,3,0,0
2024-10-11 18:00:00+00,N624FB,1,1116,2205.8243727598566308,0,13,0,0
2024-10-11 19:00:00+00,N624FB,1,1064,2221.3815789473684211,1600,0,0,0
2024-10-11 20:00:00+00,N623FB,1,341,1826.1730205278592375,0,8,0,0
2024-10-11 20:00:00+00,N624FB,2,449,1843.9866369710467706,0,21,0,0
2024-10-11 21:00:00+00,N623FB,2,700,1846.7857142857142857,0,11,0,0
2024-10-11 21:00:00+00,N624FB,1,865,1730.2023121387283237,0,4,0,0
2024-10-11 22:00:00+00,N623FB,1,1148,1985.4094076655052265,1775,0,0,0
2024-10-11 23:00:00+00,N623FB,2,392,1648.4693877551020408,0,6,0,0
2024-10-12 00:00:00+00,N623FB,1,561,1946.8360071301247772,0,3,0,0
2024-10-12 03:00:00+00,N625FB,1,769,1984.0377113133940182,0,9,0,0
2024-10-12 04:00:00+00,N625FB,1,931,1870.0859291084854995,1475,0,0,0
2024-10-12 05:00:00+00,N622FB,1,997,1895.1855566700100301,0,6,0,0
2024-10-12 05:00:00+00,N625FB,1,289,2006.6608996539792388,0,3,0,0
2024-10-12 06:00:00+00,N622FB,1,677,1783.2348596750369276,0,3,0,0
2024-10-12 06:00:00+00,N625FB,1,514,1878.0155642023346304,0,9,0,0
2024-10-12 07:00:00+00,N625FB,1,981,2054.8419979612640163,1475,0,0,0
2024-10-12 08:00:00+00,N622FB,1,1047,1772.3495702005730659,0,10,0,0
2024-10-12 08:00:00+00,N625FB,1,685,2083.2481751824817518,0,3,0,0
2024-10-12 09:00:00+00,N622FB,1,457,1866.4113785557986871,0,5,0,0
2024-10-12 22:00:00+00,N622FB,1,175,1800.2857142857142857,0,8,0,0
2024-10-12 23:00:00+00,N622FB,3,847,1972.5206611570247934,0,1,0,0
2024-10-13 00:00:00+00,N622FB,1,131,2037.4045801526717557,0,4,0,0
2024-10-13 02:00:00+00,N622FB,1,828,1733.7258454106280193,0,9,0,0
2024-10-13 03:00:00+00,N621FB,1,408,1847.9166666666666667,0,6,0,0
2024-10-13 03:00:00+00,N622FB,1,586,1747.8668941979522184,0,3,0,0
2024-10-13 04:00:00+00,N621FB,1,1065,1831.2441314553990610,1525,0,0,0
2024-10-13 05:00:00+00,N621FB,1,551,1963.2486388384754991,0,3,0,0
2024-10-13 05:00:00+00,N622FB,1,1058,2050.6616257088846881,0,4,0,0
2024-10-13 06:00:00+00,N621FB,1,506,1845.1086956521739130,0,7,0,0
2024-10-13 06:00:00+00,N622FB,1,729,1725.9602194787379973,0,3,0,0
2024-10-13 07:00:00+00,N621FB,1,1103,1838.9165911151405258,1600,0,0,0
2024-10-13 07:00:00+00,N622FB,1,19,1022.3684210526315789,0,9,0,0
2024-10-13 08:00:00+00,N621FB,1,88,1875.8522727272727273,0,4,0,0
2024-10-13 08:00:00+00,N622FB,1,849,1961.4252061248527680,1325,0,0,0
2024-10-13 09:00:00+00,N622FB,1,462,1830.5194805194805195,0,3,0,0
2024-10-13 14:00:00+00,N623FB,1,233,1510.8369098712446352,0,13,0,0
2024-10-13 15:00:00+00,N623FB,1,1081,1643.1544865864939870,0,1,0,0
2024-10-13 18:00:00+00,N623FB,1,937,1904.6958377801494130,0,11,0,0
2024-10-13 19:00:00+00,N623FB,1,251,2121.0159362549800797,0,2,0,0
2024-10-13 22:00:00+00,N623FB,1,345,2004.4927536231884058,0,6,0,0
2024-10-13 23:00:00+00,N622FB,1,992,1912.6008064516129032,0,6,0,0
2024-10-13 23:00:00+00,N623FB,1,854,1873.0386416861826698,1600,0,0,0
2024-10-14 00:00:00+00,N622FB,1,556,1896.8974820143884892,0,4,0,0
2024-10-14 00:00:00+00,N623FB,1,381,1949.8031496062992126,1500,0,0,0
2024-10-14 02:00:00+00,N622FB,1,795,1997.4528301886792453,0,11,0,0
2024-10-14 03:00:00+00,N621FB,1,487,1784.9075975359342916,0,10,0,0
2024-10-14 03:00:00+00,N622FB,1,852,1988.2042253521126761,0,6,0,0
2024-10-14 04:00:00+00,N621FB,1,1113,1958.0188679245283019,1650,0,0,0
2024-10-14 04:00:00+00,N622FB,1,1,0.00000000000000000000,0,1,0,0
2024-10-14 05:00:00+00,N621FB,1,250,1778.6000000000000000,0,3,0,0
2024-10-14 05:00:00+00,N622FB,1,1085,2485.0691244239631336,0,7,0,0
2024-10-14 06:00:00+00,N621FB,1,511,2781.8982387475538160,0,14,0,0
2024-10-14 06:00:00+00,N622FB,1,970,3160.4896907216494845,0,4,0,0
2024-10-14 07:00:00+00,N621FB,1,1060,2193.2547169811320755,1575,0,0,0
2024-10-14 08:00:00+00,N621FB,1,701,1870.6134094151212553,0,4,0,0
2024-10-14 08:00:00+00,N622FB,1,1107,1802.6196928635953026,0,7,0,0
2024-10-14 09:00:00+00,N622FB,1,626,1723.4824281150159744,0,3,0,0
2024-10-14 14:00:00+00,N624FB,2,365,1933.3561643835616438,0,12,0,0
2024-10-14 15:00:00+00,N624FB,1,279,2016.7562724014336918,0,2,0,0
2024-10-14 23:00:00+00,N622FB,1,882,1942.7154195011337868,0,5,0,0
2024-10-15 00:00:00+00,N622FB,1,556,1884.6672661870503597,0,3,0,0
2024-10-15 02:00:00+00,N622FB,1,963,1857.0872274143302181,0,7,0,0
2024-10-15 02:00:00+00,N623FB,1,493,2122.1095334685598377,0,5,0,0
2024-10-15 03:00:00+00,N622FB,1,768,1898.4049479166666667,0,3,0,0
2024-10-15 03:00:00+00,N623FB,2,712,1800.5266853932584270,0,4,0,0
2024-10-15 03:00:00+00,N624FB,1,489,1728.3742331288343558,0,10,0,0
2024-10-15 04:00:00+00,N622FB,1,1,0.00000000000000000000,0,1,0,0
2024-10-15 04:00:00+00,N624FB,1,950,1776.2894736842105263,1525,0,0,0
2024-10-15 05:00:00+00,N622FB,1,1003,1850.5732801595214357,0,4,0,0
2024-10-15 05:00:00+00,N624FB,1,105,1775.7142857142857143,0,4,0,0
2024-10-15 06:00:00+00,N622FB,1,749,1788.3177570093457944,0,3,0,0
2024-10-15 06:00:00+00,N624FB,1,499,1850.7014028056112224,0,11,0,0
2024-10-15 07:00:00+00,N624FB,1,1120,1827.7232142857142857,1650,0,0,0
2024-10-15 08:00:00+00,N622FB,1,995,1734.7989949748743719,0,5,0,0
2024-10-15 08:00:00+00,N624FB,1,105,1855.7142857142857143,0,3,0,0
2024-10-15 09:00:00+00,N622FB,1,1071,1755.3221288515406162,1550,0,0,0
2024-10-15 10:00:00+00,N622FB,1,115,1770.4347826086956522,0,4,0,0
2024-10-15 19:00:00+00,N622FB,1,902,1692.1840354767184035,0,12,0,0
2024-10-15 20:00:00+00,N622FB,1,99,1798.4848484848484848,0,2,0,0
2024-10-15 22:00:00+00,N622FB,1,194,2035.0515463917525773,0,4,0,0
2024-10-15 23:00:00+00,N622FB,1,1093,1919.4419030192131747,1525,0,0,0
2024-10-16 00:00:00+00,N622FB,1,1058,1823.3931947069943289,0,5,0,0
2024-10-16 02:00:00+00,N621FB,1,981,2627.3700305810397554,0,5,0,0
2024-10-16 02:00:00+00,N622FB,1,869,1958.3716915995397008,0,8,0,0
2024-10-16 03:00:00+00,N621FB,1,573,2553.0977312390924956,0,4,0,0
2024-10-16 03:00:00+00,N622FB,1,943,1917.0731707317073171,1600,0,0,0
2024-10-16 03:00:00+00,N624FB,1,450,1911.1666666666666667,0,9,0,0
2024-10-16 04:00:00+00,N622FB,2,40,1536.8750000000000000,0,5,0,0
2024-10-16 04:00:00+00,N624FB,1,896,1825.4464285714285714,1475,0,0,0
2024-10-16 05:00:00+00,N622FB,1,890,1906.1797752808988764,0,6,0,0
2024-10-16 05:00:00+00,N624FB,1,87,1872.9885057471264368,0,1,0,0
2024-10-16 06:00:00+00,N622FB,2,505,2162.6732673267326733,0,3,0,0
2024-10-16 06:00:00+00,N624FB,1,341,1942.2287390029325513,0,9,0,0
2024-10-16 07:00:00+00,N624FB,1,994,1742.9074446680080483,1500,0,0,0
2024-10-16 08:00:00+00,N622FB,1,979,2049.8978549540347293,0,8,0,0
2024-10-16 08:00:00+00,N624FB,1,156,1807.3717948717948718,0,3,0,0
2024-10-16 09:00:00+00,N622FB,2,561,2306.1942959001782531,0,5,0,0
2024-10-16 10:00:00+00,N622FB,1,80,1771.2500000000000000,0,8,0,0
2024-10-16 11:00:00+00,N622FB,1,914,1814.7702407002188184,0,3,0,0
2024-10-16 13:00:00+00,N625FB,1,382,1912.1073298429319372,0,12,0,0
2024-10-16 14:00:00+00,N625FB,1,456,2033.6622807017543860,0,4,0,0
2024-10-16 15:00:00+00,N625FB,1,372,1563.8440860215053763,0,8,0,0
2024-10-16 16:00:00+00,N625FB,1,639,1869.6400625978090767,0,2,0,0
2024-10-16 18:00:00+00,N625FB,1,748,1798.2954545454545455,0,8,0,0
2024-10-16 19:00:00+00,N625FB,1,631,1707.3692551505546751,0,2,0,0
2024-10-16 20:00:00+00,N624FB,1,326,2071.0122699386503067,0,7,0,0
2024-10-16 21:00:00+00,N622FB,1,941,1928.9054197662061637,0,1,0,0
2024-10-16 22:00:00+00,N622FB,1,462,2169.2099567099567100,1575,0,0,0
2024-10-17 01:00:00+00,N622FB,1,20,1247.5000000000000000,0,8,0,0
2024-10-17 02:00:00+00,N621FB,1,770,3587.3051948051948052,0,7,0,0
2024-10-17 02:00:00+00,N622FB,1,970,2120.7216494845360825,1850,0,0,0
2024-10-17 03:00:00+00,N621FB,1,399,3058.2706766917293233,0,4,0,0
2024-10-17 03:00:00+00,N622FB,1,587,1963.2879045996592845,0,2,0,0
2024-10-17 03:00:00+00,N624FB,1,512,1990.8203125000000000,0,7,0,0
2024-10-17 04:00:00+00,N622FB,1,1,0.00000000000000000000,0,1,0,0
2024-10-17 04:00:00+00,N624FB,1,1033,1805.4453049370764763,1575,0,0,0
2024-10-17 05:00:00+00,N622FB,1,853,1891.6764361078546307,0,3,0,0
2024-10-17 05:00:00+00,N624FB,1,39,2021.1538461538461538,1600,0,0,0
2024-10-17 06:00:00+00,N622FB,1,522,1953.9272030651340996,0,3,0,0
2024-10-17 06:00:00+00,N624FB,1,499,1800.4509018036072144,0,8,0,0
2024-10-17 07:00:00+00,N624FB,1,987,1854.5086119554204661,1650,0,0,0
2024-10-17 08:00:00+00,N622FB,1,971,2007.1318228630278064,0,8,0,0
2024-10-17 08:00:00+00,N624FB,1,89,1979.7752808988764045,0,2,0,0
2024-10-17 09:00:00+00,N622FB,1,893,2156.7469204927211646,1800,0,0,0
2024-10-17 10:00:00+00,N622FB,1,85,2010.5882352941176471,0,2,0,0
2024-10-17 15:00:00+00,N623FB,1,121,1777.6859504132231405,0,8,0,0
2024-10-17 18:00:00+00,N623FB,1,929,1850.1345532831001076,0,1,0,0
2024-10-17 19:00:00+00,N623FB,1,392,2083.9285714285714286,0,2,0,0
2024-10-17 23:00:00+00,N622FB,1,912,2160.3344298245614035,0,3,0,0
2024-10-18 00:00:00+00,N622FB,1,868,2693.2891705069124424,0,3,0,0
2024-10-18 02:00:00+00,N622FB,1,970,2448.4536082474226804,0,5,0,0
2024-10-18 03:00:00+00,N622FB,1,383,2265.9921671018276762,0,2,0,0
2024-10-18 03:00:00+00,N624FB,1,259,1924.7104247104247104,0,8,0,0
2024-10-18 04:00:00+00,N624FB,1,1097,1915.3144940747493163,1625,0,0,0
2024-10-18 05:00:00+00,N622FB,1,964,1964.2116182572614108,0,5,0,0
2024-10-18 05:00:00+00,N624FB,1,151,2064.4039735099337748,1675,0,0,0
2024-10-18 06:00:00+00,N622FB,2,762,1880.3477690288713911,0,6,0,0
2024-10-18 06:00:00+00,N624FB,1,520,2084.1826923076923077,0,7,0,0
2024-10-18 07:00:00+00,N624FB,2,963,2126.4278296988577362,1775,0,0,0
2024-10-18 08:00:00+00,N622FB,2,777,2325.6113256113256113,0,8,0,0
2024-10-18 08:00:00+00,N624FB,1,133,2192.1052631578947368,0,1,0,0
2024-10-18 09:00:00+00,N622FB,1,824,2105.5521844660194175,0,4,0,0
2024-10-18 14:00:00+00,N624FB,1,46,1902.1739130434782609,0,3,0,0
2024-10-18 15:00:00+00,N624FB,1,1062,1902.3775894538606403,1675,0,0,0
2024-10-18 16:00:00+00,N624FB,1,448,2130.0781250000000000,1650,0,0,0
2024-10-18 23:00:00+00,N622FB,1,73,1861.6438356164383562,0,7,0,0
2024-10-19 00:00:00+00,N622FB,1,976,2020.5942622950819672,0,5,0,0
2024-10-19 02:00:00+00,N622FB,1,1089,1865.3122130394857668,0,9,0,0
2024-10-19 03:00:00+00,N622FB,1,692,2069.7976878612716763,1475,0,0,0
2024-10-19 03:00:00+00,N625FB,1,503,2001.6401590457256461,0,6,0,0
2024-10-19 04:00:00+00,N625FB,1,1020,1863.0392156862745098,1500,0,0,0
2024-10-19 05:00:00+00,N622FB,1,960,1824.9739583333333333,0,8,0,0
2024-10-19 05:00:00+00,N625FB,1,389,1807.5192802056555270,0,3,0,0
2024-10-19 06:00:00+00,N622FB,1,621,1743.3172302737520129,0,4,0,0
2024-10-19 06:00:00+00,N625FB,1,437,1869.2791762013729977,0,8,0,0
2024-10-19 07:00:00+00,N622FB,1,1,0.00000000000000000000,0,1,0,0
2024-10-19 07:00:00+00,N625FB,1,981,1980.8868501529051988,1525,0,0,0
2024-10-19 08:00:00+00,N622FB,2,1010,1611.2871287128712871,0,12,0,0
2024-10-19 08:00:00+00,N625FB,1,425,2012.7647058823529412,0,4,0,0
2024-10-19 09:00:00+00,N622FB,1,548,1770.8485401459854015,0,3,0,0
2024-10-19 14:00:00+00,N624FB,1,314,1472.1337579617834395,0,12,0,0
2024-10-19 15:00:00+00,N624FB,2,600,1804.9583333333333333,0,4,0,0
2024-10-19 18:00:00+00,N624FB,1,771,1794.1958495460440986,0,11,0,0
2024-10-19 19:00:00+00,N624FB,1,149,1770.1342281879194631,0,3,0,0
2024-10-19 21:00:00+00,N622FB,1,287,1613.5017421602787456,0,13,0,0
2024-10-19 22:00:00+00,N622FB,1,1057,1657.3084200567644276,1450,0,0,0
2024-10-19 23:00:00+00,N622FB,1,59,1666.5254237288135593,0,3,0,0
2024-10-20 01:00:00+00,N622FB,1,600,1655.3333333333333333,0,6,0,0
2024-10-20 02:00:00+00,N622FB,1,1062,1820.7156308851224105,1500,0,0,0
2024-10-20 03:00:00+00,N622FB,1,60,1656.6666666666666667,0,3,0,0
2024-10-20 03:00:00+00,N625FB,1,415,1803.2530120481927711,0,12,0,0
2024-10-20 04:00:00+00,N625FB,1,1047,1798.6867239732569245,1500,0,0,0
2024-10-20 05:00:00+00,N622FB,1,1020,2171.5196078431372549,0,23,0,0
2024-10-20 05:00:00+00,N625FB,1,260,1830.9615384615384615,0,4,0,0
2024-10-20 06:00:00+00,N622FB,1,819,2180.9218559218559219,0,3,0,0
2024-10-20 06:00:00+00,N625FB,1,556,2131.6996402877697842,0,16,0,0
2024-10-20 07:00:00+00,N625FB,1,1014,1974.9013806706114398,1650,0,0,0
2024-10-20 08:00:00+00,N622FB,1,966,2247.2049689440993789,0,10,0,0
2024-10-20 08:00:00+00,N625FB,1,143,1713.6363636363636364,0,4,0,0
2024-10-20 09:00:00+00,N622FB,1,636,1724.0172955974842767,0,4,0,0
2024-10-20 12:00:00+00,N625FB,1,573,1491.9720767888307155,0,13,0,0
2024-10-20 18:00:00+00,N625FB,1,862,1584.1647331786542923,0,9,0,0
2024-10-20 19:00:00+00,N625FB,1,47,1455.8510638297872340,0,4,0,0
2024-10-20 22:00:00+00,N622FB,1,1,0.00000000000000000000,0,1,0,0
2024-10-20 23:00:00+00,N622FB,1,948,1674.0770042194092827,0,29,0,0
2024-10-21 00:00:00+00,N622FB,1,500,1879.6500000000000000,0,2,0,0
2024-10-21 02:00:00+00,N622FB,1,1020,1523.3333333333333333,0,24,0,0
2024-10-21 03:00:00+00,N622FB,1,845,1674.1124260355029586,0,3,0,0
2024-10-21 03:00:00+00,N624FB,1,502,1531.6733067729083665,0,5,0,0
2024-10-21 04:00:00+00,N624FB,1,1094,1537.3400365630712980,1200,0,0,0
2024-10-21 05:00:00+00,N622FB,2,735,1584.5578231292517007,0,11,0,0
2024-10-21 05:00:00+00,N624FB,1,150,1726.5000000000000000,0,2,0,0
2024-10-21 06:00:00+00,N622FB,1,665,1844.1353383458646617,0,4,0,0
2024-10-21 06:00:00+00,N624FB,1,421,1678.5035629453681710,0,8,0,0
2024-10-21 07:00:00+00,N624FB,1,858,1637.1794871794871795,1200,0,0,0
2024-10-21 08:00:00+00,N622FB,1,1033,3259.5353339787028074,0,10,0,0
2024-10-21 08:00:00+00,N624FB,1,122,1948.1557377049180328,0,3,0,0
2024-10-21 09:00:00+00,N622FB,1,653,2384.8774885145482389,0,4,0,0
2024-10-21 10:00:00+00,N622FB,1,303,1736.0561056105610561,0,10,0,0
2024-10-21 11:00:00+00,N622FB,1,163,1864.1104294478527607,0,3,0,0
2024-10-21 23:00:00+00,N622FB,1,630,1838.4920634920634921,0,11,0,0
2024-10-22 00:00:00+00,N622FB,1,995,1821.1055276381909548,1450,0,0,0
2024-10-22 01:00:00+00,N622FB,1,375,1974.5333333333333333,0,3,0,0
2024-10-22 02:00:00+00,N622FB,1,336,1677.3065476190476190,0,10,0,0
2024-10-22 03:00:00+00,N621FB,1,410,1798.1097560975609756,0,10,0,0
2024-10-22 03:00:00+00,N622FB,1,893,1858.5106382978723404,0,4,0,0
2024-10-22 04:00:00+00,N621FB,1,1046,1627.5573613766730402,1375,0,0,0
2024-10-22 04:00:00+00,N622FB,1,3,0.00000000000000000000,0,3,0,0
2024-10-22 05:00:00+00,N621FB,1,75,1799.0000000000000000,1375,0,0,0
2024-10-22 05:00:00+00,N622FB,1,932,1726.8776824034334764,0,9,0,0
2024-10-22 06:00:00+00,N621FB,1,440,1699.9431818181818182,0,4,0,0
2024-10-22 06:00:00+00,N622FB,1,647,1752.3570324574961360,0,3,0,0
2024-10-22 07:00:00+00,N621FB,1,952,1721.4285714285714286,1400,0,0,0
2024-10-22 07:00:00+00,N622FB,1,13,571.1538461538461538,0,9,0,0
2024-10-22 08:00:00+00,N621FB,1,86,1793.6046511627906977,0,3,0,0
2024-10-22 08:00:00+00,N622FB,2,866,1769.5150115473441109,0,3,0,0
2024-10-22 09:00:00+00,N622FB,1,514,1748.4922178988326848,0,4,0,0
2024-10-22 12:00:00+00,N622FB,2,451,1660.8647450110864745,0,31,0,0
2024-10-22 13:00:00+00,N622FB,1,343,1644.2419825072886297,0,10,0,0
2024-10-22 15:00:00+00,N622FB,1,176,1397.1590909090909091,0,16,0,0
2024-10-22 16:00:00+00,N622FB,1,190,1591.3157894736842105,1325,0,0,0
2024-10-22 17:00:00+00,N622FB,1,198,1719.5707070707070707,1300,0,0,0
2024-10-22 18:00:00+00,N622FB,1,291,1544.7594501718213058,0,10,0,0
2024-10-22 19:00:00+00,N622FB,1,1068,1673.0102996254681648,1375,0,0,0
2024-10-22 20:00:00+00,N622FB,1,313,1695.0479233226837061,1375,0,0,0
2024-10-22 23:00:00+00,N624FB,1,940,1998.1648936170212766,0,11,0,0
2024-10-23 00:00:00+00,N624FB,1,1154,2195.1906412478336222,1700,0,0,0
2024-10-23 01:00:00+00,N624FB,1,19,1298.6842105263157895,0,3,0,0
2024-10-23 02:00:00+00,N624FB,1,854,1818.3548009367681499,0,14,0,0
2024-10-23 03:00:00+00,N624FB,1,770,1842.8896103896103896,0,4,0,0
2024-10-23 03:00:00+00,N625FB,1,501,1833.8323353293413174,0,4,0,0
2024-10-23 04:00:00+00,N625FB,1,1021,1694.5641527913809990,1325,0,0,0
2024-10-23 05:00:00+00,N622FB,1,930,1890.5107526881720430,0,7,0,0
2024-10-23 05:00:00+00,N625FB,1,115,1709.1304347826086957,0,3,0,0
2024-10-23 06:00:00+00,N622FB,1,673,1920.2451708766716196,0,4,0,0
2024-10-23 06:00:00+00,N625FB,1,433,1725.6351039260969977,0,10,0,0
2024-10-23 07:00:00+00,N625FB,1,964,1675.6742738589211618,1475,0,0,0
2024-10-23 08:00:00+00,N622FB,1,993,2155.0855991943605237,0,9,0,0
2024-10-23 08:00:00+00,N625FB,1,68,1755.8823529411764706,0,3,0,0
2024-10-23 09:00:00+00,N622FB,1,993,1796.2235649546827795,1500,0,0,0
2024-10-23 10:00:00+00,N622FB,1,977,1835.3377686796315251,0,4,0,0
2024-10-23 19:00:00+00,N625FB,1,176,1890.6250000000000000,0,7,0,0
2024-10-23 20:00:00+00,N625FB,2,462,1941.9372294372294372,0,5,0,0
2024-10-23 22:00:00+00,N621FB,1,728,2015.5906593406593407,0,10,0,0
2024-10-23 23:00:00+00,N621FB,1,1031,1993.8409311348205626,1625,0,0,0
2024-10-24 00:00:00+00,N621FB,2,480,1902.8125000000000000,0,13,0,0
2024-10-24 01:00:00+00,N621FB,1,1082,2116.1737523105360444,1600,0,0,0
2024-10-24 02:00:00+00,N621FB,1,489,2001.8916155419222904,0,2,0,0
2024-10-24 03:00:00+00,N624FB,1,407,1675.9213759213759214,0,11,0,0
2024-10-24 04:00:00+00,N624FB,1,977,1668.0655066530194473,1400,0,0,0
2024-10-24 05:00:00+00,N621FB,1,952,1803.1512605042016807,0,8,0,0
2024-10-24 05:00:00+00,N624FB,1,96,1755.2083333333333333,0,1,0,0
2024-10-24 06:00:00+00,N621FB,1,610,1887.8688524590163934,0,2,0,0
2024-10-24 06:00:00+00,N624FB,1,453,1650.8278145695364238,0,13,0,0
2024-10-24 07:00:00+00,N621FB,1,1,0.00000000000000000000,0,1,0,0
2024-10-24 07:00:00+00,N624FB,1,1048,1629.5324427480916031,1400,0,0,0
2024-10-24 08:00:00+00,N621FB,1,924,1953.1926406926406926,0,8,0,0
2024-10-24 08:00:00+00,N624FB,1,155,1793.5483870967741935,0,2,0,0
2024-10-24 09:00:00+00,N621FB,1,632,2021.7167721518987342,0,5,0,0
2024-10-24 10:00:00+00,N621FB,1,141,1770.0354609929078014,0,8,0,0
2024-10-24 11:00:00+00,N621FB,1,93,1831.4516129032258065,0,4,0,0
2024-10-24 19:00:00+00,N621FB,1,920,1801.8750000000000000,0,5,0,0
2024-10-24 20:00:00+00,N621FB,1,997,1780.0902708124373119,0,2,0,0
2024-10-24 22:00:00+00,N621FB,1,446,1754.2040358744394619,0,4,0,0
2024-10-24 23:00:00+00,N621FB,1,492,1787.0426829268292683,0,3,0,0
2024-10-24 23:00:00+00,N622FB,1,612,1834.3137254901960784,0,8,0,0
2024-10-25 00:00:00+00,N622FB,1,1100,1821.8636363636363636,1525,0,0,0
2024-10-25 01:00:00+00,N622FB,1,10,1125.0000000000000000,0,3,0,0
2024-10-25 02:00:00+00,N625FB,1,292,2343.0650684931506849,0,7,0,0
2024-10-25 03:00:00+00,N625FB,2,190,2062.2368421052631579,0,6,0,0
2024-10-25 15:00:00+00,N624FB,1,249,1649.1967871485943775,0,16,0,0
2024-10-25 16:00:00+00,N624FB,1,902,1644.8447893569844789,1375,0,0,0
2024-10-25 17:00:00+00,N624FB,2,489,2001.0736196319018405,0,14,0,0
2024-10-25 18:00:00+00,N624FB,1,772,1624.3847150259067358,1050,0,0,0
2024-10-25 19:00:00+00,N624FB,1,87,1702.5862068965517241,0,3,0,0
2024-10-25 23:00:00+00,N624FB,1,856,1921.4077102803738318,0,4,0,0
2024-10-26 00:00:00+00,N624FB,2,346,2025.8670520231213873,0,4,0,0
2024-10-26 02:00:00+00,N624FB,1,975,2037.6923076923076923,0,13,0,0
2024-10-26 03:00:00+00,N621FB,1,487,1802.4127310061601643,0,8,0,0
2024-10-26 03:00:00+00,N624FB,1,435,1764.7701149425287356,1400,0,0,0
2024-10-26 04:00:00+00,N621FB,1,1033,1761.7376573088092933,1425,0,0,0
2024-10-26 05:00:00+00,N621FB,1,135,1813.7037037037037037,0,2,0,0
2024-10-26 05:00:00+00,N625FB,1,989,1709.7826086956521739,0,9,0,0
2024-10-26 06:00:00+00,N621FB,1,498,1656.9277108433734940,0,12,0,0
2024-10-26 06:00:00+00,N625FB,1,662,1660.1208459214501511,0,3,0,0
2024-10-26 07:00:00+00,N621FB,1,1086,1669.2219152854511971,1400,0,0,0
2024-10-26 07:00:00+00,N625FB,1,28,1094.6428571428571429,0,12,0,0
2024-10-26 08:00:00+00,N621FB,1,207,1558.4541062801932367,0,3,0,0
2024-10-26 08:00:00+00,N625FB,1,957,1822.8840125391849530,1475,0,0,0
2024-10-26 09:00:00+00,N625FB,1,547,1756.1243144424131627,0,4,0,0
2024-10-26 15:00:00+00,N625FB,1,613,1605.5057096247960848,0,49,0,0
2024-10-26 16:00:00+00,N625FB,1,347,1863.7608069164265130,0,3,0,0
2024-10-26 18:00:00+00,N625FB,1,677,1705.0590841949778434,0,18,0,0
2024-10-26 19:00:00+00,N625FB,1,227,1718.6123348017621145,1350,0,0,0
2024-10-26 23:00:00+00,N622FB,1,1001,1802.0979020979020979,0,11,0,0
2024-10-27 00:00:00+00,N622FB,1,624,1807.9727564102564103,0,3,0,0
2024-10-27 01:00:00+00,N622FB,1,14,0.00000000000000000000,0,14,0,0
2024-10-27 02:00:00+00,N622FB,1,946,1891.6226215644820296,1550,0,0,0
2024-10-27 03:00:00+00,N622FB,1,717,1882.8103207810320781,0,2,0,0
2024-10-27 03:00:00+00,N624FB,1,496,1692.0866935483870968,0,14,0,0
2024-10-27 04:00:00+00,N624FB,1,1054,1669.2599620493358634,1475,0,0,0
2024-10-27 05:00:00+00,N622FB,1,991,1897.8557013118062563,0,13,0,0
2024-10-27 05:00:00+00,N624FB,1,226,1600.5530973451327434,0,2,0,0
2024-10-27 06:00:00+00,N622FB,1,711,1712.7637130801687764,0,3,0,0
2024-10-27 06:00:00+00,N624FB,1,442,1625.8484162895927602,0,13,0,0
2024-10-27 07:00:00+00,N624FB,1,1046,1737.3087954110898662,1450,0,0,0
2024-10-27 08:00:00+00,N622FB,1,879,1683.7883959044368601,0,12,0,0
2024-10-27 08:00:00+00,N624FB,1,201,1690.4228855721393035,0,3,0,0
2024-10-27 09:00:00+00,N622FB,1,529,1743.8090737240075614,0,2,0,0
2024-10-27 15:00:00+00,N621FB,1,707,1663.1895332390381895,0,13,0,0
2024-10-27 16:00:00+00,N621FB,1,517,1861.9922630560928433,0,3,0,0
2024-10-27 18:00:00+00,N621FB,1,353,1708.9235127478753541,0,9,0,0
2024-10-27 19:00:00+00,N621FB,1,1059,1684.8914069877242682,1400,0,0,0
2024-10-27 20:00:00+00,N621FB,1,89,1772.1910112359550562,1425,0,0,0
2024-10-27 23:00:00+00,N625FB,1,1053,1937.2981956315289649,0,7,0,0
2024-10-28 00:00:00+00,N625FB,1,864,1927.2569444444444444,0,5,0,0
2024-10-28 02:00:00+00,N625FB,1,826,1853.3898305084745763,0,9,0,0
2024-10-28 03:00:00+00,N622FB,1,310,1826.2096774193548387,0,10,0,0
2024-10-28 03:00:00+00,N625FB,1,664,1853.4638554216867470,0,5,0,0
2024-10-28 04:00:00+00,N622FB,1,1024,1681.0546875000000000,1400,0,0,0
2024-10-28 05:00:00+00,N622FB,1,101,1886.3861386138613861,1500,0,0,0
2024-10-28 05:00:00+00,N625FB,1,941,2021.7321997874601488,0,9,0,0
2024-10-28 06:00:00+00,N622FB,1,526,1811.4543726235741445,0,4,0,0
2024-10-28 06:00:00+00,N625FB,1,630,2133.4523809523809524,0,3,0,0
2024-10-28 07:00:00+00,N622FB,1,913,1669.2223439211391019,1350,0,0,0
2024-10-28 08:00:00+00,N622FB,1,87,1983.6206896551724138,0,3,0,0
2024-10-28 08:00:00+00,N625FB,1,1014,2096.3757396449704142,0,7,0,0
2024-10-28 09:00:00+00,N625FB,2,567,1947.2222222222222222,0,7,0,0
2024-10-28 10:00:00+00,N625FB,1,390,1914.4871794871794872,0,6,0,0
2024-10-28 11:00:00+00,N625FB,1,738,2057.8252032520325203,0,4,0,0
2024-10-28 15:00:00+00,N622FB,1,422,1886.7298578199052133,0,6,0,0
2024-10-28 16:00:00+00,N622FB,1,548,1689.7810218978102190,1450,0,0,0
2024-10-28 18:00:00+00,N622FB,1,471,1828.8747346072186837,0,6,0,0
2024-10-28 19:00:00+00,N622FB,1,967,1957.9627714581178904,0,1,0,0
2024-10-28 22:00:00+00,N623FB,1,313,2050.0798722044728435,0,5,0,0
2024-10-28 23:00:00+00,N623FB,1,1069,2013.0028063610851263,1600,0,0,0
2024-10-29 00:00:00+00,N623FB,1,242,2075.0000000000000000,0,3,0,0
2024-10-29 01:00:00+00,N623FB,1,23,1534.7826086956521739,0,6,0,0
2024-10-29 02:00:00+00,N623FB,1,1106,2178.2097649186256781,1925,0,0,0
2024-10-29 03:00:00+00,N623FB,1,743,2086.1709286675639300,0,5,0,0
2024-10-29 03:00:00+00,N625FB,1,415,1972.1686746987951807,0,6,0,0
2024-10-29 04:00:00+00,N625FB,1,905,2004.5580110497237569,1675,0,0,0
2024-10-29 05:00:00+00,N623FB,1,1044,2133.5488505747126437,0,5,0,0
2024-10-29 05:00:00+00,N625FB,1,99,2112.3737373737373737,1700,0,0,0
2024-10-29 06:00:00+00,N623FB,1,865,2181.5028901734104046,0,5,0,0
2024-10-29 06:00:00+00,N625FB,1,486,2172.0679012345679012,0,8,0,0
2024-10-29 07:00:00+00,N623FB,1,31,1828.2258064516129032,0,5,0,0
2024-10-29 07:00:00+00,N625FB,1,912,2016.2280701754385965,1700,0,0,0
2024-10-29 08:00:00+00,N623FB,1,972,2107.6646090534979424,1950,0,0,0
2024-10-29 08:00:00+00,N625FB,1,69,2178.6231884057971014,1700,0,0,0
2024-10-29 09:00:00+00,N623FB,1,430,2061.6279069767441860,0,4,0,0
2024-10-29 15:00:00+00,N624FB,1,862,1914.5011600928074246,0,6,0,0
2024-10-29 16:00:00+00,N624FB,1,160,2034.8437500000000000,0,1,0,0
2024-10-29 19:00:00+00,N624FB,1,437,1757.2082379862700229,0,2,0,0
2024-10-29 20:00:00+00,N624FB,1,650,1850.1923076923076923,1575,0,0,0
2024-10-29 23:00:00+00,N623FB,2,695,1730.6474820143884892,0,7,0,0
2024-10-30 00:00:00+00,N623FB,1,408,1833.0882352941176471,0,1,0,0
2024-10-30 01:00:00+00,N623FB,1,971,1958.9598352214212152,0,6,0,0
2024-10-30 02:00:00+00,N623FB,1,991,2008.4510595358224016,1600,0,0,0
2024-10-30 03:00:00+00,N623FB,1,134,1774.4402985074626866,0,4,0,0
2024-10-30 03:00:00+00,N624FB,1,281,1715.6583629893238434,0,12,0,0
2024-10-30 04:00:00+00,N624FB,1,940,1766.3829787234042553,1475,0,0,0
2024-10-30 05:00:00+00,N623FB,1,800,1854.1875000000000000,0,7,0,0
2024-10-30 05:00:00+00,N624FB,1,31,1850.8064516129032258,0,1,0,0
2024-10-30 06:00:00+00,N623FB,1,696,2077.1192528735632184,0,5,0,0
2024-10-30 06:00:00+00,N624FB,1,355,2053.6619718309859155,0,10,0,0
2024-10-30 07:00:00+00,N623FB,1,7,0.00000000000000000000,0,7,0,0
2024-10-30 07:00:00+00,N624FB,1,643,1896.1119751166407465,1675,0,0,0
2024-10-30 08:00:00+00,N623FB,1,1000,1877.6250000000000000,0,2,0,0
2024-10-30 08:00:00+00,N624FB,1,170,1850.5882352941176471,0,3,0,0
2024-10-30 09:00:00+00,N623FB,1,573,1874.7382198952879581,0,4,0,0
2024-10-30 12:00:00+00,N622FB,1,355,1345.0000000000000000,0,55,0,0
2024-10-30 15:00:00+00,N622FB,1,929,1747.4703982777179763,0,20,0,0
2024-10-30 18:00:00+00,N622FB,1,466,1701.2339055793991416,0,17,0,0
2024-10-30 19:00:00+00,N622FB,1,559,1655.9928443649373882,0,2,0,0
2024-10-30 19:00:00+00,N625FB,1,1,0.00000000000000000000,0,1,0,0
2024-10-30 22:00:00+00,N621FB,1,370,1641.9594594594594595,0,6,0,0
2024-10-30 22:00:00+00,N625FB,1,2,1637.5000000000000000,1625,0,0,0
2024-10-30 23:00:00+00,N621FB,1,992,1953.0745967741935484,1525,0,0,0
2024-10-30 23:00:00+00,N625FB,1,281,1644.8398576512455516,1525,0,0,0
2024-10-31 00:00:00+00,N621FB,1,240,1746.1458333333333333,0,2,0,0
2024-10-31 00:00:00+00,N625FB,3,306,1663.5620915032679739,0,6,0,0
2024-10-31 01:00:00+00,N625FB,1,102,1661.7647058823529412,0,9,0,0
2024-10-31 02:00:00+00,N621FB,1,1109,1851.3525698827772768,0,14,0,0
2024-10-31 02:00:00+00,N625FB,2,194,1615.5927835051546392,0,5,0,0
2024-10-31 03:00:00+00,N621FB,1,891,1731.9584736251402918,0,1,0,0
2024-10-31 03:00:00+00,N623FB,1,513,1738.7914230019493177,0,8,0,0
2024-10-31 03:00:00+00,N625FB,1,202,1565.2227722772277228,0,13,0,0
2024-10-31 04:00:00+00,N623FB,1,1063,1721.8250235183443086,1400,0,0,0
2024-10-31 05:00:00+00,N623FB,1,324,1635.8024691358024691,0,3,0,0
2024-10-31 05:00:00+00,N625FB,2,759,1711.0671936758893281,0,12,0,0
2024-10-31 06:00:00+00,N623FB,1,470,1661.2765957446808511,0,26,0,0
2024-10-31 06:00:00+00,N625FB,1,685,1761.7518248175182482,0,3,0,0
2024-10-31 07:00:00+00,N623FB,1,1050,1572.5000000000000000,1350,0,0,0
2024-10-31 07:00:00+00,N625FB,1,1,0.00000000000000000000,0,1,0,0
2024-10-31 08:00:00+00,N623FB,1,148,1758.2770270270270270,0,4,0,0
2024-10-31 08:00:00+00,N625FB,1,955,1878.8219895287958115,0,10,0,0
2024-10-31 09:00:00+00,N625FB,1,479,2132.1503131524008351,0,4,0,0
2024-10-31 16:00:00+00,N623FB,1,887,1693.3483652762119504,0,41,0,0
2024-10-31 17:00:00+00,N623FB,1,718,1664.0320334261838440,0,3,0,0
2024-10-31 18:00:00+00,N625FB,1,501,1560.0798403193612774,0,14,0,0
2024-10-31 19:00:00+00,N625FB,1,1022,1596.5508806262230920,1350,0,0,0
2024-10-31 20:00:00+00,N625FB,2,681,1708.7004405286343612,0,4,0,0
2024-10-31 21:00:00+00,N625FB,1,1065,1643.3568075117370892,1425,0,0,0
2024-10-31 22:00:00+00,N625FB,1,213,1753.9906103286384977,0,1,0,0
2024-11-01 01:00:00+00,N625FB,1,389,1773.6503856041131105,0,8,0,0
2024-11-01 02:00:00+00,N625FB,1,931,1749.6777658431793770,1475,0,0,0
2024-11-01 03:00:00+00,N621FB,1,768,1903.7760416666666667,0,7,0,0
2024-11-01 03:00:00+00,N625FB,1,369,1891.2601626016260163,0,2,0,0
2024-11-01 04:00:00+00,N621FB,1,1034,2421.7843326885880077,1675,0,0,0
2024-11-01 04:00:00+00,N625FB,1,188,1905.8510638297872340,0,6,0,0
2024-11-01 05:00:00+00,N621FB,1,998,2618.3867735470941884,0,4,0,0
2024-11-01 05:00:00+00,N625FB,1,995,1974.5728643216080402,1675,0,0,0
2024-11-01 06:00:00+00,N625FB,2,415,1844.8192771084337349,0,11,0,0
2024-11-01 07:00:00+00,N625FB,1,1082,1875.3465804066543438,1550,0,0,0
2024-11-01 08:00:00+00,N621FB,1,1032,2576.9864341085271318,0,5,0,0
2024-11-01 08:00:00+00,N625FB,1,746,1554.8592493297587131,0,4,0,0
2024-11-01 09:00:00+00,N621FB,1,1057,1866.8874172185430464,1450,0,0,0
2024-11-01 10:00:00+00,N621FB,1,504,1969.9404761904761905,0,3,0,0
2024-11-01 13:00:00+00,N625FB,2,755,1926.6556291390728477,0,4,0,0
2024-11-01 14:00:00+00,N625FB,1,969,2034.2879256965944272,1625,0,0,0
2024-11-01 15:00:00+00,N625FB,1,252,1927.2817460317460317,1425,0,0,0
2024-11-01 22:00:00+00,N621FB,2,557,1749.1921005385996409,0,7,0,0
2024-11-01 23:00:00+00,N621FB,1,714,1843.7675070028011204,0,5,0,0
2024-11-02 02:00:00+00,N621FB,1,909,2116.9691969196919692,0,5,0,0
2024-11-02 03:00:00+00,N621FB,1,635,2523.5826771653543307,0,3,0,0
2024-11-02 03:00:00+00,N624FB,1,465,1798.2795698924731183,0,11,0,0
2024-11-02 04:00:00+00,N624FB,1,1047,1850.3104106972301815,1475,0,0,0
2024-11-02 05:00:00+00,N621FB,2,913,1903.7787513691128149,0,11,0,0
2024-11-02 05:00:00+00,N624FB,1,142,1755.9859154929577465,0,1,0,0
2024-11-02 06:00:00+00,N621FB,1,584,2134.9743150684931507,0,3,0,0
2024-11-02 06:00:00+00,N624FB,1,525,1785.1428571428571429,0,9,0,0
2024-11-02 07:00:00+00,N621FB,1,2,0.00000000000000000000,0,2,0,0
2024-11-02 07:00:00+00,N624FB,1,911,1792.2338090010976948,1525,0,0,0
2024-11-02 08:00:00+00,N621FB,1,1068,2127.8792134831460674,0,6,0,0
2024-11-02 08:00:00+00,N624FB,1,74,1857.7702702702702703,0,2,0,0
2024-11-02 09:00:00+00,N621FB,1,538,2292.3327137546468401,0,2,0,0
2024-11-02 11:00:00+00,N621FB,1,870,1838.6494252873563218,0,7,0,0
2024-11-02 12:00:00+00,N621FB,1,105,1819.2857142857142857,0,3,0,0
2024-11-02 15:00:00+00,N624FB,1,936,1774.1452991452991453,0,8,0,0
2024-11-02 16:00:00+00,N624FB,2,414,1663.5265700483091787,1300,0,0,0
2024-11-02 18:00:00+00,N621FB,1,115,1838.9130434782608696,1525,0,0,0
2024-11-02 19:00:00+00,N621FB,1,997,1903.7612838515546640,1525,0,0,0
2024-11-02 22:00:00+00,N625FB,1,236,2238.9830508474576271,0,5,0,0
2024-11-02 23:00:00+00,N625FB,1,1056,2058.0492424242424242,1575,0,0,0
2024-11-03 00:00:00+00,N625FB,1,130,1983.8461538461538462,0,3,0,0
2024-11-03 02:00:00+00,N625FB,1,379,1989.4459102902374670,1725,0,0,0
2024-11-03 03:00:00+00,N621FB,1,453,2294.8675496688741722,0,6,0,0
2024-11-03 03:00:00+00,N625FB,1,605,2065.9917355371900826,0,3,0,0
2024-11-03 04:00:00+00,N621FB,1,798,2057.1741854636591479,0,4,0,0
2024-11-03 05:00:00+00,N625FB,1,451,1933.2039911308203991,0,7,0,0
2024-11-03 06:00:00+00,N621FB,1,495,2017.9797979797979798,0,7,0,0
2024-11-03 06:00:00+00,N625FB,1,929,1795.5059203444564047,0,2,0,0
2024-11-03 07:00:00+00,N621FB,1,962,2061.0966735966735967,1650,0,0,0
2024-11-03 08:00:00+00,N621FB,1,348,2708.4770114942528736,0,5,0,0
2024-11-03 08:00:00+00,N625FB,1,911,1922.8869374313940724,0,7,0,0
2024-11-03 09:00:00+00,N625FB,2,849,2018.6101295641931684,0,1,0,0
2024-11-03 10:00:00+00,N625FB,1,487,1830.6468172484599589,0,3,0,0
2024-11-03 15:00:00+00,N623FB,1,787,1915.0571791613722999,0,1,0,0
2024-11-03 16:00:00+00,N623FB,1,631,1959.8652931854199683,1625,0,0,0
2024-11-03 19:00:00+00,N621FB,1,890,1959.5505617977528090,0,5,0,0
2024-11-03 23:00:00+00,N625FB,1,437,2104.6910755148741419,0,3,0,0
2024-11-04 00:00:00+00,N625FB,1,677,2254.5420974889217134,0,2,0,0
2024-11-04 02:00:00+00,N625FB,1,830,2022.3192771084337349,0,7,0,0
2024-11-04 03:00:00+00,N623FB,1,420,1961.7857142857142857,0,7,0,0
2024-11-04 03:00:00+00,N625FB,1,574,2111.1062717770034843,0,4,0,0
2024-11-04 04:00:00+00,N623FB,1,945,2091.1904761904761905,1625,0,0,0
2024-11-04 05:00:00+00,N623FB,1,1,1625.0000000000000000,1625,0,0,0
2024-11-04 05:00:00+00,N625FB,1,953,2052.2298006295907660,0,6,0,0
2024-11-04 06:00:00+00,N623FB,1,378,1988.1613756613756614,0,9,0,0
2024-11-04 06:00:00+00,N625FB,1,673,2078.0832095096582467,0,4,0,0
2024-11-04 07:00:00+00,N623FB,1,826,1946.8523002421307506,1525,0,0,0
2024-11-04 07:00:00+00,N625FB,1,276,2122.1920289855072464,1700,0,0,0
2024-11-04 08:00:00+00,N623FB,1,12,1281.2500000000000000,0,3,0,0
2024-11-04 08:00:00+00,N625FB,1,749,2056.5754339118825100,1675,0,0,0
2024-11-04 09:00:00+00,N625FB,1,594,2174.1161616161616162,0,6,0,0
2024-11-04 15:00:00+00,N621FB,1,691,1776.0853835021707670,0,5,0,0
2024-11-04 16:00:00+00,N621FB,1,75,1913.0000000000000000,1425,0,0,0
2024-11-04 19:00:00+00,N621FB,1,782,1895.1406649616368286,0,3,0,0
2024-11-04 20:00:00+00,N621FB,1,9,997.2222222222222222,0,3,0,0
2024-11-04 20:00:00+00,N624FB,1,109,1892.2018348623853211,0,5,0,0
2024-11-04 21:00:00+00,N624FB,1,785,1881.7515923566878981,1625,0,0,0
2024-11-04 22:00:00+00,N624FB,1,553,1867.6311030741410488,0,3,0,0
2024-11-05 01:00:00+00,N624FB,1,449,2124.2204899777282851,0,4,0,0
2024-11-05 02:00:00+00,N624FB,1,881,2057.7752553916004540,1750,0,0,0
2024-11-05 03:00:00+00,N621FB,1,368,1583.8315217391304348,0,4,0,0
2024-11-05 03:00:00+00,N624FB,1,469,1933.5287846481876333,0,4,0,0
2024-11-05 04:00:00+00,N621FB,1,779,1783.9216944801026958,1400,0,0,0
2024-11-05 04:00:00+00,N624FB,1,1,0.00000000000000000000,0,1,0,0
2024-11-05 05:00:00+00,N621FB,1,62,1730.2419354838709677,0,1,0,0
2024-11-05 05:00:00+00,N624FB,1,814,1738.9434889434889435,0,6,0,0
2024-11-05 06:00:00+00,N621FB,1,456,1643.2017543859649123,0,10,0,0
2024-11-05 06:00:00+00,N624FB,1,638,1821.0031347962382445,0,4,0,0
2024-11-05 07:00:00+00,N621FB,1,778,1655.2699228791773779,1375,0,0,0
2024-11-05 07:00:00+00,N624FB,1,21,1257.1428571428571429,0,7,0,0
2024-11-05 08:00:00+00,N621FB,1,184,1562.5000000000000000,0,3,0,0
2024-11-05 08:00:00+00,N624FB,1,931,1819.0923737916219119,1600,0,0,0
2024-11-05 09:00:00+00,N624FB,1,772,1729.6308290155440415,0,5,0,0
2024-11-05 15:00:00+00,N624FB,1,734,1799.4209809264305177,0,5,0,0
2024-11-05 16:00:00+00,N624FB,1,112,1742.6339285714285714,1350,0,0,0
2024-11-05 16:00:00+00,N625FB,1,274,1888.2299270072992701,0,10,0,0
2024-11-05 17:00:00+00,N625FB,1,404,1952.3514851485148515,1375,0,0,0
2024-11-05 18:00:00+00,N625FB,1,354,1658.5451977401129944,1475,0,0,0
2024-11-05 19:00:00+00,N625FB,1,387,1738.9534883720930233,1375,0,0,0
2024-11-05 22:00:00+00,N621FB,1,368,1973.2336956521739130,0,3,0,0
2024-11-05 23:00:00+00,N621FB,1,904,2054.5353982300884956,1700,0,0,0
2024-11-06 00:00:00+00,N621FB,1,49,1709.6938775510204082,0,4,0,0
2024-11-06 02:00:00+00,N621FB,1,698,2195.6661891117478510,0,6,0,0
2024-11-06 03:00:00+00,N621FB,1,659,2268.2473444613050076,0,2,0,0
2024-11-06 03:00:00+00,N624FB,1,428,1749.4158878504672897,0,6,0,0
2024-11-06 04:00:00+00,N624FB,1,849,1888.1330977620730271,1575,0,0,0
2024-11-06 05:00:00+00,N624FB,1,125,1955.0000000000000000,1575,0,0,0
2024-11-06 05:00:00+00,N625FB,1,818,1976.9865525672371638,0,4,0,0
2024-11-06 06:00:00+00,N624FB,1,402,1952.0522388059701493,0,1,0,0
2024-11-06 06:00:00+00,N625FB,1,683,1961.5666178623718887,0,4,0,0
2024-11-06 07:00:00+00,N624FB,1,881,1782.5482406356413167,1525,0,0,0
2024-11-06 08:00:00+00,N624FB,1,108,2065.2777777777777778,0,2,0,0
2024-11-06 08:00:00+00,N625FB,1,802,2135.6608478802992519,0,7,0,0
2024-11-06 09:00:00+00,N625FB,1,382,2462.0418848167539267,0,4,0,0
2024-11-06 15:00:00+00,N621FB,1,450,1986.4444444444444444,0,7,0,0
2024-11-06 16:00:00+00,N621FB,1,410,1988.2317073170731707,0,2,0,0
2024-11-06 17:00:00+00,N623FB,2,352,1960.3693181818181818,0,7,0,0
2024-11-06 18:00:00+00,N623FB,2,591,2079.6108291032148900,0,4,0,0
2024-11-06 22:00:00+00,N624FB,1,755,2058.7748344370860927,0,9,0,0
2024-11-06 23:00:00+00,N624FB,1,740,1810.0337837837837838,0,3,0,0
2024-11-07 01:00:00+00,N624FB,1,136,1620.0367647058823529,0,10,0,0
2024-11-07 02:00:00+00,N624FB,1,989,2388.7259858442871587,1500,0,0,0
2024-11-07 03:00:00+00,N624FB,1,504,1932.2916666666666667,0,4,0,0
2024-11-07 03:00:00+00,N625FB,1,438,1614.7831050228310502,0,5,0,0
2024-11-07 04:00:00+00,N624FB,1,4,0.00000000000000000000,0,4,0,0
2024-11-07 04:00:00+00,N625FB,1,874,1579.0045766590389016,1275,0,0,0
2024-11-07 05:00:00+00,N624FB,1,1035,1789.1062801932367150,0,8,0,0
2024-11-07 05:00:00+00,N625FB,1,265,1487.6415094339622642,1250,0,0,0
2024-11-07 06:00:00+00,N624FB,1,647,1857.3802163833075734,0,4,0,0
2024-11-07 06:00:00+00,N625FB,1,441,1748.4126984126984127,0,3,0,0
2024-11-07 07:00:00+00,N624FB,1,123,1706.7073170731707317,0,13,0,0
2024-11-07 07:00:00+00,N625FB,1,881,1584.4211123723041998,1350,0,0,0
2024-11-07 08:00:00+00,N624FB,1,961,1707.1279916753381894,1500,0,0,0
2024-11-07 08:00:00+00,N625FB,1,5,275.0000000000000000,0,4,0,0
2024-11-07 09:00:00+00,N624FB,1,616,1803.0844155844155844,0,3,0,0
2024-11-07 15:00:00+00,N621FB,1,182,1871.1538461538461538,0,19,0,0
2024-11-07 16:00:00+00,N621FB,1,612,1679.6160130718954248,0,3,0,0
2024-11-07 18:00:00+00,N621FB,1,650,1728.6153846153846154,0,6,0,0
2024-11-07 19:00:00+00,N621FB,1,130,1745.5769230769230769,0,3,0,0
2024-11-07 20:00:00+00,N624FB,1,922,2264.5336225596529284,0,9,0,0
2024-11-07 21:00:00+00,N624FB,1,654,1973.1651376146788991,0,4,0,0
2024-11-08 01:00:00+00,N624FB,1,412,1637.3786407766990291,0,4,0,0
2024-11-08 02:00:00+00,N624FB,1,969,1808.9525283797729618,1500,0,0,0
2024-11-08 03:00:00+00,N621FB,1,493,1686.9168356997971602,0,17,0,0
2024-11-08 03:00:00+00,N624FB,1,249,1703.2128514056224900,0,3,0,0
2024-11-08 04:00:00+00,N621FB,1,957,1505.3552769070010449,1225,0,0,0
2024-11-08 04:00:00+00,N624FB,1,1,0.00000000000000000000,0,1,0,0
2024-11-08 05:00:00+00,N621FB,1,111,1570.9459459459459459,0,2,0,0
2024-11-08 05:00:00+00,N624FB,1,877,1641.9612314709236032,0,38,0,0
2024-11-08 06:00:00+00,N621FB,1,510,1546.1764705882352941,0,19,0,0
2024-11-08 06:00:00+00,N624FB,1,492,1737.4491869918699187,0,3,0,0
2024-11-08 07:00:00+00,N621FB,1,982,1724.7454175152749491,1300,0,0,0
2024-11-08 08:00:00+00,N621FB,1,458,1715.9934497816593886,0,4,0,0
2024-11-08 08:00:00+00,N624FB,1,994,1876.2323943661971831,0,16,0,0
2024-11-08 09:00:00+00,N621FB,1,48,1451.0416666666666667,0,13,0,0
2024-11-08 09:00:00+00,N624FB,1,1316,1694.5858662613981763,1300,0,0,0
2024-11-08 10:00:00+00,N621FB,1,731,2716.5868673050615595,1375,0,0,0
2024-11-08 10:00:00+00,N624FB,2,551,1930.0362976406533575,0,27,0,0
2024-11-08 11:00:00+00,N621FB,1,689,2502.9390420899854862,1500,0,0,0
2024-11-08 11:00:00+00,N624FB,1,695,2474.0647482014388489,1825,0,0,0
2024-11-08 12:00:00+00,N621FB,2,236,1367.3728813559322034,0,28,0,0
2024-11-08 12:00:00+00,N624FB,1,269,1675.1858736059479554,0,4,0,0
2024-11-08 15:00:00+00,N621FB,1,1164,1657.4527491408934708,0,23,0,0
2024-11-08 16:00:00+00,N621FB,1,539,1492.1150278293135436,0,2,0,0
2024-11-08 18:00:00+00,N621FB,1,901,1505.8546059933407325,0,12,0,0
2024-11-08 19:00:00+00,N621FB,1,416,1882.9326923076923077,0,3,0,0
2024-11-08 22:00:00+00,N623FB,1,8,0.00000000000000000000,0,8,0,0
2024-11-08 23:00:00+00,N623FB,1,1019,1810.7948969578017664,0,1,0,0
2024-11-09 00:00:00+00,N623FB,1,386,1690.2202072538860104,0,3,0,0
2024-11-09 01:00:00+00,N623FB,1,280,1972.6785714285714286,0,7,0,0
2024-11-09 02:00:00+00,N623FB,2,899,2050.9733036707452725,0,3,0,0
2024-11-09 03:00:00+00,N621FB,1,731,1699.7948016415868673,0,10,0,0
2024-11-09 04:00:00+00,N621FB,1,1335,1618.7078651685393258,1325,0,0,0
2024-11-09 05:00:00+00,N621FB,1,392,1801.0841836734693878,0,3,0,0
2024-11-09 05:00:00+00,N623FB,1,1220,1739.9795081967213115,0,12,0,0
2024-11-09 06:00:00+00,N621FB,1,574,2025.1306620209059233,0,12,0,0
2024-11-09 06:00:00+00,N623FB,1,914,1838.1838074398249453,0,2,0,0
2024-11-09 07:00:00+00,N621FB,1,1562,1734.2509603072983355,1450,0,0,0
2024-11-09 08:00:00+00,N621FB,1,514,1699.3677042801556420,0,3,0,0
2024-11-09 08:00:00+00,N623FB,1,1372,1965.6158892128279883,0,15,0,0
2024-11-09 09:00:00+00,N623FB,1,1548,1669.2506459948320413,1425,0,0,0
2024-11-09 10:00:00+00,N623FB,1,117,1941.6666666666666667,0,3,0,0
2024-11-09 15:00:00+00,N623FB,1,952,1602.3634453781512605,0,36,0,0
2024-11-09 16:00:00+00,N623FB,1,55,1706.8181818181818182,0,2,0,0
2024-11-09 18:00:00+00,N623FB,1,617,1595.9481361426256078,0,18,0,0
2024-11-09 19:00:00+00,N623FB,1,663,1853.8461538461538462,0,4,0,0
2024-11-09 22:00:00+00,N624FB,1,682,1853.1524926686217009,0,8,0,0
2024-11-09 23:00:00+00,N624FB,1,1341,1856.3571961222967934,0,3,0,0
2024-11-10 03:00:00+00,N623FB,1,568,1809.1549295774647887,0,7,0,0
2024-11-10 03:00:00+00,N624FB,1,808,1887.9331683168316832,0,4,0,0
2024-11-10 04:00:00+00,N623FB,1,1251,1689.1087130295763389,1475,0,0,0
2024-11-10 05:00:00+00,N623FB,1,136,1829.4117647058823529,0,3,0,0
2024-11-10 05:00:00+00,N624FB,1,1033,1918.1510164569215876,0,11,0,0
2024-11-10 06:00:00+00,N623FB,1,773,1665.9443725743855110,0,10,0,0
2024-11-10 06:00:00+00,N624FB,1,784,1883.2270408163265306,0,3,0,0
2024-11-10 07:00:00+00,N623FB,1,1210,1747.9545454545454545,1425,0,0,0
2024-11-10 08:00:00+00,N623FB,1,67,1782.4626865671641791,0,3,0,0
2024-11-10 08:00:00+00,N624FB,1,1346,1964.7102526002971768,0,8,0,0
2024-11-10 09:00:00+00,N624FB,1,1103,1797.5521305530371714,0,3,0,0
2024-11-10 15:00:00+00,N624FB,1,804,1629.9751243781094527,0,17,0,0
2024-11-10 16:00:00+00,N624FB,1,376,1910.6382978723404255,1325,0,0,0
2024-11-10 19:00:00+00,N624FB,2,1150,1643.0000000000000000,0,17,0,0
2024-11-10 20:00:00+00,N624FB,1,60,1697.9166666666666667,0,2,0,0
2024-11-10 23:00:00+00,N623FB,1,964,1762.5518672199170124,0,14,0,0
2024-11-11 00:00:00+00,N623FB,1,935,2234.5721925133689840,0,6,0,0
2024-11-11 02:00:00+00,N623FB,1,907,2564.9669239250275634,0,7,0,0
2024-11-11 03:00:00+00,N623FB,1,1004,4152.0916334661354582,0,5,0,0
2024-11-11 03:00:00+00,N624FB,1,620,1760.7258064516129032,0,11,0,0
2024-11-11 04:00:00+00,N624FB,1,1107,1605.4426377597109304,1350,0,0,0
2024-11-11 04:00:00+00,N625FB,1,9,408.3333333333333333,0,7,0,0
2024-11-11 05:00:00+00,N624FB,1,66,1758.7121212121212121,0,1,0,0
2024-11-11 05:00:00+00,N625FB,1,1327,1823.8131122833458930,1625,0,0,0
2024-11-11 06:00:00+00,N624FB,1,588,1730.2721088435374150,0,5,0,0
2024-11-11 06:00:00+00,N625FB,1,810,1739.7222222222222222,0,4,0,0
2024-11-11 07:00:00+00,N624FB,1,1332,1639.3393393393393393,1400,0,0,0
2024-11-11 07:00:00+00,N625FB,1,25,1075.0000000000000000,0,11,0,0
2024-11-11 08:00:00+00,N624FB,1,166,1618.8253012048192771,0,3,0,0
2024-11-11 08:00:00+00,N625FB,1,1361,1807.3842762674504041,1525,0,0,0
2024-11-11 09:00:00+00,N625FB,1,761,1840.6701708278580815,0,5,0,0
2024-11-11 15:00:00+00,N625FB,1,696,1758.8362068965517241,0,10,0,0
2024-11-11 16:00:00+00,N625FB,1,696,1489.7629310344827586,1150,0,0,0
2024-11-11 18:00:00+00,N625FB,1,24,1443.7500000000000000,0,5,0,0
2024-11-11 19:00:00+00,N621FB,2,242,1855.1652892561983471,0,12,0,0
2024-11-11 19:00:00+00,N625FB,1,1317,1668.5079726651480638,1375,0,0,0
2024-11-11 20:00:00+00,N621FB,2,724,2207.6657458563535912,1700,0,0,0
2024-11-11 20:00:00+00,N625FB,1,180,1846.5277777777777778,1425,0,0,0
2024-11-11 21:00:00+00,N621FB,1,142,1982.0422535211267606,0,3,0,0
2024-11-11 22:00:00+00,N621FB,1,173,1711.1271676300578035,0,10,0,0
2024-11-11 23:00:00+00,N621FB,1,1479,1791.8864097363083164,1550,0,0,0
2024-11-12 00:00:00+00,N621FB,1,286,2049.8251748251748252,0,4,0,0
2024-11-12 02:00:00+00,N621FB,1,1286,2079.8211508553654743,0,5,0,0
2024-11-12 03:00:00+00,N621FB,1,728,1931.2156593406593407,0,4,0,0
2024-11-12 03:00:00+00,N625FB,1,584,1910.4880136986301370,0,5,0,0
2024-11-12 04:00:00+00,N625FB,1,1258,1715.6200317965023847,1475,0,0,0
2024-11-12 05:00:00+00,N623FB,1,1296,1918.4606481481481481,0,9,0,0
2024-11-12 05:00:00+00,N625FB,1,98,1886.7346938775510204,0,2,0,0
2024-11-12 06:00:00+00,N623FB,1,978,1810.5828220858895706,0,3,0,0
2024-11-12 06:00:00+00,N625FB,1,663,1741.6666666666666667,0,1,0,0
2024-11-12 07:00:00+00,N623FB,1,23,1093.4782608695652174,0,10,0,0
2024-11-12 07:00:00+00,N625FB,1,1205,1743.5477178423236515,1550,0,0,0
2024-11-12 08:00:00+00,N623FB,1,1238,1806.6841680129240711,1550,0,0,0
2024-11-12 08:00:00+00,N625FB,1,41,1776.8292682926829268,0,2,0,0
2024-11-12 09:00:00+00,N623FB,1,655,1855.5343511450381679,0,3,0,0
2024-11-12 15:00:00+00,N623FB,1,1114,1760.6373429084380610,0,6,0,0
2024-11-12 16:00:00+00,N623FB,1,11,1456.8181818181818182,1400,0,0,0
2024-11-12 18:00:00+00,N624FB,1,738,1692.6829268292682927,0,17,0,0
2024-11-12 19:00:00+00,N624FB,1,902,1587.5554323725055432,0,4,0,0
2024-11-12 21:00:00+00,N625FB,3,527,1691.8406072106261860,0,26,0,0
2024-11-12 22:00:00+00,N625FB,1,845,1865.5325443786982249,0,5,0,0
2024-11-13 01:00:00+00,N621FB,1,156,3388.6217948717948718,0,5,0,0
2024-11-13 01:00:00+00,N625FB,1,121,1819.6280991735537190,0,12,0,0
2024-11-13 02:00:00+00,N621FB,1,48,6570.3125000000000000,5475,0,0,0
2024-11-13 02:00:00+00,N625FB,1,1284,1796.9820872274143302,1500,0,0,0
2024-11-13 03:00:00+00,N621FB,1,380,2748.5526315789473684,0,4,0,0
2024-11-13 03:00:00+00,N624FB,1,540,1942.1296296296296296,0,16,0,0
2024-11-13 03:00:00+00,N625FB,1,781,1780.2176696542893726,0,2,0,0
2024-11-13 04:00:00+00,N624FB,1,1238,1945.9006462035541195,1550,0,0,0
2024-11-13 05:00:00+00,N624FB,1,116,1776.5086206896551724,0,4,0,0
2024-11-13 05:00:00+00,N625FB,1,1307,1940.2448355011476664,0,14,0,0
2024-11-13 06:00:00+00,N624FB,1,657,1842.0091324200913242,0,3,0,0
2024-11-13 06:00:00+00,N625FB,1,907,1806.5600882028665932,0,5,0,0
2024-11-13 07:00:00+00,N624FB,1,1280,1931.1328125000000000,1350,0,0,0
2024-11-13 08:00:00+00,N624FB,1,19,1305.2631578947368421,0,2,0,0
2024-11-13 08:00:00+00,N625FB,1,1305,1768.4674329501915709,0,9,0,0
2024-11-13 09:00:00+00,N625FB,1,624,1975.6009615384615385,0,5,0,0
2024-11-13 10:00:00+00,N625FB,1,52,1802.8846153846153846,0,8,0,0
2024-11-13 11:00:00+00,N625FB,1,592,1962.7533783783783784,0,4,0,0
2024-11-13 13:00:00+00,N625FB,1,60,1468.3333333333333333,0,12,0,0
2024-11-13 14:00:00+00,N625FB,3,236,1554.7669491525423729,1400,0,0,0
2024-11-13 15:00:00+00,N625FB,1,113,1559.0707964601769912,0,1,0,0
2024-11-13 16:00:00+00,N625FB,1,96,1165.3645833333333333,0,28,0,0
2024-11-13 17:00:00+00,N625FB,2,166,1507.0783132530120482,1425,0,0,0
2024-11-13 18:00:00+00,N625FB,1,134,1543.6567164179104478,0,2,0,0
2024-11-13 21:00:00+00,N624FB,1,872,1776.2614678899082569,0,8,0,0
2024-11-13 22:00:00+00,N624FB,1,768,1835.3190104166666667,0,2,0,0
2024-11-14 01:00:00+00,N624FB,1,413,1714.0435835351089588,0,3,0,0
2024-11-14 02:00:00+00,N624FB,1,1414,1780.7284299858557284,1500,0,0,0
2024-11-14 03:00:00+00,N623FB,1,754,1731.3660477453580902,0,15,0,0
2024-11-14 03:00:00+00,N624FB,1,493,1718.5091277890466531,0,2,0,0
2024-11-14 04:00:00+00,N623FB,1,1395,1643.6200716845878136,1350,0,0,0
2024-11-14 04:00:00+00,N625FB,1,1,0.00000000000000000000,0,1,0,0
2024-11-14 05:00:00+00,N623FB,1,174,1687.9310344827586207,0,2,0,0
2024-11-14 05:00:00+00,N625FB,1,1240,1765.8669354838709677,0,15,0,0
2024-11-14 06:00:00+00,N623FB,1,649,1637.0184899845916795,0,12,0,0
2024-11-14 06:00:00+00,N625FB,1,1416,1728.4957627118644068,1425,0,0,0
2024-11-14 07:00:00+00,N623FB,1,1411,1677.6754075124025514,1400,0,0,0
2024-11-14 07:00:00+00,N625FB,1,5,555.0000000000000000,0,3,0,0
2024-11-14 08:00:00+00,N623FB,1,230,1821.6304347826086957,0,3,0,0
2024-11-14 08:00:00+00,N625FB,1,1046,1856.0946462715105163,0,14,0,0
2024-11-14 09:00:00+00,N625FB,2,776,1710.4059278350515464,0,7,0,0
2024-11-14 15:00:00+00,N625FB,1,783,1872.7969348659003831,0,10,0,0
2024-11-14 16:00:00+00,N625FB,1,319,1864.5768025078369906,0,4,0,0
2024-11-15 15:00:00+00,N623FB,1,343,2190.2332361516034985,0,8,0,0
2024-11-15 16:00:00+00,N623FB,1,479,1745.7202505219206681,0,1,0,0
2024-11-15 17:00:00+00,N621FB,1,1046,2042.8776290630975143,0,3,0,0
2024-11-15 18:00:00+00,N621FB,1,995,2509.3969849246231156,1550,0,0,0
2024-11-15 21:00:00+00,N624FB,1,690,1904.5652173913043478,0,8,0,0
2024-11-15 22:00:00+00,N624FB,1,800,1887.9062500000000000,1625,0,0,0
2024-11-16 02:00:00+00,N624FB,1,1039,1935.9961501443695861,0,5,0,0
2024-11-16 02:00:00+00,N625FB,1,1,0.00000000000000000000,0,1,0,0
2024-11-16 03:00:00+00,N624FB,1,756,1948.1481481481481481,0,1,0,0
2024-11-16 03:00:00+00,N625FB,1,570,2131.8859649122807018,0,4,0,0
2024-11-16 04:00:00+00,N625FB,1,1394,1946.7718794835007174,1650,0,0,0
2024-11-16 05:00:00+00,N624FB,1,1412,1954.8512747875354108,0,8,0,0
2024-11-16 05:00:00+00,N625FB,1,143,1929.5454545454545455,0,4,0,0
2024-11-16 06:00:00+00,N624FB,1,913,2081.4348302300109529,0,4,0,0
2024-11-16 06:00:00+00,N625FB,1,735,1781.9727891156462585,0,7,0,0
2024-11-16 07:00:00+00,N624FB,1,2,0.00000000000000000000,0,2,0,0
2024-11-16 07:00:00+00,N625FB,1,1360,1939.1176470588235294,1600,0,0,0
2024-11-16 08:00:00+00,N624FB,1,1377,2136.8373275236020334,0,5,0,0
2024-11-16 08:00:00+00,N625FB,1,561,2168.1372549019607843,0,3,0,0
2024-11-16 09:00:00+00,N624FB,1,743,3270.5585464333781965,0,3,0,0
2024-11-16 23:00:00+00,N625FB,1,1200,2134.3541666666666667,0,3,0,0
2024-11-17 00:00:00+00,N625FB,1,634,1984.6608832807570978,0,4,0,0
2024-11-17 02:00:00+00,N625FB,1,620,2084.7177419354838710,1425,0,0,0
2024-11-17 03:00:00+00,N621FB,1,658,1908.1686930091185410,0,6,0,0
2024-11-17 03:00:00+00,N625FB,1,703,2020.7681365576102418,0,1,0,0
2024-11-17 04:00:00+00,N621FB,1,1355,1944.9446494464944649,1775,0,0,0
2024-11-17 04:00:00+00,N624FB,1,1,0.00000000000000000000,0,1,0,0
2024-11-17 05:00:00+00,N621FB,1,158,1962.8164556962025316,0,3,0,0
2024-11-17 05:00:00+00,N624FB,1,1243,2128.2381335478680611,0,12,0,0
2024-11-17 06:00:00+00,N624FB,1,977,2115.1484135107471853,0,4,0,0
2024-11-17 08:00:00+00,N624FB,1,1444,2171.8144044321329640,0,7,0,0
2024-11-17 09:00:00+00,N624FB,2,867,2197.2318339100346021,0,4,0,0
2024-11-17 15:00:00+00,N623FB,1,600,1996.9166666666666667,0,9,0,0
2024-11-17 16:00:00+00,N623FB,2,838,2747.3747016706443914,0,1,0,0
2024-11-17 17:00:00+00,N623FB,1,96,2234.3750000000000000,1550,0,0,0
2024-11-17 21:00:00+00,N621FB,1,155,2138.2258064516129032,0,3,0,0
2024-11-17 22:00:00+00,N621FB,2,872,2258.4575688073394495,1775,0,0,0
2024-11-17 23:00:00+00,N621FB,1,228,2177.0833333333333333,0,4,0,0
2024-11-17 23:00:00+00,N624FB,1,1037,2204.2189006750241080,0,7,0,0
2024-11-18 00:00:00+00,N624FB,1,992,2024.1179435483870968,0,3,0,0
2024-11-18 02:00:00+00,N624FB,1,1113,1972.4168912848158131,0,7,0,0
2024-11-18 03:00:00+00,N624FB,1,1018,2016.6502946954813360,0,4,0,0
2024-11-18 05:00:00+00,N625FB,1,1007,1922.1449851042701092,0,4,0,0
2024-11-18 06:00:00+00,N625FB,1,769,2048.1469440832249675,0,4,0,0
2024-11-18 07:00:00+00,N625FB,1,4,0.00000000000000000000,0,4,0,0
2024-11-18 08:00:00+00,N625FB,1,1106,2041.0262206148282098,0,6,0,0
2024-11-18 09:00:00+00,N625FB,1,587,1922.9131175468483816,0,5,0,0
2024-11-18 15:00:00+00,N621FB,1,329,1596.5045592705167173,0,9,0,0
2024-11-18 16:00:00+00,N621FB,3,795,1755.4402515723270440,0,4,0,0
2024-11-18 17:00:00+00,N621FB,1,35,1530.0000000000000000,0,3,0,0
2024-11-18 19:00:00+00,N621FB,1,876,1743.7500000000000000,0,9,0,0
2024-11-18 20:00:00+00,N621FB,1,1,1450.0000000000000000,1450,0,0,0
2024-11-18 23:00:00+00,N625FB,1,666,1965.9159159159159159,0,5,0,0
2024-11-19 00:00:00+00,N625FB,1,1433,1985.5547801814375436,1525,0,0,0
2024-11-19 01:00:00+00,N625FB,1,19,1264.4736842105263158,0,4,0,0
2024-11-19 02:00:00+00,N625FB,1,831,1755.3249097472924188,0,10,0,0
2024-11-19 03:00:00+00,N624FB,1,482,1857.4170124481327801,0,3,0,0
2024-11-19 03:00:00+00,N625FB,1,764,1712.5654450261780105,0,3,0,0
2024-11-19 04:00:00+00,N624FB,1,1107,1779.5392953929539295,1575,0,0,0
2024-11-19 05:00:00+00,N624FB,1,101,1895.0495049504950495,0,4,0,0
2024-11-19 05:00:00+00,N625FB,1,1290,1746.8604651162790698,0,8,0,0
2024-11-19 06:00:00+00,N624FB,1,606,1833.3745874587458746,0,1,0,0
2024-11-19 06:00:00+00,N625FB,1,1058,1860.5623818525519849,0,3,0,0
2024-11-19 07:00:00+00,N624FB,1,1399,1849.7140814867762688,1600,0,0,0
2024-11-19 08:00:00+00,N624FB,1,282,1837.0567375886524823,0,3,0,0
2024-11-19 08:00:00+00,N625FB,2,708,1735.0282485875706215,0,11,0,0
2024-11-19 09:00:00+00,N625FB,1,792,1977.3674242424242424,0,4,0,0
2024-11-19 15:00:00+00,N623FB,2,471,1744.1082802547770701,0,15,0,0
2024-11-19 16:00:00+00,N623FB,1,608,1574.0131578947368421,0,3,0,0
2024-11-19 17:00:00+00,N623FB,1,315,1652.9365079365079365,0,16,0,0
2024-11-19 18:00:00+00,N623FB,2,968,1665.1601239669421488,0,4,0,0
2024-11-19 22:00:00+00,N621FB,2,209,1721.4114832535885167,0,8,0,0
2024-11-19 23:00:00+00,N621FB,1,451,2044.2904656319290466,0,4,0,0
2024-11-19 23:00:00+00,N625FB,1,365,1685.2054794520547945,0,11,0,0
2024-11-20 00:00:00+00,N625FB,1,1136,1928.5871478873239437,1425,0,0,0
2024-11-20 01:00:00+00,N625FB,1,356,2034.4101123595505618,0,4,0,0
2024-11-20 02:00:00+00,N625FB,1,778,1712.1465295629820051,0,17,0,0
2024-11-20 03:00:00+00,N621FB,1,562,1620.8185053380782918,0,13,0,0
2024-11-20 03:00:00+00,N625FB,1,786,1654.4847328244274809,0,3,0,0
2024-11-20 04:00:00+00,N621FB,1,1244,1555.7475884244372990,1300,0,0,0
2024-11-20 04:00:00+00,N624FB,1,1,0.00000000000000000000,0,1,0,0
2024-11-20 05:00:00+00,N621FB,1,87,1655.4597701149425287,0,3,0,0
2024-11-20 05:00:00+00,N624FB,1,1285,1596.5953307392996109,0,15,0,0
2024-11-20 06:00:00+00,N621FB,1,590,1597.1186440677966102,0,18,0,0
2024-11-20 06:00:00+00,N624FB,1,826,1785.8050847457627119,0,4,0,0
2024-11-20 07:00:00+00,N621FB,1,1218,1674.0763546798029557,1400,0,0,0
2024-11-20 07:00:00+00,N624FB,1,1,0.00000000000000000000,0,1,0,0
2024-11-20 08:00:00+00,N621FB,1,607,1535.7084019769357496,0,2,0,0
2024-11-20 08:00:00+00,N624FB,1,1395,2086.7562724014336918,0,12,0,0
2024-11-20 09:00:00+00,N624FB,1,1294,1955.8539412673879444,1425,0,0,0
2024-11-20 10:00:00+00,N624FB,1,157,1654.4585987261146497,0,4,0,0
2024-11-20 15:00:00+00,N623FB,1,1039,1636.7420596727622714,0,10,0,0
2024-11-20 16:00:00+00,N623FB,1,36,1413.8888888888888889,0,3,0,0
2024-11-20 18:00:00+00,N623FB,1,1062,1607.1563088512241055,0,14,0,0
2024-11-20 19:00:00+00,N623FB,1,401,1638.6533665835411471,1200,0,0,0
2024-11-20 23:00:00+00,N624FB,1,682,1741.7521994134897361,0,8,0,0
2024-11-21 00:00:00+00,N624FB,1,665,1813.5338345864661654,0,3,0,0
2024-11-21 01:00:00+00,N624FB,1,335,1790.5223880597014925,0,13,0,0
2024-11-21 02:00:00+00,N624FB,1,1456,1971.1023351648351648,1425,0,0,0
2024-11-21 03:00:00+00,N621FB,1,566,1463.0742049469964664,0,12,0,0
2024-11-21 03:00:00+00,N624FB,1,969,1781.8369453044375645,0,4,0,0
2024-11-21 04:00:00+00,N621FB,1,1330,1436.7293233082706767,1100,0,0,0
2024-11-21 05:00:00+00,N621FB,1,236,1556.4618644067796610,0,4,0,0
2024-11-21 05:00:00+00,N625FB,1,1202,1755.6364392678868552,0,11,0,0
2024-11-21 06:00:00+00,N621FB,1,585,1561.9658119658119658,0,13,0,0
2024-11-21 06:00:00+00,N625FB,1,793,1720.5233291298865069,0,4,0,0
2024-11-21 07:00:00+00,N621FB,1,1332,1374.7747747747747748,1125,0,0,0
2024-11-21 07:00:00+00,N625FB,1,1,0.00000000000000000000,0,1,0,0
2024-11-21 08:00:00+00,N621FB,1,106,1649.7641509433962264,0,2,0,0
2024-11-21 08:00:00+00,N625FB,2,977,1708.3930399181166837,0,14,0,0
2024-11-21 09:00:00+00,N625FB,1,716,1970.1466480446927374,0,4,0,0
2024-11-21 20:00:00+00,N624FB,1,419,1756.0859188544152745,0,16,0,0
2024-11-21 23:00:00+00,N624FB,2,994,1928.6217303822937626,0,12,0,0
2024-11-22 00:00:00+00,N624FB,1,375,1778.0666666666666667,0,2,0,0
2024-11-22 02:00:00+00,N624FB,1,1130,1879.4690265486725664,0,11,0,0
2024-11-22 03:00:00+00,N621FB,1,758,1701.9129287598944591,0,19,0,0
2024-11-22 03:00:00+00,N624FB,1,832,1811.9591346153846154,0,2,0,0
2024-11-22 04:00:00+00,N621FB,1,1393,1794.9389806173725772,1500,0,0,0
2024-11-22 04:00:00+00,N625FB,1,9,0.00000000000000000000,0,9,0,0
2024-11-22 05:00:00+00,N621FB,1,89,1682.3033707865168539,0,2,0,0
2024-11-22 05:00:00+00,N625FB,1,1279,1739.2689601250977326,0,8,0,0
2024-11-22 06:00:00+00,N621FB,1,704,1704.9005681818181818,0,16,0,0
2024-11-22 06:00:00+00,N625FB,1,1264,1750.6131329113924051,0,3,0,0
2024-11-22 07:00:00+00,N621FB,1,1460,1640.2568493150684932,1450,0,0,0
2024-11-22 08:00:00+00,N621FB,1,297,1950.5050505050505051,0,3,0,0
2024-11-22 08:00:00+00,N625FB,1,1144,1838.8111888111888112,0,11,0,0
2024-11-22 09:00:00+00,N625FB,1,638,1741.6144200626959248,0,4,0,0
2024-11-22 13:00:00+00,N621FB,1,1213,1707.9967023907666941,0,17,0,0
2024-11-22 14:00:00+00,N621FB,1,58,1669.8275862068965517,1325,0,0,0
2024-11-22 22:00:00+00,N624FB,1,182,1818.1318681318681319,0,6,0,0
2024-11-22 23:00:00+00,N624FB,1,1202,1817.7412645590682196,1425,0,0,0
2024-11-23 00:00:00+00,N624FB,1,1424,2098.1214887640449438,1500,0,0,0
2024-11-23 01:00:00+00,N624FB,1,389,1883.5475578406169666,0,1,0,0
2024-11-23 02:00:00+00,N624FB,1,574,1786.5853658536585366,0,9,0,0
2024-11-23 03:00:00+00,N624FB,1,709,1844.7813822284908322,0,4,0,0
2024-11-23 03:00:00+00,N625FB,1,656,1712.3475609756097561,0,10,0,0
2024-11-23 04:00:00+00,N625FB,1,1302,1778.9362519201228879,1450,0,0,0
2024-11-23 05:00:00+00,N624FB,1,1328,1990.8697289156626506,0,9,0,0
2024-11-23 05:00:00+00,N625FB,1,125,1939.0000000000000000,0,2,0,0
2024-11-23 06:00:00+00,N624FB,1,1229,1907.2213181448331977,0,4,0,0
2024-11-23 06:00:00+00,N625FB,1,559,1912.7012522361359571,0,9,0,0
2024-11-23 07:00:00+00,N624FB,1,2,0.00000000000000000000,0,2,0,0
2024-11-23 07:00:00+00,N625FB,1,1380,2122.7536231884057971,1800,0,0,0
2024-11-23 08:00:00+00,N624FB,1,1275,1843.9215686274509804,0,8,0,0
2024-11-23 08:00:00+00,N625FB,1,83,2143.9759036144578313,0,3,0,0
2024-11-23 09:00:00+00,N624FB,1,508,1893.6515748031496063,0,4,0,0
2024-11-23 13:00:00+00,N625FB,1,1079,1763.0444856348470806,0,12,0,0
2024-11-23 18:00:00+00,N625FB,3,920,1852.4456521739130435,0,13,0,0
2024-11-23 19:00:00+00,N625FB,1,298,1748.8255033557046980,1425,0,0,0
2024-11-23 23:00:00+00,N624FB,1,1166,1935.9777015437392796,0,9,0,0
2024-11-24 00:00:00+00,N624FB,1,580,2149.8275862068965517,0,3,0,0
2024-11-24 02:00:00+00,N624FB,2,1048,1952.9580152671755725,0,12,0,0
2024-11-24 03:00:00+00,N623FB,1,508,1701.4271653543307087,0,11,0,0
2024-11-24 03:00:00+00,N624FB,1,809,1837.5772558714462299,0,3,0,0
2024-11-24 04:00:00+00,N623FB,1,1074,1872.6722532588454376,1475,0,0,0
2024-11-24 05:00:00+00,N623FB,1,163,1959.5092024539877301,0,4,0,0
2024-11-24 05:00:00+00,N625FB,1,1060,1847.8537735849056604,0,13,0,0
2024-11-24 06:00:00+00,N623FB,1,508,1814.3208661417322835,0,8,0,0
2024-11-24 06:00:00+00,N625FB,1,1014,1786.8836291913214990,0,3,0,0
2024-11-24 07:00:00+00,N623FB,1,1178,1915.2164685908319185,1500,0,0,0
2024-11-24 08:00:00+00,N623FB,1,84,2261.0119047619047619,0,1,0,0
2024-11-24 08:00:00+00,N625FB,1,1259,1838.8602065131056394,0,9,0,0
2024-11-24 09:00:00+00,N625FB,1,948,2027.4525316455696203,0,4,0,0
2024-11-24 10:00:00+00,N625FB,1,1458,2054.2009602194787380,0,1,0,0
2024-11-24 11:00:00+00,N625FB,1,1563,2025.0799744081893794,1800,0,0,0
2024-11-24 12:00:00+00,N624FB,1,911,1884.3578485181119649,0,2,0,0
2024-11-24 12:00:00+00,N625FB,1,501,1898.3033932135728543,0,2,0,0
2024-11-24 14:00:00+00,N624FB,1,12,454.1666666666666667,0,9,0,0
2024-11-24 15:00:00+00,N624FB,1,1214,1789.3945634266886326,1475,0,0,0
2024-11-24 16:00:00+00,N624FB,1,349,1854.7994269340974212,1375,0,0,0
2024-11-24 18:00:00+00,N624FB,1,1174,1704.0247018739352641,0,9,0,0
2024-11-24 19:00:00+00,N624FB,1,703,1919.2389758179231863,0,1,0,0
2024-11-24 20:00:00+00,N621FB,2,704,1966.9744318181818182,0,8,0,0
2024-11-24 21:00:00+00,N621FB,1,25,1509.0000000000000000,0,3,0,0
2024-11-24 23:00:00+00,N623FB,1,981,1837.0540265035677880,0,8,0,0
2024-11-25 00:00:00+00,N623FB,1,847,1874.8524203069657615,0,5,0,0
2024-11-25 02:00:00+00,N623FB,1,1318,1630.2162367223065250,0,10,0,0
2024-11-25 03:00:00+00,N621FB,1,505,1577.6732673267326733,0,12,0,0
2024-11-25 03:00:00+00,N623FB,1,1287,1568.0069930069930070,0,4,0,0
2024-11-25 04:00:00+00,N621FB,1,1504,1808.8430851063829787,1425,0,0,0
2024-11-25 04:00:00+00,N625FB,1,1,0.00000000000000000000,0,1,0,0
2024-11-25 05:00:00+00,N621FB,1,108,1818.0555555555555556,0,1,0,0
2024-11-25 05:00:00+00,N625FB,1,1219,1762.2231337161607875,0,8,0,0
2024-11-25 06:00:00+00,N621FB,1,566,1589.7968197879858657,0,12,0,0
2024-11-25 06:00:00+00,N625FB,1,1016,1742.5442913385826772,0,4,0,0
2024-11-25 07:00:00+00,N621FB,1,1206,1538.9510779436152570,1225,0,0,0
2024-11-25 08:00:00+00,N621FB,1,197,2168.6548223350253807,0,4,0,0
2024-11-25 08:00:00+00,N625FB,1,1144,1860.1835664335664336,0,9,0,0
2024-11-25 09:00:00+00,N625FB,1,1302,1787.3079877112135177,1425,0,0,0
2024-11-25 10:00:00+00,N625FB,1,291,1947.9381443298969072,0,4,0,0
2024-11-25 16:00:00+00,N621FB,1,1287,1527.4087024087024087,0,14,0,0
2024-11-25 17:00:00+00,N621FB,1,32,1538.2812500000000000,0,3,0,0
2024-11-25 19:00:00+00,N621FB,1,1071,1656.8860877684407096,0,13,0,0
2024-11-25 23:00:00+00,N623FB,1,775,1523.3548387096774194,0,24,0,0
2024-11-26 00:00:00+00,N623FB,1,1205,1623.6307053941908714,0,4,0,0
2024-11-26 02:00:00+00,N623FB,1,968,1700.9297520661157025,0,15,0,0
2024-11-26 03:00:00+00,N623FB,1,872,1566.8577981651376147,0,4,0,0
2024-11-26 05:00:00+00,N625FB,1,1307,1945.8301453710788064,0,12,0,0
2024-11-26 06:00:00+00,N625FB,1,1127,1532.6308784383318545,0,4,0,0
2024-11-26 08:00:00+00,N625FB,1,1064,1812.4295112781954887,0,13,0,0
2024-11-26 09:00:00+00,N625FB,1,961,1724.7138397502601457,0,4,0,0
2024-11-26 21:00:00+00,N623FB,1,708,1653.2485875706214689,0,13,0,0
2024-11-26 22:00:00+00,N623FB,1,1254,1739.1547049441786284,1425,0,0,0
2024-11-26 23:00:00+00,N621FB,1,140,2023.3928571428571429,0,12,0,0
2024-11-26 23:00:00+00,N623FB,1,371,1799.5956873315363881,0,3,0,0
2024-11-27 00:00:00+00,N621FB,4,793,1926.4817150063051702,0,2,0,0
2024-11-27 01:00:00+00,N621FB,2,794,1740.0503778337531486,0,16,0,0
2024-11-27 02:00:00+00,N623FB,1,880,1729.4034090909090909,0,11,0,0
2024-11-27 03:00:00+00,N623FB,1,1556,1800.9640102827763496,1500,0,0,0
2024-11-27 04:00:00+00,N623FB,1,79,1827.5316455696202532,0,1,0,0
2024-11-27 05:00:00+00,N625FB,1,1331,1786.4012021036814425,0,14,0,0
2024-11-27 06:00:00+00,N625FB,1,1022,1790.5088062622309198,0,3,0,0
2024-11-27 08:00:00+00,N625FB,1,1189,1883.9991589571068124,0,11,0,0
2024-11-27 09:00:00+00,N625FB,1,808,1796.9678217821782178,0,4,0,0
2024-11-27 18:00:00+00,N621FB,1,16,784.3750000000000000,0,9,0,0
2024-11-27 19:00:00+00,N621FB,1,363,1689.1873278236914601,1425,0,0,0
2024-11-27 23:00:00+00,N623FB,1,1205,1927.0954356846473029,0,5,0,0
2024-11-28 00:00:00+00,N623FB,1,822,1786.2834549878345499,0,4,0,0
2024-11-28 01:00:00+00,N623FB,1,925,1919.8108108108108108,0,6,0,0
2024-11-28 02:00:00+00,N623FB,1,817,1910.1897184822521420,0,5,0,0
2024-11-28 03:00:00+00,N625FB,1,736,1687.0584239130434783,0,6,0,0
2024-11-28 04:00:00+00,N624FB,2,1106,1815.5063291139240506,0,6,0,0
2024-11-28 04:00:00+00,N625FB,1,1317,1849.1647684130599848,1575,0,0,0
2024-11-28 05:00:00+00,N624FB,3,1109,1817.8313796212804328,0,4,0,0
2024-11-28 05:00:00+00,N625FB,1,223,1894.9551569506726457,0,3,0,0
2024-11-28 06:00:00+00,N624FB,1,630,1796.2698412698412698,0,3,0,0
2024-11-28 06:00:00+00,N625FB,1,575,1765.0869565217391304,0,11,0,0
2024-11-28 07:00:00+00,N625FB,1,1354,1782.4224519940915805,1350,0,0,0
2024-11-28 08:00:00+00,N624FB,1,1241,1867.9693795326349718,0,10,0,0
2024-11-28 08:00:00+00,N625FB,1,512,1889.4531250000000000,0,3,0,0
2024-11-28 09:00:00+00,N624FB,1,902,1651.3858093126385809,0,4,0,0
2024-11-28 15:00:00+00,N625FB,1,142,1774.1197183098591549,0,14,0,0
2024-11-28 16:00:00+00,N625FB,1,837,1642.6523297491039427,1250,0,0,0
2024-11-28 20:00:00+00,N625FB,2,1271,1793.8434303697875688,0,8,0,0
2024-11-28 21:00:00+00,N625FB,1,226,1767.0353982300884956,0,1,0,0
2024-11-29 01:00:00+00,N623FB,1,659,1696.7374810318664643,0,8,0,0
2024-11-29 02:00:00+00,N623FB,1,633,1670.2606635071090047,0,2,0,0
2024-11-29 04:00:00+00,N623FB,1,1143,1804.8775153105861767,0,10,0,0
2024-11-29 05:00:00+00,N623FB,1,274,1852.3722627737226277,0,3,0,0
2024-11-29 05:00:00+00,N624FB,1,1256,1769.6058917197452229,0,7,0,0
2024-11-29 06:00:00+00,N623FB,1,593,1714.4182124789207420,0,12,0,0
2024-11-29 06:00:00+00,N624FB,1,786,1965.8715012722646310,0,3,0,0
2024-11-29 07:00:00+00,N623FB,1,1475,1658.2881355932203390,1350,0,0,0
2024-11-29 08:00:00+00,N623FB,1,113,1789.3805309734513274,0,3,0,0
2024-11-29 08:00:00+00,N624FB,2,1180,1727.3728813559322034,0,14,0,0
2024-11-29 09:00:00+00,N624FB,1,411,1815.0243309002433090,0,4,0,0
2024-11-29 22:00:00+00,N625FB,1,446,1828.1950672645739910,0,14,0,0
2024-11-29 23:00:00+00,N625FB,1,1415,1722.5441696113074205,1400,0,0,0
2024-11-30 00:00:00+00,N625FB,1,524,1788.5496183206106870,0,2,0,0
2024-11-30 02:00:00+00,N625FB,1,1192,1711.3045302013422819,0,12,0,0
2024-11-30 03:00:00+00,N624FB,1,672,1660.5654761904761905,0,12,0,0
2024-11-30 03:00:00+00,N625FB,1,825,1596.6060606060606061,0,1,0,0
2024-11-30 04:00:00+00,N624FB,1,1272,1605.3655660377358491,1375,0,0,0
2024-11-30 05:00:00+00,N623FB,1,1245,1693.6546184738955823,0,12,0,0
2024-11-30 05:00:00+00,N624FB,1,172,1574.5639534883720930,0,3,0,0
2024-11-30 06:00:00+00,N623FB,1,618,1918.4061488673139159,0,3,0,0
2024-11-30 06:00:00+00,N624FB,1,603,1645.7711442786069652,0,13,0,0
2024-11-30 07:00:00+00,N623FB,1,35,1182.8571428571428571,0,12,0,0
2024-11-30 07:00:00+00,N624FB,1,1304,1716.0851226993865031,1400,0,0,0
2024-11-30 08:00:00+00,N623FB,1,1503,1724.3180306054557552,1375,0,0,0
2024-11-30 08:00:00+00,N624FB,1,492,1586.7378048780487805,0,3,0,0
2024-11-30 09:00:00+00,N623FB,1,1440,1656.7013888888888889,1400,0,0,0
2024-11-30 10:00:00+00,N623FB,1,73,1674.3150684931506849,0,4,0,0
2024-11-30 15:00:00+00,N623FB,1,132,1433.3333333333333333,0,12,0,0
2024-11-30 16:00:00+00,N623FB,1,1251,1491.6666666666666667,1250,0,0,0
2024-11-30 18:00:00+00,N623FB,1,76,1417.4342105263157895,0,16,0,0
2024-11-30 19:00:00+00,N623FB,1,1185,1690.3586497890295359,1300,0,0,0
2024-12-01 03:00:00+00,N625FB,1,652,1485.5061349693251534,0,22,0,0
2024-12-01 04:00:00+00,N625FB,1,1376,1661.5370639534883721,1375,0,0,0
2024-12-01 05:00:00+00,N624FB,1,1210,1784.1322314049586777,0,14,0,0
2024-12-01 05:00:00+00,N625FB,1,160,1678.1250000000000000,0,2,0,0
2024-12-01 06:00:00+00,N624FB,1,1333,1770.8552138034508627,0,2,0,0
2024-12-01 06:00:00+00,N625FB,1,593,1587.5632377740303541,0,16,0,0
2024-12-01 07:00:00+00,N625FB,1,1418,1797.4788434414668547,1425,0,0,0
2024-12-01 08:00:00+00,N624FB,1,1297,1855.1850424055512722,0,10,0,0
2024-12-01 08:00:00+00,N625FB,1,138,1694.5652173913043478,0,3,0,0
2024-12-01 09:00:00+00,N624FB,1,1024,2178.6865234375000000,0,3,0,0
2024-12-01 23:00:00+00,N623FB,1,946,1777.6955602536997886,0,14,0,0
2024-12-02 00:00:00+00,N623FB,2,1296,1815.9915123456790123,0,16,0,0
2024-12-02 02:00:00+00,N623FB,1,1086,1734.2311233885819521,0,13,0,0
2024-12-02 03:00:00+00,N623FB,1,991,1847.0988900100908174,0,4,0,0
2024-12-02 03:00:00+00,N624FB,1,640,1675.4296875000000000,0,3,0,0
2024-12-02 04:00:00+00,N624FB,1,1347,1672.8656273199703044,1500,0,0,0
2024-12-02 05:00:00+00,N624FB,1,320,1797.5000000000000000,0,3,0,0
2024-12-02 05:00:00+00,N625FB,1,1160,1718.2543103448275862,0,11,0,0
2024-12-02 06:00:00+00,N624FB,1,631,1564.6196513470681458,0,8,0,0
2024-12-02 06:00:00+00,N625FB,1,758,2024.0105540897097625,0,4,0,0
2024-12-02 07:00:00+00,N624FB,1,1248,1729.4471153846153846,1350,0,0,0
2024-12-02 08:00:00+00,N624FB,1,162,1842.1296296296296296,0,3,0,0
2024-12-02 08:00:00+00,N625FB,2,1057,1619.6783349101229896,0,24,0,0
2024-12-02 09:00:00+00,N625FB,1,809,1746.2917181705809642,0,4,0,0
2024-12-02 17:00:00+00,N621FB,1,1185,1515.3375527426160338,0,15,0,0
2024-12-02 18:00:00+00,N621FB,2,642,1642.2507788161993769,0,2,0,0
2024-12-02 19:00:00+00,N621FB,1,872,1602.4082568807339450,0,5,0,0
2024-12-02 20:00:00+00,N621FB,1,70,1682.8571428571428571,0,2,0,0
2024-12-02 23:00:00+00,N624FB,1,851,1789.3654524089306698,0,13,0,0
2024-12-03 00:00:00+00,N624FB,1,1127,1931.8544809228039042,0,3,0,0
2024-12-03 02:00:00+00,N624FB,1,1022,2001.9324853228962818,0,6,0,0
2024-12-03 03:00:00+00,N623FB,1,557,1846.3195691202872531,0,7,0,0
2024-12-03 03:00:00+00,N624FB,1,764,1791.8193717277486911,0,4,0,0
2024-12-03 04:00:00+00,N623FB,1,1271,1669.6498819826907946,1350,0,0,0
2024-12-03 05:00:00+00,N623FB,1,139,1631.6546762589928058,0,3,0,0
2024-12-03 05:00:00+00,N625FB,1,1109,2116.1857529305680794,0,12,0,0
2024-12-03 06:00:00+00,N623FB,1,615,1705.6910569105691057,0,15,0,0
2024-12-03 06:00:00+00,N625FB,1,781,1878.0089628681177977,0,4,0,0
2024-12-03 07:00:00+00,N623FB,2,1008,1687.3263888888888889,0,4,0,0
2024-12-03 08:00:00+00,N623FB,2,566,2027.1201413427561837,0,8,0,0
2024-12-03 08:00:00+00,N625FB,2,159,1524.5283018867924528,0,26,0,0
2024-12-03 09:00:00+00,N625FB,1,1445,1890.6055363321799308,1525,0,0,0
2024-12-03 10:00:00+00,N625FB,1,255,2034.4117647058823529,0,5,0,0
2024-12-03 12:00:00+00,N623FB,1,198,1354.9242424242424242,0,54,0,0
2024-12-03 15:00:00+00,N623FB,1,227,1615.1982378854625551,0,10,0,0
2024-12-03 16:00:00+00,N623FB,3,413,1802.4818401937046005,0,4,0,0
2024-12-03 17:00:00+00,N623FB,1,129,1806.5891472868217054,0,3,0,0
2024-12-03 19:00:00+00,N623FB,1,874,1785.5549199084668192,0,16,0,0
2024-12-03 22:00:00+00,N624FB,1,1349,1852.2053372868791698,0,6,0,0
2024-12-03 23:00:00+00,N624FB,1,1457,1800.0171585449553878,1550,0,0,0
2024-12-04 00:00:00+00,N624FB,1,56,1727.2321428571428571,0,3,0,0
2024-12-04 02:00:00+00,N624FB,1,1084,1763.6531365313653137,0,13,0,0
2024-12-04 03:00:00+00,N624FB,1,929,1753.8213132400430571,0,4,0,0
2024-12-04 03:00:00+00,N625FB,1,542,1578.9206642066420664,0,19,0,0
2024-12-04 04:00:00+00,N625FB,1,1411,1659.0184266477675408,1400,0,0,0
2024-12-04 05:00:00+00,N625FB,1,208,1665.3846153846153846,0,3,0,0
2024-12-04 06:00:00+00,N625FB,1,434,1529.0898617511520737,0,64,0,0
2024-12-04 07:00:00+00,N625FB,1,1200,1660.6875000000000000,1375,0,0,0
2024-12-04 08:00:00+00,N625FB,1,70,2038.5714285714285714,0,1,0,0
2024-12-04 14:00:00+00,N625FB,1,144,1697.0486111111111111,0,17,0,0
2024-12-04 15:00:00+00,N625FB,2,398,4080.5904522613065327,1900,0,0,0
2024-12-04 16:00:00+00,N625FB,2,949,2101.9230769230769231,0,1,0,0
2024-12-04 17:00:00+00,N625FB,1,53,1581.6037735849056604,0,1,0,0
2024-12-04 19:00:00+00,N621FB,1,269,1488.5687732342007435,0,10,0,0
2024-12-04 20:00:00+00,N621FB,1,45,1693.3333333333333333,1300,0,0,0
2024-12-04 21:00:00+00,N621FB,2,699,1877.6108726752503577,0,15,0,0
2024-12-04 22:00:00+00,N621FB,2,81,1793.5185185185185185,1450,0,0,0
2024-12-04 22:00:00+00,N624FB,1,582,1854.5103092783505155,0,6,0,0
2024-12-04 23:00:00+00,N624FB,1,1491,1834.7250167672702884,1575,0,0,0
2024-12-05 00:00:00+00,N624FB,1,204,1831.4950980392156863,0,3,0,0
2024-12-05 01:00:00+00,N624FB,1,811,1642.7558569667077682,0,18,0,0
2024-12-05 02:00:00+00,N624FB,1,1324,1713.3874622356495468,1300,0,0,0
2024-12-05 03:00:00+00,N624FB,1,420,1546.9047619047619048,0,3,0,0
2024-12-05 05:00:00+00,N623FB,1,1167,1876.3281919451585261,0,16,0,0
2024-12-05 06:00:00+00,N623FB,1,832,1781.6105769230769231,0,3,0,0
2024-12-05 07:00:00+00,N623FB,1,1,0.00000000000000000000,0,1,0,0
2024-12-05 08:00:00+00,N623FB,1,1249,1759.4275420336269015,0,15,0,0
2024-12-05 09:00:00+00,N623FB,1,1451,1718.6250861474844935,1450,0,0,0
2024-12-05 10:00:00+00,N623FB,1,184,1714.5380434782608696,0,4,0,0
2024-12-05 14:00:00+00,N621FB,1,495,1692.4242424242424242,0,17,0,0
2024-12-05 15:00:00+00,N621FB,2,162,1478.0864197530864198,0,1,0,0
2024-12-05 16:00:00+00,N621FB,1,190,1543.9473684210526316,0,2,0,0
2024-12-05 16:00:00+00,N623FB,1,70,1404.2857142857142857,0,12,0,0
2024-12-05 17:00:00+00,N623FB,1,157,1714.1719745222929936,0,13,0,0
2024-12-05 23:00:00+00,N623FB,1,993,1685.9264853977844914,0,6,0,0
2024-12-06 00:00:00+00,N623FB,1,666,1682.2447447447447447,1400,0,0,0
2024-12-06 02:00:00+00,N623FB,1,1075,1675.2325581395348837,0,7,0,0
2024-12-06 03:00:00+00,N623FB,1,623,1772.2712680577849117,0,3,0,0
2024-12-06 03:00:00+00,N624FB,1,614,1614.0879478827361564,0,13,0,0
2024-12-06 04:00:00+00,N624FB,1,1377,1667.1205519244734931,1425,0,0,0
2024-12-06 05:00:00+00,N623FB,1,1263,1844.1409342834520982,0,12,0,0
2024-12-06 05:00:00+00,N624FB,1,138,1741.1231884057971014,0,2,0,0
2024-12-06 06:00:00+00,N623FB,1,1500,1826.4500000000000000,1450,0,0,0
2024-12-06 06:00:00+00,N624FB,1,451,1772.0066518847006652,0,13,0,0
2024-12-06 07:00:00+00,N623FB,2,31,1491.9354838709677419,0,3,0,0
2024-12-06 07:00:00+00,N624FB,1,1448,1746.7886740331491713,1450,0,0,0
2024-12-06 08:00:00+00,N623FB,1,986,2336.4604462474645030,0,8,0,0
2024-12-06 08:00:00+00,N624FB,1,145,1765.5172413793103448,0,4,0,0
2024-12-06 09:00:00+00,N623FB,1,496,1919.3044354838709677,0,23,0,0
2024-12-06 23:00:00+00,N623FB,1,879,1914.2491467576791809,0,9,0,0
2024-12-07 00:00:00+00,N623FB,1,456,2002.5219298245614035,0,3,0,0
2024-12-07 02:00:00+00,N623FB,1,1202,1848.9184692179700499,0,16,0,0
2024-12-07 03:00:00+00,N623FB,1,623,1792.7768860353130016,0,15,0,0
2024-12-07 03:00:00+00,N624FB,1,635,1719.3700787401574803,0,15,0,0
2024-12-07 04:00:00+00,N624FB,1,1439,1684.7116052814454482,1375,0,0,0
2024-12-07 05:00:00+00,N624FB,1,475,1546.3157894736842105,0,2,0,0
2024-12-07 05:00:00+00,N625FB,1,1078,1780.3803339517625232,0,14,0,0
2024-12-07 06:00:00+00,N624FB,1,619,1637.7221324717285945,0,12,0,0
2024-12-07 06:00:00+00,N625FB,1,705,1752.4468085106382979,0,2,0,0
2024-12-07 07:00:00+00,N624FB,1,1419,1595.2078928823114870,1275,0,0,0
2024-12-07 08:00:00+00,N624FB,1,449,1414.1425389755011136,0,2,0,0
2024-12-07 08:00:00+00,N625FB,1,1224,1635.8047385620915033,0,11,0,0
2024-12-07 09:00:00+00,N625FB,1,720,1788.2986111111111111,0,3,0,0
2024-12-07 15:00:00+00,N621FB,1,32,0.00000000000000000000,0,32,0,0
2024-12-07 16:00:00+00,N621FB,1,256,1475.5859375000000000,0,12,0,0
2024-12-07 17:00:00+00,N621FB,1,78,1627.8846153846153846,1275,0,0,0
2024-12-07 18:00:00+00,N621FB,1,31,1438.7096774193548387,0,2,0,0
2024-12-07 23:00:00+00,N625FB,1,969,1590.2476780185758514,0,15,0,0
2024-12-08 00:00:00+00,N625FB,1,796,1832.4748743718592965,0,4,0,0
2024-12-08 01:00:00+00,N625FB,1,12,0.00000000000000000000,0,12,0,0
2024-12-08 02:00:00+00,N625FB,1,1281,1753.4933645589383294,0,2,0,0
2024-12-08 03:00:00+00,N624FB,1,762,2094.4553805774278215,0,8,0,0
2024-12-08 03:00:00+00,N625FB,1,696,1768.7500000000000000,0,4,0,0
2024-12-08 04:00:00+00,N624FB,1,1429,1916.0601819454163751,1350,0,0,0
2024-12-08 05:00:00+00,N623FB,1,1166,1737.5428816466552316,0,11,0,0
2024-12-08 05:00:00+00,N624FB,1,142,1714.0845070422535211,0,3,0,0
2024-12-08 06:00:00+00,N623FB,1,716,1774.1270949720670391,0,2,0,0
2024-12-08 06:00:00+00,N624FB,1,664,1654.0286144578313253,0,12,0,0
2024-12-08 07:00:00+00,N623FB,1,3,0.00000000000000000000,0,3,0,0
2024-12-08 07:00:00+00,N624FB,1,1544,1726.4248704663212435,1500,0,0,0
2024-12-08 08:00:00+00,N623FB,1,1136,1719.3441901408450704,0,14,0,0
2024-12-08 08:00:00+00,N624FB,1,1264,1727.1162974683544304,0,3,0,0
2024-12-08 09:00:00+00,N623FB,2,581,1832.3149741824440620,0,8,0,0
2024-12-08 22:00:00+00,N624FB,1,377,1947.4137931034482759,0,14,0,0
2024-12-08 23:00:00+00,N624FB,2,1233,1744.9918896999188970,1400,0,0,0
2024-12-09 00:00:00+00,N624FB,1,375,1870.6666666666666667,0,2,0,0
2024-12-09 02:00:00+00,N624FB,1,992,1774.9495967741935484,0,12,0,0
2024-12-09 03:00:00+00,N624FB,2,678,1947.0870206489675516,0,4,0,0
2024-12-09 03:00:00+00,N625FB,1,571,1493.1260945709281961,0,10,0,0
2024-12-09 04:00:00+00,N625FB,1,1223,1605.5600981193785773,1325,0,0,0
2024-12-09 05:00:00+00,N623FB,1,1158,2100.4749568221070812,0,8,0,0
2024-12-09 05:00:00+00,N625FB,1,250,1540.8000000000000000,0,3,0,0
2024-12-09 06:00:00+00,N623FB,1,1378,2732.9281567489114659,0,5,0,0
2024-12-09 06:00:00+00,N625FB,1,694,2036.8155619596541787,0,11,0,0
2024-12-09 07:00:00+00,N625FB,1,1602,2051.5449438202247191,1750,0,0,0
2024-12-09 08:00:00+00,N623FB,1,876,1905.7648401826484018,0,9,0,0
2024-12-09 08:00:00+00,N625FB,1,177,1961.8644067796610169,0,3,0,0
2024-12-09 09:00:00+00,N623FB,1,1016,1921.1368110236220472,0,4,0,0
2024-12-09 22:00:00+00,N625FB,1,432,1916.7824074074074074,0,12,0,0
2024-12-09 23:00:00+00,N625FB,2,629,1945.3100158982511924,0,34,0,0
2024-12-10 00:00:00+00,N625FB,1,1381,1784.7936278059377263,1500,0,0,0
2024-12-10 01:00:00+00,N621FB,1,355,1767.0422535211267606,0,24,0,0
2024-12-10 01:00:00+00,N625FB,1,448,1785.3236607142857143,0,4,0,0
2024-12-10 02:00:00+00,N621FB,3,1077,1792.4326833797585887,0,15,0,0
2024-12-10 02:00:00+00,N625FB,1,845,1581.3017751479289941,0,29,0,0
2024-12-10 03:00:00+00,N624FB,1,683,1618.4846266471449488,0,23,0,0
2024-12-10 03:00:00+00,N625FB,1,1187,1669.6714406065711879,0,4,0,0
2024-12-10 04:00:00+00,N624FB,1,1288,1507.6475155279503106,1250,0,0,0
2024-12-10 05:00:00+00,N624FB,1,79,1665.1898734177215190,1275,0,0,0
2024-12-10 05:00:00+00,N625FB,1,1241,1693.8557614826752619,0,28,0,0
2024-12-10 06:00:00+00,N624FB,1,511,1730.4305283757338552,0,28,0,0
2024-12-10 06:00:00+00,N625FB,1,1129,2238.9503985828166519,1650,0,0,0
2024-12-10 07:00:00+00,N624FB,1,1207,1438.9809444904722452,1175,0,0,0
2024-12-10 07:00:00+00,N625FB,1,359,1892.6880222841225627,0,4,0,0
2024-12-10 08:00:00+00,N624FB,1,694,1484.2939481268011527,1175,0,0,0
2024-12-10 08:00:00+00,N625FB,1,505,1537.3267326732673267,0,18,0,0
2024-12-10 09:00:00+00,N625FB,1,1172,1694.4325938566552901,1300,0,0,0
2024-12-10 10:00:00+00,N625FB,1,94,1465.9574468085106383,0,6,0,0
2024-12-10 15:00:00+00,N625FB,1,1339,1308.0657206870799104,0,56,0,0
2024-12-10 16:00:00+00,N625FB,1,127,1456.1023622047244094,1025,0,0,0
2024-12-10 18:00:00+00,N625FB,1,1364,1309.4941348973607038,0,84,0,0
2024-12-10 19:00:00+00,N625FB,1,963,1546.4434060228452752,1050,0,0,0
2024-12-10 23:00:00+00,N624FB,1,1370,1702.0620437956204380,0,57,0,0
2024-12-11 00:00:00+00,N624FB,1,500,1591.9500000000000000,0,2,0,0
2024-12-11 02:00:00+00,N624FB,1,1303,1532.8856485034535687,0,54,0,0
2024-12-11 03:00:00+00,N624FB,1,783,1424.7126436781609195,0,4,0,0
2024-12-11 05:00:00+00,N625FB,1,1216,1433.4703947368421053,0,29,0,0
2024-12-11 06:00:00+00,N625FB,2,755,1699.4701986754966887,0,4,0,0
2024-12-11 08:00:00+00,N625FB,1,1142,1452.1672504378283713,0,40,0,0
2024-12-11 09:00:00+00,N625FB,1,1018,1531.8025540275049116,0,4,0,0
2024-12-11 21:00:00+00,N623FB,1,127,1340.9448818897637795,0,30,0,0
2024-12-11 22:00:00+00,N623FB,2,219,1660.5022831050228311,1500,0,0,0
2024-12-11 23:00:00+00,N621FB,1,1261,1634.8136399682791435,0,11,0,0
2024-12-11 23:00:00+00,N623FB,3,304,1719.1611842105263158,0,1,0,0
2024-12-12 00:00:00+00,N621FB,1,977,1646.4943705220061412,0,5,0,0
2024-12-12 00:00:00+00,N623FB,1,112,1570.9821428571428571,0,17,0,0
2024-12-12 01:00:00+00,N623FB,2,59,1697.0338983050847458,0,1,0,0
2024-12-12 02:00:00+00,N621FB,1,1256,1640.9036624203821656,0,19,0,0
2024-12-12 02:00:00+00,N623FB,2,423,1668.5579196217494090,0,8,0,0
2024-12-12 03:00:00+00,N621FB,1,884,1833.6255656108597285,0,4,0,0
2024-12-12 03:00:00+00,N624FB,1,547,1610.6489945155393053,0,16,0,0
2024-12-12 04:00:00+00,N624FB,1,1403,1634.6400570206699929,1300,0,0,0
2024-12-12 04:00:00+00,N625FB,1,1,0.00000000000000000000,0,1,0,0
2024-12-12 05:00:00+00,N624FB,1,90,1722.7777777777777778,0,3,0,0
2024-12-12 05:00:00+00,N625FB,1,1343,1769.5830230826507818,0,14,0,0
2024-12-12 06:00:00+00,N624FB,1,667,1621.2893553223388306,0,9,0,0
2024-12-12 06:00:00+00,N625FB,1,875,1747.9714285714285714,0,4,0,0
2024-12-12 07:00:00+00,N624FB,1,1219,1538.3716160787530763,1300,0,0,0
2024-12-12 08:00:00+00,N624FB,1,337,1514.6142433234421365,0,3,0,0
2024-12-12 08:00:00+00,N625FB,1,1391,1880.6613946800862689,0,18,0,0
2024-12-12 09:00:00+00,N625FB,1,804,2147.7611940298507463,0,5,0,0
2024-12-12 11:00:00+00,N625FB,1,1189,2758.8309503784693019,0,12,0,0
2024-12-12 12:00:00+00,N625FB,1,373,2296.9839142091152815,0,4,0,0
2024-12-12 14:00:00+00,N621FB,1,501,1608.2834331337325349,0,14,0,0
2024-12-12 15:00:00+00,N621FB,1,134,1472.7611940298507463,1000,0,0,0
2024-12-12 16:00:00+00,N621FB,1,458,1908.5152838427947598,0,1,0,0
2024-12-12 17:00:00+00,N621FB,1,274,1705.0182481751824818,0,13,0,0
2024-12-12 18:00:00+00,N621FB,1,718,1917.6880222841225627,0,2,0,0
2024-12-12 20:00:00+00,N625FB,1,634,1969.4400630914826498,0,2,0,0
2024-12-12 21:00:00+00,N625FB,1,1073,1750.1397949673811743,0,2,0,0
2024-12-13 00:00:00+00,N625FB,1,638,1928.2131661442006270,0,18,0,0
2024-12-13 02:00:00+00,N625FB,1,1149,1859.4647519582245431,0,19,0,0
2024-12-13 03:00:00+00,N625FB,1,1191,1721.2006717044500420,0,3,0,0
2024-12-13 05:00:00+00,N624FB,1,1191,1665.1133501259445844,0,20,0,0
2024-12-13 06:00:00+00,N624FB,1,867,2008.0738177623990773,0,3,0,0
2024-12-13 07:00:00+00,N624FB,1,1,0.00000000000000000000,0,1,0,0
2024-12-13 08:00:00+00,N624FB,1,1444,1757.7216066481994460,0,20,0,0
2024-12-13 09:00:00+00,N624FB,2,611,1780.5237315875613748,0,11,0,0
2024-12-13 13:00:00+00,N621FB,1,169,1536.0946745562130178,0,16,0,0
2024-12-13 14:00:00+00,N621FB,1,1145,1542.9694323144104803,0,2,0,0
2024-12-13 16:00:00+00,N621FB,1,386,1453.8860103626943005,1200,0,0,0
2024-12-13 17:00:00+00,N621FB,1,98,1676.7857142857142857,0,1,0,0
2024-12-13 18:00:00+00,N621FB,1,561,1862.5668449197860963,0,10,0,0
2024-12-13 19:00:00+00,N621FB,1,442,1685.4072398190045249,0,1,0,0
2024-12-14 00:00:00+00,N625FB,1,824,1718.6589805825242718,0,36,0,0
2024-12-14 01:00:00+00,N625FB,1,1030,1824.9757281553398058,0,1,0,0
2024-12-14 05:00:00+00,N624FB,1,1531,1761.4141084258654474,0,31,0,0
2024-12-14 06:00:00+00,N624FB,1,1166,1603.8164665523156089,0,2,0,0
2024-12-14 07:00:00+00,N624FB,1,26,0.00000000000000000000,0,26,0,0
2024-12-14 08:00:00+00,N624FB,1,1194,1675.5234505862646566,0,8,0,0
2024-12-14 09:00:00+00,N624FB,1,1469,1669.1286589516678012,1325,0,0,0
2024-12-14 10:00:00+00,N624FB,1,543,1732.8268876611418048,0,3,0,0
2024-12-14 12:00:00+00,N621FB,1,184,1430.4347826086956522,0,37,0,0
2024-12-14 13:00:00+00,N621FB,1,1296,1604.0123456790123457,0,3,0,0
2024-12-14 18:00:00+00,N621FB,2,1270,1634.5078740157480315,0,42,0,0
2024-12-14 19:00:00+00,N621FB,1,259,1589.6718146718146718,0,1,0,0
2024-12-15 03:00:00+00,N624FB,1,820,1625.4268292682926829,0,42,0,0
2024-12-15 04:00:00+00,N624FB,1,1446,1646.9744121715076072,1300,0,0,0
2024-12-15 05:00:00+00,N624FB,1,190,1594.4736842105263158,0,3,0,0
2024-12-15 05:00:00+00,N625FB,1,1402,1785.6455064194008559,0,30,0,0
2024-12-15 06:00:00+00,N624FB,1,613,1544.6574225122349103,0,45,0,0
2024-12-15 06:00:00+00,N625FB,1,862,1666.5313225058004640,0,3,0,0
2024-12-15 07:00:00+00,N624FB,1,1383,1698.8611713665943601,1375,0,0,0
2024-12-15 07:00:00+00,N625FB,1,1,0.00000000000000000000,0,1,0,0
2024-12-15 08:00:00+00,N624FB,1,114,1698.6842105263157895,0,3,0,0
2024-12-15 08:00:00+00,N625FB,2,1257,1651.3922036595067621,0,35,0,0
2024-12-15 09:00:00+00,N625FB,1,537,1804.6089385474860335,0,4,0,0
2024-12-15 15:00:00+00,N624FB,1,630,1468.6904761904761905,0,50,0,0
2024-12-15 16:00:00+00,N624FB,1,1088,1461.9255514705882353,0,2,0,0
2024-12-15 19:00:00+00,N624FB,1,1291,1593.0286599535243997,0,60,0,0
2024-12-15 23:00:00+00,N625FB,1,1103,1748.1867633726201269,0,12,0,0
2024-12-16 00:00:00+00,N625FB,1,756,1839.9470899470899471,0,5,0,0
2024-12-16 01:00:00+00,N625FB,1,2,0.00000000000000000000,0,2,0,0
2024-12-16 02:00:00+00,N625FB,1,1196,1713.0852842809364548,0,32,0,0
2024-12-16 03:00:00+00,N621FB,1,645,1675.1550387596899225,0,19,0,0
2024-12-16 03:00:00+00,N625FB,1,1528,1764.3815445026178010,1525,0,0,0
2024-12-16 04:00:00+00,N621FB,1,1313,1616.0510281797410510,1275,0,0,0
2024-12-16 04:00:00+00,N625FB,1,126,1680.5555555555555556,0,4,0,0
2024-12-16 05:00:00+00,N621FB,1,390,1443.2051282051282051,0,1,0,0
2024-12-16 05:00:00+00,N625FB,1,1314,1820.5098934550989346,0,23,0,0
2024-12-16 06:00:00+00,N621FB,1,602,1749.9584717607973422,0,34,0,0
2024-12-16 06:00:00+00,N625FB,1,913,1767.2508214676889376,0,4,0,0
2024-12-16 07:00:00+00,N621FB,1,1320,1427.0454545454545455,1175,0,0,0
2024-12-16 07:00:00+00,N625FB,1,137,1408.9416058394160584,0,31,0,0
2024-12-16 08:00:00+00,N621FB,1,194,1544.3298969072164948,0,3,0,0
2024-12-16 08:00:00+00,N625FB,1,1417,1630.6986591390261115,1425,0,0,0
2024-12-16 09:00:00+00,N625FB,1,527,1695.3510436432637571,0,5,0,0
2024-12-16 14:00:00+00,N624FB,1,390,1371.3461538461538462,0,55,0,0
2024-12-16 15:00:00+00,N624FB,1,891,1492.3961840628507295,0,1,0,0
2024-12-16 16:00:00+00,N624FB,1,282,1457.9787234042553191,0,1,0,0
2024-12-16 19:00:00+00,N624FB,1,1316,1467.2682370820668693,0,52,0,0
2024-12-16 20:00:00+00,N624FB,1,546,1685.7600732600732601,0,1,0,0
2024-12-16 22:00:00+00,N625FB,1,220,1525.9090909090909091,0,29,0,0
2024-12-16 23:00:00+00,N625FB,1,1414,1857.6379066478076379,1500,0,0,0
2024-12-17 00:00:00+00,N625FB,1,347,1846.1095100864553314,0,3,0,0
2024-12-17 02:00:00+00,N625FB,1,1261,2171.8675654242664552,0,20,0,0
2024-12-17 03:00:00+00,N623FB,1,629,1612.7583465818759936,0,26,0,0
2024-12-17 03:00:00+00,N625FB,1,1145,1817.0960698689956332,0,5,0,0
2024-12-17 04:00:00+00,N623FB,1,1433,1572.3656664340544313,1400,0,0,0
2024-12-17 05:00:00+00,N623FB,1,862,1665.4292343387470998,1325,0,0,0
2024-12-17 06:00:00+00,N623FB,2,677,1539.2909896602658789,0,28,0,0
2024-12-17 07:00:00+00,N623FB,1,1240,1676.8548387096774194,1375,0,0,0
2024-12-17 08:00:00+00,N623FB,1,224,1738.3928571428571429,0,2,0,0
2024-12-17 15:00:00+00,N623FB,1,566,1463.4275618374558304,0,32,0,0
2024-12-17 16:00:00+00,N623FB,1,1235,1665.7085020242914980,1275,0,0,0
2024-12-17 19:00:00+00,N623FB,2,928,1559.7252155172413793,0,43,0,0
2024-12-17 20:00:00+00,N623FB,1,376,1518.6835106382978723,0,4,0,0
2024-12-17 22:00:00+00,N625FB,1,991,1769.8536831483350151,0,24,0,0
2024-12-17 23:00:00+00,N625FB,1,1016,1726.1811023622047244,0,3,0,0
2024-12-18 02:00:00+00,N625FB,1,1257,1626.8695306284805091,0,33,0,0
2024-12-18 03:00:00+00,N624FB,1,528,1462.5946969696969697,0,18,0,0
2024-12-18 03:00:00+00,N625FB,1,836,1759.0011961722488038,0,4,0,0
2024-12-18 04:00:00+00,N624FB,1,1336,1536.1901197604790419,1250,0,0,0
2024-12-18 05:00:00+00,N624FB,1,126,1674.8015873015873016,0,3,0,0
2024-12-18 05:00:00+00,N625FB,1,1265,1788.8537549407114625,0,19,0,0
2024-12-18 06:00:00+00,N624FB,1,549,1538.3879781420765027,0,29,0,0
2024-12-18 06:00:00+00,N625FB,1,799,1874.2177722152690864,0,4,0,0
2024-12-18 07:00:00+00,N624FB,1,1284,1525.5062305295950156,1200,0,0,0
2024-12-18 08:00:00+00,N624FB,1,148,1707.0945945945945946,0,4,0,0
2024-12-18 08:00:00+00,N625FB,2,1090,2096.2155963302752294,0,40,0,0
2024-12-18 09:00:00+00,N625FB,1,1499,1808.8559039359573049,1400,0,0,0
2024-12-18 10:00:00+00,N625FB,1,521,1766.8426103646833013,0,3,0,0
2024-12-18 14:00:00+00,N621FB,1,109,1294.4954128440366972,0,27,0,0
2024-12-18 15:00:00+00,N621FB,1,386,1521.6968911917098446,1400,0,0,0
2024-12-18 16:00:00+00,N621FB,3,307,1506.5960912052117264,0,8,0,0
2024-12-18 17:00:00+00,N621FB,2,713,1554.5582047685834502,1350,0,0,0
2024-12-18 18:00:00+00,N621FB,3,776,1627.7384020618556701,0,33,0,0
2024-12-18 19:00:00+00,N621FB,2,433,1592.9561200923787529,0,1,0,0
2024-12-18 23:00:00+00,N624FB,1,1137,1786.8953386103781882,0,23,0,0
2024-12-19 00:00:00+00,N624FB,1,857,1965.4609101516919487,0,4,0,0
2024-12-19 02:00:00+00,N624FB,1,1295,1768.0888030888030888,0,21,0,0
2024-12-19 03:00:00+00,N621FB,1,595,1599.5378151260504202,0,21,0,0
2024-12-19 03:00:00+00,N624FB,1,824,1673.0582524271844660,0,2,0,0
2024-12-19 04:00:00+00,N621FB,1,1440,1417.9340277777777778,1225,0,0,0
2024-12-19 05:00:00+00,N621FB,1,101,1634.1584158415841584,0,3,0,0
2024-12-19 05:00:00+00,N625FB,1,1299,1659.3533487297921478,0,31,0,0
2024-12-19 06:00:00+00,N621FB,1,766,1642.4608355091383812,0,16,0,0
2024-12-19 06:00:00+00,N625FB,1,821,1748.3861144945188794,0,5,0,0
2024-12-19 07:00:00+00,N621FB,1,1339,1793.7826736370425691,1375,0,0,0
2024-12-19 08:00:00+00,N621FB,1,324,1671.2191358024691358,0,4,0,0
2024-12-19 08:00:00+00,N625FB,1,1241,1793.1909750201450443,0,30,0,0
2024-12-19 09:00:00+00,N625FB,1,653,2541.3476263399693721,0,5,0,0
2024-12-19 20:00:00+00,N622FB,1,107,1414.0186915887850467,0,25,0,0
2024-12-19 21:00:00+00,N622FB,2,232,1652.6939655172413793,0,14,0,0
2024-12-19 22:00:00+00,N625FB,1,20,0.00000000000000000000,0,20,0,0
2024-12-19 23:00:00+00,N625FB,2,1257,1678.6595067621320605,0,28,0,0
2024-12-20 00:00:00+00,N625FB,1,849,1537.7797408716136631,1300,0,0,0
2024-12-20 02:00:00+00,N625FB,1,1352,1518.8609467455621302,0,62,0,0
2024-12-20 03:00:00+00,N621FB,1,614,1641.4902280130293160,0,22,0,0
2024-12-20 03:00:00+00,N625FB,1,666,1553.8288288288288288,1275,0,0,0
2024-12-20 04:00:00+00,N621FB,1,1396,1733.0229226361031519,1375,0,0,0
2024-12-20 05:00:00+00,N621FB,1,657,1478.7290715372907154,0,4,0,0
2024-12-20 05:00:00+00,N625FB,1,1292,1753.5797213622291022,0,31,0,0
2024-12-20 06:00:00+00,N621FB,1,677,1492.5775480059084195,0,29,0,0
2024-12-20 06:00:00+00,N625FB,1,907,1879.0518191841234840,0,3,0,0
2024-12-20 07:00:00+00,N621FB,1,1546,1584.3467011642949547,1225,0,0,0
2024-12-20 08:00:00+00,N621FB,1,232,1664.9784482758620690,0,3,0,0
2024-12-20 08:00:00+00,N625FB,1,1153,1711.3616652211621856,0,26,0,0
2024-12-20 09:00:00+00,N625FB,2,946,1681.1310782241014799,0,11,0,0
2024-12-20 22:00:00+00,N624FB,1,69,1036.2318840579710145,0,28,0,0
2024-12-20 23:00:00+00,N624FB,1,1307,1712.5669472073450650,1200,0,0,0
2024-12-21 00:00:00+00,N624FB,2,388,1717.3324742268041237,0,8,0,0
2024-12-21 02:00:00+00,N624FB,1,1232,1697.1590909090909091,0,44,0,0
2024-12-21 03:00:00+00,N621FB,1,683,1570.8638360175695461,0,35,0,0
2024-12-21 03:00:00+00,N624FB,1,1023,1652.9081133919843597,0,2,0,0
2024-12-21 04:00:00+00,N621FB,1,1427,1676.6818500350385424,1400,0,0,0
2024-12-21 05:00:00+00,N621FB,1,197,1951.6497461928934010,0,3,0,0
2024-12-21 05:00:00+00,N625FB,1,1305,1601.5325670498084291,0,22,0,0
2024-12-21 06:00:00+00,N621FB,1,766,1645.1697127937336815,0,31,0,0
2024-12-21 06:00:00+00,N625FB,1,751,1573.9680426098535286,0,3,0,0
2024-12-21 07:00:00+00,N621FB,1,1275,1745.0980392156862745,1325,0,0,0
2024-12-21 08:00:00+00,N621FB,1,409,1523.6552567237163814,0,2,0,0
2024-12-21 08:00:00+00,N625FB,1,1225,1629.2244897959183673,0,46,0,0
2024-12-21 09:00:00+00,N625FB,2,1033,1862.0764762826718296,0,10,0,0
2024-12-21 10:00:00+00,N625FB,1,69,1524.6376811594202899,0,4,0,0
2024-12-21 18:00:00+00,N624FB,1,115,1241.3043478260869565,0,29,0,0
2024-12-21 19:00:00+00,N624FB,2,598,1466.2625418060200669,0,3,0,0
2024-12-21 22:00:00+00,N624FB,1,117,1484.6153846153846154,0,20,0,0
2024-12-21 23:00:00+00,N624FB,1,1369,1741.8371073776479182,1375,0,0,0
2024-12-22 00:00:00+00,N624FB,1,464,1716.5948275862068966,0,3,0,0
2024-12-22 01:00:00+00,N624FB,1,156,1537.3397435897435897,0,24,0,0
2024-12-22 02:00:00+00,N624FB,1,1384,1629.5881502890173410,1325,0,0,0
2024-12-22 03:00:00+00,N621FB,1,754,1556.6644562334217507,0,52,0,0
2024-12-22 03:00:00+00,N624FB,1,839,1637.1275327771156138,0,2,0,0
2024-12-22 04:00:00+00,N621FB,1,1499,1581.8212141427618412,1300,0,0,0
2024-12-22 04:00:00+00,N625FB,1,2,0.00000000000000000000,0,2,0,0
2024-12-22 05:00:00+00,N621FB,1,127,1672.0472440944881890,0,3,0,0
2024-12-22 05:00:00+00,N625FB,1,1413,1724.0268931351733900,0,41,0,0
2024-12-22 06:00:00+00,N621FB,1,705,1543.3333333333333333,0,47,0,0
2024-12-22 06:00:00+00,N625FB,1,908,1749.8072687224669604,0,4,0,0
2024-12-22 07:00:00+00,N621FB,1,1371,1596.9912472647702407,1350,0,0,0
2024-12-22 08:00:00+00,N621FB,1,694,1602.2694524495677233,0,3,0,0
2024-12-22 08:00:00+00,N625FB,1,1353,1741.9438285291943829,0,32,0,0
2024-12-22 09:00:00+00,N625FB,1,535,1765.3738317757009346,0,4,0,0
2024-12-22 14:00:00+00,N624FB,1,216,1386.2268518518518519,0,26,0,0
2024-12-22 15:00:00+00,N623FB,1,863,1575.3765932792584009,0,32,0,0
2024-12-22 15:00:00+00,N624FB,1,511,1383.7084148727984344,0,23,0,0
2024-12-22 16:00:00+00,N623FB,1,525,1550.6666666666666667,0,3,0,0
2024-12-22 16:00:00+00,N624FB,1,1180,1683.6864406779661017,0,1,0,0
2024-12-22 18:00:00+00,N624FB,1,36,982.6388888888888889,0,13,0,0
2024-12-22 19:00:00+00,N624FB,1,274,1238.0474452554744526,0,63,0,0
2024-12-22 22:00:00+00,N623FB,1,519,1695.4720616570327553,0,25,0,0
2024-12-22 23:00:00+00,N623FB,1,928,1706.4385775862068966,1425,0,0,0
2024-12-23 02:00:00+00,N621FB,1,1154,1737.4350086655112652,0,23,0,0
2024-12-23 03:00:00+00,N621FB,1,819,1833.5775335775335775,0,4,0,0
2024-12-23 03:00:00+00,N623FB,1,695,1684.8201438848920863,0,37,0,0
2024-12-23 04:00:00+00,N623FB,1,1539,1815.8544509421702404,1500,0,0,0
2024-12-23 05:00:00+00,N623FB,1,321,1826.3239875389408100,0,4,0,0
2024-12-23 05:00:00+00,N625FB,1,1236,1731.4320388349514563,0,21,0,0
2024-12-23 06:00:00+00,N623FB,1,677,1604.7267355982274742,0,24,0,0
2024-12-23 06:00:00+00,N625FB,1,868,1927.7649769585253456,0,4,0,0
2024-12-23 07:00:00+00,N623FB,2,1323,1763.8888888888888889,0,5,0,0
2024-12-23 08:00:00+00,N623FB,1,196,1878.6989795918367347,0,8,0,0
2024-12-23 08:00:00+00,N625FB,2,1186,2274.8102866779089376,0,23,0,0
2024-12-23 09:00:00+00,N625FB,1,1208,1957.6779801324503311,0,4,0,0
2024-12-23 16:00:00+00,N622FB,2,992,2843.4475806451612903,0,24,0,0
2024-12-23 17:00:00+00,N622FB,1,237,1800.2109704641350211,0,7,0,0
2024-12-23 21:00:00+00,N625FB,1,773,1577.1668822768434670,0,26,0,0
2024-12-23 23:00:00+00,N625FB,1,1088,1869.4623161764705882,0,31,0,0
2024-12-24 00:00:00+00,N625FB,1,1288,1785.5784161490683230,0,3,0,0
2024-12-24 02:00:00+00,N625FB,1,1124,1830.2268683274021352,0,27,0,0
2024-12-24 03:00:00+00,N624FB,1,611,1582.6923076923076923,0,24,0,0
2024-12-24 03:00:00+00,N625FB,1,1041,1749.9519692603266090,0,4,0,0
2024-12-24 04:00:00+00,N621FB,1,2,0.00000000000000000000,0,2,0,0
2024-12-24 04:00:00+00,N624FB,1,1464,1541.4446721311475410,1325,0,0,0
2024-12-24 05:00:00+00,N621FB,1,1420,1684.4542253521126761,0,39,0,0
2024-12-24 05:00:00+00,N624FB,1,157,1632.3248407643312102,0,4,0,0
2024-12-24 06:00:00+00,N621FB,1,1292,1964.9961300309597523,0,3,0,0
2024-12-24 06:00:00+00,N624FB,1,636,1935.2201257861635220,0,27,0,0
2024-12-24 07:00:00+00,N624FB,1,1307,1701.0137719969395562,1400,0,0,0
2024-12-24 08:00:00+00,N621FB,1,1349,1823.7768717568569311,0,33,0,0
2024-12-24 08:00:00+00,N624FB,1,246,1670.5284552845528455,0,4,0,0
2024-12-24 09:00:00+00,N621FB,1,384,1697.3307291666666667,0,4,0,0
2024-12-24 15:00:00+00,N625FB,1,1141,1572.5898334794040316,0,34,0,0
2024-12-24 16:00:00+00,N625FB,1,212,1786.3207547169811321,0,1,0,0
2024-12-24 18:00:00+00,N625FB,1,402,1376.6169154228855721,0,83,0,0
2024-12-24 19:00:00+00,N625FB,1,1089,1515.7483930211202938,0,3,0,0
2024-12-24 23:00:00+00,N621FB,1,1112,1988.0170863309352518,0,21,0,0
2024-12-25 00:00:00+00,N621FB,1,705,2261.4539007092198582,0,10,0,0
2024-12-25 02:00:00+00,N621FB,1,1406,1981.5078236130867710,0,10,0,0
2024-12-25 03:00:00+00,N621FB,1,923,2043.2556879739978332,0,4,0,0
2024-12-25 03:00:00+00,N625FB,1,647,1890.9969088098918083,0,19,0,0
2024-12-25 04:00:00+00,N625FB,1,1180,1913.3050847457627119,0,4,0,0
2024-12-25 06:00:00+00,N625FB,1,696,1789.2600574712643678,0,20,0,0
2024-12-25 07:00:00+00,N625FB,2,1198,1843.6143572621035058,0,4,0,0
2024-12-25 08:00:00+00,N625FB,1,474,1846.7827004219409283,0,4,0,0
2024-12-25 09:00:00+00,N625FB,1,585,1974.2735042735042735,0,16,0,0
2024-12-25 10:00:00+00,N625FB,1,1116,1936.8055555555555556,0,5,0,0
2024-12-25 17:00:00+00,N624FB,1,794,1784.4143576826196474,0,24,0,0
2024-12-25 18:00:00+00,N624FB,1,83,1753.0120481927710843,0,6,0,0
2024-12-25 22:00:00+00,N623FB,1,285,1736.8421052631578947,0,15,0,0
2024-12-25 23:00:00+00,N623FB,1,1435,1875.1567944250871080,1450,0,0,0
2024-12-26 00:00:00+00,N623FB,1,438,1975.5707762557077626,0,2,0,0
2024-12-26 01:00:00+00,N623FB,1,97,1668.5567010309278351,0,12,0,0
2024-12-26 02:00:00+00,N623FB,1,1375,2035.6545454545454545,1700,0,0,0
2024-12-26 03:00:00+00,N623FB,2,298,1809.8154362416107383,0,19,0,0
2024-12-26 04:00:00+00,N623FB,1,1418,1815.7616361071932299,1575,0,0,0
2024-12-26 04:00:00+00,N625FB,1,43,1082.5581395348837209,0,19,0,0
2024-12-26 05:00:00+00,N623FB,1,204,1754.1666666666666667,0,3,0,0
2024-12-26 05:00:00+00,N625FB,1,1153,1810.2558542931483088,1425,0,0,0
2024-12-26 06:00:00+00,N623FB,1,566,1631.6254416961130742,0,28,0,0
2024-12-26 06:00:00+00,N625FB,1,1024,1973.5839843750000000,0,4,0,0
2024-12-26 07:00:00+00,N623FB,1,1326,1815.6674208144796380,1475,0,0,0
2024-12-26 08:00:00+00,N623FB,1,314,1842.5955414012738854,0,3,0,0
2024-12-26 08:00:00+00,N625FB,1,1184,1695.9670608108108108,0,25,0,0
2024-12-26 09:00:00+00,N625FB,2,1186,1676.9603709949409781,1450,0,0,0
2024-12-26 10:00:00+00,N625FB,1,1027,1718.5491723466407011,0,4,0,0
2024-12-26 12:00:00+00,N621FB,1,682,1752.2360703812316716,0,22,0,0
2024-12-26 13:00:00+00,N621FB,1,469,1720.6289978678038380,0,2,0,0
2024-12-26 15:00:00+00,N625FB,1,629,1526.1128775834658188,1300,0,0,0
2024-12-26 16:00:00+00,N625FB,1,89,1640.1685393258426966,0,1,0,0
2024-12-26 17:00:00+00,N625FB,1,87,1378.4482758620689655,0,21,0,0
2024-12-26 18:00:00+00,N625FB,1,1394,1704.7525107604017217,1425,0,0,0
2024-12-26 19:00:00+00,N625FB,1,960,1651.6666666666666667,0,1,0,0
2024-12-26 22:00:00+00,N623FB,1,46,880.9782608695652174,0,24,0,0
2024-12-26 23:00:00+00,N623FB,1,1325,1627.7735849056603774,1375,0,0,0
2024-12-27 00:00:00+00,N623FB,1,619,1823.4248788368336026,0,2,0,0
2024-12-27 02:00:00+00,N623FB,1,1355,1788.8007380073800738,0,22,0,0
2024-12-27 03:00:00+00,N621FB,1,563,1639.4760213143872114,0,29,0,0
2024-12-27 03:00:00+00,N623FB,1,897,2002.2853957636566332,0,3,0,0
2024-12-27 04:00:00+00,N621FB,1,1349,1719.1623424759080801,1425,0,0,0
2024-12-27 05:00:00+00,N621FB,1,210,1864.8809523809523810,0,4,0,0
2024-12-27 05:00:00+00,N623FB,1,1296,1614.2361111111111111,0,34,0,0
2024-12-27 06:00:00+00,N621FB,1,604,1555.6705298013245033,0,21,0,0
2024-12-27 06:00:00+00,N623FB,1,910,1742.5274725274725275,0,3,0,0
2024-12-27 07:00:00+00,N621FB,1,1213,1788.5820280296784831,1425,0,0,0
2024-12-27 07:00:00+00,N623FB,1,1,0.00000000000000000000,0,1,0,0
2024-12-27 08:00:00+00,N621FB,1,382,1692.2120418848167539,0,5,0,0
2024-12-27 08:00:00+00,N623FB,1,1360,2029.1544117647058824,0,26,0,0
2024-12-27 09:00:00+00,N623FB,1,742,1702.2237196765498652,0,4,0,0
2024-12-27 15:00:00+00,N624FB,1,998,1945.5911823647294589,0,15,0,0
2024-12-27 16:00:00+00,N624FB,2,595,1701.7647058823529412,0,1,0,0
2024-12-27 18:00:00+00,N624FB,2,968,1826.8853305785123967,0,10,0,0
2024-12-27 19:00:00+00,N624FB,1,1334,2036.9752623688155922,1475,0,0,0
2024-12-27 20:00:00+00,N624FB,1,121,1944.4214876033057851,1425,0,0,0
2024-12-27 22:00:00+00,N622FB,1,506,1830.4841897233201581,0,15,0,0
2024-12-27 23:00:00+00,N622FB,2,1015,2021.4532019704433498,0,4,0,0
2024-12-28 01:00:00+00,N622FB,1,49,1190.8163265306122449,0,18,0,0
2024-12-28 02:00:00+00,N622FB,1,1324,1767.4848942598187311,1575,0,0,0
2024-12-28 03:00:00+00,N622FB,1,1039,1630.0769971126082772,0,2,0,0
2024-12-28 03:00:00+00,N625FB,1,678,1579.3879056047197640,0,25,0,0
2024-12-28 04:00:00+00,N625FB,1,1424,1817.9248595505617978,1350,0,0,0
2024-12-28 05:00:00+00,N621FB,1,693,1730.6998556998556999,0,19,0,0
2024-12-28 05:00:00+00,N625FB,1,358,1753.7011173184357542,0,3,0,0
2024-12-28 06:00:00+00,N621FB,1,792,1858.9330808080808081,0,2,0,0
2024-12-28 06:00:00+00,N625FB,1,669,1728.7742899850523169,0,25,0,0
2024-12-28 07:00:00+00,N625FB,1,1257,1855.8273667462211615,1275,0,0,0
2024-12-28 08:00:00+00,N621FB,1,1341,1815.6226696495152871,0,20,0,0
2024-12-28 08:00:00+00,N625FB,1,135,1736.2962962962962963,0,3,0,0
2024-12-28 09:00:00+00,N621FB,1,885,1854.8870056497175141,0,3,0,0
2024-12-28 14:00:00+00,N624FB,1,306,1774.9183006535947712,0,29,0,0
2024-12-28 15:00:00+00,N624FB,1,1074,1831.2849162011173184,1250,0,0,0
2024-12-28 16:00:00+00,N624FB,1,370,1905.0675675675675676,0,7,0,0
2024-12-28 17:00:00+00,N624FB,1,794,1630.2267002518891688,1250,0,0,0
2024-12-28 22:00:00+00,N622FB,1,310,1723.5483870967741935,0,29,0,0
2024-12-28 23:00:00+00,N622FB,1,1294,1637.7511591962905719,1325,0,0,0
2024-12-29 00:00:00+00,N622FB,1,225,1651.8888888888888889,0,4,0,0
2024-12-29 02:00:00+00,N622FB,1,1255,1618.6254980079681275,0,32,0,0
2024-12-29 03:00:00+00,N622FB,1,733,1654.0586630286493861,0,3,0,0
2024-12-29 03:00:00+00,N625FB,1,690,1621.3405797101449275,0,32,0,0
2024-12-29 04:00:00+00,N625FB,1,1361,1649.3754592211609111,1400,0,0,0
2024-12-29 05:00:00+00,N623FB,1,1367,1600.8961228968544257,0,33,0,0
2024-12-29 05:00:00+00,N625FB,1,132,1714.9621212121212121,0,2,0,0
2024-12-29 06:00:00+00,N623FB,1,1061,2004.3119698397737983,0,3,0,0
2024-12-29 06:00:00+00,N625FB,1,735,2024.8979591836734694,0,35,0,0
2024-12-29 07:00:00+00,N625FB,1,1507,1828.8487060384870604,1375,0,0,0
2024-12-29 08:00:00+00,N623FB,1,1375,1728.8181818181818182,0,30,0,0
2024-12-29 08:00:00+00,N625FB,1,99,1633.0808080808080808,0,3,0,0
2024-12-29 09:00:00+00,N623FB,1,687,1849.9272197962154294,0,4,0,0
2024-12-29 15:00:00+00,N625FB,1,1329,1619.0368698269375470,0,33,0,0
2024-12-29 16:00:00+00,N625FB,1,1027,1624.7322297955209348,0,1,0,0
2024-12-29 18:00:00+00,N622FB,1,121,633.6776859504132231,0,75,0,0
2024-12-29 19:00:00+00,N622FB,1,1127,1603.5270629991126886,1250,0,0,0
2024-12-29 23:00:00+00,N621FB,1,949,1778.1085353003161222,0,35,0,0
2024-12-30 00:00:00+00,N621FB,1,743,1763.9636608344549125,0,3,0,0
2024-12-30 02:00:00+00,N621FB,1,1192,1867.9320469798657718,0,29,0,0
2024-12-30 02:00:00+00,N624FB,1,82,1529.5731707317073171,0,17,0,0
2024-12-30 03:00:00+00,N621FB,1,749,1907.5433911882510013,0,2,0,0
2024-12-30 03:00:00+00,N624FB,2,1209,1844.4789081885856079,0,38,0,0
2024-12-30 04:00:00+00,N624FB,1,1399,1943.2630450321658327,1500,0,0,0
2024-12-30 05:00:00+00,N623FB,1,1436,1830.2054317548746518,0,26,0,0
2024-12-30 05:00:00+00,N624FB,1,92,1901.9021739130434783,0,2,0,0
2024-12-30 06:00:00+00,N623FB,1,979,1918.2328907048008172,0,4,0,0
2024-12-30 06:00:00+00,N624FB,1,549,1822.4043715846994536,0,16,0,0
2024-12-30 07:00:00+00,N624FB,2,1294,1696.4837712519319938,0,10,0,0
2024-12-30 08:00:00+00,N623FB,1,1093,1807.5709057639524245,0,24,0,0
2024-12-30 08:00:00+00,N624FB,1,265,1934.8113207547169811,0,4,0,0
2024-12-30 09:00:00+00,N623FB,1,755,1820.7947019867549669,0,4,0,0
2024-12-30 15:00:00+00,N623FB,2,1216,1779.9342105263157895,0,26,0,0
2024-12-30 16:00:00+00,N623FB,2,297,1806.3973063973063973,0,4,0,0
2024-12-30 18:00:00+00,N623FB,1,256,1486.8164062500000000,0,57,0,0
2024-12-30 19:00:00+00,N623FB,1,1193,1722.2757753562447611,0,1,0,0
2024-12-30 22:00:00+00,N621FB,1,1308,1859.6903669724770642,0,22,0,0
2024-12-30 23:00:00+00,N621FB,1,1462,2027.0690834473324213,1625,0,0,0
2024-12-31 00:00:00+00,N621FB,1,127,1913.7795275590551181,0,4,0,0
2024-12-31 02:00:00+00,N621FB,1,1330,1769.0601503759398496,0,27,0,0
2024-12-31 03:00:00+00,N621FB,1,1062,1879.3314500941619586,0,4,0,0
2024-12-31 05:00:00+00,N621FB,1,1384,1867.5216763005780347,0,19,0,0
2024-12-31 06:00:00+00,N621FB,1,940,2094.8138297872340426,0,4,0,0
2024-12-31 08:00:00+00,N621FB,1,1262,1981.5174326465927100,0,17,0,0
2024-12-31 09:00:00+00,N621FB,1,1055,2016.7061611374407583,0,3,0,0
2024-12-31 15:00:00+00,N623FB,1,1038,1664.8603082851637765,0,40,0,0
2024-12-31 16:00:00+00,N623FB,1,313,1730.9904153354632588,1325,0,0,0
2024-12-31 19:00:00+00,N625FB,1,705,1625.4255319148936170,0,2,0,0
2024-12-31 20:00:00+00,N625FB,1,500,1671.4000000000000000,1375,0,0,0
2024-12-31 22:00:00+00,N622FB,1,209,1719.9760765550239234,0,25,0,0
2024-12-31 23:00:00+00,N622FB,1,1284,1823.7928348909657321,1525,0,0,0
2025-01-01 00:00:00+00,N622FB,2,807,1850.3097893432465923,0,18,0,0
2025-01-01 01:00:00+00,N622FB,1,1308,1854.1093272171253823,1450,0,0,0
2025-01-01 02:00:00+00,N622FB,1,239,2093.9330543933054393,0,1,0,0
2025-01-01 03:00:00+00,N621FB,1,501,1687.2754491017964072,0,21,0,0
2025-01-01 04:00:00+00,N621FB,1,1354,1619.4977843426883309,1400,0,0,0
2025-01-01 04:00:00+00,N622FB,1,1,0.00000000000000000000,0,1,0,0
2025-01-01 05:00:00+00,N621FB,1,255,1539.6078431372549020,0,4,0,0
2025-01-01 05:00:00+00,N622FB,1,1304,1739.7814417177914110,0,25,0,0
2025-01-01 06:00:00+00,N622FB,1,941,1640.6216790648246546,0,3,0,0
2025-01-01 07:00:00+00,N621FB,1,866,2228.5796766743648961,0,14,0,0
2025-01-01 08:00:00+00,N621FB,1,1044,1729.7413793103448276,1325,0,0,0
2025-01-01 08:00:00+00,N622FB,1,237,1670.9915611814345992,0,27,0,0
2025-01-01 09:00:00+00,N621FB,1,16,1164.0625000000000000,0,3,0,0
2025-01-01 09:00:00+00,N622FB,1,1389,1716.0187185025197984,1475,0,0,0
2025-01-01 10:00:00+00,N622FB,1,498,1772.5903614457831325,0,4,0,0
2025-01-01 12:00:00+00,N622FB,2,973,1454.3165467625899281,0,136,0,0
2025-01-01 13:00:00+00,N622FB,2,183,1549.8633879781420765,0,16,0,0
2025-01-01 15:00:00+00,N625FB,1,362,1787.5000000000000000,0,22,0,0
2025-01-01 16:00:00+00,N625FB,1,1018,1951.5962671905697446,0,2,0,0
2025-01-01 19:00:00+00,N625FB,1,1167,1484.8543273350471294,0,77,0,0
2025-01-01 20:00:00+00,N625FB,1,88,1675.0000000000000000,0,1,0,0
2025-01-01 23:00:00+00,N622FB,1,1220,1721.5573770491803279,0,20,0,0
2025-01-02 00:00:00+00,N622FB,1,876,1510.0742009132420091,0,3,0,0
2025-01-02 02:00:00+00,N622FB,1,1324,1710.6873111782477341,0,37,0,0
2025-01-02 03:00:00+00,N622FB,1,702,1651.9230769230769231,0,5,0,0
2025-01-02 03:00:00+00,N623FB,1,564,1539.2287234042553191,0,22,0,0
2025-01-02 04:00:00+00,N623FB,1,1186,1502.5084317032040472,1250,0,0,0
2025-01-02 05:00:00+00,N621FB,1,1175,1795.6382978723404255,0,23,0,0
2025-01-02 05:00:00+00,N623FB,1,259,1670.8494208494208494,0,3,0,0
2025-01-02 06:00:00+00,N621FB,2,667,1973.3508245877061469,0,4,0,0
2025-01-02 06:00:00+00,N623FB,1,656,1614.4817073170731707,0,13,0,0
2025-01-02 07:00:00+00,N623FB,1,1240,1654.2137096774193548,1250,0,0,0
2025-01-02 08:00:00+00,N621FB,1,1243,1824.7787610619469027,0,21,0,0
2025-01-02 08:00:00+00,N623FB,1,1009,1468.9544103072348860,0,6,0,0
2025-01-02 09:00:00+00,N621FB,1,1575,1948.3650793650793651,1425,0,0,0
2025-01-02 10:00:00+00,N621FB,1,128,1815.4296875000000000,0,4,0,0
2025-01-02 15:00:00+00,N625FB,1,480,1489.6875000000000000,0,48,0,0
2025-01-02 16:00:00+00,N625FB,1,780,1829.4871794871794872,0,4,0,0
2025-01-02 18:00:00+00,N625FB,1,871,1403.3008036739380023,0,118,0,0
2025-01-02 19:00:00+00,N625FB,2,817,1601.7135862913096695,0,41,0,0
2025-01-02 20:00:00+00,N625FB,1,401,1694.7630922693266833,0,4,0,0
2025-01-02 23:00:00+00,N622FB,1,1271,1423.5641227380015736,0,21,0,0
2025-01-03 00:00:00+00,N622FB,1,927,1492.1251348435814455,0,2,0,0
2025-01-03 02:00:00+00,N622FB,1,1253,1526.1173184357541899,0,22,0,0
2025-01-03 03:00:00+00,N621FB,1,717,1646.0599721059972106,0,27,0,0
2025-01-03 03:00:00+00,N622FB,1,1082,1482.9482439926062847,0,4,0,0
2025-01-03 04:00:00+00,N621FB,1,1317,1743.4130599848139711,1400,0,0,0
2025-01-03 05:00:00+00,N621FB,1,264,1655.3977272727272727,0,4,0,0
2025-01-03 05:00:00+00,N622FB,1,1322,1617.4546142208774584,0,43,0,0
2025-01-03 06:00:00+00,N621FB,1,583,1662.5214408233276158,0,22,0,0
2025-01-03 06:00:00+00,N622FB,1,694,1782.4927953890489914,0,3,0,0
2025-01-03 07:00:00+00,N621FB,1,1382,1674.6743849493487699,1375,0,0,0
2025-01-03 08:00:00+00,N621FB,1,413,1535.0484261501210654,0,4,0,0
2025-01-03 08:00:00+00,N622FB,1,1463,1606.9548872180451128,0,43,0,0
2025-01-03 09:00:00+00,N622FB,2,983,1579.5015259409969481,1350,0,0,0
2025-01-03 10:00:00+00,N622FB,1,113,1606.6371681415929204,0,4,0,0
2025-01-03 15:00:00+00,N622FB,1,1317,1602.5816249050873197,0,35,0,0
2025-01-03 17:00:00+00,N622FB,1,186,1476.6129032258064516,0,3,0,0
2025-01-03 18:00:00+00,N622FB,1,61,1478.2786885245901639,1275,0,0,0
2025-01-03 19:00:00+00,N622FB,1,1098,1878.3697632058287796,0,1,0,0
2025-01-03 23:00:00+00,N623FB,1,1341,1687.5838926174496644,0,7,0,0
2025-01-04 00:00:00+00,N623FB,1,1279,1769.1164972634870993,1425,0,0,0
2025-01-04 02:00:00+00,N623FB,1,1261,1629.8572561459159397,0,17,0,0
2025-01-04 03:00:00+00,N623FB,1,899,1715.2113459399332592,0,2,0,0
2025-01-04 03:00:00+00,N625FB,1,625,1730.5600000000000000,0,17,0,0
2025-01-04 04:00:00+00,N625FB,1,1372,1736.1151603498542274,1425,0,0,0
2025-01-04 05:00:00+00,N621FB,1,1345,1748.1412639405204461,0,18,0,0
2025-01-04 05:00:00+00,N625FB,1,362,1787.9143646408839779,0,4,0,0
2025-01-04 06:00:00+00,N621FB,1,862,1716.5893271461716937,0,2,0,0
2025-01-04 06:00:00+00,N625FB,1,695,1765.2517985611510791,0,23,0,0
2025-01-04 07:00:00+00,N621FB,1,5,0.00000000000000000000,0,5,0,0
2025-01-04 07:00:00+00,N625FB,2,1146,1686.0602094240837696,0,16,0,0
2025-01-04 08:00:00+00,N621FB,2,1263,1843.2501979414093428,0,15,0,0
2025-01-04 08:00:00+00,N625FB,1,229,1842.2489082969432314,0,3,0,0
2025-01-04 09:00:00+00,N621FB,1,1458,1780.6412894375857339,1500,0,0,0
2025-01-04 10:00:00+00,N621FB,1,660,1861.0606060606060606,0,3,0,0
2025-01-04 23:00:00+00,N623FB,1,545,1870.6880733944954128,0,11,0,0
2025-01-05 02:00:00+00,N623FB,2,1112,1952.7428057553956835,0,32,0,0
2025-01-05 03:00:00+00,N621FB,1,599,1687.8964941569282137,0,10,0,0
2025-01-05 03:00:00+00,N623FB,1,951,1800.8412197686645636,0,2,0,0
2025-01-05 04:00:00+00,N621FB,1,1273,1621.4257659073055774,1400,0,0,0
2025-01-05 05:00:00+00,N621FB,1,129,1710.2713178294573643,0,4,0,0
2025-01-05 05:00:00+00,N623FB,1,1297,1607.5558982266769468,0,12,0,0
2025-01-05 06:00:00+00,N621FB,1,632,1675.0395569620253165,0,14,0,0
2025-01-05 06:00:00+00,N623FB,1,701,1842.4393723252496434,0,2,0,0
2025-01-05 07:00:00+00,N621FB,1,1492,1792.7278820375335121,1475,0,0,0
2025-01-05 08:00:00+00,N621FB,1,454,1862.7753303964757709,0,4,0,0
2025-01-05 08:00:00+00,N623FB,1,1414,1893.0162659123055163,0,23,0,0
2025-01-05 09:00:00+00,N623FB,1,1489,1706.9845533915379449,1325,0,0,0
2025-01-05 10:00:00+00,N623FB,1,422,1613.0924170616113744,0,4,0,0
2025-01-05 15:00:00+00,N625FB,1,830,1712.7710843373493976,0,68,0,0
2025-01-05 16:00:00+00,N625FB,2,771,3090.6614785992217899,0,4,0,0
2025-01-05 18:00:00+00,N625FB,1,183,1327.3224043715846995,0,31,0,0
2025-01-05 19:00:00+00,N625FB,1,1137,1586.6974494283201407,0,1,0,0
2025-01-05 23:00:00+00,N621FB,2,1284,1844.2172897196261682,0,16,0,0
2025-01-06 00:00:00+00,N621FB,1,938,1795.3091684434968017,0,3,0,0
2025-01-06 02:00:00+00,N621FB,1,1252,1527.0167731629392971,0,14,0,0
2025-01-06 03:00:00+00,N621FB,1,931,1496.2137486573576799,0,3,0,0
2025-01-06 03:00:00+00,N622FB,1,652,1658.9723926380368098,0,33,0,0
2025-01-06 04:00:00+00,N622FB,1,1253,1679.4293695131683958,1425,0,0,0
2025-01-06 04:00:00+00,N623FB,1,2,0.00000000000000000000,0,2,0,0
2025-01-06 05:00:00+00,N622FB,1,267,1610.1123595505617978,0,5,0,0
2025-01-06 05:00:00+00,N623FB,1,1433,1811.7585484996510816,0,24,0,0
2025-01-06 06:00:00+00,N622FB,1,682,1606.6348973607038123,0,33,0,0
2025-01-06 06:00:00+00,N623FB,1,894,1884.7035794183445190,0,5,0,0
2025-01-06 07:00:00+00,N622FB,1,1410,1877.0921985815602837,1400,0,0,0
2025-01-06 08:00:00+00,N622FB,1,438,1898.8013698630136986,0,5,0,0
2025-01-06 08:00:00+00,N623FB,1,1436,1762.4303621169916435,0,21,0,0
2025-01-06 09:00:00+00,N623FB,1,1228,1816.1237785016286645,0,4,0,0
2025-01-06 10:00:00+00,N623FB,2,567,1794.5767195767195767,0,47,0,0
2025-01-06 15:00:00+00,N621FB,1,533,1889.9624765478424015,0,23,0,0
2025-01-06 16:00:00+00,N621FB,1,665,1710.2255639097744361,0,2,0,0
2025-01-06 19:00:00+00,N621FB,1,1205,1568.6929460580912863,0,23,0,0
2025-01-06 20:00:00+00,N621FB,1,101,1727.7227722772277228,0,3,0,0
2025-01-06 23:00:00+00,N625FB,1,1328,1733.8290662650602410,0,12,0,0
2025-01-07 00:00:00+00,N625FB,1,1157,1746.6724286949006050,0,4,0,0
2025-01-07 02:00:00+00,N625FB,1,1076,1662.1979553903345725,0,11,0,0
2025-01-07 03:00:00+00,N623FB,1,699,1926.3233190271816881,0,17,0,0
2025-01-07 03:00:00+00,N625FB,1,1076,1695.8875464684014870,0,4,0,0
2025-01-07 04:00:00+00,N623FB,1,1482,1996.2550607287449393,1525,0,0,0
2025-01-07 05:00:00+00,N622FB,1,1365,2000.8241758241758242,0,21,0,0
2025-01-07 05:00:00+00,N623FB,1,270,1995.1851851851851852,0,2,0,0
2025-01-07 06:00:00+00,N622FB,1,1280,2034.5507812500000000,0,4,0,0
2025-01-07 06:00:00+00,N623FB,1,903,2195.6810631229235880,0,20,0,0
2025-01-07 07:00:00+00,N623FB,1,1591,2110.8265241986172219,1800,0,0,0
2025-01-07 08:00:00+00,N622FB,1,1492,2185.6065683646112601,0,19,0,0
2025-01-07 08:00:00+00,N623FB,1,310,2045.0000000000000000,0,3,0,0
2025-01-07 09:00:00+00,N622FB,1,1508,2054.4761273209549072,1650,0,0,0
2025-01-07 10:00:00+00,N622FB,1,1564,2188.1074168797953964,1575,0,0,0
2025-01-07 11:00:00+00,N622FB,1,450,2000.5000000000000000,0,4,0,0
2025-01-07 16:00:00+00,N625FB,1,943,1921.7391304347826087,0,12,0,0
2025-01-07 17:00:00+00,N625FB,1,353,1907.6487252124645892,1450,0,0,0
2025-01-07 19:00:00+00,N625FB,1,1303,1734.7275518035303147,0,17,0,0
2025-01-07 20:00:00+00,N625FB,1,71,1832.0422535211267606,0,3,0,0
2025-01-07 22:00:00+00,N621FB,1,153,1855.7189542483660131,0,5,0,0
2025-01-07 23:00:00+00,N621FB,1,1369,1933.8568298027757487,1550,0,0,0
2025-01-08 00:00:00+00,N621FB,1,489,1840.9509202453987730,0,4,0,0
2025-01-08 02:00:00+00,N621FB,1,1376,1818.1322674418604651,1525,0,0,0
2025-01-08 03:00:00+00,N621FB,1,917,1801.4449291166848419,0,4,0,0
2025-01-08 03:00:00+00,N623FB,1,696,1902.9454022988505747,0,16,0,0
2025-01-08 04:00:00+00,N623FB,1,1327,2028.0331574981160512,1725,0,0,0
2025-01-08 05:00:00+00,N621FB,1,1273,2019.1084053417124902,0,9,0,0
2025-01-08 05:00:00+00,N623FB,1,174,2038.0747126436781609,0,3,0,0
2025-01-08 06:00:00+00,N621FB,1,792,2222.4116161616161616,0,4,0,0
2025-01-08 06:00:00+00,N623FB,1,696,1870.9410919540229885,0,12,0,0
2025-01-08 07:00:00+00,N621FB,1,36,1443.7500000000000000,0,12,0,0
2025-01-08 07:00:00+00,N623FB,1,1407,2107.3738450604122246,1725,0,0,0
2025-01-08 08:00:00+00,N621FB,1,1181,2147.6291278577476715,1500,0,0,0
2025-01-08 08:00:00+00,N623FB,1,187,1865.9090909090909091,0,3,0,0
2025-01-08 09:00:00+00,N621FB,1,1231,2173.3549959382615760,0,5,0,0
2025-01-08 11:00:00+00,N621FB,1,258,1817.8294573643410853,0,16,0,0
2025-01-08 15:00:00+00,N622FB,1,1120,1667.6562500000000000,0,39,0,0
2025-01-08 16:00:00+00,N622FB,1,49,1500.0000000000000000,0,3,0,0
2025-01-08 17:00:00+00,N622FB,1,831,1464.0794223826714801,0,28,0,0
2025-01-08 18:00:00+00,N622FB,1,510,1507.2058823529411765,0,1,0,0
2025-01-08 23:00:00+00,N621FB,1,1341,1800.7457121551081283,0,6,0,0
2025-01-09 00:00:00+00,N621FB,1,880,1792.2443181818181818,0,2,0,0
2025-01-09 00:00:00+00,N625FB,1,779,2124.7753530166880616,0,33,0,0
2025-01-09 01:00:00+00,N621FB,1,598,1874.4147157190635452,0,23,0,0
2025-01-09 01:00:00+00,N625FB,1,184,1989.9456521739130435,0,5,0,0
2025-01-09 02:00:00+00,N621FB,1,1030,1708.3980582524271845,0,15,0,0
2025-01-09 03:00:00+00,N621FB,1,757,1741.9088507265521797,0,5,0,0
2025-01-09 03:00:00+00,N623FB,1,643,1849.8833592534992224,0,28,0,0
2025-01-09 04:00:00+00,N623FB,1,1419,1758.4390415785764623,1400,0,0,0
2025-01-09 05:00:00+00,N621FB,1,1474,2758.0732700135685210,0,20,0,0
2025-01-09 05:00:00+00,N623FB,1,332,2027.1837349397590361,0,3,0,0
2025-01-09 06:00:00+00,N621FB,1,932,1975.7242489270386266,0,3,0,0
2025-01-09 06:00:00+00,N623FB,1,548,1625.9124087591240876,0,23,0,0
2025-01-09 07:00:00+00,N623FB,2,964,1699.1960580912863071,0,20,0,0
2025-01-09 08:00:00+00,N621FB,1,1432,1826.0998603351955307,0,16,0,0
2025-01-09 08:00:00+00,N623FB,1,178,1665.1685393258426966,0,3,0,0
2025-01-09 09:00:00+00,N621FB,1,866,1962.0381062355658199,0,1,0,0
2025-01-09 10:00:00+00,N621FB,1,812,2740.5172413793103448,0,3,0,0
2025-01-09 11:00:00+00,N621FB,1,325,2099.6153846153846154,0,3,0,0
2025-01-09 15:00:00+00,N622FB,1,1211,1720.9124690338563171,0,15,0,0
2025-01-09 16:00:00+00,N622FB,1,241,1742.7385892116182573,0,2,0,0
2025-01-09 18:00:00+00,N622FB,2,1130,1838.4070796460176991,0,17,0,0
2025-01-09 19:00:00+00,N622FB,1,1053,1842.4738841405508072,0,1,0,0
2025-01-09 22:00:00+00,N621FB,1,794,2022.3551637279596977,0,16,0,0
2025-01-09 23:00:00+00,N621FB,1,1286,1794.5178849144634526,0,4,0,0
2025-01-10 02:00:00+00,N621FB,1,1192,1620.7005033557046980,0,10,0,0
2025-01-10 03:00:00+00,N621FB,1,902,1706.7627494456762749,0,5,0,0
2025-01-10 03:00:00+00,N623FB,1,655,1512.8625954198473282,0,42,0,0
2025-01-10 04:00:00+00,N623FB,1,1521,1609.5825115055884287,1425,0,0,0
2025-01-10 05:00:00+00,N621FB,1,1183,1725.1479289940828402,0,25,0,0
2025-01-10 05:00:00+00,N623FB,1,175,1664.0000000000000000,0,3,0,0
2025-01-10 06:00:00+00,N621FB,2,1058,1475.3780718336483932,0,19,0,0
2025-01-10 06:00:00+00,N623FB,1,702,1468.9458689458689459,0,38,0,0
2025-01-10 07:00:00+00,N623FB,1,1374,1538.4279475982532751,1250,0,0,0
2025-01-10 08:00:00+00,N621FB,1,1210,1635.3512396694214876,0,36,0,0
2025-01-10 08:00:00+00,N623FB,1,179,1527.6536312849162011,0,2,0,0
2025-01-10 09:00:00+00,N621FB,1,901,1578.8568257491675916,0,4,0,0
2025-01-10 21:00:00+00,N621FB,1,994,1657.9476861167002012,0,26,0,0
2025-01-10 22:00:00+00,N621FB,2,1301,1853.8624135280553420,0,25,0,0
2025-01-10 23:00:00+00,N621FB,1,414,2005.0724637681159420,0,3,0,0
2025-01-11 02:00:00+00,N621FB,1,1318,1748.1600910470409712,0,60,0,0
2025-01-11 03:00:00+00,N621FB,1,913,1587.3767798466593647,0,3,0,0
2025-01-11 03:00:00+00,N622FB,1,628,1305.0557324840764331,0,57,0,0
2025-01-11 04:00:00+00,N622FB,1,1387,1562.9416005767844268,1350,0,0,0
2025-01-11 05:00:00+00,N621FB,1,1325,1534.1132075471698113,0,48,0,0
2025-01-11 05:00:00+00,N622FB,1,207,1647.9468599033816425,0,3,0,0
2025-01-11 06:00:00+00,N621FB,1,927,1658.3333333333333333,0,3,0,0
2025-01-11 06:00:00+00,N622FB,1,601,1359.4425956738768719,0,74,0,0
2025-01-11 07:00:00+00,N622FB,1,1426,1572.1598877980364656,1275,0,0,0
2025-01-11 08:00:00+00,N621FB,1,1333,1904.4073518379594899,0,35,0,0
2025-01-11 08:00:00+00,N622FB,1,509,1746.5127701375245580,0,4,0,0
2025-01-11 09:00:00+00,N621FB,1,898,1746.6592427616926503,0,3,0,0
2025-01-11 15:00:00+00,N625FB,1,795,1746.8867924528301887,0,23,0,0
2025-01-11 16:00:00+00,N625FB,1,786,1624.7137404580152672,0,1,0,0
2025-01-11 17:00:00+00,N625FB,1,985,1619.7208121827411168,0,19,0,0
2025-01-11 18:00:00+00,N625FB,1,242,1734.5041322314049587,1325,0,0,0
2025-01-11 22:00:00+00,N622FB,1,1288,1824.3594720496894410,0,17,0,0
2025-01-11 23:00:00+00,N622FB,1,1220,1820.0819672131147541,0,5,0,0
2025-01-12 02:00:00+00,N622FB,3,1093,1809.6065873741994511,0,48,0,0
2025-01-12 03:00:00+00,N622FB,1,636,2007.9009433962264151,0,3,0,0
2025-01-12 03:00:00+00,N623FB,1,767,1975.8474576271186441,0,17,0,0
2025-01-12 04:00:00+00,N623FB,1,1520,1914.4243421052631579,1475,0,0,0
2025-01-12 05:00:00+00,N621FB,2,1090,1949.7706422018348624,0,20,0,0
2025-01-12 05:00:00+00,N623FB,1,285,1832.4561403508771930,0,4,0,0
2025-01-12 06:00:00+00,N621FB,1,835,1999.1916167664670659,0,2,0,0
2025-01-12 06:00:00+00,N623FB,1,594,1868.7289562289562290,0,18,0,0
2025-01-12 07:00:00+00,N623FB,1,1398,1893.6158798283261803,1550,0,0,0
2025-01-12 08:00:00+00,N623FB,1,208,2018.9903846153846154,0,5,0,0
2025-01-12 08:00:00+00,N625FB,1,1135,1874.0969162995594714,0,18,0,0
2025-01-12 09:00:00+00,N625FB,1,1365,1875.2380952380952381,1600,0,0,0
2025-01-12 10:00:00+00,N625FB,1,63,1694.0476190476190476,0,4,0,0
2025-01-12 15:00:00+00,N625FB,1,188,1813.1648936170212766,0,20,0,0
2025-01-12 16:00:00+00,N625FB,2,980,2034.7193877551020408,0,4,0,0
2025-01-12 17:00:00+00,N625FB,1,94,1395.7446808510638298,0,25,0,0
2025-01-12 18:00:00+00,N625FB,1,1602,1773.2209737827715356,1475,0,0,0
2025-01-12 19:00:00+00,N625FB,1,822,1873.6009732360097324,0,4,0,0
2025-01-12 23:00:00+00,N623FB,1,1197,1745.4469507101086048,0,18,0,0
2025-01-13 00:00:00+00,N623FB,1,1180,1703.3262711864406780,1400,0,0,0
2025-01-13 01:00:00+00,N623FB,1,136,1865.4411764705882353,0,15,0,0
2025-01-13 02:00:00+00,N623FB,2,1360,1820.3308823529411765,0,1,0,0
2025-01-13 03:00:00+00,N623FB,1,968,1650.6198347107438017,0,3,0,0
2025-01-13 04:00:00+00,N622FB,1,1,0.00000000000000000000,0,1,0,0
2025-01-13 05:00:00+00,N622FB,1,1220,1972.1926229508196721,0,20,0,0
2025-01-13 06:00:00+00,N622FB,1,1230,2112.8252032520325203,0,4,0,0
2025-01-13 08:00:00+00,N622FB,1,1307,1978.3856159143075746,0,20,0,0
2025-01-13 09:00:00+00,N622FB,3,978,1853.0163599182004090,0,25,0,0
2025-01-13 12:00:00+00,N622FB,2,585,1545.9829059829059829,0,54,0,0
2025-01-13 13:00:00+00,N622FB,1,300,2118.8333333333333333,0,4,0,0
2025-01-13 16:00:00+00,N621FB,1,1126,1619.7602131438721137,0,2,0,0
2025-01-13 17:00:00+00,N621FB,1,135,1656.2962962962962963,1200,0,0,0
2025-01-13 18:00:00+00,N621FB,1,65,1657.3076923076923077,0,1,0,0
2025-01-13 19:00:00+00,N621FB,1,1346,1552.8789004457652303,1000,0,0,0
2025-01-13 20:00:00+00,N621FB,1,105,1749.5238095238095238,1250,0,0,0
2025-01-13 23:00:00+00,N622FB,1,866,1492.4076212471131640,0,3,0,0
2025-01-14 00:00:00+00,N622FB,1,940,1587.3670212765957447,0,1,0,0
2025-01-14 02:00:00+00,N622FB,1,1162,1801.5060240963855422,0,4,0,0
2025-01-14 03:00:00+00,N621FB,1,703,1788.4068278805120910,0,1,0,0
2025-01-14 03:00:00+00,N622FB,1,1098,1621.3342440801457195,0,5,0,0
2025-01-14 04:00:00+00,N621FB,1,1427,1659.3377715487035739,1350,0,0,0
2025-01-14 05:00:00+00,N621FB,1,200,1601.1250000000000000,0,5,0,0
2025-01-14 05:00:00+00,N623FB,2,1090,1681.3302752293577982,0,1,0,0
2025-01-14 06:00:00+00,N621FB,1,630,1644.9206349206349206,0,1,0,0
2025-01-14 06:00:00+00,N623FB,1,1349,1780.4299481097108970,1300,0,0,0
2025-01-14 07:00:00+00,N621FB,1,1399,1618.8170121515368120,1225,0,0,0
2025-01-14 07:00:00+00,N623FB,1,22,1006.8181818181818182,0,5,0,0
2025-01-14 08:00:00+00,N621FB,1,588,1610.7142857142857143,0,4,0,0
2025-01-14 08:00:00+00,N623FB,2,974,1845.4568788501026694,0,4,0,0
2025-01-14 09:00:00+00,N623FB,1,734,1676.5326975476839237,0,3,0,0
2025-01-14 12:00:00+00,N621FB,1,93,1390.3225806451612903,0,5,0,0
2025-01-14 12:00:00+00,N622FB,1,99,1555.5555555555555556,0,1,0,0
2025-01-14 13:00:00+00,N622FB,1,942,2896.1518046709129512,1100,0,0,0
2025-01-14 14:00:00+00,N622FB,1,517,1731.9148936170212766,0,2,0,0
2025-01-14 15:00:00+00,N621FB,1,244,1544.2622950819672131,0,2,0,0
2025-01-14 15:00:00+00,N625FB,1,79,1627.2151898734177215,0,1,0,0
2025-01-14 16:00:00+00,N621FB,1,400,1579.3750000000000000,1100,0,0,0
2025-01-14 16:00:00+00,N625FB,1,1199,1472.7689741451209341,0,2,0,0
2025-01-14 18:00:00+00,N625FB,1,76,1529.9342105263157895,0,2,0,0
2025-01-14 19:00:00+00,N625FB,1,1256,1644.1480891719745223,1250,0,0,0
2025-01-14 20:00:00+00,N625FB,1,555,1390.9909909909909910,0,3,0,0
2025-01-15 04:00:00+00,N622FB,1,1059,1581.9405099150141643,0,3,0,0
2025-01-15 04:00:00+00,N623FB,1,1,0.00000000000000000000,0,1,0,0
2025-01-15 05:00:00+00,N622FB,1,414,1433.7560386473429952,0,5,0,0
2025-01-15 05:00:00+00,N623FB,1,1343,1687.0253164556962025,0,2,0,0
2025-01-15 06:00:00+00,N622FB,1,550,1554.0909090909090909,0,1,0,0
2025-01-15 06:00:00+00,N623FB,1,977,1751.2538382804503582,0,6,0,0
2025-01-15 07:00:00+00,N622FB,1,1284,1494.8208722741433022,1150,0,0,0
2025-01-15 08:00:00+00,N622FB,1,388,1760.8247422680412371,0,3,0,0
2025-01-15 08:00:00+00,N623FB,1,1458,1809.6879286694101509,900,0,0,0
2025-01-15 09:00:00+00,N623FB,1,1229,1728.3157038242473556,0,3,0,0
2025-01-15 12:00:00+00,N623FB,1,901,1658.6293007769145394,0,4,0,0
2025-01-15 13:00:00+00,N623FB,2,484,1828.2541322314049587,0,2,0,0
2025-01-15 14:00:00+00,N625FB,1,23,1244.5652173913043478,0,2,0,0
2025-01-15 15:00:00+00,N625FB,1,1264,1628.7381329113924051,0,2,0,0
2025-01-15 18:00:00+00,N625FB,1,807,1515.5514250309789343,0,1,0,0
2025-01-15 19:00:00+00,N625FB,1,713,1583.9410939691444600,0,2,0,0
2025-01-15 21:00:00+00,N622FB,1,621,1616.8679549114331723,0,2,0,0
2025-01-15 23:00:00+00,N622FB,1,1147,1614.8648648648648649,1150,0,0,0
2025-01-16 00:00:00+00,N622FB,1,687,1622.1251819505094614,0,2,0,0
2025-01-16 02:00:00+00,N622FB,1,1070,1476.0514018691588785,1250,0,0,0
2025-01-16 03:00:00+00,N622FB,1,1151,1461.6854908774978280,0,5,0,0
2025-01-16 03:00:00+00,N623FB,1,670,1593.5820895522388060,0,2,0,0
2025-01-16 04:00:00+00,N623FB,1,1324,1681.4388217522658610,1375,0,0,0
2025-01-16 05:00:00+00,N622FB,1,1111,1712.1287128712871287,0,4,0,0
2025-01-16 05:00:00+00,N623FB,1,138,1655.4347826086956522,0,4,0,0
2025-01-16 06:00:00+00,N622FB,1,993,1638.1168177240684794,0,3,0,0
2025-01-16 06:00:00+00,N623FB,1,580,1603.7931034482758621,0,2,0,0
2025-01-16 07:00:00+00,N623FB,1,1446,1619.9688796680497925,1350,0,0,0
2025-01-16 08:00:00+00,N622FB,2,1091,1976.5352887259395050,0,3,0,0
2025-01-16 08:00:00+00,N623FB,1,252,1571.3293650793650794,0,3,0,0
2025-01-16 09:00:00+00,N622FB,1,496,2061.3911290322580645,0,3,0,0
2025-01-16 12:00:00+00,N623FB,2,789,1779.8479087452471483,0,2,0,0
2025-01-16 13:00:00+00,N623FB,1,215,1895.5813953488372093,0,5,0,0
2025-01-16 18:00:00+00,N625FB,1,1437,1766.4057063326374391,0,2,0,0
2025-01-16 19:00:00+00,N625FB,1,552,1744.8822463768115942,0,1,0,0
2025-01-16 23:00:00+00,N622FB,2,826,1852.8450363196125908,0,5,0,0
2025-01-17 00:00:00+00,N622FB,1,793,1678.2471626733921816,0,4,0,0
2025-01-17 02:00:00+00,N622FB,1,1245,1833.8152610441767068,0,1,0,0
2025-01-17 03:00:00+00,N621FB,1,582,1832.9467353951890034,0,2,0,0
2025-01-17 03:00:00+00,N622FB,1,873,1853.8087056128293242,0,1,0,0
2025-01-17 04:00:00+00,N621FB,1,1459,1689.4790952707333790,1450,0,0,0
2025-01-17 05:00:00+00,N621FB,1,330,1629.8484848484848485,0,3,0,0
2025-01-17 05:00:00+00,N623FB,1,1239,1779.2372881355932203,0,2,0,0
2025-01-17 06:00:00+00,N621FB,1,647,1719.7449768160741886,0,1,0,0
2025-01-17 06:00:00+00,N623FB,1,1104,1822.5996376811594203,0,2,0,0
2025-01-17 07:00:00+00,N621FB,1,1344,1550.5394345238095238,1275,0,0,0
2025-01-17 08:00:00+00,N621FB,1,290,1495.0000000000000000,0,4,0,0
2025-01-17 08:00:00+00,N623FB,1,1243,1936.8664521319388576,0,4,0,0
2025-01-17 09:00:00+00,N623FB,2,549,1908.6976320582877960,0,2,0,0
2025-01-17 15:00:00+00,N622FB,1,1225,1676.9183673469387755,0,3,0,0
2025-01-17 16:00:00+00,N622FB,1,130,1672.5000000000000000,1275,0,0,0
2025-01-17 18:00:00+00,N622FB,1,1241,1499.5165189363416600,0,1,0,0
2025-01-17 19:00:00+00,N622FB,1,408,1758.7009803921568627,1275,0,0,0
2025-01-17 22:00:00+00,N621FB,1,54,1665.2777777777777778,0,4,0,0
2025-01-17 23:00:00+00,N621FB,1,1416,1835.7521186440677966,1400,0,0,0
2025-01-18 00:00:00+00,N621FB,1,539,1785.1113172541743970,0,4,0,0
2025-01-18 01:00:00+00,N621FB,1,400,1980.9375000000000000,0,4,0,0
2025-01-18 02:00:00+00,N621FB,1,1404,1719.9074074074074074,1325,0,0,0
2025-01-18 03:00:00+00,N621FB,1,381,1561.4173228346456693,0,4,0,0
2025-01-18 03:00:00+00,N623FB,2,1200,1622.1250000000000000,0,2,0,0
2025-01-18 04:00:00+00,N623FB,1,1443,1663.0284130284130284,1350,0,0,0
2025-01-18 05:00:00+00,N623FB,1,155,1712.0967741935483871,0,5,0,0
2025-01-18 05:00:00+00,N625FB,1,1374,1756.5684133915574964,0,2,0,0
2025-01-18 06:00:00+00,N623FB,1,650,1623.0384615384615385,0,1,0,0
2025-01-18 06:00:00+00,N625FB,1,579,1678.2383419689119171,0,3,0,0
2025-01-18 07:00:00+00,N623FB,1,1317,1571.0326499620349279,1325,0,0,0
2025-01-18 07:00:00+00,N625FB,1,4,437.5000000000000000,0,3,0,0
2025-01-18 08:00:00+00,N623FB,1,122,1655.5327868852459016,0,4,0,0
2025-01-18 08:00:00+00,N625FB,1,1436,1724.3036211699164345,1300,0,0,0
2025-01-18 09:00:00+00,N625FB,1,1492,1709.5844504021447721,0,4,0,0
2025-01-18 15:00:00+00,N625FB,1,637,1766.6012558869701727,0,2,0,0
2025-01-18 16:00:00+00,N625FB,1,820,1655.8841463414634146,0,1,0,0
2025-01-18 18:00:00+00,N625FB,1,1311,1905.7017543859649123,0,1,0,0
2025-01-18 19:00:00+00,N621FB,1,290,1543.0172413793103448,0,1,0,0
2025-01-18 19:00:00+00,N625FB,3,1262,2102.4960380348652932,0,1,0,0
2025-01-18 20:00:00+00,N621FB,1,254,1763.2874015748031496,0,3,0,0
2025-01-18 23:00:00+00,N621FB,1,1156,1784.9264705882352941,0,1,0,0
2025-01-19 00:00:00+00,N621FB,1,628,1559.8328025477707006,0,4,0,0
2025-01-19 02:00:00+00,N621FB,1,1297,1660.7555898226676947,0,2,0,0
2025-01-19 03:00:00+00,N621FB,1,1102,1597.1188747731397459,0,2,0,0
2025-01-19 03:00:00+00,N625FB,2,579,1528.0656303972366149,0,2,0,0
2025-01-19 04:00:00+00,N625FB,1,1396,1564.8818051575931232,1250,0,0,0
2025-01-19 05:00:00+00,N622FB,1,1170,1586.4529914529914530,0,3,0,0
2025-01-19 05:00:00+00,N625FB,1,492,1517.4288617886178862,0,3,0,0
2025-01-19 06:00:00+00,N622FB,1,1088,1625.7352941176470588,0,3,0,0
2025-01-19 06:00:00+00,N625FB,1,643,1487.3250388802488336,0,2,0,0
2025-01-19 07:00:00+00,N625FB,1,1469,1507.0796460176991150,1200,0,0,0
2025-01-19 08:00:00+00,N622FB,1,1343,1675.3723008190618019,0,2,0,0
2025-01-19 08:00:00+00,N625FB,1,325,1472.0769230769230769,0,4,0,0
2025-01-19 09:00:00+00,N622FB,1,1083,1643.9750692520775623,0,3,0,0
2025-01-19 15:00:00+00,N625FB,1,175,2056.4285714285714286,0,1,0,0
2025-01-19 16:00:00+00,N625FB,2,843,2536.4768683274021352,0,5,0,0
2025-01-19 18:00:00+00,N623FB,1,148,1635.6418918918918919,0,1,0,0
2025-01-19 19:00:00+00,N623FB,1,1354,1604.0805022156573117,1300,0,0,0
2025-01-19 20:00:00+00,N623FB,1,155,1631.1290322580645161,0,1,0,0
2025-01-19 23:00:00+00,N623FB,1,1211,1858.9388934764657308,0,1,0,0
2025-01-20 00:00:00+00,N623FB,1,1006,1638.3449304174950298,0,5,0,0
2025-01-20 02:00:00+00,N623FB,1,1162,1669.7074010327022375,0,1,0,0
2025-01-20 03:00:00+00,N623FB,1,1305,1750.9961685823754789,0,4,0,0
2025-01-20 05:00:00+00,N621FB,1,1403,1901.7640769779044904,0,2,0,0
2025-01-20 06:00:00+00,N621FB,1,1183,1960.1648351648351648,0,4,0,0
2025-01-20 08:00:00+00,N621FB,1,1299,2029.5612009237875289,0,3,0,0
2025-01-20 09:00:00+00,N621FB,1,1480,2390.6587837837837838,1575,0,0,0
2025-01-20 10:00:00+00,N621FB,1,1323,2048.2804232804232804,0,3,0,0
2025-01-20 18:00:00+00,N622FB,1,1037,1815.8389585342333655,0,2,0,0
2025-01-20 19:00:00+00,N622FB,1,1323,2138.1708238851095994,0,3,0,0
2025-01-20 23:00:00+00,N622FB,1,1290,1591.9961240310077519,0,4,0,0
2025-01-21 00:00:00+00,N622FB,1,576,1599.2621527777777778,0,4,0,0
2025-01-21 02:00:00+00,N622FB,2,1397,1442.4838940586972083,0,1,0,0
2025-01-21 03:00:00+00,N622FB,1,1193,1323.0930427493713328,1000,0,0,0
2025-01-21 03:00:00+00,N623FB,1,668,1434.4685628742514970,0,2,0,0
2025-01-21 04:00:00+00,N622FB,1,16,1056.2500000000000000,0,2,0,0
2025-01-21 04:00:00+00,N623FB,1,1379,1439.7751994198694706,1100,0,0,0
2025-01-21 05:00:00+00,N621FB,2,1208,1679.9461920529801325,0,1,0,0
2025-01-21 05:00:00+00,N623FB,1,579,1385.2763385146804836,0,4,0,0
2025-01-21 06:00:00+00,N621FB,2,775,1837.6451612903225806,0,4,0,0
2025-01-21 06:00:00+00,N623FB,1,579,1517.0120898100172712,0,2,0,0
2025-01-21 07:00:00+00,N623FB,1,1349,1359.2290585618977020,1025,0,0,0
2025-01-21 08:00:00+00,N621FB,1,1297,1694.0824980724749422,0,2,0,0
2025-01-21 08:00:00+00,N623FB,1,638,1244.2789968652037618,0,3,0,0
2025-01-21 09:00:00+00,N621FB,1,431,2032.7146171693735499,0,4,0,0
2025-01-21 11:00:00+00,N621FB,1,166,1548.7951807228915663,0,5,0,0
2025-01-21 16:00:00+00,N625FB,1,1076,1234.2704460966542751,0,1,0,0
2025-01-21 17:00:00+00,N625FB,1,412,1111.5291262135922330,0,3,0,0
2025-01-21 19:00:00+00,N625FB,1,911,1299.2864983534577387,0,2,0,0
2025-01-21 20:00:00+00,N625FB,1,1107,1170.2800361336946703,850,0,0,0
2025-01-21 21:00:00+00,N625FB,1,109,1415.8256880733944954,0,2,0,0
2025-01-21 23:00:00+00,N622FB,1,1361,1458.2659808963997061,0,1,0,0
2025-01-22 00:00:00+00,N622FB,1,905,1340.5801104972375691,1050,0,0,0
2025-01-22 01:00:00+00,N621FB,1,266,2581.3909774436090226,0,2,0,0
2025-01-22 02:00:00+00,N621FB,1,221,6676.9230769230769231,4150,0,0,0
2025-01-22 02:00:00+00,N622FB,1,901,1359.1009988901220866,1100,0,0,0
2025-01-22 03:00:00+00,N621FB,2,343,3852.6239067055393586,0,6,0,0
2025-01-22 03:00:00+00,N622FB,1,1105,1259.7285067873303167,0,4,0,0
2025-01-22 03:00:00+00,N625FB,1,635,1362.1653543307086614,0,2,0,0
2025-01-22 04:00:00+00,N625FB,1,1353,1509.7930524759793052,1175,0,0,0
2025-01-22 05:00:00+00,N621FB,1,1355,1704.6678966789667897,0,1,0,0
2025-01-22 05:00:00+00,N625FB,1,157,1522.2929936305732484,0,3,0,0
2025-01-22 06:00:00+00,N621FB,1,816,1968.1372549019607843,0,3,0,0
2025-01-22 06:00:00+00,N625FB,1,580,1486.8534482758620690,0,4,0,0
2025-01-22 07:00:00+00,N625FB,1,1528,1463.4489528795811518,1100,0,0,0
2025-01-22 08:00:00+00,N621FB,1,961,2741.9354838709677419,0,1,0,0
2025-01-22 08:00:00+00,N625FB,1,384,1455.4036458333333333,0,3,0,0
2025-01-22 09:00:00+00,N621FB,1,1024,1920.6787109375000000,0,4,0,0
2025-01-22 15:00:00+00,N623FB,1,1248,1558.5336538461538462,0,2,0,0
2025-01-22 16:00:00+00,N623FB,1,4,562.5000000000000000,0,2,0,0
2025-01-22 17:00:00+00,N623FB,1,53,1508.9622641509433962,0,1,0,0
2025-01-22 18:00:00+00,N623FB,1,1395,1426.1469534050179211,1175,0,0,0
2025-01-22 19:00:00+00,N623FB,1,87,1511.2068965517241379,1125,0,0,0
2025-01-22 22:00:00+00,N625FB,1,111,1597.7477477477477477,1325,0,0,0
2025-01-22 23:00:00+00,N625FB,1,1365,1491.6300366300366300,1050,0,0,0
2025-01-23 00:00:00+00,N625FB,2,802,1594.5760598503740648,0,5,0,0
2025-01-23 01:00:00+00,N621FB,1,326,1893.9417177914110429,0,6,0,0
2025-01-23 01:00:00+00,N625FB,1,56,1564.2857142857142857,0,2,0,0
2025-01-23 02:00:00+00,N621FB,4,1045,2355.5263157894736842,0,6,0,0
2025-01-23 02:00:00+00,N625FB,1,1248,1639.8036858974358974,1350,0,0,0
2025-01-23 03:00:00+00,N621FB,1,77,1474.6753246753246753,0,5,0,0
2025-01-23 03:00:00+00,N625FB,1,881,1574.3757094211123723,0,4,0,0
2025-01-23 04:00:00+00,N621FB,1,703,1571.0170697012802276,0,4,0,0
2025-01-23 05:00:00+00,N621FB,1,1369,1771.8407596785975164,1250,0,0,0
2025-01-23 06:00:00+00,N621FB,2,1052,1802.5665399239543726,0,3,0,0
2025-01-23 08:00:00+00,N621FB,1,1224,1867.0138888888888889,0,1,0,0
2025-01-23 09:00:00+00,N621FB,1,652,1833.7806748466257669,0,7,0,0
2025-01-23 10:00:00+00,N621FB,1,1116,1580.5107526881720430,0,7,0,0
2025-01-23 15:00:00+00,N622FB,1,394,1496.3197969543147208,0,1,0,0
2025-01-23 16:00:00+00,N622FB,1,736,1621.0597826086956522,0,3,0,0
2025-01-23 18:00:00+00,N622FB,1,1226,1310.7667210440456770,950,0,0,0
2025-01-23 23:00:00+00,N625FB,1,993,1561.4048338368580060,0,2,0,0
2025-01-24 00:00:00+00,N625FB,2,1278,1528.1103286384976526,1175,0,0,0
2025-01-24 01:00:00+00,N625FB,1,39,1234.6153846153846154,0,4,0,0
2025-01-24 02:00:00+00,N625FB,1,1239,1404.6206618240516546,0,1,0,0
2025-01-24 03:00:00+00,N621FB,1,573,1442.4956369982547993,0,1,0,0
2025-01-24 03:00:00+00,N625FB,1,1001,1338.6113886113886114,0,4,0,0
2025-01-24 04:00:00+00,N621FB,1,1386,1476.4069264069264069,1100,0,0,0
2025-01-24 05:00:00+00,N621FB,1,205,1451.9512195121951220,0,3,0,0
2025-01-24 05:00:00+00,N625FB,1,1195,1406.0041841004184100,0,2,0,0
2025-01-24 06:00:00+00,N621FB,1,632,1484.3354430379746835,0,2,0,0
2025-01-24 06:00:00+00,N625FB,1,788,1563.3883248730964467,0,3,0,0
2025-01-24 07:00:00+00,N621FB,1,1428,1384.0336134453781513,1075,0,0,0
2025-01-24 07:00:00+00,N625FB,1,1,0.00000000000000000000,0,1,0,0
2025-01-24 08:00:00+00,N621FB,1,505,1538.9603960396039604,0,3,0,0
2025-01-24 08:00:00+00,N625FB,1,1432,1493.6976256983240223,0,3,0,0
2025-01-24 09:00:00+00,N625FB,1,725,1476.9310344827586207,0,4,0,0
2025-01-24 10:00:00+00,N625FB,1,53,1452.8301886792452830,0,2,0,0
2025-01-24 11:00:00+00,N625FB,3,1254,1504.6451355661881978,0,9,0,0
2025-01-24 12:00:00+00,N625FB,2,367,1668.9373297002724796,0,5,0,0
2025-01-24 15:00:00+00,N625FB,1,863,1704.2294322132097335,0,1,0,0
2025-01-24 17:00:00+00,N625FB,1,178,1572.1910112359550562,0,2,0,0
2025-01-24 18:00:00+00,N625FB,1,1403,1656.2544547398431932,1225,0,0,0
2025-01-24 19:00:00+00,N625FB,1,115,1632.3913043478260870,0,3,0,0
2025-01-24 21:00:00+00,N623FB,1,467,1840.8993576017130621,0,3,0,0
2025-01-24 22:00:00+00,N623FB,2,909,1814.0264026402640264,0,7,0,0
2025-01-24 23:00:00+00,N623FB,2,619,2097.0516962843295638,0,1,0,0
2025-01-25 00:00:00+00,N623FB,1,1132,1814.6643109540636042,0,3,0,0
2025-01-25 01:00:00+00,N622FB,1,212,1947.2877358490566038,0,3,0,0
2025-01-25 02:00:00+00,N622FB,1,310,4232.9838709677419355,2250,0,0,0
2025-01-25 03:00:00+00,N622FB,2,403,3910.7940446650124069,0,4,0,0
2025-01-25 03:00:00+00,N625FB,1,638,1882.7194357366771160,0,1,0,0
2025-01-25 04:00:00+00,N625FB,1,1397,1870.9198282032927702,1500,0,0,0
2025-01-25 05:00:00+00,N621FB,1,1282,1858.9118564742589704,0,4,0,0
2025-01-25 05:00:00+00,N625FB,1,178,1738.7640449438202247,0,3,0,0
2025-01-25 06:00:00+00,N621FB,1,811,1819.7595561035758323,0,3,0,0
2025-01-25 06:00:00+00,N625FB,1,702,1804.4159544159544160,0,2,0,0
2025-01-25 07:00:00+00,N625FB,1,1430,1650.9615384615384615,1375,0,0,0
2025-01-25 08:00:00+00,N621FB,1,1066,1843.8086303939962477,0,4,0,0
2025-01-25 08:00:00+00,N625FB,1,180,1827.7777777777777778,0,4,0,0
2025-01-25 09:00:00+00,N621FB,2,606,1869.8844884488448845,0,6,0,0
2025-01-25 15:00:00+00,N623FB,1,1157,1890.3846153846153846,0,3,0,0
2025-01-25 18:00:00+00,N623FB,1,1504,1674.6343085106382979,0,1,0,0
2025-01-25 19:00:00+00,N623FB,1,1006,1844.8807157057654076,0,1,0,0
2025-01-25 23:00:00+00,N625FB,1,1347,1798.0883444691907944,1525,0,0,0
2025-01-26 00:00:00+00,N625FB,1,1455,1736.3573883161512027,0,3,0,0
2025-01-26 02:00:00+00,N625FB,1,1341,1734.3027591349739001,1400,0,0,0
2025-01-26 03:00:00+00,N622FB,1,635,1913.3464566929133858,0,1,0,0
2025-01-26 03:00:00+00,N625FB,1,1600,2110.1406250000000000,1550,0,0,0
2025-01-26 04:00:00+00,N621FB,1,2,0.00000000000000000000,0,2,0,0
2025-01-26 04:00:00+00,N622FB,1,1536,2108.2031250000000000,1550,0,0,0
2025-01-26 04:00:00+00,N625FB,1,495,1892.4747474747474747,0,1,0,0
2025-01-26 05:00:00+00,N621FB,1,1291,2202.1494965143299768,1475,0,0,0
2025-01-26 05:00:00+00,N622FB,1,409,1878.9731051344743276,0,4,0,0
2025-01-26 06:00:00+00,N621FB,1,1007,1935.7249255213505462,0,4,0,0
2025-01-26 06:00:00+00,N622FB,1,621,1933.3333333333333333,0,1,0,0
2025-01-26 07:00:00+00,N621FB,1,6,716.6666666666666667,0,3,0,0
2025-01-26 07:00:00+00,N622FB,1,1437,1888.0132219902574809,1475,0,0,0
2025-01-26 08:00:00+00,N621FB,1,1348,1942.5630563798219585,1450,0,0,0
2025-01-26 08:00:00+00,N622FB,1,234,1905.2350427350427350,0,3,0,0
2025-01-26 09:00:00+00,N621FB,1,796,1864.9183417085427136,0,4,0,0
2025-01-26 15:00:00+00,N625FB,1,640,1739.7656250000000000,0,2,0,0
2025-01-26 16:00:00+00,N625FB,1,1138,1944.1344463971880492,0,3,0,0
2025-01-26 18:00:00+00,N625FB,1,138,1803.9855072463768116,0,1,0,0
2025-01-26 19:00:00+00,N625FB,1,1450,1721.7758620689655172,0,3,0,0
2025-01-26 20:00:00+00,N625FB,1,1,0.00000000000000000000,0,1,0,0
2025-01-26 23:00:00+00,N621FB,1,609,1937.6026272577996716,0,1,0,0
2025-01-27 00:00:00+00,N621FB,1,1211,1760.2394715111478117,0,3,0,0
2025-01-27 02:00:00+00,N621FB,1,1224,1756.2091503267973856,0,3,0,0
2025-01-27 03:00:00+00,N621FB,1,917,1688.0588876772082879,0,4,0,0
2025-01-27 03:00:00+00,N623FB,1,747,1947.4564926372155288,0,1,0,0
2025-01-27 04:00:00+00,N623FB,1,1605,1722.3364485981308411,1475,0,0,0
2025-01-27 05:00:00+00,N621FB,1,1384,1740.3721098265895954,0,3,0,0
2025-01-27 05:00:00+00,N623FB,1,378,1715.0793650793650794,0,4,0,0
2025-01-27 06:00:00+00,N621FB,1,1369,1664.2439737034331629,0,3,0,0
2025-01-27 06:00:00+00,N623FB,1,671,1544.8956780923994039,0,1,0,0
2025-01-27 07:00:00+00,N623FB,1,1375,1697.7454545454545455,1450,0,0,0
2025-01-27 08:00:00+00,N621FB,1,1298,2390.8898305084745763,0,2,0,0
2025-01-27 08:00:00+00,N623FB,1,739,1765.1217861975642760,0,5,0,0
2025-01-27 09:00:00+00,N621FB,2,1050,2188.9285714285714286,0,5,0,0
2025-01-27 11:00:00+00,N621FB,1,1145,2037.5327510917030568,1375,0,0,0
2025-01-27 12:00:00+00,N621FB,1,490,1928.1632653061224490,0,4,0,0
2025-01-27 14:00:00+00,N621FB,1,227,1637.7753303964757709,0,3,0,0
2025-01-27 15:00:00+00,N621FB,3,258,1487.1124031007751938,0,1,0,0
2025-01-27 15:00:00+00,N625FB,1,336,1798.1398809523809524,0,1,0,0
2025-01-27 16:00:00+00,N621FB,1,154,1651.1363636363636364,0,2,0,0
2025-01-27 16:00:00+00,N625FB,1,1096,1819.1149635036496350,0,1,0,0
2025-01-27 21:00:00+00,N622FB,1,596,1770.9731543624161074,0,3,0,0
2025-01-27 22:00:00+00,N622FB,1,1341,1809.8247576435495899,0,3,0,0
2025-01-28 02:00:00+00,N622FB,1,1261,1804.7581284694686757,0,3,0,0
2025-01-28 03:00:00+00,N622FB,2,777,1828.0244530244530245,0,4,0,0
2025-01-28 03:00:00+00,N625FB,1,616,1845.4951298701298701,0,2,0,0
2025-01-28 04:00:00+00,N625FB,1,1494,1711.9979919678714859,1475,0,0,0
2025-01-28 05:00:00+00,N622FB,1,1300,1721.3269230769230769,0,3,0,0
2025-01-28 05:00:00+00,N625FB,1,278,1805.4856115107913669,0,4,0,0
2025-01-28 06:00:00+00,N622FB,1,1270,1657.3425196850393701,0,6,0,0
2025-01-28 06:00:00+00,N625FB,1,530,1715.1886792452830189,0,3,0,0
2025-01-28 07:00:00+00,N625FB,1,1224,1642.7696078431372549,925,0,0,0
2025-01-28 08:00:00+00,N622FB,1,1366,1897.5475841874084919,0,2,0,0
2025-01-28 08:00:00+00,N625FB,2,234,1715.0641025641025641,0,3,0,0
2025-01-28 09:00:00+00,N622FB,1,714,2014.7759103641456583,0,3,0,0
2025-01-28 15:00:00+00,N625FB,1,599,1861.8113522537562604,0,1,0,0
2025-01-28 16:00:00+00,N625FB,1,704,1773.1178977272727273,0,3,0,0
2025-01-28 17:00:00+00,N625FB,1,827,1843.7122128174123337,0,5,0,0
2025-01-28 19:00:00+00,N625FB,1,11,1586.3636363636363636,0,1,0,0
2025-01-28 20:00:00+00,N625FB,1,1430,1751.5909090909090909,1475,0,0,0
2025-01-28 21:00:00+00,N625FB,1,70,1799.6428571428571429,0,1,0,0
2025-01-28 23:00:00+00,N621FB,1,1040,1841.8990384615384615,0,1,0,0
2025-01-29 00:00:00+00,N621FB,1,1565,1773.8338658146964856,1500,0,0,0
2025-01-29 01:00:00+00,N621FB,1,64,1711.3281250000000000,0,4,0,0
2025-01-29 02:00:00+00,N621FB,1,1045,1940.6459330143540670,0,3,0,0
2025-01-29 03:00:00+00,N621FB,1,1262,2051.3272583201267829,1550,0,0,0
2025-01-29 03:00:00+00,N622FB,1,62,1837.0967741935483871,0,2,0,0
2025-01-29 04:00:00+00,N621FB,1,203,1983.4975369458128079,0,3,0,0
2025-01-29 04:00:00+00,N622FB,1,1210,1757.5000000000000000,1475,0,0,0
2025-01-29 05:00:00+00,N621FB,1,1245,1867.6104417670682731,0,4,0,0
2025-01-29 05:00:00+00,N622FB,1,222,1767.6801801801801802,0,5,0,0
2025-01-29 06:00:00+00,N621FB,1,1585,1624.4952681388012618,1400,0,0,0
2025-01-29 06:00:00+00,N622FB,1,648,1654.2052469135802469,0,2,0,0
2025-01-29 07:00:00+00,N621FB,1,13,1028.8461538461538462,0,4,0,0
2025-01-29 07:00:00+00,N622FB,1,1492,1772.0174262734584450,1525,0,0,0
2025-01-29 08:00:00+00,N621FB,1,1313,1956.5118050266565118,0,4,0,0
2025-01-29 08:00:00+00,N622FB,1,154,1820.1298701298701299,0,2,0,0
2025-01-29 09:00:00+00,N621FB,1,908,2335.5726872246696035,0,5,0,0
2025-01-29 15:00:00+00,N621FB,1,1,0.00000000000000000000,0,1,0,0
2025-01-29 16:00:00+00,N621FB,1,1100,1813.1363636363636364,0,3,0,0
2025-01-29 17:00:00+00,N621FB,1,117,1757.0512820512820513,0,2,0,0
2025-01-29 17:00:00+00,N623FB,2,522,2193.1034482758620690,0,3,0,0
2025-01-29 18:00:00+00,N621FB,1,1284,1645.4633956386292835,0,2,0,0
2025-01-29 18:00:00+00,N623FB,2,176,1920.1704545454545455,0,1,0,0
2025-01-29 23:00:00+00,N625FB,1,93,1863.1720430107526882,0,1,0,0
2025-01-30 00:00:00+00,N621FB,1,326,1657.1319018404907975,0,2,0,0
2025-01-30 00:00:00+00,N625FB,2,1069,1644.6913002806361085,0,5,0,0
2025-01-30 01:00:00+00,N621FB,3,520,1620.6730769230769231,1500,0,0,0
2025-01-30 02:00:00+00,N621FB,2,655,1645.4580152671755725,0,2,0,0
2025-01-30 02:00:00+00,N625FB,1,1177,1834.1758708581138488,0,3,0,0
2025-01-30 03:00:00+00,N622FB,1,554,1758.2581227436823105,0,3,0,0
2025-01-30 03:00:00+00,N625FB,1,1183,1623.5629754860524091,0,5,0,0
2025-01-30 04:00:00+00,N622FB,1,1451,1580.9958649207443143,1375,0,0,0
2025-01-30 05:00:00+00,N622FB,1,322,1574.9223602484472050,0,3,0,0
2025-01-30 05:00:00+00,N623FB,1,1308,1726.3570336391437309,0,1,0,0
2025-01-30 06:00:00+00,N622FB,1,606,1670.6683168316831683,0,2,0,0
2025-01-30 06:00:00+00,N623FB,1,771,1771.8547341115434501,0,3,0,0
2025-01-30 07:00:00+00,N622FB,1,1411,1696.3855421686746988,1400,0,0,0
2025-01-30 08:00:00+00,N622FB,1,212,1794.9292452830188679,0,3,0,0
2025-01-30 08:00:00+00,N623FB,2,1223,1682.9313164349959117,0,5,0,0
2025-01-30 09:00:00+00,N623FB,1,687,1645.3056768558951965,0,3,0,0
2025-01-30 10:00:00+00,N623FB,1,145,1690.8620689655172414,0,5,0,0
2025-01-30 14:00:00+00,N622FB,1,928,1802.5323275862068966,0,5,0,0
2025-01-30 15:00:00+00,N625FB,1,725,1631.9655172413793103,0,2,0,0
2025-01-30 16:00:00+00,N625FB,1,867,1522.4913494809688581,1200,0,0,0
2025-01-30 18:00:00+00,N625FB,1,84,1675.8928571428571429,0,1,0,0
2025-01-30 19:00:00+00,N625FB,1,1219,1685.6849876948318294,0,3,0,0
2025-01-30 22:00:00+00,N621FB,1,38,1582.8947368421052632,0,1,0,0
2025-01-30 23:00:00+00,N621FB,1,1420,1716.8133802816901408,1300,0,0,0
2025-01-31 00:00:00+00,N621FB,1,509,1535.4125736738703340,0,5,0,0
2025-01-31 02:00:00+00,N621FB,1,1272,1754.7366352201257862,0,1,0,0
2025-01-31 03:00:00+00,N621FB,1,575,1786.7391304347826087,0,3,0,0
2025-01-31 03:00:00+00,N623FB,1,715,1522.9370629370629371,0,2,0,0
2025-01-31 04:00:00+00,N623FB,1,1395,1568.9784946236559140,1275,0,0,0
2025-01-31 05:00:00+00,N621FB,1,1160,1667.1767241379310345,0,2,0,0
2025-01-31 05:00:00+00,N623FB,1,234,1746.1538461538461538,0,3,0,0
2025-01-31 06:00:00+00,N621FB,1,873,1671.3058419243986254,0,3,0,0
2025-01-31 06:00:00+00,N623FB,1,584,1531.1643835616438356,0,1,0,0
2025-01-31 07:00:00+00,N623FB,1,1441,1577.0645385149201943,1325,0,0,0
2025-01-31 08:00:00+00,N621FB,1,1327,1728.2969103240391861,0,2,0,0
2025-01-31 08:00:00+00,N623FB,1,145,1669.6551724137931034,0,2,0,0
2025-01-31 09:00:00+00,N621FB,1,566,1597.3498233215547703,0,4,0,0
2025-01-31 15:00:00+00,N622FB,1,494,1674.0384615384615385,0,2,0,0
2025-01-31 16:00:00+00,N622FB,1,839,1505.0059594755661502,0,2,0,0
2025-01-31 18:00:00+00,N622FB,1,333,1532.5075075075075075,0,2,0,0
2025-01-31 19:00:00+00,N622FB,1,893,1567.5811870100783875,0,3,0,0
2025-01-31 23:00:00+00,N621FB,2,1275,1725.5882352941176471,0,1,0,0
2025-02-01 00:00:00+00,N621FB,1,811,1669.5437731196054254,0,3,0,0
2025-02-01 02:00:00+00,N621FB,1,1284,1650.0389408099688474,0,4,0,0
2025-02-01 03:00:00+00,N621FB,1,1057,1600.9460737937559130,0,4,0,0
2025-02-01 03:00:00+00,N623FB,1,708,1700.1059322033898305,0,1,0,0
2025-02-01 04:00:00+00,N623FB,1,1360,1606.1580882352941176,0,1,0,0
2025-02-01 05:00:00+00,N621FB,1,1286,1473.0365474339035770,0,1,0,0
2025-02-01 05:00:00+00,N623FB,2,221,1615.1583710407239819,0,4,0,0
2025-02-01 06:00:00+00,N621FB,1,1013,1641.2142152023692004,0,1,0,0
2025-02-01 06:00:00+00,N623FB,1,693,1624.8917748917748918,0,1,0,0
2025-02-01 07:00:00+00,N623FB,1,1230,1635.8943089430894309,1375,0,0,0
2025-02-01 08:00:00+00,N621FB,1,1373,1707.2469045884923525,0,2,0,0
2025-02-01 08:00:00+00,N623FB,1,181,1725.0000000000000000,0,4,0,0
2025-02-01 09:00:00+00,N621FB,1,1009,1837.1407333994053518,0,3,0,0
2025-02-01 15:00:00+00,N621FB,1,1286,1598.4059097978227061,0,3,0,0
2025-02-01 18:00:00+00,N621FB,1,706,1540.7932011331444759,0,2,0,0
2025-02-01 19:00:00+00,N621FB,1,627,1421.3716108452950558,0,1,0,0
2025-02-01 23:00:00+00,N622FB,1,1399,1803.5025017869907076,0,4,0,0
2025-02-02 00:00:00+00,N622FB,2,1475,1855.8135593220338983,0,1,0,0
2025-02-02 01:00:00+00,N622FB,2,541,1635.5822550831792976,0,2,0,0
2025-02-02 01:00:00+00,N623FB,1,1021,1695.9108716944172380,0,1,0,0
2025-02-02 02:00:00+00,N622FB,1,452,1974.7234513274336283,0,3,0,0
2025-02-02 02:00:00+00,N623FB,1,12,920.8333333333333333,0,4,0,0
2025-02-02 03:00:00+00,N622FB,1,884,1818.6934389140271493,0,1,0,0
2025-02-02 03:00:00+00,N623FB,1,707,1695.9335219236209335,0,2,0,0
2025-02-02 04:00:00+00,N623FB,1,1503,1951.0645375914836993,1450,0,0,0
2025-02-02 05:00:00+00,N622FB,1,1270,1909.6062992125984252,0,2,0,0
2025-02-02 05:00:00+00,N623FB,1,557,1661.6696588868940754,0,5,0,0
2025-02-02 06:00:00+00,N622FB,1,1072,1685.5177238805970149,0,4,0,0
2025-02-02 06:00:00+00,N623FB,1,614,1682.3289902280130293,0,1,0,0
2025-02-02 07:00:00+00,N623FB,1,1514,1783.6030383091149273,1450,0,0,0
2025-02-02 08:00:00+00,N622FB,1,1385,1746.4620938628158845,0,3,0,0
2025-02-02 08:00:00+00,N623FB,1,169,1704.5857988165680473,0,7,0,0
2025-02-02 09:00:00+00,N622FB,1,1200,1719.4583333333333333,0,4,0,0
2025-02-02 15:00:00+00,N625FB,1,635,1936.6929133858267717,0,3,0,0
2025-02-02 16:00:00+00,N625FB,2,1355,1638.3210332103321033,775,0,0,0
2025-02-02 17:00:00+00,N625FB,1,28,1262.5000000000000000,0,4,0,0
2025-02-02 23:00:00+00,N623FB,1,1086,1630.9852670349907919,0,3,0,0
2025-02-03 00:00:00+00,N623FB,1,1052,1627.7804182509505703,0,1,0,0
2025-02-03 02:00:00+00,N623FB,1,1094,1712.0886654478976234,0,5,0,0
2025-02-03 03:00:00+00,N622FB,1,631,1815.7290015847860539,0,3,0,0
2025-02-03 03:00:00+00,N623FB,1,1529,1675.3597122302158273,0,1,0,0
2025-02-03 04:00:00+00,N622FB,1,1671,1859.1412327947336924,1650,0,0,0
2025-02-03 05:00:00+00,N621FB,1,1526,2084.5674967234600262,0,2,0,0
2025-02-03 05:00:00+00,N622FB,1,642,1656.4252336448598131,0,2,0,0
2025-02-03 06:00:00+00,N621FB,1,1108,2059.7472924187725632,0,3,0,0
2025-02-03 06:00:00+00,N622FB,1,633,1688.6255924170616114,0,2,0,0
2025-02-03 07:00:00+00,N622FB,1,1477,1771.6147596479350034,1525,0,0,0
2025-02-03 08:00:00+00,N621FB,1,1201,2048.7302248126561199,0,2,0,0
2025-02-03 08:00:00+00,N622FB,1,578,1848.6591695501730104,0,4,0,0
2025-02-03 09:00:00+00,N621FB,1,932,2041.7918454935622318,0,3,0,0
2025-02-03 14:00:00+00,N625FB,1,118,1856.1440677966101695,0,1,0,0
2025-02-03 15:00:00+00,N625FB,1,1060,1492.0047169811320755,1175,0,0,0
2025-02-03 16:00:00+00,N625FB,1,168,1724.4047619047619048,0,2,0,0
2025-02-03 22:00:00+00,N622FB,1,292,1858.9897260273972603,0,1,0,0
2025-02-03 23:00:00+00,N622FB,1,1617,1846.4594928880643166,1650,0,0,0
2025-02-04 00:00:00+00,N622FB,1,1262,1901.0499207606973059,0,4,0,0
2025-02-04 02:00:00+00,N622FB,1,836,1890.8193779904306220,0,2,0,0
2025-02-04 03:00:00+00,N621FB,1,639,1698.5133020344287950,0,2,0,0
2025-02-04 03:00:00+00,N622FB,1,1206,1718.5530679933665008,0,4,0,0
2025-02-04 04:00:00+00,N621FB,1,1660,1778.1777108433734940,1625,0,0,0
2025-02-04 05:00:00+00,N621FB,1,563,1790.7193605683836590,0,3,0,0
2025-02-04 05:00:00+00,N623FB,1,1434,1980.4044630404463040,0,3,0,0
2025-02-04 06:00:00+00,N621FB,1,637,1919.3485086342229199,0,1,0,0
2025-02-04 06:00:00+00,N623FB,1,1101,1989.5322434150772025,0,4,0,0
2025-02-04 07:00:00+00,N621FB,1,1549,1752.7275661717236927,1500,0,0,0
2025-02-04 08:00:00+00,N621FB,1,219,1829.9086757990867580,0,3,0,0
2025-02-04 08:00:00+00,N623FB,1,1231,2344.2526401299756296,0,2,0,0
2025-02-04 09:00:00+00,N623FB,1,719,2326.5646731571627260,0,4,0,0
2025-02-04 13:00:00+00,N621FB,1,287,1797.9094076655052265,0,1,0,0
2025-02-04 14:00:00+00,N621FB,1,977,1689.4063459570112590,1450,0,0,0
2025-02-04 18:00:00+00,N621FB,1,270,1848.5185185185185185,1575,0,0,0
2025-02-04 19:00:00+00,N621FB,1,985,1775.4568527918781726,0,2,0,0
2025-02-04 23:00:00+00,N622FB,1,1190,1757.8781512605042017,1500,0,0,0
2025-02-05 00:00:00+00,N622FB,1,183,1748.0874316939890710,1525,0,0,0
2025-02-05 02:00:00+00,N622FB,1,1237,1801.2530315278900566,1500,0,0,0
2025-02-05 03:00:00+00,N622FB,1,735,1792.8911564625850340,0,2,0,0
2025-02-05 03:00:00+00,N623FB,1,567,1793.8712522045855379,0,2,0,0
2025-02-05 04:00:00+00,N623FB,1,1381,1680.9015206372194062,1400,0,0,0
2025-02-05 05:00:00+00,N622FB,1,1103,1725.1586582048957389,0,9,0,0
2025-02-05 05:00:00+00,N623FB,1,608,1611.5131578947368421,0,3,0,0
2025-02-05 06:00:00+00,N622FB,2,1298,2229.7765793528505393,0,4,0,0
2025-02-05 06:00:00+00,N623FB,1,605,1835.2892561983471074,0,1,0,0
2025-02-05 07:00:00+00,N623FB,1,1512,1808.2506613756613757,1450,0,0,0
2025-02-05 08:00:00+00,N622FB,1,1399,1970.0857755539671194,0,2,0,0
2025-02-05 08:00:00+00,N623FB,1,222,1759.4594594594594595,0,3,0,0
2025-02-05 09:00:00+00,N622FB,1,943,1835.6839872746553552,0,3,0,0
2025-02-05 12:00:00+00,N625FB,1,1,0.00000000000000000000,0,1,0,0
2025-02-05 14:00:00+00,N623FB,1,23,657.6086956521739130,0,12,0,0
2025-02-05 15:00:00+00,N625FB,1,1204,1860.6727574750830565,0,2,0,0
2025-02-05 16:00:00+00,N625FB,1,292,1868.7500000000000000,0,1,0,0
2025-02-05 17:00:00+00,N625FB,1,1115,1623.8116591928251121,0,1,0,0
2025-02-05 18:00:00+00,N625FB,1,318,1884.8270440251572327,0,1,0,0
2025-02-05 20:00:00+00,N622FB,1,664,1625.4518072289156627,0,1,0,0
2025-02-05 21:00:00+00,N622FB,1,431,1743.3874709976798144,0,4,0,0
2025-02-05 23:00:00+00,N622FB,1,654,1908.7920489296636086,0,1,0,0
2025-02-06 00:00:00+00,N622FB,1,776,1799.9355670103092784,0,5,0,0
2025-02-06 02:00:00+00,N622FB,1,1098,1836.7714025500910747,0,4,0,0
2025-02-06 03:00:00+00,N622FB,1,989,1803.7664307381193124,0,4,0,0
2025-02-06 03:00:00+00,N623FB,1,756,1728.0423280423280423,0,2,0,0
2025-02-06 04:00:00+00,N623FB,1,1412,1733.5162889518413598,1475,0,0,0
2025-02-06 05:00:00+00,N622FB,1,1360,2081.8566176470588235,0,3,0,0
2025-02-06 05:00:00+00,N623FB,1,115,1817.1739130434782609,0,3,0,0
2025-02-06 06:00:00+00,N622FB,1,1079,2261.7006487488415199,0,4,0,0
2025-02-06 06:00:00+00,N623FB,1,667,1673.3508245877061469,0,2,0,0
2025-02-06 07:00:00+00,N623FB,1,1395,1657.1146953405017921,1400,0,0,0
2025-02-06 08:00:00+00,N622FB,1,1164,2084.4931271477663230,0,1,0,0
2025-02-06 08:00:00+00,N623FB,1,253,1767.7865612648221344,0,5,0,0
2025-02-06 09:00:00+00,N622FB,1,759,2257.8063241106719368,0,4,0,0
2025-02-06 12:00:00+00,N625FB,1,449,2308.4075723830734967,0,5,0,0
2025-02-06 15:00:00+00,N621FB,1,215,1667.5581395348837209,0,3,0,0
2025-02-06 16:00:00+00,N621FB,1,964,1734.7769709543568465,1075,0,0,0
2025-02-06 17:00:00+00,N621FB,1,225,1746.0000000000000000,0,2,0,0
2025-02-06 18:00:00+00,N621FB,1,1050,1790.9285714285714286,0,1,0,0
2025-02-06 19:00:00+00,N621FB,1,491,1909.8268839103869654,0,1,0,0
2025-02-06 19:00:00+00,N622FB,1,49,1779.0816326530612245,0,1,0,0
2025-02-06 20:00:00+00,N622FB,1,768,1706.7708333333333333,0,4,0,0
2025-02-06 22:00:00+00,N622FB,1,52,1730.7692307692307692,0,3,0,0
2025-02-06 23:00:00+00,N622FB,1,1527,1818.8605108055009823,1550,0,0,0
2025-02-07 00:00:00+00,N622FB,1,436,2051.2041284403669725,0,5,0,0
2025-02-07 01:00:00+00,N622FB,1,719,1882.4756606397774687,0,5,0,0
2025-02-07 02:00:00+00,N622FB,2,1157,1652.4848746758859118,0,6,0,0
2025-02-07 03:00:00+00,N623FB,1,488,1715.4200819672131148,0,2,0,0
2025-02-07 04:00:00+00,N623FB,1,1501,1686.2591605596269154,1450,0,0,0
2025-02-07 05:00:00+00,N622FB,1,1322,1842.9462934947049924,0,1,0,0
2025-02-07 05:00:00+00,N623FB,1,698,1815.9742120343839542,0,5,0,0
2025-02-07 06:00:00+00,N622FB,1,1515,1880.8580858085808581,0,3,0,0
2025-02-07 06:00:00+00,N623FB,1,711,1746.3080168776371308,0,1,0,0
2025-02-07 07:00:00+00,N623FB,2,1294,1797.2372488408037094,0,1,0,0
2025-02-07 08:00:00+00,N622FB,2,1201,1742.7352206494587843,0,4,0,0
2025-02-07 08:00:00+00,N623FB,1,203,1824.0147783251231527,0,3,0,0
2025-02-07 09:00:00+00,N622FB,1,813,1962.5461254612546125,0,4,0,0
2025-02-07 15:00:00+00,N621FB,1,633,1643.9573459715639810,0,2,0,0
2025-02-07 16:00:00+00,N621FB,1,622,1636.0128617363344051,1275,0,0,0
2025-02-07 18:00:00+00,N621FB,1,1301,1879.7271329746348962,1375,0,0,0
2025-02-07 19:00:00+00,N621FB,1,409,1736.8581907090464548,0,2,0,0
2025-02-07 20:00:00+00,N623FB,1,634,1432.6892744479495268,0,3,0,0
2025-02-07 21:00:00+00,N623FB,1,1006,1758.1510934393638171,0,5,0,0
2025-02-07 22:00:00+00,N623FB,1,137,1856.3868613138686131,0,2,0,0
2025-02-07 23:00:00+00,N623FB,1,1317,1899.0129081245254366,1475,0,0,0
2025-02-08 00:00:00+00,N623FB,1,262,1984.9236641221374046,0,3,0,0
2025-02-08 03:00:00+00,N621FB,1,774,1673.8372093023255814,0,2,0,0
2025-02-08 04:00:00+00,N621FB,1,1514,1695.5416116248348745,1450,0,0,0
2025-02-08 05:00:00+00,N621FB,1,361,1895.7756232686980609,0,3,0,0
2025-02-08 05:00:00+00,N623FB,1,1423,2022.8390723822909346,0,1,0,0
2025-02-08 06:00:00+00,N621FB,1,531,1768.2674199623352166,0,1,0,0
2025-02-08 06:00:00+00,N623FB,1,836,1934.9282296650717703,0,2,0,0
2025-02-08 07:00:00+00,N621FB,1,1440,1792.2916666666666667,1450,0,0,0
2025-02-08 07:00:00+00,N623FB,1,2,0.00000000000000000000,0,2,0,0
2025-02-08 08:00:00+00,N621FB,1,235,1816.1702127659574468,0,4,0,0
2025-02-08 08:00:00+00,N623FB,2,1289,1743.0372381691233514,0,2,0,0
2025-02-08 09:00:00+00,N623FB,1,1218,1757.4917898193760263,0,4,0,0
2025-02-08 15:00:00+00,N621FB,1,1190,1872.1428571428571429,0,1,0,0
2025-02-08 16:00:00+00,N621FB,1,45,1566.6666666666666667,0,3,0,0
2025-02-08 18:00:00+00,N621FB,1,1241,1821.9782433521353747,0,1,0,0
2025-02-08 19:00:00+00,N621FB,1,824,1490.2002427184466019,0,1,0,0
2025-02-08 23:00:00+00,N622FB,1,1314,1941.3622526636225266,0,2,0,0
2025-02-09 00:00:00+00,N622FB,1,489,1618.3537832310838446,0,3,0,0
2025-02-09 02:00:00+00,N622FB,1,1178,1849.5118845500848896,0,3,0,0
2025-02-09 03:00:00+00,N621FB,1,619,1861.8739903069466882,0,3,0,0
2025-02-09 03:00:00+00,N622FB,1,948,1656.7246835443037975,0,4,0,0
2025-02-09 04:00:00+00,N621FB,1,1364,1902.0527859237536657,1700,0,0,0
2025-02-09 05:00:00+00,N621FB,1,565,1854.8230088495575221,0,4,0,0
2025-02-09 05:00:00+00,N623FB,1,1370,2078.7226277372262774,0,1,0,0
2025-02-09 06:00:00+00,N621FB,1,782,2153.8043478260869565,0,1,0,0
2025-02-09 06:00:00+00,N623FB,1,1030,2172.2815533980582524,0,3,0,0
2025-02-09 07:00:00+00,N621FB,1,1253,1799.5810055865921788,1450,0,0,0
2025-02-09 07:00:00+00,N623FB,1,1,0.00000000000000000000,0,1,0,0
2025-02-09 08:00:00+00,N621FB,1,165,1703.3333333333333333,0,3,0,0
2025-02-09 08:00:00+00,N623FB,1,1332,1921.8843843843843844,0,2,0,0
2025-02-09 09:00:00+00,N623FB,1,737,2203.0189959294436906,0,4,0,0
2025-02-09 15:00:00+00,N623FB,1,445,1718.0337078651685393,0,1,0,0
2025-02-09 16:00:00+00,N623FB,1,864,1860.2430555555555556,0,4,0,0
2025-02-09 17:00:00+00,N623FB,1,505,1463.6138613861386139,1300,0,0,0
2025-02-09 18:00:00+00,N623FB,1,1668,1380.0509592326139089,1225,0,0,0
2025-02-09 19:00:00+00,N623FB,1,442,1501.6402714932126697,0,3,0,0
2025-02-09 23:00:00+00,N623FB,1,1194,1794.7236180904522613,0,3,0,0
2025-02-10 00:00:00+00,N623FB,1,703,1839.9715504978662873,0,5,0,0
2025-02-10 02:00:00+00,N623FB,1,1289,1886.5981380915438324,0,4,0,0
2025-02-10 03:00:00+00,N623FB,1,982,1852.8767820773930754,0,3,0,0
2025-02-10 03:00:00+00,N625FB,1,522,1648.4674329501915709,0,3,0,0
2025-02-10 04:00:00+00,N625FB,1,1265,1722.1541501976284585,1300,0,0,0
2025-02-10 05:00:00+00,N623FB,1,1310,1987.4809160305343511,0,1,0,0
2025-02-10 05:00:00+00,N625FB,1,219,1747.9452054794520548,0,5,0,0
2025-02-10 06:00:00+00,N623FB,1,916,1968.8864628820960699,0,3,0,0
2025-02-10 06:00:00+00,N625FB,1,522,1785.6800766283524904,0,2,0,0
2025-02-10 07:00:00+00,N625FB,1,1443,1622.5918225918225918,1200,0,0,0
2025-02-10 08:00:00+00,N623FB,2,1095,1907.7397260273972603,0,3,0,0
2025-02-10 08:00:00+00,N625FB,1,185,1861.6216216216216216,0,4,0,0
2025-02-10 09:00:00+00,N623FB,1,839,1794.9940405244338498,0,4,0,0
2025-02-10 15:00:00+00,N625FB,1,617,1745.9076175040518639,0,1,0,0
2025-02-10 16:00:00+00,N621FB,1,256,1701.2695312500000000,0,1,0,0
2025-02-10 16:00:00+00,N625FB,1,947,1708.3421330517423442,0,2,0,0
2025-02-10 17:00:00+00,N621FB,1,1063,1654.2333019755409219,0,1,0,0
2025-02-10 19:00:00+00,N625FB,2,1192,1737.5629194630872483,0,2,0,0
2025-02-10 20:00:00+00,N625FB,1,34,1565.4411764705882353,0,3,0,0
2025-02-10 23:00:00+00,N622FB,1,1170,1762.0726495726495726,0,3,0,0
2025-02-11 00:00:00+00,N622FB,1,752,1821.7752659574468085,0,1,0,0
2025-02-11 02:00:00+00,N622FB,1,1294,1920.7109737248840804,0,1,0,0
2025-02-11 03:00:00+00,N621FB,1,530,2066.5566037735849057,0,3,0,0
2025-02-11 03:00:00+00,N622FB,1,1058,1980.3638941398865784,0,3,0,0
2025-02-11 04:00:00+00,N621FB,1,1463,1983.0485304169514696,1600,0,0,0
2025-02-11 05:00:00+00,N621FB,1,209,1885.4066985645933014,0,5,0,0
2025-02-11 05:00:00+00,N623FB,2,1346,2149.2013372956909361,0,2,0,0
2025-02-11 06:00:00+00,N621FB,1,583,1900.9433962264150943,0,2,0,0
2025-02-11 06:00:00+00,N623FB,1,1065,2024.5070422535211268,0,3,0,0
2025-02-11 07:00:00+00,N621FB,1,1470,1940.9523809523809524,1675,0,0,0
2025-02-11 08:00:00+00,N621FB,1,582,1959.0635738831615120,1575,0,0,0
2025-02-11 08:00:00+00,N623FB,1,1402,2238.0171184022824536,1725,0,0,0
2025-02-11 09:00:00+00,N623FB,1,1548,2130.0226098191214470,1800,0,0,0
2025-02-11 10:00:00+00,N623FB,1,88,2046.5909090909090909,0,5,0,0
2025-02-11 15:00:00+00,N623FB,1,451,2041.2971175166297118,0,1,0,0
2025-02-11 16:00:00+00,N623FB,1,884,1923.7839366515837104,1175,0,0,0
2025-02-11 18:00:00+00,N623FB,1,830,1875.2108433734939759,1550,0,0,0
2025-02-11 19:00:00+00,N623FB,1,476,1990.3361344537815126,0,1,0,0
2025-02-11 20:00:00+00,N622FB,1,588,1938.2653061224489796,0,2,0,0
2025-02-11 21:00:00+00,N622FB,1,587,1861.0732538330494037,1675,0,0,0
2025-02-11 23:00:00+00,N622FB,1,652,2114.0720858895705521,0,1,0,0
2025-02-12 00:00:00+00,N622FB,1,540,2138.1944444444444444,0,3,0,0
2025-02-12 02:00:00+00,N622FB,1,740,2049.9324324324324324,0,1,0,0
2025-02-12 03:00:00+00,N622FB,1,990,2131.5151515151515152,0,4,0,0
2025-02-12 03:00:00+00,N623FB,2,545,2068.6238532110091743,0,2,0,0
2025-02-12 04:00:00+00,N623FB,1,1599,1924.5465916197623515,1725,0,0,0
2025-02-12 05:00:00+00,N622FB,1,1202,2350.3743760399334443,0,1,0,0
2025-02-12 05:00:00+00,N623FB,1,285,1979.0350877192982456,0,4,0,0
2025-02-12 06:00:00+00,N622FB,1,1427,2308.8997897687456202,1750,0,0,0
2025-02-12 06:00:00+00,N623FB,1,535,2060.1401869158878505,0,4,0,0
2025-02-12 07:00:00+00,N622FB,1,29,1269.8275862068965517,0,4,0,0
2025-02-12 07:00:00+00,N623FB,1,1381,2068.4105720492396814,1800,0,0,0
2025-02-12 08:00:00+00,N622FB,2,1217,2284.5110928512736237,0,1,0,0
2025-02-12 08:00:00+00,N623FB,1,242,1989.4628099173553719,0,4,0,0
2025-02-12 09:00:00+00,N622FB,1,684,2182.0175438596491228,0,4,0,0
2025-02-12 12:00:00+00,N622FB,3,658,1951.1398176291793313,0,2,0,0
2025-02-12 13:00:00+00,N622FB,1,216,1877.6620370370370370,0,3,0,0
2025-02-12 15:00:00+00,N623FB,1,761,1958.2785808147174770,0,1,0,0
2025-02-12 16:00:00+00,N621FB,1,312,2080.6089743589743590,0,5,0,0
2025-02-12 16:00:00+00,N623FB,1,591,1785.7868020304568528,0,1,0,0
2025-02-12 18:00:00+00,N623FB,1,2,0.00000000000000000000,0,2,0,0
2025-02-12 19:00:00+00,N623FB,2,1252,1812.9193290734824281,0,3,0,0
2025-02-12 23:00:00+00,N621FB,1,1278,2031.2989045383411581,0,1,0,0
2025-02-13 00:00:00+00,N621FB,2,957,1902.2204806687565308,0,4,0,0
2025-02-13 01:00:00+00,N621FB,1,742,1884.2654986522911051,0,3,0,0
2025-02-13 02:00:00+00,N621FB,2,205,2035.2439024390243902,0,1,0,0
2025-02-13 03:00:00+00,N621FB,1,1053,1894.8480531813865147,0,5,0,0
2025-02-13 03:00:00+00,N623FB,2,608,1773.2319078947368421,0,3,0,0
2025-02-13 04:00:00+00,N623FB,1,1602,1840.6523096129837703,1650,0,0,0
2025-02-13 05:00:00+00,N622FB,2,1244,1915.9364951768488746,0,3,0,0
2025-02-13 05:00:00+00,N623FB,1,470,1724.3617021276595745,0,3,0,0
2025-02-13 06:00:00+00,N622FB,1,780,1882.4358974358974359,0,3,0,0
2025-02-13 06:00:00+00,N623FB,1,649,1729.0832049306625578,0,1,0,0
2025-02-13 07:00:00+00,N623FB,1,1465,1708.9249146757679181,1350,0,0,0
2025-02-13 08:00:00+00,N622FB,1,1221,2072.0925470925470925,0,4,0,0
2025-02-13 08:00:00+00,N623FB,1,555,1740.7657657657657658,0,3,0,0
2025-02-13 09:00:00+00,N622FB,1,1302,1872.0238095238095238,0,4,0,0
2025-02-13 14:00:00+00,N625FB,1,698,1597.0988538681948424,0,1,0,0
2025-02-13 15:00:00+00,N625FB,1,621,1761.8357487922705314,1300,0,0,0
2025-02-13 16:00:00+00,N625FB,1,1306,1689.2228177641653905,0,1,0,0
2025-02-13 17:00:00+00,N625FB,1,637,1656.0439560439560440,0,2,0,0
2025-02-13 18:00:00+00,N624FB,1,240,1730.6250000000000000,0,5,0,0
2025-02-13 19:00:00+00,N624FB,1,217,1824.8847926267281106,0,2,0,0
2025-02-13 19:00:00+00,N625FB,1,913,1724.3428258488499452,0,3,0,0
2025-02-13 20:00:00+00,N624FB,1,240,1832.9166666666666667,0,2,0,0
2025-02-13 21:00:00+00,N624FB,1,291,1838.1443298969072165,0,4,0,0
2025-02-13 22:00:00+00,N624FB,1,2,662.5000000000000000,0,1,0,0
2025-02-13 23:00:00+00,N623FB,1,953,1835.0209863588667366,0,1,0,0
2025-02-14 00:00:00+00,N623FB,1,609,1813.1773399014778325,0,3,0,0
2025-02-14 01:00:00+00,N623FB,1,33,1656.8181818181818182,0,2,0,0
2025-02-14 02:00:00+00,N623FB,1,1292,1736.6679566563467492,1300,0,0,0
2025-02-14 03:00:00+00,N621FB,1,706,1810.8002832861189802,0,1,0,0
2025-02-14 03:00:00+00,N623FB,1,1459,1686.8060315284441398,0,4,0,0
2025-02-14 04:00:00+00,N621FB,1,1390,1813.2553956834532374,0,1,0,0
2025-02-14 05:00:00+00,N621FB,1,197,1825.0000000000000000,0,3,0,0
2025-02-14 05:00:00+00,N622FB,1,1369,1702.6479181884587290,0,1,0,0
2025-02-14 06:00:00+00,N621FB,1,614,1702.5651465798045603,0,1,0,0
2025-02-14 06:00:00+00,N622FB,1,849,1950.5300353356890459,0,3,0,0
2025-02-14 07:00:00+00,N621FB,1,1405,1667.7224199288256228,1300,0,0,0
2025-02-14 08:00:00+00,N621FB,1,842,1915.4394299287410926,0,2,0,0
2025-02-14 08:00:00+00,N622FB,1,1393,1937.3474515434314429,0,3,0,0
2025-02-14 09:00:00+00,N622FB,1,834,1849.4004796163069544,0,4,0,0
2025-02-14 18:00:00+00,N623FB,2,1176,1778.8265306122448980,0,7,0,0
2025-02-14 19:00:00+00,N623FB,1,1,1375.0000000000000000,1375,0,0,0
2025-02-14 23:00:00+00,N622FB,1,1316,1808.7386018237082067,0,2,0,0
2025-02-15 00:00:00+00,N622FB,1,541,1989.4177449168207024,0,3,0,0
2025-02-15 02:00:00+00,N622FB,1,1026,1845.5653021442495127,0,1,0,0
2025-02-15 03:00:00+00,N621FB,1,577,1842.9809358752166378,0,1,0,0
2025-02-15 03:00:00+00,N622FB,1,1126,1842.7397868561278863,0,3,0,0
2025-02-15 04:00:00+00,N621FB,1,1541,1815.5905256327060350,1450,0,0,0
2025-02-15 05:00:00+00,N621FB,1,292,1936.2157534246575342,0,1,0,0
2025-02-15 05:00:00+00,N622FB,1,1100,1912.0227272727272727,0,2,0,0
2025-02-15 06:00:00+00,N621FB,2,597,1775.9212730318257956,0,1,0,0
2025-02-15 06:00:00+00,N622FB,1,849,1872.1142520612485277,0,5,0,0
2025-02-15 07:00:00+00,N621FB,1,1372,1709.5845481049562682,1300,0,0,0
2025-02-15 08:00:00+00,N621FB,1,229,2226.7467248908296943,0,4,0,0
2025-02-15 08:00:00+00,N622FB,1,1293,2401.7208043310131477,0,2,0,0
2025-02-15 09:00:00+00,N622FB,1,1404,1841.2571225071225071,1525,0,0,0
2025-02-15 10:00:00+00,N622FB,1,115,1833.9130434782608696,0,4,0,0
2025-02-15 11:00:00+00,N621FB,4,763,1739.7116644823066841,0,12,0,0
2025-02-15 12:00:00+00,N621FB,1,628,1752.4681528662420382,0,5,0,0
2025-02-15 13:00:00+00,N625FB,1,1360,1618.5294117647058824,0,2,0,0
2025-02-15 14:00:00+00,N625FB,1,205,1743.6585365853658537,0,1,0,0
2025-02-15 17:00:00+00,N625FB,1,820,1594.8170731707317073,0,2,0,0
2025-02-15 18:00:00+00,N625FB,1,1458,1498.8683127572016461,1225,0,0,0
2025-02-15 19:00:00+00,N625FB,1,538,1556.3197026022304833,0,3,0,0
2025-02-15 23:00:00+00,N622FB,1,1290,1725.3294573643410853,0,2,0,0
2025-02-16 00:00:00+00,N622FB,4,473,2069.9788583509513742,0,3,0,0
2025-02-16 02:00:00+00,N622FB,2,1378,2820.6458635703918723,0,1,0,0
2025-02-16 03:00:00+00,N622FB,1,992,2284.2993951612903226,0,1,0,0
2025-02-16 03:00:00+00,N623FB,1,587,1604.2589437819420784,0,1,0,0
2025-02-16 04:00:00+00,N623FB,1,1396,1627.0952722063037249,1175,0,0,0
2025-02-16 05:00:00+00,N622FB,1,1278,1672.4765258215962441,0,3,0,0
2025-02-16 05:00:00+00,N623FB,1,162,1604.4753086419753086,0,4,0,0
2025-02-16 06:00:00+00,N622FB,1,852,1789.3779342723004695,0,4,0,0
2025-02-16 06:00:00+00,N623FB,1,650,1676.3076923076923077,0,2,0,0
2025-02-16 07:00:00+00,N623FB,1,1445,1591.3494809688581315,1275,0,0,0
2025-02-16 08:00:00+00,N622FB,1,1327,1751.6201959306706858,0,4,0,0
2025-02-16 08:00:00+00,N623FB,1,440,1533.6363636363636364,0,3,0,0
2025-02-16 09:00:00+00,N622FB,2,890,1787.8932584269662921,0,3,0,0
2025-02-16 14:00:00+00,N623FB,1,1077,1625.2089136490250696,0,1,0,0
2025-02-16 15:00:00+00,N623FB,1,253,1909.0909090909090909,0,2,0,0
2025-02-16 17:00:00+00,N623FB,1,397,1479.5969773299748111,0,4,0,0
2025-02-16 23:00:00+00,N622FB,1,1272,1702.1619496855345912,0,2,0,0
2025-02-17 00:00:00+00,N622FB,1,857,1592.7362893815635939,0,2,0,0
2025-02-17 02:00:00+00,N622FB,1,1205,1720.7053941908713693,0,5,0,0
2025-02-17 03:00:00+00,N621FB,1,74,1883.4459459459459459,0,3,0,0
2025-02-17 03:00:00+00,N622FB,1,1042,1673.5604606525911708,0,5,0,0
2025-02-17 04:00:00+00,N621FB,1,1082,1696.9963031423290203,1450,0,0,0
2025-02-17 05:00:00+00,N621FB,1,208,1818.2692307692307692,0,3,0,0
2025-02-17 05:00:00+00,N622FB,2,1369,1980.2227903579254931,0,2,0,0
2025-02-17 06:00:00+00,N621FB,1,591,1819.7969543147208122,0,3,0,0
2025-02-17 06:00:00+00,N622FB,1,1065,1850.0704225352112676,0,4,0,0
2025-02-17 07:00:00+00,N621FB,1,1529,1945.1275343361674297,1625,0,0,0
2025-02-17 08:00:00+00,N621FB,1,137,1901.4598540145985401,0,4,0,0
2025-02-17 08:00:00+00,N622FB,1,1396,2123.3345272206303725,0,1,0,0
2025-02-17 09:00:00+00,N622FB,1,908,2133.2323788546255507,0,4,0,0
2025-02-17 10:00:00+00,N622FB,1,407,1827.9484029484029484,0,1,0,0
2025-02-17 11:00:00+00,N622FB,1,840,1894.8214285714285714,0,1,0,0
2025-02-17 15:00:00+00,N621FB,1,263,2008.4600760456273764,0,1,0,0
2025-02-17 16:00:00+00,N621FB,1,1262,1818.0269413629160063,0,2,0,0
2025-02-17 19:00:00+00,N621FB,1,1048,1967.8673664122137405,0,4,0,0
2025-02-17 23:00:00+00,N622FB,1,1211,1852.6011560693641618,0,3,0,0
2025-02-18 00:00:00+00,N622FB,3,475,1887.2105263157894737,0,5,0,0
2025-02-18 01:00:00+00,N621FB,1,1,0.00000000000000000000,0,1,0,0
2025-02-18 01:00:00+00,N622FB,1,816,1581.5870098039215686,1325,0,0,0
2025-02-18 02:00:00+00,N621FB,5,959,1965.9280500521376434,0,4,0,0
2025-02-18 02:00:00+00,N622FB,1,873,1875.5727376861397480,1500,0,0,0
2025-02-18 03:00:00+00,N621FB,2,508,2023.2775590551181102,0,1,0,0
2025-02-18 03:00:00+00,N622FB,1,36,1501.3888888888888889,0,5,0,0
2025-02-18 03:00:00+00,N623FB,2,357,1830.6722689075630252,0,3,0,0
2025-02-18 04:00:00+00,N623FB,1,1339,1802.1471247199402539,1550,0,0,0
2025-02-18 05:00:00+00,N621FB,1,1148,1872.2343205574912892,0,4,0,0
2025-02-18 05:00:00+00,N623FB,1,239,1965.8995815899581590,0,6,0,0
2025-02-18 06:00:00+00,N621FB,1,1213,2009.6248969497114592,0,5,0,0
2025-02-18 06:00:00+00,N623FB,2,462,1830.3571428571428571,0,1,0,0
2025-02-18 07:00:00+00,N623FB,1,1434,1924.5292887029288703,1700,0,0,0
2025-02-18 08:00:00+00,N621FB,1,1403,2174.4654312188168211,0,2,0,0
2025-02-18 08:00:00+00,N623FB,1,354,1888.6299435028248588,0,3,0,0
2025-02-18 09:00:00+00,N621FB,2,692,2887.7167630057803468,0,4,0,0
2025-02-18 14:00:00+00,N624FB,1,67,1842.5373134328358209,0,3,0,0
2025-02-18 15:00:00+00,N624FB,1,205,1964.8780487804878049,0,2,0,0
2025-02-18 16:00:00+00,N624FB,3,585,2109.8717948717948718,0,7,0,0
2025-02-18 17:00:00+00,N624FB,1,134,1873.5074626865671642,0,2,0,0
2025-02-18 18:00:00+00,N621FB,1,161,1915.3726708074534161,1375,0,0,0
2025-02-18 19:00:00+00,N621FB,1,1070,2042.7570093457943925,1350,0,0,0
2025-02-18 20:00:00+00,N621FB,1,981,1761.2640163098878695,1375,0,0,0
2025-02-18 22:00:00+00,N623FB,1,1088,1863.1893382352941176,0,2,0,0
2025-02-18 23:00:00+00,N623FB,1,1036,1800.4102316602316602,0,2,0,0
2025-02-19 02:00:00+00,N623FB,1,1279,1810.2619233776387803,0,2,0,0
2025-02-19 03:00:00+00,N623FB,1,1049,2380.9103908484270734,0,3,0,0
2025-02-19 03:00:00+00,N624FB,1,500,1807.3500000000000000,0,3,0,0
2025-02-19 04:00:00+00,N624FB,1,1525,1799.9836065573770492,1475,0,0,0
2025-02-19 05:00:00+00,N622FB,3,1044,2002.6819923371647510,0,10,0,0
2025-02-19 05:00:00+00,N624FB,1,418,1638.6961722488038278,0,4,0,0
2025-02-19 06:00:00+00,N622FB,1,979,1589.1470888661899898,0,4,0,0
2025-02-19 06:00:00+00,N624FB,2,656,1738.3765243902439024,0,3,0,0
2025-02-19 07:00:00+00,N622FB,1,112,1815.8482142857142857,0,2,0,0
2025-02-19 07:00:00+00,N624FB,1,1366,1730.0329428989751098,1475,0,0,0
2025-02-19 08:00:00+00,N622FB,1,1621,1731.5545959284392350,1425,0,0,0
2025-02-19 08:00:00+00,N624FB,1,88,1743.1818181818181818,0,1,0,0
2025-02-19 09:00:00+00,N622FB,1,242,1682.4380165289256198,0,3,0,0
2025-02-19 10:00:00+00,N622FB,1,261,1709.0996168582375479,0,4,0,0
2025-02-19 15:00:00+00,N623FB,1,498,1562.6004016064257028,0,2,0,0
2025-02-19 16:00:00+00,N623FB,1,537,1859.1713221601489758,0,3,0,0
2025-02-19 17:00:00+00,N623FB,2,481,1964.4490644490644491,0,2,0,0
2025-02-19 18:00:00+00,N623FB,1,814,1532.4017199017199017,0,3,0,0
2025-02-19 21:00:00+00,N624FB,1,804,1784.8258706467661692,0,1,0,0
2025-02-19 22:00:00+00,N624FB,1,696,1919.0373563218390805,0,1,0,0
2025-02-20 01:00:00+00,N624FB,1,33,1674.2424242424242424,0,2,0,0
2025-02-20 02:00:00+00,N624FB,1,1299,1942.8598922247882987,1500,0,0,0
2025-02-20 03:00:00+00,N623FB,1,758,1830.0461741424802111,0,1,0,0
2025-02-20 03:00:00+00,N624FB,1,796,1768.2474874371859296,0,3,0,0
2025-02-20 04:00:00+00,N623FB,1,1544,1700.1943005181347150,1500,0,0,0
2025-02-20 05:00:00+00,N622FB,1,1415,1798.3215547703180212,0,2,0,0
2025-02-20 05:00:00+00,N623FB,1,208,1705.0480769230769231,0,3,0,0
2025-02-20 06:00:00+00,N622FB,1,775,1911.9354838709677419,0,4,0,0
2025-02-20 06:00:00+00,N623FB,1,514,1753.4533073929961089,0,1,0,0
2025-02-20 07:00:00+00,N623FB,1,1424,1778.5814606741573034,1450,0,0,0
2025-02-20 08:00:00+00,N622FB,1,1214,2000.4942339373970346,0,3,0,0
2025-02-20 08:00:00+00,N623FB,1,176,1762.7840909090909091,0,4,0,0
2025-02-20 09:00:00+00,N622FB,1,607,1813.6326194398682043,0,4,0,0
2025-02-20 15:00:00+00,N621FB,1,1078,1909.9257884972170686,0,2,0,0
2025-02-20 16:00:00+00,N621FB,1,313,1718.0511182108626198,1400,0,0,0
2025-02-20 18:00:00+00,N621FB,1,990,1732.6515151515151515,0,2,0,0
2025-02-20 19:00:00+00,N621FB,1,300,1668.5833333333333333,0,1,0,0
2025-02-20 23:00:00+00,N622FB,2,1424,1941.5730337078651685,0,2,0,0
2025-02-21 00:00:00+00,N622FB,1,609,2065.0246305418719212,0,3,0,0
2025-02-21 01:00:00+00,N622FB,1,33,1740.9090909090909091,0,1,0,0
2025-02-21 02:00:00+00,N622FB,1,1369,1996.1102994886778671,1600,0,0,0
2025-02-21 03:00:00+00,N622FB,1,1270,1769.0748031496062992,0,3,0,0
2025-02-21 03:00:00+00,N623FB,2,601,1842.2628951747088186,0,2,0,0
2025-02-21 04:00:00+00,N623FB,1,1585,1867.3659305993690852,1525,0,0,0
2025-02-21 05:00:00+00,N623FB,1,260,1805.2884615384615385,0,6,0,0
2025-02-21 05:00:00+00,N624FB,1,1537,2190.6310995445673390,0,3,0,0
2025-02-21 06:00:00+00,N623FB,1,411,1846.3503649635036496,0,2,0,0
2025-02-21 06:00:00+00,N624FB,1,788,2040.7994923857868020,0,3,0,0
2025-02-21 07:00:00+00,N623FB,3,1186,1799.8313659359190556,0,24,0,0
2025-02-21 08:00:00+00,N623FB,1,149,1875.1677852348993289,0,4,0,0
2025-02-21 08:00:00+00,N624FB,1,1305,2055.8812260536398467,0,2,0,0
2025-02-21 09:00:00+00,N624FB,1,587,2323.6371379897785349,0,3,0,0
2025-02-21 15:00:00+00,N622FB,1,1336,1823.7836826347305389,0,2,0,0
2025-02-21 16:00:00+00,N622FB,1,31,1533.8709677419354839,0,1,0,0
2025-02-21 18:00:00+00,N622FB,1,998,1673.9729458917835671,0,1,0,0
2025-02-21 19:00:00+00,N622FB,1,212,1914.8584905660377358,0,2,0,0
2025-02-22 02:00:00+00,N621FB,3,1173,1764.6206308610400682,0,4,0,0
2025-02-22 03:00:00+00,N621FB,1,893,1914.6696528555431131,0,2,0,0
2025-02-22 03:00:00+00,N623FB,1,651,1851.8433179723502304,0,2,0,0
2025-02-22 04:00:00+00,N623FB,1,1434,1855.0209205020920502,1525,0,0,0
2025-02-22 05:00:00+00,N623FB,1,398,1756.2185929648241206,0,4,0,0
2025-02-22 05:00:00+00,N624FB,1,1392,1887.5000000000000000,0,4,0,0
2025-02-22 06:00:00+00,N623FB,2,641,1638.6505460218408736,0,1,0,0
2025-02-22 06:00:00+00,N624FB,1,823,1758.3839611178614824,0,2,0,0
2025-02-22 07:00:00+00,N623FB,1,1392,1762.8232758620689655,1325,0,0,0
2025-02-22 08:00:00+00,N623FB,1,285,1684.7368421052631579,0,4,0,0
2025-02-22 08:00:00+00,N624FB,2,1381,1788.3598841419261405,0,4,0,0
2025-02-22 09:00:00+00,N624FB,1,1336,1627.0022455089820359,1350,0,0,0
2025-02-22 10:00:00+00,N624FB,1,205,1719.6341463414634146,0,3,0,0
2025-02-22 12:00:00+00,N621FB,1,263,1735.0760456273764259,0,2,0,0
2025-02-22 13:00:00+00,N621FB,1,1296,1718.6921296296296296,0,2,0,0
2025-02-22 17:00:00+00,N623FB,1,395,1479.8734177215189873,0,8,0,0
2025-02-22 18:00:00+00,N621FB,2,1410,1632.9964539007092199,0,1,0,0
2025-02-22 19:00:00+00,N621FB,1,569,1652.5043936731107206,0,1,0,0
2025-02-22 19:00:00+00,N623FB,1,262,1609.4465648854961832,1100,0,0,0
2025-02-22 20:00:00+00,N623FB,1,25,1272.0000000000000000,0,2,0,0
2025-02-23 02:00:00+00,N622FB,2,1050,1653.5952380952380952,0,2,0,0
2025-02-23 03:00:00+00,N622FB,1,1013,1639.5853899308983218,0,4,0,0
2025-02-23 03:00:00+00,N623FB,1,744,1592.9771505376344086,0,4,0,0
2025-02-23 04:00:00+00,N623FB,1,1318,1668.7974203338391502,1300,0,0,0
2025-02-23 05:00:00+00,N623FB,1,438,1748.0593607305936073,0,4,0,0
2025-02-23 05:00:00+00,N624FB,2,1307,1844.2616679418515685,0,4,0,0
2025-02-23 06:00:00+00,N623FB,3,746,1838.4048257372654155,0,1,0,0
2025-02-23 06:00:00+00,N624FB,1,1038,2064.3304431599229287,0,3,0,0
2025-02-23 07:00:00+00,N623FB,1,1374,1712.4454148471615721,1225,0,0,0
2025-02-23 07:00:00+00,N624FB,1,1,0.00000000000000000000,0,1,0,0
2025-02-23 08:00:00+00,N623FB,1,184,1548.2336956521739130,0,4,0,0
2025-02-23 08:00:00+00,N624FB,2,1432,1717.5453910614525140,0,1,0,0
2025-02-23 09:00:00+00,N624FB,1,592,1734.3750000000000000,0,3,0,0
2025-02-23 16:00:00+00,N623FB,1,1063,1606.7732831608654751,0,2,0,0
2025-02-23 17:00:00+00,N623FB,1,193,1657.5129533678756477,0,4,0,0
2025-02-23 18:00:00+00,N623FB,1,270,1587.0370370370370370,0,2,0,0
2025-02-23 19:00:00+00,N623FB,1,1425,1566.9298245614035088,1275,0,0,0
2025-02-23 20:00:00+00,N623FB,2,135,1651.4814814814814815,0,4,0,0
2025-02-23 23:00:00+00,N624FB,1,119,1690.7563025210084034,0,5,0,0
2025-02-24 02:00:00+00,N624FB,1,1350,1681.5925925925925926,0,4,0,0
2025-02-24 03:00:00+00,N624FB,1,918,1699.9183006535947712,0,5,0,0
2025-02-24 05:00:00+00,N624FB,1,1292,1665.1122291021671827,0,1,0,0
2025-02-24 06:00:00+00,N624FB,1,681,1603.8179148311306902,0,5,0,0
2025-02-24 07:00:00+00,N624FB,1,1,0.00000000000000000000,0,1,0,0
2025-02-24 08:00:00+00,N624FB,2,1436,1840.9993036211699164,0,1,0,0
2025-02-24 09:00:00+00,N624FB,1,673,1670.4680534918276374,0,4,0,0
2025-02-24 15:00:00+00,N624FB,1,411,1726.2165450121654501,0,2,0,0
2025-02-24 16:00:00+00,N624FB,1,829,1816.2846803377563329,0,3,0,0
2025-02-24 23:00:00+00,N622FB,1,1223,1898.8961569910057236,0,2,0,0
2025-02-25 00:00:00+00,N622FB,1,1245,1781.3654618473895582,0,4,0,0
2025-02-25 02:00:00+00,N622FB,1,1327,1680.8025621703089676,0,3,0,0
2025-02-25 03:00:00+00,N622FB,1,986,1819.0669371196754564,0,4,0,0
2025-02-25 03:00:00+00,N624FB,2,645,1878.7596899224806202,0,1,0,0
2025-02-25 04:00:00+00,N624FB,1,1408,1775.2130681818181818,1500,0,0,0
2025-02-25 05:00:00+00,N621FB,1,1186,1836.6568296795952782,0,3,0,0
2025-02-25 05:00:00+00,N624FB,1,73,1755.1369863013698630,0,2,0,0
2025-02-25 06:00:00+00,N621FB,1,944,1816.8697033898305085,0,3,0,0
2025-02-25 06:00:00+00,N624FB,1,674,1804.3768545994065282,0,2,0,0
2025-02-25 07:00:00+00,N624FB,1,1304,1794.6702453987730061,0,3,0,0
2025-02-25 15:00:00+00,N621FB,1,236,1804.9788135593220339,0,2,0,0
2025-02-25 16:00:00+00,N621FB,1,1078,1924.2578849721706865,0,2,0,0
2025-02-25 18:00:00+00,N621FB,1,217,1884.7926267281105991,0,1,0,0
2025-02-25 19:00:00+00,N621FB,1,1303,2036.7805065234075211,0,1,0,0
2025-02-25 20:00:00+00,N621FB,1,343,2031.4868804664723032,0,3,0,0
2025-02-25 23:00:00+00,N624FB,1,1353,1805.5801921655580192,0,3,0,0
2025-02-26 00:00:00+00,N624FB,1,1432,1806.9483240223463687,0,1,0,0
2025-02-26 02:00:00+00,N624FB,1,1440,1971.5798611111111111,0,2,0,0
2025-02-26 03:00:00+00,N624FB,1,987,1973.4295845997973658,0,3,0,0
2025-02-26 04:00:00+00,N624FB,1,7,1096.4285714285714286,0,2,0,0
2025-02-26 05:00:00+00,N624FB,2,1265,2233.7154150197628458,0,1,0,0
2025-02-26 06:00:00+00,N624FB,1,907,2641.6207276736493936,0,1,0,0
2025-02-26 07:00:00+00,N624FB,1,55,2150.9090909090909091,0,1,0,0
2025-02-26 08:00:00+00,N624FB,2,1413,2375.4600141542816702,1650,0,0,0
2025-02-26 09:00:00+00,N624FB,1,444,2128.7162162162162162,0,4,0,0
2025-02-26 14:00:00+00,N624FB,1,100,1950.5000000000000000,0,1,0,0
2025-02-26 15:00:00+00,N624FB,3,94,1679.7872340425531915,1600,0,0,0
2025-02-26 16:00:00+00,N624FB,1,114,1805.9210526315789474,1425,0,0,0
2025-02-26 17:00:00+00,N624FB,4,258,1772.8682170542635659,0,1,0,0
2025-02-26 18:00:00+00,N624FB,1,345,1913.4782608695652174,0,4,0,0
2025-02-26 20:00:00+00,N624FB,1,351,1731.9800569800569801,0,1,0,0
2025-02-26 21:00:00+00,N624FB,2,880,1793.6647727272727273,0,8,0,0
2025-02-26 22:00:00+00,N622FB,1,92,1997.2826086956521739,1650,0,0,0
2025-02-26 23:00:00+00,N622FB,8,220,1842.9545454545454545,0,1,0,0
2025-02-26 23:00:00+00,N624FB,1,1211,1734.9298100743187448,1475,0,0,0
2025-02-27 00:00:00+00,N622FB,8,344,1850.2180232558139535,0,4,0,0
2025-02-27 00:00:00+00,N624FB,1,617,1959.5623987034035656,1525,0,0,0
2025-02-27 01:00:00+00,N622FB,2,180,1872.2222222222222222,0,6,0,0
2025-02-27 02:00:00+00,N622FB,1,64,1889.4531250000000000,1700,0,0,0
2025-02-27 02:00:00+00,N624FB,1,1058,1744.0453686200378072,0,3,0,0
2025-02-27 03:00:00+00,N622FB,4,190,1818.8157894736842105,1700,0,0,0
2025-02-27 03:00:00+00,N624FB,2,693,1951.9841269841269841,0,6,0,0
2025-02-27 04:00:00+00,N622FB,1,94,1842.0212765957446809,0,4,0,0
2025-02-27 04:00:00+00,N624FB,1,1489,1824.1605104096709201,1525,0,0,0
2025-02-27 05:00:00+00,N624FB,1,62,1760.4838709677419355,0,2,0,0
2025-02-27 06:00:00+00,N624FB,1,603,1976.9485903814262023,0,1,0,0
2025-02-27 07:00:00+00,N624FB,1,1525,1835.0163934426229508,1525,0,0,0
2025-02-27 08:00:00+00,N624FB,1,77,1753.2467532467532468,0,3,0,0
2025-02-27 18:00:00+00,N621FB,2,344,1693.8226744186046512,0,1,0,0
2025-02-27 19:00:00+00,N621FB,1,1360,1620.4779411764705882,0,3,0,0
2025-02-27 19:00:00+00,N623FB,1,365,3821.9178082191780822,1375,0,0,0
2025-02-27 20:00:00+00,N623FB,1,153,2018.4640522875816993,0,6,0,0
2025-02-27 20:00:00+00,N624FB,1,42,1710.1190476190476190,0,3,0,0
2025-02-27 21:00:00+00,N624FB,2,1540,1731.6558441558441558,1400,0,0,0
2025-02-27 22:00:00+00,N624FB,1,686,1789.8688046647230321,0,3,0,0
2025-02-28 02:00:00+00,N624FB,1,1282,1994.0717628705148206,0,1,0,0
2025-02-28 03:00:00+00,N623FB,1,676,2055.6952662721893491,0,1,0,0
2025-02-28 03:00:00+00,N624FB,1,1262,1929.0610142630744849,0,3,0,0
2025-02-28 04:00:00+00,N623FB,1,1622,2059.3094944512946979,1525,0,0,0
2025-02-28 05:00:00+00,N623FB,1,235,1826.9148936170212766,0,3,0,0
2025-02-28 05:00:00+00,N624FB,1,1353,1886.0310421286031042,0,2,0,0
2025-02-28 06:00:00+00,N623FB,2,530,1776.5094339622641509,0,1,0,0
2025-02-28 06:00:00+00,N624FB,1,923,1923.1040086673889491,0,3,0,0
2025-02-28 07:00:00+00,N623FB,1,1427,1803.1534688156972670,1500,0,0,0
2025-02-28 08:00:00+00,N623FB,1,218,1764.2201834862385321,0,3,0,0
2025-02-28 08:00:00+00,N624FB,2,1272,1701.3168238993710692,0,4,0,0
2025-02-28 09:00:00+00,N624FB,1,573,2055.4101221640488656,0,4,0,0
2025-02-28 15:00:00+00,N623FB,1,1091,1733.8221814848762603,0,2,0,0
2025-02-28 16:00:00+00,N623FB,1,69,1705.0724637681159420,0,3,0,0
2025-02-28 17:00:00+00,N623FB,1,1047,1883.9302769818529131,0,1,0,0
2025-02-28 18:00:00+00,N623FB,1,145,1845.1724137931034483,0,1,0,0
2025-02-28 23:00:00+00,N624FB,1,1499,2008.7224816544362909,0,3,0,0
2025-03-01 00:00:00+00,N624FB,1,786,1951.5903307888040712,0,3,0,0
2025-03-01 02:00:00+00,N624FB,1,1222,1922.8109656301145663,0,2,0,0
2025-03-01 03:00:00+00,N622FB,1,628,1779.2993630573248408,0,2,0,0
2025-03-01 03:00:00+00,N624FB,1,821,1878.1973203410475030,0,4,0,0
2025-03-01 04:00:00+00,N622FB,1,1470,1781.4625850340136054,1450,0,0,0
2025-03-01 05:00:00+00,N622FB,1,438,1772.0890410958904110,0,4,0,0
2025-03-01 05:00:00+00,N624FB,1,1400,1960.9642857142857143,0,1,0,0
2025-03-01 06:00:00+00,N622FB,1,605,1812.7272727272727273,0,2,0,0
2025-03-01 06:00:00+00,N624FB,1,1001,2052.4475524475524476,0,3,0,0
2025-03-01 07:00:00+00,N622FB,1,1577,1916.2333544705136335,1550,0,0,0
2025-03-01 08:00:00+00,N622FB,1,115,1941.7391304347826087,0,2,0,0
2025-03-01 08:00:00+00,N624FB,1,1350,1994.2037037037037037,0,3,0,0
2025-03-01 09:00:00+00,N624FB,1,875,1991.0285714285714286,0,3,0,0
2025-03-01 10:00:00+00,N624FB,2,971,2055.2008238928939238,0,5,0,0
2025-03-01 15:00:00+00,N623FB,1,977,1912.1289662231320368,0,2,0,0
2025-03-01 16:00:00+00,N623FB,1,597,1821.7755443886097152,1525,0,0,0
2025-03-01 18:00:00+00,N623FB,1,645,2038.9922480620155039,0,1,0,0
2025-03-01 19:00:00+00,N623FB,1,1242,1829.7101449275362319,0,3,0,0
2025-03-02 02:00:00+00,N624FB,1,1079,1996.8721037998146432,0,3,0,0
2025-03-02 03:00:00+00,N624FB,7,541,1711.2292051756007394,0,11,0,0
2025-03-02 05:00:00+00,N624FB,1,1228,1884.7516286644951140,0,1,0,0
2025-03-02 06:00:00+00,N624FB,1,789,1843.8529784537389100,0,3,0,0
2025-03-02 07:00:00+00,N624FB,1,1,0.00000000000000000000,0,1,0,0
2025-03-02 08:00:00+00,N624FB,2,1321,1762.2634367903103709,0,1,0,0
2025-03-02 09:00:00+00,N624FB,1,830,1910.5421686746987952,0,3,0,0
2025-03-02 11:00:00+00,N624FB,1,506,2615.6620553359683794,0,2,0,0
2025-03-02 12:00:00+00,N624FB,1,562,2456.9839857651245552,0,4,0,0
2025-03-02 17:00:00+00,N623FB,2,605,1698.9669421487603306,0,1,0,0
2025-03-02 18:00:00+00,N623FB,1,853,1841.7350527549824150,1575,0,0,0
2025-03-02 21:00:00+00,N623FB,1,1494,1861.1947791164658635,0,4,0,0
2025-03-02 22:00:00+00,N623FB,1,785,1939.1719745222929936,0,5,0,0
2025-03-03 00:00:00+00,N623FB,1,571,1959.9387040280210158,0,3,0,0
2025-03-03 01:00:00+00,N623FB,1,333,1870.6456456456456456,0,4,0,0
2025-03-03 02:00:00+00,N623FB,1,523,2128.0592734225621415,0,4,0,0
2025-03-03 03:00:00+00,N622FB,2,477,1783.0188679245283019,0,2,0,0
2025-03-03 03:00:00+00,N623FB,2,1174,2003.1516183986371380,0,8,0,0
2025-03-03 04:00:00+00,N622FB,1,1115,1860.5381165919282511,1550,0,0,0
2025-03-03 04:00:00+00,N624FB,1,1,0.00000000000000000000,0,1,0,0
2025-03-03 05:00:00+00,N624FB,2,1278,1996.7918622848200313,0,2,0,0
2025-03-03 06:00:00+00,N622FB,2,652,1899.7315950920245399,0,4,0,0
2025-03-03 06:00:00+00,N624FB,1,877,2033.7799315849486887,0,2,0,0
2025-03-03 07:00:00+00,N622FB,1,1491,1889.6042924211938296,1550,0,0,0
2025-03-03 07:00:00+00,N624FB,1,9,1094.4444444444444444,0,3,0,0
2025-03-03 08:00:00+00,N622FB,1,561,2104.4117647058823529,0,1,0,0
2025-03-03 08:00:00+00,N624FB,1,1265,2216.8577075098814229,1800,0,0,0
2025-03-03 09:00:00+00,N624FB,1,513,2123.4892787524366472,0,6,0,0
2025-03-03 17:00:00+00,N623FB,1,116,1944.8275862068965517,0,1,0,0
2025-03-03 18:00:00+00,N623FB,1,201,1929.7263681592039801,0,5,0,0
2025-03-03 23:00:00+00,N623FB,1,1283,1812.2564302416212003,0,3,0,0
2025-03-04 00:00:00+00,N623FB,1,897,1730.9921962095875139,0,1,0,0
2025-03-04 01:00:00+00,N623FB,1,182,1815.1098901098901099,0,2,0,0
2025-03-04 02:00:00+00,N623FB,2,978,1927.3006134969325153,0,2,0,0
2025-03-04 03:00:00+00,N621FB,1,790,1700.9177215189873418,0,1,0,0
2025-03-04 03:00:00+00,N623FB,1,1369,1957.7794010226442659,0,5,0,0
2025-03-04 04:00:00+00,N621FB,1,1314,1883.8470319634703196,1575,0,0,0
2025-03-04 04:00:00+00,N623FB,1,35,1731.4285714285714286,0,4,0,0
2025-03-04 05:00:00+00,N621FB,1,245,1961.1224489795918367,0,2,0,0
2025-03-04 05:00:00+00,N623FB,1,1364,2308.7609970674486804,1650,0,0,0
2025-03-04 06:00:00+00,N621FB,1,680,1702.8308823529411765,0,1,0,0
2025-03-04 06:00:00+00,N623FB,1,793,1800.3152585119798235,0,3,0,0
2025-03-04 07:00:00+00,N621FB,1,1411,1671.7753366406803685,0,3,0,0
2025-03-04 08:00:00+00,N623FB,2,1408,1736.2748579545454545,0,2,0,0
2025-03-04 09:00:00+00,N623FB,1,527,1885.6261859582542694,0,4,0,0
2025-03-04 15:00:00+00,N621FB,1,379,1578.1002638522427441,0,1,0,0
2025-03-04 16:00:00+00,N621FB,1,1179,1510.7506361323155216,0,1,0,0
2025-03-04 18:00:00+00,N621FB,1,26,1584.6153846153846154,0,1,0,0
2025-03-04 19:00:00+00,N621FB,1,1177,1816.6100254885301614,0,1,0,0
2025-03-04 23:00:00+00,N623FB,2,1096,1692.4726277372262774,0,3,0,0
2025-03-05 00:00:00+00,N623FB,1,713,1670.1612903225806452,0,5,0,0
2025-03-05 02:00:00+00,N623FB,1,1390,1580.1258992805755396,0,7,0,0
2025-03-05 03:00:00+00,N622FB,1,688,1675.4723837209302326,0,3,0,0
2025-03-05 03:00:00+00,N623FB,1,671,1722.9508196721311475,0,5,0,0
2025-03-05 04:00:00+00,N622FB,1,1540,1690.8766233766233766,1375,0,0,0
2025-03-05 04:00:00+00,N623FB,1,6,1120.8333333333333333,0,1,0,0
2025-03-05 05:00:00+00,N622FB,1,66,1648.8636363636363636,0,2,0,0
2025-03-05 05:00:00+00,N623FB,1,1422,1992.9852320675105485,1450,0,0,0
2025-03-05 06:00:00+00,N622FB,1,753,1872.9747675962815405,0,1,0,0
2025-03-05 06:00:00+00,N623FB,1,826,1642.1912832929782082,0,3,0,0
2025-03-05 07:00:00+00,N622FB,1,1576,1824.6192893401015228,1600,0,0,0
2025-03-05 07:00:00+00,N623FB,1,7,771.4285714285714286,0,3,0,0
2025-03-05 08:00:00+00,N622FB,1,37,1526.3513513513513514,0,1,0,0
2025-03-05 08:00:00+00,N623FB,1,1098,1929.6448087431693989,875,0,0,0
2025-03-05 09:00:00+00,N623FB,1,1405,1632.5622775800711744,0,7,0,0
2025-03-05 10:00:00+00,N623FB,1,188,1813.6968085106382979,0,5,0,0
2025-03-05 16:00:00+00,N624FB,1,1134,1819.6208112874779541,1400,0,0,0
2025-03-05 17:00:00+00,N624FB,1,130,1800.7692307692307692,0,3,0,0
2025-03-05 18:00:00+00,N624FB,1,408,1768.6274509803921569,0,3,0,0
2025-03-05 19:00:00+00,N624FB,1,1295,1725.7335907335907336,0,3,0,0
2025-03-05 23:00:00+00,N623FB,1,1092,2005.9752747252747253,0,3,0,0
2025-03-06 00:00:00+00,N623FB,1,736,2001.8682065217391304,0,3,0,0
2025-03-06 01:00:00+00,N623FB,2,871,2113.9207807118254879,0,2,0,0
2025-03-06 02:00:00+00,N623FB,1,1382,2092.5289435600578871,1700,0,0,0
2025-03-06 03:00:00+00,N622FB,2,599,1936.6026711185308848,0,2,0,0
2025-03-06 03:00:00+00,N623FB,1,627,2002.5518341307814992,0,2,0,0
2025-03-06 04:00:00+00,N622FB,1,1600,1959.1093750000000000,1750,0,0,0
2025-03-06 05:00:00+00,N622FB,1,429,2060.8391608391608392,0,4,0,0
2025-03-06 05:00:00+00,N623FB,1,1262,2075.6537242472266244,0,3,0,0
2025-03-06 06:00:00+00,N622FB,1,705,2028.8297872340425532,0,1,0,0
2025-03-06 06:00:00+00,N623FB,1,1076,2139.6375464684014870,0,1,0,0
2025-03-06 07:00:00+00,N622FB,1,1209,2152.7088502894954508,1125,0,0,0
2025-03-06 08:00:00+00,N622FB,1,176,1999.5738636363636364,0,4,0,0
2025-03-06 08:00:00+00,N623FB,4,1131,2124.0937223695844385,0,7,0,0
2025-03-06 09:00:00+00,N623FB,1,572,2433.4353146853146853,0,2,0,0
2025-03-06 15:00:00+00,N624FB,1,1043,1896.4765100671140940,0,1,0,0
2025-03-06 16:00:00+00,N624FB,1,341,1940.7624633431085044,1575,0,0,0
2025-03-06 18:00:00+00,N624FB,1,299,1788.6287625418060201,1550,0,0,0
2025-03-06 19:00:00+00,N624FB,1,1417,1766.2138320395201129,1550,0,0,0
2025-03-06 20:00:00+00,N624FB,1,219,1814.9543378995433790,0,1,0,0
2025-03-06 22:00:00+00,N622FB,1,203,2111.0837438423645320,0,1,0,0
2025-03-06 23:00:00+00,N622FB,1,1520,2091.9407894736842105,1700,0,0,0
2025-03-07 00:00:00+00,N622FB,1,485,2213.6082474226804124,0,1,0,0
2025-03-07 01:00:00+00,N622FB,1,2,787.5000000000000000,0,1,0,0
2025-03-07 02:00:00+00,N622FB,1,1352,2018.3062130177514793,1575,0,0,0
2025-03-07 03:00:00+00,N622FB,1,476,2102.6260504201680672,0,2,0,0
2025-03-07 03:00:00+00,N623FB,1,745,1901.0067114093959732,0,1,0,0
2025-03-07 04:00:00+00,N623FB,1,1352,1978.6982248520710059,1475,0,0,0
2025-03-07 05:00:00+00,N623FB,1,357,2057.3529411764705882,0,4,0,0
2025-03-07 05:00:00+00,N624FB,1,1287,1969.2696192696192696,0,2,0,0
2025-03-07 06:00:00+00,N623FB,1,316,1954.4303797468354430,0,3,0,0
2025-03-07 06:00:00+00,N624FB,2,742,2175.1347708894878706,0,1,0,0
2025-03-07 08:00:00+00,N624FB,4,932,2009.1738197424892704,0,6,0,0
2025-03-07 09:00:00+00,N624FB,3,646,2007.7786377708978328,0,6,0,0
2025-03-08 02:00:00+00,N623FB,1,1022,1882.9256360078277886,0,3,0,0
2025-03-08 03:00:00+00,N622FB,1,440,1658.6931818181818182,0,2,0,0
2025-03-08 03:00:00+00,N623FB,1,983,1956.3580874872838250,0,3,0,0
2025-03-08 04:00:00+00,N622FB,1,1303,1704.9884881043745203,1450,0,0,0
2025-03-08 05:00:00+00,N622FB,1,177,1733.1920903954802260,0,4,0,0
2025-03-08 05:00:00+00,N623FB,1,1496,1747.8609625668449198,0,2,0,0
2025-03-08 06:00:00+00,N622FB,1,731,1705.1983584131326949,1350,0,0,0
2025-03-08 06:00:00+00,N623FB,1,790,1793.9240506329113924,0,3,0,0
2025-03-08 07:00:00+00,N622FB,1,572,1634.6153846153846154,1300,0,0,0
2025-03-08 08:00:00+00,N623FB,1,1356,1621.3126843657817109,0,2,0,0
2025-03-08 09:00:00+00,N623FB,1,630,1881.3492063492063492,0,7,0,0
2025-03-08 23:00:00+00,N624FB,2,1140,1621.0087719298245614,0,5,0,0
2025-03-09 00:00:00+00,N624FB,1,1140,1611.7763157894736842,0,5,0,0
2025-03-09 02:00:00+00,N624FB,1,1328,1504.1792168674698795,0,2,0,0
2025-03-09 03:00:00+00,N623FB,1,664,1632.4171686746987952,0,1,0,0
2025-03-09 03:00:00+00,N624FB,1,1036,1587.3069498069498069,0,4,0,0
2025-03-09 04:00:00+00,N623FB,1,1450,1622.3620689655172414,1225,0,0,0
2025-03-09 05:00:00+00,N622FB,1,1391,1716.8583752695902229,0,1,0,0
2025-03-09 05:00:00+00,N623FB,1,255,1685.8823529411764706,0,3,0,0
2025-03-09 06:00:00+00,N622FB,1,1021,1661.0675808031341822,0,2,0,0
2025-03-09 06:00:00+00,N623FB,2,565,1615.6194690265486726,0,1,0,0
2025-03-09 07:00:00+00,N623FB,1,1503,1680.3725881570192947,1325,0,0,0
2025-03-09 08:00:00+00,N622FB,2,1296,1764.1010802469135802,0,3,0,0
2025-03-09 08:00:00+00,N623FB,1,144,1601.5625000000000000,0,4,0,0
2025-03-09 09:00:00+00,N622FB,2,1143,1755.3587051618547682,0,1,0,0
2025-03-09 10:00:00+00,N622FB,1,454,1457.3237885462555066,0,3,0,0
2025-03-09 18:00:00+00,N621FB,3,769,1362.5812743823146944,0,1,0,0
2025-03-09 19:00:00+00,N621FB,1,1022,1481.8737769080234834,0,2,0,0
2025-03-10 03:00:00+00,N624FB,1,704,1729.9005681818181818,0,2,0,0
2025-03-10 04:00:00+00,N623FB,1,2,0.00000000000000000000,0,2,0,0
2025-03-10 04:00:00+00,N624FB,1,1451,1780.5134390075809786,1425,0,0,0
2025-03-10 05:00:00+00,N623FB,1,1551,1672.8401031592520954,1325,0,0,0
2025-03-10 05:00:00+00,N624FB,1,64,1639.0625000000000000,0,1,0,0
2025-03-10 06:00:00+00,N623FB,1,1148,1829.8998257839721254,0,3,0,0
2025-03-10 06:00:00+00,N624FB,1,699,1752.5751072961373391,0,1,0,0
2025-03-10 07:00:00+00,N623FB,1,15,1303.3333333333333333,0,2,0,0
2025-03-10 07:00:00+00,N624FB,1,1472,1733.6616847826086957,1450,0,0,0
2025-03-10 08:00:00+00,N623FB,1,1177,1837.7655055225148683,1425,0,0,0
2025-03-10 08:00:00+00,N624FB,1,85,1689.4117647058823529,0,2,0,0
2025-03-10 09:00:00+00,N623FB,1,648,1756.9058641975308642,0,4,0,0
2025-03-10 23:00:00+00,N623FB,1,1056,1784.1382575757575758,0,5,0,0
2025-03-11 00:00:00+00,N623FB,1,1146,1791.7102966841186736,0,4,0,0
2025-03-11 02:00:00+00,N623FB,1,847,1840.9976387249114522,0,4,0,0
2025-03-11 03:00:00+00,N622FB,2,748,2178.6096256684491979,0,5,0,0
2025-03-11 03:00:00+00,N623FB,1,1013,2048.4205330700888450,0,5,0,0
2025-03-11 04:00:00+00,N622FB,1,1558,2143.0198973042362003,1800,0,0,0
2025-03-11 05:00:00+00,N621FB,1,1294,2053.7673879443585781,0,4,0,0
2025-03-11 05:00:00+00,N622FB,1,133,2064.0977443609022556,0,2,0,0
2025-03-11 06:00:00+00,N621FB,1,990,2093.1060606060606061,0,3,0,0
2025-03-11 06:00:00+00,N622FB,1,610,1752.8688524590163934,0,3,0,0
2025-03-11 07:00:00+00,N622FB,1,1498,1820.0100133511348465,1600,0,0,0
2025-03-11 08:00:00+00,N621FB,1,1218,2040.9277504105090312,0,2,0,0
2025-03-11 08:00:00+00,N622FB,1,241,1795.1244813278008299,0,3,0,0
2025-03-11 09:00:00+00,N621FB,1,821,2150.5481120584652862,0,2,0,0
2025-03-11 15:00:00+00,N624FB,1,345,1690.7971014492753623,1450,0,0,0
2025-03-11 16:00:00+00,N624FB,1,1032,2001.9137596899224806,0,1,0,0
2025-03-11 19:00:00+00,N624FB,1,1209,1826.5922249793217535,1600,0,0,0
2025-03-11 20:00:00+00,N624FB,1,282,1999.9113475177304965,0,3,0,0
2025-03-11 23:00:00+00,N623FB,1,1386,2023.9538239538239538,0,4,0,0
2025-03-12 00:00:00+00,N623FB,1,1295,1883.8030888030888031,0,5,0,0
2025-03-12 02:00:00+00,N623FB,1,1107,1774.7289972899728997,0,1,0,0
2025-03-12 03:00:00+00,N622FB,2,609,1834.2775041050903120,0,3,0,0
2025-03-12 03:00:00+00,N623FB,1,950,1807.7631578947368421,0,1,0,0
2025-03-12 04:00:00+00,N622FB,1,1568,1868.3992346938775510,1650,0,0,0
2025-03-12 05:00:00+00,N621FB,2,1418,2025.5641748942172073,0,2,0,0
2025-03-12 05:00:00+00,N622FB,1,438,1879.7945205479452055,0,5,0,0
2025-03-12 06:00:00+00,N621FB,1,869,1959.3498273878020713,0,4,0,0
2025-03-12 06:00:00+00,N622FB,1,583,1873.9279588336192110,0,2,0,0
2025-03-12 07:00:00+00,N621FB,1,2,0.00000000000000000000,0,2,0,0
2025-03-12 07:00:00+00,N622FB,1,1333,1919.5986496624156039,1675,0,0,0
2025-03-12 08:00:00+00,N621FB,3,1117,1996.2175470008952551,0,4,0,0
2025-03-12 08:00:00+00,N622FB,1,172,1989.6802325581395349,0,4,0,0
2025-03-12 09:00:00+00,N621FB,1,521,2158.2533589251439539,0,3,0,0
2025-03-12 13:00:00+00,N624FB,1,188,1814.8936170212765957,0,3,0,0
2025-03-12 15:00:00+00,N624FB,1,160,1920.1562500000000000,0,1,0,0
2025-03-12 16:00:00+00,N624FB,1,1273,1725.4909662215239592,0,1,0,0
2025-03-12 22:00:00+00,N623FB,1,187,1837.8342245989304813,0,1,0,0
2025-03-12 23:00:00+00,N623FB,1,1516,1818.0244063324538259,1500,0,0,0
2025-03-13 00:00:00+00,N623FB,2,736,1745.2105978260869565,0,7,0,0
2025-03-13 01:00:00+00,N623FB,1,583,1879.6740994854202401,0,1,0,0
2025-03-13 02:00:00+00,N623FB,1,1447,1836.6447823082239115,1500,0,0,0
2025-03-13 03:00:00+00,N622FB,2,874,1686.1270022883295195,0,2,0,0
2025-03-13 03:00:00+00,N623FB,1,814,1594.8095823095823096,0,4,0,0
2025-03-13 04:00:00+00,N622FB,1,1608,1621.8750000000000000,1375,0,0,0
2025-03-13 05:00:00+00,N621FB,1,1172,1836.6040955631399317,0,1,0,0
2025-03-13 05:00:00+00,N622FB,1,211,1745.1421800947867299,0,5,0,0
2025-03-13 06:00:00+00,N621FB,1,841,1977.7348394768133175,0,3,0,0
2025-03-13 06:00:00+00,N622FB,2,543,1723.4806629834254144,0,2,0,0
2025-03-13 07:00:00+00,N621FB,1,1,0.00000000000000000000,0,1,0,0
2025-03-13 07:00:00+00,N622FB,1,1415,1802.3498233215547703,1350,0,0,0
2025-03-13 08:00:00+00,N621FB,2,1482,2024.1228070175438596,0,3,0,0
2025-03-13 08:00:00+00,N622FB,1,290,1883.1896551724137931,0,3,0,0
2025-03-13 09:00:00+00,N621FB,1,654,2142.4694189602446483,0,3,0,0
2025-03-13 15:00:00+00,N624FB,1,1127,1794.3433895297249335,0,1,0,0
2025-03-13 16:00:00+00,N624FB,1,1222,1719.7422258592471358,1500,0,0,0
2025-03-13 18:00:00+00,N624FB,1,643,1904.6656298600311042,0,1,0,0
2025-03-13 19:00:00+00,N624FB,1,712,2013.2373595505617978,0,2,0,0
2025-03-14 02:00:00+00,N623FB,1,1379,1892.6758520667150109,0,4,0,0
2025-03-14 03:00:00+00,N622FB,1,697,1988.3787661406025825,0,1,0,0
2025-03-14 03:00:00+00,N623FB,1,643,1947.9393468118195956,0,1,0,0
2025-03-14 04:00:00+00,N622FB,1,1348,1883.9391691394658754,1575,0,0,0
2025-03-14 05:00:00+00,N621FB,1,1397,1856.8897637795275591,0,1,0,0
2025-03-14 05:00:00+00,N622FB,1,237,1907.2784810126582278,0,2,0,0
2025-03-14 06:00:00+00,N621FB,1,975,1698.8205128205128205,0,4,0,0
2025-03-14 06:00:00+00,N622FB,2,597,1828.1407035175879397,0,1,0,0
2025-03-14 07:00:00+00,N622FB,1,1454,1837.7579092159559835,1500,0,0,0
2025-03-14 08:00:00+00,N621FB,1,1446,2005.6535269709543568,0,2,0,0
2025-03-14 08:00:00+00,N622FB,1,115,1874.1304347826086957,0,3,0,0
2025-03-14 09:00:00+00,N621FB,1,427,2071.2529274004683841,0,2,0,0
2025-03-14 15:00:00+00,N622FB,1,1012,1851.7045454545454545,0,2,0,0
2025-03-14 16:00:00+00,N622FB,1,79,1819.3037974683544304,1375,0,0,0
2025-03-14 18:00:00+00,N622FB,1,953,1724.5015739769150052,0,1,0,0
2025-03-14 19:00:00+00,N622FB,1,609,1699.4663382594417077,1375,0,0,0
2025-03-14 21:00:00+00,N621FB,1,1338,2240.7511210762331839,0,1,0,0
2025-03-14 22:00:00+00,N621FB,1,881,1993.8422247446083995,0,4,0,0
2025-03-15 02:00:00+00,N621FB,3,970,1855.3865979381443299,0,5,0,0
2025-03-15 03:00:00+00,N621FB,1,1143,1989.0638670166229221,0,1,0,0
2025-03-15 03:00:00+00,N624FB,2,718,2014.9373259052924791,0,2,0,0
2025-03-15 04:00:00+00,N624FB,1,1477,1981.0426540284360190,1625,0,0,0
2025-03-15 05:00:00+00,N621FB,1,1276,2003.5266457680250784,0,3,0,0
2025-03-15 05:00:00+00,N624FB,1,199,2011.3065326633165829,0,5,0,0
2025-03-15 06:00:00+00,N621FB,1,1109,2078.4490532010820559,0,2,0,0
2025-03-15 06:00:00+00,N624FB,1,579,1942.2711571675302245,1525,0,0,0
2025-03-15 07:00:00+00,N624FB,1,1637,2122.9688454489920586,1700,0,0,0
2025-03-15 08:00:00+00,N621FB,1,1304,2082.0935582822085890,0,4,0,0
2025-03-15 08:00:00+00,N624FB,1,325,1972.0000000000000000,0,3,0,0
2025-03-15 12:00:00+00,N622FB,2,418,1874.6411483253588517,0,2,0,0
2025-03-15 13:00:00+00,N622FB,1,471,1943.1528662420382166,0,4,0,0
2025-03-15 15:00:00+00,N622FB,2,552,1699.5018115942028986,0,1,0,0
2025-03-15 16:00:00+00,N622FB,1,1364,1722.5623167155425220,0,1,0,0
2025-03-15 17:00:00+00,N622FB,2,203,1766.0098522167487685,0,1,0,0
2025-03-15 23:00:00+00,N621FB,7,618,2022.2896440129449838,0,10,0,0
2025-03-16 00:00:00+00,N621FB,3,166,1770.3313253012048193,0,5,0,0
2025-03-16 01:00:00+00,N621FB,1,221,1994.7963800904977376,0,3,0,0
2025-03-16 02:00:00+00,N621FB,1,1368,1913.7061403508771930,1375,0,0,0
2025-03-16 03:00:00+00,N621FB,1,391,1839.0664961636828645,0,4,0,0
2025-03-16 03:00:00+00,N624FB,1,452,1682.2455752212389381,0,2,0,0
2025-03-16 04:00:00+00,N621FB,1,45,1715.5555555555555556,0,2,0,0
2025-03-16 04:00:00+00,N624FB,1,1461,1711.2936344969199179,1400,0,0,0
2025-03-16 05:00:00+00,N621FB,1,1501,1714.7068620919387075,1425,0,0,0
2025-03-16 05:00:00+00,N624FB,1,187,1615.3743315508021390,0,3,0,0
2025-03-16 06:00:00+00,N621FB,1,960,1812.3697916666666667,0,4,0,0
2025-03-16 06:00:00+00,N624FB,1,525,1745.2857142857142857,0,2,0,0
2025-03-16 07:00:00+00,N621FB,1,37,1623.6486486486486486,0,2,0,0
2025-03-16 07:00:00+00,N624FB,1,1475,1716.4237288135593220,1375,0,0,0
2025-03-16 08:00:00+00,N621FB,1,1340,1653.6380597014925373,1350,0,0,0
2025-03-16 08:00:00+00,N624FB,1,45,1500.0000000000000000,0,3,0,0
2025-03-16 09:00:00+00,N621FB,2,978,1802.3773006134969325,0,5,0,0
2025-03-16 17:00:00+00,N622FB,1,620,1824.5161290322580645,0,2,0,0
2025-03-16 18:00:00+00,N622FB,1,1045,1701.9138755980861244,0,3,0,0
2025-03-16 23:00:00+00,N623FB,1,1366,1704.0263543191800878,0,1,0,0
2025-03-17 00:00:00+00,N621FB,1,449,1927.6169265033407572,1300,0,0,0
2025-03-17 00:00:00+00,N623FB,1,680,1586.3602941176470588,0,5,0,0
2025-03-17 00:00:00+00,N624FB,2,452,1912.5000000000000000,0,2,0,0
2025-03-17 01:00:00+00,N621FB,1,777,2270.2380952380952381,0,2,0,0
2025-03-17 01:00:00+00,N624FB,1,799,2230.6946182728410513,0,2,0,0
2025-03-17 02:00:00+00,N623FB,1,1247,1730.5533279871692061,0,3,0,0
2025-03-17 03:00:00+00,N623FB,1,1058,1581.6398865784499055,0,3,0,0
2025-03-17 03:00:00+00,N624FB,2,711,1817.0182841068917018,0,1,0,0
2025-03-17 04:00:00+00,N624FB,1,1420,1701.0915492957746479,1425,0,0,0
2025-03-17 05:00:00+00,N621FB,1,1282,1854.1536661466458658,0,3,0,0
2025-03-17 05:00:00+00,N624FB,1,229,1721.7248908296943231,0,1,0,0
2025-03-17 06:00:00+00,N621FB,1,993,1867.5981873111782477,0,4,0,0
2025-03-17 06:00:00+00,N622FB,1,518,1926.1583011583011583,0,1,0,0
2025-03-17 07:00:00+00,N622FB,1,1555,1718.5530546623794212,1375,0,0,0
2025-03-17 08:00:00+00,N621FB,1,1284,2116.9976635514018692,0,3,0,0
2025-03-17 08:00:00+00,N622FB,1,193,1753.8860103626943005,0,2,0,0
2025-03-17 09:00:00+00,N621FB,1,425,2035.2941176470588235,0,3,0,0
2025-03-17 12:00:00+00,N624FB,3,473,1779.8097251585623679,0,2,0,0
2025-03-17 13:00:00+00,N624FB,1,511,2012.0841487279843444,0,2,0,0
2025-03-17 15:00:00+00,N623FB,1,1142,1741.0901926444833625,0,1,0,0
2025-03-17 16:00:00+00,N623FB,1,185,1852.1621621621621622,1350,0,0,0
2025-03-17 18:00:00+00,N623FB,1,160,1971.0937500000000000,0,1,0,0
2025-03-17 19:00:00+00,N623FB,1,1126,1888.4991119005328597,1375,0,0,0
2025-03-17 23:00:00+00,N622FB,1,1009,1886.9425173439048563,0,2,0,0
2025-03-17 23:00:00+00,N623FB,1,301,2002.4916943521594684,0,4,0,0
2025-03-18 00:00:00+00,N622FB,1,877,1954.9030786773090080,0,4,0,0
2025-03-18 02:00:00+00,N622FB,2,1405,1889.4483985765124555,0,3,0,0
2025-03-18 03:00:00+00,N621FB,1,693,1819.1197691197691198,0,2,0,0
2025-03-18 03:00:00+00,N622FB,1,1010,1936.2376237623762376,0,3,0,0
2025-03-18 04:00:00+00,N621FB,1,1308,1874.1016819571865443,0,3,0,0
2025-03-18 05:00:00+00,N622FB,1,1399,1859.5067905646890636,0,2,0,0
2025-03-18 06:00:00+00,N621FB,1,704,1905.8238636363636364,1600,0,0,0
2025-03-18 06:00:00+00,N622FB,1,841,1961.2366230677764566,0,4,0,0
2025-03-18 07:00:00+00,N621FB,1,1455,1802.7319587628865979,1550,0,0,0
2025-03-18 08:00:00+00,N621FB,1,91,1929.9450549450549451,0,1,0,0
2025-03-18 08:00:00+00,N622FB,2,1357,1995.8364038319823139,0,2,0,0
2025-03-18 09:00:00+00,N622FB,1,432,1975.2893518518518519,0,6,0,0
2025-03-18 15:00:00+00,N621FB,2,462,3419.9675324675324675,0,1,0,0
2025-03-18 16:00:00+00,N621FB,1,597,3337.1859296482412060,0,1,0,0
2025-03-18 17:00:00+00,N621FB,1,154,1949.0259740259740260,0,3,0,0
2025-03-18 23:00:00+00,N622FB,1,1244,1861.3143086816720257,0,2,0,0
2025-03-19 00:00:00+00,N622FB,1,1064,1851.6917293233082707,0,3,0,0
2025-03-19 02:00:00+00,N622FB,1,1265,1647.9051383399209486,0,1,0,0
2025-03-19 03:00:00+00,N622FB,1,946,1505.3911205073995772,0,5,0,0
2025-03-19 03:00:00+00,N623FB,1,627,1593.3811802232854864,0,2,0,0
2025-03-19 04:00:00+00,N623FB,1,1472,1593.3423913043478261,1275,0,0,0
2025-03-19 05:00:00+00,N622FB,1,1211,1786.2716763005780347,0,1,0,0
2025-03-19 05:00:00+00,N623FB,1,158,1729.5886075949367089,1250,0,0,0
2025-03-19 06:00:00+00,N622FB,1,830,1908.2530120481927711,0,2,0,0
2025-03-19 06:00:00+00,N623FB,1,681,1664.2437591776798825,0,1,0,0
2025-03-19 07:00:00+00,N623FB,1,1479,1721.9405003380662610,1375,0,0,0
2025-03-19 08:00:00+00,N622FB,1,1232,1874.4115259740259740,0,2,0,0
2025-03-19 08:00:00+00,N623FB,1,273,1578.2967032967032967,0,3,0,0
2025-03-19 09:00:00+00,N622FB,2,917,1686.8865866957470011,0,3,0,0
2025-03-19 10:00:00+00,N622FB,1,344,1583.1395348837209302,0,3,0,0
2025-03-19 14:00:00+00,N621FB,1,480,1444.3750000000000000,0,2,0,0
2025-03-19 15:00:00+00,N621FB,1,759,1439.3939393939393939,0,3,0,0
2025-03-19 23:00:00+00,N623FB,1,947,1687.3284054910242872,0,5,0,0
2025-03-20 00:00:00+00,N623FB,1,1137,1479.8372911169744943,1000,0,0,0
2025-03-20 01:00:00+00,N623FB,1,69,1523.5507246376811594,0,2,0,0
2025-03-20 02:00:00+00,N623FB,1,1234,1629.5988654781199352,0,1,0,0
2025-03-20 03:00:00+00,N622FB,1,630,1573.2539682539682540,0,1,0,0
2025-03-20 03:00:00+00,N623FB,1,863,1610.2259559675550406,0,4,0,0
2025-03-20 04:00:00+00,N622FB,2,1394,1561.8005738880918221,1125,0,0,0
2025-03-20 05:00:00+00,N622FB,1,167,1614.6706586826347305,0,3,0,0
2025-03-20 05:00:00+00,N624FB,1,1294,1633.0564142194744977,0,2,0,0
2025-03-20 06:00:00+00,N622FB,1,701,1686.3409415121255350,0,5,0,0
2025-03-20 06:00:00+00,N624FB,1,790,1711.8354430379746835,0,4,0,0
2025-03-20 07:00:00+00,N622FB,1,1311,1731.3119755911517925,1425,0,0,0
2025-03-20 08:00:00+00,N622FB,1,275,1621.1818181818181818,0,4,0,0
2025-03-20 08:00:00+00,N624FB,1,1299,1788.2794457274826790,0,2,0,0
2025-03-20 09:00:00+00,N624FB,1,530,1688.3962264150943396,0,3,0,0
2025-03-20 12:00:00+00,N621FB,2,517,1851.5473887814313346,0,2,0,0
2025-03-20 13:00:00+00,N621FB,1,670,1801.3805970149253731,0,4,0,0
2025-03-20 18:00:00+00,N621FB,1,938,1816.4179104477611940,0,2,0,0
2025-03-20 22:00:00+00,N623FB,1,5,0.00000000000000000000,0,5,0,0
2025-03-20 23:00:00+00,N623FB,1,89,1972.7528089887640449,1425,0,0,0
2025-03-21 01:00:00+00,N623FB,1,91,1854.9450549450549451,0,1,0,0
2025-03-21 02:00:00+00,N623FB,1,1281,1917.3692427790788447,1500,0,0,0
2025-03-21 03:00:00+00,N622FB,1,706,1692.3866855524079320,0,2,0,0
2025-03-21 03:00:00+00,N623FB,1,825,1917.9090909090909091,0,3,0,0
2025-03-21 04:00:00+00,N622FB,1,1382,1795.3328509406657019,1375,0,0,0
2025-03-21 05:00:00+00,N622FB,1,233,1662.1244635193133047,0,2,0,0
2025-03-21 05:00:00+00,N624FB,1,1385,1905.3249097472924188,0,1,0,0
2025-03-21 06:00:00+00,N622FB,1,720,2222.7430555555555556,0,2,0,0
2025-03-21 06:00:00+00,N624FB,1,1650,1949.8181818181818182,1700,0,0,0
2025-03-21 07:00:00+00,N622FB,1,1483,1944.6898179366149697,1625,0,0,0
2025-03-21 07:00:00+00,N624FB,1,182,1730.6318681318681319,0,4,0,0
2025-03-21 08:00:00+00,N622FB,1,146,1928.7671232876712329,0,3,0,0
2025-03-21 08:00:00+00,N624FB,1,1238,1870.1534733441033926,0,2,0,0
2025-03-21 09:00:00+00,N624FB,1,592,1805.7432432432432432,0,3,0,0
2025-03-21 12:00:00+00,N621FB,1,709,1814.3511988716502116,0,3,0,0
2025-03-21 13:00:00+00,N621FB,1,232,1855.7112068965517241,0,1,0,0
2025-03-21 14:00:00+00,N621FB,1,94,1728.7234042553191489,0,1,0,0
2025-03-21 15:00:00+00,N621FB,1,1556,1657.4389460154241645,1450,0,0,0
2025-03-21 16:00:00+00,N621FB,1,386,1937.5647668393782383,0,1,0,0
2025-03-21 18:00:00+00,N621FB,1,1121,1741.3024085637823372,0,2,0,0
2025-03-21 19:00:00+00,N621FB,1,280,1753.6607142857142857,0,2,0,0
2025-03-21 23:00:00+00,N623FB,2,1392,1861.5481321839080460,0,1,0,0
2025-03-22 00:00:00+00,N623FB,1,587,1963.6286201022146508,0,5,0,0
2025-03-22 02:00:00+00,N623FB,3,1252,1953.4544728434504792,0,4,0,0
2025-03-22 03:00:00+00,N622FB,1,687,1819.2503639010189229,0,1,0,0
2025-03-22 03:00:00+00,N623FB,1,817,1963.6474908200734394,0,3,0,0
2025-03-22 04:00:00+00,N622FB,1,1548,1632.8811369509043928,1375,0,0,0
2025-03-22 05:00:00+00,N622FB,1,221,1982.9185520361990950,0,4,0,0
2025-03-22 05:00:00+00,N624FB,2,1314,1882.5913242009132420,0,3,0,0
2025-03-22 06:00:00+00,N622FB,2,594,1968.8552188552188552,0,2,0,0
2025-03-22 06:00:00+00,N624FB,1,1106,1952.5994575045207957,0,3,0,0
2025-03-22 07:00:00+00,N622FB,1,1327,1774.3594574227581010,1400,0,0,0
2025-03-22 07:00:00+00,N624FB,1,2,0.00000000000000000000,0,2,0,0
2025-03-22 08:00:00+00,N622FB,1,113,1769.6902654867256637,0,4,0,0
2025-03-22 08:00:00+00,N624FB,2,1444,2893.4729916897506925,0,1,0,0
2025-03-22 09:00:00+00,N624FB,1,933,2106.2165058949624866,0,3,0,0
2025-03-22 12:00:00+00,N621FB,1,557,1837.7019748653500898,0,1,0,0
2025-03-22 13:00:00+00,N621FB,1,354,2049.2937853107344633,0,1,0,0
2025-03-22 17:00:00+00,N623FB,1,194,1733.2474226804123711,0,3,0,0
2025-03-22 18:00:00+00,N621FB,1,1069,1848.6903648269410664,0,3,0,0
2025-03-22 20:00:00+00,N623FB,1,58,2275.0000000000000000,1675,0,0,0
2025-03-22 21:00:00+00,N623FB,1,1049,1826.0009532888465205,1100,0,0,0
2025-03-22 22:00:00+00,N623FB,1,483,1871.8944099378881988,0,5,0,0
2025-03-23 00:00:00+00,N623FB,6,965,2081.1139896373056995,0,6,0,0
2025-03-23 01:00:00+00,N623FB,1,715,1799.3706293706293706,0,3,0,0
2025-03-23 03:00:00+00,N622FB,1,635,1998.8976377952755906,0,1,0,0
2025-03-23 04:00:00+00,N622FB,1,1345,2005.9479553903345725,1650,0,0,0
2025-03-23 05:00:00+00,N622FB,1,213,2206.4553990610328638,0,3,0,0
2025-03-23 05:00:00+00,N624FB,1,1508,2294.6949602122015915,0,1,0,0
2025-03-23 06:00:00+00,N624FB,1,1065,2383.8967136150234742,0,3,0,0
2025-03-23 08:00:00+00,N624FB,1,1247,2005.6134723336006415,0,2,0,0
2025-03-23 09:00:00+00,N624FB,1,1573,1891.3541004450095359,1600,0,0,0
2025-03-23 10:00:00+00,N624FB,1,400,2045.7500000000000000,0,4,0,0
2025-03-23 15:00:00+00,N621FB,1,556,1771.5827338129496403,0,1,0,0
2025-03-23 16:00:00+00,N621FB,1,941,1872.3698193411264612,0,4,0,0
2025-03-23 18:00:00+00,N621FB,1,874,1816.2185354691075515,0,1,0,0
2025-03-23 19:00:00+00,N621FB,1,1549,1728.9218850871530019,1525,0,0,0
2025-03-23 20:00:00+00,N621FB,1,79,1682.5949367088607595,0,4,0,0
2025-03-23 22:00:00+00,N624FB,2,308,1610.3084415584415584,0,3,0,0
2025-03-23 23:00:00+00,N624FB,1,1467,1620.0068166325835037,1425,0,0,0
2025-03-24 00:00:00+00,N624FB,1,1251,1610.6514788169464428,1350,0,0,0
2025-03-24 02:00:00+00,N624FB,1,831,1714.7111913357400722,0,2,0,0
2025-03-24 03:00:00+00,N623FB,1,692,1878.4320809248554913,0,1,0,0
2025-03-24 03:00:00+00,N624FB,1,1136,1786.3776408450704225,0,1,0,0
2025-03-24 04:00:00+00,N623FB,1,1535,1855.6188925081433225,1525,0,0,0
2025-03-24 04:00:00+00,N624FB,1,1,0.00000000000000000000,0,1,0,0
2025-03-24 05:00:00+00,N623FB,1,83,1760.2409638554216867,0,2,0,0
2025-03-24 05:00:00+00,N624FB,1,1400,1924.6071428571428571,0,4,0,0
2025-03-24 06:00:00+00,N623FB,1,636,1808.2940251572327044,1425,0,0,0
2025-03-24 06:00:00+00,N624FB,1,838,2059.4570405727923628,0,3,0,0
2025-03-24 07:00:00+00,N623FB,1,1544,1770.6930051813471503,1575,0,0,0
2025-03-24 08:00:00+00,N623FB,1,249,2142.6706827309236948,0,1,0,0
2025-03-24 08:00:00+00,N624FB,1,1299,1841.7244033872209392,0,2,0,0
2025-03-24 09:00:00+00,N624FB,1,482,2200.2593360995850622,0,3,0,0
2025-03-24 10:00:00+00,N624FB,1,108,1926.8518518518518519,0,4,0,0
2025-03-25 02:00:00+00,N624FB,2,1261,1787.1134020618556701,0,2,0,0
2025-03-25 03:00:00+00,N623FB,1,723,1689.5228215767634855,0,3,0,0
2025-03-25 03:00:00+00,N624FB,1,800,1811.2187500000000000,0,5,0,0
2025-03-25 04:00:00+00,N623FB,1,1440,1792.3437500000000000,1550,0,0,0
2025-03-25 05:00:00+00,N623FB,1,192,1839.3229166666666667,0,1,0,0
2025-03-25 05:00:00+00,N624FB,1,1360,1951.8933823529411765,0,1,0,0
2025-03-25 06:00:00+00,N623FB,1,735,1836.9387755102040816,1500,0,0,0
2025-03-25 06:00:00+00,N624FB,1,644,1879.8136645962732919,0,4,0,0
2025-03-25 07:00:00+00,N623FB,1,903,1751.7441860465116279,0,2,0,0
2025-03-25 10:00:00+00,N624FB,2,1160,2283.2327586206896552,0,6,0,0
2025-03-25 11:00:00+00,N624FB,1,100,2167.7500000000000000,0,2,0,0
2025-03-25 17:00:00+00,N621FB,1,580,1760.3879310344827586,1375,0,0,0
2025-03-25 18:00:00+00,N621FB,1,923,1797.1560130010834236,0,3,0,0
2025-03-25 23:00:00+00,N624FB,1,1264,1817.8995253164556962,1575,0,0,0
2025-03-26 00:00:00+00,N624FB,1,1254,1869.8365231259968102,0,1,0,0
2025-03-26 02:00:00+00,N624FB,1,1079,2012.0713623725671918,0,2,0,0
2025-03-26 03:00:00+00,N623FB,1,580,1756.9827586206896552,0,1,0,0
2025-03-26 03:00:00+00,N624FB,1,1035,1975.4106280193236715,0,5,0,0
2025-03-26 04:00:00+00,N623FB,1,1513,1872.1744877726371447,1600,0,0,0
2025-03-26 04:00:00+00,N624FB,1,2,0.00000000000000000000,0,2,0,0
2025-03-26 05:00:00+00,N623FB,1,92,1920.9239130434782609,0,3,0,0
2025-03-26 05:00:00+00,N624FB,1,1296,2083.7962962962962963,0,3,0,0
2025-03-26 06:00:00+00,N623FB,1,587,2011.5417376490630324,0,1,0,0
2025-03-26 06:00:00+00,N624FB,1,673,2107.3179791976225854,0,3,0,0
2025-03-26 07:00:00+00,N623FB,1,1382,2005.2821997105643994,0,2,0,0
2025-03-26 17:00:00+00,N621FB,2,133,1949.6240601503759398,0,2,0,0
2025-03-26 18:00:00+00,N621FB,2,1258,1922.3966613672496025,0,8,0,0
2025-03-26 23:00:00+00,N624FB,1,127,2012.2047244094488189,0,3,0,0
2025-03-27 02:00:00+00,N624FB,1,1389,1781.4074874010079194,0,4,0,0
2025-03-27 03:00:00+00,N624FB,1,1070,1847.1728971962616822,0,5,0,0
2025-03-27 05:00:00+00,N624FB,1,1293,1993.1554524361948956,0,2,0,0
2025-03-27 06:00:00+00,N624FB,1,858,2004.1666666666666667,0,4,0,0
2025-03-27 08:00:00+00,N624FB,1,1148,2151.2412891986062718,1500,0,0,0
2025-03-27 09:00:00+00,N624FB,1,1422,1950.0175808720112518,1600,0,0,0
2025-03-27 10:00:00+00,N624FB,1,11,1120.4545454545454545,0,3,0,0
2025-03-27 23:00:00+00,N624FB,1,1204,1969.2068106312292359,0,3,0,0
2025-03-28 00:00:00+00,N624FB,1,833,2261.9747899159663866,0,3,0,0
2025-03-28 01:00:00+00,N624FB,1,83,1975.6024096385542169,0,3,0,0
2025-03-28 02:00:00+00,N624FB,2,1508,1974.1213527851458886,1675,0,0,0
2025-03-28 03:00:00+00,N623FB,1,732,1823.3265027322404372,0,2,0,0
2025-03-28 03:00:00+00,N624FB,1,883,2020.7248018120045300,0,4,0,0
2025-03-28 04:00:00+00,N623FB,1,1527,2106.1886051080550098,0,1,0,0
2025-03-28 05:00:00+00,N623FB,1,89,1862.6404494382022472,0,4,0,0
2025-03-28 05:00:00+00,N624FB,2,1085,1956.6589861751152074,0,3,0,0
2025-03-28 06:00:00+00,N623FB,1,725,1983.8965517241379310,0,1,0,0
2025-03-28 06:00:00+00,N624FB,1,1258,1923.7480127186009539,0,3,0,0
2025-03-28 07:00:00+00,N623FB,1,1263,1947.7038796516231196,0,4,0,0
2025-03-28 11:00:00+00,N624FB,1,855,2160.7894736842105263,0,2,0,0
2025-03-28 12:00:00+00,N624FB,1,210,2033.3333333333333333,0,4,0,0
2025-03-28 18:00:00+00,N621FB,1,1231,1913.8302193338748985,0,2,0,0
2025-03-28 20:00:00+00,N624FB,2,1187,2196.6090985678180286,0,4,0,0
2025-03-28 21:00:00+00,N624FB,1,78,1982.6923076923076923,0,1,0,0
2025-03-29 01:00:00+00,N624FB,1,444,2313.0067567567567568,0,4,0,0
2025-03-29 02:00:00+00,N624FB,1,1320,2016.0795454545454545,1675,0,0,0
2025-03-29 03:00:00+00,N623FB,1,613,1955.0570962479608483,0,2,0,0
2025-03-29 03:00:00+00,N624FB,1,426,2136.7957746478873239,0,1,0,0
2025-03-29 04:00:00+00,N623FB,1,1546,1941.4133247089262613,1750,0,0,0
2025-03-29 05:00:00+00,N623FB,1,173,1881.2138728323699422,1575,0,0,0
2025-03-29 05:00:00+00,N624FB,1,720,1993.7847222222222222,0,3,0,0
2025-03-29 06:00:00+00,N623FB,1,91,2005.2197802197802198,0,1,0,0
2025-03-29 06:00:00+00,N624FB,1,1460,1899.7773972602739726,1575,0,0,0
2025-03-29 07:00:00+00,N623FB,1,1326,1996.3989441930618401,1775,0,0,0
2025-03-29 07:00:00+00,N624FB,1,48,1746.8750000000000000,0,3,0,0
2025-03-29 08:00:00+00,N623FB,1,310,1900.2419354838709677,0,3,0,0
2025-03-29 09:00:00+00,N624FB,1,334,2195.1347305389221557,0,2,0,0
2025-03-29 10:00:00+00,N624FB,1,1444,2234.0373961218836565,0,3,0,0
2025-03-29 23:00:00+00,N624FB,2,1193,2092.9798826487845767,0,8,0,0
2025-03-30 00:00:00+00,N624FB,1,786,2099.0776081424936387,0,4,0,0
2025-03-30 02:00:00+00,N624FB,1,1265,2092.1146245059288538,0,3,0,0
2025-03-30 03:00:00+00,N624FB,1,887,2066.9109357384441939,0,4,0,0
2025-03-30 05:00:00+00,N624FB,1,1388,1874.5677233429394813,0,1,0,0
2025-03-30 06:00:00+00,N624FB,1,1322,2038.5590015128593041,0,5,0,0
2025-03-30 18:00:00+00,N621FB,2,450,2034.4444444444444444,0,1,0,0
2025-03-30 19:00:00+00,N621FB,1,1021,1831.9294809010773751,1450,0,0,0
2025-03-30 23:00:00+00,N624FB,1,1166,1892.3885077186963979,0,1,0,0
2025-03-31 00:00:00+00,N624FB,1,781,1973.4635083226632522,0,5,0,0
2025-03-31 02:00:00+00,N624FB,1,1135,1799.4493392070484581,0,2,0,0
2025-03-31 03:00:00+00,N624FB,1,799,1755.1314142678347935,0,5,0,0
2025-03-31 04:00:00+00,N624FB,1,1,0.00000000000000000000,0,1,0,0
2025-03-31 05:00:00+00,N624FB,1,1358,1904.6207658321060383,0,3,0,0
2025-03-31 06:00:00+00,N624FB,1,831,2171.8110709987966306,0,5,0,0
2025-03-31 10:00:00+00,N624FB,1,150,2189.3333333333333333,0,3,0,0
2025-03-31 11:00:00+00,N624FB,1,887,2855.0450958286358512,0,4,0,0
2025-03-31 18:00:00+00,N621FB,1,1280,1750.7617187500000000,0,1,0,0
2025-03-31 19:00:00+00,N621FB,1,215,1822.6744186046511628,1400,0,0,0
2025-03-31 23:00:00+00,N624FB,1,1126,1799.1119005328596803,0,4,0,0
2025-04-01 00:00:00+00,N624FB,1,705,1845.1418439716312057,0,4,0,0
2025-04-01 02:00:00+00,N624FB,1,1395,1957.2580645161290323,0,2,0,0
2025-04-01 03:00:00+00,N623FB,1,724,1914.6063535911602210,0,1,0,0
2025-04-01 03:00:00+00,N624FB,1,1014,1869.4773175542406312,0,5,0,0
2025-04-01 04:00:00+00,N623FB,1,1650,1918.6212121212121212,1625,0,0,0
2025-04-01 05:00:00+00,N623FB,1,618,1898.8268608414239482,0,1,0,0
2025-04-01 05:00:00+00,N624FB,1,1313,2075.6092916984006093,0,1,0,0
2025-04-01 06:00:00+00,N623FB,1,685,1905.2554744525547445,0,2,0,0
2025-04-01 06:00:00+00,N624FB,1,883,1937.3725934314835787,0,1,0,0
2025-04-01 07:00:00+00,N623FB,1,1578,1987.6742712294043093,1700,0,0,0
2025-04-01 08:00:00+00,N623FB,2,545,2030.7798165137614679,0,2,0,0
2025-04-01 09:00:00+00,N623FB,1,686,2324.3075801749271137,0,1,0,0
2025-04-01 18:00:00+00,N621FB,1,200,1889.2500000000000000,0,1,0,0
2025-04-01 19:00:00+00,N621FB,1,1034,2073.2350096711798839,1475,0,0,0
2025-04-01 20:00:00+00,N621FB,1,877,2129.5039908779931585,1675,0,0,0
2025-04-01 23:00:00+00,N624FB,1,482,2139.6784232365145228,0,2,0,0
2025-04-02 00:00:00+00,N624FB,1,833,2080.8223289315726291,0,1,0,0
2025-04-02 02:00:00+00,N624FB,1,1066,1989.7279549718574109,0,4,0,0
2025-04-02 03:00:00+00,N624FB,1,730,1941.5068493150684932,0,3,0,0
2025-04-02 05:00:00+00,N624FB,1,1176,2171.4710884353741497,0,4,0,0
2025-04-02 06:00:00+00,N624FB,1,776,2482.6675257731958763,0,2,0,0
2025-04-02 08:00:00+00,N624FB,1,1268,2379.8895899053627760,1700,0,0,0
2025-04-02 09:00:00+00,N624FB,1,1329,2414.5410082768999248,0,5,0,0
2025-04-02 17:00:00+00,N621FB,1,519,1948.9402697495183044,0,2,0,0
2025-04-02 18:00:00+00,N621FB,1,830,1959.3072289156626506,0,1,0,0
2025-04-02 22:00:00+00,N624FB,1,141,1996.8085106382978723,0,1,0,0
2025-04-02 23:00:00+00,N624FB,1,1470,1977.6020408163265306,1650,0,0,0
2025-04-03 00:00:00+00,N624FB,1,274,2070.2554744525547445,0,3,0,0
2025-04-03 01:00:00+00,N624FB,1,12,1437.5000000000000000,0,2,0,0
2025-04-03 02:00:00+00,N624FB,1,1380,2097.4818840579710145,1750,0,0,0
2025-04-03 03:00:00+00,N623FB,1,578,1978.5899653979238754,0,1,0,0
2025-04-03 03:00:00+00,N624FB,1,911,2181.0098792535675082,0,4,0,0
2025-04-03 04:00:00+00,N623FB,1,1451,1986.9745003445899380,1750,0,0,0
2025-04-03 05:00:00+00,N623FB,1,37,1749.3243243243243243,0,2,0,0
2025-04-03 05:00:00+00,N624FB,2,823,2036.8772782503037667,0,1,0,0
2025-04-03 06:00:00+00,N623FB,2,756,1870.7671957671957672,0,1,0,0
2025-04-03 06:00:00+00,N624FB,1,844,2130.0651658767772512,0,5,0,0
2025-04-03 07:00:00+00,N623FB,1,1592,2002.5125628140703518,1650,0,0,0
2025-04-03 08:00:00+00,N623FB,1,1013,2036.1056268509378085,0,4,0,0
2025-04-03 15:00:00+00,N625FB,4,510,1993.9705882352941176,0,9,0,0
2025-04-03 16:00:00+00,N625FB,1,500,2250.1500000000000000,0,2,0,0
2025-04-03 17:00:00+00,N621FB,1,1,0.00000000000000000000,0,1,0,0
2025-04-03 18:00:00+00,N621FB,1,1461,1838.9972621492128679,0,1,0,0
2025-04-03 22:00:00+00,N624FB,1,444,2118.3558558558558559,0,3,0,0
2025-04-03 23:00:00+00,N624FB,1,954,2030.5817610062893082,0,3,0,0
2025-04-04 02:00:00+00,N624FB,1,1492,2044.6883378016085791,0,1,0,0
2025-04-04 03:00:00+00,N623FB,1,609,1969.2528735632183908,0,1,0,0
2025-04-04 03:00:00+00,N624FB,1,828,2103.3514492753623188,0,2,0,0
2025-04-04 04:00:00+00,N623FB,1,1308,1788.4747706422018349,1550,0,0,0
2025-04-04 05:00:00+00,N623FB,1,126,1882.9365079365079365,0,2,0,0
2025-04-04 05:00:00+00,N624FB,1,1269,1927.5216706067769898,0,1,0,0
2025-04-04 06:00:00+00,N623FB,1,750,1907.9666666666666667,0,1,0,0
2025-04-04 06:00:00+00,N624FB,1,739,2073.6129905277401894,0,3,0,0
2025-04-04 07:00:00+00,N623FB,1,1484,1794.8787061994609164,1600,0,0,0
2025-04-04 07:00:00+00,N624FB,1,3,0.00000000000000000000,0,3,0,0
2025-04-04 08:00:00+00,N623FB,1,349,1736.7478510028653295,0,4,0,0
2025-04-04 08:00:00+00,N624FB,1,1292,1970.0657894736842105,1500,0,0,0
2025-04-04 09:00:00+00,N624FB,2,406,2223.4605911330049261,0,6,0,0
2025-04-04 17:00:00+00,N621FB,1,111,1940.3153153153153153,0,1,0,0
2025-04-04 17:00:00+00,N623FB,4,570,1718.3771929824561404,0,8,0,0
2025-04-04 18:00:00+00,N621FB,2,1229,1812.0626525630593979,0,2,0,0
2025-04-04 22:00:00+00,N624FB,1,476,2423.8445378151260504,0,2,0,0
2025-04-04 23:00:00+00,N624FB,1,1356,2010.6563421828908555,1400,0,0,0
2025-04-05 00:00:00+00,N624FB,1,6,500.0000000000000000,0,4,0,0
2025-04-05 01:00:00+00,N624FB,2,162,1970.3703703703703704,1425,0,0,0
2025-04-05 02:00:00+00,N624FB,1,1551,1754.8033526756931012,1475,0,0,0
2025-04-05 03:00:00+00,N624FB,1,1236,1831.4724919093851133,0,4,0,0
2025-04-05 03:00:00+00,N625FB,1,650,1742.1923076923076923,0,2,0,0
2025-04-05 04:00:00+00,N625FB,1,1443,1894.1787941787941788,0,3,0,0
2025-04-05 05:00:00+00,N624FB,1,1355,1813.0811808118081181,0,1,0,0
2025-04-05 05:00:00+00,N625FB,1,3,0.00000000000000000000,0,3,0,0
2025-04-05 06:00:00+00,N624FB,1,682,1773.7536656891495601,0,4,0,0
2025-04-05 06:00:00+00,N625FB,1,701,1745.9700427960057061,1400,0,0,0
2025-04-05 07:00:00+00,N624FB,1,57,1708.7719298245614035,0,2,0,0
2025-04-05 07:00:00+00,N625FB,1,1305,1847.9118773946360153,1425,0,0,0
2025-04-05 08:00:00+00,N624FB,1,1477,1793.2633716993906567,1425,0,0,0
2025-04-05 08:00:00+00,N625FB,1,412,1829.0048543689320388,0,4,0,0
2025-04-05 09:00:00+00,N624FB,1,1621,1942.7205428747686613,1500,0,0,0
2025-04-05 10:00:00+00,N624FB,1,596,1856.8791946308724832,1400,0,0,0
2025-04-05 15:00:00+00,N621FB,2,1103,1816.1831368993653672,0,1,0,0
2025-04-05 18:00:00+00,N621FB,1,998,1533.8927855711422846,0,2,0,0
2025-04-05 22:00:00+00,N624FB,1,37,1923.6486486486486486,1500,0,0,0
2025-04-05 23:00:00+00,N624FB,4,1201,1797.1065778517901749,0,2,0,0
2025-04-06 00:00:00+00,N624FB,2,491,1715.3767820773930754,0,2,0,0
2025-04-06 02:00:00+00,N624FB,1,1340,1838.8059701492537313,0,2,0,0
2025-04-06 03:00:00+00,N624FB,1,781,1851.1523687580025608,0,4,0,0
2025-04-06 03:00:00+00,N625FB,1,694,1752.7017291066282421,0,1,0,0
2025-04-06 04:00:00+00,N625FB,1,1176,1708.9923469387755102,1375,0,0,0
2025-04-06 05:00:00+00,N624FB,1,1411,2056.6442239546420978,0,2,0,0
2025-04-06 05:00:00+00,N625FB,1,839,1506.0786650774731824,0,5,0,0
2025-04-06 06:00:00+00,N624FB,1,945,1851.5873015873015873,0,2,0,0
2025-04-06 06:00:00+00,N625FB,1,739,1839.5128552097428958,0,3,0,0
2025-04-06 07:00:00+00,N624FB,1,1,0.00000000000000000000,0,1,0,0
2025-04-06 07:00:00+00,N625FB,2,1192,1696.6023489932885906,1250,0,0,0
2025-04-06 08:00:00+00,N624FB,1,1417,1849.8588567395906845,0,1,0,0
2025-04-06 09:00:00+00,N624FB,1,1465,1816.9624573378839590,1450,0,0,0
2025-04-06 10:00:00+00,N624FB,1,71,1656.6901408450704225,0,3,0,0
2025-04-06 15:00:00+00,N625FB,1,59,1608.8983050847457627,0,1,0,0
2025-04-06 16:00:00+00,N625FB,1,1279,1512.7443315089913995,925,0,0,0
2025-04-06 19:00:00+00,N625FB,1,568,1587.7640845070422535,1225,0,0,0
2025-04-06 20:00:00+00,N625FB,1,799,1657.0400500625782228,1300,0,0,0
2025-04-06 23:00:00+00,N624FB,1,1159,1775.4961173425366695,1275,0,0,0
2025-04-07 00:00:00+00,N624FB,1,1345,1571.8215613382899628,0,4,0,0
2025-04-07 02:00:00+00,N624FB,1,1098,1821.6074681238615665,0,2,0,0
2025-04-07 03:00:00+00,N623FB,1,508,1588.6811023622047244,0,2,0,0
2025-04-07 03:00:00+00,N624FB,1,1156,1652.9195501730103806,0,5,0,0
2025-04-07 04:00:00+00,N623FB,1,1108,1548.1723826714801444,1400,0,0,0
2025-04-07 05:00:00+00,N623FB,1,226,1760.7300884955752212,1325,0,0,0
2025-04-07 06:00:00+00,N623FB,1,747,1695.9839357429718876,1350,0,0,0
2025-04-07 07:00:00+00,N623FB,1,1463,1643.3868762816131237,1350,0,0,0
2025-04-07 08:00:00+00,N623FB,1,256,1671.5820312500000000,1325,0,0,0
2025-04-07 15:00:00+00,N621FB,1,471,1953.2377919320594480,0,1,0,0
2025-04-07 16:00:00+00,N621FB,2,796,1682.4120603015075377,0,4,0,0
2025-04-07 19:00:00+00,N621FB,1,1209,1809.7601323407775021,0,1,0,0
2025-04-07 20:00:00+00,N621FB,1,416,1921.2740384615384615,0,3,0,0
2025-04-07 23:00:00+00,N623FB,1,892,1826.9618834080717489,0,2,0,0
2025-04-08 00:00:00+00,N623FB,2,1043,1732.4544582933844679,0,3,0,0
2025-04-08 02:00:00+00,N623FB,2,1073,1828.4016775396085741,0,3,0,0
2025-04-08 03:00:00+00,N623FB,1,851,1786.9565217391304348,1425,0,0,0
2025-04-08 05:00:00+00,N625FB,1,1535,2164.5114006514657980,1425,0,0,0
2025-04-08 06:00:00+00,N625FB,2,1203,2163.7157107231920200,0,5,0,0
2025-04-08 08:00:00+00,N625FB,1,1319,1710.5761940864291130,0,3,0,0
2025-04-08 09:00:00+00,N625FB,1,1467,1646.8813905930470348,1475,0,0,0
2025-04-08 10:00:00+00,N625FB,1,634,1749.7239747634069401,0,6,0,0
2025-04-08 15:00:00+00,N623FB,1,514,1557.3929961089494163,0,1,0,0
2025-04-08 16:00:00+00,N623FB,2,821,1558.6479902557856273,1350,0,0,0
2025-04-08 19:00:00+00,N623FB,1,1225,1703.1428571428571429,1375,0,0,0
2025-04-08 20:00:00+00,N623FB,1,69,1743.8405797101449275,1400,0,0,0
2025-04-08 23:00:00+00,N625FB,1,1186,1717.8962900505902192,0,1,0,0
2025-04-09 00:00:00+00,N625FB,2,863,1883.5747392815758980,0,5,0,0
2025-04-09 02:00:00+00,N625FB,1,1127,1942.4356699201419698,0,3,0,0
2025-04-09 03:00:00+00,N625FB,2,980,1715.3061224489795918,0,4,0,0
2025-04-09 05:00:00+00,N625FB,1,1209,1892.7832919768403639,0,3,0,0
2025-04-09 06:00:00+00,N625FB,1,1317,1766.5717539863325740,1425,0,0,0
2025-04-09 07:00:00+00,N625FB,1,15,1843.3333333333333333,1425,0,0,0
2025-04-09 08:00:00+00,N625FB,1,1371,1996.5536105032822757,1325,0,0,0
2025-04-09 09:00:00+00,N625FB,1,653,1990.2756508422664625,0,4,0,0
2025-04-09 16:00:00+00,N623FB,1,2,650.0000000000000000,0,1,0,0
2025-04-09 18:00:00+00,N623FB,2,1448,1674.4820441988950276,0,1,0,0
2025-04-09 19:00:00+00,N623FB,1,304,1790.1315789473684211,1325,0,0,0
2025-04-10 02:00:00+00,N624FB,1,1170,1692.8846153846153846,1500,0,0,0
2025-04-10 03:00:00+00,N623FB,1,576,1771.0069444444444444,0,1,0,0
2025-04-10 03:00:00+00,N624FB,1,1005,1671.1442786069651741,0,5,0,0
2025-04-10 04:00:00+00,N623FB,1,1380,1727.9710144927536232,1450,0,0,0
2025-04-10 05:00:00+00,N623FB,2,185,1799.5945945945945946,0,4,0,0
2025-04-10 05:00:00+00,N624FB,1,1442,1708.8245492371705964,0,2,0,0
2025-04-10 06:00:00+00,N623FB,1,668,1724.4386227544910180,0,3,0,0
2025-04-10 06:00:00+00,N624FB,1,1225,1728.7346938775510204,0,5,0,0
2025-04-10 07:00:00+00,N623FB,1,1175,1566.1914893617021277,1275,0,0,0
2025-04-10 08:00:00+00,N623FB,1,188,1708.2446808510638298,0,7,0,0
2025-04-10 08:00:00+00,N624FB,1,1111,1778.8253825382538254,0,2,0,0
2025-04-10 09:00:00+00,N624FB,1,100,1805.5000000000000000,0,4,0,0
2025-04-10 12:00:00+00,N624FB,1,725,1747.6551724137931034,0,1,0,0
2025-04-10 15:00:00+00,N625FB,2,462,1765.3138528138528139,0,3,0,0
2025-04-10 16:00:00+00,N625FB,4,316,1588.7658227848101266,0,3,0,0
2025-04-10 17:00:00+00,N623FB,1,1060,1391.4386792452830189,1150,0,0,0
2025-04-10 17:00:00+00,N625FB,1,682,1719.0982404692082111,1250,0,0,0
2025-04-10 18:00:00+00,N623FB,1,1237,1365.4001616814874697,1200,0,0,0
2025-04-10 18:00:00+00,N625FB,1,28,1498.2142857142857143,1275,0,0,0
2025-04-10 22:00:00+00,N622FB,1,67,1745.8955223880597015,0,2,0,0
2025-04-10 23:00:00+00,N622FB,1,1403,1750.3563791874554526,1450,0,0,0
2025-04-11 00:00:00+00,N622FB,2,576,1747.0052083333333333,0,2,0,0
2025-04-11 01:00:00+00,N622FB,1,196,1736.8622448979591837,0,1,0,0
2025-04-11 02:00:00+00,N622FB,1,1368,1843.9692982456140351,0,1,0,0
2025-04-11 03:00:00+00,N622FB,2,870,1930.5747126436781609,0,3,0,0
2025-04-11 03:00:00+00,N625FB,1,626,1859.7843450479233227,0,2,0,0
2025-04-11 04:00:00+00,N625FB,1,1535,1911.3192182410423453,1575,0,0,0
2025-04-11 05:00:00+00,N622FB,1,1258,1876.5103338632750397,1375,0,0,0
2025-04-11 05:00:00+00,N625FB,1,302,1810.1821192052980132,0,5,0,0
2025-04-11 06:00:00+00,N622FB,1,820,1697.4695121951219512,1350,0,0,0
2025-04-11 06:00:00+00,N625FB,1,634,1794.6766561514195584,0,2,0,0
2025-04-11 07:00:00+00,N625FB,1,1398,1785.9799713876967096,1525,0,0,0
2025-04-11 08:00:00+00,N622FB,1,1360,1706.3786764705882353,0,1,0,0
2025-04-11 08:00:00+00,N625FB,2,111,2154.7297297297297297,0,10,0,0
2025-04-11 09:00:00+00,N622FB,1,687,1633.5880640465793304,1400,0,0,0
2025-04-11 14:00:00+00,N623FB,1,46,1695.1086956521739130,0,2,0,0
2025-04-11 15:00:00+00,N623FB,2,1082,1829.7597042513863216,0,1,0,0
2025-04-11 18:00:00+00,N623FB,1,1067,1718.3458294283036551,0,1,0,0
2025-04-11 23:00:00+00,N622FB,1,1222,1805.4418985270049100,0,1,0,0
2025-04-12 00:00:00+00,N622FB,1,910,1798.8736263736263736,0,5,0,0
2025-04-12 02:00:00+00,N622FB,1,1025,1810.1707317073170732,0,1,0,0
2025-04-12 03:00:00+00,N622FB,1,1135,1699.1850220264317181,0,4,0,0
2025-04-12 03:00:00+00,N624FB,1,608,1908.2236842105263158,0,2,0,0
2025-04-12 04:00:00+00,N624FB,1,1299,2015.5311778290993072,1600,0,0,0
2025-04-12 05:00:00+00,N622FB,1,1398,1797.1745350500715308,0,4,0,0
2025-04-12 05:00:00+00,N624FB,1,145,1875.1724137931034483,0,5,0,0
2025-04-12 06:00:00+00,N622FB,1,848,1786.6450471698113208,0,4,0,0
2025-04-12 06:00:00+00,N624FB,1,736,2045.3125000000000000,0,2,0,0
2025-04-12 07:00:00+00,N624FB,1,1446,1970.7987551867219917,1475,0,0,0
2025-04-12 08:00:00+00,N622FB,1,1293,1790.1972157772621810,0,1,0,0
2025-04-12 08:00:00+00,N624FB,1,202,1873.2673267326732673,0,3,0,0
2025-04-12 09:00:00+00,N622FB,1,587,1866.7376490630323680,0,4,0,0
2025-04-12 13:00:00+00,N625FB,1,44,1767.0454545454545455,0,2,0,0
2025-04-12 14:00:00+00,N625FB,1,1229,1896.6029292107404394,0,1,0,0
2025-04-12 17:00:00+00,N625FB,1,401,1810.1620947630922693,1450,0,0,0
2025-04-12 18:00:00+00,N625FB,1,224,1966.2946428571428571,1575,0,0,0
2025-04-12 19:00:00+00,N625FB,1,151,1884.2715231788079470,1475,0,0,0
2025-04-12 23:00:00+00,N624FB,1,1003,2119.6410767696909272,0,2,0,0
2025-04-13 00:00:00+00,N624FB,1,1034,1955.4883945841392650,0,4,0,0
2025-04-13 01:00:00+00,N625FB,1,212,2068.0424528301886792,1650,0,0,0
2025-04-13 02:00:00+00,N624FB,1,1253,1975.4788507581803671,0,1,0,0
2025-04-13 02:00:00+00,N625FB,1,1231,2012.6523151909017059,0,2,0,0
2025-04-13 03:00:00+00,N622FB,1,677,1894.3870014771048744,0,1,0,0
2025-04-13 03:00:00+00,N624FB,1,766,1897.4869451697127937,0,4,0,0
2025-04-13 04:00:00+00,N622FB,1,1431,1924.0216631726065688,1475,0,0,0
2025-04-13 05:00:00+00,N622FB,1,171,1929.0935672514619883,0,2,0,0
2025-04-13 05:00:00+00,N624FB,1,1320,1981.7424242424242424,0,2,0,0
2025-04-13 06:00:00+00,N622FB,1,588,1889.4557823129251701,0,3,0,0
2025-04-13 06:00:00+00,N624FB,1,794,1992.5377833753148615,0,3,0,0
2025-04-13 07:00:00+00,N622FB,1,1471,1871.8388851121685928,1550,0,0,0
2025-04-13 08:00:00+00,N622FB,1,478,1902.5104602510460251,0,5,0,0
2025-04-13 08:00:00+00,N624FB,1,1246,1897.2913322632423756,0,1,0,0
2025-04-13 09:00:00+00,N624FB,1,743,1935.0942126514131898,0,3,0,0
2025-04-13 15:00:00+00,N625FB,1,1300,1794.6730769230769231,0,2,0,0
2025-04-13 16:00:00+00,N625FB,1,25,1463.0000000000000000,0,3,0,0
2025-04-13 18:00:00+00,N625FB,1,398,1930.5904522613065327,0,1,0,0
2025-04-13 19:00:00+00,N625FB,1,844,1996.6528436018957346,0,3,0,0
2025-04-13 23:00:00+00,N623FB,1,737,1971.5400271370420624,0,2,0,0
2025-04-14 00:00:00+00,N623FB,1,1288,1891.1102484472049689,0,4,0,0
2025-04-14 02:00:00+00,N623FB,1,1316,1839.4186930091185410,0,3,0,0
2025-04-14 03:00:00+00,N622FB,1,570,1751.0526315789473684,1525,0,0,0
2025-04-14 03:00:00+00,N623FB,1,1034,1810.0822050290135397,0,4,0,0
2025-04-14 04:00:00+00,N622FB,1,1340,1796.7910447761194030,1500,0,0,0
2025-04-14 05:00:00+00,N622FB,1,232,1975.3232758620689655,1500,0,0,0
2025-04-14 05:00:00+00,N623FB,1,933,1930.7341907824222937,0,3,0,0
2025-04-14 06:00:00+00,N622FB,2,495,1706.4646464646464646,0,3,0,0
2025-04-14 06:00:00+00,N623FB,1,657,1944.6347031963470320,0,3,0,0
2025-04-14 07:00:00+00,N622FB,1,1351,1699.9444855662472243,1375,0,0,0
2025-04-14 08:00:00+00,N622FB,1,241,1716.2863070539419087,0,4,0,0
2025-04-14 08:00:00+00,N623FB,3,935,1913.8502673796791444,0,4,0,0
2025-04-14 09:00:00+00,N623FB,3,288,1848.7847222222222222,0,7,0,0
2025-04-14 10:00:00+00,N623FB,1,1173,2181.3086104006820119,0,1,0,0
2025-04-14 11:00:00+00,N623FB,1,411,2185.7055961070559611,0,4,0,0
2025-04-14 15:00:00+00,N623FB,1,1124,1892.9270462633451957,0,1,0,0
2025-04-14 16:00:00+00,N623FB,2,114,1807.2368421052631579,0,2,0,0
2025-04-14 17:00:00+00,N622FB,1,1,0.00000000000000000000,0,1,0,0
2025-04-14 18:00:00+00,N623FB,1,570,1699.6929824561403509,1450,0,0,0
2025-04-14 19:00:00+00,N623FB,1,714,1833.1232492997198880,1425,0,0,0
2025-04-14 23:00:00+00,N622FB,2,1243,1812.3290426387771521,0,2,0,0
2025-04-15 00:00:00+00,N622FB,2,790,1856.2341772151898734,0,6,0,0
2025-04-15 01:00:00+00,N622FB,1,585,1824.0598290598290598,0,1,0,0
2025-04-15 02:00:00+00,N622FB,1,1456,1861.6243131868131868,1425,0,0,0
2025-04-15 03:00:00+00,N622FB,1,668,1657.2230538922155689,0,3,0,0
2025-04-15 03:00:00+00,N625FB,1,611,1961.7430441898527005,0,1,0,0
2025-04-15 04:00:00+00,N625FB,1,1324,1876.6993957703927492,1500,0,0,0
2025-04-15 05:00:00+00,N624FB,1,1473,1818.9069925322471147,0,2,0,0
2025-04-15 05:00:00+00,N625FB,1,328,1890.5487804878048780,0,5,0,0
2025-04-15 06:00:00+00,N624FB,1,1336,2263.9221556886227545,0,6,0,0
2025-04-15 06:00:00+00,N625FB,1,608,1921.3815789473684211,0,2,0,0
2025-04-15 07:00:00+00,N625FB,1,1384,1871.5679190751445087,1500,0,0,0
2025-04-15 08:00:00+00,N624FB,1,1153,1966.5654813529921943,0,2,0,0
2025-04-15 08:00:00+00,N625FB,1,406,2101.4778325123152709,0,5,0,0
2025-04-15 09:00:00+00,N624FB,1,1330,1769.3796992481203008,0,5,0,0
2025-04-15 12:00:00+00,N625FB,2,502,2413.7948207171314741,0,7,0,0
2025-04-15 15:00:00+00,N625FB,1,963,1834.0342679127725857,0,2,0,0
2025-04-15 18:00:00+00,N625FB,1,1284,1826.5186915887850467,1400,0,0,0
2025-04-15 19:00:00+00,N625FB,1,35,1556.4285714285714286,0,2,0,0
2025-04-15 23:00:00+00,N622FB,1,1172,1988.2039249146757679,1625,0,0,0
2025-04-16 00:00:00+00,N622FB,1,815,1908.7423312883435583,0,4,0,0
2025-04-16 02:00:00+00,N622FB,1,1066,2014.0712945590994371,0,3,0,0
2025-04-16 03:00:00+00,N622FB,1,785,2018.9808917197452229,0,4,0,0
2025-04-16 03:00:00+00,N625FB,1,630,1890.6349206349206349,0,1,0,0
2025-04-16 04:00:00+00,N625FB,1,1399,1663.1165117941386705,1375,0,0,0
2025-04-16 05:00:00+00,N624FB,1,1208,2000.1655629139072848,1600,0,0,0
2025-04-16 05:00:00+00,N625FB,1,110,1960.6818181818181818,0,1,0,0
2025-04-16 06:00:00+00,N624FB,1,773,2021.1836998706338939,0,3,0,0
2025-04-16 06:00:00+00,N625FB,1,520,2007.8846153846153846,0,5,0,0
2025-04-16 07:00:00+00,N625FB,1,1307,1794.6250956388676358,1575,0,0,0
2025-04-16 08:00:00+00,N624FB,1,1293,2163.3023975251353442,0,2,0,0
2025-04-16 08:00:00+00,N625FB,1,79,1968.0379746835443038,0,3,0,0
2025-04-16 09:00:00+00,N624FB,1,739,1923.5115020297699594,0,3,0,0
2025-04-16 13:00:00+00,N622FB,8,1139,2032.2651448639157155,0,9,0,0
2025-04-16 15:00:00+00,N622FB,1,1267,1970.4617205998421468,0,2,0,0
2025-04-16 16:00:00+00,N622FB,1,270,1801.5740740740740741,1500,0,0,0
2025-04-16 18:00:00+00,N622FB,1,1085,1769.6774193548387097,0,1,0,0
2025-04-16 19:00:00+00,N622FB,1,698,1704.8352435530085960,0,1,0,0
2025-04-16 23:00:00+00,N623FB,1,1227,2093.1947840260798696,0,1,0,0
2025-04-17 00:00:00+00,N623FB,1,656,2096.1509146341463415,0,2,0,0
2025-04-17 02:00:00+00,N623FB,1,1353,2074.6304508499630451,0,1,0,0
2025-04-17 03:00:00+00,N623FB,1,766,2000.1305483028720627,0,1,0,0
2025-04-17 03:00:00+00,N625FB,1,629,1893.3624801271860095,0,2,0,0
2025-04-17 04:00:00+00,N625FB,1,1259,2039.8927720413026211,1725,0,0,0
2025-04-17 05:00:00+00,N624FB,1,1372,1983.9650145772594752,1575,0,0,0
2025-04-17 05:00:00+00,N625FB,1,147,1967.0068027210884354,0,5,0,0
2025-04-17 06:00:00+00,N624FB,1,821,2048.3556638246041413,0,4,0,0
2025-04-17 06:00:00+00,N625FB,1,538,1909.4795539033457249,0,2,0,0
2025-04-17 07:00:00+00,N625FB,1,1322,1940.6959152798789713,1525,0,0,0
2025-04-17 08:00:00+00,N624FB,1,1381,1979.8153511947863867,0,1,0,0
2025-04-17 08:00:00+00,N625FB,3,122,1807.9918032786885246,0,5,0,0
2025-04-17 09:00:00+00,N624FB,1,1605,1746.6822429906542056,1575,0,0,0
2025-04-17 10:00:00+00,N624FB,1,143,1909.6153846153846154,0,4,0,0
2025-04-17 12:00:00+00,N625FB,1,124,1870.9677419354838710,1575,0,0,0
2025-04-17 13:00:00+00,N625FB,1,1175,1908.6382978723404255,0,2,0,0
2025-04-17 18:00:00+00,N625FB,1,1393,1786.6475233309404164,0,2,0,0
2025-04-17 19:00:00+00,N623FB,1,81,1872.5308641975308642,0,2,0,0
2025-04-17 19:00:00+00,N625FB,1,573,1890.6631762652705061,0,3,0,0
2025-04-17 20:00:00+00,N623FB,1,242,1989.0495867768595041,0,1,0,0
2025-04-17 22:00:00+00,N622FB,1,271,1838.4686346863468635,0,2,0,0
2025-04-17 23:00:00+00,N622FB,1,1463,1977.1189336978810663,1625,0,0,0
2025-04-18 00:00:00+00,N622FB,1,153,2118.9542483660130719,0,3,0,0
2025-04-18 01:00:00+00,N622FB,1,86,2000.8720930232558140,0,2,0,0
2025-04-18 02:00:00+00,N622FB,1,1453,1970.5953200275292498,1600,0,0,0
2025-04-18 03:00:00+00,N622FB,1,602,2255.8970099667774086,0,1,0,0
2025-04-18 03:00:00+00,N625FB,1,361,2031.8559556786703601,0,4,0,0
2025-04-18 04:00:00+00,N625FB,1,1432,1985.7541899441340782,1750,0,0,0
2025-04-18 05:00:00+00,N624FB,1,1447,1923.6523842432619212,0,2,0,0
2025-04-18 05:00:00+00,N625FB,1,220,2084.5454545454545455,0,5,0,0
2025-04-18 06:00:00+00,N624FB,1,851,1964.9236192714453584,0,4,0,0
2025-04-18 06:00:00+00,N625FB,1,656,1879.3445121951219512,0,2,0,0
2025-04-18 07:00:00+00,N625FB,2,1396,2008.0766475644699140,0,1,0,0
2025-04-18 08:00:00+00,N624FB,1,1352,1931.6752958579881657,0,1,0,0
2025-04-18 08:00:00+00,N625FB,1,538,2253.9962825278810409,0,2,0,0
2025-04-18 09:00:00+00,N624FB,1,253,2037.3517786561264822,0,5,0,0
2025-04-18 15:00:00+00,N625FB,1,1259,1978.0579825258141382,0,2,0,0
2025-04-18 16:00:00+00,N625FB,2,525,1887.6666666666666667,0,1,0,0
2025-04-18 18:00:00+00,N625FB,1,1316,1820.4027355623100304,1475,0,0,0
2025-04-18 19:00:00+00,N625FB,1,129,1940.8914728682170543,1525,0,0,0
2025-04-18 23:00:00+00,N622FB,1,1230,2072.5813008130081301,0,2,0,0
2025-04-19 00:00:00+00,N622FB,1,810,2029.5370370370370370,0,4,0,0
2025-04-19 06:00:00+00,N625FB,1,692,1928.0708092485549133,0,2,0,0
2025-04-19 07:00:00+00,N625FB,2,1150,1925.0000000000000000,0,14,0,0
2025-04-19 08:00:00+00,N624FB,1,1468,1697.3433242506811989,0,2,0,0
2025-04-19 08:00:00+00,N625FB,1,67,1894.0298507462686567,0,2,0,0
2025-04-19 09:00:00+00,N624FB,1,561,1889.6613190730837790,0,4,0,0
2025-04-19 14:00:00+00,N623FB,2,171,1602.3391812865497076,0,2,0,0
2025-04-19 15:00:00+00,N624FB,1,459,2047.6034858387799564,0,3,0,0
2025-04-19 16:00:00+00,N624FB,2,408,1771.1397058823529412,1300,0,0,0
2025-04-19 18:00:00+00,N624FB,2,1067,1872.5866916588566073,0,2,0,0
2025-04-19 20:00:00+00,N623FB,2,160,1656.8750000000000000,0,1,0,0
2025-04-19 22:00:00+00,N622FB,1,1,0.00000000000000000000,0,1,0,0
2025-04-19 23:00:00+00,N622FB,2,1325,1921.5471698113207547,0,3,0,0
2025-04-20 00:00:00+00,N622FB,1,484,2022.2107438016528926,0,5,0,0
2025-04-20 01:00:00+00,N622FB,1,85,1775.2941176470588235,0,2,0,0
2025-04-20 02:00:00+00,N622FB,1,1221,1890.2948402948402948,1500,0,0,0
2025-04-20 03:00:00+00,N622FB,1,536,1918.3768656716417910,0,3,0,0
2025-04-20 03:00:00+00,N625FB,1,388,1894.5231958762886598,0,1,0,0
2025-04-20 04:00:00+00,N622FB,1,1,0.00000000000000000000,0,1,0,0
2025-04-20 04:00:00+00,N625FB,1,1574,1696.1086404066073698,1400,0,0,0
2025-04-20 05:00:00+00,N622FB,1,1480,1646.2500000000000000,0,1,0,0
2025-04-20 05:00:00+00,N625FB,1,223,1668.8340807174887892,0,3,0,0
2025-04-20 06:00:00+00,N622FB,1,994,1660.2615694164989940,0,3,0,0
2025-04-20 06:00:00+00,N625FB,1,682,1570.7844574780058651,0,2,0,0
2025-04-20 07:00:00+00,N625FB,1,1341,1666.5361670395227442,1275,0,0,0
2025-04-20 08:00:00+00,N622FB,1,960,1696.8750000000000000,0,3,0,0
2025-04-20 08:00:00+00,N625FB,1,792,1562.7840909090909091,0,4,0,0
2025-04-20 09:00:00+00,N622FB,1,1313,1707.3686214775323686,0,4,0,0
2025-04-20 14:00:00+00,N624FB,8,663,1883.7104072398190045,0,10,0,0
2025-04-20 15:00:00+00,N624FB,7,488,1797.8483606557377049,0,12,0,0
2025-04-20 17:00:00+00,N624FB,1,986,1666.4553752535496957,0,4,0,0
2025-04-20 18:00:00+00,N624FB,1,407,1909.8894348894348894,0,3,0,0
2025-04-20 23:00:00+00,N625FB,1,1200,1795.6875000000000000,0,2,0,0
2025-04-21 00:00:00+00,N625FB,1,1208,2005.8360927152317881,0,5,0,0
2025-04-21 02:00:00+00,N625FB,1,1284,1836.2344236760124611,0,2,0,0
2025-04-21 03:00:00+00,N622FB,1,597,1559.0871021775544389,0,2,0,0
2025-04-21 03:00:00+00,N625FB,1,988,1935.0455465587044534,0,5,0,0
2025-04-21 04:00:00+00,N622FB,1,1289,1700.5236617532971296,1450,0,0,0
2025-04-21 05:00:00+00,N622FB,2,111,1810.8108108108108108,0,3,0,0
2025-04-21 05:00:00+00,N625FB,2,1229,1865.5004068348250610,0,5,0,0
2025-04-21 06:00:00+00,N622FB,1,620,1849.2741935483870968,0,1,0,0
2025-04-21 06:00:00+00,N625FB,1,868,1846.3997695852534562,0,3,0,0
2025-04-21 07:00:00+00,N622FB,1,1395,1862.9749103942652330,1075,0,0,0
2025-04-21 08:00:00+00,N622FB,1,97,1745.1030927835051546,0,3,0,0
2025-04-21 08:00:00+00,N625FB,1,1202,1914.3718801996672213,0,2,0,0
2025-04-21 09:00:00+00,N625FB,1,773,2153.6545924967658473,0,3,0,0
2025-04-21 13:00:00+00,N622FB,1,965,1933.7564766839378238,1450,0,0,0
2025-04-21 13:00:00+00,N625FB,1,852,2059.1549295774647887,1425,0,0,0
2025-04-21 14:00:00+00,N622FB,1,50,1523.5000000000000000,1250,0,0,0
2025-04-21 16:00:00+00,N622FB,1,1021,1588.4916748285994123,1275,0,0,0
2025-04-21 17:00:00+00,N622FB,1,391,1685.2941176470588235,1400,0,0,0
2025-04-21 19:00:00+00,N622FB,1,706,2060.2691218130311615,0,1,0,0
2025-04-21 20:00:00+00,N622FB,1,863,1891.9756662804171495,0,1,0,0
2025-04-21 23:00:00+00,N625FB,1,1162,2020.1161790017211704,0,2,0,0
2025-04-22 00:00:00+00,N625FB,1,829,1967.6417370325693607,0,6,0,0
2025-04-22 02:00:00+00,N625FB,1,1106,1953.1645569620253165,0,4,0,0
2025-04-22 03:00:00+00,N624FB,1,588,1972.0663265306122449,0,5,0,0
2025-04-22 03:00:00+00,N625FB,1,915,1980.7650273224043716,0,4,0,0
2025-04-22 04:00:00+00,N624FB,1,1266,1937.3222748815165877,1500,0,0,0
2025-04-22 05:00:00+00,N624FB,1,755,1750.7615894039735099,1550,0,0,0
2025-04-22 05:00:00+00,N625FB,1,1556,2135.2024421593830334,0,2,0,0
2025-04-22 06:00:00+00,N624FB,1,513,1892.7875243664717349,1600,0,0,0
2025-04-22 06:00:00+00,N625FB,1,1183,2005.2409129332206255,1625,0,0,0
2025-04-22 07:00:00+00,N624FB,1,1200,1868.5416666666666667,1550,0,0,0
2025-04-22 07:00:00+00,N625FB,1,42,1701.1904761904761905,0,3,0,0
2025-04-22 08:00:00+00,N624FB,1,246,1803.7601626016260163,0,3,0,0
2025-04-22 08:00:00+00,N625FB,1,1225,2055.5510204081632653,0,3,0,0
2025-04-22 09:00:00+00,N625FB,1,800,2127.1875000000000000,0,3,0,0
2025-04-22 14:00:00+00,N623FB,1,281,1658.2740213523131673,0,1,0,0
2025-04-22 15:00:00+00,N623FB,1,1005,1834.7014925373134328,1500,0,0,0
2025-04-22 19:00:00+00,N623FB,1,816,2025.3063725490196078,0,1,0,0
2025-04-22 20:00:00+00,N623FB,1,312,1899.9198717948717949,0,1,0,0
2025-04-22 21:00:00+00,N625FB,1,12,1456.2500000000000000,0,2,0,0
2025-04-22 22:00:00+00,N625FB,1,1442,2026.8030513176144244,1775,0,0,0
2025-04-22 23:00:00+00,N625FB,1,1136,1780.6338028169014085,0,5,0,0
2025-04-23 01:00:00+00,N625FB,1,883,2027.4348810872027180,0,3,0,0
2025-04-23 02:00:00+00,N625FB,1,1469,2089.2614023144996596,0,3,0,0
2025-04-23 03:00:00+00,N624FB,1,470,1865.9574468085106383,0,2,0,0
2025-04-23 04:00:00+00,N624FB,1,1462,1830.6771545827633379,1550,0,0,0
2025-04-23 05:00:00+00,N624FB,1,132,1962.3106060606060606,1600,0,0,0
2025-04-23 05:00:00+00,N625FB,1,1343,1982.8741623231571109,0,3,0,0
2025-04-23 06:00:00+00,N624FB,1,537,1892.9702048417132216,0,5,0,0
2025-04-23 06:00:00+00,N625FB,1,798,2055.6390977443609023,0,4,0,0
2025-04-23 07:00:00+00,N624FB,1,1333,1909.4898724681170293,1625,0,0,0
2025-04-23 08:00:00+00,N624FB,1,353,2000.0000000000000000,0,3,0,0
2025-04-23 08:00:00+00,N625FB,1,1327,1985.1921627731725697,1600,0,0,0
2025-04-23 09:00:00+00,N625FB,1,516,2045.8333333333333333,0,4,0,0
2025-04-23 13:00:00+00,N624FB,1,88,1973.2954545454545455,0,1,0,0
2025-04-23 14:00:00+00,N623FB,1,40,1825.0000000000000000,0,1,0,0
2025-04-23 14:00:00+00,N624FB,3,350,1781.5714285714285714,0,2,0,0
2025-04-23 15:00:00+00,N623FB,1,1408,1920.8096590909090909,1650,0,0,0
2025-04-23 15:00:00+00,N624FB,2,166,1955.7228915662650602,0,1,0,0
2025-04-23 16:00:00+00,N623FB,2,88,1833.2386363636363636,0,3,0,0
2025-04-23 16:00:00+00,N624FB,1,431,1777.3201856148491879,1675,0,0,0
2025-04-23 17:00:00+00,N624FB,1,179,1813.4078212290502793,1525,0,0,0
2025-04-23 18:00:00+00,N623FB,1,1354,2023.2274741506646972,0,2,0,0
2025-04-23 19:00:00+00,N623FB,1,390,2022.7564102564102564,0,2,0,0
2025-04-23 23:00:00+00,N625FB,1,1158,1978.6269430051813472,0,3,0,0
2025-04-24 00:00:00+00,N625FB,1,1027,2211.5628042843232717,0,4,0,0
2025-04-24 02:00:00+00,N625FB,1,1130,2026.2168141592920354,0,2,0,0
2025-04-24 03:00:00+00,N624FB,1,634,1925.2365930599369085,0,3,0,0
2025-04-24 03:00:00+00,N625FB,1,1114,1998.0251346499102334,0,3,0,0
2025-04-24 04:00:00+00,N624FB,1,1351,1902.7202072538860104,1650,0,0,0
2025-04-24 05:00:00+00,N624FB,1,170,2027.5000000000000000,1575,0,0,0
2025-04-24 05:00:00+00,N625FB,1,1227,1968.6022819885900570,0,4,0,0
2025-04-24 06:00:00+00,N624FB,1,709,1859.1325811001410437,0,5,0,0
2025-04-24 06:00:00+00,N625FB,1,851,1989.3360752056404230,0,5,0,0
2025-04-24 07:00:00+00,N624FB,1,1294,1803.7867078825347759,1575,0,0,0
2025-04-24 08:00:00+00,N624FB,1,181,1857.1823204419889503,0,5,0,0
2025-04-24 08:00:00+00,N625FB,1,1308,2028.4594801223241590,0,2,0,0
2025-04-24 09:00:00+00,N625FB,1,423,2034.9881796690307329,0,6,0,0
2025-04-24 14:00:00+00,N622FB,1,1,0.00000000000000000000,0,1,0,0
2025-04-24 15:00:00+00,N622FB,3,1322,1865.2609682299546142,0,1,0,0
2025-04-24 18:00:00+00,N622FB,1,1421,1877.0760028149190711,1650,0,0,0
2025-04-24 19:00:00+00,N622FB,1,308,1928.6525974025974026,1475,0,0,0
2025-04-24 23:00:00+00,N625FB,1,1452,1959.1081267217630854,0,1,0,0
2025-04-25 00:00:00+00,N625FB,1,825,1946.4242424242424242,0,2,0,0
2025-04-25 01:00:00+00,N625FB,1,217,1998.8479262672811060,0,4,0,0
2025-04-25 02:00:00+00,N625FB,1,1370,1961.7700729927007299,0,4,0,0
2025-04-25 03:00:00+00,N624FB,1,631,2102.0998415213946117,0,1,0,0
2025-04-25 03:00:00+00,N625FB,1,1181,1850.2540220152413209,0,5,0,0
2025-04-25 04:00:00+00,N624FB,1,1393,1999.9641062455132807,1650,0,0,0
2025-04-25 05:00:00+00,N624FB,1,171,1988.7426900584795322,0,4,0,0
2025-04-25 05:00:00+00,N625FB,1,1422,1888.2383966244725738,0,1,0,0
2025-04-25 06:00:00+00,N624FB,1,532,2162.7349624060150376,0,1,0,0
2025-04-25 06:00:00+00,N625FB,1,1007,1747.4180734856007944,0,4,0,0
2025-04-25 07:00:00+00,N624FB,1,1465,3001.3993174061433447,2325,0,0,0
2025-04-25 08:00:00+00,N624FB,1,300,2989.4166666666666667,0,4,0,0
2025-04-25 08:00:00+00,N625FB,1,1262,1924.0491283676703645,0,1,0,0
2025-04-25 09:00:00+00,N625FB,1,1004,1801.5687250996015936,0,2,0,0
2025-04-25 14:00:00+00,N622FB,1,27,1695.3703703703703704,0,2,0,0
2025-04-25 15:00:00+00,N622FB,1,644,2021.0403726708074534,1475,0,0,0
2025-04-25 17:00:00+00,N622FB,1,59,1862.2881355932203390,1500,0,0,0
2025-04-25 18:00:00+00,N622FB,1,1390,1941.7266187050359712,0,3,0,0
2025-04-25 23:00:00+00,N625FB,1,1212,2077.1658415841584158,0,2,0,0
2025-04-26 00:00:00+00,N625FB,1,702,2092.4501424501424501,0,6,0,0
2025-04-26 02:00:00+00,N625FB,1,704,1949.3963068181818182,0,2,0,0
2025-04-26 03:00:00+00,N624FB,1,660,2003.9015151515151515,0,1,0,0
2025-04-26 03:00:00+00,N625FB,1,867,1964.4175317185697809,0,3,0,0
2025-04-26 04:00:00+00,N624FB,1,1448,1933.7707182320441989,1575,0,0,0
2025-04-26 05:00:00+00,N624FB,1,452,2044.8561946902654867,1575,0,0,0
2025-04-26 05:00:00+00,N625FB,1,1330,1833.0075187969924812,0,1,0,0
2025-04-26 06:00:00+00,N624FB,1,670,2118.7313432835820896,0,3,0,0
2025-04-26 06:00:00+00,N625FB,1,1269,1863.8691883372734437,0,4,0,0
2025-04-26 07:00:00+00,N624FB,1,1428,2088.9180672268907563,1625,0,0,0
2025-04-26 08:00:00+00,N624FB,1,478,2061.4539748953974895,0,3,0,0
2025-04-26 08:00:00+00,N625FB,1,1298,1946.6294298921417565,0,2,0,0
2025-04-26 09:00:00+00,N625FB,1,1466,2125.4433833560709413,1675,0,0,0
2025-04-26 10:00:00+00,N625FB,1,830,2101.3554216867469880,0,4,0,0
2025-04-26 14:00:00+00,N625FB,1,24,1770.8333333333333333,0,1,0,0
2025-04-26 15:00:00+00,N625FB,1,1327,1732.2343632253202713,0,1,0,0
2025-04-26 18:00:00+00,N625FB,1,1366,2020.6625183016105417,1525,0,0,0
2025-04-26 19:00:00+00,N625FB,1,82,1961.5853658536585366,1525,0,0,0
2025-04-26 22:00:00+00,N622FB,1,7,1139.2857142857142857,0,2,0,0
2025-04-26 23:00:00+00,N622FB,1,1408,2061.0617897727272727,1525,0,0,0
2025-04-27 00:00:00+00,N622FB,1,418,2247.4880382775119617,0,1,0,0
2025-04-27 02:00:00+00,N622FB,1,1372,1716.0349854227405248,1550,0,0,0
2025-04-27 03:00:00+00,N622FB,1,666,2135.5105105105105105,1575,0,0,0
2025-04-27 03:00:00+00,N623FB,1,763,2033.8138925294888598,1575,0,0,0
2025-04-27 04:00:00+00,N623FB,1,1342,2019.1132637853949329,1600,0,0,0
2025-04-27 04:00:00+00,N624FB,1,1,0.00000000000000000000,0,1,0,0
2025-04-27 05:00:00+00,N623FB,1,267,2125.1872659176029963,0,4,0,0
2025-04-27 05:00:00+00,N624FB,1,1416,2057.7860169491525424,0,2,0,0
2025-04-27 06:00:00+00,N623FB,1,640,1959.6875000000000000,0,1,0,0
2025-04-27 06:00:00+00,N624FB,1,794,1858.1549118387909320,0,4,0,0
2025-04-27 07:00:00+00,N623FB,1,1234,1899.0478119935170178,1550,0,0,0
2025-04-27 08:00:00+00,N623FB,3,262,1885.4007633587786260,0,12,0,0
2025-04-27 08:00:00+00,N624FB,1,1304,1886.5222392638036810,0,1,0,0
2025-04-27 09:00:00+00,N624FB,1,1099,1938.8307552320291174,0,5,0,0
2025-04-27 17:00:00+00,N623FB,1,1071,1660.2007469654528478,1275,0,0,0
2025-04-27 18:00:00+00,N623FB,2,1522,1877.3488830486202365,0,1,0,0
2025-04-27 23:00:00+00,N622FB,1,1248,1944.4911858974358974,0,1,0,0
2025-04-28 00:00:00+00,N622FB,1,785,1706.2420382165605096,0,5,0,0
2025-04-28 02:00:00+00,N622FB,1,1076,1749.4656133828996283,0,7,0,0
2025-04-28 03:00:00+00,N622FB,5,1139,1710.4697102721685689,0,6,0,0
2025-04-28 03:00:00+00,N624FB,1,590,1886.8220338983050847,0,3,0,0
2025-04-28 04:00:00+00,N624FB,1,1482,1737.2638326585695007,1450,0,0,0
2025-04-28 05:00:00+00,N622FB,1,1296,1996.2962962962962963,0,2,0,0
2025-04-28 05:00:00+00,N624FB,1,428,1682.2429906542056075,0,4,0,0
2025-04-28 06:00:00+00,N622FB,1,1007,1844.7368421052631579,0,5,0,0
2025-04-28 06:00:00+00,N624FB,1,496,1909.0725806451612903,0,2,0,0
2025-04-28 07:00:00+00,N624FB,1,1413,1693.8075017692852088,1450,0,0,0
2025-04-28 08:00:00+00,N622FB,1,1232,1747.0576298701298701,0,2,0,0
2025-04-28 08:00:00+00,N624FB,1,119,1811.7647058823529412,0,4,0,0
2025-04-28 09:00:00+00,N622FB,1,854,1800.1170960187353630,0,4,0,0
2025-04-28 12:00:00+00,N625FB,1,224,1783.8169642857142857,1425,0,0,0
2025-04-28 13:00:00+00,N625FB,1,1131,1970.6896551724137931,1425,0,0,0
2025-04-28 14:00:00+00,N625FB,1,310,1956.2903225806451613,0,4,0,0
2025-04-28 17:00:00+00,N622FB,1,124,1857.6612903225806452,1475,0,0,0
2025-04-28 18:00:00+00,N622FB,1,1149,1649.1731940818102698,1375,0,0,0
2025-04-28 23:00:00+00,N624FB,1,1216,1867.3519736842105263,0,2,0,0
2025-04-29 00:00:00+00,N624FB,1,1166,2146.6766723842195540,0,5,0,0
2025-04-29 02:00:00+00,N624FB,1,1307,1756.0635042081101760,0,2,0,0
2025-04-29 03:00:00+00,N622FB,1,669,1931.1285500747384155,0,3,0,0
2025-04-29 03:00:00+00,N624FB,1,1101,1792.0753860127157130,0,5,0,0
2025-04-29 04:00:00+00,N622FB,1,1369,1793.0423666910153397,1575,0,0,0
2025-04-29 05:00:00+00,N622FB,1,120,2073.7500000000000000,1450,0,0,0
2025-04-29 05:00:00+00,N624FB,1,1305,2283.0268199233716475,0,4,0,0
2025-04-29 06:00:00+00,N622FB,1,446,1936.3228699551569507,0,1,0,0
2025-04-29 06:00:00+00,N624FB,1,1165,1824.8497854077253219,0,6,0,0
2025-04-29 07:00:00+00,N622FB,1,1315,1704.3916349809885932,1375,0,0,0
2025-04-29 08:00:00+00,N622FB,1,122,1946.3114754098360656,1475,0,0,0
2025-04-29 08:00:00+00,N624FB,1,1204,1901.7026578073089701,0,4,0,0
2025-04-29 09:00:00+00,N624FB,1,1530,1832.1078431372549020,1575,0,0,0
2025-04-29 10:00:00+00,N624FB,1,857,1907.9346557759626604,0,5,0,0
2025-04-29 12:00:00+00,N623FB,1,504,4708.9781746031746032,0,2,0,0
2025-04-29 13:00:00+00,N623FB,1,574,3273.2142857142857143,1450,0,0,0
2025-04-29 15:00:00+00,N623FB,1,628,1798.4474522292993631,0,2,0,0
2025-04-29 16:00:00+00,N623FB,1,830,1734.3975903614457831,1425,0,0,0
2025-04-29 18:00:00+00,N623FB,1,3,0.00000000000000000000,0,3,0,0
2025-04-29 19:00:00+00,N623FB,1,1298,1782.0107858243451464,1425,0,0,0
2025-04-29 20:00:00+00,N623FB,1,365,1751.6438356164383562,0,4,0,0
2025-04-29 23:00:00+00,N624FB,1,1101,2003.0881017257039055,0,1,0,0
2025-04-30 00:00:00+00,N624FB,1,1588,2210.9099496221662469,1550,0,0,0
2025-04-30 01:00:00+00,N624FB,1,5,310.0000000000000000,0,4,0,0
2025-04-30 02:00:00+00,N624FB,1,1173,1997.3358908780903666,0,1,0,0
2025-04-30 03:00:00+00,N622FB,1,717,2025.4184100418410042,0,3,0,0
2025-04-30 03:00:00+00,N624FB,1,1257,2035.6801909307875895,0,4,0,0
2025-04-30 04:00:00+00,N622FB,1,1640,2032.4847560975609756,1875,0,0,0
2025-04-30 05:00:00+00,N622FB,1,162,2045.6790123456790123,0,4,0,0
2025-04-30 05:00:00+00,N624FB,1,1290,1956.9767441860465116,0,2,0,0
2025-04-30 06:00:00+00,N622FB,1,626,1862.8594249201277955,0,1,0,0
2025-04-30 06:00:00+00,N624FB,1,1007,2790.2432969215491559,0,4,0,0
2025-04-30 07:00:00+00,N622FB,1,1151,1785.1867940920938315,1525,0,0,0
2025-04-30 08:00:00+00,N622FB,1,312,1715.7051282051282051,0,4,0,0
2025-04-30 08:00:00+00,N624FB,1,1453,2012.5774260151410874,0,3,0,0
2025-04-30 09:00:00+00,N624FB,1,769,1981.4044213263979194,0,3,0,0
2025-04-30 16:00:00+00,N623FB,1,972,1832.3559670781893004,0,1,0,0
2025-04-30 17:00:00+00,N623FB,2,978,1791.9478527607361963,1425,0,0,0
2025-04-30 21:00:00+00,N622FB,1,411,2275.9124087591240876,0,2,0,0
2025-04-30 22:00:00+00,N622FB,1,1384,2256.5209537572254335,1675,0,0,0
2025-04-30 23:00:00+00,N622FB,1,536,1975.9328358208955224,0,4,0,0
2025-05-01 02:00:00+00,N622FB,1,1488,2046.4885752688172043,0,1,0,0
2025-05-01 03:00:00+00,N622FB,1,963,1990.2647975077881620,0,2,0,0
2025-05-01 03:00:00+00,N624FB,1,604,1955.1738410596026490,0,2,0,0
2025-05-01 04:00:00+00,N624FB,1,1321,1894.7956093868281605,1575,0,0,0
2025-05-01 05:00:00+00,N624FB,1,281,1979.9822064056939502,0,4,0,0
2025-05-01 05:00:00+00,N625FB,1,1359,1861.1479028697571744,0,1,0,0
2025-05-01 06:00:00+00,N624FB,1,629,2179.2527821939586645,0,4,0,0
2025-05-01 06:00:00+00,N625FB,1,795,1890.1886792452830189,0,4,0,0
2025-05-01 07:00:00+00,N624FB,1,1216,1928.3100328947368421,1150,0,0,0
2025-05-01 08:00:00+00,N624FB,1,175,1932.1428571428571429,0,3,0,0
2025-05-01 08:00:00+00,N625FB,1,1361,1882.7332843497428361,0,2,0,0
2025-05-01 09:00:00+00,N625FB,1,855,1913.3918128654970760,0,4,0,0
2025-05-01 14:00:00+00,N622FB,1,308,2065.0974025974025974,0,1,0,0
2025-05-01 15:00:00+00,N622FB,2,938,1951.4925373134328358,0,3,0,0
2025-05-01 19:00:00+00,N622FB,1,1191,1843.2199832073887490,1575,0,0,0
2025-05-01 20:00:00+00,N622FB,1,129,1899.0310077519379845,0,3,0,0
2025-05-01 22:00:00+00,N624FB,1,71,2113.7323943661971831,0,1,0,0
2025-05-01 23:00:00+00,N624FB,1,1523,2108.6178594878529219,1850,0,0,0
2025-05-02 00:00:00+00,N624FB,1,517,2278.1431334622823985,0,3,0,0
2025-05-02 01:00:00+00,N624FB,1,17,1373.5294117647058824,0,4,0,0
2025-05-02 02:00:00+00,N624FB,1,1232,2160.9577922077922078,1700,0,0,0
2025-05-02 03:00:00+00,N624FB,1,863,2138.3256083429895713,0,3,0,0
2025-05-02 03:00:00+00,N625FB,1,556,2003.1474820143884892,0,1,0,0
2025-05-02 04:00:00+00,N625FB,1,1446,1963.2780082987551867,1625,0,0,0
2025-05-02 05:00:00+00,N624FB,1,1299,1923.9799846035411855,0,2,0,0
2025-05-02 05:00:00+00,N625FB,1,265,1936.1320754716981132,0,3,0,0
2025-05-02 06:00:00+00,N624FB,1,1519,1968.6142198815009875,1700,0,0,0
2025-05-02 06:00:00+00,N625FB,1,726,2013.8429752066115702,0,1,0,0
2025-05-02 07:00:00+00,N624FB,1,15,1315.0000000000000000,0,3,0,0
2025-05-02 07:00:00+00,N625FB,1,1476,2106.8766937669376694,1750,0,0,0
2025-05-02 08:00:00+00,N624FB,1,1264,2005.4588607594936709,0,1,0,0
2025-05-02 08:00:00+00,N625FB,1,209,2008.6124401913875598,0,4,0,0
2025-05-02 09:00:00+00,N624FB,1,877,1921.5222348916761688,0,4,0,0
2025-05-02 15:00:00+00,N622FB,1,1106,1866.2522603978300181,0,1,0,0
2025-05-02 16:00:00+00,N622FB,1,51,1764.2156862745098039,0,2,0,0
2025-05-02 18:00:00+00,N622FB,1,1306,1869.1424196018376723,0,1,0,0
2025-05-02 19:00:00+00,N622FB,1,587,2039.9063032367972743,0,3,0,0
2025-05-02 20:00:00+00,N624FB,1,438,2179.2808219178082192,1550,0,0,0
2025-05-02 21:00:00+00,N624FB,1,261,2228.7356321839080460,0,2,0,0
2025-05-02 23:00:00+00,N624FB,1,1165,2185.0858369098712446,0,2,0,0
2025-05-03 00:00:00+00,N624FB,1,709,2092.6657263751763047,0,5,0,0
2025-05-03 02:00:00+00,N624FB,1,1211,2096.2221304706853840,0,3,0,0
2025-05-03 03:00:00+00,N624FB,1,806,2117.0285359801488834,0,3,0,0
2025-05-03 03:00:00+00,N625FB,1,645,1904.6511627906976744,0,2,0,0
2025-05-03 04:00:00+00,N625FB,1,1460,2001.1472602739726027,1625,0,0,0
2025-05-03 05:00:00+00,N624FB,1,1288,2007.8222049689440994,0,1,0,0
2025-05-03 05:00:00+00,N625FB,1,176,1949.2897727272727273,0,4,0,0
2025-05-03 06:00:00+00,N624FB,1,1109,2020.9197475202885482,0,4,0,0
2025-05-03 06:00:00+00,N625FB,1,615,2033.9837398373983740,0,1,0,0
2025-05-03 07:00:00+00,N625FB,2,1373,1975.4187909686817189,0,2,0,0
2025-05-03 08:00:00+00,N624FB,1,1309,1969.9770817417876241,0,1,0,0
2025-05-03 08:00:00+00,N625FB,1,146,2033.2191780821917808,0,3,0,0
2025-05-03 09:00:00+00,N624FB,1,716,1895.7751396648044693,0,4,0,0
2025-05-03 13:00:00+00,N624FB,1,335,1940.0000000000000000,0,1,0,0
2025-05-03 14:00:00+00,N624FB,1,8,1293.7500000000000000,0,1,0,0
2025-05-03 15:00:00+00,N624FB,1,950,2073.6578947368421053,0,2,0,0
2025-05-03 18:00:00+00,N624FB,1,1313,1809.4821020563594821,0,1,0,0
2025-05-03 19:00:00+00,N624FB,1,64,1871.0937500000000000,0,2,0,0
2025-05-04 02:00:00+00,N622FB,1,1410,2138.7411347517730496,0,4,0,0
2025-05-04 03:00:00+00,N622FB,1,821,1995.8282582216808770,0,1,0,0
2025-05-04 03:00:00+00,N623FB,1,623,2012.3595505617977528,0,3,0,0
2025-05-04 04:00:00+00,N623FB,1,1305,2141.4176245210727969,1725,0,0,0
2025-05-04 04:00:00+00,N625FB,1,1,0.00000000000000000000,0,1,0,0
2025-05-04 05:00:00+00,N623FB,1,253,2065.7114624505928854,0,5,0,0
2025-05-04 05:00:00+00,N625FB,1,1345,1926.5799256505576208,0,2,0,0
2025-05-04 06:00:00+00,N623FB,1,718,2030.0139275766016713,0,1,0,0
2025-05-04 06:00:00+00,N625FB,1,990,2000.3030303030303030,0,3,0,0
2025-05-04 07:00:00+00,N623FB,1,1224,2042.2181372549019608,1675,0,0,0
2025-05-04 08:00:00+00,N623FB,1,413,2065.9200968523002421,0,2,0,0
2025-05-04 08:00:00+00,N625FB,1,1342,1982.8614008941877794,0,1,0,0
2025-05-04 09:00:00+00,N625FB,1,819,2068.4371184371184371,0,4,0,0
2025-05-04 15:00:00+00,N624FB,1,811,2144.8212083847102343,0,1,0,0
2025-05-04 16:00:00+00,N624FB,1,694,2218.6239193083573487,0,5,0,0
2025-05-04 19:00:00+00,N624FB,1,935,2071.3368983957219251,0,3,0,0
2025-05-04 20:00:00+00,N624FB,1,295,2055.0847457627118644,0,3,0,0
2025-05-05 03:00:00+00,N623FB,1,603,2006.0945273631840796,0,3,0,0
2025-05-05 04:00:00+00,N623FB,1,1411,1895.3756201275690999,1625,0,0,0
2025-05-05 04:00:00+00,N625FB,1,1,0.00000000000000000000,0,1,0,0
2025-05-05 05:00:00+00,N623FB,1,162,1951.0802469135802469,0,1,0,0
2025-05-05 05:00:00+00,N625FB,1,1154,2053.0762564991334489,0,6,0,0
2025-05-05 07:00:00+00,N623FB,1,903,1923.8925802879291251,1575,0,0,0
2025-05-05 07:00:00+00,N625FB,1,7,978.5714285714285714,0,3,0,0
2025-05-05 08:00:00+00,N623FB,1,114,2085.9649122807017544,1675,0,0,0
2025-05-05 08:00:00+00,N625FB,1,1144,2213.5052447552447552,1850,0,0,0
2025-05-05 09:00:00+00,N625FB,1,663,2115.2714932126696833,0,5,0,0
2025-05-05 15:00:00+00,N624FB,1,138,2055.4347826086956522,0,2,0,0
2025-05-05 16:00:00+00,N624FB,1,1025,2112.0000000000000000,0,2,0,0
2025-05-05 19:00:00+00,N624FB,1,890,2087.5000000000000000,0,2,0,0
2025-05-05 20:00:00+00,N624FB,1,183,2076.7759562841530055,0,4,0,0
2025-05-05 22:00:00+00,N622FB,1,198,1890.7828282828282828,0,1,0,0
2025-05-05 23:00:00+00,N622FB,1,1290,1831.5697674418604651,1325,0,0,0
2025-05-06 00:00:00+00,N622FB,1,368,1975.5434782608695652,0,3,0,0
2025-05-06 02:00:00+00,N622FB,1,1373,1876.6751638747268755,0,2,0,0
2025-05-06 02:00:00+00,N625FB,1,191,1913.4816753926701571,0,2,0,0
2025-05-06 03:00:00+00,N622FB,1,632,2086.8670886075949367,0,5,0,0
2025-05-06 03:00:00+00,N625FB,1,1424,1917.2752808988764045,1575,0,0,0
2025-05-06 04:00:00+00,N622FB,1,210,2031.5476190476190476,0,4,0,0
2025-05-06 04:00:00+00,N625FB,1,934,2007.6284796573875803,0,3,0,0
2025-05-06 05:00:00+00,N622FB,1,1386,1933.9466089466089466,1625,0,0,0
2025-05-06 06:00:00+00,N622FB,1,822,2080.1399026763990268,0,3,0,0
2025-05-06 06:00:00+00,N625FB,1,662,2111.8202416918429003,0,2,0,0
2025-05-06 07:00:00+00,N625FB,1,1320,1865.3219696969696970,1625,0,0,0
2025-05-06 08:00:00+00,N622FB,1,1226,2232.8915171288743883,0,2,0,0
2025-05-06 08:00:00+00,N625FB,1,160,1905.0000000000000000,0,1,0,0
2025-05-06 09:00:00+00,N622FB,1,420,2349.6428571428571429,0,5,0,0
2025-05-06 15:00:00+00,N623FB,1,306,1992.4836601307189542,0,1,0,0
2025-05-06 16:00:00+00,N623FB,2,1200,1836.9375000000000000,0,5,0,0
2025-05-06 17:00:00+00,N623FB,1,99,1795.2020202020202020,0,5,0,0
2025-05-06 18:00:00+00,N623FB,1,418,1815.6100478468899522,0,1,0,0
2025-05-06 19:00:00+00,N623FB,1,781,2018.1177976952624840,1475,0,0,0
2025-05-06 21:00:00+00,N622FB,1,213,1725.0000000000000000,0,1,0,0
2025-05-06 22:00:00+00,N622FB,1,1586,1702.7427490542244641,1475,0,0,0
2025-05-06 23:00:00+00,N622FB,1,368,1818.4103260869565217,0,3,0,0
2025-05-07 02:00:00+00,N622FB,1,1256,1803.5429936305732484,0,2,0,0
2025-05-07 03:00:00+00,N622FB,1,1078,1871.0111317254174397,0,4,0,0
2025-05-07 03:00:00+00,N625FB,1,704,1825.9943181818181818,0,1,0,0
2025-05-07 04:00:00+00,N622FB,1,4,0.00000000000000000000,0,4,0,0
2025-05-07 04:00:00+00,N625FB,1,1348,1815.8382789317507418,1500,0,0,0
2025-05-07 05:00:00+00,N622FB,1,1243,1887.3893805309734513,1450,0,0,0
2025-05-07 05:00:00+00,N625FB,2,85,1765.8823529411764706,0,4,0,0
2025-05-07 06:00:00+00,N622FB,1,782,1897.4104859335038363,0,3,0,0
2025-05-07 06:00:00+00,N625FB,1,613,1888.8662316476345840,1125,0,0,0
2025-05-07 07:00:00+00,N622FB,1,1,0.00000000000000000000,0,1,0,0
2025-05-07 07:00:00+00,N625FB,1,1177,1723.0246389124893798,1525,0,0,0
2025-05-07 08:00:00+00,N622FB,1,1359,1854.2494481236203091,0,1,0,0
2025-05-07 08:00:00+00,N625FB,1,126,1876.3888888888888889,1475,0,0,0
2025-05-07 09:00:00+00,N622FB,1,600,1816.5833333333333333,0,4,0,0
2025-05-07 15:00:00+00,N623FB,1,496,1620.6653225806451613,0,1,0,0
2025-05-07 16:00:00+00,N623FB,1,1521,1598.1262327416173570,1200,0,0,0
2025-05-07 17:00:00+00,N623FB,1,77,1775.6493506493506494,0,1,0,0
2025-05-07 19:00:00+00,N623FB,1,1164,1918.8144329896907216,0,2,0,0
2025-05-07 20:00:00+00,N623FB,2,222,1752.5900900900900901,1425,0,0,0
2025-05-07 23:00:00+00,N622FB,1,1349,1845.4781319495922906,1475,0,0,0
2025-05-08 00:00:00+00,N622FB,1,761,2000.6570302233902760,0,3,0,0
2025-05-08 02:00:00+00,N622FB,1,1221,1938.5954135954135954,0,4,0,0
2025-05-08 03:00:00+00,N622FB,2,862,1803.5962877030162413,0,5,0,0
2025-05-08 03:00:00+00,N625FB,1,683,1658.2357247437774524,0,3,0,0
2025-05-08 04:00:00+00,N625FB,1,1489,1647.9012760241773002,1450,0,0,0
2025-05-08 05:00:00+00,N622FB,1,1190,1878.8025210084033613,0,3,0,0
2025-05-08 05:00:00+00,N625FB,1,288,1774.5659722222222222,1400,0,0,0
2025-05-08 06:00:00+00,N622FB,1,839,2032.3897497020262217,1400,0,0,0
2025-05-08 06:00:00+00,N625FB,1,622,1673.3118971061093248,1400,0,0,0
2025-05-08 07:00:00+00,N625FB,1,1351,1809.4189489267209474,1425,0,0,0
2025-05-08 08:00:00+00,N622FB,2,1198,1835.5383973288814691,0,4,0,0
2025-05-08 08:00:00+00,N625FB,1,220,1729.0909090909090909,0,4,0,0
2025-05-08 09:00:00+00,N622FB,3,892,1700.3923766816143498,0,6,0,0
2025-05-08 15:00:00+00,N622FB,2,1289,1694.0845616757176106,0,2,0,0
2025-05-08 18:00:00+00,N622FB,1,1011,1635.7072205736894164,1350,0,0,0
2025-05-08 19:00:00+00,N622FB,2,345,1696.8115942028985507,0,1,0,0
2025-05-08 21:00:00+00,N625FB,1,170,1793.2352941176470588,0,2,0,0
2025-05-08 22:00:00+00,N625FB,1,1433,2257.7110956036287509,1525,0,0,0
2025-05-08 23:00:00+00,N625FB,1,347,2009.8703170028818444,1475,0,0,0
2025-05-09 02:00:00+00,N625FB,1,1366,1834.1325036603221083,0,1,0,0
2025-05-09 03:00:00+00,N622FB,1,556,1862.0953237410071942,1450,0,0,0
2025-05-09 03:00:00+00,N625FB,1,829,1942.8829915560916767,1450,0,0,0
2025-05-09 04:00:00+00,N622FB,2,1195,1876.7573221757322176,0,5,0,0
2025-05-09 05:00:00+00,N622FB,1,112,1778.3482142857142857,0,4,0,0
2025-05-09 05:00:00+00,N624FB,1,1364,1856.8731671554252199,1425,0,0,0
2025-05-09 06:00:00+00,N622FB,1,649,1786.7103235747303544,0,1,0,0
2025-05-09 06:00:00+00,N624FB,1,1016,1670.4724409448818898,0,3,0,0
2025-05-09 07:00:00+00,N622FB,1,1227,1822.9013854930725346,1450,0,0,0
2025-05-09 08:00:00+00,N622FB,1,248,1694.2540322580645161,0,2,0,0
2025-05-09 08:00:00+00,N624FB,1,1281,1836.1436377829820453,0,2,0,0
2025-05-09 09:00:00+00,N624FB,1,605,1737.4380165289256198,0,4,0,0
2025-05-09 14:00:00+00,N622FB,2,74,1662.8378378378378378,0,2,0,0
2025-05-09 15:00:00+00,N622FB,1,321,1710.2803738317757009,1375,0,0,0
2025-05-09 16:00:00+00,N622FB,2,897,1571.5440356744704571,1300,0,0,0
2025-05-09 18:00:00+00,N622FB,1,282,1916.3120567375886525,1400,0,0,0
2025-05-09 19:00:00+00,N622FB,1,1443,1689.5183645183645184,1425,0,0,0
2025-05-09 20:00:00+00,N622FB,1,62,1797.5806451612903226,1450,0,0,0
2025-05-09 23:00:00+00,N625FB,1,1304,2020.4754601226993865,0,2,0,0
2025-05-10 00:00:00+00,N625FB,1,1385,2029.7111913357400722,0,2,0,0
2025-05-10 02:00:00+00,N625FB,1,1230,1914.6341463414634146,0,4,0,0
2025-05-10 03:00:00+00,N622FB,1,602,1940.2408637873754153,1525,0,0,0
2025-05-10 03:00:00+00,N625FB,1,911,1873.3534577387486279,0,2,0,0
2025-05-10 04:00:00+00,N622FB,1,1269,1961.9385342789598109,1625,0,0,0
2025-05-10 04:00:00+00,N624FB,1,1,0.00000000000000000000,0,1,0,0
2025-05-10 05:00:00+00,N622FB,1,178,1855.1966292134831461,0,3,0,0
2025-05-10 05:00:00+00,N624FB,1,1577,1883.7349397590361446,1475,0,0,0
2025-05-10 06:00:00+00,N622FB,1,626,2121.9648562300319489,0,1,0,0
2025-05-10 06:00:00+00,N624FB,1,880,1756.7613636363636364,0,3,0,0
2025-05-10 07:00:00+00,N622FB,1,1278,1953.2668231611893584,1600,0,0,0
2025-05-10 08:00:00+00,N622FB,2,116,1853.4482758620689655,0,2,0,0
2025-05-10 08:00:00+00,N624FB,1,1341,1775.3355704697986577,0,2,0,0
2025-05-10 09:00:00+00,N624FB,1,943,1812.8313891834570520,1425,0,0,0
2025-05-10 14:00:00+00,N622FB,1,37,1615.5405405405405405,0,1,0,0
2025-05-10 15:00:00+00,N622FB,1,1416,1692.8495762711864407,1350,0,0,0
2025-05-10 16:00:00+00,N622FB,2,28,1458.9285714285714286,0,1,0,0
2025-05-10 18:00:00+00,N622FB,2,761,1595.6636005256241787,1300,0,0,0
2025-05-10 19:00:00+00,N622FB,1,1300,1717.3653846153846154,0,1,0,0
2025-05-10 22:00:00+00,N625FB,1,410,1757.3170731707317073,0,2,0,0
2025-05-10 23:00:00+00,N625FB,1,1393,1905.0789662598707825,1575,0,0,0
2025-05-11 00:00:00+00,N625FB,1,223,1926.7937219730941704,0,3,0,0
2025-05-11 01:00:00+00,N625FB,1,46,1847.2826086956521739,0,1,0,0
2025-05-11 02:00:00+00,N625FB,3,1497,1867.9525718102872411,1475,0,0,0
2025-05-11 03:00:00+00,N622FB,1,574,1814.7212543554006969,0,2,0,0
2025-05-11 03:00:00+00,N625FB,1,856,1961.5946261682242991,1475,0,0,0
2025-05-11 04:00:00+00,N622FB,1,1315,1816.5589353612167300,1425,0,0,0
2025-05-11 05:00:00+00,N622FB,1,140,1981.4285714285714286,0,3,0,0
2025-05-11 05:00:00+00,N624FB,1,1211,2134.4137076796036334,0,1,0,0
2025-05-11 06:00:00+00,N622FB,1,754,1837.5331564986737401,0,1,0,0
2025-05-11 06:00:00+00,N624FB,1,744,1766.3978494623655914,0,4,0,0
2025-05-11 07:00:00+00,N622FB,1,1293,1726.3727764887857695,1425,0,0,0
2025-05-11 08:00:00+00,N622FB,1,387,1706.7829457364341085,0,4,0,0
2025-05-11 08:00:00+00,N624FB,1,1305,1826.1494252873563218,0,2,0,0
2025-05-11 09:00:00+00,N624FB,1,869,1693.4119677790563867,0,4,0,0
2025-05-11 15:00:00+00,N623FB,1,757,1787.3844121532364597,0,3,0,0
2025-05-11 16:00:00+00,N623FB,1,409,1922.8606356968215159,0,1,0,0
2025-05-11 18:00:00+00,N623FB,1,1127,1747.0053238686779059,0,5,0,0
2025-05-11 23:00:00+00,N625FB,1,1226,2022.6345840130505710,0,2,0,0
2025-05-12 00:00:00+00,N625FB,1,1530,1967.8431372549019608,1675,0,0,0
2025-05-12 01:00:00+00,N625FB,1,182,1828.8461538461538462,0,5,0,0
2025-05-12 02:00:00+00,N625FB,1,774,1828.2945736434108527,0,2,0,0
2025-05-12 03:00:00+00,N622FB,1,570,1865.8771929824561404,0,3,0,0
2025-05-12 03:00:00+00,N625FB,1,955,2057.4345549738219895,0,2,0,0
2025-05-12 04:00:00+00,N622FB,1,1165,1860.1502145922746781,1500,0,0,0
2025-05-12 05:00:00+00,N622FB,1,112,1877.2321428571428571,0,3,0,0
2025-05-12 05:00:00+00,N624FB,1,1291,2087.5096824167312161,0,2,0,0
2025-05-12 06:00:00+00,N622FB,1,550,1922.2727272727272727,0,3,0,0
2025-05-12 06:00:00+00,N624FB,1,839,2069.9940405244338498,0,3,0,0
2025-05-12 07:00:00+00,N622FB,1,1348,1960.2559347181008902,1575,0,0,0
2025-05-12 08:00:00+00,N622FB,1,163,2031.1349693251533742,0,1,0,0
2025-05-12 08:00:00+00,N624FB,1,1233,1987.1451743714517437,0,2,0,0
2025-05-12 09:00:00+00,N624FB,1,1159,1966.1345987920621225,0,6,0,0
2025-05-12 15:00:00+00,N623FB,1,509,1834.6267190569744597,0,2,0,0
2025-05-12 16:00:00+00,N623FB,1,1223,2028.9860997547015536,1850,0,0,0
2025-05-12 17:00:00+00,N623FB,1,137,1967.1532846715328467,0,3,0,0
2025-05-12 19:00:00+00,N623FB,1,1301,1932.8785549577248271,0,5,0,0
2025-05-12 20:00:00+00,N623FB,1,67,1747.7611940298507463,0,7,0,0
2025-05-12 23:00:00+00,N622FB,1,1285,2038.3852140077821012,0,1,0,0
2025-05-13 00:00:00+00,N622FB,1,747,1990.3949129852744311,0,4,0,0
2025-05-13 02:00:00+00,N622FB,1,1272,2057.5864779874213836,0,3,0,0
2025-05-13 03:00:00+00,N622FB,1,842,2133.4619952494061758,0,4,0,0
2025-05-13 03:00:00+00,N624FB,1,628,1976.8312101910828025,0,4,0,0
2025-05-13 04:00:00+00,N624FB,1,1266,1991.3309636650868878,1600,0,0,0
2025-05-13 05:00:00+00,N624FB,1,277,1923.5559566787003610,0,1,0,0
2025-05-13 05:00:00+00,N625FB,1,1219,1944.8933552091878589,0,4,0,0
2025-05-13 06:00:00+00,N624FB,1,615,1930.4471544715447154,0,2,0,0
2025-05-13 06:00:00+00,N625FB,1,961,2017.6638917793964620,0,6,0,0
2025-05-13 07:00:00+00,N624FB,1,1277,1789.7024275646045419,1550,0,0,0
2025-05-13 08:00:00+00,N624FB,1,196,1920.5357142857142857,0,1,0,0
2025-05-13 08:00:00+00,N625FB,1,1439,1969.8054204308547603,0,3,0,0
2025-05-13 09:00:00+00,N625FB,1,856,1987.6460280373831776,0,4,0,0
2025-05-13 12:00:00+00,N623FB,1,493,2503.4482758620689655,0,10,0,0
2025-05-13 15:00:00+00,N623FB,1,452,2021.4601769911504425,0,2,0,0
2025-05-13 16:00:00+00,N623FB,1,1352,1760.7063609467455621,0,1,0,0
2025-05-13 23:00:00+00,N625FB,1,1014,1973.1262327416173570,0,2,0,0
2025-05-14 00:00:00+00,N625FB,2,1177,2012.3406966864910790,0,2,0,0
2025-05-14 02:00:00+00,N625FB,1,1133,1976.6328331862312445,0,1,0,0
2025-05-14 03:00:00+00,N624FB,2,583,1949.6140651801029160,0,2,0,0
2025-05-14 03:00:00+00,N625FB,1,973,2082.6053442959917780,0,6,0,0
2025-05-14 04:00:00+00,N624FB,1,1214,1864.9093904448105437,1525,0,0,0
2025-05-14 05:00:00+00,N624FB,1,128,2033.2031250000000000,0,1,0,0
2025-05-14 05:00:00+00,N625FB,1,1020,1949.4852941176470588,0,2,0,0
2025-05-14 06:00:00+00,N624FB,1,607,2258.2372322899505766,0,3,0,0
2025-05-14 06:00:00+00,N625FB,1,712,1937.8862359550561798,0,3,0,0
2025-05-14 07:00:00+00,N624FB,1,1257,1882.2991249005568815,1500,0,0,0
2025-05-14 07:00:00+00,N625FB,1,3,0.00000000000000000000,0,3,0,0
2025-05-14 08:00:00+00,N624FB,1,92,1962.5000000000000000,0,1,0,0
2025-05-14 08:00:00+00,N625FB,1,1377,1959.4408133623819898,1625,0,0,0
2025-05-14 09:00:00+00,N625FB,1,872,2110.9231651376146789,0,6,0,0
2025-05-14 17:00:00+00,N623FB,1,25,1645.0000000000000000,0,1,0,0
2025-05-14 18:00:00+00,N623FB,1,1234,1916.2479740680713128,0,1,0,0
2025-05-14 23:00:00+00,N622FB,1,1298,1941.2750385208012327,0,1,0,0
2025-05-15 00:00:00+00,N622FB,1,1280,1845.3515625000000000,0,4,0,0
2025-05-15 02:00:00+00,N622FB,1,1102,1907.0099818511796733,0,1,0,0
2025-05-15 03:00:00+00,N622FB,1,1000,1946.4250000000000000,0,3,0,0
2025-05-15 03:00:00+00,N624FB,1,530,1910.5188679245283019,0,2,0,0
2025-05-15 04:00:00+00,N624FB,1,1414,1978.5537482319660537,1625,0,0,0
2025-05-15 05:00:00+00,N624FB,1,340,2080.5882352941176471,0,4,0,0
2025-05-15 05:00:00+00,N625FB,1,1378,1868.0878084179970972,0,1,0,0
2025-05-15 06:00:00+00,N624FB,1,567,2007.2310405643738977,0,2,0,0
2025-05-15 06:00:00+00,N625FB,1,788,1843.7500000000000000,0,5,0,0
2025-05-15 07:00:00+00,N624FB,1,1560,2282.8365384615384615,1625,0,0,0
2025-05-15 08:00:00+00,N624FB,1,192,1904.6875000000000000,1575,0,0,0
2025-05-15 08:00:00+00,N625FB,1,1445,1793.1141868512110727,1550,0,0,0
2025-05-15 09:00:00+00,N625FB,1,817,1775.8261933904528764,1550,0,0,0
2025-05-15 15:00:00+00,N623FB,2,1073,2034.2264678471575023,1450,0,0,0
2025-05-15 16:00:00+00,N623FB,1,856,1845.8820093457943925,1550,0,0,0
2025-05-15 17:00:00+00,N623FB,2,615,1925.5284552845528455,1450,0,0,0
2025-05-15 18:00:00+00,N623FB,1,607,2044.6457990115321252,0,1,0,0
2025-05-15 19:00:00+00,N623FB,1,589,1796.8590831918505942,1475,0,0,0
2025-05-15 22:00:00+00,N624FB,1,155,2288.7096774193548387,0,2,0,0
2025-05-15 23:00:00+00,N624FB,1,1376,2394.8946220930232558,1650,0,0,0
2025-05-16 00:00:00+00,N624FB,1,1509,1921.3717693836978131,1725,0,0,0
2025-05-16 01:00:00+00,N624FB,2,952,1865.9138655462184874,0,2,0,0
2025-05-16 02:00:00+00,N624FB,1,1526,2032.4377457404980341,1750,0,0,0
2025-05-16 03:00:00+00,N624FB,1,119,2022.8991596638655462,0,2,0,0
2025-05-16 03:00:00+00,N625FB,1,538,2000.9758364312267658,0,1,0,0
2025-05-16 04:00:00+00,N625FB,1,1496,1832.6036096256684492,1525,0,0,0
2025-05-16 05:00:00+00,N623FB,1,1397,1845.7766642806012885,1500,0,0,0
2025-05-16 05:00:00+00,N625FB,1,423,1797.7541371158392435,0,4,0,0
2025-05-16 06:00:00+00,N623FB,1,816,1658.1801470588235294,0,4,0,0
2025-05-16 06:00:00+00,N625FB,1,634,1886.1198738170347003,0,1,0,0
2025-05-16 07:00:00+00,N625FB,1,1407,2017.8926794598436389,1575,0,0,0
2025-05-16 08:00:00+00,N623FB,1,1292,1927.1284829721362229,0,1,0,0
2025-05-16 08:00:00+00,N625FB,2,309,1947.0873786407766990,0,1,0,0
2025-05-16 09:00:00+00,N623FB,1,833,1771.7587034813925570,0,4,0,0
2025-05-16 17:00:00+00,N623FB,1,180,1906.3888888888888889,1500,0,0,0
2025-05-16 18:00:00+00,N623FB,1,1249,1956.4051240992794235,0,1,0,0
2025-05-16 22:00:00+00,N622FB,1,5,1280.0000000000000000,0,1,0,0
2025-05-16 23:00:00+00,N622FB,1,1388,1909.7082132564841499,1650,0,0,0
2025-05-17 00:00:00+00,N622FB,1,230,1886.8478260869565217,0,3,0,0
2025-05-17 02:00:00+00,N622FB,1,1387,1996.4852198990627253,0,3,0,0
2025-05-17 03:00:00+00,N622FB,1,864,2177.0254629629629630,0,4,0,0
2025-05-17 03:00:00+00,N625FB,1,634,1972.0820189274447950,0,2,0,0
2025-05-17 04:00:00+00,N625FB,1,1379,1861.4213197969543147,1575,0,0,0
2025-05-17 05:00:00+00,N624FB,1,1208,1951.8004966887417219,0,2,0,0
2025-05-17 05:00:00+00,N625FB,1,129,1842.6356589147286822,0,4,0,0
2025-05-17 06:00:00+00,N624FB,1,1050,1903.5476190476190476,0,3,0,0
2025-05-17 06:00:00+00,N625FB,1,654,1946.4449541284403670,0,2,0,0
2025-05-17 07:00:00+00,N625FB,1,1236,1872.3098705501618123,1575,0,0,0
2025-05-17 08:00:00+00,N624FB,1,1280,1899.7851562500000000,1650,0,0,0
2025-05-17 08:00:00+00,N625FB,1,196,1920.5357142857142857,1575,0,0,0
2025-05-17 09:00:00+00,N624FB,1,777,1782.9794079794079794,0,4,0,0
2025-05-17 23:00:00+00,N624FB,1,1385,2103.9169675090252708,0,2,0,0
2025-05-18 00:00:00+00,N624FB,1,683,2016.2518301610541728,0,3,0,0
2025-05-18 01:00:00+00,N624FB,1,3,0.00000000000000000000,0,3,0,0
2025-05-18 02:00:00+00,N624FB,1,1397,2116.4459556191839656,1725,0,0,0
2025-05-18 03:00:00+00,N624FB,1,950,2124.2894736842105263,0,1,0,0
2025-05-18 03:00:00+00,N625FB,1,717,2252.3012552301255230,0,1,0,0
2025-05-18 04:00:00+00,N625FB,1,1349,2093.4581171237954040,1575,0,0,0
2025-05-18 05:00:00+00,N624FB,1,1329,2014.9548532731376975,0,2,0,0
2025-05-18 05:00:00+00,N625FB,1,155,2058.5483870967741935,0,5,0,0
2025-05-18 06:00:00+00,N624FB,1,1071,1891.4098972922502334,0,1,0,0
2025-05-18 06:00:00+00,N625FB,1,716,2086.5223463687150838,0,2,0,0
2025-05-18 07:00:00+00,N625FB,1,1364,2087.3167155425219941,1600,0,0,0
2025-05-18 08:00:00+00,N624FB,1,1329,2016.6666666666666667,0,1,0,0
2025-05-18 08:00:00+00,N625FB,1,129,2120.1550387596899225,1625,0,0,0
2025-05-18 09:00:00+00,N624FB,1,1351,2525.8142116950407106,0,4,0,0
2025-05-18 10:00:00+00,N624FB,1,717,2247.9428172942817294,1725,0,0,0
2025-05-18 11:00:00+00,N624FB,1,89,1957.0224719101123596,0,4,0,0
2025-05-18 15:00:00+00,N623FB,1,1042,2150.0719769673704415,0,1,0,0
2025-05-18 16:00:00+00,N623FB,1,879,1844.6814562002275313,0,4,0,0
2025-05-18 23:00:00+00,N622FB,1,1288,1926.4945652173913043,0,2,0,0
2025-05-19 00:00:00+00,N622FB,1,911,2019.9780461031833150,0,4,0,0
2025-05-19 02:00:00+00,N622FB,1,1244,2083.3400321543408360,1625,0,0,0
2025-05-19 03:00:00+00,N622FB,1,1109,1928.4039675383228133,0,3,0,0
2025-05-19 03:00:00+00,N624FB,1,637,2028.2182103610675039,0,1,0,0
2025-05-19 04:00:00+00,N624FB,1,1293,2032.1925754060324826,1625,0,0,0
2025-05-19 05:00:00+00,N624FB,1,95,1977.8947368421052632,0,4,0,0
2025-05-19 05:00:00+00,N625FB,1,1395,2056.9534050179211470,0,2,0,0
2025-05-19 06:00:00+00,N624FB,1,592,2040.2449324324324324,0,1,0,0
2025-05-19 06:00:00+00,N625FB,1,984,2046.2144308943089431,0,3,0,0
2025-05-19 07:00:00+00,N624FB,1,1315,1980.7034220532319392,1625,0,0,0
2025-05-19 07:00:00+00,N625FB,1,6,1058.3333333333333333,0,2,0,0
2025-05-19 08:00:00+00,N624FB,1,35,1802.1428571428571429,0,1,0,0
2025-05-19 08:00:00+00,N625FB,1,1422,2047.1870604781997187,1625,0,0,0
2025-05-19 09:00:00+00,N625FB,1,744,2069.5900537634408602,0,6,0,0
2025-05-19 15:00:00+00,N623FB,1,718,1771.4832869080779944,0,1,0,0
2025-05-19 16:00:00+00,N623FB,1,845,1743.5502958579881657,0,1,0,0
2025-05-19 18:00:00+00,N623FB,1,702,1885.7549857549857550,0,1,0,0
2025-05-19 19:00:00+00,N623FB,1,925,1864.5675675675675676,1550,0,0,0
2025-05-19 20:00:00+00,N623FB,1,396,1882.1338383838383838,1550,0,0,0
2025-05-19 23:00:00+00,N624FB,1,990,1945.0000000000000000,0,2,0,0
2025-05-20 00:00:00+00,N624FB,1,811,2029.2231812577065351,1625,0,0,0
2025-05-20 02:00:00+00,N624FB,1,918,1891.8300653594771242,0,3,0,0
2025-05-20 03:00:00+00,N622FB,1,562,1859.1637010676156584,0,2,0,0
2025-05-20 03:00:00+00,N624FB,1,1104,1981.7481884057971014,0,1,0,0
2025-05-20 04:00:00+00,N622FB,1,1386,1810.4978354978354978,1500,0,0,0
2025-05-20 05:00:00+00,N622FB,1,140,1992.6785714285714286,0,1,0,0
2025-05-20 05:00:00+00,N625FB,1,1440,2061.9618055555555556,0,3,0,0
2025-05-20 06:00:00+00,N622FB,1,641,1953.0421216848673947,1525,0,0,0
2025-05-20 06:00:00+00,N625FB,1,1230,2055.3048780487804878,0,3,0,0
2025-05-20 07:00:00+00,N622FB,1,1373,1922.4144209759650401,1750,0,0,0
2025-05-20 07:00:00+00,N625FB,1,1,0.00000000000000000000,0,1,0,0
2025-05-20 08:00:00+00,N622FB,1,94,1923.1382978723404255,0,3,0,0
2025-05-20 08:00:00+00,N625FB,1,1469,2307.4029952348536419,0,2,0,0
2025-05-20 09:00:00+00,N625FB,1,1216,2146.6282894736842105,0,4,0,0
2025-05-20 15:00:00+00,N623FB,2,325,1878.5384615384615385,1450,0,0,0
2025-05-20 16:00:00+00,N623FB,2,925,1785.3513513513513514,0,3,0,0
2025-05-20 19:00:00+00,N623FB,1,1069,1900.6314312441534144,1500,0,0,0
2025-05-20 20:00:00+00,N623FB,1,90,1837.7777777777777778,0,1,0,0
2025-05-20 23:00:00+00,N624FB,1,1063,2038.8287864534336783,0,2,0,0
2025-05-21 00:00:00+00,N624FB,1,944,1851.5889830508474576,0,4,0,0
2025-05-21 02:00:00+00,N624FB,1,913,2042.5246440306681271,0,2,0,0
2025-05-21 03:00:00+00,N622FB,1,616,1860.9983766233766234,0,3,0,0
2025-05-21 03:00:00+00,N624FB,1,1128,1981.0948581560283688,0,4,0,0
2025-05-21 04:00:00+00,N622FB,1,1395,1823.9426523297491039,1475,0,0,0
2025-05-21 05:00:00+00,N622FB,1,194,1841.8814432989690722,0,1,0,0
2025-05-21 05:00:00+00,N625FB,1,1334,1893.4782608695652174,0,3,0,0
2025-05-21 06:00:00+00,N622FB,1,516,1779.4573643410852713,0,3,0,0
2025-05-21 06:00:00+00,N625FB,1,1091,1942.8047662694775435,0,3,0,0
2025-05-21 07:00:00+00,N622FB,1,1385,1787.4187725631768953,1525,0,0,0
2025-05-21 07:00:00+00,N625FB,1,21,1580.9523809523809524,0,3,0,0
2025-05-21 08:00:00+00,N622FB,1,133,1829.1353383458646617,0,4,0,0
2025-05-21 08:00:00+00,N625FB,1,1424,1897.9283707865168539,1625,0,0,0
2025-05-21 09:00:00+00,N625FB,1,1006,2149.6769383697813121,0,3,0,0
2025-05-21 14:00:00+00,N621FB,2,412,1922.8762135922330097,0,9,0,0
2025-05-21 14:00:00+00,N623FB,1,8,1706.2500000000000000,1475,0,0,0
2025-05-21 15:00:00+00,N621FB,1,105,2104.5238095238095238,0,3,0,0
2025-05-21 15:00:00+00,N623FB,2,581,2065.1893287435456110,1475,0,0,0
2025-05-21 16:00:00+00,N621FB,1,974,3944.7125256673511294,0,3,0,0
2025-05-21 17:00:00+00,N623FB,1,210,1892.2619047619047619,0,1,0,0
2025-05-21 18:00:00+00,N623FB,1,1100,1980.8863636363636364,1450,0,0,0
2025-05-21 23:00:00+00,N621FB,1,1266,1922.1366508688783570,0,2,0,0
2025-05-22 00:00:00+00,N621FB,1,1183,1859.8901098901098901,0,4,0,0
2025-05-22 02:00:00+00,N621FB,1,1011,1880.2917903066271019,0,3,0,0
2025-05-22 03:00:00+00,N621FB,1,931,1791.1117078410311493,0,4,0,0
2025-05-22 03:00:00+00,N624FB,1,702,2379.3447293447293447,1575,0,0,0
2025-05-22 04:00:00+00,N624FB,1,1477,2807.4475287745429926,1825,0,0,0
2025-05-22 05:00:00+00,N622FB,1,1296,1885.0501543209876543,0,1,0,0
2025-05-22 05:00:00+00,N624FB,1,103,1977.4271844660194175,1550,0,0,0
2025-05-22 06:00:00+00,N622FB,1,1086,2056.5837937384898711,0,4,0,0
2025-05-22 06:00:00+00,N624FB,1,631,1800.1980982567353407,0,3,0,0
2025-05-22 07:00:00+00,N624FB,1,1364,1791.2023460410557185,1525,0,0,0
2025-05-22 08:00:00+00,N622FB,1,1313,1960.3008377760853008,1575,0,0,0
2025-05-22 09:00:00+00,N622FB,1,778,1939.6208226221079692,0,5,0,0
2025-05-22 15:00:00+00,N623FB,1,1143,1922.3534558180227472,0,4,0,0
2025-05-22 18:00:00+00,N623FB,1,1239,1815.0322841000807103,0,1,0,0
2025-05-22 19:00:00+00,N623FB,1,115,1868.9130434782608696,1500,0,0,0
2025-05-22 23:00:00+00,N621FB,1,1383,2041.6305133767172813,0,1,0,0
2025-05-23 00:00:00+00,N621FB,1,785,2088.1210191082802548,0,3,0,0
2025-05-23 02:00:00+00,N621FB,1,1268,2082.9258675078864353,0,5,0,0
2025-05-23 03:00:00+00,N621FB,1,798,2155.8583959899749373,1575,0,0,0
2025-05-23 03:00:00+00,N622FB,1,663,2141.9306184012066365,0,3,0,0
2025-05-23 04:00:00+00,N622FB,1,1320,1765.5113636363636364,1575,0,0,0
2025-05-23 05:00:00+00,N622FB,1,179,1870.8100558659217877,0,4,0,0
2025-05-23 05:00:00+00,N625FB,1,1158,1901.0362694300518135,0,2,0,0
2025-05-23 06:00:00+00,N622FB,1,595,1843.3613445378151261,0,2,0,0
2025-05-23 06:00:00+00,N625FB,1,1324,1871.9410876132930514,0,3,0,0
2025-05-23 07:00:00+00,N622FB,1,1403,1844.5830363506771205,1525,0,0,0
2025-05-23 08:00:00+00,N622FB,1,206,1977.0631067961165049,0,3,0,0
2025-05-23 08:00:00+00,N625FB,1,1368,1945.6871345029239766,0,1,0,0
2025-05-23 09:00:00+00,N625FB,1,745,1875.9060402684563758,0,5,0,0
2025-05-23 15:00:00+00,N625FB,1,1320,1800.7575757575757576,0,2,0,0
2025-05-23 16:00:00+00,N625FB,1,943,1688.1760339342523860,0,2,0,0
2025-05-23 22:00:00+00,N624FB,1,845,2253.9349112426035503,0,3,0,0
2025-05-23 23:00:00+00,N624FB,1,1126,2166.0079928952042629,0,2,0,0
2025-05-24 02:00:00+00,N624FB,1,1212,2175.0206270627062706,0,1,0,0
2025-05-24 03:00:00+00,N622FB,1,617,2175.4051863857374392,0,2,0,0
2025-05-24 03:00:00+00,N624FB,1,962,2076.4293139293139293,0,2,0,0
2025-05-24 04:00:00+00,N622FB,1,1508,2126.8070291777188329,1850,0,0,0
2025-05-24 04:00:00+00,N623FB,1,86,1997.0930232558139535,0,2,0,0
2025-05-24 05:00:00+00,N622FB,1,487,1871.0472279260780287,0,5,0,0
2025-05-24 05:00:00+00,N623FB,1,1479,2210.6152805949966193,1600,0,0,0
2025-05-24 06:00:00+00,N622FB,1,583,1853.7735849056603774,0,4,0,0
2025-05-24 06:00:00+00,N623FB,1,817,1843.6046511627906977,0,4,0,0
2025-05-24 07:00:00+00,N622FB,1,1380,1943.7500000000000000,1575,0,0,0
2025-05-24 07:00:00+00,N623FB,1,1,0.00000000000000000000,0,1,0,0
2025-05-24 08:00:00+00,N622FB,2,91,1892.5824175824175824,0,8,0,0
2025-05-24 08:00:00+00,N623FB,1,1360,1858.3823529411764706,1525,0,0,0
2025-05-24 09:00:00+00,N623FB,1,1390,1823.2913669064748201,1475,0,0,0
2025-05-24 10:00:00+00,N623FB,1,193,1856.8652849740932642,0,4,0,0
2025-05-24 15:00:00+00,N623FB,1,1185,1875.7594936708860759,0,1,0,0
2025-05-24 16:00:00+00,N623FB,1,196,1826.5306122448979592,1475,0,0,0
2025-05-24 17:00:00+00,N623FB,1,24,1632.2916666666666667,0,2,0,0
2025-05-24 18:00:00+00,N623FB,1,1226,2124.6941272430668842,1625,0,0,0
2025-05-24 19:00:00+00,N623FB,1,75,1898.0000000000000000,1500,0,0,0
2025-05-24 22:00:00+00,N622FB,1,634,1835.0946372239747634,0,2,0,0
2025-05-24 23:00:00+00,N622FB,1,1181,2000.7408975444538527,1600,0,0,0
2025-05-25 00:00:00+00,N622FB,1,17,1361.7647058823529412,0,3,0,0
2025-05-25 02:00:00+00,N622FB,1,1103,2030.0317316409791478,0,4,0,0
2025-05-25 03:00:00+00,N621FB,1,590,4036.3559322033898305,0,2,0,0
2025-05-25 03:00:00+00,N622FB,1,914,2085.6400437636761488,0,1,0,0
2025-05-25 04:00:00+00,N621FB,1,1490,3981.8120805369127517,1975,0,0,0
2025-05-25 05:00:00+00,N621FB,1,850,2088.2352941176470588,0,3,0,0
2025-05-25 05:00:00+00,N622FB,1,1330,1870.7706766917293233,0,2,0,0
2025-05-25 06:00:00+00,N621FB,1,575,1975.4782608695652174,0,2,0,0
2025-05-25 06:00:00+00,N622FB,1,933,1900.9110396570203644,0,4,0,0
2025-05-25 07:00:00+00,N621FB,1,1315,1960.4182509505703422,1650,0,0,0
2025-05-25 08:00:00+00,N621FB,1,1021,1867.8011753183153771,0,2,0,0
2025-05-25 08:00:00+00,N622FB,1,963,1926.0124610591900312,0,2,0,0
2025-05-25 09:00:00+00,N622FB,1,1310,1861.2022900763358779,0,3,0,0
2025-05-25 10:00:00+00,N622FB,1,556,1911.7356115107913669,1725,0,0,0
2025-05-25 11:00:00+00,N622FB,1,65,1932.3076923076923077,0,3,0,0
2025-05-25 15:00:00+00,N622FB,1,387,2085.6589147286821705,0,1,0,0
2025-05-25 16:00:00+00,N622FB,1,920,1718.5054347826086957,1400,0,0,0
2025-05-25 19:00:00+00,N622FB,1,1276,1783.6990595611285266,1475,0,0,0
2025-05-25 20:00:00+00,N622FB,1,324,1888.0401234567901235,0,4,0,0
2025-05-25 23:00:00+00,N624FB,1,1170,1904.0598290598290598,0,4,0,0
2025-05-26 00:00:00+00,N624FB,1,826,1982.0217917675544794,0,6,0,0
2025-05-26 02:00:00+00,N624FB,1,1417,2009.2448835568101623,0,2,0,0
2025-05-26 03:00:00+00,N622FB,1,577,1824.4367417677642981,0,3,0,0
2025-05-26 03:00:00+00,N624FB,1,948,1999.7890295358649789,0,3,0,0
2025-05-26 04:00:00+00,N622FB,1,1084,1854.6356088560885609,1550,0,0,0
2025-05-26 05:00:00+00,N622FB,1,295,1754.4915254237288136,1550,0,0,0
2025-05-26 05:00:00+00,N625FB,1,1238,1988.0048465266558966,0,3,0,0
2025-05-26 06:00:00+00,N622FB,1,532,1858.7875939849624060,1525,0,0,0
2025-05-26 06:00:00+00,N625FB,1,854,1902.0199063231850117,0,4,0,0
2025-05-26 07:00:00+00,N622FB,1,1306,1788.8782542113323124,1500,0,0,0
2025-05-26 08:00:00+00,N622FB,1,97,1981.7010309278350515,0,1,0,0
2025-05-26 08:00:00+00,N625FB,1,1324,1967.7114803625377644,0,2,0,0
2025-05-26 09:00:00+00,N625FB,1,868,1869.4124423963133641,0,3,0,0
2025-05-26 16:00:00+00,N622FB,1,948,1854.2194092827004219,1500,0,0,0
2025-05-26 17:00:00+00,N622FB,1,323,1717.4922600619195046,0,4,0,0
2025-05-26 19:00:00+00,N622FB,1,1081,2014.4542090656799260,0,2,0,0
2025-05-26 21:00:00+00,N624FB,1,820,1647.7134146341463415,0,3,0,0
2025-05-26 22:00:00+00,N624FB,1,487,1902.1560574948665298,0,2,0,0
2025-05-26 23:00:00+00,N624FB,1,983,1899.1098677517802645,0,1,0,0
2025-05-27 00:00:00+00,N624FB,1,949,1869.3624868282402529,0,4,0,0
2025-05-27 02:00:00+00,N624FB,1,1322,1892.3033282904689864,0,3,0,0
2025-05-27 03:00:00+00,N623FB,1,598,1892.3494983277591973,0,1,0,0
2025-05-27 03:00:00+00,N624FB,1,1277,1772.4941268598277212,0,2,0,0
2025-05-27 04:00:00+00,N623FB,1,1264,1751.1867088607594937,1500,0,0,0
2025-05-27 05:00:00+00,N623FB,1,113,1970.3539823008849558,0,1,0,0
2025-05-27 05:00:00+00,N625FB,1,1305,1903.9272030651340996,1575,0,0,0
2025-05-27 06:00:00+00,N623FB,1,556,1812.6798561151079137,0,3,0,0
2025-05-27 06:00:00+00,N625FB,1,1227,1879.8288508557457213,0,3,0,0
2025-05-27 07:00:00+00,N623FB,1,1054,1807.6612903225806452,1550,0,0,0
2025-05-27 07:00:00+00,N625FB,1,17,1832.3529411764705882,1550,0,0,0
2025-05-27 08:00:00+00,N623FB,1,39,1732.0512820512820513,0,2,0,0
2025-05-27 08:00:00+00,N625FB,1,1372,1878.8265306122448980,1550,0,0,0
2025-05-27 09:00:00+00,N625FB,1,845,1834.6745562130177515,0,4,0,0
2025-05-27 15:00:00+00,N621FB,1,1066,1915.2204502814258912,0,1,0,0
2025-05-27 16:00:00+00,N621FB,1,84,1936.6071428571428571,1475,0,0,0
2025-05-27 19:00:00+00,N624FB,2,564,2117.5975177304964539,0,2,0,0
2025-05-27 20:00:00+00,N624FB,1,122,1947.9508196721311475,0,3,0,0
2025-05-27 23:00:00+00,N624FB,1,1296,2002.5270061728395062,0,3,0,0
2025-05-28 00:00:00+00,N624FB,1,679,2007.2533136966126657,0,4,0,0
2025-05-28 02:00:00+00,N624FB,1,1145,2005.1091703056768559,0,3,0,0
2025-05-28 03:00:00+00,N623FB,1,517,1873.6460348162475822,0,3,0,0
2025-05-28 03:00:00+00,N624FB,1,804,1682.3694029850746269,0,4,0,0
2025-05-28 04:00:00+00,N623FB,1,1331,1816.3786626596543952,1525,0,0,0
2025-05-28 05:00:00+00,N623FB,1,83,1886.1445783132530120,0,3,0,0
2025-05-28 05:00:00+00,N624FB,1,1428,1958.4033613445378151,0,2,0,0
2025-05-28 06:00:00+00,N623FB,1,593,1826.5598650927487352,0,1,0,0
2025-05-28 06:00:00+00,N624FB,1,628,2081.1703821656050955,0,3,0,0
2025-05-28 07:00:00+00,N623FB,1,1314,1905.4223744292237443,1575,0,0,0
2025-05-28 07:00:00+00,N624FB,1,11,1202.2727272727272727,0,3,0,0
2025-05-28 08:00:00+00,N623FB,1,153,1990.1960784313725490,0,1,0,0
2025-05-28 08:00:00+00,N624FB,1,1244,2268.2475884244372990,1525,0,0,0
2025-05-28 09:00:00+00,N624FB,1,580,2243.6637931034482759,0,2,0,0
2025-05-28 15:00:00+00,N623FB,1,1,0.00000000000000000000,0,1,0,0
2025-05-28 15:00:00+00,N624FB,1,1178,2025.0212224108658744,0,3,0,0
2025-05-28 21:00:00+00,N624FB,1,1061,1887.0405278039585297,0,1,0,0
2025-05-28 22:00:00+00,N624FB,1,815,1997.9141104294478528,0,4,0,0
2025-05-29 00:00:00+00,N624FB,1,990,2210.8080808080808081,0,2,0,0
2025-05-29 01:00:00+00,N624FB,1,933,2021.5969989281886388,0,2,0,0
2025-05-29 03:00:00+00,N622FB,1,556,1953.1924460431654676,0,2,0,0
2025-05-29 04:00:00+00,N621FB,1,25,1918.0000000000000000,0,1,0,0
2025-05-29 04:00:00+00,N622FB,1,1351,1872.6868985936343449,1600,0,0,0
2025-05-29 05:00:00+00,N621FB,1,1249,1870.4963971176941553,1600,0,0,0
2025-05-29 05:00:00+00,N622FB,1,101,1898.2673267326732673,0,4,0,0
2025-05-29 06:00:00+00,N621FB,1,820,1828.1707317073170732,0,3,0,0
2025-05-29 06:00:00+00,N622FB,1,624,2002.4439102564102564,0,1,0,0
2025-05-29 07:00:00+00,N622FB,1,1538,2100.5364109232769831,1850,0,0,0
2025-05-29 08:00:00+00,N621FB,1,1260,1928.8095238095238095,0,2,0,0
2025-05-29 08:00:00+00,N622FB,1,108,1891.8981481481481481,0,4,0,0
2025-05-29 09:00:00+00,N621FB,1,512,2096.0937500000000000,0,3,0,0
2025-05-29 14:00:00+00,N621FB,1,428,1857.3598130841121495,0,1,0,0
2025-05-29 15:00:00+00,N621FB,1,804,1860.8830845771144279,0,1,0,0
2025-05-29 15:00:00+00,N624FB,2,140,1942.6785714285714286,0,2,0,0
2025-05-29 17:00:00+00,N624FB,3,300,1971.0000000000000000,0,1,0,0
2025-05-29 18:00:00+00,N621FB,1,1220,1959.2213114754098361,0,2,0,0
2025-05-29 22:00:00+00,N625FB,1,13,1290.3846153846153846,0,3,0,0
2025-05-29 23:00:00+00,N625FB,1,1364,2080.2419354838709677,0,1,0,0
2025-05-30 00:00:00+00,N625FB,1,588,1955.9098639455782313,0,3,0,0
2025-05-30 02:00:00+00,N625FB,1,1359,1881.7696835908756439,0,4,0,0
2025-05-30 03:00:00+00,N621FB,1,605,1885.2892561983471074,0,2,0,0
2025-05-30 03:00:00+00,N625FB,1,880,1949.3181818181818182,0,3,0,0
2025-05-30 04:00:00+00,N621FB,1,1508,1868.5842175066312997,1575,0,0,0
2025-05-30 05:00:00+00,N621FB,1,361,1865.9279778393351801,0,4,0,0
2025-05-30 05:00:00+00,N622FB,1,1293,1813.6310904872389791,0,2,0,0
2025-05-30 06:00:00+00,N621FB,1,656,1971.7606707317073171,1450,0,0,0
2025-05-30 06:00:00+00,N622FB,2,891,1835.6341189674523008,0,4,0,0
2025-05-30 07:00:00+00,N621FB,1,1363,1771.6250917094644167,1500,0,0,0
2025-05-30 08:00:00+00,N621FB,1,341,1755.1319648093841642,0,3,0,0
2025-05-30 08:00:00+00,N622FB,1,1406,1715.5227596017069701,0,2,0,0
2025-05-30 09:00:00+00,N622FB,1,774,1696.5116279069767442,0,4,0,0
2025-05-30 15:00:00+00,N621FB,1,806,1891.9354838709677419,0,2,0,0
2025-05-30 16:00:00+00,N621FB,3,121,1795.6611570247933884,0,2,0,0
2025-05-30 18:00:00+00,N621FB,1,971,1839.7785787847579815,0,2,0,0
2025-05-30 19:00:00+00,N621FB,1,373,1849.6648793565683646,0,4,0,0
2025-05-30 22:00:00+00,N625FB,1,616,1828.7743506493506494,0,2,0,0
2025-05-30 23:00:00+00,N625FB,1,1266,1879.3048973143759874,0,3,0,0
2025-05-31 02:00:00+00,N625FB,1,1256,2040.0875796178343949,0,2,0,0
2025-05-31 03:00:00+00,N624FB,1,684,2060.1608187134502924,0,2,0,0
2025-05-31 03:00:00+00,N625FB,1,998,1790.0801603206412826,0,4,0,0
2025-05-31 04:00:00+00,N622FB,1,2,0.00000000000000000000,0,2,0,0
2025-05-31 04:00:00+00,N624FB,1,1305,1945.4214559386973180,1600,0,0,0
2025-05-31 05:00:00+00,N622FB,1,1321,1728.0090840272520818,1500,0,0,0
2025-05-31 05:00:00+00,N624FB,1,277,1799.1877256317689531,0,4,0,0
2025-05-31 06:00:00+00,N622FB,1,916,1805.7041484716157205,0,4,0,0
2025-05-31 06:00:00+00,N624FB,1,551,1909.6188747731397459,0,2,0,0
2025-05-31 07:00:00+00,N624FB,1,1312,1816.9397865853658537,1475,0,0,0
2025-05-31 08:00:00+00,N622FB,1,1333,1801.2190547636909227,0,1,0,0
2025-05-31 08:00:00+00,N624FB,1,200,1870.0000000000000000,0,3,0,0
2025-05-31 09:00:00+00,N622FB,1,1097,1929.8313582497721057,0,4,0,0
2025-05-31 14:00:00+00,N624FB,1,129,1847.8682170542635659,0,1,0,0
2025-05-31 15:00:00+00,N624FB,1,1316,1800.8358662613981763,1400,0,0,0
2025-05-31 16:00:00+00,N624FB,1,44,1602.2727272727272727,0,2,0,0
2025-05-31 18:00:00+00,N624FB,1,688,1732.1220930232558140,0,2,0,0
2025-05-31 19:00:00+00,N624FB,1,1329,1830.3047404063205418,1475,0,0,0
2025-05-31 23:00:00+00,N625FB,1,1403,2071.0798289379900214,0,3,0,0
2025-06-01 00:00:00+00,N625FB,1,1090,1970.0458715596330275,0,2,0,0
2025-06-01 02:00:00+00,N625FB,1,1168,1925.0214041095890411,0,3,0,0
2025-06-01 03:00:00+00,N621FB,1,596,1976.3003355704697987,0,2,0,0
2025-06-01 03:00:00+00,N625FB,1,809,2045.7045735475896168,0,3,0,0
2025-06-01 04:00:00+00,N621FB,1,1255,2005.3984063745019920,1600,0,0,0
2025-06-01 05:00:00+00,N621FB,1,157,2017.3566878980891720,0,5,0,0
2025-06-01 05:00:00+00,N622FB,1,1252,1918.4704472843450479,0,3,0,0
2025-06-01 06:00:00+00,N621FB,1,642,1967.0560747663551402,0,1,0,0
2025-06-01 06:00:00+00,N622FB,1,912,1899.0953947368421053,0,3,0,0
2025-06-01 07:00:00+00,N621FB,1,1246,1915.9109149277688604,1550,0,0,0
2025-06-01 08:00:00+00,N621FB,1,651,1907.1044546850998464,0,9,0,0
2025-06-01 08:00:00+00,N622FB,1,1099,1872.8844404003639672,0,1,0,0
2025-06-01 09:00:00+00,N622FB,1,884,1769.2307692307692308,0,4,0,0
2025-06-01 15:00:00+00,N625FB,1,1033,1989.1335914811229429,0,1,0,0
2025-06-01 16:00:00+00,N625FB,1,1137,1784.2348284960422164,0,1,0,0
2025-06-01 18:00:00+00,N625FB,1,126,1873.8095238095238095,0,1,0,0
2025-06-01 19:00:00+00,N625FB,1,1236,1767.2936893203883495,1375,0,0,0
2025-06-01 20:00:00+00,N625FB,1,399,1846.7418546365914787,0,1,0,0
2025-06-01 23:00:00+00,N622FB,1,914,1928.4737417943107221,0,2,0,0
2025-06-02 00:00:00+00,N622FB,1,770,1890.4220779220779221,0,5,0,0
2025-06-02 03:00:00+00,N625FB,1,464,1974.7306034482758621,0,2,0,0
2025-06-02 04:00:00+00,N621FB,1,29,1612.9310344827586207,0,2,0,0
2025-06-02 04:00:00+00,N625FB,1,1622,2154.1152897657213317,1850,0,0,0
2025-06-02 05:00:00+00,N621FB,1,1245,1892.7911646586345382,1550,0,0,0
2025-06-02 05:00:00+00,N625FB,2,250,2088.4000000000000000,0,2,0,0
2025-06-02 06:00:00+00,N621FB,1,754,1907.9907161803713528,1475,0,0,0
2025-06-02 06:00:00+00,N625FB,2,678,2171.0914454277286136,0,4,0,0
2025-06-02 07:00:00+00,N621FB,1,52,1845.1923076923076923,0,2,0,0
2025-06-02 07:00:00+00,N625FB,11,1369,2000.0182615047479912,0,3,0,0
2025-06-02 08:00:00+00,N621FB,1,93,1812.3655913978494624,0,2,0,0
2025-06-02 16:00:00+00,N624FB,3,1118,1878.1082289803220036,0,3,0,0
2025-06-02 17:00:00+00,N622FB,1,281,1972.9537366548042705,0,3,0,0
2025-06-02 18:00:00+00,N622FB,1,128,1882.8125000000000000,0,4,0,0
2025-06-02 19:00:00+00,N624FB,1,918,1976.3888888888888889,0,2,0,0
2025-06-02 20:00:00+00,N624FB,1,52,1819.7115384615384615,1475,0,0,0
2025-06-02 23:00:00+00,N621FB,1,1168,1868.3005136986301370,0,1,0,0
2025-06-03 00:00:00+00,N621FB,1,819,2009.5848595848595849,0,3,0,0
2025-06-03 02:00:00+00,N621FB,1,1086,1853.2918968692449355,0,3,0,0
2025-06-03 03:00:00+00,N621FB,1,1257,1929.8926014319809069,0,3,0,0
2025-06-03 03:00:00+00,N622FB,1,607,1903.2537067545304778,0,1,0,0
2025-06-03 04:00:00+00,N622FB,1,1320,1999.9053030303030303,1525,0,0,0
2025-06-03 05:00:00+00,N621FB,1,1273,1872.0738413197172035,0,3,0,0
2025-06-03 05:00:00+00,N622FB,1,243,1854.5267489711934156,0,3,0,0
2025-06-03 06:00:00+00,N621FB,1,1278,1650.8802816901408451,0,3,0,0
2025-06-03 06:00:00+00,N622FB,1,734,1835.7629427792915531,0,4,0,0
2025-06-03 07:00:00+00,N622FB,1,1345,2109.7397769516728625,1725,0,0,0
2025-06-03 08:00:00+00,N621FB,1,1047,2385.0764087870105062,0,2,0,0
2025-06-03 08:00:00+00,N622FB,1,570,2208.3333333333333333,0,2,0,0
2025-06-03 09:00:00+00,N621FB,1,1423,2004.5326774420238932,0,2,0,0
2025-06-03 13:00:00+00,N622FB,2,239,1990.8995815899581590,0,3,0,0
2025-06-03 14:00:00+00,N622FB,3,931,1914.2857142857142857,0,8,0,0
2025-06-03 16:00:00+00,N622FB,1,994,1965.2162977867203219,0,5,0,0
2025-06-03 19:00:00+00,N622FB,1,1064,1919.6193609022556391,0,3,0,0
2025-06-03 20:00:00+00,N622FB,1,45,1651.1111111111111111,0,3,0,0
2025-06-03 23:00:00+00,N621FB,1,1005,1847.4875621890547264,0,2,0,0
2025-06-04 00:00:00+00,N621FB,1,1277,2025.1957713390759593,0,6,0,0
2025-06-04 01:00:00+00,N621FB,1,337,2102.0771513353115727,0,2,0,0
2025-06-04 02:00:00+00,N621FB,1,1520,1947.4506578947368421,1675,0,0,0
2025-06-04 03:00:00+00,N621FB,1,884,2000.5656108597285068,0,2,0,0
2025-06-04 03:00:00+00,N622FB,1,629,1935.9300476947535771,0,2,0,0
2025-06-04 04:00:00+00,N622FB,1,1534,1947.6531942633637549,1550,0,0,0
2025-06-04 05:00:00+00,N621FB,1,1326,1962.6885369532428356,0,2,0,0
2025-06-04 05:00:00+00,N622FB,1,427,1738.4074941451990632,0,3,0,0
2025-06-04 06:00:00+00,N621FB,1,843,2018.8018979833926453,0,3,0,0
2025-06-04 06:00:00+00,N622FB,1,611,1879.4189852700490998,0,2,0,0
2025-06-04 07:00:00+00,N622FB,1,1416,1851.2358757062146893,1575,0,0,0
2025-06-04 08:00:00+00,N621FB,1,597,1979.1038525963149079,0,7,0,0
2025-06-04 08:00:00+00,N622FB,1,228,2134.4298245614035088,0,4,0,0
2025-06-04 13:00:00+00,N622FB,1,386,1934.0673575129533679,0,1,0,0
2025-06-04 14:00:00+00,N622FB,1,827,2004.7460701330108827,0,2,0,0
2025-06-04 17:00:00+00,N622FB,1,31,2000.8064516129032258,1800,0,0,0
2025-06-04 18:00:00+00,N622FB,1,1113,1926.4824797843665768,1575,0,0,0
2025-06-04 18:00:00+00,N625FB,1,1,0.00000000000000000000,0,1,0,0
2025-06-04 19:00:00+00,N622FB,1,284,1879.2253521126760563,1550,0,0,0
2025-06-04 19:00:00+00,N625FB,3,1014,2079.2406311637080868,0,4,0,0
2025-06-04 20:00:00+00,N625FB,1,215,1965.3488372093023256,1575,0,0,0
2025-06-04 23:00:00+00,N621FB,1,1119,2153.0384271671134942,0,2,0,0
2025-06-05 00:00:00+00,N621FB,1,1388,2054.5208933717579251,1725,0,0,0
2025-06-05 01:00:00+00,N621FB,1,58,1864.2241379310344828,0,2,0,0
2025-06-05 02:00:00+00,N621FB,1,711,1946.5189873417721519,0,2,0,0
2025-06-05 03:00:00+00,N621FB,1,935,1906.2299465240641711,0,1,0,0
2025-06-05 03:00:00+00,N625FB,1,675,1994.0370370370370370,0,3,0,0
2025-06-05 04:00:00+00,N625FB,1,1263,1961.1441013460015835,1725,0,0,0
2025-06-05 05:00:00+00,N621FB,1,1281,1980.5815768930523029,0,4,0,0
2025-06-05 05:00:00+00,N625FB,1,192,2010.9375000000000000,0,1,0,0
2025-06-05 06:00:00+00,N621FB,1,835,1975.3592814371257485,0,3,0,0
2025-06-05 06:00:00+00,N625FB,1,607,1863.7973640856672158,0,3,0,0
2025-06-05 07:00:00+00,N621FB,1,1,0.00000000000000000000,0,1,0,0
2025-06-05 07:00:00+00,N625FB,1,1169,1977.5021385799828914,1725,0,0,0
2025-06-05 08:00:00+00,N621FB,1,1285,1855.2918287937743191,0,1,0,0
2025-06-05 08:00:00+00,N625FB,1,90,1932.5000000000000000,0,6,0,0
2025-06-05 09:00:00+00,N621FB,1,294,2066.4965986394557823,0,3,0,0
2025-06-05 14:00:00+00,N625FB,1,137,2056.3868613138686131,0,3,0,0
2025-06-05 15:00:00+00,N625FB,1,323,2048.6842105263157895,0,3,0,0
2025-06-05 16:00:00+00,N621FB,1,687,1851.8922852983988355,0,1,0,0
2025-06-05 17:00:00+00,N621FB,1,270,1927.2222222222222222,0,2,0,0
2025-06-05 23:00:00+00,N622FB,1,1256,1935.7285031847133758,0,5,0,0
2025-06-06 00:00:00+00,N622FB,1,607,1957.8665568369028007,1625,0,0,0
2025-06-06 02:00:00+00,N622FB,1,1221,1867.6085176085176085,0,3,0,0
2025-06-06 03:00:00+00,N622FB,1,649,1939.4067796610169492,1600,0,0,0
2025-06-06 03:00:00+00,N624FB,1,584,1800.4708904109589041,0,2,0,0
2025-06-06 04:00:00+00,N624FB,1,1326,2120.0226244343891403,1675,0,0,0
2025-06-06 04:00:00+00,N625FB,1,1,0.00000000000000000000,0,1,0,0
2025-06-06 05:00:00+00,N624FB,1,21,1782.1428571428571429,1600,0,0,0
2025-06-06 05:00:00+00,N625FB,1,1218,1986.0837438423645320,0,1,0,0
2025-06-06 06:00:00+00,N624FB,1,725,1947.2758620689655172,0,2,0,0
2025-06-06 06:00:00+00,N625FB,1,807,1973.5439900867410161,0,4,0,0
2025-06-06 07:00:00+00,N624FB,1,1384,1891.2752890173410405,1575,0,0,0
2025-06-06 08:00:00+00,N624FB,1,151,2036.4238410596026490,0,4,0,0
2025-06-06 08:00:00+00,N625FB,1,1225,2039.5714285714285714,0,2,0,0
2025-06-06 09:00:00+00,N625FB,1,841,1865.0713436385255648,0,5,0,0
2025-06-06 15:00:00+00,N621FB,1,497,1836.6197183098591549,0,2,0,0
2025-06-06 16:00:00+00,N621FB,1,531,1745.1977401129943503,0,3,0,0
2025-06-06 18:00:00+00,N622FB,1,980,1921.5051020408163265,0,2,0,0
2025-06-06 19:00:00+00,N621FB,1,331,2084.2900302114803625,0,4,0,0
2025-06-06 19:00:00+00,N622FB,2,718,1978.5167130919220056,0,3,0,0
2025-06-06 23:00:00+00,N621FB,1,1293,1924.4586233565351895,0,2,0,0
2025-06-07 00:00:00+00,N621FB,1,284,1919.2781690140845070,0,1,0,0
2025-06-07 02:00:00+00,N621FB,1,1253,1935.7940941739824421,0,3,0,0
2025-06-07 03:00:00+00,N621FB,1,377,2072.0822281167108753,0,2,0,0
2025-06-07 03:00:00+00,N624FB,1,658,1927.5455927051671733,1575,0,0,0
2025-06-07 04:00:00+00,N624FB,1,1246,1933.1861958266452648,1600,0,0,0
2025-06-07 05:00:00+00,N624FB,1,128,1962.5000000000000000,0,5,0,0
2025-06-07 05:00:00+00,N625FB,1,1107,1768.6766034327009937,0,2,0,0
2025-06-07 06:00:00+00,N624FB,1,696,2032.5790229885057471,0,2,0,0
2025-06-07 06:00:00+00,N625FB,1,661,1877.6475037821482602,1500,0,0,0
2025-06-07 07:00:00+00,N624FB,1,1551,1772.2437137330754352,1475,0,0,0
2025-06-07 07:00:00+00,N625FB,1,13,1128.8461538461538462,0,4,0,0
2025-06-07 08:00:00+00,N624FB,1,345,1885.5797101449275362,0,5,0,0
2025-06-07 08:00:00+00,N625FB,1,1495,1824.3143812709030100,1675,0,0,0
2025-06-07 09:00:00+00,N625FB,1,881,1864.3870601589103292,0,5,0,0
2025-06-07 15:00:00+00,N622FB,1,692,1902.7456647398843931,1500,0,0,0
2025-06-07 16:00:00+00,N622FB,1,314,1887.0222929936305732,1450,0,0,0
2025-06-07 18:00:00+00,N622FB,1,1157,1867.6101987899740709,0,1,0,0
2025-06-08 02:00:00+00,N621FB,1,1358,1947.0176730486008837,0,1,0,0
2025-06-08 03:00:00+00,N621FB,1,700,2049.1785714285714286,1575,0,0,0
2025-06-08 03:00:00+00,N624FB,1,533,1877.5328330206378987,0,3,0,0
2025-06-08 04:00:00+00,N624FB,1,1193,1891.6596814752724225,1575,0,0,0
2025-06-08 05:00:00+00,N624FB,1,126,2013.8888888888888889,0,1,0,0
2025-06-08 05:00:00+00,N625FB,1,1325,1861.3396226415094340,0,1,0,0
2025-06-08 06:00:00+00,N624FB,1,757,1811.3936591809775429,0,1,0,0
2025-06-08 06:00:00+00,N625FB,1,1325,1693.0188679245283019,0,3,0,0
2025-06-08 07:00:00+00,N624FB,1,1357,1807.1296978629329403,1425,0,0,0
2025-06-08 08:00:00+00,N624FB,1,114,1961.1842105263157895,0,7,0,0
2025-06-08 08:00:00+00,N625FB,1,1462,1869.0834473324213406,0,2,0,0
2025-06-08 09:00:00+00,N625FB,1,1300,1763.0000000000000000,0,5,0,0
2025-06-08 16:00:00+00,N622FB,1,819,2103.0219780219780220,1625,0,0,0
2025-06-08 17:00:00+00,N622FB,1,295,1804.2372881355932203,0,4,0,0
2025-06-08 22:00:00+00,N621FB,1,153,1954.2483660130718954,0,2,0,0
2025-06-08 23:00:00+00,N621FB,1,1042,1880.4942418426103647,1650,0,0,0
2025-06-09 00:00:00+00,N621FB,1,594,2147.6430976430976431,0,4,0,0
2025-06-09 02:00:00+00,N621FB,1,1166,1784.5197255574614065,0,8,0,0
2025-06-09 03:00:00+00,N621FB,1,984,1964.1260162601626016,0,4,0,0
2025-06-09 03:00:00+00,N624FB,1,651,1923.8863287250384025,0,4,0,0
2025-06-09 04:00:00+00,N624FB,1,1452,1977.4276859504132231,1675,0,0,0
2025-06-09 05:00:00+00,N624FB,1,217,1942.2811059907834101,0,5,0,0
2025-06-09 05:00:00+00,N625FB,1,1397,1987.2763063707945598,0,2,0,0
2025-06-09 06:00:00+00,N624FB,1,664,1825.7906626506024096,0,5,0,0
2025-06-09 06:00:00+00,N625FB,1,995,2137.0854271356783920,0,4,0,0
2025-06-09 07:00:00+00,N624FB,1,1361,1894.2321822189566495,1600,0,0,0
2025-06-09 07:00:00+00,N625FB,1,1,0.00000000000000000000,0,1,0,0
2025-06-09 08:00:00+00,N624FB,1,394,1804.3781725888324873,0,3,0,0
2025-06-09 08:00:00+00,N625FB,1,1352,1906.3794378698224852,0,3,0,0
2025-06-09 09:00:00+00,N625FB,1,646,1933.8622291021671827,0,4,0,0
2025-06-09 15:00:00+00,N622FB,1,337,1822.4035608308605341,0,4,0,0
2025-06-09 16:00:00+00,N622FB,1,542,2019.7878228782287823,0,4,0,0
2025-06-09 17:00:00+00,N625FB,1,108,2087.5000000000000000,1625,0,0,0
2025-06-09 18:00:00+00,N622FB,1,843,2276.4531435349940688,0,2,0,0
2025-06-09 18:00:00+00,N625FB,1,520,2171.7307692307692308,0,5,0,0
2025-06-09 19:00:00+00,N622FB,1,737,2034.8371777476255088,0,14,0,0
2025-06-09 20:00:00+00,N622FB,1,4,1193.7500000000000000,0,1,0,0
2025-06-09 23:00:00+00,N621FB,1,1042,2058.1813819577735125,0,1,0,0
2025-06-10 00:00:00+00,N621FB,1,588,2222.1513605442176871,0,4,0,0
2025-06-10 02:00:00+00,N621FB,1,1079,1956.4411492122335496,0,5,0,0
2025-06-10 03:00:00+00,N621FB,1,927,2016.8824163969795038,0,4,0,0
2025-06-10 03:00:00+00,N624FB,1,685,1885.6569343065693431,0,3,0,0
2025-06-10 04:00:00+00,N624FB,1,1325,1787.7924528301886792,1475,0,0,0
2025-06-10 05:00:00+00,N624FB,1,283,1845.8480565371024735,0,1,0,0
2025-06-10 05:00:00+00,N625FB,1,1238,1896.4660743134087237,0,3,0,0
2025-06-10 06:00:00+00,N624FB,1,641,1797.8549141965678627,0,4,0,0
2025-06-10 06:00:00+00,N625FB,1,928,1898.6260775862068966,0,3,0,0
2025-06-10 07:00:00+00,N624FB,1,1279,1862.3338545738858483,1525,0,0,0
2025-06-10 08:00:00+00,N624FB,2,301,1975.7475083056478405,0,1,0,0
2025-06-10 08:00:00+00,N625FB,1,1161,1952.1748492678725237,0,3,0,0
2025-06-10 09:00:00+00,N625FB,1,1078,1847.1011131725417440,0,3,0,0
2025-06-10 14:00:00+00,N625FB,1,380,2041.5789473684210526,0,2,0,0
2025-06-10 15:00:00+00,N624FB,1,241,1755.7053941908713693,0,2,0,0
2025-06-10 15:00:00+00,N625FB,1,287,2012.7177700348432056,0,3,0,0
2025-06-10 16:00:00+00,N624FB,1,825,1794.2121212121212121,0,3,0,0
2025-06-10 19:00:00+00,N624FB,1,1010,1933.7871287128712871,0,6,0,0
2025-06-10 23:00:00+00,N621FB,1,1216,1959.0460526315789474,0,2,0,0
2025-06-11 00:00:00+00,N621FB,1,800,1856.5625000000000000,0,4,0,0
2025-06-11 02:00:00+00,N621FB,1,1270,1966.1220472440944882,0,1,0,0
2025-06-11 03:00:00+00,N621FB,1,838,1839.0811455847255370,0,5,0,0
2025-06-11 03:00:00+00,N625FB,1,630,1875.9920634920634921,0,3,0,0
2025-06-11 04:00:00+00,N621FB,1,4,0.00000000000000000000,0,4,0,0
2025-06-11 04:00:00+00,N625FB,1,1408,1856.1079545454545455,1625,0,0,0
2025-06-11 05:00:00+00,N621FB,1,1480,1958.0743243243243243,1550,0,0,0
2025-06-11 05:00:00+00,N625FB,1,98,1931.8877551020408163,0,1,0,0
2025-06-11 06:00:00+00,N621FB,1,24,1610.4166666666666667,0,1,0,0
2025-06-11 06:00:00+00,N625FB,1,577,1782.1057192374350087,0,5,0,0
2025-06-11 07:00:00+00,N625FB,1,1386,1828.5173160173160173,1475,0,0,0
2025-06-11 08:00:00+00,N622FB,1,1086,1902.7854511970534070,0,2,0,0
2025-06-11 08:00:00+00,N625FB,1,129,1923.6434108527131783,0,3,0,0
2025-06-11 09:00:00+00,N622FB,1,700,2102.4285714285714286,0,4,0,0
2025-06-11 14:00:00+00,N622FB,1,1,0.00000000000000000000,0,1,0,0
2025-06-11 15:00:00+00,N622FB,1,1030,2039.2475728155339806,1475,0,0,0
2025-06-11 16:00:00+00,N622FB,2,298,1856.9630872483221477,0,1,0,0
2025-06-11 18:00:00+00,N622FB,1,1100,1875.0909090909090909,0,1,0,0
2025-06-11 19:00:00+00,N622FB,1,282,1847.3404255319148936,1525,0,0,0
2025-06-11 22:00:00+00,N621FB,1,35,1928.5714285714285714,0,1,0,0
2025-06-11 23:00:00+00,N621FB,1,1448,2111.7921270718232044,1750,0,0,0
2025-06-12 00:00:00+00,N621FB,1,843,2062.8706998813760380,0,3,0,0
2025-06-12 01:00:00+00,N621FB,1,124,2121.1693548387096774,0,1,0,0
2025-06-12 02:00:00+00,N621FB,1,1410,2010.2482269503546099,1675,0,0,0
2025-06-12 03:00:00+00,N621FB,1,671,2057.3397913561847988,0,1,0,0
2025-06-12 03:00:00+00,N622FB,1,619,1919.4668820678513732,0,2,0,0
2025-06-12 04:00:00+00,N622FB,1,1401,1986.9022127052105639,1650,0,0,0
2025-06-12 05:00:00+00,N621FB,1,1375,1897.5818181818181818,0,3,0,0
2025-06-12 05:00:00+00,N622FB,1,142,2008.2746478873239437,0,4,0,0
2025-06-12 06:00:00+00,N621FB,1,876,1955.2511415525114155,0,3,0,0
2025-06-12 06:00:00+00,N622FB,1,568,1979.6654929577464789,0,1,0,0
2025-06-12 07:00:00+00,N621FB,1,19,1678.9473684210526316,0,2,0,0
2025-06-12 07:00:00+00,N622FB,1,1150,2149.1304347826086957,1225,0,0,0
2025-06-12 08:00:00+00,N621FB,1,1317,2049.9810174639331815,1825,0,0,0
2025-06-12 08:00:00+00,N622FB,1,210,1917.3809523809523810,0,3,0,0
2025-06-12 09:00:00+00,N621FB,1,555,1993.8738738738738739,0,4,0,0
2025-06-12 18:00:00+00,N625FB,1,998,1985.3206412825651303,0,1,0,0
2025-06-12 19:00:00+00,N625FB,1,435,1906.7241379310344828,0,2,0,0
2025-06-12 22:00:00+00,N622FB,1,8,1053.1250000000000000,0,3,0,0
2025-06-12 23:00:00+00,N622FB,1,1417,2054.7106563161609033,1800,0,0,0
2025-06-13 00:00:00+00,N622FB,1,533,2064.8686679174484053,0,4,0,0
2025-06-13 01:00:00+00,N622FB,1,2,0.00000000000000000000,0,2,0,0
2025-06-13 02:00:00+00,N622FB,1,1362,2278.4508076358296623,1650,0,0,0
2025-06-13 03:00:00+00,N621FB,1,673,2063.2243684992570579,0,1,0,0
2025-06-13 03:00:00+00,N622FB,1,940,2513.4574468085106383,0,1,0,0
2025-06-13 04:00:00+00,N621FB,1,1368,2011.1659356725146199,1600,0,0,0
2025-06-13 04:00:00+00,N622FB,1,57,1960.9649122807017544,0,1,0,0
2025-06-13 05:00:00+00,N621FB,1,423,1835.2245862884160757,0,4,0,0
2025-06-13 05:00:00+00,N622FB,1,1376,1801.4353197674418605,1575,0,0,0
2025-06-13 06:00:00+00,N621FB,1,493,2112.5760649087221095,0,1,0,0
2025-06-13 06:00:00+00,N622FB,1,799,1924.0613266583229036,0,4,0,0
2025-06-13 07:00:00+00,N621FB,1,1493,2139.2498325519089082,1600,0,0,0
2025-06-13 07:00:00+00,N622FB,1,42,1907.7380952380952381,0,1,0,0
2025-06-13 08:00:00+00,N621FB,1,388,1862.8865979381443299,0,2,0,0
2025-06-13 08:00:00+00,N622FB,1,1299,2005.8891454965357968,1625,0,0,0
2025-06-13 09:00:00+00,N622FB,1,732,2358.2650273224043716,0,4,0,0
2025-06-13 11:00:00+00,N622FB,1,563,1811.6341030195381883,0,2,0,0
2025-06-13 12:00:00+00,N621FB,1,370,2157.0945945945945946,0,1,0,0
2025-06-13 12:00:00+00,N622FB,1,1307,1859.8890589135424637,0,3,0,0
2025-06-13 13:00:00+00,N621FB,1,914,2194.1466083150984683,0,1,0,0
2025-06-13 16:00:00+00,N624FB,1,125,2578.0000000000000000,0,2,0,0
2025-06-13 17:00:00+00,N624FB,1,296,3436.3175675675675676,0,2,0,0
2025-06-13 18:00:00+00,N621FB,1,969,1956.3725490196078431,0,3,0,0
2025-06-13 19:00:00+00,N621FB,1,35,1782.8571428571428571,0,2,0,0
2025-06-13 22:00:00+00,N622FB,1,8,1518.7500000000000000,0,1,0,0
2025-06-13 23:00:00+00,N622FB,1,1340,2035.0932835820895522,1700,0,0,0
2025-06-14 00:00:00+00,N622FB,1,466,2012.6609442060085837,0,4,0,0
2025-06-14 02:00:00+00,N622FB,2,1275,1990.5294117647058824,0,2,0,0
2025-06-14 03:00:00+00,N622FB,1,864,2187.3842592592592593,0,4,0,0
2025-06-14 03:00:00+00,N625FB,1,580,2059.4396551724137931,0,1,0,0
2025-06-14 04:00:00+00,N624FB,1,20,1865.0000000000000000,0,1,0,0
2025-06-14 04:00:00+00,N625FB,1,1244,1931.4710610932475884,1650,0,0,0
2025-06-14 05:00:00+00,N624FB,1,1573,1968.1341385886840432,1725,0,0,0
2025-06-14 05:00:00+00,N625FB,1,73,1914.3835616438356164,0,4,0,0
2025-06-14 06:00:00+00,N624FB,1,969,1984.1073271413828689,0,5,0,0
2025-06-14 06:00:00+00,N625FB,1,572,2029.5454545454545455,0,1,0,0
2025-06-14 07:00:00+00,N625FB,1,1338,1960.7810164424514200,1675,0,0,0
2025-06-14 08:00:00+00,N624FB,1,1099,2122.3157415832575068,0,1,0,0
2025-06-14 08:00:00+00,N625FB,1,341,3173.4604105571847507,0,3,0,0
2025-06-14 09:00:00+00,N624FB,1,1028,1927.8939688715953307,0,4,0,0
2025-06-14 13:00:00+00,N622FB,1,275,1819.4545454545454545,0,4,0,0
2025-06-14 14:00:00+00,N622FB,1,228,1864.1447368421052632,0,1,0,0
2025-06-14 15:00:00+00,N622FB,1,1053,1835.0189933523266857,1475,0,0,0
2025-06-14 18:00:00+00,N622FB,1,988,1898.8360323886639676,0,1,0,0
2025-06-14 19:00:00+00,N622FB,1,151,1883.6092715231788079,0,4,0,0
2025-06-14 22:00:00+00,N624FB,1,149,2004.0268456375838926,0,2,0,0
2025-06-14 23:00:00+00,N624FB,1,1431,1905.1013277428371768,1600,0,0,0
2025-06-15 00:00:00+00,N624FB,1,475,1908.5263157894736842,0,2,0,0
2025-06-15 02:00:00+00,N624FB,1,1392,1946.2643678160919540,0,2,0,0
2025-06-15 03:00:00+00,N621FB,1,773,1887.7102199223803364,0,2,0,0
2025-06-15 03:00:00+00,N624FB,1,159,2016.3522012578616352,0,3,0,0
2025-06-15 04:00:00+00,N621FB,1,1620,1842.1450617283950617,1575,0,0,0
2025-06-15 04:00:00+00,N625FB,1,19,1739.4736842105263158,0,2,0,0
2025-06-15 05:00:00+00,N621FB,1,360,1867.9166666666666667,0,4,0,0
2025-06-15 05:00:00+00,N625FB,1,1431,1894.7414395527603075,1725,0,0,0
2025-06-15 06:00:00+00,N621FB,1,563,2013.0550621669626998,0,1,0,0
2025-06-15 06:00:00+00,N625FB,1,985,1936.2690355329949239,0,5,0,0
2025-06-15 07:00:00+00,N621FB,4,1199,2173.3944954128440367,0,5,0,0
2025-06-15 08:00:00+00,N621FB,1,98,1835.4591836734693878,0,5,0,0
2025-06-15 08:00:00+00,N625FB,1,1322,1690.3933434190620272,0,1,0,0
2025-06-15 09:00:00+00,N625FB,1,1583,1691.0770688566013898,1550,0,0,0
2025-06-15 10:00:00+00,N621FB,1,1294,1971.0587326120556414,0,1,0,0
2025-06-15 10:00:00+00,N625FB,1,605,1826.4462809917355372,0,3,0,0
2025-06-15 11:00:00+00,N621FB,1,810,1931.4506172839506173,0,3,0,0
2025-06-15 15:00:00+00,N622FB,1,180,1980.0000000000000000,0,2,0,0
2025-06-15 16:00:00+00,N622FB,1,1044,1950.7902298850574713,0,5,0,0
2025-06-15 19:00:00+00,N622FB,1,963,1853.7383177570093458,0,6,0,0
2025-06-15 23:00:00+00,N624FB,1,929,2060.0645855758880517,0,2,0,0
2025-06-16 00:00:00+00,N624FB,1,1333,1928.0195048762190548,1425,0,0,0
2025-06-16 01:00:00+00,N624FB,1,737,1938.1614654002713704,1625,0,0,0
2025-06-16 02:00:00+00,N624FB,1,342,2229.3859649122807018,0,1,0,0
2025-06-16 03:00:00+00,N621FB,1,616,2044.4805194805194805,0,1,0,0
2025-06-16 03:00:00+00,N624FB,3,1292,1807.0046439628482972,0,1,0,0
2025-06-16 04:00:00+00,N621FB,1,1334,1816.1544227886056972,1625,0,0,0
2025-06-16 04:00:00+00,N624FB,1,117,1858.1196581196581197,0,4,0,0
2025-06-16 04:00:00+00,N625FB,1,1,0.00000000000000000000,0,1,0,0
2025-06-16 05:00:00+00,N621FB,1,153,2021.4052287581699346,1600,0,0,0
2025-06-16 05:00:00+00,N625FB,1,1040,1973.2211538461538462,0,1,0,0
2025-06-16 06:00:00+00,N621FB,1,528,1746.0227272727272727,1475,0,0,0
2025-06-16 06:00:00+00,N625FB,1,972,1944.6502057613168724,0,5,0,0
2025-06-16 07:00:00+00,N621FB,1,1187,1834.4987363100252738,1600,0,0,0
2025-06-16 07:00:00+00,N625FB,1,2,0.00000000000000000000,0,2,0,0
2025-06-16 08:00:00+00,N621FB,1,217,1807.7188940092165899,0,2,0,0
2025-06-16 08:00:00+00,N625FB,1,1353,2018.6437546193643755,1575,0,0,0
2025-06-16 09:00:00+00,N625FB,2,807,1967.5340768277571252,0,5,0,0
2025-06-16 10:00:00+00,N625FB,1,561,1809.5811051693404635,0,5,0,0
2025-06-16 12:00:00+00,N625FB,1,106,2162.5000000000000000,0,2,0,0
2025-06-16 13:00:00+00,N625FB,4,1054,2084.0132827324478178,0,7,0,0
2025-06-16 15:00:00+00,N621FB,1,300,2062.2500000000000000,0,1,0,0
2025-06-16 16:00:00+00,N621FB,1,742,1793.2614555256064690,0,4,0,0
2025-06-16 16:00:00+00,N622FB,1,231,1856.9264069264069264,0,4,0,0
2025-06-16 18:00:00+00,N621FB,1,266,1824.8120300751879699,0,1,0,0
2025-06-16 18:00:00+00,N622FB,1,732,1920.3893442622950820,0,2,0,0
2025-06-16 19:00:00+00,N621FB,1,71,1771.8309859154929577,1450,0,0,0
2025-06-16 20:00:00+00,N621FB,1,140,1935.3571428571428571,0,4,0,0
2025-06-16 20:00:00+00,N622FB,1,1035,1775.2173913043478261,0,8,0,0
2025-06-16 21:00:00+00,N622FB,1,1,0.00000000000000000000,0,1,0,0
2025-06-16 22:00:00+00,N624FB,1,124,1960.0806451612903226,1650,0,0,0
2025-06-16 23:00:00+00,N624FB,1,1568,1881.7761479591836735,1725,0,0,0
2025-06-17 00:00:00+00,N624FB,1,595,1930.6722689075630252,0,3,0,0
2025-06-17 02:00:00+00,N624FB,1,1217,1932.7855382087099425,0,2,0,0
2025-06-17 03:00:00+00,N622FB,1,667,1954.0854572713643178,0,3,0,0
2025-06-17 03:00:00+00,N624FB,1,1299,1828.2525019245573518,0,3,0,0
2025-06-17 04:00:00+00,N622FB,1,1481,1962.8291694800810263,1750,0,0,0
2025-06-17 04:00:00+00,N625FB,1,4,412.5000000000000000,0,3,0,0
2025-06-17 05:00:00+00,N622FB,1,57,1806.5789473684210526,0,4,0,0
2025-06-17 05:00:00+00,N625FB,1,1364,2343.8599706744868035,1775,0,0,0
2025-06-17 06:00:00+00,N622FB,1,604,1973.7582781456953642,0,1,0,0
2025-06-17 06:00:00+00,N625FB,1,911,1996.4324917672886937,0,4,0,0
2025-06-17 07:00:00+00,N622FB,1,1351,1983.7712805329385640,1725,0,0,0
2025-06-17 08:00:00+00,N622FB,1,297,1863.7205387205387205,0,1,0,0
2025-06-17 08:00:00+00,N625FB,1,1287,2048.3877233877233877,0,2,0,0
2025-06-17 09:00:00+00,N625FB,1,1000,1999.4750000000000000,0,4,0,0
2025-06-17 12:00:00+00,N624FB,1,8,1240.6250000000000000,0,2,0,0
2025-06-17 13:00:00+00,N624FB,4,1042,2194.1218809980806142,0,5,0,0
2025-06-17 15:00:00+00,N624FB,1,880,2162.5000000000000000,1575,0,0,0
2025-06-17 16:00:00+00,N624FB,1,590,1838.5593220338983051,0,3,0,0
2025-06-17 18:00:00+00,N624FB,1,389,2035.3470437017994859,1600,0,0,0
2025-06-17 19:00:00+00,N621FB,1,821,2025.5785627283800244,0,1,0,0
2025-06-17 23:00:00+00,N625FB,1,1172,1946.6510238907849829,1700,0,0,0
2025-06-18 00:00:00+00,N625FB,1,1025,1955.0000000000000000,0,4,0,0
2025-06-18 02:00:00+00,N625FB,1,497,2074.4969818913480885,0,2,0,0
2025-06-18 03:00:00+00,N621FB,1,554,1862.1841155234657040,0,3,0,0
2025-06-18 03:00:00+00,N625FB,1,1151,1884.3614248479582971,0,3,0,0
2025-06-18 04:00:00+00,N621FB,1,984,2022.8912601626016260,1700,0,0,0
2025-06-18 04:00:00+00,N625FB,1,20,1671.2500000000000000,0,2,0,0
2025-06-18 05:00:00+00,N621FB,1,67,2029.4776119402985075,0,1,0,0
2025-06-18 05:00:00+00,N625FB,1,1364,2011.1253665689149560,1625,0,0,0
2025-06-18 06:00:00+00,N621FB,1,738,1954.4376693766937669,0,5,0,0
2025-06-18 06:00:00+00,N625FB,1,950,1948.9210526315789474,0,4,0,0
2025-06-18 07:00:00+00,N621FB,1,1433,1879.5533845080251221,1675,0,0,0
2025-06-18 07:00:00+00,N625FB,1,7,707.1428571428571429,0,4,0,0
2025-06-18 08:00:00+00,N621FB,1,83,2034.3373493975903614,0,2,0,0
2025-06-18 08:00:00+00,N625FB,1,1498,2046.2950600801068091,1650,0,0,0
2025-06-18 09:00:00+00,N625FB,1,1364,2015.5791788856304985,0,5,0,0
2025-06-18 13:00:00+00,N624FB,1,391,2575.1918158567774936,0,2,0,0
2025-06-18 14:00:00+00,N624FB,1,272,2538.1433823529411765,0,3,0,0
2025-06-18 15:00:00+00,N624FB,1,749,2072.6969292389853138,0,1,0,0
2025-06-18 16:00:00+00,N624FB,1,298,1989.5134228187919463,0,2,0,0
2025-06-18 18:00:00+00,N624FB,1,649,1958.8212634822804314,0,1,0,0
2025-06-18 19:00:00+00,N624FB,1,628,1989.9681528662420382,0,1,0,0
2025-06-18 23:00:00+00,N625FB,1,830,2154.5180722891566265,0,3,0,0
2025-06-19 00:00:00+00,N625FB,1,748,2138.5360962566844920,0,5,0,0
2025-06-19 02:00:00+00,N625FB,1,1208,2126.8832781456953642,0,2,0,0
2025-06-19 03:00:00+00,N622FB,1,642,1938.0062305295950156,0,2,0,0
2025-06-19 03:00:00+00,N625FB,1,958,2012.3695198329853862,0,5,0,0
2025-06-19 04:00:00+00,N622FB,1,1478,1842.5405953991880920,1600,0,0,0
2025-06-19 04:00:00+00,N625FB,1,14,1575.0000000000000000,0,2,0,0
2025-06-19 05:00:00+00,N622FB,1,115,2044.1304347826086957,0,1,0,0
2025-06-19 05:00:00+00,N625FB,1,1296,1993.1712962962962963,1675,0,0,0
2025-06-19 06:00:00+00,N622FB,1,680,2013.3823529411764706,1625,0,0,0
2025-06-19 06:00:00+00,N625FB,1,898,1883.4632516703786192,0,4,0,0
2025-06-19 07:00:00+00,N622FB,1,1298,2098.6325115562403698,1775,0,0,0
2025-06-19 07:00:00+00,N625FB,1,18,1523.6111111111111111,0,3,0,0
2025-06-19 08:00:00+00,N622FB,1,37,1835.8108108108108108,0,1,0,0
2025-06-19 08:00:00+00,N625FB,1,1369,2000.8217677136596056,1750,0,0,0
2025-06-19 09:00:00+00,N625FB,1,737,1986.4993215739484396,0,5,0,0
2025-06-19 14:00:00+00,N625FB,1,171,2310.3801169590643275,0,2,0,0
2025-06-19 15:00:00+00,N624FB,1,920,1990.6793478260869565,0,1,0,0
2025-06-19 15:00:00+00,N625FB,1,61,4827.4590163934426230,3025,0,0,0
2025-06-19 16:00:00+00,N625FB,1,84,5902.6785714285714286,4650,0,0,0
2025-06-19 17:00:00+00,N625FB,1,210,3200.4761904761904762,0,4,0,0
2025-06-19 18:00:00+00,N624FB,1,827,2034.1596130592503023,0,2,0,0
2025-06-19 19:00:00+00,N624FB,1,147,2035.5442176870748299,1600,0,0,0
2025-06-20 02:00:00+00,N622FB,1,1250,2182.9400000000000000,0,1,0,0
2025-06-20 03:00:00+00,N622FB,1,668,2328.6676646706586826,0,2,0,0
2025-06-20 03:00:00+00,N624FB,1,714,2071.0084033613445378,0,4,0,0
2025-06-20 04:00:00+00,N624FB,1,1563,1987.4280230326295585,1800,0,0,0
2025-06-20 05:00:00+00,N622FB,1,1432,2109.1480446927374302,0,2,0,0
2025-06-20 05:00:00+00,N624FB,1,157,2132.8025477707006369,0,2,0,0
2025-06-20 06:00:00+00,N622FB,1,1242,2082.1256038647342995,0,2,0,0
2025-06-20 06:00:00+00,N624FB,1,632,2089.6360759493670886,0,2,0,0
2025-06-20 07:00:00+00,N624FB,1,1256,2132.5238853503184713,1800,0,0,0
2025-06-20 08:00:00+00,N622FB,1,1398,2039.0200286123032904,0,1,0,0
2025-06-20 08:00:00+00,N624FB,1,153,2095.2614379084967320,0,4,0,0
2025-06-20 09:00:00+00,N622FB,1,884,2037.7262443438914027,0,3,0,0
2025-06-20 15:00:00+00,N622FB,1,835,2058.4730538922155689,0,1,0,0
2025-06-20 16:00:00+00,N622FB,1,57,1865.3508771929824561,0,3,0,0
2025-06-20 17:00:00+00,N622FB,1,472,2057.4682203389830508,1700,0,0,0
2025-06-20 18:00:00+00,N622FB,1,867,1940.0230680507497116,0,1,0,0
2025-06-20 19:00:00+00,N622FB,1,175,1972.2857142857142857,1650,0,0,0
2025-06-20 23:00:00+00,N621FB,1,1318,2084.0477996965098634,0,2,0,0
2025-06-21 00:00:00+00,N621FB,1,472,2308.6334745762711864,0,3,0,0
2025-06-21 02:00:00+00,N621FB,1,1081,2298.3811285846438483,0,2,0,0
2025-06-21 03:00:00+00,N621FB,1,667,2242.3538230884557721,0,2,0,0
2025-06-21 03:00:00+00,N622FB,1,701,2025.9985734664764622,0,2,0,0
2025-06-21 04:00:00+00,N622FB,1,1461,1945.3969883641341547,1575,0,0,0
2025-06-21 04:00:00+00,N624FB,1,116,2114.8706896551724138,0,1,0,0
2025-06-21 05:00:00+00,N622FB,1,54,1845.3703703703703704,0,4,0,0
2025-06-21 05:00:00+00,N624FB,1,1380,2089.2210144927536232,1725,0,0,0
2025-06-21 06:00:00+00,N622FB,1,636,1917.9638364779874214,0,2,0,0
2025-06-21 06:00:00+00,N624FB,1,1152,2030.0998263888888889,0,5,0,0
2025-06-21 07:00:00+00,N622FB,1,1256,1919.6058917197452229,1550,0,0,0
2025-06-21 08:00:00+00,N622FB,1,393,1980.0254452926208651,0,5,0,0
2025-06-21 08:00:00+00,N624FB,1,1410,1934.0780141843971631,0,1,0,0
2025-06-21 09:00:00+00,N624FB,1,1074,2057.8445065176908752,1700,0,0,0
2025-06-21 10:00:00+00,N624FB,1,327,2193.6544342507645260,0,3,0,0
2025-06-21 15:00:00+00,N624FB,1,358,2117.5977653631284916,0,1,0,0
2025-06-21 16:00:00+00,N624FB,1,345,2106.7391304347826087,1575,0,0,0
2025-06-21 18:00:00+00,N624FB,2,1240,2055.8467741935483871,0,1,0,0
2025-06-21 19:00:00+00,N624FB,1,8,1690.6250000000000000,1650,0,0,0
2025-06-21 23:00:00+00,N621FB,1,1201,2101.9150707743547044,0,3,0,0
2025-06-22 00:00:00+00,N621FB,1,506,2117.7865612648221344,0,3,0,0
2025-06-22 02:00:00+00,N621FB,1,1229,1990.0528885272579333,0,2,0,0
2025-06-22 03:00:00+00,N621FB,1,866,2288.6547344110854503,0,1,0,0
2025-06-22 03:00:00+00,N625FB,1,575,2159.6086956521739130,0,4,0,0
2025-06-22 04:00:00+00,N622FB,1,61,1986.4754098360655738,0,2,0,0
2025-06-22 04:00:00+00,N625FB,1,1338,2056.9506726457399103,1725,0,0,0
2025-06-22 05:00:00+00,N622FB,1,1393,1940.6496769562096195,1725,0,0,0
2025-06-22 05:00:00+00,N625FB,1,18,1261.1111111111111111,0,5,0,0
2025-06-22 06:00:00+00,N622FB,1,891,1803.7878787878787879,0,4,0,0
2025-06-22 06:00:00+00,N625FB,1,699,2057.2246065808297568,0,2,0,0
2025-06-22 07:00:00+00,N622FB,1,52,2000.4807692307692308,0,1,0,0
2025-06-22 07:00:00+00,N625FB,1,1595,1940.7366771159874608,1725,0,0,0
2025-06-22 08:00:00+00,N622FB,1,1480,1931.0135135135135135,1725,0,0,0
2025-06-22 08:00:00+00,N625FB,1,749,1943.3578104138851802,0,4,0,0
2025-06-22 09:00:00+00,N622FB,1,1084,2108.6485239852398524,0,2,0,0
2025-06-22 14:00:00+00,N622FB,1,689,2019.1219158200290276,0,1,0,0
2025-06-22 15:00:00+00,N622FB,1,434,1894.8732718894009217,0,4,0,0
2025-06-22 18:00:00+00,N622FB,1,16,1596.8750000000000000,0,2,0,0
2025-06-22 19:00:00+00,N622FB,1,1020,1838.8235294117647059,0,3,0,0
2025-06-22 23:00:00+00,N625FB,1,968,2006.4824380165289256,0,2,0,0
2025-06-23 00:00:00+00,N625FB,1,1524,2039.5341207349081365,1775,0,0,0
2025-06-23 01:00:00+00,N625FB,1,121,1941.9421487603305785,0,4,0,0
2025-06-23 02:00:00+00,N625FB,1,559,2155.3667262969588551,0,2,0,0
2025-06-23 03:00:00+00,N621FB,1,625,1870.8800000000000000,0,2,0,0
2025-06-23 03:00:00+00,N625FB,1,737,1917.9782903663500678,0,5,0,0
2025-06-23 04:00:00+00,N621FB,1,1350,1791.1296296296296296,1500,0,0,0
2025-06-23 04:00:00+00,N625FB,1,14,1525.0000000000000000,0,2,0,0
2025-06-23 05:00:00+00,N621FB,1,83,1951.8072289156626506,1550,0,0,0
2025-06-23 05:00:00+00,N625FB,1,1216,2103.1866776315789474,1625,0,0,0
2025-06-23 06:00:00+00,N621FB,1,590,1941.7372881355932203,0,4,0,0
2025-06-23 06:00:00+00,N625FB,1,958,1956.4457202505219207,0,4,0,0
2025-06-23 07:00:00+00,N621FB,1,1359,1756.0522442972774099,1475,0,0,0
2025-06-23 08:00:00+00,N621FB,1,9,1413.8888888888888889,0,1,0,0
2025-06-23 08:00:00+00,N625FB,1,1331,1957.5882794891059354,0,3,0,0
2025-06-23 09:00:00+00,N625FB,1,937,1916.2219850586979723,0,6,0,0
2025-06-23 12:00:00+00,N621FB,1,292,2158.3047945205479452,0,2,0,0
2025-06-23 13:00:00+00,N621FB,1,1106,2084.2450271247739602,1675,0,0,0
2025-06-23 14:00:00+00,N621FB,1,105,1948.5714285714285714,0,2,0,0
2025-06-23 17:00:00+00,N624FB,1,91,1874.4505494505494505,0,1,0,0
2025-06-23 18:00:00+00,N624FB,1,1036,1839.3581081081081081,0,2,0,0
2025-06-23 19:00:00+00,N624FB,1,2,0.00000000000000000000,0,2,0,0
2025-06-23 23:00:00+00,N625FB,1,1021,1962.1694417238001959,0,1,0,0
2025-06-24 00:00:00+00,N625FB,1,1218,1891.1535303776683087,0,3,0,0
2025-06-24 02:00:00+00,N625FB,1,963,2109.8909657320872274,0,2,0,0
2025-06-24 03:00:00+00,N625FB,1,1155,1914.9783549783549784,0,4,0,0
2025-06-24 05:00:00+00,N622FB,1,1289,2063.3824670287044220,0,2,0,0
2025-06-24 06:00:00+00,N622FB,1,1178,1965.8955857385398981,0,3,0,0
2025-06-24 07:00:00+00,N622FB,1,23,1660.8695652173913043,0,2,0,0
2025-06-24 08:00:00+00,N622FB,1,1389,1944.7084233261339093,1475,0,0,0
2025-06-24 09:00:00+00,N622FB,1,533,2129.5028142589118199,0,4,0,0
2025-06-24 12:00:00+00,N624FB,2,255,2022.3529411764705882,0,3,0,0
2025-06-24 13:00:00+00,N624FB,3,854,2011.7388758782201405,0,5,0,0
2025-06-24 15:00:00+00,N624FB,1,894,1760.2069351230425056,0,1,0,0
2025-06-24 16:00:00+00,N624FB,2,45,1678.8888888888888889,0,2,0,0
2025-06-24 18:00:00+00,N624FB,1,228,1886.9517543859649123,1625,0,0,0
2025-06-24 19:00:00+00,N624FB,1,1377,1769.3899782135076253,0,3,0,0
2025-06-24 23:00:00+00,N625FB,1,955,1976.8324607329842932,0,1,0,0
2025-06-25 00:00:00+00,N625FB,1,1094,1973.9488117001828154,0,4,0,0
2025-06-25 02:00:00+00,N625FB,1,758,1918.5356200527704485,0,2,0,0
2025-06-25 03:00:00+00,N622FB,1,556,1853.1025179856115108,0,2,0,0
2025-06-25 03:00:00+00,N625FB,1,1091,1951.4894592117323556,0,4,0,0
2025-06-25 04:00:00+00,N621FB,1,48,1924.4791666666666667,0,1,0,0
2025-06-25 04:00:00+00,N622FB,1,1274,1742.2880690737833595,1600,0,0,0
2025-06-25 05:00:00+00,N621FB,1,1324,1922.3753776435045317,1700,0,0,0
2025-06-25 05:00:00+00,N622FB,1,55,1870.0000000000000000,0,1,0,0
2025-06-25 06:00:00+00,N621FB,1,864,1932.8125000000000000,0,3,0,0
2025-06-25 06:00:00+00,N622FB,1,578,1890.0519031141868512,1500,0,0,0
2025-06-25 07:00:00+00,N621FB,1,7,864.2857142857142857,0,3,0,0
2025-06-25 07:00:00+00,N622FB,1,979,1803.4984678243105209,1475,0,0,0
2025-06-25 08:00:00+00,N621FB,1,1313,2081.9687738004569688,1450,0,0,0
2025-06-25 08:00:00+00,N622FB,1,195,1897.4358974358974359,0,4,0,0
2025-06-25 09:00:00+00,N621FB,1,460,1869.4565217391304348,0,4,0,0
2025-06-25 15:00:00+00,N625FB,1,313,2049.2012779552715655,0,2,0,0
2025-06-25 16:00:00+00,N625FB,2,883,1773.6126840317100793,0,3,0,0
2025-06-25 18:00:00+00,N625FB,1,904,1876.8528761061946903,0,1,0,0
2025-06-25 19:00:00+00,N625FB,2,251,1844.8207171314741036,0,1,0,0
2025-06-25 22:00:00+00,N621FB,2,858,2049.9417249417249417,0,3,0,0
2025-06-25 23:00:00+00,N621FB,1,694,1762.9682997118155620,0,4,0,0
2025-06-26 01:00:00+00,N622FB,1,225,2245.5555555555555556,0,2,0,0
2025-06-26 02:00:00+00,N622FB,1,877,2014.7947548460661345,1225,0,0,0
2025-06-26 03:00:00+00,N621FB,1,97,1877.3195876288659794,0,2,0,0
2025-06-26 03:00:00+00,N622FB,9,640,1995.0390625000000000,0,15,0,0
2025-06-26 04:00:00+00,N621FB,1,1388,1885.4106628242074928,1550,0,0,0
2025-06-26 04:00:00+00,N624FB,1,27,1836.1111111111111111,0,1,0,0
2025-06-26 05:00:00+00,N621FB,1,118,1843.6440677966101695,0,4,0,0
2025-06-26 05:00:00+00,N624FB,1,1369,1860.0620891161431702,1625,0,0,0
2025-06-26 06:00:00+00,N621FB,1,558,1911.0215053763440860,0,2,0,0
2025-06-26 06:00:00+00,N624FB,2,912,1835.2796052631578947,0,3,0,0
2025-06-26 07:00:00+00,N621FB,2,1010,1937.2029702970297030,0,8,0,0
2025-06-26 08:00:00+00,N621FB,1,100,1885.7500000000000000,0,3,0,0
2025-06-26 08:00:00+00,N624FB,1,1371,1846.5171407731582786,1500,0,0,0
2025-06-26 09:00:00+00,N624FB,1,513,1886.0136452241715400,0,3,0,0
2025-06-26 14:00:00+00,N621FB,1,226,2027.4336283185840708,0,3,0,0
2025-06-26 15:00:00+00,N621FB,1,560,2059.7321428571428571,0,1,0,0
2025-06-26 16:00:00+00,N621FB,1,2,0.00000000000000000000,0,2,0,0
2025-06-26 22:00:00+00,N624FB,1,448,2127.6785714285714286,1675,0,0,0
2025-06-26 23:00:00+00,N624FB,1,1415,1902.1908127208480565,1650,0,0,0
2025-06-27 00:00:00+00,N624FB,1,196,2089.9234693877551020,1600,0,0,0
2025-06-27 02:00:00+00,N624FB,1,1364,2005.6818181818181818,0,1,0,0
2025-06-27 03:00:00+00,N621FB,1,597,1943.4673366834170854,0,2,0,0
2025-06-27 03:00:00+00,N624FB,1,717,1939.7489539748953975,0,4,0,0
2025-06-27 04:00:00+00,N621FB,1,1276,1849.4905956112852665,1600,0,0,0
2025-06-27 04:00:00+00,N625FB,1,1,0.00000000000000000000,0,1,0,0
2025-06-27 05:00:00+00,N621FB,1,163,2005.2147239263803681,0,5,0,0
2025-06-27 05:00:00+00,N625FB,1,1443,1818.8322938322938323,0,1,0,0
2025-06-27 06:00:00+00,N621FB,1,708,1897.7048022598870056,0,1,0,0
2025-06-27 06:00:00+00,N625FB,1,848,1888.0601415094339623,0,3,0,0
2025-06-27 07:00:00+00,N621FB,1,1403,2040.8232359230220955,1750,0,0,0
2025-06-27 07:00:00+00,N625FB,1,38,1815.7894736842105263,0,2,0,0
2025-06-27 08:00:00+00,N621FB,1,152,1969.2434210526315789,0,5,0,0
2025-06-27 08:00:00+00,N625FB,1,1192,1925.8179530201342282,1150,0,0,0
2025-06-27 09:00:00+00,N625FB,1,1411,1873.9369241672572644,0,3,0,0
2025-06-27 14:00:00+00,N624FB,1,108,1777.5462962962962963,0,2,0,0
2025-06-27 15:00:00+00,N624FB,1,90,1868.3333333333333333,1425,0,0,0
2025-06-27 16:00:00+00,N624FB,1,495,1995.5555555555555556,0,1,0,0
2025-06-27 17:00:00+00,N624FB,1,547,1717.4588665447897623,1475,0,0,0
2025-06-27 23:00:00+00,N624FB,1,1254,2006.4792663476874003,0,1,0,0
2025-06-28 00:00:00+00,N624FB,1,1063,1912.3706491063029163,1575,0,0,0
2025-06-28 01:00:00+00,N624FB,1,47,1922.8723404255319149,1600,0,0,0
2025-06-28 02:00:00+00,N624FB,1,1104,2145.8333333333333333,0,4,0,0
2025-06-28 03:00:00+00,N625FB,1,615,1772.8861788617886179,0,2,0,0
2025-06-28 04:00:00+00,N621FB,1,6,1025.0000000000000000,0,2,0,0
2025-06-28 04:00:00+00,N625FB,1,1555,1679.2282958199356913,1575,0,0,0
2025-06-28 05:00:00+00,N621FB,1,1254,1887.5598086124401914,1600,0,0,0
2025-06-28 05:00:00+00,N625FB,1,469,1773.1343283582089552,1500,0,0,0
2025-06-28 06:00:00+00,N621FB,1,803,1995.2988792029887920,0,4,0,0
2025-06-28 06:00:00+00,N625FB,1,610,1846.7213114754098361,0,1,0,0
2025-06-28 07:00:00+00,N621FB,1,37,1868.2432432432432432,0,1,0,0
2025-06-28 07:00:00+00,N625FB,1,1487,1802.2192333557498319,1400,0,0,0
2025-06-28 08:00:00+00,N621FB,1,1406,1850.1955903271692745,1475,0,0,0
2025-06-28 08:00:00+00,N625FB,1,111,1877.9279279279279279,0,3,0,0
2025-06-28 09:00:00+00,N621FB,1,1421,1816.6783954961294863,1550,0,0,0
2025-06-28 10:00:00+00,N621FB,1,11,838.6363636363636364,0,5,0,0
2025-06-28 23:00:00+00,N621FB,1,1242,1765.6400966183574879,0,2,0,0
2025-06-29 00:00:00+00,N621FB,1,620,1895.1209677419354839,0,1,0,0
2025-06-29 01:00:00+00,N621FB,1,738,1986.4837398373983740,0,3,0,0
2025-06-29 02:00:00+00,N621FB,1,1428,1788.8830532212885154,1550,0,0,0
2025-06-29 03:00:00+00,N621FB,1,709,1811.6008462623413258,0,1,0,0
2025-06-29 03:00:00+00,N622FB,2,660,1804.4318181818181818,0,2,0,0
2025-06-29 04:00:00+00,N622FB,1,1567,1835.0670070197830249,1600,0,0,0
2025-06-29 05:00:00+00,N621FB,1,1360,1809.3566176470588235,0,1,0,0
2025-06-29 05:00:00+00,N622FB,1,167,1975.7485029940119760,0,4,0,0
2025-06-29 06:00:00+00,N621FB,1,1012,1936.4871541501976285,0,5,0,0
2025-06-29 06:00:00+00,N622FB,1,675,2106.3333333333333333,0,3,0,0
2025-06-29 07:00:00+00,N621FB,1,1,0.00000000000000000000,0,1,0,0
2025-06-29 07:00:00+00,N622FB,1,1327,1859.0617935192162773,1600,0,0,0
2025-06-29 08:00:00+00,N621FB,1,1266,1939.1982622432859400,0,2,0,0
2025-06-29 08:00:00+00,N622FB,1,179,1970.6703910614525140,0,3,0,0
2025-06-29 09:00:00+00,N621FB,1,1391,1830.2120776419841840,0,4,0,0
2025-06-29 15:00:00+00,N624FB,1,526,2067.2053231939163498,0,6,0,0
2025-06-29 16:00:00+00,N624FB,2,330,2016.4393939393939394,0,1,0,0
2025-06-29 19:00:00+00,N624FB,1,1167,1952.3350471293916024,0,1,0,0
2025-06-29 20:00:00+00,N624FB,1,125,1965.4000000000000000,0,3,0,0
2025-06-30 03:00:00+00,N622FB,1,710,2154.7183098591549296,0,1,0,0
2025-06-30 04:00:00+00,N622FB,1,1337,1971.6903515332834705,1700,0,0,0
2025-06-30 04:00:00+00,N625FB,1,61,2029.0983606557377049,0,1,0,0
2025-06-30 05:00:00+00,N622FB,1,551,1930.8076225045372051,0,3,0,0
2025-06-30 05:00:00+00,N625FB,1,1363,2014.1049156272927366,1725,0,0,0
2025-06-30 06:00:00+00,N622FB,1,463,1843.0885529157667387,1600,0,0,0
2025-06-30 06:00:00+00,N625FB,1,804,2186.7537313432835821,0,6,0,0
2025-06-30 07:00:00+00,N622FB,1,1271,1964.4767899291896145,1725,0,0,0
2025-06-30 07:00:00+00,N625FB,1,22,1792.0454545454545455,0,3,0,0
2025-06-30 08:00:00+00,N622FB,1,203,2160.0985221674876847,0,2,0,0
2025-06-30 08:00:00+00,N625FB,1,1370,1972.1167883211678832,1700,0,0,0
2025-06-30 09:00:00+00,N625FB,1,172,2047.3837209302325581,0,2,0,0
2025-06-30 12:00:00+00,N621FB,1,1,0.00000000000000000000,0,1,0,0
2025-06-30 13:00:00+00,N621FB,3,969,2171.3364293085655315,0,7,0,0
2025-06-30 14:00:00+00,N621FB,1,67,1986.5671641791044776,0,3,0,0
2025-06-30 14:00:00+00,N625FB,1,292,2235.1883561643835616,0,1,0,0
2025-06-30 15:00:00+00,N625FB,1,638,2097.9623824451410658,0,3,0,0
2025-06-30 19:00:00+00,N623FB,2,204,1984.5588235294117647,0,6,0,0
2025-06-30 19:00:00+00,N625FB,2,470,1829.3085106382978723,0,4,0,0
2025-06-30 20:00:00+00,N623FB,1,222,2103.1531531531531532,0,2,0,0
2025-06-30 20:00:00+00,N625FB,2,678,1954.9041297935103245,0,9,0,0
2025-06-30 23:00:00+00,N624FB,1,960,2118.9062500000000000,1700,0,0,0
2025-07-01 00:00:00+00,N624FB,1,866,2240.5600461893764434,0,3,0,0
2025-07-01 02:00:00+00,N624FB,1,1038,1944.9662813102119461,0,1,0,0
2025-07-01 03:00:00+00,N621FB,1,509,2067.0923379174852652,0,2,0,0
2025-07-01 03:00:00+00,N624FB,1,928,2059.3750000000000000,0,5,0,0
2025-07-01 04:00:00+00,N621FB,1,1341,1961.4280387770320656,1650,0,0,0
2025-07-01 05:00:00+00,N621FB,1,125,2044.8000000000000000,0,1,0,0
2025-07-01 05:00:00+00,N624FB,1,1367,2122.4213606437454279,0,2,0,0
2025-07-01 06:00:00+00,N621FB,1,603,2018.1177446102819237,0,4,0,0
2025-07-01 06:00:00+00,N624FB,1,886,2093.4255079006772009,0,6,0,0
2025-07-01 07:00:00+00,N621FB,1,1118,1879.0921288014311270,1600,0,0,0
2025-07-01 08:00:00+00,N624FB,1,1297,2123.0146491904394757,1625,0,0,0
2025-07-01 09:00:00+00,N624FB,1,119,1966.1764705882352941,0,5,0,0
2025-07-01 13:00:00+00,N625FB,6,680,2078.1985294117647059,0,10,0,0
2025-07-01 14:00:00+00,N623FB,1,227,2819.7136563876651982,0,1,0,0
2025-07-01 14:00:00+00,N624FB,1,62,1977.8225806451612903,0,1,0,0
2025-07-01 14:00:00+00,N625FB,2,169,1977.3668639053254438,0,5,0,0
2025-07-01 15:00:00+00,N623FB,1,855,2920.2923976608187135,0,2,0,0
2025-07-01 15:00:00+00,N624FB,1,1150,1791.0217391304347826,0,3,0,0
2025-07-01 18:00:00+00,N624FB,1,79,2025.3164556962025316,0,2,0,0
2025-07-01 19:00:00+00,N624FB,1,1273,1984.7014925373134328,1575,0,0,0
2025-07-01 20:00:00+00,N624FB,1,81,1894.1358024691358025,0,2,0,0
2025-07-01 23:00:00+00,N621FB,1,1075,1973.5116279069767442,0,1,0,0
2025-07-02 00:00:00+00,N621FB,1,1484,2222.8099730458221024,1900,0,0,0
2025-07-02 01:00:00+00,N621FB,1,320,2208.4375000000000000,0,2,0,0
2025-07-02 02:00:00+00,N621FB,1,597,2162.9396984924623116,0,1,0,0
2025-07-02 03:00:00+00,N621FB,1,875,2291.8857142857142857,0,4,0,0
2025-07-02 03:00:00+00,N624FB,1,555,2017.8828828828828829,0,2,0,0
2025-07-02 04:00:00+00,N624FB,1,1310,1965.4198473282442748,1725,0,0,0
2025-07-02 05:00:00+00,N621FB,1,1197,2067.3350041771094403,0,3,0,0
2025-07-02 05:00:00+00,N624FB,1,104,1985.5769230769230769,0,4,0,0
2025-07-02 06:00:00+00,N621FB,1,768,2045.4101562500000000,0,4,0,0
2025-07-02 06:00:00+00,N624FB,1,673,1978.4175334323922734,0,2,0,0
2025-07-02 07:00:00+00,N621FB,1,9,1502.7777777777777778,0,1,0,0
2025-07-02 07:00:00+00,N624FB,1,1378,1964.0965166908563135,1650,0,0,0
2025-07-02 08:00:00+00,N621FB,1,1438,2019.9756606397774687,1675,0,0,0
2025-07-02 08:00:00+00,N624FB,1,48,1850.5208333333333333,0,3,0,0
2025-07-02 09:00:00+00,N621FB,1,473,2038.1606765327695560,0,4,0,0
2025-07-02 12:00:00+00,N622FB,1,169,2119.0828402366863905,0,4,0,0
2025-07-02 13:00:00+00,N622FB,1,939,2103.4611288604898829,0,1,0,0
2025-07-02 13:00:00+00,N624FB,10,558,4320.7437275985663082,0,9,0,0
2025-07-02 14:00:00+00,N622FB,2,3,0.00000000000000000000,0,3,0,0
2025-07-02 15:00:00+00,N621FB,1,741,2146.1538461538461538,0,1,0,0
2025-07-02 15:00:00+00,N622FB,1,707,2124.6817538896746818,1200,0,0,0
2025-07-02 15:00:00+00,N624FB,1,257,3449.5136186770428016,0,5,0,0
2025-07-02 16:00:00+00,N621FB,1,287,1947.1254355400696864,0,3,0,0
2025-07-02 16:00:00+00,N622FB,1,191,2113.7434554973821990,0,1,0,0
2025-07-02 18:00:00+00,N621FB,3,620,1846.0887096774193548,0,13,0,0
2025-07-02 19:00:00+00,N621FB,1,279,1965.0537634408602151,0,4,0,0
2025-07-02 23:00:00+00,N623FB,1,1160,2046.5948275862068966,0,1,0,0
2025-07-03 00:00:00+00,N623FB,1,756,2101.0582010582010582,0,3,0,0
2025-07-03 06:00:00+00,N622FB,1,777,1887.6769626769626770,0,1,0,0
2025-07-03 07:00:00+00,N622FB,1,1010,1795.2227722772277228,1575,0,0,0
2025-07-03 07:00:00+00,N623FB,1,201,2018.5323383084577114,0,2,0,0
2025-07-03 08:00:00+00,N622FB,1,110,2220.0000000000000000,0,2,0,0
2025-07-03 08:00:00+00,N623FB,1,1342,1965.2011922503725782,1750,0,0,0
2025-07-03 09:00:00+00,N623FB,1,308,1903.0032467532467532,0,4,0,0
2025-07-03 10:00:00+00,N623FB,1,1416,1870.7274011299435028,0,2,0,0
2025-07-03 11:00:00+00,N623FB,1,380,1903.4868421052631579,0,4,0,0
2025-07-03 14:00:00+00,N624FB,1,33,1738.6363636363636364,0,2,0,0
2025-07-03 15:00:00+00,N624FB,1,1002,1729.9401197604790419,1400,0,0,0
2025-07-03 16:00:00+00,N624FB,2,37,1707.4324324324324324,0,1,0,0
2025-07-03 18:00:00+00,N624FB,1,1020,1700.0735294117647059,0,1,0,0
2025-07-03 19:00:00+00,N624FB,1,1261,1820.7573354480570975,1600,0,0,0
2025-07-03 20:00:00+00,N624FB,1,257,1781.6147859922178988,1500,0,0,0
2025-07-03 23:00:00+00,N622FB,1,1136,2253.3450704225352113,0,5,0,0
2025-07-04 00:00:00+00,N622FB,1,723,1912.9668049792531120,0,1,0,0
2025-07-04 02:00:00+00,N622FB,1,1121,1828.3229259589652096,0,4,0,0
2025-07-04 03:00:00+00,N621FB,1,535,1891.2149532710280374,0,2,0,0
2025-07-04 03:00:00+00,N622FB,1,790,1818.4177215189873418,1525,0,0,0
2025-07-04 04:00:00+00,N621FB,1,1395,1885.4838709677419355,1500,0,0,0
2025-07-04 04:00:00+00,N623FB,1,1,0.00000000000000000000,0,1,0,0
2025-07-04 05:00:00+00,N621FB,2,274,1772.0802919708029197,0,3,0,0
2025-07-04 05:00:00+00,N623FB,1,379,1906.6622691292875989,0,2,0,0
2025-07-04 06:00:00+00,N621FB,1,596,1766.7785234899328859,0,1,0,0
2025-07-04 06:00:00+00,N624FB,1,848,1782.1049528301886792,0,5,0,0
2025-07-04 07:00:00+00,N621FB,1,1318,1835.2427921092564492,1075,0,0,0
2025-07-04 08:00:00+00,N621FB,1,123,1886.1788617886178862,0,2,0,0
2025-07-04 08:00:00+00,N624FB,1,1237,1730.8205335489086500,0,1,0,0
2025-07-04 09:00:00+00,N624FB,1,1118,1649.3291592128801431,0,4,0,0
2025-07-04 14:00:00+00,N621FB,1,840,1845.8333333333333333,0,2,0,0
2025-07-04 15:00:00+00,N621FB,2,232,1782.0043103448275862,1350,0,0,0
2025-07-04 17:00:00+00,N621FB,1,893,1601.7077267637178052,0,1,0,0
2025-07-04 18:00:00+00,N621FB,2,465,1739.0860215053763441,0,1,0,0
2025-07-04 19:00:00+00,N621FB,1,1320,1695.1136363636363636,1375,0,0,0
2025-07-04 20:00:00+00,N621FB,1,970,1683.9432989690721649,0,3,0,0
2025-07-04 23:00:00+00,N624FB,1,951,1768.8485804416403785,0,1,0,0
2025-07-05 00:00:00+00,N624FB,1,324,1859.8765432098765432,0,4,0,0
2025-07-05 02:00:00+00,N624FB,1,1277,2032.4588880187940486,1450,0,0,0
2025-07-05 03:00:00+00,N623FB,1,662,1873.8670694864048338,0,2,0,0
2025-07-05 03:00:00+00,N624FB,1,684,1939.0350877192982456,0,4,0,0
2025-07-05 04:00:00+00,N623FB,1,1231,1935.8448415922014622,1575,0,0,0
2025-07-05 05:00:00+00,N622FB,1,1330,1726.9360902255639098,0,2,0,0
2025-07-05 05:00:00+00,N623FB,1,148,1947.9729729729729730,0,5,0,0
2025-07-05 06:00:00+00,N622FB,1,845,1649.8520710059171598,0,4,0,0
2025-07-05 06:00:00+00,N623FB,1,697,2122.7403156384505022,0,1,0,0
2025-07-05 07:00:00+00,N622FB,1,51,1760.7843137254901961,0,1,0,0
2025-07-05 07:00:00+00,N623FB,1,1233,1862.6723438767234388,1475,0,0,0
2025-07-05 08:00:00+00,N622FB,1,1415,1792.6678445229681979,1500,0,0,0
2025-07-05 08:00:00+00,N623FB,1,695,1673.5251798561151079,1400,0,0,0
2025-07-05 09:00:00+00,N622FB,1,1468,1518.8351498637602180,1325,0,0,0
2025-07-05 10:00:00+00,N622FB,1,785,1612.4840764331210191,0,4,0,0
2025-07-05 14:00:00+00,N625FB,1,36,1617.3611111111111111,0,3,0,0
2025-07-05 15:00:00+00,N625FB,1,1092,1939.6978021978021978,1375,0,0,0
2025-07-05 16:00:00+00,N625FB,1,12,1037.5000000000000000,0,3,0,0
2025-07-05 18:00:00+00,N625FB,1,1054,1730.9060721062618596,1375,0,0,0
2025-07-05 20:00:00+00,N621FB,1,113,1799.3362831858407080,0,3,0,0
2025-07-05 21:00:00+00,N621FB,1,759,2080.9288537549407115,0,3,0,0
2025-07-05 23:00:00+00,N621FB,1,1141,1682.2962313759859772,0,2,0,0
2025-07-06 00:00:00+00,N621FB,1,801,1800.9363295880149813,0,3,0,0
2025-07-06 02:00:00+00,N621FB,1,1035,1905.2173913043478261,0,3,0,0
2025-07-06 03:00:00+00,N621FB,1,1140,1727.0175438596491228,0,1,0,0
2025-07-06 03:00:00+00,N623FB,1,557,1843.1777378815080790,0,1,0,0
2025-07-06 04:00:00+00,N622FB,1,64,1897.6562500000000000,0,1,0,0
2025-07-06 04:00:00+00,N623FB,1,1195,1820.5439330543933054,1475,0,0,0
2025-07-06 05:00:00+00,N622FB,1,1393,1803.6791098348887294,1625,0,0,0
2025-07-06 05:00:00+00,N623FB,1,199,1820.4773869346733668,0,3,0,0
2025-07-06 06:00:00+00,N622FB,1,774,1778.1007751937984496,0,3,0,0
2025-07-06 06:00:00+00,N623FB,1,650,1745.8461538461538462,0,2,0,0
2025-07-06 07:00:00+00,N622FB,1,10,1812.5000000000000000,1525,0,0,0
2025-07-06 07:00:00+00,N623FB,1,1422,1658.4915611814345992,1400,0,0,0
2025-07-06 08:00:00+00,N622FB,1,1463,1719.0362269309637731,1475,0,0,0
2025-07-06 08:00:00+00,N623FB,1,73,1884.2465753424657534,0,3,0,0
2025-07-06 09:00:00+00,N622FB,1,856,1694.0128504672897196,0,4,0,0
2025-07-06 15:00:00+00,N622FB,1,1165,1946.3733905579399142,1475,0,0,0
2025-07-06 17:00:00+00,N622FB,1,354,1787.6412429378531073,1625,0,0,0
2025-07-06 18:00:00+00,N622FB,1,1106,1886.3245931283905967,0,3,0,0
2025-07-06 23:00:00+00,N621FB,1,1146,2040.9031413612565445,0,1,0,0
2025-07-07 00:00:00+00,N621FB,1,1023,1869.7458455522971652,1625,0,0,0
2025-07-07 02:00:00+00,N621FB,1,1129,1986.4924712134632418,0,2,0,0
2025-07-07 03:00:00+00,N621FB,1,840,2074.3750000000000000,1600,0,0,0
2025-07-07 03:00:00+00,N625FB,1,525,1893.0952380952380952,0,3,0,0
2025-07-07 04:00:00+00,N625FB,1,1308,1770.3555045871559633,1475,0,0,0
2025-07-07 05:00:00+00,N623FB,1,1303,1923.9255564082885649,0,4,0,0
2025-07-07 05:00:00+00,N625FB,1,346,1851.1560693641618497,1575,0,0,0
2025-07-07 06:00:00+00,N623FB,1,795,2025.0943396226415094,0,6,0,0
2025-07-07 06:00:00+00,N625FB,1,630,1990.5555555555555556,0,3,0,0
2025-07-07 07:00:00+00,N623FB,1,52,2029.3269230769230769,1625,0,0,0
2025-07-07 07:00:00+00,N625FB,1,1261,1990.8604282315622522,1700,0,0,0
2025-07-07 08:00:00+00,N623FB,1,1435,1908.6933797909407666,1650,0,0,0
2025-07-07 08:00:00+00,N625FB,1,39,1735.2564102564102564,0,2,0,0
2025-07-07 09:00:00+00,N623FB,1,1194,1909.6524288107202680,0,4,0,0
2025-07-07 10:00:00+00,N623FB,1,428,1933.5280373831775701,0,6,0,0
2025-07-07 15:00:00+00,N624FB,1,463,1759.8812095032397408,1500,0,0,0
2025-07-07 16:00:00+00,N624FB,2,824,1770.1456310679611650,0,1,0,0
2025-07-07 18:00:00+00,N624FB,2,509,1676.8172888015717092,0,1,0,0
2025-07-07 19:00:00+00,N624FB,1,643,1699.5723172628304821,1475,0,0,0
2025-07-07 23:00:00+00,N621FB,1,988,2018.5728744939271255,1500,0,0,0
2025-07-08 00:00:00+00,N621FB,1,654,1974.1590214067278287,0,1,0,0
2025-07-08 02:00:00+00,N621FB,1,1188,1719.0446127946127946,0,4,0,0
2025-07-08 03:00:00+00,N621FB,1,1019,1924.9263984298331698,0,1,0,0
2025-07-08 03:00:00+00,N624FB,1,579,1914.5509499136442142,0,3,0,0
2025-07-08 04:00:00+00,N623FB,1,9,1347.2222222222222222,0,1,0,0
2025-07-08 04:00:00+00,N624FB,1,1414,1830.9405940594059406,1500,0,0,0
2025-07-08 05:00:00+00,N623FB,1,1439,1704.9861014593467686,1525,0,0,0
2025-07-08 05:00:00+00,N624FB,1,57,1737.2807017543859649,0,3,0,0
2025-07-08 06:00:00+00,N623FB,1,885,1903.3615819209039548,0,4,0,0
2025-07-08 06:00:00+00,N624FB,1,696,1742.8879310344827586,0,2,0,0
2025-07-08 07:00:00+00,N623FB,1,42,1794.0476190476190476,0,1,0,0
2025-07-08 07:00:00+00,N624FB,1,1378,1692.3984034833091437,1500,0,0,0
2025-07-08 08:00:00+00,N623FB,1,1353,1757.1692535107169254,1550,0,0,0
2025-07-08 08:00:00+00,N624FB,1,318,1718.3176100628930818,1450,0,0,0
2025-07-08 09:00:00+00,N623FB,1,851,1658.7250293772032902,0,3,0,0
2025-07-08 14:00:00+00,N622FB,1,1,0.00000000000000000000,0,1,0,0
2025-07-08 14:00:00+00,N623FB,1,132,1798.1060606060606061,1375,0,0,0
2025-07-08 15:00:00+00,N623FB,1,905,1667.5966850828729282,1350,0,0,0
2025-07-08 16:00:00+00,N623FB,1,8,1578.1250000000000000,0,1,0,0
2025-07-08 17:00:00+00,N623FB,1,731,1694.2544459644322845,1375,0,0,0
2025-07-08 23:00:00+00,N621FB,1,1134,1947.3104056437389771,0,2,0,0
2025-07-09 00:00:00+00,N621FB,1,932,1956.9474248927038627,0,4,0,0
2025-07-09 02:00:00+00,N621FB,1,1156,1990.2681660899653979,0,1,0,0
2025-07-09 03:00:00+00,N621FB,1,242,1995.5578512396694215,0,3,0,0
2025-07-09 03:00:00+00,N625FB,1,256,1706.7382812500000000,0,4,0,0
2025-07-09 04:00:00+00,N625FB,1,1515,1873.4488448844884488,1450,0,0,0
2025-07-09 05:00:00+00,N621FB,1,1312,1835.5564024390243902,0,2,0,0
2025-07-09 05:00:00+00,N625FB,1,755,1876.3245033112582781,0,4,0,0
2025-07-09 06:00:00+00,N621FB,1,731,1775.4445964432284542,0,3,0,0
2025-07-09 06:00:00+00,N625FB,1,774,1764.0826873385012920,0,4,0,0
2025-07-09 07:00:00+00,N625FB,1,1514,1704.8381770145310436,1525,0,0,0
2025-07-09 08:00:00+00,N621FB,1,806,1942.1215880893300248,0,1,0,0
2025-07-09 08:00:00+00,N625FB,1,263,1869.2015209125475285,0,5,0,0
2025-07-09 09:00:00+00,N621FB,1,510,1875.4411764705882353,0,4,0,0
2025-07-09 12:00:00+00,N622FB,1,151,1692.3841059602649007,0,2,0,0
2025-07-09 13:00:00+00,N622FB,2,909,1952.7777777777777778,0,3,0,0
2025-07-09 15:00:00+00,N622FB,1,870,1885.1149425287356322,0,2,0,0
2025-07-09 16:00:00+00,N622FB,1,133,1867.2932330827067669,1475,0,0,0
2025-07-09 16:00:00+00,N623FB,1,27,1712.9629629629629630,0,1,0,0
2025-07-09 17:00:00+00,N623FB,1,558,2689.6953405017921147,0,2,0,0
2025-07-09 18:00:00+00,N623FB,2,324,1867.2839506172839506,0,2,0,0
2025-07-09 19:00:00+00,N623FB,2,662,2044.4486404833836858,0,5,0,0
2025-07-10 03:00:00+00,N624FB,1,451,1979.2682926829268293,0,1,0,0
2025-07-10 04:00:00+00,N624FB,1,1246,1924.7191011235955056,1500,0,0,0
2025-07-10 05:00:00+00,N623FB,1,1341,1897.4645786726323639,1575,0,0,0
2025-07-10 05:00:00+00,N624FB,1,206,1926.9417475728155340,0,4,0,0
2025-07-10 06:00:00+00,N623FB,1,667,1925.2623688155922039,0,5,0,0
2025-07-10 06:00:00+00,N624FB,1,615,2013.4959349593495935,0,3,0,0
2025-07-10 07:00:00+00,N624FB,1,1282,1945.9633385335413417,1475,0,0,0
2025-07-10 08:00:00+00,N623FB,1,1409,1941.6784953867991483,0,1,0,0
2025-07-10 08:00:00+00,N624FB,1,436,2078.4403669724770642,0,3,0,0
2025-07-10 09:00:00+00,N623FB,1,977,1905.1177072671443193,0,4,0,0
2025-07-10 14:00:00+00,N621FB,1,117,1938.8888888888888889,0,2,0,0
2025-07-10 15:00:00+00,N621FB,1,780,2155.6410256410256410,0,3,0,0
2025-07-10 15:00:00+00,N622FB,1,929,1901.2648008611410118,0,1,0,0
2025-07-10 16:00:00+00,N622FB,2,105,1870.2380952380952381,0,5,0,0
2025-07-10 18:00:00+00,N622FB,1,825,1849.2727272727272727,0,2,0,0
2025-07-10 19:00:00+00,N622FB,1,74,1907.4324324324324324,0,1,0,0
2025-07-10 20:00:00+00,N621FB,1,2,0.00000000000000000000,0,2,0,0
2025-07-10 21:00:00+00,N621FB,1,180,2018.7500000000000000,0,3,0,0
2025-07-10 22:00:00+00,N621FB,1,35,1837.8571428571428571,0,3,0,0
2025-07-10 23:00:00+00,N621FB,1,1394,2168.9383070301291248,1775,0,0,0
2025-07-11 00:00:00+00,N621FB,1,614,2287.0928338762214984,0,4,0,0
2025-07-11 01:00:00+00,N621FB,1,508,2105.4133858267716535,1650,0,0,0
2025-07-11 02:00:00+00,N621FB,1,1474,2097.7272727272727273,1700,0,0,0
2025-07-11 03:00:00+00,N621FB,1,488,2135.2459016393442623,1650,0,0,0
2025-07-11 03:00:00+00,N624FB,1,649,2031.4714946070878274,0,1,0,0
2025-07-11 04:00:00+00,N624FB,1,1452,1878.9600550964187328,1675,0,0,0
2025-07-11 05:00:00+00,N623FB,1,1182,1898.0752961082910321,0,2,0,0
2025-07-11 05:00:00+00,N624FB,1,359,2011.8384401114206128,0,1,0,0
2025-07-11 06:00:00+00,N623FB,1,809,1898.5475896168108776,0,4,0,0
2025-07-11 06:00:00+00,N624FB,2,1130,2011.1504424778761062,0,4,0,0
2025-07-11 07:00:00+00,N624FB,2,2532,1983.9454976303317536,1475,0,0,0
2025-07-11 08:00:00+00,N623FB,1,1256,1889.9084394904458599,0,1,0,0
2025-07-11 08:00:00+00,N624FB,2,606,2069.1831683168316832,0,7,0,0
2025-07-11 09:00:00+00,N623FB,1,185,1954.8648648648648649,0,4,0,0
2025-07-11 14:00:00+00,N625FB,1,109,1791.2844036697247706,0,1,0,0
2025-07-11 16:00:00+00,N625FB,1,752,1788.3976063829787234,0,1,0,0
2025-07-11 18:00:00+00,N625FB,1,694,1846.4337175792507205,0,1,0,0
2025-07-11 22:00:00+00,N621FB,1,32,1778.1250000000000000,0,3,0,0
2025-07-11 23:00:00+00,N621FB,1,1416,2097.2987288135593220,1625,0,0,0
2025-07-12 00:00:00+00,N621FB,1,574,2223.7804878048780488,0,3,0,0
2025-07-12 02:00:00+00,N621FB,1,1184,1969.5312500000000000,0,1,0,0
2025-07-12 03:00:00+00,N621FB,1,878,2276.4236902050113895,0,1,0,0
2025-07-12 03:00:00+00,N624FB,1,722,2118.6980609418282548,0,2,0,0
2025-07-12 04:00:00+00,N624FB,1,1509,2018.0583167660702452,1850,0,0,0
2025-07-12 05:00:00+00,N623FB,1,1326,1811.7647058823529412,0,1,0,0
2025-07-12 05:00:00+00,N624FB,1,243,1956.9958847736625514,0,4,0,0
2025-07-12 06:00:00+00,N623FB,1,935,1849.0106951871657754,0,4,0,0
2025-07-12 06:00:00+00,N624FB,1,687,1860.3711790393013100,0,1,0,0
2025-07-12 07:00:00+00,N624FB,1,1368,1957.6023391812865497,1750,0,0,0
2025-07-12 08:00:00+00,N623FB,1,1358,1871.1156111929307806,0,1,0,0
2025-07-12 08:00:00+00,N624FB,1,164,1908.8414634146341463,0,5,0,0
2025-07-12 09:00:00+00,N623FB,1,1154,1933.1022530329289428,0,4,0,0
2025-07-12 14:00:00+00,N625FB,1,283,1670.1413427561837456,0,3,0,0
2025-07-12 15:00:00+00,N625FB,1,1102,1806.6016333938294011,1550,0,0,0
2025-07-12 16:00:00+00,N625FB,1,301,1828.2392026578073090,0,3,0,0
2025-07-12 18:00:00+00,N625FB,1,967,1856.5408479834539814,0,3,0,0
2025-07-12 19:00:00+00,N625FB,1,51,1762.2549019607843137,1450,0,0,0
2025-07-12 23:00:00+00,N621FB,1,1387,2030.5335255948089402,0,1,0,0
2025-07-13 00:00:00+00,N621FB,1,436,1877.4082568807339450,0,5,0,0
2025-07-13 02:00:00+00,N621FB,1,1355,1980.7564575645756458,0,2,0,0
2025-07-13 03:00:00+00,N621FB,1,913,1797.9189485213581599,0,3,0,0
2025-07-13 03:00:00+00,N624FB,1,577,2005.4592720970537262,0,4,0,0
2025-07-13 04:00:00+00,N624FB,1,1303,2015.5602455871066769,1800,0,0,0
2025-07-13 05:00:00+00,N623FB,1,1332,1876.2387387387387387,0,1,0,0
2025-07-13 05:00:00+00,N624FB,1,163,1948.0061349693251534,0,4,0,0
2025-07-13 06:00:00+00,N623FB,1,837,1872.5806451612903226,0,4,0,0
2025-07-13 06:00:00+00,N624FB,1,695,2023.8129496402877698,0,2,0,0
2025-07-13 07:00:00+00,N624FB,1,1224,1885.4779411764705882,1650,0,0,0
2025-07-13 08:00:00+00,N623FB,1,1344,1885.8444940476190476,0,1,0,0
2025-07-13 08:00:00+00,N624FB,1,624,1856.0496794871794872,0,3,0,0
2025-07-13 09:00:00+00,N623FB,1,1417,2051.3761467889908257,1625,0,0,0
2025-07-13 10:00:00+00,N623FB,1,739,2244.9255751014884980,0,3,0,0
2025-07-13 15:00:00+00,N625FB,2,365,1783.4931506849315068,0,3,0,0
2025-07-13 16:00:00+00,N625FB,2,706,1706.3031161473087819,1425,0,0,0
2025-07-13 17:00:00+00,N625FB,1,228,1811.1842105263157895,0,1,0,0
2025-07-13 18:00:00+00,N625FB,1,559,1861.9409660107334526,1700,0,0,0
2025-07-13 19:00:00+00,N625FB,2,839,1683.9988081048867700,1450,0,0,0
2025-07-13 22:00:00+00,N621FB,1,66,1919.3181818181818182,0,2,0,0
2025-07-13 23:00:00+00,N621FB,1,1248,2052.4238782051282051,1775,0,0,0
2025-07-14 00:00:00+00,N621FB,1,583,1924.3138936535162950,0,2,0,0
2025-07-14 02:00:00+00,N621FB,1,1356,1945.8702064896755162,0,3,0,0
2025-07-14 03:00:00+00,N621FB,1,948,2041.3502109704641350,0,3,0,0
2025-07-14 03:00:00+00,N624FB,1,589,2026.5704584040747029,0,2,0,0
2025-07-14 04:00:00+00,N624FB,1,1189,1994.2388561816652649,1600,0,0,0
2025-07-14 05:00:00+00,N623FB,1,1265,1913.5770750988142292,0,2,0,0
2025-07-14 05:00:00+00,N624FB,1,382,1991.2958115183246073,0,4,0,0
2025-07-14 06:00:00+00,N623FB,1,774,1911.6925064599483204,0,7,0,0
2025-07-14 06:00:00+00,N624FB,1,557,1985.7719928186714542,0,2,0,0
2025-07-14 07:00:00+00,N623FB,1,2,0.00000000000000000000,0,2,0,0
2025-07-14 07:00:00+00,N624FB,1,1405,1758.0249110320284698,1500,0,0,0
2025-07-14 08:00:00+00,N623FB,1,1340,1917.2014925373134328,1575,0,0,0
2025-07-14 08:00:00+00,N624FB,1,454,1924.7797356828193833,0,2,0,0
2025-07-14 09:00:00+00,N623FB,1,913,2170.3723986856516977,0,5,0,0
2025-07-14 15:00:00+00,N625FB,1,785,1751.4012738853503185,0,1,0,0
2025-07-14 16:00:00+00,N624FB,1,103,1718.2038834951456311,0,1,0,0
2025-07-14 16:00:00+00,N625FB,2,241,1842.5311203319502075,0,1,0,0
2025-07-14 18:00:00+00,N625FB,1,342,1941.8859649122807018,1475,0,0,0
2025-07-14 19:00:00+00,N625FB,1,731,1951.0601915184678523,1475,0,0,0
2025-07-14 23:00:00+00,N621FB,1,1114,1973.3617594254937163,0,1,0,0
2025-07-15 00:00:00+00,N621FB,1,326,1819.7085889570552147,0,1,0,0
2025-07-15 02:00:00+00,N621FB,1,1083,1795.9833795013850416,0,1,0,0
2025-07-15 03:00:00+00,N621FB,1,297,2011.7003367003367003,0,3,0,0
2025-07-15 03:00:00+00,N622FB,1,592,1797.7618243243243243,0,3,0,0
2025-07-15 04:00:00+00,N622FB,1,1223,1787.2853638593622240,1550,0,0,0
2025-07-15 05:00:00+00,N622FB,1,127,2007.0866141732283465,0,1,0,0
2025-07-15 05:00:00+00,N623FB,1,1154,2018.0459272097053726,0,2,0,0
2025-07-15 06:00:00+00,N622FB,1,638,1845.4153605015673981,0,2,0,0
2025-07-15 06:00:00+00,N623FB,1,705,2293.5460992907801418,0,5,0,0
2025-07-15 07:00:00+00,N622FB,1,1268,1803.2137223974763407,1550,0,0,0
2025-07-15 08:00:00+00,N622FB,1,99,1914.3939393939393939,0,1,0,0
2025-07-15 08:00:00+00,N623FB,6,1052,1806.0123574144486692,0,8,0,0
2025-07-15 09:00:00+00,N623FB,1,1455,1997.0274914089347079,1700,0,0,0
2025-07-15 10:00:00+00,N623FB,1,1409,2140.7203690560681334,0,3,0,0
2025-07-15 14:00:00+00,N622FB,1,3,0.00000000000000000000,0,3,0,0
2025-07-15 15:00:00+00,N622FB,1,520,1789.4711538461538462,0,1,0,0
2025-07-15 16:00:00+00,N622FB,2,505,1859.0099009900990099,0,1,0,0
2025-07-15 18:00:00+00,N622FB,1,662,1775.9441087613293051,0,1,0,0
2025-07-15 19:00:00+00,N622FB,2,544,1749.3106617647058824,1375,0,0,0
2025-07-15 22:00:00+00,N623FB,1,308,1886.6071428571428571,0,1,0,0
2025-07-15 23:00:00+00,N623FB,2,1284,1922.0599688473520249,0,1,0,0
2025-07-16 00:00:00+00,N623FB,1,633,2114.0995260663507109,0,3,0,0
2025-07-16 02:00:00+00,N623FB,1,1080,1846.8055555555555556,0,1,0,0
2025-07-16 03:00:00+00,N621FB,1,397,2021.7254408060453401,0,2,0,0
2025-07-16 03:00:00+00,N623FB,1,536,2053.3582089552238806,0,3,0,0
2025-07-16 04:00:00+00,N621FB,1,1321,1894.3981831945495836,1575,0,0,0
2025-07-16 05:00:00+00,N621FB,1,170,2010.5882352941176471,0,1,0,0
2025-07-16 05:00:00+00,N625FB,1,1241,2048.5898468976631749,0,3,0,0
2025-07-16 06:00:00+00,N621FB,1,510,1931.1274509803921569,0,6,0,0
2025-07-16 06:00:00+00,N625FB,1,876,1980.8789954337899543,0,2,0,0
2025-07-16 15:00:00+00,N622FB,1,646,1698.2585139318885449,0,1,0,0
2025-07-16 16:00:00+00,N622FB,2,359,1688.0222841225626741,0,3,0,0
2025-07-16 18:00:00+00,N622FB,1,842,1724.8218527315914489,0,1,0,0
2025-07-16 19:00:00+00,N622FB,1,430,1730.6395348837209302,1450,0,0,0
2025-07-16 23:00:00+00,N625FB,1,1026,1995.1510721247563353,0,2,0,0
2025-07-17 00:00:00+00,N625FB,1,121,1938.4297520661157025,0,5,0,0
2025-07-17 03:00:00+00,N623FB,1,197,1859.3908629441624365,1500,0,0,0
2025-07-17 04:00:00+00,N623FB,1,1206,1731.9237147595356551,1500,0,0,0
2025-07-17 05:00:00+00,N623FB,1,175,1978.1428571428571429,0,3,0,0
2025-07-17 05:00:00+00,N625FB,1,1059,1908.6638338054768650,0,2,0,0
2025-07-17 06:00:00+00,N623FB,1,605,1773.9669421487603306,1500,0,0,0
2025-07-17 06:00:00+00,N625FB,1,853,2063.6869871043376319,0,3,0,0
2025-07-17 07:00:00+00,N623FB,1,1260,1685.4761904761904762,1450,0,0,0
2025-07-17 08:00:00+00,N623FB,1,111,1818.9189189189189189,0,2,0,0
2025-07-17 08:00:00+00,N625FB,2,1004,1977.1414342629482072,0,11,0,0
2025-07-17 09:00:00+00,N625FB,1,601,1927.8286189683860233,0,2,0,0
2025-07-17 15:00:00+00,N622FB,1,855,1796.1403508771929825,0,1,0,0
2025-07-17 16:00:00+00,N622FB,2,136,1939.1544117647058824,0,2,0,0
2025-07-17 18:00:00+00,N622FB,1,890,1907.3314606741573034,0,1,0,0
2025-07-17 19:00:00+00,N622FB,1,60,1765.4166666666666667,1475,0,0,0
2025-07-17 23:00:00+00,N625FB,1,908,2336.4537444933920705,0,2,0,0
2025-07-18 00:00:00+00,N625FB,1,1325,2112.8301886792452830,1650,0,0,0
2025-07-18 01:00:00+00,N625FB,1,332,1836.5210843373493976,0,3,0,0
2025-07-18 02:00:00+00,N625FB,1,850,1983.0000000000000000,0,1,0,0
2025-07-18 03:00:00+00,N623FB,1,671,2081.8926974664679583,0,2,0,0
2025-07-18 03:00:00+00,N625FB,1,1070,2072.2429906542056075,1550,0,0,0
2025-07-18 04:00:00+00,N623FB,1,1380,2101.1231884057971014,1725,0,0,0
2025-07-18 05:00:00+00,N623FB,1,407,2249.5085995085995086,0,4,0,0
2025-07-18 05:00:00+00,N625FB,1,1176,1724.0221088435374150,0,2,0,0
2025-07-18 06:00:00+00,N623FB,1,786,1951.9083969465648855,0,1,0,0
2025-07-18 06:00:00+00,N625FB,1,749,1705.3738317757009346,1375,0,0,0
2025-07-18 07:00:00+00,N623FB,1,1459,2068.8485263879369431,1600,0,0,0
2025-07-18 08:00:00+00,N623FB,1,101,1994.3069306930693069,0,4,0,0
2025-07-18 08:00:00+00,N625FB,1,970,1808.7113402061855670,0,4,0,0
2025-07-18 09:00:00+00,N625FB,1,821,1887.4238733252131547,0,5,0,0
2025-07-18 15:00:00+00,N621FB,1,840,1860.9821428571428571,0,2,0,0
2025-07-18 18:00:00+00,N625FB,2,497,1939.5875251509054326,0,1,0,0
2025-07-18 19:00:00+00,N625FB,1,158,2144.7784810126582278,1475,0,0,0
2025-07-18 21:00:00+00,N623FB,1,1164,2034.1494845360824742,0,2,0,0
2025-07-18 22:00:00+00,N623FB,1,182,1903.9835164835164835,0,2,0,0
2025-07-18 23:00:00+00,N624FB,1,130,1773.0769230769230769,0,3,0,0
2025-07-19 00:00:00+00,N623FB,1,1186,1945.5522765598650927,0,3,0,0
2025-07-19 01:00:00+00,N623FB,1,48,1767.1875000000000000,0,3,0,0
2025-07-19 02:00:00+00,N622FB,1,749,1727.9038718291054740,0,2,0,0
2025-07-19 03:00:00+00,N622FB,2,1180,1824.6398305084745763,0,5,0,0
2025-07-19 04:00:00+00,N625FB,1,47,1745.2127659574468085,0,4,0,0
2025-07-19 05:00:00+00,N625FB,1,1324,1990.9176737160120846,1650,0,0,0
2025-07-19 06:00:00+00,N622FB,1,656,1896.8368902439024390,0,1,0,0
2025-07-19 06:00:00+00,N625FB,1,814,1829.7297297297297297,0,4,0,0
2025-07-19 07:00:00+00,N622FB,1,1403,1766.9280114041339986,1550,0,0,0
2025-07-19 08:00:00+00,N622FB,1,444,1956.6441441441441441,1325,0,0,0
2025-07-19 08:00:00+00,N625FB,1,1365,1766.4285714285714286,0,3,0,0
2025-07-19 09:00:00+00,N625FB,1,874,1811.7848970251716247,0,3,0,0
2025-07-19 13:00:00+00,N621FB,1,947,1912.9091869060190074,0,1,0,0
2025-07-19 14:00:00+00,N621FB,1,84,1805.9523809523809524,0,2,0,0
2025-07-19 17:00:00+00,N621FB,1,746,1718.0630026809651475,0,2,0,0
2025-07-19 18:00:00+00,N621FB,1,289,1728.1141868512110727,1450,0,0,0
2025-07-19 22:00:00+00,N623FB,1,18,1716.6666666666666667,0,1,0,0
2025-07-19 23:00:00+00,N623FB,4,986,1983.1643002028397566,0,8,0,0
2025-07-20 00:00:00+00,N623FB,1,637,1963.5792778649921507,0,3,0,0
2025-07-20 02:00:00+00,N623FB,1,1221,1940.0900900900900901,1175,0,0,0
2025-07-20 02:00:00+00,N624FB,1,321,2202.5700934579439252,0,3,0,0
2025-07-20 03:00:00+00,N623FB,1,339,2106.2684365781710914,0,3,0,0
2025-07-20 03:00:00+00,N624FB,1,1325,1949.0000000000000000,1375,0,0,0
2025-07-20 04:00:00+00,N624FB,1,1438,1941.3421418636995828,1700,0,0,0
2025-07-20 05:00:00+00,N624FB,1,144,1983.6805555555555556,0,3,0,0
2025-07-20 05:00:00+00,N625FB,1,1331,1850.0375657400450789,0,2,0,0
2025-07-20 06:00:00+00,N624FB,1,645,1896.1627906976744186,0,2,0,0
2025-07-20 06:00:00+00,N625FB,1,1249,1886.8895116092874299,1575,0,0,0
2025-07-20 07:00:00+00,N624FB,1,1360,1813.5294117647058824,1525,0,0,0
2025-07-20 07:00:00+00,N625FB,1,87,1809.1954022988505747,0,4,0,0
2025-07-20 08:00:00+00,N624FB,1,720,2017.5347222222222222,0,2,0,0
2025-07-20 08:00:00+00,N625FB,1,713,1907.6437587657784011,0,3,0,0
2025-07-20 09:00:00+00,N625FB,1,1506,2049.0039840637450199,1600,0,0,0
2025-07-20 10:00:00+00,N625FB,1,313,2052.2364217252396166,0,2,0,0
2025-07-20 15:00:00+00,N621FB,1,1052,1783.5313688212927757,0,1,0,0
2025-07-20 16:00:00+00,N621FB,1,76,1815.1315789473684211,1425,0,0,0
2025-07-20 23:00:00+00,N623FB,1,1000,1856.2250000000000000,0,2,0,0
2025-07-21 00:00:00+00,N623FB,1,728,1873.2142857142857143,0,5,0,0
2025-07-21 02:00:00+00,N623FB,1,1242,1916.0225442834138486,0,4,0,0
2025-07-21 03:00:00+00,N623FB,1,895,1912.1787709497206704,0,9,0,0
2025-07-21 03:00:00+00,N624FB,1,1053,2053.8461538461538462,0,2,0,0
2025-07-21 04:00:00+00,N624FB,1,1363,1800.8253851797505503,1525,0,0,0
2025-07-21 05:00:00+00,N624FB,1,439,1940.8883826879271071,0,2,0,0
2025-07-21 05:00:00+00,N625FB,1,1216,1943.3799342105263158,0,1,0,0
2025-07-21 06:00:00+00,N624FB,1,559,2069.9016100178890877,0,1,0,0
2025-07-21 06:00:00+00,N625FB,1,1081,1873.5430157261794635,0,2,0,0
2025-07-21 07:00:00+00,N624FB,1,1274,1921.1734693877551020,1650,0,0,0
2025-07-21 08:00:00+00,N624FB,1,633,2118.4834123222748815,0,3,0,0
2025-07-21 08:00:00+00,N625FB,1,1397,1769.7208303507516106,0,2,0,0
2025-07-21 09:00:00+00,N625FB,1,685,1915.6934306569343066,0,4,0,0
2025-07-21 15:00:00+00,N625FB,2,1062,1769.3267419962335217,0,2,0,0
2025-07-21 18:00:00+00,N625FB,1,651,1748.3486943164362519,0,2,0,0
2025-07-21 19:00:00+00,N625FB,1,912,1895.0383771929824561,1475,0,0,0
2025-07-21 22:00:00+00,N623FB,1,673,1880.9435364041604755,0,3,0,0
2025-07-21 23:00:00+00,N623FB,1,970,1942.2680412371134021,0,4,0,0
2025-07-22 02:00:00+00,N623FB,1,107,2040.8878504672897196,0,1,0,0
2025-07-22 03:00:00+00,N621FB,1,677,2000.1846381093057607,0,1,0,0
2025-07-22 03:00:00+00,N623FB,1,1040,1979.0865384615384615,0,3,0,0
2025-07-22 04:00:00+00,N621FB,1,668,1805.8008982035928144,1525,0,0,0
2025-07-22 05:00:00+00,N623FB,1,473,1790.9619450317124736,1200,0,0,0
2025-07-22 06:00:00+00,N622FB,1,548,1778.1934306569343066,1525,0,0,0
2025-07-22 06:00:00+00,N623FB,1,761,1903.8107752956636005,0,2,0,0
2025-07-22 07:00:00+00,N622FB,1,1270,1684.3110236220472441,1400,0,0,0
2025-07-22 08:00:00+00,N622FB,1,84,1889.2857142857142857,0,2,0,0
2025-07-22 08:00:00+00,N623FB,1,1306,1902.6033690658499234,0,1,0,0
2025-07-22 09:00:00+00,N623FB,1,639,1843.1924882629107981,0,2,0,0
2025-07-22 15:00:00+00,N622FB,1,938,1880.3038379530916844,0,1,0,0
2025-07-22 16:00:00+00,N622FB,2,385,1789.2207792207792208,0,2,0,0
2025-07-22 17:00:00+00,N622FB,1,317,1939.7476340694006309,1450,0,0,0
2025-07-22 18:00:00+00,N622FB,1,1037,1781.6779170684667310,1450,0,0,0
2025-07-22 19:00:00+00,N622FB,1,195,1764.1025641025641026,0,2,0,0
2025-07-22 23:00:00+00,N625FB,1,942,2034.8726114649681529,0,2,0,0
2025-07-23 00:00:00+00,N625FB,1,628,2001.2340764331210191,0,5,0,0
2025-07-23 02:00:00+00,N625FB,1,1062,2028.1073446327683616,0,2,0,0
2025-07-23 03:00:00+00,N621FB,1,632,1949.9604430379746835,0,1,0,0
2025-07-23 03:00:00+00,N625FB,1,1239,1935.4923325262308313,0,3,0,0
2025-07-23 04:00:00+00,N621FB,1,1338,2184.9775784753363229,1575,0,0,0
2025-07-23 05:00:00+00,N621FB,1,203,2050.3694581280788177,0,3,0,0
2025-07-23 05:00:00+00,N625FB,1,605,2102.3966942148760331,0,3,0,0
2025-07-23 06:00:00+00,N621FB,1,574,1893.5975609756097561,0,4,0,0
2025-07-23 06:00:00+00,N625FB,1,927,2239.1855447680690399,0,4,0,0
2025-07-23 07:00:00+00,N621FB,1,1300,1878.6346153846153846,1500,0,0,0
2025-07-23 08:00:00+00,N621FB,1,68,1855.8823529411764706,0,2,0,0
2025-07-23 08:00:00+00,N625FB,1,1249,1915.0120096076861489,0,2,0,0
2025-07-23 09:00:00+00,N625FB,1,963,2382.7362409138110073,0,2,0,0
2025-07-23 10:00:00+00,N625FB,1,304,1991.6118421052631579,1500,0,0,0
2025-07-23 11:00:00+00,N625FB,1,422,1982.0497630331753555,0,1,0,0
2025-07-23 12:00:00+00,N625FB,2,276,1881.6123188405797101,0,1,0,0
2025-07-23 13:00:00+00,N625FB,1,511,2077.9843444227005871,1425,0,0,0
2025-07-23 15:00:00+00,N623FB,1,788,1816.0850253807106599,0,1,0,0
2025-07-23 16:00:00+00,N623FB,2,112,1795.0892857142857143,0,5,0,0
2025-07-23 17:00:00+00,N624FB,1,222,2250.5630630630630631,0,1,0,0
2025-07-23 18:00:00+00,N623FB,1,982,1858.6812627291242363,0,1,0,0
2025-07-23 18:00:00+00,N624FB,2,466,2075.1609442060085837,0,2,0,0
2025-07-23 19:00:00+00,N621FB,2,471,1895.4883227176220807,0,4,0,0
2025-07-23 20:00:00+00,N621FB,2,488,2088.1147540983606557,0,3,0,0
2025-07-23 20:00:00+00,N622FB,2,608,1975.4523026315789474,0,3,0,0
2025-07-23 21:00:00+00,N622FB,1,389,2048.1362467866323907,0,2,0,0
2025-07-23 21:00:00+00,N625FB,1,60,1903.7500000000000000,1500,0,0,0
2025-07-23 22:00:00+00,N622FB,2,781,2025.1920614596670935,0,3,0,0
2025-07-23 22:00:00+00,N625FB,1,1229,1801.7290480065093572,1475,0,0,0
2025-07-23 23:00:00+00,N622FB,1,429,2190.5011655011655012,0,2,0,0
2025-07-23 23:00:00+00,N625FB,1,888,1770.1858108108108108,0,4,0,0
2025-07-24 01:00:00+00,N625FB,1,139,2100.0000000000000000,1475,0,0,0
2025-07-24 02:00:00+00,N625FB,1,1606,2121.6220423412204234,1775,0,0,0
2025-07-24 03:00:00+00,N624FB,1,559,1855.5903398926654741,0,1,0,0
2025-07-24 03:00:00+00,N625FB,1,1036,1945.7046332046332046,1475,0,0,0
2025-07-24 04:00:00+00,N624FB,1,1319,1940.4283548142532221,1550,0,0,0
2025-07-24 05:00:00+00,N624FB,1,490,1821.4285714285714286,0,2,0,0
2025-07-24 05:00:00+00,N625FB,1,1416,1766.1899717514124294,1475,0,0,0
2025-07-24 06:00:00+00,N624FB,1,501,1976.0978043912175649,0,1,0,0
2025-07-24 06:00:00+00,N625FB,1,982,1801.3238289205702648,0,3,0,0
2025-07-24 07:00:00+00,N624FB,2,1341,2001.8269947800149142,0,1,0,0
2025-07-24 08:00:00+00,N624FB,1,132,2018.7500000000000000,1450,0,0,0
2025-07-24 08:00:00+00,N625FB,1,1301,1769.2928516525749424,1425,0,0,0
2025-07-24 09:00:00+00,N625FB,1,1093,1811.5279048490393413,0,4,0,0
2025-07-24 15:00:00+00,N623FB,1,575,1863.4347826086956522,1400,0,0,0
2025-07-24 16:00:00+00,N623FB,1,195,1853.8461538461538462,1375,0,0,0
2025-07-24 18:00:00+00,N623FB,1,355,1668.5211267605633803,0,1,0,0
2025-07-24 19:00:00+00,N623FB,1,611,1702.0049099836333879,1425,0,0,0
2025-07-24 20:00:00+00,N625FB,1,292,1641.0102739726027397,0,1,0,0
2025-07-24 21:00:00+00,N625FB,1,1049,1812.6549094375595806,0,4,0,0
2025-07-25 02:00:00+00,N625FB,1,1359,2108.9036055923473142,0,2,0,0
2025-07-25 03:00:00+00,N621FB,1,673,1882.1693907875185736,0,1,0,0
2025-07-25 03:00:00+00,N625FB,1,881,1801.4755959137343927,0,3,0,0
2025-07-25 04:00:00+00,N621FB,1,1085,1844.0552995391705069,1475,0,0,0
2025-07-25 05:00:00+00,N621FB,1,151,1935.2649006622516556,0,3,0,0
2025-07-25 05:00:00+00,N623FB,1,1233,1937.3682076236820762,0,1,0,0
2025-07-25 06:00:00+00,N621FB,2,552,2142.4365942028985507,0,2,0,0
2025-07-25 06:00:00+00,N623FB,1,1111,1871.1746174617461746,0,5,0,0
2025-07-25 07:00:00+00,N621FB,1,1337,1904.1510845175766642,1550,0,0,0
2025-07-25 08:00:00+00,N621FB,1,128,1957.2265625000000000,0,3,0,0
2025-07-25 08:00:00+00,N623FB,1,1274,1792.9945054945054945,0,2,0,0
2025-07-25 09:00:00+00,N623FB,1,853,1824.9120750293083236,0,4,0,0
2025-07-25 18:00:00+00,N622FB,1,462,1753.4632034632034632,0,1,0,0
2025-07-25 19:00:00+00,N622FB,1,362,1942.4033149171270718,1475,0,0,0
2025-07-25 22:00:00+00,N623FB,1,136,2045.2205882352941176,0,1,0,0
2025-07-25 23:00:00+00,N623FB,1,1309,1991.0427807486631016,1700,0,0,0
2025-07-26 00:00:00+00,N623FB,1,596,1914.9748322147651007,0,2,0,0
2025-07-26 01:00:00+00,N623FB,1,38,1898.0263157894736842,0,1,0,0
2025-07-26 02:00:00+00,N623FB,1,1508,2036.8534482758620690,0,2,0,0
2025-07-26 03:00:00+00,N621FB,1,622,1900.4019292604501608,0,1,0,0
2025-07-26 03:00:00+00,N623FB,1,1250,1967.4400000000000000,0,3,0,0
2025-07-26 04:00:00+00,N621FB,1,1414,1975.4950495049504950,1525,0,0,0
2025-07-26 05:00:00+00,N621FB,1,430,1879.6511627906976744,0,1,0,0
2025-07-26 05:00:00+00,N625FB,1,1371,1795.7695113056163384,0,1,0,0
2025-07-26 06:00:00+00,N621FB,1,511,2009.0019569471624266,0,2,0,0
2025-07-26 06:00:00+00,N625FB,1,853,1828.7221570926143025,0,2,0,0
2025-07-26 07:00:00+00,N621FB,1,1388,1896.5778097982708934,1625,0,0,0
2025-07-26 08:00:00+00,N621FB,1,217,2019.4700460829493088,0,3,0,0
2025-07-26 08:00:00+00,N625FB,1,1323,1786.8858654572940287,0,1,0,0
2025-07-26 09:00:00+00,N625FB,1,549,1815.5282331511839709,0,4,0,0
2025-07-26 14:00:00+00,N624FB,1,864,2012.7314814814814815,0,1,0,0
2025-07-26 15:00:00+00,N624FB,1,290,1790.0000000000000000,1475,0,0,0
2025-07-26 23:00:00+00,N622FB,1,1140,2651.3377192982456140,0,1,0,0
2025-07-27 00:00:00+00,N622FB,1,329,2079.7112462006079027,0,4,0,0
2025-07-27 01:00:00+00,N622FB,1,508,1958.5629921259842520,0,1,0,0
2025-07-27 02:00:00+00,N622FB,1,1505,2080.3820598006644518,1600,0,0,0
2025-07-27 03:00:00+00,N621FB,1,617,2110.9400324149108590,0,2,0,0
2025-07-27 03:00:00+00,N622FB,1,166,1936.1445783132530120,0,3,0,0
2025-07-27 04:00:00+00,N621FB,1,1369,1985.0986121256391527,1550,0,0,0
2025-07-27 05:00:00+00,N621FB,1,448,1823.9955357142857143,0,3,0,0
2025-07-27 05:00:00+00,N625FB,1,1220,1897.7868852459016393,0,1,0,0
2025-07-27 06:00:00+00,N621FB,1,718,1831.9637883008356546,0,2,0,0
2025-07-27 06:00:00+00,N625FB,1,1377,1747.2948438634713145,0,3,0,0
2025-07-27 07:00:00+00,N621FB,2,1264,1879.9446202531645570,0,1,0,0
2025-07-27 08:00:00+00,N621FB,1,195,1907.8205128205128205,0,3,0,0
2025-07-27 08:00:00+00,N625FB,1,1301,1795.8301306687163720,0,1,0,0
2025-07-27 09:00:00+00,N625FB,1,943,1870.3870625662778367,0,7,0,0
2025-07-27 15:00:00+00,N622FB,2,847,1911.2750885478158205,1475,0,0,0
2025-07-27 16:00:00+00,N622FB,2,149,1811.2416107382550336,1450,0,0,0
2025-07-27 18:00:00+00,N621FB,1,689,1958.3454281567489115,0,2,0,0
2025-07-27 19:00:00+00,N621FB,1,399,1759.8370927318295739,1475,0,0,0
2025-07-27 23:00:00+00,N623FB,1,954,1868.1603773584905660,0,2,0,0
2025-07-28 00:00:00+00,N623FB,1,1502,2013.7816245006657790,0,1,0,0
2025-07-28 01:00:00+00,N623FB,1,3,0.00000000000000000000,0,3,0,0
2025-07-28 02:00:00+00,N623FB,1,982,2048.1415478615071283,0,2,0,0
2025-07-28 03:00:00+00,N621FB,1,63,1993.2539682539682540,0,2,0,0
2025-07-28 03:00:00+00,N623FB,1,951,2210.7255520504731861,0,4,0,0
2025-07-28 04:00:00+00,N621FB,1,1345,2138.3828996282527881,1575,0,0,0
2025-07-28 05:00:00+00,N621FB,1,1207,2491.4457332228666114,0,4,0,0
2025-07-28 05:00:00+00,N625FB,1,991,1848.0070635721493441,0,2,0,0
2025-07-28 06:00:00+00,N621FB,1,238,1950.6302521008403361,0,4,0,0
2025-07-28 06:00:00+00,N625FB,1,1499,1742.0780520346897932,1450,0,0,0
2025-07-28 07:00:00+00,N621FB,1,1621,1790.5768044417026527,1450,0,0,0
2025-07-28 07:00:00+00,N625FB,2,193,1940.0259067357512953,0,2,0,0
2025-07-28 08:00:00+00,N621FB,1,169,1842.4556213017751479,0,1,0,0
2025-07-28 08:00:00+00,N625FB,1,1236,1738.6731391585760518,1475,0,0,0
2025-07-28 09:00:00+00,N625FB,1,651,1736.0599078341013825,0,3,0,0
2025-07-28 14:00:00+00,N622FB,1,19,1748.6842105263157895,1500,0,0,0
2025-07-28 15:00:00+00,N622FB,1,1050,1705.6904761904761905,1425,0,0,0
2025-07-28 16:00:00+00,N622FB,1,53,1724.0566037735849057,0,2,0,0
2025-07-28 18:00:00+00,N622FB,1,398,1764.8241206030150754,0,1,0,0
2025-07-28 19:00:00+00,N622FB,1,1122,1651.2032085561497326,1400,0,0,0
2025-07-28 20:00:00+00,N622FB,1,32,1667.1875000000000000,1475,0,0,0
2025-07-28 23:00:00+00,N625FB,1,827,2021.0096735187424426,0,1,0,0
2025-07-29 00:00:00+00,N625FB,1,1035,1869.9275362318840580,0,2,0,0
2025-07-29 02:00:00+00,N625FB,1,1042,1960.1727447216890595,0,5,0,0
2025-07-29 03:00:00+00,N623FB,1,586,1766.0409556313993174,0,2,0,0
2025-07-29 03:00:00+00,N625FB,1,1235,1918.7449392712550607,0,5,0,0
2025-07-29 04:00:00+00,N623FB,1,1286,1667.3794712286158631,1400,0,0,0
2025-07-29 05:00:00+00,N623FB,1,144,1867.7083333333333333,0,3,0,0
2025-07-29 05:00:00+00,N625FB,1,1255,1825.1195219123505976,0,3,0,0
2025-07-29 06:00:00+00,N623FB,1,585,1745.0854700854700855,0,2,0,0
2025-07-29 06:00:00+00,N625FB,1,839,1870.0536352800953516,0,6,0,0
2025-07-29 07:00:00+00,N623FB,1,1340,1796.5485074626865672,1525,0,0,0
2025-07-29 08:00:00+00,N623FB,1,89,1905.0561797752808989,1525,0,0,0
2025-07-29 08:00:00+00,N625FB,1,1317,1883.6940015186028853,1475,0,0,0
2025-07-29 09:00:00+00,N625FB,1,887,1832.4408117249154453,0,6,0,0
2025-07-29 11:00:00+00,N625FB,4,258,1791.3759689922480620,0,7,0,0
2025-07-29 13:00:00+00,N622FB,1,1006,1697.1172962226640159,0,1,0,0
2025-07-29 14:00:00+00,N622FB,2,85,1765.2941176470588235,0,2,0,0
2025-07-29 15:00:00+00,N622FB,2,594,1833.6700336700336700,0,1,0,0
2025-07-29 16:00:00+00,N622FB,1,619,1641.4781906300484653,1350,0,0,0
2025-07-29 18:00:00+00,N622FB,1,549,1703.8251366120218579,0,1,0,0
2025-07-29 19:00:00+00,N622FB,1,567,1758.9065255731922399,0,1,0,0
2025-07-29 23:00:00+00,N624FB,1,1357,1872.6787030213706706,0,3,0,0
2025-07-30 00:00:00+00,N624FB,1,665,1975.7518796992481203,0,3,0,0
2025-07-30 02:00:00+00,N624FB,1,933,1872.7224008574490890,0,2,0,0
2025-07-30 03:00:00+00,N621FB,1,627,1889.9122807017543860,0,1,0,0
2025-07-30 03:00:00+00,N624FB,1,943,1896.8981972428419936,0,3,0,0
2025-07-30 04:00:00+00,N621FB,1,1294,1772.4690880989180835,1525,0,0,0
2025-07-30 05:00:00+00,N621FB,1,281,1788.6120996441281139,1500,0,0,0
2025-07-30 05:00:00+00,N625FB,1,1506,2045.3187250996015936,0,1,0,0
2025-07-30 06:00:00+00,N621FB,1,558,1781.7652329749103943,1500,0,0,0
2025-07-30 06:00:00+00,N625FB,1,1025,1804.0731707317073171,0,5,0,0
2025-07-30 07:00:00+00,N621FB,1,1412,1610.7117563739376771,1350,0,0,0
2025-07-30 08:00:00+00,N621FB,1,190,1758.2894736842105263,0,3,0,0
2025-07-30 08:00:00+00,N625FB,1,1267,1972.4546172059984215,0,2,0,0
2025-07-30 09:00:00+00,N625FB,1,654,1911.2385321100917431,0,4,0,0
2025-07-30 10:00:00+00,N625FB,1,857,2224.5332555425904317,0,1,0,0
2025-07-30 15:00:00+00,N622FB,1,858,2350.5244755244755245,1425,0,0,0
2025-07-30 16:00:00+00,N622FB,3,303,1816.6666666666666667,1375,0,0,0
2025-07-30 16:00:00+00,N623FB,1,696,2033.4770114942528736,0,2,0,0
2025-07-30 17:00:00+00,N623FB,1,124,1873.1854838709677419,0,5,0,0
2025-07-30 18:00:00+00,N622FB,1,542,1793.2195571955719557,1450,0,0,0
2025-07-30 19:00:00+00,N622FB,1,690,1857.7536231884057971,1475,0,0,0
2025-07-30 23:00:00+00,N624FB,1,962,1962.6819126819126819,0,2,0,0
2025-07-31 00:00:00+00,N624FB,1,4,393.7500000000000000,0,3,0,0
2025-07-31 02:00:00+00,N624FB,1,292,1817.6369863013698630,0,3,0,0
2025-07-31 03:00:00+00,N621FB,1,545,1747.4311926605504587,0,1,0,0
2025-07-31 03:00:00+00,N624FB,1,1116,1920.9005376344086022,0,3,0,0
2025-07-31 04:00:00+00,N621FB,1,1288,1709.3944099378881988,1475,0,0,0
2025-07-31 05:00:00+00,N621FB,1,118,1868.2203389830508475,1500,0,0,0
2025-07-31 05:00:00+00,N625FB,1,1415,1921.0424028268551237,0,2,0,0
2025-07-31 06:00:00+00,N621FB,1,613,1778.9967373572593801,1500,0,0,0
2025-07-31 06:00:00+00,N625FB,1,846,1813.5342789598108747,0,4,0,0
2025-07-31 07:00:00+00,N621FB,1,1331,1810.5747558226897070,1500,0,0,0
2025-07-31 08:00:00+00,N621FB,1,310,1760.7258064516129032,0,4,0,0
2025-07-31 08:00:00+00,N625FB,1,1381,1865.3692976104272266,0,2,0,0
2025-07-31 09:00:00+00,N625FB,1,1087,1932.6586936522539098,0,3,0,0
2025-07-31 15:00:00+00,N622FB,1,807,1819.5477075588599752,0,1,0,0
2025-07-31 16:00:00+00,N622FB,2,123,1807.5203252032520325,0,1,0,0
2025-07-31 18:00:00+00,N622FB,1,949,1677.6080084299262381,1400,0,0,0
2025-07-31 19:00:00+00,N622FB,1,27,1652.7777777777777778,1425,0,0,0
2025-07-31 22:00:00+00,N623FB,1,193,1873.0569948186528497,0,1,0,0
2025-07-31 23:00:00+00,N623FB,1,1534,1829.9706649282920469,1600,0,0,0
2025-08-01 00:00:00+00,N623FB,1,360,1934.0277777777777778,0,3,0,0
2025-08-01 02:00:00+00,N623FB,1,1366,1949.3045387994143485,0,1,0,0
2025-08-01 03:00:00+00,N621FB,1,629,1927.5834658187599364,0,2,0,0
2025-08-01 03:00:00+00,N623FB,1,846,2008.0082742316784870,0,3,0,0
2025-08-01 04:00:00+00,N621FB,1,1414,1963.2072135785007072,1500,0,0,0
2025-08-01 05:00:00+00,N621FB,1,325,1805.2307692307692308,0,3,0,0
2025-08-01 05:00:00+00,N625FB,1,1208,1806.1051324503311258,0,2,0,0
2025-08-01 06:00:00+00,N621FB,1,587,1810.4344122657580920,0,1,0,0
2025-08-01 06:00:00+00,N625FB,2,850,2082.3529411764705882,0,4,0,0
2025-08-01 07:00:00+00,N621FB,2,1312,2089.2530487804878049,0,1,0,0
2025-08-01 08:00:00+00,N621FB,2,405,1685.5555555555555556,0,3,0,0
2025-08-01 08:00:00+00,N625FB,1,1224,1841.7075163398692810,0,1,0,0
2025-08-01 09:00:00+00,N625FB,1,264,1785.2272727272727273,0,4,0,0
2025-08-01 15:00:00+00,N622FB,1,903,1846.8438538205980066,0,1,0,0
2025-08-01 16:00:00+00,N622FB,1,66,1726.5151515151515152,1350,0,0,0
2025-08-01 23:00:00+00,N623FB,1,1440,1912.5347222222222222,0,2,0,0
2025-08-02 00:00:00+00,N623FB,1,582,1847.4226804123711340,0,2,0,0
2025-08-02 01:00:00+00,N623FB,1,676,1649.5931952662721893,0,1,0,0
2025-08-02 02:00:00+00,N621FB,1,693,2841.3780663780663781,0,2,0,0
2025-08-02 02:00:00+00,N623FB,1,551,1892.5589836660617060,1450,0,0,0
2025-08-02 03:00:00+00,N621FB,1,7,1632.1428571428571429,1425,0,0,0
2025-08-02 04:00:00+00,N621FB,1,1379,1742.4764321972443800,1350,0,0,0
2025-08-02 05:00:00+00,N621FB,1,109,1805.9633027522935780,0,3,0,0
2025-08-02 05:00:00+00,N625FB,1,1445,1802.1107266435986159,0,2,0,0
2025-08-02 06:00:00+00,N621FB,1,634,1761.3170347003154574,1450,0,0,0
2025-08-02 06:00:00+00,N625FB,1,781,1639.7247119078104994,0,4,0,0
2025-08-02 07:00:00+00,N621FB,2,1226,1768.9845024469820555,1025,0,0,0
2025-08-02 08:00:00+00,N621FB,1,78,1775.3205128205128205,0,3,0,0
2025-08-02 08:00:00+00,N625FB,1,1359,1770.6217807211184695,0,1,0,0
2025-08-02 09:00:00+00,N625FB,1,1135,1700.1321585903083700,0,4,0,0
2025-08-02 10:00:00+00,N625FB,1,1189,1701.5769554247266611,0,1,0,0
2025-08-02 11:00:00+00,N625FB,1,1265,1773.3596837944664032,1400,0,0,0
2025-08-02 17:00:00+00,N622FB,1,567,2514.7707231040564374,0,1,0,0
2025-08-02 18:00:00+00,N622FB,1,619,1727.1405492730210016,0,2,0,0
2025-08-02 22:00:00+00,N623FB,1,1,0.00000000000000000000,0,1,0,0
2025-08-02 23:00:00+00,N623FB,1,1514,1949.5376486129458388,0,1,0,0
2025-08-03 00:00:00+00,N623FB,1,560,2074.3303571428571429,0,4,0,0
2025-08-03 02:00:00+00,N623FB,1,1426,2010.1858345021037868,0,1,0,0
2025-08-03 03:00:00+00,N621FB,1,612,1792.4019607843137255,0,2,0,0
2025-08-03 03:00:00+00,N623FB,1,736,1859.0353260869565217,1500,0,0,0
2025-08-03 04:00:00+00,N621FB,1,1368,1861.8238304093567251,1600,0,0,0
2025-08-03 05:00:00+00,N621FB,1,189,1966.6666666666666667,0,3,0,0
2025-08-03 05:00:00+00,N625FB,1,1200,1828.7083333333333333,1475,0,0,0
2025-08-03 06:00:00+00,N621FB,1,584,1750.4280821917808219,0,2,0,0
2025-08-03 06:00:00+00,N625FB,2,822,1895.6812652068126521,0,2,0,0
2025-08-03 07:00:00+00,N621FB,1,1280,1847.0507812500000000,1475,0,0,0
2025-08-03 08:00:00+00,N621FB,1,80,1938.4375000000000000,1475,0,0,0
2025-08-03 08:00:00+00,N625FB,1,1242,1828.8446054750402576,1450,0,0,0
2025-08-03 09:00:00+00,N625FB,1,1192,1800.9018456375838926,1450,0,0,0
2025-08-03 10:00:00+00,N625FB,1,47,1715.4255319148936170,0,3,0,0
2025-08-03 15:00:00+00,N622FB,1,1080,1845.1620370370370370,1450,0,0,0
2025-08-03 16:00:00+00,N622FB,2,12,1333.3333333333333333,0,1,0,0
2025-08-03 18:00:00+00,N622FB,1,544,1838.4191176470588235,0,1,0,0
2025-08-03 19:00:00+00,N622FB,1,773,1772.4773609314359638,1450,0,0,0
2025-08-03 23:00:00+00,N621FB,1,1067,1812.3242736644798500,0,2,0,0
2025-08-04 00:00:00+00,N621FB,1,873,1728.9232531500572738,0,4,0,0
2025-08-04 02:00:00+00,N621FB,1,964,1926.9709543568464730,0,3,0,0
2025-08-04 03:00:00+00,N621FB,1,1188,1875.0631313131313131,0,3,0,0
2025-08-04 03:00:00+00,N623FB,1,624,1758.8141025641025641,0,3,0,0
2025-08-04 04:00:00+00,N623FB,1,1274,1849.0188383045525903,1600,0,0,0
2025-08-04 05:00:00+00,N623FB,1,427,1852.6346604215456674,0,4,0,0
2025-08-04 05:00:00+00,N625FB,1,1142,2132.0490367775831874,0,2,0,0
2025-08-04 06:00:00+00,N623FB,1,628,2056.2898089171974522,0,4,0,0
2025-08-04 06:00:00+00,N625FB,1,1389,2092.9625629949604032,0,2,0,0
2025-08-04 07:00:00+00,N623FB,1,1295,1901.5830115830115830,1575,0,0,0
2025-08-04 07:00:00+00,N625FB,1,31,1831.4516129032258065,0,1,0,0
2025-08-04 08:00:00+00,N623FB,1,18,1529.1666666666666667,0,1,0,0
2025-08-04 08:00:00+00,N625FB,1,1397,1947.9599141016463851,1625,0,0,0
2025-08-04 09:00:00+00,N625FB,1,1389,2059.5212383009359251,0,3,0,0
2025-08-04 12:00:00+00,N623FB,1,991,2270.2573158425832492,0,2,0,0
2025-08-04 13:00:00+00,N622FB,1,160,1760.4687500000000000,0,1,0,0
2025-08-04 13:00:00+00,N623FB,1,408,2005.8210784313725490,1500,0,0,0
2025-08-04 14:00:00+00,N622FB,1,745,1919.7651006711409396,0,2,0,0
2025-08-04 15:00:00+00,N622FB,2,240,1707.5000000000000000,0,2,0,0
2025-08-04 18:00:00+00,N622FB,1,453,1776.1037527593818985,0,2,0,0
2025-08-04 19:00:00+00,N622FB,1,1017,1865.5358898721730580,1500,0,0,0
2025-08-04 23:00:00+00,N621FB,1,1030,2146.0679611650485437,1600,0,0,0
2025-08-05 00:00:00+00,N621FB,1,672,1997.9538690476190476,1625,0,0,0
2025-08-05 02:00:00+00,N621FB,1,1242,1928.6835748792270531,0,3,0,0
2025-08-05 03:00:00+00,N621FB,1,989,1987.6643073811931244,0,4,0,0
2025-08-05 03:00:00+00,N625FB,1,633,1790.1658767772511848,0,2,0,0
2025-08-05 04:00:00+00,N625FB,1,1276,1756.0148902821316614,1575,0,0,0
2025-08-05 05:00:00+00,N621FB,1,1313,2120.6016755521706017,0,2,0,0
2025-08-05 05:00:00+00,N625FB,1,163,1919.0184049079754601,1550,0,0,0
2025-08-05 06:00:00+00,N621FB,2,937,1970.3041622198505870,0,2,0,0
2025-08-05 06:00:00+00,N625FB,1,656,1725.3429878048780488,0,5,0,0
2025-08-05 07:00:00+00,N625FB,2,1165,1828.4120171673819742,0,2,0,0
2025-08-05 08:00:00+00,N621FB,2,1172,1944.7738907849829352,0,1,0,0
2025-08-05 08:00:00+00,N625FB,1,111,1874.0990990990990991,0,3,0,0
2025-08-05 09:00:00+00,N621FB,1,684,1944.6271929824561404,0,3,0,0
2025-08-05 15:00:00+00,N624FB,1,1127,1835.7142857142857143,0,1,0,0
2025-08-05 16:00:00+00,N624FB,1,127,1876.3779527559055118,0,2,0,0
2025-08-05 17:00:00+00,N624FB,1,42,1845.8333333333333333,0,1,0,0
2025-08-05 18:00:00+00,N624FB,1,1172,2225.8745733788395904,1500,0,0,0
2025-08-05 19:00:00+00,N624FB,1,647,2124.4204018547140649,1450,0,0,0
2025-08-05 20:00:00+00,N624FB,1,142,1832.3943661971830986,0,1,0,0
2025-08-05 21:00:00+00,N624FB,1,790,1755.6645569620253165,0,3,0,0
2025-08-05 23:00:00+00,N621FB,1,824,1907.7973300970873786,0,2,0,0
2025-08-06 00:00:00+00,N621FB,1,660,1874.0151515151515152,0,3,0,0
2025-08-06 02:00:00+00,N621FB,2,905,1816.8232044198895028,0,1,0,0
2025-08-06 03:00:00+00,N621FB,1,785,1897.5159235668789809,0,4,0,0
2025-08-06 03:00:00+00,N622FB,1,590,1875.5084745762711864,0,3,0,0
2025-08-06 04:00:00+00,N622FB,1,1343,1896.3700670141474311,1500,0,0,0
2025-08-06 05:00:00+00,N622FB,1,100,1850.7500000000000000,0,5,0,0
2025-08-06 05:00:00+00,N623FB,1,1321,1895.8932626797880394,0,1,0,0
2025-08-06 06:00:00+00,N622FB,1,580,1943.1034482758620690,0,3,0,0
2025-08-06 06:00:00+00,N623FB,1,1147,1756.2990409764603313,0,2,0,0
2025-08-06 07:00:00+00,N622FB,1,1370,2004.5802919708029197,1775,0,0,0
2025-08-06 08:00:00+00,N622FB,1,67,1870.1492537313432836,0,1,0,0
2025-08-06 08:00:00+00,N623FB,1,1257,2018.5958631662688942,0,1,0,0
2025-08-06 09:00:00+00,N623FB,1,576,1972.0920138888888889,0,2,0,0
2025-08-06 12:00:00+00,N623FB,1,517,1981.5280464216634429,0,1,0,0
2025-08-06 13:00:00+00,N623FB,2,783,1970.8492975734355045,0,4,0,0
2025-08-06 14:00:00+00,N623FB,2,516,1867.6841085271317829,0,2,0,0
2025-08-06 15:00:00+00,N622FB,1,1001,1797.3276723276723277,0,1,0,0
2025-08-06 15:00:00+00,N623FB,1,803,1866.1270236612702366,0,1,0,0
2025-08-06 18:00:00+00,N622FB,1,437,1746.1098398169336384,0,2,0,0
2025-08-06 19:00:00+00,N622FB,2,748,1731.8850267379679144,1425,0,0,0
2025-08-06 20:00:00+00,N622FB,1,672,2303.0505952380952381,0,1,0,0
2025-08-06 21:00:00+00,N622FB,2,233,2275.7510729613733906,1450,0,0,0
2025-08-06 23:00:00+00,N621FB,1,1307,1792.8462127008416220,0,2,0,0
2025-08-07 00:00:00+00,N621FB,1,792,1929.8611111111111111,0,3,0,0
2025-08-07 02:00:00+00,N621FB,1,1206,1946.6625207296849088,0,2,0,0
2025-08-07 03:00:00+00,N621FB,1,978,1904.7801635991820041,0,4,0,0
2025-08-07 03:00:00+00,N623FB,1,498,1759.5883534136546185,0,1,0,0
2025-08-07 04:00:00+00,N623FB,1,1377,1832.6071169208424110,1400,0,0,0
2025-08-07 05:00:00+00,N621FB,1,1339,1814.3577296489917849,0,1,0,0
2025-08-07 05:00:00+00,N623FB,1,128,2232.6171875000000000,1500,0,0,0
2025-08-07 06:00:00+00,N621FB,2,751,1624.8002663115845539,0,3,0,0
2025-08-07 06:00:00+00,N623FB,1,599,1862.0200333889816361,0,5,0,0
2025-08-07 07:00:00+00,N623FB,1,1261,1765.9595559080095163,1500,0,0,0
2025-08-07 08:00:00+00,N621FB,1,1312,1912.5571646341463415,0,2,0,0
2025-08-07 08:00:00+00,N623FB,1,161,1868.4782608695652174,0,7,0,0
2025-08-07 09:00:00+00,N621FB,1,1526,1727.8342070773263434,1550,0,0,0
2025-08-07 10:00:00+00,N621FB,1,430,1710.1162790697674419,0,3,0,0
2025-08-07 15:00:00+00,N624FB,4,816,1834.0686274509803922,0,4,0,0
2025-08-07 18:00:00+00,N624FB,2,667,1925.5622188905547226,0,2,0,0
2025-08-08 01:00:00+00,N621FB,1,444,2088.7387387387387387,0,1,0,0
2025-08-08 02:00:00+00,N621FB,1,1713,2305.7355516637478109,2100,0,0,0
2025-08-08 03:00:00+00,N621FB,1,214,1948.3644859813084112,0,3,0,0
2025-08-08 03:00:00+00,N623FB,1,577,1976.0831889081455806,0,2,0,0
2025-08-08 04:00:00+00,N622FB,1,1,1550.0000000000000000,1550,0,0,0
2025-08-08 04:00:00+00,N623FB,1,1424,2246.6994382022471910,1675,0,0,0
2025-08-08 05:00:00+00,N622FB,1,1398,1901.3412017167381974,1575,0,0,0
2025-08-08 05:00:00+00,N623FB,1,55,1777.2727272727272727,0,4,0,0
2025-08-08 06:00:00+00,N622FB,2,830,1917.6506024096385542,0,1,0,0
2025-08-08 06:00:00+00,N623FB,1,665,2010.4887218045112782,0,3,0,0
2025-08-08 07:00:00+00,N623FB,1,1462,2003.7277701778385773,1575,0,0,0
2025-08-08 08:00:00+00,N622FB,1,1196,1925.7943143812709030,0,1,0,0
2025-08-08 08:00:00+00,N623FB,1,169,2055.3254437869822485,0,2,0,0
2025-08-08 09:00:00+00,N622FB,1,882,1983.3049886621315193,0,2,0,0
2025-08-08 15:00:00+00,N621FB,1,756,1876.5542328042328042,0,1,0,0
2025-08-08 16:00:00+00,N621FB,2,48,1763.0208333333333333,0,2,0,0
2025-08-08 18:00:00+00,N621FB,1,698,1923.1017191977077364,0,1,0,0
2025-08-08 22:00:00+00,N622FB,1,145,2154.1379310344827586,0,2,0,0
2025-08-08 23:00:00+00,N622FB,1,1345,1964.7397769516728625,1600,0,0,0
2025-08-09 00:00:00+00,N622FB,1,401,2031.5461346633416459,0,5,0,0
2025-08-09 01:00:00+00,N622FB,1,5,1305.0000000000000000,0,1,0,0
2025-08-09 02:00:00+00,N622FB,2,1432,1912.0286312849162011,0,1,0,0
2025-08-09 03:00:00+00,N621FB,1,554,1967.8249097472924188,0,2,0,0
2025-08-09 03:00:00+00,N622FB,1,911,2101.7014270032930845,0,1,0,0
2025-08-09 04:00:00+00,N621FB,1,1384,1955.2023121387283237,1725,0,0,0
2025-08-09 05:00:00+00,N621FB,1,111,1922.7477477477477477,0,4,0,0
2025-08-09 05:00:00+00,N623FB,1,1285,1901.7509727626459144,0,1,0,0
2025-08-09 06:00:00+00,N621FB,1,680,1978.8602941176470588,0,3,0,0
2025-08-09 06:00:00+00,N623FB,1,1051,1822.1931493815413892,0,4,0,0
2025-08-09 07:00:00+00,N621FB,1,1404,1760.3098290598290598,1500,0,0,0
2025-08-09 08:00:00+00,N621FB,1,279,1891.4874551971326165,0,3,0,0
2025-08-09 08:00:00+00,N623FB,1,1111,1819.8244824482448245,0,1,0,0
2025-08-09 09:00:00+00,N623FB,1,633,1869.8657187993680885,0,3,0,0
2025-08-09 16:00:00+00,N625FB,1,581,1966.6953528399311532,0,1,0,0
2025-08-09 17:00:00+00,N625FB,1,511,1795.7436399217221135,1475,0,0,0
2025-08-09 22:00:00+00,N622FB,1,2,800.0000000000000000,0,1,0,0
2025-08-09 23:00:00+00,N622FB,1,1127,2160.4259094942324756,1600,0,0,0
2025-08-10 00:00:00+00,N622FB,1,875,1968.5428571428571429,0,2,0,0
2025-08-10 02:00:00+00,N622FB,1,1342,2094.7280178837555887,0,3,0,0
2025-08-10 03:00:00+00,N621FB,1,735,1964.6938775510204082,0,2,0,0
2025-08-10 03:00:00+00,N622FB,1,772,2152.9145077720207254,0,2,0,0
2025-08-10 04:00:00+00,N621FB,1,1352,1901.9230769230769231,1625,0,0,0
2025-08-10 05:00:00+00,N621FB,1,159,2071.0691823899371069,0,2,0,0
2025-08-10 05:00:00+00,N623FB,1,1585,2175.2365930599369085,0,1,0,0
2025-08-10 06:00:00+00,N621FB,1,648,1933.2175925925925926,0,2,0,0
2025-08-10 06:00:00+00,N623FB,1,941,1850.7173219978746015,0,4,0,0
2025-08-10 07:00:00+00,N621FB,1,1369,1972.8999269539810080,1550,0,0,0
2025-08-10 08:00:00+00,N621FB,1,118,2001.4830508474576271,0,3,0,0
2025-08-10 08:00:00+00,N623FB,1,1202,1809.0890183028286190,0,2,0,0
2025-08-10 09:00:00+00,N623FB,1,336,1758.8541666666666667,0,2,0,0
2025-08-10 14:00:00+00,N623FB,1,847,1706.0212514757969303,1425,0,0,0
2025-08-10 18:00:00+00,N623FB,1,366,1930.6010928961748634,1475,0,0,0
2025-08-10 19:00:00+00,N623FB,2,1085,1734.8847926267281106,0,1,0,0
2025-08-10 20:00:00+00,N623FB,2,415,1891.9277108433734940,0,3,0,0
2025-08-10 21:00:00+00,N623FB,1,760,2133.5526315789473684,0,4,0,0
2025-08-10 23:00:00+00,N621FB,1,662,1934.6299093655589124,0,2,0,0
2025-08-11 00:00:00+00,N621FB,1,1465,2084.3344709897610922,1775,0,0,0
2025-08-11 01:00:00+00,N621FB,1,625,2262.9600000000000000,0,5,0,0
2025-08-11 02:00:00+00,N621FB,1,1162,1965.5335628227194492,0,2,0,0
2025-08-11 03:00:00+00,N621FB,1,751,1969.2743009320905459,0,5,0,0
2025-08-11 03:00:00+00,N625FB,1,835,1807.0958083832335329,0,3,0,0
2025-08-11 04:00:00+00,N623FB,1,15,1630.0000000000000000,0,1,0,0
2025-08-11 04:00:00+00,N625FB,1,1127,1769.8979591836734694,1600,0,0,0
2025-08-11 05:00:00+00,N623FB,1,1338,1852.0926756352765321,1600,0,0,0
2025-08-11 05:00:00+00,N625FB,1,308,1812.8246753246753247,1550,0,0,0
2025-08-11 06:00:00+00,N623FB,1,667,2051.5742128935532234,0,3,0,0
2025-08-11 06:00:00+00,N625FB,1,722,2221.0872576177285319,0,3,0,0
2025-08-11 07:00:00+00,N625FB,1,1453,1663.4549208534067447,1425,0,0,0
2025-08-11 08:00:00+00,N623FB,1,1058,1994.8487712665406427,1575,0,0,0
2025-08-11 08:00:00+00,N625FB,1,399,1646.4285714285714286,1400,0,0,0
2025-08-11 09:00:00+00,N623FB,1,1136,2065.7130281690140845,0,5,0,0
2025-08-11 14:00:00+00,N621FB,1,162,1737.8086419753086420,0,1,0,0
2025-08-11 15:00:00+00,N621FB,1,458,1920.3602620087336245,1350,0,0,0
2025-08-11 16:00:00+00,N621FB,2,27,1685.1851851851851852,0,1,0,0
2025-08-11 18:00:00+00,N621FB,1,795,1912.6729559748427673,1500,0,0,0
2025-08-11 19:00:00+00,N621FB,1,264,1958.5227272727272727,0,3,0,0
2025-08-11 23:00:00+00,N623FB,1,1088,1885.4549632352941176,0,2,0,0
2025-08-12 00:00:00+00,N623FB,1,867,2030.5940023068050750,0,3,0,0
2025-08-12 02:00:00+00,N623FB,1,1168,1911.9006849315068493,1625,0,0,0
2025-08-12 03:00:00+00,N622FB,1,606,2071.5759075907590759,0,1,0,0
2025-08-12 03:00:00+00,N623FB,1,1434,2057.1129707112970711,1600,0,0,0
2025-08-12 04:00:00+00,N622FB,1,1326,1918.7971342383107089,1550,0,0,0
2025-08-12 04:00:00+00,N623FB,1,392,2073.7244897959183673,0,3,0,0
2025-08-12 05:00:00+00,N622FB,1,67,1936.1940298507462687,0,3,0,0
2025-08-12 05:00:00+00,N623FB,1,1413,1921.3906581740976645,0,2,0,0
2025-08-12 06:00:00+00,N622FB,1,599,1934.4741235392320534,0,2,0,0
2025-08-12 06:00:00+00,N623FB,1,798,2093.5150375939849624,0,4,0,0
2025-08-12 07:00:00+00,N622FB,1,1273,1866.2411626080125687,1550,0,0,0
2025-08-12 08:00:00+00,N622FB,1,256,1953.1250000000000000,0,3,0,0
2025-08-12 08:00:00+00,N623FB,2,1284,2417.8154205607476636,0,3,0,0
2025-08-12 09:00:00+00,N623FB,1,1381,2097.1035481535119479,0,3,0,0
2025-08-12 14:00:00+00,N622FB,1,41,1787.1951219512195122,0,2,0,0
2025-08-12 15:00:00+00,N622FB,1,1018,1912.1561886051080550,0,1,0,0
2025-08-12 18:00:00+00,N622FB,1,611,2010.8019639934533552,1525,0,0,0
2025-08-12 19:00:00+00,N622FB,1,997,2117.3269809428284855,0,3,0,0
2025-08-12 20:00:00+00,N621FB,1,255,1896.9607843137254902,0,2,0,0
2025-08-12 21:00:00+00,N621FB,1,1282,2397.1138845553822153,0,3,0,0
2025-08-13 02:00:00+00,N621FB,1,1339,2652.1657953696788648,0,2,0,0
2025-08-13 03:00:00+00,N621FB,1,1451,2838.3700895933838732,0,3,0,0
2025-08-13 03:00:00+00,N623FB,2,687,2728.2751091703056769,0,1,0,0
2025-08-13 04:00:00+00,N623FB,1,1546,2455.6597671410090556,1750,0,0,0
2025-08-13 05:00:00+00,N623FB,1,158,1972.4683544303797468,0,2,0,0
2025-08-13 05:00:00+00,N625FB,1,1382,1979.2691751085383502,0,1,0,0
2025-08-13 06:00:00+00,N623FB,1,703,2126.7069701280227596,0,2,0,0
2025-08-13 06:00:00+00,N625FB,1,1185,1810.1476793248945148,0,3,0,0
2025-08-13 07:00:00+00,N623FB,1,1489,1994.3922095366017461,1550,0,0,0
2025-08-13 08:00:00+00,N623FB,1,203,1873.7684729064039409,0,3,0,0
2025-08-13 08:00:00+00,N625FB,1,1234,1913.8573743922204214,0,1,0,0
2025-08-13 09:00:00+00,N625FB,1,735,2401.9047619047619048,0,2,0,0
2025-08-13 15:00:00+00,N622FB,2,846,1766.6962174940898345,0,1,0,0
2025-08-13 16:00:00+00,N622FB,1,141,1880.8510638297872340,1450,0,0,0
2025-08-13 18:00:00+00,N622FB,2,242,1883.5743801652892562,0,2,0,0
2025-08-13 19:00:00+00,N622FB,1,1055,1798.6492890995260664,0,2,0,0
2025-08-13 22:00:00+00,N621FB,1,56,1997.7678571428571429,0,2,0,0
2025-08-13 23:00:00+00,N621FB,1,1356,2176.0140117994100295,1700,0,0,0
2025-08-14 00:00:00+00,N621FB,1,1383,2021.6015907447577730,0,3,0,0
2025-08-14 02:00:00+00,N621FB,1,1002,2182.9840319361277445,0,4,0,0
2025-08-14 06:00:00+00,N623FB,1,895,1967.0670391061452514,0,2,0,0
2025-08-14 07:00:00+00,N623FB,1,1434,2008.9260808926080893,1700,0,0,0
2025-08-14 07:00:00+00,N625FB,1,32,2073.4375000000000000,0,1,0,0
2025-08-14 08:00:00+00,N623FB,1,45,1780.0000000000000000,0,2,0,0
2025-08-14 08:00:00+00,N625FB,1,1296,1950.0000000000000000,1600,0,0,0
2025-08-14 09:00:00+00,N625FB,1,29,1529.3103448275862069,0,2,0,0
2025-08-14 15:00:00+00,N625FB,1,853,1932.3270808909730363,0,1,0,0
2025-08-14 16:00:00+00,N625FB,3,477,1696.9601677148846960,0,2,0,0
2025-08-14 18:00:00+00,N625FB,1,1031,2108.8506304558680892,0,1,0,0
2025-08-14 19:00:00+00,N625FB,1,135,1986.4814814814814815,1500,0,0,0
2025-08-14 23:00:00+00,N621FB,1,1515,2104.0429042904290429,0,2,0,0
2025-08-15 00:00:00+00,N621FB,1,555,2094.0990990990990991,0,3,0,0
2025-08-15 02:00:00+00,N621FB,1,1251,2057.6538768984812150,0,1,0,0
2025-08-15 03:00:00+00,N621FB,2,565,2207.1238938053097345,0,3,0,0
2025-08-15 14:00:00+00,N625FB,1,138,1991.8478260869565217,0,1,0,0
2025-08-15 15:00:00+00,N625FB,1,999,1824.6246246246246246,1550,0,0,0
2025-08-15 16:00:00+00,N625FB,1,43,1758.7209302325581395,0,1,0,0
2025-08-15 18:00:00+00,N625FB,1,1063,1747.5776105362182502,0,1,0,0
2025-08-15 19:00:00+00,N625FB,2,31,1699.1935483870967742,1425,0,0,0
2025-08-15 22:00:00+00,N621FB,1,296,2121.1993243243243243,1500,0,0,0
2025-08-15 23:00:00+00,N621FB,1,1519,2058.9038841342988808,1700,0,0,0
2025-08-16 00:00:00+00,N621FB,1,67,1848.1343283582089552,0,2,0,0
2025-08-16 02:00:00+00,N621FB,1,1285,2000.6420233463035019,0,1,0,0
2025-08-16 03:00:00+00,N621FB,1,848,1970.8726415094339623,0,3,0,0
2025-08-16 03:00:00+00,N622FB,1,650,1959.3846153846153846,0,2,0,0
2025-08-16 04:00:00+00,N622FB,2,1404,1785.7371794871794872,0,1,0,0
2025-08-16 05:00:00+00,N622FB,1,189,1804.2328042328042328,0,2,0,0
2025-08-16 05:00:00+00,N623FB,1,1391,1753.8461538461538462,0,1,0,0
2025-08-16 06:00:00+00,N622FB,1,652,1957.7070552147239264,0,3,0,0
2025-08-16 06:00:00+00,N623FB,1,821,1658.7393422655298417,0,1,0,0
2025-08-16 07:00:00+00,N622FB,1,1416,1714.0183615819209040,1375,0,0,0
2025-08-16 07:00:00+00,N623FB,2,7,1025.0000000000000000,0,2,0,0
2025-08-16 08:00:00+00,N622FB,1,237,1698.7341772151898734,0,1,0,0
2025-08-16 08:00:00+00,N623FB,1,1510,1619.1721854304635762,1350,0,0,0
2025-08-16 09:00:00+00,N623FB,1,1101,1719.4822888283378747,0,2,0,0
2025-08-16 12:00:00+00,N625FB,1,822,1772.8710462287104623,0,1,0,0
2025-08-16 13:00:00+00,N625FB,1,461,1806.7245119305856833,0,1,0,0
2025-08-16 18:00:00+00,N625FB,1,1049,1912.0352716873212583,0,1,0,0
2025-08-16 19:00:00+00,N625FB,1,97,1815.2061855670103093,0,2,0,0
2025-08-16 22:00:00+00,N621FB,1,59,1886.0169491525423729,0,1,0,0
2025-08-16 23:00:00+00,N621FB,1,1490,1895.7718120805369128,1625,0,0,0
2025-08-17 00:00:00+00,N621FB,1,457,2093.8730853391684902,0,3,0,0
2025-08-17 01:00:00+00,N621FB,1,55,1815.0000000000000000,0,3,0,0
2025-08-17 02:00:00+00,N621FB,1,1454,1989.0990371389270977,1575,0,0,0
2025-08-17 03:00:00+00,N621FB,1,819,1992.3687423687423687,0,2,0,0
2025-08-17 03:00:00+00,N622FB,2,662,1684.9697885196374622,0,2,0,0
2025-08-17 04:00:00+00,N622FB,1,1442,1757.0388349514563107,1450,0,0,0
2025-08-17 05:00:00+00,N622FB,1,252,1874.4047619047619048,0,3,0,0
2025-08-17 05:00:00+00,N623FB,1,1282,1754.7581903276131045,0,2,0,0
2025-08-17 06:00:00+00,N622FB,1,569,1860.3251318101933216,0,3,0,0
2025-08-17 06:00:00+00,N623FB,1,1018,1737.0579567779960707,1475,0,0,0
2025-08-17 07:00:00+00,N622FB,2,1180,1886.2711864406779661,0,1,0,0
2025-08-17 08:00:00+00,N622FB,2,355,1898.8732394366197183,0,2,0,0
2025-08-17 08:00:00+00,N623FB,1,1386,2028.4451659451659452,0,1,0,0
2025-08-17 09:00:00+00,N623FB,1,918,1754.3845315904139434,0,2,0,0
2025-08-17 15:00:00+00,N625FB,1,1091,1802.7039413382218148,0,1,0,0
2025-08-17 16:00:00+00,N625FB,1,48,1681.2500000000000000,0,2,0,0
2025-08-17 18:00:00+00,N625FB,1,241,1865.2489626556016598,0,1,0,0
2025-08-17 19:00:00+00,N625FB,1,1256,1785.0716560509554140,0,3,0,0
2025-08-17 22:00:00+00,N621FB,1,1,0.00000000000000000000,0,1,0,0
2025-08-17 23:00:00+00,N621FB,1,1178,2080.4966044142614601,0,3,0,0
2025-08-18 00:00:00+00,N621FB,1,856,1828.8843457943925234,0,3,0,0
2025-08-18 02:00:00+00,N621FB,1,822,1968.2785888077858881,0,3,0,0
2025-08-18 03:00:00+00,N621FB,1,855,1989.4736842105263158,0,3,0,0
2025-08-18 03:00:00+00,N622FB,1,664,1824.6987951807228916,0,4,0,0
2025-08-18 04:00:00+00,N622FB,1,1280,1785.6835937500000000,1525,0,0,0
2025-08-18 04:00:00+00,N623FB,1,1,0.00000000000000000000,0,1,0,0
2025-08-18 05:00:00+00,N622FB,1,61,1833.6065573770491803,0,2,0,0
2025-08-18 05:00:00+00,N623FB,1,1490,1939.2953020134228188,0,1,0,0
2025-08-18 06:00:00+00,N622FB,1,673,1894.3536404160475483,0,2,0,0
2025-08-18 06:00:00+00,N623FB,1,835,1902.7245508982035928,0,2,0,0
2025-08-18 07:00:00+00,N622FB,1,1324,1910.7628398791540785,1400,0,0,0
2025-08-18 08:00:00+00,N622FB,1,87,1931.6091954022988506,0,1,0,0
2025-08-18 08:00:00+00,N623FB,1,1189,1883.7047939444911690,0,3,0,0
2025-08-18 09:00:00+00,N623FB,1,909,2014.9339933993399340,0,2,0,0
2025-08-18 14:00:00+00,N624FB,1,11,1106.8181818181818182,0,3,0,0
2025-08-18 15:00:00+00,N624FB,1,1153,1889.1587163920208153,1500,0,0,0
2025-08-18 16:00:00+00,N624FB,1,29,1792.2413793103448276,1450,0,0,0
2025-08-18 18:00:00+00,N622FB,1,821,2113.5200974421437272,0,4,0,0
2025-08-18 18:00:00+00,N624FB,2,525,1823.1904761904761905,0,1,0,0
2025-08-18 19:00:00+00,N622FB,1,331,1765.8610271903323263,0,1,0,0
2025-08-18 19:00:00+00,N624FB,1,337,1962.5370919881305638,0,2,0,0
2025-08-18 23:00:00+00,N621FB,2,1169,2011.8477331052181352,0,2,0,0
2025-08-19 00:00:00+00,N621FB,1,692,2033.8511560693641618,0,2,0,0
2025-08-19 02:00:00+00,N621FB,1,1246,1903.6316211878009631,1550,0,0,0
2025-08-19 03:00:00+00,N621FB,1,822,1866.5450121654501217,0,2,0,0
2025-08-19 03:00:00+00,N622FB,1,562,1899.0213523131672598,0,1,0,0
2025-08-19 04:00:00+00,N622FB,1,1352,1910.7803254437869822,1650,0,0,0
2025-08-19 05:00:00+00,N622FB,1,174,1854.5977011494252874,0,3,0,0
2025-08-19 05:00:00+00,N623FB,1,1161,2020.6503014642549526,0,1,0,0
2025-08-19 06:00:00+00,N622FB,2,545,1942.6605504587155963,0,2,0,0
2025-08-19 06:00:00+00,N623FB,1,745,2068.6912751677852349,0,3,0,0
2025-08-19 07:00:00+00,N622FB,1,1286,1892.0684292379471229,1600,0,0,0
2025-08-19 08:00:00+00,N622FB,1,274,2024.2700729927007299,0,3,0,0
2025-08-19 08:00:00+00,N623FB,2,1281,1923.4777517564402810,0,2,0,0
2025-08-19 09:00:00+00,N623FB,2,1332,1877.7027027027027027,0,3,0,0
2025-08-19 10:00:00+00,N623FB,1,198,1928.5353535353535354,0,1,0,0
2025-08-19 11:00:00+00,N623FB,1,482,1919.5539419087136929,0,2,0,0
2025-08-19 15:00:00+00,N625FB,2,1112,1693.5476618705035971,0,1,0,0
2025-08-19 16:00:00+00,N625FB,2,127,1786.8110236220472441,0,1,0,0
2025-08-19 18:00:00+00,N625FB,1,519,1847.6396917148362235,0,1,0,0
2025-08-19 19:00:00+00,N625FB,2,878,1771.3268792710706150,0,1,0,0
2025-08-19 23:00:00+00,N621FB,1,1021,1889.9853085210577865,0,2,0,0
2025-08-20 00:00:00+00,N621FB,1,621,1851.8518518518518519,0,4,0,0
2025-08-20 02:00:00+00,N621FB,1,1244,1885.1085209003215434,0,2,0,0
2025-08-20 03:00:00+00,N621FB,1,873,1840.6071019473081329,0,3,0,0
2025-08-20 03:00:00+00,N624FB,1,565,1790.5752212389380531,0,2,0,0
2025-08-20 04:00:00+00,N624FB,1,1137,1800.6376429199648197,1600,0,0,0
2025-08-20 05:00:00+00,N624FB,1,198,1889.3939393939393939,0,1,0,0
2025-08-20 05:00:00+00,N625FB,1,1454,2122.2317744154057772,0,2,0,0
2025-08-20 06:00:00+00,N624FB,1,660,1826.1363636363636364,0,1,0,0
2025-08-20 06:00:00+00,N625FB,1,812,2069.7044334975369458,0,3,0,0
2025-08-20 07:00:00+00,N624FB,1,1260,1653.4920634920634921,1425,0,0,0
2025-08-20 08:00:00+00,N624FB,1,271,1815.8671586715867159,0,2,0,0
2025-08-20 08:00:00+00,N625FB,2,1349,1857.2831727205337287,0,2,0,0
2025-08-20 09:00:00+00,N625FB,1,909,1853.3003300330033003,0,2,0,0
2025-08-20 10:00:00+00,N624FB,1,837,2003.3751493428912784,0,5,0,0
2025-08-20 11:00:00+00,N624FB,3,490,1870.6632653061224490,0,4,0,0
2025-08-20 15:00:00+00,N625FB,2,1036,1794.3532818532818533,0,1,0,0
2025-08-20 16:00:00+00,N625FB,1,93,1932.2580645161290323,1450,0,0,0
2025-08-20 18:00:00+00,N625FB,3,608,1783.2648026315789474,0,2,0,0
2025-08-20 19:00:00+00,N624FB,2,233,1671.1373390557939914,0,2,0,0
2025-08-20 19:00:00+00,N625FB,1,568,1972.5792253521126761,0,2,0,0
2025-08-20 21:00:00+00,N624FB,1,87,1528.7356321839080460,0,1,0,0
2025-08-20 22:00:00+00,N621FB,1,7,1582.1428571428571429,0,1,0,0
2025-08-20 22:00:00+00,N624FB,1,1154,1913.6265164644714038,0,3,0,0
2025-08-20 23:00:00+00,N621FB,1,1356,1968.5656342182890855,1625,0,0,0
2025-08-21 00:00:00+00,N621FB,1,793,2017.4968474148802018,0,3,0,0
2025-08-21 02:00:00+00,N621FB,2,1152,2070.8333333333333333,0,4,0,0
2025-08-21 03:00:00+00,N621FB,1,885,2044.1242937853107345,1575,0,0,0
2025-08-21 03:00:00+00,N623FB,1,562,1958.4074733096085409,0,1,0,0
2025-08-21 04:00:00+00,N623FB,1,1277,1945.5364134690681284,1625,0,0,0
2025-08-21 05:00:00+00,N623FB,1,84,1822.3214285714285714,0,2,0,0
2025-08-21 06:00:00+00,N623FB,1,55,1911.8181818181818182,0,2,0,0
2025-08-21 07:00:00+00,N621FB,1,5,1235.0000000000000000,0,1,0,0
2025-08-21 07:00:00+00,N623FB,1,1251,1848.7809752198241407,1625,0,0,0
2025-08-21 08:00:00+00,N621FB,1,1218,1908.2307060755336617,0,2,0,0
2025-08-21 08:00:00+00,N623FB,1,56,1741.9642857142857143,0,3,0,0
2025-08-21 15:00:00+00,N625FB,2,389,2049.6786632390745501,0,1,0,0
2025-08-21 16:00:00+00,N625FB,1,701,1865.6205420827389444,0,1,0,0
2025-08-21 17:00:00+00,N625FB,1,25,1790.0000000000000000,0,1,0,0
2025-08-21 18:00:00+00,N625FB,1,1152,1954.4921875000000000,1500,0,0,0
2025-08-21 19:00:00+00,N625FB,1,17,1447.0588235294117647,0,2,0,0
2025-08-21 20:00:00+00,N621FB,1,261,1899.5210727969348659,0,1,0,0
2025-08-21 21:00:00+00,N621FB,1,1246,2109.3699839486356340,1800,0,0,0
2025-08-21 22:00:00+00,N621FB,1,29,1583.6206896551724138,0,4,0,0
2025-08-22 04:00:00+00,N621FB,1,1,0.00000000000000000000,0,1,0,0
2025-08-22 05:00:00+00,N621FB,1,1360,1960.7536764705882353,1525,0,0,0
2025-08-22 06:00:00+00,N621FB,1,763,2159.2070773263433814,0,2,0,0
2025-08-22 06:00:00+00,N624FB,1,170,1901.3235294117647059,0,2,0,0
2025-08-22 14:00:00+00,N624FB,1,494,2642.2064777327935223,0,2,0,0
2025-08-22 15:00:00+00,N624FB,1,1013,2148.4452122408687068,1650,0,0,0
2025-08-22 16:00:00+00,N624FB,1,427,1924.4730679156908665,0,2,0,0
2025-08-22 18:00:00+00,N624FB,1,117,1991.6666666666666667,0,1,0,0
2025-08-22 19:00:00+00,N624FB,1,1070,1849.0654205607476636,1500,0,0,0
2025-08-22 20:00:00+00,N624FB,1,698,1909.9212034383954155,0,1,0,0
2025-08-22 22:00:00+00,N621FB,1,1,0.00000000000000000000,0,1,0,0
2025-08-22 23:00:00+00,N621FB,1,1251,1938.5291766586730616,1575,0,0,0
2025-08-23 00:00:00+00,N621FB,1,489,2188.9059304703476483,0,2,0,0
2025-08-23 02:00:00+00,N621FB,1,1320,2037.7272727272727273,0,1,0,0
2025-08-23 03:00:00+00,N621FB,1,865,2164.8554913294797688,0,1,0,0
2025-08-23 03:00:00+00,N623FB,1,606,1980.1567656765676568,0,2,0,0
2025-08-23 04:00:00+00,N623FB,1,1458,1915.6550068587105624,1575,0,0,0
2025-08-23 05:00:00+00,N621FB,2,1050,1777.5238095238095238,0,2,0,0
2025-08-23 05:00:00+00,N623FB,1,199,2141.8341708542713568,0,4,0,0
2025-08-23 06:00:00+00,N621FB,1,829,1720.2955367913148372,0,1,0,0
2025-08-23 06:00:00+00,N623FB,2,656,1924.8094512195121951,0,2,0,0
2025-08-23 07:00:00+00,N623FB,1,1466,1895.2762619372442019,1450,0,0,0
2025-08-23 08:00:00+00,N621FB,1,1310,1753.1488549618320611,0,1,0,0
2025-08-23 08:00:00+00,N623FB,1,117,1983.9743589743589744,0,2,0,0
2025-08-23 09:00:00+00,N621FB,1,745,1881.5436241610738255,0,1,0,0
2025-08-23 15:00:00+00,N623FB,3,1114,1801.6606822262118492,0,2,0,0
2025-08-23 22:00:00+00,N621FB,2,36,1855.5555555555555556,0,2,0,0
2025-08-23 23:00:00+00,N621FB,1,1478,2093.8261163734776725,0,1,0,0
2025-08-24 00:00:00+00,N621FB,2,359,2175.4178272980501393,0,3,0,0
2025-08-24 02:00:00+00,N621FB,2,1328,2109.9585843373493976,0,2,0,0
2025-08-24 03:00:00+00,N621FB,1,1133,1934.1571050308914387,0,3,0,0
2025-08-24 03:00:00+00,N624FB,2,577,2059.9220103986135182,0,4,0,0
2025-08-24 04:00:00+00,N624FB,1,1425,1888.9649122807017544,1575,0,0,0
2025-08-24 05:00:00+00,N621FB,1,1324,1776.6616314199395770,0,3,0,0
2025-08-24 05:00:00+00,N624FB,1,354,1763.4887005649717514,0,4,0,0
2025-08-24 06:00:00+00,N621FB,1,705,1907.7304964539007092,0,1,0,0
2025-08-24 06:00:00+00,N624FB,1,709,1900.1057827926657264,0,4,0,0
2025-08-24 07:00:00+00,N624FB,1,1374,1994.7416302765647744,1200,0,0,0
2025-08-24 08:00:00+00,N621FB,1,1273,1769.3047918303220738,0,1,0,0
2025-08-24 08:00:00+00,N624FB,2,188,2038.2978723404255319,0,4,0,0
2025-08-24 09:00:00+00,N621FB,1,1334,1821.8328335832083958,0,1,0,0
2025-08-24 10:00:00+00,N621FB,1,1,0.00000000000000000000,0,1,0,0
2025-08-24 14:00:00+00,N621FB,2,481,1932.1205821205821206,0,1,0,0
2025-08-24 15:00:00+00,N621FB,1,1078,1764.6335807050092764,0,1,0,0
2025-08-24 19:00:00+00,N621FB,1,1002,1840.8183632734530938,0,1,0,0
2025-08-24 20:00:00+00,N621FB,1,203,1944.2118226600985222,0,3,0,0
2025-08-25 03:00:00+00,N621FB,1,619,1954.0791599353796446,0,2,0,0
2025-08-25 04:00:00+00,N621FB,1,1426,1895.1086956521739130,1600,0,0,0
2025-08-25 05:00:00+00,N621FB,1,113,2025.6637168141592920,0,1,0,0
2025-08-25 05:00:00+00,N623FB,1,1219,1946.9852337981952420,1550,0,0,0
2025-08-25 06:00:00+00,N621FB,1,497,2009.9094567404426559,0,2,0,0
2025-08-25 06:00:00+00,N623FB,2,777,1872.2007722007722008,0,2,0,0
2025-08-25 07:00:00+00,N621FB,1,1227,1881.4792176039119804,1650,0,0,0
2025-08-25 07:00:00+00,N623FB,1,32,1967.9687500000000000,0,1,0,0
2025-08-25 08:00:00+00,N621FB,1,233,1862.5536480686695279,0,3,0,0
2025-08-25 08:00:00+00,N623FB,1,1292,2062.8095975232198142,1700,0,0,0
2025-08-25 09:00:00+00,N623FB,2,584,2501.5410958904109589,0,3,0,0
2025-08-25 23:00:00+00,N623FB,1,1243,1943.6444086886564763,0,5,0,0
2025-08-26 00:00:00+00,N623FB,1,563,1803.3303730017761989,0,3,0,0
2025-08-26 03:00:00+00,N625FB,2,369,2174.4579945799457995,0,3,0,0
2025-08-26 04:00:00+00,N625FB,1,1164,2035.9750859106529210,1350,0,0,0
2025-08-26 05:00:00+00,N623FB,1,1329,1859.1986455981941309,0,3,0,0
2025-08-26 05:00:00+00,N625FB,1,348,1636.6379310344827586,0,1,0,0
2025-08-26 06:00:00+00,N623FB,1,1210,2037.4793388429752066,0,1,0,0
2025-08-26 06:00:00+00,N625FB,1,623,1916.1316211878009631,0,3,0,0
2025-08-26 07:00:00+00,N623FB,1,12,1610.4166666666666667,0,1,0,0
2025-08-26 07:00:00+00,N625FB,1,1270,1677.6181102362204724,1475,0,0,0
2025-08-26 08:00:00+00,N623FB,1,1269,1882.6044129235618597,1575,0,0,0
2025-08-26 08:00:00+00,N625FB,1,93,1789.2473118279569892,0,2,0,0
2025-08-26 09:00:00+00,N623FB,1,592,1891.3851351351351351,0,1,0,0
2025-08-26 10:00:00+00,N623FB,1,515,1745.8737864077669903,0,4,0,0
2025-08-26 14:00:00+00,N624FB,1,6,1258.3333333333333333,0,1,0,0
2025-08-26 15:00:00+00,N624FB,1,1032,1721.0755813953488372,1400,0,0,0
2025-08-26 16:00:00+00,N624FB,1,332,1719.9548192771084337,0,2,0,0
2025-08-26 18:00:00+00,N624FB,2,527,1812.9032258064516129,0,1,0,0
2025-08-26 19:00:00+00,N624FB,1,1295,1930.2702702702702703,1600,0,0,0
2025-08-26 20:00:00+00,N624FB,1,102,1829.6568627450980392,1400,0,0,0
2025-08-26 23:00:00+00,N623FB,2,1131,1821.1096374889478338,0,2,0,0
2025-08-27 00:00:00+00,N623FB,1,575,1914.0000000000000000,0,2,0,0
2025-08-27 02:00:00+00,N623FB,1,1189,1704.2893187552565181,0,2,0,0
2025-08-27 03:00:00+00,N623FB,1,889,1809.5050618672665917,0,2,0,0
2025-08-27 03:00:00+00,N625FB,1,593,1898.4401349072512648,0,1,0,0
2025-08-27 04:00:00+00,N625FB,1,399,1987.2807017543859649,0,2,0,0
2025-08-27 06:00:00+00,N625FB,1,579,1676.4680483592400691,0,2,0,0
2025-08-27 07:00:00+00,N625FB,1,1319,1737.2441243366186505,1400,0,0,0
2025-08-27 08:00:00+00,N623FB,1,1013,1955.2566633761105627,0,2,0,0
2025-08-27 08:00:00+00,N625FB,1,125,1818.2000000000000000,0,3,0,0
2025-08-27 09:00:00+00,N623FB,1,675,1831.9629629629629630,0,1,0,0
2025-08-27 15:00:00+00,N624FB,2,909,1603.3003300330033003,0,1,0,0
2025-08-27 16:00:00+00,N624FB,2,332,1512.5000000000000000,0,2,0,0
2025-08-27 18:00:00+00,N624FB,1,472,1655.6144067796610169,0,2,0,0
2025-08-27 19:00:00+00,N624FB,1,856,1714.3691588785046729,0,4,0,0
2025-08-27 23:00:00+00,N625FB,1,1114,2038.6445242369838420,0,3,0,0
2025-08-28 00:00:00+00,N625FB,1,740,2097.9054054054054054,1475,0,0,0
2025-08-28 02:00:00+00,N625FB,1,1227,1864.1198044009779951,0,4,0,0
2025-08-28 03:00:00+00,N621FB,2,490,1809.2857142857142857,0,3,0,0
2025-08-28 03:00:00+00,N625FB,1,1089,1955.2800734618916437,0,3,0,0
2025-08-28 04:00:00+00,N621FB,1,1364,1719.7214076246334311,1375,0,0,0
2025-08-28 05:00:00+00,N621FB,1,235,1831.0638297872340426,0,1,0,0
2025-08-28 05:00:00+00,N623FB,1,1391,2011.2868439971243710,0,3,0,0
2025-08-28 06:00:00+00,N621FB,2,659,1810.0910470409711684,0,1,0,0
2025-08-28 06:00:00+00,N623FB,1,911,2013.7760702524698134,0,2,0,0
2025-08-28 07:00:00+00,N621FB,1,1204,1702.2840531561461794,1350,0,0,0
2025-08-28 08:00:00+00,N621FB,1,123,1906.5040650406504065,1475,0,0,0
2025-08-28 08:00:00+00,N623FB,1,1505,2119.5016611295681063,0,2,0,0
2025-08-28 09:00:00+00,N623FB,1,905,2213.7569060773480663,0,2,0,0
2025-08-28 15:00:00+00,N624FB,1,907,1691.1797133406835722,0,1,0,0
2025-08-28 16:00:00+00,N624FB,2,174,1801.7241379310344828,0,4,0,0
2025-08-28 18:00:00+00,N624FB,1,1064,1685.3383458646616541,0,2,0,0
2025-08-28 19:00:00+00,N624FB,1,306,1725.4084967320261438,0,1,0,0
2025-08-28 22:00:00+00,N625FB,1,386,2220.3367875647668394,0,1,0,0
2025-08-28 23:00:00+00,N625FB,1,1348,2068.8241839762611276,0,1,0,0
2025-08-29 00:00:00+00,N625FB,1,70,1998.2142857142857143,0,3,0,0
2025-08-29 02:00:00+00,N625FB,1,1426,1909.5897615708274895,0,1,0,0
2025-08-29 03:00:00+00,N623FB,1,677,1704.6898079763663220,0,3,0,0
2025-08-29 03:00:00+00,N625FB,1,984,1991.4126016260162602,0,3,0,0
2025-08-29 04:00:00+00,N621FB,1,77,1975.3246753246753247,0,2,0,0
2025-08-29 04:00:00+00,N623FB,1,668,2346.7065868263473054,1475,0,0,0
2025-08-29 05:00:00+00,N621FB,1,1350,1969.2592592592592593,1575,0,0,0
2025-08-29 05:00:00+00,N623FB,1,101,1693.5643564356435644,0,3,0,0
2025-08-29 06:00:00+00,N621FB,1,874,1925.9725400457665904,0,2,0,0
2025-08-29 06:00:00+00,N623FB,1,727,1803.5075653370013755,0,3,0,0
2025-08-29 07:00:00+00,N623FB,1,1357,1890.7148120854826824,1525,0,0,0
2025-08-29 08:00:00+00,N621FB,1,1376,2348.3284883720930233,0,2,0,0
2025-08-29 08:00:00+00,N623FB,1,131,1961.8320610687022901,0,3,0,0
2025-08-29 09:00:00+00,N621FB,1,1034,1930.9961315280464217,0,3,0,0
2025-08-29 15:00:00+00,N621FB,1,952,1810.7405462184873950,0,1,0,0
2025-08-29 16:00:00+00,N621FB,1,10,1682.5000000000000000,1425,0,0,0
2025-08-29 18:00:00+00,N621FB,2,641,1925.3900156006240250,0,2,0,0
2025-08-29 19:00:00+00,N621FB,1,149,1883.3892617449664430,0,2,0,0
2025-08-29 22:00:00+00,N623FB,1,31,1758.8709677419354839,0,2,0,0
2025-08-29 23:00:00+00,N623FB,1,1307,1934.0091813312930375,0,1,0,0
2025-08-30 00:00:00+00,N623FB,1,531,1837.6647834274952919,0,2,0,0
2025-08-30 01:00:00+00,N623FB,2,36,1860.4166666666666667,0,3,0,0
2025-08-30 02:00:00+00,N623FB,1,1389,2008.2253419726421886,1600,0,0,0
2025-08-30 03:00:00+00,N623FB,1,757,1857.6287978863936592,0,1,0,0
2025-08-30 03:00:00+00,N625FB,1,720,1723.2291666666666667,0,2,0,0
2025-08-30 04:00:00+00,N625FB,1,1220,2022.6434426229508197,1600,0,0,0
2025-08-30 05:00:00+00,N623FB,2,1205,1796.7219917012448133,0,2,0,0
2025-08-30 05:00:00+00,N625FB,1,548,1873.8594890510948905,0,3,0,0
2025-08-30 06:00:00+00,N623FB,1,822,1754.5012165450121655,0,2,0,0
2025-08-30 06:00:00+00,N625FB,1,547,1874.7257769652650823,0,2,0,0
2025-08-30 07:00:00+00,N625FB,1,1478,1739.4959404600811908,1450,0,0,0
2025-08-30 08:00:00+00,N623FB,1,1177,1823.9592183517417162,0,2,0,0
2025-08-30 08:00:00+00,N625FB,1,150,1829.6666666666666667,0,2,0,0
2025-08-30 09:00:00+00,N623FB,1,604,1745.9437086092715232,0,2,0,0
2025-08-30 15:00:00+00,N621FB,1,902,1835.8370288248337029,0,2,0,0
2025-08-30 16:00:00+00,N621FB,1,31,1698.3870967741935484,0,2,0,0
2025-08-30 18:00:00+00,N621FB,2,498,1792.4698795180722892,0,1,0,0
2025-08-30 19:00:00+00,N621FB,1,721,1667.4063800277392510,0,2,0,0
2025-08-30 22:00:00+00,N623FB,1,7,1453.5714285714285714,0,1,0,0
2025-08-30 23:00:00+00,N623FB,1,1444,2002.4065096952908587,1625,0,0,0
2025-08-31 00:00:00+00,N623FB,1,558,1966.7114695340501792,0,4,0,0
2025-08-31 01:00:00+00,N623FB,1,31,1985.4838709677419355,0,1,0,0
2025-08-31 02:00:00+00,N623FB,1,1302,1977.4193548387096774,1600,0,0,0
2025-08-31 03:00:00+00,N623FB,1,836,2066.6267942583732057,0,4,0,0
2025-08-31 03:00:00+00,N625FB,1,629,1848.9268680445151033,0,1,0,0
2025-08-31 04:00:00+00,N625FB,1,1420,1959.1373239436619718,1650,0,0,0
2025-08-31 05:00:00+00,N623FB,2,993,1979.7079556898288016,0,3,0,0
2025-08-31 05:00:00+00,N625FB,1,321,1975.7009345794392523,0,3,0,0
2025-08-31 06:00:00+00,N623FB,1,724,1901.7265193370165746,0,1,0,0
2025-08-31 06:00:00+00,N625FB,1,676,1827.4408284023668639,0,3,0,0
2025-08-31 07:00:00+00,N625FB,1,1410,1770.4078014184397163,1475,0,0,0
2025-08-31 08:00:00+00,N623FB,1,1269,1867.5728920409771474,0,1,0,0
2025-08-31 08:00:00+00,N625FB,1,125,1983.6000000000000000,0,2,0,0
2025-08-31 09:00:00+00,N623FB,1,1395,2009.3369175627240143,0,2,0,0
2025-08-31 14:00:00+00,N625FB,1,18,1709.7222222222222222,0,1,0,0
2025-08-31 15:00:00+00,N625FB,1,1322,1799.4704992435703480,1525,0,0,0
2025-08-31 16:00:00+00,N625FB,1,366,1903.8251366120218579,1475,0,0,0
2025-08-31 18:00:00+00,N625FB,1,584,1924.0582191780821918,1650,0,0,0
2025-08-31 19:00:00+00,N625FB,1,660,1797.9545454545454545,0,2,0,0
2025-08-31 23:00:00+00,N623FB,1,991,1981.4581231079717457,0,2,0,0
2025-09-01 00:00:00+00,N623FB,1,744,1912.5000000000000000,0,4,0,0
2025-09-01 02:00:00+00,N623FB,1,1291,2134.7017815646785438,0,2,0,0
2025-09-01 03:00:00+00,N623FB,1,980,1930.5357142857142857,0,3,0,0
2025-09-01 05:00:00+00,N621FB,1,974,1869.8921971252566735,0,1,0,0
2025-09-01 06:00:00+00,N621FB,1,1096,1919.2518248175182482,0,3,0,0
2025-09-01 08:00:00+00,N621FB,1,1353,1822.1175166297117517,0,1,0,0
2025-09-01 09:00:00+00,N621FB,1,588,1954.0816326530612245,1475,0,0,0
2025-09-01 15:00:00+00,N623FB,1,854,1693.1791569086651054,0,1,0,0
2025-09-01 16:00:00+00,N623FB,1,467,1897.1092077087794433,0,2,0,0
2025-09-01 18:00:00+00,N623FB,2,369,1953.6585365853658537,0,2,0,0
2025-09-01 19:00:00+00,N623FB,3,903,1792.0542635658914729,0,2,0,0
2025-09-01 20:00:00+00,N623FB,1,1446,1731.8118948824343015,1525,0,0,0
2025-09-01 21:00:00+00,N623FB,1,65,1815.0000000000000000,0,2,0,0
2025-09-01 23:00:00+00,N621FB,2,1185,2009.8312236286919831,0,3,0,0
2025-09-02 00:00:00+00,N621FB,1,591,1904.5685279187817259,0,2,0,0
2025-09-02 02:00:00+00,N621FB,1,332,2049.6234939759036145,0,4,0,0
2025-09-02 03:00:00+00,N621FB,1,1334,1977.0614692653673163,1475,0,0,0
2025-09-02 03:00:00+00,N623FB,2,923,1772.6435536294691224,0,3,0,0
2025-09-02 04:00:00+00,N623FB,1,1354,1815.6942392909896603,1550,0,0,0
2025-09-02 05:00:00+00,N623FB,1,536,1947.1548507462686567,0,4,0,0
2025-09-02 05:00:00+00,N625FB,1,1406,1985.6152204836415363,0,3,0,0
2025-09-02 06:00:00+00,N624FB,1,556,1799.5953237410071942,0,2,0,0
2025-09-02 06:00:00+00,N625FB,1,1427,2266.2754029432375613,1775,0,0,0
2025-09-02 07:00:00+00,N624FB,1,1254,1900.6778309409888357,1425,0,0,0
2025-09-02 07:00:00+00,N625FB,1,323,2312.2291021671826625,0,2,0,0
2025-09-02 08:00:00+00,N624FB,2,117,1715.1709401709401709,0,4,0,0
2025-09-02 08:00:00+00,N625FB,1,1253,2087.9888268156424581,0,2,0,0
2025-09-02 09:00:00+00,N625FB,2,547,1836.5173674588665448,0,2,0,0
2025-09-02 10:00:00+00,N625FB,1,278,1884.3525179856115108,0,1,0,0
2025-09-02 11:00:00+00,N625FB,1,94,1783.2446808510638298,0,2,0,0
2025-09-02 15:00:00+00,N624FB,2,710,1828.5915492957746479,1350,0,0,0
2025-09-02 16:00:00+00,N624FB,1,304,1648.3552631578947368,0,1,0,0
2025-09-02 18:00:00+00,N624FB,1,553,1621.5641952983725136,0,1,0,0
2025-09-02 19:00:00+00,N624FB,1,656,1791.7301829268292683,0,2,0,0
2025-09-02 23:00:00+00,N621FB,1,1198,1859.1819699499165275,0,2,0,0
2025-09-03 00:00:00+00,N621FB,1,673,1875.4829123328380386,0,4,0,0
2025-09-03 02:00:00+00,N621FB,1,1066,1929.9249530956848030,0,2,0,0
2025-09-03 03:00:00+00,N621FB,1,383,1945.6266318537859008,0,2,0,0
2025-09-03 03:00:00+00,N625FB,2,65,1938.8461538461538462,0,2,0,0
2025-09-03 04:00:00+00,N625FB,1,1323,1830.6122448979591837,1600,0,0,0
2025-09-03 05:00:00+00,N621FB,1,1090,1928.3944954128440367,0,4,0,0
2025-09-03 05:00:00+00,N625FB,1,837,1976.3142174432497013,1475,0,0,0
2025-09-03 06:00:00+00,N621FB,1,919,1863.2752992383025027,0,3,0,0
2025-09-03 06:00:00+00,N625FB,2,506,1834.0909090909090909,0,1,0,0
2025-09-03 07:00:00+00,N625FB,1,1286,1819.2651632970451011,1450,0,0,0
2025-09-03 08:00:00+00,N621FB,1,1210,1849.0289256198347107,0,2,0,0
2025-09-03 08:00:00+00,N625FB,1,75,1850.3333333333333333,1425,0,0,0
2025-09-03 09:00:00+00,N621FB,2,336,1922.3214285714285714,0,2,0,0
2025-09-03 15:00:00+00,N624FB,2,1005,1584.1293532338308458,0,3,0,0
2025-09-03 16:00:00+00,N624FB,2,231,1653.4632034632034632,0,1,0,0
2025-09-03 18:00:00+00,N624FB,1,1026,1769.9561403508771930,0,2,0,0
2025-09-03 19:00:00+00,N624FB,1,75,1798.3333333333333333,0,2,0,0
2025-09-03 23:00:00+00,N625FB,1,1041,1904.8511047070124880,0,3,0,0
2025-09-04 00:00:00+00,N625FB,1,1227,1944.3561532192339038,1625,0,0,0
2025-09-04 01:00:00+00,N625FB,1,478,1752.7719665271966527,0,3,0,0
2025-09-04 02:00:00+00,N625FB,1,884,1947.5395927601809955,1700,0,0,0
2025-09-04 03:00:00+00,N621FB,1,265,2000.1886792452830189,1525,0,0,0
2025-09-04 03:00:00+00,N625FB,1,893,1747.6203807390817469,1500,0,0,0
2025-09-04 14:00:00+00,N624FB,1,386,1922.2150259067357513,1700,0,0,0
2025-09-04 15:00:00+00,N624FB,2,684,1769.2982456140350877,1425,0,0,0
2025-09-04 18:00:00+00,N624FB,1,875,1801.2857142857142857,1500,0,0,0
2025-09-04 19:00:00+00,N624FB,1,1019,1985.0343473994111874,1575,0,0,0
2025-09-04 23:00:00+00,N625FB,1,955,1953.8219895287958115,1600,0,0,0
2025-09-05 01:00:00+00,N625FB,1,22,1985.2272727272727273,1725,0,0,0
2025-09-05 02:00:00+00,N625FB,1,1596,1919.1416040100250627,1650,0,0,0
2025-09-05 03:00:00+00,N621FB,1,662,1853.9274924471299094,1575,0,0,0
2025-09-05 03:00:00+00,N625FB,1,1263,1845.7442596991290578,1575,0,0,0
2025-09-05 04:00:00+00,N621FB,1,1478,1879.8883626522327470,1575,0,0,0
2025-09-05 05:00:00+00,N621FB,1,132,1934.4696969696969697,1525,0,0,0
2025-09-05 05:00:00+00,N623FB,1,1287,1833.3139083139083139,1525,0,0,0
2025-09-05 06:00:00+00,N621FB,2,638,1981.5438871473354232,1125,0,0,0
2025-09-05 06:00:00+00,N623FB,1,696,1899.3534482758620690,1550,0,0,0
2025-09-05 07:00:00+00,N621FB,1,1539,1899.9675113710201429,1500,0,0,0
2025-09-05 08:00:00+00,N621FB,1,60,2017.0833333333333333,1575,0,0,0
2025-09-05 08:00:00+00,N623FB,1,1170,1921.9658119658119658,1525,0,0,0
2025-09-05 09:00:00+00,N623FB,1,434,1890.4953917050691244,1525,0,0,0
2025-09-05 15:00:00+00,N621FB,1,871,1814.3513203214695752,1500,0,0,0
2025-09-05 23:00:00+00,N625FB,1,1141,2092.0245398773006135,1600,0,0,0
2025-09-06 00:00:00+00,N625FB,1,787,2103.6213468869123253,1625,0,0,0
2025-09-06 02:00:00+00,N625FB,1,1222,2158.2242225859247136,1825,0,0,0
2025-09-06 03:00:00+00,N621FB,1,631,2038.7083993660855784,1750,0,0,0
2025-09-06 03:00:00+00,N625FB,1,796,2323.8379396984924623,1575,0,0,0
2025-09-06 04:00:00+00,N621FB,1,1468,1896.7302452316076294,1650,0,0,0
2025-09-06 05:00:00+00,N621FB,1,201,2010.0746268656716418,1550,0,0,0
2025-09-06 05:00:00+00,N623FB,1,1186,1910.8768971332209106,1525,0,0,0
2025-09-06 06:00:00+00,N621FB,1,697,2172.2740315638450502,1675,0,0,0
2025-09-06 06:00:00+00,N623FB,1,669,1904.5216741405082212,1550,0,0,0
2025-09-06 07:00:00+00,N621FB,1,1299,1849.9037721324095458,1575,0,0,0
2025-09-06 08:00:00+00,N621FB,1,279,1811.1111111111111111,1550,0,0,0
2025-09-06 08:00:00+00,N623FB,1,1239,1734.8062953995157385,1475,0,0,0
2025-09-06 09:00:00+00,N623FB,1,680,1783.2720588235294118,1500,0,0,0
2025-09-06 10:00:00+00,N623FB,1,1203,1693.6201163757273483,0,1,0,0
2025-09-06 11:00:00+00,N623FB,1,357,1742.8571428571428571,1500,0,0,0
2025-09-06 15:00:00+00,N624FB,1,881,1610.4994324631101022,1350,0,0,0
2025-09-06 16:00:00+00,N624FB,2,65,1822.3076923076923077,1425,0,0,0
2025-09-06 18:00:00+00,N624FB,1,753,1743.5922974767596282,1500,0,0,0
2025-09-06 19:00:00+00,N624FB,1,254,1818.5039370078740157,1450,0,0,0
2025-09-06 23:00:00+00,N625FB,1,1416,2027.9307909604519774,1700,0,0,0
2025-09-07 00:00:00+00,N625FB,1,1170,1866.2606837606837607,1500,0,0,0
2025-09-07 02:00:00+00,N625FB,1,1304,1911.0429447852760736,1525,0,0,0
2025-09-07 03:00:00+00,N621FB,1,590,1685.8050847457627119,1500,0,0,0
2025-09-07 03:00:00+00,N625FB,1,720,2081.2500000000000000,1200,0,0,0
2025-09-07 04:00:00+00,N621FB,1,1371,1656.7104303428154632,1450,0,0,0
2025-09-07 05:00:00+00,N621FB,1,92,2035.3260869565217391,1450,0,0,0
2025-09-07 05:00:00+00,N623FB,1,1407,1738.4506041222459133,1500,0,0,0
2025-09-07 06:00:00+00,N621FB,1,625,1869.6800000000000000,1425,0,0,0
2025-09-07 06:00:00+00,N623FB,1,1212,1688.5107260726072607,1425,0,0,0
2025-09-07 07:00:00+00,N621FB,1,1359,1709.9521707137601177,1400,0,0,0
2025-09-07 07:00:00+00,N623FB,1,7,1767.8571428571428571,1650,0,0,0
2025-09-07 08:00:00+00,N621FB,1,75,1822.6666666666666667,1475,0,0,0
2025-09-07 08:00:00+00,N623FB,1,1405,1797.7046263345195730,1525,0,0,0
2025-09-07 09:00:00+00,N623FB,2,616,1857.0211038961038961,1425,0,0,0
2025-09-07 15:00:00+00,N624FB,1,927,1712.9989212513484358,1400,0,0,0
2025-09-07 16:00:00+00,N624FB,2,40,1682.5000000000000000,1375,0,0,0
2025-09-07 18:00:00+00,N624FB,1,518,1560.8590733590733591,1325,0,0,0
2025-09-07 19:00:00+00,N624FB,1,1022,1714.2367906066536204,1400,0,0,0
2025-09-07 22:00:00+00,N625FB,1,58,1925.0000000000000000,1625,0,0,0
2025-09-07 23:00:00+00,N625FB,2,704,1920.0994318181818182,0,2,0,0
2025-09-08 00:00:00+00,N625FB,1,761,1882.4572930354796321,1450,0,0,0
2025-09-08 02:00:00+00,N625FB,1,892,1826.0369955156950673,1575,0,0,0
2025-09-08 03:00:00+00,N621FB,1,664,1702.1837349397590361,1425,0,0,0
2025-09-08 03:00:00+00,N625FB,1,1058,1840.7372400756143667,1500,0,0,0
2025-09-08 04:00:00+00,N621FB,1,1342,1586.2146050670640835,1450,0,0,0
2025-09-08 05:00:00+00,N621FB,1,504,1593.2539682539682540,1425,0,0,0
2025-09-08 05:00:00+00,N623FB,1,1394,1812.3385939741750359,1550,0,0,0
2025-09-08 06:00:00+00,N621FB,1,600,1682.1250000000000000,1450,0,0,0
2025-09-08 06:00:00+00,N623FB,1,791,1767.0353982300884956,1475,0,0,0
2025-09-08 07:00:00+00,N621FB,1,750,1598.8333333333333333,1400,0,0,0
2025-09-08 08:00:00+00,N621FB,1,309,1658.4951456310679612,1375,0,0,0
2025-09-08 08:00:00+00,N623FB,1,1441,1886.3462873004857738,1525,0,0,0
2025-09-08 09:00:00+00,N623FB,1,502,1894.1733067729083665,1475,0,0,0
2025-09-08 15:00:00+00,N625FB,1,471,1965.8704883227176221,1625,0,0,0
2025-09-08 16:00:00+00,N625FB,1,769,1758.1924577373211964,1100,0,0,0
2025-09-08 18:00:00+00,N625FB,1,625,1791.4000000000000000,1575,0,0,0
2025-09-08 19:00:00+00,N625FB,1,977,1630.9877175025588536,1200,0,0,0
2025-09-08 22:00:00+00,N623FB,1,1300,2229.0192307692307692,1725,0,0,0
2025-09-08 23:00:00+00,N623FB,1,744,2203.7298387096774194,1575,0,0,0
2025-09-09 01:00:00+00,N623FB,1,14,1967.8571428571428571,1725,0,0,0
2025-09-09 02:00:00+00,N623FB,1,1420,1944.0845070422535211,1675,0,0,0
2025-09-09 03:00:00+00,N623FB,1,831,2002.0156438026474128,1575,0,0,0
2025-09-09 05:00:00+00,N623FB,1,1054,1951.2808349146110057,1475,0,0,0
2025-09-09 06:00:00+00,N623FB,1,652,1806.0966257668711656,1525,0,0,0
2025-09-09 08:00:00+00,N623FB,1,1398,1931.9563662374821173,1650,0,0,0
2025-09-09 09:00:00+00,N623FB,1,785,1964.8407643312101911,1550,0,0,0
2025-09-09 14:00:00+00,N625FB,1,382,2007.6570680628272251,1775,0,0,0
2025-09-09 15:00:00+00,N625FB,1,1069,1858.5827876520112254,1550,0,0,0
2025-09-09 18:00:00+00,N625FB,1,587,1986.1584327086882453,1700,0,0,0
2025-09-09 19:00:00+00,N625FB,2,1198,1864.4824707846410684,1575,0,0,0
2025-09-09 20:00:00+00,N623FB,1,162,2079.1666666666666667,0,1,0,0
2025-09-09 20:00:00+00,N625FB,1,314,2115.2866242038216561,0,1,0,0
2025-09-09 21:00:00+00,N623FB,1,418,2154.0071770334928230,0,1,0,0
2025-09-09 23:00:00+00,N623FB,1,793,2200.0000000000000000,1850,0,0,0
2025-09-10 00:00:00+00,N623FB,1,524,2050.5725190839694656,1750,0,0,0
2025-09-10 02:00:00+00,N623FB,1,1324,2033.6291540785498489,1675,0,0,0
2025-09-10 03:00:00+00,N621FB,1,552,1959.0126811594202899,1725,0,0,0
2025-09-10 03:00:00+00,N623FB,1,934,2216.3811563169164882,1675,0,0,0
2025-09-10 04:00:00+00,N621FB,1,1306,1823.4686064318529862,1650,0,0,0
2025-09-10 04:00:00+00,N623FB,1,19,2097.3684210526315789,1750,0,0,0
2025-09-10 05:00:00+00,N621FB,1,91,2120.8791208791208791,1675,0,0,0
2025-09-10 05:00:00+00,N623FB,1,1302,2236.1175115207373272,1725,0,0,0
2025-09-10 06:00:00+00,N621FB,2,499,1918.4368737474949900,0,1,0,0
2025-09-10 06:00:00+00,N623FB,1,694,2092.5432276657060519,1650,0,0,0
2025-09-10 07:00:00+00,N621FB,1,1458,1848.2853223593964335,1650,0,0,0
2025-09-10 08:00:00+00,N621FB,1,18,1750.0000000000000000,1600,0,0,0
2025-09-10 08:00:00+00,N623FB,1,1443,2074.8960498960498960,1650,0,0,0
2025-09-10 09:00:00+00,N623FB,1,612,2018.1781045751633987,1625,0,0,0
2025-09-10 11:00:00+00,N623FB,1,642,1850.1168224299065421,1550,0,0,0
2025-09-10 12:00:00+00,N623FB,1,1007,1885.4021847070506455,1550,0,0,0
2025-09-10 12:00:00+00,N625FB,1,1021,1731.8070519098922625,1375,0,0,0
2025-09-10 13:00:00+00,N625FB,1,521,1723.9923224568138196,1375,0,0,0
2025-09-10 15:00:00+00,N625FB,1,461,1856.7787418655097614,1675,0,0,0
2025-09-10 16:00:00+00,N625FB,1,940,1841.8085106382978723,0,1,0,0
2025-09-10 23:00:00+00,N621FB,1,1292,2076.9156346749226006,1750,0,0,0
2025-09-11 00:00:00+00,N621FB,1,625,2059.7600000000000000,1675,0,0,0
2025-09-11 02:00:00+00,N621FB,1,1291,2046.5724244771494965,1675,0,0,0
2025-09-11 03:00:00+00,N621FB,1,942,1971.5764331210191083,1600,0,0,0
2025-09-11 03:00:00+00,N623FB,1,572,2081.4685314685314685,1675,0,0,0
2025-09-11 04:00:00+00,N623FB,1,1293,1900.3286929621036350,1650,0,0,0
2025-09-11 05:00:00+00,N621FB,1,1390,2147.2482014388489209,1750,0,0,0
2025-09-11 05:00:00+00,N623FB,1,61,2022.9508196721311475,1600,0,0,0
2025-09-11 06:00:00+00,N621FB,1,775,2045.5161290322580645,1575,0,0,0
2025-09-11 06:00:00+00,N623FB,1,608,1979.0296052631578947,1625,0,0,0
2025-09-11 07:00:00+00,N623FB,1,1464,2151.6051912568306011,1950,0,0,0
2025-09-11 08:00:00+00,N621FB,1,1319,2147.0242608036391205,1650,0,0,0
2025-09-11 08:00:00+00,N623FB,1,74,2044.9324324324324324,1575,0,0,0
2025-09-11 09:00:00+00,N621FB,1,357,2046.2184873949579832,1550,0,0,0
2025-09-11 14:00:00+00,N624FB,1,186,1899.1935483870967742,1700,0,0,0
2025-09-11 15:00:00+00,N624FB,1,878,1998.0922551252847380,1525,0,0,0
2025-09-11 16:00:00+00,N621FB,3,605,1729.4628099173553719,1050,0,0,0
2025-09-11 17:00:00+00,N621FB,1,63,1865.8730158730158730,1550,0,0,0
2025-09-11 18:00:00+00,N624FB,1,1171,1878.8855678906917165,1500,0,0,0
2025-09-11 22:00:00+00,N621FB,1,11,2050.0000000000000000,1850,0,0,0
2025-09-11 23:00:00+00,N621FB,1,1270,2095.9645669291338583,1725,0,0,0
2025-09-12 00:00:00+00,N621FB,1,483,2275.7763975155279503,1675,0,0,0
2025-09-12 02:00:00+00,N621FB,1,1070,2251.1915887850467290,1600,0,0,0
2025-09-12 03:00:00+00,N621FB,1,940,1784.1489361702127660,1600,0,0,0
2025-09-12 03:00:00+00,N623FB,1,622,1959.2443729903536977,1650,0,0,0
2025-09-12 04:00:00+00,N623FB,2,1367,1862.3628383321141185,0,1,0,0
2025-09-12 05:00:00+00,N623FB,1,112,2018.7500000000000000,1575,0,0,0
2025-09-12 05:00:00+00,N625FB,1,1406,1870.0746799431009957,1625,0,0,0
2025-09-12 06:00:00+00,N623FB,1,444,2016.5540540540540541,0,6,0,0
2025-09-12 06:00:00+00,N625FB,1,853,1752.1101992966002345,1550,0,0,0
2025-09-12 07:00:00+00,N623FB,2,1315,1872.7946768060836502,0,5,0,0
2025-09-12 08:00:00+00,N623FB,1,488,1806.9672131147540984,1575,0,0,0
2025-09-12 08:00:00+00,N625FB,1,1359,1743.0831493745401030,1525,0,0,0
2025-09-12 09:00:00+00,N625FB,1,412,1942.2936893203883495,1575,0,0,0
2025-09-12 15:00:00+00,N625FB,1,1097,1758.5004557885141294,0,1,0,0
2025-09-12 16:00:00+00,N621FB,2,137,1901.6423357664233577,1475,0,0,0
2025-09-12 16:00:00+00,N625FB,2,77,1803.5714285714285714,0,4,0,0
2025-09-12 17:00:00+00,N625FB,1,43,1763.3720930232558140,0,3,0,0
2025-09-12 18:00:00+00,N625FB,1,983,2020.9816887080366226,1575,0,0,0
2025-09-12 22:00:00+00,N623FB,1,774,1940.6976744186046512,0,1,0,0
2025-09-12 23:00:00+00,N623FB,1,1416,2159.2867231638418079,1550,0,0,0
2025-09-13 00:00:00+00,N623FB,1,60,1907.0833333333333333,0,3,0,0
2025-09-13 01:00:00+00,N623FB,1,49,2056.1224489795918367,0,1,0,0
2025-09-13 02:00:00+00,N623FB,1,1365,2092.5274725274725275,1600,0,0,0
2025-09-13 03:00:00+00,N621FB,1,637,1903.3359497645211931,0,3,0,0
2025-09-13 03:00:00+00,N623FB,1,888,1887.6407657657657658,0,2,0,0
2025-09-13 04:00:00+00,N621FB,1,1392,1954.7772988505747126,1550,0,0,0
2025-09-13 05:00:00+00,N621FB,1,64,1911.3281250000000000,0,4,0,0
2025-09-13 05:00:00+00,N623FB,2,1322,1880.0113464447806354,1550,0,0,0
2025-09-13 06:00:00+00,N621FB,1,547,2103.1535648994515539,0,2,0,0
2025-09-13 06:00:00+00,N623FB,1,719,1813.8734353268428373,0,3,0,0
2025-09-13 07:00:00+00,N621FB,2,1453,1987.0784583620096352,1525,0,0,0
2025-09-13 08:00:00+00,N621FB,1,91,1987.6373626373626374,0,3,0,0
2025-09-13 08:00:00+00,N623FB,2,1134,1985.0088183421516755,0,1,0,0
2025-09-13 09:00:00+00,N623FB,2,278,1933.3633093525179856,0,4,1,0
2025-09-13 15:00:00+00,N625FB,2,1339,1952.4458551157580284,0,6,0,0
2025-09-13 17:00:00+00,N625FB,2,818,1747.1577017114914425,1600,0,0,0
2025-09-13 18:00:00+00,N625FB,2,513,1844.3469785575048733,0,2,0,0
2025-09-13 20:00:00+00,N624FB,2,961,1905.6451612903225806,0,3,1,0
2025-09-13 22:00:00+00,N624FB,2,1304,2006.9401840490797546,0,2,1,0
2025-09-13 23:00:00+00,N624FB,2,1462,2020.3659370725034200,0,3,0,0
2025-09-14 01:00:00+00,N624FB,2,527,2064.8007590132827324,0,1,0,0
2025-09-14 02:00:00+00,N624FB,2,1430,2063.4090909090909091,0,4,1,0
2025-09-14 03:00:00+00,N621FB,2,467,2089.9892933618843683,0,1,0,0
2025-09-14 04:00:00+00,N621FB,2,1651,2079.0430042398546336,1700,0,0,0
2025-09-14 04:00:00+00,N623FB,1,1,1525.0000000000000000,1525,0,0,0
2025-09-14 05:00:00+00,N621FB,2,268,1881.9962686567164179,0,4,0,0
2025-09-14 05:00:00+00,N623FB,2,1504,1927.2273936170212766,1550,0,0,0
2025-09-14 06:00:00+00,N621FB,2,658,2160.3343465045592705,0,2,0,0
2025-09-14 06:00:00+00,N623FB,2,1085,1938.6405529953917051,0,4,1,0
2025-09-14 07:00:00+00,N621FB,2,1364,2069.9230205278592375,1700,0,0,0
2025-09-14 08:00:00+00,N621FB,2,398,1772.6130653266331658,0,2,0,0
2025-09-14 08:00:00+00,N623FB,2,1255,1783.4462151394422311,0,2,0,0
2025-09-14 09:00:00+00,N623FB,2,1135,1779.1629955947136564,0,4,0,0
2025-09-14 15:00:00+00,N625FB,1,12,1758.3333333333333333,1500,0,0,0
2025-09-14 16:00:00+00,N625FB,1,1,0.00000000000000000000,0,1,0,0
2025-09-14 18:00:00+00,N625FB,1,6,1816.6666666666666667,1600,0,0,0
2025-09-14 19:00:00+00,N625FB,1,6,1558.3333333333333333,0,1,0,0
2025-09-14 23:00:00+00,N624FB,1,2,2150.0000000000000000,2075,0,0,0
2025-09-15 00:00:00+00,N624FB,1,4,2118.7500000000000000,1725,0,0,0
2025-09-15 02:00:00+00,N624FB,1,4,2268.7500000000000000,2100,0,0,0
2025-09-15 03:00:00+00,N624FB,1,3,2350.0000000000000000,2125,0,0,0
2025-09-15 05:00:00+00,N624FB,1,6,2154.1666666666666667,1900,0,0,0
2025-09-15 06:00:00+00,N624FB,1,2,1887.5000000000000000,1825,0,0,0
2025-09-15 15:00:00+00,N625FB,1,11,1802.2727272727272727,1525,0,0,0
2025-09-15 16:00:00+00,N625FB,1,5,1730.0000000000000000,1575,0,0,0
2025-09-15 18:00:00+00,N625FB,1,3,1758.3333333333333333,1675,0,0,0
2025-09-15 19:00:00+00,N625FB,2,8,1553.1250000000000000,0,1,0,0
2025-09-15 23:00:00+00,N623FB,1,2,2237.5000000000000000,2200,0,0,0
2025-09-16 00:00:00+00,N623FB,1,10,2050.0000000000000000,1675,0,0,0
2025-09-16 02:00:00+00,N623FB,1,11,1843.1818181818181818,1575,0,0,0
2025-09-16 03:00:00+00,N623FB,1,8,1996.8750000000000000,1650,0,0,0
2025-09-16 05:00:00+00,N623FB,1,12,2010.4166666666666667,1750,0,0,0
2025-09-16 06:00:00+00,N623FB,1,7,1971.4285714285714286,1750,0,0,0
2025-09-16 08:00:00+00,N623FB,2,12,1987.5000000000000000,0,1,1,0
2025-09-16 09:00:00+00,N623FB,1,7,1842.8571428571428571,1575,0,0,0
2025-09-16 10:00:00+00,N623FB,1,7,1885.7142857142857143,1700,0,0,0
2025-09-16 15:00:00+00,N623FB,1,11,1754.5454545454545455,1475,0,0,0
2025-09-16 16:00:00+00,N623FB,1,1,1650.0000000000000000,1650,0,0,0
2025-09-16 18:00:00+00,N623FB,1,11,1709.0909090909090909,1400,0,0,0
2025-09-16 23:00:00+00,N625FB,1,11,1768.1818181818181818,0,1,1,0
2025-09-17 00:00:00+00,N625FB,1,5,1975.0000000000000000,1850,0,0,0
2025-09-17 02:00:00+00,N625FB,1,11,1852.2727272727272727,1625,0,1,0
2025-09-17 03:00:00+00,N623FB,1,6,1766.6666666666666667,1625,0,0,0
2025-09-17 03:00:00+00,N625FB,1,8,1937.5000000000000000,1750,0,0,0
2025-09-17 04:00:00+00,N623FB,1,12,1754.1666666666666667,1500,0,0,0
2025-09-17 05:00:00+00,N623FB,1,1,2025.0000000000000000,2025,0,0,0
2025-09-17 05:00:00+00,N624FB,1,12,2016.6666666666666667,1825,0,0,0
2025-09-17 06:00:00+00,N623FB,1,6,1758.3333333333333333,1700,0,0,0
2025-09-17 06:00:00+00,N624FB,1,8,1828.1250000000000000,0,1,1,0
2025-09-17 07:00:00+00,N623FB,1,9,1683.3333333333333333,1650,0,0,0
2025-09-17 08:00:00+00,N623FB,1,1,1950.0000000000000000,1950,0,0,0
2025-09-17 08:00:00+00,N624FB,1,12,2141.6666666666666667,1675,0,0,0
2025-09-17 09:00:00+00,N624FB,1,7,1921.4285714285714286,0,1,1,0
2025-09-17 13:00:00+00,N624FB,1,12,3114.5833333333333333,1825,0,0,0
2025-09-17 14:00:00+00,N624FB,1,5,2165.0000000000000000,1750,0,0,0
2025-09-17 15:00:00+00,N625FB,1,12,1850.0000000000000000,1600,0,0,0
2025-09-17 16:00:00+00,N621FB,1,2,1037.5000000000000000,0,1,1,0
2025-09-17 17:00:00+00,N625FB,1,3,1883.3333333333333333,1800,0,0,0
2025-09-17 18:00:00+00,N625FB,1,12,1793.7500000000000000,1700,0,0,0
2025-09-17 19:00:00+00,N625FB,2,7,1685.7142857142857143,0,1,1,0
2025-09-17 21:00:00+00,N623FB,1,3,1675.0000000000000000,1125,0,0,0
2025-09-17 23:00:00+00,N621FB,1,12,2045.8333333333333333,1850,0,0,0
2025-09-17 23:00:00+00,N623FB,1,3,2000.0000000000000000,1600,0,0,0
2025-09-18 00:00:00+00,N621FB,1,5,2045.0000000000000000,1750,0,0,0
2025-09-18 02:00:00+00,N621FB,1,11,1972.7272727272727273,1700,0,0,0
2025-09-18 03:00:00+00,N621FB,1,7,2600.0000000000000000,1900,0,0,0
2025-09-18 03:00:00+00,N623FB,1,7,1928.5714285714285714,1800,0,0,0
2025-09-18 04:00:00+00,N623FB,1,12,1866.6666666666666667,1600,0,0,0
2025-09-18 05:00:00+00,N621FB,1,8,1896.8750000000000000,1875,0,0,0
