flight_date,registration,hour,position_count,avg_altitude,min_altitude
2023-09-26,N621FB,22,1,1625.0000000000000000,1625
2023-09-27,N621FB,2,1,1975.0000000000000000,1975
2023-09-28,N621FB,0,1,1975.0000000000000000,1975
2023-09-28,N622FB,22,1,0.00000000000000000000,0
2023-09-29,N622FB,0,1,1925.0000000000000000,1925
2023-09-29,N622FB,2,1,2150.0000000000000000,2150
2023-09-29,N621FB,4,1,2050.0000000000000000,2050
2023-09-29,N621FB,22,1,2175.0000000000000000,2175
2023-09-30,N621FB,2,1,1975.0000000000000000,1975
2023-10-01,N621FB,4,1,1850.0000000000000000,1850
2023-10-03,N622FB,0,1,2000.0000000000000000,2000
2023-10-04,N622FB,4,1,2200.0000000000000000,2200
2023-10-06,N622FB,4,1,1825.0000000000000000,1825
2023-10-07,N622FB,0,1,1725.0000000000000000,1725
2023-10-07,N622FB,2,1,1975.0000000000000000,1975
2023-10-09,N622FB,0,1,2025.0000000000000000,2025
2023-10-10,N622FB,0,1,2150.0000000000000000,2150
2023-10-16,N622FB,0,1,1925.0000000000000000,1925
2023-10-17,N622FB,4,1,1800.0000000000000000,1800
2023-10-18,N622FB,4,1,1500.0000000000000000,1500
2023-10-23,N622FB,4,1,1875.0000000000000000,1875
2024-06-16,N622FB,0,1,2300.0000000000000000,2300
2024-06-21,N622FB,0,1,2775.0000000000000000,2775
2024-06-24,N622FB,0,1,1850.0000000000000000,1850
2024-06-26,N622FB,0,1,2175.0000000000000000,2175
2024-06-27,N622FB,0,1,1925.0000000000000000,1925
2024-07-03,N622FB,0,1,1825.0000000000000000,1825
2024-07-04,N622FB,0,1,1950.0000000000000000,1950
2024-07-17,N622FB,0,1,1875.0000000000000000,1875
2024-07-20,N622FB,0,1,1950.0000000000000000,1950
2024-07-27,N622FB,0,1,2075.0000000000000000,2075
2024-08-07,N621FB,0,1,2025.0000000000000000,2025
2024-08-10,N622FB,0,1,1825.0000000000000000,1825
2024-08-13,N621FB,0,1,1850.0000000000000000,1850
2024-08-15,N621FB,0,1,1900.0000000000000000,1900
2024-08-17,N621FB,0,1,1875.0000000000000000,1875
2024-08-21,N621FB,0,1,1925.0000000000000000,1925
2024-08-24,N621FB,0,1,1750.0000000000000000,1750
2024-08-25,N621FB,0,1,3050.0000000000000000,3050
2024-08-26,N621FB,0,1,1900.0000000000000000,1900
2024-08-27,N621FB,0,1,1850.0000000000000000,1850
2024-08-29,N621FB,0,1,1825.0000000000000000,1825
2024-08-31,N621FB,0,1,2050.0000000000000000,2050
2024-09-01,N622FB,0,1,2300.0000000000000000,2300
2024-09-03,N622FB,0,1,2050.0000000000000000,2050
2024-09-04,N622FB,0,1,2025.0000000000000000,2025
2024-09-07,N622FB,0,1,1700.0000000000000000,1700
2024-09-08,N622FB,0,1,2000.0000000000000000,2000
2024-09-09,N622FB,0,1,1950.0000000000000000,1950
2024-09-10,N621FB,0,1,2050.0000000000000000,2050
2024-09-11,N624FB,0,1,2175.0000000000000000,2175
2024-09-14,N622FB,22,456,2086.1293859649122807,0
2024-09-14,N622FB,23,806,2140.6637717121588089,0
2024-09-15,N622FB,1,18,1375.0000000000000000,0
2024-09-15,N622FB,2,1098,1989.7540983606557377,1725
2024-09-15,N622FB,3,601,1914.9750415973377704,0
2024-09-15,N625FB,3,398,1937.7512562814070352,0
2024-09-15,N625FB,4,1068,1846.0674157303370787,1675
2024-09-15,N625FB,5,197,1852.9187817258883249,0
2024-09-15,N624FB,23,893,2051.9876819708846585,0
2024-09-16,N624FB,0,733,2063.5402455661664393,0
2024-09-16,N624FB,2,877,2086.7160775370581528,0
2024-09-16,N623FB,3,412,1954.9757281553398058,0
2024-09-16,N624FB,3,832,1939.7536057692307692,0
2024-09-16,N623FB,4,884,1815.4694570135746606,1650
2024-09-16,N623FB,5,266,1903.3834586466165414,1625
2024-09-16,N623FB,23,825,2021.5757575757575758,0
2024-09-17,N623FB,0,820,2075.6707317073170732,1675
2024-09-17,N623FB,2,843,1998.0427046263345196,0
2024-09-17,N622FB,3,463,1858.9632829373650108,0
2024-09-17,N623FB,3,805,1960.6521739130434783,0
2024-09-17,N622FB,4,1018,1755.3290766208251473,1525
2024-09-17,N621FB,5,645,2108.7596899224806202,0
2024-09-17,N622FB,5,275,1833.7272727272727273,1625
2024-09-17,N621FB,23,595,1993.7394957983193277,0
2024-09-18,N621FB,0,552,2063.4057971014492754,0
2024-09-18,N621FB,2,828,1942.8140096618357488,0
2024-09-18,N621FB,3,762,1877.8215223097112861,0
2024-09-18,N623FB,3,474,1873.5232067510548523,0
2024-09-18,N623FB,4,1108,1700.6543321299638989,1525
2024-09-18,N623FB,5,257,1818.7743190661478599,1550
2024-09-18,N624FB,5,980,2118.9030612244897959,0
2024-09-18,N622FB,22,113,2028.7610619469026549,0
2024-09-18,N622FB,23,971,2076.7250257466529351,1700
2024-09-19,N622FB,0,501,2066.6666666666666667,0
2024-09-19,N622FB,2,944,2120.8156779661016949,0
2024-09-19,N621FB,3,481,1925.6237006237006237,0
2024-09-19,N622FB,3,607,2228.6655683690280066,1625
2024-09-19,N621FB,4,1058,1729.7967863894139887,1475
2024-09-19,N621FB,5,290,1745.5172413793103448,1525
2024-09-19,N622FB,5,1103,1899.7280145058930190,0
2024-09-19,N622FB,23,863,1842.9606025492468134,0
2024-09-20,N622FB,0,980,2075.4591836734693878,0
2024-09-20,N622FB,2,885,1958.4180790960451977,0
2024-09-20,N621FB,3,492,1944.9186991869918699,0
2024-09-20,N622FB,3,656,2004.0015243902439024,0
2024-09-20,N621FB,4,1050,1894.4285714285714286,1625
2024-09-20,N621FB,5,259,2127.3166023166023166,0
2024-09-20,N622FB,5,1063,2336.6650987770460960,0
2024-09-20,N624FB,23,894,2280.1454138702460850,0
2024-09-21,N624FB,0,389,2241.1311053984575835,0
2024-09-21,N624FB,2,795,2040.2515723270440252,0
2024-09-21,N621FB,3,512,1998.2910156250000000,0
2024-09-21,N624FB,3,659,2118.8922610015174507,0
2024-09-21,N621FB,4,1091,2070.1649862511457379,1775
2024-09-21,N621FB,5,260,2059.8076923076923077,0
2024-09-21,N622FB,5,936,2065.3044871794871795,0
2024-09-21,N625FB,22,1,0.00000000000000000000,0
2024-09-21,N625FB,23,1029,1960.4956268221574344,0
2024-09-22,N625FB,0,734,1899.0122615803814714,0
2024-09-22,N625FB,1,6,0.00000000000000000000,0
2024-09-22,N625FB,2,1034,1996.2524177949709865,0
2024-09-22,N623FB,3,475,1806.6315789473684211,0
2024-09-22,N625FB,3,671,2158.4202682563338301,0
2024-09-22,N622FB,4,2,0.00000000000000000000,0
2024-09-22,N623FB,4,1112,1813.1070143884892086,1550
2024-09-22,N622FB,5,1044,1932.9262452107279693,0
2024-09-22,N623FB,5,148,1862.1621621621621622,0
2024-09-22,N622FB,23,840,2041.4880952380952381,0
2024-09-23,N622FB,0,525,2010.5238095238095238,0
2024-09-23,N622FB,2,1089,2085.7208448117539027,0
2024-09-23,N622FB,3,653,1962.4808575803981623,0
2024-09-23,N625FB,3,462,1751.1363636363636364,0
2024-09-23,N625FB,4,904,1946.8473451327433628,1575
2024-09-23,N622FB,5,999,2006.8318318318318318,0
2024-09-23,N625FB,5,13,1275.0000000000000000,0
2024-09-23,N622FB,22,838,2161.0381861575178998,0
2024-09-23,N622FB,23,1000,2172.5000000000000000,1875
2024-09-24,N622FB,0,537,2174.3947858472998138,0
2024-09-24,N622FB,2,720,2021.2847222222222222,0
2024-09-24,N621FB,3,479,1874.0605427974947808,0
2024-09-24,N622FB,3,740,2229.4256756756756757,0
2024-09-24,N621FB,4,984,1826.5752032520325203,1550
2024-09-24,N621FB,5,248,2191.8346774193548387,1625
2024-09-24,N622FB,5,997,2055.2657973921765296,0
2024-09-24,N622FB,22,691,1903.6179450072358900,0
2024-09-24,N622FB,23,847,2178.6009445100354191,0
2024-09-25,N622FB,2,722,2026.7313019390581717,0
2024-09-25,N622FB,3,674,2090.5786350148367953,0
2024-09-25,N623FB,3,380,1976.1184210526315789,0
2024-09-25,N623FB,4,914,1854.6772428884026258,1650
2024-09-25,N622FB,5,980,2041.3265306122448980,0
2024-09-25,N623FB,5,70,1981.4285714285714286,1625
2024-09-25,N622FB,23,878,2024.3166287015945330,0
2024-09-26,N622FB,0,514,2051.4591439688715953,0
2024-09-26,N622FB,2,935,2162.0053475935828877,0
2024-09-26,N622FB,3,757,2164.7952443857331572,0
2024-09-26,N624FB,3,397,2036.2090680100755668,0
2024-09-26,N624FB,4,1029,1868.7560738581146744,0
2024-09-26,N622FB,22,1110,2185.8108108108108108,1725
2024-09-26,N622FB,23,635,2453.7007874015748031,1675
2024-09-27,N622FB,2,956,2144.2207112970711297,0
2024-09-27,N622FB,3,656,2165.0152439024390244,0
2024-09-27,N624FB,3,528,1941.5719696969696970,0
2024-09-27,N624FB,4,998,1955.8617234468937876,1675
2024-09-27,N622FB,5,928,2063.0387931034482759,0
2024-09-27,N624FB,5,159,1988.5220125786163522,0
2024-09-27,N622FB,22,157,2111.3057324840764331,0
2024-09-27,N622FB,23,1030,2142.3543689320388350,1900
2024-09-28,N622FB,0,317,2068.9274447949526814,0
2024-09-28,N622FB,2,988,2022.3178137651821862,0
2024-09-28,N622FB,3,800,1891.2187500000000000,0
2024-09-28,N625FB,3,482,1966.1307053941908714,0
2024-09-28,N622FB,4,39,1797.4358974358974359,0
2024-09-28,N625FB,4,985,2029.4670050761421320,1775
2024-09-28,N622FB,5,1132,1955.8745583038869258,1700
2024-09-28,N625FB,5,129,1901.5503875968992248,0
2024-09-28,N622FB,23,705,1834.1134751773049645,0
2024-09-29,N622FB,0,978,2047.9550102249488753,0
2024-09-29,N622FB,2,930,1845.0268817204301075,0
2024-09-29,N621FB,3,368,2070.6521739130434783,0
2024-09-29,N622FB,3,625,1886.4800000000000000,0
2024-09-29,N621FB,4,1065,1951.1971830985915493,1625
2024-09-29,N621FB,5,581,1825.6884681583476764,0
2024-09-29,N622FB,5,994,2053.3199195171026157,0
2024-09-29,N622FB,23,991,2025.1009081735620585,0
2024-09-30,N622FB,0,371,2045.8221024258760108,0
2024-09-30,N622FB,2,937,1967.2358591248665955,0
2024-09-30,N622FB,3,745,2026.4093959731543624,0
2024-09-30,N623FB,3,484,1923.8636363636363636,0
2024-09-30,N623FB,4,1085,1806.6359447004608295,1575
2024-09-30,N623FB,5,124,1851.4112903225806452,1600
2024-09-30,N625FB,5,70,1890.7142857142857143,0
2024-09-30,N622FB,23,924,1905.6006493506493506,0
2024-10-01,N622FB,0,720,1951.6319444444444444,0
2024-10-01,N622FB,1,196,1964.1581632653061224,0
2024-10-01,N622FB,2,1098,1770.6056466302367942,1550
2024-10-01,N622FB,3,617,2014.4651539708265802,0
2024-10-01,N624FB,3,535,1839.7196261682242991,0
2024-10-01,N624FB,4,973,1780.7553956834532374,1500
2024-10-01,N624FB,5,83,1932.8313253012048193,0
2024-10-01,N625FB,5,1047,1799.8806112702960840,0
2024-10-01,N622FB,22,260,1919.0384615384615385,0
2024-10-01,N622FB,23,1093,1996.1344922232387923,1600
2024-10-02,N622FB,0,144,1958.6805555555555556,0
2024-10-02,N622FB,2,979,1921.5781409601634321,0
2024-10-02,N622FB,3,680,1869.8897058823529412,0
2024-10-02,N624FB,3,464,1777.6939655172413793,0
2024-10-02,N624FB,4,1000,1699.6250000000000000,1500
2024-10-02,N621FB,5,841,1848.4542211652794293,0
2024-10-02,N622FB,23,907,2063.8643880926130099,0
2024-10-03,N622FB,0,590,2061.6101694915254237,0
2024-10-03,N622FB,1,710,2023.9084507042253521,0
2024-10-03,N622FB,2,1010,2045.3960396039603960,1675
2024-10-03,N621FB,3,356,1890.0280898876404494,0
2024-10-03,N622FB,3,305,1802.8688524590163934,0
2024-10-03,N621FB,4,1051,1966.5080875356803045,1675
2024-10-03,N621FB,5,146,1922.4315068493150685,0
2024-10-03,N622FB,5,999,1896.3463463463463463,0
2024-10-03,N622FB,23,872,1763.8474770642201835,0
2024-10-04,N622FB,0,493,1838.4888438133874239,1600
2024-10-04,N622FB,2,915,1835.4371584699453552,0
2024-10-04,N622FB,3,672,1936.3467261904761905,0
2024-10-04,N625FB,3,437,1869.0503432494279176,0
2024-10-04,N625FB,4,1071,1834.5004668534080299,1625
2024-10-04,N621FB,5,896,2015.1785714285714286,0
2024-10-04,N625FB,5,247,1869.6356275303643725,0
2024-10-04,N622FB,23,873,1886.1683848797250859,0
2024-10-05,N622FB,0,462,2029.0584415584415584,0
2024-10-05,N622FB,2,424,1775.8254716981132075,0
2024-10-05,N621FB,3,505,1888.2673267326732673,0
2024-10-05,N622FB,3,798,1957.5814536340852130,0
2024-10-05,N621FB,4,1119,1895.2636282394995532,1550
2024-10-05,N621FB,5,280,1894.1964285714285714,0
2024-10-05,N623FB,5,913,1910.4874041621029573,0
2024-10-05,N622FB,23,418,1892.8827751196172249,0
2024-10-06,N622FB,0,478,1824.0062761506276151,0
2024-10-06,N622FB,1,357,1810.0140056022408964,0
2024-10-06,N622FB,2,1073,1761.9524697110904007,1575
2024-10-06,N622FB,3,55,1830.9090909090909091,0
2024-10-06,N623FB,3,711,2093.0028129395218003,0
2024-10-06,N623FB,4,945,1977.3544973544973545,1600
2024-10-06,N622FB,5,990,1734.9242424242424242,0
2024-10-06,N623FB,5,284,2051.5845070422535211,0
2024-10-06,N624FB,23,701,1976.0699001426533524,0
2024-10-07,N624FB,0,1054,2057.3292220113851992,0
2024-10-07,N624FB,2,919,1924.7823721436343852,0
2024-10-07,N624FB,3,717,2138.1799163179916318,0
2024-10-07,N623FB,4,18,950.0000000000000000,0
2024-10-07,N623FB,5,1026,1826.0233918128654971,1625
2024-10-07,N624FB,23,863,1962.0509849362688297,0
2024-10-08,N624FB,0,545,2110.5504587155963303,0
2024-10-08,N624FB,2,946,1991.0940803382663848,0
2024-10-08,N621FB,3,401,1973.6907730673316708,0
2024-10-08,N624FB,3,654,1993.0428134556574924,0
2024-10-08,N621FB,4,1089,1862.5114784205693297,1600
2024-10-08,N621FB,5,150,2003.5000000000000000,1575
2024-10-08,N624FB,5,923,1999.0520043336944745,0
2024-10-08,N623FB,23,768,1951.1067708333333333,0
2024-10-09,N623FB,0,1092,1956.1813186813186813,0
2024-10-09,N623FB,2,786,2037.0229007633587786,0
2024-10-09,N623FB,3,636,1923.4276729559748428,0
2024-10-09,N625FB,3,458,1909.1157205240174672,0
2024-10-09,N624FB,4,8,0.00000000000000000000,0
2024-10-09,N625FB,4,988,1807.9200404858299595,1600
2024-10-09,N624FB,5,968,1980.6043388429752066,0
2024-10-09,N625FB,5,50,2048.0000000000000000,1550
2024-10-09,N621FB,23,739,1911.0284167794316644,0
2024-10-10,N621FB,0,1122,1956.6844919786096257,1675
2024-10-10,N621FB,1,448,1899.0513392857142857,0
2024-10-10,N621FB,2,917,1927.4263904034896401,0
2024-10-10,N621FB,3,1149,2006.5491731940818103,1625
2024-10-10,N624FB,3,511,1842.1722113502935421,0
2024-10-10,N621FB,4,167,1949.7005988023952096,0
2024-10-10,N623FB,4,1,0.00000000000000000000,0
2024-10-10,N624FB,4,974,1669.5328542094455852,1400
2024-10-10,N623FB,5,1006,1840.7306163021868787,0
2024-10-10,N624FB,5,86,1857.8488372093023256,1475
2024-10-10,N621FB,22,1163,2347.2914875322441960,1675
2024-10-10,N621FB,23,151,2091.3907284768211921,0
2024-10-10,N624FB,23,661,1664.5612708018154312,0
2024-10-11,N624FB,0,518,1714.1409266409266409,0
2024-10-11,N624FB,1,301,1783.7209302325581395,0
2024-10-11,N621FB,2,991,2110.1917255297679112,0
2024-10-11,N624FB,2,1084,1842.6199261992619926,0
2024-10-11,N621FB,3,543,2110.2670349907918969,0
2024-10-11,N623FB,3,486,1911.3683127572016461,0
2024-10-11,N623FB,4,1095,1949.3835616438356164,1625
2024-10-11,N622FB,5,981,1886.7227319062181448,0
2024-10-11,N623FB,5,211,1836.2559241706161137,0
2024-10-11,N623FB,22,1148,1985.4094076655052265,1775
2024-10-11,N623FB,23,392,1648.4693877551020408,0
2024-10-12,N623FB,0,561,1946.8360071301247772,0
2024-10-12,N625FB,3,769,1984.0377113133940182,0
2024-10-12,N625FB,4,931,1870.0859291084854995,1475
2024-10-12,N622FB,5,997,1895.1855566700100301,0
2024-10-12,N625FB,5,289,2006.6608996539792388,0
2024-10-12,N622FB,22,175,1800.2857142857142857,0
2024-10-12,N622FB,23,847,1972.5206611570247934,0
2024-10-13,N622FB,0,131,2037.4045801526717557,0
2024-10-13,N622FB,2,828,1733.7258454106280193,0
2024-10-13,N621FB,3,408,1847.9166666666666667,0
2024-10-13,N622FB,3,586,1747.8668941979522184,0
2024-10-13,N621FB,4,1065,1831.2441314553990610,1525
2024-10-13,N621FB,5,551,1963.2486388384754991,0
2024-10-13,N622FB,5,1058,2050.6616257088846881,0
2024-10-13,N623FB,22,345,2004.4927536231884058,0
2024-10-13,N622FB,23,992,1912.6008064516129032,0
2024-10-13,N623FB,23,854,1873.0386416861826698,1600
2024-10-14,N622FB,0,556,1896.8974820143884892,0
2024-10-14,N623FB,0,381,1949.8031496062992126,1500
2024-10-14,N622FB,2,795,1997.4528301886792453,0
2024-10-14,N621FB,3,487,1784.9075975359342916,0
2024-10-14,N622FB,3,852,1988.2042253521126761,0
2024-10-14,N621FB,4,1113,1958.0188679245283019,1650
2024-10-14,N622FB,4,1,0.00000000000000000000,0
2024-10-14,N621FB,5,250,1778.6000000000000000,0
2024-10-14,N622FB,5,1085,2485.0691244239631336,0
2024-10-14,N622FB,23,882,1942.7154195011337868,0
2024-10-15,N622FB,0,556,1884.6672661870503597,0
2024-10-15,N622FB,2,963,1857.0872274143302181,0
2024-10-15,N623FB,2,493,2122.1095334685598377,0
2024-10-15,N622FB,3,768,1898.4049479166666667,0
2024-10-15,N623FB,3,712,1800.5266853932584270,0
2024-10-15,N624FB,3,489,1728.3742331288343558,0
2024-10-15,N622FB,4,1,0.00000000000000000000,0
2024-10-15,N624FB,4,950,1776.2894736842105263,1525
2024-10-15,N622FB,5,1003,1850.5732801595214357,0
2024-10-15,N624FB,5,105,1775.7142857142857143,0
2024-10-15,N622FB,22,194,2035.0515463917525773,0
2024-10-15,N622FB,23,1093,1919.4419030192131747,1525
2024-10-16,N622FB,0,1058,1823.3931947069943289,0
2024-10-16,N621FB,2,981,2627.3700305810397554,0
2024-10-16,N622FB,2,869,1958.3716915995397008,0
2024-10-16,N621FB,3,573,2553.0977312390924956,0
2024-10-16,N622FB,3,943,1917.0731707317073171,1600
2024-10-16,N624FB,3,450,1911.1666666666666667,0
2024-10-16,N622FB,4,40,1536.8750000000000000,0
2024-10-16,N624FB,4,896,1825.4464285714285714,1475
2024-10-16,N622FB,5,890,1906.1797752808988764,0
2024-10-16,N624FB,5,87,1872.9885057471264368,0
2024-10-16,N622FB,22,462,2169.2099567099567100,1575
2024-10-17,N622FB,1,20,1247.5000000000000000,0
2024-10-17,N621FB,2,770,3587.3051948051948052,0
2024-10-17,N622FB,2,970,2120.7216494845360825,1850
2024-10-17,N621FB,3,399,3058.2706766917293233,0
2024-10-17,N622FB,3,587,1963.2879045996592845,0
2024-10-17,N624FB,3,512,1990.8203125000000000,0
2024-10-17,N622FB,4,1,0.00000000000000000000,0
2024-10-17,N624FB,4,1033,1805.4453049370764763,1575
2024-10-17,N622FB,5,853,1891.6764361078546307,0
2024-10-17,N624FB,5,39,2021.1538461538461538,1600
2024-10-17,N622FB,23,912,2160.3344298245614035,0
2024-10-18,N622FB,0,868,2693.2891705069124424,0
2024-10-18,N622FB,2,970,2448.4536082474226804,0
2024-10-18,N622FB,3,383,2265.9921671018276762,0
2024-10-18,N624FB,3,259,1924.7104247104247104,0
2024-10-18,N624FB,4,1097,1915.3144940747493163,1625
2024-10-18,N622FB,5,964,1964.2116182572614108,0
2024-10-18,N624FB,5,151,2064.4039735099337748,1675
2024-10-18,N622FB,23,73,1861.6438356164383562,0
2024-10-19,N622FB,0,976,2020.5942622950819672,0
2024-10-19,N622FB,2,1089,1865.3122130394857668,0
2024-10-19,N622FB,3,692,2069.7976878612716763,1475
2024-10-19,N625FB,3,503,2001.6401590457256461,0
2024-10-19,N625FB,4,1020,1863.0392156862745098,1500
2024-10-19,N622FB,5,960,1824.9739583333333333,0
2024-10-19,N625FB,5,389,1807.5192802056555270,0
2024-10-19,N622FB,22,1057,1657.3084200567644276,1450
2024-10-19,N622FB,23,59,1666.5254237288135593,0
2024-10-20,N622FB,1,600,1655.3333333333333333,0
2024-10-20,N622FB,2,1062,1820.7156308851224105,1500
2024-10-20,N622FB,3,60,1656.6666666666666667,0
2024-10-20,N625FB,3,415,1803.2530120481927711,0
2024-10-20,N625FB,4,1047,1798.6867239732569245,1500
2024-10-20,N622FB,5,1020,2171.5196078431372549,0
2024-10-20,N625FB,5,260,1830.9615384615384615,0
2024-10-20,N622FB,22,1,0.00000000000000000000,0
2024-10-20,N622FB,23,948,1674.0770042194092827,0
2024-10-21,N622FB,0,500,1879.6500000000000000,0
2024-10-21,N622FB,2,1020,1523.3333333333333333,0
2024-10-21,N622FB,3,845,1674.1124260355029586,0
2024-10-21,N624FB,3,502,1531.6733067729083665,0
2024-10-21,N624FB,4,1094,1537.3400365630712980,1200
2024-10-21,N622FB,5,735,1584.5578231292517007,0
2024-10-21,N624FB,5,150,1726.5000000000000000,0
2024-10-21,N622FB,23,630,1838.4920634920634921,0
2024-10-22,N622FB,0,995,1821.1055276381909548,1450
2024-10-22,N622FB,1,375,1974.5333333333333333,0
2024-10-22,N622FB,2,336,1677.3065476190476190,0
2024-10-22,N621FB,3,410,1798.1097560975609756,0
2024-10-22,N622FB,3,893,1858.5106382978723404,0
2024-10-22,N621FB,4,1046,1627.5573613766730402,1375
2024-10-22,N622FB,4,3,0.00000000000000000000,0
2024-10-22,N621FB,5,75,1799.0000000000000000,1375
2024-10-22,N622FB,5,932,1726.8776824034334764,0
2024-10-22,N624FB,23,940,1998.1648936170212766,0
2024-10-23,N624FB,0,1154,2195.1906412478336222,1700
2024-10-23,N624FB,1,19,1298.6842105263157895,0
2024-10-23,N624FB,2,854,1818.3548009367681499,0
2024-10-23,N624FB,3,770,1842.8896103896103896,0
2024-10-23,N625FB,3,501,1833.8323353293413174,0
2024-10-23,N625FB,4,1021,1694.5641527913809990,1325
2024-10-23,N622FB,5,930,1890.5107526881720430,0
2024-10-23,N625FB,5,115,1709.1304347826086957,0
2024-10-23,N621FB,22,728,2015.5906593406593407,0
2024-10-23,N621FB,23,1031,1993.8409311348205626,1625
2024-10-24,N621FB,0,480,1902.8125000000000000,0
2024-10-24,N621FB,1,1082,2116.1737523105360444,1600
2024-10-24,N621FB,2,489,2001.8916155419222904,0
2024-10-24,N624FB,3,407,1675.9213759213759214,0
2024-10-24,N624FB,4,977,1668.0655066530194473,1400
2024-10-24,N621FB,5,952,1803.1512605042016807,0
2024-10-24,N624FB,5,96,1755.2083333333333333,0
2024-10-24,N621FB,22,446,1754.2040358744394619,0
2024-10-24,N621FB,23,492,1787.0426829268292683,0
2024-10-24,N622FB,23,612,1834.3137254901960784,0
2024-10-25,N622FB,0,1100,1821.8636363636363636,1525
2024-10-25,N622FB,1,10,1125.0000000000000000,0
2024-10-25,N625FB,2,292,2343.0650684931506849,0
2024-10-25,N625FB,3,190,2062.2368421052631579,0
2024-10-25,N624FB,23,856,1921.4077102803738318,0
2024-10-26,N624FB,0,346,2025.8670520231213873,0
2024-10-26,N624FB,2,975,2037.6923076923076923,0
2024-10-26,N621FB,3,487,1802.4127310061601643,0
2024-10-26,N624FB,3,435,1764.7701149425287356,1400
2024-10-26,N621FB,4,1033,1761.7376573088092933,1425
2024-10-26,N621FB,5,135,1813.7037037037037037,0
2024-10-26,N625FB,5,989,1709.7826086956521739,0
2024-10-26,N622FB,23,1001,1802.0979020979020979,0
2024-10-27,N622FB,0,624,1807.9727564102564103,0
2024-10-27,N622FB,1,14,0.00000000000000000000,0
2024-10-27,N622FB,2,946,1891.6226215644820296,1550
2024-10-27,N622FB,3,717,1882.8103207810320781,0
2024-10-27,N624FB,3,496,1692.0866935483870968,0
2024-10-27,N624FB,4,1054,1669.2599620493358634,1475
2024-10-27,N622FB,5,991,1897.8557013118062563,0
2024-10-27,N624FB,5,226,1600.5530973451327434,0
2024-10-27,N625FB,23,1053,1937.2981956315289649,0
2024-10-28,N625FB,0,864,1927.2569444444444444,0
2024-10-28,N625FB,2,826,1853.3898305084745763,0
2024-10-28,N622FB,3,310,1826.2096774193548387,0
2024-10-28,N625FB,3,664,1853.4638554216867470,0
2024-10-28,N622FB,4,1024,1681.0546875000000000,1400
2024-10-28,N622FB,5,101,1886.3861386138613861,1500
2024-10-28,N625FB,5,941,2021.7321997874601488,0
2024-10-28,N623FB,22,313,2050.0798722044728435,0
2024-10-28,N623FB,23,1069,2013.0028063610851263,1600
2024-10-29,N623FB,0,242,2075.0000000000000000,0
2024-10-29,N623FB,1,23,1534.7826086956521739,0
2024-10-29,N623FB,2,1106,2178.2097649186256781,1925
2024-10-29,N623FB,3,743,2086.1709286675639300,0
2024-10-29,N625FB,3,415,1972.1686746987951807,0
2024-10-29,N625FB,4,905,2004.5580110497237569,1675
2024-10-29,N623FB,5,1044,2133.5488505747126437,0
2024-10-29,N625FB,5,99,2112.3737373737373737,1700
2024-10-29,N623FB,23,695,1730.6474820143884892,0
2024-10-30,N623FB,0,408,1833.0882352941176471,0
2024-10-30,N623FB,1,971,1958.9598352214212152,0
2024-10-30,N623FB,2,991,2008.4510595358224016,1600
2024-10-30,N623FB,3,134,1774.4402985074626866,0
2024-10-30,N624FB,3,281,1715.6583629893238434,0
2024-10-30,N624FB,4,940,1766.3829787234042553,1475
2024-10-30,N623FB,5,800,1854.1875000000000000,0
2024-10-30,N624FB,5,31,1850.8064516129032258,0
2024-10-30,N621FB,22,370,1641.9594594594594595,0
2024-10-30,N625FB,22,2,1637.5000000000000000,1625
2024-10-30,N621FB,23,992,1953.0745967741935484,1525
2024-10-30,N625FB,23,281,1644.8398576512455516,1525
2024-10-31,N621FB,0,240,1746.1458333333333333,0
2024-10-31,N625FB,0,306,1663.5620915032679739,0
2024-10-31,N625FB,1,102,1661.7647058823529412,0
2024-10-31,N621FB,2,1109,1851.3525698827772768,0
2024-10-31,N625FB,2,194,1615.5927835051546392,0
2024-10-31,N621FB,3,891,1731.9584736251402918,0
2024-10-31,N623FB,3,513,1738.7914230019493177,0
2024-10-31,N625FB,3,202,1565.2227722772277228,0
2024-10-31,N623FB,4,1063,1721.8250235183443086,1400
2024-10-31,N623FB,5,324,1635.8024691358024691,0
2024-10-31,N625FB,5,759,1711.0671936758893281,0
2024-10-31,N625FB,22,213,1753.9906103286384977,0
2024-11-01,N625FB,1,389,1773.6503856041131105,0
2024-11-01,N625FB,2,931,1749.6777658431793770,1475
2024-11-01,N621FB,3,768,1903.7760416666666667,0
2024-11-01,N625FB,3,369,1891.2601626016260163,0
2024-11-01,N621FB,4,1034,2421.7843326885880077,1675
2024-11-01,N625FB,4,188,1905.8510638297872340,0
2024-11-01,N621FB,5,998,2618.3867735470941884,0
2024-11-01,N625FB,5,995,1974.5728643216080402,1675
2024-11-01,N621FB,22,557,1749.1921005385996409,0
2024-11-01,N621FB,23,714,1843.7675070028011204,0
2024-11-02,N621FB,2,909,2116.9691969196919692,0
2024-11-02,N621FB,3,635,2523.5826771653543307,0
2024-11-02,N624FB,3,465,1798.2795698924731183,0
2024-11-02,N624FB,4,1047,1850.3104106972301815,1475
2024-11-02,N621FB,5,913,1903.7787513691128149,0
2024-11-02,N624FB,5,142,1755.9859154929577465,0
2024-11-02,N625FB,22,236,2238.9830508474576271,0
2024-11-02,N625FB,23,1056,2058.0492424242424242,1575
2024-11-03,N625FB,0,130,1983.8461538461538462,0
2024-11-03,N625FB,2,379,1989.4459102902374670,1725
2024-11-03,N621FB,3,453,2294.8675496688741722,0
2024-11-03,N625FB,3,605,2065.9917355371900826,0
2024-11-03,N621FB,4,798,2057.1741854636591479,0
2024-11-03,N625FB,5,451,1933.2039911308203991,0
2024-11-03,N625FB,23,437,2104.6910755148741419,0
2024-11-04,N625FB,0,677,2254.5420974889217134,0
2024-11-04,N625FB,2,830,2022.3192771084337349,0
2024-11-04,N623FB,3,420,1961.7857142857142857,0
2024-11-04,N625FB,3,574,2111.1062717770034843,0
2024-11-04,N623FB,4,945,2091.1904761904761905,1625
2024-11-04,N623FB,5,1,1625.0000000000000000,1625
2024-11-04,N625FB,5,953,2052.2298006295907660,0
2024-11-04,N624FB,22,553,1867.6311030741410488,0
2024-11-05,N624FB,1,449,2124.2204899777282851,0
2024-11-05,N624FB,2,881,2057.7752553916004540,1750
2024-11-05,N621FB,3,368,1583.8315217391304348,0
2024-11-05,N624FB,3,469,1933.5287846481876333,0
2024-11-05,N621FB,4,779,1783.9216944801026958,1400
2024-11-05,N624FB,4,1,0.00000000000000000000,0
2024-11-05,N621FB,5,62,1730.2419354838709677,0
2024-11-05,N624FB,5,814,1738.9434889434889435,0
2024-11-05,N621FB,22,368,1973.2336956521739130,0
2024-11-05,N621FB,23,904,2054.5353982300884956,1700
2024-11-06,N621FB,0,49,1709.6938775510204082,0
2024-11-06,N621FB,2,698,2195.6661891117478510,0
2024-11-06,N621FB,3,659,2268.2473444613050076,0
2024-11-06,N624FB,3,428,1749.4158878504672897,0
2024-11-06,N624FB,4,849,1888.1330977620730271,1575
2024-11-06,N624FB,5,125,1955.0000000000000000,1575
2024-11-06,N625FB,5,818,1976.9865525672371638,0
2024-11-06,N624FB,22,755,2058.7748344370860927,0
2024-11-06,N624FB,23,740,1810.0337837837837838,0
2024-11-07,N624FB,1,136,1620.0367647058823529,0
2024-11-07,N624FB,2,989,2388.7259858442871587,1500
2024-11-07,N624FB,3,504,1932.2916666666666667,0
2024-11-07,N625FB,3,438,1614.7831050228310502,0
2024-11-07,N624FB,4,4,0.00000000000000000000,0
2024-11-07,N625FB,4,874,1579.0045766590389016,1275
2024-11-07,N624FB,5,1035,1789.1062801932367150,0
2024-11-07,N625FB,5,265,1487.6415094339622642,1250
2024-11-08,N624FB,1,412,1637.3786407766990291,0
2024-11-08,N624FB,2,969,1808.9525283797729618,1500
2024-11-08,N621FB,3,493,1686.9168356997971602,0
2024-11-08,N624FB,3,249,1703.2128514056224900,0
2024-11-08,N621FB,4,957,1505.3552769070010449,1225
2024-11-08,N624FB,4,1,0.00000000000000000000,0
2024-11-08,N621FB,5,111,1570.9459459459459459,0
2024-11-08,N624FB,5,877,1641.9612314709236032,0
2024-11-08,N623FB,22,8,0.00000000000000000000,0
2024-11-08,N623FB,23,1019,1810.7948969578017664,0
2024-11-09,N623FB,0,386,1690.2202072538860104,0
2024-11-09,N623FB,1,280,1972.6785714285714286,0
2024-11-09,N623FB,2,899,2050.9733036707452725,0
2024-11-09,N621FB,3,731,1699.7948016415868673,0
2024-11-09,N621FB,4,1335,1618.7078651685393258,1325
2024-11-09,N621FB,5,392,1801.0841836734693878,0
2024-11-09,N623FB,5,1220,1739.9795081967213115,0
2024-11-09,N624FB,22,682,1853.1524926686217009,0
2024-11-09,N624FB,23,1341,1856.3571961222967934,0
2024-11-10,N623FB,3,568,1809.1549295774647887,0
2024-11-10,N624FB,3,808,1887.9331683168316832,0
2024-11-10,N623FB,4,1251,1689.1087130295763389,1475
2024-11-10,N623FB,5,136,1829.4117647058823529,0
2024-11-10,N624FB,5,1033,1918.1510164569215876,0
2024-11-10,N623FB,23,964,1762.5518672199170124,0
2024-11-11,N623FB,0,935,2234.5721925133689840,0
2024-11-11,N623FB,2,907,2564.9669239250275634,0
2024-11-11,N623FB,3,1004,4152.0916334661354582,0
2024-11-11,N624FB,3,620,1760.7258064516129032,0
2024-11-11,N624FB,4,1107,1605.4426377597109304,1350
2024-11-11,N625FB,4,9,408.3333333333333333,0
2024-11-11,N624FB,5,66,1758.7121212121212121,0
2024-11-11,N625FB,5,1327,1823.8131122833458930,1625
2024-11-11,N621FB,22,173,1711.1271676300578035,0
2024-11-11,N621FB,23,1479,1791.8864097363083164,1550
2024-11-12,N621FB,0,286,2049.8251748251748252,0
2024-11-12,N621FB,2,1286,2079.8211508553654743,0
2024-11-12,N621FB,3,728,1931.2156593406593407,0
2024-11-12,N625FB,3,584,1910.4880136986301370,0
2024-11-12,N625FB,4,1258,1715.6200317965023847,1475
2024-11-12,N623FB,5,1296,1918.4606481481481481,0
2024-11-12,N625FB,5,98,1886.7346938775510204,0
2024-11-12,N625FB,22,845,1865.5325443786982249,0
2024-11-13,N621FB,1,156,3388.6217948717948718,0
2024-11-13,N625FB,1,121,1819.6280991735537190,0
2024-11-13,N621FB,2,48,6570.3125000000000000,5475
2024-11-13,N625FB,2,1284,1796.9820872274143302,1500
2024-11-13,N621FB,3,380,2748.5526315789473684,0
2024-11-13,N624FB,3,540,1942.1296296296296296,0
2024-11-13,N625FB,3,781,1780.2176696542893726,0
2024-11-13,N624FB,4,1238,1945.9006462035541195,1550
2024-11-13,N624FB,5,116,1776.5086206896551724,0
2024-11-13,N625FB,5,1307,1940.2448355011476664,0
2024-11-13,N624FB,22,768,1835.3190104166666667,0
2024-11-14,N624FB,1,413,1714.0435835351089588,0
2024-11-14,N624FB,2,1414,1780.7284299858557284,1500
2024-11-14,N623FB,3,754,1731.3660477453580902,0
2024-11-14,N624FB,3,493,1718.5091277890466531,0
2024-11-14,N623FB,4,1395,1643.6200716845878136,1350
2024-11-14,N625FB,4,1,0.00000000000000000000,0
2024-11-14,N623FB,5,174,1687.9310344827586207,0
2024-11-14,N625FB,5,1240,1765.8669354838709677,0
2024-11-15,N624FB,22,800,1887.9062500000000000,1625
2024-11-16,N624FB,2,1039,1935.9961501443695861,0
2024-11-16,N625FB,2,1,0.00000000000000000000,0
2024-11-16,N624FB,3,756,1948.1481481481481481,0
2024-11-16,N625FB,3,570,2131.8859649122807018,0
2024-11-16,N625FB,4,1394,1946.7718794835007174,1650
2024-11-16,N624FB,5,1412,1954.8512747875354108,0
2024-11-16,N625FB,5,143,1929.5454545454545455,0
2024-11-16,N625FB,23,1200,2134.3541666666666667,0
2024-11-17,N625FB,0,634,1984.6608832807570978,0
2024-11-17,N625FB,2,620,2084.7177419354838710,1425
2024-11-17,N621FB,3,658,1908.1686930091185410,0
2024-11-17,N625FB,3,703,2020.7681365576102418,0
2024-11-17,N621FB,4,1355,1944.9446494464944649,1775
2024-11-17,N624FB,4,1,0.00000000000000000000,0
2024-11-17,N621FB,5,158,1962.8164556962025316,0
2024-11-17,N624FB,5,1243,2128.2381335478680611,0
2024-11-17,N621FB,22,872,2258.4575688073394495,1775
2024-11-17,N621FB,23,228,2177.0833333333333333,0
2024-11-17,N624FB,23,1037,2204.2189006750241080,0
2024-11-18,N624FB,0,992,2024.1179435483870968,0
2024-11-18,N624FB,2,1113,1972.4168912848158131,0
2024-11-18,N624FB,3,1018,2016.6502946954813360,0
2024-11-18,N625FB,5,1007,1922.1449851042701092,0
2024-11-18,N625FB,23,666,1965.9159159159159159,0
2024-11-19,N625FB,0,1433,1985.5547801814375436,1525
2024-11-19,N625FB,1,19,1264.4736842105263158,0
2024-11-19,N625FB,2,831,1755.3249097472924188,0
2024-11-19,N624FB,3,482,1857.4170124481327801,0
2024-11-19,N625FB,3,764,1712.5654450261780105,0
2024-11-19,N624FB,4,1107,1779.5392953929539295,1575
2024-11-19,N624FB,5,101,1895.0495049504950495,0
2024-11-19,N625FB,5,1290,1746.8604651162790698,0
2024-11-19,N621FB,22,209,1721.4114832535885167,0
2024-11-19,N621FB,23,451,2044.2904656319290466,0
2024-11-19,N625FB,23,365,1685.2054794520547945,0
2024-11-20,N625FB,0,1136,1928.5871478873239437,1425
2024-11-20,N625FB,1,356,2034.4101123595505618,0
2024-11-20,N625FB,2,778,1712.1465295629820051,0
2024-11-20,N621FB,3,562,1620.8185053380782918,0
2024-11-20,N625FB,3,786,1654.4847328244274809,0
2024-11-20,N621FB,4,1244,1555.7475884244372990,1300
2024-11-20,N624FB,4,1,0.00000000000000000000,0
2024-11-20,N621FB,5,87,1655.4597701149425287,0
2024-11-20,N624FB,5,1285,1596.5953307392996109,0
2024-11-20,N624FB,23,682,1741.7521994134897361,0
2024-11-21,N624FB,0,665,1813.5338345864661654,0
2024-11-21,N624FB,1,335,1790.5223880597014925,0
2024-11-21,N624FB,2,1456,1971.1023351648351648,1425
2024-11-21,N621FB,3,566,1463.0742049469964664,0
2024-11-21,N624FB,3,969,1781.8369453044375645,0
2024-11-21,N621FB,4,1330,1436.7293233082706767,1100
2024-11-21,N621FB,5,236,1556.4618644067796610,0
2024-11-21,N625FB,5,1202,1755.6364392678868552,0
2024-11-21,N624FB,23,994,1928.6217303822937626,0
2024-11-22,N624FB,0,375,1778.0666666666666667,0
2024-11-22,N624FB,2,1130,1879.4690265486725664,0
2024-11-22,N621FB,3,758,1701.9129287598944591,0
2024-11-22,N624FB,3,832,1811.9591346153846154,0
2024-11-22,N621FB,4,1393,1794.9389806173725772,1500
2024-11-22,N625FB,4,9,0.00000000000000000000,0
2024-11-22,N621FB,5,89,1682.3033707865168539,0
2024-11-22,N625FB,5,1279,1739.2689601250977326,0
2024-11-22,N624FB,22,182,1818.1318681318681319,0
2024-11-22,N624FB,23,1202,1817.7412645590682196,1425
2024-11-23,N624FB,0,1424,2098.1214887640449438,1500
2024-11-23,N624FB,1,389,1883.5475578406169666,0
2024-11-23,N624FB,2,574,1786.5853658536585366,0
2024-11-23,N624FB,3,709,1844.7813822284908322,0
2024-11-23,N625FB,3,656,1712.3475609756097561,0
2024-11-23,N625FB,4,1302,1778.9362519201228879,1450
2024-11-23,N624FB,5,1328,1990.8697289156626506,0
2024-11-23,N625FB,5,125,1939.0000000000000000,0
2024-11-23,N624FB,23,1166,1935.9777015437392796,0
2024-11-24,N624FB,0,580,2149.8275862068965517,0
2024-11-24,N624FB,2,1048,1952.9580152671755725,0
2024-11-24,N623FB,3,508,1701.4271653543307087,0
2024-11-24,N624FB,3,809,1837.5772558714462299,0
2024-11-24,N623FB,4,1074,1872.6722532588454376,1475
2024-11-24,N623FB,5,163,1959.5092024539877301,0
2024-11-24,N625FB,5,1060,1847.8537735849056604,0
2024-11-24,N623FB,23,981,1837.0540265035677880,0
2024-11-25,N623FB,0,847,1874.8524203069657615,0
2024-11-25,N623FB,2,1318,1630.2162367223065250,0
2024-11-25,N621FB,3,505,1577.6732673267326733,0
2024-11-25,N623FB,3,1287,1568.0069930069930070,0
2024-11-25,N621FB,4,1504,1808.8430851063829787,1425
2024-11-25,N625FB,4,1,0.00000000000000000000,0
2024-11-25,N621FB,5,108,1818.0555555555555556,0
2024-11-25,N625FB,5,1219,1762.2231337161607875,0
2024-11-25,N623FB,23,775,1523.3548387096774194,0
2024-11-26,N623FB,0,1205,1623.6307053941908714,0
2024-11-26,N623FB,2,968,1700.9297520661157025,0
2024-11-26,N623FB,3,872,1566.8577981651376147,0
2024-11-26,N625FB,5,1307,1945.8301453710788064,0
2024-11-26,N623FB,22,1254,1739.1547049441786284,1425
2024-11-26,N621FB,23,140,2023.3928571428571429,0
2024-11-26,N623FB,23,371,1799.5956873315363881,0
2024-11-27,N621FB,0,793,1926.4817150063051702,0
2024-11-27,N621FB,1,794,1740.0503778337531486,0
2024-11-27,N623FB,2,880,1729.4034090909090909,0
2024-11-27,N623FB,3,1556,1800.9640102827763496,1500
2024-11-27,N623FB,4,79,1827.5316455696202532,0
2024-11-27,N625FB,5,1331,1786.4012021036814425,0
2024-11-27,N623FB,23,1205,1927.0954356846473029,0
2024-11-28,N623FB,0,822,1786.2834549878345499,0
2024-11-28,N623FB,1,925,1919.8108108108108108,0
2024-11-28,N623FB,2,817,1910.1897184822521420,0
2024-11-28,N625FB,3,736,1687.0584239130434783,0
2024-11-28,N624FB,4,1106,1815.5063291139240506,0
2024-11-28,N625FB,4,1317,1849.1647684130599848,1575
2024-11-28,N624FB,5,1109,1817.8313796212804328,0
2024-11-28,N625FB,5,223,1894.9551569506726457,0
2024-11-29,N623FB,1,659,1696.7374810318664643,0
2024-11-29,N623FB,2,633,1670.2606635071090047,0
2024-11-29,N623FB,4,1143,1804.8775153105861767,0
2024-11-29,N623FB,5,274,1852.3722627737226277,0
2024-11-29,N624FB,5,1256,1769.6058917197452229,0
2024-11-29,N625FB,22,446,1828.1950672645739910,0
2024-11-29,N625FB,23,1415,1722.5441696113074205,1400
2024-11-30,N625FB,0,524,1788.5496183206106870,0
2024-11-30,N625FB,2,1192,1711.3045302013422819,0
2024-11-30,N624FB,3,672,1660.5654761904761905,0
2024-11-30,N625FB,3,825,1596.6060606060606061,0
2024-11-30,N624FB,4,1272,1605.3655660377358491,1375
2024-11-30,N623FB,5,1245,1693.6546184738955823,0
2024-11-30,N624FB,5,172,1574.5639534883720930,0
2024-12-01,N625FB,3,652,1485.5061349693251534,0
2024-12-01,N625FB,4,1376,1661.5370639534883721,1375
2024-12-01,N624FB,5,1210,1784.1322314049586777,0
2024-12-01,N625FB,5,160,1678.1250000000000000,0
2024-12-01,N623FB,23,946,1777.6955602536997886,0
2024-12-02,N623FB,0,1296,1815.9915123456790123,0
2024-12-02,N623FB,2,1086,1734.2311233885819521,0
2024-12-02,N623FB,3,991,1847.0988900100908174,0
2024-12-02,N624FB,3,640,1675.4296875000000000,0
2024-12-02,N624FB,4,1347,1672.8656273199703044,1500
2024-12-02,N624FB,5,320,1797.5000000000000000,0
2024-12-02,N625FB,5,1160,1718.2543103448275862,0
2024-12-02,N624FB,23,851,1789.3654524089306698,0
2024-12-03,N624FB,0,1127,1931.8544809228039042,0
2024-12-03,N624FB,2,1022,2001.9324853228962818,0
2024-12-03,N623FB,3,557,1846.3195691202872531,0
2024-12-03,N624FB,3,764,1791.8193717277486911,0
2024-12-03,N623FB,4,1271,1669.6498819826907946,1350
2024-12-03,N623FB,5,139,1631.6546762589928058,0
2024-12-03,N625FB,5,1109,2116.1857529305680794,0
2024-12-03,N624FB,22,1349,1852.2053372868791698,0
2024-12-03,N624FB,23,1457,1800.0171585449553878,1550
2024-12-04,N624FB,0,56,1727.2321428571428571,0
2024-12-04,N624FB,2,1084,1763.6531365313653137,0
2024-12-04,N624FB,3,929,1753.8213132400430571,0
2024-12-04,N625FB,3,542,1578.9206642066420664,0
2024-12-04,N625FB,4,1411,1659.0184266477675408,1400
2024-12-04,N625FB,5,208,1665.3846153846153846,0
2024-12-04,N621FB,22,81,1793.5185185185185185,1450
2024-12-04,N624FB,22,582,1854.5103092783505155,0
2024-12-04,N624FB,23,1491,1834.7250167672702884,1575
2024-12-05,N624FB,0,204,1831.4950980392156863,0
2024-12-05,N624FB,1,811,1642.7558569667077682,0
2024-12-05,N624FB,2,1324,1713.3874622356495468,1300
2024-12-05,N624FB,3,420,1546.9047619047619048,0
2024-12-05,N623FB,5,1167,1876.3281919451585261,0
2024-12-05,N623FB,23,993,1685.9264853977844914,0
2024-12-06,N623FB,0,666,1682.2447447447447447,1400
2024-12-06,N623FB,2,1075,1675.2325581395348837,0
2024-12-06,N623FB,3,623,1772.2712680577849117,0
2024-12-06,N624FB,3,614,1614.0879478827361564,0
2024-12-06,N624FB,4,1377,1667.1205519244734931,1425
2024-12-06,N623FB,5,1263,1844.1409342834520982,0
2024-12-06,N624FB,5,138,1741.1231884057971014,0
2024-12-06,N623FB,23,879,1914.2491467576791809,0
2024-12-07,N623FB,0,456,2002.5219298245614035,0
2024-12-07,N623FB,2,1202,1848.9184692179700499,0
2024-12-07,N623FB,3,623,1792.7768860353130016,0
2024-12-07,N624FB,3,635,1719.3700787401574803,0
2024-12-07,N624FB,4,1439,1684.7116052814454482,1375
2024-12-07,N624FB,5,475,1546.3157894736842105,0
2024-12-07,N625FB,5,1078,1780.3803339517625232,0
2024-12-07,N625FB,23,969,1590.2476780185758514,0
2024-12-08,N625FB,0,796,1832.4748743718592965,0
2024-12-08,N625FB,1,12,0.00000000000000000000,0
2024-12-08,N625FB,2,1281,1753.4933645589383294,0
2024-12-08,N624FB,3,762,2094.4553805774278215,0
2024-12-08,N625FB,3,696,1768.7500000000000000,0
2024-12-08,N624FB,4,1429,1916.0601819454163751,1350
2024-12-08,N623FB,5,1166,1737.5428816466552316,0
2024-12-08,N624FB,5,142,1714.0845070422535211,0
2024-12-08,N624FB,22,377,1947.4137931034482759,0
2024-12-08,N624FB,23,1233,1744.9918896999188970,1400
2024-12-09,N624FB,0,375,1870.6666666666666667,0
2024-12-09,N624FB,2,992,1774.9495967741935484,0
2024-12-09,N624FB,3,678,1947.0870206489675516,0
2024-12-09,N625FB,3,571,1493.1260945709281961,0
2024-12-09,N625FB,4,1223,1605.5600981193785773,1325
2024-12-09,N623FB,5,1158,2100.4749568221070812,0
2024-12-09,N625FB,5,250,1540.8000000000000000,0
2024-12-09,N625FB,22,432,1916.7824074074074074,0
2024-12-09,N625FB,23,629,1945.3100158982511924,0
2024-12-10,N625FB,0,1381,1784.7936278059377263,1500
2024-12-10,N621FB,1,355,1767.0422535211267606,0
2024-12-10,N625FB,1,448,1785.3236607142857143,0
2024-12-10,N621FB,2,1077,1792.4326833797585887,0
2024-12-10,N625FB,2,845,1581.3017751479289941,0
2024-12-10,N624FB,3,683,1618.4846266471449488,0
2024-12-10,N625FB,3,1187,1669.6714406065711879,0
2024-12-10,N624FB,4,1288,1507.6475155279503106,1250
2024-12-10,N624FB,5,79,1665.1898734177215190,1275
2024-12-10,N625FB,5,1241,1693.8557614826752619,0
2024-12-10,N624FB,23,1370,1702.0620437956204380,0
2024-12-11,N624FB,0,500,1591.9500000000000000,0
2024-12-11,N624FB,2,1303,1532.8856485034535687,0
2024-12-11,N624FB,3,783,1424.7126436781609195,0
2024-12-11,N625FB,5,1216,1433.4703947368421053,0
2024-12-11,N623FB,22,219,1660.5022831050228311,1500
2024-12-11,N621FB,23,1261,1634.8136399682791435,0
2024-12-11,N623FB,23,304,1719.1611842105263158,0
2024-12-12,N621FB,0,977,1646.4943705220061412,0
2024-12-12,N623FB,0,112,1570.9821428571428571,0
2024-12-12,N623FB,1,59,1697.0338983050847458,0
2024-12-12,N621FB,2,1256,1640.9036624203821656,0
2024-12-12,N623FB,2,423,1668.5579196217494090,0
2024-12-12,N621FB,3,884,1833.6255656108597285,0
2024-12-12,N624FB,3,547,1610.6489945155393053,0
2024-12-12,N624FB,4,1403,1634.6400570206699929,1300
2024-12-12,N625FB,4,1,0.00000000000000000000,0
2024-12-12,N624FB,5,90,1722.7777777777777778,0
2024-12-12,N625FB,5,1343,1769.5830230826507818,0
2024-12-13,N625FB,0,638,1928.2131661442006270,0
2024-12-13,N625FB,2,1149,1859.4647519582245431,0
2024-12-13,N625FB,3,1191,1721.2006717044500420,0
2024-12-13,N624FB,5,1191,1665.1133501259445844,0
2024-12-14,N625FB,0,824,1718.6589805825242718,0
2024-12-14,N625FB,1,1030,1824.9757281553398058,0
2024-12-14,N624FB,5,1531,1761.4141084258654474,0
2024-12-15,N624FB,3,820,1625.4268292682926829,0
2024-12-15,N624FB,4,1446,1646.9744121715076072,1300
2024-12-15,N624FB,5,190,1594.4736842105263158,0
2024-12-15,N625FB,5,1402,1785.6455064194008559,0
2024-12-15,N625FB,23,1103,1748.1867633726201269,0
2024-12-16,N625FB,0,756,1839.9470899470899471,0
2024-12-16,N625FB,1,2,0.00000000000000000000,0
2024-12-16,N625FB,2,1196,1713.0852842809364548,0
2024-12-16,N621FB,3,645,1675.1550387596899225,0
2024-12-16,N625FB,3,1528,1764.3815445026178010,1525
2024-12-16,N621FB,4,1313,1616.0510281797410510,1275
2024-12-16,N625FB,4,126,1680.5555555555555556,0
2024-12-16,N621FB,5,390,1443.2051282051282051,0
2024-12-16,N625FB,5,1314,1820.5098934550989346,0
2024-12-16,N625FB,22,220,1525.9090909090909091,0
2024-12-16,N625FB,23,1414,1857.6379066478076379,1500
2024-12-17,N625FB,0,347,1846.1095100864553314,0
2024-12-17,N625FB,2,1261,2171.8675654242664552,0
2024-12-17,N623FB,3,629,1612.7583465818759936,0
2024-12-17,N625FB,3,1145,1817.0960698689956332,0
2024-12-17,N623FB,4,1433,1572.3656664340544313,1400
2024-12-17,N623FB,5,862,1665.4292343387470998,1325
2024-12-17,N625FB,22,991,1769.8536831483350151,0
2024-12-17,N625FB,23,1016,1726.1811023622047244,0
2024-12-18,N625FB,2,1257,1626.8695306284805091,0
2024-12-18,N624FB,3,528,1462.5946969696969697,0
2024-12-18,N625FB,3,836,1759.0011961722488038,0
2024-12-18,N624FB,4,1336,1536.1901197604790419,1250
2024-12-18,N624FB,5,126,1674.8015873015873016,0
2024-12-18,N625FB,5,1265,1788.8537549407114625,0
2024-12-18,N624FB,23,1137,1786.8953386103781882,0
2024-12-19,N624FB,0,857,1965.4609101516919487,0
2024-12-19,N624FB,2,1295,1768.0888030888030888,0
2024-12-19,N621FB,3,595,1599.5378151260504202,0
2024-12-19,N624FB,3,824,1673.0582524271844660,0
2024-12-19,N621FB,4,1440,1417.9340277777777778,1225
2024-12-19,N621FB,5,101,1634.1584158415841584,0
2024-12-19,N625FB,5,1299,1659.3533487297921478,0
2024-12-19,N625FB,22,20,0.00000000000000000000,0
2024-12-19,N625FB,23,1257,1678.6595067621320605,0
2024-12-20,N625FB,0,849,1537.7797408716136631,1300
2024-12-20,N625FB,2,1352,1518.8609467455621302,0
2024-12-20,N621FB,3,614,1641.4902280130293160,0
2024-12-20,N625FB,3,666,1553.8288288288288288,1275
2024-12-20,N621FB,4,1396,1733.0229226361031519,1375
2024-12-20,N621FB,5,657,1478.7290715372907154,0
2024-12-20,N625FB,5,1292,1753.5797213622291022,0
2024-12-20,N624FB,22,69,1036.2318840579710145,0
2024-12-20,N624FB,23,1307,1712.5669472073450650,1200
2024-12-21,N624FB,0,388,1717.3324742268041237,0
2024-12-21,N624FB,2,1232,1697.1590909090909091,0
2024-12-21,N621FB,3,683,1570.8638360175695461,0
2024-12-21,N624FB,3,1023,1652.9081133919843597,0
2024-12-21,N621FB,4,1427,1676.6818500350385424,1400
2024-12-21,N621FB,5,197,1951.6497461928934010,0
2024-12-21,N625FB,5,1305,1601.5325670498084291,0
2024-12-21,N624FB,22,117,1484.6153846153846154,0
2024-12-21,N624FB,23,1369,1741.8371073776479182,1375
2024-12-22,N624FB,0,464,1716.5948275862068966,0
2024-12-22,N624FB,1,156,1537.3397435897435897,0
2024-12-22,N624FB,2,1384,1629.5881502890173410,1325
2024-12-22,N621FB,3,754,1556.6644562334217507,0
2024-12-22,N624FB,3,839,1637.1275327771156138,0
2024-12-22,N621FB,4,1499,1581.8212141427618412,1300
2024-12-22,N625FB,4,2,0.00000000000000000000,0
2024-12-22,N621FB,5,127,1672.0472440944881890,0
2024-12-22,N625FB,5,1413,1724.0268931351733900,0
2024-12-22,N623FB,22,519,1695.4720616570327553,0
2024-12-22,N623FB,23,928,1706.4385775862068966,1425
2024-12-23,N621FB,2,1154,1737.4350086655112652,0
2024-12-23,N621FB,3,819,1833.5775335775335775,0
2024-12-23,N623FB,3,695,1684.8201438848920863,0
2024-12-23,N623FB,4,1539,1815.8544509421702404,1500
2024-12-23,N623FB,5,321,1826.3239875389408100,0
2024-12-23,N625FB,5,1236,1731.4320388349514563,0
2024-12-23,N625FB,23,1088,1869.4623161764705882,0
2024-12-24,N625FB,0,1288,1785.5784161490683230,0
2024-12-24,N625FB,2,1124,1830.2268683274021352,0
2024-12-24,N624FB,3,611,1582.6923076923076923,0
2024-12-24,N625FB,3,1041,1749.9519692603266090,0
2024-12-24,N621FB,4,2,0.00000000000000000000,0
2024-12-24,N624FB,4,1464,1541.4446721311475410,1325
2024-12-24,N621FB,5,1420,1684.4542253521126761,0
2024-12-24,N624FB,5,157,1632.3248407643312102,0
2024-12-24,N621FB,23,1112,1988.0170863309352518,0
2024-12-25,N621FB,0,705,2261.4539007092198582,0
2024-12-25,N621FB,2,1406,1981.5078236130867710,0
2024-12-25,N621FB,3,923,2043.2556879739978332,0
2024-12-25,N625FB,3,647,1890.9969088098918083,0
2024-12-25,N625FB,4,1180,1913.3050847457627119,0
2024-12-25,N623FB,22,285,1736.8421052631578947,0
2024-12-25,N623FB,23,1435,1875.1567944250871080,1450
2024-12-26,N623FB,0,438,1975.5707762557077626,0
2024-12-26,N623FB,1,97,1668.5567010309278351,0
2024-12-26,N623FB,2,1375,2035.6545454545454545,1700
2024-12-26,N623FB,3,298,1809.8154362416107383,0
2024-12-26,N623FB,4,1418,1815.7616361071932299,1575
2024-12-26,N625FB,4,43,1082.5581395348837209,0
2024-12-26,N623FB,5,204,1754.1666666666666667,0
2024-12-26,N625FB,5,1153,1810.2558542931483088,1425
2024-12-26,N623FB,22,46,880.9782608695652174,0
2024-12-26,N623FB,23,1325,1627.7735849056603774,1375
2024-12-27,N623FB,0,619,1823.4248788368336026,0
2024-12-27,N623FB,2,1355,1788.8007380073800738,0
2024-12-27,N621FB,3,563,1639.4760213143872114,0
2024-12-27,N623FB,3,897,2002.2853957636566332,0
2024-12-27,N621FB,4,1349,1719.1623424759080801,1425
2024-12-27,N621FB,5,210,1864.8809523809523810,0
2024-12-27,N623FB,5,1296,1614.2361111111111111,0
2024-12-27,N622FB,22,506,1830.4841897233201581,0
2024-12-27,N622FB,23,1015,2021.4532019704433498,0
2024-12-28,N622FB,1,49,1190.8163265306122449,0
2024-12-28,N622FB,2,1324,1767.4848942598187311,1575
2024-12-28,N622FB,3,1039,1630.0769971126082772,0
2024-12-28,N625FB,3,678,1579.3879056047197640,0
2024-12-28,N625FB,4,1424,1817.9248595505617978,1350
2024-12-28,N621FB,5,693,1730.6998556998556999,0
2024-12-28,N625FB,5,358,1753.7011173184357542,0
2024-12-28,N622FB,22,310,1723.5483870967741935,0
2024-12-28,N622FB,23,1294,1637.7511591962905719,1325
2024-12-29,N622FB,0,225,1651.8888888888888889,0
2024-12-29,N622FB,2,1255,1618.6254980079681275,0
2024-12-29,N622FB,3,733,1654.0586630286493861,0
2024-12-29,N625FB,3,690,1621.3405797101449275,0
2024-12-29,N625FB,4,1361,1649.3754592211609111,1400
2024-12-29,N623FB,5,1367,1600.8961228968544257,0
2024-12-29,N625FB,5,132,1714.9621212121212121,0
2024-12-29,N621FB,23,949,1778.1085353003161222,0
2024-12-30,N621FB,0,743,1763.9636608344549125,0
2024-12-30,N621FB,2,1192,1867.9320469798657718,0
2024-12-30,N624FB,2,82,1529.5731707317073171,0
2024-12-30,N621FB,3,749,1907.5433911882510013,0
2024-12-30,N624FB,3,1209,1844.4789081885856079,0
2024-12-30,N624FB,4,1399,1943.2630450321658327,1500
2024-12-30,N623FB,5,1436,1830.2054317548746518,0
2024-12-30,N624FB,5,92,1901.9021739130434783,0
2024-12-30,N621FB,22,1308,1859.6903669724770642,0
2024-12-30,N621FB,23,1462,2027.0690834473324213,1625
2024-12-31,N621FB,0,127,1913.7795275590551181,0
2024-12-31,N621FB,2,1330,1769.0601503759398496,0
2024-12-31,N621FB,3,1062,1879.3314500941619586,0
2024-12-31,N621FB,5,1384,1867.5216763005780347,0
2024-12-31,N622FB,22,209,1719.9760765550239234,0
2024-12-31,N622FB,23,1284,1823.7928348909657321,1525
2025-01-01,N622FB,0,807,1850.3097893432465923,0
2025-01-01,N622FB,1,1308,1854.1093272171253823,1450
2025-01-01,N622FB,2,239,2093.9330543933054393,0
2025-01-01,N621FB,3,501,1687.2754491017964072,0
2025-01-01,N621FB,4,1354,1619.4977843426883309,1400
2025-01-01,N622FB,4,1,0.00000000000000000000,0
2025-01-01,N621FB,5,255,1539.6078431372549020,0
2025-01-01,N622FB,5,1304,1739.7814417177914110,0
2025-01-01,N622FB,23,1220,1721.5573770491803279,0
2025-01-02,N622FB,0,876,1510.0742009132420091,0
2025-01-02,N622FB,2,1324,1710.6873111782477341,0
2025-01-02,N622FB,3,702,1651.9230769230769231,0
2025-01-02,N623FB,3,564,1539.2287234042553191,0
2025-01-02,N623FB,4,1186,1502.5084317032040472,1250
2025-01-02,N621FB,5,1175,1795.6382978723404255,0
2025-01-02,N623FB,5,259,1670.8494208494208494,0
2025-01-02,N622FB,23,1271,1423.5641227380015736,0
2025-01-03,N622FB,0,927,1492.1251348435814455,0
2025-01-03,N622FB,2,1253,1526.1173184357541899,0
2025-01-03,N621FB,3,717,1646.0599721059972106,0
2025-01-03,N622FB,3,1082,1482.9482439926062847,0
2025-01-03,N621FB,4,1317,1743.4130599848139711,1400
2025-01-03,N621FB,5,264,1655.3977272727272727,0
2025-01-03,N622FB,5,1322,1617.4546142208774584,0
2025-01-03,N623FB,23,1341,1687.5838926174496644,0
2025-01-04,N623FB,0,1279,1769.1164972634870993,1425
2025-01-04,N623FB,2,1261,1629.8572561459159397,0
2025-01-04,N623FB,3,899,1715.2113459399332592,0
2025-01-04,N625FB,3,625,1730.5600000000000000,0
2025-01-04,N625FB,4,1372,1736.1151603498542274,1425
2025-01-04,N621FB,5,1345,1748.1412639405204461,0
2025-01-04,N625FB,5,362,1787.9143646408839779,0
2025-01-04,N623FB,23,545,1870.6880733944954128,0
2025-01-05,N623FB,2,1112,1952.7428057553956835,0
2025-01-05,N621FB,3,599,1687.8964941569282137,0
2025-01-05,N623FB,3,951,1800.8412197686645636,0
2025-01-05,N621FB,4,1273,1621.4257659073055774,1400
2025-01-05,N621FB,5,129,1710.2713178294573643,0
2025-01-05,N623FB,5,1297,1607.5558982266769468,0
2025-01-05,N621FB,23,1284,1844.2172897196261682,0
2025-01-06,N621FB,0,938,1795.3091684434968017,0
2025-01-06,N621FB,2,1252,1527.0167731629392971,0
2025-01-06,N621FB,3,931,1496.2137486573576799,0
2025-01-06,N622FB,3,652,1658.9723926380368098,0
2025-01-06,N622FB,4,1253,1679.4293695131683958,1425
2025-01-06,N623FB,4,2,0.00000000000000000000,0
2025-01-06,N622FB,5,267,1610.1123595505617978,0
2025-01-06,N623FB,5,1433,1811.7585484996510816,0
2025-01-06,N625FB,23,1328,1733.8290662650602410,0
2025-01-07,N625FB,0,1157,1746.6724286949006050,0
2025-01-07,N625FB,2,1076,1662.1979553903345725,0
2025-01-07,N623FB,3,699,1926.3233190271816881,0
2025-01-07,N625FB,3,1076,1695.8875464684014870,0
2025-01-07,N623FB,4,1482,1996.2550607287449393,1525
2025-01-07,N622FB,5,1365,2000.8241758241758242,0
2025-01-07,N623FB,5,270,1995.1851851851851852,0
2025-01-07,N621FB,22,153,1855.7189542483660131,0
2025-01-07,N621FB,23,1369,1933.8568298027757487,1550
2025-01-08,N621FB,0,489,1840.9509202453987730,0
2025-01-08,N621FB,2,1376,1818.1322674418604651,1525
2025-01-08,N621FB,3,917,1801.4449291166848419,0
2025-01-08,N623FB,3,696,1902.9454022988505747,0
2025-01-08,N623FB,4,1327,2028.0331574981160512,1725
2025-01-08,N621FB,5,1273,2019.1084053417124902,0
2025-01-08,N623FB,5,174,2038.0747126436781609,0
2025-01-08,N621FB,23,1341,1800.7457121551081283,0
2025-01-09,N621FB,0,880,1792.2443181818181818,0
2025-01-09,N625FB,0,779,2124.7753530166880616,0
2025-01-09,N621FB,1,598,1874.4147157190635452,0
2025-01-09,N625FB,1,184,1989.9456521739130435,0
2025-01-09,N621FB,2,1030,1708.3980582524271845,0
2025-01-09,N621FB,3,757,1741.9088507265521797,0
2025-01-09,N623FB,3,643,1849.8833592534992224,0
2025-01-09,N623FB,4,1419,1758.4390415785764623,1400
2025-01-09,N621FB,5,1474,2758.0732700135685210,0
2025-01-09,N623FB,5,332,2027.1837349397590361,0
2025-01-09,N621FB,22,794,2022.3551637279596977,0
2025-01-09,N621FB,23,1286,1794.5178849144634526,0
2025-01-10,N621FB,2,1192,1620.7005033557046980,0
2025-01-10,N621FB,3,902,1706.7627494456762749,0
2025-01-10,N623FB,3,655,1512.8625954198473282,0
2025-01-10,N623FB,4,1521,1609.5825115055884287,1425
2025-01-10,N621FB,5,1183,1725.1479289940828402,0
2025-01-10,N623FB,5,175,1664.0000000000000000,0
2025-01-10,N621FB,22,1301,1853.8624135280553420,0
2025-01-10,N621FB,23,414,2005.0724637681159420,0
2025-01-11,N621FB,2,1318,1748.1600910470409712,0
2025-01-11,N621FB,3,913,1587.3767798466593647,0
2025-01-11,N622FB,3,628,1305.0557324840764331,0
2025-01-11,N622FB,4,1387,1562.9416005767844268,1350
2025-01-11,N621FB,5,1325,1534.1132075471698113,0
2025-01-11,N622FB,5,207,1647.9468599033816425,0
2025-01-11,N622FB,22,1288,1824.3594720496894410,0
2025-01-11,N622FB,23,1220,1820.0819672131147541,0
2025-01-12,N622FB,2,1093,1809.6065873741994511,0
2025-01-12,N622FB,3,636,2007.9009433962264151,0
2025-01-12,N623FB,3,767,1975.8474576271186441,0
2025-01-12,N623FB,4,1520,1914.4243421052631579,1475
2025-01-12,N621FB,5,1090,1949.7706422018348624,0
2025-01-12,N623FB,5,285,1832.4561403508771930,0
2025-01-12,N623FB,23,1197,1745.4469507101086048,0
2025-01-13,N623FB,0,1180,1703.3262711864406780,1400
2025-01-13,N623FB,1,136,1865.4411764705882353,0
2025-01-13,N623FB,2,1360,1820.3308823529411765,0
2025-01-13,N623FB,3,968,1650.6198347107438017,0
2025-01-13,N622FB,4,1,0.00000000000000000000,0
2025-01-13,N622FB,5,1220,1972.1926229508196721,0
2025-01-13,N622FB,23,866,1492.4076212471131640,0
2025-01-14,N622FB,0,940,1587.3670212765957447,0
2025-01-14,N622FB,2,1162,1801.5060240963855422,0
2025-01-14,N621FB,3,703,1788.4068278805120910,0
2025-01-14,N622FB,3,1098,1621.3342440801457195,0
2025-01-14,N621FB,4,1427,1659.3377715487035739,1350
2025-01-14,N621FB,5,200,1601.1250000000000000,0
2025-01-14,N623FB,5,1090,1681.3302752293577982,0
2025-01-15,N622FB,4,1059,1581.9405099150141643,0
2025-01-15,N623FB,4,1,0.00000000000000000000,0
2025-01-15,N622FB,5,414,1433.7560386473429952,0
2025-01-15,N623FB,5,1343,1687.0253164556962025,0
2025-01-15,N622FB,23,1147,1614.8648648648648649,1150
2025-01-16,N622FB,0,687,1622.1251819505094614,0
2025-01-16,N622FB,2,1070,1476.0514018691588785,1250
2025-01-16,N622FB,3,1151,1461.6854908774978280,0
2025-01-16,N623FB,3,670,1593.5820895522388060,0
2025-01-16,N623FB,4,1324,1681.4388217522658610,1375
2025-01-16,N622FB,5,1111,1712.1287128712871287,0
2025-01-16,N623FB,5,138,1655.4347826086956522,0
2025-01-16,N622FB,23,826,1852.8450363196125908,0
2025-01-17,N622FB,0,793,1678.2471626733921816,0
2025-01-17,N622FB,2,1245,1833.8152610441767068,0
2025-01-17,N621FB,3,582,1832.9467353951890034,0
2025-01-17,N622FB,3,873,1853.8087056128293242,0
2025-01-17,N621FB,4,1459,1689.4790952707333790,1450
2025-01-17,N621FB,5,330,1629.8484848484848485,0
2025-01-17,N623FB,5,1239,1779.2372881355932203,0
2025-01-17,N621FB,22,54,1665.2777777777777778,0
2025-01-17,N621FB,23,1416,1835.7521186440677966,1400
2025-01-18,N621FB,0,539,1785.1113172541743970,0
2025-01-18,N621FB,1,400,1980.9375000000000000,0
2025-01-18,N621FB,2,1404,1719.9074074074074074,1325
2025-01-18,N621FB,3,381,1561.4173228346456693,0
2025-01-18,N623FB,3,1200,1622.1250000000000000,0
2025-01-18,N623FB,4,1443,1663.0284130284130284,1350
2025-01-18,N623FB,5,155,1712.0967741935483871,0
2025-01-18,N625FB,5,1374,1756.5684133915574964,0
2025-01-18,N621FB,23,1156,1784.9264705882352941,0
2025-01-19,N621FB,0,628,1559.8328025477707006,0
2025-01-19,N621FB,2,1297,1660.7555898226676947,0
2025-01-19,N621FB,3,1102,1597.1188747731397459,0
2025-01-19,N625FB,3,579,1528.0656303972366149,0
2025-01-19,N625FB,4,1396,1564.8818051575931232,1250
2025-01-19,N622FB,5,1170,1586.4529914529914530,0
2025-01-19,N625FB,5,492,1517.4288617886178862,0
2025-01-19,N623FB,23,1211,1858.9388934764657308,0
2025-01-20,N623FB,0,1006,1638.3449304174950298,0
2025-01-20,N623FB,2,1162,1669.7074010327022375,0
2025-01-20,N623FB,3,1305,1750.9961685823754789,0
2025-01-20,N621FB,5,1403,1901.7640769779044904,0
2025-01-20,N622FB,23,1290,1591.9961240310077519,0
2025-01-21,N622FB,0,576,1599.2621527777777778,0
2025-01-21,N622FB,2,1397,1442.4838940586972083,0
2025-01-21,N622FB,3,1193,1323.0930427493713328,1000
2025-01-21,N623FB,3,668,1434.4685628742514970,0
2025-01-21,N622FB,4,16,1056.2500000000000000,0
2025-01-21,N623FB,4,1379,1439.7751994198694706,1100
2025-01-21,N621FB,5,1208,1679.9461920529801325,0
2025-01-21,N623FB,5,579,1385.2763385146804836,0
2025-01-21,N622FB,23,1361,1458.2659808963997061,0
2025-01-22,N622FB,0,905,1340.5801104972375691,1050
2025-01-22,N621FB,1,266,2581.3909774436090226,0
2025-01-22,N621FB,2,221,6676.9230769230769231,4150
2025-01-22,N622FB,2,901,1359.1009988901220866,1100
2025-01-22,N621FB,3,343,3852.6239067055393586,0
2025-01-22,N622FB,3,1105,1259.7285067873303167,0
2025-01-22,N625FB,3,635,1362.1653543307086614,0
2025-01-22,N625FB,4,1353,1509.7930524759793052,1175
2025-01-22,N621FB,5,1355,1704.6678966789667897,0
2025-01-22,N625FB,5,157,1522.2929936305732484,0
2025-01-22,N625FB,22,111,1597.7477477477477477,1325
2025-01-22,N625FB,23,1365,1491.6300366300366300,1050
2025-01-23,N625FB,0,802,1594.5760598503740648,0
2025-01-23,N621FB,1,326,1893.9417177914110429,0
2025-01-23,N625FB,1,56,1564.2857142857142857,0
2025-01-23,N621FB,2,1045,2355.5263157894736842,0
2025-01-23,N625FB,2,1248,1639.8036858974358974,1350
2025-01-23,N621FB,3,77,1474.6753246753246753,0
2025-01-23,N625FB,3,881,1574.3757094211123723,0
2025-01-23,N621FB,4,703,1571.0170697012802276,0
2025-01-23,N621FB,5,1369,1771.8407596785975164,1250
2025-01-23,N625FB,23,993,1561.4048338368580060,0
2025-01-24,N625FB,0,1278,1528.1103286384976526,1175
2025-01-24,N625FB,1,39,1234.6153846153846154,0
2025-01-24,N625FB,2,1239,1404.6206618240516546,0
2025-01-24,N621FB,3,573,1442.4956369982547993,0
2025-01-24,N625FB,3,1001,1338.6113886113886114,0
2025-01-24,N621FB,4,1386,1476.4069264069264069,1100
2025-01-24,N621FB,5,205,1451.9512195121951220,0
2025-01-24,N625FB,5,1195,1406.0041841004184100,0
2025-01-24,N623FB,22,909,1814.0264026402640264,0
2025-01-24,N623FB,23,619,2097.0516962843295638,0
2025-01-25,N623FB,0,1132,1814.6643109540636042,0
2025-01-25,N622FB,1,212,1947.2877358490566038,0
2025-01-25,N622FB,2,310,4232.9838709677419355,2250
2025-01-25,N622FB,3,403,3910.7940446650124069,0
2025-01-25,N625FB,3,638,1882.7194357366771160,0
2025-01-25,N625FB,4,1397,1870.9198282032927702,1500
2025-01-25,N621FB,5,1282,1858.9118564742589704,0
2025-01-25,N625FB,5,178,1738.7640449438202247,0
2025-01-25,N625FB,23,1347,1798.0883444691907944,1525
2025-01-26,N625FB,0,1455,1736.3573883161512027,0
2025-01-26,N625FB,2,1341,1734.3027591349739001,1400
2025-01-26,N622FB,3,635,1913.3464566929133858,0
2025-01-26,N625FB,3,1600,2110.1406250000000000,1550
2025-01-26,N621FB,4,2,0.00000000000000000000,0
2025-01-26,N622FB,4,1536,2108.2031250000000000,1550
2025-01-26,N625FB,4,495,1892.4747474747474747,0
2025-01-26,N621FB,5,1291,2202.1494965143299768,1475
2025-01-26,N622FB,5,409,1878.9731051344743276,0
2025-01-26,N621FB,23,609,1937.6026272577996716,0
2025-01-27,N621FB,0,1211,1760.2394715111478117,0
2025-01-27,N621FB,2,1224,1756.2091503267973856,0
2025-01-27,N621FB,3,917,1688.0588876772082879,0
2025-01-27,N623FB,3,747,1947.4564926372155288,0
2025-01-27,N623FB,4,1605,1722.3364485981308411,1475
2025-01-27,N621FB,5,1384,1740.3721098265895954,0
2025-01-27,N623FB,5,378,1715.0793650793650794,0
2025-01-27,N622FB,22,1341,1809.8247576435495899,0
2025-01-28,N622FB,2,1261,1804.7581284694686757,0
2025-01-28,N622FB,3,777,1828.0244530244530245,0
2025-01-28,N625FB,3,616,1845.4951298701298701,0
2025-01-28,N625FB,4,1494,1711.9979919678714859,1475
2025-01-28,N622FB,5,1300,1721.3269230769230769,0
2025-01-28,N625FB,5,278,1805.4856115107913669,0
2025-01-28,N621FB,23,1040,1841.8990384615384615,0
2025-01-29,N621FB,0,1565,1773.8338658146964856,1500
2025-01-29,N621FB,1,64,1711.3281250000000000,0
2025-01-29,N621FB,2,1045,1940.6459330143540670,0
2025-01-29,N621FB,3,1262,2051.3272583201267829,1550
2025-01-29,N622FB,3,62,1837.0967741935483871,0
2025-01-29,N621FB,4,203,1983.4975369458128079,0
2025-01-29,N622FB,4,1210,1757.5000000000000000,1475
2025-01-29,N621FB,5,1245,1867.6104417670682731,0
2025-01-29,N622FB,5,222,1767.6801801801801802,0
2025-01-29,N625FB,23,93,1863.1720430107526882,0
2025-01-30,N621FB,0,326,1657.1319018404907975,0
2025-01-30,N625FB,0,1069,1644.6913002806361085,0
2025-01-30,N621FB,1,520,1620.6730769230769231,1500
2025-01-30,N621FB,2,655,1645.4580152671755725,0
2025-01-30,N625FB,2,1177,1834.1758708581138488,0
2025-01-30,N622FB,3,554,1758.2581227436823105,0
2025-01-30,N625FB,3,1183,1623.5629754860524091,0
2025-01-30,N622FB,4,1451,1580.9958649207443143,1375
2025-01-30,N622FB,5,322,1574.9223602484472050,0
2025-01-30,N623FB,5,1308,1726.3570336391437309,0
2025-01-30,N621FB,22,38,1582.8947368421052632,0
2025-01-30,N621FB,23,1420,1716.8133802816901408,1300
2025-01-31,N621FB,0,509,1535.4125736738703340,0
2025-01-31,N621FB,2,1272,1754.7366352201257862,0
2025-01-31,N621FB,3,575,1786.7391304347826087,0
2025-01-31,N623FB,3,715,1522.9370629370629371,0
2025-01-31,N623FB,4,1395,1568.9784946236559140,1275
2025-01-31,N621FB,5,1160,1667.1767241379310345,0
2025-01-31,N623FB,5,234,1746.1538461538461538,0
2025-01-31,N621FB,23,1275,1725.5882352941176471,0
2025-02-01,N621FB,0,811,1669.5437731196054254,0
2025-02-01,N621FB,2,1284,1650.0389408099688474,0
2025-02-01,N621FB,3,1057,1600.9460737937559130,0
2025-02-01,N623FB,3,708,1700.1059322033898305,0
2025-02-01,N623FB,4,1360,1606.1580882352941176,0
2025-02-01,N621FB,5,1286,1473.0365474339035770,0
2025-02-01,N623FB,5,221,1615.1583710407239819,0
2025-02-01,N622FB,23,1399,1803.5025017869907076,0
2025-02-02,N622FB,0,1475,1855.8135593220338983,0
2025-02-02,N622FB,1,541,1635.5822550831792976,0
2025-02-02,N623FB,1,1021,1695.9108716944172380,0
2025-02-02,N622FB,2,452,1974.7234513274336283,0
2025-02-02,N623FB,2,12,920.8333333333333333,0
2025-02-02,N622FB,3,884,1818.6934389140271493,0
2025-02-02,N623FB,3,707,1695.9335219236209335,0
2025-02-02,N623FB,4,1503,1951.0645375914836993,1450
2025-02-02,N622FB,5,1270,1909.6062992125984252,0
2025-02-02,N623FB,5,557,1661.6696588868940754,0
2025-02-02,N623FB,23,1086,1630.9852670349907919,0
2025-02-03,N623FB,0,1052,1627.7804182509505703,0
2025-02-03,N623FB,2,1094,1712.0886654478976234,0
2025-02-03,N622FB,3,631,1815.7290015847860539,0
2025-02-03,N623FB,3,1529,1675.3597122302158273,0
2025-02-03,N622FB,4,1671,1859.1412327947336924,1650
2025-02-03,N621FB,5,1526,2084.5674967234600262,0
2025-02-03,N622FB,5,642,1656.4252336448598131,0
2025-02-03,N622FB,22,292,1858.9897260273972603,0
2025-02-03,N622FB,23,1617,1846.4594928880643166,1650
2025-02-04,N622FB,0,1262,1901.0499207606973059,0
2025-02-04,N622FB,2,836,1890.8193779904306220,0
2025-02-04,N621FB,3,639,1698.5133020344287950,0
2025-02-04,N622FB,3,1206,1718.5530679933665008,0
2025-02-04,N621FB,4,1660,1778.1777108433734940,1625
2025-02-04,N621FB,5,563,1790.7193605683836590,0
2025-02-04,N623FB,5,1434,1980.4044630404463040,0
2025-02-04,N622FB,23,1190,1757.8781512605042017,1500
2025-02-05,N622FB,0,183,1748.0874316939890710,1525
2025-02-05,N622FB,2,1237,1801.2530315278900566,1500
2025-02-05,N622FB,3,735,1792.8911564625850340,0
2025-02-05,N623FB,3,567,1793.8712522045855379,0
2025-02-05,N623FB,4,1381,1680.9015206372194062,1400
2025-02-05,N622FB,5,1103,1725.1586582048957389,0
2025-02-05,N623FB,5,608,1611.5131578947368421,0
2025-02-05,N622FB,23,654,1908.7920489296636086,0
2025-02-06,N622FB,0,776,1799.9355670103092784,0
2025-02-06,N622FB,2,1098,1836.7714025500910747,0
2025-02-06,N622FB,3,989,1803.7664307381193124,0
2025-02-06,N623FB,3,756,1728.0423280423280423,0
2025-02-06,N623FB,4,1412,1733.5162889518413598,1475
2025-02-06,N622FB,5,1360,2081.8566176470588235,0
2025-02-06,N623FB,5,115,1817.1739130434782609,0
2025-02-06,N622FB,22,52,1730.7692307692307692,0
2025-02-06,N622FB,23,1527,1818.8605108055009823,1550
2025-02-07,N622FB,0,436,2051.2041284403669725,0
2025-02-07,N622FB,1,719,1882.4756606397774687,0
2025-02-07,N622FB,2,1157,1652.4848746758859118,0
2025-02-07,N623FB,3,488,1715.4200819672131148,0
2025-02-07,N623FB,4,1501,1686.2591605596269154,1450
2025-02-07,N622FB,5,1322,1842.9462934947049924,0
2025-02-07,N623FB,5,698,1815.9742120343839542,0
2025-02-07,N623FB,22,137,1856.3868613138686131,0
2025-02-07,N623FB,23,1317,1899.0129081245254366,1475
2025-02-08,N623FB,0,262,1984.9236641221374046,0
2025-02-08,N621FB,3,774,1673.8372093023255814,0
2025-02-08,N621FB,4,1514,1695.5416116248348745,1450
2025-02-08,N621FB,5,361,1895.7756232686980609,0
2025-02-08,N623FB,5,1423,2022.8390723822909346,0
2025-02-08,N622FB,23,1314,1941.3622526636225266,0
2025-02-09,N622FB,0,489,1618.3537832310838446,0
2025-02-09,N622FB,2,1178,1849.5118845500848896,0
2025-02-09,N621FB,3,619,1861.8739903069466882,0
2025-02-09,N622FB,3,948,1656.7246835443037975,0
2025-02-09,N621FB,4,1364,1902.0527859237536657,1700
2025-02-09,N621FB,5,565,1854.8230088495575221,0
2025-02-09,N623FB,5,1370,2078.7226277372262774,0
2025-02-09,N623FB,23,1194,1794.7236180904522613,0
2025-02-10,N623FB,0,703,1839.9715504978662873,0
2025-02-10,N623FB,2,1289,1886.5981380915438324,0
2025-02-10,N623FB,3,982,1852.8767820773930754,0
2025-02-10,N625FB,3,522,1648.4674329501915709,0
2025-02-10,N625FB,4,1265,1722.1541501976284585,1300
2025-02-10,N623FB,5,1310,1987.4809160305343511,0
2025-02-10,N625FB,5,219,1747.9452054794520548,0
2025-02-10,N622FB,23,1170,1762.0726495726495726,0
2025-02-11,N622FB,0,752,1821.7752659574468085,0
2025-02-11,N622FB,2,1294,1920.7109737248840804,0
2025-02-11,N621FB,3,530,2066.5566037735849057,0
2025-02-11,N622FB,3,1058,1980.3638941398865784,0
2025-02-11,N621FB,4,1463,1983.0485304169514696,1600
2025-02-11,N621FB,5,209,1885.4066985645933014,0
2025-02-11,N623FB,5,1346,2149.2013372956909361,0
2025-02-11,N622FB,23,652,2114.0720858895705521,0
2025-02-12,N622FB,0,540,2138.1944444444444444,0
2025-02-12,N622FB,2,740,2049.9324324324324324,0
2025-02-12,N622FB,3,990,2131.5151515151515152,0
2025-02-12,N623FB,3,545,2068.6238532110091743,0
2025-02-12,N623FB,4,1599,1924.5465916197623515,1725
2025-02-12,N622FB,5,1202,2350.3743760399334443,0
2025-02-12,N623FB,5,285,1979.0350877192982456,0
2025-02-12,N621FB,23,1278,2031.2989045383411581,0
2025-02-13,N621FB,0,957,1902.2204806687565308,0
2025-02-13,N621FB,1,742,1884.2654986522911051,0
2025-02-13,N621FB,2,205,2035.2439024390243902,0
2025-02-13,N621FB,3,1053,1894.8480531813865147,0
2025-02-13,N623FB,3,608,1773.2319078947368421,0
2025-02-13,N623FB,4,1602,1840.6523096129837703,1650
2025-02-13,N622FB,5,1244,1915.9364951768488746,0
2025-02-13,N623FB,5,470,1724.3617021276595745,0
2025-02-13,N624FB,22,2,662.5000000000000000,0
2025-02-13,N623FB,23,953,1835.0209863588667366,0
2025-02-14,N623FB,0,609,1813.1773399014778325,0
2025-02-14,N623FB,1,33,1656.8181818181818182,0
2025-02-14,N623FB,2,1292,1736.6679566563467492,1300
2025-02-14,N621FB,3,706,1810.8002832861189802,0
2025-02-14,N623FB,3,1459,1686.8060315284441398,0
2025-02-14,N621FB,4,1390,1813.2553956834532374,0
2025-02-14,N621FB,5,197,1825.0000000000000000,0
2025-02-14,N622FB,5,1369,1702.6479181884587290,0
2025-02-14,N622FB,23,1316,1808.7386018237082067,0
2025-02-15,N622FB,0,541,1989.4177449168207024,0
2025-02-15,N622FB,2,1026,1845.5653021442495127,0
2025-02-15,N621FB,3,577,1842.9809358752166378,0
2025-02-15,N622FB,3,1126,1842.7397868561278863,0
2025-02-15,N621FB,4,1541,1815.5905256327060350,1450
2025-02-15,N621FB,5,292,1936.2157534246575342,0
2025-02-15,N622FB,5,1100,1912.0227272727272727,0
2025-02-15,N622FB,23,1290,1725.3294573643410853,0
2025-02-16,N622FB,0,473,2069.9788583509513742,0
2025-02-16,N622FB,2,1378,2820.6458635703918723,0
2025-02-16,N622FB,3,992,2284.2993951612903226,0
2025-02-16,N623FB,3,587,1604.2589437819420784,0
2025-02-16,N623FB,4,1396,1627.0952722063037249,1175
2025-02-16,N622FB,5,1278,1672.4765258215962441,0
2025-02-16,N623FB,5,162,1604.4753086419753086,0
2025-02-16,N622FB,23,1272,1702.1619496855345912,0
2025-02-17,N622FB,0,857,1592.7362893815635939,0
2025-02-17,N622FB,2,1205,1720.7053941908713693,0
2025-02-17,N621FB,3,74,1883.4459459459459459,0
2025-02-17,N622FB,3,1042,1673.5604606525911708,0
2025-02-17,N621FB,4,1082,1696.9963031423290203,1450
2025-02-17,N621FB,5,208,1818.2692307692307692,0
2025-02-17,N622FB,5,1369,1980.2227903579254931,0
2025-02-17,N622FB,23,1211,1852.6011560693641618,0
2025-02-18,N622FB,0,475,1887.2105263157894737,0
2025-02-18,N621FB,1,1,0.00000000000000000000,0
2025-02-18,N622FB,1,816,1581.5870098039215686,1325
2025-02-18,N621FB,2,959,1965.9280500521376434,0
2025-02-18,N622FB,2,873,1875.5727376861397480,1500
2025-02-18,N621FB,3,508,2023.2775590551181102,0
2025-02-18,N622FB,3,36,1501.3888888888888889,0
2025-02-18,N623FB,3,357,1830.6722689075630252,0
2025-02-18,N623FB,4,1339,1802.1471247199402539,1550
2025-02-18,N621FB,5,1148,1872.2343205574912892,0
2025-02-18,N623FB,5,239,1965.8995815899581590,0
2025-02-18,N623FB,22,1088,1863.1893382352941176,0
2025-02-18,N623FB,23,1036,1800.4102316602316602,0
2025-02-19,N623FB,2,1279,1810.2619233776387803,0
2025-02-19,N623FB,3,1049,2380.9103908484270734,0
2025-02-19,N624FB,3,500,1807.3500000000000000,0
2025-02-19,N624FB,4,1525,1799.9836065573770492,1475
2025-02-19,N622FB,5,1044,2002.6819923371647510,0
2025-02-19,N624FB,5,418,1638.6961722488038278,0
2025-02-19,N624FB,22,696,1919.0373563218390805,0
2025-02-20,N624FB,1,33,1674.2424242424242424,0
2025-02-20,N624FB,2,1299,1942.8598922247882987,1500
2025-02-20,N623FB,3,758,1830.0461741424802111,0
2025-02-20,N624FB,3,796,1768.2474874371859296,0
2025-02-20,N623FB,4,1544,1700.1943005181347150,1500
2025-02-20,N622FB,5,1415,1798.3215547703180212,0
2025-02-20,N623FB,5,208,1705.0480769230769231,0
2025-02-20,N622FB,23,1424,1941.5730337078651685,0
2025-02-21,N622FB,0,609,2065.0246305418719212,0
2025-02-21,N622FB,1,33,1740.9090909090909091,0
2025-02-21,N622FB,2,1369,1996.1102994886778671,1600
2025-02-21,N622FB,3,1270,1769.0748031496062992,0
2025-02-21,N623FB,3,601,1842.2628951747088186,0
2025-02-21,N623FB,4,1585,1867.3659305993690852,1525
2025-02-21,N623FB,5,260,1805.2884615384615385,0
2025-02-21,N624FB,5,1537,2190.6310995445673390,0
2025-02-22,N621FB,2,1173,1764.6206308610400682,0
2025-02-22,N621FB,3,893,1914.6696528555431131,0
2025-02-22,N623FB,3,651,1851.8433179723502304,0
2025-02-22,N623FB,4,1434,1855.0209205020920502,1525
2025-02-22,N623FB,5,398,1756.2185929648241206,0
2025-02-22,N624FB,5,1392,1887.5000000000000000,0
2025-02-23,N622FB,2,1050,1653.5952380952380952,0
2025-02-23,N622FB,3,1013,1639.5853899308983218,0
2025-02-23,N623FB,3,744,1592.9771505376344086,0
2025-02-23,N623FB,4,1318,1668.7974203338391502,1300
2025-02-23,N623FB,5,438,1748.0593607305936073,0
2025-02-23,N624FB,5,1307,1844.2616679418515685,0
2025-02-23,N624FB,23,119,1690.7563025210084034,0
2025-02-24,N624FB,2,1350,1681.5925925925925926,0
2025-02-24,N624FB,3,918,1699.9183006535947712,0
2025-02-24,N624FB,5,1292,1665.1122291021671827,0
2025-02-24,N622FB,23,1223,1898.8961569910057236,0
2025-02-25,N622FB,0,1245,1781.3654618473895582,0
2025-02-25,N622FB,2,1327,1680.8025621703089676,0
2025-02-25,N622FB,3,986,1819.0669371196754564,0
2025-02-25,N624FB,3,645,1878.7596899224806202,0
2025-02-25,N624FB,4,1408,1775.2130681818181818,1500
2025-02-25,N621FB,5,1186,1836.6568296795952782,0
2025-02-25,N624FB,5,73,1755.1369863013698630,0
2025-02-25,N624FB,23,1353,1805.5801921655580192,0
2025-02-26,N624FB,0,1432,1806.9483240223463687,0
2025-02-26,N624FB,2,1440,1971.5798611111111111,0
2025-02-26,N624FB,3,987,1973.4295845997973658,0
2025-02-26,N624FB,4,7,1096.4285714285714286,0
2025-02-26,N624FB,5,1265,2233.7154150197628458,0
2025-02-26,N622FB,22,92,1997.2826086956521739,1650
2025-02-26,N622FB,23,220,1842.9545454545454545,0
2025-02-26,N624FB,23,1211,1734.9298100743187448,1475
2025-02-27,N622FB,0,344,1850.2180232558139535,0
2025-02-27,N624FB,0,617,1959.5623987034035656,1525
2025-02-27,N622FB,1,180,1872.2222222222222222,0
2025-02-27,N622FB,2,64,1889.4531250000000000,1700
2025-02-27,N624FB,2,1058,1744.0453686200378072,0
2025-02-27,N622FB,3,190,1818.8157894736842105,1700
2025-02-27,N624FB,3,693,1951.9841269841269841,0
2025-02-27,N622FB,4,94,1842.0212765957446809,0
2025-02-27,N624FB,4,1489,1824.1605104096709201,1525
2025-02-27,N624FB,5,62,1760.4838709677419355,0
2025-02-27,N624FB,22,686,1789.8688046647230321,0
2025-02-28,N624FB,2,1282,1994.0717628705148206,0
2025-02-28,N623FB,3,676,2055.6952662721893491,0
2025-02-28,N624FB,3,1262,1929.0610142630744849,0
2025-02-28,N623FB,4,1622,2059.3094944512946979,1525
2025-02-28,N623FB,5,235,1826.9148936170212766,0
2025-02-28,N624FB,5,1353,1886.0310421286031042,0
2025-02-28,N624FB,23,1499,2008.7224816544362909,0
2025-03-01,N624FB,0,786,1951.5903307888040712,0
2025-03-01,N624FB,2,1222,1922.8109656301145663,0
2025-03-01,N622FB,3,628,1779.2993630573248408,0
2025-03-01,N624FB,3,821,1878.1973203410475030,0
2025-03-01,N622FB,4,1470,1781.4625850340136054,1450
2025-03-01,N622FB,5,438,1772.0890410958904110,0
2025-03-01,N624FB,5,1400,1960.9642857142857143,0
2025-03-02,N624FB,2,1079,1996.8721037998146432,0
2025-03-02,N624FB,3,541,1711.2292051756007394,0
2025-03-02,N624FB,5,1228,1884.7516286644951140,0
2025-03-02,N623FB,22,785,1939.1719745222929936,0
2025-03-03,N623FB,0,571,1959.9387040280210158,0
2025-03-03,N623FB,1,333,1870.6456456456456456,0
2025-03-03,N623FB,2,523,2128.0592734225621415,0
2025-03-03,N622FB,3,477,1783.0188679245283019,0
2025-03-03,N623FB,3,1174,2003.1516183986371380,0
2025-03-03,N622FB,4,1115,1860.5381165919282511,1550
2025-03-03,N624FB,4,1,0.00000000000000000000,0
2025-03-03,N624FB,5,1278,1996.7918622848200313,0
2025-03-03,N623FB,23,1283,1812.2564302416212003,0
2025-03-04,N623FB,0,897,1730.9921962095875139,0
2025-03-04,N623FB,1,182,1815.1098901098901099,0
2025-03-04,N623FB,2,978,1927.3006134969325153,0
2025-03-04,N621FB,3,790,1700.9177215189873418,0
2025-03-04,N623FB,3,1369,1957.7794010226442659,0
2025-03-04,N621FB,4,1314,1883.8470319634703196,1575
2025-03-04,N623FB,4,35,1731.4285714285714286,0
2025-03-04,N621FB,5,245,1961.1224489795918367,0
2025-03-04,N623FB,5,1364,2308.7609970674486804,1650
2025-03-04,N623FB,23,1096,1692.4726277372262774,0
2025-03-05,N623FB,0,713,1670.1612903225806452,0
2025-03-05,N623FB,2,1390,1580.1258992805755396,0
2025-03-05,N622FB,3,688,1675.4723837209302326,0
2025-03-05,N623FB,3,671,1722.9508196721311475,0
2025-03-05,N622FB,4,1540,1690.8766233766233766,1375
2025-03-05,N623FB,4,6,1120.8333333333333333,0
2025-03-05,N622FB,5,66,1648.8636363636363636,0
2025-03-05,N623FB,5,1422,1992.9852320675105485,1450
2025-03-05,N623FB,23,1092,2005.9752747252747253,0
2025-03-06,N623FB,0,736,2001.8682065217391304,0
2025-03-06,N623FB,1,871,2113.9207807118254879,0
2025-03-06,N623FB,2,1382,2092.5289435600578871,1700
2025-03-06,N622FB,3,599,1936.6026711185308848,0
2025-03-06,N623FB,3,627,2002.5518341307814992,0
2025-03-06,N622FB,4,1600,1959.1093750000000000,1750
2025-03-06,N622FB,5,429,2060.8391608391608392,0
2025-03-06,N623FB,5,1262,2075.6537242472266244,0
2025-03-06,N622FB,22,203,2111.0837438423645320,0
2025-03-06,N622FB,23,1520,2091.9407894736842105,1700
2025-03-07,N622FB,0,485,2213.6082474226804124,0
2025-03-07,N622FB,1,2,787.5000000000000000,0
2025-03-07,N622FB,2,1352,2018.3062130177514793,1575
2025-03-07,N622FB,3,476,2102.6260504201680672,0
2025-03-07,N623FB,3,745,1901.0067114093959732,0
2025-03-07,N623FB,4,1352,1978.6982248520710059,1475
2025-03-07,N623FB,5,357,2057.3529411764705882,0
2025-03-07,N624FB,5,1287,1969.2696192696192696,0
2025-03-08,N623FB,2,1022,1882.9256360078277886,0
2025-03-08,N622FB,3,440,1658.6931818181818182,0
2025-03-08,N623FB,3,983,1956.3580874872838250,0
2025-03-08,N622FB,4,1303,1704.9884881043745203,1450
2025-03-08,N622FB,5,177,1733.1920903954802260,0
2025-03-08,N623FB,5,1496,1747.8609625668449198,0
2025-03-08,N624FB,23,1140,1621.0087719298245614,0
2025-03-09,N624FB,0,1140,1611.7763157894736842,0
2025-03-09,N624FB,2,1328,1504.1792168674698795,0
2025-03-09,N623FB,3,664,1632.4171686746987952,0
2025-03-09,N624FB,3,1036,1587.3069498069498069,0
2025-03-09,N623FB,4,1450,1622.3620689655172414,1225
2025-03-09,N622FB,5,1391,1716.8583752695902229,0
2025-03-09,N623FB,5,255,1685.8823529411764706,0
2025-03-10,N624FB,3,704,1729.9005681818181818,0
2025-03-10,N623FB,4,2,0.00000000000000000000,0
2025-03-10,N624FB,4,1451,1780.5134390075809786,1425
2025-03-10,N623FB,5,1551,1672.8401031592520954,1325
2025-03-10,N624FB,5,64,1639.0625000000000000,0
2025-03-10,N623FB,23,1056,1784.1382575757575758,0
2025-03-11,N623FB,0,1146,1791.7102966841186736,0
2025-03-11,N623FB,2,847,1840.9976387249114522,0
2025-03-11,N622FB,3,748,2178.6096256684491979,0
2025-03-11,N623FB,3,1013,2048.4205330700888450,0
2025-03-11,N622FB,4,1558,2143.0198973042362003,1800
2025-03-11,N621FB,5,1294,2053.7673879443585781,0
2025-03-11,N622FB,5,133,2064.0977443609022556,0
2025-03-11,N623FB,23,1386,2023.9538239538239538,0
2025-03-12,N623FB,0,1295,1883.8030888030888031,0
2025-03-12,N623FB,2,1107,1774.7289972899728997,0
2025-03-12,N622FB,3,609,1834.2775041050903120,0
2025-03-12,N623FB,3,950,1807.7631578947368421,0
2025-03-12,N622FB,4,1568,1868.3992346938775510,1650
2025-03-12,N621FB,5,1418,2025.5641748942172073,0
2025-03-12,N622FB,5,438,1879.7945205479452055,0
2025-03-12,N623FB,22,187,1837.8342245989304813,0
2025-03-12,N623FB,23,1516,1818.0244063324538259,1500
2025-03-13,N623FB,0,736,1745.2105978260869565,0
2025-03-13,N623FB,1,583,1879.6740994854202401,0
2025-03-13,N623FB,2,1447,1836.6447823082239115,1500
2025-03-13,N622FB,3,874,1686.1270022883295195,0
2025-03-13,N623FB,3,814,1594.8095823095823096,0
2025-03-13,N622FB,4,1608,1621.8750000000000000,1375
2025-03-13,N621FB,5,1172,1836.6040955631399317,0
2025-03-13,N622FB,5,211,1745.1421800947867299,0
2025-03-14,N623FB,2,1379,1892.6758520667150109,0
2025-03-14,N622FB,3,697,1988.3787661406025825,0
2025-03-14,N623FB,3,643,1947.9393468118195956,0
2025-03-14,N622FB,4,1348,1883.9391691394658754,1575
2025-03-14,N621FB,5,1397,1856.8897637795275591,0
2025-03-14,N622FB,5,237,1907.2784810126582278,0
2025-03-14,N621FB,22,881,1993.8422247446083995,0
2025-03-15,N621FB,2,970,1855.3865979381443299,0
2025-03-15,N621FB,3,1143,1989.0638670166229221,0
2025-03-15,N624FB,3,718,2014.9373259052924791,0
2025-03-15,N624FB,4,1477,1981.0426540284360190,1625
2025-03-15,N621FB,5,1276,2003.5266457680250784,0
2025-03-15,N624FB,5,199,2011.3065326633165829,0
2025-03-15,N621FB,23,618,2022.2896440129449838,0
2025-03-16,N621FB,0,166,1770.3313253012048193,0
2025-03-16,N621FB,1,221,1994.7963800904977376,0
2025-03-16,N621FB,2,1368,1913.7061403508771930,1375
2025-03-16,N621FB,3,391,1839.0664961636828645,0
2025-03-16,N624FB,3,452,1682.2455752212389381,0
2025-03-16,N621FB,4,45,1715.5555555555555556,0
2025-03-16,N624FB,4,1461,1711.2936344969199179,1400
2025-03-16,N621FB,5,1501,1714.7068620919387075,1425
2025-03-16,N624FB,5,187,1615.3743315508021390,0
2025-03-16,N623FB,23,1366,1704.0263543191800878,0
2025-03-17,N621FB,0,449,1927.6169265033407572,1300
2025-03-17,N623FB,0,680,1586.3602941176470588,0
2025-03-17,N624FB,0,452,1912.5000000000000000,0
2025-03-17,N621FB,1,777,2270.2380952380952381,0
2025-03-17,N624FB,1,799,2230.6946182728410513,0
2025-03-17,N623FB,2,1247,1730.5533279871692061,0
2025-03-17,N623FB,3,1058,1581.6398865784499055,0
2025-03-17,N624FB,3,711,1817.0182841068917018,0
2025-03-17,N624FB,4,1420,1701.0915492957746479,1425
2025-03-17,N621FB,5,1282,1854.1536661466458658,0
2025-03-17,N624FB,5,229,1721.7248908296943231,0
2025-03-17,N622FB,23,1009,1886.9425173439048563,0
2025-03-17,N623FB,23,301,2002.4916943521594684,0
2025-03-18,N622FB,0,877,1954.9030786773090080,0
2025-03-18,N622FB,2,1405,1889.4483985765124555,0
2025-03-18,N621FB,3,693,1819.1197691197691198,0
2025-03-18,N622FB,3,1010,1936.2376237623762376,0
2025-03-18,N621FB,4,1308,1874.1016819571865443,0
2025-03-18,N622FB,5,1399,1859.5067905646890636,0
2025-03-18,N622FB,23,1244,1861.3143086816720257,0
2025-03-19,N622FB,0,1064,1851.6917293233082707,0
2025-03-19,N622FB,2,1265,1647.9051383399209486,0
2025-03-19,N622FB,3,946,1505.3911205073995772,0
2025-03-19,N623FB,3,627,1593.3811802232854864,0
2025-03-19,N623FB,4,1472,1593.3423913043478261,1275
2025-03-19,N622FB,5,1211,1786.2716763005780347,0
2025-03-19,N623FB,5,158,1729.5886075949367089,1250
2025-03-19,N623FB,23,947,1687.3284054910242872,0
2025-03-20,N623FB,0,1137,1479.8372911169744943,1000
2025-03-20,N623FB,1,69,1523.5507246376811594,0
2025-03-20,N623FB,2,1234,1629.5988654781199352,0
2025-03-20,N622FB,3,630,1573.2539682539682540,0
2025-03-20,N623FB,3,863,1610.2259559675550406,0
2025-03-20,N622FB,4,1394,1561.8005738880918221,1125
2025-03-20,N622FB,5,167,1614.6706586826347305,0
2025-03-20,N624FB,5,1294,1633.0564142194744977,0
2025-03-20,N623FB,22,5,0.00000000000000000000,0
2025-03-20,N623FB,23,89,1972.7528089887640449,1425
2025-03-21,N623FB,1,91,1854.9450549450549451,0
2025-03-21,N623FB,2,1281,1917.3692427790788447,1500
2025-03-21,N622FB,3,706,1692.3866855524079320,0
2025-03-21,N623FB,3,825,1917.9090909090909091,0
2025-03-21,N622FB,4,1382,1795.3328509406657019,1375
2025-03-21,N622FB,5,233,1662.1244635193133047,0
2025-03-21,N624FB,5,1385,1905.3249097472924188,0
2025-03-21,N623FB,23,1392,1861.5481321839080460,0
2025-03-22,N623FB,0,587,1963.6286201022146508,0
2025-03-22,N623FB,2,1252,1953.4544728434504792,0
2025-03-22,N622FB,3,687,1819.2503639010189229,0
2025-03-22,N623FB,3,817,1963.6474908200734394,0
2025-03-22,N622FB,4,1548,1632.8811369509043928,1375
2025-03-22,N622FB,5,221,1982.9185520361990950,0
2025-03-22,N624FB,5,1314,1882.5913242009132420,0
2025-03-22,N623FB,22,483,1871.8944099378881988,0
2025-03-23,N623FB,0,965,2081.1139896373056995,0
2025-03-23,N623FB,1,715,1799.3706293706293706,0
2025-03-23,N622FB,3,635,1998.8976377952755906,0
2025-03-23,N622FB,4,1345,2005.9479553903345725,1650
2025-03-23,N622FB,5,213,2206.4553990610328638,0
2025-03-23,N624FB,5,1508,2294.6949602122015915,0
2025-03-23,N624FB,22,308,1610.3084415584415584,0
2025-03-23,N624FB,23,1467,1620.0068166325835037,1425
2025-03-24,N624FB,0,1251,1610.6514788169464428,1350
2025-03-24,N624FB,2,831,1714.7111913357400722,0
2025-03-24,N623FB,3,692,1878.4320809248554913,0
2025-03-24,N624FB,3,1136,1786.3776408450704225,0
2025-03-24,N623FB,4,1535,1855.6188925081433225,1525
2025-03-24,N624FB,4,1,0.00000000000000000000,0
2025-03-24,N623FB,5,83,1760.2409638554216867,0
2025-03-24,N624FB,5,1400,1924.6071428571428571,0
2025-03-25,N624FB,2,1261,1787.1134020618556701,0
2025-03-25,N623FB,3,723,1689.5228215767634855,0
2025-03-25,N624FB,3,800,1811.2187500000000000,0
2025-03-25,N623FB,4,1440,1792.3437500000000000,1550
2025-03-25,N623FB,5,192,1839.3229166666666667,0
2025-03-25,N624FB,5,1360,1951.8933823529411765,0
2025-03-25,N624FB,23,1264,1817.8995253164556962,1575
2025-03-26,N624FB,0,1254,1869.8365231259968102,0
2025-03-26,N624FB,2,1079,2012.0713623725671918,0
2025-03-26,N623FB,3,580,1756.9827586206896552,0
2025-03-26,N624FB,3,1035,1975.4106280193236715,0
2025-03-26,N623FB,4,1513,1872.1744877726371447,1600
2025-03-26,N624FB,4,2,0.00000000000000000000,0
2025-03-26,N623FB,5,92,1920.9239130434782609,0
2025-03-26,N624FB,5,1296,2083.7962962962962963,0
2025-03-26,N624FB,23,127,2012.2047244094488189,0
2025-03-27,N624FB,2,1389,1781.4074874010079194,0
2025-03-27,N624FB,3,1070,1847.1728971962616822,0
2025-03-27,N624FB,5,1293,1993.1554524361948956,0
2025-03-27,N624FB,23,1204,1969.2068106312292359,0
2025-03-28,N624FB,0,833,2261.9747899159663866,0
2025-03-28,N624FB,1,83,1975.6024096385542169,0
2025-03-28,N624FB,2,1508,1974.1213527851458886,1675
2025-03-28,N623FB,3,732,1823.3265027322404372,0
2025-03-28,N624FB,3,883,2020.7248018120045300,0
2025-03-28,N623FB,4,1527,2106.1886051080550098,0
2025-03-28,N623FB,5,89,1862.6404494382022472,0
2025-03-28,N624FB,5,1085,1956.6589861751152074,0
2025-03-29,N624FB,1,444,2313.0067567567567568,0
2025-03-29,N624FB,2,1320,2016.0795454545454545,1675
2025-03-29,N623FB,3,613,1955.0570962479608483,0
2025-03-29,N624FB,3,426,2136.7957746478873239,0
2025-03-29,N623FB,4,1546,1941.4133247089262613,1750
2025-03-29,N623FB,5,173,1881.2138728323699422,1575
2025-03-29,N624FB,5,720,1993.7847222222222222,0
2025-03-29,N624FB,23,1193,2092.9798826487845767,0
2025-03-30,N624FB,0,786,2099.0776081424936387,0
2025-03-30,N624FB,2,1265,2092.1146245059288538,0
2025-03-30,N624FB,3,887,2066.9109357384441939,0
2025-03-30,N624FB,5,1388,1874.5677233429394813,0
2025-03-30,N624FB,23,1166,1892.3885077186963979,0
2025-03-31,N624FB,0,781,1973.4635083226632522,0
2025-03-31,N624FB,2,1135,1799.4493392070484581,0
2025-03-31,N624FB,3,799,1755.1314142678347935,0
2025-03-31,N624FB,4,1,0.00000000000000000000,0
2025-03-31,N624FB,5,1358,1904.6207658321060383,0
2025-03-31,N624FB,23,1126,1799.1119005328596803,0
2025-04-01,N624FB,0,705,1845.1418439716312057,0
2025-04-01,N624FB,2,1395,1957.2580645161290323,0
2025-04-01,N623FB,3,724,1914.6063535911602210,0
2025-04-01,N624FB,3,1014,1869.4773175542406312,0
2025-04-01,N623FB,4,1650,1918.6212121212121212,1625
2025-04-01,N623FB,5,618,1898.8268608414239482,0
2025-04-01,N624FB,5,1313,2075.6092916984006093,0
2025-04-01,N624FB,23,482,2139.6784232365145228,0
2025-04-02,N624FB,0,833,2080.8223289315726291,0
2025-04-02,N624FB,2,1066,1989.7279549718574109,0
2025-04-02,N624FB,3,730,1941.5068493150684932,0
2025-04-02,N624FB,5,1176,2171.4710884353741497,0
2025-04-02,N624FB,22,141,1996.8085106382978723,0
2025-04-02,N624FB,23,1470,1977.6020408163265306,1650
2025-04-03,N624FB,0,274,2070.2554744525547445,0
2025-04-03,N624FB,1,12,1437.5000000000000000,0
2025-04-03,N624FB,2,1380,2097.4818840579710145,1750
2025-04-03,N623FB,3,578,1978.5899653979238754,0
2025-04-03,N624FB,3,911,2181.0098792535675082,0
2025-04-03,N623FB,4,1451,1986.9745003445899380,1750
2025-04-03,N623FB,5,37,1749.3243243243243243,0
2025-04-03,N624FB,5,823,2036.8772782503037667,0
2025-04-03,N624FB,22,444,2118.3558558558558559,0
2025-04-03,N624FB,23,954,2030.5817610062893082,0
2025-04-04,N624FB,2,1492,2044.6883378016085791,0
2025-04-04,N623FB,3,609,1969.2528735632183908,0
2025-04-04,N624FB,3,828,2103.3514492753623188,0
2025-04-04,N623FB,4,1308,1788.4747706422018349,1550
2025-04-04,N623FB,5,126,1882.9365079365079365,0
2025-04-04,N624FB,5,1269,1927.5216706067769898,0
2025-04-04,N624FB,22,476,2423.8445378151260504,0
2025-04-04,N624FB,23,1356,2010.6563421828908555,1400
2025-04-05,N624FB,0,6,500.0000000000000000,0
2025-04-05,N624FB,1,162,1970.3703703703703704,1425
2025-04-05,N624FB,2,1551,1754.8033526756931012,1475
2025-04-05,N624FB,3,1236,1831.4724919093851133,0
2025-04-05,N625FB,3,650,1742.1923076923076923,0
2025-04-05,N625FB,4,1443,1894.1787941787941788,0
2025-04-05,N624FB,5,1355,1813.0811808118081181,0
2025-04-05,N625FB,5,3,0.00000000000000000000,0
2025-04-05,N624FB,22,37,1923.6486486486486486,1500
2025-04-05,N624FB,23,1201,1797.1065778517901749,0
2025-04-06,N624FB,0,491,1715.3767820773930754,0
2025-04-06,N624FB,2,1340,1838.8059701492537313,0
2025-04-06,N624FB,3,781,1851.1523687580025608,0
2025-04-06,N625FB,3,694,1752.7017291066282421,0
2025-04-06,N625FB,4,1176,1708.9923469387755102,1375
2025-04-06,N624FB,5,1411,2056.6442239546420978,0
2025-04-06,N625FB,5,839,1506.0786650774731824,0
2025-04-06,N624FB,23,1159,1775.4961173425366695,1275
2025-04-07,N624FB,0,1345,1571.8215613382899628,0
2025-04-07,N624FB,2,1098,1821.6074681238615665,0
2025-04-07,N623FB,3,508,1588.6811023622047244,0
2025-04-07,N624FB,3,1156,1652.9195501730103806,0
2025-04-07,N623FB,4,1108,1548.1723826714801444,1400
2025-04-07,N623FB,5,226,1760.7300884955752212,1325
2025-04-07,N623FB,23,892,1826.9618834080717489,0
2025-04-08,N623FB,0,1043,1732.4544582933844679,0
2025-04-08,N623FB,2,1073,1828.4016775396085741,0
2025-04-08,N623FB,3,851,1786.9565217391304348,1425
2025-04-08,N625FB,5,1535,2164.5114006514657980,1425
2025-04-08,N625FB,23,1186,1717.8962900505902192,0
2025-04-09,N625FB,0,863,1883.5747392815758980,0
2025-04-09,N625FB,2,1127,1942.4356699201419698,0
2025-04-09,N625FB,3,980,1715.3061224489795918,0
2025-04-09,N625FB,5,1209,1892.7832919768403639,0
2025-04-10,N624FB,2,1170,1692.8846153846153846,1500
2025-04-10,N623FB,3,576,1771.0069444444444444,0
2025-04-10,N624FB,3,1005,1671.1442786069651741,0
2025-04-10,N623FB,4,1380,1727.9710144927536232,1450
2025-04-10,N623FB,5,185,1799.5945945945945946,0
2025-04-10,N624FB,5,1442,1708.8245492371705964,0
2025-04-10,N622FB,22,67,1745.8955223880597015,0
2025-04-10,N622FB,23,1403,1750.3563791874554526,1450
2025-04-11,N622FB,0,576,1747.0052083333333333,0
2025-04-11,N622FB,1,196,1736.8622448979591837,0
2025-04-11,N622FB,2,1368,1843.9692982456140351,0
2025-04-11,N622FB,3,870,1930.5747126436781609,0
2025-04-11,N625FB,3,626,1859.7843450479233227,0
2025-04-11,N625FB,4,1535,1911.3192182410423453,1575
2025-04-11,N622FB,5,1258,1876.5103338632750397,1375
2025-04-11,N625FB,5,302,1810.1821192052980132,0
2025-04-11,N622FB,23,1222,1805.4418985270049100,0
2025-04-12,N622FB,0,910,1798.8736263736263736,0
2025-04-12,N622FB,2,1025,1810.1707317073170732,0
2025-04-12,N622FB,3,1135,1699.1850220264317181,0
2025-04-12,N624FB,3,608,1908.2236842105263158,0
2025-04-12,N624FB,4,1299,2015.5311778290993072,1600
2025-04-12,N622FB,5,1398,1797.1745350500715308,0
2025-04-12,N624FB,5,145,1875.1724137931034483,0
2025-04-12,N624FB,23,1003,2119.6410767696909272,0
2025-04-13,N624FB,0,1034,1955.4883945841392650,0
2025-04-13,N625FB,1,212,2068.0424528301886792,1650
2025-04-13,N624FB,2,1253,1975.4788507581803671,0
2025-04-13,N625FB,2,1231,2012.6523151909017059,0
2025-04-13,N622FB,3,677,1894.3870014771048744,0
2025-04-13,N624FB,3,766,1897.4869451697127937,0
2025-04-13,N622FB,4,1431,1924.0216631726065688,1475
2025-04-13,N622FB,5,171,1929.0935672514619883,0
2025-04-13,N624FB,5,1320,1981.7424242424242424,0
2025-04-13,N623FB,23,737,1971.5400271370420624,0
2025-04-14,N623FB,0,1288,1891.1102484472049689,0
2025-04-14,N623FB,2,1316,1839.4186930091185410,0
2025-04-14,N622FB,3,570,1751.0526315789473684,1525
2025-04-14,N623FB,3,1034,1810.0822050290135397,0
2025-04-14,N622FB,4,1340,1796.7910447761194030,1500
2025-04-14,N622FB,5,232,1975.3232758620689655,1500
2025-04-14,N623FB,5,933,1930.7341907824222937,0
2025-04-14,N622FB,23,1243,1812.3290426387771521,0
2025-04-15,N622FB,0,790,1856.2341772151898734,0
2025-04-15,N622FB,1,585,1824.0598290598290598,0
2025-04-15,N622FB,2,1456,1861.6243131868131868,1425
2025-04-15,N622FB,3,668,1657.2230538922155689,0
2025-04-15,N625FB,3,611,1961.7430441898527005,0
2025-04-15,N625FB,4,1324,1876.6993957703927492,1500
2025-04-15,N624FB,5,1473,1818.9069925322471147,0
2025-04-15,N625FB,5,328,1890.5487804878048780,0
2025-04-15,N622FB,23,1172,1988.2039249146757679,1625
2025-04-16,N622FB,0,815,1908.7423312883435583,0
2025-04-16,N622FB,2,1066,2014.0712945590994371,0
2025-04-16,N622FB,3,785,2018.9808917197452229,0
2025-04-16,N625FB,3,630,1890.6349206349206349,0
2025-04-16,N625FB,4,1399,1663.1165117941386705,1375
2025-04-16,N624FB,5,1208,2000.1655629139072848,1600
2025-04-16,N625FB,5,110,1960.6818181818181818,0
2025-04-16,N623FB,23,1227,2093.1947840260798696,0
2025-04-17,N623FB,0,656,2096.1509146341463415,0
2025-04-17,N623FB,2,1353,2074.6304508499630451,0
2025-04-17,N623FB,3,766,2000.1305483028720627,0
2025-04-17,N625FB,3,629,1893.3624801271860095,0
2025-04-17,N625FB,4,1259,2039.8927720413026211,1725
2025-04-17,N624FB,5,1372,1983.9650145772594752,1575
2025-04-17,N625FB,5,147,1967.0068027210884354,0
2025-04-17,N622FB,22,271,1838.4686346863468635,0
2025-04-17,N622FB,23,1463,1977.1189336978810663,1625
2025-04-18,N622FB,0,153,2118.9542483660130719,0
2025-04-18,N622FB,1,86,2000.8720930232558140,0
2025-04-18,N622FB,2,1453,1970.5953200275292498,1600
2025-04-18,N622FB,3,602,2255.8970099667774086,0
2025-04-18,N625FB,3,361,2031.8559556786703601,0
2025-04-18,N625FB,4,1432,1985.7541899441340782,1750
2025-04-18,N624FB,5,1447,1923.6523842432619212,0
2025-04-18,N625FB,5,220,2084.5454545454545455,0
2025-04-18,N622FB,23,1230,2072.5813008130081301,0
2025-04-19,N622FB,0,810,2029.5370370370370370,0
2025-04-19,N622FB,22,1,0.00000000000000000000,0
2025-04-19,N622FB,23,1325,1921.5471698113207547,0
2025-04-20,N622FB,0,484,2022.2107438016528926,0
2025-04-20,N622FB,1,85,1775.2941176470588235,0
2025-04-20,N622FB,2,1221,1890.2948402948402948,1500
2025-04-20,N622FB,3,536,1918.3768656716417910,0
2025-04-20,N625FB,3,388,1894.5231958762886598,0
2025-04-20,N622FB,4,1,0.00000000000000000000,0
2025-04-20,N625FB,4,1574,1696.1086404066073698,1400
2025-04-20,N622FB,5,1480,1646.2500000000000000,0
2025-04-20,N625FB,5,223,1668.8340807174887892,0
2025-04-20,N625FB,23,1200,1795.6875000000000000,0
2025-04-21,N625FB,0,1208,2005.8360927152317881,0
2025-04-21,N625FB,2,1284,1836.2344236760124611,0
2025-04-21,N622FB,3,597,1559.0871021775544389,0
2025-04-21,N625FB,3,988,1935.0455465587044534,0
2025-04-21,N622FB,4,1289,1700.5236617532971296,1450
2025-04-21,N622FB,5,111,1810.8108108108108108,0
2025-04-21,N625FB,5,1229,1865.5004068348250610,0
2025-04-21,N625FB,23,1162,2020.1161790017211704,0
2025-04-22,N625FB,0,829,1967.6417370325693607,0
2025-04-22,N625FB,2,1106,1953.1645569620253165,0
2025-04-22,N624FB,3,588,1972.0663265306122449,0
2025-04-22,N625FB,3,915,1980.7650273224043716,0
2025-04-22,N624FB,4,1266,1937.3222748815165877,1500
2025-04-22,N624FB,5,755,1750.7615894039735099,1550
2025-04-22,N625FB,5,1556,2135.2024421593830334,0
2025-04-22,N625FB,22,1442,2026.8030513176144244,1775
2025-04-22,N625FB,23,1136,1780.6338028169014085,0
2025-04-23,N625FB,1,883,2027.4348810872027180,0
2025-04-23,N625FB,2,1469,2089.2614023144996596,0
2025-04-23,N624FB,3,470,1865.9574468085106383,0
2025-04-23,N624FB,4,1462,1830.6771545827633379,1550
2025-04-23,N624FB,5,132,1962.3106060606060606,1600
2025-04-23,N625FB,5,1343,1982.8741623231571109,0
2025-04-23,N625FB,23,1158,1978.6269430051813472,0
2025-04-24,N625FB,0,1027,2211.5628042843232717,0
2025-04-24,N625FB,2,1130,2026.2168141592920354,0
2025-04-24,N624FB,3,634,1925.2365930599369085,0
2025-04-24,N625FB,3,1114,1998.0251346499102334,0
2025-04-24,N624FB,4,1351,1902.7202072538860104,1650
2025-04-24,N624FB,5,170,2027.5000000000000000,1575
2025-04-24,N625FB,5,1227,1968.6022819885900570,0
2025-04-24,N625FB,23,1452,1959.1081267217630854,0
2025-04-25,N625FB,0,825,1946.4242424242424242,0
2025-04-25,N625FB,1,217,1998.8479262672811060,0
2025-04-25,N625FB,2,1370,1961.7700729927007299,0
2025-04-25,N624FB,3,631,2102.0998415213946117,0
2025-04-25,N625FB,3,1181,1850.2540220152413209,0
2025-04-25,N624FB,4,1393,1999.9641062455132807,1650
2025-04-25,N624FB,5,171,1988.7426900584795322,0
2025-04-25,N625FB,5,1422,1888.2383966244725738,0
2025-04-25,N625FB,23,1212,2077.1658415841584158,0
2025-04-26,N625FB,0,702,2092.4501424501424501,0
2025-04-26,N625FB,2,704,1949.3963068181818182,0
2025-04-26,N624FB,3,660,2003.9015151515151515,0
2025-04-26,N625FB,3,867,1964.4175317185697809,0
2025-04-26,N624FB,4,1448,1933.7707182320441989,1575
2025-04-26,N624FB,5,452,2044.8561946902654867,1575
2025-04-26,N625FB,5,1330,1833.0075187969924812,0
2025-04-26,N622FB,22,7,1139.2857142857142857,0
2025-04-26,N622FB,23,1408,2061.0617897727272727,1525
2025-04-27,N622FB,0,418,2247.4880382775119617,0
2025-04-27,N622FB,2,1372,1716.0349854227405248,1550
2025-04-27,N622FB,3,666,2135.5105105105105105,1575
2025-04-27,N623FB,3,763,2033.8138925294888598,1575
2025-04-27,N623FB,4,1342,2019.1132637853949329,1600
2025-04-27,N624FB,4,1,0.00000000000000000000,0
2025-04-27,N623FB,5,267,2125.1872659176029963,0
2025-04-27,N624FB,5,1416,2057.7860169491525424,0
2025-04-27,N622FB,23,1248,1944.4911858974358974,0
2025-04-28,N622FB,0,785,1706.2420382165605096,0
2025-04-28,N622FB,2,1076,1749.4656133828996283,0
2025-04-28,N622FB,3,1139,1710.4697102721685689,0
2025-04-28,N624FB,3,590,1886.8220338983050847,0
2025-04-28,N624FB,4,1482,1737.2638326585695007,1450
2025-04-28,N622FB,5,1296,1996.2962962962962963,0
2025-04-28,N624FB,5,428,1682.2429906542056075,0
2025-04-28,N624FB,23,1216,1867.3519736842105263,0
2025-04-29,N624FB,0,1166,2146.6766723842195540,0
2025-04-29,N624FB,2,1307,1756.0635042081101760,0
2025-04-29,N622FB,3,669,1931.1285500747384155,0
2025-04-29,N624FB,3,1101,1792.0753860127157130,0
2025-04-29,N622FB,4,1369,1793.0423666910153397,1575
2025-04-29,N622FB,5,120,2073.7500000000000000,1450
2025-04-29,N624FB,5,1305,2283.0268199233716475,0
2025-04-29,N624FB,23,1101,2003.0881017257039055,0
2025-04-30,N624FB,0,1588,2210.9099496221662469,1550
2025-04-30,N624FB,1,5,310.0000000000000000,0
2025-04-30,N624FB,2,1173,1997.3358908780903666,0
2025-04-30,N622FB,3,717,2025.4184100418410042,0
2025-04-30,N624FB,3,1257,2035.6801909307875895,0
2025-04-30,N622FB,4,1640,2032.4847560975609756,1875
2025-04-30,N622FB,5,162,2045.6790123456790123,0
2025-04-30,N624FB,5,1290,1956.9767441860465116,0
2025-04-30,N622FB,22,1384,2256.5209537572254335,1675
2025-04-30,N622FB,23,536,1975.9328358208955224,0
2025-05-01,N622FB,2,1488,2046.4885752688172043,0
2025-05-01,N622FB,3,963,1990.2647975077881620,0
2025-05-01,N624FB,3,604,1955.1738410596026490,0
2025-05-01,N624FB,4,1321,1894.7956093868281605,1575
2025-05-01,N624FB,5,281,1979.9822064056939502,0
2025-05-01,N625FB,5,1359,1861.1479028697571744,0
2025-05-01,N624FB,22,71,2113.7323943661971831,0
2025-05-01,N624FB,23,1523,2108.6178594878529219,1850
2025-05-02,N624FB,0,517,2278.1431334622823985,0
2025-05-02,N624FB,1,17,1373.5294117647058824,0
2025-05-02,N624FB,2,1232,2160.9577922077922078,1700
2025-05-02,N624FB,3,863,2138.3256083429895713,0
2025-05-02,N625FB,3,556,2003.1474820143884892,0
2025-05-02,N625FB,4,1446,1963.2780082987551867,1625
2025-05-02,N624FB,5,1299,1923.9799846035411855,0
2025-05-02,N625FB,5,265,1936.1320754716981132,0
2025-05-02,N624FB,23,1165,2185.0858369098712446,0
2025-05-03,N624FB,0,709,2092.6657263751763047,0
2025-05-03,N624FB,2,1211,2096.2221304706853840,0
2025-05-03,N624FB,3,806,2117.0285359801488834,0
2025-05-03,N625FB,3,645,1904.6511627906976744,0
2025-05-03,N625FB,4,1460,2001.1472602739726027,1625
2025-05-03,N624FB,5,1288,2007.8222049689440994,0
2025-05-03,N625FB,5,176,1949.2897727272727273,0
2025-05-04,N622FB,2,1410,2138.7411347517730496,0
2025-05-04,N622FB,3,821,1995.8282582216808770,0
2025-05-04,N623FB,3,623,2012.3595505617977528,0
2025-05-04,N623FB,4,1305,2141.4176245210727969,1725
2025-05-04,N625FB,4,1,0.00000000000000000000,0
2025-05-04,N623FB,5,253,2065.7114624505928854,0
2025-05-04,N625FB,5,1345,1926.5799256505576208,0
2025-05-05,N623FB,3,603,2006.0945273631840796,0
2025-05-05,N623FB,4,1411,1895.3756201275690999,1625
2025-05-05,N625FB,4,1,0.00000000000000000000,0
2025-05-05,N623FB,5,162,1951.0802469135802469,0
2025-05-05,N625FB,5,1154,2053.0762564991334489,0
2025-05-05,N622FB,22,198,1890.7828282828282828,0
2025-05-05,N622FB,23,1290,1831.5697674418604651,1325
2025-05-06,N622FB,0,368,1975.5434782608695652,0
2025-05-06,N622FB,2,1373,1876.6751638747268755,0
2025-05-06,N625FB,2,191,1913.4816753926701571,0
2025-05-06,N622FB,3,632,2086.8670886075949367,0
2025-05-06,N625FB,3,1424,1917.2752808988764045,1575
2025-05-06,N622FB,4,210,2031.5476190476190476,0
2025-05-06,N625FB,4,934,2007.6284796573875803,0
2025-05-06,N622FB,5,1386,1933.9466089466089466,1625
2025-05-06,N622FB,22,1586,1702.7427490542244641,1475
2025-05-06,N622FB,23,368,1818.4103260869565217,0
2025-05-07,N622FB,2,1256,1803.5429936305732484,0
2025-05-07,N622FB,3,1078,1871.0111317254174397,0
2025-05-07,N625FB,3,704,1825.9943181818181818,0
2025-05-07,N622FB,4,4,0.00000000000000000000,0
2025-05-07,N625FB,4,1348,1815.8382789317507418,1500
2025-05-07,N622FB,5,1243,1887.3893805309734513,1450
2025-05-07,N625FB,5,85,1765.8823529411764706,0
2025-05-07,N622FB,23,1349,1845.4781319495922906,1475
2025-05-08,N622FB,0,761,2000.6570302233902760,0
2025-05-08,N622FB,2,1221,1938.5954135954135954,0
2025-05-08,N622FB,3,862,1803.5962877030162413,0
2025-05-08,N625FB,3,683,1658.2357247437774524,0
2025-05-08,N625FB,4,1489,1647.9012760241773002,1450
2025-05-08,N622FB,5,1190,1878.8025210084033613,0
2025-05-08,N625FB,5,288,1774.5659722222222222,1400
2025-05-08,N625FB,22,1433,2257.7110956036287509,1525
2025-05-08,N625FB,23,347,2009.8703170028818444,1475
2025-05-09,N625FB,2,1366,1834.1325036603221083,0
2025-05-09,N622FB,3,556,1862.0953237410071942,1450
2025-05-09,N625FB,3,829,1942.8829915560916767,1450
2025-05-09,N622FB,4,1195,1876.7573221757322176,0
2025-05-09,N622FB,5,112,1778.3482142857142857,0
2025-05-09,N624FB,5,1364,1856.8731671554252199,1425
2025-05-09,N625FB,23,1304,2020.4754601226993865,0
2025-05-10,N625FB,0,1385,2029.7111913357400722,0
2025-05-10,N625FB,2,1230,1914.6341463414634146,0
2025-05-10,N622FB,3,602,1940.2408637873754153,1525
2025-05-10,N625FB,3,911,1873.3534577387486279,0
2025-05-10,N622FB,4,1269,1961.9385342789598109,1625
2025-05-10,N624FB,4,1,0.00000000000000000000,0
2025-05-10,N622FB,5,178,1855.1966292134831461,0
2025-05-10,N624FB,5,1577,1883.7349397590361446,1475
2025-05-10,N625FB,22,410,1757.3170731707317073,0
2025-05-10,N625FB,23,1393,1905.0789662598707825,1575
2025-05-11,N625FB,0,223,1926.7937219730941704,0
2025-05-11,N625FB,1,46,1847.2826086956521739,0
2025-05-11,N625FB,2,1497,1867.9525718102872411,1475
2025-05-11,N622FB,3,574,1814.7212543554006969,0
2025-05-11,N625FB,3,856,1961.5946261682242991,1475
2025-05-11,N622FB,4,1315,1816.5589353612167300,1425
2025-05-11,N622FB,5,140,1981.4285714285714286,0
2025-05-11,N624FB,5,1211,2134.4137076796036334,0
2025-05-11,N625FB,23,1226,2022.6345840130505710,0
2025-05-12,N625FB,0,1530,1967.8431372549019608,1675
2025-05-12,N625FB,1,182,1828.8461538461538462,0
2025-05-12,N625FB,2,774,1828.2945736434108527,0
2025-05-12,N622FB,3,570,1865.8771929824561404,0
2025-05-12,N625FB,3,955,2057.4345549738219895,0
2025-05-12,N622FB,4,1165,1860.1502145922746781,1500
2025-05-12,N622FB,5,112,1877.2321428571428571,0
2025-05-12,N624FB,5,1291,2087.5096824167312161,0
2025-05-12,N622FB,23,1285,2038.3852140077821012,0
2025-05-13,N622FB,0,747,1990.3949129852744311,0
2025-05-13,N622FB,2,1272,2057.5864779874213836,0
2025-05-13,N622FB,3,842,2133.4619952494061758,0
2025-05-13,N624FB,3,628,1976.8312101910828025,0
2025-05-13,N624FB,4,1266,1991.3309636650868878,1600
2025-05-13,N624FB,5,277,1923.5559566787003610,0
2025-05-13,N625FB,5,1219,1944.8933552091878589,0
2025-05-13,N625FB,23,1014,1973.1262327416173570,0
2025-05-14,N625FB,0,1177,2012.3406966864910790,0
2025-05-14,N625FB,2,1133,1976.6328331862312445,0
2025-05-14,N624FB,3,583,1949.6140651801029160,0
2025-05-14,N625FB,3,973,2082.6053442959917780,0
2025-05-14,N624FB,4,1214,1864.9093904448105437,1525
2025-05-14,N624FB,5,128,2033.2031250000000000,0
2025-05-14,N625FB,5,1020,1949.4852941176470588,0
2025-05-14,N622FB,23,1298,1941.2750385208012327,0
2025-05-15,N622FB,0,1280,1845.3515625000000000,0
2025-05-15,N622FB,2,1102,1907.0099818511796733,0
2025-05-15,N622FB,3,1000,1946.4250000000000000,0
2025-05-15,N624FB,3,530,1910.5188679245283019,0
2025-05-15,N624FB,4,1414,1978.5537482319660537,1625
2025-05-15,N624FB,5,340,2080.5882352941176471,0
2025-05-15,N625FB,5,1378,1868.0878084179970972,0
2025-05-15,N624FB,22,155,2288.7096774193548387,0
2025-05-15,N624FB,23,1376,2394.8946220930232558,1650
2025-05-16,N624FB,0,1509,1921.3717693836978131,1725
2025-05-16,N624FB,1,952,1865.9138655462184874,0
2025-05-16,N624FB,2,1526,2032.4377457404980341,1750
2025-05-16,N624FB,3,119,2022.8991596638655462,0
2025-05-16,N625FB,3,538,2000.9758364312267658,0
2025-05-16,N625FB,4,1496,1832.6036096256684492,1525
2025-05-16,N623FB,5,1397,1845.7766642806012885,1500
2025-05-16,N625FB,5,423,1797.7541371158392435,0
2025-05-16,N622FB,22,5,1280.0000000000000000,0
2025-05-16,N622FB,23,1388,1909.7082132564841499,1650
2025-05-17,N622FB,0,230,1886.8478260869565217,0
2025-05-17,N622FB,2,1387,1996.4852198990627253,0
2025-05-17,N622FB,3,864,2177.0254629629629630,0
2025-05-17,N625FB,3,634,1972.0820189274447950,0
2025-05-17,N625FB,4,1379,1861.4213197969543147,1575
2025-05-17,N624FB,5,1208,1951.8004966887417219,0
2025-05-17,N625FB,5,129,1842.6356589147286822,0
2025-05-17,N624FB,23,1385,2103.9169675090252708,0
2025-05-18,N624FB,0,683,2016.2518301610541728,0
2025-05-18,N624FB,1,3,0.00000000000000000000,0
2025-05-18,N624FB,2,1397,2116.4459556191839656,1725
2025-05-18,N624FB,3,950,2124.2894736842105263,0
2025-05-18,N625FB,3,717,2252.3012552301255230,0
2025-05-18,N625FB,4,1349,2093.4581171237954040,1575
2025-05-18,N624FB,5,1329,2014.9548532731376975,0
2025-05-18,N625FB,5,155,2058.5483870967741935,0
2025-05-18,N622FB,23,1288,1926.4945652173913043,0
2025-05-19,N622FB,0,911,2019.9780461031833150,0
2025-05-19,N622FB,2,1244,2083.3400321543408360,1625
2025-05-19,N622FB,3,1109,1928.4039675383228133,0
2025-05-19,N624FB,3,637,2028.2182103610675039,0
2025-05-19,N624FB,4,1293,2032.1925754060324826,1625
2025-05-19,N624FB,5,95,1977.8947368421052632,0
2025-05-19,N625FB,5,1395,2056.9534050179211470,0
2025-05-19,N624FB,23,990,1945.0000000000000000,0
2025-05-20,N624FB,0,811,2029.2231812577065351,1625
2025-05-20,N624FB,2,918,1891.8300653594771242,0
2025-05-20,N622FB,3,562,1859.1637010676156584,0
2025-05-20,N624FB,3,1104,1981.7481884057971014,0
2025-05-20,N622FB,4,1386,1810.4978354978354978,1500
2025-05-20,N622FB,5,140,1992.6785714285714286,0
2025-05-20,N625FB,5,1440,2061.9618055555555556,0
2025-05-20,N624FB,23,1063,2038.8287864534336783,0
2025-05-21,N624FB,0,944,1851.5889830508474576,0
2025-05-21,N624FB,2,913,2042.5246440306681271,0
2025-05-21,N622FB,3,616,1860.9983766233766234,0
2025-05-21,N624FB,3,1128,1981.0948581560283688,0
2025-05-21,N622FB,4,1395,1823.9426523297491039,1475
2025-05-21,N622FB,5,194,1841.8814432989690722,0
2025-05-21,N625FB,5,1334,1893.4782608695652174,0
2025-05-21,N621FB,23,1266,1922.1366508688783570,0
2025-05-22,N621FB,0,1183,1859.8901098901098901,0
2025-05-22,N621FB,2,1011,1880.2917903066271019,0
2025-05-22,N621FB,3,931,1791.1117078410311493,0
2025-05-22,N624FB,3,702,2379.3447293447293447,1575
2025-05-22,N624FB,4,1477,2807.4475287745429926,1825
2025-05-22,N622FB,5,1296,1885.0501543209876543,0
2025-05-22,N624FB,5,103,1977.4271844660194175,1550
2025-05-22,N621FB,23,1383,2041.6305133767172813,0
2025-05-23,N621FB,0,785,2088.1210191082802548,0
2025-05-23,N621FB,2,1268,2082.9258675078864353,0
2025-05-23,N621FB,3,798,2155.8583959899749373,1575
2025-05-23,N622FB,3,663,2141.9306184012066365,0
2025-05-23,N622FB,4,1320,1765.5113636363636364,1575
2025-05-23,N622FB,5,179,1870.8100558659217877,0
2025-05-23,N625FB,5,1158,1901.0362694300518135,0
2025-05-23,N624FB,22,845,2253.9349112426035503,0
2025-05-23,N624FB,23,1126,2166.0079928952042629,0
2025-05-24,N624FB,2,1212,2175.0206270627062706,0
2025-05-24,N622FB,3,617,2175.4051863857374392,0
2025-05-24,N624FB,3,962,2076.4293139293139293,0
2025-05-24,N622FB,4,1508,2126.8070291777188329,1850
2025-05-24,N623FB,4,86,1997.0930232558139535,0
2025-05-24,N622FB,5,487,1871.0472279260780287,0
2025-05-24,N623FB,5,1479,2210.6152805949966193,1600
2025-05-24,N622FB,22,634,1835.0946372239747634,0
2025-05-24,N622FB,23,1181,2000.7408975444538527,1600
2025-05-25,N622FB,0,17,1361.7647058823529412,0
2025-05-25,N622FB,2,1103,2030.0317316409791478,0
2025-05-25,N621FB,3,590,4036.3559322033898305,0
2025-05-25,N622FB,3,914,2085.6400437636761488,0
2025-05-25,N621FB,4,1490,3981.8120805369127517,1975
2025-05-25,N621FB,5,850,2088.2352941176470588,0
2025-05-25,N622FB,5,1330,1870.7706766917293233,0
2025-05-25,N624FB,23,1170,1904.0598290598290598,0
2025-05-26,N624FB,0,826,1982.0217917675544794,0
2025-05-26,N624FB,2,1417,2009.2448835568101623,0
2025-05-26,N622FB,3,577,1824.4367417677642981,0
2025-05-26,N624FB,3,948,1999.7890295358649789,0
2025-05-26,N622FB,4,1084,1854.6356088560885609,1550
2025-05-26,N622FB,5,295,1754.4915254237288136,1550
2025-05-26,N625FB,5,1238,1988.0048465266558966,0
2025-05-26,N624FB,22,487,1902.1560574948665298,0
2025-05-26,N624FB,23,983,1899.1098677517802645,0
2025-05-27,N624FB,0,949,1869.3624868282402529,0
2025-05-27,N624FB,2,1322,1892.3033282904689864,0
2025-05-27,N623FB,3,598,1892.3494983277591973,0
2025-05-27,N624FB,3,1277,1772.4941268598277212,0
2025-05-27,N623FB,4,1264,1751.1867088607594937,1500
2025-05-27,N623FB,5,113,1970.3539823008849558,0
2025-05-27,N625FB,5,1305,1903.9272030651340996,1575
2025-05-27,N624FB,23,1296,2002.5270061728395062,0
2025-05-28,N624FB,0,679,2007.2533136966126657,0
2025-05-28,N624FB,2,1145,2005.1091703056768559,0
2025-05-28,N623FB,3,517,1873.6460348162475822,0
2025-05-28,N624FB,3,804,1682.3694029850746269,0
2025-05-28,N623FB,4,1331,1816.3786626596543952,1525
2025-05-28,N623FB,5,83,1886.1445783132530120,0
2025-05-28,N624FB,5,1428,1958.4033613445378151,0
2025-05-28,N624FB,22,815,1997.9141104294478528,0
2025-05-29,N624FB,0,990,2210.8080808080808081,0
2025-05-29,N624FB,1,933,2021.5969989281886388,0
2025-05-29,N622FB,3,556,1953.1924460431654676,0
2025-05-29,N621FB,4,25,1918.0000000000000000,0
2025-05-29,N622FB,4,1351,1872.6868985936343449,1600
2025-05-29,N621FB,5,1249,1870.4963971176941553,1600
2025-05-29,N622FB,5,101,1898.2673267326732673,0
2025-05-29,N625FB,22,13,1290.3846153846153846,0
2025-05-29,N625FB,23,1364,2080.2419354838709677,0
2025-05-30,N625FB,0,588,1955.9098639455782313,0
2025-05-30,N625FB,2,1359,1881.7696835908756439,0
2025-05-30,N621FB,3,605,1885.2892561983471074,0
2025-05-30,N625FB,3,880,1949.3181818181818182,0
2025-05-30,N621FB,4,1508,1868.5842175066312997,1575
2025-05-30,N621FB,5,361,1865.9279778393351801,0
2025-05-30,N622FB,5,1293,1813.6310904872389791,0
2025-05-30,N625FB,22,616,1828.7743506493506494,0
2025-05-30,N625FB,23,1266,1879.3048973143759874,0
2025-05-31,N625FB,2,1256,2040.0875796178343949,0
2025-05-31,N624FB,3,684,2060.1608187134502924,0
2025-05-31,N625FB,3,998,1790.0801603206412826,0
2025-05-31,N622FB,4,2,0.00000000000000000000,0
2025-05-31,N624FB,4,1305,1945.4214559386973180,1600
2025-05-31,N622FB,5,1321,1728.0090840272520818,1500
2025-05-31,N624FB,5,277,1799.1877256317689531,0
2025-05-31,N625FB,23,1403,2071.0798289379900214,0
2025-06-01,N625FB,0,1090,1970.0458715596330275,0
2025-06-01,N625FB,2,1168,1925.0214041095890411,0
2025-06-01,N621FB,3,596,1976.3003355704697987,0
2025-06-01,N625FB,3,809,2045.7045735475896168,0
2025-06-01,N621FB,4,1255,2005.3984063745019920,1600
2025-06-01,N621FB,5,157,2017.3566878980891720,0
2025-06-01,N622FB,5,1252,1918.4704472843450479,0
2025-06-01,N622FB,23,914,1928.4737417943107221,0
2025-06-02,N622FB,0,770,1890.4220779220779221,0
2025-06-02,N625FB,3,464,1974.7306034482758621,0
2025-06-02,N621FB,4,29,1612.9310344827586207,0
2025-06-02,N625FB,4,1622,2154.1152897657213317,1850
2025-06-02,N621FB,5,1245,1892.7911646586345382,1550
2025-06-02,N625FB,5,250,2088.4000000000000000,0
2025-06-02,N621FB,23,1168,1868.3005136986301370,0
2025-06-03,N621FB,0,819,2009.5848595848595849,0
2025-06-03,N621FB,2,1086,1853.2918968692449355,0
2025-06-03,N621FB,3,1257,1929.8926014319809069,0
2025-06-03,N622FB,3,607,1903.2537067545304778,0
2025-06-03,N622FB,4,1320,1999.9053030303030303,1525
2025-06-03,N621FB,5,1273,1872.0738413197172035,0
2025-06-03,N622FB,5,243,1854.5267489711934156,0
2025-06-03,N621FB,23,1005,1847.4875621890547264,0
2025-06-04,N621FB,0,1277,2025.1957713390759593,0
2025-06-04,N621FB,1,337,2102.0771513353115727,0
2025-06-04,N621FB,2,1520,1947.4506578947368421,1675
2025-06-04,N621FB,3,884,2000.5656108597285068,0
2025-06-04,N622FB,3,629,1935.9300476947535771,0
2025-06-04,N622FB,4,1534,1947.6531942633637549,1550
2025-06-04,N621FB,5,1326,1962.6885369532428356,0
2025-06-04,N622FB,5,427,1738.4074941451990632,0
2025-06-04,N621FB,23,1119,2153.0384271671134942,0
2025-06-05,N621FB,0,1388,2054.5208933717579251,1725
2025-06-05,N621FB,1,58,1864.2241379310344828,0
2025-06-05,N621FB,2,711,1946.5189873417721519,0
2025-06-05,N621FB,3,935,1906.2299465240641711,0
2025-06-05,N625FB,3,675,1994.0370370370370370,0
2025-06-05,N625FB,4,1263,1961.1441013460015835,1725
2025-06-05,N621FB,5,1281,1980.5815768930523029,0
2025-06-05,N625FB,5,192,2010.9375000000000000,0
2025-06-05,N622FB,23,1256,1935.7285031847133758,0
2025-06-06,N622FB,0,607,1957.8665568369028007,1625
2025-06-06,N622FB,2,1221,1867.6085176085176085,0
2025-06-06,N622FB,3,649,1939.4067796610169492,1600
2025-06-06,N624FB,3,584,1800.4708904109589041,0
2025-06-06,N624FB,4,1326,2120.0226244343891403,1675
2025-06-06,N625FB,4,1,0.00000000000000000000,0
2025-06-06,N624FB,5,21,1782.1428571428571429,1600
2025-06-06,N625FB,5,1218,1986.0837438423645320,0
2025-06-06,N621FB,23,1293,1924.4586233565351895,0
2025-06-07,N621FB,0,284,1919.2781690140845070,0
2025-06-07,N621FB,2,1253,1935.7940941739824421,0
2025-06-07,N621FB,3,377,2072.0822281167108753,0
2025-06-07,N624FB,3,658,1927.5455927051671733,1575
2025-06-07,N624FB,4,1246,1933.1861958266452648,1600
2025-06-07,N624FB,5,128,1962.5000000000000000,0
2025-06-07,N625FB,5,1107,1768.6766034327009937,0
2025-06-08,N621FB,2,1358,1947.0176730486008837,0
2025-06-08,N621FB,3,700,2049.1785714285714286,1575
2025-06-08,N624FB,3,533,1877.5328330206378987,0
2025-06-08,N624FB,4,1193,1891.6596814752724225,1575
2025-06-08,N624FB,5,126,2013.8888888888888889,0
2025-06-08,N625FB,5,1325,1861.3396226415094340,0
2025-06-08,N621FB,22,153,1954.2483660130718954,0
2025-06-08,N621FB,23,1042,1880.4942418426103647,1650
2025-06-09,N621FB,0,594,2147.6430976430976431,0
2025-06-09,N621FB,2,1166,1784.5197255574614065,0
2025-06-09,N621FB,3,984,1964.1260162601626016,0
2025-06-09,N624FB,3,651,1923.8863287250384025,0
2025-06-09,N624FB,4,1452,1977.4276859504132231,1675
2025-06-09,N624FB,5,217,1942.2811059907834101,0
2025-06-09,N625FB,5,1397,1987.2763063707945598,0
2025-06-09,N621FB,23,1042,2058.1813819577735125,0
2025-06-10,N621FB,0,588,2222.1513605442176871,0
2025-06-10,N621FB,2,1079,1956.4411492122335496,0
2025-06-10,N621FB,3,927,2016.8824163969795038,0
2025-06-10,N624FB,3,685,1885.6569343065693431,0
2025-06-10,N624FB,4,1325,1787.7924528301886792,1475
2025-06-10,N624FB,5,283,1845.8480565371024735,0
2025-06-10,N625FB,5,1238,1896.4660743134087237,0
2025-06-10,N621FB,23,1216,1959.0460526315789474,0
2025-06-11,N621FB,0,800,1856.5625000000000000,0
2025-06-11,N621FB,2,1270,1966.1220472440944882,0
2025-06-11,N621FB,3,838,1839.0811455847255370,0
2025-06-11,N625FB,3,630,1875.9920634920634921,0
2025-06-11,N621FB,4,4,0.00000000000000000000,0
2025-06-11,N625FB,4,1408,1856.1079545454545455,1625
2025-06-11,N621FB,5,1480,1958.0743243243243243,1550
2025-06-11,N625FB,5,98,1931.8877551020408163,0
2025-06-11,N621FB,22,35,1928.5714285714285714,0
2025-06-11,N621FB,23,1448,2111.7921270718232044,1750
2025-06-12,N621FB,0,843,2062.8706998813760380,0
2025-06-12,N621FB,1,124,2121.1693548387096774,0
2025-06-12,N621FB,2,1410,2010.2482269503546099,1675
2025-06-12,N621FB,3,671,2057.3397913561847988,0
2025-06-12,N622FB,3,619,1919.4668820678513732,0
2025-06-12,N622FB,4,1401,1986.9022127052105639,1650
2025-06-12,N621FB,5,1375,1897.5818181818181818,0
2025-06-12,N622FB,5,142,2008.2746478873239437,0
2025-06-12,N622FB,22,8,1053.1250000000000000,0
2025-06-12,N622FB,23,1417,2054.7106563161609033,1800
2025-06-13,N622FB,0,533,2064.8686679174484053,0
2025-06-13,N622FB,1,2,0.00000000000000000000,0
2025-06-13,N622FB,2,1362,2278.4508076358296623,1650
2025-06-13,N621FB,3,673,2063.2243684992570579,0
2025-06-13,N622FB,3,940,2513.4574468085106383,0
2025-06-13,N621FB,4,1368,2011.1659356725146199,1600
2025-06-13,N622FB,4,57,1960.9649122807017544,0
2025-06-13,N621FB,5,423,1835.2245862884160757,0
2025-06-13,N622FB,5,1376,1801.4353197674418605,1575
2025-06-13,N622FB,22,8,1518.7500000000000000,0
2025-06-13,N622FB,23,1340,2035.0932835820895522,1700
2025-06-14,N622FB,0,466,2012.6609442060085837,0
2025-06-14,N622FB,2,1275,1990.5294117647058824,0
2025-06-14,N622FB,3,864,2187.3842592592592593,0
2025-06-14,N625FB,3,580,2059.4396551724137931,0
2025-06-14,N624FB,4,20,1865.0000000000000000,0
2025-06-14,N625FB,4,1244,1931.4710610932475884,1650
2025-06-14,N624FB,5,1573,1968.1341385886840432,1725
2025-06-14,N625FB,5,73,1914.3835616438356164,0
2025-06-14,N624FB,22,149,2004.0268456375838926,0
2025-06-14,N624FB,23,1431,1905.1013277428371768,1600
2025-06-15,N624FB,0,475,1908.5263157894736842,0
2025-06-15,N624FB,2,1392,1946.2643678160919540,0
2025-06-15,N621FB,3,773,1887.7102199223803364,0
2025-06-15,N624FB,3,159,2016.3522012578616352,0
2025-06-15,N621FB,4,1620,1842.1450617283950617,1575
2025-06-15,N625FB,4,19,1739.4736842105263158,0
2025-06-15,N621FB,5,360,1867.9166666666666667,0
2025-06-15,N625FB,5,1431,1894.7414395527603075,1725
2025-06-15,N624FB,23,929,2060.0645855758880517,0
2025-06-16,N624FB,0,1333,1928.0195048762190548,1425
2025-06-16,N624FB,1,737,1938.1614654002713704,1625
2025-06-16,N624FB,2,342,2229.3859649122807018,0
2025-06-16,N621FB,3,616,2044.4805194805194805,0
2025-06-16,N624FB,3,1292,1807.0046439628482972,0
2025-06-16,N621FB,4,1334,1816.1544227886056972,1625
2025-06-16,N624FB,4,117,1858.1196581196581197,0
2025-06-16,N625FB,4,1,0.00000000000000000000,0
2025-06-16,N621FB,5,153,2021.4052287581699346,1600
2025-06-16,N625FB,5,1040,1973.2211538461538462,0
2025-06-16,N624FB,22,124,1960.0806451612903226,1650
2025-06-16,N624FB,23,1568,1881.7761479591836735,1725
2025-06-17,N624FB,0,595,1930.6722689075630252,0
2025-06-17,N624FB,2,1217,1932.7855382087099425,0
2025-06-17,N622FB,3,667,1954.0854572713643178,0
2025-06-17,N624FB,3,1299,1828.2525019245573518,0
2025-06-17,N622FB,4,1481,1962.8291694800810263,1750
2025-06-17,N625FB,4,4,412.5000000000000000,0
2025-06-17,N622FB,5,57,1806.5789473684210526,0
2025-06-17,N625FB,5,1364,2343.8599706744868035,1775
2025-06-17,N625FB,23,1172,1946.6510238907849829,1700
2025-06-18,N625FB,0,1025,1955.0000000000000000,0
2025-06-18,N625FB,2,497,2074.4969818913480885,0
2025-06-18,N621FB,3,554,1862.1841155234657040,0
2025-06-18,N625FB,3,1151,1884.3614248479582971,0
2025-06-18,N621FB,4,984,2022.8912601626016260,1700
2025-06-18,N625FB,4,20,1671.2500000000000000,0
2025-06-18,N621FB,5,67,2029.4776119402985075,0
2025-06-18,N625FB,5,1364,2011.1253665689149560,1625
2025-06-18,N625FB,23,830,2154.5180722891566265,0
2025-06-19,N625FB,0,748,2138.5360962566844920,0
2025-06-19,N625FB,2,1208,2126.8832781456953642,0
2025-06-19,N622FB,3,642,1938.0062305295950156,0
2025-06-19,N625FB,3,958,2012.3695198329853862,0
2025-06-19,N622FB,4,1478,1842.5405953991880920,1600
2025-06-19,N625FB,4,14,1575.0000000000000000,0
2025-06-19,N622FB,5,115,2044.1304347826086957,0
2025-06-19,N625FB,5,1296,1993.1712962962962963,1675
2025-06-20,N622FB,2,1250,2182.9400000000000000,0
2025-06-20,N622FB,3,668,2328.6676646706586826,0
2025-06-20,N624FB,3,714,2071.0084033613445378,0
2025-06-20,N624FB,4,1563,1987.4280230326295585,1800
2025-06-20,N622FB,5,1432,2109.1480446927374302,0
2025-06-20,N624FB,5,157,2132.8025477707006369,0
2025-06-20,N621FB,23,1318,2084.0477996965098634,0
2025-06-21,N621FB,0,472,2308.6334745762711864,0
2025-06-21,N621FB,2,1081,2298.3811285846438483,0
2025-06-21,N621FB,3,667,2242.3538230884557721,0
2025-06-21,N622FB,3,701,2025.9985734664764622,0
2025-06-21,N622FB,4,1461,1945.3969883641341547,1575
2025-06-21,N624FB,4,116,2114.8706896551724138,0
2025-06-21,N622FB,5,54,1845.3703703703703704,0
2025-06-21,N624FB,5,1380,2089.2210144927536232,1725
2025-06-21,N621FB,23,1201,2101.9150707743547044,0
2025-06-22,N621FB,0,506,2117.7865612648221344,0
2025-06-22,N621FB,2,1229,1990.0528885272579333,0
2025-06-22,N621FB,3,866,2288.6547344110854503,0
2025-06-22,N625FB,3,575,2159.6086956521739130,0
2025-06-22,N622FB,4,61,1986.4754098360655738,0
2025-06-22,N625FB,4,1338,2056.9506726457399103,1725
2025-06-22,N622FB,5,1393,1940.6496769562096195,1725
2025-06-22,N625FB,5,18,1261.1111111111111111,0
2025-06-22,N625FB,23,968,2006.4824380165289256,0
2025-06-23,N625FB,0,1524,2039.5341207349081365,1775
2025-06-23,N625FB,1,121,1941.9421487603305785,0
2025-06-23,N625FB,2,559,2155.3667262969588551,0
2025-06-23,N621FB,3,625,1870.8800000000000000,0
2025-06-23,N625FB,3,737,1917.9782903663500678,0
2025-06-23,N621FB,4,1350,1791.1296296296296296,1500
2025-06-23,N625FB,4,14,1525.0000000000000000,0
2025-06-23,N621FB,5,83,1951.8072289156626506,1550
2025-06-23,N625FB,5,1216,2103.1866776315789474,1625
2025-06-23,N625FB,23,1021,1962.1694417238001959,0
2025-06-24,N625FB,0,1218,1891.1535303776683087,0
2025-06-24,N625FB,2,963,2109.8909657320872274,0
2025-06-24,N625FB,3,1155,1914.9783549783549784,0
2025-06-24,N622FB,5,1289,2063.3824670287044220,0
2025-06-24,N625FB,23,955,1976.8324607329842932,0
2025-06-25,N625FB,0,1094,1973.9488117001828154,0
2025-06-25,N625FB,2,758,1918.5356200527704485,0
2025-06-25,N622FB,3,556,1853.1025179856115108,0
2025-06-25,N625FB,3,1091,1951.4894592117323556,0
2025-06-25,N621FB,4,48,1924.4791666666666667,0
2025-06-25,N622FB,4,1274,1742.2880690737833595,1600
2025-06-25,N621FB,5,1324,1922.3753776435045317,1700
2025-06-25,N622FB,5,55,1870.0000000000000000,0
2025-06-25,N621FB,22,858,2049.9417249417249417,0
2025-06-25,N621FB,23,694,1762.9682997118155620,0
2025-06-26,N622FB,1,225,2245.5555555555555556,0
2025-06-26,N622FB,2,877,2014.7947548460661345,1225
2025-06-26,N621FB,3,97,1877.3195876288659794,0
2025-06-26,N622FB,3,640,1995.0390625000000000,0
2025-06-26,N621FB,4,1388,1885.4106628242074928,1550
2025-06-26,N624FB,4,27,1836.1111111111111111,0
2025-06-26,N621FB,5,118,1843.6440677966101695,0
2025-06-26,N624FB,5,1369,1860.0620891161431702,1625
2025-06-26,N624FB,22,448,2127.6785714285714286,1675
2025-06-26,N624FB,23,1415,1902.1908127208480565,1650
2025-06-27,N624FB,0,196,2089.9234693877551020,1600
2025-06-27,N624FB,2,1364,2005.6818181818181818,0
2025-06-27,N621FB,3,597,1943.4673366834170854,0
2025-06-27,N624FB,3,717,1939.7489539748953975,0
2025-06-27,N621FB,4,1276,1849.4905956112852665,1600
2025-06-27,N625FB,4,1,0.00000000000000000000,0
2025-06-27,N621FB,5,163,2005.2147239263803681,0
2025-06-27,N625FB,5,1443,1818.8322938322938323,0
2025-06-27,N624FB,23,1254,2006.4792663476874003,0
2025-06-28,N624FB,0,1063,1912.3706491063029163,1575
2025-06-28,N624FB,1,47,1922.8723404255319149,1600
2025-06-28,N624FB,2,1104,2145.8333333333333333,0
2025-06-28,N625FB,3,615,1772.8861788617886179,0
2025-06-28,N621FB,4,6,1025.0000000000000000,0
2025-06-28,N625FB,4,1555,1679.2282958199356913,1575
2025-06-28,N621FB,5,1254,1887.5598086124401914,1600
2025-06-28,N625FB,5,469,1773.1343283582089552,1500
2025-06-28,N621FB,23,1242,1765.6400966183574879,0
2025-06-29,N621FB,0,620,1895.1209677419354839,0
2025-06-29,N621FB,1,738,1986.4837398373983740,0
2025-06-29,N621FB,2,1428,1788.8830532212885154,1550
2025-06-29,N621FB,3,709,1811.6008462623413258,0
2025-06-29,N622FB,3,660,1804.4318181818181818,0
2025-06-29,N622FB,4,1567,1835.0670070197830249,1600
2025-06-29,N621FB,5,1360,1809.3566176470588235,0
2025-06-29,N622FB,5,167,1975.7485029940119760,0
2025-06-30,N622FB,3,710,2154.7183098591549296,0
2025-06-30,N622FB,4,1337,1971.6903515332834705,1700
2025-06-30,N625FB,4,61,2029.0983606557377049,0
2025-06-30,N622FB,5,551,1930.8076225045372051,0
2025-06-30,N625FB,5,1363,2014.1049156272927366,1725
2025-06-30,N624FB,23,960,2118.9062500000000000,1700
2025-07-01,N624FB,0,866,2240.5600461893764434,0
2025-07-01,N624FB,2,1038,1944.9662813102119461,0
2025-07-01,N621FB,3,509,2067.0923379174852652,0
2025-07-01,N624FB,3,928,2059.3750000000000000,0
2025-07-01,N621FB,4,1341,1961.4280387770320656,1650
2025-07-01,N621FB,5,125,2044.8000000000000000,0
2025-07-01,N624FB,5,1367,2122.4213606437454279,0
2025-07-01,N621FB,23,1075,1973.5116279069767442,0
2025-07-02,N621FB,0,1484,2222.8099730458221024,1900
2025-07-02,N621FB,1,320,2208.4375000000000000,0
2025-07-02,N621FB,2,597,2162.9396984924623116,0
2025-07-02,N621FB,3,875,2291.8857142857142857,0
2025-07-02,N624FB,3,555,2017.8828828828828829,0
2025-07-02,N624FB,4,1310,1965.4198473282442748,1725
2025-07-02,N621FB,5,1197,2067.3350041771094403,0
2025-07-02,N624FB,5,104,1985.5769230769230769,0
2025-07-02,N623FB,23,1160,2046.5948275862068966,0
2025-07-03,N623FB,0,756,2101.0582010582010582,0
2025-07-03,N622FB,23,1136,2253.3450704225352113,0
2025-07-04,N622FB,0,723,1912.9668049792531120,0
2025-07-04,N622FB,2,1121,1828.3229259589652096,0
2025-07-04,N621FB,3,535,1891.2149532710280374,0
2025-07-04,N622FB,3,790,1818.4177215189873418,1525
2025-07-04,N621FB,4,1395,1885.4838709677419355,1500
2025-07-04,N623FB,4,1,0.00000000000000000000,0
2025-07-04,N621FB,5,274,1772.0802919708029197,0
2025-07-04,N623FB,5,379,1906.6622691292875989,0
2025-07-04,N624FB,23,951,1768.8485804416403785,0
2025-07-05,N624FB,0,324,1859.8765432098765432,0
2025-07-05,N624FB,2,1277,2032.4588880187940486,1450
2025-07-05,N623FB,3,662,1873.8670694864048338,0
2025-07-05,N624FB,3,684,1939.0350877192982456,0
2025-07-05,N623FB,4,1231,1935.8448415922014622,1575
2025-07-05,N622FB,5,1330,1726.9360902255639098,0
2025-07-05,N623FB,5,148,1947.9729729729729730,0
2025-07-05,N621FB,23,1141,1682.2962313759859772,0
2025-07-06,N621FB,0,801,1800.9363295880149813,0
2025-07-06,N621FB,2,1035,1905.2173913043478261,0
2025-07-06,N621FB,3,1140,1727.0175438596491228,0
2025-07-06,N623FB,3,557,1843.1777378815080790,0
2025-07-06,N622FB,4,64,1897.6562500000000000,0
2025-07-06,N623FB,4,1195,1820.5439330543933054,1475
2025-07-06,N622FB,5,1393,1803.6791098348887294,1625
2025-07-06,N623FB,5,199,1820.4773869346733668,0
2025-07-06,N621FB,23,1146,2040.9031413612565445,0
2025-07-07,N621FB,0,1023,1869.7458455522971652,1625
2025-07-07,N621FB,2,1129,1986.4924712134632418,0
2025-07-07,N621FB,3,840,2074.3750000000000000,1600
2025-07-07,N625FB,3,525,1893.0952380952380952,0
2025-07-07,N625FB,4,1308,1770.3555045871559633,1475
2025-07-07,N623FB,5,1303,1923.9255564082885649,0
2025-07-07,N625FB,5,346,1851.1560693641618497,1575
2025-07-07,N621FB,23,988,2018.5728744939271255,1500
2025-07-08,N621FB,0,654,1974.1590214067278287,0
2025-07-08,N621FB,2,1188,1719.0446127946127946,0
2025-07-08,N621FB,3,1019,1924.9263984298331698,0
2025-07-08,N624FB,3,579,1914.5509499136442142,0
2025-07-08,N623FB,4,9,1347.2222222222222222,0
2025-07-08,N624FB,4,1414,1830.9405940594059406,1500
2025-07-08,N623FB,5,1439,1704.9861014593467686,1525
2025-07-08,N624FB,5,57,1737.2807017543859649,0
2025-07-08,N621FB,23,1134,1947.3104056437389771,0
2025-07-09,N621FB,0,932,1956.9474248927038627,0
2025-07-09,N621FB,2,1156,1990.2681660899653979,0
2025-07-09,N621FB,3,242,1995.5578512396694215,0
2025-07-09,N625FB,3,256,1706.7382812500000000,0
2025-07-09,N625FB,4,1515,1873.4488448844884488,1450
2025-07-09,N621FB,5,1312,1835.5564024390243902,0
2025-07-09,N625FB,5,755,1876.3245033112582781,0
2025-07-10,N624FB,3,451,1979.2682926829268293,0
2025-07-10,N624FB,4,1246,1924.7191011235955056,1500
2025-07-10,N623FB,5,1341,1897.4645786726323639,1575
2025-07-10,N624FB,5,206,1926.9417475728155340,0
2025-07-10,N621FB,22,35,1837.8571428571428571,0
2025-07-10,N621FB,23,1394,2168.9383070301291248,1775
2025-07-11,N621FB,0,614,2287.0928338762214984,0
2025-07-11,N621FB,1,508,2105.4133858267716535,1650
2025-07-11,N621FB,2,1474,2097.7272727272727273,1700
2025-07-11,N621FB,3,488,2135.2459016393442623,1650
2025-07-11,N624FB,3,649,2031.4714946070878274,0
2025-07-11,N624FB,4,1452,1878.9600550964187328,1675
2025-07-11,N623FB,5,1182,1898.0752961082910321,0
2025-07-11,N624FB,5,359,2011.8384401114206128,0
2025-07-11,N621FB,22,32,1778.1250000000000000,0
2025-07-11,N621FB,23,1416,2097.2987288135593220,1625
2025-07-12,N621FB,0,574,2223.7804878048780488,0
2025-07-12,N621FB,2,1184,1969.5312500000000000,0
2025-07-12,N621FB,3,878,2276.4236902050113895,0
2025-07-12,N624FB,3,722,2118.6980609418282548,0
2025-07-12,N624FB,4,1509,2018.0583167660702452,1850
2025-07-12,N623FB,5,1326,1811.7647058823529412,0
2025-07-12,N624FB,5,243,1956.9958847736625514,0
2025-07-12,N621FB,23,1387,2030.5335255948089402,0
2025-07-13,N621FB,0,436,1877.4082568807339450,0
2025-07-13,N621FB,2,1355,1980.7564575645756458,0
2025-07-13,N621FB,3,913,1797.9189485213581599,0
2025-07-13,N624FB,3,577,2005.4592720970537262,0
2025-07-13,N624FB,4,1303,2015.5602455871066769,1800
2025-07-13,N623FB,5,1332,1876.2387387387387387,0
2025-07-13,N624FB,5,163,1948.0061349693251534,0
2025-07-13,N621FB,22,66,1919.3181818181818182,0
2025-07-13,N621FB,23,1248,2052.4238782051282051,1775
2025-07-14,N621FB,0,583,1924.3138936535162950,0
2025-07-14,N621FB,2,1356,1945.8702064896755162,0
2025-07-14,N621FB,3,948,2041.3502109704641350,0
2025-07-14,N624FB,3,589,2026.5704584040747029,0
2025-07-14,N624FB,4,1189,1994.2388561816652649,1600
2025-07-14,N623FB,5,1265,1913.5770750988142292,0
2025-07-14,N624FB,5,382,1991.2958115183246073,0
2025-07-14,N621FB,23,1114,1973.3617594254937163,0
2025-07-15,N621FB,0,326,1819.7085889570552147,0
2025-07-15,N621FB,2,1083,1795.9833795013850416,0
2025-07-15,N621FB,3,297,2011.7003367003367003,0
2025-07-15,N622FB,3,592,1797.7618243243243243,0
2025-07-15,N622FB,4,1223,1787.2853638593622240,1550
2025-07-15,N622FB,5,127,2007.0866141732283465,0
2025-07-15,N623FB,5,1154,2018.0459272097053726,0
2025-07-15,N623FB,22,308,1886.6071428571428571,0
2025-07-15,N623FB,23,1284,1922.0599688473520249,0
2025-07-16,N623FB,0,633,2114.0995260663507109,0
2025-07-16,N623FB,2,1080,1846.8055555555555556,0
2025-07-16,N621FB,3,397,2021.7254408060453401,0
2025-07-16,N623FB,3,536,2053.3582089552238806,0
2025-07-16,N621FB,4,1321,1894.3981831945495836,1575
2025-07-16,N621FB,5,170,2010.5882352941176471,0
2025-07-16,N625FB,5,1241,2048.5898468976631749,0
2025-07-16,N625FB,23,1026,1995.1510721247563353,0
2025-07-17,N625FB,0,121,1938.4297520661157025,0
2025-07-17,N623FB,3,197,1859.3908629441624365,1500
2025-07-17,N623FB,4,1206,1731.9237147595356551,1500
2025-07-17,N623FB,5,175,1978.1428571428571429,0
2025-07-17,N625FB,5,1059,1908.6638338054768650,0
2025-07-17,N625FB,23,908,2336.4537444933920705,0
2025-07-18,N625FB,0,1325,2112.8301886792452830,1650
2025-07-18,N625FB,1,332,1836.5210843373493976,0
2025-07-18,N625FB,2,850,1983.0000000000000000,0
2025-07-18,N623FB,3,671,2081.8926974664679583,0
2025-07-18,N625FB,3,1070,2072.2429906542056075,1550
2025-07-18,N623FB,4,1380,2101.1231884057971014,1725
2025-07-18,N623FB,5,407,2249.5085995085995086,0
2025-07-18,N625FB,5,1176,1724.0221088435374150,0
2025-07-18,N623FB,22,182,1903.9835164835164835,0
2025-07-18,N624FB,23,130,1773.0769230769230769,0
2025-07-19,N623FB,0,1186,1945.5522765598650927,0
2025-07-19,N623FB,1,48,1767.1875000000000000,0
2025-07-19,N622FB,2,749,1727.9038718291054740,0
2025-07-19,N622FB,3,1180,1824.6398305084745763,0
2025-07-19,N625FB,4,47,1745.2127659574468085,0
2025-07-19,N625FB,5,1324,1990.9176737160120846,1650
2025-07-19,N623FB,22,18,1716.6666666666666667,0
2025-07-19,N623FB,23,986,1983.1643002028397566,0
2025-07-20,N623FB,0,637,1963.5792778649921507,0
2025-07-20,N623FB,2,1221,1940.0900900900900901,1175
2025-07-20,N624FB,2,321,2202.5700934579439252,0
2025-07-20,N623FB,3,339,2106.2684365781710914,0
2025-07-20,N624FB,3,1325,1949.0000000000000000,1375
2025-07-20,N624FB,4,1438,1941.3421418636995828,1700
2025-07-20,N624FB,5,144,1983.6805555555555556,0
2025-07-20,N625FB,5,1331,1850.0375657400450789,0
2025-07-20,N623FB,23,1000,1856.2250000000000000,0
2025-07-21,N623FB,0,728,1873.2142857142857143,0
2025-07-21,N623FB,2,1242,1916.0225442834138486,0
2025-07-21,N623FB,3,895,1912.1787709497206704,0
2025-07-21,N624FB,3,1053,2053.8461538461538462,0
2025-07-21,N624FB,4,1363,1800.8253851797505503,1525
2025-07-21,N624FB,5,439,1940.8883826879271071,0
2025-07-21,N625FB,5,1216,1943.3799342105263158,0
2025-07-21,N623FB,22,673,1880.9435364041604755,0
2025-07-21,N623FB,23,970,1942.2680412371134021,0
2025-07-22,N623FB,2,107,2040.8878504672897196,0
2025-07-22,N621FB,3,677,2000.1846381093057607,0
2025-07-22,N623FB,3,1040,1979.0865384615384615,0
2025-07-22,N621FB,4,668,1805.8008982035928144,1525
2025-07-22,N623FB,5,473,1790.9619450317124736,1200
2025-07-22,N625FB,23,942,2034.8726114649681529,0
2025-07-23,N625FB,0,628,2001.2340764331210191,0
2025-07-23,N625FB,2,1062,2028.1073446327683616,0
2025-07-23,N621FB,3,632,1949.9604430379746835,0
2025-07-23,N625FB,3,1239,1935.4923325262308313,0
2025-07-23,N621FB,4,1338,2184.9775784753363229,1575
2025-07-23,N621FB,5,203,2050.3694581280788177,0
2025-07-23,N625FB,5,605,2102.3966942148760331,0
2025-07-23,N622FB,22,781,2025.1920614596670935,0
2025-07-23,N625FB,22,1229,1801.7290480065093572,1475
2025-07-23,N622FB,23,429,2190.5011655011655012,0
2025-07-23,N625FB,23,888,1770.1858108108108108,0
2025-07-24,N625FB,1,139,2100.0000000000000000,1475
2025-07-24,N625FB,2,1606,2121.6220423412204234,1775
2025-07-24,N624FB,3,559,1855.5903398926654741,0
2025-07-24,N625FB,3,1036,1945.7046332046332046,1475
2025-07-24,N624FB,4,1319,1940.4283548142532221,1550
2025-07-24,N624FB,5,490,1821.4285714285714286,0
2025-07-24,N625FB,5,1416,1766.1899717514124294,1475
2025-07-25,N625FB,2,1359,2108.9036055923473142,0
2025-07-25,N621FB,3,673,1882.1693907875185736,0
2025-07-25,N625FB,3,881,1801.4755959137343927,0
2025-07-25,N621FB,4,1085,1844.0552995391705069,1475
2025-07-25,N621FB,5,151,1935.2649006622516556,0
2025-07-25,N623FB,5,1233,1937.3682076236820762,0
2025-07-25,N623FB,22,136,2045.2205882352941176,0
2025-07-25,N623FB,23,1309,1991.0427807486631016,1700
2025-07-26,N623FB,0,596,1914.9748322147651007,0
2025-07-26,N623FB,1,38,1898.0263157894736842,0
2025-07-26,N623FB,2,1508,2036.8534482758620690,0
2025-07-26,N621FB,3,622,1900.4019292604501608,0
2025-07-26,N623FB,3,1250,1967.4400000000000000,0
2025-07-26,N621FB,4,1414,1975.4950495049504950,1525
2025-07-26,N621FB,5,430,1879.6511627906976744,0
2025-07-26,N625FB,5,1371,1795.7695113056163384,0
2025-07-26,N622FB,23,1140,2651.3377192982456140,0
2025-07-27,N622FB,0,329,2079.7112462006079027,0
2025-07-27,N622FB,1,508,1958.5629921259842520,0
2025-07-27,N622FB,2,1505,2080.3820598006644518,1600
2025-07-27,N621FB,3,617,2110.9400324149108590,0
2025-07-27,N622FB,3,166,1936.1445783132530120,0
2025-07-27,N621FB,4,1369,1985.0986121256391527,1550
2025-07-27,N621FB,5,448,1823.9955357142857143,0
2025-07-27,N625FB,5,1220,1897.7868852459016393,0
2025-07-27,N623FB,23,954,1868.1603773584905660,0
2025-07-28,N623FB,0,1502,2013.7816245006657790,0
2025-07-28,N623FB,1,3,0.00000000000000000000,0
2025-07-28,N623FB,2,982,2048.1415478615071283,0
2025-07-28,N621FB,3,63,1993.2539682539682540,0
2025-07-28,N623FB,3,951,2210.7255520504731861,0
2025-07-28,N621FB,4,1345,2138.3828996282527881,1575
2025-07-28,N621FB,5,1207,2491.4457332228666114,0
2025-07-28,N625FB,5,991,1848.0070635721493441,0
2025-07-28,N625FB,23,827,2021.0096735187424426,0
2025-07-29,N625FB,0,1035,1869.9275362318840580,0
2025-07-29,N625FB,2,1042,1960.1727447216890595,0
2025-07-29,N623FB,3,586,1766.0409556313993174,0
2025-07-29,N625FB,3,1235,1918.7449392712550607,0
2025-07-29,N623FB,4,1286,1667.3794712286158631,1400
2025-07-29,N623FB,5,144,1867.7083333333333333,0
2025-07-29,N625FB,5,1255,1825.1195219123505976,0
2025-07-29,N624FB,23,1357,1872.6787030213706706,0
2025-07-30,N624FB,0,665,1975.7518796992481203,0
2025-07-30,N624FB,2,933,1872.7224008574490890,0
2025-07-30,N621FB,3,627,1889.9122807017543860,0
2025-07-30,N624FB,3,943,1896.8981972428419936,0
2025-07-30,N621FB,4,1294,1772.4690880989180835,1525
2025-07-30,N621FB,5,281,1788.6120996441281139,1500
2025-07-30,N625FB,5,1506,2045.3187250996015936,0
2025-07-30,N624FB,23,962,1962.6819126819126819,0
2025-07-31,N624FB,0,4,393.7500000000000000,0
2025-07-31,N624FB,2,292,1817.6369863013698630,0
2025-07-31,N621FB,3,545,1747.4311926605504587,0
2025-07-31,N624FB,3,1116,1920.9005376344086022,0
2025-07-31,N621FB,4,1288,1709.3944099378881988,1475
2025-07-31,N621FB,5,118,1868.2203389830508475,1500
2025-07-31,N625FB,5,1415,1921.0424028268551237,0
2025-07-31,N623FB,22,193,1873.0569948186528497,0
2025-07-31,N623FB,23,1534,1829.9706649282920469,1600
2025-08-01,N623FB,0,360,1934.0277777777777778,0
2025-08-01,N623FB,2,1366,1949.3045387994143485,0
2025-08-01,N621FB,3,629,1927.5834658187599364,0
2025-08-01,N623FB,3,846,2008.0082742316784870,0
2025-08-01,N621FB,4,1414,1963.2072135785007072,1500
2025-08-01,N621FB,5,325,1805.2307692307692308,0
2025-08-01,N625FB,5,1208,1806.1051324503311258,0
2025-08-01,N623FB,23,1440,1912.5347222222222222,0
2025-08-02,N623FB,0,582,1847.4226804123711340,0
2025-08-02,N623FB,1,676,1649.5931952662721893,0
2025-08-02,N621FB,2,693,2841.3780663780663781,0
2025-08-02,N623FB,2,551,1892.5589836660617060,1450
2025-08-02,N621FB,3,7,1632.1428571428571429,1425
2025-08-02,N621FB,4,1379,1742.4764321972443800,1350
2025-08-02,N621FB,5,109,1805.9633027522935780,0
2025-08-02,N625FB,5,1445,1802.1107266435986159,0
2025-08-02,N623FB,22,1,0.00000000000000000000,0
2025-08-02,N623FB,23,1514,1949.5376486129458388,0
2025-08-03,N623FB,0,560,2074.3303571428571429,0
2025-08-03,N623FB,2,1426,2010.1858345021037868,0
2025-08-03,N621FB,3,612,1792.4019607843137255,0
2025-08-03,N623FB,3,736,1859.0353260869565217,1500
2025-08-03,N621FB,4,1368,1861.8238304093567251,1600
2025-08-03,N621FB,5,189,1966.6666666666666667,0
2025-08-03,N625FB,5,1200,1828.7083333333333333,1475
2025-08-03,N621FB,23,1067,1812.3242736644798500,0
2025-08-04,N621FB,0,873,1728.9232531500572738,0
2025-08-04,N621FB,2,964,1926.9709543568464730,0
2025-08-04,N621FB,3,1188,1875.0631313131313131,0
2025-08-04,N623FB,3,624,1758.8141025641025641,0
2025-08-04,N623FB,4,1274,1849.0188383045525903,1600
2025-08-04,N623FB,5,427,1852.6346604215456674,0
2025-08-04,N625FB,5,1142,2132.0490367775831874,0
2025-08-04,N621FB,23,1030,2146.0679611650485437,1600
2025-08-05,N621FB,0,672,1997.9538690476190476,1625
2025-08-05,N621FB,2,1242,1928.6835748792270531,0
2025-08-05,N621FB,3,989,1987.6643073811931244,0
2025-08-05,N625FB,3,633,1790.1658767772511848,0
2025-08-05,N625FB,4,1276,1756.0148902821316614,1575
2025-08-05,N621FB,5,1313,2120.6016755521706017,0
2025-08-05,N625FB,5,163,1919.0184049079754601,1550
2025-08-05,N621FB,23,824,1907.7973300970873786,0
2025-08-06,N621FB,0,660,1874.0151515151515152,0
2025-08-06,N621FB,2,905,1816.8232044198895028,0
2025-08-06,N621FB,3,785,1897.5159235668789809,0
2025-08-06,N622FB,3,590,1875.5084745762711864,0
2025-08-06,N622FB,4,1343,1896.3700670141474311,1500
2025-08-06,N622FB,5,100,1850.7500000000000000,0
2025-08-06,N623FB,5,1321,1895.8932626797880394,0
2025-08-06,N621FB,23,1307,1792.8462127008416220,0
2025-08-07,N621FB,0,792,1929.8611111111111111,0
2025-08-07,N621FB,2,1206,1946.6625207296849088,0
2025-08-07,N621FB,3,978,1904.7801635991820041,0
2025-08-07,N623FB,3,498,1759.5883534136546185,0
2025-08-07,N623FB,4,1377,1832.6071169208424110,1400
2025-08-07,N621FB,5,1339,1814.3577296489917849,0
2025-08-07,N623FB,5,128,2232.6171875000000000,1500
2025-08-08,N621FB,1,444,2088.7387387387387387,0
2025-08-08,N621FB,2,1713,2305.7355516637478109,2100
2025-08-08,N621FB,3,214,1948.3644859813084112,0
2025-08-08,N623FB,3,577,1976.0831889081455806,0
2025-08-08,N622FB,4,1,1550.0000000000000000,1550
2025-08-08,N623FB,4,1424,2246.6994382022471910,1675
2025-08-08,N622FB,5,1398,1901.3412017167381974,1575
2025-08-08,N623FB,5,55,1777.2727272727272727,0
2025-08-08,N622FB,22,145,2154.1379310344827586,0
2025-08-08,N622FB,23,1345,1964.7397769516728625,1600
2025-08-09,N622FB,0,401,2031.5461346633416459,0
2025-08-09,N622FB,1,5,1305.0000000000000000,0
2025-08-09,N622FB,2,1432,1912.0286312849162011,0
2025-08-09,N621FB,3,554,1967.8249097472924188,0
2025-08-09,N622FB,3,911,2101.7014270032930845,0
2025-08-09,N621FB,4,1384,1955.2023121387283237,1725
2025-08-09,N621FB,5,111,1922.7477477477477477,0
2025-08-09,N623FB,5,1285,1901.7509727626459144,0
2025-08-09,N622FB,22,2,800.0000000000000000,0
2025-08-09,N622FB,23,1127,2160.4259094942324756,1600
2025-08-10,N622FB,0,875,1968.5428571428571429,0
2025-08-10,N622FB,2,1342,2094.7280178837555887,0
2025-08-10,N621FB,3,735,1964.6938775510204082,0
2025-08-10,N622FB,3,772,2152.9145077720207254,0
2025-08-10,N621FB,4,1352,1901.9230769230769231,1625
2025-08-10,N621FB,5,159,2071.0691823899371069,0
2025-08-10,N623FB,5,1585,2175.2365930599369085,0
2025-08-10,N621FB,23,662,1934.6299093655589124,0
2025-08-11,N621FB,0,1465,2084.3344709897610922,1775
2025-08-11,N621FB,1,625,2262.9600000000000000,0
2025-08-11,N621FB,2,1162,1965.5335628227194492,0
2025-08-11,N621FB,3,751,1969.2743009320905459,0
2025-08-11,N625FB,3,835,1807.0958083832335329,0
2025-08-11,N623FB,4,15,1630.0000000000000000,0
2025-08-11,N625FB,4,1127,1769.8979591836734694,1600
2025-08-11,N623FB,5,1338,1852.0926756352765321,1600
2025-08-11,N625FB,5,308,1812.8246753246753247,1550
2025-08-11,N623FB,23,1088,1885.4549632352941176,0
2025-08-12,N623FB,0,867,2030.5940023068050750,0
2025-08-12,N623FB,2,1168,1911.9006849315068493,1625
2025-08-12,N622FB,3,606,2071.5759075907590759,0
2025-08-12,N623FB,3,1434,2057.1129707112970711,1600
2025-08-12,N622FB,4,1326,1918.7971342383107089,1550
2025-08-12,N623FB,4,392,2073.7244897959183673,0
2025-08-12,N622FB,5,67,1936.1940298507462687,0
2025-08-12,N623FB,5,1413,1921.3906581740976645,0
2025-08-13,N621FB,2,1339,2652.1657953696788648,0
2025-08-13,N621FB,3,1451,2838.3700895933838732,0
2025-08-13,N623FB,3,687,2728.2751091703056769,0
2025-08-13,N623FB,4,1546,2455.6597671410090556,1750
2025-08-13,N623FB,5,158,1972.4683544303797468,0
2025-08-13,N625FB,5,1382,1979.2691751085383502,0
2025-08-13,N621FB,22,56,1997.7678571428571429,0
2025-08-13,N621FB,23,1356,2176.0140117994100295,1700
2025-08-14,N621FB,0,1383,2021.6015907447577730,0
2025-08-14,N621FB,2,1002,2182.9840319361277445,0
2025-08-14,N621FB,23,1515,2104.0429042904290429,0
2025-08-15,N621FB,0,555,2094.0990990990990991,0
2025-08-15,N621FB,2,1251,2057.6538768984812150,0
2025-08-15,N621FB,3,565,2207.1238938053097345,0
2025-08-15,N621FB,22,296,2121.1993243243243243,1500
2025-08-15,N621FB,23,1519,2058.9038841342988808,1700
2025-08-16,N621FB,0,67,1848.1343283582089552,0
2025-08-16,N621FB,2,1285,2000.6420233463035019,0
2025-08-16,N621FB,3,848,1970.8726415094339623,0
2025-08-16,N622FB,3,650,1959.3846153846153846,0
2025-08-16,N622FB,4,1404,1785.7371794871794872,0
2025-08-16,N622FB,5,189,1804.2328042328042328,0
2025-08-16,N623FB,5,1391,1753.8461538461538462,0
2025-08-16,N621FB,22,59,1886.0169491525423729,0
2025-08-16,N621FB,23,1490,1895.7718120805369128,1625
2025-08-17,N621FB,0,457,2093.8730853391684902,0
2025-08-17,N621FB,1,55,1815.0000000000000000,0
2025-08-17,N621FB,2,1454,1989.0990371389270977,1575
2025-08-17,N621FB,3,819,1992.3687423687423687,0
2025-08-17,N622FB,3,662,1684.9697885196374622,0
2025-08-17,N622FB,4,1442,1757.0388349514563107,1450
2025-08-17,N622FB,5,252,1874.4047619047619048,0
2025-08-17,N623FB,5,1282,1754.7581903276131045,0
2025-08-17,N621FB,22,1,0.00000000000000000000,0
2025-08-17,N621FB,23,1178,2080.4966044142614601,0
2025-08-18,N621FB,0,856,1828.8843457943925234,0
2025-08-18,N621FB,2,822,1968.2785888077858881,0
2025-08-18,N621FB,3,855,1989.4736842105263158,0
2025-08-18,N622FB,3,664,1824.6987951807228916,0
2025-08-18,N622FB,4,1280,1785.6835937500000000,1525
2025-08-18,N623FB,4,1,0.00000000000000000000,0
2025-08-18,N622FB,5,61,1833.6065573770491803,0
2025-08-18,N623FB,5,1490,1939.2953020134228188,0
2025-08-18,N621FB,23,1169,2011.8477331052181352,0
2025-08-19,N621FB,0,692,2033.8511560693641618,0
2025-08-19,N621FB,2,1246,1903.6316211878009631,1550
2025-08-19,N621FB,3,822,1866.5450121654501217,0
2025-08-19,N622FB,3,562,1899.0213523131672598,0
2025-08-19,N622FB,4,1352,1910.7803254437869822,1650
2025-08-19,N622FB,5,174,1854.5977011494252874,0
2025-08-19,N623FB,5,1161,2020.6503014642549526,0
2025-08-19,N621FB,23,1021,1889.9853085210577865,0
2025-08-20,N621FB,0,621,1851.8518518518518519,0
2025-08-20,N621FB,2,1244,1885.1085209003215434,0
2025-08-20,N621FB,3,873,1840.6071019473081329,0
2025-08-20,N624FB,3,565,1790.5752212389380531,0
2025-08-20,N624FB,4,1137,1800.6376429199648197,1600
2025-08-20,N624FB,5,198,1889.3939393939393939,0
2025-08-20,N625FB,5,1454,2122.2317744154057772,0
2025-08-20,N621FB,22,7,1582.1428571428571429,0
2025-08-20,N624FB,22,1154,1913.6265164644714038,0
2025-08-20,N621FB,23,1356,1968.5656342182890855,1625
2025-08-21,N621FB,0,793,2017.4968474148802018,0
2025-08-21,N621FB,2,1152,2070.8333333333333333,0
2025-08-21,N621FB,3,885,2044.1242937853107345,1575
2025-08-21,N623FB,3,562,1958.4074733096085409,0
2025-08-21,N623FB,4,1277,1945.5364134690681284,1625
2025-08-21,N623FB,5,84,1822.3214285714285714,0
2025-08-21,N621FB,22,29,1583.6206896551724138,0
2025-08-22,N621FB,4,1,0.00000000000000000000,0
2025-08-22,N621FB,5,1360,1960.7536764705882353,1525
2025-08-22,N621FB,22,1,0.00000000000000000000,0
2025-08-22,N621FB,23,1251,1938.5291766586730616,1575
2025-08-23,N621FB,0,489,2188.9059304703476483,0
2025-08-23,N621FB,2,1320,2037.7272727272727273,0
2025-08-23,N621FB,3,865,2164.8554913294797688,0
2025-08-23,N623FB,3,606,1980.1567656765676568,0
2025-08-23,N623FB,4,1458,1915.6550068587105624,1575
2025-08-23,N621FB,5,1050,1777.5238095238095238,0
2025-08-23,N623FB,5,199,2141.8341708542713568,0
2025-08-23,N621FB,22,36,1855.5555555555555556,0
2025-08-23,N621FB,23,1478,2093.8261163734776725,0
2025-08-24,N621FB,0,359,2175.4178272980501393,0
2025-08-24,N621FB,2,1328,2109.9585843373493976,0
2025-08-24,N621FB,3,1133,1934.1571050308914387,0
2025-08-24,N624FB,3,577,2059.9220103986135182,0
2025-08-24,N624FB,4,1425,1888.9649122807017544,1575
2025-08-24,N621FB,5,1324,1776.6616314199395770,0
2025-08-24,N624FB,5,354,1763.4887005649717514,0
2025-08-25,N621FB,3,619,1954.0791599353796446,0
2025-08-25,N621FB,4,1426,1895.1086956521739130,1600
2025-08-25,N621FB,5,113,2025.6637168141592920,0
2025-08-25,N623FB,5,1219,1946.9852337981952420,1550
2025-08-25,N623FB,23,1243,1943.6444086886564763,0
2025-08-26,N623FB,0,563,1803.3303730017761989,0
2025-08-26,N625FB,3,369,2174.4579945799457995,0
2025-08-26,N625FB,4,1164,2035.9750859106529210,1350
2025-08-26,N623FB,5,1329,1859.1986455981941309,0
2025-08-26,N625FB,5,348,1636.6379310344827586,0
2025-08-26,N623FB,23,1131,1821.1096374889478338,0
2025-08-27,N623FB,0,575,1914.0000000000000000,0
2025-08-27,N623FB,2,1189,1704.2893187552565181,0
2025-08-27,N623FB,3,889,1809.5050618672665917,0
2025-08-27,N625FB,3,593,1898.4401349072512648,0
2025-08-27,N625FB,4,399,1987.2807017543859649,0
2025-08-27,N625FB,23,1114,2038.6445242369838420,0
2025-08-28,N625FB,0,740,2097.9054054054054054,1475
2025-08-28,N625FB,2,1227,1864.1198044009779951,0
2025-08-28,N621FB,3,490,1809.2857142857142857,0
2025-08-28,N625FB,3,1089,1955.2800734618916437,0
2025-08-28,N621FB,4,1364,1719.7214076246334311,1375
2025-08-28,N621FB,5,235,1831.0638297872340426,0
2025-08-28,N623FB,5,1391,2011.2868439971243710,0
2025-08-28,N625FB,22,386,2220.3367875647668394,0
2025-08-28,N625FB,23,1348,2068.8241839762611276,0
2025-08-29,N625FB,0,70,1998.2142857142857143,0
2025-08-29,N625FB,2,1426,1909.5897615708274895,0
2025-08-29,N623FB,3,677,1704.6898079763663220,0
2025-08-29,N625FB,3,984,1991.4126016260162602,0
2025-08-29,N621FB,4,77,1975.3246753246753247,0
2025-08-29,N623FB,4,668,2346.7065868263473054,1475
2025-08-29,N621FB,5,1350,1969.2592592592592593,1575
2025-08-29,N623FB,5,101,1693.5643564356435644,0
2025-08-29,N623FB,22,31,1758.8709677419354839,0
2025-08-29,N623FB,23,1307,1934.0091813312930375,0
2025-08-30,N623FB,0,531,1837.6647834274952919,0
2025-08-30,N623FB,1,36,1860.4166666666666667,0
2025-08-30,N623FB,2,1389,2008.2253419726421886,1600
2025-08-30,N623FB,3,757,1857.6287978863936592,0
2025-08-30,N625FB,3,720,1723.2291666666666667,0
2025-08-30,N625FB,4,1220,2022.6434426229508197,1600
2025-08-30,N623FB,5,1205,1796.7219917012448133,0
2025-08-30,N625FB,5,548,1873.8594890510948905,0
2025-08-30,N623FB,22,7,1453.5714285714285714,0
2025-08-30,N623FB,23,1444,2002.4065096952908587,1625
2025-08-31,N623FB,0,558,1966.7114695340501792,0
2025-08-31,N623FB,1,31,1985.4838709677419355,0
2025-08-31,N623FB,2,1302,1977.4193548387096774,1600
2025-08-31,N623FB,3,836,2066.6267942583732057,0
2025-08-31,N625FB,3,629,1848.9268680445151033,0
2025-08-31,N625FB,4,1420,1959.1373239436619718,1650
2025-08-31,N623FB,5,993,1979.7079556898288016,0
2025-08-31,N625FB,5,321,1975.7009345794392523,0
2025-08-31,N623FB,23,991,1981.4581231079717457,0
2025-09-01,N623FB,0,744,1912.5000000000000000,0
2025-09-01,N623FB,2,1291,2134.7017815646785438,0
2025-09-01,N623FB,3,980,1930.5357142857142857,0
2025-09-01,N621FB,5,974,1869.8921971252566735,0
2025-09-01,N621FB,23,1185,2009.8312236286919831,0
2025-09-02,N621FB,0,591,1904.5685279187817259,0
2025-09-02,N621FB,2,332,2049.6234939759036145,0
2025-09-02,N621FB,3,1334,1977.0614692653673163,1475
2025-09-02,N623FB,3,923,1772.6435536294691224,0
2025-09-02,N623FB,4,1354,1815.6942392909896603,1550
2025-09-02,N623FB,5,536,1947.1548507462686567,0
2025-09-02,N625FB,5,1406,1985.6152204836415363,0
2025-09-02,N621FB,23,1198,1859.1819699499165275,0
2025-09-03,N621FB,0,673,1875.4829123328380386,0
2025-09-03,N621FB,2,1066,1929.9249530956848030,0
2025-09-03,N621FB,3,383,1945.6266318537859008,0
2025-09-03,N625FB,3,65,1938.8461538461538462,0
2025-09-03,N625FB,4,1323,1830.6122448979591837,1600
2025-09-03,N621FB,5,1090,1928.3944954128440367,0
2025-09-03,N625FB,5,837,1976.3142174432497013,1475
2025-09-03,N625FB,23,1041,1904.8511047070124880,0
2025-09-04,N625FB,0,1227,1944.3561532192339038,1625
2025-09-04,N625FB,1,478,1752.7719665271966527,0
2025-09-04,N625FB,2,884,1947.5395927601809955,1700
2025-09-04,N621FB,3,265,2000.1886792452830189,1525
2025-09-04,N625FB,3,893,1747.6203807390817469,1500
2025-09-04,N625FB,23,955,1953.8219895287958115,1600
2025-09-05,N625FB,1,22,1985.2272727272727273,1725
2025-09-05,N625FB,2,1596,1919.1416040100250627,1650
2025-09-05,N621FB,3,662,1853.9274924471299094,1575
2025-09-05,N625FB,3,1263,1845.7442596991290578,1575
2025-09-05,N621FB,4,1478,1879.8883626522327470,1575
2025-09-05,N621FB,5,132,1934.4696969696969697,1525
2025-09-05,N623FB,5,1287,1833.3139083139083139,1525
2025-09-05,N625FB,23,1141,2092.0245398773006135,1600
2025-09-06,N625FB,0,787,2103.6213468869123253,1625
2025-09-06,N625FB,2,1222,2158.2242225859247136,1825
2025-09-06,N621FB,3,631,2038.7083993660855784,1750
2025-09-06,N625FB,3,796,2323.8379396984924623,1575
2025-09-06,N621FB,4,1468,1896.7302452316076294,1650
2025-09-06,N621FB,5,201,2010.0746268656716418,1550
2025-09-06,N623FB,5,1186,1910.8768971332209106,1525
2025-09-06,N625FB,23,1416,2027.9307909604519774,1700
2025-09-07,N625FB,0,1170,1866.2606837606837607,1500
2025-09-07,N625FB,2,1304,1911.0429447852760736,1525
2025-09-07,N621FB,3,590,1685.8050847457627119,1500
2025-09-07,N625FB,3,720,2081.2500000000000000,1200
2025-09-07,N621FB,4,1371,1656.7104303428154632,1450
2025-09-07,N621FB,5,92,2035.3260869565217391,1450
2025-09-07,N623FB,5,1407,1738.4506041222459133,1500
2025-09-07,N625FB,22,58,1925.0000000000000000,1625
2025-09-07,N625FB,23,704,1920.0994318181818182,0
2025-09-08,N625FB,0,761,1882.4572930354796321,1450
2025-09-08,N625FB,2,892,1826.0369955156950673,1575
2025-09-08,N621FB,3,664,1702.1837349397590361,1425
2025-09-08,N625FB,3,1058,1840.7372400756143667,1500
2025-09-08,N621FB,4,1342,1586.2146050670640835,1450
2025-09-08,N621FB,5,504,1593.2539682539682540,1425
2025-09-08,N623FB,5,1394,1812.3385939741750359,1550
2025-09-08,N623FB,22,1300,2229.0192307692307692,1725
2025-09-08,N623FB,23,744,2203.7298387096774194,1575
2025-09-09,N623FB,1,14,1967.8571428571428571,1725
2025-09-09,N623FB,2,1420,1944.0845070422535211,1675
2025-09-09,N623FB,3,831,2002.0156438026474128,1575
2025-09-09,N623FB,5,1054,1951.2808349146110057,1475
2025-09-09,N623FB,23,793,2200.0000000000000000,1850
2025-09-10,N623FB,0,524,2050.5725190839694656,1750
2025-09-10,N623FB,2,1324,2033.6291540785498489,1675
2025-09-10,N621FB,3,552,1959.0126811594202899,1725
2025-09-10,N623FB,3,934,2216.3811563169164882,1675
2025-09-10,N621FB,4,1306,1823.4686064318529862,1650
2025-09-10,N623FB,4,19,2097.3684210526315789,1750
2025-09-10,N621FB,5,91,2120.8791208791208791,1675
2025-09-10,N623FB,5,1302,2236.1175115207373272,1725
2025-09-10,N621FB,23,1292,2076.9156346749226006,1750
2025-09-11,N621FB,0,625,2059.7600000000000000,1675
2025-09-11,N621FB,2,1291,2046.5724244771494965,1675
2025-09-11,N621FB,3,942,1971.5764331210191083,1600
2025-09-11,N623FB,3,572,2081.4685314685314685,1675
2025-09-11,N623FB,4,1293,1900.3286929621036350,1650
2025-09-11,N621FB,5,1390,2147.2482014388489209,1750
2025-09-11,N623FB,5,61,2022.9508196721311475,1600
2025-09-11,N621FB,22,11,2050.0000000000000000,1850
2025-09-11,N621FB,23,1270,2095.9645669291338583,1725
2025-09-12,N621FB,0,483,2275.7763975155279503,1675
2025-09-12,N621FB,2,1070,2251.1915887850467290,1600
2025-09-12,N621FB,3,940,1784.1489361702127660,1600
2025-09-12,N623FB,3,622,1959.2443729903536977,1650
2025-09-12,N623FB,4,1367,1862.3628383321141185,0
2025-09-12,N623FB,5,112,2018.7500000000000000,1575
2025-09-12,N625FB,5,1406,1870.0746799431009957,1625
2025-09-12,N623FB,22,774,1940.6976744186046512,0
2025-09-12,N623FB,23,1416,2159.2867231638418079,1550
2025-09-13,N623FB,0,60,1907.0833333333333333,0
2025-09-13,N623FB,1,49,2056.1224489795918367,0
2025-09-13,N623FB,2,1365,2092.5274725274725275,1600
2025-09-13,N621FB,3,637,1903.3359497645211931,0
2025-09-13,N623FB,3,888,1887.6407657657657658,0
2025-09-13,N621FB,4,1392,1954.7772988505747126,1550
2025-09-13,N621FB,5,64,1911.3281250000000000,0
2025-09-13,N623FB,5,1322,1880.0113464447806354,1550
2025-09-13,N624FB,22,1304,2006.9401840490797546,0
2025-09-13,N624FB,23,1462,2020.3659370725034200,0
2025-09-14,N624FB,1,527,2064.8007590132827324,0
2025-09-14,N624FB,2,1430,2063.4090909090909091,0
2025-09-14,N621FB,3,467,2089.9892933618843683,0
2025-09-14,N621FB,4,1651,2079.0430042398546336,1700
2025-09-14,N623FB,4,1,1525.0000000000000000,1525
2025-09-14,N621FB,5,268,1881.9962686567164179,0
2025-09-14,N623FB,5,1504,1927.2273936170212766,1550
2025-09-14,N624FB,23,2,2150.0000000000000000,2075
2025-09-15,N624FB,0,4,2118.7500000000000000,1725
2025-09-15,N624FB,2,4,2268.7500000000000000,2100
2025-09-15,N624FB,3,3,2350.0000000000000000,2125
2025-09-15,N624FB,5,6,2154.1666666666666667,1900
2025-09-15,N623FB,23,2,2237.5000000000000000,2200
2025-09-16,N623FB,0,10,2050.0000000000000000,1675
2025-09-16,N623FB,2,11,1843.1818181818181818,1575
2025-09-16,N623FB,3,8,1996.8750000000000000,1650
2025-09-16,N623FB,5,12,2010.4166666666666667,1750
2025-09-16,N625FB,23,11,1768.1818181818181818,0
2025-09-17,N625FB,0,5,1975.0000000000000000,1850
2025-09-17,N625FB,2,11,1852.2727272727272727,1625
2025-09-17,N623FB,3,6,1766.6666666666666667,1625
2025-09-17,N625FB,3,8,1937.5000000000000000,1750
2025-09-17,N623FB,4,12,1754.1666666666666667,1500
2025-09-17,N623FB,5,1,2025.0000000000000000,2025
2025-09-17,N624FB,5,12,2016.6666666666666667,1825
2025-09-17,N621FB,23,12,2045.8333333333333333,1850
2025-09-17,N623FB,23,3,2000.0000000000000000,1600
2025-09-18,N621FB,0,5,2045.0000000000000000,1750
2025-09-18,N621FB,2,11,1972.7272727272727273,1700
2025-09-18,N621FB,3,7,2600.0000000000000000,1900
2025-09-18,N623FB,3,7,1928.5714285714285714,1800
2025-09-18,N623FB,4,12,1866.6666666666666667,1600
2025-09-18,N621FB,5,8,1896.8750000000000000,1875
