Timestamp,UTC,Callsign,Position,Altitude,Speed,Direction
1752128934,2025-07-10T06:28:54Z,N624FB,"33.687,-112.073372",0,0,264
1752128941,2025-07-10T06:29:01Z,N624FB,"33.686947,-112.073723",0,0,267
1752128948,2025-07-10T06:29:08Z,N624FB,"33.686794,-112.073952",0,6,357
1752128961,2025-07-10T06:29:21Z,N624FB,"33.686829,-112.074562",1575,32,261
1752128963,2025-07-10T06:29:23Z,N624FB,"33.686783,-112.074951",1575,46,262
1752128965,2025-07-10T06:29:25Z,N624FB,"33.686687,-112.075592",1575,57,265
1752128968,2025-07-10T06:29:28Z,N624FB,"33.686646,-112.076523",1600,62,266
1752128970,2025-07-10T06:29:30Z,N624FB,"33.686642,-112.077194",1625,64,266
1752128972,2025-07-10T06:29:32Z,N624FB,"33.68655,-112.07811",1650,64,265
1752128974,2025-07-10T06:29:34Z,N624FB,"33.686508,-112.078934",1700,64,265
1752128976,2025-07-10T06:29:36Z,N624FB,"33.686462,-112.079605",1750,62,265
1752128979,2025-07-10T06:29:39Z,N624FB,"33.686409,-112.080345",1775,60,265
1752128981,2025-07-10T06:29:41Z,N624FB,"33.686371,-112.081116",1850,57,263
1752128983,2025-07-10T06:29:43Z,N624FB,"33.686272,-112.081718",1900,52,254
1752128985,2025-07-10T06:29:45Z,N624FB,"33.68605,-112.082298",1950,51,228
1752128988,2025-07-10T06:29:48Z,N624FB,"33.685547,-112.082687",2000,61,201
1752128990,2025-07-10T06:29:50Z,N624FB,"33.684769,-112.082909",2025,69,189
1752128992,2025-07-10T06:29:52Z,N624FB,"33.684128,-112.082977",2025,78,182
1752128995,2025-07-10T06:29:55Z,N624FB,"33.683151,-112.082977",2050,82,180
1752128997,2025-07-10T06:29:57Z,N624FB,"33.682358,-112.082977",2050,86,179
1752128999,2025-07-10T06:29:59Z,N624FB,"33.681709,-112.082916",2050,90,178
1752129001,2025-07-10T06:30:01Z,N624FB,"33.680779,-112.082916",2075,94,179
1752129003,2025-07-10T06:30:03Z,N624FB,"33.679688,-112.082909",2075,97,179
1752129005,2025-07-10T06:30:05Z,N624FB,"33.678589,-112.082909",2075,100,180
1752129007,2025-07-10T06:30:07Z,N624FB,"33.677567,-112.082916",2075,102,180
1752129010,2025-07-10T06:30:10Z,N624FB,"33.676392,-112.082909",2075,105,180
1752129012,2025-07-10T06:30:12Z,N624FB,"33.675385,-112.082909",2075,107,179
1752129015,2025-07-10T06:30:15Z,N624FB,"33.674026,-112.082916",2075,109,179
1752129017,2025-07-10T06:30:17Z,N624FB,"33.673004,-112.082863",2075,110,179
1752129019,2025-07-10T06:30:19Z,N624FB,"33.672043,-112.082855",2075,111,179
1752129025,2025-07-10T06:30:25Z,N624FB,"33.668442,-112.082809",2075,115,178
1752129032,2025-07-10T06:30:32Z,N624FB,"33.66481,-112.082687",2075,117,178
1752129039,2025-07-10T06:30:39Z,N624FB,"33.661194,-112.082573",2075,118,178
1752129047,2025-07-10T06:30:47Z,N624FB,"33.656342,-112.082466",2075,119,178
1752129054,2025-07-10T06:30:54Z,N624FB,"33.652679,-112.082405",2050,120,179
1752129063,2025-07-10T06:31:03Z,N624FB,"33.647911,-112.082405",2050,121,180
1752129072,2025-07-10T06:31:12Z,N624FB,"33.6427,-112.082466",2025,121,180
1752129076,2025-07-10T06:31:16Z,N624FB,"33.64032,-112.082573",2025,120,185
1752129078,2025-07-10T06:31:18Z,N624FB,"33.639221,-112.082802",2025,120,190
1752129081,2025-07-10T06:31:21Z,N624FB,"33.637856,-112.083145",2025,118,196
1752129083,2025-07-10T06:31:23Z,N624FB,"33.636795,-112.083641",2000,118,200
1752129085,2025-07-10T06:31:25Z,N624FB,"33.635788,-112.084091",2000,117,203
1752129087,2025-07-10T06:31:27Z,N624FB,"33.634735,-112.084641",2000,117,204
1752129089,2025-07-10T06:31:29Z,N624FB,"33.633526,-112.085266",2000,116,204
1752129092,2025-07-10T06:31:32Z,N624FB,"33.632309,-112.085999",2000,116,204
1752129094,2025-07-10T06:31:34Z,N624FB,"33.631302,-112.086502",2000,116,204
1752129096,2025-07-10T06:31:36Z,N624FB,"33.630157,-112.087173",2000,116,207
1752129098,2025-07-10T06:31:38Z,N624FB,"33.629013,-112.087959",1975,114,213
1752129101,2025-07-10T06:31:41Z,N624FB,"33.628281,-112.088631",1975,112,220
1752129103,2025-07-10T06:31:43Z,N624FB,"33.627365,-112.089806",1975,108,234
1752129105,2025-07-10T06:31:45Z,N624FB,"33.626728,-112.090927",1975,105,243
1752129108,2025-07-10T06:31:48Z,N624FB,"33.626312,-112.092247",1975,103,249
1752129110,2025-07-10T06:31:50Z,N624FB,"33.626083,-112.093285",1975,101,256
1752129112,2025-07-10T06:31:52Z,N624FB,"33.625809,-112.094574",1975,100,256
1752129114,2025-07-10T06:31:54Z,N624FB,"33.625565,-112.095566",2000,99,253
1752129116,2025-07-10T06:31:56Z,N624FB,"33.625099,-112.096878",2000,100,241
1752129119,2025-07-10T06:31:59Z,N624FB,"33.624573,-112.097763",2025,101,228
1752129121,2025-07-10T06:32:01Z,N624FB,"33.623611,-112.09877",2025,104,217
1752129125,2025-07-10T06:32:05Z,N624FB,"33.621563,-112.0998",2025,111,194
1752129128,2025-07-10T06:32:08Z,N624FB,"33.620361,-112.100006",2000,114,186
1752129130,2025-07-10T06:32:10Z,N624FB,"33.619095,-112.100029",2000,116,181
1752129132,2025-07-10T06:32:12Z,N624FB,"33.618164,-112.100082",2000,117,180
1752129134,2025-07-10T06:32:14Z,N624FB,"33.616722,-112.100029",2000,118,180
1752129136,2025-07-10T06:32:16Z,N624FB,"33.61565,-112.100029",2000,118,180
1752129139,2025-07-10T06:32:19Z,N624FB,"33.614685,-112.100067",2000,117,180
1752129141,2025-07-10T06:32:21Z,N624FB,"33.613312,-112.100121",2000,116,180
1752129143,2025-07-10T06:32:23Z,N624FB,"33.612442,-112.100121",2000,116,180
1752129145,2025-07-10T06:32:25Z,N624FB,"33.61132,-112.100143",2025,116,180
1752129147,2025-07-10T06:32:27Z,N624FB,"33.609924,-112.100143",2025,116,180
1752129149,2025-07-10T06:32:29Z,N624FB,"33.608917,-112.100174",2025,116,180
1752129151,2025-07-10T06:32:31Z,N624FB,"33.607552,-112.100143",2025,116,179
1752129154,2025-07-10T06:32:34Z,N624FB,"33.606537,-112.100121",2025,116,178
1752129156,2025-07-10T06:32:36Z,N624FB,"33.605221,-112.100082",2025,116,178
1752129163,2025-07-10T06:32:43Z,N624FB,"33.601639,-112.099976",2050,116,178
1752129169,2025-07-10T06:32:49Z,N624FB,"33.598194,-112.099854",2050,117,178
1752129176,2025-07-10T06:32:56Z,N624FB,"33.594315,-112.099731",2050,118,179
1752129185,2025-07-10T06:33:05Z,N624FB,"33.589626,-112.099625",2050,120,179
1752129193,2025-07-10T06:33:13Z,N624FB,"33.584507,-112.099571",2025,119,179
1752129202,2025-07-10T06:33:22Z,N624FB,"33.57999,-112.099518",2025,114,179
1752129211,2025-07-10T06:33:31Z,N624FB,"33.575523,-112.099396",2000,110,178
1752129217,2025-07-10T06:33:37Z,N624FB,"33.572296,-112.099335",2000,107,180
1752129222,2025-07-10T06:33:42Z,N624FB,"33.570076,-112.099518",2000,105,186
1752129224,2025-07-10T06:33:44Z,N624FB,"33.569138,-112.09967",2000,105,188
1752129226,2025-07-10T06:33:46Z,N624FB,"33.568085,-112.099899",2000,104,190
1752129228,2025-07-10T06:33:48Z,N624FB,"33.567097,-112.100082",2000,103,191
1752129230,2025-07-10T06:33:50Z,N624FB,"33.565933,-112.100372",2000,103,191
1752129233,2025-07-10T06:33:53Z,N624FB,"33.565002,-112.100601",2000,103,190
1752129235,2025-07-10T06:33:55Z,N624FB,"33.564011,-112.100792",2000,103,190
1752129237,2025-07-10T06:33:57Z,N624FB,"33.562813,-112.101059",2000,103,189
1752129239,2025-07-10T06:33:59Z,N624FB,"33.56163,-112.101295",2000,103,189
1752129241,2025-07-10T06:34:01Z,N624FB,"33.560806,-112.10141",2000,103,188
1752129244,2025-07-10T06:34:04Z,N624FB,"33.559601,-112.101631",2000,102,187
1752129250,2025-07-10T06:34:10Z,N624FB,"33.556503,-112.101913",2000,103,182
1752129252,2025-07-10T06:34:12Z,N624FB,"33.555504,-112.101974",2000,102,181
1752129254,2025-07-10T06:34:14Z,N624FB,"33.554573,-112.101974",2000,101,181
1752129257,2025-07-10T06:34:17Z,N624FB,"33.553642,-112.101974",2000,100,180
1752129259,2025-07-10T06:34:19Z,N624FB,"33.552475,-112.101967",2000,100,180
1752129261,2025-07-10T06:34:21Z,N624FB,"33.551376,-112.101967",2000,100,180
1752129264,2025-07-10T06:34:24Z,N624FB,"33.550186,-112.101967",2000,100,179
1752129266,2025-07-10T06:34:26Z,N624FB,"33.549271,-112.101967",2000,99,179
1752129268,2025-07-10T06:34:28Z,N624FB,"33.548309,-112.101967",2000,99,179
1752129270,2025-07-10T06:34:30Z,N624FB,"33.547264,-112.101974",1975,99,179
1752129272,2025-07-10T06:34:32Z,N624FB,"33.546112,-112.101913",1975,99,179
1752129275,2025-07-10T06:34:35Z,N624FB,"33.545105,-112.101913",1975,99,178
1752129277,2025-07-10T06:34:37Z,N624FB,"33.544189,-112.101913",1975,100,178
1752129285,2025-07-10T06:34:45Z,N624FB,"33.540188,-112.101807",1975,99,178
1752129293,2025-07-10T06:34:53Z,N624FB,"33.537048,-112.101692",1975,98,177
1752129297,2025-07-10T06:34:57Z,N624FB,"33.534927,-112.101524",1975,98,174
1752129299,2025-07-10T06:34:59Z,N624FB,"33.533798,-112.101364",1975,98,171
1752129302,2025-07-10T06:35:02Z,N624FB,"33.532833,-112.101128",1975,99,168
1752129304,2025-07-10T06:35:04Z,N624FB,"33.531876,-112.100868",2000,99,164
1752129306,2025-07-10T06:35:06Z,N624FB,"33.531006,-112.10054",2000,100,160
1752129308,2025-07-10T06:35:08Z,N624FB,"33.530182,-112.100121",2000,100,157
1752129310,2025-07-10T06:35:10Z,N624FB,"33.529018,-112.099449",2000,101,152
1752129313,2025-07-10T06:35:13Z,N624FB,"33.528179,-112.098885",2000,101,147
1752129315,2025-07-10T06:35:15Z,N624FB,"33.52739,-112.098228",2000,101,143
1752129317,2025-07-10T06:35:17Z,N624FB,"33.526474,-112.097404",2000,101,140
1752129319,2025-07-10T06:35:19Z,N624FB,"33.525696,-112.096581",2000,101,137
1752129321,2025-07-10T06:35:21Z,N624FB,"33.525101,-112.095871",2000,101,134
1752129324,2025-07-10T06:35:24Z,N624FB,"33.524277,-112.094772",2000,101,132
1752129326,2025-07-10T06:35:26Z,N624FB,"33.523525,-112.093842",2000,100,131
1752129328,2025-07-10T06:35:28Z,N624FB,"33.522873,-112.092888",2000,100,130
1752129330,2025-07-10T06:35:30Z,N624FB,"33.522308,-112.092133",2025,100,130
1752129332,2025-07-10T06:35:32Z,N624FB,"33.52166,-112.091209",2025,101,127
1752129334,2025-07-10T06:35:34Z,N624FB,"33.521118,-112.090317",2025,101,126
1752129336,2025-07-10T06:35:36Z,N624FB,"33.520496,-112.089302",2025,102,125
1752129339,2025-07-10T06:35:39Z,N624FB,"33.519798,-112.088066",2025,103,125
1752129341,2025-07-10T06:35:41Z,N624FB,"33.519196,-112.087135",2025,103,125
1752129343,2025-07-10T06:35:43Z,N624FB,"33.5186,-112.08609",2025,104,125
1752129345,2025-07-10T06:35:45Z,N624FB,"33.518051,-112.085159",2025,104,125
1752129347,2025-07-10T06:35:47Z,N624FB,"33.517517,-112.084259",2025,104,125
1752129350,2025-07-10T06:35:50Z,N624FB,"33.516815,-112.083069",2000,104,124
1752129352,2025-07-10T06:35:52Z,N624FB,"33.516262,-112.08213",2000,104,124
1752129354,2025-07-10T06:35:54Z,N624FB,"33.515579,-112.080978",2025,104,124
1752129356,2025-07-10T06:35:56Z,N624FB,"33.514847,-112.07972",2000,104,124
1752129359,2025-07-10T06:35:59Z,N624FB,"33.514305,-112.078819",2025,105,125
1752129365,2025-07-10T06:36:05Z,N624FB,"33.512352,-112.075516",2025,105,126
1752129372,2025-07-10T06:36:12Z,N624FB,"33.510349,-112.072319",2025,105,127
1752129379,2025-07-10T06:36:19Z,N624FB,"33.50853,-112.069229",2025,104,122
1752129381,2025-07-10T06:36:21Z,N624FB,"33.508022,-112.068283",2025,104,118
1752129383,2025-07-10T06:36:23Z,N624FB,"33.507511,-112.067047",2025,104,114
1752129386,2025-07-10T06:36:26Z,N624FB,"33.507065,-112.065598",2025,103,109
1752129388,2025-07-10T06:36:28Z,N624FB,"33.506809,-112.064583",2025,102,105
1752129390,2025-07-10T06:36:30Z,N624FB,"33.506577,-112.063461",2025,102,101
1752129392,2025-07-10T06:36:32Z,N624FB,"33.506393,-112.062004",2025,102,99
1752129394,2025-07-10T06:36:34Z,N624FB,"33.506241,-112.060822",2025,102,97
1752129396,2025-07-10T06:36:36Z,N624FB,"33.506149,-112.059944",2025,102,97
1752129399,2025-07-10T06:36:39Z,N624FB,"33.50602,-112.05864",2025,102,95
1752129401,2025-07-10T06:36:41Z,N624FB,"33.505928,-112.057014",2025,102,93
1752129403,2025-07-10T06:36:43Z,N624FB,"33.505875,-112.055984",2025,102,92
1752129405,2025-07-10T06:36:45Z,N624FB,"33.505833,-112.054771",2025,102,91
1752129408,2025-07-10T06:36:48Z,N624FB,"33.505833,-112.053314",2025,102,91
1752129410,2025-07-10T06:36:50Z,N624FB,"33.505829,-112.052139",2025,102,90
1752129412,2025-07-10T06:36:52Z,N624FB,"33.505833,-112.050903",2025,103,90
1752129414,2025-07-10T06:36:54Z,N624FB,"33.505783,-112.049614",2000,104,90
1752129416,2025-07-10T06:36:56Z,N624FB,"33.505783,-112.048462",2000,104,91
1752129419,2025-07-10T06:36:59Z,N624FB,"33.505783,-112.046982",2000,104,91
1752129421,2025-07-10T06:37:01Z,N624FB,"33.505741,-112.04586",2000,104,90
1752129423,2025-07-10T06:37:03Z,N624FB,"33.505741,-112.044403",2025,104,90
1752129425,2025-07-10T06:37:05Z,N624FB,"33.505741,-112.043114",2025,104,90
1752129427,2025-07-10T06:37:07Z,N624FB,"33.505741,-112.041992",2025,104,89
1752129432,2025-07-10T06:37:12Z,N624FB,"33.505787,-112.039413",2025,104,88
1752129438,2025-07-10T06:37:18Z,N624FB,"33.505878,-112.035774",2025,104,88
1752129447,2025-07-10T06:37:27Z,N624FB,"33.505974,-112.030952",2050,103,88
1752129456,2025-07-10T06:37:36Z,N624FB,"33.506058,-112.025665",2075,104,90
1752129465,2025-07-10T06:37:45Z,N624FB,"33.505966,-112.020615",2100,103,90
1752129474,2025-07-10T06:37:54Z,N624FB,"33.505974,-112.01548",2125,102,88
1752129483,2025-07-10T06:38:03Z,N624FB,"33.506111,-112.010269",2175,102,88
1752129492,2025-07-10T06:38:12Z,N624FB,"33.506161,-112.00528",2200,104,90
1752129501,2025-07-10T06:38:21Z,N624FB,"33.506058,-112.000122",2200,104,91
1752129507,2025-07-10T06:38:27Z,N624FB,"33.506012,-111.996719",2200,101,91
1752129516,2025-07-10T06:38:36Z,N624FB,"33.50592,-111.991882",2175,98,91
1752129522,2025-07-10T06:38:42Z,N624FB,"33.505829,-111.988312",2200,97,92
1752129531,2025-07-10T06:38:51Z,N624FB,"33.505695,-111.983864",2200,95,93
1752129537,2025-07-10T06:38:57Z,N624FB,"33.505508,-111.980568",2175,94,93
1752129544,2025-07-10T06:39:04Z,N624FB,"33.50528,-111.976776",2150,96,94
1752129547,2025-07-10T06:39:07Z,N624FB,"33.50518,-111.975456",2150,97,96
1752129549,2025-07-10T06:39:09Z,N624FB,"33.505096,-111.974411",2175,97,97
1752129551,2025-07-10T06:39:11Z,N624FB,"33.504948,-111.973106",2150,98,96
1752129553,2025-07-10T06:39:13Z,N624FB,"33.504868,-111.972054",2150,99,96
1752129555,2025-07-10T06:39:15Z,N624FB,"33.504684,-111.970627",2150,99,98
1752129558,2025-07-10T06:39:18Z,N624FB,"33.504547,-111.969528",2150,99,98
1752129565,2025-07-10T06:39:25Z,N624FB,"33.504158,-111.965759",2150,98,98
1752129572,2025-07-10T06:39:32Z,N624FB,"33.503693,-111.961838",2150,99,96
1752129578,2025-07-10T06:39:38Z,N624FB,"33.503357,-111.958153",2125,100,96
1752129585,2025-07-10T06:39:45Z,N624FB,"33.503036,-111.954857",2125,99,96
1752129591,2025-07-10T06:39:51Z,N624FB,"33.502762,-111.951065",2125,96,91
1752129593,2025-07-10T06:39:53Z,N624FB,"33.502808,-111.949951",2100,95,86
1752129595,2025-07-10T06:39:55Z,N624FB,"33.502899,-111.949089",2100,91,78
1752129598,2025-07-10T06:39:58Z,N624FB,"33.503132,-111.948105",2100,87,69
1752129600,2025-07-10T06:40:00Z,N624FB,"33.503494,-111.947113",2100,81,59
1752129602,2025-07-10T06:40:02Z,N624FB,"33.503925,-111.946365",2100,77,52
1752129604,2025-07-10T06:40:04Z,N624FB,"33.504456,-111.94574",2100,70,37
1752129606,2025-07-10T06:40:06Z,N624FB,"33.505135,-111.945244",2100,67,26
1752129608,2025-07-10T06:40:08Z,N624FB,"33.505737,-111.945023",2100,66,14
1752129610,2025-07-10T06:40:10Z,N624FB,"33.506241,-111.944969",2075,64,7
1752129612,2025-07-10T06:40:12Z,N624FB,"33.506905,-111.945076",2075,61,350
1752129615,2025-07-10T06:40:15Z,N624FB,"33.507416,-111.945305",2100,59,330
1752129617,2025-07-10T06:40:17Z,N624FB,"33.507935,-111.945793",2100,59,315
1752129619,2025-07-10T06:40:19Z,N624FB,"33.508347,-111.946457",2075,60,299
1752129621,2025-07-10T06:40:21Z,N624FB,"33.508533,-111.946983",2075,61,287
1752129623,2025-07-10T06:40:23Z,N624FB,"33.508625,-111.947716",2075,64,274
1752129626,2025-07-10T06:40:26Z,N624FB,"33.508621,-111.948654",2075,66,260
1752129628,2025-07-10T06:40:28Z,N624FB,"33.508392,-111.949448",2050,69,251
1752129630,2025-07-10T06:40:30Z,N624FB,"33.508072,-111.950241",2050,73,239
1752129632,2025-07-10T06:40:32Z,N624FB,"33.50766,-111.950905",2050,76,230
1752129634,2025-07-10T06:40:34Z,N624FB,"33.507111,-111.951782",2050,77,231
1752129637,2025-07-10T06:40:37Z,N624FB,"33.506744,-111.952438",2050,77,242
1752129639,2025-07-10T06:40:39Z,N624FB,"33.506424,-111.953209",2050,78,250
1752129641,2025-07-10T06:40:41Z,N624FB,"33.506207,-111.954269",2025,80,259
1752129643,2025-07-10T06:40:43Z,N624FB,"33.506149,-111.955132",2000,81,265
1752129645,2025-07-10T06:40:45Z,N624FB,"33.506149,-111.956009",2000,83,274
1752129647,2025-07-10T06:40:47Z,N624FB,"33.506207,-111.957016",2000,84,277
1752129649,2025-07-10T06:40:49Z,N624FB,"33.506393,-111.958252",2000,85,280
1752129652,2025-07-10T06:40:52Z,N624FB,"33.506516,-111.959145",1975,87,281
1752129654,2025-07-10T06:40:54Z,N624FB,"33.506699,-111.96019",2000,88,281
1752129656,2025-07-10T06:40:56Z,N624FB,"33.506927,-111.961342",2000,88,282
1752129658,2025-07-10T06:40:58Z,N624FB,"33.507092,-111.962227",2000,88,283
1752129660,2025-07-10T06:41:00Z,N624FB,"33.507324,-111.963463",2000,87,284
1752129662,2025-07-10T06:41:02Z,N624FB,"33.507568,-111.96431",2000,86,286
1752129665,2025-07-10T06:41:05Z,N624FB,"33.507835,-111.965317",2025,86,288
1752129667,2025-07-10T06:41:07Z,N624FB,"33.508163,-111.96656",2025,88,289
1752129669,2025-07-10T06:41:09Z,N624FB,"33.508442,-111.967499",2025,89,288
1752129672,2025-07-10T06:41:12Z,N624FB,"33.508713,-111.968536",2025,90,290
1752129674,2025-07-10T06:41:14Z,N624FB,"33.509045,-111.969521",2000,91,291
1752129676,2025-07-10T06:41:16Z,N624FB,"33.509323,-111.970413",2000,91,292
1752129678,2025-07-10T06:41:18Z,N624FB,"33.509766,-111.971611",2000,91,292
1752129680,2025-07-10T06:41:20Z,N624FB,"33.510117,-111.972603",2000,91,293
1752129682,2025-07-10T06:41:22Z,N624FB,"33.510441,-111.973495",2000,91,295
1752129684,2025-07-10T06:41:24Z,N624FB,"33.510906,-111.974617",2000,91,295
1752129686,2025-07-10T06:41:26Z,N624FB,"33.511234,-111.975517",1975,92,294
1752129689,2025-07-10T06:41:29Z,N624FB,"33.511604,-111.976471",1975,92,294
1752129691,2025-07-10T06:41:31Z,N624FB,"33.512024,-111.977592",1975,93,294
1752129693,2025-07-10T06:41:33Z,N624FB,"33.512489,-111.978706",1975,94,293
1752129695,2025-07-10T06:41:35Z,N624FB,"33.512833,-111.97963",1975,94,294
1752129697,2025-07-10T06:41:37Z,N624FB,"33.513187,-111.980614",1975,93,295
1752129699,2025-07-10T06:41:39Z,N624FB,"33.513607,-111.981628",1975,92,296
1752129701,2025-07-10T06:41:41Z,N624FB,"33.513981,-111.982574",1975,92,296
1752129708,2025-07-10T06:41:48Z,N624FB,"33.515305,-111.985733",1950,95,296
1752129717,2025-07-10T06:41:57Z,N624FB,"33.516914,-111.989807",1950,96,294
1752129723,2025-07-10T06:42:03Z,N624FB,"33.518078,-111.992836",1950,98,293
1752129732,2025-07-10T06:42:12Z,N624FB,"33.519699,-111.997101",1950,95,294
1752129738,2025-07-10T06:42:18Z,N624FB,"33.520798,-112.000397",1975,98,290
1752129740,2025-07-10T06:42:20Z,N624FB,"33.521164,-112.001495",1975,98,290
1752129749,2025-07-10T06:42:29Z,N624FB,"33.522591,-112.005951",2000,100,292
1752129757,2025-07-10T06:42:37Z,N624FB,"33.524094,-112.010117",2025,100,294
1752129762,2025-07-10T06:42:42Z,N624FB,"33.524872,-112.012589",2000,99,281
1752129765,2025-07-10T06:42:45Z,N624FB,"33.525009,-112.014023",2050,99,270
1752129767,2025-07-10T06:42:47Z,N624FB,"33.524872,-112.015312",2050,99,261
1752129769,2025-07-10T06:42:49Z,N624FB,"33.524689,-112.01638",2075,101,257
1752129771,2025-07-10T06:42:51Z,N624FB,"33.524506,-112.017532",2075,100,256
1752129773,2025-07-10T06:42:53Z,N624FB,"33.524223,-112.018677",2075,101,255
1752129776,2025-07-10T06:42:56Z,N624FB,"33.523956,-112.019897",2075,101,254
1752129778,2025-07-10T06:42:58Z,N624FB,"33.523663,-112.021141",2050,103,253
1752129780,2025-07-10T06:43:00Z,N624FB,"33.523338,-112.022377",2050,104,252
1752129782,2025-07-10T06:43:02Z,N624FB,"33.522964,-112.023834",2050,106,251
1752129785,2025-07-10T06:43:05Z,N624FB,"33.522629,-112.024895",2050,107,251
1752129787,2025-07-10T06:43:07Z,N624FB,"33.522217,-112.026382",2025,108,250
1752129789,2025-07-10T06:43:09Z,N624FB,"33.521851,-112.027481",2025,108,250
1752129791,2025-07-10T06:43:11Z,N624FB,"33.521576,-112.028358",2025,108,250
1752129793,2025-07-10T06:43:13Z,N624FB,"33.52121,-112.029617",2025,107,252
1752129797,2025-07-10T06:43:17Z,N624FB,"33.520798,-112.03215",2000,104,268
1752129800,2025-07-10T06:43:20Z,N624FB,"33.520889,-112.03363",1975,102,276
1752129802,2025-07-10T06:43:22Z,N624FB,"33.521149,-112.03476",1975,101,287
1752129804,2025-07-10T06:43:24Z,N624FB,"33.521439,-112.035774",1950,100,294
1752129806,2025-07-10T06:43:26Z,N624FB,"33.521893,-112.036835",1950,100,299
1752129809,2025-07-10T06:43:29Z,N624FB,"33.522583,-112.038078",1950,99,307
1752129811,2025-07-10T06:43:31Z,N624FB,"33.523289,-112.039024",1925,99,311
1752129813,2025-07-10T06:43:33Z,N624FB,"33.523895,-112.039864",1925,99,315
1752129815,2025-07-10T06:43:35Z,N624FB,"33.52478,-112.040817",1925,99,317
1752129817,2025-07-10T06:43:37Z,N624FB,"33.525433,-112.041435",1925,100,319
1752129820,2025-07-10T06:43:40Z,N624FB,"33.526222,-112.042221",1900,100,320
1752129822,2025-07-10T06:43:42Z,N624FB,"33.527206,-112.04319",1900,101,321
1752129824,2025-07-10T06:43:44Z,N624FB,"33.527901,-112.0439",1875,100,319
1752129826,2025-07-10T06:43:46Z,N624FB,"33.528534,-112.044617",1875,99,315
1752129828,2025-07-10T06:43:48Z,N624FB,"33.529202,-112.045471",1875,99,309
1752129830,2025-07-10T06:43:50Z,N624FB,"33.529907,-112.046539",1875,100,306
1752129833,2025-07-10T06:43:53Z,N624FB,"33.53046,-112.047485",1875,99,304
1752129835,2025-07-10T06:43:55Z,N624FB,"33.531017,-112.048492",1875,99,304
1752129839,2025-07-10T06:43:59Z,N624FB,"33.532196,-112.050491",1875,99,305
1752129842,2025-07-10T06:44:02Z,N624FB,"33.532745,-112.051376",1875,98,305
1752129844,2025-07-10T06:44:04Z,N624FB,"33.533298,-112.052307",1900,98,305
1752129846,2025-07-10T06:44:06Z,N624FB,"33.533844,-112.053238",1900,98,306
1752129848,2025-07-10T06:44:08Z,N624FB,"33.534531,-112.054283",1900,98,306
1752129850,2025-07-10T06:44:10Z,N624FB,"33.53508,-112.055161",1900,99,307
1752129852,2025-07-10T06:44:12Z,N624FB,"33.535675,-112.056122",1900,99,307
1752129854,2025-07-10T06:44:14Z,N624FB,"33.536362,-112.057198",1900,100,308
1752129861,2025-07-10T06:44:21Z,N624FB,"33.538239,-112.059998",1875,101,309
1752129863,2025-07-10T06:44:23Z,N624FB,"33.538925,-112.060928",1875,102,310
1752129865,2025-07-10T06:44:25Z,N624FB,"33.539536,-112.061836",1875,101,311
1752129868,2025-07-10T06:44:28Z,N624FB,"33.540253,-112.062737",1875,101,314
1752129870,2025-07-10T06:44:30Z,N624FB,"33.541122,-112.063744",1875,101,315
1752129872,2025-07-10T06:44:32Z,N624FB,"33.541634,-112.064323",1875,101,316
1752129874,2025-07-10T06:44:34Z,N624FB,"33.542515,-112.065353",1875,101,316
1752129876,2025-07-10T06:44:36Z,N624FB,"33.543217,-112.066154",1875,101,316
1752129878,2025-07-10T06:44:38Z,N624FB,"33.543915,-112.06694",1875,102,316
1752129880,2025-07-10T06:44:40Z,N624FB,"33.544601,-112.067719",1875,101,317
1752129882,2025-07-10T06:44:42Z,N624FB,"33.545311,-112.068443",1875,101,318
1752129884,2025-07-10T06:44:44Z,N624FB,"33.546158,-112.069344",1875,101,318
1752129887,2025-07-10T06:44:47Z,N624FB,"33.54689,-112.070129",1875,102,317
1752129889,2025-07-10T06:44:49Z,N624FB,"33.547852,-112.071198",1875,102,317
1752129891,2025-07-10T06:44:51Z,N624FB,"33.548569,-112.07193",1875,104,317
1752129894,2025-07-10T06:44:54Z,N624FB,"33.549454,-112.072876",1875,104,317
1752129896,2025-07-10T06:44:56Z,N624FB,"33.550198,-112.073708",1875,104,318
1752129902,2025-07-10T06:45:02Z,N624FB,"33.552387,-112.07605",1875,105,318
1752129909,2025-07-10T06:45:09Z,N624FB,"33.554855,-112.078705",1875,104,318
1752129918,2025-07-10T06:45:18Z,N624FB,"33.55806,-112.082237",1900,103,316
1752129926,2025-07-10T06:45:26Z,N624FB,"33.560997,-112.085609",1900,103,316
1752129933,2025-07-10T06:45:33Z,N624FB,"33.563232,-112.088127",1925,104,316
1752129940,2025-07-10T06:45:40Z,N624FB,"33.565796,-112.091042",1925,103,316
1752129947,2025-07-10T06:45:47Z,N624FB,"33.56813,-112.093674",1925,103,316
1752129956,2025-07-10T06:45:56Z,N624FB,"33.571194,-112.097168",1925,104,316
1752129963,2025-07-10T06:46:03Z,N624FB,"33.573753,-112.100143",1950,104,316
1752129969,2025-07-10T06:46:09Z,N624FB,"33.576035,-112.102722",1950,105,316
1752129976,2025-07-10T06:46:16Z,N624FB,"33.578339,-112.105446",1950,105,314
1752129985,2025-07-10T06:46:25Z,N624FB,"33.581482,-112.10936",1950,104,313
1752129993,2025-07-10T06:46:33Z,N624FB,"33.584244,-112.1129",1950,104,312
1752130000,2025-07-10T06:46:40Z,N624FB,"33.586369,-112.115646",1975,103,313
1752130009,2025-07-10T06:46:49Z,N624FB,"33.589325,-112.119293",2025,100,314
1752130016,2025-07-10T06:46:56Z,N624FB,"33.591537,-112.122055",2050,99,312
1752130021,2025-07-10T06:47:01Z,N624FB,"33.592987,-112.124168",2075,100,306
1752130023,2025-07-10T06:47:03Z,N624FB,"33.593445,-112.125008",2075,100,302
1752130025,2025-07-10T06:47:05Z,N624FB,"33.594086,-112.126244",2050,102,301
1752130027,2025-07-10T06:47:07Z,N624FB,"33.594608,-112.127319",2050,103,300
1752130029,2025-07-10T06:47:09Z,N624FB,"33.595047,-112.128258",2050,105,300
1752130032,2025-07-10T06:47:12Z,N624FB,"33.59568,-112.129501",2025,104,300
1752130034,2025-07-10T06:47:14Z,N624FB,"33.596146,-112.130417",2025,104,300
1752130036,2025-07-10T06:47:16Z,N624FB,"33.596603,-112.13134",2025,104,301
1752130038,2025-07-10T06:47:18Z,N624FB,"33.597244,-112.132629",2025,104,301
1752130040,2025-07-10T06:47:20Z,N624FB,"33.597866,-112.13385",2025,104,301
1752130042,2025-07-10T06:47:22Z,N624FB,"33.598251,-112.13459",2025,105,302
1752130045,2025-07-10T06:47:25Z,N624FB,"33.598938,-112.13588",2025,103,302
1752130047,2025-07-10T06:47:27Z,N624FB,"33.599487,-112.136833",2050,102,304
1752130051,2025-07-10T06:47:31Z,N624FB,"33.600754,-112.138885",2050,102,310
1752130054,2025-07-10T06:47:34Z,N624FB,"33.601593,-112.13974",2050,98,326
1752130056,2025-07-10T06:47:36Z,N624FB,"33.602615,-112.140427",2025,94,333
1752130058,2025-07-10T06:47:38Z,N624FB,"33.603359,-112.140884",2050,90,326
1752130063,2025-07-10T06:47:43Z,N624FB,"33.604156,-112.14283",2075,87,275
1752130065,2025-07-10T06:47:45Z,N624FB,"33.604012,-112.14386",2075,90,249
1752130067,2025-07-10T06:47:47Z,N624FB,"33.6035,-112.144775",2075,92,230
1752130069,2025-07-10T06:47:49Z,N624FB,"33.602802,-112.145401",2075,94,209
1752130071,2025-07-10T06:47:51Z,N624FB,"33.602009,-112.145805",2075,96,195
1752130074,2025-07-10T06:47:54Z,N624FB,"33.601044,-112.146027",2075,99,181
1752130076,2025-07-10T06:47:56Z,N624FB,"33.599915,-112.14592",2100,99,174
1752130078,2025-07-10T06:47:58Z,N624FB,"33.598938,-112.145691",2100,100,165
1752130080,2025-07-10T06:48:00Z,N624FB,"33.597961,-112.145233",2125,99,157
1752130083,2025-07-10T06:48:03Z,N624FB,"33.597076,-112.144432",2175,91,139
1752130085,2025-07-10T06:48:05Z,N624FB,"33.596565,-112.143692",2200,81,118
1752130087,2025-07-10T06:48:07Z,N624FB,"33.596237,-112.142548",2225,76,102
1752130089,2025-07-10T06:48:09Z,N624FB,"33.596191,-112.141769",2250,71,87
1752130092,2025-07-10T06:48:12Z,N624FB,"33.596329,-112.141037",2250,62,71
1752130094,2025-07-10T06:48:14Z,N624FB,"33.596649,-112.140366",2275,53,48
1752130096,2025-07-10T06:48:16Z,N624FB,"33.597031,-112.14003",2275,48,31
1752130098,2025-07-10T06:48:18Z,N624FB,"33.597446,-112.139801",2275,44,16
1752130100,2025-07-10T06:48:20Z,N624FB,"33.597839,-112.139748",2275,42,5
1752130102,2025-07-10T06:48:22Z,N624FB,"33.59824,-112.139801",2300,40,351
1752130105,2025-07-10T06:48:25Z,N624FB,"33.598614,-112.139908",2300,38,330
1752130107,2025-07-10T06:48:27Z,N624FB,"33.598892,-112.140198",2300,43,318
1752130109,2025-07-10T06:48:29Z,N624FB,"33.599358,-112.14077",2275,54,308
1752130111,2025-07-10T06:48:31Z,N624FB,"33.599625,-112.141266",2275,59,296
1752130113,2025-07-10T06:48:33Z,N624FB,"33.599869,-112.141968",2250,62,287
1752130116,2025-07-10T06:48:36Z,N624FB,"33.599945,-112.142723",2225,65,271
1752130118,2025-07-10T06:48:38Z,N624FB,"33.599869,-112.14357",2250,67,258
1752130120,2025-07-10T06:48:40Z,N624FB,"33.599625,-112.144402",2250,71,243
1752130122,2025-07-10T06:48:42Z,N624FB,"33.599262,-112.145065",2225,77,233
1752130124,2025-07-10T06:48:44Z,N624FB,"33.598801,-112.145691",2200,82,223
1752130126,2025-07-10T06:48:46Z,N624FB,"33.598007,-112.146378",2200,87,205
1752130129,2025-07-10T06:48:49Z,N624FB,"33.597061,-112.146591",2200,90,180
1752130131,2025-07-10T06:48:51Z,N624FB,"33.596054,-112.146248",2200,90,157
1752130134,2025-07-10T06:48:54Z,N624FB,"33.595352,-112.14563",2200,88,136
1752130136,2025-07-10T06:48:56Z,N624FB,"33.594818,-112.144852",2200,85,121
1752130138,2025-07-10T06:48:58Z,N624FB,"33.594406,-112.14373",2200,80,111
1752130140,2025-07-10T06:49:00Z,N624FB,"33.594177,-112.142891",2200,78,104
1752130142,2025-07-10T06:49:02Z,N624FB,"33.593994,-112.141876",2200,77,101
1752130144,2025-07-10T06:49:04Z,N624FB,"33.593864,-112.141113",2200,75,96
1752130147,2025-07-10T06:49:07Z,N624FB,"33.59391,-112.140137",2225,71,85
1752130149,2025-07-10T06:49:09Z,N624FB,"33.594097,-112.139343",2225,67,73
1752130151,2025-07-10T06:49:11Z,N624FB,"33.594315,-112.138741",2225,62,56
1752130153,2025-07-10T06:49:13Z,N624FB,"33.594681,-112.138184",2225,60,47
1752130155,2025-07-10T06:49:15Z,N624FB,"33.595169,-112.13768",2225,58,38
1752130158,2025-07-10T06:49:18Z,N624FB,"33.595734,-112.137283",2225,56,27
1752130160,2025-07-10T06:49:20Z,N624FB,"33.5961,-112.137108",2225,55,20
1752130162,2025-07-10T06:49:22Z,N624FB,"33.596703,-112.136879",2225,54,14
1752130164,2025-07-10T06:49:24Z,N624FB,"33.597309,-112.136703",2225,55,11
1752130166,2025-07-10T06:49:26Z,N624FB,"33.597729,-112.13665",2225,54,8
1752130168,2025-07-10T06:49:28Z,N624FB,"33.598194,-112.136597",2225,54,6
1752130170,2025-07-10T06:49:30Z,N624FB,"33.598846,-112.136497",2225,54,6
1752130172,2025-07-10T06:49:32Z,N624FB,"33.599442,-112.136444",2250,54,4
1752130175,2025-07-10T06:49:35Z,N624FB,"33.60001,-112.136421",2250,53,2
1752130177,2025-07-10T06:49:37Z,N624FB,"33.60038,-112.136475",2250,53,353
1752130179,2025-07-10T06:49:39Z,N624FB,"33.601032,-112.136597",2250,53,348
1752130181,2025-07-10T06:49:41Z,N624FB,"33.601498,-112.136765",2250,53,340
1752130184,2025-07-10T06:49:44Z,N624FB,"33.602051,-112.137062",2250,53,333
1752130186,2025-07-10T06:49:46Z,N624FB,"33.602524,-112.13739",2250,53,328
1752130188,2025-07-10T06:49:48Z,N624FB,"33.602921,-112.137733",2250,51,322
1752130190,2025-07-10T06:49:50Z,N624FB,"33.603333,-112.138123",2275,49,311
1752130192,2025-07-10T06:49:52Z,N624FB,"33.603642,-112.13871",2275,48,297
1752130194,2025-07-10T06:49:54Z,N624FB,"33.60379,-112.139191",2275,49,286
1752130197,2025-07-10T06:49:57Z,N624FB,"33.603882,-112.139748",2275,51,276
1752130199,2025-07-10T06:49:59Z,N624FB,"33.603874,-112.140427",2275,53,267
1752130201,2025-07-10T06:50:01Z,N624FB,"33.60379,-112.141098",2250,55,260
1752130204,2025-07-10T06:50:04Z,N624FB,"33.603699,-112.141769",2250,58,258
1752130206,2025-07-10T06:50:06Z,N624FB,"33.603516,-112.142494",2250,60,251
1752130208,2025-07-10T06:50:08Z,N624FB,"33.603268,-112.143288",2225,62,245
1752130210,2025-07-10T06:50:10Z,N624FB,"33.602894,-112.144028",2250,63,236
1752130213,2025-07-10T06:50:13Z,N624FB,"33.602524,-112.144608",2250,62,230
1752130215,2025-07-10T06:50:15Z,N624FB,"33.60215,-112.145065",2250,62,222
1752130217,2025-07-10T06:50:17Z,N624FB,"33.601593,-112.145576",2250,63,215
1752130219,2025-07-10T06:50:19Z,N624FB,"33.601078,-112.14592",2250,64,207
1752130221,2025-07-10T06:50:21Z,N624FB,"33.60043,-112.14621",2225,66,196
1752130224,2025-07-10T06:50:24Z,N624FB,"33.599762,-112.146362",2250,72,183
1752130226,2025-07-10T06:50:26Z,N624FB,"33.599079,-112.146378",2225,78,179
1752130228,2025-07-10T06:50:28Z,N624FB,"33.598148,-112.146317",2200,83,170
1752130230,2025-07-10T06:50:30Z,N624FB,"33.597198,-112.146027",2150,85,163
1752130232,2025-07-10T06:50:32Z,N624FB,"33.596516,-112.14563",2150,87,147
1752130235,2025-07-10T06:50:35Z,N624FB,"33.595772,-112.14489",2125,86,125
1752130237,2025-07-10T06:50:37Z,N624FB,"33.595413,-112.143784",2100,82,102
1752130239,2025-07-10T06:50:39Z,N624FB,"33.595413,-112.142891",2100,78,81
1752130242,2025-07-10T06:50:42Z,N624FB,"33.595688,-112.142105",2075,71,58
1752130244,2025-07-10T06:50:44Z,N624FB,"33.596283,-112.141457",2075,64,34
1752130246,2025-07-10T06:50:46Z,N624FB,"33.596786,-112.141266",2050,60,10
1752130248,2025-07-10T06:50:48Z,N624FB,"33.597382,-112.141205",2050,58,355
1752130250,2025-07-10T06:50:50Z,N624FB,"33.598053,-112.141281",2025,59,355
1752130252,2025-07-10T06:50:52Z,N624FB,"33.598564,-112.141342",2025,60,358
1752130255,2025-07-10T06:50:55Z,N624FB,"33.599167,-112.141266",2025,61,5
1752130257,2025-07-10T06:50:57Z,N624FB,"33.599869,-112.141113",2025,62,12
1752130259,2025-07-10T06:50:59Z,N624FB,"33.600449,-112.14093",2025,59,10
1752130261,2025-07-10T06:51:01Z,N624FB,"33.600986,-112.140884",2025,43,344
1752130264,2025-07-10T06:51:04Z,N624FB,"33.601318,-112.141266",2050,41,267
1752130266,2025-07-10T06:51:06Z,N624FB,"33.601044,-112.141876",2025,56,225
1752130268,2025-07-10T06:51:08Z,N624FB,"33.600494,-112.142212",1975,73,199
1752130270,2025-07-10T06:51:10Z,N624FB,"33.599808,-112.142441",1950,80,190
1752130273,2025-07-10T06:51:13Z,N624FB,"33.598846,-112.142609",1925,82,184
1752130275,2025-07-10T06:51:15Z,N624FB,"33.598068,-112.142609",1925,82,181
1752130277,2025-07-10T06:51:17Z,N624FB,"33.597336,-112.142609",1925,82,177
1752130279,2025-07-10T06:51:19Z,N624FB,"33.59642,-112.142555",1950,81,175
1752130281,2025-07-10T06:51:21Z,N624FB,"33.595688,-112.142441",1975,81,170
1752130284,2025-07-10T06:51:24Z,N624FB,"33.594749,-112.142143",1975,81,164
1752130286,2025-07-10T06:51:26Z,N624FB,"33.594086,-112.141823",2000,81,155
1752130288,2025-07-10T06:51:28Z,N624FB,"33.593307,-112.141266",2025,83,144
1752130290,2025-07-10T06:51:30Z,N624FB,"33.59256,-112.140488",2025,84,137
1752130293,2025-07-10T06:51:33Z,N624FB,"33.592026,-112.139809",2025,85,131
1752130295,2025-07-10T06:51:35Z,N624FB,"33.591488,-112.138992",2025,87,130
1752130297,2025-07-10T06:51:37Z,N624FB,"33.590881,-112.138123",2025,89,129
1752130299,2025-07-10T06:51:39Z,N624FB,"33.590324,-112.137337",2025,91,128
1752130301,2025-07-10T06:51:41Z,N624FB,"33.589722,-112.136475",2025,91,128
1752130304,2025-07-10T06:51:44Z,N624FB,"33.589005,-112.135376",2050,92,127
1752130306,2025-07-10T06:51:46Z,N624FB,"33.588509,-112.13459",2050,92,126
1752130308,2025-07-10T06:51:48Z,N624FB,"33.587997,-112.133728",2050,93,126
1752130311,2025-07-10T06:51:51Z,N624FB,"33.587345,-112.132706",2075,93,126
1752130313,2025-07-10T06:51:53Z,N624FB,"33.586788,-112.131844",2075,94,128
1752130315,2025-07-10T06:51:55Z,N624FB,"33.585938,-112.130722",2075,94,133
1752130319,2025-07-10T06:51:59Z,N624FB,"33.584553,-112.129326",2075,97,145
1752130322,2025-07-10T06:52:02Z,N624FB,"33.583786,-112.128822",2075,98,152
1752130324,2025-07-10T06:52:04Z,N624FB,"33.582687,-112.128258",2075,99,158
1752130326,2025-07-10T06:52:06Z,N624FB,"33.581909,-112.127922",2075,99,162
1752130328,2025-07-10T06:52:08Z,N624FB,"33.581062,-112.127609",2075,100,164
1752130330,2025-07-10T06:52:10Z,N624FB,"33.580086,-112.127319",2075,101,165
1752130333,2025-07-10T06:52:13Z,N624FB,"33.578934,-112.126968",2075,102,167
1752130335,2025-07-10T06:52:15Z,N624FB,"33.577927,-112.126747",2075,102,168
1752130337,2025-07-10T06:52:17Z,N624FB,"33.577011,-112.126526",2075,102,169
1752130339,2025-07-10T06:52:19Z,N624FB,"33.575867,-112.126297",2075,102,170
1752130341,2025-07-10T06:52:21Z,N624FB,"33.574722,-112.126076",2075,101,172
1752130343,2025-07-10T06:52:23Z,N624FB,"33.573845,-112.125946",2075,100,173
1752130346,2025-07-10T06:52:26Z,N624FB,"33.572636,-112.125839",2075,100,174
1752130348,2025-07-10T06:52:28Z,N624FB,"33.571705,-112.125717",2100,100,175
1752130350,2025-07-10T06:52:30Z,N624FB,"33.570774,-112.12561",2100,100,175
1752130352,2025-07-10T06:52:32Z,N624FB,"33.569824,-112.125565",2100,100,176
1752130354,2025-07-10T06:52:34Z,N624FB,"33.568958,-112.125488",2100,100,177
1752130357,2025-07-10T06:52:37Z,N624FB,"33.567841,-112.125435",2100,100,178
1752130359,2025-07-10T06:52:39Z,N624FB,"33.566666,-112.125397",2100,99,178
1752130361,2025-07-10T06:52:41Z,N624FB,"33.565605,-112.125381",2125,99,178
1752130363,2025-07-10T06:52:43Z,N624FB,"33.564724,-112.125381",2125,99,178
1752130365,2025-07-10T06:52:45Z,N624FB,"33.563698,-112.12532",2125,99,178
1752130368,2025-07-10T06:52:48Z,N624FB,"33.562546,-112.12529",2125,99,178
1752130370,2025-07-10T06:52:50Z,N624FB,"33.561447,-112.12529",2150,99,179
1752130372,2025-07-10T06:52:52Z,N624FB,"33.560623,-112.12529",2150,100,179
1752130374,2025-07-10T06:52:54Z,N624FB,"33.559647,-112.125259",2150,101,179
1752130377,2025-07-10T06:52:57Z,N624FB,"33.558437,-112.125259",2150,101,180
1752130379,2025-07-10T06:52:59Z,N624FB,"33.55751,-112.125229",2150,102,180
1752130387,2025-07-10T06:53:07Z,N624FB,"33.553528,-112.125229",2125,104,180
1752130394,2025-07-10T06:53:14Z,N624FB,"33.55014,-112.12529",2125,104,181
1752130401,2025-07-10T06:53:21Z,N624FB,"33.546661,-112.125397",2125,105,181
1752130410,2025-07-10T06:53:30Z,N624FB,"33.542332,-112.125488",2125,105,182
1752130412,2025-07-10T06:53:32Z,N624FB,"33.541397,-112.125626",2125,104,186
1752130415,2025-07-10T06:53:35Z,N624FB,"33.540283,-112.125778",2100,104,189
1752130417,2025-07-10T06:53:37Z,N624FB,"33.53907,-112.126129",2100,103,194
1752130419,2025-07-10T06:53:39Z,N624FB,"33.538235,-112.126411",2100,104,199
1752130421,2025-07-10T06:53:41Z,N624FB,"33.537071,-112.126968",2075,102,202
1752130423,2025-07-10T06:53:43Z,N624FB,"33.536179,-112.12751",2075,102,206
1752130426,2025-07-10T06:53:46Z,N624FB,"33.535393,-112.127975",2050,101,208
1752130428,2025-07-10T06:53:48Z,N624FB,"33.534348,-112.128662",2050,100,210
1752130430,2025-07-10T06:53:50Z,N624FB,"33.533627,-112.129265",2050,100,214
1752130432,2025-07-10T06:53:52Z,N624FB,"33.532742,-112.130051",2025,100,216
1752130434,2025-07-10T06:53:54Z,N624FB,"33.531998,-112.130722",2025,98,221
1752130436,2025-07-10T06:53:56Z,N624FB,"33.531189,-112.131683",2025,97,225
1752130439,2025-07-10T06:53:59Z,N624FB,"33.530552,-112.132515",2000,96,228
1752130441,2025-07-10T06:54:01Z,N624FB,"33.529999,-112.133331",2000,94,232
1752130443,2025-07-10T06:54:03Z,N624FB,"33.52953,-112.134148",2000,93,234
1752130445,2025-07-10T06:54:05Z,N624FB,"33.528877,-112.135262",2000,92,235
1752130447,2025-07-10T06:54:07Z,N624FB,"33.528412,-112.136108",2000,91,237
1752130449,2025-07-10T06:54:09Z,N624FB,"33.527985,-112.136902",2000,91,237
1752130451,2025-07-10T06:54:11Z,N624FB,"33.527481,-112.137787",2000,90,238
1752130454,2025-07-10T06:54:14Z,N624FB,"33.52692,-112.138908",2000,89,239
1752130456,2025-07-10T06:54:16Z,N624FB,"33.52655,-112.139694",2000,88,240
1752130458,2025-07-10T06:54:18Z,N624FB,"33.526108,-112.14064",2000,87,241
1752130460,2025-07-10T06:54:20Z,N624FB,"33.525604,-112.141792",2000,87,241
1752130463,2025-07-10T06:54:23Z,N624FB,"33.525192,-112.142723",2000,86,242
1752130465,2025-07-10T06:54:25Z,N624FB,"33.524872,-112.143501",2000,86,243
1752130467,2025-07-10T06:54:27Z,N624FB,"33.524361,-112.144623",2000,85,242
1752130469,2025-07-10T06:54:29Z,N624FB,"33.524036,-112.14547",2000,85,242
1752130471,2025-07-10T06:54:31Z,N624FB,"33.523663,-112.146309",2025,84,243
1752130473,2025-07-10T06:54:33Z,N624FB,"33.523384,-112.14698",2025,84,244
1752130475,2025-07-10T06:54:35Z,N624FB,"33.522964,-112.147987",2025,84,244
1752130478,2025-07-10T06:54:38Z,N624FB,"33.52264,-112.148827",2025,85,244
1752130480,2025-07-10T06:54:40Z,N624FB,"33.522217,-112.149918",2025,85,244
1752130482,2025-07-10T06:54:42Z,N624FB,"33.521801,-112.150963",2025,85,244
1752130484,2025-07-10T06:54:44Z,N624FB,"33.521484,-112.151787",2025,85,245
1752130486,2025-07-10T06:54:46Z,N624FB,"33.521103,-112.152809",2000,85,246
1752130488,2025-07-10T06:54:48Z,N624FB,"33.520752,-112.153709",2000,86,246
1752130491,2025-07-10T06:54:51Z,N624FB,"33.520451,-112.154602",2000,85,247
1752130497,2025-07-10T06:54:57Z,N624FB,"33.519474,-112.157463",2000,87,247
1752130500,2025-07-10T06:55:00Z,N624FB,"33.519104,-112.158493",2000,87,248
1752130502,2025-07-10T06:55:02Z,N624FB,"33.518776,-112.159424",1975,87,249
1752130504,2025-07-10T06:55:04Z,N624FB,"33.518463,-112.160576",1975,86,250
1752130506,2025-07-10T06:55:06Z,N624FB,"33.518188,-112.161514",1975,86,251
1752130508,2025-07-10T06:55:08Z,N624FB,"33.517868,-112.162666",1975,86,251
1752130511,2025-07-10T06:55:11Z,N624FB,"33.517593,-112.163597",1975,86,251
1752130517,2025-07-10T06:55:17Z,N624FB,"33.516495,-112.166428",2000,88,238
1752130520,2025-07-10T06:55:20Z,N624FB,"33.515934,-112.167442",2000,89,232
1752130522,2025-07-10T06:55:22Z,N624FB,"33.515236,-112.168396",2000,90,227
1752130524,2025-07-10T06:55:24Z,N624FB,"33.514679,-112.169067",2000,92,222
1752130526,2025-07-10T06:55:26Z,N624FB,"33.514069,-112.169693",2000,93,218
1752130528,2025-07-10T06:55:28Z,N624FB,"33.513329,-112.170357",2000,95,216
1752130530,2025-07-10T06:55:30Z,N624FB,"33.512398,-112.171143",2000,96,211
1752130532,2025-07-10T06:55:32Z,N624FB,"33.511513,-112.1717",2000,97,209
1752130535,2025-07-10T06:55:35Z,N624FB,"33.510773,-112.172165",1975,96,208
1752130537,2025-07-10T06:55:37Z,N624FB,"33.509792,-112.172821",1975,95,207
1752130539,2025-07-10T06:55:39Z,N624FB,"33.509033,-112.173264",1975,93,207
1752130541,2025-07-10T06:55:41Z,N624FB,"33.508118,-112.173813",1975,92,207
1752130543,2025-07-10T06:55:43Z,N624FB,"33.507339,-112.174309",1975,92,207
1752130546,2025-07-10T06:55:46Z,N624FB,"33.506516,-112.174805",1975,90,206
1752130548,2025-07-10T06:55:48Z,N624FB,"33.505829,-112.175186",1975,90,206
1752130550,2025-07-10T06:55:50Z,N624FB,"33.505043,-112.175682",1975,89,206
1752130552,2025-07-10T06:55:52Z,N624FB,"33.504135,-112.176231",1975,89,206
1752130554,2025-07-10T06:55:54Z,N624FB,"33.503273,-112.176743",1975,88,206
1752130556,2025-07-10T06:55:56Z,N624FB,"33.502533,-112.17717",1975,88,206
1752130558,2025-07-10T06:55:58Z,N624FB,"33.501831,-112.177582",1975,86,205
1752130561,2025-07-10T06:56:01Z,N624FB,"33.500946,-112.178032",1975,86,204
1752130563,2025-07-10T06:56:03Z,N624FB,"33.500153,-112.178482",1975,86,201
1752130565,2025-07-10T06:56:05Z,N624FB,"33.499191,-112.178871",1975,86,200
1752130567,2025-07-10T06:56:07Z,N624FB,"33.498478,-112.179153",1975,86,197
1752130570,2025-07-10T06:56:10Z,N624FB,"33.497589,-112.179474",1975,86,194
1752130572,2025-07-10T06:56:12Z,N624FB,"33.496811,-112.179695",1975,85,191
1752130574,2025-07-10T06:56:14Z,N624FB,"33.495804,-112.179855",2000,85,186
1752130576,2025-07-10T06:56:16Z,N624FB,"33.495026,-112.179916",2000,85,183
1752130578,2025-07-10T06:56:18Z,N624FB,"33.494202,-112.17997",2000,85,180
1752130581,2025-07-10T06:56:21Z,N624FB,"33.493217,-112.179939",2000,85,179
1752130583,2025-07-10T06:56:23Z,N624FB,"33.492378,-112.179939",2000,85,178
1752130585,2025-07-10T06:56:25Z,N624FB,"33.49173,-112.179886",2000,85,177
1752130587,2025-07-10T06:56:27Z,N624FB,"33.490814,-112.179855",2000,85,177
1752130589,2025-07-10T06:56:29Z,N624FB,"33.489914,-112.179771",2000,86,176
1752130591,2025-07-10T06:56:31Z,N624FB,"33.489166,-112.179749",2000,86,176
1752130593,2025-07-10T06:56:33Z,N624FB,"33.488342,-112.179695",2000,90,181
1752130596,2025-07-10T06:56:36Z,N624FB,"33.487259,-112.179771",2000,93,185
1752130598,2025-07-10T06:56:38Z,N624FB,"33.486282,-112.179939",1975,98,189
1752130604,2025-07-10T06:56:44Z,N624FB,"33.48317,-112.180679",1950,109,191
1752130607,2025-07-10T06:56:47Z,N624FB,"33.481979,-112.180954",1950,111,191
1752130609,2025-07-10T06:56:49Z,N624FB,"33.480652,-112.18129",1950,113,191
1752130611,2025-07-10T06:56:51Z,N624FB,"33.479645,-112.181503",1950,114,191
1752130614,2025-07-10T06:56:54Z,N624FB,"33.478413,-112.181786",1950,115,191
1752130616,2025-07-10T06:56:56Z,N624FB,"33.477158,-112.182129",1950,116,191
1752130618,2025-07-10T06:56:58Z,N624FB,"33.475853,-112.182404",1950,118,190
1752130620,2025-07-10T06:57:00Z,N624FB,"33.474747,-112.182663",1950,119,190
1752130622,2025-07-10T06:57:02Z,N624FB,"33.473648,-112.182877",1950,121,188
1752130629,2025-07-10T06:57:09Z,N624FB,"33.470032,-112.183594",1950,122,189
1752130638,2025-07-10T06:57:18Z,N624FB,"33.46524,-112.184479",1950,123,188
1752130644,2025-07-10T06:57:24Z,N624FB,"33.461243,-112.185188",1925,122,187
1752130646,2025-07-10T06:57:26Z,N624FB,"33.460098,-112.185295",1925,122,186
1752130651,2025-07-10T06:57:31Z,N624FB,"33.457886,-112.1856",1925,122,185
1752130657,2025-07-10T06:57:37Z,N624FB,"33.453781,-112.186066",1925,122,185
1752130664,2025-07-10T06:57:44Z,N624FB,"33.450256,-112.186447",1925,122,185
1752130673,2025-07-10T06:57:53Z,N624FB,"33.445362,-112.186943",1900,122,185
1752130679,2025-07-10T06:57:59Z,N624FB,"33.44173,-112.187393",1900,122,185
1752130688,2025-07-10T06:58:08Z,N624FB,"33.436798,-112.18782",1900,123,184
1752130696,2025-07-10T06:58:16Z,N624FB,"33.432003,-112.188347",1875,121,185
1752130703,2025-07-10T06:58:23Z,N624FB,"33.428329,-112.188759",1875,120,185
1752130711,2025-07-10T06:58:31Z,N624FB,"33.423622,-112.189354",1875,121,186
1752130720,2025-07-10T06:58:40Z,N624FB,"33.418736,-112.189972",1850,123,186
1752130726,2025-07-10T06:58:46Z,N624FB,"33.415146,-112.190514",1850,122,186
1752130733,2025-07-10T06:58:53Z,N624FB,"33.411072,-112.191063",1825,122,186
1752130741,2025-07-10T06:59:01Z,N624FB,"33.406399,-112.191429",1800,121,182
1752130744,2025-07-10T06:59:04Z,N624FB,"33.404953,-112.191483",1800,121,181
1752130746,2025-07-10T06:59:06Z,N624FB,"33.403839,-112.191544",1800,121,180
1752130748,2025-07-10T06:59:08Z,N624FB,"33.40242,-112.191559",1800,122,180
1752130751,2025-07-10T06:59:11Z,N624FB,"33.401047,-112.191559",1800,122,180
1752130753,2025-07-10T06:59:13Z,N624FB,"33.399948,-112.191559",1800,122,180
1752130755,2025-07-10T06:59:15Z,N624FB,"33.398529,-112.191544",1800,121,180
1752130758,2025-07-10T06:59:18Z,N624FB,"33.397247,-112.191559",1800,121,180
1752130760,2025-07-10T06:59:20Z,N624FB,"33.395924,-112.191597",1800,121,180
1752130762,2025-07-10T06:59:22Z,N624FB,"33.394947,-112.191597",1800,121,180
1752130765,2025-07-10T06:59:25Z,N624FB,"33.393223,-112.191544",1775,122,178
1752130767,2025-07-10T06:59:27Z,N624FB,"33.391872,-112.191483",1775,122,176
1752130769,2025-07-10T06:59:29Z,N624FB,"33.39085,-112.191376",1775,123,174
1752130771,2025-07-10T06:59:31Z,N624FB,"33.389591,-112.191208",1775,123,174
1752130773,2025-07-10T06:59:33Z,N624FB,"33.388474,-112.191093",1775,122,174
1752130776,2025-07-10T06:59:36Z,N624FB,"33.387127,-112.190926",1775,122,174
1752130778,2025-07-10T06:59:38Z,N624FB,"33.386124,-112.190842",1750,122,175
1752130780,2025-07-10T06:59:40Z,N624FB,"33.38475,-112.190704",1775,121,175
1752130782,2025-07-10T06:59:42Z,N624FB,"33.38356,-112.190628",1775,121,175
1752130784,2025-07-10T06:59:44Z,N624FB,"33.38261,-112.190536",1750,120,175
1752130791,2025-07-10T06:59:51Z,N624FB,"33.378559,-112.190254",1725,113,177
1752130793,2025-07-10T06:59:53Z,N624FB,"33.377537,-112.190193",1725,103,171
1752130796,2025-07-10T06:59:56Z,N624FB,"33.376373,-112.189743",1775,98,161
1752130798,2025-07-10T06:59:58Z,N624FB,"33.375641,-112.189034",1775,90,133
1752130801,2025-07-10T07:00:01Z,N624FB,"33.375256,-112.187508",1775,85,100
1752130804,2025-07-10T07:00:04Z,N624FB,"33.375443,-112.18644",1750,82,80
1752130806,2025-07-10T07:00:06Z,N624FB,"33.375954,-112.185486",1700,78,50
1752130809,2025-07-10T07:00:09Z,N624FB,"33.376465,-112.18502",1700,75,30
1752130811,2025-07-10T07:00:11Z,N624FB,"33.377197,-112.184639",1700,73,13
1752130813,2025-07-10T07:00:13Z,N624FB,"33.378094,-112.184532",1675,73,1
1752130815,2025-07-10T07:00:15Z,N624FB,"33.378654,-112.184647",1700,70,344
1752130817,2025-07-10T07:00:17Z,N624FB,"33.379398,-112.185097",1700,68,328
1752130819,2025-07-10T07:00:19Z,N624FB,"33.379852,-112.185623",1700,66,305
1752130822,2025-07-10T07:00:22Z,N624FB,"33.380051,-112.186272",1725,65,290
1752130824,2025-07-10T07:00:24Z,N624FB,"33.380035,-112.187218",1725,67,260
1752130826,2025-07-10T07:00:26Z,N624FB,"33.379852,-112.187881",1725,70,248
1752130828,2025-07-10T07:00:28Z,N624FB,"33.379536,-112.188736",1700,71,245
1752130831,2025-07-10T07:00:31Z,N624FB,"33.379166,-112.189468",1700,73,235
1752130833,2025-07-10T07:00:33Z,N624FB,"33.378754,-112.190018",1725,72,222
1752130835,2025-07-10T07:00:35Z,N624FB,"33.378021,-112.190628",1725,73,203
1752130837,2025-07-10T07:00:37Z,N624FB,"33.377163,-112.190811",1750,79,177
1752130840,2025-07-10T07:00:40Z,N624FB,"33.376186,-112.190536",1750,84,164
1752130842,2025-07-10T07:00:42Z,N624FB,"33.375412,-112.190018",1725,92,147
1752130844,2025-07-10T07:00:44Z,N624FB,"33.374741,-112.189354",1700,99,136
1752130846,2025-07-10T07:00:46Z,N624FB,"33.373947,-112.188316",1675,102,130
1752130848,2025-07-10T07:00:48Z,N624FB,"33.373398,-112.187386",1675,104,123
1752130851,2025-07-10T07:00:51Z,N624FB,"33.372894,-112.186447",1675,104,120
1752130853,2025-07-10T07:00:53Z,N624FB,"33.372391,-112.18541",1675,106,121
1752130855,2025-07-10T07:00:55Z,N624FB,"33.371811,-112.184258",1675,106,120
1752130857,2025-07-10T07:00:57Z,N624FB,"33.371155,-112.182991",1700,106,121
1752130859,2025-07-10T07:00:59Z,N624FB,"33.370605,-112.181892",1700,106,121
1752130862,2025-07-10T07:01:02Z,N624FB,"33.370056,-112.180901",1725,106,121
1752130864,2025-07-10T07:01:04Z,N624FB,"33.369434,-112.179657",1725,107,120
1752130866,2025-07-10T07:01:06Z,N624FB,"33.368912,-112.178543",1750,107,120
1752130868,2025-07-10T07:01:08Z,N624FB,"33.368271,-112.177223",1750,108,119
1752130871,2025-07-10T07:01:11Z,N624FB,"33.36776,-112.176239",1775,109,119
1752130873,2025-07-10T07:01:13Z,N624FB,"33.367126,-112.174911",1775,109,119
1752130875,2025-07-10T07:01:15Z,N624FB,"33.366623,-112.173874",1775,110,119
1752130884,2025-07-10T07:01:24Z,N624FB,"33.364315,-112.169006",1825,109,118
1752130893,2025-07-10T07:01:33Z,N624FB,"33.362274,-112.164314",1875,111,115
1752130895,2025-07-10T07:01:35Z,N624FB,"33.361862,-112.163269",1875,113,114
1752130897,2025-07-10T07:01:37Z,N624FB,"33.361336,-112.161888",1875,114,114
1752130902,2025-07-10T07:01:42Z,N624FB,"33.360306,-112.159256",1875,115,114
1752130904,2025-07-10T07:01:44Z,N624FB,"33.359802,-112.157997",1875,115,113
1752130906,2025-07-10T07:01:46Z,N624FB,"33.359436,-112.156952",1875,115,112
1752130908,2025-07-10T07:01:48Z,N624FB,"33.358932,-112.155411",1875,116,110
1752130910,2025-07-10T07:01:50Z,N624FB,"33.358494,-112.153984",1875,117,108
1752130913,2025-07-10T07:01:53Z,N624FB,"33.358124,-112.152641",1875,117,107
1752130915,2025-07-10T07:01:55Z,N624FB,"33.357834,-112.151459",1875,117,106
1752130917,2025-07-10T07:01:57Z,N624FB,"33.357517,-112.150177",1900,116,107
1752130919,2025-07-10T07:01:59Z,N624FB,"33.357147,-112.14872",1900,114,106
1752130921,2025-07-10T07:02:01Z,N624FB,"33.356865,-112.147652",1900,114,105
1752130923,2025-07-10T07:02:03Z,N624FB,"33.356541,-112.146027",1925,114,103
1752130926,2025-07-10T07:02:06Z,N624FB,"33.356323,-112.14476",1925,113,99
1752130928,2025-07-10T07:02:08Z,N624FB,"33.356167,-112.143448",1950,114,94
1752130930,2025-07-10T07:02:10Z,N624FB,"33.35614,-112.14212",1950,115,90
1752130932,2025-07-10T07:02:12Z,N624FB,"33.356167,-112.140533",1950,116,87
1752130935,2025-07-10T07:02:15Z,N624FB,"33.356308,-112.138962",1925,116,84
1752130937,2025-07-10T07:02:17Z,N624FB,"33.356415,-112.137505",1925,117,84
1752130939,2025-07-10T07:02:19Z,N624FB,"33.356552,-112.136185",1925,117,83
1752130941,2025-07-10T07:02:21Z,N624FB,"33.356689,-112.134811",1950,117,83
1752130943,2025-07-10T07:02:23Z,N624FB,"33.356819,-112.133583",1950,116,82
1752130945,2025-07-10T07:02:25Z,N624FB,"33.35696,-112.132294",1950,116,82
1752130947,2025-07-10T07:02:27Z,N624FB,"33.357101,-112.130692",1975,116,82
1752130950,2025-07-10T07:02:30Z,N624FB,"33.357285,-112.129433",1975,115,81
1752130952,2025-07-10T07:02:32Z,N624FB,"33.357422,-112.128166",1975,115,81
1752130954,2025-07-10T07:02:34Z,N624FB,"33.357651,-112.126686",2000,114,79
1752130956,2025-07-10T07:02:36Z,N624FB,"33.35788,-112.125145",2000,115,79
1752130958,2025-07-10T07:02:38Z,N624FB,"33.358063,-112.124046",2000,115,79
1752130960,2025-07-10T07:02:40Z,N624FB,"33.358292,-112.122513",2000,115,80
1752130963,2025-07-10T07:02:43Z,N624FB,"33.358448,-112.121307",2000,116,79
1752130965,2025-07-10T07:02:45Z,N624FB,"33.358681,-112.119797",2000,117,79
1752130967,2025-07-10T07:02:47Z,N624FB,"33.358887,-112.118721",2000,117,77
1752130969,2025-07-10T07:02:49Z,N624FB,"33.359241,-112.116989",2000,119,76
1752130971,2025-07-10T07:02:51Z,N624FB,"33.359528,-112.115646",1975,118,75
1752130973,2025-07-10T07:02:53Z,N624FB,"33.359802,-112.11438",1975,117,75
1752130976,2025-07-10T07:02:56Z,N624FB,"33.360126,-112.112785",1975,116,75
1752130978,2025-07-10T07:02:58Z,N624FB,"33.360443,-112.111465",1975,115,75
1752130980,2025-07-10T07:03:00Z,N624FB,"33.360729,-112.110207",1975,115,75
1752130987,2025-07-10T07:03:07Z,N624FB,"33.36166,-112.106117",1950,115,75
1752130989,2025-07-10T07:03:09Z,N624FB,"33.361893,-112.104881",1950,114,74
1752130991,2025-07-10T07:03:11Z,N624FB,"33.362274,-112.103394",1975,113,74
1752130993,2025-07-10T07:03:13Z,N624FB,"33.362545,-112.102135",1975,112,73
1752130995,2025-07-10T07:03:15Z,N624FB,"33.362778,-112.101189",1975,111,73
1752131002,2025-07-10T07:03:22Z,N624FB,"33.363831,-112.097076",2000,111,72
1752131009,2025-07-10T07:03:29Z,N624FB,"33.364826,-112.09317",2000,109,73
1752131017,2025-07-10T07:03:37Z,N624FB,"33.365982,-112.088287",2050,106,74
1752131021,2025-07-10T07:03:41Z,N624FB,"33.366455,-112.085938",2075,106,80
1752131024,2025-07-10T07:03:44Z,N624FB,"33.366623,-112.08461",2075,107,83
1752131026,2025-07-10T07:03:46Z,N624FB,"33.366669,-112.083176",2075,109,90
1752131028,2025-07-10T07:03:48Z,N624FB,"33.366596,-112.081902",2075,108,95
1752131030,2025-07-10T07:03:50Z,N624FB,"33.366409,-112.080505",2075,108,100
1752131032,2025-07-10T07:03:52Z,N624FB,"33.366165,-112.079277",2100,108,104
1752131034,2025-07-10T07:03:54Z,N624FB,"33.365845,-112.078125",2100,108,108
1752131037,2025-07-10T07:03:57Z,N624FB,"33.365479,-112.076973",2100,107,111
1752131039,2025-07-10T07:03:59Z,N624FB,"33.364967,-112.075684",2100,108,115
1752131041,2025-07-10T07:04:01Z,N624FB,"33.364639,-112.074783",2125,107,117
1752131043,2025-07-10T07:04:03Z,N624FB,"33.364014,-112.073509",2125,107,118
1752131045,2025-07-10T07:04:05Z,N624FB,"33.363571,-112.07254",2125,106,120
1752131047,2025-07-10T07:04:07Z,N624FB,"33.362869,-112.071152",2150,106,120
1752131050,2025-07-10T07:04:10Z,N624FB,"33.362457,-112.070213",2150,105,119
1752131052,2025-07-10T07:04:12Z,N624FB,"33.361954,-112.069115",2175,105,114
1752131054,2025-07-10T07:04:14Z,N624FB,"33.361496,-112.067688",2175,106,106
1752131056,2025-07-10T07:04:16Z,N624FB,"33.361267,-112.066368",2175,108,99
1752131061,2025-07-10T07:04:21Z,N624FB,"33.361195,-112.063911",2150,110,84
1752131063,2025-07-10T07:04:23Z,N624FB,"33.36145,-112.062416",2150,109,77
1752131065,2025-07-10T07:04:25Z,N624FB,"33.361755,-112.060997",2150,108,72
1752131067,2025-07-10T07:04:27Z,N624FB,"33.36208,-112.060097",2175,105,66
1752131070,2025-07-10T07:04:30Z,N624FB,"33.362545,-112.058807",2175,105,62
1752131072,2025-07-10T07:04:32Z,N624FB,"33.363056,-112.0578",2175,104,58
1752131074,2025-07-10T07:04:34Z,N624FB,"33.363693,-112.056595",2150,104,57
1752131076,2025-07-10T07:04:36Z,N624FB,"33.364315,-112.055389",2150,104,57
1752131079,2025-07-10T07:04:39Z,N624FB,"33.364967,-112.054214",2125,103,57
1752131081,2025-07-10T07:04:41Z,N624FB,"33.365433,-112.053375",2125,102,55
1752131083,2025-07-10T07:04:43Z,N624FB,"33.366177,-112.052193",2125,101,52
1752131085,2025-07-10T07:04:45Z,N624FB,"33.366806,-112.051315",2125,98,46
1752131087,2025-07-10T07:04:47Z,N624FB,"33.367527,-112.050568",2150,96,39
1752131090,2025-07-10T07:04:50Z,N624FB,"33.368179,-112.050064",2125,94,29
1752131092,2025-07-10T07:04:52Z,N624FB,"33.369186,-112.049561",2125,92,19
1752131094,2025-07-10T07:04:54Z,N624FB,"33.370087,-112.049278",2125,89,11
1752131096,2025-07-10T07:04:56Z,N624FB,"33.370739,-112.049171",2100,88,3
1752131098,2025-07-10T07:04:58Z,N624FB,"33.371796,-112.049179",2100,87,353
1752131101,2025-07-10T07:05:01Z,N624FB,"33.372574,-112.049339",2075,86,345
1752131103,2025-07-10T07:05:03Z,N624FB,"33.373535,-112.049782",2050,87,336
1752131105,2025-07-10T07:05:05Z,N624FB,"33.374462,-112.050293",2025,88,333
1752131107,2025-07-10T07:05:07Z,N624FB,"33.37521,-112.050735",2025,88,333
1752131110,2025-07-10T07:05:10Z,N624FB,"33.375961,-112.051208",2000,88,332
1752131112,2025-07-10T07:05:12Z,N624FB,"33.376831,-112.051758",2000,88,331
1752131114,2025-07-10T07:05:14Z,N624FB,"33.377537,-112.052193",2000,87,331
1752131116,2025-07-10T07:05:16Z,N624FB,"33.37825,-112.052689",2000,86,330
1752131118,2025-07-10T07:05:18Z,N624FB,"33.379025,-112.053261",1975,85,328
1752131120,2025-07-10T07:05:20Z,N624FB,"33.379669,-112.053734",1975,84,327
1752131123,2025-07-10T07:05:23Z,N624FB,"33.380402,-112.054283",1975,83,327
1752131125,2025-07-10T07:05:25Z,N624FB,"33.381214,-112.054886",1975,83,326
1752131127,2025-07-10T07:05:27Z,N624FB,"33.381912,-112.055443",1950,83,326
1752131129,2025-07-10T07:05:29Z,N624FB,"33.382702,-112.056061",1950,83,325
1752131131,2025-07-10T07:05:31Z,N624FB,"33.383308,-112.056625",1950,83,323
1752131133,2025-07-10T07:05:33Z,N624FB,"33.383881,-112.057144",1925,82,318
1752131136,2025-07-10T07:05:36Z,N624FB,"33.384567,-112.057907",1925,84,314
1752131138,2025-07-10T07:05:38Z,N624FB,"33.385117,-112.058624",1900,84,311
1752131140,2025-07-10T07:05:40Z,N624FB,"33.385666,-112.059395",1875,84,309
1752131142,2025-07-10T07:05:42Z,N624FB,"33.386124,-112.060051",1875,83,309
1752131144,2025-07-10T07:05:44Z,N624FB,"33.386627,-112.060822",1875,83,307
1752131146,2025-07-10T07:05:46Z,N624FB,"33.387177,-112.061699",1875,82,306
1752131149,2025-07-10T07:05:49Z,N624FB,"33.387726,-112.062576",1875,82,305
1752131151,2025-07-10T07:05:51Z,N624FB,"33.388184,-112.063347",1850,81,304
1752131153,2025-07-10T07:05:53Z,N624FB,"33.388687,-112.064224",1875,82,304
1752131156,2025-07-10T07:05:56Z,N624FB,"33.389191,-112.065109",1850,82,304
1752131158,2025-07-10T07:05:58Z,N624FB,"33.389648,-112.065933",1850,82,304
1752131160,2025-07-10T07:06:00Z,N624FB,"33.390198,-112.066879",1825,82,303
1752131162,2025-07-10T07:06:02Z,N624FB,"33.390572,-112.067612",1825,82,303
1752131164,2025-07-10T07:06:04Z,N624FB,"33.391083,-112.068504",1825,82,302
1752131167,2025-07-10T07:06:07Z,N624FB,"33.391525,-112.069336",1825,84,302
1752131169,2025-07-10T07:06:09Z,N624FB,"33.391937,-112.070107",1800,84,301
1752131171,2025-07-10T07:06:11Z,N624FB,"33.392433,-112.071144",1800,84,301
1752131173,2025-07-10T07:06:13Z,N624FB,"33.392853,-112.071976",1800,84,301
1752131175,2025-07-10T07:06:15Z,N624FB,"33.393265,-112.072739",1775,84,299
1752131177,2025-07-10T07:06:17Z,N624FB,"33.393642,-112.073608",1775,84,298
1752131179,2025-07-10T07:06:19Z,N624FB,"33.394062,-112.074501",1775,82,296
1752131182,2025-07-10T07:06:22Z,N624FB,"33.394482,-112.075569",1775,81,293
1752131184,2025-07-10T07:06:24Z,N624FB,"33.39473,-112.07653",1775,79,289
1752131186,2025-07-10T07:06:26Z,N624FB,"33.394947,-112.077415",1775,75,282
1752131188,2025-07-10T07:06:28Z,N624FB,"33.395004,-112.078232",1775,71,272
1752131191,2025-07-10T07:06:31Z,N624FB,"33.394913,-112.07917",1775,67,256
1752131193,2025-07-10T07:06:33Z,N624FB,"33.394592,-112.07988",1775,66,237
1752131195,2025-07-10T07:06:35Z,N624FB,"33.394108,-112.080391",1750,64,205
1752131197,2025-07-10T07:06:37Z,N624FB,"33.393597,-112.080505",1750,66,176
1752131199,2025-07-10T07:06:39Z,N624FB,"33.392853,-112.080162",1750,72,146
1752131202,2025-07-10T07:06:42Z,N624FB,"33.392441,-112.079552",1725,78,116
1752131204,2025-07-10T07:06:44Z,N624FB,"33.392166,-112.078568",1700,81,102
1752131206,2025-07-10T07:06:46Z,N624FB,"33.391937,-112.077301",1700,82,100
1752131209,2025-07-10T07:06:49Z,N624FB,"33.391827,-112.076355",1700,81,100
1752131211,2025-07-10T07:06:51Z,N624FB,"33.391663,-112.075546",1725,82,99
1752131213,2025-07-10T07:06:53Z,N624FB,"33.391594,-112.074669",1725,82,97
1752131215,2025-07-10T07:06:55Z,N624FB,"33.391479,-112.07373",1750,83,95
1752131217,2025-07-10T07:06:57Z,N624FB,"33.391434,-112.0728",1750,83,93
1752131219,2025-07-10T07:06:59Z,N624FB,"33.391388,-112.071587",1750,82,87
1752131221,2025-07-10T07:07:01Z,N624FB,"33.391525,-112.070816",1775,79,75
1752131223,2025-07-10T07:07:03Z,N624FB,"33.391891,-112.070107",1775,76,45
1752131225,2025-07-10T07:07:05Z,N624FB,"33.39262,-112.069519",1775,75,24
1752131228,2025-07-10T07:07:08Z,N624FB,"33.393456,-112.069405",1775,75,4
1752131230,2025-07-10T07:07:10Z,N624FB,"33.393951,-112.069504",1750,75,347
1752131232,2025-07-10T07:07:12Z,N624FB,"33.394669,-112.069794",1750,76,333
1752131234,2025-07-10T07:07:14Z,N624FB,"33.395412,-112.070412",1750,78,323
1752131236,2025-07-10T07:07:16Z,N624FB,"33.395966,-112.07093",1750,78,316
1752131238,2025-07-10T07:07:18Z,N624FB,"33.396515,-112.07164",1750,79,314
1752131241,2025-07-10T07:07:21Z,N624FB,"33.397156,-112.072357",1750,82,315
1752131243,2025-07-10T07:07:23Z,N624FB,"33.397694,-112.07299",1750,83,317
1752131245,2025-07-10T07:07:25Z,N624FB,"33.398296,-112.073608",1750,85,319
1752131247,2025-07-10T07:07:27Z,N624FB,"33.398941,-112.074226",1750,86,321
1752131249,2025-07-10T07:07:29Z,N624FB,"33.399582,-112.074829",1750,86,321
1752131251,2025-07-10T07:07:31Z,N624FB,"33.400394,-112.075623",1750,85,320
1752131253,2025-07-10T07:07:33Z,N624FB,"33.400997,-112.076241",1750,84,317
1752131255,2025-07-10T07:07:35Z,N624FB,"33.401642,-112.076973",1775,83,314
1752131258,2025-07-10T07:07:38Z,N624FB,"33.402256,-112.077866",1775,81,308
1752131260,2025-07-10T07:07:40Z,N624FB,"33.402626,-112.078598",1800,80,299
1752131262,2025-07-10T07:07:42Z,N624FB,"33.403061,-112.079605",1800,78,293
1752131265,2025-07-10T07:07:45Z,N624FB,"33.403278,-112.080444",1825,77,286
1752131267,2025-07-10T07:07:47Z,N624FB,"33.403374,-112.081284",1850,76,276
1752131269,2025-07-10T07:07:49Z,N624FB,"33.403381,-112.082138",1850,78,269
1752131271,2025-07-10T07:07:51Z,N624FB,"33.403374,-112.083191",1850,78,267
1752131273,2025-07-10T07:07:53Z,N624FB,"33.403324,-112.08403",1850,78,267
1752131276,2025-07-10T07:07:56Z,N624FB,"33.403278,-112.085098",1875,77,267
1752131278,2025-07-10T07:07:58Z,N624FB,"33.403233,-112.086105",1875,77,267
1752131280,2025-07-10T07:08:00Z,N624FB,"33.403198,-112.086914",1900,77,267
1752131282,2025-07-10T07:08:02Z,N624FB,"33.403152,-112.087738",1925,76,267
1752131284,2025-07-10T07:08:04Z,N624FB,"33.403091,-112.088745",1925,76,266
1752131286,2025-07-10T07:08:06Z,N624FB,"33.403046,-112.089752",1950,76,265
1752131289,2025-07-10T07:08:09Z,N624FB,"33.402969,-112.090538",1950,76,265
1752131291,2025-07-10T07:08:11Z,N624FB,"33.402924,-112.09153",1975,77,267
1752131293,2025-07-10T07:08:13Z,N624FB,"33.402924,-112.092407",1975,78,267
1752131295,2025-07-10T07:08:15Z,N624FB,"33.402878,-112.093285",1975,79,268
1752131297,2025-07-10T07:08:17Z,N624FB,"33.402878,-112.09433",1975,81,269
1752131304,2025-07-10T07:08:24Z,N624FB,"33.402557,-112.097244",2000,80,250
1752131306,2025-07-10T07:08:26Z,N624FB,"33.402191,-112.098007",2000,81,231
1752131308,2025-07-10T07:08:28Z,N624FB,"33.401505,-112.098671",2000,85,209
1752131310,2025-07-10T07:08:30Z,N624FB,"33.400673,-112.099052",1975,88,193
1752131313,2025-07-10T07:08:33Z,N624FB,"33.399834,-112.09922",1975,90,185
1752131315,2025-07-10T07:08:35Z,N624FB,"33.398804,-112.099274",1975,91,180
1752131317,2025-07-10T07:08:37Z,N624FB,"33.397785,-112.09922",1975,92,179
1752131319,2025-07-10T07:08:39Z,N624FB,"33.397133,-112.09922",1975,92,178
1752131321,2025-07-10T07:08:41Z,N624FB,"33.39624,-112.09922",1975,91,178
1752131323,2025-07-10T07:08:43Z,N624FB,"33.39518,-112.099167",1975,89,177
1752131326,2025-07-10T07:08:46Z,N624FB,"33.394363,-112.098999",2000,83,162
1752131328,2025-07-10T07:08:48Z,N624FB,"33.393539,-112.098503",2025,80,146
1752131330,2025-07-10T07:08:50Z,N624FB,"33.393036,-112.097824",2050,80,128
1752131332,2025-07-10T07:08:52Z,N624FB,"33.392715,-112.097076",2050,81,111
1752131334,2025-07-10T07:08:54Z,N624FB,"33.392525,-112.096252",2050,80,102
1752131336,2025-07-10T07:08:56Z,N624FB,"33.392387,-112.095078",2050,80,96
1752131338,2025-07-10T07:08:58Z,N624FB,"33.392338,-112.094177",2050,80,92
1752131340,2025-07-10T07:09:00Z,N624FB,"33.392338,-112.093338",2050,80,88
1752131343,2025-07-10T07:09:03Z,N624FB,"33.392395,-112.092239",2075,77,83
1752131345,2025-07-10T07:09:05Z,N624FB,"33.39257,-112.091492",2075,73,69
1752131347,2025-07-10T07:09:07Z,N624FB,"33.392853,-112.090813",2075,69,56
1752131349,2025-07-10T07:09:09Z,N624FB,"33.393448,-112.090103",2100,67,37
1752131352,2025-07-10T07:09:12Z,N624FB,"33.394062,-112.089691",2075,66,27
1752131354,2025-07-10T07:09:14Z,N624FB,"33.394669,-112.089523",2075,66,11
1752131356,2025-07-10T07:09:16Z,N624FB,"33.395325,-112.089493",2075,68,358
1752131358,2025-07-10T07:09:18Z,N624FB,"33.396111,-112.089584",2050,69,351
1752131360,2025-07-10T07:09:20Z,N624FB,"33.396698,-112.089714",2050,71,348
1752131362,2025-07-10T07:09:22Z,N624FB,"33.397366,-112.089859",2025,73,345
1752131364,2025-07-10T07:09:24Z,N624FB,"33.398018,-112.090088",2025,75,345
1752131366,2025-07-10T07:09:26Z,N624FB,"33.398903,-112.09037",2000,76,344
1752131368,2025-07-10T07:09:28Z,N624FB,"33.399601,-112.090591",2000,76,344
1752131371,2025-07-10T07:09:31Z,N624FB,"33.400253,-112.090813",2000,76,345
1752131373,2025-07-10T07:09:33Z,N624FB,"33.400951,-112.090981",2000,76,345
1752131375,2025-07-10T07:09:35Z,N624FB,"33.401917,-112.091309",2000,76,344
1752131377,2025-07-10T07:09:37Z,N624FB,"33.402466,-112.091476",2000,76,344
1752131379,2025-07-10T07:09:39Z,N624FB,"33.403198,-112.091751",2000,78,343
1752131381,2025-07-10T07:09:41Z,N624FB,"33.404068,-112.092079",1975,81,342
1752131384,2025-07-10T07:09:44Z,N624FB,"33.40477,-112.092331",1975,84,343
1752131386,2025-07-10T07:09:46Z,N624FB,"33.405514,-112.092552",1950,91,346
1752131390,2025-07-10T07:09:50Z,N624FB,"33.407639,-112.092957",1850,101,353
1752131392,2025-07-10T07:09:52Z,N624FB,"33.408691,-112.093063",1800,105,357
1752131394,2025-07-10T07:09:54Z,N624FB,"33.409836,-112.093124",1750,106,357
1752131397,2025-07-10T07:09:57Z,N624FB,"33.410774,-112.09317",1750,106,357
1752131399,2025-07-10T07:09:59Z,N624FB,"33.411713,-112.093178",1725,106,359
1752131401,2025-07-10T07:10:01Z,N624FB,"33.41296,-112.09317",1725,105,359
1752131403,2025-07-10T07:10:03Z,N624FB,"33.413956,-112.093178",1700,104,359
1752131405,2025-07-10T07:10:05Z,N624FB,"33.415009,-112.093178",1725,103,359
1752131407,2025-07-10T07:10:07Z,N624FB,"33.416035,-112.09317",1725,102,359
1752131410,2025-07-10T07:10:10Z,N624FB,"33.417114,-112.093178",1725,101,359
1752131412,2025-07-10T07:10:12Z,N624FB,"33.418083,-112.09317",1725,101,359
1752131414,2025-07-10T07:10:14Z,N624FB,"33.419083,-112.093124",1725,101,359
1752131416,2025-07-10T07:10:16Z,N624FB,"33.420177,-112.09317",1725,101,359
1752131418,2025-07-10T07:10:18Z,N624FB,"33.421143,-112.093178",1725,101,359
1752131420,2025-07-10T07:10:20Z,N624FB,"33.422012,-112.093178",1725,101,359
1752131429,2025-07-10T07:10:29Z,N624FB,"33.426228,-112.09317",1725,101,359
1752131438,2025-07-10T07:10:38Z,N624FB,"33.430233,-112.093117",1750,99,1
1752131444,2025-07-10T07:10:44Z,N624FB,"33.433228,-112.093063",1750,99,1
1752131451,2025-07-10T07:10:51Z,N624FB,"33.436283,-112.093056",1750,99,359
1752131460,2025-07-10T07:11:00Z,N624FB,"33.440243,-112.093002",1775,96,1
1752131469,2025-07-10T07:11:09Z,N624FB,"33.444199,-112.092949",1800,94,1
1752131475,2025-07-10T07:11:15Z,N624FB,"33.44696,-112.092957",1800,94,359
1752131482,2025-07-10T07:11:22Z,N624FB,"33.449844,-112.09301",1800,94,358
1752131491,2025-07-10T07:11:31Z,N624FB,"33.453598,-112.093063",1800,93,359
1752131497,2025-07-10T07:11:37Z,N624FB,"33.456253,-112.093124",1825,91,356
1752131499,2025-07-10T07:11:39Z,N624FB,"33.457352,-112.093231",1825,90,353
1752131501,2025-07-10T07:11:41Z,N624FB,"33.458397,-112.093452",1850,89,349
1752131504,2025-07-10T07:11:44Z,N624FB,"33.45932,-112.093727",1850,89,345
1752131506,2025-07-10T07:11:46Z,N624FB,"33.460007,-112.094002",1850,87,339
1752131508,2025-07-10T07:11:48Z,N624FB,"33.460876,-112.094498",1850,85,335
1752131510,2025-07-10T07:11:50Z,N624FB,"33.461472,-112.094879",1875,83,329
1752131512,2025-07-10T07:11:52Z,N624FB,"33.462204,-112.095375",1875,82,325
1752131514,2025-07-10T07:11:54Z,N624FB,"33.462914,-112.096031",1900,80,322
1752131517,2025-07-10T07:11:57Z,N624FB,"33.46344,-112.096527",1900,79,317
1752131519,2025-07-10T07:11:59Z,N624FB,"33.463982,-112.097206",1925,79,315
1752131521,2025-07-10T07:12:01Z,N624FB,"33.46468,-112.097992",1925,77,315
1752131523,2025-07-10T07:12:03Z,N624FB,"33.465088,-112.098503",1925,77,314
1752131525,2025-07-10T07:12:05Z,N624FB,"33.465729,-112.09922",1925,77,314
1752131527,2025-07-10T07:12:07Z,N624FB,"33.466232,-112.099823",1925,77,315
1752131529,2025-07-10T07:12:09Z,N624FB,"33.466824,-112.10051",1925,77,317
1752131532,2025-07-10T07:12:12Z,N624FB,"33.467468,-112.101196",1925,75,318
1752131534,2025-07-10T07:12:14Z,N624FB,"33.467972,-112.101746",1925,75,317
1752131536,2025-07-10T07:12:16Z,N624FB,"33.468384,-112.102242",1925,73,315
1752131538,2025-07-10T07:12:18Z,N624FB,"33.468887,-112.102951",1925,70,302
1752131540,2025-07-10T07:12:20Z,N624FB,"33.469196,-112.103653",1950,68,290
1752131542,2025-07-10T07:12:22Z,N624FB,"33.469299,-112.104599",1975,67,270
1752131545,2025-07-10T07:12:25Z,N624FB,"33.469151,-112.105446",1975,70,252
1752131547,2025-07-10T07:12:27Z,N624FB,"33.468796,-112.106194",1975,75,235
1752131549,2025-07-10T07:12:29Z,N624FB,"33.468357,-112.106789",1950,78,226
1752131551,2025-07-10T07:12:31Z,N624FB,"33.467709,-112.107521",1950,79,222
1752131553,2025-07-10T07:12:33Z,N624FB,"33.467148,-112.108192",1950,78,228
1752131556,2025-07-10T07:12:36Z,N624FB,"33.466644,-112.109055",1950,76,236
1752131558,2025-07-10T07:12:38Z,N624FB,"33.46637,-112.109764",1925,73,253
1752131560,2025-07-10T07:12:40Z,N624FB,"33.466232,-112.110703",1925,72,262
1752131562,2025-07-10T07:12:42Z,N624FB,"33.466171,-112.111443",1925,73,267
1752131564,2025-07-10T07:12:44Z,N624FB,"33.466141,-112.112564",1900,73,268
1752131567,2025-07-10T07:12:47Z,N624FB,"33.466125,-112.113289",1900,73,267
1752131569,2025-07-10T07:12:49Z,N624FB,"33.466095,-112.114159",1900,73,268
1752131573,2025-07-10T07:12:53Z,N624FB,"33.466049,-112.116028",1900,73,269
1752131575,2025-07-10T07:12:55Z,N624FB,"33.466049,-112.116684",1900,72,269
1752131577,2025-07-10T07:12:57Z,N624FB,"33.46603,-112.117607",1900,72,270
1752131580,2025-07-10T07:13:00Z,N624FB,"33.46608,-112.118675",1900,72,270
1752131582,2025-07-10T07:13:02Z,N624FB,"33.46603,-112.119514",1900,72,269
1752131584,2025-07-10T07:13:04Z,N624FB,"33.46603,-112.1203",1900,72,269
1752131586,2025-07-10T07:13:06Z,N624FB,"33.46603,-112.121086",1900,72,270
1752131588,2025-07-10T07:13:08Z,N624FB,"33.466049,-112.122177",1900,72,270
1752131591,2025-07-10T07:13:11Z,N624FB,"33.46603,-112.122986",1900,72,270
1752131597,2025-07-10T07:13:17Z,N624FB,"33.466003,-112.125534",1900,73,270
1752131604,2025-07-10T07:13:24Z,N624FB,"33.46603,-112.128372",1900,74,270
1752131613,2025-07-10T07:13:33Z,N624FB,"33.466049,-112.132065",1875,76,270
1752131621,2025-07-10T07:13:41Z,N624FB,"33.466095,-112.13575",1875,75,270
1752131628,2025-07-10T07:13:48Z,N624FB,"33.466125,-112.13829",1875,76,270
1752131637,2025-07-10T07:13:57Z,N624FB,"33.466125,-112.142387",1875,77,269
1752131646,2025-07-10T07:14:06Z,N624FB,"33.466125,-112.145805",1875,78,270
1752131652,2025-07-10T07:14:12Z,N624FB,"33.466049,-112.148766",1875,78,267
1752131657,2025-07-10T07:14:17Z,N624FB,"33.46608,-112.150681",1875,75,278
1752131659,2025-07-10T07:14:19Z,N624FB,"33.46645,-112.151634",1875,72,301
1752131661,2025-07-10T07:14:21Z,N624FB,"33.46701,-112.152229",1875,73,324
1752131663,2025-07-10T07:14:23Z,N624FB,"33.467567,-112.152588",1850,75,331
1752131666,2025-07-10T07:14:26Z,N624FB,"33.468311,-112.153091",1850,77,333
1752131668,2025-07-10T07:14:28Z,N624FB,"33.469116,-112.153549",1850,77,332
1752131671,2025-07-10T07:14:31Z,N624FB,"33.46994,-112.154099",1850,78,332
1752131673,2025-07-10T07:14:33Z,N624FB,"33.470592,-112.154488",1850,79,332
1752131675,2025-07-10T07:14:35Z,N624FB,"33.471451,-112.155029",1850,79,332
1752131677,2025-07-10T07:14:37Z,N624FB,"33.47213,-112.155441",1850,79,331
1752131679,2025-07-10T07:14:39Z,N624FB,"33.472824,-112.155907",1850,79,331
1752131682,2025-07-10T07:14:42Z,N624FB,"33.473526,-112.156342",1850,80,330
1752131684,2025-07-10T07:14:44Z,N624FB,"33.474087,-112.156731",1850,81,331
1752131686,2025-07-10T07:14:46Z,N624FB,"33.47493,-112.15728",1850,81,331
1752131688,2025-07-10T07:14:48Z,N624FB,"33.475666,-112.157745",1875,81,331
1752131690,2025-07-10T07:14:50Z,N624FB,"33.476414,-112.158249",1875,81,330
1752131697,2025-07-10T07:14:57Z,N624FB,"33.478546,-112.159698",1875,80,330
1752131699,2025-07-10T07:14:59Z,N624FB,"33.479298,-112.160263",1875,77,322
1752131702,2025-07-10T07:15:02Z,N624FB,"33.479671,-112.160934",1875,68,296
1752131704,2025-07-10T07:15:04Z,N624FB,"33.479671,-112.16172",1900,64,245
1752131706,2025-07-10T07:15:06Z,N624FB,"33.479187,-112.162338",1875,69,222
1752131708,2025-07-10T07:15:08Z,N624FB,"33.4786,-112.162727",1850,79,207
1752131710,2025-07-10T07:15:10Z,N624FB,"33.477715,-112.163292",1825,82,205
1752131713,2025-07-10T07:15:13Z,N624FB,"33.477066,-112.163628",1800,84,203
1752131715,2025-07-10T07:15:15Z,N624FB,"33.476395,-112.163986",1800,86,203
1752131717,2025-07-10T07:15:17Z,N624FB,"33.475571,-112.164368",1800,85,202
1752131719,2025-07-10T07:15:19Z,N624FB,"33.474644,-112.164803",1800,85,202
1752131721,2025-07-10T07:15:21Z,N624FB,"33.474014,-112.165138",1800,85,202
1752131723,2025-07-10T07:15:23Z,N624FB,"33.473106,-112.165588",1800,85,203
1752131725,2025-07-10T07:15:25Z,N624FB,"33.472408,-112.165985",1800,84,203
1752131728,2025-07-10T07:15:28Z,N624FB,"33.471588,-112.166397",1800,84,203
1752131730,2025-07-10T07:15:30Z,N624FB,"33.470688,-112.166878",1800,83,204
1752131732,2025-07-10T07:15:32Z,N624FB,"33.470032,-112.167221",1800,82,205
1752131734,2025-07-10T07:15:34Z,N624FB,"33.469299,-112.167664",1800,81,205
1752131736,2025-07-10T07:15:36Z,N624FB,"33.468475,-112.168159",1800,79,206
1752131739,2025-07-10T07:15:39Z,N624FB,"33.4678,-112.168503",1825,72,200
1752131741,2025-07-10T07:15:41Z,N624FB,"33.467102,-112.168564",1800,53,165
1752131743,2025-07-10T07:15:43Z,N624FB,"33.466782,-112.168266",1825,48,114
1752131745,2025-07-10T07:15:45Z,N624FB,"33.466915,-112.167717",1800,41,44
1752131748,2025-07-10T07:15:48Z,N624FB,"33.467377,-112.167442",1750,54,20
1752131750,2025-07-10T07:15:50Z,N624FB,"33.468079,-112.167107",1725,58,19
1752131753,2025-07-10T07:15:53Z,N624FB,"33.468544,-112.166931",1700,61,19
1752131755,2025-07-10T07:15:55Z,N624FB,"33.469254,-112.166618",1700,62,18
1752131757,2025-07-10T07:15:57Z,N624FB,"33.469757,-112.166428",1700,62,19
1752131759,2025-07-10T07:15:59Z,N624FB,"33.47036,-112.166153",1700,62,19
1752131761,2025-07-10T07:16:01Z,N624FB,"33.471085,-112.165848",1700,61,22
1752131764,2025-07-10T07:16:04Z,N624FB,"33.471497,-112.165573",1725,61,34
1752131766,2025-07-10T07:16:06Z,N624FB,"33.472038,-112.164917",1725,58,53
1752131768,2025-07-10T07:16:08Z,N624FB,"33.472271,-112.164467",1725,57,67
1752131770,2025-07-10T07:16:10Z,N624FB,"33.472454,-112.163681",1750,58,76
1752131772,2025-07-10T07:16:12Z,N624FB,"33.472549,-112.162941",1725,61,85
1752131774,2025-07-10T07:16:14Z,N624FB,"33.472549,-112.162392",1725,64,90
1752131776,2025-07-10T07:16:16Z,N624FB,"33.472549,-112.161667",1725,66,92
1752131778,2025-07-10T07:16:18Z,N624FB,"33.472504,-112.160797",1725,68,92
1752131781,2025-07-10T07:16:21Z,N624FB,"33.472454,-112.159981",1725,70,92
1752131783,2025-07-10T07:16:23Z,N624FB,"33.472454,-112.158974",1750,72,92
1752131785,2025-07-10T07:16:25Z,N624FB,"33.472408,-112.158134",1750,74,90
1752131788,2025-07-10T07:16:28Z,N624FB,"33.472412,-112.15728",1750,76,90
1752131790,2025-07-10T07:16:30Z,N624FB,"33.472408,-112.156227",1750,77,90
1752131792,2025-07-10T07:16:32Z,N624FB,"33.472412,-112.155411",1750,77,90
1752131794,2025-07-10T07:16:34Z,N624FB,"33.472363,-112.154488",1775,78,91
1752131796,2025-07-10T07:16:36Z,N624FB,"33.472363,-112.153648",1775,78,90
1752131798,2025-07-10T07:16:38Z,N624FB,"33.472412,-112.152664",1775,76,81
1752131800,2025-07-10T07:16:40Z,N624FB,"33.472641,-112.151787",1800,74,61
1752131803,2025-07-10T07:16:43Z,N624FB,"33.473145,-112.151184",1800,69,33
1752131805,2025-07-10T07:16:45Z,N624FB,"33.473831,-112.150803",1775,69,15
1752131807,2025-07-10T07:16:47Z,N624FB,"33.474472,-112.150635",1775,69,8
1752131809,2025-07-10T07:16:49Z,N624FB,"33.475113,-112.150581",1775,71,4
1752131811,2025-07-10T07:16:51Z,N624FB,"33.475983,-112.150467",1775,73,5
1752131813,2025-07-10T07:16:53Z,N624FB,"33.476669,-112.150414",1775,73,4
1752131815,2025-07-10T07:16:55Z,N624FB,"33.477264,-112.15036",1775,73,4
1752131818,2025-07-10T07:16:58Z,N624FB,"33.477951,-112.150307",1775,72,4
1752131820,2025-07-10T07:17:00Z,N624FB,"33.4786,-112.15023",1800,68,5
1752131822,2025-07-10T07:17:02Z,N624FB,"33.479279,-112.150192",1825,52,355
1752131824,2025-07-10T07:17:04Z,N624FB,"33.479599,-112.150307",1850,26,310
1752131826,2025-07-10T07:17:06Z,N624FB,"33.479645,-112.150581",1850,25,236
1752131911,2025-07-10T07:18:31Z,N624FB,"33.475529,-112.141937",1700,72,1
1752131920,2025-07-10T07:18:40Z,N624FB,"33.478088,-112.141953",1700,60,357
1752131922,2025-07-10T07:18:42Z,N624FB,"33.478741,-112.141991",1725,54,354
1752131924,2025-07-10T07:18:44Z,N624FB,"33.479206,-112.141991",1750,42,15
1752131926,2025-07-10T07:18:46Z,N624FB,"33.479507,-112.141678",1725,35,47
1752131928,2025-07-10T07:18:48Z,N624FB,"33.479626,-112.141319",1700,35,85
1752131931,2025-07-10T07:18:51Z,N624FB,"33.479626,-112.140869",1700,41,90
1752131933,2025-07-10T07:18:53Z,N624FB,"33.479599,-112.140251",1675,49,91
1752131935,2025-07-10T07:18:55Z,N624FB,"33.47958,-112.139641",1675,55,93
1752131937,2025-07-10T07:18:57Z,N624FB,"33.479553,-112.138992",1675,61,93
1752131939,2025-07-10T07:18:59Z,N624FB,"33.479507,-112.138168",1675,64,93
1752131942,2025-07-10T07:19:02Z,N624FB,"33.479462,-112.137451",1675,65,93
1752131944,2025-07-10T07:19:04Z,N624FB,"33.479439,-112.136551",1675,65,94
1752131946,2025-07-10T07:19:06Z,N624FB,"33.479393,-112.135712",1700,60,90
1752131948,2025-07-10T07:19:08Z,N624FB,"33.479553,-112.135307",1700,39,54
1752131951,2025-07-10T07:19:11Z,N624FB,"33.479763,-112.135208",1700,24,325
1752131953,2025-07-10T07:19:13Z,N624FB,"33.479965,-112.135635",1650,44,286
1752131955,2025-07-10T07:19:15Z,N624FB,"33.480057,-112.136185",1600,55,276
1752131957,2025-07-10T07:19:17Z,N624FB,"33.480103,-112.137123",1600,62,270
1752131960,2025-07-10T07:19:20Z,N624FB,"33.480091,-112.137901",1600,65,270
1752131962,2025-07-10T07:19:22Z,N624FB,"33.480103,-112.138657",1600,67,270
1752131964,2025-07-10T07:19:24Z,N624FB,"33.480137,-112.139359",1600,66,273
1752131966,2025-07-10T07:19:26Z,N624FB,"33.480183,-112.140312",1625,64,273
1752131968,2025-07-10T07:19:28Z,N624FB,"33.480228,-112.140984",1625,61,270
1752131971,2025-07-10T07:19:31Z,N624FB,"33.480148,-112.141624",1650,54,252
1752131973,2025-07-10T07:19:33Z,N624FB,"33.479813,-112.142105",1675,50,213
1752131975,2025-07-10T07:19:35Z,N624FB,"33.479324,-112.142288",1675,56,190
1752131977,2025-07-10T07:19:37Z,N624FB,"33.478455,-112.142395",1625,64,186
1752131980,2025-07-10T07:19:40Z,N624FB,"33.477814,-112.142448",1625,69,184
1752131982,2025-07-10T07:19:42Z,N624FB,"33.477203,-112.142494",1625,71,183
1752131984,2025-07-10T07:19:44Z,N624FB,"33.476273,-112.142555",1625,72,183
1752131986,2025-07-10T07:19:46Z,N624FB,"33.475571,-112.142616",1625,72,183
1752131989,2025-07-10T07:19:49Z,N624FB,"33.474792,-112.14267",1650,70,184
1752131991,2025-07-10T07:19:51Z,N624FB,"33.474197,-112.142723",1650,62,177
1752131993,2025-07-10T07:19:53Z,N624FB,"33.473557,-112.142448",1675,57,147
1752131995,2025-07-10T07:19:55Z,N624FB,"33.473293,-112.141937",1675,61,114
1752131997,2025-07-10T07:19:57Z,N624FB,"33.47319,-112.14119",1625,70,94
1752132000,2025-07-10T07:20:00Z,N624FB,"33.473145,-112.140305",1600,73,92
1752132002,2025-07-10T07:20:02Z,N624FB,"33.473106,-112.139191",1600,74,91
1752132004,2025-07-10T07:20:04Z,N624FB,"33.473099,-112.138329",1600,74,92
1752132006,2025-07-10T07:20:06Z,N624FB,"33.473061,-112.137619",1600,74,92
1752132008,2025-07-10T07:20:08Z,N624FB,"33.473015,-112.136612",1625,72,93
1752132011,2025-07-10T07:20:11Z,N624FB,"33.472969,-112.135712",1650,61,90
1752132013,2025-07-10T07:20:13Z,N624FB,"33.473053,-112.135254",1650,39,67
1752132017,2025-07-10T07:20:17Z,N624FB,"33.473282,-112.135475",1600,38,270
1752132019,2025-07-10T07:20:19Z,N624FB,"33.473248,-112.135994",1525,54,270
1752132022,2025-07-10T07:20:22Z,N624FB,"33.473293,-112.136833",1475,61,272
1752132024,2025-07-10T07:20:24Z,N624FB,"33.473293,-112.137398",1475,63,271
1752132026,2025-07-10T07:20:26Z,N624FB,"33.473328,-112.138222",1500,62,271
1752132028,2025-07-10T07:20:28Z,N624FB,"33.473328,-112.138931",1525,62,271
1752132030,2025-07-10T07:20:30Z,N624FB,"33.473339,-112.139862",1525,62,270
1752132032,2025-07-10T07:20:32Z,N624FB,"33.473373,-112.140472",1550,60,272
1752132035,2025-07-10T07:20:35Z,N624FB,"33.473419,-112.141296",1600,58,270
1752132037,2025-07-10T07:20:37Z,N624FB,"33.473328,-112.141899",1625,53,249
1752132039,2025-07-10T07:20:39Z,N624FB,"33.473015,-112.142387",1650,55,208
1752132041,2025-07-10T07:20:41Z,N624FB,"33.472504,-112.142609",1650,63,189
1752132043,2025-07-10T07:20:43Z,N624FB,"33.47168,-112.14267",1625,68,185
1752132046,2025-07-10T07:20:46Z,N624FB,"33.471039,-112.142723",1625,71,183
1752132048,2025-07-10T07:20:48Z,N624FB,"33.470306,-112.142776",1650,72,182
1752132050,2025-07-10T07:20:50Z,N624FB,"33.469437,-112.142838",1650,72,182
1752132052,2025-07-10T07:20:52Z,N624FB,"33.468796,-112.142891",1650,70,183
1752132055,2025-07-10T07:20:55Z,N624FB,"33.467987,-112.142891",1675,68,181
1752132057,2025-07-10T07:20:57Z,N624FB,"33.467331,-112.142891",1675,66,178
1752132059,2025-07-10T07:20:59Z,N624FB,"33.466827,-112.142616",1700,58,137
1752132061,2025-07-10T07:21:01Z,N624FB,"33.466507,-112.141953",1700,61,114
1752132063,2025-07-10T07:21:03Z,N624FB,"33.46637,-112.141243",1700,67,98
1752132066,2025-07-10T07:21:06Z,N624FB,"33.466278,-112.140472",1675,71,94
1752132068,2025-07-10T07:21:08Z,N624FB,"33.466232,-112.139481",1675,73,91
1752132070,2025-07-10T07:21:10Z,N624FB,"33.466217,-112.138741",1675,74,90
1752132072,2025-07-10T07:21:12Z,N624FB,"33.466217,-112.137733",1700,74,90
1752132074,2025-07-10T07:21:14Z,N624FB,"33.466217,-112.136948",1700,74,90
1752132077,2025-07-10T07:21:17Z,N624FB,"33.466187,-112.136024",1700,73,91
1752132079,2025-07-10T07:21:19Z,N624FB,"33.466141,-112.135033",1700,72,93
1752132081,2025-07-10T07:21:21Z,N624FB,"33.466217,-112.134315",1725,69,78
1752132083,2025-07-10T07:21:23Z,N624FB,"33.466496,-112.133469",1700,67,58
1752132085,2025-07-10T07:21:25Z,N624FB,"33.466869,-112.132858",1700,70,46
1752132088,2025-07-10T07:21:28Z,N624FB,"33.467522,-112.132179",1675,70,41
1752132090,2025-07-10T07:21:30Z,N624FB,"33.467987,-112.131737",1675,71,38
1752132092,2025-07-10T07:21:32Z,N624FB,"33.468704,-112.131081",1675,73,36
1752132094,2025-07-10T07:21:34Z,N624FB,"33.469345,-112.130478",1675,74,35
1752132097,2025-07-10T07:21:37Z,N624FB,"33.46994,-112.130035",1675,75,34
1752132099,2025-07-10T07:21:39Z,N624FB,"33.470592,-112.129433",1675,76,34
1752132101,2025-07-10T07:21:41Z,N624FB,"33.471268,-112.128883",1675,76,34
1752132103,2025-07-10T07:21:43Z,N624FB,"33.471771,-112.128441",1675,77,35
1752132105,2025-07-10T07:21:45Z,N624FB,"33.472549,-112.127785",1700,77,35
1752132108,2025-07-10T07:21:48Z,N624FB,"33.473145,-112.127289",1700,78,35
1752132110,2025-07-10T07:21:50Z,N624FB,"33.473694,-112.126846",1700,78,35
1752132112,2025-07-10T07:21:52Z,N624FB,"33.474319,-112.126297",1700,78,35
1752132114,2025-07-10T07:21:54Z,N624FB,"33.475067,-112.125694",1700,79,35
1752132117,2025-07-10T07:21:57Z,N624FB,"33.475891,-112.124985",1700,80,34
1752132123,2025-07-10T07:22:03Z,N624FB,"33.47781,-112.123383",1725,77,35
1752132128,2025-07-10T07:22:08Z,N624FB,"33.479065,-112.122543",1775,56,15
1752132130,2025-07-10T07:22:10Z,N624FB,"33.479462,-112.122566",1775,33,323
1752132132,2025-07-10T07:22:12Z,N624FB,"33.479462,-112.123001",1775,39,239
1752132135,2025-07-10T07:22:15Z,N624FB,"33.47916,-112.123383",1700,59,219
1752132137,2025-07-10T07:22:17Z,N624FB,"33.478546,-112.12394",1650,66,214
1752132139,2025-07-10T07:22:19Z,N624FB,"33.477947,-112.12439",1650,70,210
1752132141,2025-07-10T07:22:21Z,N624FB,"33.47731,-112.124817",1650,72,209
1752132143,2025-07-10T07:22:23Z,N624FB,"33.476646,-112.12529",1675,73,210
1752132145,2025-07-10T07:22:25Z,N624FB,"33.47604,-112.125679",1675,73,209
1752132147,2025-07-10T07:22:27Z,N624FB,"33.475388,-112.126129",1675,72,208
1752132149,2025-07-10T07:22:29Z,N624FB,"33.474838,-112.126465",1675,69,204
1752132152,2025-07-10T07:22:32Z,N624FB,"33.474087,-112.126633",1725,68,184
1752132154,2025-07-10T07:22:34Z,N624FB,"33.473465,-112.126465",1725,74,158
1752132156,2025-07-10T07:22:36Z,N624FB,"33.472733,-112.125916",1700,78,146
1752132158,2025-07-10T07:22:38Z,N624FB,"33.472084,-112.125343",1675,82,141
1752132160,2025-07-10T07:22:40Z,N624FB,"33.471478,-112.124786",1675,84,140
1752132163,2025-07-10T07:22:43Z,N624FB,"33.470718,-112.123993",1675,85,139
1752132165,2025-07-10T07:22:45Z,N624FB,"33.470123,-112.12339",1675,85,139
1752132167,2025-07-10T07:22:47Z,N624FB,"33.469475,-112.122711",1675,86,139
1752132169,2025-07-10T07:22:49Z,N624FB,"33.468826,-112.12204",1700,86,140
1752132171,2025-07-10T07:22:51Z,N624FB,"33.468292,-112.121574",1700,82,142
1752132173,2025-07-10T07:22:53Z,N624FB,"33.467606,-112.120918",1725,69,137
1752132176,2025-07-10T07:22:56Z,N624FB,"33.467239,-112.120316",1750,55,119
1752132178,2025-07-10T07:22:58Z,N624FB,"33.467285,-112.11982",1775,39,59
1752132180,2025-07-10T07:23:00Z,N624FB,"33.467709,-112.119797",1700,38,344
1752132297,2025-07-10T07:24:57Z,N624FB,"33.480789,-112.161018",1750,78,270
1752132304,2025-07-10T07:25:04Z,N624FB,"33.480835,-112.164131",1750,79,271
1752132310,2025-07-10T07:25:10Z,N624FB,"33.480881,-112.166893",1775,79,270
1752132312,2025-07-10T07:25:12Z,N624FB,"33.480789,-112.167778",1775,72,248
1752132315,2025-07-10T07:25:15Z,N624FB,"33.480228,-112.168617",1800,71,218
1752132317,2025-07-10T07:25:17Z,N624FB,"33.479393,-112.1689",1775,78,192
1752132319,2025-07-10T07:25:19Z,N624FB,"33.478645,-112.169006",1775,82,185
1752132321,2025-07-10T07:25:21Z,N624FB,"33.477905,-112.16909",1750,83,183
1752132324,2025-07-10T07:25:24Z,N624FB,"33.477066,-112.169121",1775,83,182
1752132326,2025-07-10T07:25:26Z,N624FB,"33.47604,-112.169174",1775,83,182
1752132328,2025-07-10T07:25:28Z,N624FB,"33.475201,-112.169235",1775,83,182
1752132330,2025-07-10T07:25:30Z,N624FB,"33.474503,-112.169235",1775,83,181
1752132332,2025-07-10T07:25:32Z,N624FB,"33.473694,-112.169312",1800,83,181
1752132335,2025-07-10T07:25:35Z,N624FB,"33.472736,-112.169289",1800,83,181
1752132337,2025-07-10T07:25:37Z,N624FB,"33.471863,-112.169365",1800,83,181
1752132339,2025-07-10T07:25:39Z,N624FB,"33.471012,-112.169342",1800,83,182
1752132341,2025-07-10T07:25:41Z,N624FB,"33.470306,-112.169418",1825,84,181
1752132343,2025-07-10T07:25:43Z,N624FB,"33.469345,-112.169418",1825,83,182
1752132346,2025-07-10T07:25:46Z,N624FB,"33.468521,-112.169479",1825,83,181
1752132348,2025-07-10T07:25:48Z,N624FB,"33.4678,-112.16951",1825,82,180
1752132350,2025-07-10T07:25:50Z,N624FB,"33.466915,-112.169403",1825,76,167
1752132352,2025-07-10T07:25:52Z,N624FB,"33.466263,-112.168839",1825,71,132
1752132355,2025-07-10T07:25:55Z,N624FB,"33.466049,-112.168159",1825,75,100
1752132357,2025-07-10T07:25:57Z,N624FB,"33.465939,-112.166992",1775,79,92
1752132359,2025-07-10T07:25:59Z,N624FB,"33.465912,-112.166122",1750,82,91
1752132361,2025-07-10T07:26:01Z,N624FB,"33.465893,-112.165199",1750,82,92
1752132363,2025-07-10T07:26:03Z,N624FB,"33.46582,-112.16404",1750,83,92
1752132365,2025-07-10T07:26:05Z,N624FB,"33.465797,-112.163071",1750,83,93
1752132367,2025-07-10T07:26:07Z,N624FB,"33.465752,-112.162338",1750,83,93
1752132370,2025-07-10T07:26:10Z,N624FB,"33.465729,-112.161293",1750,83,92
1752132372,2025-07-10T07:26:12Z,N624FB,"33.465683,-112.160027",1750,83,92
1752132374,2025-07-10T07:26:14Z,N624FB,"33.465637,-112.159096",1750,83,91
1752132377,2025-07-10T07:26:17Z,N624FB,"33.465637,-112.157883",1750,84,91
1752132379,2025-07-10T07:26:19Z,N624FB,"33.465611,-112.156731",1775,84,91
1752132382,2025-07-10T07:26:22Z,N624FB,"33.465591,-112.155746",1775,85,90
1752132384,2025-07-10T07:26:24Z,N624FB,"33.465565,-112.15477",1775,85,90
1752132390,2025-07-10T07:26:30Z,N624FB,"33.465591,-112.151459",1750,87,90
1752132397,2025-07-10T07:26:37Z,N624FB,"33.465565,-112.14827",1750,88,90
1752132404,2025-07-10T07:26:44Z,N624FB,"33.465591,-112.145088",1775,88,88
1752132413,2025-07-10T07:26:53Z,N624FB,"33.465706,-112.14048",1775,90,88
1752132419,2025-07-10T07:26:59Z,N624FB,"33.465729,-112.137283",1775,89,90
1752132426,2025-07-10T07:27:06Z,N624FB,"33.465729,-112.134048",1800,90,90
1752132435,2025-07-10T07:27:15Z,N624FB,"33.465683,-112.129761",1800,90,90
1752132441,2025-07-10T07:27:21Z,N624FB,"33.46566,-112.12635",1800,92,90
1752132450,2025-07-10T07:27:30Z,N624FB,"33.46566,-112.122147",1800,93,91
1752132456,2025-07-10T07:27:36Z,N624FB,"33.465683,-112.118828",1800,86,75
1752132458,2025-07-10T07:27:38Z,N624FB,"33.466003,-112.118004",1825,79,47
1752132461,2025-07-10T07:27:41Z,N624FB,"33.466682,-112.117325",1825,76,23
1752132463,2025-07-10T07:27:43Z,N624FB,"33.467381,-112.117104",1800,76,6
1752132465,2025-07-10T07:27:45Z,N624FB,"33.468063,-112.117073",1775,78,4
1752132467,2025-07-10T07:27:47Z,N624FB,"33.468933,-112.11702",1775,80,4
1752132469,2025-07-10T07:27:49Z,N624FB,"33.469894,-112.116882",1775,81,4
1752132472,2025-07-10T07:27:52Z,N624FB,"33.470673,-112.116852",1775,81,3
1752132474,2025-07-10T07:27:54Z,N624FB,"33.471478,-112.116768",1775,81,2
1752132476,2025-07-10T07:27:56Z,N624FB,"33.472321,-112.116745",1775,82,1
1752132478,2025-07-10T07:27:58Z,N624FB,"33.473293,-112.116714",1800,82,1
1752132480,2025-07-10T07:28:00Z,N624FB,"33.473946,-112.116714",1800,82,1
1752132482,2025-07-10T07:28:02Z,N624FB,"33.474747,-112.116684",1800,83,1
1752132485,2025-07-10T07:28:05Z,N624FB,"33.475574,-112.116653",1800,83,2
1752132487,2025-07-10T07:28:07Z,N624FB,"33.476532,-112.116577",1800,83,4
1752132489,2025-07-10T07:28:09Z,N624FB,"33.47731,-112.116524",1800,83,3
1752132494,2025-07-10T07:28:14Z,N624FB,"33.478973,-112.116547",1825,78,349
1752132496,2025-07-10T07:28:16Z,N624FB,"33.479717,-112.116882",1825,72,326
1752132498,2025-07-10T07:28:18Z,N624FB,"33.480183,-112.117607",1825,70,299
1752132500,2025-07-10T07:28:20Z,N624FB,"33.480377,-112.1185",1800,74,278
1752132502,2025-07-10T07:28:22Z,N624FB,"33.480461,-112.1194",1800,77,275
1752132504,2025-07-10T07:28:24Z,N624FB,"33.480515,-112.120369",1775,78,273
1752132507,2025-07-10T07:28:27Z,N624FB,"33.480556,-112.121193",1800,79,273
1752132509,2025-07-10T07:28:29Z,N624FB,"33.480602,-112.122147",1800,79,272
1752132511,2025-07-10T07:28:31Z,N624FB,"33.480652,-112.123222",1800,79,272
1752132514,2025-07-10T07:28:34Z,N624FB,"33.480698,-112.124374",1800,78,272
1752132516,2025-07-10T07:28:36Z,N624FB,"33.480698,-112.125259",1825,79,270
1752132518,2025-07-10T07:28:38Z,N624FB,"33.480698,-112.126137",1825,79,269
1752132520,2025-07-10T07:28:40Z,N624FB,"33.480698,-112.127182",1825,80,269
1752132523,2025-07-10T07:28:43Z,N624FB,"33.480698,-112.128059",1825,81,270
1752132525,2025-07-10T07:28:45Z,N624FB,"33.480694,-112.129211",1825,81,270
1752132527,2025-07-10T07:28:47Z,N624FB,"33.480694,-112.130112",1825,82,269
1752132529,2025-07-10T07:28:49Z,N624FB,"33.480648,-112.131004",1850,82,268
1752132531,2025-07-10T07:28:51Z,N624FB,"33.480652,-112.132126",1850,82,268
1752132535,2025-07-10T07:28:55Z,N624FB,"33.480743,-112.133919",1850,80,283
1752132538,2025-07-10T07:28:58Z,N624FB,"33.48111,-112.134872",1875,77,305
1752132540,2025-07-10T07:29:00Z,N624FB,"33.481674,-112.135605",1875,77,318
1752132542,2025-07-10T07:29:02Z,N624FB,"33.482327,-112.136047",1875,78,331
1752132544,2025-07-10T07:29:04Z,N624FB,"33.48307,-112.136383",1875,80,343
1752132546,2025-07-10T07:29:06Z,N624FB,"33.483856,-112.136574",1875,80,353
1752132548,2025-07-10T07:29:08Z,N624FB,"33.484497,-112.136574",1900,80,359
1752132551,2025-07-10T07:29:11Z,N624FB,"33.48555,-112.136574",1925,79,1
1752132553,2025-07-10T07:29:13Z,N624FB,"33.486095,-112.136551",1925,79,2
1752132555,2025-07-10T07:29:15Z,N624FB,"33.487072,-112.136497",1950,79,2
1752132557,2025-07-10T07:29:17Z,N624FB,"33.48777,-112.136444",1950,79,2
1752132559,2025-07-10T07:29:19Z,N624FB,"33.48875,-112.136383",1975,78,3
1752132562,2025-07-10T07:29:22Z,N624FB,"33.489624,-112.136353",2000,77,3
1752132564,2025-07-10T07:29:24Z,N624FB,"33.490402,-112.136299",2000,76,2
1752132566,2025-07-10T07:29:26Z,N624FB,"33.490952,-112.136299",2025,76,358
1752132568,2025-07-10T07:29:28Z,N624FB,"33.49168,-112.13633",2025,76,354
1752132571,2025-07-10T07:29:31Z,N624FB,"33.492661,-112.136551",2025,77,347
1752132573,2025-07-10T07:29:33Z,N624FB,"33.493423,-112.136848",2025,79,340
1752132575,2025-07-10T07:29:35Z,N624FB,"33.494148,-112.13723",2000,82,332
1752132577,2025-07-10T07:29:37Z,N624FB,"33.49498,-112.137779",2000,82,327
1752132580,2025-07-10T07:29:40Z,N624FB,"33.49559,-112.138351",2000,81,322
1752132582,2025-07-10T07:29:42Z,N624FB,"33.496307,-112.139099",2000,79,313
1752132584,2025-07-10T07:29:44Z,N624FB,"33.496708,-112.139748",2025,78,304
1752132586,2025-07-10T07:29:46Z,N624FB,"33.49704,-112.140579",2025,80,288
1752132588,2025-07-10T07:29:48Z,N624FB,"33.497223,-112.141655",2025,83,276
1752132591,2025-07-10T07:29:51Z,N624FB,"33.497223,-112.142555",2000,87,264
1752132593,2025-07-10T07:29:53Z,N624FB,"33.497036,-112.143898",2000,87,258
1752132595,2025-07-10T07:29:55Z,N624FB,"33.496811,-112.144867",2000,88,252
1752132598,2025-07-10T07:29:58Z,N624FB,"33.496525,-112.145973",2000,87,251
1752132600,2025-07-10T07:30:00Z,N624FB,"33.496216,-112.146896",2000,86,250
1752132602,2025-07-10T07:30:02Z,N624FB,"33.495987,-112.147835",2025,86,251
1752132604,2025-07-10T07:30:04Z,N624FB,"33.49564,-112.148941",2025,86,250
1752132607,2025-07-10T07:30:07Z,N624FB,"33.495266,-112.150116",2025,85,248
1752132609,2025-07-10T07:30:09Z,N624FB,"33.494987,-112.150902",2050,86,247
1752132611,2025-07-10T07:30:11Z,N624FB,"33.494614,-112.152008",2050,85,247
1752132613,2025-07-10T07:30:13Z,N624FB,"33.494293,-112.152885",2050,86,248
1752132615,2025-07-10T07:30:15Z,N624FB,"33.493973,-112.153931",2050,84,249
1752132617,2025-07-10T07:30:17Z,N624FB,"33.493729,-112.154831",2050,82,253
1752132622,2025-07-10T07:30:22Z,N624FB,"33.493637,-112.156509",2025,71,281
1752132624,2025-07-10T07:30:24Z,N624FB,"33.494011,-112.157349",2050,66,307
1752132626,2025-07-10T07:30:26Z,N624FB,"33.494522,-112.157799",2050,66,328
1752132628,2025-07-10T07:30:28Z,N624FB,"33.495174,-112.157967",2050,71,358
1752132630,2025-07-10T07:30:30Z,N624FB,"33.495823,-112.157852",2050,75,19
1752132632,2025-07-10T07:30:32Z,N624FB,"33.496475,-112.157463",2050,78,33
1752132635,2025-07-10T07:30:35Z,N624FB,"33.497173,-112.156792",2050,82,46
1752132637,2025-07-10T07:30:37Z,N624FB,"33.497726,-112.156021",2050,84,55
1752132639,2025-07-10T07:30:39Z,N624FB,"33.498138,-112.155197",2075,85,62
1752132641,2025-07-10T07:30:41Z,N624FB,"33.49855,-112.153931",2075,87,70
1752132644,2025-07-10T07:30:44Z,N624FB,"33.498852,-112.152756",2100,90,77
1752132646,2025-07-10T07:30:46Z,N624FB,"33.498989,-112.151741",2100,91,83
1752132648,2025-07-10T07:30:48Z,N624FB,"33.499039,-112.150734",2125,92,85
1752132651,2025-07-10T07:30:51Z,N624FB,"33.49913,-112.149445",2125,93,87
1752132653,2025-07-10T07:30:53Z,N624FB,"33.49913,-112.148384",2150,94,89
1752132655,2025-07-10T07:30:55Z,N624FB,"33.49913,-112.147095",2150,95,90
1752132657,2025-07-10T07:30:57Z,N624FB,"33.4991,-112.146019",2150,97,91
1752132659,2025-07-10T07:30:59Z,N624FB,"33.4991,-112.14492",2150,98,91
1752132662,2025-07-10T07:31:02Z,N624FB,"33.499054,-112.1436",2175,99,92
1752132664,2025-07-10T07:31:04Z,N624FB,"33.498989,-112.142326",2175,100,93
1752132666,2025-07-10T07:31:06Z,N624FB,"33.498898,-112.140984",2175,101,94
1752132668,2025-07-10T07:31:08Z,N624FB,"33.498871,-112.139816",2175,102,92
1752132670,2025-07-10T07:31:10Z,N624FB,"33.498825,-112.13855",2175,104,90
1752132672,2025-07-10T07:31:12Z,N624FB,"33.498871,-112.137398",2175,105,87
1752132679,2025-07-10T07:31:19Z,N624FB,"33.498989,-112.13353",2175,105,88
1752132688,2025-07-10T07:31:28Z,N624FB,"33.498917,-112.128555",2175,106,92
1752132697,2025-07-10T07:31:37Z,N624FB,"33.498917,-112.123276",2175,105,84
1752132699,2025-07-10T07:31:39Z,N624FB,"33.4991,-112.121742",2175,104,79
1752132701,2025-07-10T07:31:41Z,N624FB,"33.499317,-112.120689",2175,104,73
1752132704,2025-07-10T07:31:44Z,N624FB,"33.499649,-112.119431",2175,103,71
1752132706,2025-07-10T07:31:46Z,N624FB,"33.500061,-112.118004",2175,102,70
1752132708,2025-07-10T07:31:48Z,N624FB,"33.500381,-112.116959",2200,102,69
1752132710,2025-07-10T07:31:50Z,N624FB,"33.500748,-112.115807",2200,101,69
1752132712,2025-07-10T07:31:52Z,N624FB,"33.500992,-112.115028",2200,101,71
1752132714,2025-07-10T07:31:54Z,N624FB,"33.501343,-112.113663",2225,101,74
1752132717,2025-07-10T07:31:57Z,N624FB,"33.501553,-112.112282",2225,103,80
1752132719,2025-07-10T07:31:59Z,N624FB,"33.501644,-112.110886",2225,103,87
1752132723,2025-07-10T07:32:03Z,N624FB,"33.501457,-112.108643",2250,104,99
1752132725,2025-07-10T07:32:05Z,N624FB,"33.50127,-112.10746",2250,105,103
1752132727,2025-07-10T07:32:07Z,N624FB,"33.501022,-112.106308",2275,105,107
1752132730,2025-07-10T07:32:10Z,N624FB,"33.500668,-112.105049",2275,105,108
1752132732,2025-07-10T07:32:12Z,N624FB,"33.50034,-112.103935",2275,106,108
1752132734,2025-07-10T07:32:14Z,N624FB,"33.499969,-112.102478",2275,107,107
1752132736,2025-07-10T07:32:16Z,N624FB,"33.499649,-112.101364",2275,107,106
1752132738,2025-07-10T07:32:18Z,N624FB,"33.49942,-112.100319",2275,107,106
1752132741,2025-07-10T07:32:21Z,N624FB,"33.499039,-112.098946",2275,107,106
1752132743,2025-07-10T07:32:23Z,N624FB,"33.498779,-112.097733",2275,106,105
1752132745,2025-07-10T07:32:25Z,N624FB,"33.498432,-112.096306",2275,105,106
1752132747,2025-07-10T07:32:27Z,N624FB,"33.498093,-112.094933",2275,105,107
1752132750,2025-07-10T07:32:30Z,N624FB,"33.497734,-112.09362",2275,105,107
1752132752,2025-07-10T07:32:32Z,N624FB,"33.497406,-112.092461",2250,104,107
1752132761,2025-07-10T07:32:41Z,N624FB,"33.49617,-112.087685",2225,104,107
1752132767,2025-07-10T07:32:47Z,N624FB,"33.495117,-112.083946",2200,106,108
1752132774,2025-07-10T07:32:54Z,N624FB,"33.494156,-112.080322",2175,106,105
1752132778,2025-07-10T07:32:58Z,N624FB,"33.493683,-112.077927",2175,104,101
1752132780,2025-07-10T07:33:00Z,N624FB,"33.49345,-112.076576",2175,103,100
1752132783,2025-07-10T07:33:03Z,N624FB,"33.493313,-112.075401",2175,103,99
1752132785,2025-07-10T07:33:05Z,N624FB,"33.493126,-112.074059",2150,103,98
1752132787,2025-07-10T07:33:07Z,N624FB,"33.492966,-112.072906",2150,102,97
1752132789,2025-07-10T07:33:09Z,N624FB,"33.492844,-112.07148",2150,102,96
1752132792,2025-07-10T07:33:12Z,N624FB,"33.492737,-112.070488",2150,102,95
1752132794,2025-07-10T07:33:14Z,N624FB,"33.492661,-112.069344",2125,102,95
1752132796,2025-07-10T07:33:16Z,N624FB,"33.492554,-112.068016",2125,102,93
1752132798,2025-07-10T07:33:18Z,N624FB,"33.492474,-112.066826",2125,102,93
1752132800,2025-07-10T07:33:20Z,N624FB,"33.492428,-112.065369",2125,102,93
1752132802,2025-07-10T07:33:22Z,N624FB,"33.492371,-112.064285",2100,102,92
1752132805,2025-07-10T07:33:25Z,N624FB,"33.492287,-112.062904",2100,103,92
1752132807,2025-07-10T07:33:27Z,N624FB,"33.492279,-112.061813",2100,103,92
1752132809,2025-07-10T07:33:29Z,N624FB,"33.492188,-112.06044",2075,102,92
1752132811,2025-07-10T07:33:31Z,N624FB,"33.492142,-112.05928",2075,102,92
1752132813,2025-07-10T07:33:33Z,N624FB,"33.4921,-112.057915",2075,102,92
1752132815,2025-07-10T07:33:35Z,N624FB,"33.49205,-112.056702",2075,101,92
1752132818,2025-07-10T07:33:38Z,N624FB,"33.492008,-112.055557",2075,100,92
1752132824,2025-07-10T07:33:44Z,N624FB,"33.491959,-112.051979",2050,99,91
1752132831,2025-07-10T07:33:51Z,N624FB,"33.491867,-112.048683",2050,98,92
1752132838,2025-07-10T07:33:58Z,N624FB,"33.491634,-112.044571",2025,94,91
1752132840,2025-07-10T07:34:00Z,N624FB,"33.491776,-112.043449",2050,89,77
1752132843,2025-07-10T07:34:03Z,N624FB,"33.492241,-112.042442",2025,80,48
1752132845,2025-07-10T07:34:05Z,N624FB,"33.492844,-112.041992",2000,74,23
1752132847,2025-07-10T07:34:07Z,N624FB,"33.493561,-112.041924",1975,72,355
1752132849,2025-07-10T07:34:09Z,N624FB,"33.494289,-112.042389",1925,68,325
1752132851,2025-07-10T07:34:11Z,N624FB,"33.494614,-112.042946",1925,65,297
1752132854,2025-07-10T07:34:14Z,N624FB,"33.494709,-112.043785",1900,64,269
1752132856,2025-07-10T07:34:16Z,N624FB,"33.494522,-112.044456",1900,65,238
1752132858,2025-07-10T07:34:18Z,N624FB,"33.494102,-112.045021",1900,69,211
1752132860,2025-07-10T07:34:20Z,N624FB,"33.493359,-112.045357",1900,71,192
1752132862,2025-07-10T07:34:22Z,N624FB,"33.492599,-112.045334",1875,76,167
1752132865,2025-07-10T07:34:25Z,N624FB,"33.491776,-112.044907",1875,78,150
1752132867,2025-07-10T07:34:27Z,N624FB,"33.491226,-112.044289",1875,77,127
1752132869,2025-07-10T07:34:29Z,N624FB,"33.490891,-112.043449",1875,75,110
1752132871,2025-07-10T07:34:31Z,N624FB,"33.490749,-112.042664",1875,72,95
1752132873,2025-07-10T07:34:33Z,N624FB,"33.490768,-112.041924",1875,69,84
1752132875,2025-07-10T07:34:35Z,N624FB,"33.49086,-112.041046",1900,68,84
1752132878,2025-07-10T07:34:38Z,N624FB,"33.490906,-112.040276",1900,66,86
1752132880,2025-07-10T07:34:40Z,N624FB,"33.490952,-112.039345",1900,66,86
1752132882,2025-07-10T07:34:42Z,N624FB,"33.490982,-112.038521",1900,64,85
1752132884,2025-07-10T07:34:44Z,N624FB,"33.491032,-112.037735",1900,65,85
1752132886,2025-07-10T07:34:46Z,N624FB,"33.491089,-112.037033",1900,66,86
1752132889,2025-07-10T07:34:49Z,N624FB,"33.491123,-112.03611",1900,66,87
1752132891,2025-07-10T07:34:51Z,N624FB,"33.491135,-112.035278",1925,66,86
1752132893,2025-07-10T07:34:53Z,N624FB,"33.491215,-112.034424",1925,65,85
1752132895,2025-07-10T07:34:55Z,N624FB,"33.491264,-112.033813",1925,65,84
1752132898,2025-07-10T07:34:58Z,N624FB,"33.491318,-112.033028",1925,66,85
1752132900,2025-07-10T07:35:00Z,N624FB,"33.491356,-112.032127",1925,66,85
1752132906,2025-07-10T07:35:06Z,N624FB,"33.491543,-112.029778",1925,66,83
1752132913,2025-07-10T07:35:13Z,N624FB,"33.49173,-112.027313",1925,69,85
1752132922,2025-07-10T07:35:22Z,N624FB,"33.491867,-112.023834",1925,72,89
1752132924,2025-07-10T07:35:24Z,N624FB,"33.491867,-112.023026",1925,73,90
1752132926,2025-07-10T07:35:26Z,N624FB,"33.491867,-112.021988",1900,73,90
1752132928,2025-07-10T07:35:28Z,N624FB,"33.491867,-112.021194",1900,73,90
1752132935,2025-07-10T07:35:35Z,N624FB,"33.491959,-112.018578",1925,73,86
1752132944,2025-07-10T07:35:44Z,N624FB,"33.492146,-112.015091",1950,67,84
1752132948,2025-07-10T07:35:48Z,N624FB,"33.492332,-112.013573",1975,66,78
1752132950,2025-07-10T07:35:50Z,N624FB,"33.492554,-112.012589",1950,65,76
1752132953,2025-07-10T07:35:53Z,N624FB,"33.492691,-112.011932",1975,62,73
1752132955,2025-07-10T07:35:55Z,N624FB,"33.492893,-112.011108",1975,61,77
1752132957,2025-07-10T07:35:57Z,N624FB,"33.492985,-112.010437",1975,58,80
1752132959,2025-07-10T07:35:59Z,N624FB,"33.493057,-112.009789",2000,57,80
1752132961,2025-07-10T07:36:01Z,N624FB,"33.493195,-112.009079",2000,57,81
1752132963,2025-07-10T07:36:03Z,N624FB,"33.493263,-112.00853",2000,57,82
1752132970,2025-07-10T07:36:10Z,N624FB,"33.49345,-112.006401",2025,58,84
1752132979,2025-07-10T07:36:19Z,N624FB,"33.493698,-112.003586",2050,58,85
1752132981,2025-07-10T07:36:21Z,N624FB,"33.493778,-112.002754",2050,57,83
1752132983,2025-07-10T07:36:23Z,N624FB,"33.493824,-112.002029",2050,58,84
1752132986,2025-07-10T07:36:26Z,N624FB,"33.493916,-112.001358",2075,59,82
1752132992,2025-07-10T07:36:32Z,N624FB,"33.494156,-111.998917",2075,69,84
1752132999,2025-07-10T07:36:39Z,N624FB,"33.494335,-111.99614",2075,74,86
1752133008,2025-07-10T07:36:48Z,N624FB,"33.494431,-111.992485",2125,76,88
1752133010,2025-07-10T07:36:50Z,N624FB,"33.494476,-111.991501",2125,77,88
1752133013,2025-07-10T07:36:53Z,N624FB,"33.494476,-111.990814",2125,79,90
1752133015,2025-07-10T07:36:55Z,N624FB,"33.494476,-111.989906",2125,80,90
1752133017,2025-07-10T07:36:57Z,N624FB,"33.494476,-111.9888",2125,80,90
1752133019,2025-07-10T07:36:59Z,N624FB,"33.494427,-111.9879",2125,81,90
1752133021,2025-07-10T07:37:01Z,N624FB,"33.494427,-111.986725",2125,81,91
1752133024,2025-07-10T07:37:04Z,N624FB,"33.494385,-111.985619",2125,82,91
1752133026,2025-07-10T07:37:06Z,N624FB,"33.494381,-111.984711",2125,83,92
1752133028,2025-07-10T07:37:08Z,N624FB,"33.494339,-111.983749",2150,84,93
1752133030,2025-07-10T07:37:10Z,N624FB,"33.494289,-111.982857",2150,85,93
1752133032,2025-07-10T07:37:12Z,N624FB,"33.494247,-111.981888",2150,86,93
1752133034,2025-07-10T07:37:14Z,N624FB,"33.494156,-111.980675",2150,87,93
1752133041,2025-07-10T07:37:21Z,N624FB,"33.494057,-111.977531",2125,91,91
1752133049,2025-07-10T07:37:29Z,N624FB,"33.493824,-111.973213",2125,91,93
1752133056,2025-07-10T07:37:36Z,N624FB,"33.493698,-111.969856",2150,96,91
1752133065,2025-07-10T07:37:45Z,N624FB,"33.493637,-111.964584",2125,107,92
1752133074,2025-07-10T07:37:54Z,N624FB,"33.493286,-111.959641",2075,107,97
1752133080,2025-07-10T07:38:00Z,N624FB,"33.493031,-111.955841",2050,104,91
1752133087,2025-07-10T07:38:07Z,N624FB,"33.493011,-111.951729",2025,102,89
1752133096,2025-07-10T07:38:16Z,N624FB,"33.493057,-111.947113",2000,85,90
1752133098,2025-07-10T07:38:18Z,N624FB,"33.493031,-111.946259",2000,82,89
1752133100,2025-07-10T07:38:20Z,N624FB,"33.493076,-111.945412",2000,78,89
1752133102,2025-07-10T07:38:22Z,N624FB,"33.493076,-111.944351",1975,76,89
1752133104,2025-07-10T07:38:24Z,N624FB,"33.493103,-111.943489",1975,72,90
1752133111,2025-07-10T07:38:31Z,N624FB,"33.493126,-111.940872",1975,70,87
1752133116,2025-07-10T07:38:36Z,N624FB,"33.49324,-111.939095",1975,69,84
1752133118,2025-07-10T07:38:38Z,N624FB,"33.493332,-111.938324",1975,69,82
1752133120,2025-07-10T07:38:40Z,N624FB,"33.493378,-111.937447",1975,69,83
1752133122,2025-07-10T07:38:42Z,N624FB,"33.49345,-111.936729",1975,69,81
1752133124,2025-07-10T07:38:44Z,N624FB,"33.493561,-111.935959",1975,69,82
1752133127,2025-07-10T07:38:47Z,N624FB,"33.493698,-111.935028",1975,69,79
1752133129,2025-07-10T07:38:49Z,N624FB,"33.493824,-111.93409",1975,69,78
1752133131,2025-07-10T07:38:51Z,N624FB,"33.494019,-111.933159",1975,67,74
1752133133,2025-07-10T07:38:53Z,N624FB,"33.494194,-111.932526",1975,65,67
1752133136,2025-07-10T07:38:56Z,N624FB,"33.494522,-111.931793",1975,62,59
1752133138,2025-07-10T07:38:58Z,N624FB,"33.494942,-111.931175",2000,59,43
1752133140,2025-07-10T07:39:00Z,N624FB,"33.495483,-111.93074",2000,59,28
1752133142,2025-07-10T07:39:02Z,N624FB,"33.495987,-111.93058",2000,61,10
1752133145,2025-07-10T07:39:05Z,N624FB,"33.496811,-111.93058",2000,63,354
1752133147,2025-07-10T07:39:07Z,N624FB,"33.497223,-111.930672",2000,63,342
1752133149,2025-07-10T07:39:09Z,N624FB,"33.497955,-111.931129",2000,63,327
1752133151,2025-07-10T07:39:11Z,N624FB,"33.498337,-111.931511",2025,62,314
1752133154,2025-07-10T07:39:14Z,N624FB,"33.498806,-111.932243",2050,63,301
1752133156,2025-07-10T07:39:16Z,N624FB,"33.4991,-111.933105",2050,65,292
1752133158,2025-07-10T07:39:18Z,N624FB,"33.499329,-111.933876",2050,68,285
1752133160,2025-07-10T07:39:20Z,N624FB,"33.49942,-111.934479",2050,73,280
1752133162,2025-07-10T07:39:22Z,N624FB,"33.499557,-111.935524",2050,73,277
1752133165,2025-07-10T07:39:25Z,N624FB,"33.499641,-111.936333",2050,75,275
1752133167,2025-07-10T07:39:27Z,N624FB,"33.499695,-111.937393",2050,77,273
1752133169,2025-07-10T07:39:29Z,N624FB,"33.499737,-111.938293",2050,79,271
1752133171,2025-07-10T07:39:31Z,N624FB,"33.499741,-111.939369",2050,80,270
1752133174,2025-07-10T07:39:34Z,N624FB,"33.499737,-111.940315",2050,80,270
1752133176,2025-07-10T07:39:36Z,N624FB,"33.499741,-111.941238",2050,80,266
1752133178,2025-07-10T07:39:38Z,N624FB,"33.499603,-111.942276",2050,79,258
1752133180,2025-07-10T07:39:40Z,N624FB,"33.499329,-111.9431",2075,79,238
1752133183,2025-07-10T07:39:43Z,N624FB,"33.498711,-111.943954",2075,82,216
1752133185,2025-07-10T07:39:45Z,N624FB,"33.497871,-111.944405",2100,85,199
1752133187,2025-07-10T07:39:47Z,N624FB,"33.496941,-111.944519",2075,90,177
1752133190,2025-07-10T07:39:50Z,N624FB,"33.496078,-111.944313",2100,92,160
1752133192,2025-07-10T07:39:52Z,N624FB,"33.49522,-111.943787",2075,93,146
1752133194,2025-07-10T07:39:54Z,N624FB,"33.494522,-111.943047",2100,93,130
1752133196,2025-07-10T07:39:56Z,N624FB,"33.493973,-111.941895",2100,93,114
1752133199,2025-07-10T07:39:59Z,N624FB,"33.493729,-111.940987",2100,93,102
1752133201,2025-07-10T07:40:01Z,N624FB,"33.493546,-111.939644",2125,93,96
1752133203,2025-07-10T07:40:03Z,N624FB,"33.49345,-111.938744",2125,93,95
1752133205,2025-07-10T07:40:05Z,N624FB,"33.493378,-111.937447",2150,93,93
1752133207,2025-07-10T07:40:07Z,N624FB,"33.493332,-111.936401",2150,93,91
1752133209,2025-07-10T07:40:09Z,N624FB,"33.493359,-111.93544",2150,94,87
1752133212,2025-07-10T07:40:12Z,N624FB,"33.49345,-111.93409",2150,94,84
1752133214,2025-07-10T07:40:14Z,N624FB,"33.493561,-111.932999",2175,95,82
1752133216,2025-07-10T07:40:16Z,N624FB,"33.493652,-111.931953",2175,95,82
1752133218,2025-07-10T07:40:18Z,N624FB,"33.493824,-111.930618",2175,94,81
1752133220,2025-07-10T07:40:20Z,N624FB,"33.493961,-111.929611",2175,93,77
1752133223,2025-07-10T07:40:23Z,N624FB,"33.494289,-111.92849",2200,88,68
1752133225,2025-07-10T07:40:25Z,N624FB,"33.494614,-111.927589",2200,86,62
1752133228,2025-07-10T07:40:28Z,N624FB,"33.495125,-111.926521",2225,83,54
1752133230,2025-07-10T07:40:30Z,N624FB,"33.49564,-111.925797",2225,81,45
1752133232,2025-07-10T07:40:32Z,N624FB,"33.496399,-111.925034",2250,79,38
1752133234,2025-07-10T07:40:34Z,N624FB,"33.497036,-111.924507",2250,78,30
1752133236,2025-07-10T07:40:36Z,N624FB,"33.497734,-111.924171",2250,75,20
1752133239,2025-07-10T07:40:39Z,N624FB,"33.498596,-111.923988",2275,74,4
1752133241,2025-07-10T07:40:41Z,N624FB,"33.499283,-111.923988",2250,74,349
1752133243,2025-07-10T07:40:43Z,N624FB,"33.500107,-111.924316",2250,73,340
1752133245,2025-07-10T07:40:45Z,N624FB,"33.500713,-111.924789",2250,73,323
1752133248,2025-07-10T07:40:48Z,N624FB,"33.501114,-111.925362",2225,75,300
1752133250,2025-07-10T07:40:50Z,N624FB,"33.501503,-111.926353",2225,78,289
1752133252,2025-07-10T07:40:52Z,N624FB,"33.501644,-111.927254",2200,82,280
1752133254,2025-07-10T07:40:54Z,N624FB,"33.501785,-111.928154",2175,86,275
1752133256,2025-07-10T07:40:56Z,N624FB,"33.501846,-111.92926",2150,86,273
1752133259,2025-07-10T07:40:59Z,N624FB,"33.501892,-111.930412",2150,85,271
1752133261,2025-07-10T07:41:01Z,N624FB,"33.501892,-111.931511",2150,84,270
1752133263,2025-07-10T07:41:03Z,N624FB,"33.501892,-111.932228",2150,84,269
1752133265,2025-07-10T07:41:05Z,N624FB,"33.501846,-111.933273",2175,84,267
1752133267,2025-07-10T07:41:07Z,N624FB,"33.501831,-111.934425",2150,84,266
1752133269,2025-07-10T07:41:09Z,N624FB,"33.501755,-111.935303",2150,85,264
1752133271,2025-07-10T07:41:11Z,N624FB,"33.501644,-111.936394",2150,85,263
1752133274,2025-07-10T07:41:14Z,N624FB,"33.501503,-111.93734",2150,85,261
1752133276,2025-07-10T07:41:16Z,N624FB,"33.501366,-111.938576",2125,85,259
1752133279,2025-07-10T07:41:19Z,N624FB,"33.501179,-111.939697",2125,85,259
1752133281,2025-07-10T07:41:21Z,N624FB,"33.500992,-111.940651",2150,85,256
1752133283,2025-07-10T07:41:23Z,N624FB,"33.500805,-111.94149",2125,85,254
1752133285,2025-07-10T07:41:25Z,N624FB,"33.500526,-111.942665",2150,85,251
1752133287,2025-07-10T07:41:27Z,N624FB,"33.500244,-111.94371",2150,86,250
1752133289,2025-07-10T07:41:29Z,N624FB,"33.499924,-111.944695",2150,86,249
1752133292,2025-07-10T07:41:32Z,N624FB,"33.499641,-111.945526",2125,86,246
1752133294,2025-07-10T07:41:34Z,N624FB,"33.499237,-111.946396",2125,83,231
1752133296,2025-07-10T07:41:36Z,N624FB,"33.498505,-111.946892",2150,79,193
1752133298,2025-07-10T07:41:38Z,N624FB,"33.497864,-111.946785",2175,78,147
1752133300,2025-07-10T07:41:40Z,N624FB,"33.497223,-111.945961",2175,75,126
1752133303,2025-07-10T07:41:43Z,N624FB,"33.496941,-111.94519",2150,74,112
1752133305,2025-07-10T07:41:45Z,N624FB,"33.496674,-111.944366",2125,75,110
1752133307,2025-07-10T07:41:47Z,N624FB,"33.496353,-111.943375",2125,76,109
1752133309,2025-07-10T07:41:49Z,N624FB,"33.496124,-111.942551",2125,77,108
1752133311,2025-07-10T07:41:51Z,N624FB,"33.49585,-111.941566",2125,77,108
1752133314,2025-07-10T07:41:54Z,N624FB,"33.49559,-111.940651",2125,76,108
1752133316,2025-07-10T07:41:56Z,N624FB,"33.495358,-111.939812",2125,77,107
1752133318,2025-07-10T07:41:58Z,N624FB,"33.495163,-111.93898",2125,77,105
1752133320,2025-07-10T07:42:00Z,N624FB,"33.49498,-111.938156",2125,78,104
1752133322,2025-07-10T07:42:02Z,N624FB,"33.494797,-111.937279",2125,78,102
1752133325,2025-07-10T07:42:05Z,N624FB,"33.494614,-111.936218",2100,80,101
1752133327,2025-07-10T07:42:07Z,N624FB,"33.494431,-111.935081",2100,80,100
1752133329,2025-07-10T07:42:09Z,N624FB,"33.494247,-111.934036",2100,80,99
1752133331,2025-07-10T07:42:11Z,N624FB,"33.494156,-111.933159",2100,79,97
1752133334,2025-07-10T07:42:14Z,N624FB,"33.494064,-111.932175",2125,78,95
1752133336,2025-07-10T07:42:16Z,N624FB,"33.493973,-111.931183",2125,79,92
1752133338,2025-07-10T07:42:18Z,N624FB,"33.493961,-111.930115",2125,79,92
1752133340,2025-07-10T07:42:20Z,N624FB,"33.493916,-111.929329",2125,80,92
1752133343,2025-07-10T07:42:23Z,N624FB,"33.49387,-111.928261",2125,80,91
1752133345,2025-07-10T07:42:25Z,N624FB,"33.493881,-111.927391",2125,81,90
1752133347,2025-07-10T07:42:27Z,N624FB,"33.493927,-111.926239",2125,78,83
1752133349,2025-07-10T07:42:29Z,N624FB,"33.49411,-111.925415",2125,75,73
1752133351,2025-07-10T07:42:31Z,N624FB,"33.494385,-111.924698",2150,68,53
1752133354,2025-07-10T07:42:34Z,N624FB,"33.49498,-111.924095",2150,60,28
1752133356,2025-07-10T07:42:36Z,N624FB,"33.495499,-111.92395",2150,58,10
1752133358,2025-07-10T07:42:38Z,N624FB,"33.495964,-111.92395",2150,59,345
1752133360,2025-07-10T07:42:40Z,N624FB,"33.496536,-111.924263",2125,64,326
1752133362,2025-07-10T07:42:42Z,N624FB,"33.497082,-111.924789",2100,67,311
1752133365,2025-07-10T07:42:45Z,N624FB,"33.497501,-111.925575",2075,69,299
1752133367,2025-07-10T07:42:47Z,N624FB,"33.497818,-111.926292",2075,69,293
1752133369,2025-07-10T07:42:49Z,N624FB,"33.498138,-111.927231",2075,70,291
1752133371,2025-07-10T07:42:51Z,N624FB,"33.498386,-111.927979",2075,71,289
1752133373,2025-07-10T07:42:53Z,N624FB,"33.498596,-111.928764",2050,71,288
1752133376,2025-07-10T07:42:56Z,N624FB,"33.498852,-111.929665",2050,73,286
1752133378,2025-07-10T07:42:58Z,N624FB,"33.499039,-111.93045",2050,74,286
1752133380,2025-07-10T07:43:00Z,N624FB,"33.499283,-111.931458",2050,74,284
1752133382,2025-07-10T07:43:02Z,N624FB,"33.49942,-111.932228",2025,75,283
1752133385,2025-07-10T07:43:05Z,N624FB,"33.499649,-111.933327",2025,75,282
1752133387,2025-07-10T07:43:07Z,N624FB,"33.499832,-111.934204",2025,76,282
1752133389,2025-07-10T07:43:09Z,N624FB,"33.499969,-111.935028",2000,77,281
1752133391,2025-07-10T07:43:11Z,N624FB,"33.500061,-111.935799",2000,77,281
1752133393,2025-07-10T07:43:13Z,N624FB,"33.500244,-111.936897",1975,77,281
1752133396,2025-07-10T07:43:16Z,N624FB,"33.500381,-111.937721",1975,77,280
1752133398,2025-07-10T07:43:18Z,N624FB,"33.500565,-111.93882",1975,77,279
1752133400,2025-07-10T07:43:20Z,N624FB,"33.500656,-111.93959",1975,76,278
1752133402,2025-07-10T07:43:22Z,N624FB,"33.500748,-111.940414",2000,76,276
1752133404,2025-07-10T07:43:24Z,N624FB,"33.500851,-111.94149",2000,76,275
1752133406,2025-07-10T07:43:26Z,N624FB,"33.500931,-111.942276",2000,77,275
1752133409,2025-07-10T07:43:29Z,N624FB,"33.500977,-111.943161",2000,78,273
1752133411,2025-07-10T07:43:31Z,N624FB,"33.501022,-111.944092",2000,79,272
1752133413,2025-07-10T07:43:33Z,N624FB,"33.501038,-111.94519",2000,79,272
1752133415,2025-07-10T07:43:35Z,N624FB,"33.501068,-111.946014",2000,79,271
1752133417,2025-07-10T07:43:37Z,N624FB,"33.501068,-111.947006",2000,78,270
1752133419,2025-07-10T07:43:39Z,N624FB,"33.501068,-111.94799",2000,78,269
1752133421,2025-07-10T07:43:41Z,N624FB,"33.501038,-111.948837",2000,78,268
1752133424,2025-07-10T07:43:44Z,N624FB,"33.501022,-111.949753",2000,79,268
1752133426,2025-07-10T07:43:46Z,N624FB,"33.501022,-111.95079",2000,79,268
1752133428,2025-07-10T07:43:48Z,N624FB,"33.500977,-111.951782",2000,79,267
1752133431,2025-07-10T07:43:51Z,N624FB,"33.500931,-111.952881",2000,79,267
1752133433,2025-07-10T07:43:53Z,N624FB,"33.500885,-111.953873",2000,79,266
1752133436,2025-07-10T07:43:56Z,N624FB,"33.500839,-111.955025",2000,79,265
1752133438,2025-07-10T07:43:58Z,N624FB,"33.500759,-111.956123",2025,79,264
1752133440,2025-07-10T07:44:00Z,N624FB,"33.500668,-111.956963",2025,78,263
1752133442,2025-07-10T07:44:02Z,N624FB,"33.500565,-111.958046",2025,78,262
1752133444,2025-07-10T07:44:04Z,N624FB,"33.500427,-111.958977",2025,78,259
1752133447,2025-07-10T07:44:07Z,N624FB,"33.500336,-111.959747",2050,78,258
1752133449,2025-07-10T07:44:09Z,N624FB,"33.500153,-111.960625",2050,79,256
1752133451,2025-07-10T07:44:11Z,N624FB,"33.49992,-111.96167",2025,79,256
1752133453,2025-07-10T07:44:13Z,N624FB,"33.499741,-111.962769",2025,79,256
1752133456,2025-07-10T07:44:16Z,N624FB,"33.499557,-111.963593",2050,77,257
1752133458,2025-07-10T07:44:18Z,N624FB,"33.499363,-111.964699",2050,77,257
1752133460,2025-07-10T07:44:20Z,N624FB,"33.499191,-111.965622",2050,77,257
1752133462,2025-07-10T07:44:22Z,N624FB,"33.498989,-111.966492",2050,77,257
1752133464,2025-07-10T07:44:24Z,N624FB,"33.498852,-111.967331",2050,77,256
1752133466,2025-07-10T07:44:26Z,N624FB,"33.498688,-111.968094",2050,77,256
1752133469,2025-07-10T07:44:29Z,N624FB,"33.498505,-111.968918",2050,77,255
1752133471,2025-07-10T07:44:31Z,N624FB,"33.498291,-111.96991",2050,77,255
1752133477,2025-07-10T07:44:37Z,N624FB,"33.497688,-111.972656",2050,78,255
1752133484,2025-07-10T07:44:44Z,N624FB,"33.496994,-111.975624",2050,79,253
1752133493,2025-07-10T07:44:53Z,N624FB,"33.496151,-111.979218",2050,80,255
1752133497,2025-07-10T07:44:57Z,N624FB,"33.495872,-111.981064",2050,79,261
1752133499,2025-07-10T07:44:59Z,N624FB,"33.495731,-111.982018",2050,80,263
1752133502,2025-07-10T07:45:02Z,N624FB,"33.495667,-111.983147",2050,80,264
1752133504,2025-07-10T07:45:04Z,N624FB,"33.495575,-111.984138",2050,81,264
1752133506,2025-07-10T07:45:06Z,N624FB,"33.495499,-111.984985",2050,81,265
1752133508,2025-07-10T07:45:08Z,N624FB,"33.495438,-111.986115",2050,82,265
1752133510,2025-07-10T07:45:10Z,N624FB,"33.495358,-111.986946",2050,82,265
1752133512,2025-07-10T07:45:12Z,N624FB,"33.495312,-111.988068",2050,83,265
1752133515,2025-07-10T07:45:15Z,N624FB,"33.495266,-111.988968",2025,83,265
1752133517,2025-07-10T07:45:17Z,N624FB,"33.49522,-111.989975",2025,84,265
1752133519,2025-07-10T07:45:19Z,N624FB,"33.495125,-111.991096",2025,84,265
1752133521,2025-07-10T07:45:21Z,N624FB,"33.495071,-111.992264",2025,84,266
1752133524,2025-07-10T07:45:24Z,N624FB,"33.495026,-111.993362",2025,84,267
1752133526,2025-07-10T07:45:26Z,N624FB,"33.495026,-111.994301",2025,84,268
1752133528,2025-07-10T07:45:28Z,N624FB,"33.494987,-111.995468",2025,84,268
1752133535,2025-07-10T07:45:35Z,N624FB,"33.494892,-111.998497",2000,85,268
1752133543,2025-07-10T07:45:43Z,N624FB,"33.494846,-112.002419",2000,84,269
1752133550,2025-07-10T07:45:50Z,N624FB,"33.494801,-112.005501",1975,85,268
1752133559,2025-07-10T07:45:59Z,N624FB,"33.494709,-112.00943",1975,85,267
1752133565,2025-07-10T07:46:05Z,N624FB,"33.494614,-112.012733",1950,85,267
1752133572,2025-07-10T07:46:12Z,N624FB,"33.494568,-112.015831",1950,84,270
1752133578,2025-07-10T07:46:18Z,N624FB,"33.494614,-112.018791",1950,85,271
1752133585,2025-07-10T07:46:25Z,N624FB,"33.494705,-112.021767",1950,85,272
1752133587,2025-07-10T07:46:27Z,N624FB,"33.494755,-112.022934",1950,85,273
1752133589,2025-07-10T07:46:29Z,N624FB,"33.494797,-112.024017",1950,85,272
1752133591,2025-07-10T07:46:31Z,N624FB,"33.494846,-112.025009",1950,85,272
1752133594,2025-07-10T07:46:34Z,N624FB,"33.494892,-112.025909",1925,85,272
1752133596,2025-07-10T07:46:36Z,N624FB,"33.494892,-112.026855",1925,85,273
1752133598,2025-07-10T07:46:38Z,N624FB,"33.494987,-112.027977",1925,85,274
1752133600,2025-07-10T07:46:40Z,N624FB,"33.495033,-112.028931",1925,85,276
1752133602,2025-07-10T07:46:42Z,N624FB,"33.495117,-112.029839",1925,85,278
1752133605,2025-07-10T07:46:45Z,N624FB,"33.495266,-112.031006",1925,85,280
1752133607,2025-07-10T07:46:47Z,N624FB,"33.495453,-112.03196",1925,85,282
1752133609,2025-07-10T07:46:49Z,N624FB,"33.495621,-112.032913",1900,85,284
1752133611,2025-07-10T07:46:51Z,N624FB,"33.495895,-112.034073",1900,85,284
1752133613,2025-07-10T07:46:53Z,N624FB,"33.496059,-112.034988",1900,85,283
1752133615,2025-07-10T07:46:55Z,N624FB,"33.496292,-112.036163",1900,84,283
1752133618,2025-07-10T07:46:58Z,N624FB,"33.496475,-112.037064",1900,84,283
1752133620,2025-07-10T07:47:00Z,N624FB,"33.496708,-112.038124",1900,84,283
1752133622,2025-07-10T07:47:02Z,N624FB,"33.496857,-112.039124",1900,84,283
1752133624,2025-07-10T07:47:04Z,N624FB,"33.497036,-112.039978",1900,84,283
1752133626,2025-07-10T07:47:06Z,N624FB,"33.497223,-112.040939",1900,84,283
1752133629,2025-07-10T07:47:09Z,N624FB,"33.497456,-112.04216",1900,84,283
1752133631,2025-07-10T07:47:11Z,N624FB,"33.497589,-112.042862",1875,84,283
1752133633,2025-07-10T07:47:13Z,N624FB,"33.497818,-112.043846",1875,84,283
1752133639,2025-07-10T07:47:19Z,N624FB,"33.498386,-112.047035",1875,82,281
1752133648,2025-07-10T07:47:28Z,N624FB,"33.499008,-112.05088",1875,82,279
1752133657,2025-07-10T07:47:37Z,N624FB,"33.499649,-112.055",1850,83,282
1752133665,2025-07-10T07:47:45Z,N624FB,"33.50034,-112.058701",1850,83,281
1752133670,2025-07-10T07:47:50Z,N624FB,"33.500618,-112.060715",1850,85,276
1752133672,2025-07-10T07:47:52Z,N624FB,"33.500668,-112.061668",1850,86,271
1752133674,2025-07-10T07:47:54Z,N624FB,"33.500668,-112.062843",1850,88,269
1752133676,2025-07-10T07:47:56Z,N624FB,"33.500668,-112.063911",1875,89,266
1752133679,2025-07-10T07:47:59Z,N624FB,"33.500565,-112.064835",1850,91,264
1752133681,2025-07-10T07:48:01Z,N624FB,"33.500481,-112.066093",1850,92,262
1752133683,2025-07-10T07:48:03Z,N624FB,"33.50034,-112.067329",1850,93,261
1752133685,2025-07-10T07:48:05Z,N624FB,"33.500153,-112.068451",1850,94,259
1752133687,2025-07-10T07:48:07Z,N624FB,"33.500015,-112.069443",1850,94,258
1752133690,2025-07-10T07:48:10Z,N624FB,"33.499783,-112.070747",1850,96,257
1752133692,2025-07-10T07:48:12Z,N624FB,"33.49955,-112.071754",1850,96,256
1752133694,2025-07-10T07:48:14Z,N624FB,"33.499329,-112.07296",1850,96,257
1752133696,2025-07-10T07:48:16Z,N624FB,"33.499191,-112.073784",1850,97,257
1752133698,2025-07-10T07:48:18Z,N624FB,"33.498989,-112.074898",1850,96,257
1752133700,2025-07-10T07:48:20Z,N624FB,"33.498779,-112.076202",1850,96,257
1752133702,2025-07-10T07:48:22Z,N624FB,"33.498569,-112.077309",1850,94,257
1752133704,2025-07-10T07:48:24Z,N624FB,"33.498337,-112.078316",1875,93,255
1752133707,2025-07-10T07:48:27Z,N624FB,"33.498104,-112.079269",1875,93,254
1752133709,2025-07-10T07:48:29Z,N624FB,"33.497826,-112.080505",1900,93,254
1752133711,2025-07-10T07:48:31Z,N624FB,"33.497635,-112.081421",1900,92,254
1752133713,2025-07-10T07:48:33Z,N624FB,"33.497314,-112.082741",1900,92,254
1752133722,2025-07-10T07:48:42Z,N624FB,"33.496353,-112.086914",1900,94,253
1752133724,2025-07-10T07:48:44Z,N624FB,"33.49601,-112.088181",1925,95,252
1752133726,2025-07-10T07:48:46Z,N624FB,"33.495777,-112.089188",1925,95,252
1752133733,2025-07-10T07:48:53Z,N624FB,"33.494934,-112.092628",1950,93,254
1752133740,2025-07-10T07:49:00Z,N624FB,"33.494019,-112.095871",1975,93,245
1752133742,2025-07-10T07:49:02Z,N624FB,"33.493683,-112.096588",2000,92,238
1752133744,2025-07-10T07:49:04Z,N624FB,"33.493149,-112.097519",2025,93,230
1752133746,2025-07-10T07:49:06Z,N624FB,"33.492378,-112.098442",2025,95,222
1752133748,2025-07-10T07:49:08Z,N624FB,"33.491402,-112.09922",2050,98,212
1752133750,2025-07-10T07:49:10Z,N624FB,"33.490566,-112.099731",2050,101,204
1752133753,2025-07-10T07:49:13Z,N624FB,"33.489586,-112.100121",2050,103,195
1752133755,2025-07-10T07:49:15Z,N624FB,"33.488571,-112.100319",2050,104,187
1752133758,2025-07-10T07:49:18Z,N624FB,"33.48735,-112.100403",2075,106,178
1752133760,2025-07-10T07:49:20Z,N624FB,"33.486469,-112.100288",2075,107,171
1752133762,2025-07-10T07:49:22Z,N624FB,"33.48521,-112.099899",2100,108,162
1752133764,2025-07-10T07:49:24Z,N624FB,"33.484222,-112.099442",2100,108,155
1752133766,2025-07-10T07:49:26Z,N624FB,"33.483353,-112.098831",2125,108,148
1752133768,2025-07-10T07:49:28Z,N624FB,"33.48251,-112.098099",2125,107,140
1752133770,2025-07-10T07:49:30Z,N624FB,"33.481796,-112.097244",2150,105,131
1752133772,2025-07-10T07:49:32Z,N624FB,"33.48111,-112.096085",2175,104,121
1752133775,2025-07-10T07:49:35Z,N624FB,"33.480698,-112.095047",2200,103,110
1752133777,2025-07-10T07:49:37Z,N624FB,"33.480423,-112.093948",2200,103,102
1752133779,2025-07-10T07:49:39Z,N624FB,"33.480286,-112.092628",2225,102,94
1752133781,2025-07-10T07:49:41Z,N624FB,"33.480331,-112.091362",2225,100,84
1752133783,2025-07-10T07:49:43Z,N624FB,"33.480511,-112.090202",2250,100,77
1752133785,2025-07-10T07:49:45Z,N624FB,"33.480789,-112.089188",2250,100,70
1752133787,2025-07-10T07:49:47Z,N624FB,"33.481113,-112.088234",2250,99,63
1752133789,2025-07-10T07:49:49Z,N624FB,"33.481796,-112.086967",2250,98,55
1752133792,2025-07-10T07:49:52Z,N624FB,"33.482346,-112.086143",2250,97,49
1752133794,2025-07-10T07:49:54Z,N624FB,"33.482986,-112.08532",2250,98,43
1752133796,2025-07-10T07:49:56Z,N624FB,"33.483768,-112.084534",2250,98,39
1752133798,2025-07-10T07:49:58Z,N624FB,"33.484543,-112.083839",2250,99,34
1752133800,2025-07-10T07:50:00Z,N624FB,"33.485489,-112.083076",2250,99,30
1752133803,2025-07-10T07:50:03Z,N624FB,"33.486469,-112.082466",2225,98,27
1752133805,2025-07-10T07:50:05Z,N624FB,"33.487061,-112.082077",2225,96,24
1752133807,2025-07-10T07:50:07Z,N624FB,"33.487911,-112.08168",2225,95,20
1752133809,2025-07-10T07:50:09Z,N624FB,"33.488983,-112.0812",2225,94,18
1752133811,2025-07-10T07:50:11Z,N624FB,"33.489807,-112.080872",2225,94,15
1752133813,2025-07-10T07:50:13Z,N624FB,"33.490906,-112.080544",2225,93,14
1752133816,2025-07-10T07:50:16Z,N624FB,"33.491776,-112.080322",2225,93,11
1752133818,2025-07-10T07:50:18Z,N624FB,"33.492783,-112.080101",2225,93,8
1752133820,2025-07-10T07:50:20Z,N624FB,"33.493683,-112.079994",2225,92,5
1752133822,2025-07-10T07:50:22Z,N624FB,"33.494476,-112.079941",2225,92,2
1752133824,2025-07-10T07:50:24Z,N624FB,"33.495407,-112.079887",2225,92,1
1752133827,2025-07-10T07:50:27Z,N624FB,"33.496475,-112.079887",2225,92,358
1752133829,2025-07-10T07:50:29Z,N624FB,"33.497173,-112.079941",2225,92,357
1752133831,2025-07-10T07:50:31Z,N624FB,"33.498322,-112.079994",2225,91,356
1752133833,2025-07-10T07:50:33Z,N624FB,"33.499191,-112.080048",2225,91,356
1752133835,2025-07-10T07:50:35Z,N624FB,"33.500061,-112.080109",2200,91,356
1752133837,2025-07-10T07:50:37Z,N624FB,"33.501114,-112.080215",2200,90,355
1752133840,2025-07-10T07:50:40Z,N624FB,"33.501968,-112.08033",2200,89,354
1752133842,2025-07-10T07:50:42Z,N624FB,"33.502762,-112.080429",2200,88,353
1752133844,2025-07-10T07:50:44Z,N624FB,"33.503784,-112.080559",2200,87,352
1752133846,2025-07-10T07:50:46Z,N624FB,"33.504578,-112.080727",2200,86,351
1752133848,2025-07-10T07:50:48Z,N624FB,"33.505367,-112.080841",2200,85,351
1752133851,2025-07-10T07:50:51Z,N624FB,"33.506298,-112.081062",2200,86,350
1752133853,2025-07-10T07:50:53Z,N624FB,"33.507065,-112.0812",2200,85,349
1752133855,2025-07-10T07:50:55Z,N624FB,"33.50798,-112.081421",2200,85,348
1752133857,2025-07-10T07:50:57Z,N624FB,"33.508759,-112.081589",2200,84,346
1752133859,2025-07-10T07:50:59Z,N624FB,"33.509583,-112.081917",2200,81,339
1752133861,2025-07-10T07:51:01Z,N624FB,"33.510303,-112.082298",2200,79,333
1752133864,2025-07-10T07:51:04Z,N624FB,"33.511002,-112.082848",2225,76,320
1752133866,2025-07-10T07:51:06Z,N624FB,"33.511513,-112.083527",2250,75,307
1752133868,2025-07-10T07:51:08Z,N624FB,"33.511837,-112.084259",2250,75,290
1752133870,2025-07-10T07:51:10Z,N624FB,"33.512024,-112.08532",2250,78,270
1752133873,2025-07-10T07:51:13Z,N624FB,"33.511932,-112.086388",2250,80,256
1752133875,2025-07-10T07:51:15Z,N624FB,"33.511559,-112.08728",2250,83,242
1752133877,2025-07-10T07:51:17Z,N624FB,"33.511139,-112.087959",2250,88,225
1752133880,2025-07-10T07:51:20Z,N624FB,"33.510258,-112.088799",2250,92,214
1752133882,2025-07-10T07:51:22Z,N624FB,"33.509354,-112.089333",2225,97,202
1752133884,2025-07-10T07:51:24Z,N624FB,"33.508392,-112.089714",2200,101,197
1752133886,2025-07-10T07:51:26Z,N624FB,"33.507511,-112.089973",2200,105,191
1752133888,2025-07-10T07:51:28Z,N624FB,"33.50647,-112.090157",2175,109,186
1752133890,2025-07-10T07:51:30Z,N624FB,"33.505508,-112.090256",2150,112,183
1752133892,2025-07-10T07:51:32Z,N624FB,"33.504272,-112.090263",2125,115,180
1752133895,2025-07-10T07:51:35Z,N624FB,"33.502853,-112.090263",2100,117,178
1752133897,2025-07-10T07:51:37Z,N624FB,"33.501736,-112.090141",2075,119,176
1752133899,2025-07-10T07:51:39Z,N624FB,"33.500481,-112.090027",2050,120,174
1752133901,2025-07-10T07:51:41Z,N624FB,"33.499039,-112.089806",2025,121,172
1752133904,2025-07-10T07:51:44Z,N624FB,"33.497955,-112.089661",2025,122,172
1752133906,2025-07-10T07:51:46Z,N624FB,"33.496895,-112.08947",2025,121,171
1752133908,2025-07-10T07:51:48Z,N624FB,"33.49559,-112.089188",2000,120,170
1752133910,2025-07-10T07:51:50Z,N624FB,"33.494244,-112.088913",2000,120,169
1752133912,2025-07-10T07:51:52Z,N624FB,"33.493031,-112.088631",2000,120,168
1752133914,2025-07-10T07:51:54Z,N624FB,"33.492004,-112.088341",2000,121,167
1752133917,2025-07-10T07:51:57Z,N624FB,"33.490585,-112.087959",2000,120,166
1752133919,2025-07-10T07:51:59Z,N624FB,"33.48954,-112.087624",2000,120,165
1752133921,2025-07-10T07:52:01Z,N624FB,"33.488205,-112.087189",2000,120,164
1752133923,2025-07-10T07:52:03Z,N624FB,"33.4874,-112.086945",2000,119,163
1752133925,2025-07-10T07:52:05Z,N624FB,"33.48587,-112.086365",1975,119,162
1752133928,2025-07-10T07:52:08Z,N624FB,"33.484886,-112.085938",1975,120,161
1752133930,2025-07-10T07:52:10Z,N624FB,"33.483444,-112.085373",1975,119,160
1752133932,2025-07-10T07:52:12Z,N624FB,"33.482464,-112.08493",1975,119,159
1752133934,2025-07-10T07:52:14Z,N624FB,"33.481209,-112.084366",1975,118,159
1752133936,2025-07-10T07:52:16Z,N624FB,"33.48024,-112.083946",1975,118,158
1752133939,2025-07-10T07:52:19Z,N624FB,"33.479298,-112.083473",1950,118,158
1752133941,2025-07-10T07:52:21Z,N624FB,"33.478226,-112.082962",1975,118,157
1752133943,2025-07-10T07:52:23Z,N624FB,"33.477158,-112.082405",1975,117,156
1752133945,2025-07-10T07:52:25Z,N624FB,"33.475948,-112.081787",1975,116,156
1752133947,2025-07-10T07:52:27Z,N624FB,"33.474689,-112.081116",1975,115,154
1752133950,2025-07-10T07:52:30Z,N624FB,"33.473713,-112.080559",1975,115,153
1752133952,2025-07-10T07:52:32Z,N624FB,"33.472641,-112.079887",2000,116,152
1752133954,2025-07-10T07:52:34Z,N624FB,"33.471817,-112.079391",2000,117,154
1752133960,2025-07-10T07:52:40Z,N624FB,"33.468475,-112.077957",1925,120,168
1752133962,2025-07-10T07:52:42Z,N624FB,"33.467102,-112.077698",1900,119,171
1752133965,2025-07-10T07:52:45Z,N624FB,"33.465893,-112.07753",1900,118,173
1752133967,2025-07-10T07:52:47Z,N624FB,"33.464767,-112.077354",1900,117,174
1752133969,2025-07-10T07:52:49Z,N624FB,"33.463486,-112.077194",1925,116,174
1752133971,2025-07-10T07:52:51Z,N624FB,"33.46212,-112.077026",1925,115,175
1752133974,2025-07-10T07:52:54Z,N624FB,"33.461151,-112.076973",1900,113,176
1752133976,2025-07-10T07:52:56Z,N624FB,"33.460026,-112.076912",1900,112,178
1752133978,2025-07-10T07:52:58Z,N624FB,"33.458817,-112.076912",1900,109,181
1752133980,2025-07-10T07:53:00Z,N624FB,"33.457947,-112.076973",1925,107,182
1752133982,2025-07-10T07:53:02Z,N624FB,"33.456627,-112.076973",1925,106,180
1752133984,2025-07-10T07:53:04Z,N624FB,"33.455559,-112.076912",1925,105,175
1752133987,2025-07-10T07:53:07Z,N624FB,"33.454487,-112.076744",1900,105,171
1752133989,2025-07-10T07:53:09Z,N624FB,"33.453781,-112.076584",1900,102,169
1752133995,2025-07-10T07:53:15Z,N624FB,"33.45076,-112.076149",1925,93,173
1752133997,2025-07-10T07:53:17Z,N624FB,"33.449738,-112.07579",1925,89,157
1752134000,2025-07-10T07:53:20Z,N624FB,"33.449181,-112.075119",1950,84,123
1752134002,2025-07-10T07:53:22Z,N624FB,"33.448975,-112.07428",1950,80,91
1752134004,2025-07-10T07:53:24Z,N624FB,"33.449158,-112.073181",1950,79,73
1752134006,2025-07-10T07:53:26Z,N624FB,"33.449551,-112.072487",1950,71,51
1752134008,2025-07-10T07:53:28Z,N624FB,"33.450016,-112.07209",1950,59,27
1752134010,2025-07-10T07:53:30Z,N624FB,"33.450485,-112.072029",1975,48,345
1752134013,2025-07-10T07:53:33Z,N624FB,"33.450943,-112.072357",1950,47,319
1752134015,2025-07-10T07:53:35Z,N624FB,"33.451035,-112.072906",1925,52,270
1752134017,2025-07-10T07:53:37Z,N624FB,"33.450806,-112.073456",1900,58,230
1752134019,2025-07-10T07:53:39Z,N624FB,"33.450298,-112.073776",1900,60,197
1752134021,2025-07-10T07:53:41Z,N624FB,"33.449661,-112.073624",1925,58,150
1752134023,2025-07-10T07:53:43Z,N624FB,"33.449341,-112.073235",1925,61,123
1752134025,2025-07-10T07:53:45Z,N624FB,"33.449039,-112.072433",1925,66,103
1752134027,2025-07-10T07:53:47Z,N624FB,"33.448975,-112.071754",1925,69,85
1752134029,2025-07-10T07:53:49Z,N624FB,"33.449203,-112.070816",1900,67,60
1752134032,2025-07-10T07:53:52Z,N624FB,"33.449661,-112.070328",1900,66,38
1752134034,2025-07-10T07:53:54Z,N624FB,"33.450211,-112.070053",1900,63,12
1752134036,2025-07-10T07:53:56Z,N624FB,"33.450943,-112.07016",1900,61,345
1752134038,2025-07-10T07:53:58Z,N624FB,"33.451401,-112.070488",1900,58,320
1752134040,2025-07-10T07:54:00Z,N624FB,"33.451767,-112.070984",1900,56,307
1752134043,2025-07-10T07:54:03Z,N624FB,"33.452042,-112.07164",1925,57,287
1752134045,2025-07-10T07:54:05Z,N624FB,"33.452133,-112.072304",1925,60,279
1752134047,2025-07-10T07:54:07Z,N624FB,"33.452206,-112.073158",1925,64,273
1752134049,2025-07-10T07:54:09Z,N624FB,"33.452133,-112.073837",1900,66,258
1752134051,2025-07-10T07:54:11Z,N624FB,"33.451859,-112.074608",1925,66,235
1752134054,2025-07-10T07:54:14Z,N624FB,"33.451412,-112.075119",1950,65,213
1752134056,2025-07-10T07:54:16Z,N624FB,"33.450809,-112.075348",1975,68,180
1752134058,2025-07-10T07:54:18Z,N624FB,"33.450119,-112.075211",1975,70,154
1752134060,2025-07-10T07:54:20Z,N624FB,"33.449524,-112.074661",2000,66,124
1752134062,2025-07-10T07:54:22Z,N624FB,"33.449318,-112.073776",2000,67,95
1752134065,2025-07-10T07:54:25Z,N624FB,"33.449318,-112.072937",1975,70,87
1752134067,2025-07-10T07:54:27Z,N624FB,"33.449524,-112.07225",2000,64,64
1752134069,2025-07-10T07:54:29Z,N624FB,"33.449924,-112.071701",2000,60,41
1752134071,2025-07-10T07:54:31Z,N624FB,"33.450394,-112.07148",2000,55,8
1752134073,2025-07-10T07:54:33Z,N624FB,"33.450943,-112.071533",2000,52,345
1752134075,2025-07-10T07:54:35Z,N624FB,"33.451309,-112.071976",2000,48,305
1752134077,2025-07-10T07:54:37Z,N624FB,"33.451401,-112.072464",2025,49,266
1752134080,2025-07-10T07:54:40Z,N624FB,"33.451134,-112.073044",2025,53,233
1752134082,2025-07-10T07:54:42Z,N624FB,"33.450623,-112.073441",2025,59,204
1752134084,2025-07-10T07:54:44Z,N624FB,"33.450073,-112.073456",2025,62,167
1752134086,2025-07-10T07:54:46Z,N624FB,"33.449432,-112.073013",2050,62,140
1752134088,2025-07-10T07:54:48Z,N624FB,"33.449181,-112.072433",2050,60,109
1752134091,2025-07-10T07:54:51Z,N624FB,"33.449181,-112.071869",2050,57,68
1752134093,2025-07-10T07:54:53Z,N624FB,"33.4496,-112.071198",2025,55,42
1752134095,2025-07-10T07:54:55Z,N624FB,"33.450073,-112.071091",2025,49,12
1752134097,2025-07-10T07:54:57Z,N624FB,"33.450481,-112.071312",2000,46,315
1752134099,2025-07-10T07:54:59Z,N624FB,"33.450714,-112.071808",2000,50,289
1752134101,2025-07-10T07:55:01Z,N624FB,"33.450809,-112.07254",1975,56,274
1752134104,2025-07-10T07:55:04Z,N624FB,"33.45076,-112.073128",1975,57,258
1752134106,2025-07-10T07:55:06Z,N624FB,"33.450485,-112.073784",2000,53,231
1752134108,2025-07-10T07:55:08Z,N624FB,"33.450027,-112.074005",2000,54,191
1752134110,2025-07-10T07:55:10Z,N624FB,"33.449524,-112.073952",2000,60,165
1752134112,2025-07-10T07:55:12Z,N624FB,"33.448994,-112.073441",2000,59,126
1752134114,2025-07-10T07:55:14Z,N624FB,"33.448948,-112.072823",2000,55,81
1752134117,2025-07-10T07:55:17Z,N624FB,"33.449341,-112.07225",1975,55,39
1752134119,2025-07-10T07:55:19Z,N624FB,"33.44989,-112.072029",1925,63,19
1752134121,2025-07-10T07:55:21Z,N624FB,"33.450485,-112.071808",1900,68,14
1752134123,2025-07-10T07:55:23Z,N624FB,"33.451218,-112.071587",1900,70,12
1752134125,2025-07-10T07:55:25Z,N624FB,"33.451832,-112.07148",1900,72,10
1752134127,2025-07-10T07:55:27Z,N624FB,"33.452591,-112.071259",1900,74,10
1752134129,2025-07-10T07:55:29Z,N624FB,"33.453232,-112.071152",1900,75,11
1752134131,2025-07-10T07:55:31Z,N624FB,"33.453918,-112.070984",1900,76,11
1752134134,2025-07-10T07:55:34Z,N624FB,"33.454742,-112.070763",1900,77,10
1752134136,2025-07-10T07:55:36Z,N624FB,"33.455383,-112.070656",1925,77,10
1752134138,2025-07-10T07:55:38Z,N624FB,"33.456116,-112.070465",1925,77,10
1752134140,2025-07-10T07:55:40Z,N624FB,"33.45686,-112.070358",1950,78,11
1752134142,2025-07-10T07:55:42Z,N624FB,"33.457718,-112.070107",1950,79,11
1752134144,2025-07-10T07:55:44Z,N624FB,"33.458488,-112.069908",1950,79,11
1752134147,2025-07-10T07:55:47Z,N624FB,"33.459412,-112.069717",1975,79,12
1752134149,2025-07-10T07:55:49Z,N624FB,"33.460007,-112.069557",1975,80,10
1752134151,2025-07-10T07:55:51Z,N624FB,"33.460831,-112.069389",1975,81,9
1752134157,2025-07-10T07:55:57Z,N624FB,"33.46344,-112.068954",1975,80,6
1752134159,2025-07-10T07:55:59Z,N624FB,"33.464214,-112.06884",2000,79,6
1752134162,2025-07-10T07:56:02Z,N624FB,"33.464912,-112.068787",2000,79,5
1752134164,2025-07-10T07:56:04Z,N624FB,"33.465683,-112.06868",2000,80,5
1752134166,2025-07-10T07:56:06Z,N624FB,"33.466496,-112.068619",2025,80,5
1752134168,2025-07-10T07:56:08Z,N624FB,"33.467331,-112.068512",2025,80,5
1752134170,2025-07-10T07:56:10Z,N624FB,"33.468063,-112.068405",2025,80,5
1752134172,2025-07-10T07:56:12Z,N624FB,"33.469009,-112.068283",2050,79,5
1752134175,2025-07-10T07:56:15Z,N624FB,"33.469894,-112.068169",2050,79,5
1752134177,2025-07-10T07:56:17Z,N624FB,"33.470688,-112.068115",2050,79,5
1752134179,2025-07-10T07:56:19Z,N624FB,"33.471478,-112.068001",2050,79,4
1752134181,2025-07-10T07:56:21Z,N624FB,"33.472221,-112.067947",2075,79,3
1752134190,2025-07-10T07:56:30Z,N624FB,"33.475296,-112.067612",2125,76,5
1752134199,2025-07-10T07:56:39Z,N624FB,"33.478413,-112.067329",2125,78,5
1752134207,2025-07-10T07:56:47Z,N624FB,"33.481533,-112.06694",2175,78,5
1752134216,2025-07-10T07:56:56Z,N624FB,"33.484653,-112.066544",2175,80,6
1752134223,2025-07-10T07:57:03Z,N624FB,"33.48735,-112.066208",2175,81,6
1752134232,2025-07-10T07:57:12Z,N624FB,"33.490658,-112.065704",2200,80,7
1752134241,2025-07-10T07:57:21Z,N624FB,"33.494057,-112.065254",2200,83,5
1752134247,2025-07-10T07:57:27Z,N624FB,"33.496475,-112.064972",2200,83,3
1752134249,2025-07-10T07:57:29Z,N624FB,"33.497406,-112.064919",2200,82,1
1752134251,2025-07-10T07:57:31Z,N624FB,"33.498138,-112.064941",2200,82,1
1752134254,2025-07-10T07:57:34Z,N624FB,"33.498943,-112.064919",2225,81,1
1752134256,2025-07-10T07:57:36Z,N624FB,"33.499741,-112.064941",2225,81,359
1752134258,2025-07-10T07:57:38Z,N624FB,"33.50061,-112.064941",2225,81,359
1752134260,2025-07-10T07:57:40Z,N624FB,"33.501553,-112.064972",2225,82,359
1752134267,2025-07-10T07:57:47Z,N624FB,"33.504017,-112.064972",2200,84,1
1752134269,2025-07-10T07:57:49Z,N624FB,"33.50481,-112.064919",2200,84,1
1752134278,2025-07-10T07:57:58Z,N624FB,"33.508114,-112.064751",2200,84,4
1752134284,2025-07-10T07:58:04Z,N624FB,"33.510681,-112.064499",2200,83,4
1752134286,2025-07-10T07:58:06Z,N624FB,"33.511421,-112.064468",2200,83,4
1752134288,2025-07-10T07:58:08Z,N624FB,"33.512283,-112.064339",2200,83,4
1752134290,2025-07-10T07:58:10Z,N624FB,"33.513153,-112.064285",2200,83,4
1752134297,2025-07-10T07:58:17Z,N624FB,"33.515751,-112.064026",2175,84,6
1752134299,2025-07-10T07:58:19Z,N624FB,"33.516495,-112.06395",2175,83,6
1752134306,2025-07-10T07:58:26Z,N624FB,"33.519104,-112.063896",2175,83,354
1752134308,2025-07-10T07:58:28Z,N624FB,"33.519939,-112.064026",2175,83,348
1752134310,2025-07-10T07:58:30Z,N624FB,"33.520615,-112.064285",2175,84,340
1752134312,2025-07-10T07:58:32Z,N624FB,"33.521439,-112.064667",2150,85,335
1752134314,2025-07-10T07:58:34Z,N624FB,"33.522266,-112.065201",2150,87,331
1752134317,2025-07-10T07:58:37Z,N624FB,"33.522964,-112.065651",2125,88,328
1752134319,2025-07-10T07:58:39Z,N624FB,"33.523663,-112.066208",2125,89,328
1752134321,2025-07-10T07:58:41Z,N624FB,"33.524551,-112.066864",2125,89,327
1752134323,2025-07-10T07:58:43Z,N624FB,"33.525375,-112.067467",2100,89,326
1752134325,2025-07-10T07:58:45Z,N624FB,"33.526035,-112.068001",2100,89,325
1752134327,2025-07-10T07:58:47Z,N624FB,"33.526749,-112.068619",2100,90,323
1752134330,2025-07-10T07:58:50Z,N624FB,"33.527481,-112.06929",2100,91,322
1752134332,2025-07-10T07:58:52Z,N624FB,"33.528271,-112.070023",2075,92,321
1752134334,2025-07-10T07:58:54Z,N624FB,"33.528877,-112.070633",2075,92,320
1752134336,2025-07-10T07:58:56Z,N624FB,"33.529587,-112.071312",2075,93,319
1752134338,2025-07-10T07:58:58Z,N624FB,"33.530411,-112.072189",2050,94,318
1752134340,2025-07-10T07:59:00Z,N624FB,"33.531063,-112.072876",2050,94,318
1752134342,2025-07-10T07:59:02Z,N624FB,"33.531738,-112.073624",2050,95,317
1752134344,2025-07-10T07:59:04Z,N624FB,"33.532425,-112.074333",2025,96,317
1752134347,2025-07-10T07:59:07Z,N624FB,"33.533298,-112.075287",2025,97,317
1752134349,2025-07-10T07:59:09Z,N624FB,"33.533859,-112.075851",2025,96,317
1752134351,2025-07-10T07:59:11Z,N624FB,"33.534695,-112.076805",2025,96,316
1752134353,2025-07-10T07:59:13Z,N624FB,"33.535446,-112.077629",2000,96,315
1752134355,2025-07-10T07:59:15Z,N624FB,"33.536091,-112.07843",2000,96,315
1752134358,2025-07-10T07:59:18Z,N624FB,"33.536774,-112.079224",2000,96,315
1752134360,2025-07-10T07:59:20Z,N624FB,"33.537552,-112.080154",1975,96,316
1752134369,2025-07-10T07:59:29Z,N624FB,"33.540482,-112.083191",1975,98,320
1752134376,2025-07-10T07:59:36Z,N624FB,"33.543091,-112.085655",1925,99,322
1752134378,2025-07-10T07:59:38Z,N624FB,"33.543865,-112.086349",1925,99,323
1752134380,2025-07-10T07:59:40Z,N624FB,"33.544693,-112.087059",1925,100,323
1752134382,2025-07-10T07:59:42Z,N624FB,"33.545498,-112.087784",1900,101,324
1752134385,2025-07-10T07:59:45Z,N624FB,"33.546288,-112.088409",1900,101,325
1752134387,2025-07-10T07:59:47Z,N624FB,"33.547211,-112.089188",1875,101,325
1752134389,2025-07-10T07:59:49Z,N624FB,"33.548195,-112.089958",1875,100,326
1752134391,2025-07-10T07:59:51Z,N624FB,"33.548893,-112.09053",1850,99,327
1752134394,2025-07-10T07:59:54Z,N624FB,"33.549866,-112.091263",1825,99,327
1752134396,2025-07-10T07:59:56Z,N624FB,"33.550644,-112.091881",1825,99,326
1752134398,2025-07-10T07:59:58Z,N624FB,"33.551422,-112.092438",1800,98,326
1752134407,2025-07-10T08:00:07Z,N624FB,"33.554443,-112.095131",1825,88,320
1752134409,2025-07-10T08:00:09Z,N624FB,"33.555222,-112.09597",1850,86,316
1752134411,2025-07-10T08:00:11Z,N624FB,"33.555862,-112.096756",1850,84,312
1752134413,2025-07-10T08:00:13Z,N624FB,"33.556366,-112.097488",1875,81,308
1752134415,2025-07-10T08:00:15Z,N624FB,"33.556824,-112.098267",1900,80,303
1752134418,2025-07-10T08:00:18Z,N624FB,"33.55719,-112.098999",1900,79,299
1752134420,2025-07-10T08:00:20Z,N624FB,"33.557602,-112.100067",1925,76,293
1752134422,2025-07-10T08:00:22Z,N624FB,"33.557785,-112.100845",1925,68,279
1752134424,2025-07-10T08:00:24Z,N624FB,"33.557739,-112.101631",1950,61,254
1752134427,2025-07-10T08:00:27Z,N624FB,"33.55751,-112.102196",1975,60,228
1752134429,2025-07-10T08:00:29Z,N624FB,"33.55695,-112.102722",1975,64,208
1752134431,2025-07-10T08:00:31Z,N624FB,"33.556503,-112.102867",1950,66,180
1752134433,2025-07-10T08:00:33Z,N624FB,"33.555725,-112.102699",1950,63,162
1752134435,2025-07-10T08:00:35Z,N624FB,"33.555271,-112.102264",1950,60,130
1752134437,2025-07-10T08:00:37Z,N624FB,"33.555084,-112.101692",1925,58,107
1752134439,2025-07-10T08:00:39Z,N624FB,"33.555038,-112.101059",1900,61,87
1752134441,2025-07-10T08:00:41Z,N624FB,"33.555176,-112.100235",1900,59,65
1752134444,2025-07-10T08:00:44Z,N624FB,"33.555504,-112.099625",1875,61,52
1752134446,2025-07-10T08:00:46Z,N624FB,"33.555878,-112.099228",1850,60,41
1752134448,2025-07-10T08:00:48Z,N624FB,"33.556503,-112.09861",1850,58,35
1752134450,2025-07-10T08:00:50Z,N624FB,"33.556995,-112.098312",1850,55,25
1752134452,2025-07-10T08:00:52Z,N624FB,"33.557465,-112.098099",1875,51,14
1752134454,2025-07-10T08:00:54Z,N624FB,"33.557926,-112.098022",1875,48,357
1752134456,2025-07-10T08:00:56Z,N624FB,"33.558426,-112.098213",1900,47,336
1752134459,2025-07-10T08:00:59Z,N624FB,"33.558792,-112.098549",1900,52,318
1752134461,2025-07-10T08:01:01Z,N624FB,"33.559067,-112.099052",1900,57,297
1752134463,2025-07-10T08:01:03Z,N624FB,"33.55925,-112.09967",1875,61,286
1752134465,2025-07-10T08:01:05Z,N624FB,"33.559322,-112.100372",1875,65,270
1752134467,2025-07-10T08:01:07Z,N624FB,"33.559277,-112.101227",1900,64,258
1752134469,2025-07-10T08:01:09Z,N624FB,"33.559044,-112.101974",1925,63,245
1752134471,2025-07-10T08:01:11Z,N624FB,"33.558716,-112.102493",1950,65,228
1752134474,2025-07-10T08:01:14Z,N624FB,"33.558113,-112.103119",1975,68,216
1752134476,2025-07-10T08:01:16Z,N624FB,"33.557465,-112.103539",1975,73,199
1752134478,2025-07-10T08:01:18Z,N624FB,"33.556667,-112.103745",1975,75,191
1752134480,2025-07-10T08:01:20Z,N624FB,"33.556015,-112.103745",2000,79,174
1752134482,2025-07-10T08:01:22Z,N624FB,"33.555084,-112.103462",2000,80,158
1752134485,2025-07-10T08:01:25Z,N624FB,"33.554482,-112.102951",2025,80,138
1752134487,2025-07-10T08:01:27Z,N624FB,"33.554108,-112.102318",2050,78,111
1752134489,2025-07-10T08:01:29Z,N624FB,"33.553894,-112.101242",2050,77,96
1752134491,2025-07-10T08:01:31Z,N624FB,"33.554016,-112.100372",2050,76,74
1752134493,2025-07-10T08:01:33Z,N624FB,"33.55434,-112.099518",2050,76,55
1752134496,2025-07-10T08:01:36Z,N624FB,"33.555038,-112.09877",2050,76,39
1752134498,2025-07-10T08:01:38Z,N624FB,"33.555634,-112.098381",2050,74,18
1752134500,2025-07-10T08:01:40Z,N624FB,"33.556412,-112.098213",2050,73,10
1752134502,2025-07-10T08:01:42Z,N624FB,"33.557182,-112.098427",2050,71,342
1752134504,2025-07-10T08:01:44Z,N624FB,"33.557785,-112.098831",2050,69,321
1752134507,2025-07-10T08:01:47Z,N624FB,"33.558205,-112.099396",2075,68,305
1752134509,2025-07-10T08:01:49Z,N624FB,"33.558517,-112.100067",2075,69,290
1752134511,2025-07-10T08:01:51Z,N624FB,"33.55867,-112.10083",2075,69,275
1752134513,2025-07-10T08:01:53Z,N624FB,"33.558578,-112.101746",2100,71,260
1752134515,2025-07-10T08:01:55Z,N624FB,"33.558346,-112.102493",2100,74,239
1752134517,2025-07-10T08:01:57Z,N624FB,"33.55788,-112.103119",2100,78,216
1752134520,2025-07-10T08:02:00Z,N624FB,"33.557053,-112.103653",2125,81,197
1752134522,2025-07-10T08:02:02Z,N624FB,"33.556412,-112.10376",2125,83,174
1752134524,2025-07-10T08:02:04Z,N624FB,"33.555359,-112.103317",2125,84,148
1752134526,2025-07-10T08:02:06Z,N624FB,"33.55476,-112.102547",2150,83,130
1752134528,2025-07-10T08:02:08Z,N624FB,"33.554436,-112.101746",2150,82,107
1752134531,2025-07-10T08:02:11Z,N624FB,"33.554436,-112.100662",2150,81,83
1752134533,2025-07-10T08:02:13Z,N624FB,"33.554619,-112.099854",2150,79,63
1752134535,2025-07-10T08:02:15Z,N624FB,"33.555267,-112.098999",2125,76,43
1752134537,2025-07-10T08:02:17Z,N624FB,"33.555817,-112.09861",2150,72,22
1752134540,2025-07-10T08:02:20Z,N624FB,"33.556435,-112.098373",2150,72,10
1752134542,2025-07-10T08:02:22Z,N624FB,"33.55732,-112.098312",2150,73,359
1752134544,2025-07-10T08:02:24Z,N624FB,"33.558014,-112.098442",2125,72,347
1752134546,2025-07-10T08:02:26Z,N624FB,"33.558701,-112.098778",2125,72,332
1752134548,2025-07-10T08:02:28Z,N624FB,"33.559135,-112.099167",2125,70,316
1752134550,2025-07-10T08:02:30Z,N624FB,"33.559601,-112.099915",2125,69,300
1752134552,2025-07-10T08:02:32Z,N624FB,"33.559845,-112.100571",2125,70,282
1752134555,2025-07-10T08:02:35Z,N624FB,"33.559834,-112.101578",2150,73,255
1752134557,2025-07-10T08:02:37Z,N624FB,"33.559525,-112.102531",2150,75,241
1752134559,2025-07-10T08:02:39Z,N624FB,"33.559021,-112.103256",2150,79,227
1752134561,2025-07-10T08:02:41Z,N624FB,"33.558517,-112.103706",2150,84,212
1752134563,2025-07-10T08:02:43Z,N624FB,"33.557648,-112.10421",2150,88,197
1752134566,2025-07-10T08:02:46Z,N624FB,"33.556824,-112.104378",2125,91,185
1752134568,2025-07-10T08:02:48Z,N624FB,"33.555817,-112.104378",2125,93,173
1752134570,2025-07-10T08:02:50Z,N624FB,"33.55476,-112.103973",2125,94,159
1752134572,2025-07-10T08:02:52Z,N624FB,"33.55397,-112.103462",2150,96,143
1752134575,2025-07-10T08:02:55Z,N624FB,"33.553024,-112.102417",2150,96,129
1752134577,2025-07-10T08:02:57Z,N624FB,"33.552567,-112.101524",2150,95,116
1752134580,2025-07-10T08:03:00Z,N624FB,"33.5522,-112.100121",2175,92,101
1752134582,2025-07-10T08:03:02Z,N624FB,"33.552155,-112.09906",2175,89,85
1752134584,2025-07-10T08:03:04Z,N624FB,"33.552338,-112.098145",2200,86,71
1752134586,2025-07-10T08:03:06Z,N624FB,"33.552711,-112.097282",2200,83,55
1752134589,2025-07-10T08:03:09Z,N624FB,"33.553299,-112.096588",2200,77,34
1752134591,2025-07-10T08:03:11Z,N624FB,"33.55397,-112.096138",2200,74,17
1752134593,2025-07-10T08:03:13Z,N624FB,"33.554626,-112.096031",2200,72,12
1752134595,2025-07-10T08:03:15Z,N624FB,"33.555588,-112.096199",2175,71,344
1752134597,2025-07-10T08:03:17Z,N624FB,"33.556015,-112.096481",2175,71,325
1752134599,2025-07-10T08:03:19Z,N624FB,"33.556595,-112.096985",2175,72,313
1752134601,2025-07-10T08:03:21Z,N624FB,"33.557133,-112.09774",2150,74,306
1752134604,2025-07-10T08:03:24Z,N624FB,"33.557507,-112.09848",2150,74,301
1752134606,2025-07-10T08:03:26Z,N624FB,"33.557972,-112.099396",2150,75,298
1752134608,2025-07-10T08:03:28Z,N624FB,"33.558296,-112.100143",2150,75,295
1752134610,2025-07-10T08:03:30Z,N624FB,"33.558563,-112.100845",2150,76,294
1752134612,2025-07-10T08:03:32Z,N624FB,"33.558929,-112.10186",2150,77,293
1752134614,2025-07-10T08:03:34Z,N624FB,"33.559231,-112.1026",2150,78,293
1752134616,2025-07-10T08:03:36Z,N624FB,"33.559479,-112.103485",2150,79,290
1752134619,2025-07-10T08:03:39Z,N624FB,"33.559742,-112.104324",2150,80,288
1752134621,2025-07-10T08:03:41Z,N624FB,"33.559982,-112.105225",2150,80,285
1752134623,2025-07-10T08:03:43Z,N624FB,"33.560207,-112.106438",2125,81,281
1752134626,2025-07-10T08:03:46Z,N624FB,"33.560345,-112.1073",2125,81,273
1752134628,2025-07-10T08:03:48Z,N624FB,"33.560303,-112.108246",2150,80,263
1752134630,2025-07-10T08:03:50Z,N624FB,"33.560165,-112.109146",2150,80,253
1752134632,2025-07-10T08:03:52Z,N624FB,"33.559845,-112.109932",2175,81,241
1752134634,2025-07-10T08:03:54Z,N624FB,"33.559277,-112.11084",2200,82,223
1752134636,2025-07-10T08:03:56Z,N624FB,"33.558517,-112.111557",2225,84,214
1752134638,2025-07-10T08:03:58Z,N624FB,"33.557785,-112.111946",2225,87,199
1752134641,2025-07-10T08:04:01Z,N624FB,"33.556961,-112.112175",2225,91,189
1752134643,2025-07-10T08:04:03Z,N624FB,"33.556156,-112.112213",2250,94,176
1752134645,2025-07-10T08:04:05Z,N624FB,"33.554947,-112.111931",2250,96,163
1752134647,2025-07-10T08:04:07Z,N624FB,"33.554108,-112.111473",2250,97,150
1752134649,2025-07-10T08:04:09Z,N624FB,"33.553364,-112.11084",2275,98,140
1752134651,2025-07-10T08:04:11Z,N624FB,"33.552666,-112.109985",2275,99,128
1752134653,2025-07-10T08:04:13Z,N624FB,"33.552155,-112.108978",2275,100,117
1752134656,2025-07-10T08:04:16Z,N624FB,"33.551872,-112.108093",2275,101,107
1752134658,2025-07-10T08:04:18Z,N624FB,"33.551651,-112.106682",2275,102,98
1752134660,2025-07-10T08:04:20Z,N624FB,"33.551559,-112.105667",2250,103,89
1752134662,2025-07-10T08:04:22Z,N624FB,"33.55164,-112.104149",2275,102,84
1752134664,2025-07-10T08:04:24Z,N624FB,"33.551735,-112.103004",2275,101,82
1752134666,2025-07-10T08:04:26Z,N624FB,"33.551922,-112.101913",2275,100,79
1752134668,2025-07-10T08:04:28Z,N624FB,"33.552155,-112.100792",2275,98,74
1752134671,2025-07-10T08:04:31Z,N624FB,"33.552525,-112.099518",2300,95,67
1752134673,2025-07-10T08:04:33Z,N624FB,"33.552979,-112.098717",2325,91,53
1752134675,2025-07-10T08:04:35Z,N624FB,"33.553619,-112.097992",2325,88,38
1752134677,2025-07-10T08:04:37Z,N624FB,"33.554489,-112.097488",2325,86,22
1752134679,2025-07-10T08:04:39Z,N624FB,"33.55545,-112.097321",2325,84,4
1752134682,2025-07-10T08:04:42Z,N624FB,"33.556183,-112.097427",2325,81,348
1752134684,2025-07-10T08:04:44Z,N624FB,"33.556824,-112.09771",2325,80,330
1752134686,2025-07-10T08:04:46Z,N624FB,"33.557419,-112.098213",2300,80,316
1752134688,2025-07-10T08:04:48Z,N624FB,"33.557926,-112.098938",2300,80,302
1752134690,2025-07-10T08:04:50Z,N624FB,"33.558346,-112.099976",2300,80,291
1752134692,2025-07-10T08:04:52Z,N624FB,"33.558517,-112.100845",2325,80,275
1752134695,2025-07-10T08:04:55Z,N624FB,"33.558483,-112.101974",2325,81,255
1752134697,2025-07-10T08:04:57Z,N624FB,"33.558151,-112.102753",2350,84,235
1752134699,2025-07-10T08:04:59Z,N624FB,"33.557465,-112.103539",2350,92,212
1752134701,2025-07-10T08:05:01Z,N624FB,"33.556641,-112.103989",2325,97,196
1752134704,2025-07-10T08:05:04Z,N624FB,"33.555504,-112.104034",2325,99,169
1752134706,2025-07-10T08:05:06Z,N624FB,"33.554626,-112.103592",2325,98,151
1752134708,2025-07-10T08:05:08Z,N624FB,"33.553986,-112.102814",2325,97,124
1752134710,2025-07-10T08:05:10Z,N624FB,"33.553501,-112.101578",2325,98,105
1752134712,2025-07-10T08:05:12Z,N624FB,"33.553436,-112.10051",2300,99,89
1752134715,2025-07-10T08:05:15Z,N624FB,"33.553688,-112.099228",2275,95,69
1752134717,2025-07-10T08:05:17Z,N624FB,"33.554108,-112.098373",2250,89,48
1752134719,2025-07-10T08:05:19Z,N624FB,"33.554806,-112.09774",2250,83,24
1752134722,2025-07-10T08:05:22Z,N624FB,"33.555908,-112.097427",2225,81,6
1752134724,2025-07-10T08:05:24Z,N624FB,"33.556549,-112.097542",2200,80,344
1752134726,2025-07-10T08:05:26Z,N624FB,"33.557236,-112.097878",2175,79,330
1752134728,2025-07-10T08:05:28Z,N624FB,"33.557968,-112.098495",2175,79,318
1752134730,2025-07-10T08:05:30Z,N624FB,"33.55838,-112.099113",2175,80,303
1752134732,2025-07-10T08:05:32Z,N624FB,"33.558716,-112.099976",2150,80,288
1752134734,2025-07-10T08:05:34Z,N624FB,"33.558949,-112.101059",2150,81,277
1752134737,2025-07-10T08:05:37Z,N624FB,"33.558929,-112.101913",2150,83,260
1752134739,2025-07-10T08:05:39Z,N624FB,"33.558716,-112.10289",2125,83,245
1752134741,2025-07-10T08:05:41Z,N624FB,"33.558105,-112.10376",2125,84,224
1752134743,2025-07-10T08:05:43Z,N624FB,"33.557556,-112.104156",2125,86,202
1752134745,2025-07-10T08:05:45Z,N624FB,"33.556686,-112.104324",2150,91,177
1752134747,2025-07-10T08:05:47Z,N624FB,"33.555588,-112.104042",2150,92,163
1752134749,2025-07-10T08:05:49Z,N624FB,"33.554714,-112.103409",2150,95,143
1752134752,2025-07-10T08:05:52Z,N624FB,"33.554123,-112.102585",2150,94,128
1752134754,2025-07-10T08:05:54Z,N624FB,"33.553688,-112.101631",2150,94,107
1752134756,2025-07-10T08:05:56Z,N624FB,"33.553528,-112.100342",2150,93,93
1752134758,2025-07-10T08:05:58Z,N624FB,"33.553642,-112.099289",2150,91,76
1752134760,2025-07-10T08:06:00Z,N624FB,"33.553986,-112.098381",2125,89,59
1752134762,2025-07-10T08:06:02Z,N624FB,"33.554482,-112.097687",2125,86,45
1752134765,2025-07-10T08:06:05Z,N624FB,"33.55513,-112.097153",2125,83,26
1752134767,2025-07-10T08:06:07Z,N624FB,"33.556046,-112.096756",2125,78,8
1752134769,2025-07-10T08:06:09Z,N624FB,"33.556854,-112.096771",2125,77,353
1752134771,2025-07-10T08:06:11Z,N624FB,"33.557598,-112.097107",2125,76,336
1752134773,2025-07-10T08:06:13Z,N624FB,"33.558205,-112.097626",2100,76,319
1752134776,2025-07-10T08:06:16Z,N624FB,"33.55867,-112.098312",2100,77,300
1752134778,2025-07-10T08:06:18Z,N624FB,"33.558994,-112.099289",2075,78,287
1752134780,2025-07-10T08:06:20Z,N624FB,"33.559044,-112.100143",2075,81,270
1752134782,2025-07-10T08:06:22Z,N624FB,"33.558994,-112.101059",2075,83,260
1752134784,2025-07-10T08:06:24Z,N624FB,"33.558746,-112.101967",2050,85,246
1752134787,2025-07-10T08:06:27Z,N624FB,"33.558296,-112.102951",2050,87,237
1752134789,2025-07-10T08:06:29Z,N624FB,"33.557739,-112.10376",2050,90,223
1752134791,2025-07-10T08:06:31Z,N624FB,"33.556915,-112.104492",2050,90,213
1752134793,2025-07-10T08:06:33Z,N624FB,"33.556046,-112.104942",2075,88,200
1752134795,2025-07-10T08:06:35Z,N624FB,"33.555458,-112.105011",2100,84,173
1752134797,2025-07-10T08:06:37Z,N624FB,"33.554619,-112.104782",2125,86,152
1752134800,2025-07-10T08:06:40Z,N624FB,"33.553757,-112.104042",2125,91,131
1752134802,2025-07-10T08:06:42Z,N624FB,"33.553318,-112.103233",2125,93,111
1752134804,2025-07-10T08:06:44Z,N624FB,"33.55307,-112.101913",2100,91,95
1752134806,2025-07-10T08:06:46Z,N624FB,"33.553162,-112.100906",2100,87,76
1752134808,2025-07-10T08:06:48Z,N624FB,"33.553574,-112.099899",2100,85,61
1752134810,2025-07-10T08:06:50Z,N624FB,"33.553875,-112.099342",2100,82,49
1752134813,2025-07-10T08:06:53Z,N624FB,"33.554581,-112.09861",2125,78,35
1752134815,2025-07-10T08:06:55Z,N624FB,"33.555271,-112.098198",2125,75,19
1752134817,2025-07-10T08:06:57Z,N624FB,"33.556156,-112.098022",2125,73,2
1752134819,2025-07-10T08:06:59Z,N624FB,"33.556667,-112.098145",2125,72,345
1752134821,2025-07-10T08:07:01Z,N624FB,"33.55751,-112.098495",2125,73,332
1752134823,2025-07-10T08:07:03Z,N624FB,"33.55806,-112.098999",2100,74,317
1752134826,2025-07-10T08:07:06Z,N624FB,"33.558472,-112.09967",2100,74,297
1752134828,2025-07-10T08:07:08Z,N624FB,"33.558762,-112.100601",2100,74,284
1752134830,2025-07-10T08:07:10Z,N624FB,"33.558811,-112.101288",2100,75,266
1752134832,2025-07-10T08:07:12Z,N624FB,"33.558609,-112.102303",2125,77,246
1752134834,2025-07-10T08:07:14Z,N624FB,"33.558113,-112.103233",2125,80,233
1752134836,2025-07-10T08:07:16Z,N624FB,"33.557552,-112.103867",2125,84,216
1752134839,2025-07-10T08:07:19Z,N624FB,"33.556854,-112.104324",2125,87,204
1752134841,2025-07-10T08:07:21Z,N624FB,"33.555691,-112.104607",2125,89,187
1752134843,2025-07-10T08:07:23Z,N624FB,"33.554947,-112.104492",2125,89,164
1752134845,2025-07-10T08:07:25Z,N624FB,"33.554169,-112.104103",2150,89,147
1752134848,2025-07-10T08:07:28Z,N624FB,"33.553574,-112.103424",2175,90,129
1752134850,2025-07-10T08:07:30Z,N624FB,"33.553116,-112.102478",2175,91,109
1752134852,2025-07-10T08:07:32Z,N624FB,"33.552887,-112.101242",2150,92,98
1752134854,2025-07-10T08:07:34Z,N624FB,"33.55299,-112.100029",2150,90,81
1752134856,2025-07-10T08:07:36Z,N624FB,"33.553299,-112.098946",2150,89,68
1752134859,2025-07-10T08:07:39Z,N624FB,"33.553665,-112.098099",2150,87,53
1752134861,2025-07-10T08:07:41Z,N624FB,"33.554352,-112.097153",2175,84,42
1752134863,2025-07-10T08:07:43Z,N624FB,"33.554947,-112.09671",2175,81,29
1752134866,2025-07-10T08:07:46Z,N624FB,"33.555737,-112.096313",2175,77,14
1752134868,2025-07-10T08:07:48Z,N624FB,"33.556576,-112.096191",2175,75,356
1752134870,2025-07-10T08:07:50Z,N624FB,"33.557228,-112.096367",2175,73,344
1752134872,2025-07-10T08:07:52Z,N624FB,"33.557922,-112.096809",2175,73,323
1752134874,2025-07-10T08:07:54Z,N624FB,"33.558472,-112.097488",2175,74,311
1752134876,2025-07-10T08:07:56Z,N624FB,"33.558762,-112.098198",2150,78,292
1752134879,2025-07-10T08:07:59Z,N624FB,"33.559021,-112.099052",2150,79,282
1752134881,2025-07-10T08:08:01Z,N624FB,"33.559113,-112.100121",2125,81,273
1752134883,2025-07-10T08:08:03Z,N624FB,"33.559113,-112.100906",2125,82,263
1752134885,2025-07-10T08:08:05Z,N624FB,"33.558975,-112.101913",2125,82,257
1752134887,2025-07-10T08:08:07Z,N624FB,"33.558624,-112.103004",2150,83,245
1752134889,2025-07-10T08:08:09Z,N624FB,"33.558197,-112.103821",2150,83,236
1752134891,2025-07-10T08:08:11Z,N624FB,"33.557693,-112.104553",2150,84,223
1752134894,2025-07-10T08:08:14Z,N624FB,"33.557053,-112.10511",2175,87,210
1752134896,2025-07-10T08:08:16Z,N624FB,"33.555908,-112.105667",2175,90,194
1752134898,2025-07-10T08:08:18Z,N624FB,"33.555084,-112.105751",2175,95,179
1752134901,2025-07-10T08:08:21Z,N624FB,"33.554016,-112.105522",2175,99,163
1752134903,2025-07-10T08:08:23Z,N624FB,"33.553116,-112.105049",2175,100,153
1752134905,2025-07-10T08:08:25Z,N624FB,"33.552383,-112.104439",2175,101,137
1752134907,2025-07-10T08:08:27Z,N624FB,"33.551743,-112.103592",2175,99,124
1752134909,2025-07-10T08:08:29Z,N624FB,"33.551224,-112.102371",2175,99,111
1752134911,2025-07-10T08:08:31Z,N624FB,"33.551037,-112.101288",2200,98,98
1752134913,2025-07-10T08:08:33Z,N624FB,"33.551037,-112.100258",2200,94,82
1752134915,2025-07-10T08:08:35Z,N624FB,"33.551361,-112.099113",2200,89,64
1752134918,2025-07-10T08:08:38Z,N624FB,"33.552013,-112.098251",2200,84,40
1752134920,2025-07-10T08:08:40Z,N624FB,"33.552795,-112.097763",2200,81,24
1752134922,2025-07-10T08:08:42Z,N624FB,"33.553642,-112.097626",2175,79,5
1752134924,2025-07-10T08:08:44Z,N624FB,"33.554306,-112.09771",2175,77,351
1752134927,2025-07-10T08:08:47Z,N624FB,"33.554993,-112.097992",2175,76,336
1752134929,2025-07-10T08:08:49Z,N624FB,"33.555691,-112.09848",2175,75,325
1752134931,2025-07-10T08:08:51Z,N624FB,"33.556229,-112.099052",2175,75,313
1752134933,2025-07-10T08:08:53Z,N624FB,"33.556763,-112.099915",2175,76,302
1752134936,2025-07-10T08:08:56Z,N624FB,"33.557053,-112.100624",2175,77,288
1752134938,2025-07-10T08:08:58Z,N624FB,"33.557236,-112.101692",2175,76,270
1752134940,2025-07-10T08:09:00Z,N624FB,"33.557133,-112.102547",2175,76,252
1752134942,2025-07-10T08:09:02Z,N624FB,"33.556763,-112.103409",2200,80,234
1752134944,2025-07-10T08:09:04Z,N624FB,"33.55632,-112.103989",2200,84,219
1752134946,2025-07-10T08:09:06Z,N624FB,"33.555367,-112.104492",2175,89,196
1752134949,2025-07-10T08:09:09Z,N624FB,"33.554386,-112.104553",2200,92,179
1752134951,2025-07-10T08:09:11Z,N624FB,"33.553551,-112.104324",2200,92,160
1752134953,2025-07-10T08:09:13Z,N624FB,"33.552803,-112.103806",2225,93,146
1752134955,2025-07-10T08:09:15Z,N624FB,"33.552155,-112.103035",2225,95,129
1752134957,2025-07-10T08:09:17Z,N624FB,"33.551697,-112.101967",2225,96,112
1752134959,2025-07-10T08:09:19Z,N624FB,"33.551548,-112.100998",2200,97,92
1752134961,2025-07-10T08:09:21Z,N624FB,"33.551689,-112.099747",2175,94,75
1752134964,2025-07-10T08:09:24Z,N624FB,"33.552155,-112.09861",2175,92,61
1752134966,2025-07-10T08:09:26Z,N624FB,"33.552704,-112.097878",2175,87,43
1752134968,2025-07-10T08:09:28Z,N624FB,"33.553391,-112.097374",2175,85,28
1752134970,2025-07-10T08:09:30Z,N624FB,"33.554214,-112.097092",2175,82,8
1752134973,2025-07-10T08:09:33Z,N624FB,"33.555222,-112.097038",2150,83,356
1752134975,2025-07-10T08:09:35Z,N624FB,"33.556065,-112.097282",2150,82,345
1752134977,2025-07-10T08:09:37Z,N624FB,"33.556667,-112.097511",2150,83,337
1752134979,2025-07-10T08:09:39Z,N624FB,"33.557552,-112.098083",2125,84,328
1752134981,2025-07-10T08:09:41Z,N624FB,"33.558151,-112.09861",2100,84,319
1752134983,2025-07-10T08:09:43Z,N624FB,"33.558811,-112.099457",2100,84,313
1752134986,2025-07-10T08:09:46Z,N624FB,"33.559296,-112.100174",2100,84,303
1752134988,2025-07-10T08:09:48Z,N624FB,"33.559708,-112.101128",2100,83,294
1752134990,2025-07-10T08:09:50Z,N624FB,"33.559937,-112.102028",2100,82,283
1752134992,2025-07-10T08:09:52Z,N624FB,"33.56002,-112.10318",2100,82,272
1752134994,2025-07-10T08:09:54Z,N624FB,"33.559937,-112.104103",2125,82,261
1752134996,2025-07-10T08:09:56Z,N624FB,"33.559788,-112.104782",2125,84,249
1752134999,2025-07-10T08:09:59Z,N624FB,"33.559296,-112.105835",2125,86,236
1752135001,2025-07-10T08:10:01Z,N624FB,"33.558746,-112.106506",2125,88,223
1752135003,2025-07-10T08:10:03Z,N624FB,"33.557877,-112.107239",2125,90,208
1752135005,2025-07-10T08:10:05Z,N624FB,"33.557053,-112.107521",2125,93,194
1752135007,2025-07-10T08:10:07Z,N624FB,"33.556137,-112.107628",2150,96,178
1752135009,2025-07-10T08:10:09Z,N624FB,"33.555267,-112.10746",2150,97,166
1752135011,2025-07-10T08:10:11Z,N624FB,"33.554436,-112.107178",2150,99,153
1752135014,2025-07-10T08:10:14Z,N624FB,"33.553364,-112.106323",2150,101,143
1752135016,2025-07-10T08:10:16Z,N624FB,"33.552666,-112.105522",2150,101,133
1752135018,2025-07-10T08:10:18Z,N624FB,"33.552246,-112.104782",2150,102,119
1752135020,2025-07-10T08:10:20Z,N624FB,"33.551743,-112.103371",2150,103,108
1752135022,2025-07-10T08:10:22Z,N624FB,"33.551559,-112.102249",2125,102,95
1752135024,2025-07-10T08:10:24Z,N624FB,"33.551594,-112.100891",2125,99,82
1752135026,2025-07-10T08:10:26Z,N624FB,"33.551834,-112.099785",2125,97,70
1752135029,2025-07-10T08:10:29Z,N624FB,"33.5522,-112.098778",2125,95,60
1752135031,2025-07-10T08:10:31Z,N624FB,"33.552704,-112.097931",2125,92,49
1752135033,2025-07-10T08:10:33Z,N624FB,"33.553436,-112.097092",2125,91,38
1752135035,2025-07-10T08:10:35Z,N624FB,"33.554123,-112.096535",2125,89,30
1752135037,2025-07-10T08:10:37Z,N624FB,"33.554901,-112.096085",2125,89,25
1752135039,2025-07-10T08:10:39Z,N624FB,"33.555817,-112.095634",2125,88,19
1752135042,2025-07-10T08:10:42Z,N624FB,"33.556732,-112.095299",2125,88,15
1752135044,2025-07-10T08:10:44Z,N624FB,"33.557739,-112.095047",2125,87,9
1752135046,2025-07-10T08:10:46Z,N624FB,"33.558563,-112.094963",2125,85,3
1752135048,2025-07-10T08:10:48Z,N624FB,"33.559368,-112.09494",2150,85,359
1752135051,2025-07-10T08:10:51Z,N624FB,"33.560066,-112.094994",2150,85,355
1752135053,2025-07-10T08:10:53Z,N624FB,"33.560898,-112.095078",2150,85,353
1752135055,2025-07-10T08:10:55Z,N624FB,"33.561836,-112.095222",2150,85,351
1752135057,2025-07-10T08:10:57Z,N624FB,"33.562626,-112.095398",2150,86,348
1752135059,2025-07-10T08:10:59Z,N624FB,"33.563599,-112.095695",2150,87,347
1752135061,2025-07-10T08:11:01Z,N624FB,"33.564377,-112.095863",2150,87,347
1752135064,2025-07-10T08:11:04Z,N624FB,"33.565189,-112.096085",2150,87,347
1752135066,2025-07-10T08:11:06Z,N624FB,"33.566166,-112.096367",2175,87,347
1752135068,2025-07-10T08:11:08Z,N624FB,"33.566986,-112.096588",2175,87,346
1752135070,2025-07-10T08:11:10Z,N624FB,"33.567856,-112.096809",2175,88,346
1752135072,2025-07-10T08:11:12Z,N624FB,"33.568771,-112.097107",2175,88,346
1752135074,2025-07-10T08:11:14Z,N624FB,"33.569469,-112.097282",2175,88,346
1752135077,2025-07-10T08:11:17Z,N624FB,"33.570557,-112.097595",2175,88,347
1752135079,2025-07-10T08:11:19Z,N624FB,"33.571331,-112.097794",2175,88,347
1752135081,2025-07-10T08:11:21Z,N624FB,"33.572029,-112.097969",2175,89,347
1752135090,2025-07-10T08:11:30Z,N624FB,"33.575638,-112.098946",2175,90,347
1752135099,2025-07-10T08:11:39Z,N624FB,"33.579483,-112.099953",2150,92,348
1752135105,2025-07-10T08:11:45Z,N624FB,"33.582039,-112.100601",2150,93,347
1752135114,2025-07-10T08:11:54Z,N624FB,"33.5858,-112.101746",2100,94,344
1752135121,2025-07-10T08:12:01Z,N624FB,"33.588696,-112.102722",2100,94,343
1752135127,2025-07-10T08:12:07Z,N624FB,"33.591385,-112.103653",2075,95,344
1752135134,2025-07-10T08:12:14Z,N624FB,"33.594421,-112.104492",2075,95,350
1752135136,2025-07-10T08:12:16Z,N624FB,"33.595306,-112.10466",2075,95,353
1752135138,2025-07-10T08:12:18Z,N624FB,"33.596237,-112.104774",2075,96,356
1752135141,2025-07-10T08:12:21Z,N624FB,"33.597244,-112.104828",2075,97,358
1752135143,2025-07-10T08:12:23Z,N624FB,"33.598286,-112.104836",2075,97,358
1752135145,2025-07-10T08:12:25Z,N624FB,"33.599304,-112.104828",2050,98,359
1752135147,2025-07-10T08:12:27Z,N624FB,"33.600403,-112.104828",2050,98,359
1752135150,2025-07-10T08:12:30Z,N624FB,"33.60136,-112.104836",2050,98,3
1752135152,2025-07-10T08:12:32Z,N624FB,"33.602234,-112.104713",2050,97,5
1752135154,2025-07-10T08:12:34Z,N624FB,"33.603409,-112.104553",2050,97,8
1752135156,2025-07-10T08:12:36Z,N624FB,"33.604385,-112.104378",2050,97,10
1752135158,2025-07-10T08:12:38Z,N624FB,"33.605438,-112.104103",2050,97,11
1752135161,2025-07-10T08:12:41Z,N624FB,"33.606308,-112.103874",2050,97,13
1752135163,2025-07-10T08:12:43Z,N624FB,"33.60741,-112.103516",2050,97,13
1752135165,2025-07-10T08:12:45Z,N624FB,"33.608482,-112.103233",2050,98,13
1752135167,2025-07-10T08:12:47Z,N624FB,"33.609459,-112.102951",2050,98,12
1752135170,2025-07-10T08:12:50Z,N624FB,"33.610382,-112.102699",2050,98,12
1752135172,2025-07-10T08:12:52Z,N624FB,"33.61132,-112.102432",2025,99,12
1752135174,2025-07-10T08:12:54Z,N624FB,"33.61235,-112.102196",2025,99,12
1752135176,2025-07-10T08:12:56Z,N624FB,"33.613323,-112.101974",2025,98,11
1752135178,2025-07-10T08:12:58Z,N624FB,"33.614208,-112.101746",2025,99,10
1752135185,2025-07-10T08:13:05Z,N624FB,"33.617142,-112.101173",2000,100,8
1752135189,2025-07-10T08:13:09Z,N624FB,"33.619141,-112.100769",1975,100,7
1752135191,2025-07-10T08:13:11Z,N624FB,"33.620071,-112.100662",1975,100,7
1752135193,2025-07-10T08:13:13Z,N624FB,"33.621048,-112.10051",1975,99,6
1752135196,2025-07-10T08:13:16Z,N624FB,"33.622238,-112.100342",2000,98,6
1752135198,2025-07-10T08:13:18Z,N624FB,"33.6231,-112.100204",2000,98,4
1752135200,2025-07-10T08:13:20Z,N624FB,"33.62431,-112.100143",2000,98,4
1752135202,2025-07-10T08:13:22Z,N624FB,"33.625195,-112.100029",2000,98,4
1752135204,2025-07-10T08:13:24Z,N624FB,"33.626038,-112.099953",2000,98,4
1752135207,2025-07-10T08:13:27Z,N624FB,"33.627228,-112.099838",2000,98,3
1752135209,2025-07-10T08:13:29Z,N624FB,"33.628078,-112.0998",2000,98,2
1752135211,2025-07-10T08:13:31Z,N624FB,"33.629059,-112.099731",1975,98,2
1752135213,2025-07-10T08:13:33Z,N624FB,"33.630066,-112.099731",1975,98,2
1752135215,2025-07-10T08:13:35Z,N624FB,"33.630981,-112.09967",1975,98,2
1752135217,2025-07-10T08:13:37Z,N624FB,"33.631989,-112.099556",1975,98,3
1752135224,2025-07-10T08:13:44Z,N624FB,"33.635155,-112.099289",1975,97,6
1752135228,2025-07-10T08:13:48Z,N624FB,"33.637024,-112.098946",2000,97,9
1752135231,2025-07-10T08:13:51Z,N624FB,"33.638077,-112.098717",2000,97,11
1752135233,2025-07-10T08:13:53Z,N624FB,"33.638947,-112.098442",1975,97,14
1752135235,2025-07-10T08:13:55Z,N624FB,"33.639816,-112.09816",1975,98,16
1752135237,2025-07-10T08:13:57Z,N624FB,"33.640869,-112.097763",2000,97,19
1752135239,2025-07-10T08:13:59Z,N624FB,"33.641861,-112.097336",2000,96,21
1752135242,2025-07-10T08:14:02Z,N624FB,"33.642651,-112.096878",2000,96,24
1752135244,2025-07-10T08:14:04Z,N624FB,"33.643723,-112.096252",2025,97,27
1752135246,2025-07-10T08:14:06Z,N624FB,"33.644394,-112.095802",2025,98,29
1752135248,2025-07-10T08:14:08Z,N624FB,"33.645355,-112.095131",2025,99,32
1752135250,2025-07-10T08:14:10Z,N624FB,"33.646328,-112.09436",2025,99,34
1752135253,2025-07-10T08:14:13Z,N624FB,"33.647121,-112.093674",2025,98,35
1752135255,2025-07-10T08:14:15Z,N624FB,"33.647865,-112.092987",2025,98,37
1752135257,2025-07-10T08:14:17Z,N624FB,"33.648605,-112.092331",2050,97,38
1752135259,2025-07-10T08:14:19Z,N624FB,"33.649475,-112.091492",2050,97,39
1752135262,2025-07-10T08:14:22Z,N624FB,"33.650208,-112.090759",2050,97,40
1752135264,2025-07-10T08:14:24Z,N624FB,"33.651031,-112.08992",2075,96,41
1752135266,2025-07-10T08:14:26Z,N624FB,"33.651672,-112.089188",2075,97,42
1752135268,2025-07-10T08:14:28Z,N624FB,"33.652428,-112.088356",2075,96,42
1752135270,2025-07-10T08:14:30Z,N624FB,"33.653183,-112.087509",2100,96,43
1752135272,2025-07-10T08:14:32Z,N624FB,"33.653778,-112.086838",2100,96,43
1752135274,2025-07-10T08:14:34Z,N624FB,"33.654476,-112.086067",2100,97,43
1752135277,2025-07-10T08:14:37Z,N624FB,"33.655125,-112.085327",2100,97,43
1752135279,2025-07-10T08:14:39Z,N624FB,"33.655872,-112.084465",2100,97,43
1752135281,2025-07-10T08:14:41Z,N624FB,"33.656708,-112.083496",2125,98,43
1752135283,2025-07-10T08:14:43Z,N624FB,"33.657394,-112.082741",2125,99,44
1752135285,2025-07-10T08:14:45Z,N624FB,"33.658127,-112.081848",2125,99,44
1752135288,2025-07-10T08:14:48Z,N624FB,"33.658768,-112.081062",2125,100,45
1752135290,2025-07-10T08:14:50Z,N624FB,"33.659409,-112.080292",2125,100,47
1752135292,2025-07-10T08:14:52Z,N624FB,"33.660187,-112.079269",2125,101,48
1752135294,2025-07-10T08:14:54Z,N624FB,"33.660919,-112.078262",2125,102,48
1752135296,2025-07-10T08:14:56Z,N624FB,"33.66156,-112.077415",2100,102,50
1752135298,2025-07-10T08:14:58Z,N624FB,"33.662155,-112.076454",2100,102,50
1752135300,2025-07-10T08:15:00Z,N624FB,"33.66275,-112.075623",2100,103,50
1752135302,2025-07-10T08:15:02Z,N624FB,"33.663391,-112.074669",2100,101,50
1752135305,2025-07-10T08:15:05Z,N624FB,"33.664112,-112.073654",2100,100,50
1752135307,2025-07-10T08:15:07Z,N624FB,"33.664669,-112.072792",2100,100,49
1752135309,2025-07-10T08:15:09Z,N624FB,"33.665451,-112.071754",2100,99,49
1752135311,2025-07-10T08:15:11Z,N624FB,"33.666046,-112.070915",2075,97,48
1752135318,2025-07-10T08:15:18Z,N624FB,"33.668015,-112.068565",2075,90,40
1752135320,2025-07-10T08:15:20Z,N624FB,"33.668655,-112.067947",2050,87,33
1752135322,2025-07-10T08:15:22Z,N624FB,"33.66951,-112.067352",2050,86,28
1752135324,2025-07-10T08:15:24Z,N624FB,"33.670258,-112.06694",2050,83,21
1752135326,2025-07-10T08:15:26Z,N624FB,"33.670906,-112.066727",2050,83,14
1752135328,2025-07-10T08:15:28Z,N624FB,"33.671677,-112.06649",2025,82,10
1752135331,2025-07-10T08:15:31Z,N624FB,"33.67263,-112.06633",2025,82,6
1752135333,2025-07-10T08:15:33Z,N624FB,"33.673607,-112.066208",2000,81,5
1752135335,2025-07-10T08:15:35Z,N624FB,"33.674332,-112.066093",2000,81,4
1752135337,2025-07-10T08:15:37Z,N624FB,"33.67519,-112.06604",2000,79,4
1752135340,2025-07-10T08:15:40Z,N624FB,"33.675934,-112.065987",1975,77,2
1752135342,2025-07-10T08:15:42Z,N624FB,"33.676819,-112.065979",1975,73,2
1752135344,2025-07-10T08:15:44Z,N624FB,"33.677567,-112.065979",1975,69,359
1752135347,2025-07-10T08:15:47Z,N624FB,"33.678215,-112.065979",1975,65,356
1752135349,2025-07-10T08:15:49Z,N624FB,"33.678955,-112.06604",1950,62,354
1752135351,2025-07-10T08:15:51Z,N624FB,"33.67955,-112.066154",1950,60,353
1752135354,2025-07-10T08:15:54Z,N624FB,"33.680126,-112.066208",1950,59,352
1752135356,2025-07-10T08:15:56Z,N624FB,"33.680824,-112.06633",1925,59,350
1752135358,2025-07-10T08:15:58Z,N624FB,"33.681473,-112.06649",1900,59,349
1752135360,2025-07-10T08:16:00Z,N624FB,"33.682114,-112.066658",1900,58,347
1752135362,2025-07-10T08:16:02Z,N624FB,"33.682663,-112.066826",1900,57,345
1752135365,2025-07-10T08:16:05Z,N624FB,"33.683167,-112.066994",1875,57,343
1752135367,2025-07-10T08:16:07Z,N624FB,"33.683895,-112.067299",1875,56,339
1752135370,2025-07-10T08:16:10Z,N624FB,"33.684456,-112.067581",1850,55,335
1752135372,2025-07-10T08:16:12Z,N624FB,"33.684872,-112.06781",1850,54,331
1752135374,2025-07-10T08:16:14Z,N624FB,"33.68541,-112.06823",1825,51,326
1752135376,2025-07-10T08:16:16Z,N624FB,"33.685822,-112.068565",1825,48,319
1752135379,2025-07-10T08:16:19Z,N624FB,"33.686142,-112.068901",1800,45,314
1752135381,2025-07-10T08:16:21Z,N624FB,"33.686455,-112.069359",1800,43,308
1752135383,2025-07-10T08:16:23Z,N624FB,"33.686691,-112.06974",1775,40,302
1752135385,2025-07-10T08:16:25Z,N624FB,"33.68692,-112.070221",1750,38,296
1752135387,2025-07-10T08:16:27Z,N624FB,"33.687061,-112.070679",1725,37,290
1752135389,2025-07-10T08:16:29Z,N624FB,"33.687149,-112.070976",1725,36,284
1752135392,2025-07-10T08:16:32Z,N624FB,"33.687248,-112.071365",1700,34,280
1752135394,2025-07-10T08:16:34Z,N624FB,"33.687286,-112.071815",1675,31,273
1752135396,2025-07-10T08:16:36Z,N624FB,"33.687286,-112.072151",1675,28,267
1752135398,2025-07-10T08:16:38Z,N624FB,"33.687241,-112.07254",1650,26,265
1752135400,2025-07-10T08:16:40Z,N624FB,"33.687241,-112.072823",1625,23,262
1752135402,2025-07-10T08:16:42Z,N624FB,"33.687195,-112.073044",1625,19,258
1752135405,2025-07-10T08:16:45Z,N624FB,"33.687153,-112.07325",1625,17,253
1752135409,2025-07-10T08:16:49Z,N624FB,"33.687061,-112.073593",1600,12,251
1752135414,2025-07-10T08:16:54Z,N624FB,"33.686977,-112.07383",0,5,236
1752135458,2025-07-10T08:17:38Z,N624FB,"33.687107,-112.073608",0,4,92
1752135469,2025-07-10T08:17:49Z,N624FB,"33.687164,-112.073395",0,2,185
