Timestamp,UTC,Callsign,Position,Altitude,Speed,Direction
1755919805,2025-08-23T03:30:05Z,N623FB,"33.686554,-112.073944",0,0,270
1755919918,2025-08-23T03:31:58Z,N623FB,"33.686783,-112.073952",0,5,2
1755919941,2025-08-23T03:32:21Z,N623FB,"33.686829,-112.074165",1575,25,253
1755919943,2025-08-23T03:32:23Z,N623FB,"33.686783,-112.074501",1550,31,264
1755919946,2025-08-23T03:32:26Z,N623FB,"33.686737,-112.075119",1550,41,267
1755919948,2025-08-23T03:32:28Z,N623FB,"33.686687,-112.075714",1575,52,265
1755919950,2025-08-23T03:32:30Z,N623FB,"33.686646,-112.076294",1575,57,264
1755919953,2025-08-23T03:32:33Z,N623FB,"33.686596,-112.077255",1600,60,266
1755919960,2025-08-23T03:32:40Z,N623FB,"33.686504,-112.079773",1675,67,268
1755919964,2025-08-23T03:32:44Z,N623FB,"33.686317,-112.081314",1750,66,255
1755919966,2025-08-23T03:32:46Z,N623FB,"33.686085,-112.082001",1800,65,238
1755919969,2025-08-23T03:32:49Z,N623FB,"33.685619,-112.082581",1850,67,213
1755919971,2025-08-23T03:32:51Z,N623FB,"33.684814,-112.083023",1900,68,196
1755919973,2025-08-23T03:32:53Z,N623FB,"33.684311,-112.083076",1925,71,188
1755919975,2025-08-23T03:32:55Z,N623FB,"33.683487,-112.083191",1950,78,182
1755919977,2025-08-23T03:32:57Z,N623FB,"33.682686,-112.083206",1975,82,181
1755919979,2025-08-23T03:32:59Z,N623FB,"33.681747,-112.083252",1975,85,180
1755919982,2025-08-23T03:33:02Z,N623FB,"33.68087,-112.083206",2000,86,178
1755919984,2025-08-23T03:33:04Z,N623FB,"33.679962,-112.083191",2000,88,178
1755919986,2025-08-23T03:33:06Z,N623FB,"33.679146,-112.083145",2000,91,178
1755919988,2025-08-23T03:33:08Z,N623FB,"33.678123,-112.083092",2025,93,179
1755919990,2025-08-23T03:33:10Z,N623FB,"33.677238,-112.083092",2025,96,180
1755919992,2025-08-23T03:33:12Z,N623FB,"33.676483,-112.083138",2025,99,180
1755919994,2025-08-23T03:33:14Z,N623FB,"33.675385,-112.083138",2050,101,180
1755919996,2025-08-23T03:33:16Z,N623FB,"33.6744,-112.083092",2050,104,180
1755919999,2025-08-23T03:33:19Z,N623FB,"33.673283,-112.083092",2050,107,180
1755920001,2025-08-23T03:33:21Z,N623FB,"33.672134,-112.083138",2075,109,180
1755920003,2025-08-23T03:33:23Z,N623FB,"33.671127,-112.083076",2075,111,179
1755920012,2025-08-23T03:33:32Z,N623FB,"33.666439,-112.083038",2100,119,179
1755920018,2025-08-23T03:33:38Z,N623FB,"33.66275,-112.082855",2100,125,175
1755920020,2025-08-23T03:33:40Z,N623FB,"33.661606,-112.082741",2100,126,175
1755920023,2025-08-23T03:33:43Z,N623FB,"33.660095,-112.082573",2100,126,175
1755920029,2025-08-23T03:33:49Z,N623FB,"33.656105,-112.082458",2100,127,180
1755920032,2025-08-23T03:33:52Z,N623FB,"33.654648,-112.082573",2100,126,184
1755920034,2025-08-23T03:33:54Z,N623FB,"33.65345,-112.082748",2100,124,189
1755920036,2025-08-23T03:33:56Z,N623FB,"33.652332,-112.083092",2125,123,195
1755920038,2025-08-23T03:33:58Z,N623FB,"33.651264,-112.083496",2125,122,199
1755920040,2025-08-23T03:34:00Z,N623FB,"33.649933,-112.084091",2125,122,200
1755920042,2025-08-23T03:34:02Z,N623FB,"33.649063,-112.08448",2125,121,200
1755920044,2025-08-23T03:34:04Z,N623FB,"33.64801,-112.08493",2125,121,200
1755920047,2025-08-23T03:34:07Z,N623FB,"33.646729,-112.085487",2125,122,200
1755920049,2025-08-23T03:34:09Z,N623FB,"33.645355,-112.086105",2125,123,199
1755920051,2025-08-23T03:34:11Z,N623FB,"33.644325,-112.086525",2125,122,199
1755920053,2025-08-23T03:34:13Z,N623FB,"33.643116,-112.086983",2100,123,197
1755920055,2025-08-23T03:34:15Z,N623FB,"33.641968,-112.087456",2100,125,197
1755920057,2025-08-23T03:34:17Z,N623FB,"33.641113,-112.087723",2100,125,196
1755920060,2025-08-23T03:34:20Z,N623FB,"33.639587,-112.088295",2075,127,196
1755920062,2025-08-23T03:34:22Z,N623FB,"33.638443,-112.088684",2075,128,196
1755920064,2025-08-23T03:34:24Z,N623FB,"33.636978,-112.089249",2050,128,196
1755920070,2025-08-23T03:34:30Z,N623FB,"33.63348,-112.090416",2050,127,195
1755920073,2025-08-23T03:34:33Z,N623FB,"33.632401,-112.090759",2025,127,195
1755920075,2025-08-23T03:34:35Z,N623FB,"33.630966,-112.091217",2025,127,194
1755920077,2025-08-23T03:34:37Z,N623FB,"33.629848,-112.09156",2025,127,194
1755920079,2025-08-23T03:34:39Z,N623FB,"33.628452,-112.092018",2025,127,194
1755920086,2025-08-23T03:34:46Z,N623FB,"33.624573,-112.093338",2050,124,199
1755920093,2025-08-23T03:34:53Z,N623FB,"33.620819,-112.095016",2050,123,200
1755920101,2025-08-23T03:35:01Z,N623FB,"33.616257,-112.096878",2025,127,197
1755920108,2025-08-23T03:35:08Z,N623FB,"33.612259,-112.098381",2000,128,196
1755920113,2025-08-23T03:35:13Z,N623FB,"33.609879,-112.099167",1975,130,192
1755920115,2025-08-23T03:35:15Z,N623FB,"33.608505,-112.099449",1975,130,188
1755920117,2025-08-23T03:35:17Z,N623FB,"33.606899,-112.099686",1975,130,185
1755920120,2025-08-23T03:35:20Z,N623FB,"33.605484,-112.099785",1975,131,182
1755920122,2025-08-23T03:35:22Z,N623FB,"33.60434,-112.0998",1975,131,181
1755920124,2025-08-23T03:35:24Z,N623FB,"33.603058,-112.099838",2000,130,180
1755920126,2025-08-23T03:35:26Z,N623FB,"33.601826,-112.099854",2000,130,180
1755920128,2025-08-23T03:35:28Z,N623FB,"33.600845,-112.099854",2000,130,179
1755920130,2025-08-23T03:35:30Z,N623FB,"33.599636,-112.0998",2000,130,178
1755920132,2025-08-23T03:35:32Z,N623FB,"33.59816,-112.099731",2025,129,177
1755920134,2025-08-23T03:35:34Z,N623FB,"33.596981,-112.099686",2025,129,176
1755920137,2025-08-23T03:35:37Z,N623FB,"33.595585,-112.099571",2000,130,176
1755920139,2025-08-23T03:35:39Z,N623FB,"33.59404,-112.099449",2000,130,176
1755920141,2025-08-23T03:35:41Z,N623FB,"33.592793,-112.099396",2000,130,176
1755920143,2025-08-23T03:35:43Z,N623FB,"33.591351,-112.099289",2000,129,176
1755920145,2025-08-23T03:35:45Z,N623FB,"33.590103,-112.099167",2000,129,175
1755920148,2025-08-23T03:35:48Z,N623FB,"33.588974,-112.09906",2000,128,172
1755920150,2025-08-23T03:35:50Z,N623FB,"33.587494,-112.098778",2000,128,171
1755920152,2025-08-23T03:35:52Z,N623FB,"33.586304,-112.098549",2000,127,168
1755920154,2025-08-23T03:35:54Z,N623FB,"33.58493,-112.09816",2000,127,165
1755920156,2025-08-23T03:35:56Z,N623FB,"33.583557,-112.09771",2000,127,164
1755920159,2025-08-23T03:35:59Z,N623FB,"33.58255,-112.097321",1975,125,163
1755920161,2025-08-23T03:36:01Z,N623FB,"33.581295,-112.096878",1975,120,164
1755920163,2025-08-23T03:36:03Z,N623FB,"33.579987,-112.096474",1975,115,163
1755920165,2025-08-23T03:36:05Z,N623FB,"33.578827,-112.096024",2000,113,163
1755920168,2025-08-23T03:36:08Z,N623FB,"33.577881,-112.095695",2000,111,162
1755920170,2025-08-23T03:36:10Z,N623FB,"33.576782,-112.095299",2025,112,162
1755920172,2025-08-23T03:36:12Z,N623FB,"33.575523,-112.094818",2000,113,162
1755920174,2025-08-23T03:36:14Z,N623FB,"33.574543,-112.094421",2000,112,161
1755920176,2025-08-23T03:36:16Z,N623FB,"33.573257,-112.093956",2000,113,162
1755920179,2025-08-23T03:36:19Z,N623FB,"33.572159,-112.093559",2000,113,164
1755920185,2025-08-23T03:36:25Z,N623FB,"33.569,-112.092667",2000,112,167
1755920192,2025-08-23T03:36:32Z,N623FB,"33.56543,-112.091599",1975,112,165
1755920201,2025-08-23T03:36:41Z,N623FB,"33.561127,-112.090202",1975,111,164
1755920207,2025-08-23T03:36:47Z,N623FB,"33.557926,-112.089043",1975,110,163
1755920214,2025-08-23T03:36:54Z,N623FB,"33.554764,-112.087898",1975,101,164
1755920223,2025-08-23T03:37:03Z,N623FB,"33.55101,-112.086609",1950,85,163
1755920230,2025-08-23T03:37:10Z,N623FB,"33.548538,-112.085716",1925,74,162
1755920236,2025-08-23T03:37:16Z,N623FB,"33.546387,-112.084816",1925,74,160
1755920243,2025-08-23T03:37:23Z,N623FB,"33.544098,-112.083809",1925,79,159
1755920248,2025-08-23T03:37:28Z,N623FB,"33.542267,-112.083191",1925,82,168
1755920250,2025-08-23T03:37:30Z,N623FB,"33.541489,-112.083076",1900,83,175
1755920252,2025-08-23T03:37:32Z,N623FB,"33.54084,-112.083092",1900,84,183
1755920254,2025-08-23T03:37:34Z,N623FB,"33.539864,-112.083305",1925,83,192
1755920256,2025-08-23T03:37:36Z,N623FB,"33.539257,-112.083588",1925,84,205
1755920258,2025-08-23T03:37:38Z,N623FB,"33.538422,-112.084145",1925,81,215
1755920261,2025-08-23T03:37:41Z,N623FB,"33.537827,-112.08477",1925,79,226
1755920263,2025-08-23T03:37:43Z,N623FB,"33.537441,-112.085434",1950,76,236
1755920265,2025-08-23T03:37:45Z,N623FB,"33.537071,-112.086441",1950,73,250
1755920267,2025-08-23T03:37:47Z,N623FB,"33.53693,-112.087059",1950,71,257
1755920269,2025-08-23T03:37:49Z,N623FB,"33.536789,-112.088013",1950,72,260
1755920272,2025-08-23T03:37:52Z,N623FB,"33.536682,-112.088943",1950,71,261
1755920274,2025-08-23T03:37:54Z,N623FB,"33.536556,-112.089691",1975,71,259
1755920276,2025-08-23T03:37:56Z,N623FB,"33.536419,-112.090706",1975,72,258
1755920278,2025-08-23T03:37:58Z,N623FB,"33.53627,-112.091476",1975,74,256
1755920281,2025-08-23T03:38:01Z,N623FB,"33.536087,-112.092407",1975,76,256
1755920283,2025-08-23T03:38:03Z,N623FB,"33.535908,-112.093224",1975,77,255
1755920285,2025-08-23T03:38:05Z,N623FB,"33.535675,-112.094345",2000,78,255
1755920287,2025-08-23T03:38:07Z,N623FB,"33.535446,-112.095207",2000,80,254
1755920289,2025-08-23T03:38:09Z,N623FB,"33.535263,-112.095978",2000,81,252
1755920291,2025-08-23T03:38:11Z,N623FB,"33.534927,-112.097092",2025,84,251
1755920296,2025-08-23T03:38:16Z,N623FB,"33.534302,-112.099274",2050,87,250
1755920298,2025-08-23T03:38:18Z,N623FB,"33.534042,-112.100288",2050,88,252
1755920301,2025-08-23T03:38:21Z,N623FB,"33.533764,-112.101189",2050,90,250
1755920303,2025-08-23T03:38:23Z,N623FB,"33.533432,-112.102402",2050,90,251
1755920305,2025-08-23T03:38:25Z,N623FB,"33.533066,-112.103592",2050,91,250
1755920307,2025-08-23T03:38:27Z,N623FB,"33.532837,-112.104492",2025,90,251
1755920309,2025-08-23T03:38:29Z,N623FB,"33.532516,-112.105537",2025,91,250
1755920312,2025-08-23T03:38:32Z,N623FB,"33.532196,-112.106689",2025,91,250
1755920314,2025-08-23T03:38:34Z,N623FB,"33.531902,-112.107574",2025,93,249
1755920316,2025-08-23T03:38:36Z,N623FB,"33.531555,-112.108612",2025,95,249
1755920325,2025-08-23T03:38:45Z,N623FB,"33.530182,-112.112839",2050,99,251
1755920329,2025-08-23T03:38:49Z,N623FB,"33.52953,-112.115532",2025,98,255
1755920331,2025-08-23T03:38:51Z,N623FB,"33.529297,-112.1166",2025,98,256
1755920334,2025-08-23T03:38:54Z,N623FB,"33.529129,-112.117622",2000,97,258
1755920336,2025-08-23T03:38:56Z,N623FB,"33.528946,-112.118668",2000,96,258
1755920338,2025-08-23T03:38:58Z,N623FB,"33.52869,-112.119965",2000,96,258
1755920340,2025-08-23T03:39:00Z,N623FB,"33.528534,-112.121078",2025,96,258
1755920342,2025-08-23T03:39:02Z,N623FB,"33.528366,-112.12204",2025,97,258
1755920344,2025-08-23T03:39:04Z,N623FB,"33.528084,-112.123436",2025,96,257
1755920346,2025-08-23T03:39:06Z,N623FB,"33.527939,-112.124374",2025,96,257
1755920349,2025-08-23T03:39:09Z,N623FB,"33.527664,-112.125641",2050,95,256
1755920351,2025-08-23T03:39:11Z,N623FB,"33.527435,-112.126747",2050,97,255
1755920359,2025-08-23T03:39:19Z,N623FB,"33.526566,-112.131241",2075,98,260
1755920362,2025-08-23T03:39:22Z,N623FB,"33.526455,-112.132462",2050,97,265
1755920364,2025-08-23T03:39:24Z,N623FB,"33.526382,-112.133499",2050,96,268
1755920366,2025-08-23T03:39:26Z,N623FB,"33.526363,-112.134483",2050,96,268
1755920368,2025-08-23T03:39:28Z,N623FB,"33.526363,-112.135658",2050,96,268
1755920370,2025-08-23T03:39:30Z,N623FB,"33.526318,-112.136948",2050,96,266
1755920372,2025-08-23T03:39:32Z,N623FB,"33.526222,-112.138008",2050,95,263
1755920375,2025-08-23T03:39:35Z,N623FB,"33.526085,-112.139359",2050,95,262
1755920381,2025-08-23T03:39:41Z,N623FB,"33.525665,-112.142494",2050,95,259
1755920389,2025-08-23T03:39:49Z,N623FB,"33.524689,-112.147095",2075,98,249
1755920392,2025-08-23T03:39:52Z,N623FB,"33.524128,-112.148102",2075,94,228
1755920394,2025-08-23T03:39:54Z,N623FB,"33.523361,-112.148544",2150,87,188
1755920396,2025-08-23T03:39:56Z,N623FB,"33.522446,-112.148384",2175,84,158
1755920398,2025-08-23T03:39:58Z,N623FB,"33.521713,-112.14772",2175,82,134
1755920401,2025-08-23T03:40:01Z,N623FB,"33.521393,-112.146896",2150,82,112
1755920403,2025-08-23T03:40:03Z,N623FB,"33.52121,-112.145966",2150,87,97
1755920405,2025-08-23T03:40:05Z,N623FB,"33.521164,-112.144699",2100,94,89
1755920408,2025-08-23T03:40:08Z,N623FB,"33.521194,-112.143448",2075,99,83
1755920410,2025-08-23T03:40:10Z,N623FB,"33.521381,-112.142105",2050,102,77
1755920412,2025-08-23T03:40:12Z,N623FB,"33.521614,-112.141098",2025,105,75
1755920414,2025-08-23T03:40:14Z,N623FB,"33.521893,-112.139862",2000,107,74
1755920416,2025-08-23T03:40:16Z,N623FB,"33.522125,-112.138687",1975,111,75
1755920418,2025-08-23T03:40:18Z,N623FB,"33.522446,-112.137123",1950,114,76
1755920420,2025-08-23T03:40:20Z,N623FB,"33.522686,-112.135941",1925,115,77
1755920423,2025-08-23T03:40:23Z,N623FB,"33.522964,-112.134422",1900,116,77
1755920425,2025-08-23T03:40:25Z,N623FB,"33.523178,-112.133224",1875,117,77
1755920427,2025-08-23T03:40:27Z,N623FB,"33.523407,-112.131958",1875,118,77
1755920429,2025-08-23T03:40:29Z,N623FB,"33.523708,-112.130333",1850,119,78
1755920431,2025-08-23T03:40:31Z,N623FB,"33.523849,-112.129326",1850,119,80
1755920433,2025-08-23T03:40:33Z,N623FB,"33.524094,-112.12767",1850,121,81
1755920436,2025-08-23T03:40:36Z,N623FB,"33.524223,-112.126244",1850,120,82
1755920440,2025-08-23T03:40:40Z,N623FB,"33.524502,-112.123604",1825,120,83
1755920442,2025-08-23T03:40:42Z,N623FB,"33.524689,-112.12204",1825,120,82
1755920444,2025-08-23T03:40:44Z,N623FB,"33.524872,-112.1203",1825,120,82
1755920446,2025-08-23T03:40:46Z,N623FB,"33.525013,-112.118958",1800,119,82
1755920448,2025-08-23T03:40:48Z,N623FB,"33.525105,-112.117668",1800,119,84
1755920450,2025-08-23T03:40:50Z,N623FB,"33.525192,-112.116524",1800,120,84
1755920452,2025-08-23T03:40:52Z,N623FB,"33.52533,-112.114822",1800,120,84
1755920455,2025-08-23T03:40:55Z,N623FB,"33.525467,-112.113335",1775,120,85
1755920457,2025-08-23T03:40:57Z,N623FB,"33.52557,-112.112061",1775,119,84
1755920459,2025-08-23T03:40:59Z,N623FB,"33.525711,-112.110374",1775,119,84
1755920461,2025-08-23T03:41:01Z,N623FB,"33.525803,-112.109032",1775,119,85
1755920470,2025-08-23T03:41:10Z,N623FB,"33.526176,-112.103371",1775,119,85
1755920477,2025-08-23T03:41:17Z,N623FB,"33.526455,-112.099167",1750,119,85
1755920483,2025-08-23T03:41:23Z,N623FB,"33.526703,-112.094658",1775,118,86
1755920492,2025-08-23T03:41:32Z,N623FB,"33.52697,-112.088966",1750,118,86
1755920500,2025-08-23T03:41:40Z,N623FB,"33.527252,-112.083237",1750,119,86
1755920507,2025-08-23T03:41:47Z,N623FB,"33.52739,-112.07917",1775,118,88
1755920514,2025-08-23T03:41:54Z,N623FB,"33.527573,-112.074448",1775,117,85
1755920521,2025-08-23T03:42:01Z,N623FB,"33.527985,-112.069992",1775,117,82
1755920530,2025-08-23T03:42:10Z,N623FB,"33.528488,-112.064445",1800,113,84
1755920534,2025-08-23T03:42:14Z,N623FB,"33.528782,-112.061447",1825,110,82
1755920536,2025-08-23T03:42:16Z,N623FB,"33.528923,-112.060211",1825,111,82
1755920538,2025-08-23T03:42:18Z,N623FB,"33.529064,-112.058975",1825,111,81
1755920541,2025-08-23T03:42:21Z,N623FB,"33.529266,-112.057693",1825,110,78
1755920543,2025-08-23T03:42:23Z,N623FB,"33.529495,-112.05632",1825,106,75
1755920545,2025-08-23T03:42:25Z,N623FB,"33.529762,-112.055275",1825,101,75
1755920547,2025-08-23T03:42:27Z,N623FB,"33.530087,-112.053879",1850,100,73
1755920549,2025-08-23T03:42:29Z,N623FB,"33.530365,-112.052856",1825,102,69
1755920552,2025-08-23T03:42:32Z,N623FB,"33.530823,-112.051651",1825,101,64
1755920554,2025-08-23T03:42:34Z,N623FB,"33.531296,-112.050735",1825,96,51
1755920556,2025-08-23T03:42:36Z,N623FB,"33.531921,-112.050003",1850,86,33
1755920558,2025-08-23T03:42:38Z,N623FB,"33.532787,-112.049561",1875,78,19
1755920561,2025-08-23T03:42:41Z,N623FB,"33.533485,-112.049393",1900,72,3
1755920563,2025-08-23T03:42:43Z,N623FB,"33.534184,-112.049507",1875,69,346
1755920565,2025-08-23T03:42:45Z,N623FB,"33.53479,-112.049896",1850,68,322
1755920567,2025-08-23T03:42:47Z,N623FB,"33.535217,-112.050491",1850,68,299
1755920569,2025-08-23T03:42:49Z,N623FB,"33.535446,-112.051376",1850,69,270
1755920572,2025-08-23T03:42:52Z,N623FB,"33.535301,-112.052139",1850,71,247
1755920574,2025-08-23T03:42:54Z,N623FB,"33.534851,-112.053024",1850,75,230
1755920576,2025-08-23T03:42:56Z,N623FB,"33.534416,-112.053482",1825,79,217
1755920578,2025-08-23T03:42:58Z,N623FB,"33.533707,-112.053955",1825,81,200
1755920580,2025-08-23T03:43:00Z,N623FB,"33.532608,-112.05423",1825,83,186
1755920583,2025-08-23T03:43:03Z,N623FB,"33.531857,-112.054153",1825,86,169
1755920585,2025-08-23T03:43:05Z,N623FB,"33.53083,-112.053818",1825,88,158
1755920587,2025-08-23T03:43:07Z,N623FB,"33.530045,-112.053131",1825,84,138
1755920589,2025-08-23T03:43:09Z,N623FB,"33.529724,-112.052528",1850,71,111
1755920592,2025-08-23T03:43:12Z,N623FB,"33.529621,-112.051575",1850,65,89
1755920594,2025-08-23T03:43:14Z,N623FB,"33.529762,-112.050964",1825,62,60
1755920596,2025-08-23T03:43:16Z,N623FB,"33.530273,-112.050293",1825,64,44
1755920598,2025-08-23T03:43:18Z,N623FB,"33.530777,-112.049889",1800,68,28
1755920600,2025-08-23T03:43:20Z,N623FB,"33.531372,-112.049667",1775,71,13
1755920603,2025-08-23T03:43:23Z,N623FB,"33.532413,-112.049446",1775,73,6
1755920605,2025-08-23T03:43:25Z,N623FB,"33.53302,-112.049454",1775,73,3
1755920607,2025-08-23T03:43:27Z,N623FB,"33.533844,-112.049507",1775,70,353
1755920610,2025-08-23T03:43:30Z,N623FB,"33.53437,-112.049675",1800,63,336
1755920612,2025-08-23T03:43:32Z,N623FB,"33.534988,-112.050217",1800,63,316
1755920614,2025-08-23T03:43:34Z,N623FB,"33.535309,-112.050827",1800,67,296
1755920616,2025-08-23T03:43:36Z,N623FB,"33.535583,-112.051651",1800,66,288
1755920618,2025-08-23T03:43:38Z,N623FB,"33.535721,-112.052307",1800,64,281
1755920621,2025-08-23T03:43:41Z,N623FB,"33.535812,-112.053185",1800,63,277
1755920623,2025-08-23T03:43:43Z,N623FB,"33.535858,-112.053879",1800,63,270
1755920625,2025-08-23T03:43:45Z,N623FB,"33.535858,-112.054726",1800,63,267
1755920627,2025-08-23T03:43:47Z,N623FB,"33.535812,-112.055435",1800,64,264
1755920630,2025-08-23T03:43:50Z,N623FB,"33.535721,-112.056175",1800,65,262
1755920632,2025-08-23T03:43:52Z,N623FB,"33.53558,-112.057129",1800,65,253
1755920634,2025-08-23T03:43:54Z,N623FB,"33.53516,-112.0578",1825,62,222
1755920636,2025-08-23T03:43:56Z,N623FB,"33.534622,-112.058075",1850,58,195
1755920638,2025-08-23T03:43:58Z,N623FB,"33.534119,-112.058075",1825,56,168
1755920641,2025-08-23T03:44:01Z,N623FB,"33.533569,-112.057747",1825,56,145
1755920643,2025-08-23T03:44:03Z,N623FB,"33.533207,-112.057243",1800,59,122
1755920645,2025-08-23T03:44:05Z,N623FB,"33.532974,-112.056648",1775,64,112
1755920647,2025-08-23T03:44:07Z,N623FB,"33.532742,-112.055954",1775,69,107
1755920649,2025-08-23T03:44:09Z,N623FB,"33.532516,-112.054886",1775,73,102
1755920652,2025-08-23T03:44:12Z,N623FB,"33.532413,-112.054268",1750,78,97
1755920654,2025-08-23T03:44:14Z,N623FB,"33.532333,-112.053078",1775,79,90
1755920656,2025-08-23T03:44:16Z,N623FB,"33.532379,-112.052361",1775,79,83
1755920658,2025-08-23T03:44:18Z,N623FB,"33.532555,-112.0513",1750,78,72
1755920660,2025-08-23T03:44:20Z,N623FB,"33.532883,-112.050491",1775,75,56
1755920662,2025-08-23T03:44:22Z,N623FB,"33.53344,-112.049728",1800,72,45
1755920664,2025-08-23T03:44:24Z,N623FB,"33.533997,-112.049278",1825,69,31
1755920667,2025-08-23T03:44:27Z,N623FB,"33.534695,-112.048889",1825,70,19
1755920669,2025-08-23T03:44:29Z,N623FB,"33.535347,-112.048721",1825,70,11
1755920671,2025-08-23T03:44:31Z,N623FB,"33.535954,-112.048607",1825,70,6
1755920673,2025-08-23T03:44:33Z,N623FB,"33.536743,-112.048492",1825,69,4
1755920675,2025-08-23T03:44:35Z,N623FB,"33.537369,-112.048462",1825,68,358
1755920678,2025-08-23T03:44:38Z,N623FB,"33.538101,-112.04863",1850,65,341
1755920680,2025-08-23T03:44:40Z,N623FB,"33.538742,-112.049118",1850,60,322
1755920682,2025-08-23T03:44:42Z,N623FB,"33.53907,-112.049614",1850,58,304
1755920684,2025-08-23T03:44:44Z,N623FB,"33.539257,-112.050232",1850,58,289
1755920687,2025-08-23T03:44:47Z,N623FB,"33.539383,-112.051041",1850,60,274
1755920689,2025-08-23T03:44:49Z,N623FB,"33.539291,-112.051651",1850,61,253
1755920691,2025-08-23T03:44:51Z,N623FB,"33.538979,-112.052422",1850,63,230
1755920693,2025-08-23T03:44:53Z,N623FB,"33.538467,-112.05291",1825,65,214
1755920696,2025-08-23T03:44:56Z,N623FB,"33.537861,-112.053314",1825,69,201
1755920698,2025-08-23T03:44:58Z,N623FB,"33.537163,-112.053596",1825,73,193
1755920700,2025-08-23T03:45:00Z,N623FB,"33.536499,-112.053734",1800,74,186
1755920702,2025-08-23T03:45:02Z,N623FB,"33.535812,-112.053787",1800,75,182
1755920704,2025-08-23T03:45:04Z,N623FB,"33.534988,-112.053734",1800,75,170
1755920706,2025-08-23T03:45:06Z,N623FB,"33.534256,-112.053513",1800,74,159
1755920709,2025-08-23T03:45:09Z,N623FB,"33.533627,-112.052979",1825,68,138
1755920711,2025-08-23T03:45:11Z,N623FB,"33.533203,-112.052414",1825,62,120
1755920713,2025-08-23T03:45:13Z,N623FB,"33.532879,-112.051636",1850,62,113
1755920716,2025-08-23T03:45:16Z,N623FB,"33.532654,-112.050934",1850,60,113
1755920718,2025-08-23T03:45:18Z,N623FB,"33.53223,-112.050179",1875,61,124
1755920720,2025-08-23T03:45:20Z,N623FB,"33.531811,-112.049728",1900,62,141
1755920722,2025-08-23T03:45:22Z,N623FB,"33.531345,-112.049507",1925,65,164
1755920724,2025-08-23T03:45:24Z,N623FB,"33.530598,-112.049393",1950,65,186
1755920727,2025-08-23T03:45:27Z,N623FB,"33.530045,-112.049561",1950,66,203
1755920729,2025-08-23T03:45:29Z,N623FB,"33.529251,-112.050117",1950,66,214
1755920731,2025-08-23T03:45:31Z,N623FB,"33.528809,-112.050606",1950,67,226
1755920733,2025-08-23T03:45:33Z,N623FB,"33.528316,-112.0513",1950,68,229
1755920736,2025-08-23T03:45:36Z,N623FB,"33.527851,-112.051918",1950,70,229
1755920738,2025-08-23T03:45:38Z,N623FB,"33.527435,-112.052475",1950,72,227
1755920740,2025-08-23T03:45:40Z,N623FB,"33.526978,-112.053131",1950,74,228
1755920742,2025-08-23T03:45:42Z,N623FB,"33.526409,-112.053879",1925,77,229
1755920745,2025-08-23T03:45:45Z,N623FB,"33.525833,-112.054672",1925,80,230
1755920747,2025-08-23T03:45:47Z,N623FB,"33.525337,-112.055389",1900,83,230
1755920749,2025-08-23T03:45:49Z,N623FB,"33.524734,-112.056206",1900,86,231
1755920751,2025-08-23T03:45:51Z,N623FB,"33.524128,-112.057182",1875,87,231
1755920753,2025-08-23T03:45:53Z,N623FB,"33.523636,-112.058022",1875,88,236
1755920755,2025-08-23T03:45:55Z,N623FB,"33.523197,-112.058922",1875,88,243
1755920758,2025-08-23T03:45:58Z,N623FB,"33.522949,-112.059776",1850,87,251
1755920760,2025-08-23T03:46:00Z,N623FB,"33.522686,-112.060829",1850,85,257
1755920762,2025-08-23T03:46:02Z,N623FB,"33.522591,-112.061783",1825,84,265
1755920764,2025-08-23T03:46:04Z,N623FB,"33.522591,-112.062958",1850,83,268
1755920766,2025-08-23T03:46:06Z,N623FB,"33.522591,-112.063911",1850,84,270
1755920769,2025-08-23T03:46:09Z,N623FB,"33.522591,-112.064865",1825,85,269
1755920771,2025-08-23T03:46:11Z,N623FB,"33.522537,-112.06604",1825,85,267
1755920773,2025-08-23T03:46:13Z,N623FB,"33.522537,-112.066757",1825,86,267
1755920775,2025-08-23T03:46:15Z,N623FB,"33.522491,-112.067795",1800,86,266
1755920777,2025-08-23T03:46:17Z,N623FB,"33.522408,-112.069122",1800,86,265
1755920779,2025-08-23T03:46:19Z,N623FB,"33.522308,-112.070213",1775,87,263
1755920782,2025-08-23T03:46:22Z,N623FB,"33.522217,-112.071205",1800,88,263
1755920784,2025-08-23T03:46:24Z,N623FB,"33.522125,-112.072205",1800,89,263
1755920786,2025-08-23T03:46:26Z,N623FB,"33.521988,-112.073456",1825,90,263
1755920788,2025-08-23T03:46:28Z,N623FB,"33.521893,-112.074501",1825,92,263
1755920790,2025-08-23T03:46:30Z,N623FB,"33.521801,-112.075623",1825,94,263
1755920795,2025-08-23T03:46:35Z,N623FB,"33.52153,-112.077904",1875,95,262
1755920797,2025-08-23T03:46:37Z,N623FB,"33.521477,-112.078873",1875,95,263
1755920805,2025-08-23T03:46:45Z,N623FB,"33.521118,-112.083237",1925,83,264
1755920812,2025-08-23T03:46:52Z,N623FB,"33.520889,-112.086143",1950,83,264
1755920820,2025-08-23T03:47:00Z,N623FB,"33.520592,-112.090027",1950,86,264
1755920827,2025-08-23T03:47:07Z,N623FB,"33.520309,-112.093224",1950,87,262
1755920835,2025-08-23T03:47:15Z,N623FB,"33.519939,-112.097374",1975,87,264
1755920842,2025-08-23T03:47:22Z,N623FB,"33.519653,-112.100426",2000,84,263
1755920851,2025-08-23T03:47:31Z,N623FB,"33.519287,-112.104546",2025,83,263
1755920857,2025-08-23T03:47:37Z,N623FB,"33.519009,-112.107292",2025,86,261
1755920864,2025-08-23T03:47:44Z,N623FB,"33.5186,-112.110703",2050,88,262
1755920872,2025-08-23T03:47:52Z,N623FB,"33.518188,-112.114876",2050,91,263
1755920881,2025-08-23T03:48:01Z,N623FB,"33.517731,-112.118942",2050,93,261
1755920887,2025-08-23T03:48:07Z,N623FB,"33.517284,-112.122375",2025,96,261
1755920896,2025-08-23T03:48:16Z,N623FB,"33.516678,-112.127014",2000,97,262
1755920905,2025-08-23T03:48:25Z,N623FB,"33.516121,-112.131844",2000,101,259
1755920912,2025-08-23T03:48:32Z,N623FB,"33.515469,-112.135994",2000,103,259
1755920919,2025-08-23T03:48:39Z,N623FB,"33.514957,-112.139809",2000,105,260
1755920928,2025-08-23T03:48:48Z,N623FB,"33.514297,-112.145035",2000,108,260
1755920934,2025-08-23T03:48:54Z,N623FB,"33.513611,-112.148933",2000,109,255
1755920938,2025-08-23T03:48:58Z,N623FB,"33.51305,-112.151352",2000,111,252
1755920940,2025-08-23T03:49:00Z,N623FB,"33.512695,-112.152451",2000,112,250
1755920943,2025-08-23T03:49:03Z,N623FB,"33.512302,-112.153763",2025,112,249
1755920945,2025-08-23T03:49:05Z,N623FB,"33.511734,-112.155579",2025,112,248
1755920948,2025-08-23T03:49:08Z,N623FB,"33.511372,-112.156563",2025,112,247
1755920950,2025-08-23T03:49:10Z,N623FB,"33.510864,-112.157997",2025,114,245
1755920952,2025-08-23T03:49:12Z,N623FB,"33.510315,-112.159256",2025,115,243
1755920954,2025-08-23T03:49:14Z,N623FB,"33.509811,-112.160416",2025,116,240
1755920956,2025-08-23T03:49:16Z,N623FB,"33.50909,-112.161781",2025,117,237
1755920958,2025-08-23T03:49:18Z,N623FB,"33.508438,-112.162888",2025,119,232
1755920961,2025-08-23T03:49:21Z,N623FB,"33.50779,-112.163742",2025,121,228
1755920963,2025-08-23T03:49:23Z,N623FB,"33.506763,-112.165031",2050,121,224
1755920965,2025-08-23T03:49:25Z,N623FB,"33.505692,-112.166122",2050,122,218
1755920967,2025-08-23T03:49:27Z,N623FB,"33.504959,-112.166733",2050,123,213
1755920970,2025-08-23T03:49:30Z,N623FB,"33.503723,-112.167557",2075,125,206
1755920972,2025-08-23T03:49:32Z,N623FB,"33.502579,-112.168213",2075,125,203
1755920974,2025-08-23T03:49:34Z,N623FB,"33.501434,-112.168762",2075,121,201
1755920976,2025-08-23T03:49:36Z,N623FB,"33.500153,-112.169342",2075,117,201
1755920978,2025-08-23T03:49:38Z,N623FB,"33.499271,-112.169792",2075,112,201
1755920980,2025-08-23T03:49:40Z,N623FB,"33.49823,-112.170242",2100,108,201
1755920983,2025-08-23T03:49:43Z,N623FB,"33.497269,-112.170692",2100,106,200
1755920985,2025-08-23T03:49:45Z,N623FB,"33.496124,-112.171234",2125,106,199
1755920987,2025-08-23T03:49:47Z,N623FB,"33.495125,-112.171585",2125,108,197
1755920989,2025-08-23T03:49:49Z,N623FB,"33.49411,-112.172005",2125,108,196
1755920991,2025-08-23T03:49:51Z,N623FB,"33.49292,-112.172386",2125,108,196
1755920994,2025-08-23T03:49:54Z,N623FB,"33.491776,-112.172775",2125,108,194
1755920996,2025-08-23T03:49:56Z,N623FB,"33.490749,-112.173103",2125,108,194
1755920998,2025-08-23T03:49:58Z,N623FB,"33.489586,-112.173439",2125,109,193
1755921001,2025-08-23T03:50:01Z,N623FB,"33.488468,-112.173775",2125,108,192
1755921003,2025-08-23T03:50:03Z,N623FB,"33.487427,-112.174034",2125,109,192
1755921005,2025-08-23T03:50:05Z,N623FB,"33.486237,-112.174309",2125,110,191
1755921007,2025-08-23T03:50:07Z,N623FB,"33.484955,-112.174583",2125,109,190
1755921010,2025-08-23T03:50:10Z,N623FB,"33.483906,-112.174835",2125,108,190
1755921012,2025-08-23T03:50:12Z,N623FB,"33.482758,-112.175079",2125,108,190
1755921014,2025-08-23T03:50:14Z,N623FB,"33.48172,-112.175285",2125,108,189
1755921016,2025-08-23T03:50:16Z,N623FB,"33.480511,-112.175568",2125,109,188
1755921019,2025-08-23T03:50:19Z,N623FB,"33.479298,-112.175789",2125,109,188
1755921021,2025-08-23T03:50:21Z,N623FB,"33.478363,-112.175903",2125,109,188
1755921023,2025-08-23T03:50:23Z,N623FB,"33.477036,-112.176178",2150,109,188
1755921025,2025-08-23T03:50:25Z,N623FB,"33.475994,-112.176353",2150,109,187
1755921028,2025-08-23T03:50:28Z,N623FB,"33.475021,-112.176506",2150,109,187
1755921030,2025-08-23T03:50:30Z,N623FB,"33.47374,-112.176674",2150,109,186
1755921032,2025-08-23T03:50:32Z,N623FB,"33.472641,-112.176804",2150,110,186
1755921034,2025-08-23T03:50:34Z,N623FB,"33.47168,-112.176949",2150,110,186
1755921041,2025-08-23T03:50:41Z,N623FB,"33.468155,-112.177551",2125,109,192
1755921043,2025-08-23T03:50:43Z,N623FB,"33.466824,-112.177979",2125,108,194
1755921046,2025-08-23T03:50:46Z,N623FB,"33.465893,-112.178314",2125,106,199
1755921048,2025-08-23T03:50:48Z,N623FB,"33.464912,-112.178818",2125,103,205
1755921050,2025-08-23T03:50:50Z,N623FB,"33.464035,-112.17942",2125,100,212
1755921052,2025-08-23T03:50:52Z,N623FB,"33.463303,-112.180077",2150,99,220
1755921054,2025-08-23T03:50:54Z,N623FB,"33.462616,-112.180847",2150,98,227
1755921056,2025-08-23T03:50:56Z,N623FB,"33.461838,-112.181892",2150,97,228
1755921058,2025-08-23T03:50:58Z,N623FB,"33.461376,-112.182518",2125,97,229
1755921061,2025-08-23T03:51:01Z,N623FB,"33.460648,-112.183487",2150,98,227
1755921063,2025-08-23T03:51:03Z,N623FB,"33.460026,-112.184258",2150,99,224
1755921065,2025-08-23T03:51:05Z,N623FB,"33.459141,-112.185211",2125,98,221
1755921067,2025-08-23T03:51:07Z,N623FB,"33.458443,-112.185883",2125,98,217
1755921070,2025-08-23T03:51:10Z,N623FB,"33.457558,-112.186668",2150,98,213
1755921072,2025-08-23T03:51:12Z,N623FB,"33.456619,-112.187332",2125,99,210
1755921074,2025-08-23T03:51:14Z,N623FB,"33.455658,-112.187935",2125,99,207
1755921078,2025-08-23T03:51:18Z,N623FB,"33.45388,-112.188965",2125,100,204
1755921080,2025-08-23T03:51:20Z,N623FB,"33.453182,-112.189354",2100,99,204
1755921083,2025-08-23T03:51:23Z,N623FB,"33.452225,-112.189857",2100,100,204
1755921085,2025-08-23T03:51:25Z,N623FB,"33.451229,-112.190369",2075,101,202
1755921087,2025-08-23T03:51:27Z,N623FB,"33.45039,-112.190811",2100,101,202
1755921089,2025-08-23T03:51:29Z,N623FB,"33.449505,-112.191208",2125,102,200
1755921091,2025-08-23T03:51:31Z,N623FB,"33.44838,-112.191666",2125,103,199
1755921093,2025-08-23T03:51:33Z,N623FB,"33.447372,-112.192108",2125,103,199
1755921095,2025-08-23T03:51:35Z,N623FB,"33.44648,-112.192436",2125,105,199
1755921098,2025-08-23T03:51:38Z,N623FB,"33.445358,-112.192932",2125,104,198
1755921100,2025-08-23T03:51:40Z,N623FB,"33.444477,-112.193222",2125,102,197
1755921102,2025-08-23T03:51:42Z,N623FB,"33.443501,-112.193619",2125,102,197
1755921104,2025-08-23T03:51:44Z,N623FB,"33.442612,-112.193924",2125,102,197
1755921106,2025-08-23T03:51:46Z,N623FB,"33.441559,-112.194359",2125,102,200
1755921111,2025-08-23T03:51:51Z,N623FB,"33.439499,-112.195457",2150,98,209
1755921113,2025-08-23T03:51:53Z,N623FB,"33.438629,-112.196121",2150,97,214
1755921116,2025-08-23T03:51:56Z,N623FB,"33.437775,-112.196976",2175,96,224
1755921118,2025-08-23T03:51:58Z,N623FB,"33.437164,-112.197823",2175,95,230
1755921120,2025-08-23T03:52:00Z,N623FB,"33.436657,-112.198715",2175,93,241
1755921122,2025-08-23T03:52:02Z,N623FB,"33.436249,-112.199905",2175,92,248
1755921125,2025-08-23T03:52:05Z,N623FB,"33.436005,-112.200844",2175,91,257
1755921127,2025-08-23T03:52:07Z,N623FB,"33.435959,-112.202026",2175,88,268
1755921129,2025-08-23T03:52:09Z,N623FB,"33.436005,-112.20298",2200,86,277
1755921131,2025-08-23T03:52:11Z,N623FB,"33.436237,-112.204155",2200,83,287
1755921134,2025-08-23T03:52:14Z,N623FB,"33.436611,-112.205162",2200,81,298
1755921136,2025-08-23T03:52:16Z,N623FB,"33.437027,-112.205948",2200,80,306
1755921138,2025-08-23T03:52:18Z,N623FB,"33.437496,-112.206566",2200,79,313
1755921140,2025-08-23T03:52:20Z,N623FB,"33.438126,-112.207321",2225,77,316
1755921142,2025-08-23T03:52:22Z,N623FB,"33.438721,-112.207985",2225,72,317
1755921145,2025-08-23T03:52:25Z,N623FB,"33.439224,-112.208481",2225,64,318
1755921147,2025-08-23T03:52:27Z,N623FB,"33.43959,-112.208916",2225,58,317
1755921149,2025-08-23T03:52:29Z,N623FB,"33.440094,-112.209465",2250,48,317
1755921151,2025-08-23T03:52:31Z,N623FB,"33.44038,-112.209763",2250,41,315
1755921153,2025-08-23T03:52:33Z,N623FB,"33.440708,-112.210152",2275,36,313
1755921156,2025-08-23T03:52:36Z,N623FB,"33.440941,-112.210487",2275,33,312
1755921158,2025-08-23T03:52:38Z,N623FB,"33.441193,-112.210838",2300,33,311
1755921160,2025-08-23T03:52:40Z,N623FB,"33.441376,-112.21106",2300,31,311
1755921162,2025-08-23T03:52:42Z,N623FB,"33.441605,-112.211334",2300,31,309
1755921164,2025-08-23T03:52:44Z,N623FB,"33.441788,-112.211609",2325,30,313
1755921167,2025-08-23T03:52:47Z,N623FB,"33.442062,-112.211884",2325,29,329
1755921169,2025-08-23T03:52:49Z,N623FB,"33.442337,-112.211945",2325,29,346
1755921171,2025-08-23T03:52:51Z,N623FB,"33.442661,-112.211945",2325,33,6
1755921173,2025-08-23T03:52:53Z,N623FB,"33.442978,-112.21183",2325,38,23
1755921175,2025-08-23T03:52:55Z,N623FB,"33.443268,-112.211609",2325,44,35
1755921177,2025-08-23T03:52:57Z,N623FB,"33.443638,-112.211273",2325,47,38
1755921180,2025-08-23T03:53:00Z,N623FB,"33.444012,-112.210938",2300,47,34
1755921182,2025-08-23T03:53:02Z,N623FB,"33.444489,-112.210564",2300,46,33
1755921184,2025-08-23T03:53:04Z,N623FB,"33.444763,-112.210342",2300,44,32
1755921186,2025-08-23T03:53:06Z,N623FB,"33.445129,-112.210068",2325,43,28
1755921188,2025-08-23T03:53:08Z,N623FB,"33.445541,-112.209793",2325,43,27
1755921190,2025-08-23T03:53:10Z,N623FB,"33.44606,-112.209534",2325,47,23
1755921193,2025-08-23T03:53:13Z,N623FB,"33.446457,-112.209358",2325,52,21
1755921195,2025-08-23T03:53:15Z,N623FB,"33.446945,-112.209145",2350,57,19
1755921197,2025-08-23T03:53:17Z,N623FB,"33.447552,-112.208862",2325,61,19
1755921200,2025-08-23T03:53:20Z,N623FB,"33.448196,-112.208588",2325,65,18
1755921202,2025-08-23T03:53:22Z,N623FB,"33.448975,-112.208313",2325,67,18
1755921204,2025-08-23T03:53:24Z,N623FB,"33.449615,-112.208038",2350,68,17
1755921206,2025-08-23T03:53:26Z,N623FB,"33.450302,-112.207817",2350,70,14
1755921208,2025-08-23T03:53:28Z,N623FB,"33.450943,-112.207657",2350,71,12
1755921210,2025-08-23T03:53:30Z,N623FB,"33.451721,-112.207436",2350,73,11
1755921213,2025-08-23T03:53:33Z,N623FB,"33.452408,-112.207268",2350,74,10
1755921215,2025-08-23T03:53:35Z,N623FB,"33.453232,-112.207108",2375,76,9
1755921217,2025-08-23T03:53:37Z,N623FB,"33.453926,-112.206955",2375,77,8
1755921219,2025-08-23T03:53:39Z,N623FB,"33.454834,-112.206772",2375,80,9
1755921221,2025-08-23T03:53:41Z,N623FB,"33.455566,-112.206665",2350,82,9
1755921223,2025-08-23T03:53:43Z,N623FB,"33.45639,-112.206497",2350,82,8
1755921225,2025-08-23T03:53:45Z,N623FB,"33.457138,-112.206398",2350,83,7
1755921228,2025-08-23T03:53:48Z,N623FB,"33.457947,-112.206223",2325,84,7
1755921230,2025-08-23T03:53:50Z,N623FB,"33.458725,-112.206116",2325,84,6
1755921232,2025-08-23T03:53:52Z,N623FB,"33.459702,-112.206001",2325,84,6
1755921234,2025-08-23T03:53:54Z,N623FB,"33.460632,-112.205894",2325,83,5
1755921237,2025-08-23T03:53:57Z,N623FB,"33.461426,-112.205841",2325,83,4
1755921239,2025-08-23T03:53:59Z,N623FB,"33.462399,-112.20578",2300,83,3
1755921242,2025-08-23T03:54:02Z,N623FB,"33.463379,-112.205727",2300,83,2
1755921244,2025-08-23T03:54:04Z,N623FB,"33.464218,-112.205673",2300,84,1
1755921246,2025-08-23T03:54:06Z,N623FB,"33.465088,-112.205673",2300,86,1
1755921248,2025-08-23T03:54:08Z,N623FB,"33.465939,-112.205612",2275,87,1
1755921250,2025-08-23T03:54:10Z,N623FB,"33.466728,-112.205612",2250,88,1
1755921252,2025-08-23T03:54:12Z,N623FB,"33.467743,-112.205566",2250,89,1
1755921254,2025-08-23T03:54:14Z,N623FB,"33.468567,-112.205513",2225,89,1
1755921257,2025-08-23T03:54:17Z,N623FB,"33.469482,-112.20546",2250,89,1
1755921259,2025-08-23T03:54:19Z,N623FB,"33.470268,-112.205444",2250,89,1
1755921266,2025-08-23T03:54:26Z,N623FB,"33.472961,-112.205345",2225,91,1
1755921272,2025-08-23T03:54:32Z,N623FB,"33.475994,-112.205215",2225,92,2
1755921276,2025-08-23T03:54:36Z,N623FB,"33.477764,-112.205048",2225,92,6
1755921278,2025-08-23T03:54:38Z,N623FB,"33.4786,-112.20488",2225,91,11
1755921281,2025-08-23T03:54:41Z,N623FB,"33.479439,-112.204605",2225,91,15
1755921283,2025-08-23T03:54:43Z,N623FB,"33.480377,-112.204247",2225,91,22
1755921285,2025-08-23T03:54:45Z,N623FB,"33.481346,-112.203705",2225,90,25
1755921287,2025-08-23T03:54:47Z,N623FB,"33.482117,-112.203201",2225,89,28
1755921289,2025-08-23T03:54:49Z,N623FB,"33.482792,-112.202751",2200,87,29
1755921292,2025-08-23T03:54:52Z,N623FB,"33.48349,-112.202217",2175,83,30
1755921294,2025-08-23T03:54:54Z,N623FB,"33.484268,-112.201668",2175,80,31
1755921296,2025-08-23T03:54:56Z,N623FB,"33.484909,-112.201225",2175,77,30
1755921298,2025-08-23T03:54:58Z,N623FB,"33.485641,-112.200729",2175,76,29
1755921300,2025-08-23T03:55:00Z,N623FB,"33.486328,-112.200241",2175,76,29
1755921303,2025-08-23T03:55:03Z,N623FB,"33.487026,-112.199783",2175,75,30
1755921305,2025-08-23T03:55:05Z,N623FB,"33.487679,-112.199333",2175,75,28
1755921307,2025-08-23T03:55:07Z,N623FB,"33.488297,-112.198921",2175,74,28
1755921309,2025-08-23T03:55:09Z,N623FB,"33.488983,-112.198494",2150,72,28
1755921312,2025-08-23T03:55:12Z,N623FB,"33.489727,-112.19799",2150,72,27
1755921318,2025-08-23T03:55:18Z,N623FB,"33.491592,-112.196884",2150,69,25
1755921320,2025-08-23T03:55:20Z,N623FB,"33.492146,-112.196587",2150,69,23
1755921322,2025-08-23T03:55:22Z,N623FB,"33.49292,-112.196228",2150,70,21
1755921325,2025-08-23T03:55:25Z,N623FB,"33.493652,-112.1959",2150,71,17
1755921327,2025-08-23T03:55:27Z,N623FB,"33.494293,-112.195679",2150,70,16
1755921329,2025-08-23T03:55:29Z,N623FB,"33.495079,-112.195412",2125,71,13
1755921331,2025-08-23T03:55:31Z,N623FB,"33.495731,-112.195244",2125,70,13
1755921334,2025-08-23T03:55:34Z,N623FB,"33.496338,-112.195076",2125,70,12
1755921336,2025-08-23T03:55:36Z,N623FB,"33.497131,-112.194855",2125,70,10
1755921338,2025-08-23T03:55:38Z,N623FB,"33.497772,-112.194748",2100,69,10
1755921340,2025-08-23T03:55:40Z,N623FB,"33.498569,-112.194572",2100,68,9
1755921343,2025-08-23T03:55:43Z,N623FB,"33.499329,-112.194473",2100,69,8
1755921345,2025-08-23T03:55:45Z,N623FB,"33.500061,-112.194305",2075,69,8
1755921347,2025-08-23T03:55:47Z,N623FB,"33.500805,-112.194176",2075,69,8
1755921349,2025-08-23T03:55:49Z,N623FB,"33.501366,-112.194061",2075,69,8
1755921352,2025-08-23T03:55:52Z,N623FB,"33.502167,-112.193924",2075,69,9
1755921354,2025-08-23T03:55:54Z,N623FB,"33.502899,-112.19384",2050,69,8
1755921356,2025-08-23T03:55:56Z,N623FB,"33.503551,-112.193726",2050,69,8
1755921363,2025-08-23T03:56:03Z,N623FB,"33.505646,-112.193283",2000,66,12
1755921368,2025-08-23T03:56:08Z,N623FB,"33.507202,-112.192986",2000,64,2
1755921370,2025-08-23T03:56:10Z,N623FB,"33.50766,-112.193039",2000,62,353
1755921372,2025-08-23T03:56:12Z,N623FB,"33.508392,-112.193207",2000,61,343
1755921374,2025-08-23T03:56:14Z,N623FB,"33.508999,-112.193504",2000,61,329
1755921377,2025-08-23T03:56:17Z,N623FB,"33.509491,-112.193924",2000,61,316
1755921379,2025-08-23T03:56:19Z,N623FB,"33.509884,-112.194458",2000,62,307
1755921381,2025-08-23T03:56:21Z,N623FB,"33.510223,-112.195236",2000,63,296
1755921383,2025-08-23T03:56:23Z,N623FB,"33.510395,-112.195969",2025,65,284
1755921385,2025-08-23T03:56:25Z,N623FB,"33.510498,-112.196724",2000,68,276
1755921387,2025-08-23T03:56:27Z,N623FB,"33.510544,-112.197433",2000,70,271
1755921389,2025-08-23T03:56:29Z,N623FB,"33.510544,-112.198479",2000,72,267
1755921392,2025-08-23T03:56:32Z,N623FB,"33.51049,-112.199219",2000,73,266
1755921394,2025-08-23T03:56:34Z,N623FB,"33.510441,-112.200066",2000,73,266
1755921396,2025-08-23T03:56:36Z,N623FB,"33.510406,-112.200897",2000,75,265
1755921398,2025-08-23T03:56:38Z,N623FB,"33.510315,-112.201828",2000,76,264
1755921400,2025-08-23T03:56:40Z,N623FB,"33.510208,-112.202866",1975,76,263
1755921402,2025-08-23T03:56:42Z,N623FB,"33.510132,-112.20359",1975,77,262
1755921405,2025-08-23T03:56:45Z,N623FB,"33.510025,-112.204712",1975,77,261
1755921407,2025-08-23T03:56:47Z,N623FB,"33.509884,-112.205559",1950,78,258
1755921409,2025-08-23T03:56:49Z,N623FB,"33.509743,-112.206451",1950,79,254
1755921411,2025-08-23T03:56:51Z,N623FB,"33.509418,-112.207405",1950,81,245
1755921413,2025-08-23T03:56:53Z,N623FB,"33.508999,-112.208191",1950,82,235
1755921415,2025-08-23T03:56:55Z,N623FB,"33.508347,-112.20903",1975,84,223
1755921418,2025-08-23T03:56:58Z,N623FB,"33.507744,-112.209595",1975,86,212
1755921420,2025-08-23T03:57:00Z,N623FB,"33.507046,-112.210037",2000,88,203
1755921422,2025-08-23T03:57:02Z,N623FB,"33.505966,-112.210457",2000,91,195
1755921424,2025-08-23T03:57:04Z,N623FB,"33.505142,-112.210678",2000,93,190
1755921426,2025-08-23T03:57:06Z,N623FB,"33.504299,-112.21077",2000,96,183
1755921428,2025-08-23T03:57:08Z,N623FB,"33.503319,-112.21077",1975,96,175
1755921431,2025-08-23T03:57:11Z,N623FB,"33.502487,-112.21051",1975,96,155
1755921433,2025-08-23T03:57:13Z,N623FB,"33.501572,-112.209854",1950,99,141
1755921435,2025-08-23T03:57:15Z,N623FB,"33.500851,-112.208977",1925,103,130
1755921437,2025-08-23T03:57:17Z,N623FB,"33.500294,-112.208023",1875,106,120
1755921439,2025-08-23T03:57:19Z,N623FB,"33.499741,-112.206718",1875,109,116
1755921441,2025-08-23T03:57:21Z,N623FB,"33.499237,-112.205513",1875,110,114
1755921443,2025-08-23T03:57:23Z,N623FB,"33.498825,-112.204361",1900,110,114
1755921445,2025-08-23T03:57:25Z,N623FB,"33.498459,-112.203369",1900,112,114
1755921447,2025-08-23T03:57:27Z,N623FB,"33.497921,-112.201912",1900,114,113
1755921450,2025-08-23T03:57:30Z,N623FB,"33.497456,-112.200737",1900,116,113
1755921452,2025-08-23T03:57:32Z,N623FB,"33.497082,-112.199554",1875,117,111
1755921454,2025-08-23T03:57:34Z,N623FB,"33.496662,-112.198326",1875,118,111
1755921456,2025-08-23T03:57:36Z,N623FB,"33.496197,-112.196976",1875,119,112
1755921458,2025-08-23T03:57:38Z,N623FB,"33.495712,-112.195572",1875,122,112
1755921460,2025-08-23T03:57:40Z,N623FB,"33.495255,-112.194305",1875,123,112
1755921462,2025-08-23T03:57:42Z,N623FB,"33.494843,-112.193039",1850,125,112
1755921465,2025-08-23T03:57:45Z,N623FB,"33.494385,-112.191727",1850,126,112
1755921469,2025-08-23T03:57:49Z,N623FB,"33.492844,-112.188629",1825,130,134
1755921471,2025-08-23T03:57:51Z,N623FB,"33.491821,-112.187622",1825,132,145
1755921474,2025-08-23T03:57:54Z,N623FB,"33.490723,-112.186783",1825,134,149
1755921476,2025-08-23T03:57:56Z,N623FB,"33.489624,-112.186066",1800,136,150
1755921478,2025-08-23T03:57:58Z,N623FB,"33.488297,-112.185135",1800,137,149
1755921480,2025-08-23T03:58:00Z,N623FB,"33.486969,-112.184196",1800,138,149
1755921483,2025-08-23T03:58:03Z,N623FB,"33.485909,-112.183472",1800,139,149
1755921485,2025-08-23T03:58:05Z,N623FB,"33.484699,-112.182571",1800,139,148
1755921487,2025-08-23T03:58:07Z,N623FB,"33.483395,-112.181564",1800,140,148
1755921489,2025-08-23T03:58:09Z,N623FB,"33.482208,-112.18074",1800,140,148
1755921491,2025-08-23T03:58:11Z,N623FB,"33.48111,-112.179916",1775,140,148
1755921493,2025-08-23T03:58:13Z,N623FB,"33.480011,-112.179092",1775,140,148
1755921495,2025-08-23T03:58:15Z,N623FB,"33.478683,-112.178101",1775,139,147
1755921497,2025-08-23T03:58:17Z,N623FB,"33.477764,-112.177414",1775,138,147
1755921500,2025-08-23T03:58:20Z,N623FB,"33.47646,-112.176407",1775,138,147
1755921506,2025-08-23T03:58:26Z,N623FB,"33.472874,-112.173492",1750,137,144
1755921508,2025-08-23T03:58:28Z,N623FB,"33.471863,-112.172661",1750,136,144
1755921511,2025-08-23T03:58:31Z,N623FB,"33.470764,-112.171677",1775,135,144
1755921513,2025-08-23T03:58:33Z,N623FB,"33.469475,-112.170578",1750,135,142
1755921515,2025-08-23T03:58:35Z,N623FB,"33.468407,-112.169571",1750,134,140
1755921517,2025-08-23T03:58:37Z,N623FB,"33.467514,-112.168594",1750,132,136
1755921519,2025-08-23T03:58:39Z,N623FB,"33.466637,-112.167496",1750,132,129
1755921522,2025-08-23T03:58:42Z,N623FB,"33.465775,-112.166122",1750,132,123
1755921524,2025-08-23T03:58:44Z,N623FB,"33.465042,-112.164642",1750,132,116
1755921526,2025-08-23T03:58:46Z,N623FB,"33.464584,-112.163269",1700,132,111
1755921528,2025-08-23T03:58:48Z,N623FB,"33.464035,-112.161514",1700,131,107
1755921531,2025-08-23T03:58:51Z,N623FB,"33.463715,-112.16008",1700,130,104
1755921533,2025-08-23T03:58:53Z,N623FB,"33.463379,-112.158356",1700,129,102
1755921535,2025-08-23T03:58:55Z,N623FB,"33.463051,-112.156677",1700,129,102
1755921537,2025-08-23T03:58:57Z,N623FB,"33.462818,-112.155273",1700,127,101
1755921540,2025-08-23T03:59:00Z,N623FB,"33.462585,-112.153931",1700,127,100
1755921542,2025-08-23T03:59:02Z,N623FB,"33.462341,-112.152283",1700,127,99
1755921544,2025-08-23T03:59:04Z,N623FB,"33.462204,-112.150909",1700,128,97
1755921546,2025-08-23T03:59:06Z,N623FB,"33.462029,-112.149445",1700,127,96
1755921548,2025-08-23T03:59:08Z,N623FB,"33.461929,-112.147995",1675,126,95
1755921550,2025-08-23T03:59:10Z,N623FB,"33.461796,-112.146362",1675,126,94
1755921552,2025-08-23T03:59:12Z,N623FB,"33.4617,-112.145035",1675,126,95
1755921554,2025-08-23T03:59:14Z,N623FB,"33.461609,-112.143661",1675,125,94
1755921556,2025-08-23T03:59:16Z,N623FB,"33.461472,-112.141846",1675,124,94
1755921559,2025-08-23T03:59:19Z,N623FB,"33.46138,-112.140472",1675,123,93
1755921561,2025-08-23T03:59:21Z,N623FB,"33.461334,-112.139153",1675,122,93
1755921563,2025-08-23T03:59:23Z,N623FB,"33.461285,-112.137451",1675,121,91
1755921565,2025-08-23T03:59:25Z,N623FB,"33.461235,-112.136383",1700,121,91
1755921567,2025-08-23T03:59:27Z,N623FB,"33.461189,-112.134926",1700,121,92
1755921569,2025-08-23T03:59:29Z,N623FB,"33.461105,-112.13311",1700,121,93
1755921576,2025-08-23T03:59:36Z,N623FB,"33.460876,-112.129211",1700,121,93
1755921583,2025-08-23T03:59:43Z,N623FB,"33.460724,-112.124619",1725,119,90
1755921589,2025-08-23T03:59:49Z,N623FB,"33.460693,-112.120201",1700,120,90
1755921593,2025-08-23T03:59:53Z,N623FB,"33.46051,-112.117126",1700,122,99
1755921596,2025-08-23T03:59:56Z,N623FB,"33.460213,-112.115982",1675,123,115
1755921598,2025-08-23T03:59:58Z,N623FB,"33.459469,-112.114471",1700,125,124
1755921600,2025-08-23T04:00:00Z,N623FB,"33.45863,-112.113235",1700,128,131
1755921602,2025-08-23T04:00:02Z,N623FB,"33.457947,-112.112404",1700,130,136
1755921604,2025-08-23T04:00:04Z,N623FB,"33.456768,-112.111221",1700,132,140
1755921607,2025-08-23T04:00:07Z,N623FB,"33.455566,-112.110092",1675,132,143
1755921609,2025-08-23T04:00:09Z,N623FB,"33.454578,-112.109314",1700,132,146
1755921611,2025-08-23T04:00:11Z,N623FB,"33.453278,-112.108284",1700,133,146
1755921613,2025-08-23T04:00:13Z,N623FB,"33.452297,-112.107521",1700,134,147
1755921615,2025-08-23T04:00:15Z,N623FB,"33.451309,-112.106743",1700,135,147
1755921617,2025-08-23T04:00:17Z,N623FB,"33.44989,-112.105698",1700,136,148
1755921620,2025-08-23T04:00:20Z,N623FB,"33.448761,-112.104881",1675,137,149
1755921622,2025-08-23T04:00:22Z,N623FB,"33.447643,-112.104156",1700,137,150
1755921624,2025-08-23T04:00:24Z,N623FB,"33.446526,-112.103371",1675,136,150
1755921626,2025-08-23T04:00:26Z,N623FB,"33.445454,-112.102646",1675,135,150
1755921628,2025-08-23T04:00:28Z,N623FB,"33.444012,-112.101692",1675,134,150
1755921630,2025-08-23T04:00:30Z,N623FB,"33.443035,-112.101074",1675,133,150
1755921632,2025-08-23T04:00:32Z,N623FB,"33.441925,-112.100319",1675,133,150
1755921635,2025-08-23T04:00:35Z,N623FB,"33.4408,-112.099556",1675,133,151
1755921637,2025-08-23T04:00:37Z,N623FB,"33.439495,-112.098663",1675,133,150
1755921639,2025-08-23T04:00:39Z,N623FB,"33.438583,-112.098068",1675,132,151
1755921641,2025-08-23T04:00:41Z,N623FB,"33.437164,-112.097183",1675,133,152
1755921643,2025-08-23T04:00:43Z,N623FB,"33.436237,-112.096588",1675,133,153
1755921645,2025-08-23T04:00:45Z,N623FB,"33.43512,-112.09597",1650,133,154
1755921647,2025-08-23T04:00:47Z,N623FB,"33.433632,-112.095184",1650,133,156
1755921649,2025-08-23T04:00:49Z,N623FB,"33.432541,-112.094604",1650,133,156
1755921652,2025-08-23T04:00:52Z,N623FB,"33.431076,-112.093887",1650,133,157
1755921654,2025-08-23T04:00:54Z,N623FB,"33.430161,-112.093399",1650,133,157
1755921656,2025-08-23T04:00:56Z,N623FB,"33.428787,-112.092735",1650,132,156
1755921658,2025-08-23T04:00:58Z,N623FB,"33.427719,-112.092163",1650,132,155
1755921667,2025-08-23T04:01:07Z,N623FB,"33.42297,-112.089302",1675,127,149
1755921669,2025-08-23T04:01:09Z,N623FB,"33.421738,-112.088341",1700,126,147
1755921677,2025-08-23T04:01:17Z,N623FB,"33.417572,-112.085594",1700,123,155
1755921684,2025-08-23T04:01:24Z,N623FB,"33.414001,-112.083839",1725,121,158
1755921686,2025-08-23T04:01:26Z,N623FB,"33.41301,-112.083359",1725,120,161
1755921688,2025-08-23T04:01:28Z,N623FB,"33.411846,-112.08297",1700,120,164
1755921690,2025-08-23T04:01:30Z,N623FB,"33.410866,-112.082687",1700,118,167
1755921693,2025-08-23T04:01:33Z,N623FB,"33.40947,-112.082237",1700,116,162
1755921697,2025-08-23T04:01:37Z,N623FB,"33.40741,-112.080978",1750,109,142
1755921699,2025-08-23T04:01:39Z,N623FB,"33.406723,-112.080223",1775,106,132
1755921701,2025-08-23T04:01:41Z,N623FB,"33.406128,-112.079277",1800,103,121
1755921703,2025-08-23T04:01:43Z,N623FB,"33.40567,-112.078232",1825,100,113
1755921705,2025-08-23T04:01:45Z,N623FB,"33.405304,-112.077133",1875,98,107
1755921708,2025-08-23T04:01:48Z,N623FB,"33.405075,-112.075981",1900,97,102
1755921710,2025-08-23T04:01:50Z,N623FB,"33.404861,-112.074669",1925,98,98
1755921712,2025-08-23T04:01:52Z,N623FB,"33.40477,-112.073776",1925,98,96
1755921714,2025-08-23T04:01:54Z,N623FB,"33.404675,-112.072708",1925,99,95
1755921716,2025-08-23T04:01:56Z,N623FB,"33.404617,-112.071312",1950,100,93
1755921718,2025-08-23T04:01:58Z,N623FB,"33.404537,-112.070129",1950,101,92
1755921720,2025-08-23T04:02:00Z,N623FB,"33.404526,-112.06884",1975,102,91
1755921722,2025-08-23T04:02:02Z,N623FB,"33.404526,-112.067688",1975,103,90
1755921725,2025-08-23T04:02:05Z,N623FB,"33.404488,-112.06649",1975,105,90
1755921727,2025-08-23T04:02:07Z,N623FB,"33.404488,-112.065308",1975,105,89
1755921729,2025-08-23T04:02:09Z,N623FB,"33.404537,-112.064194",1975,105,88
1755921731,2025-08-23T04:02:11Z,N623FB,"33.404526,-112.062965",1975,106,88
1755921733,2025-08-23T04:02:13Z,N623FB,"33.404537,-112.061836",2000,106,88
1755921735,2025-08-23T04:02:15Z,N623FB,"33.404572,-112.060493",2000,107,88
1755921737,2025-08-23T04:02:17Z,N623FB,"33.404583,-112.059204",2000,107,89
1755921739,2025-08-23T04:02:19Z,N623FB,"33.404617,-112.058075",2000,108,90
1755921741,2025-08-23T04:02:21Z,N623FB,"33.404583,-112.056961",2000,108,90
1755921749,2025-08-23T04:02:29Z,N623FB,"33.404442,-112.051804",2025,108,91
1755921758,2025-08-23T04:02:38Z,N623FB,"33.404396,-112.046761",2025,109,90
1755921764,2025-08-23T04:02:44Z,N623FB,"33.404442,-112.042999",2050,107,89
1755921773,2025-08-23T04:02:53Z,N623FB,"33.404488,-112.038124",2150,101,88
1755921781,2025-08-23T04:03:01Z,N623FB,"33.404572,-112.033524",2150,94,89
1755921787,2025-08-23T04:03:07Z,N623FB,"33.404537,-112.030502",2175,80,92
1755921792,2025-08-23T04:03:12Z,N623FB,"33.404488,-112.028877",2200,67,94
1755921794,2025-08-23T04:03:14Z,N623FB,"33.404434,-112.028084",2200,62,95
1755921796,2025-08-23T04:03:16Z,N623FB,"33.40435,-112.02742",2200,57,97
1755921798,2025-08-23T04:03:18Z,N623FB,"33.404297,-112.026711",2225,55,96
1755921800,2025-08-23T04:03:20Z,N623FB,"33.404209,-112.026077",2225,52,96
1755921802,2025-08-23T04:03:22Z,N623FB,"33.40416,-112.025665",2225,51,97
1755921804,2025-08-23T04:03:24Z,N623FB,"33.404118,-112.024956",2250,51,95
1755921806,2025-08-23T04:03:26Z,N623FB,"33.404068,-112.024345",2250,51,95
1755921808,2025-08-23T04:03:28Z,N623FB,"33.404022,-112.023888",2250,51,94
1755921816,2025-08-23T04:03:36Z,N623FB,"33.403931,-112.021645",2250,51,92
1755921822,2025-08-23T04:03:42Z,N623FB,"33.403885,-112.019737",2250,52,90
1755921824,2025-08-23T04:03:44Z,N623FB,"33.403885,-112.019295",2275,52,88
1755921826,2025-08-23T04:03:46Z,N623FB,"33.403885,-112.018562",2275,52,87
1755921828,2025-08-23T04:03:48Z,N623FB,"33.403885,-112.018028",2250,53,86
1755921831,2025-08-23T04:03:51Z,N623FB,"33.403931,-112.017426",2250,54,87
1755921833,2025-08-23T04:03:53Z,N623FB,"33.403976,-112.016769",2250,56,87
1755921835,2025-08-23T04:03:55Z,N623FB,"33.403976,-112.015999",2250,57,87
1755921837,2025-08-23T04:03:57Z,N623FB,"33.403976,-112.015427",2225,59,87
1755921839,2025-08-23T04:03:59Z,N623FB,"33.404022,-112.014809",2225,60,87
1755921841,2025-08-23T04:04:01Z,N623FB,"33.404072,-112.014076",2200,60,86
1755921843,2025-08-23T04:04:03Z,N623FB,"33.404114,-112.013359",2200,61,86
1755921845,2025-08-23T04:04:05Z,N623FB,"33.40416,-112.012703",2200,61,85
1755921847,2025-08-23T04:04:07Z,N623FB,"33.404209,-112.011841",2200,61,84
1755921849,2025-08-23T04:04:09Z,N623FB,"33.404255,-112.011276",2200,61,84
1755921851,2025-08-23T04:04:11Z,N623FB,"33.404343,-112.010612",2200,60,82
1755921853,2025-08-23T04:04:13Z,N623FB,"33.404434,-112.009789",2200,59,82
1755921855,2025-08-23T04:04:15Z,N623FB,"33.40448,-112.009132",2175,59,82
1755921857,2025-08-23T04:04:17Z,N623FB,"33.404572,-112.008469",2175,59,81
1755921860,2025-08-23T04:04:20Z,N623FB,"33.404663,-112.007812",2175,60,81
1755921862,2025-08-23T04:04:22Z,N623FB,"33.40477,-112.007072",2175,60,81
1755921864,2025-08-23T04:04:24Z,N623FB,"33.404861,-112.006401",2175,61,81
1755921866,2025-08-23T04:04:26Z,N623FB,"33.404907,-112.005783",2150,62,81
1755921872,2025-08-23T04:04:32Z,N623FB,"33.405029,-112.003586",2150,63,92
1755921874,2025-08-23T04:04:34Z,N623FB,"33.404953,-112.002815",2125,63,99
1755921876,2025-08-23T04:04:36Z,N623FB,"33.404816,-112.002136",2125,64,104
1755921878,2025-08-23T04:04:38Z,N623FB,"33.404617,-112.001328",2125,64,109
1755921880,2025-08-23T04:04:40Z,N623FB,"33.404343,-112.000618",2125,64,113
1755921883,2025-08-23T04:04:43Z,N623FB,"33.404118,-112.000008",2125,64,119
1755921885,2025-08-23T04:04:45Z,N623FB,"33.403748,-111.999352",2125,64,123
1755921887,2025-08-23T04:04:47Z,N623FB,"33.403374,-111.998779",2125,64,128
1755921889,2025-08-23T04:04:49Z,N623FB,"33.402969,-111.998306",2125,64,136
1755921891,2025-08-23T04:04:51Z,N623FB,"33.402512,-111.997871",2125,62,147
1755921893,2025-08-23T04:04:53Z,N623FB,"33.401882,-111.997543",2125,63,160
1755921895,2025-08-23T04:04:55Z,N623FB,"33.401371,-111.99749",2125,66,180
1755921897,2025-08-23T04:04:57Z,N623FB,"33.400681,-111.99765",2125,71,207
1755921899,2025-08-23T04:04:59Z,N623FB,"33.400162,-111.998329",2025,79,237
1755921901,2025-08-23T04:05:01Z,N623FB,"33.399948,-111.999191",1900,94,261
1755921903,2025-08-23T04:05:03Z,N623FB,"33.399975,-112.00029",1775,109,272
1755921905,2025-08-23T04:05:05Z,N623FB,"33.400021,-112.001526",1700,113,272
1755921907,2025-08-23T04:05:07Z,N623FB,"33.400066,-112.002922",1650,112,272
1755921909,2025-08-23T04:05:09Z,N623FB,"33.400085,-112.004463",1650,111,271
1755921911,2025-08-23T04:05:11Z,N623FB,"33.400131,-112.005669",1675,109,271
1755921914,2025-08-23T04:05:14Z,N623FB,"33.400131,-112.006821",1675,107,271
1755921916,2025-08-23T04:05:16Z,N623FB,"33.400177,-112.00798",1675,105,271
1755921918,2025-08-23T04:05:18Z,N623FB,"33.400177,-112.009354",1675,103,270
1755921920,2025-08-23T04:05:20Z,N623FB,"33.400177,-112.010506",1675,101,271
1755921922,2025-08-23T04:05:22Z,N623FB,"33.400208,-112.011559",1675,99,271
1755921924,2025-08-23T04:05:24Z,N623FB,"33.400208,-112.012733",1700,98,271
1755921926,2025-08-23T04:05:26Z,N623FB,"33.400223,-112.013748",1700,97,270
1755921928,2025-08-23T04:05:28Z,N623FB,"33.400253,-112.014862",1700,97,270
1755921930,2025-08-23T04:05:30Z,N623FB,"33.400223,-112.015884",1700,98,269
1755921939,2025-08-23T04:05:39Z,N623FB,"33.400162,-112.020416",1725,97,268
1755921947,2025-08-23T04:05:47Z,N623FB,"33.400085,-112.024895",1775,94,268
1755921953,2025-08-23T04:05:53Z,N623FB,"33.400021,-112.027924",1800,93,268
1755921961,2025-08-23T04:06:01Z,N623FB,"33.399857,-112.032364",1825,93,267
1755921968,2025-08-23T04:06:08Z,N623FB,"33.399673,-112.035553",1850,93,263
1755921970,2025-08-23T04:06:10Z,N623FB,"33.399582,-112.036598",1850,94,261
1755921972,2025-08-23T04:06:12Z,N623FB,"33.399399,-112.037643",1850,94,259
1755921974,2025-08-23T04:06:14Z,N623FB,"33.399216,-112.038681",1850,95,256
1755921976,2025-08-23T04:06:16Z,N623FB,"33.398949,-112.039749",1850,95,252
1755921978,2025-08-23T04:06:18Z,N623FB,"33.398624,-112.040817",1850,95,249
1755921980,2025-08-23T04:06:20Z,N623FB,"33.3983,-112.041702",1850,95,244
1755921982,2025-08-23T04:06:22Z,N623FB,"33.397881,-112.04261",1850,96,239
1755921984,2025-08-23T04:06:24Z,N623FB,"33.397293,-112.043739",1850,96,235
1755921986,2025-08-23T04:06:26Z,N623FB,"33.396713,-112.044624",1850,97,231
1755921989,2025-08-23T04:06:29Z,N623FB,"33.395969,-112.045578",1850,97,227
1755921991,2025-08-23T04:06:31Z,N623FB,"33.395458,-112.046196",1850,97,222
1755921993,2025-08-23T04:06:33Z,N623FB,"33.394714,-112.046928",1850,96,216
1755921995,2025-08-23T04:06:35Z,N623FB,"33.393642,-112.047653",1850,95,207
1755921998,2025-08-23T04:06:38Z,N623FB,"33.392761,-112.04808",1875,96,197
1755922000,2025-08-23T04:06:40Z,N623FB,"33.391891,-112.048355",1875,97,192
1755922002,2025-08-23T04:06:42Z,N623FB,"33.390804,-112.048607",1875,96,190
1755922004,2025-08-23T04:06:44Z,N623FB,"33.390057,-112.048775",1875,96,190
1755922006,2025-08-23T04:06:46Z,N623FB,"33.389053,-112.049065",1875,96,195
1755922008,2025-08-23T04:06:48Z,N623FB,"33.388229,-112.049393",1875,95,201
1755922010,2025-08-23T04:06:50Z,N623FB,"33.387405,-112.049835",1875,95,209
1755922013,2025-08-23T04:06:53Z,N623FB,"33.386379,-112.050682",1900,95,218
1755922015,2025-08-23T04:06:55Z,N623FB,"33.385666,-112.05143",1900,95,223
1755922019,2025-08-23T04:06:59Z,N623FB,"33.384472,-112.053093",1900,95,230
1755922022,2025-08-23T04:07:02Z,N623FB,"33.38382,-112.054047",1900,95,231
1755922024,2025-08-23T04:07:04Z,N623FB,"33.383076,-112.055107",1900,94,230
1755922026,2025-08-23T04:07:06Z,N623FB,"33.382423,-112.056122",1900,95,228
1755922029,2025-08-23T04:07:09Z,N623FB,"33.381817,-112.0569",1900,95,228
1755922031,2025-08-23T04:07:11Z,N623FB,"33.381073,-112.057968",1900,95,230
1755922033,2025-08-23T04:07:13Z,N623FB,"33.380562,-112.058807",1925,95,234
1755922035,2025-08-23T04:07:15Z,N623FB,"33.380127,-112.059502",1925,95,238
1755922037,2025-08-23T04:07:17Z,N623FB,"33.379578,-112.060715",1925,95,241
1755922039,2025-08-23T04:07:19Z,N623FB,"33.379257,-112.061478",1925,94,245
1755922041,2025-08-23T04:07:21Z,N623FB,"33.378838,-112.062675",1925,94,248
1755922044,2025-08-23T04:07:24Z,N623FB,"33.378525,-112.063675",1925,93,251
1755922046,2025-08-23T04:07:26Z,N623FB,"33.378296,-112.064667",1925,93,255
1755922048,2025-08-23T04:07:28Z,N623FB,"33.378094,-112.065758",1925,92,260
1755922050,2025-08-23T04:07:30Z,N623FB,"33.377956,-112.067047",1950,92,263
1755922052,2025-08-23T04:07:32Z,N623FB,"33.377884,-112.068237",1950,92,265
1755922054,2025-08-23T04:07:34Z,N623FB,"33.377815,-112.06929",1950,91,265
1755922057,2025-08-23T04:07:37Z,N623FB,"33.377747,-112.070213",1950,91,264
1755922059,2025-08-23T04:07:39Z,N623FB,"33.377655,-112.071259",1950,92,264
1755922061,2025-08-23T04:07:41Z,N623FB,"33.377537,-112.072487",1950,90,264
1755922063,2025-08-23T04:07:43Z,N623FB,"33.377441,-112.073608",1950,87,264
1755922066,2025-08-23T04:07:46Z,N623FB,"33.37735,-112.074783",1950,84,265
1755922068,2025-08-23T04:07:48Z,N623FB,"33.377289,-112.07576",1950,81,265
1755922070,2025-08-23T04:07:50Z,N623FB,"33.377254,-112.076637",1950,78,264
1755922072,2025-08-23T04:07:52Z,N623FB,"33.377163,-112.077415",1950,74,264
1755922074,2025-08-23T04:07:54Z,N623FB,"33.377106,-112.078232",1950,72,265
1755922076,2025-08-23T04:07:56Z,N623FB,"33.37706,-112.079117",1950,70,265
1755922085,2025-08-23T04:08:05Z,N623FB,"33.376789,-112.08252",1975,71,264
1755922093,2025-08-23T04:08:13Z,N623FB,"33.376465,-112.085762",1975,69,260
1755922100,2025-08-23T04:08:20Z,N623FB,"33.376141,-112.088402",1975,69,262
1755922106,2025-08-23T04:08:26Z,N623FB,"33.375824,-112.090927",1975,69,260
1755922113,2025-08-23T04:08:33Z,N623FB,"33.375549,-112.093063",1975,69,260
1755922121,2025-08-23T04:08:41Z,N623FB,"33.375092,-112.096634",1975,69,260
1755922128,2025-08-23T04:08:48Z,N623FB,"33.374771,-112.098946",1975,69,261
1755922136,2025-08-23T04:08:56Z,N623FB,"33.374542,-112.102295",1975,69,267
1755922139,2025-08-23T04:08:59Z,N623FB,"33.374508,-112.103149",2000,69,268
1755922141,2025-08-23T04:09:01Z,N623FB,"33.374496,-112.103836",1975,69,270
1755922143,2025-08-23T04:09:03Z,N623FB,"33.374508,-112.104607",1975,69,270
1755922145,2025-08-23T04:09:05Z,N623FB,"33.374508,-112.10556",1975,69,272
1755922147,2025-08-23T04:09:07Z,N623FB,"33.374557,-112.106232",1975,69,272
1755922149,2025-08-23T04:09:09Z,N623FB,"33.374588,-112.107018",2000,69,272
1755922151,2025-08-23T04:09:11Z,N623FB,"33.374588,-112.107788",2000,69,271
1755922153,2025-08-23T04:09:13Z,N623FB,"33.374603,-112.108749",2000,68,270
1755922155,2025-08-23T04:09:15Z,N623FB,"33.374634,-112.109543",2000,68,270
1755922158,2025-08-23T04:09:18Z,N623FB,"33.374634,-112.110313",2000,69,270
1755922160,2025-08-23T04:09:20Z,N623FB,"33.374603,-112.111107",2000,70,269
1755922162,2025-08-23T04:09:22Z,N623FB,"33.374603,-112.111946",2025,70,269
1755922169,2025-08-23T04:09:29Z,N623FB,"33.374462,-112.114639",2050,69,263
1755922171,2025-08-23T04:09:31Z,N623FB,"33.374405,-112.115425",2050,69,264
1755922173,2025-08-23T04:09:33Z,N623FB,"33.374313,-112.116356",2050,69,265
1755922180,2025-08-23T04:09:40Z,N623FB,"33.374416,-112.118675",2050,67,278
1755922182,2025-08-23T04:09:42Z,N623FB,"33.374557,-112.119629",2050,68,280
1755922184,2025-08-23T04:09:44Z,N623FB,"33.374634,-112.120316",2050,68,280
1755922186,2025-08-23T04:09:46Z,N623FB,"33.374771,-112.121025",2050,67,279
1755922188,2025-08-23T04:09:48Z,N623FB,"33.374882,-112.121811",2050,66,279
1755922191,2025-08-23T04:09:51Z,N623FB,"33.374973,-112.12265",2050,66,278
1755922193,2025-08-23T04:09:53Z,N623FB,"33.375092,-112.12355",2050,65,277
1755922195,2025-08-23T04:09:55Z,N623FB,"33.37516,-112.124336",2075,63,278
1755922197,2025-08-23T04:09:57Z,N623FB,"33.375229,-112.12471",2075,63,278
1755922199,2025-08-23T04:09:59Z,N623FB,"33.375366,-112.125748",2075,63,278
1755922201,2025-08-23T04:10:01Z,N623FB,"33.375412,-112.126465",2075,63,276
1755922203,2025-08-23T04:10:03Z,N623FB,"33.375504,-112.127289",2075,64,276
1755922206,2025-08-23T04:10:06Z,N623FB,"33.375549,-112.128059",2075,65,274
1755922212,2025-08-23T04:10:12Z,N623FB,"33.375732,-112.130363",2075,68,275
1755922214,2025-08-23T04:10:14Z,N623FB,"33.375813,-112.131172",2075,68,275
1755922216,2025-08-23T04:10:16Z,N623FB,"33.375858,-112.13179",2075,69,274
1755922218,2025-08-23T04:10:18Z,N623FB,"33.375916,-112.132889",2075,70,274
1755922223,2025-08-23T04:10:23Z,N623FB,"33.376007,-112.134262",2075,70,272
1755922225,2025-08-23T04:10:25Z,N623FB,"33.376045,-112.135437",2075,70,271
1755922227,2025-08-23T04:10:27Z,N623FB,"33.376091,-112.136162",2075,71,271
1755922229,2025-08-23T04:10:29Z,N623FB,"33.376099,-112.137177",2075,71,272
1755922238,2025-08-23T04:10:38Z,N623FB,"33.37619,-112.140579",2075,71,271
1755922240,2025-08-23T04:10:40Z,N623FB,"33.376232,-112.141541",2075,71,270
1755922247,2025-08-23T04:10:47Z,N623FB,"33.376465,-112.143875",2075,67,288
1755922249,2025-08-23T04:10:49Z,N623FB,"33.376785,-112.144485",2050,64,306
1755922251,2025-08-23T04:10:51Z,N623FB,"33.377209,-112.144905",2050,63,324
1755922253,2025-08-23T04:10:53Z,N623FB,"33.377907,-112.145241",2025,63,348
1755922255,2025-08-23T04:10:55Z,N623FB,"33.378479,-112.145195",2000,65,7
1755922257,2025-08-23T04:10:57Z,N623FB,"33.379074,-112.144974",1975,69,23
1755922259,2025-08-23T04:10:59Z,N623FB,"33.379631,-112.144623",1950,75,40
1755922261,2025-08-23T04:11:01Z,N623FB,"33.380219,-112.143936",1925,81,51
1755922264,2025-08-23T04:11:04Z,N623FB,"33.380703,-112.143112",1900,86,54
1755922266,2025-08-23T04:11:06Z,N623FB,"33.381306,-112.142044",1875,91,56
1755922268,2025-08-23T04:11:08Z,N623FB,"33.381725,-112.141373",1850,94,55
1755922270,2025-08-23T04:11:10Z,N623FB,"33.382278,-112.140366",1850,95,55
1755922272,2025-08-23T04:11:12Z,N623FB,"33.382782,-112.139481",1850,96,55
1755922274,2025-08-23T04:11:14Z,N623FB,"33.383354,-112.138458",1850,97,55
1755922276,2025-08-23T04:11:16Z,N623FB,"33.383881,-112.137505",1825,99,55
1755922278,2025-08-23T04:11:18Z,N623FB,"33.38443,-112.136574",1825,101,55
1755922281,2025-08-23T04:11:21Z,N623FB,"33.385124,-112.135437",1800,103,54
1755922283,2025-08-23T04:11:23Z,N623FB,"33.385712,-112.134483",1800,105,53
1755922285,2025-08-23T04:11:25Z,N623FB,"33.386124,-112.133827",1800,106,53
1755922287,2025-08-23T04:11:27Z,N623FB,"33.387039,-112.132401",1775,107,52
1755922289,2025-08-23T04:11:29Z,N623FB,"33.387589,-112.131577",1750,108,51
1755922296,2025-08-23T04:11:36Z,N623FB,"33.389732,-112.128479",1750,107,49
1755922298,2025-08-23T04:11:38Z,N623FB,"33.390518,-112.127396",1750,107,48
1755922300,2025-08-23T04:11:40Z,N623FB,"33.391315,-112.12635",1725,108,47
1755922302,2025-08-23T04:11:42Z,N623FB,"33.392029,-112.125473",1725,108,46
1755922305,2025-08-23T04:11:45Z,N623FB,"33.392757,-112.124557",1725,107,45
1755922307,2025-08-23T04:11:47Z,N623FB,"33.393318,-112.123886",1725,107,45
1755922309,2025-08-23T04:11:49Z,N623FB,"33.394249,-112.122818",1725,106,44
1755922311,2025-08-23T04:11:51Z,N623FB,"33.394913,-112.122017",1725,106,43
1755922313,2025-08-23T04:11:53Z,N623FB,"33.395599,-112.121254",1725,107,44
1755922315,2025-08-23T04:11:55Z,N623FB,"33.396435,-112.120239",1725,108,45
1755922317,2025-08-23T04:11:57Z,N623FB,"33.397339,-112.119102",1700,109,47
1755922324,2025-08-23T04:12:04Z,N623FB,"33.399277,-112.116211",1700,111,56
1755922326,2025-08-23T04:12:06Z,N623FB,"33.399811,-112.115204",1700,113,59
1755922328,2025-08-23T04:12:08Z,N623FB,"33.40044,-112.113853",1700,112,61
1755922330,2025-08-23T04:12:10Z,N623FB,"33.400955,-112.112679",1700,113,64
1755922332,2025-08-23T04:12:12Z,N623FB,"33.401459,-112.111305",1700,113,66
1755922334,2025-08-23T04:12:14Z,N623FB,"33.401825,-112.11026",1675,113,67
1755922337,2025-08-23T04:12:17Z,N623FB,"33.402283,-112.108833",1675,113,68
1755922339,2025-08-23T04:12:19Z,N623FB,"33.402626,-112.107857",1675,114,67
1755922341,2025-08-23T04:12:21Z,N623FB,"33.403152,-112.106415",1675,112,63
1755922343,2025-08-23T04:12:23Z,N623FB,"33.403656,-112.105316",1675,112,59
1755922345,2025-08-23T04:12:25Z,N623FB,"33.404297,-112.104218",1650,111,53
1755922352,2025-08-23T04:12:32Z,N623FB,"33.406723,-112.101242",1625,112,39
1755922354,2025-08-23T04:12:34Z,N623FB,"33.407375,-112.100624",1650,113,37
1755922356,2025-08-23T04:12:36Z,N623FB,"33.408463,-112.099716",1600,114,34
1755922358,2025-08-23T04:12:38Z,N623FB,"33.409149,-112.099167",1600,114,31
1755922360,2025-08-23T04:12:40Z,N623FB,"33.4104,-112.098267",1600,113,30
1755922362,2025-08-23T04:12:42Z,N623FB,"33.411285,-112.097656",1575,111,27
1755922365,2025-08-23T04:12:45Z,N623FB,"33.412403,-112.097038",1575,109,24
1755922367,2025-08-23T04:12:47Z,N623FB,"33.413361,-112.096527",1575,108,22
1755922369,2025-08-23T04:12:49Z,N623FB,"33.41436,-112.096031",1575,106,20
1755922371,2025-08-23T04:12:51Z,N623FB,"33.415474,-112.095581",1575,105,18
1755922373,2025-08-23T04:12:53Z,N623FB,"33.416428,-112.095207",1575,104,18
1755922376,2025-08-23T04:12:56Z,N623FB,"33.417385,-112.094849",1600,103,16
1755922378,2025-08-23T04:12:58Z,N623FB,"33.418503,-112.09446",1600,103,16
1755922380,2025-08-23T04:13:00Z,N623FB,"33.419434,-112.094124",1600,102,15
1755922382,2025-08-23T04:13:02Z,N623FB,"33.420086,-112.093956",1600,102,13
1755922384,2025-08-23T04:13:04Z,N623FB,"33.421432,-112.093559",1600,102,13
1755922386,2025-08-23T04:13:06Z,N623FB,"33.42218,-112.093338",1600,102,12
1755922388,2025-08-23T04:13:08Z,N623FB,"33.423248,-112.093063",1600,103,12
1755922390,2025-08-23T04:13:10Z,N623FB,"33.424393,-112.092735",1600,103,13
1755922393,2025-08-23T04:13:13Z,N623FB,"33.425262,-112.092514",1600,104,13
1755922395,2025-08-23T04:13:15Z,N623FB,"33.42627,-112.092239",1600,104,12
1755922397,2025-08-23T04:13:17Z,N623FB,"33.427486,-112.091881",1600,104,12
1755922399,2025-08-23T04:13:19Z,N623FB,"33.428139,-112.091713",1600,104,12
1755922401,2025-08-23T04:13:21Z,N623FB,"33.429108,-112.091476",1600,103,12
1755922404,2025-08-23T04:13:24Z,N623FB,"33.430893,-112.091034",1600,103,11
1755922407,2025-08-23T04:13:27Z,N623FB,"33.431854,-112.090813",1600,101,10
1755922409,2025-08-23T04:13:29Z,N623FB,"33.43277,-112.090591",1600,101,10
1755922413,2025-08-23T04:13:33Z,N623FB,"33.434875,-112.09021",1600,100,7
1755922415,2025-08-23T04:13:35Z,N623FB,"33.435837,-112.090042",1600,99,6
1755922417,2025-08-23T04:13:37Z,N623FB,"33.436981,-112.08992",1600,99,6
1755922419,2025-08-23T04:13:39Z,N623FB,"33.437679,-112.089806",1600,99,5
1755922421,2025-08-23T04:13:41Z,N623FB,"33.438614,-112.089752",1600,98,5
1755922424,2025-08-23T04:13:44Z,N623FB,"33.439682,-112.089638",1600,97,4
1755922426,2025-08-23T04:13:46Z,N623FB,"33.440643,-112.089554",1600,97,2
1755922428,2025-08-23T04:13:48Z,N623FB,"33.441498,-112.08947",1625,96,2
1755922430,2025-08-23T04:13:50Z,N623FB,"33.442703,-112.089439",1625,96,2
1755922432,2025-08-23T04:13:52Z,N623FB,"33.443573,-112.089386",1625,96,2
1755922434,2025-08-23T04:13:54Z,N623FB,"33.44458,-112.089333",1625,96,2
1755922436,2025-08-23T04:13:56Z,N623FB,"33.445267,-112.089279",1625,96,2
1755922438,2025-08-23T04:13:58Z,N623FB,"33.446384,-112.089249",1650,96,1
1755922440,2025-08-23T04:14:00Z,N623FB,"33.447327,-112.089218",1650,97,1
1755922443,2025-08-23T04:14:03Z,N623FB,"33.448242,-112.089218",1650,96,1
1755922445,2025-08-23T04:14:05Z,N623FB,"33.449181,-112.089249",1650,96,359
1755922447,2025-08-23T04:14:07Z,N623FB,"33.450256,-112.089279",1675,96,358
1755922449,2025-08-23T04:14:09Z,N623FB,"33.451134,-112.089302",1675,96,358
1755922454,2025-08-23T04:14:14Z,N623FB,"33.453094,-112.089111",1700,95,9
1755922456,2025-08-23T04:14:16Z,N623FB,"33.453926,-112.088913",1700,96,16
1755922458,2025-08-23T04:14:18Z,N623FB,"33.454906,-112.088402",1725,95,23
1755922460,2025-08-23T04:14:20Z,N623FB,"33.455605,-112.087959",1725,95,32
1755922462,2025-08-23T04:14:22Z,N623FB,"33.456345,-112.087242",1750,97,44
1755922464,2025-08-23T04:14:24Z,N623FB,"33.457031,-112.086365",1750,99,51
1755922466,2025-08-23T04:14:26Z,N623FB,"33.457672,-112.085159",1750,101,58
1755922468,2025-08-23T04:14:28Z,N623FB,"33.458038,-112.084221",1750,102,66
1755922471,2025-08-23T04:14:31Z,N623FB,"33.458359,-112.082962",1725,103,78
1755922473,2025-08-23T04:14:33Z,N623FB,"33.458496,-112.081917",1725,105,84
1755922475,2025-08-23T04:14:35Z,N623FB,"33.458584,-112.08033",1725,105,88
1755922477,2025-08-23T04:14:37Z,N623FB,"33.458538,-112.079216",1700,100,91
1755922479,2025-08-23T04:14:39Z,N623FB,"33.458496,-112.078072",1700,95,93
1755922481,2025-08-23T04:14:41Z,N623FB,"33.45845,-112.07708",1725,90,92
1755922484,2025-08-23T04:14:44Z,N623FB,"33.458443,-112.076187",1725,82,92
1755922486,2025-08-23T04:14:46Z,N623FB,"33.458405,-112.07505",1750,80,92
1755922488,2025-08-23T04:14:48Z,N623FB,"33.458397,-112.074333",1775,78,90
1755922490,2025-08-23T04:14:50Z,N623FB,"33.458397,-112.073273",1800,79,90
1755922492,2025-08-23T04:14:52Z,N623FB,"33.458351,-112.072487",1825,80,90
1755922494,2025-08-23T04:14:54Z,N623FB,"33.458405,-112.071312",1825,80,87
1755922496,2025-08-23T04:14:56Z,N623FB,"33.45845,-112.070488",1825,80,84
1755922498,2025-08-23T04:14:58Z,N623FB,"33.458538,-112.069687",1825,80,79
1755922501,2025-08-23T04:15:01Z,N623FB,"33.458721,-112.068787",1850,81,72
1755922503,2025-08-23T04:15:03Z,N623FB,"33.459045,-112.067909",1850,81,64
1755922505,2025-08-23T04:15:05Z,N623FB,"33.459457,-112.067085",1850,80,53
1755922507,2025-08-23T04:15:07Z,N623FB,"33.460098,-112.066208",1850,80,45
1755922509,2025-08-23T04:15:09Z,N623FB,"33.460632,-112.065651",1850,78,36
1755922511,2025-08-23T04:15:11Z,N623FB,"33.461197,-112.065269",1850,76,23
1755922513,2025-08-23T04:15:13Z,N623FB,"33.462021,-112.064941",1875,75,16
1755922515,2025-08-23T04:15:15Z,N623FB,"33.462845,-112.064774",1900,74,6
1755922518,2025-08-23T04:15:18Z,N623FB,"33.463425,-112.064697",1900,75,2
1755922520,2025-08-23T04:15:20Z,N623FB,"33.464264,-112.064697",1925,75,1
1755922522,2025-08-23T04:15:22Z,N623FB,"33.464996,-112.064667",1925,75,359
1755922524,2025-08-23T04:15:24Z,N623FB,"33.46566,-112.064697",1950,74,358
1755922526,2025-08-23T04:15:26Z,N623FB,"33.466507,-112.064774",1950,75,356
1755922528,2025-08-23T04:15:28Z,N623FB,"33.467194,-112.064835",1975,76,356
1755922530,2025-08-23T04:15:30Z,N623FB,"33.467926,-112.064888",1975,77,353
1755922532,2025-08-23T04:15:32Z,N623FB,"33.468731,-112.065033",1975,78,352
1755922535,2025-08-23T04:15:35Z,N623FB,"33.469437,-112.065163",1975,79,351
1755922537,2025-08-23T04:15:37Z,N623FB,"33.470261,-112.065323",1975,81,350
1755922539,2025-08-23T04:15:39Z,N623FB,"33.471153,-112.065483",1975,81,350
1755922541,2025-08-23T04:15:41Z,N623FB,"33.471897,-112.065651",1975,80,349
1755922543,2025-08-23T04:15:43Z,N623FB,"33.472687,-112.065819",1975,79,349
1755922546,2025-08-23T04:15:46Z,N623FB,"33.47348,-112.065987",1975,77,349
1755922548,2025-08-23T04:15:48Z,N623FB,"33.474178,-112.066154",2000,76,348
1755922550,2025-08-23T04:15:50Z,N623FB,"33.475067,-112.066368",2000,74,346
1755922552,2025-08-23T04:15:52Z,N623FB,"33.475574,-112.066544",2025,74,344
1755922554,2025-08-23T04:15:54Z,N623FB,"33.476395,-112.066864",2025,73,340
1755922556,2025-08-23T04:15:56Z,N623FB,"33.477081,-112.067192",2050,73,333
1755922558,2025-08-23T04:15:58Z,N623FB,"33.477722,-112.067635",2050,73,327
1755922560,2025-08-23T04:16:00Z,N623FB,"33.478271,-112.06813",2050,73,320
1755922562,2025-08-23T04:16:02Z,N623FB,"33.478741,-112.068733",2050,75,312
1755922565,2025-08-23T04:16:05Z,N623FB,"33.47916,-112.069344",2050,77,305
1755922567,2025-08-23T04:16:07Z,N623FB,"33.47958,-112.070076",2050,79,299
1755922569,2025-08-23T04:16:09Z,N623FB,"33.479996,-112.071083",2050,80,294
1755922571,2025-08-23T04:16:11Z,N623FB,"33.480286,-112.071976",2050,82,288
1755922573,2025-08-23T04:16:13Z,N623FB,"33.480511,-112.072937",2050,83,283
1755922575,2025-08-23T04:16:15Z,N623FB,"33.480652,-112.073784",2050,85,278
1755922577,2025-08-23T04:16:17Z,N623FB,"33.480694,-112.074951",2050,86,273
1755922579,2025-08-23T04:16:19Z,N623FB,"33.480743,-112.075874",2050,87,270
1755922581,2025-08-23T04:16:21Z,N623FB,"33.480743,-112.076859",2050,88,269
1755922584,2025-08-23T04:16:24Z,N623FB,"33.480698,-112.07785",2050,89,268
1755922586,2025-08-23T04:16:26Z,N623FB,"33.480648,-112.078987",2050,89,267
1755922588,2025-08-23T04:16:28Z,N623FB,"33.480652,-112.07972",2050,90,266
1755922590,2025-08-23T04:16:30Z,N623FB,"33.48056,-112.080925",2050,91,266
1755922592,2025-08-23T04:16:32Z,N623FB,"33.480469,-112.082245",2050,91,264
1755922594,2025-08-23T04:16:34Z,N623FB,"33.480415,-112.083305",2050,92,264
1755922596,2025-08-23T04:16:36Z,N623FB,"33.480286,-112.084496",2050,92,263
1755922599,2025-08-23T04:16:39Z,N623FB,"33.480183,-112.085548",2050,93,262
1755922601,2025-08-23T04:16:41Z,N623FB,"33.480057,-112.086746",2050,93,262
1755922603,2025-08-23T04:16:43Z,N623FB,"33.479919,-112.087738",2050,93,260
1755922605,2025-08-23T04:16:45Z,N623FB,"33.479736,-112.089005",2050,93,260
1755922608,2025-08-23T04:16:48Z,N623FB,"33.47958,-112.090027",2050,92,258
1755922610,2025-08-23T04:16:50Z,N623FB,"33.479393,-112.091042",2050,92,256
1755922612,2025-08-23T04:16:52Z,N623FB,"33.479187,-112.092079",2050,92,256
1755922614,2025-08-23T04:16:54Z,N623FB,"33.478958,-112.093124",2050,93,256
1755922616,2025-08-23T04:16:56Z,N623FB,"33.478775,-112.094109",2050,93,257
1755922618,2025-08-23T04:16:58Z,N623FB,"33.478554,-112.095352",2050,92,259
1755922625,2025-08-23T04:17:05Z,N623FB,"33.478367,-112.098549",2075,83,274
1755922627,2025-08-23T04:17:07Z,N623FB,"33.478508,-112.099617",2100,80,278
1755922629,2025-08-23T04:17:09Z,N623FB,"33.478638,-112.100319",2100,77,284
1755922631,2025-08-23T04:17:11Z,N623FB,"33.478867,-112.101143",2100,76,292
1755922633,2025-08-23T04:17:13Z,N623FB,"33.479279,-112.102188",2125,75,297
1755922636,2025-08-23T04:17:16Z,N623FB,"33.479645,-112.102898",2100,75,299
1755922638,2025-08-23T04:17:18Z,N623FB,"33.479996,-112.103706",2125,75,299
1755922640,2025-08-23T04:17:20Z,N623FB,"33.480423,-112.104599",2125,75,298
1755922642,2025-08-23T04:17:22Z,N623FB,"33.480743,-112.105316",2125,75,297
1755922644,2025-08-23T04:17:24Z,N623FB,"33.481068,-112.106117",2150,74,296
1755922646,2025-08-23T04:17:26Z,N623FB,"33.4813,-112.106789",2175,75,293
1755922648,2025-08-23T04:17:28Z,N623FB,"33.481579,-112.107574",2175,76,289
1755922650,2025-08-23T04:17:30Z,N623FB,"33.481842,-112.108612",2200,77,287
1755922653,2025-08-23T04:17:33Z,N623FB,"33.482025,-112.109436",2175,79,283
1755922659,2025-08-23T04:17:39Z,N623FB,"33.482437,-112.112457",2200,84,275
1755922661,2025-08-23T04:17:41Z,N623FB,"33.482559,-112.113464",2200,83,278
1755922666,2025-08-23T04:17:46Z,N623FB,"33.483162,-112.114922",2150,63,307
1755922668,2025-08-23T04:17:48Z,N623FB,"33.483536,-112.115364",2150,53,316
1755922670,2025-08-23T04:17:50Z,N623FB,"33.483902,-112.115753",2175,39,322
1755922672,2025-08-23T04:17:52Z,N623FB,"33.484177,-112.116028",2200,30,321
1755922676,2025-08-23T04:17:56Z,N623FB,"33.484512,-112.116379",2225,15,320
1755922683,2025-08-23T04:18:03Z,N623FB,"33.484837,-112.116653",2250,15,336
1755922687,2025-08-23T04:18:07Z,N623FB,"33.485229,-112.116959",2250,32,326
1755922689,2025-08-23T04:18:09Z,N623FB,"33.485538,-112.117218",2225,40,323
1755922691,2025-08-23T04:18:11Z,N623FB,"33.485916,-112.117569",2200,48,321
1755922694,2025-08-23T04:18:14Z,N623FB,"33.486282,-112.117889",2200,55,318
1755922696,2025-08-23T04:18:16Z,N623FB,"33.486694,-112.118393",2200,58,315
1755922698,2025-08-23T04:18:18Z,N623FB,"33.487152,-112.118942",2200,60,312
1755922700,2025-08-23T04:18:20Z,N623FB,"33.487473,-112.119492",2200,63,305
1755922702,2025-08-23T04:18:22Z,N623FB,"33.48782,-112.120132",2225,66,297
1755922704,2025-08-23T04:18:24Z,N623FB,"33.488098,-112.120804",2225,70,290
1755922706,2025-08-23T04:18:26Z,N623FB,"33.488342,-112.121742",2225,73,285
1755922709,2025-08-23T04:18:29Z,N623FB,"33.488525,-112.122566",2225,78,280
1755922711,2025-08-23T04:18:31Z,N623FB,"33.488663,-112.123611",2225,80,278
1755922713,2025-08-23T04:18:33Z,N623FB,"33.48875,-112.124786",2200,82,277
1755922715,2025-08-23T04:18:35Z,N623FB,"33.488842,-112.125679",2200,84,276
1755922717,2025-08-23T04:18:37Z,N623FB,"33.488934,-112.126633",2200,85,278
1755922720,2025-08-23T04:18:40Z,N623FB,"33.489075,-112.127617",2200,85,282
1755922722,2025-08-23T04:18:42Z,N623FB,"33.489262,-112.128479",2200,85,286
1755922724,2025-08-23T04:18:44Z,N623FB,"33.48954,-112.129547",2175,83,288
1755922726,2025-08-23T04:18:46Z,N623FB,"33.489819,-112.130386",2175,80,290
1755922728,2025-08-23T04:18:48Z,N623FB,"33.490051,-112.131226",2175,79,289
1755922730,2025-08-23T04:18:50Z,N623FB,"33.490356,-112.132179",2175,78,289
1755922732,2025-08-23T04:18:52Z,N623FB,"33.490585,-112.133003",2175,77,287
1755922739,2025-08-23T04:18:59Z,N623FB,"33.491272,-112.135696",2175,76,286
1755922741,2025-08-23T04:19:01Z,N623FB,"33.491543,-112.136665",2175,75,286
1755922743,2025-08-23T04:19:03Z,N623FB,"33.49173,-112.137505",2175,76,285
1755922745,2025-08-23T04:19:05Z,N623FB,"33.491913,-112.138329",2175,77,284
1755922750,2025-08-23T04:19:10Z,N623FB,"33.492279,-112.140251",2175,78,281
1755922752,2025-08-23T04:19:12Z,N623FB,"33.492428,-112.141319",2175,77,280
1755922754,2025-08-23T04:19:14Z,N623FB,"33.492565,-112.141991",2175,77,280
1755922756,2025-08-23T04:19:16Z,N623FB,"33.492706,-112.143166",2175,76,278
1755922758,2025-08-23T04:19:18Z,N623FB,"33.492798,-112.144012",2175,76,277
1755922761,2025-08-23T04:19:21Z,N623FB,"33.49292,-112.145035",2175,76,276
1755922763,2025-08-23T04:19:23Z,N623FB,"33.492985,-112.145912",2175,77,275
1755922765,2025-08-23T04:19:25Z,N623FB,"33.493057,-112.14679",2175,78,274
1755922767,2025-08-23T04:19:27Z,N623FB,"33.493126,-112.147881",2175,78,273
1755922770,2025-08-23T04:19:30Z,N623FB,"33.493149,-112.148819",2175,79,272
1755922772,2025-08-23T04:19:32Z,N623FB,"33.493217,-112.149895",2150,80,272
1755922774,2025-08-23T04:19:34Z,N623FB,"33.49324,-112.150742",2150,80,272
1755922776,2025-08-23T04:19:36Z,N623FB,"33.493263,-112.151855",2150,81,273
1755922779,2025-08-23T04:19:39Z,N623FB,"33.493332,-112.152832",2125,82,272
1755922781,2025-08-23T04:19:41Z,N623FB,"33.493378,-112.153931",2125,82,272
1755922783,2025-08-23T04:19:43Z,N623FB,"33.493378,-112.154648",2125,82,272
1755922785,2025-08-23T04:19:45Z,N623FB,"33.493423,-112.155632",2125,82,271
1755922787,2025-08-23T04:19:47Z,N623FB,"33.493423,-112.156731",2125,81,270
1755922790,2025-08-23T04:19:50Z,N623FB,"33.49345,-112.157852",2125,81,270
1755922792,2025-08-23T04:19:52Z,N623FB,"33.49345,-112.158752",2125,81,269
1755922794,2025-08-23T04:19:54Z,N623FB,"33.493423,-112.159645",2125,80,269
1755922796,2025-08-23T04:19:56Z,N623FB,"33.493423,-112.160576",2125,80,268
1755922800,2025-08-23T04:20:00Z,N623FB,"33.493359,-112.162453",2100,80,267
1755922802,2025-08-23T04:20:02Z,N623FB,"33.493332,-112.163544",2125,79,266
1755922804,2025-08-23T04:20:04Z,N623FB,"33.493263,-112.16436",2125,78,265
1755922807,2025-08-23T04:20:07Z,N623FB,"33.493195,-112.165298",2125,79,265
1755922809,2025-08-23T04:20:09Z,N623FB,"33.493126,-112.166206",2125,79,264
1755922811,2025-08-23T04:20:11Z,N623FB,"33.493057,-112.167282",2125,79,264
1755922813,2025-08-23T04:20:13Z,N623FB,"33.492985,-112.168114",2125,78,264
1755922816,2025-08-23T04:20:16Z,N623FB,"33.492874,-112.169312",2125,79,262
1755922818,2025-08-23T04:20:18Z,N623FB,"33.492737,-112.170357",2125,80,260
1755922820,2025-08-23T04:20:20Z,N623FB,"33.492599,-112.171234",2125,80,259
1755922822,2025-08-23T04:20:22Z,N623FB,"33.492462,-112.172112",2125,81,258
1755922825,2025-08-23T04:20:25Z,N623FB,"33.492279,-112.173157",2125,83,258
1755922827,2025-08-23T04:20:27Z,N623FB,"33.4921,-112.174225",2100,84,258
1755922829,2025-08-23T04:20:29Z,N623FB,"33.491962,-112.175117",2100,84,257
1755922831,2025-08-23T04:20:31Z,N623FB,"33.491776,-112.176186",2100,86,257
1755922833,2025-08-23T04:20:33Z,N623FB,"33.491547,-112.177109",2100,86,256
1755922835,2025-08-23T04:20:35Z,N623FB,"33.491364,-112.178047",2100,86,255
1755922837,2025-08-23T04:20:37Z,N623FB,"33.49118,-112.178978",2075,85,255
1755922840,2025-08-23T04:20:40Z,N623FB,"33.490906,-112.180191",2075,84,254
1755922842,2025-08-23T04:20:42Z,N623FB,"33.490677,-112.181068",2075,84,253
1755922844,2025-08-23T04:20:44Z,N623FB,"33.490448,-112.181946",2075,83,251
1755922846,2025-08-23T04:20:46Z,N623FB,"33.490128,-112.182991",2075,83,251
1755922848,2025-08-23T04:20:48Z,N623FB,"33.489899,-112.183868",2050,83,250
1755922850,2025-08-23T04:20:50Z,N623FB,"33.489586,-112.184814",2050,84,249
1755922852,2025-08-23T04:20:52Z,N623FB,"33.489353,-112.1856",2050,85,247
1755922855,2025-08-23T04:20:55Z,N623FB,"33.488983,-112.186607",2050,84,247
1755922857,2025-08-23T04:20:57Z,N623FB,"33.488609,-112.187675",2050,85,245
1755922859,2025-08-23T04:20:59Z,N623FB,"33.488331,-112.188347",2050,86,244
1755922861,2025-08-23T04:21:01Z,N623FB,"33.48782,-112.189468",2025,88,242
1755922863,2025-08-23T04:21:03Z,N623FB,"33.4874,-112.190308",2025,87,238
1755922865,2025-08-23T04:21:05Z,N623FB,"33.48698,-112.191147",2025,89,235
1755922867,2025-08-23T04:21:07Z,N623FB,"33.486374,-112.192055",2025,88,229
1755922869,2025-08-23T04:21:09Z,N623FB,"33.485825,-112.192764",2025,88,222
1755922872,2025-08-23T04:21:12Z,N623FB,"33.485184,-112.193375",2025,90,215
1755922874,2025-08-23T04:21:14Z,N623FB,"33.48428,-112.194061",2025,91,210
1755922876,2025-08-23T04:21:16Z,N623FB,"33.483673,-112.194397",2025,94,203
1755922878,2025-08-23T04:21:18Z,N623FB,"33.48262,-112.194855",2025,96,197
1755922880,2025-08-23T04:21:20Z,N623FB,"33.481567,-112.195183",2000,98,192
1755922882,2025-08-23T04:21:22Z,N623FB,"33.480652,-112.195351",2000,98,187
1755922884,2025-08-23T04:21:24Z,N623FB,"33.479904,-112.195465",1975,99,185
1755922887,2025-08-23T04:21:27Z,N623FB,"33.4786,-112.195518",1975,99,182
1755922889,2025-08-23T04:21:29Z,N623FB,"33.477669,-112.19558",1975,101,181
1755922891,2025-08-23T04:21:31Z,N623FB,"33.476486,-112.195572",1975,101,180
1755922893,2025-08-23T04:21:33Z,N623FB,"33.47562,-112.19558",1950,101,178
1755922896,2025-08-23T04:21:36Z,N623FB,"33.474689,-112.195518",1950,100,178
1755922898,2025-08-23T04:21:38Z,N623FB,"33.47348,-112.195465",1950,100,177
1755922900,2025-08-23T04:21:40Z,N623FB,"33.472549,-112.195412",1950,100,176
1755922902,2025-08-23T04:21:42Z,N623FB,"33.471588,-112.195351",1950,99,175
1755922904,2025-08-23T04:21:44Z,N623FB,"33.470673,-112.195297",1950,99,174
1755922906,2025-08-23T04:21:46Z,N623FB,"33.469757,-112.195129",1950,101,169
1755922909,2025-08-23T04:21:49Z,N623FB,"33.468613,-112.194687",1925,107,158
1755922911,2025-08-23T04:21:51Z,N623FB,"33.467476,-112.194008",1875,113,150
1755922913,2025-08-23T04:21:53Z,N623FB,"33.466545,-112.193283",1850,118,145
1755922915,2025-08-23T04:21:55Z,N623FB,"33.46566,-112.192436",1825,121,142
1755922917,2025-08-23T04:21:57Z,N623FB,"33.464775,-112.191597",1825,122,140
1755922919,2025-08-23T04:21:59Z,N623FB,"33.463669,-112.190514",1825,124,139
1755922921,2025-08-23T04:22:01Z,N623FB,"33.462799,-112.189636",1800,126,138
1755922924,2025-08-23T04:22:04Z,N623FB,"33.461746,-112.188538",1800,127,138
1755922926,2025-08-23T04:22:06Z,N623FB,"33.460876,-112.187546",1800,128,137
1755922928,2025-08-23T04:22:08Z,N623FB,"33.459839,-112.186501",1775,128,138
1755922931,2025-08-23T04:22:11Z,N623FB,"33.458725,-112.185295",1775,128,138
1755922933,2025-08-23T04:22:13Z,N623FB,"33.45779,-112.184311",1775,129,139
1755922935,2025-08-23T04:22:15Z,N623FB,"33.456802,-112.183319",1775,130,139
1755922937,2025-08-23T04:22:17Z,N623FB,"33.455704,-112.182167",1750,131,139
1755922939,2025-08-23T04:22:19Z,N623FB,"33.454697,-112.181122",1750,132,138
1755922941,2025-08-23T04:22:21Z,N623FB,"33.453926,-112.180275",1750,133,138
1755922944,2025-08-23T04:22:24Z,N623FB,"33.452995,-112.179321",1750,133,137
1755922946,2025-08-23T04:22:26Z,N623FB,"33.451859,-112.178047",1725,134,136
1755922952,2025-08-23T04:22:32Z,N623FB,"33.449066,-112.174858",1725,133,135
1755922961,2025-08-23T04:22:41Z,N623FB,"33.445312,-112.170303",1700,135,133
1755922963,2025-08-23T04:22:43Z,N623FB,"33.444107,-112.168839",1700,136,133
1755922966,2025-08-23T04:22:46Z,N623FB,"33.443081,-112.167496",1675,135,132
1755922968,2025-08-23T04:22:48Z,N623FB,"33.4422,-112.166344",1675,135,131
1755922970,2025-08-23T04:22:50Z,N623FB,"33.441284,-112.165085",1675,135,131
1755922972,2025-08-23T04:22:52Z,N623FB,"33.440334,-112.163795",1675,133,131
1755922974,2025-08-23T04:22:54Z,N623FB,"33.439453,-112.162666",1675,133,131
1755922976,2025-08-23T04:22:56Z,N623FB,"33.438705,-112.161613",1675,133,131
1755922983,2025-08-23T04:23:03Z,N623FB,"33.435608,-112.157669",1650,134,135
1755922990,2025-08-23T04:23:10Z,N623FB,"33.432632,-112.154427",1650,133,140
1755922992,2025-08-23T04:23:12Z,N623FB,"33.431442,-112.153313",1650,134,141
1755922994,2025-08-23T04:23:14Z,N623FB,"33.430389,-112.152336",1650,134,143
1755922997,2025-08-23T04:23:17Z,N623FB,"33.429207,-112.151352",1650,133,143
1755922999,2025-08-23T04:23:19Z,N623FB,"33.428284,-112.150467",1650,133,142
1755923001,2025-08-23T04:23:21Z,N623FB,"33.427067,-112.149338",1650,132,141
1755923003,2025-08-23T04:23:23Z,N623FB,"33.426136,-112.148438",1675,133,141
1755923005,2025-08-23T04:23:25Z,N623FB,"33.425125,-112.147446",1650,133,141
1755923007,2025-08-23T04:23:27Z,N623FB,"33.424164,-112.146568",1650,133,142
1755923010,2025-08-23T04:23:30Z,N623FB,"33.423111,-112.145576",1650,132,141
1755923012,2025-08-23T04:23:32Z,N623FB,"33.421993,-112.144455",1650,132,140
1755923018,2025-08-23T04:23:38Z,N623FB,"33.418968,-112.141266",1650,132,136
1755923021,2025-08-23T04:23:41Z,N623FB,"33.418037,-112.140251",1650,131,136
1755923028,2025-08-23T04:23:48Z,N623FB,"33.414413,-112.136681",1650,133,144
1755923035,2025-08-23T04:23:55Z,N623FB,"33.411026,-112.133659",1625,133,138
1755923037,2025-08-23T04:23:57Z,N623FB,"33.410122,-112.132576",1625,132,133
1755923039,2025-08-23T04:23:59Z,N623FB,"33.409103,-112.131187",1625,131,130
1755923041,2025-08-23T04:24:01Z,N623FB,"33.408371,-112.130035",1625,131,125
1755923044,2025-08-23T04:24:04Z,N623FB,"33.407593,-112.128609",1625,129,121
1755923046,2025-08-23T04:24:06Z,N623FB,"33.406998,-112.127342",1625,128,117
1755923048,2025-08-23T04:24:08Z,N623FB,"33.406448,-112.126083",1650,128,115
1755923050,2025-08-23T04:24:10Z,N623FB,"33.406025,-112.12484",1625,127,112
1755923052,2025-08-23T04:24:12Z,N623FB,"33.40556,-112.12355",1625,126,109
1755923054,2025-08-23T04:24:14Z,N623FB,"33.405186,-112.122093",1625,126,108
1755923057,2025-08-23T04:24:17Z,N623FB,"33.40477,-112.120354",1650,125,105
1755923059,2025-08-23T04:24:19Z,N623FB,"33.404526,-112.119217",1625,124,103
1755923061,2025-08-23T04:24:21Z,N623FB,"33.40416,-112.117508",1625,123,102
1755923063,2025-08-23T04:24:23Z,N623FB,"33.403976,-112.116302",1625,122,101
1755923065,2025-08-23T04:24:25Z,N623FB,"33.403748,-112.114983",1650,123,101
1755923067,2025-08-23T04:24:27Z,N623FB,"33.403465,-112.113403",1625,123,101
1755923069,2025-08-23T04:24:29Z,N623FB,"33.403187,-112.111664",1650,123,102
1755923071,2025-08-23T04:24:31Z,N623FB,"33.402908,-112.110321",1650,123,102
1755923074,2025-08-23T04:24:34Z,N623FB,"33.402649,-112.10894",1650,123,101
1755923076,2025-08-23T04:24:36Z,N623FB,"33.40242,-112.107567",1650,124,101
1755923078,2025-08-23T04:24:38Z,N623FB,"33.402237,-112.106247",1650,124,100
1755923080,2025-08-23T04:24:40Z,N623FB,"33.401962,-112.104599",1625,123,101
1755923082,2025-08-23T04:24:42Z,N623FB,"33.401741,-112.103485",1650,123,101
1755923084,2025-08-23T04:24:44Z,N623FB,"33.401508,-112.10186",1650,122,101
1755923091,2025-08-23T04:24:51Z,N623FB,"33.400635,-112.097076",1675,122,100
1755923098,2025-08-23T04:24:58Z,N623FB,"33.40004,-112.092628",1650,122,98
1755923107,2025-08-23T04:25:07Z,N623FB,"33.399368,-112.086891",1675,124,97
1755923109,2025-08-23T04:25:09Z,N623FB,"33.399216,-112.085594",1650,123,96
1755923111,2025-08-23T04:25:11Z,N623FB,"33.399124,-112.084274",1650,124,95
1755923113,2025-08-23T04:25:13Z,N623FB,"33.398987,-112.082741",1650,124,95
1755923115,2025-08-23T04:25:15Z,N623FB,"33.398849,-112.081528",1650,124,95
1755923117,2025-08-23T04:25:17Z,N623FB,"33.398716,-112.079659",1650,124,95
1755923119,2025-08-23T04:25:19Z,N623FB,"33.398621,-112.078346",1650,124,95
1755923126,2025-08-23T04:25:26Z,N623FB,"33.398205,-112.073776",1650,124,96
1755923134,2025-08-23T04:25:34Z,N623FB,"33.397598,-112.067947",1675,123,97
1755923141,2025-08-23T04:25:41Z,N623FB,"33.397133,-112.063576",1700,124,97
1755923149,2025-08-23T04:25:49Z,N623FB,"33.396481,-112.057686",1700,126,97
1755923158,2025-08-23T04:25:58Z,N623FB,"33.395878,-112.052086",1700,125,97
1755923166,2025-08-23T04:26:06Z,N623FB,"33.39518,-112.046425",1700,125,97
1755923175,2025-08-23T04:26:15Z,N623FB,"33.394592,-112.040443",1625,111,95
1755923177,2025-08-23T04:26:17Z,N623FB,"33.394547,-112.039345",1625,106,92
1755923179,2025-08-23T04:26:19Z,N623FB,"33.394592,-112.038132",1650,98,82
1755923181,2025-08-23T04:26:21Z,N623FB,"33.394901,-112.037064",1650,91,62
1755923183,2025-08-23T04:26:23Z,N623FB,"33.395412,-112.036385",1675,84,42
1755923185,2025-08-23T04:26:25Z,N623FB,"33.396015,-112.036163",1700,72,6
1755923187,2025-08-23T04:26:27Z,N623FB,"33.396713,-112.036278",1700,64,336
1755923189,2025-08-23T04:26:29Z,N623FB,"33.397202,-112.036819",1675,59,308
1755923191,2025-08-23T04:26:31Z,N623FB,"33.397385,-112.037422",1675,56,278
1755923193,2025-08-23T04:26:33Z,N623FB,"33.397274,-112.037956",1675,55,248
1755923195,2025-08-23T04:26:35Z,N623FB,"33.3969,-112.038406",1675,57,217
1755923198,2025-08-23T04:26:38Z,N623FB,"33.396248,-112.038521",1675,60,176
1755923200,2025-08-23T04:26:40Z,N623FB,"33.395737,-112.0383",1675,62,148
1755923202,2025-08-23T04:26:42Z,N623FB,"33.395367,-112.037735",1700,62,122
1755923204,2025-08-23T04:26:44Z,N623FB,"33.395279,-112.037033",1700,61,94
1755923206,2025-08-23T04:26:46Z,N623FB,"33.395462,-112.03643",1700,56,60
1755923208,2025-08-23T04:26:48Z,N623FB,"33.395828,-112.036049",1700,53,28
1755923210,2025-08-23T04:26:50Z,N623FB,"33.396435,-112.035995",1700,55,352
1755923212,2025-08-23T04:26:52Z,N623FB,"33.396927,-112.036324",1700,58,326
1755923215,2025-08-23T04:26:55Z,N623FB,"33.397274,-112.036835",1675,61,299
1755923217,2025-08-23T04:26:57Z,N623FB,"33.397366,-112.037453",1700,62,259
1755923219,2025-08-23T04:26:59Z,N623FB,"33.39711,-112.038132",1725,65,228
1755923221,2025-08-23T04:27:01Z,N623FB,"33.396469,-112.038521",1725,65,194
1755923223,2025-08-23T04:27:03Z,N623FB,"33.395828,-112.038353",1725,64,161
1755923225,2025-08-23T04:27:05Z,N623FB,"33.395416,-112.037857",1725,64,121
1755923227,2025-08-23T04:27:07Z,N623FB,"33.395226,-112.037064",1725,64,94
1755923229,2025-08-23T04:27:09Z,N623FB,"33.395412,-112.036446",1725,60,65
1755923231,2025-08-23T04:27:11Z,N623FB,"33.395782,-112.035942",1725,58,36
1755923233,2025-08-23T04:27:13Z,N623FB,"33.396332,-112.035774",1725,57,5
1755923236,2025-08-23T04:27:16Z,N623FB,"33.396835,-112.035934",1725,59,333
1755923238,2025-08-23T04:27:18Z,N623FB,"33.39732,-112.036331",1725,60,308
1755923240,2025-08-23T04:27:20Z,N623FB,"33.397552,-112.036949",1725,61,280
1755923242,2025-08-23T04:27:22Z,N623FB,"33.397415,-112.037788",1725,65,250
1755923244,2025-08-23T04:27:24Z,N623FB,"33.396996,-112.038353",1725,70,215
1755923246,2025-08-23T04:27:26Z,N623FB,"33.396389,-112.038574",1725,70,184
1755923248,2025-08-23T04:27:28Z,N623FB,"33.395691,-112.038292",1725,67,148
1755923250,2025-08-23T04:27:30Z,N623FB,"33.395325,-112.03775",1725,67,121
1755923252,2025-08-23T04:27:32Z,N623FB,"33.395142,-112.037094",1725,66,94
1755923254,2025-08-23T04:27:34Z,N623FB,"33.39537,-112.036209",1750,61,63
1755923257,2025-08-23T04:27:37Z,N623FB,"33.395691,-112.035828",1725,59,31
1755923259,2025-08-23T04:27:39Z,N623FB,"33.396202,-112.035606",1725,59,8
1755923261,2025-08-23T04:27:41Z,N623FB,"33.396854,-112.035774",1750,61,343
1755923263,2025-08-23T04:27:43Z,N623FB,"33.397339,-112.036156",1750,64,314
1755923265,2025-08-23T04:27:45Z,N623FB,"33.397648,-112.036835",1750,64,291
1755923267,2025-08-23T04:27:47Z,N623FB,"33.397705,-112.037422",1750,63,262
1755923269,2025-08-23T04:27:49Z,N623FB,"33.39743,-112.038246",1750,66,237
1755923271,2025-08-23T04:27:51Z,N623FB,"33.396854,-112.038689",1750,68,202
1755923273,2025-08-23T04:27:53Z,N623FB,"33.396194,-112.038742",1750,72,179
1755923275,2025-08-23T04:27:55Z,N623FB,"33.395599,-112.03846",1750,75,153
1755923277,2025-08-23T04:27:57Z,N623FB,"33.395084,-112.037903",1750,75,124
1755923280,2025-08-23T04:28:00Z,N623FB,"33.394867,-112.03698",1725,73,90
1755923282,2025-08-23T04:28:02Z,N623FB,"33.395004,-112.036156",1725,69,66
1755923284,2025-08-23T04:28:04Z,N623FB,"33.395554,-112.035553",1725,64,36
1755923286,2025-08-23T04:28:06Z,N623FB,"33.395966,-112.035446",1725,61,15
1755923288,2025-08-23T04:28:08Z,N623FB,"33.396652,-112.035606",1750,63,338
1755923290,2025-08-23T04:28:10Z,N623FB,"33.397247,-112.036102",1775,67,319
1755923292,2025-08-23T04:28:12Z,N623FB,"33.397614,-112.036758",1775,71,301
1755923294,2025-08-23T04:28:14Z,N623FB,"33.397751,-112.037369",1775,70,278
1755923296,2025-08-23T04:28:16Z,N623FB,"33.397648,-112.038185",1775,69,247
1755923298,2025-08-23T04:28:18Z,N623FB,"33.39732,-112.038795",1800,68,219
1755923300,2025-08-23T04:28:20Z,N623FB,"33.396698,-112.039177",1800,71,193
1755923303,2025-08-23T04:28:23Z,N623FB,"33.395878,-112.039131",1800,74,168
1755923305,2025-08-23T04:28:25Z,N623FB,"33.395317,-112.038857",1800,76,140
1755923307,2025-08-23T04:28:27Z,N623FB,"33.394852,-112.038185",1775,75,120
1755923309,2025-08-23T04:28:29Z,N623FB,"33.394669,-112.03717",1775,74,90
1755923311,2025-08-23T04:28:31Z,N623FB,"33.394852,-112.036385",1775,71,65
1755923313,2025-08-23T04:28:33Z,N623FB,"33.395271,-112.035828",1750,69,41
1755923315,2025-08-23T04:28:35Z,N623FB,"33.395874,-112.035553",1775,68,6
1755923317,2025-08-23T04:28:37Z,N623FB,"33.396481,-112.035606",1775,69,349
1755923319,2025-08-23T04:28:39Z,N623FB,"33.39711,-112.035995",1775,69,325
1755923321,2025-08-23T04:28:41Z,N623FB,"33.397552,-112.036613",1775,71,295
1755923324,2025-08-23T04:28:44Z,N623FB,"33.397659,-112.037369",1775,72,272
1755923326,2025-08-23T04:28:46Z,N623FB,"33.397476,-112.038246",1775,72,244
1755923328,2025-08-23T04:28:48Z,N623FB,"33.397018,-112.038742",1775,71,209
1755923330,2025-08-23T04:28:50Z,N623FB,"33.396297,-112.03891",1775,71,178
1755923332,2025-08-23T04:28:52Z,N623FB,"33.395645,-112.038689",1775,73,158
1755923334,2025-08-23T04:28:54Z,N623FB,"33.395187,-112.038193",1750,75,128
1755923336,2025-08-23T04:28:56Z,N623FB,"33.394901,-112.037567",1750,73,101
1755923338,2025-08-23T04:28:58Z,N623FB,"33.394947,-112.036499",1750,68,77
1755923340,2025-08-23T04:29:00Z,N623FB,"33.395317,-112.035881",1725,66,49
1755923342,2025-08-23T04:29:02Z,N623FB,"33.395832,-112.035492",1725,67,26
1755923344,2025-08-23T04:29:04Z,N623FB,"33.396469,-112.035385",1750,66,359
1755923346,2025-08-23T04:29:06Z,N623FB,"33.397041,-112.035606",1725,64,335
1755923349,2025-08-23T04:29:09Z,N623FB,"33.397507,-112.03611",1725,62,311
1755923351,2025-08-23T04:29:11Z,N623FB,"33.397785,-112.036667",1725,53,296
1755923353,2025-08-23T04:29:13Z,N623FB,"33.397926,-112.03717",1750,42,279
1755923355,2025-08-23T04:29:15Z,N623FB,"33.397934,-112.037582",1750,37,268
1755923357,2025-08-23T04:29:17Z,N623FB,"33.397888,-112.037971",1750,32,255
1755923359,2025-08-23T04:29:19Z,N623FB,"33.397797,-112.0383",1775,30,245
1755923361,2025-08-23T04:29:21Z,N623FB,"33.397614,-112.038574",1775,31,236
1755923363,2025-08-23T04:29:23Z,N623FB,"33.39743,-112.038849",1775,32,225
1755923365,2025-08-23T04:29:25Z,N623FB,"33.397156,-112.039124",1800,33,214
1755923367,2025-08-23T04:29:27Z,N623FB,"33.396881,-112.039291",1800,39,197
1755923369,2025-08-23T04:29:29Z,N623FB,"33.396343,-112.03936",1800,47,183
1755923371,2025-08-23T04:29:31Z,N623FB,"33.395874,-112.03923",1800,57,166
1755923373,2025-08-23T04:29:33Z,N623FB,"33.395367,-112.03891",1800,64,145
1755923375,2025-08-23T04:29:35Z,N623FB,"33.39505,-112.038628",1800,65,130
1755923377,2025-08-23T04:29:37Z,N623FB,"33.39473,-112.037697",1800,65,98
1755923379,2025-08-23T04:29:39Z,N623FB,"33.394806,-112.036949",1800,65,74
1755923382,2025-08-23T04:29:42Z,N623FB,"33.395096,-112.036324",1775,66,51
1755923384,2025-08-23T04:29:44Z,N623FB,"33.395554,-112.035828",1775,74,37
1755923386,2025-08-23T04:29:46Z,N623FB,"33.396194,-112.035385",1725,82,16
1755923388,2025-08-23T04:29:48Z,N623FB,"33.396996,-112.03521",1700,84,3
1755923390,2025-08-23T04:29:50Z,N623FB,"33.397739,-112.035324",1675,80,342
1755923392,2025-08-23T04:29:52Z,N623FB,"33.398483,-112.035774",1675,79,324
1755923394,2025-08-23T04:29:54Z,N623FB,"33.398949,-112.036499",1700,77,298
1755923396,2025-08-23T04:29:56Z,N623FB,"33.399033,-112.037308",1725,76,258
1755923398,2025-08-23T04:29:58Z,N623FB,"33.398621,-112.038193",1725,78,231
1755923400,2025-08-23T04:30:00Z,N623FB,"33.398064,-112.038795",1725,80,209
1755923402,2025-08-23T04:30:02Z,N623FB,"33.397293,-112.03907",1700,81,189
1755923405,2025-08-23T04:30:05Z,N623FB,"33.396622,-112.039024",1700,79,157
1755923407,2025-08-23T04:30:07Z,N623FB,"33.395832,-112.038406",1700,77,132
1755923409,2025-08-23T04:30:09Z,N623FB,"33.395554,-112.037857",1700,74,105
1755923411,2025-08-23T04:30:11Z,N623FB,"33.395504,-112.036835",1700,70,79
1755923413,2025-08-23T04:30:13Z,N623FB,"33.395782,-112.036209",1725,66,43
1755923415,2025-08-23T04:30:15Z,N623FB,"33.396286,-112.035828",1725,64,13
1755923417,2025-08-23T04:30:17Z,N623FB,"33.396973,-112.035828",1725,66,342
1755923419,2025-08-23T04:30:19Z,N623FB,"33.397568,-112.036324",1725,66,316
1755923421,2025-08-23T04:30:21Z,N623FB,"33.397785,-112.036896",1700,65,285
1755923423,2025-08-23T04:30:23Z,N623FB,"33.397785,-112.037567",1700,66,252
1755923425,2025-08-23T04:30:25Z,N623FB,"33.397366,-112.038239",1700,69,218
1755923427,2025-08-23T04:30:27Z,N623FB,"33.396698,-112.038521",1700,72,189
1755923430,2025-08-23T04:30:30Z,N623FB,"33.396057,-112.038353",1700,72,161
1755923432,2025-08-23T04:30:32Z,N623FB,"33.395412,-112.037788",1700,71,131
1755923434,2025-08-23T04:30:34Z,N623FB,"33.395096,-112.037033",1700,67,107
1755923436,2025-08-23T04:30:36Z,N623FB,"33.395134,-112.036385",1725,58,78
1755923438,2025-08-23T04:30:38Z,N623FB,"33.39537,-112.035881",1725,55,49
1755923440,2025-08-23T04:30:40Z,N623FB,"33.395828,-112.035553",1700,58,16
1755923442,2025-08-23T04:30:42Z,N623FB,"33.396515,-112.0355",1675,64,355
1755923444,2025-08-23T04:30:44Z,N623FB,"33.396973,-112.035721",1650,69,327
1755923446,2025-08-23T04:30:46Z,N623FB,"33.397507,-112.036331",1675,66,301
1755923449,2025-08-23T04:30:49Z,N623FB,"33.397648,-112.03717",1675,66,274
1755923451,2025-08-23T04:30:51Z,N623FB,"33.397461,-112.037903",1675,69,247
1755923453,2025-08-23T04:30:53Z,N623FB,"33.396946,-112.038406",1675,71,207
1755923455,2025-08-23T04:30:55Z,N623FB,"33.396435,-112.038574",1675,70,175
1755923457,2025-08-23T04:30:57Z,N623FB,"33.395645,-112.038193",1675,70,150
1755923459,2025-08-23T04:30:59Z,N623FB,"33.395317,-112.037621",1675,68,111
1755923461,2025-08-23T04:31:01Z,N623FB,"33.395325,-112.036758",1650,66,79
1755923463,2025-08-23T04:31:03Z,N623FB,"33.395599,-112.036156",1650,65,51
1755923465,2025-08-23T04:31:05Z,N623FB,"33.396149,-112.035774",1650,62,15
1755923468,2025-08-23T04:31:08Z,N623FB,"33.396854,-112.035828",1675,60,350
1755923470,2025-08-23T04:31:10Z,N623FB,"33.39732,-112.036163",1700,62,316
1755923472,2025-08-23T04:31:12Z,N623FB,"33.397598,-112.036781",1700,63,290
1755923474,2025-08-23T04:31:14Z,N623FB,"33.397598,-112.037453",1700,64,258
1755923476,2025-08-23T04:31:16Z,N623FB,"33.397228,-112.038071",1700,65,222
1755923478,2025-08-23T04:31:18Z,N623FB,"33.396622,-112.038353",1700,66,190
1755923480,2025-08-23T04:31:20Z,N623FB,"33.396111,-112.038239",1700,66,154
1755923482,2025-08-23T04:31:22Z,N623FB,"33.39555,-112.037674",1700,61,124
1755923484,2025-08-23T04:31:24Z,N623FB,"33.39537,-112.037033",1700,59,94
1755923486,2025-08-23T04:31:26Z,N623FB,"33.395554,-112.03627",1700,58,72
1755923489,2025-08-23T04:31:29Z,N623FB,"33.395924,-112.035828",1675,60,37
1755923491,2025-08-23T04:31:31Z,N623FB,"33.396435,-112.035545",1675,61,11
1755923493,2025-08-23T04:31:33Z,N623FB,"33.397018,-112.035606",1700,63,348
1755923495,2025-08-23T04:31:35Z,N623FB,"33.397552,-112.035995",1700,60,318
1755923497,2025-08-23T04:31:37Z,N623FB,"33.397797,-112.036598",1700,59,282
1755923499,2025-08-23T04:31:39Z,N623FB,"33.397831,-112.03717",1700,58,260
1755923501,2025-08-23T04:31:41Z,N623FB,"33.397522,-112.037918",1700,61,231
1755923503,2025-08-23T04:31:43Z,N623FB,"33.397064,-112.0383",1700,63,206
1755923505,2025-08-23T04:31:45Z,N623FB,"33.396435,-112.038406",1700,68,180
1755923507,2025-08-23T04:31:47Z,N623FB,"33.395832,-112.038239",1700,71,157
1755923509,2025-08-23T04:31:49Z,N623FB,"33.395226,-112.037903",1700,71,153
1755923512,2025-08-23T04:31:52Z,N623FB,"33.394482,-112.037453",1750,64,153
1755923514,2025-08-23T04:31:54Z,N623FB,"33.393997,-112.037148",1825,59,156
1755923516,2025-08-23T04:31:56Z,N623FB,"33.393539,-112.036926",1875,54,153
1755923518,2025-08-23T04:31:58Z,N623FB,"33.393036,-112.036598",1925,50,154
1755923520,2025-08-23T04:32:00Z,N623FB,"33.392624,-112.036377",1975,46,152
1755923522,2025-08-23T04:32:02Z,N623FB,"33.3922,-112.03611",2025,46,151
1755923524,2025-08-23T04:32:04Z,N623FB,"33.391827,-112.035828",2050,44,137
1755923526,2025-08-23T04:32:06Z,N623FB,"33.391548,-112.035439",2075,38,119
1755923529,2025-08-23T04:32:09Z,N623FB,"33.391479,-112.035057",2100,27,100
1755923531,2025-08-23T04:32:11Z,N623FB,"33.391479,-112.034836",2125,19,81
1755923535,2025-08-23T04:32:15Z,N623FB,"33.391548,-112.034538",2150,9,66
1755923547,2025-08-23T04:32:27Z,N623FB,"33.391407,-112.034317",2200,7,156
1755923569,2025-08-23T04:32:49Z,N623FB,"33.391617,-112.034233",2325,19,342
1755923571,2025-08-23T04:32:51Z,N623FB,"33.391872,-112.034424",2300,35,329
1755923573,2025-08-23T04:32:53Z,N623FB,"33.3922,-112.034653",2275,51,329
1755923575,2025-08-23T04:32:55Z,N623FB,"33.392757,-112.034988",2225,65,334
1755923577,2025-08-23T04:32:57Z,N623FB,"33.393318,-112.035324",2175,75,334
1755923579,2025-08-23T04:32:59Z,N623FB,"33.393967,-112.035713",2125,81,330
1755923581,2025-08-23T04:33:01Z,N623FB,"33.394714,-112.036217",2100,84,327
1755923583,2025-08-23T04:33:03Z,N623FB,"33.395412,-112.036835",2100,88,324
1755923585,2025-08-23T04:33:05Z,N623FB,"33.396248,-112.037567",2075,91,321
1755923587,2025-08-23T04:33:07Z,N623FB,"33.3969,-112.038239",2050,93,318
1755923590,2025-08-23T04:33:10Z,N623FB,"33.397507,-112.038963",2025,95,315
1755923592,2025-08-23T04:33:12Z,N623FB,"33.398071,-112.039726",2025,97,311
1755923594,2025-08-23T04:33:14Z,N623FB,"33.398666,-112.04055",2000,98,307
1755923596,2025-08-23T04:33:16Z,N623FB,"33.399307,-112.041649",2000,99,304
1755923598,2025-08-23T04:33:18Z,N623FB,"33.399857,-112.042526",1975,100,304
1755923600,2025-08-23T04:33:20Z,N623FB,"33.400394,-112.043564",1950,102,302
1755923602,2025-08-23T04:33:22Z,N623FB,"33.400772,-112.044289",1950,104,300
1755923604,2025-08-23T04:33:24Z,N623FB,"33.401371,-112.045525",1925,106,298
1755923606,2025-08-23T04:33:26Z,N623FB,"33.401836,-112.046593",1900,110,297
1755923608,2025-08-23T04:33:28Z,N623FB,"33.402348,-112.047821",1875,112,295
1755923610,2025-08-23T04:33:30Z,N623FB,"33.402859,-112.049225",1850,114,294
1755923612,2025-08-23T04:33:32Z,N623FB,"33.403278,-112.050346",1825,115,293
1755923615,2025-08-23T04:33:35Z,N623FB,"33.403698,-112.051521",1825,115,292
1755923617,2025-08-23T04:33:37Z,N623FB,"33.404068,-112.052689",1825,115,292
1755923619,2025-08-23T04:33:39Z,N623FB,"33.404526,-112.054008",1800,116,292
1755923621,2025-08-23T04:33:41Z,N623FB,"33.404953,-112.055222",1800,116,290
1755923623,2025-08-23T04:33:43Z,N623FB,"33.405373,-112.056564",1775,116,289
1755923625,2025-08-23T04:33:45Z,N623FB,"33.405792,-112.058189",1775,116,287
1755923627,2025-08-23T04:33:47Z,N623FB,"33.40612,-112.059372",1775,115,286
1755923630,2025-08-23T04:33:50Z,N623FB,"33.406399,-112.0606",1775,114,285
1755923632,2025-08-23T04:33:52Z,N623FB,"33.406677,-112.061836",1775,115,284
1755923634,2025-08-23T04:33:54Z,N623FB,"33.406956,-112.06324",1775,114,283
1755923636,2025-08-23T04:33:56Z,N623FB,"33.407234,-112.064697",1750,115,281
1755923638,2025-08-23T04:33:58Z,N623FB,"33.40741,-112.065872",1750,115,281
1755923640,2025-08-23T04:34:00Z,N623FB,"33.407639,-112.067139",1750,113,281
1755923642,2025-08-23T04:34:02Z,N623FB,"33.407841,-112.068451",1750,112,280
1755923645,2025-08-23T04:34:05Z,N623FB,"33.408096,-112.069832",1750,112,282
1755923647,2025-08-23T04:34:07Z,N623FB,"33.408371,-112.071259",1725,112,283
1755923649,2025-08-23T04:34:09Z,N623FB,"33.408585,-112.072433",1725,111,285
1755923655,2025-08-23T04:34:15Z,N623FB,"33.409744,-112.076035",1700,109,296
1755923657,2025-08-23T04:34:17Z,N623FB,"33.410339,-112.077301",1700,108,302
1755923659,2025-08-23T04:34:19Z,N623FB,"33.410866,-112.078262",1675,108,306
1755923662,2025-08-23T04:34:22Z,N623FB,"33.411613,-112.079323",1675,107,310
1755923664,2025-08-23T04:34:24Z,N623FB,"33.412312,-112.080162",1650,105,316
1755923666,2025-08-23T04:34:26Z,N623FB,"33.413101,-112.080894",1650,104,325
1755923668,2025-08-23T04:34:28Z,N623FB,"33.413956,-112.081474",1650,103,336
1755923671,2025-08-23T04:34:31Z,N623FB,"33.415104,-112.081902",1625,103,343
1755923673,2025-08-23T04:34:33Z,N623FB,"33.416035,-112.08213",1600,103,352
1755923675,2025-08-23T04:34:35Z,N623FB,"33.417011,-112.082184",1600,105,357
1755923677,2025-08-23T04:34:37Z,N623FB,"33.41827,-112.082237",1575,105,358
1755923680,2025-08-23T04:34:40Z,N623FB,"33.419586,-112.082298",1575,104,358
1755923682,2025-08-23T04:34:42Z,N623FB,"33.420639,-112.082298",1575,104,358
1755923684,2025-08-23T04:34:44Z,N623FB,"33.421574,-112.082352",1575,103,358
1755923686,2025-08-23T04:34:46Z,N623FB,"33.422653,-112.082352",1575,103,358
1755923688,2025-08-23T04:34:48Z,N623FB,"33.423431,-112.082413",1575,102,357
1755923690,2025-08-23T04:34:50Z,N623FB,"33.424667,-112.082466",1575,102,358
1755923692,2025-08-23T04:34:52Z,N623FB,"33.425346,-112.082466",1575,101,358
1755923694,2025-08-23T04:34:54Z,N623FB,"33.426556,-112.08252",1600,101,358
1755923696,2025-08-23T04:34:56Z,N623FB,"33.427532,-112.082573",1600,101,358
1755923699,2025-08-23T04:34:59Z,N623FB,"33.428463,-112.082573",1600,101,358
1755923701,2025-08-23T04:35:01Z,N623FB,"33.429581,-112.082634",1600,101,358
1755923703,2025-08-23T04:35:03Z,N623FB,"33.430481,-112.082626",1600,100,359
1755923711,2025-08-23T04:35:11Z,N623FB,"33.434235,-112.082741",1625,100,358
1755923719,2025-08-23T04:35:19Z,N623FB,"33.438286,-112.082909",1625,100,357
1755923726,2025-08-23T04:35:26Z,N623FB,"33.441147,-112.083015",1650,102,358
1755923735,2025-08-23T04:35:35Z,N623FB,"33.445595,-112.083076",1625,104,1
1755923741,2025-08-23T04:35:41Z,N623FB,"33.448517,-112.082962",1625,105,2
1755923743,2025-08-23T04:35:43Z,N623FB,"33.449524,-112.082901",1625,105,2
1755923752,2025-08-23T04:35:52Z,N623FB,"33.453743,-112.082741",1650,104,2
1755923756,2025-08-23T04:35:56Z,N623FB,"33.455704,-112.082741",1650,102,353
1755923758,2025-08-23T04:35:58Z,N623FB,"33.456619,-112.082962",1650,103,345
1755923760,2025-08-23T04:36:00Z,N623FB,"33.457607,-112.083359",1650,102,335
1755923762,2025-08-23T04:36:02Z,N623FB,"33.458675,-112.08403",1675,103,329
1755923764,2025-08-23T04:36:04Z,N623FB,"33.459457,-112.08461",1650,104,328
1755923767,2025-08-23T04:36:07Z,N623FB,"33.460491,-112.085381",1650,104,330
1755923769,2025-08-23T04:36:09Z,N623FB,"33.461151,-112.085762",1650,104,332
1755923771,2025-08-23T04:36:11Z,N623FB,"33.462399,-112.086502",1650,104,333
1755923773,2025-08-23T04:36:13Z,N623FB,"33.46312,-112.086967",1650,104,333
1755923776,2025-08-23T04:36:16Z,N623FB,"33.46431,-112.087677",1650,104,333
1755923778,2025-08-23T04:36:18Z,N623FB,"33.465134,-112.088181",1650,105,332
1755923780,2025-08-23T04:36:20Z,N623FB,"33.465939,-112.088684",1675,104,331
1755923782,2025-08-23T04:36:22Z,N623FB,"33.467056,-112.089417",1675,105,330
1755923784,2025-08-23T04:36:24Z,N623FB,"33.467892,-112.089973",1650,104,330
1755923787,2025-08-23T04:36:27Z,N623FB,"33.468964,-112.090706",1650,104,330
1755923793,2025-08-23T04:36:33Z,N623FB,"33.471619,-112.092331",1650,103,333
1755923800,2025-08-23T04:36:40Z,N623FB,"33.474735,-112.094177",1650,104,333
1755923807,2025-08-23T04:36:47Z,N623FB,"33.477539,-112.095924",1650,105,332
1755923816,2025-08-23T04:36:56Z,N623FB,"33.48143,-112.098343",1675,105,331
1755923824,2025-08-23T04:37:04Z,N623FB,"33.485306,-112.100571",1675,104,337
1755923826,2025-08-23T04:37:06Z,N623FB,"33.486282,-112.101028",1700,104,338
1755923833,2025-08-23T04:37:13Z,N623FB,"33.489212,-112.102516",1700,104,336
1755923835,2025-08-23T04:37:15Z,N623FB,"33.490051,-112.102921",1700,104,337
1755923838,2025-08-23T04:37:18Z,N623FB,"33.491215,-112.103485",1700,102,338
1755923840,2025-08-23T04:37:20Z,N623FB,"33.492241,-112.103989",1725,98,339
1755923842,2025-08-23T04:37:22Z,N623FB,"33.493057,-112.104324",1775,95,339
1755923845,2025-08-23T04:37:25Z,N623FB,"33.494019,-112.104767",1800,93,338
1755923847,2025-08-23T04:37:27Z,N623FB,"33.49498,-112.105209",1850,92,340
1755923849,2025-08-23T04:37:29Z,N623FB,"33.495804,-112.105537",1875,91,340
1755923855,2025-08-23T04:37:35Z,N623FB,"33.498199,-112.106506",1900,88,342
1755923857,2025-08-23T04:37:37Z,N623FB,"33.499176,-112.106789",1900,87,344
1755923859,2025-08-23T04:37:39Z,N623FB,"33.499878,-112.107018",1900,85,346
1755923862,2025-08-23T04:37:42Z,N623FB,"33.500748,-112.107239",1900,83,344
1755923866,2025-08-23T04:37:46Z,N623FB,"33.502251,-112.108025",1925,73,332
1755923868,2025-08-23T04:37:48Z,N623FB,"33.502762,-112.108414",1975,65,328
1755923870,2025-08-23T04:37:50Z,N623FB,"33.503227,-112.108749",2000,55,326
1755923872,2025-08-23T04:37:52Z,N623FB,"33.503693,-112.109146",2025,47,320
1755923874,2025-08-23T04:37:54Z,N623FB,"33.503952,-112.109436",2050,45,306
1755923877,2025-08-23T04:37:57Z,N623FB,"33.504181,-112.109985",2050,45,293
1755923879,2025-08-23T04:37:59Z,N623FB,"33.504299,-112.110542",2050,47,273
1755923881,2025-08-23T04:38:01Z,N623FB,"33.504227,-112.111252",2025,49,255
1755923884,2025-08-23T04:38:04Z,N623FB,"33.504017,-112.111893",2025,51,245
1755923886,2025-08-23T04:38:06Z,N623FB,"33.503738,-112.112343",2025,53,233
1755923888,2025-08-23T04:38:08Z,N623FB,"33.503319,-112.112953",2000,55,227
1755923890,2025-08-23T04:38:10Z,N623FB,"33.503036,-112.113281",2000,57,221
1755923893,2025-08-23T04:38:13Z,N623FB,"33.502441,-112.113777",2000,59,214
1755923895,2025-08-23T04:38:15Z,N623FB,"33.501846,-112.114212",2000,61,209
1755923897,2025-08-23T04:38:17Z,N623FB,"33.501316,-112.114525",2000,64,202
1755923899,2025-08-23T04:38:19Z,N623FB,"33.500656,-112.114822",2000,66,197
1755923902,2025-08-23T04:38:22Z,N623FB,"33.499874,-112.115028",2000,69,190
1755923904,2025-08-23T04:38:24Z,N623FB,"33.499191,-112.115097",1975,71,181
1755923906,2025-08-23T04:38:26Z,N623FB,"33.498569,-112.115028",1975,69,171
1755923908,2025-08-23T04:38:28Z,N623FB,"33.498013,-112.114693",1975,61,145
1755923910,2025-08-23T04:38:30Z,N623FB,"33.497681,-112.114212",2000,56,118
1755923912,2025-08-23T04:38:32Z,N623FB,"33.497543,-112.113449",1975,59,99
1755923914,2025-08-23T04:38:34Z,N623FB,"33.497635,-112.112732",1975,64,81
1755923916,2025-08-23T04:38:36Z,N623FB,"33.497818,-112.112015",1950,70,68
1755923918,2025-08-23T04:38:38Z,N623FB,"33.498154,-112.111221",1950,72,59
1755923920,2025-08-23T04:38:40Z,N623FB,"33.498569,-112.110603",1950,71,51
1755923923,2025-08-23T04:38:43Z,N623FB,"33.499008,-112.109985",1975,70,45
1755923925,2025-08-23T04:38:45Z,N623FB,"33.499504,-112.109428",1975,67,39
1755923927,2025-08-23T04:38:47Z,N623FB,"33.500061,-112.10894",2000,64,34
1755923929,2025-08-23T04:38:49Z,N623FB,"33.500526,-112.108582",2000,62,30
1755923931,2025-08-23T04:38:51Z,N623FB,"33.50116,-112.10817",2025,58,25
1755923933,2025-08-23T04:38:53Z,N623FB,"33.50169,-112.10791",2025,57,22
1755923935,2025-08-23T04:38:55Z,N623FB,"33.502201,-112.107796",2050,56,9
1755923938,2025-08-23T04:38:58Z,N623FB,"33.502716,-112.107742",2075,56,356
1755923940,2025-08-23T04:39:00Z,N623FB,"33.503227,-112.107857",2075,56,344
1755923942,2025-08-23T04:39:02Z,N623FB,"33.50386,-112.10817",2100,55,331
1755923944,2025-08-23T04:39:04Z,N623FB,"33.504181,-112.108444",2100,55,317
1755923946,2025-08-23T04:39:06Z,N623FB,"33.504623,-112.109085",2100,54,306
1755923949,2025-08-23T04:39:09Z,N623FB,"33.504868,-112.109711",2100,53,293
1755923951,2025-08-23T04:39:11Z,N623FB,"33.505005,-112.11026",2100,53,282
1755923953,2025-08-23T04:39:13Z,N623FB,"33.505089,-112.110886",2100,53,273
1755923955,2025-08-23T04:39:15Z,N623FB,"33.505051,-112.111412",2100,52,262
1755923957,2025-08-23T04:39:17Z,N623FB,"33.504856,-112.112175",2100,51,246
1755923960,2025-08-23T04:39:20Z,N623FB,"33.504623,-112.112679",2100,50,236
1755923962,2025-08-23T04:39:22Z,N623FB,"33.504345,-112.113068",2100,50,225
1755923964,2025-08-23T04:39:24Z,N623FB,"33.503971,-112.113403",2100,52,212
1755923966,2025-08-23T04:39:26Z,N623FB,"33.503414,-112.113739",2100,53,203
1755923968,2025-08-23T04:39:28Z,N623FB,"33.502808,-112.113907",2100,54,185
1755923971,2025-08-23T04:39:31Z,N623FB,"33.502296,-112.113853",2100,57,168
1755923973,2025-08-23T04:39:33Z,N623FB,"33.501709,-112.113609",2100,58,154
1755923975,2025-08-23T04:39:35Z,N623FB,"33.501114,-112.113174",2100,60,142
1755923977,2025-08-23T04:39:37Z,N623FB,"33.500656,-112.112625",2100,58,130
1755923980,2025-08-23T04:39:40Z,N623FB,"33.500385,-112.112061",2125,56,117
1755923982,2025-08-23T04:39:42Z,N623FB,"33.500202,-112.111496",2125,52,105
1755923984,2025-08-23T04:39:44Z,N623FB,"33.500153,-112.110886",2125,51,90
1755923986,2025-08-23T04:39:46Z,N623FB,"33.500248,-112.110268",2125,49,77
1755923988,2025-08-23T04:39:48Z,N623FB,"33.500435,-112.109764",2125,49,60
1755923990,2025-08-23T04:39:50Z,N623FB,"33.500702,-112.109329",2150,49,45
1755923992,2025-08-23T04:39:52Z,N623FB,"33.501114,-112.10894",2150,50,35
1755923995,2025-08-23T04:39:55Z,N623FB,"33.501553,-112.108643",2150,49,25
1755923997,2025-08-23T04:39:57Z,N623FB,"33.502029,-112.108444",2150,48,14
1755923999,2025-08-23T04:39:59Z,N623FB,"33.502441,-112.108391",2150,46,358
1755924001,2025-08-23T04:40:01Z,N623FB,"33.502853,-112.108444",2175,45,349
1755924003,2025-08-23T04:40:03Z,N623FB,"33.503265,-112.108559",2175,44,343
1755924005,2025-08-23T04:40:05Z,N623FB,"33.503784,-112.108749",2175,44,333
1755924007,2025-08-23T04:40:07Z,N623FB,"33.504089,-112.109055",2175,46,320
1755924010,2025-08-23T04:40:10Z,N623FB,"33.504501,-112.109543",2175,47,309
1755924012,2025-08-23T04:40:12Z,N623FB,"33.50481,-112.1101",2175,48,299
1755924014,2025-08-23T04:40:14Z,N623FB,"33.505005,-112.110588",2150,49,290
1755924016,2025-08-23T04:40:16Z,N623FB,"33.505135,-112.11116",2150,48,279
1755924018,2025-08-23T04:40:18Z,N623FB,"33.505188,-112.111687",2150,49,268
1755924021,2025-08-23T04:40:21Z,N623FB,"33.505096,-112.112289",2150,49,250
1755924023,2025-08-23T04:40:23Z,N623FB,"33.504913,-112.112785",2150,51,238
1755924025,2025-08-23T04:40:25Z,N623FB,"33.504501,-112.113388",2150,53,224
1755924027,2025-08-23T04:40:27Z,N623FB,"33.504135,-112.113724",2150,54,208
1755924030,2025-08-23T04:40:30Z,N623FB,"33.503677,-112.113998",2125,56,200
1755924032,2025-08-23T04:40:32Z,N623FB,"33.502995,-112.114189",2125,58,186
1755924034,2025-08-23T04:40:34Z,N623FB,"33.502483,-112.114189",2125,59,175
1755924036,2025-08-23T04:40:36Z,N623FB,"33.501923,-112.114021",2125,58,160
1755924039,2025-08-23T04:40:39Z,N623FB,"33.501343,-112.113609",2125,56,140
1755924041,2025-08-23T04:40:41Z,N623FB,"33.500885,-112.11306",2125,57,131
1755924043,2025-08-23T04:40:43Z,N623FB,"33.500572,-112.11245",2125,55,116
1755924045,2025-08-23T04:40:45Z,N623FB,"33.500385,-112.111893",2125,54,104
1755924047,2025-08-23T04:40:47Z,N623FB,"33.50034,-112.111107",2125,54,91
1755924049,2025-08-23T04:40:49Z,N623FB,"33.500427,-112.110481",2150,53,80
1755924052,2025-08-23T04:40:52Z,N623FB,"33.50061,-112.109932",2150,52,65
1755924054,2025-08-23T04:40:54Z,N623FB,"33.500851,-112.109482",2150,54,51
1755924056,2025-08-23T04:40:56Z,N623FB,"33.501251,-112.108994",2150,53,40
1755924058,2025-08-23T04:40:58Z,N623FB,"33.501663,-112.108665",2150,51,27
1755924060,2025-08-23T04:41:00Z,N623FB,"33.50211,-112.108475",2150,49,17
1755924062,2025-08-23T04:41:02Z,N623FB,"33.502621,-112.108307",2150,47,6
1755924064,2025-08-23T04:41:04Z,N623FB,"33.503132,-112.108307",2150,46,358
1755924066,2025-08-23T04:41:06Z,N623FB,"33.503494,-112.108391",2175,45,344
1755924069,2025-08-23T04:41:09Z,N623FB,"33.503971,-112.108643",2175,46,332
1755924071,2025-08-23T04:41:11Z,N623FB,"33.504318,-112.10894",2175,47,319
1755924073,2025-08-23T04:41:13Z,N623FB,"33.504639,-112.109436",2175,49,301
1755924075,2025-08-23T04:41:15Z,N623FB,"33.504822,-112.109932",2175,50,290
1755924077,2025-08-23T04:41:17Z,N623FB,"33.504913,-112.110588",2150,51,276
1755924079,2025-08-23T04:41:19Z,N623FB,"33.504913,-112.111137",2150,52,264
1755924081,2025-08-23T04:41:21Z,N623FB,"33.50481,-112.111664",2150,53,250
1755924084,2025-08-23T04:41:24Z,N623FB,"33.504593,-112.112183",2150,54,237
1755924086,2025-08-23T04:41:26Z,N623FB,"33.504299,-112.112732",2150,54,228
1755924088,2025-08-23T04:41:28Z,N623FB,"33.503925,-112.113121",2150,55,216
1755924090,2025-08-23T04:41:30Z,N623FB,"33.503357,-112.113556",2150,56,207
1755924092,2025-08-23T04:41:32Z,N623FB,"33.502853,-112.113831",2150,56,198
1755924095,2025-08-23T04:41:35Z,N623FB,"33.502213,-112.113937",2125,58,185
1755924097,2025-08-23T04:41:37Z,N623FB,"33.501572,-112.113937",2125,57,168
1755924099,2025-08-23T04:41:39Z,N623FB,"33.500946,-112.113686",2125,57,158
1755924101,2025-08-23T04:41:41Z,N623FB,"33.500519,-112.113335",2125,55,139
1755924103,2025-08-23T04:41:43Z,N623FB,"33.500198,-112.112839",2125,55,122
1755924106,2025-08-23T04:41:46Z,N623FB,"33.499969,-112.112289",2100,56,109
1755924108,2025-08-23T04:41:48Z,N623FB,"33.499874,-112.111664",2125,55,92
1755924110,2025-08-23T04:41:50Z,N623FB,"33.499924,-112.111084",2125,55,77
1755924112,2025-08-23T04:41:52Z,N623FB,"33.500107,-112.110435",2125,55,62
1755924114,2025-08-23T04:41:54Z,N623FB,"33.500381,-112.109879",2100,56,50
1755924116,2025-08-23T04:41:56Z,N623FB,"33.500851,-112.109367",2100,57,38
1755924118,2025-08-23T04:41:58Z,N623FB,"33.501316,-112.109032",2100,59,28
1755924120,2025-08-23T04:42:00Z,N623FB,"33.501831,-112.108749",2100,59,20
1755924123,2025-08-23T04:42:03Z,N623FB,"33.50235,-112.108559",2100,58,13
1755924125,2025-08-23T04:42:05Z,N623FB,"33.502991,-112.108444",2100,56,8
1755924127,2025-08-23T04:42:07Z,N623FB,"33.50346,-112.108414",2125,55,2
1755924129,2025-08-23T04:42:09Z,N623FB,"33.503952,-112.108444",2125,52,351
1755924131,2025-08-23T04:42:11Z,N623FB,"33.504532,-112.108643",2125,49,336
1755924133,2025-08-23T04:42:13Z,N623FB,"33.504902,-112.108978",2150,48,316
1755924135,2025-08-23T04:42:15Z,N623FB,"33.505234,-112.109489",2150,47,297
1755924138,2025-08-23T04:42:18Z,N623FB,"33.505325,-112.110039",2150,48,277
1755924140,2025-08-23T04:42:20Z,N623FB,"33.505276,-112.110603",2150,50,256
1755924142,2025-08-23T04:42:22Z,N623FB,"33.505051,-112.111305",2150,52,245
1755924144,2025-08-23T04:42:24Z,N623FB,"33.504776,-112.111855",2150,54,233
1755924147,2025-08-23T04:42:27Z,N623FB,"33.504456,-112.112289",2150,55,222
1755924149,2025-08-23T04:42:29Z,N623FB,"33.503925,-112.112732",2150,56,209
1755924151,2025-08-23T04:42:31Z,N623FB,"33.50346,-112.112953",2150,56,197
1755924153,2025-08-23T04:42:33Z,N623FB,"33.502762,-112.113121",2150,55,188
1755924155,2025-08-23T04:42:35Z,N623FB,"33.502258,-112.113113",2150,55,174
1755924158,2025-08-23T04:42:38Z,N623FB,"33.501831,-112.113014",2125,56,163
1755924160,2025-08-23T04:42:40Z,N623FB,"33.501251,-112.112732",2125,53,144
1755924162,2025-08-23T04:42:42Z,N623FB,"33.500805,-112.112228",2125,53,132
1755924164,2025-08-23T04:42:44Z,N623FB,"33.500565,-112.11174",2125,52,111
1755924166,2025-08-23T04:42:46Z,N623FB,"33.500435,-112.111053",2125,54,97
1755924169,2025-08-23T04:42:49Z,N623FB,"33.500427,-112.110367",2100,55,81
1755924171,2025-08-23T04:42:51Z,N623FB,"33.500572,-112.109871",2100,55,66
1755924173,2025-08-23T04:42:53Z,N623FB,"33.5009,-112.1092",2100,54,48
1755924175,2025-08-23T04:42:55Z,N623FB,"33.501316,-112.10881",2100,52,30
1755924177,2025-08-23T04:42:57Z,N623FB,"33.501709,-112.108665",2100,54,17
1755924179,2025-08-23T04:42:59Z,N623FB,"33.502342,-112.108475",2100,55,10
1755924181,2025-08-23T04:43:01Z,N623FB,"33.502853,-112.108444",2075,57,1
1755924184,2025-08-23T04:43:04Z,N623FB,"33.503506,-112.108475",2075,56,351
1755924186,2025-08-23T04:43:06Z,N623FB,"33.503998,-112.108665",2075,55,340
1755924188,2025-08-23T04:43:08Z,N623FB,"33.50441,-112.10894",2100,53,324
1755924190,2025-08-23T04:43:10Z,N623FB,"33.504868,-112.109383",2125,52,307
1755924192,2025-08-23T04:43:12Z,N623FB,"33.505096,-112.109932",2125,52,292
1755924194,2025-08-23T04:43:14Z,N623FB,"33.50523,-112.110489",2125,53,279
1755924196,2025-08-23T04:43:16Z,N623FB,"33.505234,-112.111137",2125,55,263
1755924199,2025-08-23T04:43:19Z,N623FB,"33.505089,-112.111893",2100,56,251
1755924201,2025-08-23T04:43:21Z,N623FB,"33.50481,-112.11245",2100,58,229
1755924203,2025-08-23T04:43:23Z,N623FB,"33.504318,-112.113007",2100,58,214
1755924205,2025-08-23T04:43:25Z,N623FB,"33.50388,-112.113289",2100,59,199
1755924207,2025-08-23T04:43:27Z,N623FB,"33.503319,-112.11335",2100,59,181
1755924209,2025-08-23T04:43:29Z,N623FB,"33.502716,-112.113235",2075,61,163
1755924212,2025-08-23T04:43:32Z,N623FB,"33.50211,-112.1129",2075,63,150
1755924214,2025-08-23T04:43:34Z,N623FB,"33.501709,-112.112564",2075,62,134
1755924216,2025-08-23T04:43:36Z,N623FB,"33.501343,-112.111961",2050,65,122
1755924218,2025-08-23T04:43:38Z,N623FB,"33.501068,-112.111252",2050,64,103
1755924220,2025-08-23T04:43:40Z,N623FB,"33.501022,-112.110313",2050,63,87
1755924222,2025-08-23T04:43:42Z,N623FB,"33.50116,-112.109711",2050,61,68
1755924224,2025-08-23T04:43:44Z,N623FB,"33.501434,-112.109108",2025,60,52
1755924226,2025-08-23T04:43:46Z,N623FB,"33.501877,-112.108696",2025,59,32
1755924229,2025-08-23T04:43:49Z,N623FB,"33.502441,-112.108391",2025,59,17
1755924231,2025-08-23T04:43:51Z,N623FB,"33.502949,-112.108246",2025,61,4
1755924233,2025-08-23T04:43:53Z,N623FB,"33.503597,-112.108307",2000,60,352
1755924235,2025-08-23T04:43:55Z,N623FB,"33.504272,-112.108612",2025,60,332
1755924237,2025-08-23T04:43:57Z,N623FB,"33.504684,-112.109055",2025,61,311
1755924239,2025-08-23T04:43:59Z,N623FB,"33.504997,-112.109596",2025,61,294
1755924242,2025-08-23T04:44:02Z,N623FB,"33.50523,-112.110374",2025,61,280
1755924244,2025-08-23T04:44:04Z,N623FB,"33.505234,-112.111191",2025,61,266
1755924246,2025-08-23T04:44:06Z,N623FB,"33.505089,-112.111893",2025,59,249
1755924248,2025-08-23T04:44:08Z,N623FB,"33.50481,-112.112343",2025,60,228
1755924250,2025-08-23T04:44:10Z,N623FB,"33.504345,-112.112846",2025,61,210
1755924252,2025-08-23T04:44:12Z,N623FB,"33.503632,-112.113113",2050,63,195
1755924255,2025-08-23T04:44:15Z,N623FB,"33.503082,-112.113174",2025,67,176
1755924257,2025-08-23T04:44:17Z,N623FB,"33.502487,-112.11306",2025,69,161
1755924259,2025-08-23T04:44:19Z,N623FB,"33.501755,-112.112564",2025,67,145
1755924261,2025-08-23T04:44:21Z,N623FB,"33.501366,-112.112061",2025,62,122
1755924263,2025-08-23T04:44:23Z,N623FB,"33.501133,-112.111389",2000,61,106
1755924265,2025-08-23T04:44:25Z,N623FB,"33.501083,-112.110771",2000,62,88
1755924267,2025-08-23T04:44:27Z,N623FB,"33.501316,-112.109932",1975,63,66
1755924269,2025-08-23T04:44:29Z,N623FB,"33.501644,-112.109428",1975,64,46
1755924271,2025-08-23T04:44:31Z,N623FB,"33.502201,-112.108978",1950,66,27
1755924274,2025-08-23T04:44:34Z,N623FB,"33.502899,-112.108696",1950,66,12
1755924276,2025-08-23T04:44:36Z,N623FB,"33.503357,-112.108665",1975,67,353
1755924278,2025-08-23T04:44:38Z,N623FB,"33.504112,-112.108917",1975,66,332
1755924280,2025-08-23T04:44:40Z,N623FB,"33.504639,-112.109489",1975,68,312
1755924282,2025-08-23T04:44:42Z,N623FB,"33.504913,-112.110039",2000,68,289
1755924284,2025-08-23T04:44:44Z,N623FB,"33.505051,-112.111031",2000,69,274
1755924286,2025-08-23T04:44:46Z,N623FB,"33.504902,-112.111832",2000,70,250
1755924289,2025-08-23T04:44:49Z,N623FB,"33.504482,-112.11245",1975,76,225
1755924291,2025-08-23T04:44:51Z,N623FB,"33.503723,-112.11306",1900,82,203
1755924293,2025-08-23T04:44:53Z,N623FB,"33.502899,-112.11306",1850,90,169
1755924295,2025-08-23T04:44:55Z,N623FB,"33.502064,-112.112511",1800,89,136
1755924298,2025-08-23T04:44:58Z,N623FB,"33.501663,-112.111633",1800,82,108
1755924300,2025-08-23T04:45:00Z,N623FB,"33.501598,-112.110603",1800,72,78
1755924302,2025-08-23T04:45:02Z,N623FB,"33.501877,-112.109932",1800,59,49
1755924304,2025-08-23T04:45:04Z,N623FB,"33.502396,-112.109436",1775,57,30
1755924306,2025-08-23T04:45:06Z,N623FB,"33.502899,-112.109215",1775,57,17
1755924309,2025-08-23T04:45:09Z,N623FB,"33.503551,-112.109146",1800,57,358
1755924311,2025-08-23T04:45:11Z,N623FB,"33.504063,-112.109367",1800,56,327
1755924313,2025-08-23T04:45:13Z,N623FB,"33.504436,-112.109818",1800,58,303
1755924315,2025-08-23T04:45:15Z,N623FB,"33.504639,-112.110535",1800,60,281
1755924317,2025-08-23T04:45:17Z,N623FB,"33.504578,-112.111221",1800,63,254
1755924320,2025-08-23T04:45:20Z,N623FB,"33.50425,-112.111893",1775,64,229
1755924322,2025-08-23T04:45:22Z,N623FB,"33.503632,-112.112289",1775,66,200
1755924324,2025-08-23T04:45:24Z,N623FB,"33.50304,-112.112228",1775,68,167
1755924326,2025-08-23T04:45:26Z,N623FB,"33.502483,-112.112",1775,67,142
1755924328,2025-08-23T04:45:28Z,N623FB,"33.502121,-112.111412",1750,61,111
1755924330,2025-08-23T04:45:30Z,N623FB,"33.502029,-112.110756",1750,60,85
1755924332,2025-08-23T04:45:32Z,N623FB,"33.502296,-112.109985",1725,60,48
1755924335,2025-08-23T04:45:35Z,N623FB,"33.502808,-112.109604",1725,60,25
1755924337,2025-08-23T04:45:37Z,N623FB,"33.503357,-112.109436",1725,61,359
1755924339,2025-08-23T04:45:39Z,N623FB,"33.503925,-112.109596",1750,59,333
1755924341,2025-08-23T04:45:41Z,N623FB,"33.504345,-112.1101",1750,58,299
1755924343,2025-08-23T04:45:43Z,N623FB,"33.504436,-112.110939",1750,62,260
1755924346,2025-08-23T04:45:46Z,N623FB,"33.504135,-112.111687",1750,67,226
1755924348,2025-08-23T04:45:48Z,N623FB,"33.503597,-112.112114",1725,67,201
1755924350,2025-08-23T04:45:50Z,N623FB,"33.502991,-112.111961",1725,63,155
1755924352,2025-08-23T04:45:52Z,N623FB,"33.502621,-112.111328",1700,58,110
1755924354,2025-08-23T04:45:54Z,N623FB,"33.50267,-112.110641",1675,57,67
1755924356,2025-08-23T04:45:56Z,N623FB,"33.503086,-112.110207",1650,57,19
1755924359,2025-08-23T04:45:59Z,N623FB,"33.503551,-112.110153",1650,57,353
1755924361,2025-08-23T04:46:01Z,N623FB,"33.504112,-112.110603",1675,59,302
1755924363,2025-08-23T04:46:03Z,N623FB,"33.504272,-112.111252",1700,61,272
1755924365,2025-08-23T04:46:05Z,N623FB,"33.504044,-112.111908",1700,67,229
1755924367,2025-08-23T04:46:07Z,N623FB,"33.503506,-112.112343",1700,68,195
1755924369,2025-08-23T04:46:09Z,N623FB,"33.502853,-112.112236",1700,54,143
1755924371,2025-08-23T04:46:11Z,N623FB,"33.502533,-112.11174",1700,43,101
1755924374,2025-08-23T04:46:14Z,N623FB,"33.502625,-112.111359",1675,40,59
1755924376,2025-08-23T04:46:16Z,N623FB,"33.503036,-112.110916",1650,48,27
1755924378,2025-08-23T04:46:18Z,N623FB,"33.503494,-112.110809",1650,57,16
1755924380,2025-08-23T04:46:20Z,N623FB,"33.504044,-112.110916",1625,59,330
1755924382,2025-08-23T04:46:22Z,N623FB,"33.504456,-112.111526",1650,62,285
1755924385,2025-08-23T04:46:25Z,N623FB,"33.504391,-112.112396",1675,63,238
1755924387,2025-08-23T04:46:27Z,N623FB,"33.503971,-112.112846",1675,64,201
1755924389,2025-08-23T04:46:29Z,N623FB,"33.503273,-112.1129",1675,63,165
1755924391,2025-08-23T04:46:31Z,N623FB,"33.502762,-112.112564",1675,55,131
1755924393,2025-08-23T04:46:33Z,N623FB,"33.502621,-112.112",1675,47,98
1755924396,2025-08-23T04:46:36Z,N623FB,"33.502666,-112.111496",1675,44,61
1755924398,2025-08-23T04:46:38Z,N623FB,"33.502995,-112.111107",1675,44,31
1755924400,2025-08-23T04:46:40Z,N623FB,"33.503448,-112.111031",1675,47,353
1755924402,2025-08-23T04:46:42Z,N623FB,"33.50386,-112.111252",1675,53,308
1755924404,2025-08-23T04:46:44Z,N623FB,"33.504089,-112.111961",1675,61,265
1755924407,2025-08-23T04:46:47Z,N623FB,"33.503815,-112.112785",1700,63,236
1755924409,2025-08-23T04:46:49Z,N623FB,"33.503365,-112.113182",1700,61,199
1755924411,2025-08-23T04:46:51Z,N623FB,"33.502762,-112.113182",1700,58,166
1755924413,2025-08-23T04:46:53Z,N623FB,"33.502201,-112.112732",1700,55,134
1755924415,2025-08-23T04:46:55Z,N623FB,"33.502075,-112.112289",1700,53,101
1755924418,2025-08-23T04:46:58Z,N623FB,"33.502213,-112.111526",1675,53,61
1755924420,2025-08-23T04:47:00Z,N623FB,"33.502579,-112.111137",1675,54,34
1755924422,2025-08-23T04:47:02Z,N623FB,"33.503036,-112.110977",1675,55,16
1755924424,2025-08-23T04:47:04Z,N623FB,"33.503632,-112.111305",1700,54,317
1755924426,2025-08-23T04:47:06Z,N623FB,"33.503815,-112.111855",1725,54,282
1755924428,2025-08-23T04:47:08Z,N623FB,"33.503769,-112.112457",1725,57,250
1755924431,2025-08-23T04:47:11Z,N623FB,"33.503311,-112.113007",1725,60,214
1755924433,2025-08-23T04:47:13Z,N623FB,"33.502762,-112.113228",1725,63,186
1755924435,2025-08-23T04:47:15Z,N623FB,"33.502155,-112.113121",1700,64,161
1755924437,2025-08-23T04:47:17Z,N623FB,"33.50169,-112.112732",1700,62,127
1755924439,2025-08-23T04:47:19Z,N623FB,"33.501457,-112.112",1700,57,95
1755924441,2025-08-23T04:47:21Z,N623FB,"33.501526,-112.111465",1700,51,59
1755924443,2025-08-23T04:47:23Z,N623FB,"33.501877,-112.111053",1700,53,31
1755924446,2025-08-23T04:47:26Z,N623FB,"33.502434,-112.110825",1700,59,14
1755924448,2025-08-23T04:47:28Z,N623FB,"33.503132,-112.110718",1675,67,1
1755924450,2025-08-23T04:47:30Z,N623FB,"33.503784,-112.110771",1675,67,344
1755924452,2025-08-23T04:47:32Z,N623FB,"33.504364,-112.111191",1700,62,312
1755924454,2025-08-23T04:47:34Z,N623FB,"33.504639,-112.11174",1725,58,278
1755924456,2025-08-23T04:47:36Z,N623FB,"33.504456,-112.112564",1725,60,242
1755924459,2025-08-23T04:47:39Z,N623FB,"33.504063,-112.113014",1725,64,206
1755924461,2025-08-23T04:47:41Z,N623FB,"33.503448,-112.113174",1725,66,186
1755924463,2025-08-23T04:47:43Z,N623FB,"33.502853,-112.113068",1725,63,156
1755924465,2025-08-23T04:47:45Z,N623FB,"33.502304,-112.112564",1700,58,136
1755924467,2025-08-23T04:47:47Z,N623FB,"33.502121,-112.112015",1700,54,107
1755924469,2025-08-23T04:47:49Z,N623FB,"33.502167,-112.111412",1700,53,74
1755924471,2025-08-23T04:47:51Z,N623FB,"33.502483,-112.110771",1700,57,52
1755924474,2025-08-23T04:47:54Z,N623FB,"33.503086,-112.110321",1700,59,23
1755924476,2025-08-23T04:47:56Z,N623FB,"33.503586,-112.11026",1725,58,11
1755924478,2025-08-23T04:47:58Z,N623FB,"33.504158,-112.110489",1725,58,329
1755924481,2025-08-23T04:48:01Z,N623FB,"33.504578,-112.110992",1725,59,304
1755924483,2025-08-23T04:48:03Z,N623FB,"33.504765,-112.111725",1725,62,268
1755924485,2025-08-23T04:48:05Z,N623FB,"33.504532,-112.11245",1700,65,235
1755924487,2025-08-23T04:48:07Z,N623FB,"33.503952,-112.112839",1700,70,189
1755924489,2025-08-23T04:48:09Z,N623FB,"33.503365,-112.112785",1725,67,159
1755924492,2025-08-23T04:48:12Z,N623FB,"33.502853,-112.112228",1725,56,120
1755924494,2025-08-23T04:48:14Z,N623FB,"33.502808,-112.111526",1725,49,75
1755924496,2025-08-23T04:48:16Z,N623FB,"33.503086,-112.111107",1725,50,41
1755924498,2025-08-23T04:48:18Z,N623FB,"33.503647,-112.110771",1725,57,15
1755924500,2025-08-23T04:48:20Z,N623FB,"33.504158,-112.110771",1700,57,350
1755924503,2025-08-23T04:48:23Z,N623FB,"33.504623,-112.11116",1725,60,314
1755924505,2025-08-23T04:48:25Z,N623FB,"33.504776,-112.11174",1750,64,267
1755924507,2025-08-23T04:48:27Z,N623FB,"33.504532,-112.112564",1750,66,240
1755924509,2025-08-23T04:48:29Z,N623FB,"33.503998,-112.11306",1750,70,204
1755924511,2025-08-23T04:48:31Z,N623FB,"33.50322,-112.113174",1750,69,168
1755924514,2025-08-23T04:48:34Z,N623FB,"33.502579,-112.112732",1750,65,143
1755924516,2025-08-23T04:48:36Z,N623FB,"33.502304,-112.112236",1750,58,112
1755924518,2025-08-23T04:48:38Z,N623FB,"33.502201,-112.111725",1750,52,83
1755924520,2025-08-23T04:48:40Z,N623FB,"33.502396,-112.111031",1750,52,61
1755924522,2025-08-23T04:48:42Z,N623FB,"33.502808,-112.110542",1725,51,37
1755924524,2025-08-23T04:48:44Z,N623FB,"33.50322,-112.110367",1725,55,11
1755924526,2025-08-23T04:48:46Z,N623FB,"33.503769,-112.110367",1725,58,347
1755924529,2025-08-23T04:48:49Z,N623FB,"33.50441,-112.110756",1725,61,325
1755924531,2025-08-23T04:48:51Z,N623FB,"33.504715,-112.111328",1725,63,296
1755924533,2025-08-23T04:48:53Z,N623FB,"33.50473,-112.112076",1750,66,252
1755924535,2025-08-23T04:48:55Z,N623FB,"33.504345,-112.112785",1750,68,222
1755924537,2025-08-23T04:48:57Z,N623FB,"33.50386,-112.113113",1775,70,198
1755924539,2025-08-23T04:48:59Z,N623FB,"33.503181,-112.113182",1750,70,169
1755924542,2025-08-23T04:49:02Z,N623FB,"33.502342,-112.112564",1750,67,138
1755924544,2025-08-23T04:49:04Z,N623FB,"33.502121,-112.111961",1725,62,104
1755924546,2025-08-23T04:49:06Z,N623FB,"33.502121,-112.111305",1725,54,68
1755924549,2025-08-23T04:49:09Z,N623FB,"33.502483,-112.110771",1725,52,33
1755924551,2025-08-23T04:49:11Z,N623FB,"33.502995,-112.110603",1725,54,4
1755924553,2025-08-23T04:49:13Z,N623FB,"33.503403,-112.110641",1725,57,345
1755924555,2025-08-23T04:49:15Z,N623FB,"33.503998,-112.111084",1775,61,316
1755924557,2025-08-23T04:49:17Z,N623FB,"33.504299,-112.111664",1775,67,280
1755924559,2025-08-23T04:49:19Z,N623FB,"33.504227,-112.112564",1800,70,255
1755924562,2025-08-23T04:49:22Z,N623FB,"33.50383,-112.113289",1825,75,218
1755924564,2025-08-23T04:49:24Z,N623FB,"33.503128,-112.113663",1825,75,194
1755924566,2025-08-23T04:49:26Z,N623FB,"33.502342,-112.113632",1800,74,156
1755924568,2025-08-23T04:49:28Z,N623FB,"33.501709,-112.113174",1800,72,131
1755924571,2025-08-23T04:49:31Z,N623FB,"33.501316,-112.112396",1775,69,110
1755924573,2025-08-23T04:49:33Z,N623FB,"33.501251,-112.111633",1775,65,84
1755924575,2025-08-23T04:49:35Z,N623FB,"33.50148,-112.110756",1775,64,61
1755924577,2025-08-23T04:49:37Z,N623FB,"33.501877,-112.110207",1775,65,38
1755924579,2025-08-23T04:49:39Z,N623FB,"33.502533,-112.109764",1775,66,21
1755924582,2025-08-23T04:49:42Z,N623FB,"33.503265,-112.109657",1775,66,357
1755924584,2025-08-23T04:49:44Z,N623FB,"33.503784,-112.109871",1775,64,336
1755924586,2025-08-23T04:49:46Z,N623FB,"33.50425,-112.110321",1800,64,310
1755924588,2025-08-23T04:49:48Z,N623FB,"33.504547,-112.111137",1775,64,286
1755924590,2025-08-23T04:49:50Z,N623FB,"33.504532,-112.111893",1775,65,262
1755924592,2025-08-23T04:49:52Z,N623FB,"33.504181,-112.112625",1800,67,232
1755924595,2025-08-23T04:49:55Z,N623FB,"33.503586,-112.113113",1775,69,206
1755924597,2025-08-23T04:49:57Z,N623FB,"33.502899,-112.113121",1775,67,168
1755924599,2025-08-23T04:49:59Z,N623FB,"33.502388,-112.112732",1775,61,134
1755924602,2025-08-23T04:50:02Z,N623FB,"33.502064,-112.112114",1775,57,107
1755924604,2025-08-23T04:50:04Z,N623FB,"33.501984,-112.111305",1775,55,83
1755924606,2025-08-23T04:50:06Z,N623FB,"33.502201,-112.110718",1775,55,62
1755924608,2025-08-23T04:50:08Z,N623FB,"33.502533,-112.110313",1775,57,35
1755924610,2025-08-23T04:50:10Z,N623FB,"33.503086,-112.110039",1750,58,11
1755924612,2025-08-23T04:50:12Z,N623FB,"33.503677,-112.110092",1800,58,343
1755924615,2025-08-23T04:50:15Z,N623FB,"33.504135,-112.110481",1800,59,308
1755924617,2025-08-23T04:50:17Z,N623FB,"33.504456,-112.111191",1800,59,285
1755924619,2025-08-23T04:50:19Z,N623FB,"33.504436,-112.111832",1825,57,255
1755924621,2025-08-23T04:50:21Z,N623FB,"33.504112,-112.112396",1825,60,220
1755924623,2025-08-23T04:50:23Z,N623FB,"33.50346,-112.112785",1825,62,196
1755924625,2025-08-23T04:50:25Z,N623FB,"33.502853,-112.112785",1825,65,174
1755924628,2025-08-23T04:50:28Z,N623FB,"33.50235,-112.112511",1825,63,149
1755924630,2025-08-23T04:50:30Z,N623FB,"33.501938,-112.112015",1800,61,124
1755924632,2025-08-23T04:50:32Z,N623FB,"33.501785,-112.111221",1800,59,96
1755924634,2025-08-23T04:50:34Z,N623FB,"33.501923,-112.110603",1775,59,62
1755924636,2025-08-23T04:50:36Z,N623FB,"33.502258,-112.110092",1775,62,36
1755924639,2025-08-23T04:50:39Z,N623FB,"33.502949,-112.109764",1750,63,12
1755924641,2025-08-23T04:50:41Z,N623FB,"33.503597,-112.109818",1750,65,340
1755924643,2025-08-23T04:50:43Z,N623FB,"33.504135,-112.11026",1750,67,311
1755924645,2025-08-23T04:50:45Z,N623FB,"33.504501,-112.110863",1750,71,296
1755924647,2025-08-23T04:50:47Z,N623FB,"33.504684,-112.111855",1750,78,269
1755924650,2025-08-23T04:50:50Z,N623FB,"33.504456,-112.112785",1800,75,242
1755924652,2025-08-23T04:50:52Z,N623FB,"33.50383,-112.113518",1800,72,213
1755924654,2025-08-23T04:50:54Z,N623FB,"33.503227,-112.113739",1825,65,193
1755924656,2025-08-23T04:50:56Z,N623FB,"33.502666,-112.113739",1825,60,176
1755924658,2025-08-23T04:50:58Z,N623FB,"33.502121,-112.113609",1850,54,156
1755924661,2025-08-23T04:51:01Z,N623FB,"33.501617,-112.113228",1875,53,138
1755924663,2025-08-23T04:51:03Z,N623FB,"33.501411,-112.112564",1875,50,104
1755924665,2025-08-23T04:51:05Z,N623FB,"33.501457,-112.111946",1825,62,69
1755924667,2025-08-23T04:51:07Z,N623FB,"33.501831,-112.111328",1750,70,44
1755924669,2025-08-23T04:51:09Z,N623FB,"33.502396,-112.110916",1700,71,22
1755924672,2025-08-23T04:51:12Z,N623FB,"33.503174,-112.110916",1675,68,342
1755924674,2025-08-23T04:51:14Z,N623FB,"33.503784,-112.111443",1700,65,299
1755924676,2025-08-23T04:51:16Z,N623FB,"33.503906,-112.112236",1700,66,269
1755924678,2025-08-23T04:51:18Z,N623FB,"33.503551,-112.1129",1725,67,223
1755924680,2025-08-23T04:51:20Z,N623FB,"33.502991,-112.113174",1725,66,186
1755924683,2025-08-23T04:51:23Z,N623FB,"33.502258,-112.1129",1725,63,145
1755924685,2025-08-23T04:51:25Z,N623FB,"33.501923,-112.112343",1725,58,110
1755924687,2025-08-23T04:51:27Z,N623FB,"33.501923,-112.111778",1725,56,75
1755924690,2025-08-23T04:51:30Z,N623FB,"33.502304,-112.111084",1725,56,40
1755924692,2025-08-23T04:51:32Z,N623FB,"33.502899,-112.110809",1725,59,10
1755924694,2025-08-23T04:51:34Z,N623FB,"33.503551,-112.110939",1725,61,341
1755924696,2025-08-23T04:51:36Z,N623FB,"33.503998,-112.111465",1725,64,304
1755924699,2025-08-23T04:51:39Z,N623FB,"33.504112,-112.112114",1725,65,264
1755924701,2025-08-23T04:51:41Z,N623FB,"33.503906,-112.112839",1750,66,232
1755924703,2025-08-23T04:51:43Z,N623FB,"33.50346,-112.113289",1775,63,197
1755924705,2025-08-23T04:51:45Z,N623FB,"33.502762,-112.113335",1775,60,160
1755924707,2025-08-23T04:51:47Z,N623FB,"33.502304,-112.112953",1775,56,127
1755924710,2025-08-23T04:51:50Z,N623FB,"33.502064,-112.112228",1750,58,95
1755924712,2025-08-23T04:51:52Z,N623FB,"33.502167,-112.111465",1750,59,68
1755924714,2025-08-23T04:51:54Z,N623FB,"33.502575,-112.110886",1750,58,39
1755924716,2025-08-23T04:51:56Z,N623FB,"33.503036,-112.110703",1725,54,4
1755924718,2025-08-23T04:51:58Z,N623FB,"33.503632,-112.110809",1725,55,347
1755924721,2025-08-23T04:52:01Z,N623FB,"33.504089,-112.111137",1750,60,312
1755924723,2025-08-23T04:52:03Z,N623FB,"33.504364,-112.111855",1750,68,273
1755924725,2025-08-23T04:52:05Z,N623FB,"33.504158,-112.112846",1775,70,241
1755924727,2025-08-23T04:52:07Z,N623FB,"33.503693,-112.11335",1775,69,211
1755924729,2025-08-23T04:52:09Z,N623FB,"33.503082,-112.113556",1775,68,179
1755924732,2025-08-23T04:52:12Z,N623FB,"33.502441,-112.113335",1800,68,154
1755924734,2025-08-23T04:52:14Z,N623FB,"33.501984,-112.112785",1800,69,123
1755924736,2025-08-23T04:52:16Z,N623FB,"33.50169,-112.111832",1800,70,96
1755924738,2025-08-23T04:52:18Z,N623FB,"33.501755,-112.111137",1800,70,77
1755924740,2025-08-23T04:52:20Z,N623FB,"33.502075,-112.11026",1800,73,59
1755924742,2025-08-23T04:52:22Z,N623FB,"33.502483,-112.109703",1800,73,43
1755924745,2025-08-23T04:52:25Z,N623FB,"33.503174,-112.109108",1800,73,27
1755924747,2025-08-23T04:52:27Z,N623FB,"33.503815,-112.108833",1800,72,14
1755924749,2025-08-23T04:52:29Z,N623FB,"33.504364,-112.108719",1825,74,5
1755924751,2025-08-23T04:52:31Z,N623FB,"33.505089,-112.108643",1825,76,3
1755924753,2025-08-23T04:52:33Z,N623FB,"33.505966,-112.108665",1825,78,357
1755924755,2025-08-23T04:52:35Z,N623FB,"33.506699,-112.108719",1825,79,355
1755924757,2025-08-23T04:52:37Z,N623FB,"33.507603,-112.10881",1850,77,355
1755924760,2025-08-23T04:52:40Z,N623FB,"33.508347,-112.108887",1875,74,355
1755924762,2025-08-23T04:52:42Z,N623FB,"33.50909,-112.108978",1925,70,353
1755924764,2025-08-23T04:52:44Z,N623FB,"33.509792,-112.109085",1975,67,352
1755924766,2025-08-23T04:52:46Z,N623FB,"33.510452,-112.109215",2025,66,351
1755924768,2025-08-23T04:52:48Z,N623FB,"33.511185,-112.109329",2050,66,350
1755924770,2025-08-23T04:52:50Z,N623FB,"33.51178,-112.109489",2075,68,349
1755924772,2025-08-23T04:52:52Z,N623FB,"33.512444,-112.10965",2075,68,347
1755924775,2025-08-23T04:52:55Z,N623FB,"33.513096,-112.109818",2100,69,346
1755924777,2025-08-23T04:52:57Z,N623FB,"33.513748,-112.109985",2125,72,345
1755924779,2025-08-23T04:52:59Z,N623FB,"33.514305,-112.110207",2125,73,345
1755924781,2025-08-23T04:53:01Z,N623FB,"33.515121,-112.110481",2125,74,342
1755924783,2025-08-23T04:53:03Z,N623FB,"33.515984,-112.110771",2125,75,341
1755924786,2025-08-23T04:53:06Z,N623FB,"33.516632,-112.111053",2150,77,340
1755924788,2025-08-23T04:53:08Z,N623FB,"33.517502,-112.111465",2150,79,338
1755924790,2025-08-23T04:53:10Z,N623FB,"33.518078,-112.111725",2150,81,337
1755924792,2025-08-23T04:53:12Z,N623FB,"33.518913,-112.112175",2150,81,336
1755924794,2025-08-23T04:53:14Z,N623FB,"33.519608,-112.112511",2175,83,335
1755924796,2025-08-23T04:53:16Z,N623FB,"33.520386,-112.112953",2175,84,334
1755924798,2025-08-23T04:53:18Z,N623FB,"33.521072,-112.113335",2175,85,332
1755924801,2025-08-23T04:53:21Z,N623FB,"33.521896,-112.113884",2175,85,332
1755924803,2025-08-23T04:53:23Z,N623FB,"33.52264,-112.114357",2175,85,328
1755924805,2025-08-23T04:53:25Z,N623FB,"33.52327,-112.114876",2200,86,324
1755924807,2025-08-23T04:53:27Z,N623FB,"33.524082,-112.115761",2200,86,315
1755924809,2025-08-23T04:53:29Z,N623FB,"33.524593,-112.116486",2225,88,305
1755924812,2025-08-23T04:53:32Z,N623FB,"33.525059,-112.117439",2250,88,298
1755924814,2025-08-23T04:53:34Z,N623FB,"33.525421,-112.118393",2250,90,291
1755924816,2025-08-23T04:53:36Z,N623FB,"33.52565,-112.119377",2250,92,284
1755924818,2025-08-23T04:53:38Z,N623FB,"33.525852,-112.120415",2275,93,280
1755924820,2025-08-23T04:53:40Z,N623FB,"33.526016,-112.121689",2300,94,278
1755924822,2025-08-23T04:53:42Z,N623FB,"33.526131,-112.122482",2300,94,276
1755924824,2025-08-23T04:53:44Z,N623FB,"33.526199,-112.123772",2325,95,271
1755924826,2025-08-23T04:53:46Z,N623FB,"33.526222,-112.125122",2350,96,269
1755924828,2025-08-23T04:53:48Z,N623FB,"33.526176,-112.126183",2375,96,267
1755924831,2025-08-23T04:53:51Z,N623FB,"33.526131,-112.127251",2375,95,266
1755924833,2025-08-23T04:53:53Z,N623FB,"33.526085,-112.128479",2400,95,266
1755924835,2025-08-23T04:53:55Z,N623FB,"33.526016,-112.129486",2425,95,265
1755924837,2025-08-23T04:53:57Z,N623FB,"33.52597,-112.130417",2450,95,264
1755924839,2025-08-23T04:53:59Z,N623FB,"33.525852,-112.131508",2475,95,263
1755924841,2025-08-23T04:54:01Z,N623FB,"33.525757,-112.13269",2500,94,262
1755924843,2025-08-23T04:54:03Z,N623FB,"33.52562,-112.133751",2475,93,262
1755924846,2025-08-23T04:54:06Z,N623FB,"33.525513,-112.134872",2475,91,261
1755924848,2025-08-23T04:54:08Z,N623FB,"33.525337,-112.136108",2475,89,261
1755924850,2025-08-23T04:54:10Z,N623FB,"33.5252,-112.137001",2475,87,260
1755924852,2025-08-23T04:54:12Z,N623FB,"33.525059,-112.138008",2500,84,259
1755924854,2025-08-23T04:54:14Z,N623FB,"33.524918,-112.138878",2500,81,258
1755924856,2025-08-23T04:54:16Z,N623FB,"33.52478,-112.139809",2500,79,257
1755924858,2025-08-23T04:54:18Z,N623FB,"33.524548,-112.14093",2525,77,256
1755924861,2025-08-23T04:54:21Z,N623FB,"33.524368,-112.141678",2525,73,255
1755924863,2025-08-23T04:54:23Z,N623FB,"33.524174,-112.142662",2550,72,254
1755924865,2025-08-23T04:54:25Z,N623FB,"33.524002,-112.143272",2550,72,254
1755924867,2025-08-23T04:54:27Z,N623FB,"33.523773,-112.144211",2550,72,253
1755924869,2025-08-23T04:54:29Z,N623FB,"33.52359,-112.14492",2550,71,252
1755924871,2025-08-23T04:54:31Z,N623FB,"33.523338,-112.145912",2550,71,252
1755924873,2025-08-23T04:54:33Z,N623FB,"33.523106,-112.146759",2550,70,251
1755924876,2025-08-23T04:54:36Z,N623FB,"33.522873,-112.147484",2550,71,250
1755924878,2025-08-23T04:54:38Z,N623FB,"33.522675,-112.14827",2550,70,256
1755924880,2025-08-23T04:54:40Z,N623FB,"33.522629,-112.14904",2550,70,281
1755924882,2025-08-23T04:54:42Z,N623FB,"33.522903,-112.149811",2500,70,312
1755924884,2025-08-23T04:54:44Z,N623FB,"33.523617,-112.150345",2400,75,339
1755924886,2025-08-23T04:54:46Z,N623FB,"33.524406,-112.150345",2275,87,7
1755924889,2025-08-23T04:54:49Z,N623FB,"33.525375,-112.149979",2125,98,20
1755924891,2025-08-23T04:54:51Z,N623FB,"33.526176,-112.149506",2050,104,26
1755924893,2025-08-23T04:54:53Z,N623FB,"33.527294,-112.148827",2025,104,26
1755924895,2025-08-23T04:54:55Z,N623FB,"33.528271,-112.14827",2025,103,25
1755924897,2025-08-23T04:54:57Z,N623FB,"33.529064,-112.14782",2025,102,24
1755924899,2025-08-23T04:54:59Z,N623FB,"33.529953,-112.147339",2025,101,23
1755924901,2025-08-23T04:55:01Z,N623FB,"33.530785,-112.146927",2025,102,23
1755924904,2025-08-23T04:55:04Z,N623FB,"33.531876,-112.146408",2000,101,22
1755924906,2025-08-23T04:55:06Z,N623FB,"33.532745,-112.145966",2000,102,21
1755924908,2025-08-23T04:55:08Z,N623FB,"33.533798,-112.14547",2000,101,21
1755924910,2025-08-23T04:55:10Z,N623FB,"33.534851,-112.144974",2000,99,21
1755924912,2025-08-23T04:55:12Z,N623FB,"33.535767,-112.144539",2025,97,21
1755924915,2025-08-23T04:55:15Z,N623FB,"33.536556,-112.14418",2050,96,21
1755924919,2025-08-23T04:55:19Z,N623FB,"33.538376,-112.143387",2075,94,20
1755924921,2025-08-23T04:55:21Z,N623FB,"33.539165,-112.142998",2075,94,20
1755924923,2025-08-23T04:55:23Z,N623FB,"33.540253,-112.142555",2100,94,20
1755924926,2025-08-23T04:55:26Z,N623FB,"33.541077,-112.142159",2100,94,20
1755924932,2025-08-23T04:55:32Z,N623FB,"33.544052,-112.140884",2125,95,20
1755924939,2025-08-23T04:55:39Z,N623FB,"33.54689,-112.139694",2125,98,18
1755924948,2025-08-23T04:55:48Z,N623FB,"33.550617,-112.138199",2150,95,18
1755924954,2025-08-23T04:55:54Z,N623FB,"33.553318,-112.137161",2175,97,16
1755924956,2025-08-23T04:55:56Z,N623FB,"33.554203,-112.136879",2175,97,15
1755924959,2025-08-23T04:55:59Z,N623FB,"33.555313,-112.136497",2175,97,14
1755924961,2025-08-23T04:56:01Z,N623FB,"33.556202,-112.136246",2175,97,14
1755924963,2025-08-23T04:56:03Z,N623FB,"33.556961,-112.135994",2175,97,13
1755924965,2025-08-23T04:56:05Z,N623FB,"33.558105,-112.135658",2175,98,12
1755924967,2025-08-23T04:56:07Z,N623FB,"33.559067,-112.135437",2175,98,11
1755924970,2025-08-23T04:56:10Z,N623FB,"33.560074,-112.135208",2175,98,10
1755924972,2025-08-23T04:56:12Z,N623FB,"33.560989,-112.134987",2175,99,9
1755924974,2025-08-23T04:56:14Z,N623FB,"33.562115,-112.134766",2175,99,9
1755924976,2025-08-23T04:56:16Z,N623FB,"33.563004,-112.13459",2175,100,9
1755924978,2025-08-23T04:56:18Z,N623FB,"33.564117,-112.134361",2175,100,9
1755924981,2025-08-23T04:56:21Z,N623FB,"33.565018,-112.134201",2175,100,9
1755924983,2025-08-23T04:56:23Z,N623FB,"33.566116,-112.133972",2175,100,9
1755924985,2025-08-23T04:56:25Z,N623FB,"33.567032,-112.133751",2175,101,10
1755924987,2025-08-23T04:56:27Z,N623FB,"33.567764,-112.133583",2175,101,9
1755924989,2025-08-23T04:56:29Z,N623FB,"33.568958,-112.133392",2150,101,9
1755924991,2025-08-23T04:56:31Z,N623FB,"33.569916,-112.133194",2175,101,8
1755924993,2025-08-23T04:56:33Z,N623FB,"33.570831,-112.133026",2150,101,8
1755924996,2025-08-23T04:56:36Z,N623FB,"33.571983,-112.132812",2150,100,7
1755924998,2025-08-23T04:56:38Z,N623FB,"33.572891,-112.13269",2150,100,6
1755925004,2025-08-23T04:56:44Z,N623FB,"33.576233,-112.132294",2175,100,5
1755925011,2025-08-23T04:56:51Z,N623FB,"33.579163,-112.131958",2175,100,5
1755925013,2025-08-23T04:56:53Z,N623FB,"33.580318,-112.131844",2175,100,4
1755925015,2025-08-23T04:56:55Z,N623FB,"33.581249,-112.13179",2175,101,3
1755925018,2025-08-23T04:56:58Z,N623FB,"33.58223,-112.131676",2175,101,2
1755925020,2025-08-23T04:57:00Z,N623FB,"33.583191,-112.131676",2175,101,2
1755925022,2025-08-23T04:57:02Z,N623FB,"33.58432,-112.131615",2200,101,2
1755925024,2025-08-23T04:57:04Z,N623FB,"33.585251,-112.131569",2200,101,1
1755925026,2025-08-23T04:57:06Z,N623FB,"33.586441,-112.131569",2200,101,1
1755925029,2025-08-23T04:57:09Z,N623FB,"33.587402,-112.131569",2200,101,1
1755925034,2025-08-23T04:57:14Z,N623FB,"33.589581,-112.131561",2200,101,359
1755925036,2025-08-23T04:57:16Z,N623FB,"33.590698,-112.131561",2200,101,358
1755925038,2025-08-23T04:57:18Z,N623FB,"33.591442,-112.131615",2225,101,358
1755925040,2025-08-23T04:57:20Z,N623FB,"33.592712,-112.131676",2225,101,357
1755925042,2025-08-23T04:57:22Z,N623FB,"33.593628,-112.131737",2225,101,356
1755925044,2025-08-23T04:57:24Z,N623FB,"33.594517,-112.13179",2225,100,356
1755925047,2025-08-23T04:57:27Z,N623FB,"33.595596,-112.131905",2225,100,355
1755925049,2025-08-23T04:57:29Z,N623FB,"33.596748,-112.132019",2225,100,354
1755925051,2025-08-23T04:57:31Z,N623FB,"33.597961,-112.132126",2225,100,354
1755925053,2025-08-23T04:57:33Z,N623FB,"33.598846,-112.13224",2250,100,354
1755925056,2025-08-23T04:57:36Z,N623FB,"33.599854,-112.132408",2250,101,354
1755925058,2025-08-23T04:57:38Z,N623FB,"33.600723,-112.132462",2250,101,354
1755925060,2025-08-23T04:57:40Z,N623FB,"33.601959,-112.132629",2250,101,354
1755925062,2025-08-23T04:57:42Z,N623FB,"33.602783,-112.132744",2225,102,354
1755925070,2025-08-23T04:57:50Z,N623FB,"33.606857,-112.133194",2200,103,353
1755925072,2025-08-23T04:57:52Z,N623FB,"33.607967,-112.133392",2200,103,351
1755925075,2025-08-23T04:57:55Z,N623FB,"33.608994,-112.133621",2200,102,349
1755925077,2025-08-23T04:57:57Z,N623FB,"33.609924,-112.133789",2200,102,348
1755925079,2025-08-23T04:57:59Z,N623FB,"33.610886,-112.134033",2200,102,347
1755925081,2025-08-23T04:58:01Z,N623FB,"33.611847,-112.134315",2200,101,346
1755925083,2025-08-23T04:58:03Z,N623FB,"33.612949,-112.134644",2200,101,344
1755925086,2025-08-23T04:58:06Z,N623FB,"33.61388,-112.134995",2200,101,340
1755925088,2025-08-23T04:58:08Z,N623FB,"33.614868,-112.13549",2225,101,334
1755925090,2025-08-23T04:58:10Z,N623FB,"33.615967,-112.136215",2225,102,330
1755925092,2025-08-23T04:58:12Z,N623FB,"33.616791,-112.136833",2225,103,326
1755925094,2025-08-23T04:58:14Z,N623FB,"33.617569,-112.137505",2200,103,324
1755925096,2025-08-23T04:58:16Z,N623FB,"33.618351,-112.138199",2200,104,322
1755925098,2025-08-23T04:58:18Z,N623FB,"33.61908,-112.138855",2200,104,322
1755925101,2025-08-23T04:58:21Z,N623FB,"33.620041,-112.139694",2200,104,322
1755925103,2025-08-23T04:58:23Z,N623FB,"33.620773,-112.140419",2200,104,322
1755925105,2025-08-23T04:58:25Z,N623FB,"33.621552,-112.141098",2200,104,322
1755925107,2025-08-23T04:58:27Z,N623FB,"33.622448,-112.141914",2200,104,322
1755925109,2025-08-23T04:58:29Z,N623FB,"33.623428,-112.14283",2200,105,323
1755925112,2025-08-23T04:58:32Z,N623FB,"33.624252,-112.143562",2175,104,324
1755925114,2025-08-23T04:58:34Z,N623FB,"33.625076,-112.144234",2200,102,325
1755925116,2025-08-23T04:58:36Z,N623FB,"33.625992,-112.144958",2200,102,328
1755925121,2025-08-23T04:58:41Z,N623FB,"33.628078,-112.146149",2200,99,341
1755925123,2025-08-23T04:58:43Z,N623FB,"33.629013,-112.146362",2200,98,351
1755925125,2025-08-23T04:58:45Z,N623FB,"33.629894,-112.146378",2225,97,1
1755925127,2025-08-23T04:58:47Z,N623FB,"33.630798,-112.146141",2225,96,15
1755925129,2025-08-23T04:58:49Z,N623FB,"33.631622,-112.145744",2250,97,25
1755925132,2025-08-23T04:58:52Z,N623FB,"33.632641,-112.14489",2250,100,38
1755925134,2025-08-23T04:58:54Z,N623FB,"33.633339,-112.143974",2250,102,50
1755925136,2025-08-23T04:58:56Z,N623FB,"33.633854,-112.143005",2225,106,58
1755925138,2025-08-23T04:58:58Z,N623FB,"33.63427,-112.14209",2225,108,63
1755925140,2025-08-23T04:59:00Z,N623FB,"33.634735,-112.14093",2200,106,66
1755925142,2025-08-23T04:59:02Z,N623FB,"33.635155,-112.139801",2175,103,67
1755925144,2025-08-23T04:59:04Z,N623FB,"33.635483,-112.138763",2150,97,67
1755925147,2025-08-23T04:59:07Z,N623FB,"33.635948,-112.137512",2150,91,67
1755925149,2025-08-23T04:59:09Z,N623FB,"33.636246,-112.136612",2150,84,67
1755925151,2025-08-23T04:59:11Z,N623FB,"33.6366,-112.13562",2150,79,67
1755925154,2025-08-23T04:59:14Z,N623FB,"33.636932,-112.134651",2150,77,68
1755925156,2025-08-23T04:59:16Z,N623FB,"33.637203,-112.133789",2150,75,68
1755925158,2025-08-23T04:59:18Z,N623FB,"33.637436,-112.133102",2150,73,68
1755925160,2025-08-23T04:59:20Z,N623FB,"33.637764,-112.132072",2150,72,68
1755925162,2025-08-23T04:59:22Z,N623FB,"33.638031,-112.131287",2150,70,68
1755925164,2025-08-23T04:59:24Z,N623FB,"33.638275,-112.130646",2150,70,68
1755925166,2025-08-23T04:59:26Z,N623FB,"33.638508,-112.129898",2150,70,68
1755925173,2025-08-23T04:59:33Z,N623FB,"33.639313,-112.127304",2175,72,75
1755925175,2025-08-23T04:59:35Z,N623FB,"33.639484,-112.126404",2150,73,78
1755925178,2025-08-23T04:59:38Z,N623FB,"33.63958,-112.125381",2150,76,83
1755925180,2025-08-23T04:59:40Z,N623FB,"33.639633,-112.124504",2150,78,87
1755925182,2025-08-23T04:59:42Z,N623FB,"33.639633,-112.123436",2150,80,90
1755925184,2025-08-23T04:59:44Z,N623FB,"33.63958,-112.122513",2150,82,92
1755925186,2025-08-23T04:59:46Z,N623FB,"33.639542,-112.121529",2150,83,93
1755925188,2025-08-23T04:59:48Z,N623FB,"33.63953,-112.120628",2150,83,92
1755925191,2025-08-23T04:59:51Z,N623FB,"33.639484,-112.119431",2150,83,91
1755925193,2025-08-23T04:59:53Z,N623FB,"33.639484,-112.118515",2150,83,90
1755925195,2025-08-23T04:59:55Z,N623FB,"33.639484,-112.117599",2150,83,90
1755925197,2025-08-23T04:59:57Z,N623FB,"33.639484,-112.116508",2150,83,90
1755925200,2025-08-23T05:00:00Z,N623FB,"33.639484,-112.115479",2125,83,90
1755925202,2025-08-23T05:00:02Z,N623FB,"33.639484,-112.114395",2125,83,90
1755925204,2025-08-23T05:00:04Z,N623FB,"33.63945,-112.113571",2125,83,90
1755925206,2025-08-23T05:00:06Z,N623FB,"33.63945,-112.112396",2125,83,90
1755925213,2025-08-23T05:00:13Z,N623FB,"33.63953,-112.109299",2100,83,88
1755925215,2025-08-23T05:00:15Z,N623FB,"33.63953,-112.108383",2100,83,87
1755925222,2025-08-23T05:00:22Z,N623FB,"33.639587,-112.105446",2100,82,88
1755925230,2025-08-23T05:00:30Z,N623FB,"33.639671,-112.101578",2075,81,89
1755925239,2025-08-23T05:00:39Z,N623FB,"33.639725,-112.097595",2100,80,88
1755925248,2025-08-23T05:00:48Z,N623FB,"33.639812,-112.093964",2100,80,87
1755925254,2025-08-23T05:00:54Z,N623FB,"33.639954,-112.090813",2100,79,87
1755925261,2025-08-23T05:01:01Z,N623FB,"33.640091,-112.088066",2100,80,86
1755925270,2025-08-23T05:01:10Z,N623FB,"33.640324,-112.084061",2125,78,85
1755925276,2025-08-23T05:01:16Z,N623FB,"33.640457,-112.081451",2125,78,86
1755925285,2025-08-23T05:01:25Z,N623FB,"33.640732,-112.077583",2150,75,83
1755925287,2025-08-23T05:01:27Z,N623FB,"33.640835,-112.076797",2150,74,81
1755925289,2025-08-23T05:01:29Z,N623FB,"33.640961,-112.07579",2150,74,80
1755925291,2025-08-23T05:01:31Z,N623FB,"33.641098,-112.074898",2150,73,80
1755925293,2025-08-23T05:01:33Z,N623FB,"33.64119,-112.074165",2175,73,79
1755925296,2025-08-23T05:01:36Z,N623FB,"33.6413,-112.073303",2175,73,78
1755925298,2025-08-23T05:01:38Z,N623FB,"33.641441,-112.072563",2175,73,78
1755925300,2025-08-23T05:01:40Z,N623FB,"33.641628,-112.071594",2175,72,78
1755925302,2025-08-23T05:01:42Z,N623FB,"33.641739,-112.070747",2175,72,77
1755925304,2025-08-23T05:01:44Z,N623FB,"33.641907,-112.069992",2175,73,76
1755925306,2025-08-23T05:01:46Z,N623FB,"33.642139,-112.068901",2200,72,75
1755925309,2025-08-23T05:01:49Z,N623FB,"33.642326,-112.068039",2200,71,75
1755925311,2025-08-23T05:01:51Z,N623FB,"33.642471,-112.067329",2200,70,74
1755925313,2025-08-23T05:01:53Z,N623FB,"33.642742,-112.066269",2200,70,74
1755925316,2025-08-23T05:01:56Z,N623FB,"33.642883,-112.065536",2200,70,73
1755925318,2025-08-23T05:01:58Z,N623FB,"33.643112,-112.064804",2200,70,71
1755925320,2025-08-23T05:02:00Z,N623FB,"33.643387,-112.06385",2200,70,69
1755925322,2025-08-23T05:02:02Z,N623FB,"33.643661,-112.063126",2200,69,62
1755925324,2025-08-23T05:02:04Z,N623FB,"33.643982,-112.062454",2200,69,56
1755925326,2025-08-23T05:02:06Z,N623FB,"33.644485,-112.061668",2200,67,47
1755925329,2025-08-23T05:02:09Z,N623FB,"33.644978,-112.061172",2200,66,38
1755925331,2025-08-23T05:02:11Z,N623FB,"33.645397,-112.060837",2200,66,29
1755925333,2025-08-23T05:02:13Z,N623FB,"33.646042,-112.060432",2200,65,22
1755925335,2025-08-23T05:02:15Z,N623FB,"33.646702,-112.060204",2200,65,15
1755925337,2025-08-23T05:02:17Z,N623FB,"33.647305,-112.060089",2225,65,7
1755925339,2025-08-23T05:02:19Z,N623FB,"33.647911,-112.060028",2225,65,358
1755925341,2025-08-23T05:02:21Z,N623FB,"33.648651,-112.060097",2225,64,350
1755925343,2025-08-23T05:02:23Z,N623FB,"33.649292,-112.060326",2225,65,341
1755925346,2025-08-23T05:02:26Z,N623FB,"33.649868,-112.060661",2225,66,332
1755925348,2025-08-23T05:02:28Z,N623FB,"33.650471,-112.061172",2225,68,319
1755925350,2025-08-23T05:02:30Z,N623FB,"33.65089,-112.061752",2200,70,309
1755925352,2025-08-23T05:02:32Z,N623FB,"33.651215,-112.062317",2225,71,301
1755925354,2025-08-23T05:02:34Z,N623FB,"33.651535,-112.063072",2200,73,289
1755925357,2025-08-23T05:02:37Z,N623FB,"33.651775,-112.064095",2200,75,282
1755925359,2025-08-23T05:02:39Z,N623FB,"33.651913,-112.06501",2225,77,276
1755925361,2025-08-23T05:02:41Z,N623FB,"33.651947,-112.066208",2225,79,272
1755925363,2025-08-23T05:02:43Z,N623FB,"33.651962,-112.067123",2200,81,269
1755925366,2025-08-23T05:02:46Z,N623FB,"33.651913,-112.0681",2200,82,267
1755925368,2025-08-23T05:02:48Z,N623FB,"33.651855,-112.069069",2200,83,265
1755925370,2025-08-23T05:02:50Z,N623FB,"33.65181,-112.069908",2200,83,265
1755925372,2025-08-23T05:02:52Z,N623FB,"33.651775,-112.071075",2200,82,265
1755925374,2025-08-23T05:02:54Z,N623FB,"33.65168,-112.071991",2200,82,263
1755925377,2025-08-23T05:02:57Z,N623FB,"33.651588,-112.073074",2200,81,262
1755925379,2025-08-23T05:02:59Z,N623FB,"33.651443,-112.074165",2200,81,261
1755925381,2025-08-23T05:03:01Z,N623FB,"33.651356,-112.074852",2200,82,260
1755925383,2025-08-23T05:03:03Z,N623FB,"33.651169,-112.07605",2200,82,258
1755925385,2025-08-23T05:03:05Z,N623FB,"33.650982,-112.076912",2200,82,258
1755925387,2025-08-23T05:03:07Z,N623FB,"33.650845,-112.077827",2200,83,257
1755925389,2025-08-23T05:03:09Z,N623FB,"33.650665,-112.078819",2200,82,257
1755925392,2025-08-23T05:03:12Z,N623FB,"33.650482,-112.07972",2200,82,257
1755925394,2025-08-23T05:03:14Z,N623FB,"33.650253,-112.08078",2225,82,257
1755925396,2025-08-23T05:03:16Z,N623FB,"33.650116,-112.081619",2225,82,256
1755925398,2025-08-23T05:03:18Z,N623FB,"33.649887,-112.082802",2225,82,256
1755925401,2025-08-23T05:03:21Z,N623FB,"33.649681,-112.083664",2225,82,256
1755925403,2025-08-23T05:03:23Z,N623FB,"33.649475,-112.084648",2225,81,255
1755925405,2025-08-23T05:03:25Z,N623FB,"33.649307,-112.085556",2225,80,255
1755925407,2025-08-23T05:03:27Z,N623FB,"33.649075,-112.086525",2225,80,255
1755925409,2025-08-23T05:03:29Z,N623FB,"33.648926,-112.087341",2225,81,255
1755925411,2025-08-23T05:03:31Z,N623FB,"33.648655,-112.088409",2225,82,253
1755925414,2025-08-23T05:03:34Z,N623FB,"33.648422,-112.089355",2225,82,253
1755925416,2025-08-23T05:03:36Z,N623FB,"33.648193,-112.090256",2225,83,251
1755925418,2025-08-23T05:03:38Z,N623FB,"33.647873,-112.091377",2225,83,248
1755925420,2025-08-23T05:03:40Z,N623FB,"33.647587,-112.092194",2225,85,245
1755925422,2025-08-23T05:03:42Z,N623FB,"33.647121,-112.093277",2225,85,240
1755925424,2025-08-23T05:03:44Z,N623FB,"33.646683,-112.094009",2225,87,232
1755925426,2025-08-23T05:03:46Z,N623FB,"33.646133,-112.094742",2250,86,225
1755925428,2025-08-23T05:03:48Z,N623FB,"33.645538,-112.095337",2250,87,215
1755925430,2025-08-23T05:03:50Z,N623FB,"33.644714,-112.095863",2250,87,205
1755925432,2025-08-23T05:03:52Z,N623FB,"33.643906,-112.096138",2275,86,190
1755925435,2025-08-23T05:03:55Z,N623FB,"33.643066,-112.096199",2275,84,178
1755925437,2025-08-23T05:03:57Z,N623FB,"33.642509,-112.096138",2275,78,170
1755925439,2025-08-23T05:03:59Z,N623FB,"33.64172,-112.095909",2300,67,165
1755925441,2025-08-23T05:04:01Z,N623FB,"33.641144,-112.095749",2300,57,162
1755925443,2025-08-23T05:04:03Z,N623FB,"33.64064,-112.09552",2325,49,161
1755925445,2025-08-23T05:04:05Z,N623FB,"33.640274,-112.095352",2350,37,158
1755925447,2025-08-23T05:04:07Z,N623FB,"33.639908,-112.095184",2350,29,157
1755925452,2025-08-23T05:04:12Z,N623FB,"33.639359,-112.094849",2325,32,148
1755925454,2025-08-23T05:04:14Z,N623FB,"33.639114,-112.094589",2325,40,129
1755925456,2025-08-23T05:04:16Z,N623FB,"33.638947,-112.094009",2275,50,106
1755925458,2025-08-23T05:04:18Z,N623FB,"33.638855,-112.093452",2250,63,96
1755925460,2025-08-23T05:04:20Z,N623FB,"33.638832,-112.09259",2200,70,89
1755925463,2025-08-23T05:04:23Z,N623FB,"33.638855,-112.09166",2200,73,86
1755925465,2025-08-23T05:04:25Z,N623FB,"33.638927,-112.09082",2200,73,83
1755925467,2025-08-23T05:04:27Z,N623FB,"33.639019,-112.090012",2225,73,82
1755925469,2025-08-23T05:04:29Z,N623FB,"33.63913,-112.089081",2225,73,81
1755925471,2025-08-23T05:04:31Z,N623FB,"33.639267,-112.088234",2225,72,80
1755925473,2025-08-23T05:04:33Z,N623FB,"33.639347,-112.08744",2225,71,79
1755925476,2025-08-23T05:04:36Z,N623FB,"33.639484,-112.086578",2250,69,79
1755925478,2025-08-23T05:04:38Z,N623FB,"33.639626,-112.085838",2250,68,78
1755925480,2025-08-23T05:04:40Z,N623FB,"33.639771,-112.085152",2250,68,76
1755925482,2025-08-23T05:04:42Z,N623FB,"33.63995,-112.084236",2275,68,76
1755925484,2025-08-23T05:04:44Z,N623FB,"33.640137,-112.083321",2275,69,76
1755925487,2025-08-23T05:04:47Z,N623FB,"33.64032,-112.082352",2275,70,78
1755925489,2025-08-23T05:04:49Z,N623FB,"33.640415,-112.081543",2275,70,81
1755925496,2025-08-23T05:04:56Z,N623FB,"33.640556,-112.079025",2275,71,90
1755925498,2025-08-23T05:04:58Z,N623FB,"33.640549,-112.078094",2275,70,88
1755925500,2025-08-23T05:05:00Z,N623FB,"33.640556,-112.077087",2275,69,88
1755925502,2025-08-23T05:05:02Z,N623FB,"33.640594,-112.076355",2300,69,88
1755925504,2025-08-23T05:05:04Z,N623FB,"33.640602,-112.075653",2300,68,88
1755925507,2025-08-23T05:05:07Z,N623FB,"33.64064,-112.074783",2300,67,87
1755925509,2025-08-23T05:05:09Z,N623FB,"33.640648,-112.073936",2300,65,87
1755925511,2025-08-23T05:05:11Z,N623FB,"33.640694,-112.07325",2300,64,86
1755925513,2025-08-23T05:05:13Z,N623FB,"33.640743,-112.072388",2300,62,86
1755925515,2025-08-23T05:05:15Z,N623FB,"33.640789,-112.071762",2300,62,84
1755925522,2025-08-23T05:05:22Z,N623FB,"33.641022,-112.069588",2325,61,81
1755925524,2025-08-23T05:05:24Z,N623FB,"33.641113,-112.068848",2325,61,78
1755925526,2025-08-23T05:05:26Z,N623FB,"33.641327,-112.068001",2325,58,70
1755925528,2025-08-23T05:05:28Z,N623FB,"33.641556,-112.067444",2325,54,57
1755925530,2025-08-23T05:05:30Z,N623FB,"33.641811,-112.06707",2325,49,46
1755925532,2025-08-23T05:05:32Z,N623FB,"33.642231,-112.066727",2325,40,21
1755925535,2025-08-23T05:05:35Z,N623FB,"33.642563,-112.066658",2350,38,355
1755925537,2025-08-23T05:05:37Z,N623FB,"33.642975,-112.066841",2350,40,327
1755925539,2025-08-23T05:05:39Z,N623FB,"33.643257,-112.067245",2350,43,304
1755925541,2025-08-23T05:05:41Z,N623FB,"33.643394,-112.067581",2325,45,290
1755925543,2025-08-23T05:05:43Z,N623FB,"33.64357,-112.06823",2325,46,279
1755925545,2025-08-23T05:05:45Z,N623FB,"33.643581,-112.068726",2300,47,274
1755925547,2025-08-23T05:05:47Z,N623FB,"33.643627,-112.069244",2300,47,274
1755925550,2025-08-23T05:05:50Z,N623FB,"33.643661,-112.069908",2300,47,274
1755925552,2025-08-23T05:05:52Z,N623FB,"33.643723,-112.07045",2300,48,273
1755925554,2025-08-23T05:05:54Z,N623FB,"33.643707,-112.071083",2300,50,270
1755925556,2025-08-23T05:05:56Z,N623FB,"33.643707,-112.071701",2300,53,261
1755925559,2025-08-23T05:05:59Z,N623FB,"33.643536,-112.072334",2300,57,250
1755925561,2025-08-23T05:06:01Z,N623FB,"33.643158,-112.073158",2300,60,234
1755925563,2025-08-23T05:06:03Z,N623FB,"33.642742,-112.073654",2300,61,221
1755925566,2025-08-23T05:06:06Z,N623FB,"33.642197,-112.073997",2300,63,203
1755925568,2025-08-23T05:06:08Z,N623FB,"33.641579,-112.074219",2300,63,189
1755925570,2025-08-23T05:06:10Z,N623FB,"33.640915,-112.074226",2300,66,175
1755925572,2025-08-23T05:06:12Z,N623FB,"33.640366,-112.074059",2300,68,160
1755925574,2025-08-23T05:06:14Z,N623FB,"33.639671,-112.073593",2300,67,145
1755925576,2025-08-23T05:06:16Z,N623FB,"33.639252,-112.073135",2300,65,131
1755925578,2025-08-23T05:06:18Z,N623FB,"33.638901,-112.072319",2300,63,114
1755925581,2025-08-23T05:06:21Z,N623FB,"33.638741,-112.071648",2300,61,100
1755925583,2025-08-23T05:06:23Z,N623FB,"33.638741,-112.070961",2300,61,83
1755925585,2025-08-23T05:06:25Z,N623FB,"33.638882,-112.070274",2300,61,72
1755925587,2025-08-23T05:06:27Z,N623FB,"33.63916,-112.069641",2275,62,58
1755925589,2025-08-23T05:06:29Z,N623FB,"33.639587,-112.068954",2275,63,45
1755925591,2025-08-23T05:06:31Z,N623FB,"33.640091,-112.068565",2250,63,32
1755925593,2025-08-23T05:06:33Z,N623FB,"33.640594,-112.068283",2250,64,18
1755925596,2025-08-23T05:06:36Z,N623FB,"33.641373,-112.068054",2250,64,8
1755925598,2025-08-23T05:06:38Z,N623FB,"33.641953,-112.068039",2250,66,356
1755925600,2025-08-23T05:06:40Z,N623FB,"33.642605,-112.068161",2250,68,344
1755925602,2025-08-23T05:06:42Z,N623FB,"33.643394,-112.068497",2250,70,340
1755925605,2025-08-23T05:06:45Z,N623FB,"33.644093,-112.068848",2225,72,336
1755925607,2025-08-23T05:06:47Z,N623FB,"33.644699,-112.06913",2225,74,336
1755925609,2025-08-23T05:06:49Z,N623FB,"33.645493,-112.069572",2225,76,338
1755925612,2025-08-23T05:06:52Z,N623FB,"33.646187,-112.06987",2200,77,339
1755925614,2025-08-23T05:06:54Z,N623FB,"33.646885,-112.07016",2200,80,342
1755925616,2025-08-23T05:06:56Z,N623FB,"33.647644,-112.070412",2175,83,345
1755925618,2025-08-23T05:06:58Z,N623FB,"33.648563,-112.070679",2150,86,349
1755925620,2025-08-23T05:07:00Z,N623FB,"33.649384,-112.070801",2125,89,350
1755925622,2025-08-23T05:07:02Z,N623FB,"33.650425,-112.071014",2100,90,351
1755925624,2025-08-23T05:07:04Z,N623FB,"33.651264,-112.07119",2100,91,351
1755925629,2025-08-23T05:07:09Z,N623FB,"33.652863,-112.071365",2075,93,354
1755925631,2025-08-23T05:07:11Z,N623FB,"33.653915,-112.071472",2050,93,355
1755925633,2025-08-23T05:07:13Z,N623FB,"33.654831,-112.071587",2050,94,355
1755925635,2025-08-23T05:07:15Z,N623FB,"33.655975,-112.071701",2050,93,354
1755925637,2025-08-23T05:07:17Z,N623FB,"33.656754,-112.071815",2050,92,353
1755925639,2025-08-23T05:07:19Z,N623FB,"33.657825,-112.071991",2050,92,352
1755925642,2025-08-23T05:07:22Z,N623FB,"33.658573,-112.072105",2050,91,352
1755925644,2025-08-23T05:07:24Z,N623FB,"33.659454,-112.072205",2050,91,352
1755925653,2025-08-23T05:07:33Z,N623FB,"33.663273,-112.072792",2050,91,353
1755925659,2025-08-23T05:07:39Z,N623FB,"33.666065,-112.073196",2025,91,353
1755925666,2025-08-23T05:07:46Z,N623FB,"33.669094,-112.073593",2025,90,354
1755925671,2025-08-23T05:07:51Z,N623FB,"33.670956,-112.073708",2000,87,358
1755925673,2025-08-23T05:07:53Z,N623FB,"33.671814,-112.073723",2000,85,359
1755925675,2025-08-23T05:07:55Z,N623FB,"33.672592,-112.073723",2000,83,359
1755925677,2025-08-23T05:07:57Z,N623FB,"33.673374,-112.073708",1975,80,359
1755925679,2025-08-23T05:07:59Z,N623FB,"33.674057,-112.073723",1975,76,359
1755925682,2025-08-23T05:08:02Z,N623FB,"33.675053,-112.073761",1950,71,359
1755925684,2025-08-23T05:08:04Z,N623FB,"33.675842,-112.073776",1950,68,358
1755925686,2025-08-23T05:08:06Z,N623FB,"33.676308,-112.073761",1950,64,358
1755925689,2025-08-23T05:08:09Z,N623FB,"33.677032,-112.073776",1925,60,358
1755925691,2025-08-23T05:08:11Z,N623FB,"33.677704,-112.073822",1925,57,358
1755925700,2025-08-23T05:08:20Z,N623FB,"33.679916,-112.073891",1875,53,358
1755925709,2025-08-23T05:08:29Z,N623FB,"33.682068,-112.073944",1800,43,358
1755925716,2025-08-23T05:08:36Z,N623FB,"33.683304,-112.073997",1750,35,358
1755925725,2025-08-23T05:08:45Z,N623FB,"33.684448,-112.074059",1700,27,357
1755925731,2025-08-23T05:08:51Z,N623FB,"33.685291,-112.074051",1650,24,357
1755925738,2025-08-23T05:08:58Z,N623FB,"33.685944,-112.074112",1600,18,356
1755925742,2025-08-23T05:09:02Z,N623FB,"33.686222,-112.074112",1575,15,3
1755925747,2025-08-23T05:09:07Z,N623FB,"33.686508,-112.074059",1550,10,5
1755925753,2025-08-23T05:09:13Z,N623FB,"33.686714,-112.073997",0,6,11
1755925765,2025-08-23T05:09:25Z,N623FB,"33.686932,-112.074066",0,4,95
1755925773,2025-08-23T05:09:33Z,N623FB,"33.686726,-112.074066",0,8,104
1755925780,2025-08-23T05:09:40Z,N623FB,"33.686478,-112.07399",0,5,28
