<?xml version="1.0" encoding="UTF-8"?>
<kml xmlns="http://www.opengis.net/kml/2.2">
  <Document>
    <name>-/N623FB</name>
    <description><![CDATA[<div style="width:220px; text-align:center;">
<div style="width:210px; text-align:center;">
<div style=" background: #000; color: #fff; font-size: 14px; text-align:left; border: 1px solid #000; padding: 2px 6px; text-shadow: 0 1px 0 #000; box-shadow: 0 1px 3px rgba(0,0,0,0.6); background: -webkit-gradient(linear, left top, left bottom, color-stop(0%,#808080), color-stop(2%,#303030), color-stop(100%,#0c0c0c));"><span style="font-size: 14px; font-weight: bold;"><a href="javascript:void(0);" style="color: #fff; cursor: pointer;text-decoration: none;">-</a></span> / N623FB<br/>United States - Phoenix Police Department</div>

<div style="border-top: 1px solid #005c90; color: #fff; padding-bottom: 5px; box-shadow: 0 0 1px #9BE3F6 inset, 0 1px 0 #9BE3F6 inset, 0 -1px 3px rgba(0,0,0,0.4); background:rgba(43,114,173,1); background: -webkit-gradient(linear, left top, left bottom, color-stop(0%,rgba(92,184,229,1)), color-stop(100%,rgba(43,114,173,1)));">
<a style="text-decoration: none; color: rgb(255, 255, 255); font-size: 12px; width:77px; display: inline-block;" title="Phoenix Airport" href="https://www.flightradar24.com/airport/dvt/departures"><h3 style="padding: 0px; margin: 10px 0px 0px; font-size: 16px; ">DVT</h3>Phoenix</a>
<span style="background: url(https://www.flightradar24.com/static/images/userUI_sprite.png?14) no-repeat scroll 0 -464px rgba(0, 0, 0, 0); border: medium none; display: inline-block; height: 16px; width: 45px;"></span>
<a style="text-decoration: none; color: rgb(255, 255, 255); font-size: 12px; width:77px; display: inline-block;" title="Phoenix Airport" href="https://www.flightradar24.com/airport/dvt/arrivals"><h3 style="padding: 0px; margin: 10px 0px 0px; font-size: 16px;">DVT</h3>Phoenix</a>
<div style=" margin-top:10px;">
<div style="display: inline-block; font-size: 12px; padding: 0 5px;">
<div>
<span style="color: #c1eaff;" title="Actual Time of Departure">ATD </span>
<span title="2025-08-26 10:06">10:06</span> <span title="Coordinated Universal Time">UTC</span>
</div>
</div>
<div style="display: inline-block; font-size: 12px; padding: 0 5px;">
<div>
<span style="color: #c1eaff;" title="Estimated Time of Arrival">ETA </span>
<span title="2025-08-26 10:30">10:30</span> <span title="Coordinated Universal Time">UTC</span>
</div>
</div>
</div>
<br style="clear: both;"/>
</div>

<div style="display: block;">
<table style="border-collapse: collapse; width: 100%;">
<tr style="border-right: 1px solid #dadada; ">
<td style="background: none repeat scroll 0 0 #dadada; padding: 0; width: 31px;">
<span style="background: url(https://www.flightradar24.com/static/images/userUI_sprite.png?14) no-repeat scroll -208px -464px rgba(0, 0, 0, 0); height: 26px; margin: 8px 0 0 4px; width: 23px; display: block;"></span>
</td>
<td colspan="2" style="border-bottom: 1px solid #dadada; border-left: 1px solid #dadada; color: #666; line-height: 1.1em; padding: 3px 6px; vertical-align: top; font-size: 14px;">
Aircraft<span style="float: right; font-size: 12px;">(AS50)</span><br>
<span style="color: #333; font-size: 16px; font-weight: bold; line-height: 1.3em;">Airbus Helicopters H125</span>
</td>
</tr>
<tr style="border-right: 1px solid #dadada; ">
<td style="background: none repeat scroll 0 0 #dadada; padding: 0; width: 31px;">
<td colspan="2" style="border-bottom: 1px solid #dadada; border-left: 1px solid #dadada; color: #666; line-height: 1.1em; padding: 3px 6px; vertical-align: top; font-size: 14px;">
Registration<br>
<span style="color: #333; font-size: 16px; font-weight: bold; line-height: 1.3em;"><a href="https://www.flightradar24.com/reg/n623fb" style="text-decoration: none; color: #333;">N623FB</a></span>
</td>
</tr>
</table>
</div>

</div>
</div>]]></description>
    <Folder>
      <name>Route</name>
      <Placemark>
        <name>2025-08-26 10:06:06 UTC</name>
        <description><![CDATA[<div><div><span><b>Altitude:</b></span> <span>0 ft</span></div>
<div><span><b>Speed:</b></span> <span>0 kt</span></div>
<div><span><b>Heading:</b></span> <span>90&deg;</span></div>
</div>]]></description>
        <TimeStamp>
          <when>2025-08-26T10:06:06+00:00</when>
        </TimeStamp>
        <Style>
          <IconStyle>
            <heading>90</heading>
            <Icon>
              <href>http://maps.google.com/mapfiles/kml/shapes/airports.png</href>
            </Icon>
          </IconStyle>
        </Style>
        <Point>
          <altitudeMode>absolute</altitudeMode>
          <coordinates>-112.073883,33.686596,0</coordinates>
        </Point>
      </Placemark>
      <Placemark>
        <name>2025-08-26 10:06:35 UTC</name>
        <description><![CDATA[<div><div><span><b>Altitude:</b></span> <span>0 ft</span></div>
<div><span><b>Speed:</b></span> <span>6 kt</span></div>
<div><span><b>Heading:</b></span> <span>45&deg;</span></div>
</div>]]></description>
        <TimeStamp>
          <when>2025-08-26T10:06:35+00:00</when>
        </TimeStamp>
        <Style>
          <IconStyle>
            <heading>45</heading>
            <Icon>
              <href>http://maps.google.com/mapfiles/kml/shapes/airports.png</href>
            </Icon>
          </IconStyle>
        </Style>
        <Point>
          <altitudeMode>absolute</altitudeMode>
          <coordinates>-112.074097,33.68676,0</coordinates>
        </Point>
      </Placemark>
      <Placemark>
        <name>2025-08-26 10:06:40 UTC</name>
        <description><![CDATA[<div><div><span><b>Altitude:</b></span> <span>1,450 ft</span></div>
<div><span><b>Speed:</b></span> <span>22 kt</span></div>
<div><span><b>Heading:</b></span> <span>66&deg;</span></div>
</div>]]></description>
        <TimeStamp>
          <when>2025-08-26T10:06:40+00:00</when>
        </TimeStamp>
        <Style>
          <IconStyle>
            <heading>66</heading>
            <Icon>
              <href>http://maps.google.com/mapfiles/kml/shapes/airports.png</href>
            </Icon>
          </IconStyle>
        </Style>
        <Point>
          <altitudeMode>absolute</altitudeMode>
          <coordinates>-112.073822,33.68692,441.96</coordinates>
        </Point>
      </Placemark>
      <Placemark>
        <name>2025-08-26 10:06:42 UTC</name>
        <description><![CDATA[<div><div><span><b>Altitude:</b></span> <span>1,450 ft</span></div>
<div><span><b>Speed:</b></span> <span>33 kt</span></div>
<div><span><b>Heading:</b></span> <span>71&deg;</span></div>
</div>]]></description>
        <TimeStamp>
          <when>2025-08-26T10:06:42+00:00</when>
        </TimeStamp>
        <Style>
          <IconStyle>
            <heading>71</heading>
            <Icon>
              <href>http://maps.google.com/mapfiles/kml/shapes/airports.png</href>
            </Icon>
          </IconStyle>
        </Style>
        <Point>
          <altitudeMode>absolute</altitudeMode>
          <coordinates>-112.073494,33.687057,441.96</coordinates>
        </Point>
      </Placemark>
      <Placemark>
        <name>2025-08-26 10:06:45 UTC</name>
        <description><![CDATA[<div><div><span><b>Altitude:</b></span> <span>1,475 ft</span></div>
<div><span><b>Speed:</b></span> <span>42 kt</span></div>
<div><span><b>Heading:</b></span> <span>77&deg;</span></div>
</div>]]></description>
        <TimeStamp>
          <when>2025-08-26T10:06:45+00:00</when>
        </TimeStamp>
        <Style>
          <IconStyle>
            <heading>77</heading>
            <Icon>
              <href>http://maps.google.com/mapfiles/kml/shapes/airports.png</href>
            </Icon>
          </IconStyle>
        </Style>
        <Point>
          <altitudeMode>absolute</altitudeMode>
          <coordinates>-112.07299,33.687149,449.58</coordinates>
        </Point>
      </Placemark>
      <Placemark>
        <name>2025-08-26 10:06:47 UTC</name>
        <description><![CDATA[<div><div><span><b>Altitude:</b></span> <span>1,500 ft</span></div>
<div><span><b>Speed:</b></span> <span>52 kt</span></div>
<div><span><b>Heading:</b></span> <span>88&deg;</span></div>
</div>]]></description>
        <TimeStamp>
          <when>2025-08-26T10:06:47+00:00</when>
        </TimeStamp>
        <Style>
          <IconStyle>
            <heading>88</heading>
            <Icon>
              <href>http://maps.google.com/mapfiles/kml/shapes/airports.png</href>
            </Icon>
          </IconStyle>
        </Style>
        <Point>
          <altitudeMode>absolute</altitudeMode>
          <coordinates>-112.072388,33.687202,457.2</coordinates>
        </Point>
      </Placemark>
      <Placemark>
        <name>2025-08-26 10:06:49 UTC</name>
        <description><![CDATA[<div><div><span><b>Altitude:</b></span> <span>1,525 ft</span></div>
<div><span><b>Speed:</b></span> <span>57 kt</span></div>
<div><span><b>Heading:</b></span> <span>95&deg;</span></div>
</div>]]></description>
        <TimeStamp>
          <when>2025-08-26T10:06:49+00:00</when>
        </TimeStamp>
        <Style>
          <IconStyle>
            <heading>95</heading>
            <Icon>
              <href>http://maps.google.com/mapfiles/kml/shapes/airports.png</href>
            </Icon>
          </IconStyle>
        </Style>
        <Point>
          <altitudeMode>absolute</altitudeMode>
          <coordinates>-112.071648,33.687149,464.82</coordinates>
        </Point>
      </Placemark>
      <Placemark>
        <name>2025-08-26 10:06:52 UTC</name>
        <description><![CDATA[<div><div><span><b>Altitude:</b></span> <span>1,575 ft</span></div>
<div><span><b>Speed:</b></span> <span>61 kt</span></div>
<div><span><b>Heading:</b></span> <span>106&deg;</span></div>
</div>]]></description>
        <TimeStamp>
          <when>2025-08-26T10:06:52+00:00</when>
        </TimeStamp>
        <Style>
          <IconStyle>
            <heading>106</heading>
            <Icon>
              <href>http://maps.google.com/mapfiles/kml/shapes/airports.png</href>
            </Icon>
          </IconStyle>
        </Style>
        <Point>
          <altitudeMode>absolute</altitudeMode>
          <coordinates>-112.070908,33.687016,480.06</coordinates>
        </Point>
      </Placemark>
      <Placemark>
        <name>2025-08-26 10:06:54 UTC</name>
        <description><![CDATA[<div><div><span><b>Altitude:</b></span> <span>1,625 ft</span></div>
<div><span><b>Speed:</b></span> <span>63 kt</span></div>
<div><span><b>Heading:</b></span> <span>116&deg;</span></div>
</div>]]></description>
        <TimeStamp>
          <when>2025-08-26T10:06:54+00:00</when>
        </TimeStamp>
        <Style>
          <IconStyle>
            <heading>116</heading>
            <Icon>
              <href>http://maps.google.com/mapfiles/kml/shapes/airports.png</href>
            </Icon>
          </IconStyle>
        </Style>
        <Point>
          <altitudeMode>absolute</altitudeMode>
          <coordinates>-112.070244,33.686783,495.3</coordinates>
        </Point>
      </Placemark>
      <Placemark>
        <name>2025-08-26 10:06:56 UTC</name>
        <description><![CDATA[<div><div><span><b>Altitude:</b></span> <span>1,650 ft</span></div>
<div><span><b>Speed:</b></span> <span>68 kt</span></div>
<div><span><b>Heading:</b></span> <span>130&deg;</span></div>
</div>]]></description>
        <TimeStamp>
          <when>2025-08-26T10:06:56+00:00</when>
        </TimeStamp>
        <Style>
          <IconStyle>
            <heading>130</heading>
            <Icon>
              <href>http://maps.google.com/mapfiles/kml/shapes/airports.png</href>
            </Icon>
          </IconStyle>
        </Style>
        <Point>
          <altitudeMode>absolute</altitudeMode>
          <coordinates>-112.069641,33.686504,502.92</coordinates>
        </Point>
      </Placemark>
      <Placemark>
        <name>2025-08-26 10:06:58 UTC</name>
        <description><![CDATA[<div><div><span><b>Altitude:</b></span> <span>1,700 ft</span></div>
<div><span><b>Speed:</b></span> <span>72 kt</span></div>
<div><span><b>Heading:</b></span> <span>140&deg;</span></div>
</div>]]></description>
        <TimeStamp>
          <when>2025-08-26T10:06:58+00:00</when>
        </TimeStamp>
        <Style>
          <IconStyle>
            <heading>140</heading>
            <Icon>
              <href>http://maps.google.com/mapfiles/kml/shapes/airports.png</href>
            </Icon>
          </IconStyle>
        </Style>
        <Point>
          <altitudeMode>absolute</altitudeMode>
          <coordinates>-112.068954,33.685944,518.16</coordinates>
        </Point>
      </Placemark>
      <Placemark>
        <name>2025-08-26 10:07:00 UTC</name>
        <description><![CDATA[<div><div><span><b>Altitude:</b></span> <span>1,750 ft</span></div>
<div><span><b>Speed:</b></span> <span>77 kt</span></div>
<div><span><b>Heading:</b></span> <span>151&deg;</span></div>
</div>]]></description>
        <TimeStamp>
          <when>2025-08-26T10:07:00+00:00</when>
        </TimeStamp>
        <Style>
          <IconStyle>
            <heading>151</heading>
            <Icon>
              <href>http://maps.google.com/mapfiles/kml/shapes/airports.png</href>
            </Icon>
          </IconStyle>
        </Style>
        <Point>
          <altitudeMode>absolute</altitudeMode>
          <coordinates>-112.068497,33.685291,533.4</coordinates>
        </Point>
      </Placemark>
      <Placemark>
        <name>2025-08-26 10:07:03 UTC</name>
        <description><![CDATA[<div><div><span><b>Altitude:</b></span> <span>1,775 ft</span></div>
<div><span><b>Speed:</b></span> <span>81 kt</span></div>
<div><span><b>Heading:</b></span> <span>159&deg;</span></div>
</div>]]></description>
        <TimeStamp>
          <when>2025-08-26T10:07:03+00:00</when>
        </TimeStamp>
        <Style>
          <IconStyle>
            <heading>159</heading>
            <Icon>
              <href>http://maps.google.com/mapfiles/kml/shapes/airports.png</href>
            </Icon>
          </IconStyle>
        </Style>
        <Point>
          <altitudeMode>absolute</altitudeMode>
          <coordinates>-112.068115,33.684677,541.02</coordinates>
        </Point>
      </Placemark>
      <Placemark>
        <name>2025-08-26 10:07:05 UTC</name>
        <description><![CDATA[<div><div><span><b>Altitude:</b></span> <span>1,825 ft</span></div>
<div><span><b>Speed:</b></span> <span>85 kt</span></div>
<div><span><b>Heading:</b></span> <span>167&deg;</span></div>
</div>]]></description>
        <TimeStamp>
          <when>2025-08-26T10:07:05+00:00</when>
        </TimeStamp>
        <Style>
          <IconStyle>
            <heading>167</heading>
            <Icon>
              <href>http://maps.google.com/mapfiles/kml/shapes/airports.png</href>
            </Icon>
          </IconStyle>
        </Style>
        <Point>
          <altitudeMode>absolute</altitudeMode>
          <coordinates>-112.06781,33.683758,556.26</coordinates>
        </Point>
      </Placemark>
      <Placemark>
        <name>2025-08-26 10:07:07 UTC</name>
        <description><![CDATA[<div><div><span><b>Altitude:</b></span> <span>1,850 ft</span></div>
<div><span><b>Speed:</b></span> <span>89 kt</span></div>
<div><span><b>Heading:</b></span> <span>176&deg;</span></div>
</div>]]></description>
        <TimeStamp>
          <when>2025-08-26T10:07:07+00:00</when>
        </TimeStamp>
        <Style>
          <IconStyle>
            <heading>176</heading>
            <Icon>
              <href>http://maps.google.com/mapfiles/kml/shapes/airports.png</href>
            </Icon>
          </IconStyle>
        </Style>
        <Point>
          <altitudeMode>absolute</altitudeMode>
          <coordinates>-112.067665,33.682983,563.88</coordinates>
        </Point>
      </Placemark>
      <Placemark>
        <name>2025-08-26 10:07:10 UTC</name>
        <description><![CDATA[<div><div><span><b>Altitude:</b></span> <span>1,900 ft</span></div>
<div><span><b>Speed:</b></span> <span>93 kt</span></div>
<div><span><b>Heading:</b></span> <span>184&deg;</span></div>
</div>]]></description>
        <TimeStamp>
          <when>2025-08-26T10:07:10+00:00</when>
        </TimeStamp>
        <Style>
          <IconStyle>
            <heading>184</heading>
            <Icon>
              <href>http://maps.google.com/mapfiles/kml/shapes/airports.png</href>
            </Icon>
          </IconStyle>
        </Style>
        <Point>
          <altitudeMode>absolute</altitudeMode>
          <coordinates>-112.067665,33.681702,579.12</coordinates>
        </Point>
      </Placemark>
      <Placemark>
        <name>2025-08-26 10:07:12 UTC</name>
        <description><![CDATA[<div><div><span><b>Altitude:</b></span> <span>1,925 ft</span></div>
<div><span><b>Speed:</b></span> <span>97 kt</span></div>
<div><span><b>Heading:</b></span> <span>191&deg;</span></div>
</div>]]></description>
        <TimeStamp>
          <when>2025-08-26T10:07:12+00:00</when>
        </TimeStamp>
        <Style>
          <IconStyle>
            <heading>191</heading>
            <Icon>
              <href>http://maps.google.com/mapfiles/kml/shapes/airports.png</href>
            </Icon>
          </IconStyle>
        </Style>
        <Point>
          <altitudeMode>absolute</altitudeMode>
          <coordinates>-112.067833,33.680832,586.74</coordinates>
        </Point>
      </Placemark>
      <Placemark>
        <name>2025-08-26 10:07:14 UTC</name>
        <description><![CDATA[<div><div><span><b>Altitude:</b></span> <span>1,925 ft</span></div>
<div><span><b>Speed:</b></span> <span>100 kt</span></div>
<div><span><b>Heading:</b></span> <span>196&deg;</span></div>
</div>]]></description>
        <TimeStamp>
          <when>2025-08-26T10:07:14+00:00</when>
        </TimeStamp>
        <Style>
          <IconStyle>
            <heading>196</heading>
            <Icon>
              <href>http://maps.google.com/mapfiles/kml/shapes/airports.png</href>
            </Icon>
          </IconStyle>
        </Style>
        <Point>
          <altitudeMode>absolute</altitudeMode>
          <coordinates>-112.068115,33.679916,586.74</coordinates>
        </Point>
      </Placemark>
      <Placemark>
        <name>2025-08-26 10:07:16 UTC</name>
        <description><![CDATA[<div><div><span><b>Altitude:</b></span> <span>1,950 ft</span></div>
<div><span><b>Speed:</b></span> <span>105 kt</span></div>
<div><span><b>Heading:</b></span> <span>199&deg;</span></div>
</div>]]></description>
        <TimeStamp>
          <when>2025-08-26T10:07:16+00:00</when>
        </TimeStamp>
        <Style>
          <IconStyle>
            <heading>199</heading>
            <Icon>
              <href>http://maps.google.com/mapfiles/kml/shapes/airports.png</href>
            </Icon>
          </IconStyle>
        </Style>
        <Point>
          <altitudeMode>absolute</altitudeMode>
          <coordinates>-112.068451,33.679001,594.36</coordinates>
        </Point>
      </Placemark>
      <Placemark>
        <name>2025-08-26 10:07:18 UTC</name>
        <description><![CDATA[<div><div><span><b>Altitude:</b></span> <span>1,950 ft</span></div>
<div><span><b>Speed:</b></span> <span>109 kt</span></div>
<div><span><b>Heading:</b></span> <span>202&deg;</span></div>
</div>]]></description>
        <TimeStamp>
          <when>2025-08-26T10:07:18+00:00</when>
        </TimeStamp>
        <Style>
          <IconStyle>
            <heading>202</heading>
            <Icon>
              <href>http://maps.google.com/mapfiles/kml/shapes/airports.png</href>
            </Icon>
          </IconStyle>
        </Style>
        <Point>
          <altitudeMode>absolute</altitudeMode>
          <coordinates>-112.069016,33.677845,594.36</coordinates>
        </Point>
      </Placemark>
      <Placemark>
        <name>2025-08-26 10:07:20 UTC</name>
        <description><![CDATA[<div><div><span><b>Altitude:</b></span> <span>1,950 ft</span></div>
<div><span><b>Speed:</b></span> <span>110 kt</span></div>
<div><span><b>Heading:</b></span> <span>202&deg;</span></div>
</div>]]></description>
        <TimeStamp>
          <when>2025-08-26T10:07:20+00:00</when>
        </TimeStamp>
        <Style>
          <IconStyle>
            <heading>202</heading>
            <Icon>
              <href>http://maps.google.com/mapfiles/kml/shapes/airports.png</href>
            </Icon>
          </IconStyle>
        </Style>
        <Point>
          <altitudeMode>absolute</altitudeMode>
          <coordinates>-112.069359,33.677097,594.36</coordinates>
        </Point>
      </Placemark>
      <Placemark>
        <name>2025-08-26 10:07:22 UTC</name>
        <description><![CDATA[<div><div><span><b>Altitude:</b></span> <span>1,975 ft</span></div>
<div><span><b>Speed:</b></span> <span>113 kt</span></div>
<div><span><b>Heading:</b></span> <span>203&deg;</span></div>
</div>]]></description>
        <TimeStamp>
          <when>2025-08-26T10:07:22+00:00</when>
        </TimeStamp>
        <Style>
          <IconStyle>
            <heading>203</heading>
            <Icon>
              <href>http://maps.google.com/mapfiles/kml/shapes/airports.png</href>
            </Icon>
          </IconStyle>
        </Style>
        <Point>
          <altitudeMode>absolute</altitudeMode>
          <coordinates>-112.069931,33.676029,601.98</coordinates>
        </Point>
      </Placemark>
      <Placemark>
        <name>2025-08-26 10:07:24 UTC</name>
        <description><![CDATA[<div><div><span><b>Altitude:</b></span> <span>1,975 ft</span></div>
<div><span><b>Speed:</b></span> <span>115 kt</span></div>
<div><span><b>Heading:</b></span> <span>205&deg;</span></div>
</div>]]></description>
        <TimeStamp>
          <when>2025-08-26T10:07:24+00:00</when>
        </TimeStamp>
        <Style>
          <IconStyle>
            <heading>205</heading>
            <Icon>
              <href>http://maps.google.com/mapfiles/kml/shapes/airports.png</href>
            </Icon>
          </IconStyle>
        </Style>
        <Point>
          <altitudeMode>absolute</altitudeMode>
          <coordinates>-112.070526,33.674927,601.98</coordinates>
        </Point>
      </Placemark>
      <Placemark>
        <name>2025-08-26 10:07:27 UTC</name>
        <description><![CDATA[<div><div><span><b>Altitude:</b></span> <span>2,000 ft</span></div>
<div><span><b>Speed:</b></span> <span>116 kt</span></div>
<div><span><b>Heading:</b></span> <span>205&deg;</span></div>
</div>]]></description>
        <TimeStamp>
          <when>2025-08-26T10:07:27+00:00</when>
        </TimeStamp>
        <Style>
          <IconStyle>
            <heading>205</heading>
            <Icon>
              <href>http://maps.google.com/mapfiles/kml/shapes/airports.png</href>
            </Icon>
          </IconStyle>
        </Style>
        <Point>
          <altitudeMode>absolute</altitudeMode>
          <coordinates>-112.071304,33.673607,609.6</coordinates>
        </Point>
      </Placemark>
      <Placemark>
        <name>2025-08-26 10:07:29 UTC</name>
        <description><![CDATA[<div><div><span><b>Altitude:</b></span> <span>2,000 ft</span></div>
<div><span><b>Speed:</b></span> <span>118 kt</span></div>
<div><span><b>Heading:</b></span> <span>207&deg;</span></div>
</div>]]></description>
        <TimeStamp>
          <when>2025-08-26T10:07:29+00:00</when>
        </TimeStamp>
        <Style>
          <IconStyle>
            <heading>207</heading>
            <Icon>
              <href>http://maps.google.com/mapfiles/kml/shapes/airports.png</href>
            </Icon>
          </IconStyle>
        </Style>
        <Point>
          <altitudeMode>absolute</altitudeMode>
          <coordinates>-112.071877,33.67263,609.6</coordinates>
        </Point>
      </Placemark>
      <Placemark>
        <name>2025-08-26 10:07:31 UTC</name>
        <description><![CDATA[<div><div><span><b>Altitude:</b></span> <span>2,000 ft</span></div>
<div><span><b>Speed:</b></span> <span>119 kt</span></div>
<div><span><b>Heading:</b></span> <span>207&deg;</span></div>
</div>]]></description>
        <TimeStamp>
          <when>2025-08-26T10:07:31+00:00</when>
        </TimeStamp>
        <Style>
          <IconStyle>
            <heading>207</heading>
            <Icon>
              <href>http://maps.google.com/mapfiles/kml/shapes/airports.png</href>
            </Icon>
          </IconStyle>
        </Style>
        <Point>
          <altitudeMode>absolute</altitudeMode>
          <coordinates>-112.072487,33.671631,609.6</coordinates>
        </Point>
      </Placemark>
      <Placemark>
        <name>2025-08-26 10:07:33 UTC</name>
        <description><![CDATA[<div><div><span><b>Altitude:</b></span> <span>2,025 ft</span></div>
<div><span><b>Speed:</b></span> <span>121 kt</span></div>
<div><span><b>Heading:</b></span> <span>208&deg;</span></div>
</div>]]></description>
        <TimeStamp>
          <when>2025-08-26T10:07:33+00:00</when>
        </TimeStamp>
        <Style>
          <IconStyle>
            <heading>208</heading>
            <Icon>
              <href>http://maps.google.com/mapfiles/kml/shapes/airports.png</href>
            </Icon>
          </IconStyle>
        </Style>
        <Point>
          <altitudeMode>absolute</altitudeMode>
          <coordinates>-112.073074,33.670673,617.22</coordinates>
        </Point>
      </Placemark>
      <Placemark>
        <name>2025-08-26 10:07:35 UTC</name>
        <description><![CDATA[<div><div><span><b>Altitude:</b></span> <span>2,000 ft</span></div>
<div><span><b>Speed:</b></span> <span>123 kt</span></div>
<div><span><b>Heading:</b></span> <span>208&deg;</span></div>
</div>]]></description>
        <TimeStamp>
          <when>2025-08-26T10:07:35+00:00</when>
        </TimeStamp>
        <Style>
          <IconStyle>
            <heading>208</heading>
            <Icon>
              <href>http://maps.google.com/mapfiles/kml/shapes/airports.png</href>
            </Icon>
          </IconStyle>
        </Style>
        <Point>
          <altitudeMode>absolute</altitudeMode>
          <coordinates>-112.073822,33.669559,609.6</coordinates>
        </Point>
      </Placemark>
      <Placemark>
        <name>2025-08-26 10:07:37 UTC</name>
        <description><![CDATA[<div><div><span><b>Altitude:</b></span> <span>2,000 ft</span></div>
<div><span><b>Speed:</b></span> <span>125 kt</span></div>
<div><span><b>Heading:</b></span> <span>208&deg;</span></div>
</div>]]></description>
        <TimeStamp>
          <when>2025-08-26T10:07:37+00:00</when>
        </TimeStamp>
        <Style>
          <IconStyle>
            <heading>208</heading>
            <Icon>
              <href>http://maps.google.com/mapfiles/kml/shapes/airports.png</href>
            </Icon>
          </IconStyle>
        </Style>
        <Point>
          <altitudeMode>absolute</altitudeMode>
          <coordinates>-112.074341,33.668766,609.6</coordinates>
        </Point>
      </Placemark>
      <Placemark>
        <name>2025-08-26 10:07:40 UTC</name>
        <description><![CDATA[<div><div><span><b>Altitude:</b></span> <span>2,000 ft</span></div>
<div><span><b>Speed:</b></span> <span>126 kt</span></div>
<div><span><b>Heading:</b></span> <span>209&deg;</span></div>
</div>]]></description>
        <TimeStamp>
          <when>2025-08-26T10:07:40+00:00</when>
        </TimeStamp>
        <Style>
          <IconStyle>
            <heading>209</heading>
            <Icon>
              <href>http://maps.google.com/mapfiles/kml/shapes/airports.png</href>
            </Icon>
          </IconStyle>
        </Style>
        <Point>
          <altitudeMode>absolute</altitudeMode>
          <coordinates>-112.075363,33.667229,609.6</coordinates>
        </Point>
      </Placemark>
      <Placemark>
        <name>2025-08-26 10:07:42 UTC</name>
        <description><![CDATA[<div><div><span><b>Altitude:</b></span> <span>2,000 ft</span></div>
<div><span><b>Speed:</b></span> <span>125 kt</span></div>
<div><span><b>Heading:</b></span> <span>211&deg;</span></div>
</div>]]></description>
        <TimeStamp>
          <when>2025-08-26T10:07:42+00:00</when>
        </TimeStamp>
        <Style>
          <IconStyle>
            <heading>211</heading>
            <Icon>
              <href>http://maps.google.com/mapfiles/kml/shapes/airports.png</href>
            </Icon>
          </IconStyle>
        </Style>
        <Point>
          <altitudeMode>absolute</altitudeMode>
          <coordinates>-112.076019,33.666275,609.6</coordinates>
        </Point>
      </Placemark>
      <Placemark>
        <name>2025-08-26 10:07:44 UTC</name>
        <description><![CDATA[<div><div><span><b>Altitude:</b></span> <span>2,025 ft</span></div>
<div><span><b>Speed:</b></span> <span>126 kt</span></div>
<div><span><b>Heading:</b></span> <span>214&deg;</span></div>
</div>]]></description>
        <TimeStamp>
          <when>2025-08-26T10:07:44+00:00</when>
        </TimeStamp>
        <Style>
          <IconStyle>
            <heading>214</heading>
            <Icon>
              <href>http://maps.google.com/mapfiles/kml/shapes/airports.png</href>
            </Icon>
          </IconStyle>
        </Style>
        <Point>
          <altitudeMode>absolute</altitudeMode>
          <coordinates>-112.076912,33.665085,617.22</coordinates>
        </Point>
      </Placemark>
      <Placemark>
        <name>2025-08-26 10:07:47 UTC</name>
        <description><![CDATA[<div><div><span><b>Altitude:</b></span> <span>2,025 ft</span></div>
<div><span><b>Speed:</b></span> <span>126 kt</span></div>
<div><span><b>Heading:</b></span> <span>216&deg;</span></div>
</div>]]></description>
        <TimeStamp>
          <when>2025-08-26T10:07:47+00:00</when>
        </TimeStamp>
        <Style>
          <IconStyle>
            <heading>216</heading>
            <Icon>
              <href>http://maps.google.com/mapfiles/kml/shapes/airports.png</href>
            </Icon>
          </IconStyle>
        </Style>
        <Point>
          <altitudeMode>absolute</altitudeMode>
          <coordinates>-112.078033,33.663849,617.22</coordinates>
        </Point>
      </Placemark>
      <Placemark>
        <name>2025-08-26 10:07:49 UTC</name>
        <description><![CDATA[<div><div><span><b>Altitude:</b></span> <span>2,025 ft</span></div>
<div><span><b>Speed:</b></span> <span>127 kt</span></div>
<div><span><b>Heading:</b></span> <span>220&deg;</span></div>
</div>]]></description>
        <TimeStamp>
          <when>2025-08-26T10:07:49+00:00</when>
        </TimeStamp>
        <Style>
          <IconStyle>
            <heading>220</heading>
            <Icon>
              <href>http://maps.google.com/mapfiles/kml/shapes/airports.png</href>
            </Icon>
          </IconStyle>
        </Style>
        <Point>
          <altitudeMode>absolute</altitudeMode>
          <coordinates>-112.078873,33.662933,617.22</coordinates>
        </Point>
      </Placemark>
      <Placemark>
        <name>2025-08-26 10:07:51 UTC</name>
        <description><![CDATA[<div><div><span><b>Altitude:</b></span> <span>2,025 ft</span></div>
<div><span><b>Speed:</b></span> <span>126 kt</span></div>
<div><span><b>Heading:</b></span> <span>222&deg;</span></div>
</div>]]></description>
        <TimeStamp>
          <when>2025-08-26T10:07:51+00:00</when>
        </TimeStamp>
        <Style>
          <IconStyle>
            <heading>222</heading>
            <Icon>
              <href>http://maps.google.com/mapfiles/kml/shapes/airports.png</href>
            </Icon>
          </IconStyle>
        </Style>
        <Point>
          <altitudeMode>absolute</altitudeMode>
          <coordinates>-112.079941,33.661922,617.22</coordinates>
        </Point>
      </Placemark>
      <Placemark>
        <name>2025-08-26 10:07:53 UTC</name>
        <description><![CDATA[<div><div><span><b>Altitude:</b></span> <span>2,025 ft</span></div>
<div><span><b>Speed:</b></span> <span>126 kt</span></div>
<div><span><b>Heading:</b></span> <span>224&deg;</span></div>
</div>]]></description>
        <TimeStamp>
          <when>2025-08-26T10:07:53+00:00</when>
        </TimeStamp>
        <Style>
          <IconStyle>
            <heading>224</heading>
            <Icon>
              <href>http://maps.google.com/mapfiles/kml/shapes/airports.png</href>
            </Icon>
          </IconStyle>
        </Style>
        <Point>
          <altitudeMode>absolute</altitudeMode>
          <coordinates>-112.080917,33.661087,617.22</coordinates>
        </Point>
      </Placemark>
      <Placemark>
        <name>2025-08-26 10:07:55 UTC</name>
        <description><![CDATA[<div><div><span><b>Altitude:</b></span> <span>2,025 ft</span></div>
<div><span><b>Speed:</b></span> <span>126 kt</span></div>
<div><span><b>Heading:</b></span> <span>225&deg;</span></div>
</div>]]></description>
        <TimeStamp>
          <when>2025-08-26T10:07:55+00:00</when>
        </TimeStamp>
        <Style>
          <IconStyle>
            <heading>225</heading>
            <Icon>
              <href>http://maps.google.com/mapfiles/kml/shapes/airports.png</href>
            </Icon>
          </IconStyle>
        </Style>
        <Point>
          <altitudeMode>absolute</altitudeMode>
          <coordinates>-112.082001,33.660152,617.22</coordinates>
        </Point>
      </Placemark>
      <Placemark>
        <name>2025-08-26 10:07:57 UTC</name>
        <description><![CDATA[<div><div><span><b>Altitude:</b></span> <span>2,025 ft</span></div>
<div><span><b>Speed:</b></span> <span>126 kt</span></div>
<div><span><b>Heading:</b></span> <span>225&deg;</span></div>
</div>]]></description>
        <TimeStamp>
          <when>2025-08-26T10:07:57+00:00</when>
        </TimeStamp>
        <Style>
          <IconStyle>
            <heading>225</heading>
            <Icon>
              <href>http://maps.google.com/mapfiles/kml/shapes/airports.png</href>
            </Icon>
          </IconStyle>
        </Style>
        <Point>
          <altitudeMode>absolute</altitudeMode>
          <coordinates>-112.083145,33.659271,617.22</coordinates>
        </Point>
      </Placemark>
      <Placemark>
        <name>2025-08-26 10:08:00 UTC</name>
        <description><![CDATA[<div><div><span><b>Altitude:</b></span> <span>2,025 ft</span></div>
<div><span><b>Speed:</b></span> <span>127 kt</span></div>
<div><span><b>Heading:</b></span> <span>226&deg;</span></div>
</div>]]></description>
        <TimeStamp>
          <when>2025-08-26T10:08:00+00:00</when>
        </TimeStamp>
        <Style>
          <IconStyle>
            <heading>226</heading>
            <Icon>
              <href>http://maps.google.com/mapfiles/kml/shapes/airports.png</href>
            </Icon>
          </IconStyle>
        </Style>
        <Point>
          <altitudeMode>absolute</altitudeMode>
          <coordinates>-112.084122,33.658432,617.22</coordinates>
        </Point>
      </Placemark>
      <Placemark>
        <name>2025-08-26 10:08:02 UTC</name>
        <description><![CDATA[<div><div><span><b>Altitude:</b></span> <span>2,025 ft</span></div>
<div><span><b>Speed:</b></span> <span>128 kt</span></div>
<div><span><b>Heading:</b></span> <span>225&deg;</span></div>
</div>]]></description>
        <TimeStamp>
          <when>2025-08-26T10:08:02+00:00</when>
        </TimeStamp>
        <Style>
          <IconStyle>
            <heading>225</heading>
            <Icon>
              <href>http://maps.google.com/mapfiles/kml/shapes/airports.png</href>
            </Icon>
          </IconStyle>
        </Style>
        <Point>
          <altitudeMode>absolute</altitudeMode>
          <coordinates>-112.085098,33.657669,617.22</coordinates>
        </Point>
      </Placemark>
      <Placemark>
        <name>2025-08-26 10:08:04 UTC</name>
        <description><![CDATA[<div><div><span><b>Altitude:</b></span> <span>2,025 ft</span></div>
<div><span><b>Speed:</b></span> <span>128 kt</span></div>
<div><span><b>Heading:</b></span> <span>224&deg;</span></div>
</div>]]></description>
        <TimeStamp>
          <when>2025-08-26T10:08:04+00:00</when>
        </TimeStamp>
        <Style>
          <IconStyle>
            <heading>224</heading>
            <Icon>
              <href>http://maps.google.com/mapfiles/kml/shapes/airports.png</href>
            </Icon>
          </IconStyle>
        </Style>
        <Point>
          <altitudeMode>absolute</altitudeMode>
          <coordinates>-112.086349,33.656616,617.22</coordinates>
        </Point>
      </Placemark>
      <Placemark>
        <name>2025-08-26 10:08:06 UTC</name>
        <description><![CDATA[<div><div><span><b>Altitude:</b></span> <span>2,000 ft</span></div>
<div><span><b>Speed:</b></span> <span>128 kt</span></div>
<div><span><b>Heading:</b></span> <span>221&deg;</span></div>
</div>]]></description>
        <TimeStamp>
          <when>2025-08-26T10:08:06+00:00</when>
        </TimeStamp>
        <Style>
          <IconStyle>
            <heading>221</heading>
            <Icon>
              <href>http://maps.google.com/mapfiles/kml/shapes/airports.png</href>
            </Icon>
          </IconStyle>
        </Style>
        <Point>
          <altitudeMode>absolute</altitudeMode>
          <coordinates>-112.087387,33.655731,609.6</coordinates>
        </Point>
      </Placemark>
      <Placemark>
        <name>2025-08-26 10:08:08 UTC</name>
        <description><![CDATA[<div><div><span><b>Altitude:</b></span> <span>2,000 ft</span></div>
<div><span><b>Speed:</b></span> <span>130 kt</span></div>
<div><span><b>Heading:</b></span> <span>219&deg;</span></div>
</div>]]></description>
        <TimeStamp>
          <when>2025-08-26T10:08:08+00:00</when>
        </TimeStamp>
        <Style>
          <IconStyle>
            <heading>219</heading>
            <Icon>
              <href>http://maps.google.com/mapfiles/kml/shapes/airports.png</href>
            </Icon>
          </IconStyle>
        </Style>
        <Point>
          <altitudeMode>absolute</altitudeMode>
          <coordinates>-112.08847,33.654659,609.6</coordinates>
        </Point>
      </Placemark>
      <Placemark>
        <name>2025-08-26 10:08:15 UTC</name>
        <description><![CDATA[<div><div><span><b>Altitude:</b></span> <span>1,975 ft</span></div>
<div><span><b>Speed:</b></span> <span>132 kt</span></div>
<div><span><b>Heading:</b></span> <span>208&deg;</span></div>
</div>]]></description>
        <TimeStamp>
          <when>2025-08-26T10:08:15+00:00</when>
        </TimeStamp>
        <Style>
          <IconStyle>
            <heading>208</heading>
            <Icon>
              <href>http://maps.google.com/mapfiles/kml/shapes/airports.png</href>
            </Icon>
          </IconStyle>
        </Style>
        <Point>
          <altitudeMode>absolute</altitudeMode>
          <coordinates>-112.090981,33.651581,601.98</coordinates>
        </Point>
      </Placemark>
      <Placemark>
        <name>2025-08-26 10:08:17 UTC</name>
        <description><![CDATA[<div><div><span><b>Altitude:</b></span> <span>1,950 ft</span></div>
<div><span><b>Speed:</b></span> <span>132 kt</span></div>
<div><span><b>Heading:</b></span> <span>205&deg;</span></div>
</div>]]></description>
        <TimeStamp>
          <when>2025-08-26T10:08:17+00:00</when>
        </TimeStamp>
        <Style>
          <IconStyle>
            <heading>205</heading>
            <Icon>
              <href>http://maps.google.com/mapfiles/kml/shapes/airports.png</href>
            </Icon>
          </IconStyle>
        </Style>
        <Point>
          <altitudeMode>absolute</altitudeMode>
          <coordinates>-112.091843,33.650238,594.36</coordinates>
        </Point>
      </Placemark>
      <Placemark>
        <name>2025-08-26 10:08:19 UTC</name>
        <description><![CDATA[<div><div><span><b>Altitude:</b></span> <span>1,950 ft</span></div>
<div><span><b>Speed:</b></span> <span>133 kt</span></div>
<div><span><b>Heading:</b></span> <span>203&deg;</span></div>
</div>]]></description>
        <TimeStamp>
          <when>2025-08-26T10:08:19+00:00</when>
        </TimeStamp>
        <Style>
          <IconStyle>
            <heading>203</heading>
            <Icon>
              <href>http://maps.google.com/mapfiles/kml/shapes/airports.png</href>
            </Icon>
          </IconStyle>
        </Style>
        <Point>
          <altitudeMode>absolute</altitudeMode>
          <coordinates>-112.092606,33.648834,594.36</coordinates>
        </Point>
      </Placemark>
      <Placemark>
        <name>2025-08-26 10:08:21 UTC</name>
        <description><![CDATA[<div><div><span><b>Altitude:</b></span> <span>1,950 ft</span></div>
<div><span><b>Speed:</b></span> <span>133 kt</span></div>
<div><span><b>Heading:</b></span> <span>201&deg;</span></div>
</div>]]></description>
        <TimeStamp>
          <when>2025-08-26T10:08:21+00:00</when>
        </TimeStamp>
        <Style>
          <IconStyle>
            <heading>201</heading>
            <Icon>
              <href>http://maps.google.com/mapfiles/kml/shapes/airports.png</href>
            </Icon>
          </IconStyle>
        </Style>
        <Point>
          <altitudeMode>absolute</altitudeMode>
          <coordinates>-112.093048,33.647957,594.36</coordinates>
        </Point>
      </Placemark>
      <Placemark>
        <name>2025-08-26 10:08:23 UTC</name>
        <description><![CDATA[<div><div><span><b>Altitude:</b></span> <span>1,950 ft</span></div>
<div><span><b>Speed:</b></span> <span>133 kt</span></div>
<div><span><b>Heading:</b></span> <span>201&deg;</span></div>
</div>]]></description>
        <TimeStamp>
          <when>2025-08-26T10:08:23+00:00</when>
        </TimeStamp>
        <Style>
          <IconStyle>
            <heading>201</heading>
            <Icon>
              <href>http://maps.google.com/mapfiles/kml/shapes/airports.png</href>
            </Icon>
          </IconStyle>
        </Style>
        <Point>
          <altitudeMode>absolute</altitudeMode>
          <coordinates>-112.093735,33.646469,594.36</coordinates>
        </Point>
      </Placemark>
      <Placemark>
        <name>2025-08-26 10:08:26 UTC</name>
        <description><![CDATA[<div><div><span><b>Altitude:</b></span> <span>1,925 ft</span></div>
<div><span><b>Speed:</b></span> <span>134 kt</span></div>
<div><span><b>Heading:</b></span> <span>202&deg;</span></div>
</div>]]></description>
        <TimeStamp>
          <when>2025-08-26T10:08:26+00:00</when>
        </TimeStamp>
        <Style>
          <IconStyle>
            <heading>202</heading>
            <Icon>
              <href>http://maps.google.com/mapfiles/kml/shapes/airports.png</href>
            </Icon>
          </IconStyle>
        </Style>
        <Point>
          <altitudeMode>absolute</altitudeMode>
          <coordinates>-112.094292,33.645355,586.74</coordinates>
        </Point>
      </Placemark>
      <Placemark>
        <name>2025-08-26 10:08:28 UTC</name>
        <description><![CDATA[<div><div><span><b>Altitude:</b></span> <span>1,925 ft</span></div>
<div><span><b>Speed:</b></span> <span>134 kt</span></div>
<div><span><b>Heading:</b></span> <span>203&deg;</span></div>
</div>]]></description>
        <TimeStamp>
          <when>2025-08-26T10:08:28+00:00</when>
        </TimeStamp>
        <Style>
          <IconStyle>
            <heading>203</heading>
            <Icon>
              <href>http://maps.google.com/mapfiles/kml/shapes/airports.png</href>
            </Icon>
          </IconStyle>
        </Style>
        <Point>
          <altitudeMode>absolute</altitudeMode>
          <coordinates>-112.094849,33.644211,586.74</coordinates>
        </Point>
      </Placemark>
      <Placemark>
        <name>2025-08-26 10:08:30 UTC</name>
        <description><![CDATA[<div><div><span><b>Altitude:</b></span> <span>1,900 ft</span></div>
<div><span><b>Speed:</b></span> <span>133 kt</span></div>
<div><span><b>Heading:</b></span> <span>206&deg;</span></div>
</div>]]></description>
        <TimeStamp>
          <when>2025-08-26T10:08:30+00:00</when>
        </TimeStamp>
        <Style>
          <IconStyle>
            <heading>206</heading>
            <Icon>
              <href>http://maps.google.com/mapfiles/kml/shapes/airports.png</href>
            </Icon>
          </IconStyle>
        </Style>
        <Point>
          <altitudeMode>absolute</altitudeMode>
          <coordinates>-112.095695,33.642792,579.12</coordinates>
        </Point>
      </Placemark>
      <Placemark>
        <name>2025-08-26 10:08:32 UTC</name>
        <description><![CDATA[<div><div><span><b>Altitude:</b></span> <span>1,900 ft</span></div>
<div><span><b>Speed:</b></span> <span>133 kt</span></div>
<div><span><b>Heading:</b></span> <span>208&deg;</span></div>
</div>]]></description>
        <TimeStamp>
          <when>2025-08-26T10:08:32+00:00</when>
        </TimeStamp>
        <Style>
          <IconStyle>
            <heading>208</heading>
            <Icon>
              <href>http://maps.google.com/mapfiles/kml/shapes/airports.png</href>
            </Icon>
          </IconStyle>
        </Style>
        <Point>
          <altitudeMode>absolute</altitudeMode>
          <coordinates>-112.096313,33.64172,579.12</coordinates>
        </Point>
      </Placemark>
      <Placemark>
        <name>2025-08-26 10:08:34 UTC</name>
        <description><![CDATA[<div><div><span><b>Altitude:</b></span> <span>1,900 ft</span></div>
<div><span><b>Speed:</b></span> <span>132 kt</span></div>
<div><span><b>Heading:</b></span> <span>210&deg;</span></div>
</div>]]></description>
        <TimeStamp>
          <when>2025-08-26T10:08:34+00:00</when>
        </TimeStamp>
        <Style>
          <IconStyle>
            <heading>210</heading>
            <Icon>
              <href>http://maps.google.com/mapfiles/kml/shapes/airports.png</href>
            </Icon>
          </IconStyle>
        </Style>
        <Point>
          <altitudeMode>absolute</altitudeMode>
          <coordinates>-112.097153,33.640503,579.12</coordinates>
        </Point>
      </Placemark>
      <Placemark>
        <name>2025-08-26 10:08:36 UTC</name>
        <description><![CDATA[<div><div><span><b>Altitude:</b></span> <span>1,900 ft</span></div>
<div><span><b>Speed:</b></span> <span>132 kt</span></div>
<div><span><b>Heading:</b></span> <span>211&deg;</span></div>
</div>]]></description>
        <TimeStamp>
          <when>2025-08-26T10:08:36+00:00</when>
        </TimeStamp>
        <Style>
          <IconStyle>
            <heading>211</heading>
            <Icon>
              <href>http://maps.google.com/mapfiles/kml/shapes/airports.png</href>
            </Icon>
          </IconStyle>
        </Style>
        <Point>
          <altitudeMode>absolute</altitudeMode>
          <coordinates>-112.098083,33.639206,579.12</coordinates>
        </Point>
      </Placemark>
      <Placemark>
        <name>2025-08-26 10:08:39 UTC</name>
        <description><![CDATA[<div><div><span><b>Altitude:</b></span> <span>1,900 ft</span></div>
<div><span><b>Speed:</b></span> <span>131 kt</span></div>
<div><span><b>Heading:</b></span> <span>212&deg;</span></div>
</div>]]></description>
        <TimeStamp>
          <when>2025-08-26T10:08:39+00:00</when>
        </TimeStamp>
        <Style>
          <IconStyle>
            <heading>212</heading>
            <Icon>
              <href>http://maps.google.com/mapfiles/kml/shapes/airports.png</href>
            </Icon>
          </IconStyle>
        </Style>
        <Point>
          <altitudeMode>absolute</altitudeMode>
          <coordinates>-112.098778,33.638306,579.12</coordinates>
        </Point>
      </Placemark>
      <Placemark>
        <name>2025-08-26 10:08:43 UTC</name>
        <description><![CDATA[<div><div><span><b>Altitude:</b></span> <span>1,900 ft</span></div>
<div><span><b>Speed:</b></span> <span>130 kt</span></div>
<div><span><b>Heading:</b></span> <span>213&deg;</span></div>
</div>]]></description>
        <TimeStamp>
          <when>2025-08-26T10:08:43+00:00</when>
        </TimeStamp>
        <Style>
          <IconStyle>
            <heading>213</heading>
            <Icon>
              <href>http://maps.google.com/mapfiles/kml/shapes/airports.png</href>
            </Icon>
          </IconStyle>
        </Style>
        <Point>
          <altitudeMode>absolute</altitudeMode>
          <coordinates>-112.10054,33.635994,579.12</coordinates>
        </Point>
      </Placemark>
      <Placemark>
        <name>2025-08-26 10:08:45 UTC</name>
        <description><![CDATA[<div><div><span><b>Altitude:</b></span> <span>1,900 ft</span></div>
<div><span><b>Speed:</b></span> <span>130 kt</span></div>
<div><span><b>Heading:</b></span> <span>214&deg;</span></div>
</div>]]></description>
        <TimeStamp>
          <when>2025-08-26T10:08:45+00:00</when>
        </TimeStamp>
        <Style>
          <IconStyle>
            <heading>214</heading>
            <Icon>
              <href>http://maps.google.com/mapfiles/kml/shapes/airports.png</href>
            </Icon>
          </IconStyle>
        </Style>
        <Point>
          <altitudeMode>absolute</altitudeMode>
          <coordinates>-112.101357,33.634964,579.12</coordinates>
        </Point>
      </Placemark>
      <Placemark>
        <name>2025-08-26 10:08:48 UTC</name>
        <description><![CDATA[<div><div><span><b>Altitude:</b></span> <span>1,925 ft</span></div>
<div><span><b>Speed:</b></span> <span>130 kt</span></div>
<div><span><b>Heading:</b></span> <span>214&deg;</span></div>
</div>]]></description>
        <TimeStamp>
          <when>2025-08-26T10:08:48+00:00</when>
        </TimeStamp>
        <Style>
          <IconStyle>
            <heading>214</heading>
            <Icon>
              <href>http://maps.google.com/mapfiles/kml/shapes/airports.png</href>
            </Icon>
          </IconStyle>
        </Style>
        <Point>
          <altitudeMode>absolute</altitudeMode>
          <coordinates>-112.102661,33.633389,586.74</coordinates>
        </Point>
      </Placemark>
      <Placemark>
        <name>2025-08-26 10:08:50 UTC</name>
        <description><![CDATA[<div><div><span><b>Altitude:</b></span> <span>1,925 ft</span></div>
<div><span><b>Speed:</b></span> <span>129 kt</span></div>
<div><span><b>Heading:</b></span> <span>214&deg;</span></div>
</div>]]></description>
        <TimeStamp>
          <when>2025-08-26T10:08:50+00:00</when>
        </TimeStamp>
        <Style>
          <IconStyle>
            <heading>214</heading>
            <Icon>
              <href>http://maps.google.com/mapfiles/kml/shapes/airports.png</href>
            </Icon>
          </IconStyle>
        </Style>
        <Point>
          <altitudeMode>absolute</altitudeMode>
          <coordinates>-112.103462,33.632408,586.74</coordinates>
        </Point>
      </Placemark>
      <Placemark>
        <name>2025-08-26 10:08:52 UTC</name>
        <description><![CDATA[<div><div><span><b>Altitude:</b></span> <span>1,925 ft</span></div>
<div><span><b>Speed:</b></span> <span>130 kt</span></div>
<div><span><b>Heading:</b></span> <span>214&deg;</span></div>
</div>]]></description>
        <TimeStamp>
          <when>2025-08-26T10:08:52+00:00</when>
        </TimeStamp>
        <Style>
          <IconStyle>
            <heading>214</heading>
            <Icon>
              <href>http://maps.google.com/mapfiles/kml/shapes/airports.png</href>
            </Icon>
          </IconStyle>
        </Style>
        <Point>
          <altitudeMode>absolute</altitudeMode>
          <coordinates>-112.10421,33.631485,586.74</coordinates>
        </Point>
      </Placemark>
      <Placemark>
        <name>2025-08-26 10:08:55 UTC</name>
        <description><![CDATA[<div><div><span><b>Altitude:</b></span> <span>1,925 ft</span></div>
<div><span><b>Speed:</b></span> <span>130 kt</span></div>
<div><span><b>Heading:</b></span> <span>215&deg;</span></div>
</div>]]></description>
        <TimeStamp>
          <when>2025-08-26T10:08:55+00:00</when>
        </TimeStamp>
        <Style>
          <IconStyle>
            <heading>215</heading>
            <Icon>
              <href>http://maps.google.com/mapfiles/kml/shapes/airports.png</href>
            </Icon>
          </IconStyle>
        </Style>
        <Point>
          <altitudeMode>absolute</altitudeMode>
          <coordinates>-112.10524,33.630222,586.74</coordinates>
        </Point>
      </Placemark>
      <Placemark>
        <name>2025-08-26 10:08:57 UTC</name>
        <description><![CDATA[<div><div><span><b>Altitude:</b></span> <span>1,900 ft</span></div>
<div><span><b>Speed:</b></span> <span>131 kt</span></div>
<div><span><b>Heading:</b></span> <span>216&deg;</span></div>
</div>]]></description>
        <TimeStamp>
          <when>2025-08-26T10:08:57+00:00</when>
        </TimeStamp>
        <Style>
          <IconStyle>
            <heading>216</heading>
            <Icon>
              <href>http://maps.google.com/mapfiles/kml/shapes/airports.png</href>
            </Icon>
          </IconStyle>
        </Style>
        <Point>
          <altitudeMode>absolute</altitudeMode>
          <coordinates>-112.106094,33.629242,579.12</coordinates>
        </Point>
      </Placemark>
      <Placemark>
        <name>2025-08-26 10:08:59 UTC</name>
        <description><![CDATA[<div><div><span><b>Altitude:</b></span> <span>1,900 ft</span></div>
<div><span><b>Speed:</b></span> <span>131 kt</span></div>
<div><span><b>Heading:</b></span> <span>216&deg;</span></div>
</div>]]></description>
        <TimeStamp>
          <when>2025-08-26T10:08:59+00:00</when>
        </TimeStamp>
        <Style>
          <IconStyle>
            <heading>216</heading>
            <Icon>
              <href>http://maps.google.com/mapfiles/kml/shapes/airports.png</href>
            </Icon>
          </IconStyle>
        </Style>
        <Point>
          <altitudeMode>absolute</altitudeMode>
          <coordinates>-112.107178,33.628078,579.12</coordinates>
        </Point>
      </Placemark>
      <Placemark>
        <name>2025-08-26 10:09:01 UTC</name>
        <description><![CDATA[<div><div><span><b>Altitude:</b></span> <span>1,900 ft</span></div>
<div><span><b>Speed:</b></span> <span>130 kt</span></div>
<div><span><b>Heading:</b></span> <span>214&deg;</span></div>
</div>]]></description>
        <TimeStamp>
          <when>2025-08-26T10:09:01+00:00</when>
        </TimeStamp>
        <Style>
          <IconStyle>
            <heading>214</heading>
            <Icon>
              <href>http://maps.google.com/mapfiles/kml/shapes/airports.png</href>
            </Icon>
          </IconStyle>
        </Style>
        <Point>
          <altitudeMode>absolute</altitudeMode>
          <coordinates>-112.107971,33.627136,579.12</coordinates>
        </Point>
      </Placemark>
      <Placemark>
        <name>2025-08-26 10:09:05 UTC</name>
        <description><![CDATA[<div><div><span><b>Altitude:</b></span> <span>1,875 ft</span></div>
<div><span><b>Speed:</b></span> <span>131 kt</span></div>
<div><span><b>Heading:</b></span> <span>200&deg;</span></div>
</div>]]></description>
        <TimeStamp>
          <when>2025-08-26T10:09:05+00:00</when>
        </TimeStamp>
        <Style>
          <IconStyle>
            <heading>200</heading>
            <Icon>
              <href>http://maps.google.com/mapfiles/kml/shapes/airports.png</href>
            </Icon>
          </IconStyle>
        </Style>
        <Point>
          <altitudeMode>absolute</altitudeMode>
          <coordinates>-112.109535,33.624802,571.5</coordinates>
        </Point>
      </Placemark>
      <Placemark>
        <name>2025-08-26 10:09:07 UTC</name>
        <description><![CDATA[<div><div><span><b>Altitude:</b></span> <span>1,875 ft</span></div>
<div><span><b>Speed:</b></span> <span>131 kt</span></div>
<div><span><b>Heading:</b></span> <span>193&deg;</span></div>
</div>]]></description>
        <TimeStamp>
          <when>2025-08-26T10:09:07+00:00</when>
        </TimeStamp>
        <Style>
          <IconStyle>
            <heading>193</heading>
            <Icon>
              <href>http://maps.google.com/mapfiles/kml/shapes/airports.png</href>
            </Icon>
          </IconStyle>
        </Style>
        <Point>
          <altitudeMode>absolute</altitudeMode>
          <coordinates>-112.109985,33.62347,571.5</coordinates>
        </Point>
      </Placemark>
      <Placemark>
        <name>2025-08-26 10:09:10 UTC</name>
        <description><![CDATA[<div><div><span><b>Altitude:</b></span> <span>1,850 ft</span></div>
<div><span><b>Speed:</b></span> <span>131 kt</span></div>
<div><span><b>Heading:</b></span> <span>186&deg;</span></div>
</div>]]></description>
        <TimeStamp>
          <when>2025-08-26T10:09:10+00:00</when>
        </TimeStamp>
        <Style>
          <IconStyle>
            <heading>186</heading>
            <Icon>
              <href>http://maps.google.com/mapfiles/kml/shapes/airports.png</href>
            </Icon>
          </IconStyle>
        </Style>
        <Point>
          <altitudeMode>absolute</altitudeMode>
          <coordinates>-112.110275,33.621983,563.88</coordinates>
        </Point>
      </Placemark>
      <Placemark>
        <name>2025-08-26 10:09:12 UTC</name>
        <description><![CDATA[<div><div><span><b>Altitude:</b></span> <span>1,850 ft</span></div>
<div><span><b>Speed:</b></span> <span>133 kt</span></div>
<div><span><b>Heading:</b></span> <span>180&deg;</span></div>
</div>]]></description>
        <TimeStamp>
          <when>2025-08-26T10:09:12+00:00</when>
        </TimeStamp>
        <Style>
          <IconStyle>
            <heading>180</heading>
            <Icon>
              <href>http://maps.google.com/mapfiles/kml/shapes/airports.png</href>
            </Icon>
          </IconStyle>
        </Style>
        <Point>
          <altitudeMode>absolute</altitudeMode>
          <coordinates>-112.110374,33.620819,563.88</coordinates>
        </Point>
      </Placemark>
      <Placemark>
        <name>2025-08-26 10:09:14 UTC</name>
        <description><![CDATA[<div><div><span><b>Altitude:</b></span> <span>1,850 ft</span></div>
<div><span><b>Speed:</b></span> <span>132 kt</span></div>
<div><span><b>Heading:</b></span> <span>178&deg;</span></div>
</div>]]></description>
        <TimeStamp>
          <when>2025-08-26T10:09:14+00:00</when>
        </TimeStamp>
        <Style>
          <IconStyle>
            <heading>178</heading>
            <Icon>
              <href>http://maps.google.com/mapfiles/kml/shapes/airports.png</href>
            </Icon>
          </IconStyle>
        </Style>
        <Point>
          <altitudeMode>absolute</altitudeMode>
          <coordinates>-112.110321,33.619354,563.88</coordinates>
        </Point>
      </Placemark>
      <Placemark>
        <name>2025-08-26 10:09:16 UTC</name>
        <description><![CDATA[<div><div><span><b>Altitude:</b></span> <span>1,850 ft</span></div>
<div><span><b>Speed:</b></span> <span>131 kt</span></div>
<div><span><b>Heading:</b></span> <span>180&deg;</span></div>
</div>]]></description>
        <TimeStamp>
          <when>2025-08-26T10:09:16+00:00</when>
        </TimeStamp>
        <Style>
          <IconStyle>
            <heading>180</heading>
            <Icon>
              <href>http://maps.google.com/mapfiles/kml/shapes/airports.png</href>
            </Icon>
          </IconStyle>
        </Style>
        <Point>
          <altitudeMode>absolute</altitudeMode>
          <coordinates>-112.110321,33.617889,563.88</coordinates>
        </Point>
      </Placemark>
      <Placemark>
        <name>2025-08-26 10:09:19 UTC</name>
        <description><![CDATA[<div><div><span><b>Altitude:</b></span> <span>1,875 ft</span></div>
<div><span><b>Speed:</b></span> <span>130 kt</span></div>
<div><span><b>Heading:</b></span> <span>182&deg;</span></div>
</div>]]></description>
        <TimeStamp>
          <when>2025-08-26T10:09:19+00:00</when>
        </TimeStamp>
        <Style>
          <IconStyle>
            <heading>182</heading>
            <Icon>
              <href>http://maps.google.com/mapfiles/kml/shapes/airports.png</href>
            </Icon>
          </IconStyle>
        </Style>
        <Point>
          <altitudeMode>absolute</altitudeMode>
          <coordinates>-112.110382,33.616627,571.5</coordinates>
        </Point>
      </Placemark>
      <Placemark>
        <name>2025-08-26 10:09:21 UTC</name>
        <description><![CDATA[<div><div><span><b>Altitude:</b></span> <span>1,875 ft</span></div>
<div><span><b>Speed:</b></span> <span>129 kt</span></div>
<div><span><b>Heading:</b></span> <span>186&deg;</span></div>
</div>]]></description>
        <TimeStamp>
          <when>2025-08-26T10:09:21+00:00</when>
        </TimeStamp>
        <Style>
          <IconStyle>
            <heading>186</heading>
            <Icon>
              <href>http://maps.google.com/mapfiles/kml/shapes/airports.png</href>
            </Icon>
          </IconStyle>
        </Style>
        <Point>
          <altitudeMode>absolute</altitudeMode>
          <coordinates>-112.110489,33.615463,571.5</coordinates>
        </Point>
      </Placemark>
      <Placemark>
        <name>2025-08-26 10:09:23 UTC</name>
        <description><![CDATA[<div><div><span><b>Altitude:</b></span> <span>1,875 ft</span></div>
<div><span><b>Speed:</b></span> <span>129 kt</span></div>
<div><span><b>Heading:</b></span> <span>189&deg;</span></div>
</div>]]></description>
        <TimeStamp>
          <when>2025-08-26T10:09:23+00:00</when>
        </TimeStamp>
        <Style>
          <IconStyle>
            <heading>189</heading>
            <Icon>
              <href>http://maps.google.com/mapfiles/kml/shapes/airports.png</href>
            </Icon>
          </IconStyle>
        </Style>
        <Point>
          <altitudeMode>absolute</altitudeMode>
          <coordinates>-112.110786,33.61388,571.5</coordinates>
        </Point>
      </Placemark>
      <Placemark>
        <name>2025-08-26 10:09:25 UTC</name>
        <description><![CDATA[<div><div><span><b>Altitude:</b></span> <span>1,875 ft</span></div>
<div><span><b>Speed:</b></span> <span>130 kt</span></div>
<div><span><b>Heading:</b></span> <span>193&deg;</span></div>
</div>]]></description>
        <TimeStamp>
          <when>2025-08-26T10:09:25+00:00</when>
        </TimeStamp>
        <Style>
          <IconStyle>
            <heading>193</heading>
            <Icon>
              <href>http://maps.google.com/mapfiles/kml/shapes/airports.png</href>
            </Icon>
          </IconStyle>
        </Style>
        <Point>
          <altitudeMode>absolute</altitudeMode>
          <coordinates>-112.111015,33.612812,571.5</coordinates>
        </Point>
      </Placemark>
      <Placemark>
        <name>2025-08-26 10:09:27 UTC</name>
        <description><![CDATA[<div><div><span><b>Altitude:</b></span> <span>1,875 ft</span></div>
<div><span><b>Speed:</b></span> <span>130 kt</span></div>
<div><span><b>Heading:</b></span> <span>195&deg;</span></div>
</div>]]></description>
        <TimeStamp>
          <when>2025-08-26T10:09:27+00:00</when>
        </TimeStamp>
        <Style>
          <IconStyle>
            <heading>195</heading>
            <Icon>
              <href>http://maps.google.com/mapfiles/kml/shapes/airports.png</href>
            </Icon>
          </IconStyle>
        </Style>
        <Point>
          <altitudeMode>absolute</altitudeMode>
          <coordinates>-112.111389,33.611572,571.5</coordinates>
        </Point>
      </Placemark>
      <Placemark>
        <name>2025-08-26 10:09:29 UTC</name>
        <description><![CDATA[<div><div><span><b>Altitude:</b></span> <span>1,875 ft</span></div>
<div><span><b>Speed:</b></span> <span>130 kt</span></div>
<div><span><b>Heading:</b></span> <span>196&deg;</span></div>
</div>]]></description>
        <TimeStamp>
          <when>2025-08-26T10:09:29+00:00</when>
        </TimeStamp>
        <Style>
          <IconStyle>
            <heading>196</heading>
            <Icon>
              <href>http://maps.google.com/mapfiles/kml/shapes/airports.png</href>
            </Icon>
          </IconStyle>
        </Style>
        <Point>
          <altitudeMode>absolute</altitudeMode>
          <coordinates>-112.111816,33.610481,571.5</coordinates>
        </Point>
      </Placemark>
      <Placemark>
        <name>2025-08-26 10:09:31 UTC</name>
        <description><![CDATA[<div><div><span><b>Altitude:</b></span> <span>1,875 ft</span></div>
<div><span><b>Speed:</b></span> <span>129 kt</span></div>
<div><span><b>Heading:</b></span> <span>197&deg;</span></div>
</div>]]></description>
        <TimeStamp>
          <when>2025-08-26T10:09:31+00:00</when>
        </TimeStamp>
        <Style>
          <IconStyle>
            <heading>197</heading>
            <Icon>
              <href>http://maps.google.com/mapfiles/kml/shapes/airports.png</href>
            </Icon>
          </IconStyle>
        </Style>
        <Point>
          <altitudeMode>absolute</altitudeMode>
          <coordinates>-112.112274,33.60918,571.5</coordinates>
        </Point>
      </Placemark>
      <Placemark>
        <name>2025-08-26 10:09:34 UTC</name>
        <description><![CDATA[<div><div><span><b>Altitude:</b></span> <span>1,875 ft</span></div>
<div><span><b>Speed:</b></span> <span>129 kt</span></div>
<div><span><b>Heading:</b></span> <span>197&deg;</span></div>
</div>]]></description>
        <TimeStamp>
          <when>2025-08-26T10:09:34+00:00</when>
        </TimeStamp>
        <Style>
          <IconStyle>
            <heading>197</heading>
            <Icon>
              <href>http://maps.google.com/mapfiles/kml/shapes/airports.png</href>
            </Icon>
          </IconStyle>
        </Style>
        <Point>
          <altitudeMode>absolute</altitudeMode>
          <coordinates>-112.112793,33.60783,571.5</coordinates>
        </Point>
      </Placemark>
      <Placemark>
        <name>2025-08-26 10:09:38 UTC</name>
        <description><![CDATA[<div><div><span><b>Altitude:</b></span> <span>1,875 ft</span></div>
<div><span><b>Speed:</b></span> <span>129 kt</span></div>
<div><span><b>Heading:</b></span> <span>195&deg;</span></div>
</div>]]></description>
        <TimeStamp>
          <when>2025-08-26T10:09:38+00:00</when>
        </TimeStamp>
        <Style>
          <IconStyle>
            <heading>195</heading>
            <Icon>
              <href>http://maps.google.com/mapfiles/kml/shapes/airports.png</href>
            </Icon>
          </IconStyle>
        </Style>
        <Point>
          <altitudeMode>absolute</altitudeMode>
          <coordinates>-112.113632,33.605209,571.5</coordinates>
        </Point>
      </Placemark>
      <Placemark>
        <name>2025-08-26 10:09:40 UTC</name>
        <description><![CDATA[<div><div><span><b>Altitude:</b></span> <span>1,900 ft</span></div>
<div><span><b>Speed:</b></span> <span>129 kt</span></div>
<div><span><b>Heading:</b></span> <span>194&deg;</span></div>
</div>]]></description>
        <TimeStamp>
          <when>2025-08-26T10:09:40+00:00</when>
        </TimeStamp>
        <Style>
          <IconStyle>
            <heading>194</heading>
            <Icon>
              <href>http://maps.google.com/mapfiles/kml/shapes/airports.png</href>
            </Icon>
          </IconStyle>
        </Style>
        <Point>
          <altitudeMode>absolute</altitudeMode>
          <coordinates>-112.114021,33.603928,579.12</coordinates>
        </Point>
      </Placemark>
      <Placemark>
        <name>2025-08-26 10:09:43 UTC</name>
        <description><![CDATA[<div><div><span><b>Altitude:</b></span> <span>1,900 ft</span></div>
<div><span><b>Speed:</b></span> <span>130 kt</span></div>
<div><span><b>Heading:</b></span> <span>194&deg;</span></div>
</div>]]></description>
        <TimeStamp>
          <when>2025-08-26T10:09:43+00:00</when>
        </TimeStamp>
        <Style>
          <IconStyle>
            <heading>194</heading>
            <Icon>
              <href>http://maps.google.com/mapfiles/kml/shapes/airports.png</href>
            </Icon>
          </IconStyle>
        </Style>
        <Point>
          <altitudeMode>absolute</altitudeMode>
          <coordinates>-112.11441,33.602646,579.12</coordinates>
        </Point>
      </Placemark>
      <Placemark>
        <name>2025-08-26 10:09:45 UTC</name>
        <description><![CDATA[<div><div><span><b>Altitude:</b></span> <span>1,900 ft</span></div>
<div><span><b>Speed:</b></span> <span>129 kt</span></div>
<div><span><b>Heading:</b></span> <span>193&deg;</span></div>
</div>]]></description>
        <TimeStamp>
          <when>2025-08-26T10:09:45+00:00</when>
        </TimeStamp>
        <Style>
          <IconStyle>
            <heading>193</heading>
            <Icon>
              <href>http://maps.google.com/mapfiles/kml/shapes/airports.png</href>
            </Icon>
          </IconStyle>
        </Style>
        <Point>
          <altitudeMode>absolute</altitudeMode>
          <coordinates>-112.114807,33.601501,579.12</coordinates>
        </Point>
      </Placemark>
      <Placemark>
        <name>2025-08-26 10:09:47 UTC</name>
        <description><![CDATA[<div><div><span><b>Altitude:</b></span> <span>1,900 ft</span></div>
<div><span><b>Speed:</b></span> <span>130 kt</span></div>
<div><span><b>Heading:</b></span> <span>192&deg;</span></div>
</div>]]></description>
        <TimeStamp>
          <when>2025-08-26T10:09:47+00:00</when>
        </TimeStamp>
        <Style>
          <IconStyle>
            <heading>192</heading>
            <Icon>
              <href>http://maps.google.com/mapfiles/kml/shapes/airports.png</href>
            </Icon>
          </IconStyle>
        </Style>
        <Point>
          <altitudeMode>absolute</altitudeMode>
          <coordinates>-112.11525,33.599915,579.12</coordinates>
        </Point>
      </Placemark>
      <Placemark>
        <name>2025-08-26 10:09:53 UTC</name>
        <description><![CDATA[<div><div><span><b>Altitude:</b></span> <span>1,900 ft</span></div>
<div><span><b>Speed:</b></span> <span>131 kt</span></div>
<div><span><b>Heading:</b></span> <span>182&deg;</span></div>
</div>]]></description>
        <TimeStamp>
          <when>2025-08-26T10:09:53+00:00</when>
        </TimeStamp>
        <Style>
          <IconStyle>
            <heading>182</heading>
            <Icon>
              <href>http://maps.google.com/mapfiles/kml/shapes/airports.png</href>
            </Icon>
          </IconStyle>
        </Style>
        <Point>
          <altitudeMode>absolute</altitudeMode>
          <coordinates>-112.115768,33.59605,579.12</coordinates>
        </Point>
      </Placemark>
      <Placemark>
        <name>2025-08-26 10:09:56 UTC</name>
        <description><![CDATA[<div><div><span><b>Altitude:</b></span> <span>1,875 ft</span></div>
<div><span><b>Speed:</b></span> <span>131 kt</span></div>
<div><span><b>Heading:</b></span> <span>179&deg;</span></div>
</div>]]></description>
        <TimeStamp>
          <when>2025-08-26T10:09:56+00:00</when>
        </TimeStamp>
        <Style>
          <IconStyle>
            <heading>179</heading>
            <Icon>
              <href>http://maps.google.com/mapfiles/kml/shapes/airports.png</href>
            </Icon>
          </IconStyle>
        </Style>
        <Point>
          <altitudeMode>absolute</altitudeMode>
          <coordinates>-112.115822,33.594608,571.5</coordinates>
        </Point>
      </Placemark>
      <Placemark>
        <name>2025-08-26 10:09:58 UTC</name>
        <description><![CDATA[<div><div><span><b>Altitude:</b></span> <span>1,875 ft</span></div>
<div><span><b>Speed:</b></span> <span>131 kt</span></div>
<div><span><b>Heading:</b></span> <span>177&deg;</span></div>
</div>]]></description>
        <TimeStamp>
          <when>2025-08-26T10:09:58+00:00</when>
        </TimeStamp>
        <Style>
          <IconStyle>
            <heading>177</heading>
            <Icon>
              <href>http://maps.google.com/mapfiles/kml/shapes/airports.png</href>
            </Icon>
          </IconStyle>
        </Style>
        <Point>
          <altitudeMode>absolute</altitudeMode>
          <coordinates>-112.115761,33.593079,571.5</coordinates>
        </Point>
      </Placemark>
      <Placemark>
        <name>2025-08-26 10:10:00 UTC</name>
        <description><![CDATA[<div><div><span><b>Altitude:</b></span> <span>1,875 ft</span></div>
<div><span><b>Speed:</b></span> <span>132 kt</span></div>
<div><span><b>Heading:</b></span> <span>176&deg;</span></div>
</div>]]></description>
        <TimeStamp>
          <when>2025-08-26T10:10:00+00:00</when>
        </TimeStamp>
        <Style>
          <IconStyle>
            <heading>176</heading>
            <Icon>
              <href>http://maps.google.com/mapfiles/kml/shapes/airports.png</href>
            </Icon>
          </IconStyle>
        </Style>
        <Point>
          <altitudeMode>absolute</altitudeMode>
          <coordinates>-112.115646,33.591816,571.5</coordinates>
        </Point>
      </Placemark>
      <Placemark>
        <name>2025-08-26 10:10:03 UTC</name>
        <description><![CDATA[<div><div><span><b>Altitude:</b></span> <span>1,875 ft</span></div>
<div><span><b>Speed:</b></span> <span>132 kt</span></div>
<div><span><b>Heading:</b></span> <span>175&deg;</span></div>
</div>]]></description>
        <TimeStamp>
          <when>2025-08-26T10:10:03+00:00</when>
        </TimeStamp>
        <Style>
          <IconStyle>
            <heading>175</heading>
            <Icon>
              <href>http://maps.google.com/mapfiles/kml/shapes/airports.png</href>
            </Icon>
          </IconStyle>
        </Style>
        <Point>
          <altitudeMode>absolute</altitudeMode>
          <coordinates>-112.115532,33.590652,571.5</coordinates>
        </Point>
      </Placemark>
      <Placemark>
        <name>2025-08-26 10:10:05 UTC</name>
        <description><![CDATA[<div><div><span><b>Altitude:</b></span> <span>1,850 ft</span></div>
<div><span><b>Speed:</b></span> <span>132 kt</span></div>
<div><span><b>Heading:</b></span> <span>175&deg;</span></div>
</div>]]></description>
        <TimeStamp>
          <when>2025-08-26T10:10:05+00:00</when>
        </TimeStamp>
        <Style>
          <IconStyle>
            <heading>175</heading>
            <Icon>
              <href>http://maps.google.com/mapfiles/kml/shapes/airports.png</href>
            </Icon>
          </IconStyle>
        </Style>
        <Point>
          <altitudeMode>absolute</altitudeMode>
          <coordinates>-112.115417,33.589348,563.88</coordinates>
        </Point>
      </Placemark>
      <Placemark>
        <name>2025-08-26 10:10:07 UTC</name>
        <description><![CDATA[<div><div><span><b>Altitude:</b></span> <span>1,850 ft</span></div>
<div><span><b>Speed:</b></span> <span>132 kt</span></div>
<div><span><b>Heading:</b></span> <span>176&deg;</span></div>
</div>]]></description>
        <TimeStamp>
          <when>2025-08-26T10:10:07+00:00</when>
        </TimeStamp>
        <Style>
          <IconStyle>
            <heading>176</heading>
            <Icon>
              <href>http://maps.google.com/mapfiles/kml/shapes/airports.png</href>
            </Icon>
          </IconStyle>
        </Style>
        <Point>
          <altitudeMode>absolute</altitudeMode>
          <coordinates>-112.115311,33.587906,563.88</coordinates>
        </Point>
      </Placemark>
      <Placemark>
        <name>2025-08-26 10:10:09 UTC</name>
        <description><![CDATA[<div><div><span><b>Altitude:</b></span> <span>1,850 ft</span></div>
<div><span><b>Speed:</b></span> <span>132 kt</span></div>
<div><span><b>Heading:</b></span> <span>175&deg;</span></div>
</div>]]></description>
        <TimeStamp>
          <when>2025-08-26T10:10:09+00:00</when>
        </TimeStamp>
        <Style>
          <IconStyle>
            <heading>175</heading>
            <Icon>
              <href>http://maps.google.com/mapfiles/kml/shapes/airports.png</href>
            </Icon>
          </IconStyle>
        </Style>
        <Point>
          <altitudeMode>absolute</altitudeMode>
          <coordinates>-112.115143,33.586349,563.88</coordinates>
        </Point>
      </Placemark>
      <Placemark>
        <name>2025-08-26 10:10:12 UTC</name>
        <description><![CDATA[<div><div><span><b>Altitude:</b></span> <span>1,850 ft</span></div>
<div><span><b>Speed:</b></span> <span>132 kt</span></div>
<div><span><b>Heading:</b></span> <span>176&deg;</span></div>
</div>]]></description>
        <TimeStamp>
          <when>2025-08-26T10:10:12+00:00</when>
        </TimeStamp>
        <Style>
          <IconStyle>
            <heading>176</heading>
            <Icon>
              <href>http://maps.google.com/mapfiles/kml/shapes/airports.png</href>
            </Icon>
          </IconStyle>
        </Style>
        <Point>
          <altitudeMode>absolute</altitudeMode>
          <coordinates>-112.115089,33.585114,563.88</coordinates>
        </Point>
      </Placemark>
      <Placemark>
        <name>2025-08-26 10:10:14 UTC</name>
        <description><![CDATA[<div><div><span><b>Altitude:</b></span> <span>1,850 ft</span></div>
<div><span><b>Speed:</b></span> <span>132 kt</span></div>
<div><span><b>Heading:</b></span> <span>176&deg;</span></div>
</div>]]></description>
        <TimeStamp>
          <when>2025-08-26T10:10:14+00:00</when>
        </TimeStamp>
        <Style>
          <IconStyle>
            <heading>176</heading>
            <Icon>
              <href>http://maps.google.com/mapfiles/kml/shapes/airports.png</href>
            </Icon>
          </IconStyle>
        </Style>
        <Point>
          <altitudeMode>absolute</altitudeMode>
          <coordinates>-112.114975,33.583649,563.88</coordinates>
        </Point>
      </Placemark>
      <Placemark>
        <name>2025-08-26 10:10:16 UTC</name>
        <description><![CDATA[<div><div><span><b>Altitude:</b></span> <span>1,850 ft</span></div>
<div><span><b>Speed:</b></span> <span>132 kt</span></div>
<div><span><b>Heading:</b></span> <span>177&deg;</span></div>
</div>]]></description>
        <TimeStamp>
          <when>2025-08-26T10:10:16+00:00</when>
        </TimeStamp>
        <Style>
          <IconStyle>
            <heading>177</heading>
            <Icon>
              <href>http://maps.google.com/mapfiles/kml/shapes/airports.png</href>
            </Icon>
          </IconStyle>
        </Style>
        <Point>
          <altitudeMode>absolute</altitudeMode>
          <coordinates>-112.114861,33.582184,563.88</coordinates>
        </Point>
      </Placemark>
      <Placemark>
        <name>2025-08-26 10:10:18 UTC</name>
        <description><![CDATA[<div><div><span><b>Altitude:</b></span> <span>1,850 ft</span></div>
<div><span><b>Speed:</b></span> <span>132 kt</span></div>
<div><span><b>Heading:</b></span> <span>178&deg;</span></div>
</div>]]></description>
        <TimeStamp>
          <when>2025-08-26T10:10:18+00:00</when>
        </TimeStamp>
        <Style>
          <IconStyle>
            <heading>178</heading>
            <Icon>
              <href>http://maps.google.com/mapfiles/kml/shapes/airports.png</href>
            </Icon>
          </IconStyle>
        </Style>
        <Point>
          <altitudeMode>absolute</altitudeMode>
          <coordinates>-112.114861,33.580856,563.88</coordinates>
        </Point>
      </Placemark>
      <Placemark>
        <name>2025-08-26 10:10:20 UTC</name>
        <description><![CDATA[<div><div><span><b>Altitude:</b></span> <span>1,825 ft</span></div>
<div><span><b>Speed:</b></span> <span>132 kt</span></div>
<div><span><b>Heading:</b></span> <span>179&deg;</span></div>
</div>]]></description>
        <TimeStamp>
          <when>2025-08-26T10:10:20+00:00</when>
        </TimeStamp>
        <Style>
          <IconStyle>
            <heading>179</heading>
            <Icon>
              <href>http://maps.google.com/mapfiles/kml/shapes/airports.png</href>
            </Icon>
          </IconStyle>
        </Style>
        <Point>
          <altitudeMode>absolute</altitudeMode>
          <coordinates>-112.114853,33.579666,556.26</coordinates>
        </Point>
      </Placemark>
      <Placemark>
        <name>2025-08-26 10:10:27 UTC</name>
        <description><![CDATA[<div><div><span><b>Altitude:</b></span> <span>1,850 ft</span></div>
<div><span><b>Speed:</b></span> <span>131 kt</span></div>
<div><span><b>Heading:</b></span> <span>182&deg;</span></div>
</div>]]></description>
        <TimeStamp>
          <when>2025-08-26T10:10:27+00:00</when>
        </TimeStamp>
        <Style>
          <IconStyle>
            <heading>182</heading>
            <Icon>
              <href>http://maps.google.com/mapfiles/kml/shapes/airports.png</href>
            </Icon>
          </IconStyle>
        </Style>
        <Point>
          <altitudeMode>absolute</altitudeMode>
          <coordinates>-112.114906,33.575893,563.88</coordinates>
        </Point>
      </Placemark>
      <Placemark>
        <name>2025-08-26 10:10:29 UTC</name>
        <description><![CDATA[<div><div><span><b>Altitude:</b></span> <span>1,850 ft</span></div>
<div><span><b>Speed:</b></span> <span>131 kt</span></div>
<div><span><b>Heading:</b></span> <span>183&deg;</span></div>
</div>]]></description>
        <TimeStamp>
          <when>2025-08-26T10:10:29+00:00</when>
        </TimeStamp>
        <Style>
          <IconStyle>
            <heading>183</heading>
            <Icon>
              <href>http://maps.google.com/mapfiles/kml/shapes/airports.png</href>
            </Icon>
          </IconStyle>
        </Style>
        <Point>
          <altitudeMode>absolute</altitudeMode>
          <coordinates>-112.11496,33.574543,563.88</coordinates>
        </Point>
      </Placemark>
      <Placemark>
        <name>2025-08-26 10:10:31 UTC</name>
        <description><![CDATA[<div><div><span><b>Altitude:</b></span> <span>1,825 ft</span></div>
<div><span><b>Speed:</b></span> <span>131 kt</span></div>
<div><span><b>Heading:</b></span> <span>185&deg;</span></div>
</div>]]></description>
        <TimeStamp>
          <when>2025-08-26T10:10:31+00:00</when>
        </TimeStamp>
        <Style>
          <IconStyle>
            <heading>185</heading>
            <Icon>
              <href>http://maps.google.com/mapfiles/kml/shapes/airports.png</href>
            </Icon>
          </IconStyle>
        </Style>
        <Point>
          <altitudeMode>absolute</altitudeMode>
          <coordinates>-112.115082,33.573334,556.26</coordinates>
        </Point>
      </Placemark>
      <Placemark>
        <name>2025-08-26 10:10:33 UTC</name>
        <description><![CDATA[<div><div><span><b>Altitude:</b></span> <span>1,825 ft</span></div>
<div><span><b>Speed:</b></span> <span>131 kt</span></div>
<div><span><b>Heading:</b></span> <span>186&deg;</span></div>
</div>]]></description>
        <TimeStamp>
          <when>2025-08-26T10:10:33+00:00</when>
        </TimeStamp>
        <Style>
          <IconStyle>
            <heading>186</heading>
            <Icon>
              <href>http://maps.google.com/mapfiles/kml/shapes/airports.png</href>
            </Icon>
          </IconStyle>
        </Style>
        <Point>
          <altitudeMode>absolute</altitudeMode>
          <coordinates>-112.11525,33.571892,556.26</coordinates>
        </Point>
      </Placemark>
      <Placemark>
        <name>2025-08-26 10:10:35 UTC</name>
        <description><![CDATA[<div><div><span><b>Altitude:</b></span> <span>1,825 ft</span></div>
<div><span><b>Speed:</b></span> <span>131 kt</span></div>
<div><span><b>Heading:</b></span> <span>186&deg;</span></div>
</div>]]></description>
        <TimeStamp>
          <when>2025-08-26T10:10:35+00:00</when>
        </TimeStamp>
        <Style>
          <IconStyle>
            <heading>186</heading>
            <Icon>
              <href>http://maps.google.com/mapfiles/kml/shapes/airports.png</href>
            </Icon>
          </IconStyle>
        </Style>
        <Point>
          <altitudeMode>absolute</altitudeMode>
          <coordinates>-112.115425,33.570602,556.26</coordinates>
        </Point>
      </Placemark>
      <Placemark>
        <name>2025-08-26 10:10:38 UTC</name>
        <description><![CDATA[<div><div><span><b>Altitude:</b></span> <span>1,825 ft</span></div>
<div><span><b>Speed:</b></span> <span>132 kt</span></div>
<div><span><b>Heading:</b></span> <span>187&deg;</span></div>
</div>]]></description>
        <TimeStamp>
          <when>2025-08-26T10:10:38+00:00</when>
        </TimeStamp>
        <Style>
          <IconStyle>
            <heading>187</heading>
            <Icon>
              <href>http://maps.google.com/mapfiles/kml/shapes/airports.png</href>
            </Icon>
          </IconStyle>
        </Style>
        <Point>
          <altitudeMode>absolute</altitudeMode>
          <coordinates>-112.115646,33.569332,556.26</coordinates>
        </Point>
      </Placemark>
      <Placemark>
        <name>2025-08-26 10:10:40 UTC</name>
        <description><![CDATA[<div><div><span><b>Altitude:</b></span> <span>1,825 ft</span></div>
<div><span><b>Speed:</b></span> <span>131 kt</span></div>
<div><span><b>Heading:</b></span> <span>188&deg;</span></div>
</div>]]></description>
        <TimeStamp>
          <when>2025-08-26T10:10:40+00:00</when>
        </TimeStamp>
        <Style>
          <IconStyle>
            <heading>188</heading>
            <Icon>
              <href>http://maps.google.com/mapfiles/kml/shapes/airports.png</href>
            </Icon>
          </IconStyle>
        </Style>
        <Point>
          <altitudeMode>absolute</altitudeMode>
          <coordinates>-112.115814,33.568085,556.26</coordinates>
        </Point>
      </Placemark>
      <Placemark>
        <name>2025-08-26 10:10:42 UTC</name>
        <description><![CDATA[<div><div><span><b>Altitude:</b></span> <span>1,825 ft</span></div>
<div><span><b>Speed:</b></span> <span>131 kt</span></div>
<div><span><b>Heading:</b></span> <span>188&deg;</span></div>
</div>]]></description>
        <TimeStamp>
          <when>2025-08-26T10:10:42+00:00</when>
        </TimeStamp>
        <Style>
          <IconStyle>
            <heading>188</heading>
            <Icon>
              <href>http://maps.google.com/mapfiles/kml/shapes/airports.png</href>
            </Icon>
          </IconStyle>
        </Style>
        <Point>
          <altitudeMode>absolute</altitudeMode>
          <coordinates>-112.116096,33.566757,556.26</coordinates>
        </Point>
      </Placemark>
      <Placemark>
        <name>2025-08-26 10:10:44 UTC</name>
        <description><![CDATA[<div><div><span><b>Altitude:</b></span> <span>1,825 ft</span></div>
<div><span><b>Speed:</b></span> <span>130 kt</span></div>
<div><span><b>Heading:</b></span> <span>189&deg;</span></div>
</div>]]></description>
        <TimeStamp>
          <when>2025-08-26T10:10:44+00:00</when>
        </TimeStamp>
        <Style>
          <IconStyle>
            <heading>189</heading>
            <Icon>
              <href>http://maps.google.com/mapfiles/kml/shapes/airports.png</href>
            </Icon>
          </IconStyle>
        </Style>
        <Point>
          <altitudeMode>absolute</altitudeMode>
          <coordinates>-112.116394,33.565235,556.26</coordinates>
        </Point>
      </Placemark>
      <Placemark>
        <name>2025-08-26 10:10:46 UTC</name>
        <description><![CDATA[<div><div><span><b>Altitude:</b></span> <span>1,825 ft</span></div>
<div><span><b>Speed:</b></span> <span>131 kt</span></div>
<div><span><b>Heading:</b></span> <span>190&deg;</span></div>
</div>]]></description>
        <TimeStamp>
          <when>2025-08-26T10:10:46+00:00</when>
        </TimeStamp>
        <Style>
          <IconStyle>
            <heading>190</heading>
            <Icon>
              <href>http://maps.google.com/mapfiles/kml/shapes/airports.png</href>
            </Icon>
          </IconStyle>
        </Style>
        <Point>
          <altitudeMode>absolute</altitudeMode>
          <coordinates>-112.116684,33.563789,556.26</coordinates>
        </Point>
      </Placemark>
      <Placemark>
        <name>2025-08-26 10:10:49 UTC</name>
        <description><![CDATA[<div><div><span><b>Altitude:</b></span> <span>1,825 ft</span></div>
<div><span><b>Speed:</b></span> <span>130 kt</span></div>
<div><span><b>Heading:</b></span> <span>191&deg;</span></div>
</div>]]></description>
        <TimeStamp>
          <when>2025-08-26T10:10:49+00:00</when>
        </TimeStamp>
        <Style>
          <IconStyle>
            <heading>191</heading>
            <Icon>
              <href>http://maps.google.com/mapfiles/kml/shapes/airports.png</href>
            </Icon>
          </IconStyle>
        </Style>
        <Point>
          <altitudeMode>absolute</altitudeMode>
          <coordinates>-112.116966,33.562626,556.26</coordinates>
        </Point>
      </Placemark>
      <Placemark>
        <name>2025-08-26 10:10:51 UTC</name>
        <description><![CDATA[<div><div><span><b>Altitude:</b></span> <span>1,825 ft</span></div>
<div><span><b>Speed:</b></span> <span>129 kt</span></div>
<div><span><b>Heading:</b></span> <span>189&deg;</span></div>
</div>]]></description>
        <TimeStamp>
          <when>2025-08-26T10:10:51+00:00</when>
        </TimeStamp>
        <Style>
          <IconStyle>
            <heading>189</heading>
            <Icon>
              <href>http://maps.google.com/mapfiles/kml/shapes/airports.png</href>
            </Icon>
          </IconStyle>
        </Style>
        <Point>
          <altitudeMode>absolute</altitudeMode>
          <coordinates>-112.117249,33.561417,556.26</coordinates>
        </Point>
      </Placemark>
      <Placemark>
        <name>2025-08-26 10:10:55 UTC</name>
        <description><![CDATA[<div><div><span><b>Altitude:</b></span> <span>1,825 ft</span></div>
<div><span><b>Speed:</b></span> <span>128 kt</span></div>
<div><span><b>Heading:</b></span> <span>175&deg;</span></div>
</div>]]></description>
        <TimeStamp>
          <when>2025-08-26T10:10:55+00:00</when>
        </TimeStamp>
        <Style>
          <IconStyle>
            <heading>175</heading>
            <Icon>
              <href>http://maps.google.com/mapfiles/kml/shapes/airports.png</href>
            </Icon>
          </IconStyle>
        </Style>
        <Point>
          <altitudeMode>absolute</altitudeMode>
          <coordinates>-112.117493,33.558472,556.26</coordinates>
        </Point>
      </Placemark>
      <Placemark>
        <name>2025-08-26 10:10:58 UTC</name>
        <description><![CDATA[<div><div><span><b>Altitude:</b></span> <span>1,825 ft</span></div>
<div><span><b>Speed:</b></span> <span>127 kt</span></div>
<div><span><b>Heading:</b></span> <span>170&deg;</span></div>
</div>]]></description>
        <TimeStamp>
          <when>2025-08-26T10:10:58+00:00</when>
        </TimeStamp>
        <Style>
          <IconStyle>
            <heading>170</heading>
            <Icon>
              <href>http://maps.google.com/mapfiles/kml/shapes/airports.png</href>
            </Icon>
          </IconStyle>
        </Style>
        <Point>
          <altitudeMode>absolute</altitudeMode>
          <coordinates>-112.117249,33.557133,556.26</coordinates>
        </Point>
      </Placemark>
      <Placemark>
        <name>2025-08-26 10:11:00 UTC</name>
        <description><![CDATA[<div><div><span><b>Altitude:</b></span> <span>1,825 ft</span></div>
<div><span><b>Speed:</b></span> <span>127 kt</span></div>
<div><span><b>Heading:</b></span> <span>162&deg;</span></div>
</div>]]></description>
        <TimeStamp>
          <when>2025-08-26T10:11:00+00:00</when>
        </TimeStamp>
        <Style>
          <IconStyle>
            <heading>162</heading>
            <Icon>
              <href>http://maps.google.com/mapfiles/kml/shapes/airports.png</href>
            </Icon>
          </IconStyle>
        </Style>
        <Point>
          <altitudeMode>absolute</altitudeMode>
          <coordinates>-112.116852,33.555969,556.26</coordinates>
        </Point>
      </Placemark>
      <Placemark>
        <name>2025-08-26 10:11:02 UTC</name>
        <description><![CDATA[<div><div><span><b>Altitude:</b></span> <span>1,825 ft</span></div>
<div><span><b>Speed:</b></span> <span>126 kt</span></div>
<div><span><b>Heading:</b></span> <span>160&deg;</span></div>
</div>]]></description>
        <TimeStamp>
          <when>2025-08-26T10:11:02+00:00</when>
        </TimeStamp>
        <Style>
          <IconStyle>
            <heading>160</heading>
            <Icon>
              <href>http://maps.google.com/mapfiles/kml/shapes/airports.png</href>
            </Icon>
          </IconStyle>
        </Style>
        <Point>
          <altitudeMode>absolute</altitudeMode>
          <coordinates>-112.116432,33.554901,556.26</coordinates>
        </Point>
      </Placemark>
      <Placemark>
        <name>2025-08-26 10:11:04 UTC</name>
        <description><![CDATA[<div><div><span><b>Altitude:</b></span> <span>1,800 ft</span></div>
<div><span><b>Speed:</b></span> <span>123 kt</span></div>
<div><span><b>Heading:</b></span> <span>160&deg;</span></div>
</div>]]></description>
        <TimeStamp>
          <when>2025-08-26T10:11:04+00:00</when>
        </TimeStamp>
        <Style>
          <IconStyle>
            <heading>160</heading>
            <Icon>
              <href>http://maps.google.com/mapfiles/kml/shapes/airports.png</href>
            </Icon>
          </IconStyle>
        </Style>
        <Point>
          <altitudeMode>absolute</altitudeMode>
          <coordinates>-112.115822,33.553551,548.64</coordinates>
        </Point>
      </Placemark>
      <Placemark>
        <name>2025-08-26 10:11:07 UTC</name>
        <description><![CDATA[<div><div><span><b>Altitude:</b></span> <span>1,725 ft</span></div>
<div><span><b>Speed:</b></span> <span>116 kt</span></div>
<div><span><b>Heading:</b></span> <span>162&deg;</span></div>
</div>]]></description>
        <TimeStamp>
          <when>2025-08-26T10:11:07+00:00</when>
        </TimeStamp>
        <Style>
          <IconStyle>
            <heading>162</heading>
            <Icon>
              <href>http://maps.google.com/mapfiles/kml/shapes/airports.png</href>
            </Icon>
          </IconStyle>
        </Style>
        <Point>
          <altitudeMode>absolute</altitudeMode>
          <coordinates>-112.115311,33.5522,525.78</coordinates>
        </Point>
      </Placemark>
      <Placemark>
        <name>2025-08-26 10:11:09 UTC</name>
        <description><![CDATA[<div><div><span><b>Altitude:</b></span> <span>1,725 ft</span></div>
<div><span><b>Speed:</b></span> <span>105 kt</span></div>
<div><span><b>Heading:</b></span> <span>165&deg;</span></div>
</div>]]></description>
        <TimeStamp>
          <when>2025-08-26T10:11:09+00:00</when>
        </TimeStamp>
        <Style>
          <IconStyle>
            <heading>165</heading>
            <Icon>
              <href>http://maps.google.com/mapfiles/kml/shapes/airports.png</href>
            </Icon>
          </IconStyle>
        </Style>
        <Point>
          <altitudeMode>absolute</altitudeMode>
          <coordinates>-112.115028,33.551376,525.78</coordinates>
        </Point>
      </Placemark>
      <Placemark>
        <name>2025-08-26 10:11:11 UTC</name>
        <description><![CDATA[<div><div><span><b>Altitude:</b></span> <span>1,750 ft</span></div>
<div><span><b>Speed:</b></span> <span>95 kt</span></div>
<div><span><b>Heading:</b></span> <span>169&deg;</span></div>
</div>]]></description>
        <TimeStamp>
          <when>2025-08-26T10:11:11+00:00</when>
        </TimeStamp>
        <Style>
          <IconStyle>
            <heading>169</heading>
            <Icon>
              <href>http://maps.google.com/mapfiles/kml/shapes/airports.png</href>
            </Icon>
          </IconStyle>
        </Style>
        <Point>
          <altitudeMode>absolute</altitudeMode>
          <coordinates>-112.114693,33.550186,533.4</coordinates>
        </Point>
      </Placemark>
      <Placemark>
        <name>2025-08-26 10:11:13 UTC</name>
        <description><![CDATA[<div><div><span><b>Altitude:</b></span> <span>1,775 ft</span></div>
<div><span><b>Speed:</b></span> <span>85 kt</span></div>
<div><span><b>Heading:</b></span> <span>173&deg;</span></div>
</div>]]></description>
        <TimeStamp>
          <when>2025-08-26T10:11:13+00:00</when>
        </TimeStamp>
        <Style>
          <IconStyle>
            <heading>173</heading>
            <Icon>
              <href>http://maps.google.com/mapfiles/kml/shapes/airports.png</href>
            </Icon>
          </IconStyle>
        </Style>
        <Point>
          <altitudeMode>absolute</altitudeMode>
          <coordinates>-112.114525,33.549271,541.02</coordinates>
        </Point>
      </Placemark>
      <Placemark>
        <name>2025-08-26 10:11:15 UTC</name>
        <description><![CDATA[<div><div><span><b>Altitude:</b></span> <span>1,775 ft</span></div>
<div><span><b>Speed:</b></span> <span>80 kt</span></div>
<div><span><b>Heading:</b></span> <span>177&deg;</span></div>
</div>]]></description>
        <TimeStamp>
          <when>2025-08-26T10:11:15+00:00</when>
        </TimeStamp>
        <Style>
          <IconStyle>
            <heading>177</heading>
            <Icon>
              <href>http://maps.google.com/mapfiles/kml/shapes/airports.png</href>
            </Icon>
          </IconStyle>
        </Style>
        <Point>
          <altitudeMode>absolute</altitudeMode>
          <coordinates>-112.114471,33.548447,541.02</coordinates>
        </Point>
      </Placemark>
      <Placemark>
        <name>2025-08-26 10:11:18 UTC</name>
        <description><![CDATA[<div><div><span><b>Altitude:</b></span> <span>1,800 ft</span></div>
<div><span><b>Speed:</b></span> <span>73 kt</span></div>
<div><span><b>Heading:</b></span> <span>180&deg;</span></div>
</div>]]></description>
        <TimeStamp>
          <when>2025-08-26T10:11:18+00:00</when>
        </TimeStamp>
        <Style>
          <IconStyle>
            <heading>180</heading>
            <Icon>
              <href>http://maps.google.com/mapfiles/kml/shapes/airports.png</href>
            </Icon>
          </IconStyle>
        </Style>
        <Point>
          <altitudeMode>absolute</altitudeMode>
          <coordinates>-112.114471,33.54776,548.64</coordinates>
        </Point>
      </Placemark>
      <Placemark>
        <name>2025-08-26 10:11:20 UTC</name>
        <description><![CDATA[<div><div><span><b>Altitude:</b></span> <span>1,800 ft</span></div>
<div><span><b>Speed:</b></span> <span>69 kt</span></div>
<div><span><b>Heading:</b></span> <span>181&deg;</span></div>
</div>]]></description>
        <TimeStamp>
          <when>2025-08-26T10:11:20+00:00</when>
        </TimeStamp>
        <Style>
          <IconStyle>
            <heading>181</heading>
            <Icon>
              <href>http://maps.google.com/mapfiles/kml/shapes/airports.png</href>
            </Icon>
          </IconStyle>
        </Style>
        <Point>
          <altitudeMode>absolute</altitudeMode>
          <coordinates>-112.114449,33.54694,548.64</coordinates>
        </Point>
      </Placemark>
      <Placemark>
        <name>2025-08-26 10:11:24 UTC</name>
        <description><![CDATA[<div><div><span><b>Altitude:</b></span> <span>1,800 ft</span></div>
<div><span><b>Speed:</b></span> <span>68 kt</span></div>
<div><span><b>Heading:</b></span> <span>182&deg;</span></div>
</div>]]></description>
        <TimeStamp>
          <when>2025-08-26T10:11:24+00:00</when>
        </TimeStamp>
        <Style>
          <IconStyle>
            <heading>182</heading>
            <Icon>
              <href>http://maps.google.com/mapfiles/kml/shapes/airports.png</href>
            </Icon>
          </IconStyle>
        </Style>
        <Point>
          <altitudeMode>absolute</altitudeMode>
          <coordinates>-112.114525,33.5457,548.64</coordinates>
        </Point>
      </Placemark>
      <Placemark>
        <name>2025-08-26 10:11:27 UTC</name>
        <description><![CDATA[<div><div><span><b>Altitude:</b></span> <span>1,775 ft</span></div>
<div><span><b>Speed:</b></span> <span>76 kt</span></div>
<div><span><b>Heading:</b></span> <span>179&deg;</span></div>
</div>]]></description>
        <TimeStamp>
          <when>2025-08-26T10:11:27+00:00</when>
        </TimeStamp>
        <Style>
          <IconStyle>
            <heading>179</heading>
            <Icon>
              <href>http://maps.google.com/mapfiles/kml/shapes/airports.png</href>
            </Icon>
          </IconStyle>
        </Style>
        <Point>
          <altitudeMode>absolute</altitudeMode>
          <coordinates>-112.114525,33.544922,541.02</coordinates>
        </Point>
      </Placemark>
      <Placemark>
        <name>2025-08-26 10:11:29 UTC</name>
        <description><![CDATA[<div><div><span><b>Altitude:</b></span> <span>1,750 ft</span></div>
<div><span><b>Speed:</b></span> <span>82 kt</span></div>
<div><span><b>Heading:</b></span> <span>177&deg;</span></div>
</div>]]></description>
        <TimeStamp>
          <when>2025-08-26T10:11:29+00:00</when>
        </TimeStamp>
        <Style>
          <IconStyle>
            <heading>177</heading>
            <Icon>
              <href>http://maps.google.com/mapfiles/kml/shapes/airports.png</href>
            </Icon>
          </IconStyle>
        </Style>
        <Point>
          <altitudeMode>absolute</altitudeMode>
          <coordinates>-112.114525,33.544052,533.4</coordinates>
        </Point>
      </Placemark>
      <Placemark>
        <name>2025-08-26 10:11:31 UTC</name>
        <description><![CDATA[<div><div><span><b>Altitude:</b></span> <span>1,725 ft</span></div>
<div><span><b>Speed:</b></span> <span>86 kt</span></div>
<div><span><b>Heading:</b></span> <span>177&deg;</span></div>
</div>]]></description>
        <TimeStamp>
          <when>2025-08-26T10:11:31+00:00</when>
        </TimeStamp>
        <Style>
          <IconStyle>
            <heading>177</heading>
            <Icon>
              <href>http://maps.google.com/mapfiles/kml/shapes/airports.png</href>
            </Icon>
          </IconStyle>
        </Style>
        <Point>
          <altitudeMode>absolute</altitudeMode>
          <coordinates>-112.114502,33.543262,525.78</coordinates>
        </Point>
      </Placemark>
      <Placemark>
        <name>2025-08-26 10:11:33 UTC</name>
        <description><![CDATA[<div><div><span><b>Altitude:</b></span> <span>1,725 ft</span></div>
<div><span><b>Speed:</b></span> <span>88 kt</span></div>
<div><span><b>Heading:</b></span> <span>177&deg;</span></div>
</div>]]></description>
        <TimeStamp>
          <when>2025-08-26T10:11:33+00:00</when>
        </TimeStamp>
        <Style>
          <IconStyle>
            <heading>177</heading>
            <Icon>
              <href>http://maps.google.com/mapfiles/kml/shapes/airports.png</href>
            </Icon>
          </IconStyle>
        </Style>
        <Point>
          <altitudeMode>absolute</altitudeMode>
          <coordinates>-112.11441,33.542175,525.78</coordinates>
        </Point>
      </Placemark>
      <Placemark>
        <name>2025-08-26 10:11:36 UTC</name>
        <description><![CDATA[<div><div><span><b>Altitude:</b></span> <span>1,725 ft</span></div>
<div><span><b>Speed:</b></span> <span>90 kt</span></div>
<div><span><b>Heading:</b></span> <span>178&deg;</span></div>
</div>]]></description>
        <TimeStamp>
          <when>2025-08-26T10:11:36+00:00</when>
        </TimeStamp>
        <Style>
          <IconStyle>
            <heading>178</heading>
            <Icon>
              <href>http://maps.google.com/mapfiles/kml/shapes/airports.png</href>
            </Icon>
          </IconStyle>
        </Style>
        <Point>
          <altitudeMode>absolute</altitudeMode>
          <coordinates>-112.114395,33.541401,525.78</coordinates>
        </Point>
      </Placemark>
      <Placemark>
        <name>2025-08-26 10:11:38 UTC</name>
        <description><![CDATA[<div><div><span><b>Altitude:</b></span> <span>1,700 ft</span></div>
<div><span><b>Speed:</b></span> <span>91 kt</span></div>
<div><span><b>Heading:</b></span> <span>179&deg;</span></div>
</div>]]></description>
        <TimeStamp>
          <when>2025-08-26T10:11:38+00:00</when>
        </TimeStamp>
        <Style>
          <IconStyle>
            <heading>179</heading>
            <Icon>
              <href>http://maps.google.com/mapfiles/kml/shapes/airports.png</href>
            </Icon>
          </IconStyle>
        </Style>
        <Point>
          <altitudeMode>absolute</altitudeMode>
          <coordinates>-112.114395,33.540375,518.16</coordinates>
        </Point>
      </Placemark>
      <Placemark>
        <name>2025-08-26 10:11:40 UTC</name>
        <description><![CDATA[<div><div><span><b>Altitude:</b></span> <span>1,700 ft</span></div>
<div><span><b>Speed:</b></span> <span>93 kt</span></div>
<div><span><b>Heading:</b></span> <span>179&deg;</span></div>
</div>]]></description>
        <TimeStamp>
          <when>2025-08-26T10:11:40+00:00</when>
        </TimeStamp>
        <Style>
          <IconStyle>
            <heading>179</heading>
            <Icon>
              <href>http://maps.google.com/mapfiles/kml/shapes/airports.png</href>
            </Icon>
          </IconStyle>
        </Style>
        <Point>
          <altitudeMode>absolute</altitudeMode>
          <coordinates>-112.114357,33.539444,518.16</coordinates>
        </Point>
      </Placemark>
      <Placemark>
        <name>2025-08-26 10:11:42 UTC</name>
        <description><![CDATA[<div><div><span><b>Altitude:</b></span> <span>1,700 ft</span></div>
<div><span><b>Speed:</b></span> <span>94 kt</span></div>
<div><span><b>Heading:</b></span> <span>179&deg;</span></div>
</div>]]></description>
        <TimeStamp>
          <when>2025-08-26T10:11:42+00:00</when>
        </TimeStamp>
        <Style>
          <IconStyle>
            <heading>179</heading>
            <Icon>
              <href>http://maps.google.com/mapfiles/kml/shapes/airports.png</href>
            </Icon>
          </IconStyle>
        </Style>
        <Point>
          <altitudeMode>absolute</altitudeMode>
          <coordinates>-112.114357,33.538559,518.16</coordinates>
        </Point>
      </Placemark>
      <Placemark>
        <name>2025-08-26 10:11:49 UTC</name>
        <description><![CDATA[<div><div><span><b>Altitude:</b></span> <span>1,700 ft</span></div>
<div><span><b>Speed:</b></span> <span>97 kt</span></div>
<div><span><b>Heading:</b></span> <span>179&deg;</span></div>
</div>]]></description>
        <TimeStamp>
          <when>2025-08-26T10:11:49+00:00</when>
        </TimeStamp>
        <Style>
          <IconStyle>
            <heading>179</heading>
            <Icon>
              <href>http://maps.google.com/mapfiles/kml/shapes/airports.png</href>
            </Icon>
          </IconStyle>
        </Style>
        <Point>
          <altitudeMode>absolute</altitudeMode>
          <coordinates>-112.114357,33.535255,518.16</coordinates>
        </Point>
      </Placemark>
      <Placemark>
        <name>2025-08-26 10:11:58 UTC</name>
        <description><![CDATA[<div><div><span><b>Altitude:</b></span> <span>1,700 ft</span></div>
<div><span><b>Speed:</b></span> <span>100 kt</span></div>
<div><span><b>Heading:</b></span> <span>182&deg;</span></div>
</div>]]></description>
        <TimeStamp>
          <when>2025-08-26T10:11:58+00:00</when>
        </TimeStamp>
        <Style>
          <IconStyle>
            <heading>182</heading>
            <Icon>
              <href>http://maps.google.com/mapfiles/kml/shapes/airports.png</href>
            </Icon>
          </IconStyle>
        </Style>
        <Point>
          <altitudeMode>absolute</altitudeMode>
          <coordinates>-112.114326,33.531326,518.16</coordinates>
        </Point>
      </Placemark>
      <Placemark>
        <name>2025-08-26 10:12:00 UTC</name>
        <description><![CDATA[<div><div><span><b>Altitude:</b></span> <span>1,700 ft</span></div>
<div><span><b>Speed:</b></span> <span>98 kt</span></div>
<div><span><b>Heading:</b></span> <span>182&deg;</span></div>
</div>]]></description>
        <TimeStamp>
          <when>2025-08-26T10:12:00+00:00</when>
        </TimeStamp>
        <Style>
          <IconStyle>
            <heading>182</heading>
            <Icon>
              <href>http://maps.google.com/mapfiles/kml/shapes/airports.png</href>
            </Icon>
          </IconStyle>
        </Style>
        <Point>
          <altitudeMode>absolute</altitudeMode>
          <coordinates>-112.11438,33.530411,518.16</coordinates>
        </Point>
      </Placemark>
      <Placemark>
        <name>2025-08-26 10:12:02 UTC</name>
        <description><![CDATA[<div><div><span><b>Altitude:</b></span> <span>1,700 ft</span></div>
<div><span><b>Speed:</b></span> <span>95 kt</span></div>
<div><span><b>Heading:</b></span> <span>183&deg;</span></div>
</div>]]></description>
        <TimeStamp>
          <when>2025-08-26T10:12:02+00:00</when>
        </TimeStamp>
        <Style>
          <IconStyle>
            <heading>183</heading>
            <Icon>
              <href>http://maps.google.com/mapfiles/kml/shapes/airports.png</href>
            </Icon>
          </IconStyle>
        </Style>
        <Point>
          <altitudeMode>absolute</altitudeMode>
          <coordinates>-112.114433,33.529541,518.16</coordinates>
        </Point>
      </Placemark>
      <Placemark>
        <name>2025-08-26 10:12:04 UTC</name>
        <description><![CDATA[<div><div><span><b>Altitude:</b></span> <span>1,725 ft</span></div>
<div><span><b>Speed:</b></span> <span>92 kt</span></div>
<div><span><b>Heading:</b></span> <span>185&deg;</span></div>
</div>]]></description>
        <TimeStamp>
          <when>2025-08-26T10:12:04+00:00</when>
        </TimeStamp>
        <Style>
          <IconStyle>
            <heading>185</heading>
            <Icon>
              <href>http://maps.google.com/mapfiles/kml/shapes/airports.png</href>
            </Icon>
          </IconStyle>
        </Style>
        <Point>
          <altitudeMode>absolute</altitudeMode>
          <coordinates>-112.114525,33.528599,525.78</coordinates>
        </Point>
      </Placemark>
      <Placemark>
        <name>2025-08-26 10:12:06 UTC</name>
        <description><![CDATA[<div><div><span><b>Altitude:</b></span> <span>1,725 ft</span></div>
<div><span><b>Speed:</b></span> <span>90 kt</span></div>
<div><span><b>Heading:</b></span> <span>190&deg;</span></div>
</div>]]></description>
        <TimeStamp>
          <when>2025-08-26T10:12:06+00:00</when>
        </TimeStamp>
        <Style>
          <IconStyle>
            <heading>190</heading>
            <Icon>
              <href>http://maps.google.com/mapfiles/kml/shapes/airports.png</href>
            </Icon>
          </IconStyle>
        </Style>
        <Point>
          <altitudeMode>absolute</altitudeMode>
          <coordinates>-112.114655,33.52771,525.78</coordinates>
        </Point>
      </Placemark>
      <Placemark>
        <name>2025-08-26 10:12:08 UTC</name>
        <description><![CDATA[<div><div><span><b>Altitude:</b></span> <span>1,725 ft</span></div>
<div><span><b>Speed:</b></span> <span>89 kt</span></div>
<div><span><b>Heading:</b></span> <span>192&deg;</span></div>
</div>]]></description>
        <TimeStamp>
          <when>2025-08-26T10:12:08+00:00</when>
        </TimeStamp>
        <Style>
          <IconStyle>
            <heading>192</heading>
            <Icon>
              <href>http://maps.google.com/mapfiles/kml/shapes/airports.png</href>
            </Icon>
          </IconStyle>
        </Style>
        <Point>
          <altitudeMode>absolute</altitudeMode>
          <coordinates>-112.114861,33.52697,525.78</coordinates>
        </Point>
      </Placemark>
      <Placemark>
        <name>2025-08-26 10:12:11 UTC</name>
        <description><![CDATA[<div><div><span><b>Altitude:</b></span> <span>1,725 ft</span></div>
<div><span><b>Speed:</b></span> <span>86 kt</span></div>
<div><span><b>Heading:</b></span> <span>189&deg;</span></div>
</div>]]></description>
        <TimeStamp>
          <when>2025-08-26T10:12:11+00:00</when>
        </TimeStamp>
        <Style>
          <IconStyle>
            <heading>189</heading>
            <Icon>
              <href>http://maps.google.com/mapfiles/kml/shapes/airports.png</href>
            </Icon>
          </IconStyle>
        </Style>
        <Point>
          <altitudeMode>absolute</altitudeMode>
          <coordinates>-112.11515,33.525787,525.78</coordinates>
        </Point>
      </Placemark>
      <Placemark>
        <name>2025-08-26 10:12:18 UTC</name>
        <description><![CDATA[<div><div><span><b>Altitude:</b></span> <span>1,700 ft</span></div>
<div><span><b>Speed:</b></span> <span>77 kt</span></div>
<div><span><b>Heading:</b></span> <span>175&deg;</span></div>
</div>]]></description>
        <TimeStamp>
          <when>2025-08-26T10:12:18+00:00</when>
        </TimeStamp>
        <Style>
          <IconStyle>
            <heading>175</heading>
            <Icon>
              <href>http://maps.google.com/mapfiles/kml/shapes/airports.png</href>
            </Icon>
          </IconStyle>
        </Style>
        <Point>
          <altitudeMode>absolute</altitudeMode>
          <coordinates>-112.115204,33.523407,518.16</coordinates>
        </Point>
      </Placemark>
      <Placemark>
        <name>2025-08-26 10:12:22 UTC</name>
        <description><![CDATA[<div><div><span><b>Altitude:</b></span> <span>1,700 ft</span></div>
<div><span><b>Speed:</b></span> <span>73 kt</span></div>
<div><span><b>Heading:</b></span> <span>173&deg;</span></div>
</div>]]></description>
        <TimeStamp>
          <when>2025-08-26T10:12:22+00:00</when>
        </TimeStamp>
        <Style>
          <IconStyle>
            <heading>173</heading>
            <Icon>
              <href>http://maps.google.com/mapfiles/kml/shapes/airports.png</href>
            </Icon>
          </IconStyle>
        </Style>
        <Point>
          <altitudeMode>absolute</altitudeMode>
          <coordinates>-112.115036,33.521851,518.16</coordinates>
        </Point>
      </Placemark>
      <Placemark>
        <name>2025-08-26 10:12:24 UTC</name>
        <description><![CDATA[<div><div><span><b>Altitude:</b></span> <span>1,700 ft</span></div>
<div><span><b>Speed:</b></span> <span>72 kt</span></div>
<div><span><b>Heading:</b></span> <span>173&deg;</span></div>
</div>]]></description>
        <TimeStamp>
          <when>2025-08-26T10:12:24+00:00</when>
        </TimeStamp>
        <Style>
          <IconStyle>
            <heading>173</heading>
            <Icon>
              <href>http://maps.google.com/mapfiles/kml/shapes/airports.png</href>
            </Icon>
          </IconStyle>
        </Style>
        <Point>
          <altitudeMode>absolute</altitudeMode>
          <coordinates>-112.114922,33.521149,518.16</coordinates>
        </Point>
      </Placemark>
      <Placemark>
        <name>2025-08-26 10:12:26 UTC</name>
        <description><![CDATA[<div><div><span><b>Altitude:</b></span> <span>1,700 ft</span></div>
<div><span><b>Speed:</b></span> <span>73 kt</span></div>
<div><span><b>Heading:</b></span> <span>174&deg;</span></div>
</div>]]></description>
        <TimeStamp>
          <when>2025-08-26T10:12:26+00:00</when>
        </TimeStamp>
        <Style>
          <IconStyle>
            <heading>174</heading>
            <Icon>
              <href>http://maps.google.com/mapfiles/kml/shapes/airports.png</href>
            </Icon>
          </IconStyle>
        </Style>
        <Point>
          <altitudeMode>absolute</altitudeMode>
          <coordinates>-112.114876,33.520477,518.16</coordinates>
        </Point>
      </Placemark>
      <Placemark>
        <name>2025-08-26 10:12:28 UTC</name>
        <description><![CDATA[<div><div><span><b>Altitude:</b></span> <span>1,700 ft</span></div>
<div><span><b>Speed:</b></span> <span>73 kt</span></div>
<div><span><b>Heading:</b></span> <span>176&deg;</span></div>
</div>]]></description>
        <TimeStamp>
          <when>2025-08-26T10:12:28+00:00</when>
        </TimeStamp>
        <Style>
          <IconStyle>
            <heading>176</heading>
            <Icon>
              <href>http://maps.google.com/mapfiles/kml/shapes/airports.png</href>
            </Icon>
          </IconStyle>
        </Style>
        <Point>
          <altitudeMode>absolute</altitudeMode>
          <coordinates>-112.114761,33.519653,518.16</coordinates>
        </Point>
      </Placemark>
      <Placemark>
        <name>2025-08-26 10:12:30 UTC</name>
        <description><![CDATA[<div><div><span><b>Altitude:</b></span> <span>1,725 ft</span></div>
<div><span><b>Speed:</b></span> <span>73 kt</span></div>
<div><span><b>Heading:</b></span> <span>176&deg;</span></div>
</div>]]></description>
        <TimeStamp>
          <when>2025-08-26T10:12:30+00:00</when>
        </TimeStamp>
        <Style>
          <IconStyle>
            <heading>176</heading>
            <Icon>
              <href>http://maps.google.com/mapfiles/kml/shapes/airports.png</href>
            </Icon>
          </IconStyle>
        </Style>
        <Point>
          <altitudeMode>absolute</altitudeMode>
          <coordinates>-112.114708,33.518967,525.78</coordinates>
        </Point>
      </Placemark>
      <Placemark>
        <name>2025-08-26 10:12:35 UTC</name>
        <description><![CDATA[<div><div><span><b>Altitude:</b></span> <span>1,750 ft</span></div>
<div><span><b>Speed:</b></span> <span>74 kt</span></div>
<div><span><b>Heading:</b></span> <span>181&deg;</span></div>
</div>]]></description>
        <TimeStamp>
          <when>2025-08-26T10:12:35+00:00</when>
        </TimeStamp>
        <Style>
          <IconStyle>
            <heading>181</heading>
            <Icon>
              <href>http://maps.google.com/mapfiles/kml/shapes/airports.png</href>
            </Icon>
          </IconStyle>
        </Style>
        <Point>
          <altitudeMode>absolute</altitudeMode>
          <coordinates>-112.114708,33.517319,533.4</coordinates>
        </Point>
      </Placemark>
      <Placemark>
        <name>2025-08-26 10:12:37 UTC</name>
        <description><![CDATA[<div><div><span><b>Altitude:</b></span> <span>1,750 ft</span></div>
<div><span><b>Speed:</b></span> <span>73 kt</span></div>
<div><span><b>Heading:</b></span> <span>183&deg;</span></div>
</div>]]></description>
        <TimeStamp>
          <when>2025-08-26T10:12:37+00:00</when>
        </TimeStamp>
        <Style>
          <IconStyle>
            <heading>183</heading>
            <Icon>
              <href>http://maps.google.com/mapfiles/kml/shapes/airports.png</href>
            </Icon>
          </IconStyle>
        </Style>
        <Point>
          <altitudeMode>absolute</altitudeMode>
          <coordinates>-112.114746,33.516632,533.4</coordinates>
        </Point>
      </Placemark>
      <Placemark>
        <name>2025-08-26 10:12:39 UTC</name>
        <description><![CDATA[<div><div><span><b>Altitude:</b></span> <span>1,750 ft</span></div>
<div><span><b>Speed:</b></span> <span>73 kt</span></div>
<div><span><b>Heading:</b></span> <span>183&deg;</span></div>
</div>]]></description>
        <TimeStamp>
          <when>2025-08-26T10:12:39+00:00</when>
        </TimeStamp>
        <Style>
          <IconStyle>
            <heading>183</heading>
            <Icon>
              <href>http://maps.google.com/mapfiles/kml/shapes/airports.png</href>
            </Icon>
          </IconStyle>
        </Style>
        <Point>
          <altitudeMode>absolute</altitudeMode>
          <coordinates>-112.114822,33.515991,533.4</coordinates>
        </Point>
      </Placemark>
      <Placemark>
        <name>2025-08-26 10:12:44 UTC</name>
        <description><![CDATA[<div><div><span><b>Altitude:</b></span> <span>1,775 ft</span></div>
<div><span><b>Speed:</b></span> <span>73 kt</span></div>
<div><span><b>Heading:</b></span> <span>184&deg;</span></div>
</div>]]></description>
        <TimeStamp>
          <when>2025-08-26T10:12:44+00:00</when>
        </TimeStamp>
        <Style>
          <IconStyle>
            <heading>184</heading>
            <Icon>
              <href>http://maps.google.com/mapfiles/kml/shapes/airports.png</href>
            </Icon>
          </IconStyle>
        </Style>
        <Point>
          <altitudeMode>absolute</altitudeMode>
          <coordinates>-112.114929,33.514435,541.02</coordinates>
        </Point>
      </Placemark>
      <Placemark>
        <name>2025-08-26 10:12:46 UTC</name>
        <description><![CDATA[<div><div><span><b>Altitude:</b></span> <span>1,775 ft</span></div>
<div><span><b>Speed:</b></span> <span>71 kt</span></div>
<div><span><b>Heading:</b></span> <span>185&deg;</span></div>
</div>]]></description>
        <TimeStamp>
          <when>2025-08-26T10:12:46+00:00</when>
        </TimeStamp>
        <Style>
          <IconStyle>
            <heading>185</heading>
            <Icon>
              <href>http://maps.google.com/mapfiles/kml/shapes/airports.png</href>
            </Icon>
          </IconStyle>
        </Style>
        <Point>
          <altitudeMode>absolute</altitudeMode>
          <coordinates>-112.114983,33.513748,541.02</coordinates>
        </Point>
      </Placemark>
      <Placemark>
        <name>2025-08-26 10:12:48 UTC</name>
        <description><![CDATA[<div><div><span><b>Altitude:</b></span> <span>1,775 ft</span></div>
<div><span><b>Speed:</b></span> <span>69 kt</span></div>
<div><span><b>Heading:</b></span> <span>185&deg;</span></div>
</div>]]></description>
        <TimeStamp>
          <when>2025-08-26T10:12:48+00:00</when>
        </TimeStamp>
        <Style>
          <IconStyle>
            <heading>185</heading>
            <Icon>
              <href>http://maps.google.com/mapfiles/kml/shapes/airports.png</href>
            </Icon>
          </IconStyle>
        </Style>
        <Point>
          <altitudeMode>absolute</altitudeMode>
          <coordinates>-112.115089,33.513004,541.02</coordinates>
        </Point>
      </Placemark>
      <Placemark>
        <name>2025-08-26 10:12:50 UTC</name>
        <description><![CDATA[<div><div><span><b>Altitude:</b></span> <span>1,800 ft</span></div>
<div><span><b>Speed:</b></span> <span>68 kt</span></div>
<div><span><b>Heading:</b></span> <span>184&deg;</span></div>
</div>]]></description>
        <TimeStamp>
          <when>2025-08-26T10:12:50+00:00</when>
        </TimeStamp>
        <Style>
          <IconStyle>
            <heading>184</heading>
            <Icon>
              <href>http://maps.google.com/mapfiles/kml/shapes/airports.png</href>
            </Icon>
          </IconStyle>
        </Style>
        <Point>
          <altitudeMode>absolute</altitudeMode>
          <coordinates>-112.115196,33.512302,548.64</coordinates>
        </Point>
      </Placemark>
      <Placemark>
        <name>2025-08-26 10:12:52 UTC</name>
        <description><![CDATA[<div><div><span><b>Altitude:</b></span> <span>1,800 ft</span></div>
<div><span><b>Speed:</b></span> <span>67 kt</span></div>
<div><span><b>Heading:</b></span> <span>182&deg;</span></div>
</div>]]></description>
        <TimeStamp>
          <when>2025-08-26T10:12:52+00:00</when>
        </TimeStamp>
        <Style>
          <IconStyle>
            <heading>182</heading>
            <Icon>
              <href>http://maps.google.com/mapfiles/kml/shapes/airports.png</href>
            </Icon>
          </IconStyle>
        </Style>
        <Point>
          <altitudeMode>absolute</altitudeMode>
          <coordinates>-112.115196,33.511559,548.64</coordinates>
        </Point>
      </Placemark>
      <Placemark>
        <name>2025-08-26 10:12:55 UTC</name>
        <description><![CDATA[<div><div><span><b>Altitude:</b></span> <span>1,800 ft</span></div>
<div><span><b>Speed:</b></span> <span>67 kt</span></div>
<div><span><b>Heading:</b></span> <span>181&deg;</span></div>
</div>]]></description>
        <TimeStamp>
          <when>2025-08-26T10:12:55+00:00</when>
        </TimeStamp>
        <Style>
          <IconStyle>
            <heading>181</heading>
            <Icon>
              <href>http://maps.google.com/mapfiles/kml/shapes/airports.png</href>
            </Icon>
          </IconStyle>
        </Style>
        <Point>
          <altitudeMode>absolute</altitudeMode>
          <coordinates>-112.115257,33.51091,548.64</coordinates>
        </Point>
      </Placemark>
      <Placemark>
        <name>2025-08-26 10:12:57 UTC</name>
        <description><![CDATA[<div><div><span><b>Altitude:</b></span> <span>1,800 ft</span></div>
<div><span><b>Speed:</b></span> <span>68 kt</span></div>
<div><span><b>Heading:</b></span> <span>180&deg;</span></div>
</div>]]></description>
        <TimeStamp>
          <when>2025-08-26T10:12:57+00:00</when>
        </TimeStamp>
        <Style>
          <IconStyle>
            <heading>180</heading>
            <Icon>
              <href>http://maps.google.com/mapfiles/kml/shapes/airports.png</href>
            </Icon>
          </IconStyle>
        </Style>
        <Point>
          <altitudeMode>absolute</altitudeMode>
          <coordinates>-112.115257,33.510303,548.64</coordinates>
        </Point>
      </Placemark>
      <Placemark>
        <name>2025-08-26 10:13:03 UTC</name>
        <description><![CDATA[<div><div><span><b>Altitude:</b></span> <span>1,775 ft</span></div>
<div><span><b>Speed:</b></span> <span>88 kt</span></div>
<div><span><b>Heading:</b></span> <span>178&deg;</span></div>
</div>]]></description>
        <TimeStamp>
          <when>2025-08-26T10:13:03+00:00</when>
        </TimeStamp>
        <Style>
          <IconStyle>
            <heading>178</heading>
            <Icon>
              <href>http://maps.google.com/mapfiles/kml/shapes/airports.png</href>
            </Icon>
          </IconStyle>
        </Style>
        <Point>
          <altitudeMode>absolute</altitudeMode>
          <coordinates>-112.115204,33.507935,541.02</coordinates>
        </Point>
      </Placemark>
      <Placemark>
        <name>2025-08-26 10:13:10 UTC</name>
        <description><![CDATA[<div><div><span><b>Altitude:</b></span> <span>1,725 ft</span></div>
<div><span><b>Speed:</b></span> <span>91 kt</span></div>
<div><span><b>Heading:</b></span> <span>181&deg;</span></div>
</div>]]></description>
        <TimeStamp>
          <when>2025-08-26T10:13:10+00:00</when>
        </TimeStamp>
        <Style>
          <IconStyle>
            <heading>181</heading>
            <Icon>
              <href>http://maps.google.com/mapfiles/kml/shapes/airports.png</href>
            </Icon>
          </IconStyle>
        </Style>
        <Point>
          <altitudeMode>absolute</altitudeMode>
          <coordinates>-112.115196,33.505089,525.78</coordinates>
        </Point>
      </Placemark>
      <Placemark>
        <name>2025-08-26 10:13:19 UTC</name>
        <description><![CDATA[<div><div><span><b>Altitude:</b></span> <span>1,750 ft</span></div>
<div><span><b>Speed:</b></span> <span>85 kt</span></div>
<div><span><b>Heading:</b></span> <span>181&deg;</span></div>
</div>]]></description>
        <TimeStamp>
          <when>2025-08-26T10:13:19+00:00</when>
        </TimeStamp>
        <Style>
          <IconStyle>
            <heading>181</heading>
            <Icon>
              <href>http://maps.google.com/mapfiles/kml/shapes/airports.png</href>
            </Icon>
          </IconStyle>
        </Style>
        <Point>
          <altitudeMode>absolute</altitudeMode>
          <coordinates>-112.115372,33.50148,533.4</coordinates>
        </Point>
      </Placemark>
      <Placemark>
        <name>2025-08-26 10:13:26 UTC</name>
        <description><![CDATA[<div><div><span><b>Altitude:</b></span> <span>1,750 ft</span></div>
<div><span><b>Speed:</b></span> <span>81 kt</span></div>
<div><span><b>Heading:</b></span> <span>182&deg;</span></div>
</div>]]></description>
        <TimeStamp>
          <when>2025-08-26T10:13:26+00:00</when>
        </TimeStamp>
        <Style>
          <IconStyle>
            <heading>182</heading>
            <Icon>
              <href>http://maps.google.com/mapfiles/kml/shapes/airports.png</href>
            </Icon>
          </IconStyle>
        </Style>
        <Point>
          <altitudeMode>absolute</altitudeMode>
          <coordinates>-112.115479,33.498779,533.4</coordinates>
        </Point>
      </Placemark>
      <Placemark>
        <name>2025-08-26 10:13:32 UTC</name>
        <description><![CDATA[<div><div><span><b>Altitude:</b></span> <span>1,725 ft</span></div>
<div><span><b>Speed:</b></span> <span>82 kt</span></div>
<div><span><b>Heading:</b></span> <span>180&deg;</span></div>
</div>]]></description>
        <TimeStamp>
          <when>2025-08-26T10:13:32+00:00</when>
        </TimeStamp>
        <Style>
          <IconStyle>
            <heading>180</heading>
            <Icon>
              <href>http://maps.google.com/mapfiles/kml/shapes/airports.png</href>
            </Icon>
          </IconStyle>
        </Style>
        <Point>
          <altitudeMode>absolute</altitudeMode>
          <coordinates>-112.115532,33.496429,525.78</coordinates>
        </Point>
      </Placemark>
      <Placemark>
        <name>2025-08-26 10:13:41 UTC</name>
        <description><![CDATA[<div><div><span><b>Altitude:</b></span> <span>1,750 ft</span></div>
<div><span><b>Speed:</b></span> <span>80 kt</span></div>
<div><span><b>Heading:</b></span> <span>179&deg;</span></div>
</div>]]></description>
        <TimeStamp>
          <when>2025-08-26T10:13:41+00:00</when>
        </TimeStamp>
        <Style>
          <IconStyle>
            <heading>179</heading>
            <Icon>
              <href>http://maps.google.com/mapfiles/kml/shapes/airports.png</href>
            </Icon>
          </IconStyle>
        </Style>
        <Point>
          <altitudeMode>absolute</altitudeMode>
          <coordinates>-112.115532,33.493103,533.4</coordinates>
        </Point>
      </Placemark>
      <Placemark>
        <name>2025-08-26 10:13:50 UTC</name>
        <description><![CDATA[<div><div><span><b>Altitude:</b></span> <span>1,775 ft</span></div>
<div><span><b>Speed:</b></span> <span>88 kt</span></div>
<div><span><b>Heading:</b></span> <span>180&deg;</span></div>
</div>]]></description>
        <TimeStamp>
          <when>2025-08-26T10:13:50+00:00</when>
        </TimeStamp>
        <Style>
          <IconStyle>
            <heading>180</heading>
            <Icon>
              <href>http://maps.google.com/mapfiles/kml/shapes/airports.png</href>
            </Icon>
          </IconStyle>
        </Style>
        <Point>
          <altitudeMode>absolute</altitudeMode>
          <coordinates>-112.115479,33.48954,541.02</coordinates>
        </Point>
      </Placemark>
      <Placemark>
        <name>2025-08-26 10:13:57 UTC</name>
        <description><![CDATA[<div><div><span><b>Altitude:</b></span> <span>1,775 ft</span></div>
<div><span><b>Speed:</b></span> <span>87 kt</span></div>
<div><span><b>Heading:</b></span> <span>181&deg;</span></div>
</div>]]></description>
        <TimeStamp>
          <when>2025-08-26T10:13:57+00:00</when>
        </TimeStamp>
        <Style>
          <IconStyle>
            <heading>181</heading>
            <Icon>
              <href>http://maps.google.com/mapfiles/kml/shapes/airports.png</href>
            </Icon>
          </IconStyle>
        </Style>
        <Point>
          <altitudeMode>absolute</altitudeMode>
          <coordinates>-112.115532,33.486832,541.02</coordinates>
        </Point>
      </Placemark>
      <Placemark>
        <name>2025-08-26 10:14:06 UTC</name>
        <description><![CDATA[<div><div><span><b>Altitude:</b></span> <span>1,800 ft</span></div>
<div><span><b>Speed:</b></span> <span>84 kt</span></div>
<div><span><b>Heading:</b></span> <span>182&deg;</span></div>
</div>]]></description>
        <TimeStamp>
          <when>2025-08-26T10:14:06+00:00</when>
        </TimeStamp>
        <Style>
          <IconStyle>
            <heading>182</heading>
            <Icon>
              <href>http://maps.google.com/mapfiles/kml/shapes/airports.png</href>
            </Icon>
          </IconStyle>
        </Style>
        <Point>
          <altitudeMode>absolute</altitudeMode>
          <coordinates>-112.115761,33.483025,548.64</coordinates>
        </Point>
      </Placemark>
      <Placemark>
        <name>2025-08-26 10:14:08 UTC</name>
        <description><![CDATA[<div><div><span><b>Altitude:</b></span> <span>1,750 ft</span></div>
<div><span><b>Speed:</b></span> <span>86 kt</span></div>
<div><span><b>Heading:</b></span> <span>185&deg;</span></div>
</div>]]></description>
        <TimeStamp>
          <when>2025-08-26T10:14:08+00:00</when>
        </TimeStamp>
        <Style>
          <IconStyle>
            <heading>185</heading>
            <Icon>
              <href>http://maps.google.com/mapfiles/kml/shapes/airports.png</href>
            </Icon>
          </IconStyle>
        </Style>
        <Point>
          <altitudeMode>absolute</altitudeMode>
          <coordinates>-112.11586,33.482208,533.4</coordinates>
        </Point>
      </Placemark>
      <Placemark>
        <name>2025-08-26 10:14:11 UTC</name>
        <description><![CDATA[<div><div><span><b>Altitude:</b></span> <span>1,725 ft</span></div>
<div><span><b>Speed:</b></span> <span>88 kt</span></div>
<div><span><b>Heading:</b></span> <span>184&deg;</span></div>
</div>]]></description>
        <TimeStamp>
          <when>2025-08-26T10:14:11+00:00</when>
        </TimeStamp>
        <Style>
          <IconStyle>
            <heading>184</heading>
            <Icon>
              <href>http://maps.google.com/mapfiles/kml/shapes/airports.png</href>
            </Icon>
          </IconStyle>
        </Style>
        <Point>
          <altitudeMode>absolute</altitudeMode>
          <coordinates>-112.115982,33.481209,525.78</coordinates>
        </Point>
      </Placemark>
      <Placemark>
        <name>2025-08-26 10:14:15 UTC</name>
        <description><![CDATA[<div><div><span><b>Altitude:</b></span> <span>1,725 ft</span></div>
<div><span><b>Speed:</b></span> <span>77 kt</span></div>
<div><span><b>Heading:</b></span> <span>153&deg;</span></div>
</div>]]></description>
        <TimeStamp>
          <when>2025-08-26T10:14:15+00:00</when>
        </TimeStamp>
        <Style>
          <IconStyle>
            <heading>153</heading>
            <Icon>
              <href>http://maps.google.com/mapfiles/kml/shapes/airports.png</href>
            </Icon>
          </IconStyle>
        </Style>
        <Point>
          <altitudeMode>absolute</altitudeMode>
          <coordinates>-112.115753,33.479645,525.78</coordinates>
        </Point>
      </Placemark>
      <Placemark>
        <name>2025-08-26 10:14:17 UTC</name>
        <description><![CDATA[<div><div><span><b>Altitude:</b></span> <span>1,750 ft</span></div>
<div><span><b>Speed:</b></span> <span>72 kt</span></div>
<div><span><b>Heading:</b></span> <span>119&deg;</span></div>
</div>]]></description>
        <TimeStamp>
          <when>2025-08-26T10:14:17+00:00</when>
        </TimeStamp>
        <Style>
          <IconStyle>
            <heading>119</heading>
            <Icon>
              <href>http://maps.google.com/mapfiles/kml/shapes/airports.png</href>
            </Icon>
          </IconStyle>
        </Style>
        <Point>
          <altitudeMode>absolute</altitudeMode>
          <coordinates>-112.115036,33.47905,533.4</coordinates>
        </Point>
      </Placemark>
      <Placemark>
        <name>2025-08-26 10:14:19 UTC</name>
        <description><![CDATA[<div><div><span><b>Altitude:</b></span> <span>1,750 ft</span></div>
<div><span><b>Speed:</b></span> <span>71 kt</span></div>
<div><span><b>Heading:</b></span> <span>91&deg;</span></div>
</div>]]></description>
        <TimeStamp>
          <when>2025-08-26T10:14:19+00:00</when>
        </TimeStamp>
        <Style>
          <IconStyle>
            <heading>91</heading>
            <Icon>
              <href>http://maps.google.com/mapfiles/kml/shapes/airports.png</href>
            </Icon>
          </IconStyle>
        </Style>
        <Point>
          <altitudeMode>absolute</altitudeMode>
          <coordinates>-112.114273,33.478867,533.4</coordinates>
        </Point>
      </Placemark>
      <Placemark>
        <name>2025-08-26 10:14:22 UTC</name>
        <description><![CDATA[<div><div><span><b>Altitude:</b></span> <span>1,725 ft</span></div>
<div><span><b>Speed:</b></span> <span>69 kt</span></div>
<div><span><b>Heading:</b></span> <span>51&deg;</span></div>
</div>]]></description>
        <TimeStamp>
          <when>2025-08-26T10:14:22+00:00</when>
        </TimeStamp>
        <Style>
          <IconStyle>
            <heading>51</heading>
            <Icon>
              <href>http://maps.google.com/mapfiles/kml/shapes/airports.png</href>
            </Icon>
          </IconStyle>
        </Style>
        <Point>
          <altitudeMode>absolute</altitudeMode>
          <coordinates>-112.113518,33.479065,525.78</coordinates>
        </Point>
      </Placemark>
      <Placemark>
        <name>2025-08-26 10:14:24 UTC</name>
        <description><![CDATA[<div><div><span><b>Altitude:</b></span> <span>1,725 ft</span></div>
<div><span><b>Speed:</b></span> <span>72 kt</span></div>
<div><span><b>Heading:</b></span> <span>20&deg;</span></div>
</div>]]></description>
        <TimeStamp>
          <when>2025-08-26T10:14:24+00:00</when>
        </TimeStamp>
        <Style>
          <IconStyle>
            <heading>20</heading>
            <Icon>
              <href>http://maps.google.com/mapfiles/kml/shapes/airports.png</href>
            </Icon>
          </IconStyle>
        </Style>
        <Point>
          <altitudeMode>absolute</altitudeMode>
          <coordinates>-112.113014,33.479717,525.78</coordinates>
        </Point>
      </Placemark>
      <Placemark>
        <name>2025-08-26 10:14:26 UTC</name>
        <description><![CDATA[<div><div><span><b>Altitude:</b></span> <span>1,700 ft</span></div>
<div><span><b>Speed:</b></span> <span>78 kt</span></div>
<div><span><b>Heading:</b></span> <span>341&deg;</span></div>
</div>]]></description>
        <TimeStamp>
          <when>2025-08-26T10:14:26+00:00</when>
        </TimeStamp>
        <Style>
          <IconStyle>
            <heading>341</heading>
            <Icon>
              <href>http://maps.google.com/mapfiles/kml/shapes/airports.png</href>
            </Icon>
          </IconStyle>
        </Style>
        <Point>
          <altitudeMode>absolute</altitudeMode>
          <coordinates>-112.113068,33.480278,518.16</coordinates>
        </Point>
      </Placemark>
      <Placemark>
        <name>2025-08-26 10:14:28 UTC</name>
        <description><![CDATA[<div><div><span><b>Altitude:</b></span> <span>1,675 ft</span></div>
<div><span><b>Speed:</b></span> <span>84 kt</span></div>
<div><span><b>Heading:</b></span> <span>309&deg;</span></div>
</div>]]></description>
        <TimeStamp>
          <when>2025-08-26T10:14:28+00:00</when>
        </TimeStamp>
        <Style>
          <IconStyle>
            <heading>309</heading>
            <Icon>
              <href>http://maps.google.com/mapfiles/kml/shapes/airports.png</href>
            </Icon>
          </IconStyle>
        </Style>
        <Point>
          <altitudeMode>absolute</altitudeMode>
          <coordinates>-112.113724,33.48111,510.54</coordinates>
        </Point>
      </Placemark>
      <Placemark>
        <name>2025-08-26 10:14:30 UTC</name>
        <description><![CDATA[<div><div><span><b>Altitude:</b></span> <span>1,650 ft</span></div>
<div><span><b>Speed:</b></span> <span>87 kt</span></div>
<div><span><b>Heading:</b></span> <span>298&deg;</span></div>
</div>]]></description>
        <TimeStamp>
          <when>2025-08-26T10:14:30+00:00</when>
        </TimeStamp>
        <Style>
          <IconStyle>
            <heading>298</heading>
            <Icon>
              <href>http://maps.google.com/mapfiles/kml/shapes/airports.png</href>
            </Icon>
          </IconStyle>
        </Style>
        <Point>
          <altitudeMode>absolute</altitudeMode>
          <coordinates>-112.114471,33.481533,502.92</coordinates>
        </Point>
      </Placemark>
      <Placemark>
        <name>2025-08-26 10:14:32 UTC</name>
        <description><![CDATA[<div><div><span><b>Altitude:</b></span> <span>1,650 ft</span></div>
<div><span><b>Speed:</b></span> <span>87 kt</span></div>
<div><span><b>Heading:</b></span> <span>289&deg;</span></div>
</div>]]></description>
        <TimeStamp>
          <when>2025-08-26T10:14:32+00:00</when>
        </TimeStamp>
        <Style>
          <IconStyle>
            <heading>289</heading>
            <Icon>
              <href>http://maps.google.com/mapfiles/kml/shapes/airports.png</href>
            </Icon>
          </IconStyle>
        </Style>
        <Point>
          <altitudeMode>absolute</altitudeMode>
          <coordinates>-112.115364,33.481907,502.92</coordinates>
        </Point>
      </Placemark>
      <Placemark>
        <name>2025-08-26 10:14:34 UTC</name>
        <description><![CDATA[<div><div><span><b>Altitude:</b></span> <span>1,650 ft</span></div>
<div><span><b>Speed:</b></span> <span>86 kt</span></div>
<div><span><b>Heading:</b></span> <span>277&deg;</span></div>
</div>]]></description>
        <TimeStamp>
          <when>2025-08-26T10:14:34+00:00</when>
        </TimeStamp>
        <Style>
          <IconStyle>
            <heading>277</heading>
            <Icon>
              <href>http://maps.google.com/mapfiles/kml/shapes/airports.png</href>
            </Icon>
          </IconStyle>
        </Style>
        <Point>
          <altitudeMode>absolute</altitudeMode>
          <coordinates>-112.116547,33.48214,502.92</coordinates>
        </Point>
      </Placemark>
      <Placemark>
        <name>2025-08-26 10:14:37 UTC</name>
        <description><![CDATA[<div><div><span><b>Altitude:</b></span> <span>1,650 ft</span></div>
<div><span><b>Speed:</b></span> <span>80 kt</span></div>
<div><span><b>Heading:</b></span> <span>242&deg;</span></div>
</div>]]></description>
        <TimeStamp>
          <when>2025-08-26T10:14:37+00:00</when>
        </TimeStamp>
        <Style>
          <IconStyle>
            <heading>242</heading>
            <Icon>
              <href>http://maps.google.com/mapfiles/kml/shapes/airports.png</href>
            </Icon>
          </IconStyle>
        </Style>
        <Point>
          <altitudeMode>absolute</altitudeMode>
          <coordinates>-112.117493,33.482044,502.92</coordinates>
        </Point>
      </Placemark>
      <Placemark>
        <name>2025-08-26 10:14:39 UTC</name>
        <description><![CDATA[<div><div><span><b>Altitude:</b></span> <span>1,675 ft</span></div>
<div><span><b>Speed:</b></span> <span>68 kt</span></div>
<div><span><b>Heading:</b></span> <span>198&deg;</span></div>
</div>]]></description>
        <TimeStamp>
          <when>2025-08-26T10:14:39+00:00</when>
        </TimeStamp>
        <Style>
          <IconStyle>
            <heading>198</heading>
            <Icon>
              <href>http://maps.google.com/mapfiles/kml/shapes/airports.png</href>
            </Icon>
          </IconStyle>
        </Style>
        <Point>
          <altitudeMode>absolute</altitudeMode>
          <coordinates>-112.118111,33.481579,510.54</coordinates>
        </Point>
      </Placemark>
      <Placemark>
        <name>2025-08-26 10:14:41 UTC</name>
        <description><![CDATA[<div><div><span><b>Altitude:</b></span> <span>1,675 ft</span></div>
<div><span><b>Speed:</b></span> <span>57 kt</span></div>
<div><span><b>Heading:</b></span> <span>141&deg;</span></div>
</div>]]></description>
        <TimeStamp>
          <when>2025-08-26T10:14:41+00:00</when>
        </TimeStamp>
        <Style>
          <IconStyle>
            <heading>141</heading>
            <Icon>
              <href>http://maps.google.com/mapfiles/kml/shapes/airports.png</href>
            </Icon>
          </IconStyle>
        </Style>
        <Point>
          <altitudeMode>absolute</altitudeMode>
          <coordinates>-112.118057,33.480927,510.54</coordinates>
        </Point>
      </Placemark>
      <Placemark>
        <name>2025-08-26 10:14:43 UTC</name>
        <description><![CDATA[<div><div><span><b>Altitude:</b></span> <span>1,675 ft</span></div>
<div><span><b>Speed:</b></span> <span>60 kt</span></div>
<div><span><b>Heading:</b></span> <span>87&deg;</span></div>
</div>]]></description>
        <TimeStamp>
          <when>2025-08-26T10:14:43+00:00</when>
        </TimeStamp>
        <Style>
          <IconStyle>
            <heading>87</heading>
            <Icon>
              <href>http://maps.google.com/mapfiles/kml/shapes/airports.png</href>
            </Icon>
          </IconStyle>
        </Style>
        <Point>
          <altitudeMode>absolute</altitudeMode>
          <coordinates>-112.117401,33.480652,510.54</coordinates>
        </Point>
      </Placemark>
      <Placemark>
        <name>2025-08-26 10:14:46 UTC</name>
        <description><![CDATA[<div><div><span><b>Altitude:</b></span> <span>1,625 ft</span></div>
<div><span><b>Speed:</b></span> <span>69 kt</span></div>
<div><span><b>Heading:</b></span> <span>46&deg;</span></div>
</div>]]></description>
        <TimeStamp>
          <when>2025-08-26T10:14:46+00:00</when>
        </TimeStamp>
        <Style>
          <IconStyle>
            <heading>46</heading>
            <Icon>
              <href>http://maps.google.com/mapfiles/kml/shapes/airports.png</href>
            </Icon>
          </IconStyle>
        </Style>
        <Point>
          <altitudeMode>absolute</altitudeMode>
          <coordinates>-112.116577,33.481064,495.3</coordinates>
        </Point>
      </Placemark>
      <Placemark>
        <name>2025-08-26 10:14:48 UTC</name>
        <description><![CDATA[<div><div><span><b>Altitude:</b></span> <span>1,600 ft</span></div>
<div><span><b>Speed:</b></span> <span>75 kt</span></div>
<div><span><b>Heading:</b></span> <span>29&deg;</span></div>
</div>]]></description>
        <TimeStamp>
          <when>2025-08-26T10:14:48+00:00</when>
        </TimeStamp>
        <Style>
          <IconStyle>
            <heading>29</heading>
            <Icon>
              <href>http://maps.google.com/mapfiles/kml/shapes/airports.png</href>
            </Icon>
          </IconStyle>
        </Style>
        <Point>
          <altitudeMode>absolute</altitudeMode>
          <coordinates>-112.11615,33.481625,487.68</coordinates>
        </Point>
      </Placemark>
      <Placemark>
        <name>2025-08-26 10:14:50 UTC</name>
        <description><![CDATA[<div><div><span><b>Altitude:</b></span> <span>1,600 ft</span></div>
<div><span><b>Speed:</b></span> <span>79 kt</span></div>
<div><span><b>Heading:</b></span> <span>18&deg;</span></div>
</div>]]></description>
        <TimeStamp>
          <when>2025-08-26T10:14:50+00:00</when>
        </TimeStamp>
        <Style>
          <IconStyle>
            <heading>18</heading>
            <Icon>
              <href>http://maps.google.com/mapfiles/kml/shapes/airports.png</href>
            </Icon>
          </IconStyle>
        </Style>
        <Point>
          <altitudeMode>absolute</altitudeMode>
          <coordinates>-112.115807,33.4823,487.68</coordinates>
        </Point>
      </Placemark>
      <Placemark>
        <name>2025-08-26 10:14:52 UTC</name>
        <description><![CDATA[<div><div><span><b>Altitude:</b></span> <span>1,625 ft</span></div>
<div><span><b>Speed:</b></span> <span>80 kt</span></div>
<div><span><b>Heading:</b></span> <span>11&deg;</span></div>
</div>]]></description>
        <TimeStamp>
          <when>2025-08-26T10:14:52+00:00</when>
        </TimeStamp>
        <Style>
          <IconStyle>
            <heading>11</heading>
            <Icon>
              <href>http://maps.google.com/mapfiles/kml/shapes/airports.png</href>
            </Icon>
          </IconStyle>
        </Style>
        <Point>
          <altitudeMode>absolute</altitudeMode>
          <coordinates>-112.115593,33.48307,495.3</coordinates>
        </Point>
      </Placemark>
      <Placemark>
        <name>2025-08-26 10:14:54 UTC</name>
        <description><![CDATA[<div><div><span><b>Altitude:</b></span> <span>1,625 ft</span></div>
<div><span><b>Speed:</b></span> <span>81 kt</span></div>
<div><span><b>Heading:</b></span> <span>6&deg;</span></div>
</div>]]></description>
        <TimeStamp>
          <when>2025-08-26T10:14:54+00:00</when>
        </TimeStamp>
        <Style>
          <IconStyle>
            <heading>6</heading>
            <Icon>
              <href>http://maps.google.com/mapfiles/kml/shapes/airports.png</href>
            </Icon>
          </IconStyle>
        </Style>
        <Point>
          <altitudeMode>absolute</altitudeMode>
          <coordinates>-112.115425,33.483814,495.3</coordinates>
        </Point>
      </Placemark>
      <Placemark>
        <name>2025-08-26 10:14:56 UTC</name>
        <description><![CDATA[<div><div><span><b>Altitude:</b></span> <span>1,625 ft</span></div>
<div><span><b>Speed:</b></span> <span>79 kt</span></div>
<div><span><b>Heading:</b></span> <span>5&deg;</span></div>
</div>]]></description>
        <TimeStamp>
          <when>2025-08-26T10:14:56+00:00</when>
        </TimeStamp>
        <Style>
          <IconStyle>
            <heading>5</heading>
            <Icon>
              <href>http://maps.google.com/mapfiles/kml/shapes/airports.png</href>
            </Icon>
          </IconStyle>
        </Style>
        <Point>
          <altitudeMode>absolute</altitudeMode>
          <coordinates>-112.115364,33.484699,495.3</coordinates>
        </Point>
      </Placemark>
      <Placemark>
        <name>2025-08-26 10:14:59 UTC</name>
        <description><![CDATA[<div><div><span><b>Altitude:</b></span> <span>1,625 ft</span></div>
<div><span><b>Speed:</b></span> <span>77 kt</span></div>
<div><span><b>Heading:</b></span> <span>3&deg;</span></div>
</div>]]></description>
        <TimeStamp>
          <when>2025-08-26T10:14:59+00:00</when>
        </TimeStamp>
        <Style>
          <IconStyle>
            <heading>3</heading>
            <Icon>
              <href>http://maps.google.com/mapfiles/kml/shapes/airports.png</href>
            </Icon>
          </IconStyle>
        </Style>
        <Point>
          <altitudeMode>absolute</altitudeMode>
          <coordinates>-112.115257,33.485489,495.3</coordinates>
        </Point>
      </Placemark>
      <Placemark>
        <name>2025-08-26 10:15:01 UTC</name>
        <description><![CDATA[<div><div><span><b>Altitude:</b></span> <span>1,650 ft</span></div>
<div><span><b>Speed:</b></span> <span>73 kt</span></div>
<div><span><b>Heading:</b></span> <span>2&deg;</span></div>
</div>]]></description>
        <TimeStamp>
          <when>2025-08-26T10:15:01+00:00</when>
        </TimeStamp>
        <Style>
          <IconStyle>
            <heading>2</heading>
            <Icon>
              <href>http://maps.google.com/mapfiles/kml/shapes/airports.png</href>
            </Icon>
          </IconStyle>
        </Style>
        <Point>
          <altitudeMode>absolute</altitudeMode>
          <coordinates>-112.115257,33.486145,502.92</coordinates>
        </Point>
      </Placemark>
      <Placemark>
        <name>2025-08-26 10:15:03 UTC</name>
        <description><![CDATA[<div><div><span><b>Altitude:</b></span> <span>1,650 ft</span></div>
<div><span><b>Speed:</b></span> <span>70 kt</span></div>
<div><span><b>Heading:</b></span> <span>3&deg;</span></div>
</div>]]></description>
        <TimeStamp>
          <when>2025-08-26T10:15:03+00:00</when>
        </TimeStamp>
        <Style>
          <IconStyle>
            <heading>3</heading>
            <Icon>
              <href>http://maps.google.com/mapfiles/kml/shapes/airports.png</href>
            </Icon>
          </IconStyle>
        </Style>
        <Point>
          <altitudeMode>absolute</altitudeMode>
          <coordinates>-112.115196,33.48698,502.92</coordinates>
        </Point>
      </Placemark>
      <Placemark>
        <name>2025-08-26 10:15:05 UTC</name>
        <description><![CDATA[<div><div><span><b>Altitude:</b></span> <span>1,675 ft</span></div>
<div><span><b>Speed:</b></span> <span>67 kt</span></div>
<div><span><b>Heading:</b></span> <span>2&deg;</span></div>
</div>]]></description>
        <TimeStamp>
          <when>2025-08-26T10:15:05+00:00</when>
        </TimeStamp>
        <Style>
          <IconStyle>
            <heading>2</heading>
            <Icon>
              <href>http://maps.google.com/mapfiles/kml/shapes/airports.png</href>
            </Icon>
          </IconStyle>
        </Style>
        <Point>
          <altitudeMode>absolute</altitudeMode>
          <coordinates>-112.115143,33.48782,510.54</coordinates>
        </Point>
      </Placemark>
      <Placemark>
        <name>2025-08-26 10:15:08 UTC</name>
        <description><![CDATA[<div><div><span><b>Altitude:</b></span> <span>1,675 ft</span></div>
<div><span><b>Speed:</b></span> <span>64 kt</span></div>
<div><span><b>Heading:</b></span> <span>2&deg;</span></div>
</div>]]></description>
        <TimeStamp>
          <when>2025-08-26T10:15:08+00:00</when>
        </TimeStamp>
        <Style>
          <IconStyle>
            <heading>2</heading>
            <Icon>
              <href>http://maps.google.com/mapfiles/kml/shapes/airports.png</href>
            </Icon>
          </IconStyle>
        </Style>
        <Point>
          <altitudeMode>absolute</altitudeMode>
          <coordinates>-112.115089,33.488377,510.54</coordinates>
        </Point>
      </Placemark>
      <Placemark>
        <name>2025-08-26 10:15:10 UTC</name>
        <description><![CDATA[<div><div><span><b>Altitude:</b></span> <span>1,675 ft</span></div>
<div><span><b>Speed:</b></span> <span>63 kt</span></div>
<div><span><b>Heading:</b></span> <span>2&deg;</span></div>
</div>]]></description>
        <TimeStamp>
          <when>2025-08-26T10:15:10+00:00</when>
        </TimeStamp>
        <Style>
          <IconStyle>
            <heading>2</heading>
            <Icon>
              <href>http://maps.google.com/mapfiles/kml/shapes/airports.png</href>
            </Icon>
          </IconStyle>
        </Style>
        <Point>
          <altitudeMode>absolute</altitudeMode>
          <coordinates>-112.115036,33.489029,510.54</coordinates>
        </Point>
      </Placemark>
      <Placemark>
        <name>2025-08-26 10:15:12 UTC</name>
        <description><![CDATA[<div><div><span><b>Altitude:</b></span> <span>1,675 ft</span></div>
<div><span><b>Speed:</b></span> <span>61 kt</span></div>
<div><span><b>Heading:</b></span> <span>1&deg;</span></div>
</div>]]></description>
        <TimeStamp>
          <when>2025-08-26T10:15:12+00:00</when>
        </TimeStamp>
        <Style>
          <IconStyle>
            <heading>1</heading>
            <Icon>
              <href>http://maps.google.com/mapfiles/kml/shapes/airports.png</href>
            </Icon>
          </IconStyle>
        </Style>
        <Point>
          <altitudeMode>absolute</altitudeMode>
          <coordinates>-112.115036,33.489624,510.54</coordinates>
        </Point>
      </Placemark>
      <Placemark>
        <name>2025-08-26 10:15:14 UTC</name>
        <description><![CDATA[<div><div><span><b>Altitude:</b></span> <span>1,675 ft</span></div>
<div><span><b>Speed:</b></span> <span>59 kt</span></div>
<div><span><b>Heading:</b></span> <span>1&deg;</span></div>
</div>]]></description>
        <TimeStamp>
          <when>2025-08-26T10:15:14+00:00</when>
        </TimeStamp>
        <Style>
          <IconStyle>
            <heading>1</heading>
            <Icon>
              <href>http://maps.google.com/mapfiles/kml/shapes/airports.png</href>
            </Icon>
          </IconStyle>
        </Style>
        <Point>
          <altitudeMode>absolute</altitudeMode>
          <coordinates>-112.114983,33.490402,510.54</coordinates>
        </Point>
      </Placemark>
      <Placemark>
        <name>2025-08-26 10:15:17 UTC</name>
        <description><![CDATA[<div><div><span><b>Altitude:</b></span> <span>1,700 ft</span></div>
<div><span><b>Speed:</b></span> <span>57 kt</span></div>
<div><span><b>Heading:</b></span> <span>3&deg;</span></div>
</div>]]></description>
        <TimeStamp>
          <when>2025-08-26T10:15:17+00:00</when>
        </TimeStamp>
        <Style>
          <IconStyle>
            <heading>3</heading>
            <Icon>
              <href>http://maps.google.com/mapfiles/kml/shapes/airports.png</href>
            </Icon>
          </IconStyle>
        </Style>
        <Point>
          <altitudeMode>absolute</altitudeMode>
          <coordinates>-112.114975,33.491032,518.16</coordinates>
        </Point>
      </Placemark>
      <Placemark>
        <name>2025-08-26 10:15:19 UTC</name>
        <description><![CDATA[<div><div><span><b>Altitude:</b></span> <span>1,700 ft</span></div>
<div><span><b>Speed:</b></span> <span>55 kt</span></div>
<div><span><b>Heading:</b></span> <span>2&deg;</span></div>
</div>]]></description>
        <TimeStamp>
          <when>2025-08-26T10:15:19+00:00</when>
        </TimeStamp>
        <Style>
          <IconStyle>
            <heading>2</heading>
            <Icon>
              <href>http://maps.google.com/mapfiles/kml/shapes/airports.png</href>
            </Icon>
          </IconStyle>
        </Style>
        <Point>
          <altitudeMode>absolute</altitudeMode>
          <coordinates>-112.114922,33.491543,518.16</coordinates>
        </Point>
      </Placemark>
      <Placemark>
        <name>2025-08-26 10:15:21 UTC</name>
        <description><![CDATA[<div><div><span><b>Altitude:</b></span> <span>1,700 ft</span></div>
<div><span><b>Speed:</b></span> <span>55 kt</span></div>
<div><span><b>Heading:</b></span> <span>2&deg;</span></div>
</div>]]></description>
        <TimeStamp>
          <when>2025-08-26T10:15:21+00:00</when>
        </TimeStamp>
        <Style>
          <IconStyle>
            <heading>2</heading>
            <Icon>
              <href>http://maps.google.com/mapfiles/kml/shapes/airports.png</href>
            </Icon>
          </IconStyle>
        </Style>
        <Point>
          <altitudeMode>absolute</altitudeMode>
          <coordinates>-112.114922,33.492241,518.16</coordinates>
        </Point>
      </Placemark>
      <Placemark>
        <name>2025-08-26 10:15:28 UTC</name>
        <description><![CDATA[<div><div><span><b>Altitude:</b></span> <span>1,700 ft</span></div>
<div><span><b>Speed:</b></span> <span>58 kt</span></div>
<div><span><b>Heading:</b></span> <span>4&deg;</span></div>
</div>]]></description>
        <TimeStamp>
          <when>2025-08-26T10:15:28+00:00</when>
        </TimeStamp>
        <Style>
          <IconStyle>
            <heading>4</heading>
            <Icon>
              <href>http://maps.google.com/mapfiles/kml/shapes/airports.png</href>
            </Icon>
          </IconStyle>
        </Style>
        <Point>
          <altitudeMode>absolute</altitudeMode>
          <coordinates>-112.114761,33.49379,518.16</coordinates>
        </Point>
      </Placemark>
      <Placemark>
        <name>2025-08-26 10:15:32 UTC</name>
        <description><![CDATA[<div><div><span><b>Altitude:</b></span> <span>1,675 ft</span></div>
<div><span><b>Speed:</b></span> <span>61 kt</span></div>
<div><span><b>Heading:</b></span> <span>340&deg;</span></div>
</div>]]></description>
        <TimeStamp>
          <when>2025-08-26T10:15:32+00:00</when>
        </TimeStamp>
        <Style>
          <IconStyle>
            <heading>340</heading>
            <Icon>
              <href>http://maps.google.com/mapfiles/kml/shapes/airports.png</href>
            </Icon>
          </IconStyle>
        </Style>
        <Point>
          <altitudeMode>absolute</altitudeMode>
          <coordinates>-112.114876,33.495026,510.54</coordinates>
        </Point>
      </Placemark>
      <Placemark>
        <name>2025-08-26 10:15:34 UTC</name>
        <description><![CDATA[<div><div><span><b>Altitude:</b></span> <span>1,700 ft</span></div>
<div><span><b>Speed:</b></span> <span>64 kt</span></div>
<div><span><b>Heading:</b></span> <span>318&deg;</span></div>
</div>]]></description>
        <TimeStamp>
          <when>2025-08-26T10:15:34+00:00</when>
        </TimeStamp>
        <Style>
          <IconStyle>
            <heading>318</heading>
            <Icon>
              <href>http://maps.google.com/mapfiles/kml/shapes/airports.png</href>
            </Icon>
          </IconStyle>
        </Style>
        <Point>
          <altitudeMode>absolute</altitudeMode>
          <coordinates>-112.115372,33.495621,518.16</coordinates>
        </Point>
      </Placemark>
      <Placemark>
        <name>2025-08-26 10:15:36 UTC</name>
        <description><![CDATA[<div><div><span><b>Altitude:</b></span> <span>1,700 ft</span></div>
<div><span><b>Speed:</b></span> <span>68 kt</span></div>
<div><span><b>Heading:</b></span> <span>295&deg;</span></div>
</div>]]></description>
        <TimeStamp>
          <when>2025-08-26T10:15:36+00:00</when>
        </TimeStamp>
        <Style>
          <IconStyle>
            <heading>295</heading>
            <Icon>
              <href>http://maps.google.com/mapfiles/kml/shapes/airports.png</href>
            </Icon>
          </IconStyle>
        </Style>
        <Point>
          <altitudeMode>absolute</altitudeMode>
          <coordinates>-112.115929,33.495964,518.16</coordinates>
        </Point>
      </Placemark>
      <Placemark>
        <name>2025-08-26 10:15:39 UTC</name>
        <description><![CDATA[<div><div><span><b>Altitude:</b></span> <span>1,700 ft</span></div>
<div><span><b>Speed:</b></span> <span>71 kt</span></div>
<div><span><b>Heading:</b></span> <span>286&deg;</span></div>
</div>]]></description>
        <TimeStamp>
          <when>2025-08-26T10:15:39+00:00</when>
        </TimeStamp>
        <Style>
          <IconStyle>
            <heading>286</heading>
            <Icon>
              <href>http://maps.google.com/mapfiles/kml/shapes/airports.png</href>
            </Icon>
          </IconStyle>
        </Style>
        <Point>
          <altitudeMode>absolute</altitudeMode>
          <coordinates>-112.116798,33.496216,518.16</coordinates>
        </Point>
      </Placemark>
      <Placemark>
        <name>2025-08-26 10:15:41 UTC</name>
        <description><![CDATA[<div><div><span><b>Altitude:</b></span> <span>1,700 ft</span></div>
<div><span><b>Speed:</b></span> <span>74 kt</span></div>
<div><span><b>Heading:</b></span> <span>280&deg;</span></div>
</div>]]></description>
        <TimeStamp>
          <when>2025-08-26T10:15:41+00:00</when>
        </TimeStamp>
        <Style>
          <IconStyle>
            <heading>280</heading>
            <Icon>
              <href>http://maps.google.com/mapfiles/kml/shapes/airports.png</href>
            </Icon>
          </IconStyle>
        </Style>
        <Point>
          <altitudeMode>absolute</altitudeMode>
          <coordinates>-112.117607,33.496338,518.16</coordinates>
        </Point>
      </Placemark>
      <Placemark>
        <name>2025-08-26 10:15:43 UTC</name>
        <description><![CDATA[<div><div><span><b>Altitude:</b></span> <span>1,700 ft</span></div>
<div><span><b>Speed:</b></span> <span>74 kt</span></div>
<div><span><b>Heading:</b></span> <span>279&deg;</span></div>
</div>]]></description>
        <TimeStamp>
          <when>2025-08-26T10:15:43+00:00</when>
        </TimeStamp>
        <Style>
          <IconStyle>
            <heading>279</heading>
            <Icon>
              <href>http://maps.google.com/mapfiles/kml/shapes/airports.png</href>
            </Icon>
          </IconStyle>
        </Style>
        <Point>
          <altitudeMode>absolute</altitudeMode>
          <coordinates>-112.1185,33.49649,518.16</coordinates>
        </Point>
      </Placemark>
      <Placemark>
        <name>2025-08-26 10:15:45 UTC</name>
        <description><![CDATA[<div><div><span><b>Altitude:</b></span> <span>1,700 ft</span></div>
<div><span><b>Speed:</b></span> <span>73 kt</span></div>
<div><span><b>Heading:</b></span> <span>277&deg;</span></div>
</div>]]></description>
        <TimeStamp>
          <when>2025-08-26T10:15:45+00:00</when>
        </TimeStamp>
        <Style>
          <IconStyle>
            <heading>277</heading>
            <Icon>
              <href>http://maps.google.com/mapfiles/kml/shapes/airports.png</href>
            </Icon>
          </IconStyle>
        </Style>
        <Point>
          <altitudeMode>absolute</altitudeMode>
          <coordinates>-112.119347,33.496571,518.16</coordinates>
        </Point>
      </Placemark>
      <Placemark>
        <name>2025-08-26 10:15:47 UTC</name>
        <description><![CDATA[<div><div><span><b>Altitude:</b></span> <span>1,725 ft</span></div>
<div><span><b>Speed:</b></span> <span>72 kt</span></div>
<div><span><b>Heading:</b></span> <span>277&deg;</span></div>
</div>]]></description>
        <TimeStamp>
          <when>2025-08-26T10:15:47+00:00</when>
        </TimeStamp>
        <Style>
          <IconStyle>
            <heading>277</heading>
            <Icon>
              <href>http://maps.google.com/mapfiles/kml/shapes/airports.png</href>
            </Icon>
          </IconStyle>
        </Style>
        <Point>
          <altitudeMode>absolute</altitudeMode>
          <coordinates>-112.120071,33.496662,525.78</coordinates>
        </Point>
      </Placemark>
      <Placemark>
        <name>2025-08-26 10:15:49 UTC</name>
        <description><![CDATA[<div><div><span><b>Altitude:</b></span> <span>1,725 ft</span></div>
<div><span><b>Speed:</b></span> <span>71 kt</span></div>
<div><span><b>Heading:</b></span> <span>275&deg;</span></div>
</div>]]></description>
        <TimeStamp>
          <when>2025-08-26T10:15:49+00:00</when>
        </TimeStamp>
        <Style>
          <IconStyle>
            <heading>275</heading>
            <Icon>
              <href>http://maps.google.com/mapfiles/kml/shapes/airports.png</href>
            </Icon>
          </IconStyle>
        </Style>
        <Point>
          <altitudeMode>absolute</altitudeMode>
          <coordinates>-112.121025,33.496765,525.78</coordinates>
        </Point>
      </Placemark>
      <Placemark>
        <name>2025-08-26 10:15:51 UTC</name>
        <description><![CDATA[<div><div><span><b>Altitude:</b></span> <span>1,725 ft</span></div>
<div><span><b>Speed:</b></span> <span>70 kt</span></div>
<div><span><b>Heading:</b></span> <span>274&deg;</span></div>
</div>]]></description>
        <TimeStamp>
          <when>2025-08-26T10:15:51+00:00</when>
        </TimeStamp>
        <Style>
          <IconStyle>
            <heading>274</heading>
            <Icon>
              <href>http://maps.google.com/mapfiles/kml/shapes/airports.png</href>
            </Icon>
          </IconStyle>
        </Style>
        <Point>
          <altitudeMode>absolute</altitudeMode>
          <coordinates>-112.121925,33.496803,525.78</coordinates>
        </Point>
      </Placemark>
      <Placemark>
        <name>2025-08-26 10:15:54 UTC</name>
        <description><![CDATA[<div><div><span><b>Altitude:</b></span> <span>1,725 ft</span></div>
<div><span><b>Speed:</b></span> <span>70 kt</span></div>
<div><span><b>Heading:</b></span> <span>272&deg;</span></div>
</div>]]></description>
        <TimeStamp>
          <when>2025-08-26T10:15:54+00:00</when>
        </TimeStamp>
        <Style>
          <IconStyle>
            <heading>272</heading>
            <Icon>
              <href>http://maps.google.com/mapfiles/kml/shapes/airports.png</href>
            </Icon>
          </IconStyle>
        </Style>
        <Point>
          <altitudeMode>absolute</altitudeMode>
          <coordinates>-112.122543,33.496849,525.78</coordinates>
        </Point>
      </Placemark>
      <Placemark>
        <name>2025-08-26 10:15:56 UTC</name>
        <description><![CDATA[<div><div><span><b>Altitude:</b></span> <span>1,725 ft</span></div>
<div><span><b>Speed:</b></span> <span>69 kt</span></div>
<div><span><b>Heading:</b></span> <span>271&deg;</span></div>
</div>]]></description>
        <TimeStamp>
          <when>2025-08-26T10:15:56+00:00</when>
        </TimeStamp>
        <Style>
          <IconStyle>
            <heading>271</heading>
            <Icon>
              <href>http://maps.google.com/mapfiles/kml/shapes/airports.png</href>
            </Icon>
          </IconStyle>
        </Style>
        <Point>
          <altitudeMode>absolute</altitudeMode>
          <coordinates>-112.123497,33.496857,525.78</coordinates>
        </Point>
      </Placemark>
      <Placemark>
        <name>2025-08-26 10:15:58 UTC</name>
        <description><![CDATA[<div><div><span><b>Altitude:</b></span> <span>1,725 ft</span></div>
<div><span><b>Speed:</b></span> <span>69 kt</span></div>
<div><span><b>Heading:</b></span> <span>270&deg;</span></div>
</div>]]></description>
        <TimeStamp>
          <when>2025-08-26T10:15:58+00:00</when>
        </TimeStamp>
        <Style>
          <IconStyle>
            <heading>270</heading>
            <Icon>
              <href>http://maps.google.com/mapfiles/kml/shapes/airports.png</href>
            </Icon>
          </IconStyle>
        </Style>
        <Point>
          <altitudeMode>absolute</altitudeMode>
          <coordinates>-112.124268,33.496902,525.78</coordinates>
        </Point>
      </Placemark>
      <Placemark>
        <name>2025-08-26 10:16:00 UTC</name>
        <description><![CDATA[<div><div><span><b>Altitude:</b></span> <span>1,725 ft</span></div>
<div><span><b>Speed:</b></span> <span>69 kt</span></div>
<div><span><b>Heading:</b></span> <span>270&deg;</span></div>
</div>]]></description>
        <TimeStamp>
          <when>2025-08-26T10:16:00+00:00</when>
        </TimeStamp>
        <Style>
          <IconStyle>
            <heading>270</heading>
            <Icon>
              <href>http://maps.google.com/mapfiles/kml/shapes/airports.png</href>
            </Icon>
          </IconStyle>
        </Style>
        <Point>
          <altitudeMode>absolute</altitudeMode>
          <coordinates>-112.125259,33.496902,525.78</coordinates>
        </Point>
      </Placemark>
      <Placemark>
        <name>2025-08-26 10:16:02 UTC</name>
        <description><![CDATA[<div><div><span><b>Altitude:</b></span> <span>1,725 ft</span></div>
<div><span><b>Speed:</b></span> <span>69 kt</span></div>
<div><span><b>Heading:</b></span> <span>270&deg;</span></div>
</div>]]></description>
        <TimeStamp>
          <when>2025-08-26T10:16:02+00:00</when>
        </TimeStamp>
        <Style>
          <IconStyle>
            <heading>270</heading>
            <Icon>
              <href>http://maps.google.com/mapfiles/kml/shapes/airports.png</href>
            </Icon>
          </IconStyle>
        </Style>
        <Point>
          <altitudeMode>absolute</altitudeMode>
          <coordinates>-112.126022,33.496902,525.78</coordinates>
        </Point>
      </Placemark>
      <Placemark>
        <name>2025-08-26 10:16:04 UTC</name>
        <description><![CDATA[<div><div><span><b>Altitude:</b></span> <span>1,700 ft</span></div>
<div><span><b>Speed:</b></span> <span>70 kt</span></div>
<div><span><b>Heading:</b></span> <span>270&deg;</span></div>
</div>]]></description>
        <TimeStamp>
          <when>2025-08-26T10:16:04+00:00</when>
        </TimeStamp>
        <Style>
          <IconStyle>
            <heading>270</heading>
            <Icon>
              <href>http://maps.google.com/mapfiles/kml/shapes/airports.png</href>
            </Icon>
          </IconStyle>
        </Style>
        <Point>
          <altitudeMode>absolute</altitudeMode>
          <coordinates>-112.126793,33.496902,518.16</coordinates>
        </Point>
      </Placemark>
      <Placemark>
        <name>2025-08-26 10:16:06 UTC</name>
        <description><![CDATA[<div><div><span><b>Altitude:</b></span> <span>1,700 ft</span></div>
<div><span><b>Speed:</b></span> <span>70 kt</span></div>
<div><span><b>Heading:</b></span> <span>270&deg;</span></div>
</div>]]></description>
        <TimeStamp>
          <when>2025-08-26T10:16:06+00:00</when>
        </TimeStamp>
        <Style>
          <IconStyle>
            <heading>270</heading>
            <Icon>
              <href>http://maps.google.com/mapfiles/kml/shapes/airports.png</href>
            </Icon>
          </IconStyle>
        </Style>
        <Point>
          <altitudeMode>absolute</altitudeMode>
          <coordinates>-112.12767,33.496902,518.16</coordinates>
        </Point>
      </Placemark>
      <Placemark>
        <name>2025-08-26 10:16:09 UTC</name>
        <description><![CDATA[<div><div><span><b>Altitude:</b></span> <span>1,700 ft</span></div>
<div><span><b>Speed:</b></span> <span>70 kt</span></div>
<div><span><b>Heading:</b></span> <span>270&deg;</span></div>
</div>]]></description>
        <TimeStamp>
          <when>2025-08-26T10:16:09+00:00</when>
        </TimeStamp>
        <Style>
          <IconStyle>
            <heading>270</heading>
            <Icon>
              <href>http://maps.google.com/mapfiles/kml/shapes/airports.png</href>
            </Icon>
          </IconStyle>
        </Style>
        <Point>
          <altitudeMode>absolute</altitudeMode>
          <coordinates>-112.128334,33.496902,518.16</coordinates>
        </Point>
      </Placemark>
      <Placemark>
        <name>2025-08-26 10:16:11 UTC</name>
        <description><![CDATA[<div><div><span><b>Altitude:</b></span> <span>1,700 ft</span></div>
<div><span><b>Speed:</b></span> <span>68 kt</span></div>
<div><span><b>Heading:</b></span> <span>261&deg;</span></div>
</div>]]></description>
        <TimeStamp>
          <when>2025-08-26T10:16:11+00:00</when>
        </TimeStamp>
        <Style>
          <IconStyle>
            <heading>261</heading>
            <Icon>
              <href>http://maps.google.com/mapfiles/kml/shapes/airports.png</href>
            </Icon>
          </IconStyle>
        </Style>
        <Point>
          <altitudeMode>absolute</altitudeMode>
          <coordinates>-112.129265,33.496895,518.16</coordinates>
        </Point>
      </Placemark>
      <Placemark>
        <name>2025-08-26 10:16:13 UTC</name>
        <description><![CDATA[<div><div><span><b>Altitude:</b></span> <span>1,700 ft</span></div>
<div><span><b>Speed:</b></span> <span>65 kt</span></div>
<div><span><b>Heading:</b></span> <span>232&deg;</span></div>
</div>]]></description>
        <TimeStamp>
          <when>2025-08-26T10:16:13+00:00</when>
        </TimeStamp>
        <Style>
          <IconStyle>
            <heading>232</heading>
            <Icon>
              <href>http://maps.google.com/mapfiles/kml/shapes/airports.png</href>
            </Icon>
          </IconStyle>
        </Style>
        <Point>
          <altitudeMode>absolute</altitudeMode>
          <coordinates>-112.130142,33.496582,518.16</coordinates>
        </Point>
      </Placemark>
      <Placemark>
        <name>2025-08-26 10:16:15 UTC</name>
        <description><![CDATA[<div><div><span><b>Altitude:</b></span> <span>1,700 ft</span></div>
<div><span><b>Speed:</b></span> <span>65 kt</span></div>
<div><span><b>Heading:</b></span> <span>200&deg;</span></div>
</div>]]></description>
        <TimeStamp>
          <when>2025-08-26T10:16:15+00:00</when>
        </TimeStamp>
        <Style>
          <IconStyle>
            <heading>200</heading>
            <Icon>
              <href>http://maps.google.com/mapfiles/kml/shapes/airports.png</href>
            </Icon>
          </IconStyle>
        </Style>
        <Point>
          <altitudeMode>absolute</altitudeMode>
          <coordinates>-112.130501,33.496105,518.16</coordinates>
        </Point>
      </Placemark>
      <Placemark>
        <name>2025-08-26 10:16:17 UTC</name>
        <description><![CDATA[<div><div><span><b>Altitude:</b></span> <span>1,675 ft</span></div>
<div><span><b>Speed:</b></span> <span>65 kt</span></div>
<div><span><b>Heading:</b></span> <span>157&deg;</span></div>
</div>]]></description>
        <TimeStamp>
          <when>2025-08-26T10:16:17+00:00</when>
        </TimeStamp>
        <Style>
          <IconStyle>
            <heading>157</heading>
            <Icon>
              <href>http://maps.google.com/mapfiles/kml/shapes/airports.png</href>
            </Icon>
          </IconStyle>
        </Style>
        <Point>
          <altitudeMode>absolute</altitudeMode>
          <coordinates>-112.130417,33.495438,510.54</coordinates>
        </Point>
      </Placemark>
      <Placemark>
        <name>2025-08-26 10:16:20 UTC</name>
        <description><![CDATA[<div><div><span><b>Altitude:</b></span> <span>1,675 ft</span></div>
<div><span><b>Speed:</b></span> <span>64 kt</span></div>
<div><span><b>Heading:</b></span> <span>117&deg;</span></div>
</div>]]></description>
        <TimeStamp>
          <when>2025-08-26T10:16:20+00:00</when>
        </TimeStamp>
        <Style>
          <IconStyle>
            <heading>117</heading>
            <Icon>
              <href>http://maps.google.com/mapfiles/kml/shapes/airports.png</href>
            </Icon>
          </IconStyle>
        </Style>
        <Point>
          <altitudeMode>absolute</altitudeMode>
          <coordinates>-112.129814,33.49498,510.54</coordinates>
        </Point>
      </Placemark>
      <Placemark>
        <name>2025-08-26 10:16:22 UTC</name>
        <description><![CDATA[<div><div><span><b>Altitude:</b></span> <span>1,650 ft</span></div>
<div><span><b>Speed:</b></span> <span>68 kt</span></div>
<div><span><b>Heading:</b></span> <span>88&deg;</span></div>
</div>]]></description>
        <TimeStamp>
          <when>2025-08-26T10:16:22+00:00</when>
        </TimeStamp>
        <Style>
          <IconStyle>
            <heading>88</heading>
            <Icon>
              <href>http://maps.google.com/mapfiles/kml/shapes/airports.png</href>
            </Icon>
          </IconStyle>
        </Style>
        <Point>
          <altitudeMode>absolute</altitudeMode>
          <coordinates>-112.129105,33.49498,502.92</coordinates>
        </Point>
      </Placemark>
      <Placemark>
        <name>2025-08-26 10:16:24 UTC</name>
        <description><![CDATA[<div><div><span><b>Altitude:</b></span> <span>1,625 ft</span></div>
<div><span><b>Speed:</b></span> <span>74 kt</span></div>
<div><span><b>Heading:</b></span> <span>52&deg;</span></div>
</div>]]></description>
        <TimeStamp>
          <when>2025-08-26T10:16:24+00:00</when>
        </TimeStamp>
        <Style>
          <IconStyle>
            <heading>52</heading>
            <Icon>
              <href>http://maps.google.com/mapfiles/kml/shapes/airports.png</href>
            </Icon>
          </IconStyle>
        </Style>
        <Point>
          <altitudeMode>absolute</altitudeMode>
          <coordinates>-112.128494,33.495163,495.3</coordinates>
        </Point>
      </Placemark>
      <Placemark>
        <name>2025-08-26 10:16:26 UTC</name>
        <description><![CDATA[<div><div><span><b>Altitude:</b></span> <span>1,625 ft</span></div>
<div><span><b>Speed:</b></span> <span>75 kt</span></div>
<div><span><b>Heading:</b></span> <span>18&deg;</span></div>
</div>]]></description>
        <TimeStamp>
          <when>2025-08-26T10:16:26+00:00</when>
        </TimeStamp>
        <Style>
          <IconStyle>
            <heading>18</heading>
            <Icon>
              <href>http://maps.google.com/mapfiles/kml/shapes/airports.png</href>
            </Icon>
          </IconStyle>
        </Style>
        <Point>
          <altitudeMode>absolute</altitudeMode>
          <coordinates>-112.127892,33.49585,495.3</coordinates>
        </Point>
      </Placemark>
      <Placemark>
        <name>2025-08-26 10:16:28 UTC</name>
        <description><![CDATA[<div><div><span><b>Altitude:</b></span> <span>1,625 ft</span></div>
<div><span><b>Speed:</b></span> <span>77 kt</span></div>
<div><span><b>Heading:</b></span> <span>358&deg;</span></div>
</div>]]></description>
        <TimeStamp>
          <when>2025-08-26T10:16:28+00:00</when>
        </TimeStamp>
        <Style>
          <IconStyle>
            <heading>358</heading>
            <Icon>
              <href>http://maps.google.com/mapfiles/kml/shapes/airports.png</href>
            </Icon>
          </IconStyle>
        </Style>
        <Point>
          <altitudeMode>absolute</altitudeMode>
          <coordinates>-112.127838,33.496582,495.3</coordinates>
        </Point>
      </Placemark>
      <Placemark>
        <name>2025-08-26 10:16:30 UTC</name>
        <description><![CDATA[<div><div><span><b>Altitude:</b></span> <span>1,625 ft</span></div>
<div><span><b>Speed:</b></span> <span>77 kt</span></div>
<div><span><b>Heading:</b></span> <span>325&deg;</span></div>
</div>]]></description>
        <TimeStamp>
          <when>2025-08-26T10:16:30+00:00</when>
        </TimeStamp>
        <Style>
          <IconStyle>
            <heading>325</heading>
            <Icon>
              <href>http://maps.google.com/mapfiles/kml/shapes/airports.png</href>
            </Icon>
          </IconStyle>
        </Style>
        <Point>
          <altitudeMode>absolute</altitudeMode>
          <coordinates>-112.12822,33.49736,495.3</coordinates>
        </Point>
      </Placemark>
      <Placemark>
        <name>2025-08-26 10:16:33 UTC</name>
        <description><![CDATA[<div><div><span><b>Altitude:</b></span> <span>1,650 ft</span></div>
<div><span><b>Speed:</b></span> <span>75 kt</span></div>
<div><span><b>Heading:</b></span> <span>299&deg;</span></div>
</div>]]></description>
        <TimeStamp>
          <when>2025-08-26T10:16:33+00:00</when>
        </TimeStamp>
        <Style>
          <IconStyle>
            <heading>299</heading>
            <Icon>
              <href>http://maps.google.com/mapfiles/kml/shapes/airports.png</href>
            </Icon>
          </IconStyle>
        </Style>
        <Point>
          <altitudeMode>absolute</altitudeMode>
          <coordinates>-112.128929,33.497921,502.92</coordinates>
        </Point>
      </Placemark>
      <Placemark>
        <name>2025-08-26 10:16:35 UTC</name>
        <description><![CDATA[<div><div><span><b>Altitude:</b></span> <span>1,650 ft</span></div>
<div><span><b>Speed:</b></span> <span>72 kt</span></div>
<div><span><b>Heading:</b></span> <span>267&deg;</span></div>
</div>]]></description>
        <TimeStamp>
          <when>2025-08-26T10:16:35+00:00</when>
        </TimeStamp>
        <Style>
          <IconStyle>
            <heading>267</heading>
            <Icon>
              <href>http://maps.google.com/mapfiles/kml/shapes/airports.png</href>
            </Icon>
          </IconStyle>
        </Style>
        <Point>
          <altitudeMode>absolute</altitudeMode>
          <coordinates>-112.129868,33.498138,502.92</coordinates>
        </Point>
      </Placemark>
      <Placemark>
        <name>2025-08-26 10:16:37 UTC</name>
        <description><![CDATA[<div><div><span><b>Altitude:</b></span> <span>1,675 ft</span></div>
<div><span><b>Speed:</b></span> <span>62 kt</span></div>
<div><span><b>Heading:</b></span> <span>226&deg;</span></div>
</div>]]></description>
        <TimeStamp>
          <when>2025-08-26T10:16:37+00:00</when>
        </TimeStamp>
        <Style>
          <IconStyle>
            <heading>226</heading>
            <Icon>
              <href>http://maps.google.com/mapfiles/kml/shapes/airports.png</href>
            </Icon>
          </IconStyle>
        </Style>
        <Point>
          <altitudeMode>absolute</altitudeMode>
          <coordinates>-112.130638,33.497864,510.54</coordinates>
        </Point>
      </Placemark>
      <Placemark>
        <name>2025-08-26 10:16:40 UTC</name>
        <description><![CDATA[<div><div><span><b>Altitude:</b></span> <span>1,675 ft</span></div>
<div><span><b>Speed:</b></span> <span>57 kt</span></div>
<div><span><b>Heading:</b></span> <span>180&deg;</span></div>
</div>]]></description>
        <TimeStamp>
          <when>2025-08-26T10:16:40+00:00</when>
        </TimeStamp>
        <Style>
          <IconStyle>
            <heading>180</heading>
            <Icon>
              <href>http://maps.google.com/mapfiles/kml/shapes/airports.png</href>
            </Icon>
          </IconStyle>
        </Style>
        <Point>
          <altitudeMode>absolute</altitudeMode>
          <coordinates>-112.130806,33.497406,510.54</coordinates>
        </Point>
      </Placemark>
      <Placemark>
        <name>2025-08-26 10:16:42 UTC</name>
        <description><![CDATA[<div><div><span><b>Altitude:</b></span> <span>1,650 ft</span></div>
<div><span><b>Speed:</b></span> <span>57 kt</span></div>
<div><span><b>Heading:</b></span> <span>130&deg;</span></div>
</div>]]></description>
        <TimeStamp>
          <when>2025-08-26T10:16:42+00:00</when>
        </TimeStamp>
        <Style>
          <IconStyle>
            <heading>130</heading>
            <Icon>
              <href>http://maps.google.com/mapfiles/kml/shapes/airports.png</href>
            </Icon>
          </IconStyle>
        </Style>
        <Point>
          <altitudeMode>absolute</altitudeMode>
          <coordinates>-112.130531,33.496902,502.92</coordinates>
        </Point>
      </Placemark>
      <Placemark>
        <name>2025-08-26 10:16:44 UTC</name>
        <description><![CDATA[<div><div><span><b>Altitude:</b></span> <span>1,625 ft</span></div>
<div><span><b>Speed:</b></span> <span>63 kt</span></div>
<div><span><b>Heading:</b></span> <span>90&deg;</span></div>
</div>]]></description>
        <TimeStamp>
          <when>2025-08-26T10:16:44+00:00</when>
        </TimeStamp>
        <Style>
          <IconStyle>
            <heading>90</heading>
            <Icon>
              <href>http://maps.google.com/mapfiles/kml/shapes/airports.png</href>
            </Icon>
          </IconStyle>
        </Style>
        <Point>
          <altitudeMode>absolute</altitudeMode>
          <coordinates>-112.129761,33.496719,495.3</coordinates>
        </Point>
      </Placemark>
      <Placemark>
        <name>2025-08-26 10:16:46 UTC</name>
        <description><![CDATA[<div><div><span><b>Altitude:</b></span> <span>1,625 ft</span></div>
<div><span><b>Speed:</b></span> <span>66 kt</span></div>
<div><span><b>Heading:</b></span> <span>54&deg;</span></div>
</div>]]></description>
        <TimeStamp>
          <when>2025-08-26T10:16:46+00:00</when>
        </TimeStamp>
        <Style>
          <IconStyle>
            <heading>54</heading>
            <Icon>
              <href>http://maps.google.com/mapfiles/kml/shapes/airports.png</href>
            </Icon>
          </IconStyle>
        </Style>
        <Point>
          <altitudeMode>absolute</altitudeMode>
          <coordinates>-112.128937,33.496994,495.3</coordinates>
        </Point>
      </Placemark>
      <Placemark>
        <name>2025-08-26 10:16:48 UTC</name>
        <description><![CDATA[<div><div><span><b>Altitude:</b></span> <span>1,625 ft</span></div>
<div><span><b>Speed:</b></span> <span>65 kt</span></div>
<div><span><b>Heading:</b></span> <span>25&deg;</span></div>
</div>]]></description>
        <TimeStamp>
          <when>2025-08-26T10:16:48+00:00</when>
        </TimeStamp>
        <Style>
          <IconStyle>
            <heading>25</heading>
            <Icon>
              <href>http://maps.google.com/mapfiles/kml/shapes/airports.png</href>
            </Icon>
          </IconStyle>
        </Style>
        <Point>
          <altitudeMode>absolute</altitudeMode>
          <coordinates>-112.128441,33.497452,495.3</coordinates>
        </Point>
      </Placemark>
      <Placemark>
        <name>2025-08-26 10:16:51 UTC</name>
        <description><![CDATA[<div><div><span><b>Altitude:</b></span> <span>1,650 ft</span></div>
<div><span><b>Speed:</b></span> <span>62 kt</span></div>
<div><span><b>Heading:</b></span> <span>338&deg;</span></div>
</div>]]></description>
        <TimeStamp>
          <when>2025-08-26T10:16:51+00:00</when>
        </TimeStamp>
        <Style>
          <IconStyle>
            <heading>338</heading>
            <Icon>
              <href>http://maps.google.com/mapfiles/kml/shapes/airports.png</href>
            </Icon>
          </IconStyle>
        </Style>
        <Point>
          <altitudeMode>absolute</altitudeMode>
          <coordinates>-112.128334,33.49823,502.92</coordinates>
        </Point>
      </Placemark>
      <Placemark>
        <name>2025-08-26 10:16:53 UTC</name>
        <description><![CDATA[<div><div><span><b>Altitude:</b></span> <span>1,650 ft</span></div>
<div><span><b>Speed:</b></span> <span>60 kt</span></div>
<div><span><b>Heading:</b></span> <span>302&deg;</span></div>
</div>]]></description>
        <TimeStamp>
          <when>2025-08-26T10:16:53+00:00</when>
        </TimeStamp>
        <Style>
          <IconStyle>
            <heading>302</heading>
            <Icon>
              <href>http://maps.google.com/mapfiles/kml/shapes/airports.png</href>
            </Icon>
          </IconStyle>
        </Style>
        <Point>
          <altitudeMode>absolute</altitudeMode>
          <coordinates>-112.128876,33.498806,502.92</coordinates>
        </Point>
      </Placemark>
      <Placemark>
        <name>2025-08-26 10:16:56 UTC</name>
        <description><![CDATA[<div><div><span><b>Altitude:</b></span> <span>1,650 ft</span></div>
<div><span><b>Speed:</b></span> <span>57 kt</span></div>
<div><span><b>Heading:</b></span> <span>257&deg;</span></div>
</div>]]></description>
        <TimeStamp>
          <when>2025-08-26T10:16:56+00:00</when>
        </TimeStamp>
        <Style>
          <IconStyle>
            <heading>257</heading>
            <Icon>
              <href>http://maps.google.com/mapfiles/kml/shapes/airports.png</href>
            </Icon>
          </IconStyle>
        </Style>
        <Point>
          <altitudeMode>absolute</altitudeMode>
          <coordinates>-112.129539,33.498825,502.92</coordinates>
        </Point>
      </Placemark>
      <Placemark>
        <name>2025-08-26 10:16:58 UTC</name>
        <description><![CDATA[<div><div><span><b>Altitude:</b></span> <span>1,650 ft</span></div>
<div><span><b>Speed:</b></span> <span>58 kt</span></div>
<div><span><b>Heading:</b></span> <span>203&deg;</span></div>
</div>]]></description>
        <TimeStamp>
          <when>2025-08-26T10:16:58+00:00</when>
        </TimeStamp>
        <Style>
          <IconStyle>
            <heading>203</heading>
            <Icon>
              <href>http://maps.google.com/mapfiles/kml/shapes/airports.png</href>
            </Icon>
          </IconStyle>
        </Style>
        <Point>
          <altitudeMode>absolute</altitudeMode>
          <coordinates>-112.130051,33.498337,502.92</coordinates>
        </Point>
      </Placemark>
      <Placemark>
        <name>2025-08-26 10:17:00 UTC</name>
        <description><![CDATA[<div><div><span><b>Altitude:</b></span> <span>1,625 ft</span></div>
<div><span><b>Speed:</b></span> <span>65 kt</span></div>
<div><span><b>Heading:</b></span> <span>175&deg;</span></div>
</div>]]></description>
        <TimeStamp>
          <when>2025-08-26T10:17:00+00:00</when>
        </TimeStamp>
        <Style>
          <IconStyle>
            <heading>175</heading>
            <Icon>
              <href>http://maps.google.com/mapfiles/kml/shapes/airports.png</href>
            </Icon>
          </IconStyle>
        </Style>
        <Point>
          <altitudeMode>absolute</altitudeMode>
          <coordinates>-112.130112,33.497734,495.3</coordinates>
        </Point>
      </Placemark>
      <Placemark>
        <name>2025-08-26 10:17:02 UTC</name>
        <description><![CDATA[<div><div><span><b>Altitude:</b></span> <span>1,600 ft</span></div>
<div><span><b>Speed:</b></span> <span>69 kt</span></div>
<div><span><b>Heading:</b></span> <span>153&deg;</span></div>
</div>]]></description>
        <TimeStamp>
          <when>2025-08-26T10:17:02+00:00</when>
        </TimeStamp>
        <Style>
          <IconStyle>
            <heading>153</heading>
            <Icon>
              <href>http://maps.google.com/mapfiles/kml/shapes/airports.png</href>
            </Icon>
          </IconStyle>
        </Style>
        <Point>
          <altitudeMode>absolute</altitudeMode>
          <coordinates>-112.129829,33.497082,487.68</coordinates>
        </Point>
      </Placemark>
      <Placemark>
        <name>2025-08-26 10:17:05 UTC</name>
        <description><![CDATA[<div><div><span><b>Altitude:</b></span> <span>1,600 ft</span></div>
<div><span><b>Speed:</b></span> <span>68 kt</span></div>
<div><span><b>Heading:</b></span> <span>126&deg;</span></div>
</div>]]></description>
        <TimeStamp>
          <when>2025-08-26T10:17:05+00:00</when>
        </TimeStamp>
        <Style>
          <IconStyle>
            <heading>126</heading>
            <Icon>
              <href>http://maps.google.com/mapfiles/kml/shapes/airports.png</href>
            </Icon>
          </IconStyle>
        </Style>
        <Point>
          <altitudeMode>absolute</altitudeMode>
          <coordinates>-112.129326,33.496525,487.68</coordinates>
        </Point>
      </Placemark>
      <Placemark>
        <name>2025-08-26 10:17:07 UTC</name>
        <description><![CDATA[<div><div><span><b>Altitude:</b></span> <span>1,625 ft</span></div>
<div><span><b>Speed:</b></span> <span>63 kt</span></div>
<div><span><b>Heading:</b></span> <span>96&deg;</span></div>
</div>]]></description>
        <TimeStamp>
          <when>2025-08-26T10:17:07+00:00</when>
        </TimeStamp>
        <Style>
          <IconStyle>
            <heading>96</heading>
            <Icon>
              <href>http://maps.google.com/mapfiles/kml/shapes/airports.png</href>
            </Icon>
          </IconStyle>
        </Style>
        <Point>
          <altitudeMode>absolute</altitudeMode>
          <coordinates>-112.128609,33.496262,495.3</coordinates>
        </Point>
      </Placemark>
      <Placemark>
        <name>2025-08-26 10:17:09 UTC</name>
        <description><![CDATA[<div><div><span><b>Altitude:</b></span> <span>1,650 ft</span></div>
<div><span><b>Speed:</b></span> <span>55 kt</span></div>
<div><span><b>Heading:</b></span> <span>50&deg;</span></div>
</div>]]></description>
        <TimeStamp>
          <when>2025-08-26T10:17:09+00:00</when>
        </TimeStamp>
        <Style>
          <IconStyle>
            <heading>50</heading>
            <Icon>
              <href>http://maps.google.com/mapfiles/kml/shapes/airports.png</href>
            </Icon>
          </IconStyle>
        </Style>
        <Point>
          <altitudeMode>absolute</altitudeMode>
          <coordinates>-112.127892,33.496445,502.92</coordinates>
        </Point>
      </Placemark>
      <Placemark>
        <name>2025-08-26 10:17:11 UTC</name>
        <description><![CDATA[<div><div><span><b>Altitude:</b></span> <span>1,675 ft</span></div>
<div><span><b>Speed:</b></span> <span>54 kt</span></div>
<div><span><b>Heading:</b></span> <span>343&deg;</span></div>
</div>]]></description>
        <TimeStamp>
          <when>2025-08-26T10:17:11+00:00</when>
        </TimeStamp>
        <Style>
          <IconStyle>
            <heading>343</heading>
            <Icon>
              <href>http://maps.google.com/mapfiles/kml/shapes/airports.png</href>
            </Icon>
          </IconStyle>
        </Style>
        <Point>
          <altitudeMode>absolute</altitudeMode>
          <coordinates>-112.127731,33.49704,510.54</coordinates>
        </Point>
      </Placemark>
      <Placemark>
        <name>2025-08-26 10:17:14 UTC</name>
        <description><![CDATA[<div><div><span><b>Altitude:</b></span> <span>1,650 ft</span></div>
<div><span><b>Speed:</b></span> <span>62 kt</span></div>
<div><span><b>Heading:</b></span> <span>299&deg;</span></div>
</div>]]></description>
        <TimeStamp>
          <when>2025-08-26T10:17:14+00:00</when>
        </TimeStamp>
        <Style>
          <IconStyle>
            <heading>299</heading>
            <Icon>
              <href>http://maps.google.com/mapfiles/kml/shapes/airports.png</href>
            </Icon>
          </IconStyle>
        </Style>
        <Point>
          <altitudeMode>absolute</altitudeMode>
          <coordinates>-112.128311,33.497501,502.92</coordinates>
        </Point>
      </Placemark>
      <Placemark>
        <name>2025-08-26 10:17:16 UTC</name>
        <description><![CDATA[<div><div><span><b>Altitude:</b></span> <span>1,625 ft</span></div>
<div><span><b>Speed:</b></span> <span>65 kt</span></div>
<div><span><b>Heading:</b></span> <span>270&deg;</span></div>
</div>]]></description>
        <TimeStamp>
          <when>2025-08-26T10:17:16+00:00</when>
        </TimeStamp>
        <Style>
          <IconStyle>
            <heading>270</heading>
            <Icon>
              <href>http://maps.google.com/mapfiles/kml/shapes/airports.png</href>
            </Icon>
          </IconStyle>
        </Style>
        <Point>
          <altitudeMode>absolute</altitudeMode>
          <coordinates>-112.129097,33.497593,495.3</coordinates>
        </Point>
      </Placemark>
      <Placemark>
        <name>2025-08-26 10:17:18 UTC</name>
        <description><![CDATA[<div><div><span><b>Altitude:</b></span> <span>1,625 ft</span></div>
<div><span><b>Speed:</b></span> <span>67 kt</span></div>
<div><span><b>Heading:</b></span> <span>229&deg;</span></div>
</div>]]></description>
        <TimeStamp>
          <when>2025-08-26T10:17:18+00:00</when>
        </TimeStamp>
        <Style>
          <IconStyle>
            <heading>229</heading>
            <Icon>
              <href>http://maps.google.com/mapfiles/kml/shapes/airports.png</href>
            </Icon>
          </IconStyle>
        </Style>
        <Point>
          <altitudeMode>absolute</altitudeMode>
          <coordinates>-112.129654,33.49736,495.3</coordinates>
        </Point>
      </Placemark>
      <Placemark>
        <name>2025-08-26 10:17:20 UTC</name>
        <description><![CDATA[<div><div><span><b>Altitude:</b></span> <span>1,625 ft</span></div>
<div><span><b>Speed:</b></span> <span>70 kt</span></div>
<div><span><b>Heading:</b></span> <span>210&deg;</span></div>
</div>]]></description>
        <TimeStamp>
          <when>2025-08-26T10:17:20+00:00</when>
        </TimeStamp>
        <Style>
          <IconStyle>
            <heading>210</heading>
            <Icon>
              <href>http://maps.google.com/mapfiles/kml/shapes/airports.png</href>
            </Icon>
          </IconStyle>
        </Style>
        <Point>
          <altitudeMode>absolute</altitudeMode>
          <coordinates>-112.130203,33.496765,495.3</coordinates>
        </Point>
      </Placemark>
      <Placemark>
        <name>2025-08-26 10:17:23 UTC</name>
        <description><![CDATA[<div><div><span><b>Altitude:</b></span> <span>1,625 ft</span></div>
<div><span><b>Speed:</b></span> <span>73 kt</span></div>
<div><span><b>Heading:</b></span> <span>197&deg;</span></div>
</div>]]></description>
        <TimeStamp>
          <when>2025-08-26T10:17:23+00:00</when>
        </TimeStamp>
        <Style>
          <IconStyle>
            <heading>197</heading>
            <Icon>
              <href>http://maps.google.com/mapfiles/kml/shapes/airports.png</href>
            </Icon>
          </IconStyle>
        </Style>
        <Point>
          <altitudeMode>absolute</altitudeMode>
          <coordinates>-112.130554,33.495964,495.3</coordinates>
        </Point>
      </Placemark>
      <Placemark>
        <name>2025-08-26 10:17:25 UTC</name>
        <description><![CDATA[<div><div><span><b>Altitude:</b></span> <span>1,625 ft</span></div>
<div><span><b>Speed:</b></span> <span>74 kt</span></div>
<div><span><b>Heading:</b></span> <span>178&deg;</span></div>
</div>]]></description>
        <TimeStamp>
          <when>2025-08-26T10:17:25+00:00</when>
        </TimeStamp>
        <Style>
          <IconStyle>
            <heading>178</heading>
            <Icon>
              <href>http://maps.google.com/mapfiles/kml/shapes/airports.png</href>
            </Icon>
          </IconStyle>
        </Style>
        <Point>
          <altitudeMode>absolute</altitudeMode>
          <coordinates>-112.130615,33.495266,495.3</coordinates>
        </Point>
      </Placemark>
      <Placemark>
        <name>2025-08-26 10:17:27 UTC</name>
        <description><![CDATA[<div><div><span><b>Altitude:</b></span> <span>1,650 ft</span></div>
<div><span><b>Speed:</b></span> <span>74 kt</span></div>
<div><span><b>Heading:</b></span> <span>164&deg;</span></div>
</div>]]></description>
        <TimeStamp>
          <when>2025-08-26T10:17:27+00:00</when>
        </TimeStamp>
        <Style>
          <IconStyle>
            <heading>164</heading>
            <Icon>
              <href>http://maps.google.com/mapfiles/kml/shapes/airports.png</href>
            </Icon>
          </IconStyle>
        </Style>
        <Point>
          <altitudeMode>absolute</altitudeMode>
          <coordinates>-112.130478,33.494659,502.92</coordinates>
        </Point>
      </Placemark>
      <Placemark>
        <name>2025-08-26 10:17:29 UTC</name>
        <description><![CDATA[<div><div><span><b>Altitude:</b></span> <span>1,650 ft</span></div>
<div><span><b>Speed:</b></span> <span>69 kt</span></div>
<div><span><b>Heading:</b></span> <span>124&deg;</span></div>
</div>]]></description>
        <TimeStamp>
          <when>2025-08-26T10:17:29+00:00</when>
        </TimeStamp>
        <Style>
          <IconStyle>
            <heading>124</heading>
            <Icon>
              <href>http://maps.google.com/mapfiles/kml/shapes/airports.png</href>
            </Icon>
          </IconStyle>
        </Style>
        <Point>
          <altitudeMode>absolute</altitudeMode>
          <coordinates>-112.129814,33.493927,502.92</coordinates>
        </Point>
      </Placemark>
      <Placemark>
        <name>2025-08-26 10:17:31 UTC</name>
        <description><![CDATA[<div><div><span><b>Altitude:</b></span> <span>1,650 ft</span></div>
<div><span><b>Speed:</b></span> <span>66 kt</span></div>
<div><span><b>Heading:</b></span> <span>83&deg;</span></div>
</div>]]></description>
        <TimeStamp>
          <when>2025-08-26T10:17:31+00:00</when>
        </TimeStamp>
        <Style>
          <IconStyle>
            <heading>83</heading>
            <Icon>
              <href>http://maps.google.com/mapfiles/kml/shapes/airports.png</href>
            </Icon>
          </IconStyle>
        </Style>
        <Point>
          <altitudeMode>absolute</altitudeMode>
          <coordinates>-112.129211,33.493835,502.92</coordinates>
        </Point>
      </Placemark>
      <Placemark>
        <name>2025-08-26 10:17:34 UTC</name>
        <description><![CDATA[<div><div><span><b>Altitude:</b></span> <span>1,650 ft</span></div>
<div><span><b>Speed:</b></span> <span>67 kt</span></div>
<div><span><b>Heading:</b></span> <span>38&deg;</span></div>
</div>]]></description>
        <TimeStamp>
          <when>2025-08-26T10:17:34+00:00</when>
        </TimeStamp>
        <Style>
          <IconStyle>
            <heading>38</heading>
            <Icon>
              <href>http://maps.google.com/mapfiles/kml/shapes/airports.png</href>
            </Icon>
          </IconStyle>
        </Style>
        <Point>
          <altitudeMode>absolute</altitudeMode>
          <coordinates>-112.12854,33.494194,502.92</coordinates>
        </Point>
      </Placemark>
      <Placemark>
        <name>2025-08-26 10:17:36 UTC</name>
        <description><![CDATA[<div><div><span><b>Altitude:</b></span> <span>1,650 ft</span></div>
<div><span><b>Speed:</b></span> <span>70 kt</span></div>
<div><span><b>Heading:</b></span> <span>354&deg;</span></div>
</div>]]></description>
        <TimeStamp>
          <when>2025-08-26T10:17:36+00:00</when>
        </TimeStamp>
        <Style>
          <IconStyle>
            <heading>354</heading>
            <Icon>
              <href>http://maps.google.com/mapfiles/kml/shapes/airports.png</href>
            </Icon>
          </IconStyle>
        </Style>
        <Point>
          <altitudeMode>absolute</altitudeMode>
          <coordinates>-112.128311,33.494801,502.92</coordinates>
        </Point>
      </Placemark>
      <Placemark>
        <name>2025-08-26 10:17:38 UTC</name>
        <description><![CDATA[<div><div><span><b>Altitude:</b></span> <span>1,625 ft</span></div>
<div><span><b>Speed:</b></span> <span>72 kt</span></div>
<div><span><b>Heading:</b></span> <span>315&deg;</span></div>
</div>]]></description>
        <TimeStamp>
          <when>2025-08-26T10:17:38+00:00</when>
        </TimeStamp>
        <Style>
          <IconStyle>
            <heading>315</heading>
            <Icon>
              <href>http://maps.google.com/mapfiles/kml/shapes/airports.png</href>
            </Icon>
          </IconStyle>
        </Style>
        <Point>
          <altitudeMode>absolute</altitudeMode>
          <coordinates>-112.128662,33.495529,495.3</coordinates>
        </Point>
      </Placemark>
      <Placemark>
        <name>2025-08-26 10:17:40 UTC</name>
        <description><![CDATA[<div><div><span><b>Altitude:</b></span> <span>1,625 ft</span></div>
<div><span><b>Speed:</b></span> <span>75 kt</span></div>
<div><span><b>Heading:</b></span> <span>295&deg;</span></div>
</div>]]></description>
        <TimeStamp>
          <when>2025-08-26T10:17:40+00:00</when>
        </TimeStamp>
        <Style>
          <IconStyle>
            <heading>295</heading>
            <Icon>
              <href>http://maps.google.com/mapfiles/kml/shapes/airports.png</href>
            </Icon>
          </IconStyle>
        </Style>
        <Point>
          <altitudeMode>absolute</altitudeMode>
          <coordinates>-112.129539,33.495987,495.3</coordinates>
        </Point>
      </Placemark>
      <Placemark>
        <name>2025-08-26 10:17:42 UTC</name>
        <description><![CDATA[<div><div><span><b>Altitude:</b></span> <span>1,650 ft</span></div>
<div><span><b>Speed:</b></span> <span>77 kt</span></div>
<div><span><b>Heading:</b></span> <span>284&deg;</span></div>
</div>]]></description>
        <TimeStamp>
          <when>2025-08-26T10:17:42+00:00</when>
        </TimeStamp>
        <Style>
          <IconStyle>
            <heading>284</heading>
            <Icon>
              <href>http://maps.google.com/mapfiles/kml/shapes/airports.png</href>
            </Icon>
          </IconStyle>
        </Style>
        <Point>
          <altitudeMode>absolute</altitudeMode>
          <coordinates>-112.130386,33.496243,502.92</coordinates>
        </Point>
      </Placemark>
      <Placemark>
        <name>2025-08-26 10:17:45 UTC</name>
        <description><![CDATA[<div><div><span><b>Altitude:</b></span> <span>1,675 ft</span></div>
<div><span><b>Speed:</b></span> <span>76 kt</span></div>
<div><span><b>Heading:</b></span> <span>282&deg;</span></div>
</div>]]></description>
        <TimeStamp>
          <when>2025-08-26T10:17:45+00:00</when>
        </TimeStamp>
        <Style>
          <IconStyle>
            <heading>282</heading>
            <Icon>
              <href>http://maps.google.com/mapfiles/kml/shapes/airports.png</href>
            </Icon>
          </IconStyle>
        </Style>
        <Point>
          <altitudeMode>absolute</altitudeMode>
          <coordinates>-112.131508,33.496429,510.54</coordinates>
        </Point>
      </Placemark>
      <Placemark>
        <name>2025-08-26 10:17:47 UTC</name>
        <description><![CDATA[<div><div><span><b>Altitude:</b></span> <span>1,700 ft</span></div>
<div><span><b>Speed:</b></span> <span>75 kt</span></div>
<div><span><b>Heading:</b></span> <span>281&deg;</span></div>
</div>]]></description>
        <TimeStamp>
          <when>2025-08-26T10:17:47+00:00</when>
        </TimeStamp>
        <Style>
          <IconStyle>
            <heading>281</heading>
            <Icon>
              <href>http://maps.google.com/mapfiles/kml/shapes/airports.png</href>
            </Icon>
          </IconStyle>
        </Style>
        <Point>
          <altitudeMode>absolute</altitudeMode>
          <coordinates>-112.132401,33.496582,518.16</coordinates>
        </Point>
      </Placemark>
      <Placemark>
        <name>2025-08-26 10:17:49 UTC</name>
        <description><![CDATA[<div><div><span><b>Altitude:</b></span> <span>1,700 ft</span></div>
<div><span><b>Speed:</b></span> <span>76 kt</span></div>
<div><span><b>Heading:</b></span> <span>286&deg;</span></div>
</div>]]></description>
        <TimeStamp>
          <when>2025-08-26T10:17:49+00:00</when>
        </TimeStamp>
        <Style>
          <IconStyle>
            <heading>286</heading>
            <Icon>
              <href>http://maps.google.com/mapfiles/kml/shapes/airports.png</href>
            </Icon>
          </IconStyle>
        </Style>
        <Point>
          <altitudeMode>absolute</altitudeMode>
          <coordinates>-112.133247,33.496803,518.16</coordinates>
        </Point>
      </Placemark>
      <Placemark>
        <name>2025-08-26 10:17:52 UTC</name>
        <description><![CDATA[<div><div><span><b>Altitude:</b></span> <span>1,700 ft</span></div>
<div><span><b>Speed:</b></span> <span>76 kt</span></div>
<div><span><b>Heading:</b></span> <span>286&deg;</span></div>
</div>]]></description>
        <TimeStamp>
          <when>2025-08-26T10:17:52+00:00</when>
        </TimeStamp>
        <Style>
          <IconStyle>
            <heading>286</heading>
            <Icon>
              <href>http://maps.google.com/mapfiles/kml/shapes/airports.png</href>
            </Icon>
          </IconStyle>
        </Style>
        <Point>
          <altitudeMode>absolute</altitudeMode>
          <coordinates>-112.134155,33.49704,518.16</coordinates>
        </Point>
      </Placemark>
      <Placemark>
        <name>2025-08-26 10:17:54 UTC</name>
        <description><![CDATA[<div><div><span><b>Altitude:</b></span> <span>1,700 ft</span></div>
<div><span><b>Speed:</b></span> <span>82 kt</span></div>
<div><span><b>Heading:</b></span> <span>270&deg;</span></div>
</div>]]></description>
        <TimeStamp>
          <when>2025-08-26T10:17:54+00:00</when>
        </TimeStamp>
        <Style>
          <IconStyle>
            <heading>270</heading>
            <Icon>
              <href>http://maps.google.com/mapfiles/kml/shapes/airports.png</href>
            </Icon>
          </IconStyle>
        </Style>
        <Point>
          <altitudeMode>absolute</altitudeMode>
          <coordinates>-112.135033,33.497131,518.16</coordinates>
        </Point>
      </Placemark>
      <Placemark>
        <name>2025-08-26 10:17:56 UTC</name>
        <description><![CDATA[<div><div><span><b>Altitude:</b></span> <span>1,675 ft</span></div>
<div><span><b>Speed:</b></span> <span>83 kt</span></div>
<div><span><b>Heading:</b></span> <span>244&deg;</span></div>
</div>]]></description>
        <TimeStamp>
          <when>2025-08-26T10:17:56+00:00</when>
        </TimeStamp>
        <Style>
          <IconStyle>
            <heading>244</heading>
            <Icon>
              <href>http://maps.google.com/mapfiles/kml/shapes/airports.png</href>
            </Icon>
          </IconStyle>
        </Style>
        <Point>
          <altitudeMode>absolute</altitudeMode>
          <coordinates>-112.136078,33.496948,510.54</coordinates>
        </Point>
      </Placemark>
      <Placemark>
        <name>2025-08-26 10:17:58 UTC</name>
        <description><![CDATA[<div><div><span><b>Altitude:</b></span> <span>1,675 ft</span></div>
<div><span><b>Speed:</b></span> <span>72 kt</span></div>
<div><span><b>Heading:</b></span> <span>209&deg;</span></div>
</div>]]></description>
        <TimeStamp>
          <when>2025-08-26T10:17:58+00:00</when>
        </TimeStamp>
        <Style>
          <IconStyle>
            <heading>209</heading>
            <Icon>
              <href>http://maps.google.com/mapfiles/kml/shapes/airports.png</href>
            </Icon>
          </IconStyle>
        </Style>
        <Point>
          <altitudeMode>absolute</altitudeMode>
          <coordinates>-112.136612,33.496475,510.54</coordinates>
        </Point>
      </Placemark>
      <Placemark>
        <name>2025-08-26 10:18:00 UTC</name>
        <description><![CDATA[<div><div><span><b>Altitude:</b></span> <span>1,675 ft</span></div>
<div><span><b>Speed:</b></span> <span>53 kt</span></div>
<div><span><b>Heading:</b></span> <span>138&deg;</span></div>
</div>]]></description>
        <TimeStamp>
          <when>2025-08-26T10:18:00+00:00</when>
        </TimeStamp>
        <Style>
          <IconStyle>
            <heading>138</heading>
            <Icon>
              <href>http://maps.google.com/mapfiles/kml/shapes/airports.png</href>
            </Icon>
          </IconStyle>
        </Style>
        <Point>
          <altitudeMode>absolute</altitudeMode>
          <coordinates>-112.136551,33.495918,510.54</coordinates>
        </Point>
      </Placemark>
      <Placemark>
        <name>2025-08-26 10:18:03 UTC</name>
        <description><![CDATA[<div><div><span><b>Altitude:</b></span> <span>1,675 ft</span></div>
<div><span><b>Speed:</b></span> <span>53 kt</span></div>
<div><span><b>Heading:</b></span> <span>78&deg;</span></div>
</div>]]></description>
        <TimeStamp>
          <when>2025-08-26T10:18:03+00:00</when>
        </TimeStamp>
        <Style>
          <IconStyle>
            <heading>78</heading>
            <Icon>
              <href>http://maps.google.com/mapfiles/kml/shapes/airports.png</href>
            </Icon>
          </IconStyle>
        </Style>
        <Point>
          <altitudeMode>absolute</altitudeMode>
          <coordinates>-112.135941,33.495731,510.54</coordinates>
        </Point>
      </Placemark>
      <Placemark>
        <name>2025-08-26 10:18:05 UTC</name>
        <description><![CDATA[<div><div><span><b>Altitude:</b></span> <span>1,625 ft</span></div>
<div><span><b>Speed:</b></span> <span>64 kt</span></div>
<div><span><b>Heading:</b></span> <span>19&deg;</span></div>
</div>]]></description>
        <TimeStamp>
          <when>2025-08-26T10:18:05+00:00</when>
        </TimeStamp>
        <Style>
          <IconStyle>
            <heading>19</heading>
            <Icon>
              <href>http://maps.google.com/mapfiles/kml/shapes/airports.png</href>
            </Icon>
          </IconStyle>
        </Style>
        <Point>
          <altitudeMode>absolute</altitudeMode>
          <coordinates>-112.135529,33.496033,495.3</coordinates>
        </Point>
      </Placemark>
      <Placemark>
        <name>2025-08-26 10:18:07 UTC</name>
        <description><![CDATA[<div><div><span><b>Altitude:</b></span> <span>1,575 ft</span></div>
<div><span><b>Speed:</b></span> <span>74 kt</span></div>
<div><span><b>Heading:</b></span> <span>349&deg;</span></div>
</div>]]></description>
        <TimeStamp>
          <when>2025-08-26T10:18:07+00:00</when>
        </TimeStamp>
        <Style>
          <IconStyle>
            <heading>349</heading>
            <Icon>
              <href>http://maps.google.com/mapfiles/kml/shapes/airports.png</href>
            </Icon>
          </IconStyle>
        </Style>
        <Point>
          <altitudeMode>absolute</altitudeMode>
          <coordinates>-112.135422,33.496857,480.06</coordinates>
        </Point>
      </Placemark>
      <Placemark>
        <name>2025-08-26 10:18:09 UTC</name>
        <description><![CDATA[<div><div><span><b>Altitude:</b></span> <span>1,575 ft</span></div>
<div><span><b>Speed:</b></span> <span>79 kt</span></div>
<div><span><b>Heading:</b></span> <span>333&deg;</span></div>
</div>]]></description>
        <TimeStamp>
          <when>2025-08-26T10:18:09+00:00</when>
        </TimeStamp>
        <Style>
          <IconStyle>
            <heading>333</heading>
            <Icon>
              <href>http://maps.google.com/mapfiles/kml/shapes/airports.png</href>
            </Icon>
          </IconStyle>
        </Style>
        <Point>
          <altitudeMode>absolute</altitudeMode>
          <coordinates>-112.135773,33.497593,480.06</coordinates>
        </Point>
      </Placemark>
      <Placemark>
        <name>2025-08-26 10:18:11 UTC</name>
        <description><![CDATA[<div><div><span><b>Altitude:</b></span> <span>1,575 ft</span></div>
<div><span><b>Speed:</b></span> <span>81 kt</span></div>
<div><span><b>Heading:</b></span> <span>322&deg;</span></div>
</div>]]></description>
        <TimeStamp>
          <when>2025-08-26T10:18:11+00:00</when>
        </TimeStamp>
        <Style>
          <IconStyle>
            <heading>322</heading>
            <Icon>
              <href>http://maps.google.com/mapfiles/kml/shapes/airports.png</href>
            </Icon>
          </IconStyle>
        </Style>
        <Point>
          <altitudeMode>absolute</altitudeMode>
          <coordinates>-112.136276,33.498199,480.06</coordinates>
        </Point>
      </Placemark>
      <Placemark>
        <name>2025-08-26 10:18:13 UTC</name>
        <description><![CDATA[<div><div><span><b>Altitude:</b></span> <span>1,625 ft</span></div>
<div><span><b>Speed:</b></span> <span>82 kt</span></div>
<div><span><b>Heading:</b></span> <span>318&deg;</span></div>
</div>]]></description>
        <TimeStamp>
          <when>2025-08-26T10:18:13+00:00</when>
        </TimeStamp>
        <Style>
          <IconStyle>
            <heading>318</heading>
            <Icon>
              <href>http://maps.google.com/mapfiles/kml/shapes/airports.png</href>
            </Icon>
          </IconStyle>
        </Style>
        <Point>
          <altitudeMode>absolute</altitudeMode>
          <coordinates>-112.136955,33.498917,495.3</coordinates>
        </Point>
      </Placemark>
      <Placemark>
        <name>2025-08-26 10:18:16 UTC</name>
        <description><![CDATA[<div><div><span><b>Altitude:</b></span> <span>1,675 ft</span></div>
<div><span><b>Speed:</b></span> <span>84 kt</span></div>
<div><span><b>Heading:</b></span> <span>320&deg;</span></div>
</div>]]></description>
        <TimeStamp>
          <when>2025-08-26T10:18:16+00:00</when>
        </TimeStamp>
        <Style>
          <IconStyle>
            <heading>320</heading>
            <Icon>
              <href>http://maps.google.com/mapfiles/kml/shapes/airports.png</href>
            </Icon>
          </IconStyle>
        </Style>
        <Point>
          <altitudeMode>absolute</altitudeMode>
          <coordinates>-112.137672,33.499557,510.54</coordinates>
        </Point>
      </Placemark>
      <Placemark>
        <name>2025-08-26 10:18:18 UTC</name>
        <description><![CDATA[<div><div><span><b>Altitude:</b></span> <span>1,650 ft</span></div>
<div><span><b>Speed:</b></span> <span>86 kt</span></div>
<div><span><b>Heading:</b></span> <span>319&deg;</span></div>
</div>]]></description>
        <TimeStamp>
          <when>2025-08-26T10:18:18+00:00</when>
        </TimeStamp>
        <Style>
          <IconStyle>
            <heading>319</heading>
            <Icon>
              <href>http://maps.google.com/mapfiles/kml/shapes/airports.png</href>
            </Icon>
          </IconStyle>
        </Style>
        <Point>
          <altitudeMode>absolute</altitudeMode>
          <coordinates>-112.138237,33.500153,502.92</coordinates>
        </Point>
      </Placemark>
      <Placemark>
        <name>2025-08-26 10:18:20 UTC</name>
        <description><![CDATA[<div><div><span><b>Altitude:</b></span> <span>1,675 ft</span></div>
<div><span><b>Speed:</b></span> <span>80 kt</span></div>
<div><span><b>Heading:</b></span> <span>318&deg;</span></div>
</div>]]></description>
        <TimeStamp>
          <when>2025-08-26T10:18:20+00:00</when>
        </TimeStamp>
        <Style>
          <IconStyle>
            <heading>318</heading>
            <Icon>
              <href>http://maps.google.com/mapfiles/kml/shapes/airports.png</href>
            </Icon>
          </IconStyle>
        </Style>
        <Point>
          <altitudeMode>absolute</altitudeMode>
          <coordinates>-112.138962,33.500851,510.54</coordinates>
        </Point>
      </Placemark>
      <Placemark>
        <name>2025-08-26 10:18:23 UTC</name>
        <description><![CDATA[<div><div><span><b>Altitude:</b></span> <span>1,700 ft</span></div>
<div><span><b>Speed:</b></span> <span>76 kt</span></div>
<div><span><b>Heading:</b></span> <span>318&deg;</span></div>
</div>]]></description>
        <TimeStamp>
          <when>2025-08-26T10:18:23+00:00</when>
        </TimeStamp>
        <Style>
          <IconStyle>
            <heading>318</heading>
            <Icon>
              <href>http://maps.google.com/mapfiles/kml/shapes/airports.png</href>
            </Icon>
          </IconStyle>
        </Style>
        <Point>
          <altitudeMode>absolute</altitudeMode>
          <coordinates>-112.139694,33.501553,518.16</coordinates>
        </Point>
      </Placemark>
      <Placemark>
        <name>2025-08-26 10:18:25 UTC</name>
        <description><![CDATA[<div><div><span><b>Altitude:</b></span> <span>1,700 ft</span></div>
<div><span><b>Speed:</b></span> <span>71 kt</span></div>
<div><span><b>Heading:</b></span> <span>318&deg;</span></div>
</div>]]></description>
        <TimeStamp>
          <when>2025-08-26T10:18:25+00:00</when>
        </TimeStamp>
        <Style>
          <IconStyle>
            <heading>318</heading>
            <Icon>
              <href>http://maps.google.com/mapfiles/kml/shapes/airports.png</href>
            </Icon>
          </IconStyle>
        </Style>
        <Point>
          <altitudeMode>absolute</altitudeMode>
          <coordinates>-112.140251,33.502075,518.16</coordinates>
        </Point>
      </Placemark>
      <Placemark>
        <name>2025-08-26 10:18:27 UTC</name>
        <description><![CDATA[<div><div><span><b>Altitude:</b></span> <span>1,725 ft</span></div>
<div><span><b>Speed:</b></span> <span>68 kt</span></div>
<div><span><b>Heading:</b></span> <span>319&deg;</span></div>
</div>]]></description>
        <TimeStamp>
          <when>2025-08-26T10:18:27+00:00</when>
        </TimeStamp>
        <Style>
          <IconStyle>
            <heading>319</heading>
            <Icon>
              <href>http://maps.google.com/mapfiles/kml/shapes/airports.png</href>
            </Icon>
          </IconStyle>
        </Style>
        <Point>
          <altitudeMode>absolute</altitudeMode>
          <coordinates>-112.140755,33.502575,525.78</coordinates>
        </Point>
      </Placemark>
      <Placemark>
        <name>2025-08-26 10:18:29 UTC</name>
        <description><![CDATA[<div><div><span><b>Altitude:</b></span> <span>1,725 ft</span></div>
<div><span><b>Speed:</b></span> <span>66 kt</span></div>
<div><span><b>Heading:</b></span> <span>320&deg;</span></div>
</div>]]></description>
        <TimeStamp>
          <when>2025-08-26T10:18:29+00:00</when>
        </TimeStamp>
        <Style>
          <IconStyle>
            <heading>320</heading>
            <Icon>
              <href>http://maps.google.com/mapfiles/kml/shapes/airports.png</href>
            </Icon>
          </IconStyle>
        </Style>
        <Point>
          <altitudeMode>absolute</altitudeMode>
          <coordinates>-112.141266,33.503086,525.78</coordinates>
        </Point>
      </Placemark>
      <Placemark>
        <name>2025-08-26 10:18:31 UTC</name>
        <description><![CDATA[<div><div><span><b>Altitude:</b></span> <span>1,725 ft</span></div>
<div><span><b>Speed:</b></span> <span>63 kt</span></div>
<div><span><b>Heading:</b></span> <span>320&deg;</span></div>
</div>]]></description>
        <TimeStamp>
          <when>2025-08-26T10:18:31+00:00</when>
        </TimeStamp>
        <Style>
          <IconStyle>
            <heading>320</heading>
            <Icon>
              <href>http://maps.google.com/mapfiles/kml/shapes/airports.png</href>
            </Icon>
          </IconStyle>
        </Style>
        <Point>
          <altitudeMode>absolute</altitudeMode>
          <coordinates>-112.141876,33.503693,525.78</coordinates>
        </Point>
      </Placemark>
      <Placemark>
        <name>2025-08-26 10:18:33 UTC</name>
        <description><![CDATA[<div><div><span><b>Altitude:</b></span> <span>1,725 ft</span></div>
<div><span><b>Speed:</b></span> <span>61 kt</span></div>
<div><span><b>Heading:</b></span> <span>318&deg;</span></div>
</div>]]></description>
        <TimeStamp>
          <when>2025-08-26T10:18:33+00:00</when>
        </TimeStamp>
        <Style>
          <IconStyle>
            <heading>318</heading>
            <Icon>
              <href>http://maps.google.com/mapfiles/kml/shapes/airports.png</href>
            </Icon>
          </IconStyle>
        </Style>
        <Point>
          <altitudeMode>absolute</altitudeMode>
          <coordinates>-112.142342,33.504135,525.78</coordinates>
        </Point>
      </Placemark>
      <Placemark>
        <name>2025-08-26 10:18:36 UTC</name>
        <description><![CDATA[<div><div><span><b>Altitude:</b></span> <span>1,750 ft</span></div>
<div><span><b>Speed:</b></span> <span>60 kt</span></div>
<div><span><b>Heading:</b></span> <span>316&deg;</span></div>
</div>]]></description>
        <TimeStamp>
          <when>2025-08-26T10:18:36+00:00</when>
        </TimeStamp>
        <Style>
          <IconStyle>
            <heading>316</heading>
            <Icon>
              <href>http://maps.google.com/mapfiles/kml/shapes/airports.png</href>
            </Icon>
          </IconStyle>
        </Style>
        <Point>
          <altitudeMode>absolute</altitudeMode>
          <coordinates>-112.14283,33.504578,533.4</coordinates>
        </Point>
      </Placemark>
      <Placemark>
        <name>2025-08-26 10:18:38 UTC</name>
        <description><![CDATA[<div><div><span><b>Altitude:</b></span> <span>1,750 ft</span></div>
<div><span><b>Speed:</b></span> <span>59 kt</span></div>
<div><span><b>Heading:</b></span> <span>315&deg;</span></div>
</div>]]></description>
        <TimeStamp>
          <when>2025-08-26T10:18:38+00:00</when>
        </TimeStamp>
        <Style>
          <IconStyle>
            <heading>315</heading>
            <Icon>
              <href>http://maps.google.com/mapfiles/kml/shapes/airports.png</href>
            </Icon>
          </IconStyle>
        </Style>
        <Point>
          <altitudeMode>absolute</altitudeMode>
          <coordinates>-112.14328,33.504997,533.4</coordinates>
        </Point>
      </Placemark>
      <Placemark>
        <name>2025-08-26 10:18:40 UTC</name>
        <description><![CDATA[<div><div><span><b>Altitude:</b></span> <span>1,775 ft</span></div>
<div><span><b>Speed:</b></span> <span>57 kt</span></div>
<div><span><b>Heading:</b></span> <span>315&deg;</span></div>
</div>]]></description>
        <TimeStamp>
          <when>2025-08-26T10:18:40+00:00</when>
        </TimeStamp>
        <Style>
          <IconStyle>
            <heading>315</heading>
            <Icon>
              <href>http://maps.google.com/mapfiles/kml/shapes/airports.png</href>
            </Icon>
          </IconStyle>
        </Style>
        <Point>
          <altitudeMode>absolute</altitudeMode>
          <coordinates>-112.143822,33.505463,541.02</coordinates>
        </Point>
      </Placemark>
      <Placemark>
        <name>2025-08-26 10:18:49 UTC</name>
        <description><![CDATA[<div><div><span><b>Altitude:</b></span> <span>1,775 ft</span></div>
<div><span><b>Speed:</b></span> <span>44 kt</span></div>
<div><span><b>Heading:</b></span> <span>321&deg;</span></div>
</div>]]></description>
        <TimeStamp>
          <when>2025-08-26T10:18:49+00:00</when>
        </TimeStamp>
        <Style>
          <IconStyle>
            <heading>321</heading>
            <Icon>
              <href>http://maps.google.com/mapfiles/kml/shapes/airports.png</href>
            </Icon>
          </IconStyle>
        </Style>
        <Point>
          <altitudeMode>absolute</altitudeMode>
          <coordinates>-112.145409,33.50695,541.02</coordinates>
        </Point>
      </Placemark>
      <Placemark>
        <name>2025-08-26 10:18:58 UTC</name>
        <description><![CDATA[<div><div><span><b>Altitude:</b></span> <span>1,725 ft</span></div>
<div><span><b>Speed:</b></span> <span>56 kt</span></div>
<div><span><b>Heading:</b></span> <span>317&deg;</span></div>
</div>]]></description>
        <TimeStamp>
          <when>2025-08-26T10:18:58+00:00</when>
        </TimeStamp>
        <Style>
          <IconStyle>
            <heading>317</heading>
            <Icon>
              <href>http://maps.google.com/mapfiles/kml/shapes/airports.png</href>
            </Icon>
          </IconStyle>
        </Style>
        <Point>
          <altitudeMode>absolute</altitudeMode>
          <coordinates>-112.146736,33.508392,525.78</coordinates>
        </Point>
      </Placemark>
      <Placemark>
        <name>2025-08-26 10:19:04 UTC</name>
        <description><![CDATA[<div><div><span><b>Altitude:</b></span> <span>1,725 ft</span></div>
<div><span><b>Speed:</b></span> <span>77 kt</span></div>
<div><span><b>Heading:</b></span> <span>313&deg;</span></div>
</div>]]></description>
        <TimeStamp>
          <when>2025-08-26T10:19:04+00:00</when>
        </TimeStamp>
        <Style>
          <IconStyle>
            <heading>313</heading>
            <Icon>
              <href>http://maps.google.com/mapfiles/kml/shapes/airports.png</href>
            </Icon>
          </IconStyle>
        </Style>
        <Point>
          <altitudeMode>absolute</altitudeMode>
          <coordinates>-112.148552,33.509884,525.78</coordinates>
        </Point>
      </Placemark>
      <Placemark>
        <name>2025-08-26 10:19:13 UTC</name>
        <description><![CDATA[<div><div><span><b>Altitude:</b></span> <span>1,750 ft</span></div>
<div><span><b>Speed:</b></span> <span>82 kt</span></div>
<div><span><b>Heading:</b></span> <span>315&deg;</span></div>
</div>]]></description>
        <TimeStamp>
          <when>2025-08-26T10:19:13+00:00</when>
        </TimeStamp>
        <Style>
          <IconStyle>
            <heading>315</heading>
            <Icon>
              <href>http://maps.google.com/mapfiles/kml/shapes/airports.png</href>
            </Icon>
          </IconStyle>
        </Style>
        <Point>
          <altitudeMode>absolute</altitudeMode>
          <coordinates>-112.151291,33.512054,533.4</coordinates>
        </Point>
      </Placemark>
      <Placemark>
        <name>2025-08-26 10:19:17 UTC</name>
        <description><![CDATA[<div><div><span><b>Altitude:</b></span> <span>1,775 ft</span></div>
<div><span><b>Speed:</b></span> <span>77 kt</span></div>
<div><span><b>Heading:</b></span> <span>315&deg;</span></div>
</div>]]></description>
        <TimeStamp>
          <when>2025-08-26T10:19:17+00:00</when>
        </TimeStamp>
        <Style>
          <IconStyle>
            <heading>315</heading>
            <Icon>
              <href>http://maps.google.com/mapfiles/kml/shapes/airports.png</href>
            </Icon>
          </IconStyle>
        </Style>
        <Point>
          <altitudeMode>absolute</altitudeMode>
          <coordinates>-112.152809,33.51342,541.02</coordinates>
        </Point>
      </Placemark>
      <Placemark>
        <name>2025-08-26 10:19:19 UTC</name>
        <description><![CDATA[<div><div><span><b>Altitude:</b></span> <span>1,800 ft</span></div>
<div><span><b>Speed:</b></span> <span>74 kt</span></div>
<div><span><b>Heading:</b></span> <span>315&deg;</span></div>
</div>]]></description>
        <TimeStamp>
          <when>2025-08-26T10:19:19+00:00</when>
        </TimeStamp>
        <Style>
          <IconStyle>
            <heading>315</heading>
            <Icon>
              <href>http://maps.google.com/mapfiles/kml/shapes/airports.png</href>
            </Icon>
          </IconStyle>
        </Style>
        <Point>
          <altitudeMode>absolute</altitudeMode>
          <coordinates>-112.153381,33.513885,548.64</coordinates>
        </Point>
      </Placemark>
      <Placemark>
        <name>2025-08-26 10:19:22 UTC</name>
        <description><![CDATA[<div><div><span><b>Altitude:</b></span> <span>1,800 ft</span></div>
<div><span><b>Speed:</b></span> <span>73 kt</span></div>
<div><span><b>Heading:</b></span> <span>315&deg;</span></div>
</div>]]></description>
        <TimeStamp>
          <when>2025-08-26T10:19:22+00:00</when>
        </TimeStamp>
        <Style>
          <IconStyle>
            <heading>315</heading>
            <Icon>
              <href>http://maps.google.com/mapfiles/kml/shapes/airports.png</href>
            </Icon>
          </IconStyle>
        </Style>
        <Point>
          <altitudeMode>absolute</altitudeMode>
          <coordinates>-112.153984,33.514389,548.64</coordinates>
        </Point>
      </Placemark>
      <Placemark>
        <name>2025-08-26 10:19:28 UTC</name>
        <description><![CDATA[<div><div><span><b>Altitude:</b></span> <span>1,800 ft</span></div>
<div><span><b>Speed:</b></span> <span>67 kt</span></div>
<div><span><b>Heading:</b></span> <span>318&deg;</span></div>
</div>]]></description>
        <TimeStamp>
          <when>2025-08-26T10:19:28+00:00</when>
        </TimeStamp>
        <Style>
          <IconStyle>
            <heading>318</heading>
            <Icon>
              <href>http://maps.google.com/mapfiles/kml/shapes/airports.png</href>
            </Icon>
          </IconStyle>
        </Style>
        <Point>
          <altitudeMode>absolute</altitudeMode>
          <coordinates>-112.155724,33.515888,548.64</coordinates>
        </Point>
      </Placemark>
      <Placemark>
        <name>2025-08-26 10:19:33 UTC</name>
        <description><![CDATA[<div><div><span><b>Altitude:</b></span> <span>1,800 ft</span></div>
<div><span><b>Speed:</b></span> <span>55 kt</span></div>
<div><span><b>Heading:</b></span> <span>322&deg;</span></div>
</div>]]></description>
        <TimeStamp>
          <when>2025-08-26T10:19:33+00:00</when>
        </TimeStamp>
        <Style>
          <IconStyle>
            <heading>322</heading>
            <Icon>
              <href>http://maps.google.com/mapfiles/kml/shapes/airports.png</href>
            </Icon>
          </IconStyle>
        </Style>
        <Point>
          <altitudeMode>absolute</altitudeMode>
          <coordinates>-112.156731,33.516907,548.64</coordinates>
        </Point>
      </Placemark>
      <Placemark>
        <name>2025-08-26 10:19:35 UTC</name>
        <description><![CDATA[<div><div><span><b>Altitude:</b></span> <span>1,800 ft</span></div>
<div><span><b>Speed:</b></span> <span>52 kt</span></div>
<div><span><b>Heading:</b></span> <span>322&deg;</span></div>
</div>]]></description>
        <TimeStamp>
          <when>2025-08-26T10:19:35+00:00</when>
        </TimeStamp>
        <Style>
          <IconStyle>
            <heading>322</heading>
            <Icon>
              <href>http://maps.google.com/mapfiles/kml/shapes/airports.png</href>
            </Icon>
          </IconStyle>
        </Style>
        <Point>
          <altitudeMode>absolute</altitudeMode>
          <coordinates>-112.157127,33.51733,548.64</coordinates>
        </Point>
      </Placemark>
      <Placemark>
        <name>2025-08-26 10:19:37 UTC</name>
        <description><![CDATA[<div><div><span><b>Altitude:</b></span> <span>1,800 ft</span></div>
<div><span><b>Speed:</b></span> <span>48 kt</span></div>
<div><span><b>Heading:</b></span> <span>321&deg;</span></div>
</div>]]></description>
        <TimeStamp>
          <when>2025-08-26T10:19:37+00:00</when>
        </TimeStamp>
        <Style>
          <IconStyle>
            <heading>321</heading>
            <Icon>
              <href>http://maps.google.com/mapfiles/kml/shapes/airports.png</href>
            </Icon>
          </IconStyle>
        </Style>
        <Point>
          <altitudeMode>absolute</altitudeMode>
          <coordinates>-112.157578,33.517845,548.64</coordinates>
        </Point>
      </Placemark>
      <Placemark>
        <name>2025-08-26 10:19:39 UTC</name>
        <description><![CDATA[<div><div><span><b>Altitude:</b></span> <span>1,800 ft</span></div>
<div><span><b>Speed:</b></span> <span>47 kt</span></div>
<div><span><b>Heading:</b></span> <span>319&deg;</span></div>
</div>]]></description>
        <TimeStamp>
          <when>2025-08-26T10:19:39+00:00</when>
        </TimeStamp>
        <Style>
          <IconStyle>
            <heading>319</heading>
            <Icon>
              <href>http://maps.google.com/mapfiles/kml/shapes/airports.png</href>
            </Icon>
          </IconStyle>
        </Style>
        <Point>
          <altitudeMode>absolute</altitudeMode>
          <coordinates>-112.157913,33.518169,548.64</coordinates>
        </Point>
      </Placemark>
      <Placemark>
        <name>2025-08-26 10:19:43 UTC</name>
        <description><![CDATA[<div><div><span><b>Altitude:</b></span> <span>1,800 ft</span></div>
<div><span><b>Speed:</b></span> <span>51 kt</span></div>
<div><span><b>Heading:</b></span> <span>303&deg;</span></div>
</div>]]></description>
        <TimeStamp>
          <when>2025-08-26T10:19:43+00:00</when>
        </TimeStamp>
        <Style>
          <IconStyle>
            <heading>303</heading>
            <Icon>
              <href>http://maps.google.com/mapfiles/kml/shapes/airports.png</href>
            </Icon>
          </IconStyle>
        </Style>
        <Point>
          <altitudeMode>absolute</altitudeMode>
          <coordinates>-112.158821,33.518829,548.64</coordinates>
        </Point>
      </Placemark>
      <Placemark>
        <name>2025-08-26 10:19:45 UTC</name>
        <description><![CDATA[<div><div><span><b>Altitude:</b></span> <span>1,775 ft</span></div>
<div><span><b>Speed:</b></span> <span>63 kt</span></div>
<div><span><b>Heading:</b></span> <span>297&deg;</span></div>
</div>]]></description>
        <TimeStamp>
          <when>2025-08-26T10:19:45+00:00</when>
        </TimeStamp>
        <Style>
          <IconStyle>
            <heading>297</heading>
            <Icon>
              <href>http://maps.google.com/mapfiles/kml/shapes/airports.png</href>
            </Icon>
          </IconStyle>
        </Style>
        <Point>
          <altitudeMode>absolute</altitudeMode>
          <coordinates>-112.159317,33.519058,541.02</coordinates>
        </Point>
      </Placemark>
      <Placemark>
        <name>2025-08-26 10:19:48 UTC</name>
        <description><![CDATA[<div><div><span><b>Altitude:</b></span> <span>1,750 ft</span></div>
<div><span><b>Speed:</b></span> <span>68 kt</span></div>
<div><span><b>Heading:</b></span> <span>300&deg;</span></div>
</div>]]></description>
        <TimeStamp>
          <when>2025-08-26T10:19:48+00:00</when>
        </TimeStamp>
        <Style>
          <IconStyle>
            <heading>300</heading>
            <Icon>
              <href>http://maps.google.com/mapfiles/kml/shapes/airports.png</href>
            </Icon>
          </IconStyle>
        </Style>
        <Point>
          <altitudeMode>absolute</altitudeMode>
          <coordinates>-112.159981,33.519333,533.4</coordinates>
        </Point>
      </Placemark>
      <Placemark>
        <name>2025-08-26 10:19:50 UTC</name>
        <description><![CDATA[<div><div><span><b>Altitude:</b></span> <span>1,775 ft</span></div>
<div><span><b>Speed:</b></span> <span>71 kt</span></div>
<div><span><b>Heading:</b></span> <span>308&deg;</span></div>
</div>]]></description>
        <TimeStamp>
          <when>2025-08-26T10:19:50+00:00</when>
        </TimeStamp>
        <Style>
          <IconStyle>
            <heading>308</heading>
            <Icon>
              <href>http://maps.google.com/mapfiles/kml/shapes/airports.png</href>
            </Icon>
          </IconStyle>
        </Style>
        <Point>
          <altitudeMode>absolute</altitudeMode>
          <coordinates>-112.160904,33.519882,541.02</coordinates>
        </Point>
      </Placemark>
      <Placemark>
        <name>2025-08-26 10:19:57 UTC</name>
        <description><![CDATA[<div><div><span><b>Altitude:</b></span> <span>1,775 ft</span></div>
<div><span><b>Speed:</b></span> <span>68 kt</span></div>
<div><span><b>Heading:</b></span> <span>316&deg;</span></div>
</div>]]></description>
        <TimeStamp>
          <when>2025-08-26T10:19:57+00:00</when>
        </TimeStamp>
        <Style>
          <IconStyle>
            <heading>316</heading>
            <Icon>
              <href>http://maps.google.com/mapfiles/kml/shapes/airports.png</href>
            </Icon>
          </IconStyle>
        </Style>
        <Point>
          <altitudeMode>absolute</altitudeMode>
          <coordinates>-112.162666,33.521347,541.02</coordinates>
        </Point>
      </Placemark>
      <Placemark>
        <name>2025-08-26 10:20:06 UTC</name>
        <description><![CDATA[<div><div><span><b>Altitude:</b></span> <span>1,800 ft</span></div>
<div><span><b>Speed:</b></span> <span>68 kt</span></div>
<div><span><b>Heading:</b></span> <span>320&deg;</span></div>
</div>]]></description>
        <TimeStamp>
          <when>2025-08-26T10:20:06+00:00</when>
        </TimeStamp>
        <Style>
          <IconStyle>
            <heading>320</heading>
            <Icon>
              <href>http://maps.google.com/mapfiles/kml/shapes/airports.png</href>
            </Icon>
          </IconStyle>
        </Style>
        <Point>
          <altitudeMode>absolute</altitudeMode>
          <coordinates>-112.164917,33.523571,548.64</coordinates>
        </Point>
      </Placemark>
      <Placemark>
        <name>2025-08-26 10:20:13 UTC</name>
        <description><![CDATA[<div><div><span><b>Altitude:</b></span> <span>1,825 ft</span></div>
<div><span><b>Speed:</b></span> <span>53 kt</span></div>
<div><span><b>Heading:</b></span> <span>317&deg;</span></div>
</div>]]></description>
        <TimeStamp>
          <when>2025-08-26T10:20:13+00:00</when>
        </TimeStamp>
        <Style>
          <IconStyle>
            <heading>317</heading>
            <Icon>
              <href>http://maps.google.com/mapfiles/kml/shapes/airports.png</href>
            </Icon>
          </IconStyle>
        </Style>
        <Point>
          <altitudeMode>absolute</altitudeMode>
          <coordinates>-112.166458,33.525101,556.26</coordinates>
        </Point>
      </Placemark>
      <Placemark>
        <name>2025-08-26 10:20:15 UTC</name>
        <description><![CDATA[<div><div><span><b>Altitude:</b></span> <span>1,825 ft</span></div>
<div><span><b>Speed:</b></span> <span>47 kt</span></div>
<div><span><b>Heading:</b></span> <span>317&deg;</span></div>
</div>]]></description>
        <TimeStamp>
          <when>2025-08-26T10:20:15+00:00</when>
        </TimeStamp>
        <Style>
          <IconStyle>
            <heading>317</heading>
            <Icon>
              <href>http://maps.google.com/mapfiles/kml/shapes/airports.png</href>
            </Icon>
          </IconStyle>
        </Style>
        <Point>
          <altitudeMode>absolute</altitudeMode>
          <coordinates>-112.166824,33.525433,556.26</coordinates>
        </Point>
      </Placemark>
      <Placemark>
        <name>2025-08-26 10:20:17 UTC</name>
        <description><![CDATA[<div><div><span><b>Altitude:</b></span> <span>1,825 ft</span></div>
<div><span><b>Speed:</b></span> <span>43 kt</span></div>
<div><span><b>Heading:</b></span> <span>316&deg;</span></div>
</div>]]></description>
        <TimeStamp>
          <when>2025-08-26T10:20:17+00:00</when>
        </TimeStamp>
        <Style>
          <IconStyle>
            <heading>316</heading>
            <Icon>
              <href>http://maps.google.com/mapfiles/kml/shapes/airports.png</href>
            </Icon>
          </IconStyle>
        </Style>
        <Point>
          <altitudeMode>absolute</altitudeMode>
          <coordinates>-112.167282,33.525833,556.26</coordinates>
        </Point>
      </Placemark>
      <Placemark>
        <name>2025-08-26 10:20:20 UTC</name>
        <description><![CDATA[<div><div><span><b>Altitude:</b></span> <span>1,825 ft</span></div>
<div><span><b>Speed:</b></span> <span>40 kt</span></div>
<div><span><b>Heading:</b></span> <span>315&deg;</span></div>
</div>]]></description>
        <TimeStamp>
          <when>2025-08-26T10:20:20+00:00</when>
        </TimeStamp>
        <Style>
          <IconStyle>
            <heading>315</heading>
            <Icon>
              <href>http://maps.google.com/mapfiles/kml/shapes/airports.png</href>
            </Icon>
          </IconStyle>
        </Style>
        <Point>
          <altitudeMode>absolute</altitudeMode>
          <coordinates>-112.16761,33.526131,556.26</coordinates>
        </Point>
      </Placemark>
      <Placemark>
        <name>2025-08-26 10:20:26 UTC</name>
        <description><![CDATA[<div><div><span><b>Altitude:</b></span> <span>1,800 ft</span></div>
<div><span><b>Speed:</b></span> <span>41 kt</span></div>
<div><span><b>Heading:</b></span> <span>316&deg;</span></div>
</div>]]></description>
        <TimeStamp>
          <when>2025-08-26T10:20:26+00:00</when>
        </TimeStamp>
        <Style>
          <IconStyle>
            <heading>316</heading>
            <Icon>
              <href>http://maps.google.com/mapfiles/kml/shapes/airports.png</href>
            </Icon>
          </IconStyle>
        </Style>
        <Point>
          <altitudeMode>absolute</altitudeMode>
          <coordinates>-112.168671,33.527016,548.64</coordinates>
        </Point>
      </Placemark>
      <Placemark>
        <name>2025-08-26 10:20:30 UTC</name>
        <description><![CDATA[<div><div><span><b>Altitude:</b></span> <span>1,800 ft</span></div>
<div><span><b>Speed:</b></span> <span>42 kt</span></div>
<div><span><b>Heading:</b></span> <span>315&deg;</span></div>
</div>]]></description>
        <TimeStamp>
          <when>2025-08-26T10:20:30+00:00</when>
        </TimeStamp>
        <Style>
          <IconStyle>
            <heading>315</heading>
            <Icon>
              <href>http://maps.google.com/mapfiles/kml/shapes/airports.png</href>
            </Icon>
          </IconStyle>
        </Style>
        <Point>
          <altitudeMode>absolute</altitudeMode>
          <coordinates>-112.169365,33.527664,548.64</coordinates>
        </Point>
      </Placemark>
      <Placemark>
        <name>2025-08-26 10:20:33 UTC</name>
        <description><![CDATA[<div><div><span><b>Altitude:</b></span> <span>1,800 ft</span></div>
<div><span><b>Speed:</b></span> <span>46 kt</span></div>
<div><span><b>Heading:</b></span> <span>312&deg;</span></div>
</div>]]></description>
        <TimeStamp>
          <when>2025-08-26T10:20:33+00:00</when>
        </TimeStamp>
        <Style>
          <IconStyle>
            <heading>312</heading>
            <Icon>
              <href>http://maps.google.com/mapfiles/kml/shapes/airports.png</href>
            </Icon>
          </IconStyle>
        </Style>
        <Point>
          <altitudeMode>absolute</altitudeMode>
          <coordinates>-112.169754,33.527939,548.64</coordinates>
        </Point>
      </Placemark>
      <Placemark>
        <name>2025-08-26 10:20:35 UTC</name>
        <description><![CDATA[<div><div><span><b>Altitude:</b></span> <span>1,775 ft</span></div>
<div><span><b>Speed:</b></span> <span>51 kt</span></div>
<div><span><b>Heading:</b></span> <span>310&deg;</span></div>
</div>]]></description>
        <TimeStamp>
          <when>2025-08-26T10:20:35+00:00</when>
        </TimeStamp>
        <Style>
          <IconStyle>
            <heading>310</heading>
            <Icon>
              <href>http://maps.google.com/mapfiles/kml/shapes/airports.png</href>
            </Icon>
          </IconStyle>
        </Style>
        <Point>
          <altitudeMode>absolute</altitudeMode>
          <coordinates>-112.170082,33.528214,541.02</coordinates>
        </Point>
      </Placemark>
      <Placemark>
        <name>2025-08-26 10:20:37 UTC</name>
        <description><![CDATA[<div><div><span><b>Altitude:</b></span> <span>1,775 ft</span></div>
<div><span><b>Speed:</b></span> <span>56 kt</span></div>
<div><span><b>Heading:</b></span> <span>309&deg;</span></div>
</div>]]></description>
        <TimeStamp>
          <when>2025-08-26T10:20:37+00:00</when>
        </TimeStamp>
        <Style>
          <IconStyle>
            <heading>309</heading>
            <Icon>
              <href>http://maps.google.com/mapfiles/kml/shapes/airports.png</href>
            </Icon>
          </IconStyle>
        </Style>
        <Point>
          <altitudeMode>absolute</altitudeMode>
          <coordinates>-112.170746,33.528645,541.02</coordinates>
        </Point>
      </Placemark>
      <Placemark>
        <name>2025-08-26 10:20:39 UTC</name>
        <description><![CDATA[<div><div><span><b>Altitude:</b></span> <span>1,775 ft</span></div>
<div><span><b>Speed:</b></span> <span>59 kt</span></div>
<div><span><b>Heading:</b></span> <span>310&deg;</span></div>
</div>]]></description>
        <TimeStamp>
          <when>2025-08-26T10:20:39+00:00</when>
        </TimeStamp>
        <Style>
          <IconStyle>
            <heading>310</heading>
            <Icon>
              <href>http://maps.google.com/mapfiles/kml/shapes/airports.png</href>
            </Icon>
          </IconStyle>
        </Style>
        <Point>
          <altitudeMode>absolute</altitudeMode>
          <coordinates>-112.171234,33.528946,541.02</coordinates>
        </Point>
      </Placemark>
      <Placemark>
        <name>2025-08-26 10:20:41 UTC</name>
        <description><![CDATA[<div><div><span><b>Altitude:</b></span> <span>1,800 ft</span></div>
<div><span><b>Speed:</b></span> <span>61 kt</span></div>
<div><span><b>Heading:</b></span> <span>309&deg;</span></div>
</div>]]></description>
        <TimeStamp>
          <when>2025-08-26T10:20:41+00:00</when>
        </TimeStamp>
        <Style>
          <IconStyle>
            <heading>309</heading>
            <Icon>
              <href>http://maps.google.com/mapfiles/kml/shapes/airports.png</href>
            </Icon>
          </IconStyle>
        </Style>
        <Point>
          <altitudeMode>absolute</altitudeMode>
          <coordinates>-112.171837,33.529404,548.64</coordinates>
        </Point>
      </Placemark>
      <Placemark>
        <name>2025-08-26 10:20:43 UTC</name>
        <description><![CDATA[<div><div><span><b>Altitude:</b></span> <span>1,775 ft</span></div>
<div><span><b>Speed:</b></span> <span>65 kt</span></div>
<div><span><b>Heading:</b></span> <span>294&deg;</span></div>
</div>]]></description>
        <TimeStamp>
          <when>2025-08-26T10:20:43+00:00</when>
        </TimeStamp>
        <Style>
          <IconStyle>
            <heading>294</heading>
            <Icon>
              <href>http://maps.google.com/mapfiles/kml/shapes/airports.png</href>
            </Icon>
          </IconStyle>
        </Style>
        <Point>
          <altitudeMode>absolute</altitudeMode>
          <coordinates>-112.172485,33.529716,541.02</coordinates>
        </Point>
      </Placemark>
      <Placemark>
        <name>2025-08-26 10:20:46 UTC</name>
        <description><![CDATA[<div><div><span><b>Altitude:</b></span> <span>1,750 ft</span></div>
<div><span><b>Speed:</b></span> <span>74 kt</span></div>
<div><span><b>Heading:</b></span> <span>266&deg;</span></div>
</div>]]></description>
        <TimeStamp>
          <when>2025-08-26T10:20:46+00:00</when>
        </TimeStamp>
        <Style>
          <IconStyle>
            <heading>266</heading>
            <Icon>
              <href>http://maps.google.com/mapfiles/kml/shapes/airports.png</href>
            </Icon>
          </IconStyle>
        </Style>
        <Point>
          <altitudeMode>absolute</altitudeMode>
          <coordinates>-112.17321,33.529816,533.4</coordinates>
        </Point>
      </Placemark>
      <Placemark>
        <name>2025-08-26 10:20:48 UTC</name>
        <description><![CDATA[<div><div><span><b>Altitude:</b></span> <span>1,700 ft</span></div>
<div><span><b>Speed:</b></span> <span>76 kt</span></div>
<div><span><b>Heading:</b></span> <span>241&deg;</span></div>
</div>]]></description>
        <TimeStamp>
          <when>2025-08-26T10:20:48+00:00</when>
        </TimeStamp>
        <Style>
          <IconStyle>
            <heading>241</heading>
            <Icon>
              <href>http://maps.google.com/mapfiles/kml/shapes/airports.png</href>
            </Icon>
          </IconStyle>
        </Style>
        <Point>
          <altitudeMode>absolute</altitudeMode>
          <coordinates>-112.174278,33.529575,518.16</coordinates>
        </Point>
      </Placemark>
      <Placemark>
        <name>2025-08-26 10:20:50 UTC</name>
        <description><![CDATA[<div><div><span><b>Altitude:</b></span> <span>1,700 ft</span></div>
<div><span><b>Speed:</b></span> <span>75 kt</span></div>
<div><span><b>Heading:</b></span> <span>217&deg;</span></div>
</div>]]></description>
        <TimeStamp>
          <when>2025-08-26T10:20:50+00:00</when>
        </TimeStamp>
        <Style>
          <IconStyle>
            <heading>217</heading>
            <Icon>
              <href>http://maps.google.com/mapfiles/kml/shapes/airports.png</href>
            </Icon>
          </IconStyle>
        </Style>
        <Point>
          <altitudeMode>absolute</altitudeMode>
          <coordinates>-112.174896,33.529018,518.16</coordinates>
        </Point>
      </Placemark>
      <Placemark>
        <name>2025-08-26 10:20:52 UTC</name>
        <description><![CDATA[<div><div><span><b>Altitude:</b></span> <span>1,700 ft</span></div>
<div><span><b>Speed:</b></span> <span>74 kt</span></div>
<div><span><b>Heading:</b></span> <span>190&deg;</span></div>
</div>]]></description>
        <TimeStamp>
          <when>2025-08-26T10:20:52+00:00</when>
        </TimeStamp>
        <Style>
          <IconStyle>
            <heading>190</heading>
            <Icon>
              <href>http://maps.google.com/mapfiles/kml/shapes/airports.png</href>
            </Icon>
          </IconStyle>
        </Style>
        <Point>
          <altitudeMode>absolute</altitudeMode>
          <coordinates>-112.175186,33.528259,518.16</coordinates>
        </Point>
      </Placemark>
      <Placemark>
        <name>2025-08-26 10:20:55 UTC</name>
        <description><![CDATA[<div><div><span><b>Altitude:</b></span> <span>1,700 ft</span></div>
<div><span><b>Speed:</b></span> <span>73 kt</span></div>
<div><span><b>Heading:</b></span> <span>156&deg;</span></div>
</div>]]></description>
        <TimeStamp>
          <when>2025-08-26T10:20:55+00:00</when>
        </TimeStamp>
        <Style>
          <IconStyle>
            <heading>156</heading>
            <Icon>
              <href>http://maps.google.com/mapfiles/kml/shapes/airports.png</href>
            </Icon>
          </IconStyle>
        </Style>
        <Point>
          <altitudeMode>absolute</altitudeMode>
          <coordinates>-112.17495,33.527435,518.16</coordinates>
        </Point>
      </Placemark>
      <Placemark>
        <name>2025-08-26 10:20:57 UTC</name>
        <description><![CDATA[<div><div><span><b>Altitude:</b></span> <span>1,700 ft</span></div>
<div><span><b>Speed:</b></span> <span>71 kt</span></div>
<div><span><b>Heading:</b></span> <span>122&deg;</span></div>
</div>]]></description>
        <TimeStamp>
          <when>2025-08-26T10:20:57+00:00</when>
        </TimeStamp>
        <Style>
          <IconStyle>
            <heading>122</heading>
            <Icon>
              <href>http://maps.google.com/mapfiles/kml/shapes/airports.png</href>
            </Icon>
          </IconStyle>
        </Style>
        <Point>
          <altitudeMode>absolute</altitudeMode>
          <coordinates>-112.174393,33.52697,518.16</coordinates>
        </Point>
      </Placemark>
      <Placemark>
        <name>2025-08-26 10:20:59 UTC</name>
        <description><![CDATA[<div><div><span><b>Altitude:</b></span> <span>1,700 ft</span></div>
<div><span><b>Speed:</b></span> <span>70 kt</span></div>
<div><span><b>Heading:</b></span> <span>94&deg;</span></div>
</div>]]></description>
        <TimeStamp>
          <when>2025-08-26T10:20:59+00:00</when>
        </TimeStamp>
        <Style>
          <IconStyle>
            <heading>94</heading>
            <Icon>
              <href>http://maps.google.com/mapfiles/kml/shapes/airports.png</href>
            </Icon>
          </IconStyle>
        </Style>
        <Point>
          <altitudeMode>absolute</altitudeMode>
          <coordinates>-112.173546,33.526737,518.16</coordinates>
        </Point>
      </Placemark>
      <Placemark>
        <name>2025-08-26 10:21:02 UTC</name>
        <description><![CDATA[<div><div><span><b>Altitude:</b></span> <span>1,700 ft</span></div>
<div><span><b>Speed:</b></span> <span>68 kt</span></div>
<div><span><b>Heading:</b></span> <span>62&deg;</span></div>
</div>]]></description>
        <TimeStamp>
          <when>2025-08-26T10:21:02+00:00</when>
        </TimeStamp>
        <Style>
          <IconStyle>
            <heading>62</heading>
            <Icon>
              <href>http://maps.google.com/mapfiles/kml/shapes/airports.png</href>
            </Icon>
          </IconStyle>
        </Style>
        <Point>
          <altitudeMode>absolute</altitudeMode>
          <coordinates>-112.172707,33.52697,518.16</coordinates>
        </Point>
      </Placemark>
      <Placemark>
        <name>2025-08-26 10:21:04 UTC</name>
        <description><![CDATA[<div><div><span><b>Altitude:</b></span> <span>1,700 ft</span></div>
<div><span><b>Speed:</b></span> <span>70 kt</span></div>
<div><span><b>Heading:</b></span> <span>36&deg;</span></div>
</div>]]></description>
        <TimeStamp>
          <when>2025-08-26T10:21:04+00:00</when>
        </TimeStamp>
        <Style>
          <IconStyle>
            <heading>36</heading>
            <Icon>
              <href>http://maps.google.com/mapfiles/kml/shapes/airports.png</href>
            </Icon>
          </IconStyle>
        </Style>
        <Point>
          <altitudeMode>absolute</altitudeMode>
          <coordinates>-112.172165,33.527435,518.16</coordinates>
        </Point>
      </Placemark>
      <Placemark>
        <name>2025-08-26 10:21:06 UTC</name>
        <description><![CDATA[<div><div><span><b>Altitude:</b></span> <span>1,675 ft</span></div>
<div><span><b>Speed:</b></span> <span>70 kt</span></div>
<div><span><b>Heading:</b></span> <span>358&deg;</span></div>
</div>]]></description>
        <TimeStamp>
          <when>2025-08-26T10:21:06+00:00</when>
        </TimeStamp>
        <Style>
          <IconStyle>
            <heading>358</heading>
            <Icon>
              <href>http://maps.google.com/mapfiles/kml/shapes/airports.png</href>
            </Icon>
          </IconStyle>
        </Style>
        <Point>
          <altitudeMode>absolute</altitudeMode>
          <coordinates>-112.171982,33.528084,510.54</coordinates>
        </Point>
      </Placemark>
      <Placemark>
        <name>2025-08-26 10:21:08 UTC</name>
        <description><![CDATA[<div><div><span><b>Altitude:</b></span> <span>1,675 ft</span></div>
<div><span><b>Speed:</b></span> <span>69 kt</span></div>
<div><span><b>Heading:</b></span> <span>327&deg;</span></div>
</div>]]></description>
        <TimeStamp>
          <when>2025-08-26T10:21:08+00:00</when>
        </TimeStamp>
        <Style>
          <IconStyle>
            <heading>327</heading>
            <Icon>
              <href>http://maps.google.com/mapfiles/kml/shapes/airports.png</href>
            </Icon>
          </IconStyle>
        </Style>
        <Point>
          <altitudeMode>absolute</altitudeMode>
          <coordinates>-112.172279,33.528809,510.54</coordinates>
        </Point>
      </Placemark>
      <Placemark>
        <name>2025-08-26 10:21:10 UTC</name>
        <description><![CDATA[<div><div><span><b>Altitude:</b></span> <span>1,675 ft</span></div>
<div><span><b>Speed:</b></span> <span>69 kt</span></div>
<div><span><b>Heading:</b></span> <span>297&deg;</span></div>
</div>]]></description>
        <TimeStamp>
          <when>2025-08-26T10:21:10+00:00</when>
        </TimeStamp>
        <Style>
          <IconStyle>
            <heading>297</heading>
            <Icon>
              <href>http://maps.google.com/mapfiles/kml/shapes/airports.png</href>
            </Icon>
          </IconStyle>
        </Style>
        <Point>
          <altitudeMode>absolute</altitudeMode>
          <coordinates>-112.172874,33.529202,510.54</coordinates>
        </Point>
      </Placemark>
      <Placemark>
        <name>2025-08-26 10:21:13 UTC</name>
        <description><![CDATA[<div><div><span><b>Altitude:</b></span> <span>1,650 ft</span></div>
<div><span><b>Speed:</b></span> <span>68 kt</span></div>
<div><span><b>Heading:</b></span> <span>259&deg;</span></div>
</div>]]></description>
        <TimeStamp>
          <when>2025-08-26T10:21:13+00:00</when>
        </TimeStamp>
        <Style>
          <IconStyle>
            <heading>259</heading>
            <Icon>
              <href>http://maps.google.com/mapfiles/kml/shapes/airports.png</href>
            </Icon>
          </IconStyle>
        </Style>
        <Point>
          <altitudeMode>absolute</altitudeMode>
          <coordinates>-112.173874,33.529266,502.92</coordinates>
        </Point>
      </Placemark>
      <Placemark>
        <name>2025-08-26 10:21:15 UTC</name>
        <description><![CDATA[<div><div><span><b>Altitude:</b></span> <span>1,650 ft</span></div>
<div><span><b>Speed:</b></span> <span>65 kt</span></div>
<div><span><b>Heading:</b></span> <span>227&deg;</span></div>
</div>]]></description>
        <TimeStamp>
          <when>2025-08-26T10:21:15+00:00</when>
        </TimeStamp>
        <Style>
          <IconStyle>
            <heading>227</heading>
            <Icon>
              <href>http://maps.google.com/mapfiles/kml/shapes/airports.png</href>
            </Icon>
          </IconStyle>
        </Style>
        <Point>
          <altitudeMode>absolute</altitudeMode>
          <coordinates>-112.1745,33.528923,502.92</coordinates>
        </Point>
      </Placemark>
      <Placemark>
        <name>2025-08-26 10:21:17 UTC</name>
        <description><![CDATA[<div><div><span><b>Altitude:</b></span> <span>1,650 ft</span></div>
<div><span><b>Speed:</b></span> <span>64 kt</span></div>
<div><span><b>Heading:</b></span> <span>196&deg;</span></div>
</div>]]></description>
        <TimeStamp>
          <when>2025-08-26T10:21:17+00:00</when>
        </TimeStamp>
        <Style>
          <IconStyle>
            <heading>196</heading>
            <Icon>
              <href>http://maps.google.com/mapfiles/kml/shapes/airports.png</href>
            </Icon>
          </IconStyle>
        </Style>
        <Point>
          <altitudeMode>absolute</altitudeMode>
          <coordinates>-112.174835,33.528316,502.92</coordinates>
        </Point>
      </Placemark>
      <Placemark>
        <name>2025-08-26 10:21:19 UTC</name>
        <description><![CDATA[<div><div><span><b>Altitude:</b></span> <span>1,650 ft</span></div>
<div><span><b>Speed:</b></span> <span>64 kt</span></div>
<div><span><b>Heading:</b></span> <span>163&deg;</span></div>
</div>]]></description>
        <TimeStamp>
          <when>2025-08-26T10:21:19+00:00</when>
        </TimeStamp>
        <Style>
          <IconStyle>
            <heading>163</heading>
            <Icon>
              <href>http://maps.google.com/mapfiles/kml/shapes/airports.png</href>
            </Icon>
          </IconStyle>
        </Style>
        <Point>
          <altitudeMode>absolute</altitudeMode>
          <coordinates>-112.174698,33.527618,502.92</coordinates>
        </Point>
      </Placemark>
      <Placemark>
        <name>2025-08-26 10:21:21 UTC</name>
        <description><![CDATA[<div><div><span><b>Altitude:</b></span> <span>1,650 ft</span></div>
<div><span><b>Speed:</b></span> <span>66 kt</span></div>
<div><span><b>Heading:</b></span> <span>129&deg;</span></div>
</div>]]></description>
        <TimeStamp>
          <when>2025-08-26T10:21:21+00:00</when>
        </TimeStamp>
        <Style>
          <IconStyle>
            <heading>129</heading>
            <Icon>
              <href>http://maps.google.com/mapfiles/kml/shapes/airports.png</href>
            </Icon>
          </IconStyle>
        </Style>
        <Point>
          <altitudeMode>absolute</altitudeMode>
          <coordinates>-112.174255,33.527161,502.92</coordinates>
        </Point>
      </Placemark>
      <Placemark>
        <name>2025-08-26 10:21:24 UTC</name>
        <description><![CDATA[<div><div><span><b>Altitude:</b></span> <span>1,650 ft</span></div>
<div><span><b>Speed:</b></span> <span>65 kt</span></div>
<div><span><b>Heading:</b></span> <span>94&deg;</span></div>
</div>]]></description>
        <TimeStamp>
          <when>2025-08-26T10:21:24+00:00</when>
        </TimeStamp>
        <Style>
          <IconStyle>
            <heading>94</heading>
            <Icon>
              <href>http://maps.google.com/mapfiles/kml/shapes/airports.png</href>
            </Icon>
          </IconStyle>
        </Style>
        <Point>
          <altitudeMode>absolute</altitudeMode>
          <coordinates>-112.173599,33.526932,502.92</coordinates>
        </Point>
      </Placemark>
      <Placemark>
        <name>2025-08-26 10:21:26 UTC</name>
        <description><![CDATA[<div><div><span><b>Altitude:</b></span> <span>1,650 ft</span></div>
<div><span><b>Speed:</b></span> <span>62 kt</span></div>
<div><span><b>Heading:</b></span> <span>69&deg;</span></div>
</div>]]></description>
        <TimeStamp>
          <when>2025-08-26T10:21:26+00:00</when>
        </TimeStamp>
        <Style>
          <IconStyle>
            <heading>69</heading>
            <Icon>
              <href>http://maps.google.com/mapfiles/kml/shapes/airports.png</href>
            </Icon>
          </IconStyle>
        </Style>
        <Point>
          <altitudeMode>absolute</altitudeMode>
          <coordinates>-112.172874,33.527016,502.92</coordinates>
        </Point>
      </Placemark>
      <Placemark>
        <name>2025-08-26 10:21:28 UTC</name>
        <description><![CDATA[<div><div><span><b>Altitude:</b></span> <span>1,650 ft</span></div>
<div><span><b>Speed:</b></span> <span>63 kt</span></div>
<div><span><b>Heading:</b></span> <span>34&deg;</span></div>
</div>]]></description>
        <TimeStamp>
          <when>2025-08-26T10:21:28+00:00</when>
        </TimeStamp>
        <Style>
          <IconStyle>
            <heading>34</heading>
            <Icon>
              <href>http://maps.google.com/mapfiles/kml/shapes/airports.png</href>
            </Icon>
          </IconStyle>
        </Style>
        <Point>
          <altitudeMode>absolute</altitudeMode>
          <coordinates>-112.172333,33.527435,502.92</coordinates>
        </Point>
      </Placemark>
      <Placemark>
        <name>2025-08-26 10:21:30 UTC</name>
        <description><![CDATA[<div><div><span><b>Altitude:</b></span> <span>1,650 ft</span></div>
<div><span><b>Speed:</b></span> <span>64 kt</span></div>
<div><span><b>Heading:</b></span> <span>354&deg;</span></div>
</div>]]></description>
        <TimeStamp>
          <when>2025-08-26T10:21:30+00:00</when>
        </TimeStamp>
        <Style>
          <IconStyle>
            <heading>354</heading>
            <Icon>
              <href>http://maps.google.com/mapfiles/kml/shapes/airports.png</href>
            </Icon>
          </IconStyle>
        </Style>
        <Point>
          <altitudeMode>absolute</altitudeMode>
          <coordinates>-112.172058,33.528122,502.92</coordinates>
        </Point>
      </Placemark>
      <Placemark>
        <name>2025-08-26 10:21:33 UTC</name>
        <description><![CDATA[<div><div><span><b>Altitude:</b></span> <span>1,650 ft</span></div>
<div><span><b>Speed:</b></span> <span>65 kt</span></div>
<div><span><b>Heading:</b></span> <span>328&deg;</span></div>
</div>]]></description>
        <TimeStamp>
          <when>2025-08-26T10:21:33+00:00</when>
        </TimeStamp>
        <Style>
          <IconStyle>
            <heading>328</heading>
            <Icon>
              <href>http://maps.google.com/mapfiles/kml/shapes/airports.png</href>
            </Icon>
          </IconStyle>
        </Style>
        <Point>
          <altitudeMode>absolute</altitudeMode>
          <coordinates>-112.172318,33.528831,502.92</coordinates>
        </Point>
      </Placemark>
      <Placemark>
        <name>2025-08-26 10:21:35 UTC</name>
        <description><![CDATA[<div><div><span><b>Altitude:</b></span> <span>1,650 ft</span></div>
<div><span><b>Speed:</b></span> <span>64 kt</span></div>
<div><span><b>Heading:</b></span> <span>300&deg;</span></div>
</div>]]></description>
        <TimeStamp>
          <when>2025-08-26T10:21:35+00:00</when>
        </TimeStamp>
        <Style>
          <IconStyle>
            <heading>300</heading>
            <Icon>
              <href>http://maps.google.com/mapfiles/kml/shapes/airports.png</href>
            </Icon>
          </IconStyle>
        </Style>
        <Point>
          <altitudeMode>absolute</altitudeMode>
          <coordinates>-112.172882,33.529221,502.92</coordinates>
        </Point>
      </Placemark>
      <Placemark>
        <name>2025-08-26 10:21:37 UTC</name>
        <description><![CDATA[<div><div><span><b>Altitude:</b></span> <span>1,650 ft</span></div>
<div><span><b>Speed:</b></span> <span>64 kt</span></div>
<div><span><b>Heading:</b></span> <span>275&deg;</span></div>
</div>]]></description>
        <TimeStamp>
          <when>2025-08-26T10:21:37+00:00</when>
        </TimeStamp>
        <Style>
          <IconStyle>
            <heading>275</heading>
            <Icon>
              <href>http://maps.google.com/mapfiles/kml/shapes/airports.png</href>
            </Icon>
          </IconStyle>
        </Style>
        <Point>
          <altitudeMode>absolute</altitudeMode>
          <coordinates>-112.173538,33.529404,502.92</coordinates>
        </Point>
      </Placemark>
      <Placemark>
        <name>2025-08-26 10:21:39 UTC</name>
        <description><![CDATA[<div><div><span><b>Altitude:</b></span> <span>1,650 ft</span></div>
<div><span><b>Speed:</b></span> <span>65 kt</span></div>
<div><span><b>Heading:</b></span> <span>246&deg;</span></div>
</div>]]></description>
        <TimeStamp>
          <when>2025-08-26T10:21:39+00:00</when>
        </TimeStamp>
        <Style>
          <IconStyle>
            <heading>246</heading>
            <Icon>
              <href>http://maps.google.com/mapfiles/kml/shapes/airports.png</href>
            </Icon>
          </IconStyle>
        </Style>
        <Point>
          <altitudeMode>absolute</altitudeMode>
          <coordinates>-112.174225,33.529297,502.92</coordinates>
        </Point>
      </Placemark>
      <Placemark>
        <name>2025-08-26 10:21:41 UTC</name>
        <description><![CDATA[<div><div><span><b>Altitude:</b></span> <span>1,675 ft</span></div>
<div><span><b>Speed:</b></span> <span>64 kt</span></div>
<div><span><b>Heading:</b></span> <span>218&deg;</span></div>
</div>]]></description>
        <TimeStamp>
          <when>2025-08-26T10:21:41+00:00</when>
        </TimeStamp>
        <Style>
          <IconStyle>
            <heading>218</heading>
            <Icon>
              <href>http://maps.google.com/mapfiles/kml/shapes/airports.png</href>
            </Icon>
          </IconStyle>
        </Style>
        <Point>
          <altitudeMode>absolute</altitudeMode>
          <coordinates>-112.17495,33.528831,510.54</coordinates>
        </Point>
      </Placemark>
      <Placemark>
        <name>2025-08-26 10:21:43 UTC</name>
        <description><![CDATA[<div><div><span><b>Altitude:</b></span> <span>1,675 ft</span></div>
<div><span><b>Speed:</b></span> <span>66 kt</span></div>
<div><span><b>Heading:</b></span> <span>192&deg;</span></div>
</div>]]></description>
        <TimeStamp>
          <when>2025-08-26T10:21:43+00:00</when>
        </TimeStamp>
        <Style>
          <IconStyle>
            <heading>192</heading>
            <Icon>
              <href>http://maps.google.com/mapfiles/kml/shapes/airports.png</href>
            </Icon>
          </IconStyle>
        </Style>
        <Point>
          <altitudeMode>absolute</altitudeMode>
          <coordinates>-112.175232,33.528133,510.54</coordinates>
        </Point>
      </Placemark>
      <Placemark>
        <name>2025-08-26 10:21:46 UTC</name>
        <description><![CDATA[<div><div><span><b>Altitude:</b></span> <span>1,675 ft</span></div>
<div><span><b>Speed:</b></span> <span>67 kt</span></div>
<div><span><b>Heading:</b></span> <span>166&deg;</span></div>
</div>]]></description>
        <TimeStamp>
          <when>2025-08-26T10:21:46+00:00</when>
        </TimeStamp>
        <Style>
          <IconStyle>
            <heading>166</heading>
            <Icon>
              <href>http://maps.google.com/mapfiles/kml/shapes/airports.png</href>
            </Icon>
          </IconStyle>
        </Style>
        <Point>
          <altitudeMode>absolute</altitudeMode>
          <coordinates>-112.175133,33.527618,510.54</coordinates>
        </Point>
      </Placemark>
      <Placemark>
        <name>2025-08-26 10:21:48 UTC</name>
        <description><![CDATA[<div><div><span><b>Altitude:</b></span> <span>1,650 ft</span></div>
<div><span><b>Speed:</b></span> <span>70 kt</span></div>
<div><span><b>Heading:</b></span> <span>144&deg;</span></div>
</div>]]></description>
        <TimeStamp>
          <when>2025-08-26T10:21:48+00:00</when>
        </TimeStamp>
        <Style>
          <IconStyle>
            <heading>144</heading>
            <Icon>
              <href>http://maps.google.com/mapfiles/kml/shapes/airports.png</href>
            </Icon>
          </IconStyle>
        </Style>
        <Point>
          <altitudeMode>absolute</altitudeMode>
          <coordinates>-112.174782,33.527016,502.92</coordinates>
        </Point>
      </Placemark>
      <Placemark>
        <name>2025-08-26 10:21:50 UTC</name>
        <description><![CDATA[<div><div><span><b>Altitude:</b></span> <span>1,650 ft</span></div>
<div><span><b>Speed:</b></span> <span>70 kt</span></div>
<div><span><b>Heading:</b></span> <span>119&deg;</span></div>
</div>]]></description>
        <TimeStamp>
          <when>2025-08-26T10:21:50+00:00</when>
        </TimeStamp>
        <Style>
          <IconStyle>
            <heading>119</heading>
            <Icon>
              <href>http://maps.google.com/mapfiles/kml/shapes/airports.png</href>
            </Icon>
          </IconStyle>
        </Style>
        <Point>
          <altitudeMode>absolute</altitudeMode>
          <coordinates>-112.173981,33.526474,502.92</coordinates>
        </Point>
      </Placemark>
      <Placemark>
        <name>2025-08-26 10:21:52 UTC</name>
        <description><![CDATA[<div><div><span><b>Altitude:</b></span> <span>1,675 ft</span></div>
<div><span><b>Speed:</b></span> <span>71 kt</span></div>
<div><span><b>Heading:</b></span> <span>89&deg;</span></div>
</div>]]></description>
        <TimeStamp>
          <when>2025-08-26T10:21:52+00:00</when>
        </TimeStamp>
        <Style>
          <IconStyle>
            <heading>89</heading>
            <Icon>
              <href>http://maps.google.com/mapfiles/kml/shapes/airports.png</href>
            </Icon>
          </IconStyle>
        </Style>
        <Point>
          <altitudeMode>absolute</altitudeMode>
          <coordinates>-112.17321,33.526382,510.54</coordinates>
        </Point>
      </Placemark>
      <Placemark>
        <name>2025-08-26 10:21:54 UTC</name>
        <description><![CDATA[<div><div><span><b>Altitude:</b></span> <span>1,675 ft</span></div>
<div><span><b>Speed:</b></span> <span>71 kt</span></div>
<div><span><b>Heading:</b></span> <span>63&deg;</span></div>
</div>]]></description>
        <TimeStamp>
          <when>2025-08-26T10:21:54+00:00</when>
        </TimeStamp>
        <Style>
          <IconStyle>
            <heading>63</heading>
            <Icon>
              <href>http://maps.google.com/mapfiles/kml/shapes/airports.png</href>
            </Icon>
          </IconStyle>
        </Style>
        <Point>
          <altitudeMode>absolute</altitudeMode>
          <coordinates>-112.172424,33.52655,510.54</coordinates>
        </Point>
      </Placemark>
      <Placemark>
        <name>2025-08-26 10:21:57 UTC</name>
        <description><![CDATA[<div><div><span><b>Altitude:</b></span> <span>1,675 ft</span></div>
<div><span><b>Speed:</b></span> <span>72 kt</span></div>
<div><span><b>Heading:</b></span> <span>25&deg;</span></div>
</div>]]></description>
        <TimeStamp>
          <when>2025-08-26T10:21:57+00:00</when>
        </TimeStamp>
        <Style>
          <IconStyle>
            <heading>25</heading>
            <Icon>
              <href>http://maps.google.com/mapfiles/kml/shapes/airports.png</href>
            </Icon>
          </IconStyle>
        </Style>
        <Point>
          <altitudeMode>absolute</altitudeMode>
          <coordinates>-112.171753,33.527107,510.54</coordinates>
        </Point>
      </Placemark>
      <Placemark>
        <name>2025-08-26 10:21:59 UTC</name>
        <description><![CDATA[<div><div><span><b>Altitude:</b></span> <span>1,650 ft</span></div>
<div><span><b>Speed:</b></span> <span>76 kt</span></div>
<div><span><b>Heading:</b></span> <span>3&deg;</span></div>
</div>]]></description>
        <TimeStamp>
          <when>2025-08-26T10:21:59+00:00</when>
        </TimeStamp>
        <Style>
          <IconStyle>
            <heading>3</heading>
            <Icon>
              <href>http://maps.google.com/mapfiles/kml/shapes/airports.png</href>
            </Icon>
          </IconStyle>
        </Style>
        <Point>
          <altitudeMode>absolute</altitudeMode>
          <coordinates>-112.171562,33.527802,502.92</coordinates>
        </Point>
      </Placemark>
      <Placemark>
        <name>2025-08-26 10:22:01 UTC</name>
        <description><![CDATA[<div><div><span><b>Altitude:</b></span> <span>1,675 ft</span></div>
<div><span><b>Speed:</b></span> <span>76 kt</span></div>
<div><span><b>Heading:</b></span> <span>331&deg;</span></div>
</div>]]></description>
        <TimeStamp>
          <when>2025-08-26T10:22:01+00:00</when>
        </TimeStamp>
        <Style>
          <IconStyle>
            <heading>331</heading>
            <Icon>
              <href>http://maps.google.com/mapfiles/kml/shapes/airports.png</href>
            </Icon>
          </IconStyle>
        </Style>
        <Point>
          <altitudeMode>absolute</altitudeMode>
          <coordinates>-112.171753,33.528549,510.54</coordinates>
        </Point>
      </Placemark>
      <Placemark>
        <name>2025-08-26 10:22:03 UTC</name>
        <description><![CDATA[<div><div><span><b>Altitude:</b></span> <span>1,675 ft</span></div>
<div><span><b>Speed:</b></span> <span>75 kt</span></div>
<div><span><b>Heading:</b></span> <span>310&deg;</span></div>
</div>]]></description>
        <TimeStamp>
          <when>2025-08-26T10:22:03+00:00</when>
        </TimeStamp>
        <Style>
          <IconStyle>
            <heading>310</heading>
            <Icon>
              <href>http://maps.google.com/mapfiles/kml/shapes/airports.png</href>
            </Icon>
          </IconStyle>
        </Style>
        <Point>
          <altitudeMode>absolute</altitudeMode>
          <coordinates>-112.172371,33.529202,510.54</coordinates>
        </Point>
      </Placemark>
      <Placemark>
        <name>2025-08-26 10:22:05 UTC</name>
        <description><![CDATA[<div><div><span><b>Altitude:</b></span> <span>1,675 ft</span></div>
<div><span><b>Speed:</b></span> <span>73 kt</span></div>
<div><span><b>Heading:</b></span> <span>282&deg;</span></div>
</div>]]></description>
        <TimeStamp>
          <when>2025-08-26T10:22:05+00:00</when>
        </TimeStamp>
        <Style>
          <IconStyle>
            <heading>282</heading>
            <Icon>
              <href>http://maps.google.com/mapfiles/kml/shapes/airports.png</href>
            </Icon>
          </IconStyle>
        </Style>
        <Point>
          <altitudeMode>absolute</altitudeMode>
          <coordinates>-112.173103,33.529495,510.54</coordinates>
        </Point>
      </Placemark>
      <Placemark>
        <name>2025-08-26 10:22:07 UTC</name>
        <description><![CDATA[<div><div><span><b>Altitude:</b></span> <span>1,675 ft</span></div>
<div><span><b>Speed:</b></span> <span>71 kt</span></div>
<div><span><b>Heading:</b></span> <span>252&deg;</span></div>
</div>]]></description>
        <TimeStamp>
          <when>2025-08-26T10:22:07+00:00</when>
        </TimeStamp>
        <Style>
          <IconStyle>
            <heading>252</heading>
            <Icon>
              <href>http://maps.google.com/mapfiles/kml/shapes/airports.png</href>
            </Icon>
          </IconStyle>
        </Style>
        <Point>
          <altitudeMode>absolute</altitudeMode>
          <coordinates>-112.173943,33.529484,510.54</coordinates>
        </Point>
      </Placemark>
      <Placemark>
        <name>2025-08-26 10:22:10 UTC</name>
        <description><![CDATA[<div><div><span><b>Altitude:</b></span> <span>1,675 ft</span></div>
<div><span><b>Speed:</b></span> <span>71 kt</span></div>
<div><span><b>Heading:</b></span> <span>222&deg;</span></div>
</div>]]></description>
        <TimeStamp>
          <when>2025-08-26T10:22:10+00:00</when>
        </TimeStamp>
        <Style>
          <IconStyle>
            <heading>222</heading>
            <Icon>
              <href>http://maps.google.com/mapfiles/kml/shapes/airports.png</href>
            </Icon>
          </IconStyle>
        </Style>
        <Point>
          <altitudeMode>absolute</altitudeMode>
          <coordinates>-112.174637,33.529129,510.54</coordinates>
        </Point>
      </Placemark>
      <Placemark>
        <name>2025-08-26 10:22:12 UTC</name>
        <description><![CDATA[<div><div><span><b>Altitude:</b></span> <span>1,650 ft</span></div>
<div><span><b>Speed:</b></span> <span>72 kt</span></div>
<div><span><b>Heading:</b></span> <span>193&deg;</span></div>
</div>]]></description>
        <TimeStamp>
          <when>2025-08-26T10:22:12+00:00</when>
        </TimeStamp>
        <Style>
          <IconStyle>
            <heading>193</heading>
            <Icon>
              <href>http://maps.google.com/mapfiles/kml/shapes/airports.png</href>
            </Icon>
          </IconStyle>
        </Style>
        <Point>
          <altitudeMode>absolute</altitudeMode>
          <coordinates>-112.175026,33.528488,502.92</coordinates>
        </Point>
      </Placemark>
      <Placemark>
        <name>2025-08-26 10:22:14 UTC</name>
        <description><![CDATA[<div><div><span><b>Altitude:</b></span> <span>1,650 ft</span></div>
<div><span><b>Speed:</b></span> <span>71 kt</span></div>
<div><span><b>Heading:</b></span> <span>165&deg;</span></div>
</div>]]></description>
        <TimeStamp>
          <when>2025-08-26T10:22:14+00:00</when>
        </TimeStamp>
        <Style>
          <IconStyle>
            <heading>165</heading>
            <Icon>
              <href>http://maps.google.com/mapfiles/kml/shapes/airports.png</href>
            </Icon>
          </IconStyle>
        </Style>
        <Point>
          <altitudeMode>absolute</altitudeMode>
          <coordinates>-112.174973,33.527664,502.92</coordinates>
        </Point>
      </Placemark>
      <Placemark>
        <name>2025-08-26 10:22:16 UTC</name>
        <description><![CDATA[<div><div><span><b>Altitude:</b></span> <span>1,650 ft</span></div>
<div><span><b>Speed:</b></span> <span>69 kt</span></div>
<div><span><b>Heading:</b></span> <span>129&deg;</span></div>
</div>]]></description>
        <TimeStamp>
          <when>2025-08-26T10:22:16+00:00</when>
        </TimeStamp>
        <Style>
          <IconStyle>
            <heading>129</heading>
            <Icon>
              <href>http://maps.google.com/mapfiles/kml/shapes/airports.png</href>
            </Icon>
          </IconStyle>
        </Style>
        <Point>
          <altitudeMode>absolute</altitudeMode>
          <coordinates>-112.17453,33.527161,502.92</coordinates>
        </Point>
      </Placemark>
      <Placemark>
        <name>2025-08-26 10:22:18 UTC</name>
        <description><![CDATA[<div><div><span><b>Altitude:</b></span> <span>1,650 ft</span></div>
<div><span><b>Speed:</b></span> <span>67 kt</span></div>
<div><span><b>Heading:</b></span> <span>98&deg;</span></div>
</div>]]></description>
        <TimeStamp>
          <when>2025-08-26T10:22:18+00:00</when>
        </TimeStamp>
        <Style>
          <IconStyle>
            <heading>98</heading>
            <Icon>
              <href>http://maps.google.com/mapfiles/kml/shapes/airports.png</href>
            </Icon>
          </IconStyle>
        </Style>
        <Point>
          <altitudeMode>absolute</altitudeMode>
          <coordinates>-112.173607,33.526829,502.92</coordinates>
        </Point>
      </Placemark>
      <Placemark>
        <name>2025-08-26 10:22:21 UTC</name>
        <description><![CDATA[<div><div><span><b>Altitude:</b></span> <span>1,650 ft</span></div>
<div><span><b>Speed:</b></span> <span>68 kt</span></div>
<div><span><b>Heading:</b></span> <span>65&deg;</span></div>
</div>]]></description>
        <TimeStamp>
          <when>2025-08-26T10:22:21+00:00</when>
        </TimeStamp>
        <Style>
          <IconStyle>
            <heading>65</heading>
            <Icon>
              <href>http://maps.google.com/mapfiles/kml/shapes/airports.png</href>
            </Icon>
          </IconStyle>
        </Style>
        <Point>
          <altitudeMode>absolute</altitudeMode>
          <coordinates>-112.17305,33.526932,502.92</coordinates>
        </Point>
      </Placemark>
      <Placemark>
        <name>2025-08-26 10:22:23 UTC</name>
        <description><![CDATA[<div><div><span><b>Altitude:</b></span> <span>1,625 ft</span></div>
<div><span><b>Speed:</b></span> <span>68 kt</span></div>
<div><span><b>Heading:</b></span> <span>37&deg;</span></div>
</div>]]></description>
        <TimeStamp>
          <when>2025-08-26T10:22:23+00:00</when>
        </TimeStamp>
        <Style>
          <IconStyle>
            <heading>37</heading>
            <Icon>
              <href>http://maps.google.com/mapfiles/kml/shapes/airports.png</href>
            </Icon>
          </IconStyle>
        </Style>
        <Point>
          <altitudeMode>absolute</altitudeMode>
          <coordinates>-112.172333,33.527344,495.3</coordinates>
        </Point>
      </Placemark>
      <Placemark>
        <name>2025-08-26 10:22:25 UTC</name>
        <description><![CDATA[<div><div><span><b>Altitude:</b></span> <span>1,650 ft</span></div>
<div><span><b>Speed:</b></span> <span>67 kt</span></div>
<div><span><b>Heading:</b></span> <span>6&deg;</span></div>
</div>]]></description>
        <TimeStamp>
          <when>2025-08-26T10:22:25+00:00</when>
        </TimeStamp>
        <Style>
          <IconStyle>
            <heading>6</heading>
            <Icon>
              <href>http://maps.google.com/mapfiles/kml/shapes/airports.png</href>
            </Icon>
          </IconStyle>
        </Style>
        <Point>
          <altitudeMode>absolute</altitudeMode>
          <coordinates>-112.172035,33.528084,502.92</coordinates>
        </Point>
      </Placemark>
      <Placemark>
        <name>2025-08-26 10:22:27 UTC</name>
        <description><![CDATA[<div><div><span><b>Altitude:</b></span> <span>1,650 ft</span></div>
<div><span><b>Speed:</b></span> <span>66 kt</span></div>
<div><span><b>Heading:</b></span> <span>334&deg;</span></div>
</div>]]></description>
        <TimeStamp>
          <when>2025-08-26T10:22:27+00:00</when>
        </TimeStamp>
        <Style>
          <IconStyle>
            <heading>334</heading>
            <Icon>
              <href>http://maps.google.com/mapfiles/kml/shapes/airports.png</href>
            </Icon>
          </IconStyle>
        </Style>
        <Point>
          <altitudeMode>absolute</altitudeMode>
          <coordinates>-112.172333,33.528763,502.92</coordinates>
        </Point>
      </Placemark>
      <Placemark>
        <name>2025-08-26 10:22:29 UTC</name>
        <description><![CDATA[<div><div><span><b>Altitude:</b></span> <span>1,650 ft</span></div>
<div><span><b>Speed:</b></span> <span>67 kt</span></div>
<div><span><b>Heading:</b></span> <span>301&deg;</span></div>
</div>]]></description>
        <TimeStamp>
          <when>2025-08-26T10:22:29+00:00</when>
        </TimeStamp>
        <Style>
          <IconStyle>
            <heading>301</heading>
            <Icon>
              <href>http://maps.google.com/mapfiles/kml/shapes/airports.png</href>
            </Icon>
          </IconStyle>
        </Style>
        <Point>
          <altitudeMode>absolute</altitudeMode>
          <coordinates>-112.172768,33.529064,502.92</coordinates>
        </Point>
      </Placemark>
      <Placemark>
        <name>2025-08-26 10:22:31 UTC</name>
        <description><![CDATA[<div><div><span><b>Altitude:</b></span> <span>1,650 ft</span></div>
<div><span><b>Speed:</b></span> <span>68 kt</span></div>
<div><span><b>Heading:</b></span> <span>271&deg;</span></div>
</div>]]></description>
        <TimeStamp>
          <when>2025-08-26T10:22:31+00:00</when>
        </TimeStamp>
        <Style>
          <IconStyle>
            <heading>271</heading>
            <Icon>
              <href>http://maps.google.com/mapfiles/kml/shapes/airports.png</href>
            </Icon>
          </IconStyle>
        </Style>
        <Point>
          <altitudeMode>absolute</altitudeMode>
          <coordinates>-112.17366,33.529251,502.92</coordinates>
        </Point>
      </Placemark>
      <Placemark>
        <name>2025-08-26 10:22:34 UTC</name>
        <description><![CDATA[<div><div><span><b>Altitude:</b></span> <span>1,650 ft</span></div>
<div><span><b>Speed:</b></span> <span>67 kt</span></div>
<div><span><b>Heading:</b></span> <span>231&deg;</span></div>
</div>]]></description>
        <TimeStamp>
          <when>2025-08-26T10:22:34+00:00</when>
        </TimeStamp>
        <Style>
          <IconStyle>
            <heading>231</heading>
            <Icon>
              <href>http://maps.google.com/mapfiles/kml/shapes/airports.png</href>
            </Icon>
          </IconStyle>
        </Style>
        <Point>
          <altitudeMode>absolute</altitudeMode>
          <coordinates>-112.174309,33.529037,502.92</coordinates>
        </Point>
      </Placemark>
      <Placemark>
        <name>2025-08-26 10:22:36 UTC</name>
        <description><![CDATA[<div><div><span><b>Altitude:</b></span> <span>1,625 ft</span></div>
<div><span><b>Speed:</b></span> <span>66 kt</span></div>
<div><span><b>Heading:</b></span> <span>201&deg;</span></div>
</div>]]></description>
        <TimeStamp>
          <when>2025-08-26T10:22:36+00:00</when>
        </TimeStamp>
        <Style>
          <IconStyle>
            <heading>201</heading>
            <Icon>
              <href>http://maps.google.com/mapfiles/kml/shapes/airports.png</href>
            </Icon>
          </IconStyle>
        </Style>
        <Point>
          <altitudeMode>absolute</altitudeMode>
          <coordinates>-112.174896,33.528366,495.3</coordinates>
        </Point>
      </Placemark>
      <Placemark>
        <name>2025-08-26 10:22:38 UTC</name>
        <description><![CDATA[<div><div><span><b>Altitude:</b></span> <span>1,625 ft</span></div>
<div><span><b>Speed:</b></span> <span>63 kt</span></div>
<div><span><b>Heading:</b></span> <span>161&deg;</span></div>
</div>]]></description>
        <TimeStamp>
          <when>2025-08-26T10:22:38+00:00</when>
        </TimeStamp>
        <Style>
          <IconStyle>
            <heading>161</heading>
            <Icon>
              <href>http://maps.google.com/mapfiles/kml/shapes/airports.png</href>
            </Icon>
          </IconStyle>
        </Style>
        <Point>
          <altitudeMode>absolute</altitudeMode>
          <coordinates>-112.174858,33.527802,495.3</coordinates>
        </Point>
      </Placemark>
      <Placemark>
        <name>2025-08-26 10:22:40 UTC</name>
        <description><![CDATA[<div><div><span><b>Altitude:</b></span> <span>1,625 ft</span></div>
<div><span><b>Speed:</b></span> <span>63 kt</span></div>
<div><span><b>Heading:</b></span> <span>132&deg;</span></div>
</div>]]></description>
        <TimeStamp>
          <when>2025-08-26T10:22:40+00:00</when>
        </TimeStamp>
        <Style>
          <IconStyle>
            <heading>132</heading>
            <Icon>
              <href>http://maps.google.com/mapfiles/kml/shapes/airports.png</href>
            </Icon>
          </IconStyle>
        </Style>
        <Point>
          <altitudeMode>absolute</altitudeMode>
          <coordinates>-112.17453,33.527298,495.3</coordinates>
        </Point>
      </Placemark>
      <Placemark>
        <name>2025-08-26 10:22:43 UTC</name>
        <description><![CDATA[<div><div><span><b>Altitude:</b></span> <span>1,625 ft</span></div>
<div><span><b>Speed:</b></span> <span>64 kt</span></div>
<div><span><b>Heading:</b></span> <span>104&deg;</span></div>
</div>]]></description>
        <TimeStamp>
          <when>2025-08-26T10:22:43+00:00</when>
        </TimeStamp>
        <Style>
          <IconStyle>
            <heading>104</heading>
            <Icon>
              <href>http://maps.google.com/mapfiles/kml/shapes/airports.png</href>
            </Icon>
          </IconStyle>
        </Style>
        <Point>
          <altitudeMode>absolute</altitudeMode>
          <coordinates>-112.17366,33.52697,495.3</coordinates>
        </Point>
      </Placemark>
      <Placemark>
        <name>2025-08-26 10:22:45 UTC</name>
        <description><![CDATA[<div><div><span><b>Altitude:</b></span> <span>1,625 ft</span></div>
<div><span><b>Speed:</b></span> <span>65 kt</span></div>
<div><span><b>Heading:</b></span> <span>67&deg;</span></div>
</div>]]></description>
        <TimeStamp>
          <when>2025-08-26T10:22:45+00:00</when>
        </TimeStamp>
        <Style>
          <IconStyle>
            <heading>67</heading>
            <Icon>
              <href>http://maps.google.com/mapfiles/kml/shapes/airports.png</href>
            </Icon>
          </IconStyle>
        </Style>
        <Point>
          <altitudeMode>absolute</altitudeMode>
          <coordinates>-112.173042,33.527016,495.3</coordinates>
        </Point>
      </Placemark>
      <Placemark>
        <name>2025-08-26 10:22:47 UTC</name>
        <description><![CDATA[<div><div><span><b>Altitude:</b></span> <span>1,625 ft</span></div>
<div><span><b>Speed:</b></span> <span>64 kt</span></div>
<div><span><b>Heading:</b></span> <span>31&deg;</span></div>
</div>]]></description>
        <TimeStamp>
          <when>2025-08-26T10:22:47+00:00</when>
        </TimeStamp>
        <Style>
          <IconStyle>
            <heading>31</heading>
            <Icon>
              <href>http://maps.google.com/mapfiles/kml/shapes/airports.png</href>
            </Icon>
          </IconStyle>
        </Style>
        <Point>
          <altitudeMode>absolute</altitudeMode>
          <coordinates>-112.172371,33.527435,495.3</coordinates>
        </Point>
      </Placemark>
      <Placemark>
        <name>2025-08-26 10:22:49 UTC</name>
        <description><![CDATA[<div><div><span><b>Altitude:</b></span> <span>1,625 ft</span></div>
<div><span><b>Speed:</b></span> <span>66 kt</span></div>
<div><span><b>Heading:</b></span> <span>2&deg;</span></div>
</div>]]></description>
        <TimeStamp>
          <when>2025-08-26T10:22:49+00:00</when>
        </TimeStamp>
        <Style>
          <IconStyle>
            <heading>2</heading>
            <Icon>
              <href>http://maps.google.com/mapfiles/kml/shapes/airports.png</href>
            </Icon>
          </IconStyle>
        </Style>
        <Point>
          <altitudeMode>absolute</altitudeMode>
          <coordinates>-112.172112,33.52803,495.3</coordinates>
        </Point>
      </Placemark>
      <Placemark>
        <name>2025-08-26 10:22:51 UTC</name>
        <description><![CDATA[<div><div><span><b>Altitude:</b></span> <span>1,625 ft</span></div>
<div><span><b>Speed:</b></span> <span>66 kt</span></div>
<div><span><b>Heading:</b></span> <span>332&deg;</span></div>
</div>]]></description>
        <TimeStamp>
          <when>2025-08-26T10:22:51+00:00</when>
        </TimeStamp>
        <Style>
          <IconStyle>
            <heading>332</heading>
            <Icon>
              <href>http://maps.google.com/mapfiles/kml/shapes/airports.png</href>
            </Icon>
          </IconStyle>
        </Style>
        <Point>
          <altitudeMode>absolute</altitudeMode>
          <coordinates>-112.172279,33.528717,495.3</coordinates>
        </Point>
      </Placemark>
      <Placemark>
        <name>2025-08-26 10:22:54 UTC</name>
        <description><![CDATA[<div><div><span><b>Altitude:</b></span> <span>1,625 ft</span></div>
<div><span><b>Speed:</b></span> <span>66 kt</span></div>
<div><span><b>Heading:</b></span> <span>295&deg;</span></div>
</div>]]></description>
        <TimeStamp>
          <when>2025-08-26T10:22:54+00:00</when>
        </TimeStamp>
        <Style>
          <IconStyle>
            <heading>295</heading>
            <Icon>
              <href>http://maps.google.com/mapfiles/kml/shapes/airports.png</href>
            </Icon>
          </IconStyle>
        </Style>
        <Point>
          <altitudeMode>absolute</altitudeMode>
          <coordinates>-112.172935,33.529175,495.3</coordinates>
        </Point>
      </Placemark>
      <Placemark>
        <name>2025-08-26 10:22:56 UTC</name>
        <description><![CDATA[<div><div><span><b>Altitude:</b></span> <span>1,625 ft</span></div>
<div><span><b>Speed:</b></span> <span>66 kt</span></div>
<div><span><b>Heading:</b></span> <span>266&deg;</span></div>
</div>]]></description>
        <TimeStamp>
          <when>2025-08-26T10:22:56+00:00</when>
        </TimeStamp>
        <Style>
          <IconStyle>
            <heading>266</heading>
            <Icon>
              <href>http://maps.google.com/mapfiles/kml/shapes/airports.png</href>
            </Icon>
          </IconStyle>
        </Style>
        <Point>
          <altitudeMode>absolute</altitudeMode>
          <coordinates>-112.173714,33.529251,495.3</coordinates>
        </Point>
      </Placemark>
      <Placemark>
        <name>2025-08-26 10:22:58 UTC</name>
        <description><![CDATA[<div><div><span><b>Altitude:</b></span> <span>1,625 ft</span></div>
<div><span><b>Speed:</b></span> <span>65 kt</span></div>
<div><span><b>Heading:</b></span> <span>239&deg;</span></div>
</div>]]></description>
        <TimeStamp>
          <when>2025-08-26T10:22:58+00:00</when>
        </TimeStamp>
        <Style>
          <IconStyle>
            <heading>239</heading>
            <Icon>
              <href>http://maps.google.com/mapfiles/kml/shapes/airports.png</href>
            </Icon>
          </IconStyle>
        </Style>
        <Point>
          <altitudeMode>absolute</altitudeMode>
          <coordinates>-112.174423,33.528992,495.3</coordinates>
        </Point>
      </Placemark>
      <Placemark>
        <name>2025-08-26 10:23:00 UTC</name>
        <description><![CDATA[<div><div><span><b>Altitude:</b></span> <span>1,625 ft</span></div>
<div><span><b>Speed:</b></span> <span>65 kt</span></div>
<div><span><b>Heading:</b></span> <span>205&deg;</span></div>
</div>]]></description>
        <TimeStamp>
          <when>2025-08-26T10:23:00+00:00</when>
        </TimeStamp>
        <Style>
          <IconStyle>
            <heading>205</heading>
            <Icon>
              <href>http://maps.google.com/mapfiles/kml/shapes/airports.png</href>
            </Icon>
          </IconStyle>
        </Style>
        <Point>
          <altitudeMode>absolute</altitudeMode>
          <coordinates>-112.174805,33.528625,495.3</coordinates>
        </Point>
      </Placemark>
      <Placemark>
        <name>2025-08-26 10:23:02 UTC</name>
        <description><![CDATA[<div><div><span><b>Altitude:</b></span> <span>1,650 ft</span></div>
<div><span><b>Speed:</b></span> <span>65 kt</span></div>
<div><span><b>Heading:</b></span> <span>182&deg;</span></div>
</div>]]></description>
        <TimeStamp>
          <when>2025-08-26T10:23:02+00:00</when>
        </TimeStamp>
        <Style>
          <IconStyle>
            <heading>182</heading>
            <Icon>
              <href>http://maps.google.com/mapfiles/kml/shapes/airports.png</href>
            </Icon>
          </IconStyle>
        </Style>
        <Point>
          <altitudeMode>absolute</altitudeMode>
          <coordinates>-112.174973,33.527893,502.92</coordinates>
        </Point>
      </Placemark>
      <Placemark>
        <name>2025-08-26 10:23:04 UTC</name>
        <description><![CDATA[<div><div><span><b>Altitude:</b></span> <span>1,650 ft</span></div>
<div><span><b>Speed:</b></span> <span>65 kt</span></div>
<div><span><b>Heading:</b></span> <span>147&deg;</span></div>
</div>]]></description>
        <TimeStamp>
          <when>2025-08-26T10:23:04+00:00</when>
        </TimeStamp>
        <Style>
          <IconStyle>
            <heading>147</heading>
            <Icon>
              <href>http://maps.google.com/mapfiles/kml/shapes/airports.png</href>
            </Icon>
          </IconStyle>
        </Style>
        <Point>
          <altitudeMode>absolute</altitudeMode>
          <coordinates>-112.174782,33.52734,502.92</coordinates>
        </Point>
      </Placemark>
      <Placemark>
        <name>2025-08-26 10:23:06 UTC</name>
        <description><![CDATA[<div><div><span><b>Altitude:</b></span> <span>1,650 ft</span></div>
<div><span><b>Speed:</b></span> <span>65 kt</span></div>
<div><span><b>Heading:</b></span> <span>120&deg;</span></div>
</div>]]></description>
        <TimeStamp>
          <when>2025-08-26T10:23:06+00:00</when>
        </TimeStamp>
        <Style>
          <IconStyle>
            <heading>120</heading>
            <Icon>
              <href>http://maps.google.com/mapfiles/kml/shapes/airports.png</href>
            </Icon>
          </IconStyle>
        </Style>
        <Point>
          <altitudeMode>absolute</altitudeMode>
          <coordinates>-112.17411,33.526875,502.92</coordinates>
        </Point>
      </Placemark>
      <Placemark>
        <name>2025-08-26 10:23:09 UTC</name>
        <description><![CDATA[<div><div><span><b>Altitude:</b></span> <span>1,650 ft</span></div>
<div><span><b>Speed:</b></span> <span>67 kt</span></div>
<div><span><b>Heading:</b></span> <span>88&deg;</span></div>
</div>]]></description>
        <TimeStamp>
          <when>2025-08-26T10:23:09+00:00</when>
        </TimeStamp>
        <Style>
          <IconStyle>
            <heading>88</heading>
            <Icon>
              <href>http://maps.google.com/mapfiles/kml/shapes/airports.png</href>
            </Icon>
          </IconStyle>
        </Style>
        <Point>
          <altitudeMode>absolute</altitudeMode>
          <coordinates>-112.173264,33.526794,502.92</coordinates>
        </Point>
      </Placemark>
      <Placemark>
        <name>2025-08-26 10:23:11 UTC</name>
        <description><![CDATA[<div><div><span><b>Altitude:</b></span> <span>1,650 ft</span></div>
<div><span><b>Speed:</b></span> <span>69 kt</span></div>
<div><span><b>Heading:</b></span> <span>56&deg;</span></div>
</div>]]></description>
        <TimeStamp>
          <when>2025-08-26T10:23:11+00:00</when>
        </TimeStamp>
        <Style>
          <IconStyle>
            <heading>56</heading>
            <Icon>
              <href>http://maps.google.com/mapfiles/kml/shapes/airports.png</href>
            </Icon>
          </IconStyle>
        </Style>
        <Point>
          <altitudeMode>absolute</altitudeMode>
          <coordinates>-112.172539,33.527016,502.92</coordinates>
        </Point>
      </Placemark>
      <Placemark>
        <name>2025-08-26 10:23:13 UTC</name>
        <description><![CDATA[<div><div><span><b>Altitude:</b></span> <span>1,650 ft</span></div>
<div><span><b>Speed:</b></span> <span>70 kt</span></div>
<div><span><b>Heading:</b></span> <span>26&deg;</span></div>
</div>]]></description>
        <TimeStamp>
          <when>2025-08-26T10:23:13+00:00</when>
        </TimeStamp>
        <Style>
          <IconStyle>
            <heading>26</heading>
            <Icon>
              <href>http://maps.google.com/mapfiles/kml/shapes/airports.png</href>
            </Icon>
          </IconStyle>
        </Style>
        <Point>
          <altitudeMode>absolute</altitudeMode>
          <coordinates>-112.172058,33.527573,502.92</coordinates>
        </Point>
      </Placemark>
      <Placemark>
        <name>2025-08-26 10:23:15 UTC</name>
        <description><![CDATA[<div><div><span><b>Altitude:</b></span> <span>1,650 ft</span></div>
<div><span><b>Speed:</b></span> <span>70 kt</span></div>
<div><span><b>Heading:</b></span> <span>352&deg;</span></div>
</div>]]></description>
        <TimeStamp>
          <when>2025-08-26T10:23:15+00:00</when>
        </TimeStamp>
        <Style>
          <IconStyle>
            <heading>352</heading>
            <Icon>
              <href>http://maps.google.com/mapfiles/kml/shapes/airports.png</href>
            </Icon>
          </IconStyle>
        </Style>
        <Point>
          <altitudeMode>absolute</altitudeMode>
          <coordinates>-112.171921,33.528179,502.92</coordinates>
        </Point>
      </Placemark>
      <Placemark>
        <name>2025-08-26 10:23:17 UTC</name>
        <description><![CDATA[<div><div><span><b>Altitude:</b></span> <span>1,650 ft</span></div>
<div><span><b>Speed:</b></span> <span>71 kt</span></div>
<div><span><b>Heading:</b></span> <span>324&deg;</span></div>
</div>]]></description>
        <TimeStamp>
          <when>2025-08-26T10:23:17+00:00</when>
        </TimeStamp>
        <Style>
          <IconStyle>
            <heading>324</heading>
            <Icon>
              <href>http://maps.google.com/mapfiles/kml/shapes/airports.png</href>
            </Icon>
          </IconStyle>
        </Style>
        <Point>
          <altitudeMode>absolute</altitudeMode>
          <coordinates>-112.172371,33.528923,502.92</coordinates>
        </Point>
      </Placemark>
      <Placemark>
        <name>2025-08-26 10:23:19 UTC</name>
        <description><![CDATA[<div><div><span><b>Altitude:</b></span> <span>1,650 ft</span></div>
<div><span><b>Speed:</b></span> <span>69 kt</span></div>
<div><span><b>Heading:</b></span> <span>286&deg;</span></div>
</div>]]></description>
        <TimeStamp>
          <when>2025-08-26T10:23:19+00:00</when>
        </TimeStamp>
        <Style>
          <IconStyle>
            <heading>286</heading>
            <Icon>
              <href>http://maps.google.com/mapfiles/kml/shapes/airports.png</href>
            </Icon>
          </IconStyle>
        </Style>
        <Point>
          <altitudeMode>absolute</altitudeMode>
          <coordinates>-112.172989,33.529266,502.92</coordinates>
        </Point>
      </Placemark>
      <Placemark>
        <name>2025-08-26 10:23:21 UTC</name>
        <description><![CDATA[<div><div><span><b>Altitude:</b></span> <span>1,650 ft</span></div>
<div><span><b>Speed:</b></span> <span>70 kt</span></div>
<div><span><b>Heading:</b></span> <span>259&deg;</span></div>
</div>]]></description>
        <TimeStamp>
          <when>2025-08-26T10:23:21+00:00</when>
        </TimeStamp>
        <Style>
          <IconStyle>
            <heading>259</heading>
            <Icon>
              <href>http://maps.google.com/mapfiles/kml/shapes/airports.png</href>
            </Icon>
          </IconStyle>
        </Style>
        <Point>
          <altitudeMode>absolute</altitudeMode>
          <coordinates>-112.173759,33.529266,502.92</coordinates>
        </Point>
      </Placemark>
      <Placemark>
        <name>2025-08-26 10:23:24 UTC</name>
        <description><![CDATA[<div><div><span><b>Altitude:</b></span> <span>1,650 ft</span></div>
<div><span><b>Speed:</b></span> <span>68 kt</span></div>
<div><span><b>Heading:</b></span> <span>232&deg;</span></div>
</div>]]></description>
        <TimeStamp>
          <when>2025-08-26T10:23:24+00:00</when>
        </TimeStamp>
        <Style>
          <IconStyle>
            <heading>232</heading>
            <Icon>
              <href>http://maps.google.com/mapfiles/kml/shapes/airports.png</href>
            </Icon>
          </IconStyle>
        </Style>
        <Point>
          <altitudeMode>absolute</altitudeMode>
          <coordinates>-112.174477,33.529037,502.92</coordinates>
        </Point>
      </Placemark>
      <Placemark>
        <name>2025-08-26 10:23:26 UTC</name>
        <description><![CDATA[<div><div><span><b>Altitude:</b></span> <span>1,675 ft</span></div>
<div><span><b>Speed:</b></span> <span>64 kt</span></div>
<div><span><b>Heading:</b></span> <span>193&deg;</span></div>
</div>]]></description>
        <TimeStamp>
          <when>2025-08-26T10:23:26+00:00</when>
        </TimeStamp>
        <Style>
          <IconStyle>
            <heading>193</heading>
            <Icon>
              <href>http://maps.google.com/mapfiles/kml/shapes/airports.png</href>
            </Icon>
          </IconStyle>
        </Style>
        <Point>
          <altitudeMode>absolute</altitudeMode>
          <coordinates>-112.174911,33.528397,510.54</coordinates>
        </Point>
      </Placemark>
      <Placemark>
        <name>2025-08-26 10:23:28 UTC</name>
        <description><![CDATA[<div><div><span><b>Altitude:</b></span> <span>1,675 ft</span></div>
<div><span><b>Speed:</b></span> <span>65 kt</span></div>
<div><span><b>Heading:</b></span> <span>161&deg;</span></div>
</div>]]></description>
        <TimeStamp>
          <when>2025-08-26T10:23:28+00:00</when>
        </TimeStamp>
        <Style>
          <IconStyle>
            <heading>161</heading>
            <Icon>
              <href>http://maps.google.com/mapfiles/kml/shapes/airports.png</href>
            </Icon>
          </IconStyle>
        </Style>
        <Point>
          <altitudeMode>absolute</altitudeMode>
          <coordinates>-112.174896,33.527573,510.54</coordinates>
        </Point>
      </Placemark>
      <Placemark>
        <name>2025-08-26 10:23:31 UTC</name>
        <description><![CDATA[<div><div><span><b>Altitude:</b></span> <span>1,675 ft</span></div>
<div><span><b>Speed:</b></span> <span>66 kt</span></div>
<div><span><b>Heading:</b></span> <span>135&deg;</span></div>
</div>]]></description>
        <TimeStamp>
          <when>2025-08-26T10:23:31+00:00</when>
        </TimeStamp>
        <Style>
          <IconStyle>
            <heading>135</heading>
            <Icon>
              <href>http://maps.google.com/mapfiles/kml/shapes/airports.png</href>
            </Icon>
          </IconStyle>
        </Style>
        <Point>
          <altitudeMode>absolute</altitudeMode>
          <coordinates>-112.174393,33.527016,510.54</coordinates>
        </Point>
      </Placemark>
      <Placemark>
        <name>2025-08-26 10:23:33 UTC</name>
        <description><![CDATA[<div><div><span><b>Altitude:</b></span> <span>1,675 ft</span></div>
<div><span><b>Speed:</b></span> <span>67 kt</span></div>
<div><span><b>Heading:</b></span> <span>104&deg;</span></div>
</div>]]></description>
        <TimeStamp>
          <when>2025-08-26T10:23:33+00:00</when>
        </TimeStamp>
        <Style>
          <IconStyle>
            <heading>104</heading>
            <Icon>
              <href>http://maps.google.com/mapfiles/kml/shapes/airports.png</href>
            </Icon>
          </IconStyle>
        </Style>
        <Point>
          <altitudeMode>absolute</altitudeMode>
          <coordinates>-112.173759,33.526749,510.54</coordinates>
        </Point>
      </Placemark>
      <Placemark>
        <name>2025-08-26 10:23:35 UTC</name>
        <description><![CDATA[<div><div><span><b>Altitude:</b></span> <span>1,675 ft</span></div>
<div><span><b>Speed:</b></span> <span>69 kt</span></div>
<div><span><b>Heading:</b></span> <span>76&deg;</span></div>
</div>]]></description>
        <TimeStamp>
          <when>2025-08-26T10:23:35+00:00</when>
        </TimeStamp>
        <Style>
          <IconStyle>
            <heading>76</heading>
            <Icon>
              <href>http://maps.google.com/mapfiles/kml/shapes/airports.png</href>
            </Icon>
          </IconStyle>
        </Style>
        <Point>
          <altitudeMode>absolute</altitudeMode>
          <coordinates>-112.172821,33.526783,510.54</coordinates>
        </Point>
      </Placemark>
      <Placemark>
        <name>2025-08-26 10:23:37 UTC</name>
        <description><![CDATA[<div><div><span><b>Altitude:</b></span> <span>1,700 ft</span></div>
<div><span><b>Speed:</b></span> <span>71 kt</span></div>
<div><span><b>Heading:</b></span> <span>48&deg;</span></div>
</div>]]></description>
        <TimeStamp>
          <when>2025-08-26T10:23:37+00:00</when>
        </TimeStamp>
        <Style>
          <IconStyle>
            <heading>48</heading>
            <Icon>
              <href>http://maps.google.com/mapfiles/kml/shapes/airports.png</href>
            </Icon>
          </IconStyle>
        </Style>
        <Point>
          <altitudeMode>absolute</altitudeMode>
          <coordinates>-112.172165,33.527069,518.16</coordinates>
        </Point>
      </Placemark>
      <Placemark>
        <name>2025-08-26 10:23:39 UTC</name>
        <description><![CDATA[<div><div><span><b>Altitude:</b></span> <span>1,700 ft</span></div>
<div><span><b>Speed:</b></span> <span>72 kt</span></div>
<div><span><b>Heading:</b></span> <span>25&deg;</span></div>
</div>]]></description>
        <TimeStamp>
          <when>2025-08-26T10:23:39+00:00</when>
        </TimeStamp>
        <Style>
          <IconStyle>
            <heading>25</heading>
            <Icon>
              <href>http://maps.google.com/mapfiles/kml/shapes/airports.png</href>
            </Icon>
          </IconStyle>
        </Style>
        <Point>
          <altitudeMode>absolute</altitudeMode>
          <coordinates>-112.171585,33.527668,518.16</coordinates>
        </Point>
      </Placemark>
      <Placemark>
        <name>2025-08-26 10:23:41 UTC</name>
        <description><![CDATA[<div><div><span><b>Altitude:</b></span> <span>1,700 ft</span></div>
<div><span><b>Speed:</b></span> <span>75 kt</span></div>
<div><span><b>Heading:</b></span> <span>2&deg;</span></div>
</div>]]></description>
        <TimeStamp>
          <when>2025-08-26T10:23:41+00:00</when>
        </TimeStamp>
        <Style>
          <IconStyle>
            <heading>2</heading>
            <Icon>
              <href>http://maps.google.com/mapfiles/kml/shapes/airports.png</href>
            </Icon>
          </IconStyle>
        </Style>
        <Point>
          <altitudeMode>absolute</altitudeMode>
          <coordinates>-112.171417,33.528412,518.16</coordinates>
        </Point>
      </Placemark>
      <Placemark>
        <name>2025-08-26 10:23:44 UTC</name>
        <description><![CDATA[<div><div><span><b>Altitude:</b></span> <span>1,700 ft</span></div>
<div><span><b>Speed:</b></span> <span>75 kt</span></div>
<div><span><b>Heading:</b></span> <span>340&deg;</span></div>
</div>]]></description>
        <TimeStamp>
          <when>2025-08-26T10:23:44+00:00</when>
        </TimeStamp>
        <Style>
          <IconStyle>
            <heading>340</heading>
            <Icon>
              <href>http://maps.google.com/mapfiles/kml/shapes/airports.png</href>
            </Icon>
          </IconStyle>
        </Style>
        <Point>
          <altitudeMode>absolute</altitudeMode>
          <coordinates>-112.17173,33.529266,518.16</coordinates>
        </Point>
      </Placemark>
      <Placemark>
        <name>2025-08-26 10:23:46 UTC</name>
        <description><![CDATA[<div><div><span><b>Altitude:</b></span> <span>1,700 ft</span></div>
<div><span><b>Speed:</b></span> <span>75 kt</span></div>
<div><span><b>Heading:</b></span> <span>307&deg;</span></div>
</div>]]></description>
        <TimeStamp>
          <when>2025-08-26T10:23:46+00:00</when>
        </TimeStamp>
        <Style>
          <IconStyle>
            <heading>307</heading>
            <Icon>
              <href>http://maps.google.com/mapfiles/kml/shapes/airports.png</href>
            </Icon>
          </IconStyle>
        </Style>
        <Point>
          <altitudeMode>absolute</altitudeMode>
          <coordinates>-112.172226,33.529816,518.16</coordinates>
        </Point>
      </Placemark>
      <Placemark>
        <name>2025-08-26 10:23:49 UTC</name>
        <description><![CDATA[<div><div><span><b>Altitude:</b></span> <span>1,725 ft</span></div>
<div><span><b>Speed:</b></span> <span>75 kt</span></div>
<div><span><b>Heading:</b></span> <span>281&deg;</span></div>
</div>]]></description>
        <TimeStamp>
          <when>2025-08-26T10:23:49+00:00</when>
        </TimeStamp>
        <Style>
          <IconStyle>
            <heading>281</heading>
            <Icon>
              <href>http://maps.google.com/mapfiles/kml/shapes/airports.png</href>
            </Icon>
          </IconStyle>
        </Style>
        <Point>
          <altitudeMode>absolute</altitudeMode>
          <coordinates>-112.173157,33.530228,525.78</coordinates>
        </Point>
      </Placemark>
      <Placemark>
        <name>2025-08-26 10:23:51 UTC</name>
        <description><![CDATA[<div><div><span><b>Altitude:</b></span> <span>1,750 ft</span></div>
<div><span><b>Speed:</b></span> <span>75 kt</span></div>
<div><span><b>Heading:</b></span> <span>260&deg;</span></div>
</div>]]></description>
        <TimeStamp>
          <when>2025-08-26T10:23:51+00:00</when>
        </TimeStamp>
        <Style>
          <IconStyle>
            <heading>260</heading>
            <Icon>
              <href>http://maps.google.com/mapfiles/kml/shapes/airports.png</href>
            </Icon>
          </IconStyle>
        </Style>
        <Point>
          <altitudeMode>absolute</altitudeMode>
          <coordinates>-112.174057,33.530228,533.4</coordinates>
        </Point>
      </Placemark>
      <Placemark>
        <name>2025-08-26 10:23:53 UTC</name>
        <description><![CDATA[<div><div><span><b>Altitude:</b></span> <span>1,750 ft</span></div>
<div><span><b>Speed:</b></span> <span>74 kt</span></div>
<div><span><b>Heading:</b></span> <span>241&deg;</span></div>
</div>]]></description>
        <TimeStamp>
          <when>2025-08-26T10:23:53+00:00</when>
        </TimeStamp>
        <Style>
          <IconStyle>
            <heading>241</heading>
            <Icon>
              <href>http://maps.google.com/mapfiles/kml/shapes/airports.png</href>
            </Icon>
          </IconStyle>
        </Style>
        <Point>
          <altitudeMode>absolute</altitudeMode>
          <coordinates>-112.174858,33.529999,533.4</coordinates>
        </Point>
      </Placemark>
      <Placemark>
        <name>2025-08-26 10:23:56 UTC</name>
        <description><![CDATA[<div><div><span><b>Altitude:</b></span> <span>1,775 ft</span></div>
<div><span><b>Speed:</b></span> <span>73 kt</span></div>
<div><span><b>Heading:</b></span> <span>220&deg;</span></div>
</div>]]></description>
        <TimeStamp>
          <when>2025-08-26T10:23:56+00:00</when>
        </TimeStamp>
        <Style>
          <IconStyle>
            <heading>220</heading>
            <Icon>
              <href>http://maps.google.com/mapfiles/kml/shapes/airports.png</href>
            </Icon>
          </IconStyle>
        </Style>
        <Point>
          <altitudeMode>absolute</altitudeMode>
          <coordinates>-112.175682,33.529449,541.02</coordinates>
        </Point>
      </Placemark>
      <Placemark>
        <name>2025-08-26 10:23:58 UTC</name>
        <description><![CDATA[<div><div><span><b>Altitude:</b></span> <span>1,775 ft</span></div>
<div><span><b>Speed:</b></span> <span>73 kt</span></div>
<div><span><b>Heading:</b></span> <span>198&deg;</span></div>
</div>]]></description>
        <TimeStamp>
          <when>2025-08-26T10:23:58+00:00</when>
        </TimeStamp>
        <Style>
          <IconStyle>
            <heading>198</heading>
            <Icon>
              <href>http://maps.google.com/mapfiles/kml/shapes/airports.png</href>
            </Icon>
          </IconStyle>
        </Style>
        <Point>
          <altitudeMode>absolute</altitudeMode>
          <coordinates>-112.176125,33.528782,541.02</coordinates>
        </Point>
      </Placemark>
      <Placemark>
        <name>2025-08-26 10:24:00 UTC</name>
        <description><![CDATA[<div><div><span><b>Altitude:</b></span> <span>1,800 ft</span></div>
<div><span><b>Speed:</b></span> <span>74 kt</span></div>
<div><span><b>Heading:</b></span> <span>174&deg;</span></div>
</div>]]></description>
        <TimeStamp>
          <when>2025-08-26T10:24:00+00:00</when>
        </TimeStamp>
        <Style>
          <IconStyle>
            <heading>174</heading>
            <Icon>
              <href>http://maps.google.com/mapfiles/kml/shapes/airports.png</href>
            </Icon>
          </IconStyle>
        </Style>
        <Point>
          <altitudeMode>absolute</altitudeMode>
          <coordinates>-112.176231,33.528076,548.64</coordinates>
        </Point>
      </Placemark>
      <Placemark>
        <name>2025-08-26 10:24:02 UTC</name>
        <description><![CDATA[<div><div><span><b>Altitude:</b></span> <span>1,800 ft</span></div>
<div><span><b>Speed:</b></span> <span>77 kt</span></div>
<div><span><b>Heading:</b></span> <span>158&deg;</span></div>
</div>]]></description>
        <TimeStamp>
          <when>2025-08-26T10:24:02+00:00</when>
        </TimeStamp>
        <Style>
          <IconStyle>
            <heading>158</heading>
            <Icon>
              <href>http://maps.google.com/mapfiles/kml/shapes/airports.png</href>
            </Icon>
          </IconStyle>
        </Style>
        <Point>
          <altitudeMode>absolute</altitudeMode>
          <coordinates>-112.175957,33.52734,548.64</coordinates>
        </Point>
      </Placemark>
      <Placemark>
        <name>2025-08-26 10:24:04 UTC</name>
        <description><![CDATA[<div><div><span><b>Altitude:</b></span> <span>1,800 ft</span></div>
<div><span><b>Speed:</b></span> <span>82 kt</span></div>
<div><span><b>Heading:</b></span> <span>141&deg;</span></div>
</div>]]></description>
        <TimeStamp>
          <when>2025-08-26T10:24:04+00:00</when>
        </TimeStamp>
        <Style>
          <IconStyle>
            <heading>141</heading>
            <Icon>
              <href>http://maps.google.com/mapfiles/kml/shapes/airports.png</href>
            </Icon>
          </IconStyle>
        </Style>
        <Point>
          <altitudeMode>absolute</altitudeMode>
          <coordinates>-112.175514,33.526737,548.64</coordinates>
        </Point>
      </Placemark>
      <Placemark>
        <name>2025-08-26 10:24:06 UTC</name>
        <description><![CDATA[<div><div><span><b>Altitude:</b></span> <span>1,775 ft</span></div>
<div><span><b>Speed:</b></span> <span>88 kt</span></div>
<div><span><b>Heading:</b></span> <span>123&deg;</span></div>
</div>]]></description>
        <TimeStamp>
          <when>2025-08-26T10:24:06+00:00</when>
        </TimeStamp>
        <Style>
          <IconStyle>
            <heading>123</heading>
            <Icon>
              <href>http://maps.google.com/mapfiles/kml/shapes/airports.png</href>
            </Icon>
          </IconStyle>
        </Style>
        <Point>
          <altitudeMode>absolute</altitudeMode>
          <coordinates>-112.174751,33.526154,541.02</coordinates>
        </Point>
      </Placemark>
      <Placemark>
        <name>2025-08-26 10:24:08 UTC</name>
        <description><![CDATA[<div><div><span><b>Altitude:</b></span> <span>1,775 ft</span></div>
<div><span><b>Speed:</b></span> <span>93 kt</span></div>
<div><span><b>Heading:</b></span> <span>113&deg;</span></div>
</div>]]></description>
        <TimeStamp>
          <when>2025-08-26T10:24:08+00:00</when>
        </TimeStamp>
        <Style>
          <IconStyle>
            <heading>113</heading>
            <Icon>
              <href>http://maps.google.com/mapfiles/kml/shapes/airports.png</href>
            </Icon>
          </IconStyle>
        </Style>
        <Point>
          <altitudeMode>absolute</altitudeMode>
          <coordinates>-112.173828,33.525757,541.02</coordinates>
        </Point>
      </Placemark>
      <Placemark>
        <name>2025-08-26 10:24:11 UTC</name>
        <description><![CDATA[<div><div><span><b>Altitude:</b></span> <span>1,750 ft</span></div>
<div><span><b>Speed:</b></span> <span>99 kt</span></div>
<div><span><b>Heading:</b></span> <span>99&deg;</span></div>
</div>]]></description>
        <TimeStamp>
          <when>2025-08-26T10:24:11+00:00</when>
        </TimeStamp>
        <Style>
          <IconStyle>
            <heading>99</heading>
            <Icon>
              <href>http://maps.google.com/mapfiles/kml/shapes/airports.png</href>
            </Icon>
          </IconStyle>
        </Style>
        <Point>
          <altitudeMode>absolute</altitudeMode>
          <coordinates>-112.172539,33.525433,533.4</coordinates>
        </Point>
      </Placemark>
      <Placemark>
        <name>2025-08-26 10:24:13 UTC</name>
        <description><![CDATA[<div><div><span><b>Altitude:</b></span> <span>1,725 ft</span></div>
<div><span><b>Speed:</b></span> <span>104 kt</span></div>
<div><span><b>Heading:</b></span> <span>87&deg;</span></div>
</div>]]></description>
        <TimeStamp>
          <when>2025-08-26T10:24:13+00:00</when>
        </TimeStamp>
        <Style>
          <IconStyle>
            <heading>87</heading>
            <Icon>
              <href>http://maps.google.com/mapfiles/kml/shapes/airports.png</href>
            </Icon>
          </IconStyle>
        </Style>
        <Point>
          <altitudeMode>absolute</altitudeMode>
          <coordinates>-112.171181,33.525421,525.78</coordinates>
        </Point>
      </Placemark>
      <Placemark>
        <name>2025-08-26 10:24:15 UTC</name>
        <description><![CDATA[<div><div><span><b>Altitude:</b></span> <span>1,700 ft</span></div>
<div><span><b>Speed:</b></span> <span>106 kt</span></div>
<div><span><b>Heading:</b></span> <span>77&deg;</span></div>
</div>]]></description>
        <TimeStamp>
          <when>2025-08-26T10:24:15+00:00</when>
        </TimeStamp>
        <Style>
          <IconStyle>
            <heading>77</heading>
            <Icon>
              <href>http://maps.google.com/mapfiles/kml/shapes/airports.png</href>
            </Icon>
          </IconStyle>
        </Style>
        <Point>
          <altitudeMode>absolute</altitudeMode>
          <coordinates>-112.170029,33.525558,518.16</coordinates>
        </Point>
      </Placemark>
      <Placemark>
        <name>2025-08-26 10:24:17 UTC</name>
        <description><![CDATA[<div><div><span><b>Altitude:</b></span> <span>1,700 ft</span></div>
<div><span><b>Speed:</b></span> <span>107 kt</span></div>
<div><span><b>Heading:</b></span> <span>68&deg;</span></div>
</div>]]></description>
        <TimeStamp>
          <when>2025-08-26T10:24:17+00:00</when>
        </TimeStamp>
        <Style>
          <IconStyle>
            <heading>68</heading>
            <Icon>
              <href>http://maps.google.com/mapfiles/kml/shapes/airports.png</href>
            </Icon>
          </IconStyle>
        </Style>
        <Point>
          <altitudeMode>absolute</altitudeMode>
          <coordinates>-112.168732,33.525898,518.16</coordinates>
        </Point>
      </Placemark>
      <Placemark>
        <name>2025-08-26 10:24:20 UTC</name>
        <description><![CDATA[<div><div><span><b>Altitude:</b></span> <span>1,700 ft</span></div>
<div><span><b>Speed:</b></span> <span>107 kt</span></div>
<div><span><b>Heading:</b></span> <span>59&deg;</span></div>
</div>]]></description>
        <TimeStamp>
          <when>2025-08-26T10:24:20+00:00</when>
        </TimeStamp>
        <Style>
          <IconStyle>
            <heading>59</heading>
            <Icon>
              <href>http://maps.google.com/mapfiles/kml/shapes/airports.png</href>
            </Icon>
          </IconStyle>
        </Style>
        <Point>
          <altitudeMode>absolute</altitudeMode>
          <coordinates>-112.16777,33.526291,518.16</coordinates>
        </Point>
      </Placemark>
      <Placemark>
        <name>2025-08-26 10:24:22 UTC</name>
        <description><![CDATA[<div><div><span><b>Altitude:</b></span> <span>1,700 ft</span></div>
<div><span><b>Speed:</b></span> <span>108 kt</span></div>
<div><span><b>Heading:</b></span> <span>53&deg;</span></div>
</div>]]></description>
        <TimeStamp>
          <when>2025-08-26T10:24:22+00:00</when>
        </TimeStamp>
        <Style>
          <IconStyle>
            <heading>53</heading>
            <Icon>
              <href>http://maps.google.com/mapfiles/kml/shapes/airports.png</href>
            </Icon>
          </IconStyle>
        </Style>
        <Point>
          <altitudeMode>absolute</altitudeMode>
          <coordinates>-112.166428,33.527016,518.16</coordinates>
        </Point>
      </Placemark>
      <Placemark>
        <name>2025-08-26 10:24:24 UTC</name>
        <description><![CDATA[<div><div><span><b>Altitude:</b></span> <span>1,700 ft</span></div>
<div><span><b>Speed:</b></span> <span>108 kt</span></div>
<div><span><b>Heading:</b></span> <span>45&deg;</span></div>
</div>]]></description>
        <TimeStamp>
          <when>2025-08-26T10:24:24+00:00</when>
        </TimeStamp>
        <Style>
          <IconStyle>
            <heading>45</heading>
            <Icon>
              <href>http://maps.google.com/mapfiles/kml/shapes/airports.png</href>
            </Icon>
          </IconStyle>
        </Style>
        <Point>
          <altitudeMode>absolute</altitudeMode>
          <coordinates>-112.165535,33.527668,518.16</coordinates>
        </Point>
      </Placemark>
      <Placemark>
        <name>2025-08-26 10:24:26 UTC</name>
        <description><![CDATA[<div><div><span><b>Altitude:</b></span> <span>1,725 ft</span></div>
<div><span><b>Speed:</b></span> <span>109 kt</span></div>
<div><span><b>Heading:</b></span> <span>39&deg;</span></div>
</div>]]></description>
        <TimeStamp>
          <when>2025-08-26T10:24:26+00:00</when>
        </TimeStamp>
        <Style>
          <IconStyle>
            <heading>39</heading>
            <Icon>
              <href>http://maps.google.com/mapfiles/kml/shapes/airports.png</href>
            </Icon>
          </IconStyle>
        </Style>
        <Point>
          <altitudeMode>absolute</altitudeMode>
          <coordinates>-112.164581,33.528599,525.78</coordinates>
        </Point>
      </Placemark>
      <Placemark>
        <name>2025-08-26 10:24:29 UTC</name>
        <description><![CDATA[<div><div><span><b>Altitude:</b></span> <span>1,725 ft</span></div>
<div><span><b>Speed:</b></span> <span>110 kt</span></div>
<div><span><b>Heading:</b></span> <span>33&deg;</span></div>
</div>]]></description>
        <TimeStamp>
          <when>2025-08-26T10:24:29+00:00</when>
        </TimeStamp>
        <Style>
          <IconStyle>
            <heading>33</heading>
            <Icon>
              <href>http://maps.google.com/mapfiles/kml/shapes/airports.png</href>
            </Icon>
          </IconStyle>
        </Style>
        <Point>
          <altitudeMode>absolute</altitudeMode>
          <coordinates>-112.163849,33.529388,525.78</coordinates>
        </Point>
      </Placemark>
      <Placemark>
        <name>2025-08-26 10:24:31 UTC</name>
        <description><![CDATA[<div><div><span><b>Altitude:</b></span> <span>1,725 ft</span></div>
<div><span><b>Speed:</b></span> <span>111 kt</span></div>
<div><span><b>Heading:</b></span> <span>29&deg;</span></div>
</div>]]></description>
        <TimeStamp>
          <when>2025-08-26T10:24:31+00:00</when>
        </TimeStamp>
        <Style>
          <IconStyle>
            <heading>29</heading>
            <Icon>
              <href>http://maps.google.com/mapfiles/kml/shapes/airports.png</href>
            </Icon>
          </IconStyle>
        </Style>
        <Point>
          <altitudeMode>absolute</altitudeMode>
          <coordinates>-112.16301,33.530552,525.78</coordinates>
        </Point>
      </Placemark>
      <Placemark>
        <name>2025-08-26 10:24:33 UTC</name>
        <description><![CDATA[<div><div><span><b>Altitude:</b></span> <span>1,725 ft</span></div>
<div><span><b>Speed:</b></span> <span>110 kt</span></div>
<div><span><b>Heading:</b></span> <span>25&deg;</span></div>
</div>]]></description>
        <TimeStamp>
          <when>2025-08-26T10:24:33+00:00</when>
        </TimeStamp>
        <Style>
          <IconStyle>
            <heading>25</heading>
            <Icon>
              <href>http://maps.google.com/mapfiles/kml/shapes/airports.png</href>
            </Icon>
          </IconStyle>
        </Style>
        <Point>
          <altitudeMode>absolute</altitudeMode>
          <coordinates>-112.162445,33.531509,525.78</coordinates>
        </Point>
      </Placemark>
      <Placemark>
        <name>2025-08-26 10:24:35 UTC</name>
        <description><![CDATA[<div><div><span><b>Altitude:</b></span> <span>1,750 ft</span></div>
<div><span><b>Speed:</b></span> <span>111 kt</span></div>
<div><span><b>Heading:</b></span> <span>22&deg;</span></div>
</div>]]></description>
        <TimeStamp>
          <when>2025-08-26T10:24:35+00:00</when>
        </TimeStamp>
        <Style>
          <IconStyle>
            <heading>22</heading>
            <Icon>
              <href>http://maps.google.com/mapfiles/kml/shapes/airports.png</href>
            </Icon>
          </IconStyle>
        </Style>
        <Point>
          <altitudeMode>absolute</altitudeMode>
          <coordinates>-112.162003,33.532322,533.4</coordinates>
        </Point>
      </Placemark>
      <Placemark>
        <name>2025-08-26 10:24:37 UTC</name>
        <description><![CDATA[<div><div><span><b>Altitude:</b></span> <span>1,750 ft</span></div>
<div><span><b>Speed:</b></span> <span>111 kt</span></div>
<div><span><b>Heading:</b></span> <span>21&deg;</span></div>
</div>]]></description>
        <TimeStamp>
          <when>2025-08-26T10:24:37+00:00</when>
        </TimeStamp>
        <Style>
          <IconStyle>
            <heading>21</heading>
            <Icon>
              <href>http://maps.google.com/mapfiles/kml/shapes/airports.png</href>
            </Icon>
          </IconStyle>
        </Style>
        <Point>
          <altitudeMode>absolute</altitudeMode>
          <coordinates>-112.161568,33.53334,533.4</coordinates>
        </Point>
      </Placemark>
      <Placemark>
        <name>2025-08-26 10:24:39 UTC</name>
        <description><![CDATA[<div><div><span><b>Altitude:</b></span> <span>1,750 ft</span></div>
<div><span><b>Speed:</b></span> <span>111 kt</span></div>
<div><span><b>Heading:</b></span> <span>21&deg;</span></div>
</div>]]></description>
        <TimeStamp>
          <when>2025-08-26T10:24:39+00:00</when>
        </TimeStamp>
        <Style>
          <IconStyle>
            <heading>21</heading>
            <Icon>
              <href>http://maps.google.com/mapfiles/kml/shapes/airports.png</href>
            </Icon>
          </IconStyle>
        </Style>
        <Point>
          <altitudeMode>absolute</altitudeMode>
          <coordinates>-112.161018,33.534485,533.4</coordinates>
        </Point>
      </Placemark>
      <Placemark>
        <name>2025-08-26 10:24:41 UTC</name>
        <description><![CDATA[<div><div><span><b>Altitude:</b></span> <span>1,775 ft</span></div>
<div><span><b>Speed:</b></span> <span>111 kt</span></div>
<div><span><b>Heading:</b></span> <span>22&deg;</span></div>
</div>]]></description>
        <TimeStamp>
          <when>2025-08-26T10:24:41+00:00</when>
        </TimeStamp>
        <Style>
          <IconStyle>
            <heading>22</heading>
            <Icon>
              <href>http://maps.google.com/mapfiles/kml/shapes/airports.png</href>
            </Icon>
          </IconStyle>
        </Style>
        <Point>
          <altitudeMode>absolute</altitudeMode>
          <coordinates>-112.160545,33.535393,541.02</coordinates>
        </Point>
      </Placemark>
      <Placemark>
        <name>2025-08-26 10:24:43 UTC</name>
        <description><![CDATA[<div><div><span><b>Altitude:</b></span> <span>1,775 ft</span></div>
<div><span><b>Speed:</b></span> <span>111 kt</span></div>
<div><span><b>Heading:</b></span> <span>22&deg;</span></div>
</div>]]></description>
        <TimeStamp>
          <when>2025-08-26T10:24:43+00:00</when>
        </TimeStamp>
        <Style>
          <IconStyle>
            <heading>22</heading>
            <Icon>
              <href>http://maps.google.com/mapfiles/kml/shapes/airports.png</href>
            </Icon>
          </IconStyle>
        </Style>
        <Point>
          <altitudeMode>absolute</altitudeMode>
          <coordinates>-112.16008,33.536407,541.02</coordinates>
        </Point>
      </Placemark>
      <Placemark>
        <name>2025-08-26 10:24:46 UTC</name>
        <description><![CDATA[<div><div><span><b>Altitude:</b></span> <span>1,775 ft</span></div>
<div><span><b>Speed:</b></span> <span>112 kt</span></div>
<div><span><b>Heading:</b></span> <span>23&deg;</span></div>
</div>]]></description>
        <TimeStamp>
          <when>2025-08-26T10:24:46+00:00</when>
        </TimeStamp>
        <Style>
          <IconStyle>
            <heading>23</heading>
            <Icon>
              <href>http://maps.google.com/mapfiles/kml/shapes/airports.png</href>
            </Icon>
          </IconStyle>
        </Style>
        <Point>
          <altitudeMode>absolute</altitudeMode>
          <coordinates>-112.159424,33.537674,541.02</coordinates>
        </Point>
      </Placemark>
      <Placemark>
        <name>2025-08-26 10:24:48 UTC</name>
        <description><![CDATA[<div><div><span><b>Altitude:</b></span> <span>1,800 ft</span></div>
<div><span><b>Speed:</b></span> <span>112 kt</span></div>
<div><span><b>Heading:</b></span> <span>24&deg;</span></div>
</div>]]></description>
        <TimeStamp>
          <when>2025-08-26T10:24:48+00:00</when>
        </TimeStamp>
        <Style>
          <IconStyle>
            <heading>24</heading>
            <Icon>
              <href>http://maps.google.com/mapfiles/kml/shapes/airports.png</href>
            </Icon>
          </IconStyle>
        </Style>
        <Point>
          <altitudeMode>absolute</altitudeMode>
          <coordinates>-112.158928,33.538605,548.64</coordinates>
        </Point>
      </Placemark>
      <Placemark>
        <name>2025-08-26 10:24:50 UTC</name>
        <description><![CDATA[<div><div><span><b>Altitude:</b></span> <span>1,800 ft</span></div>
<div><span><b>Speed:</b></span> <span>112 kt</span></div>
<div><span><b>Heading:</b></span> <span>24&deg;</span></div>
</div>]]></description>
        <TimeStamp>
          <when>2025-08-26T10:24:50+00:00</when>
        </TimeStamp>
        <Style>
          <IconStyle>
            <heading>24</heading>
            <Icon>
              <href>http://maps.google.com/mapfiles/kml/shapes/airports.png</href>
            </Icon>
          </IconStyle>
        </Style>
        <Point>
          <altitudeMode>absolute</altitudeMode>
          <coordinates>-112.158325,33.539749,548.64</coordinates>
        </Point>
      </Placemark>
      <Placemark>
        <name>2025-08-26 10:24:53 UTC</name>
        <description><![CDATA[<div><div><span><b>Altitude:</b></span> <span>1,800 ft</span></div>
<div><span><b>Speed:</b></span> <span>113 kt</span></div>
<div><span><b>Heading:</b></span> <span>23&deg;</span></div>
</div>]]></description>
        <TimeStamp>
          <when>2025-08-26T10:24:53+00:00</when>
        </TimeStamp>
        <Style>
          <IconStyle>
            <heading>23</heading>
            <Icon>
              <href>http://maps.google.com/mapfiles/kml/shapes/airports.png</href>
            </Icon>
          </IconStyle>
        </Style>
        <Point>
          <altitudeMode>absolute</altitudeMode>
          <coordinates>-112.157799,33.540802,548.64</coordinates>
        </Point>
      </Placemark>
      <Placemark>
        <name>2025-08-26 10:24:55 UTC</name>
        <description><![CDATA[<div><div><span><b>Altitude:</b></span> <span>1,800 ft</span></div>
<div><span><b>Speed:</b></span> <span>112 kt</span></div>
<div><span><b>Heading:</b></span> <span>22&deg;</span></div>
</div>]]></description>
        <TimeStamp>
          <when>2025-08-26T10:24:55+00:00</when>
        </TimeStamp>
        <Style>
          <IconStyle>
            <heading>22</heading>
            <Icon>
              <href>http://maps.google.com/mapfiles/kml/shapes/airports.png</href>
            </Icon>
          </IconStyle>
        </Style>
        <Point>
          <altitudeMode>absolute</altitudeMode>
          <coordinates>-112.157295,33.541763,548.64</coordinates>
        </Point>
      </Placemark>
      <Placemark>
        <name>2025-08-26 10:24:57 UTC</name>
        <description><![CDATA[<div><div><span><b>Altitude:</b></span> <span>1,825 ft</span></div>
<div><span><b>Speed:</b></span> <span>113 kt</span></div>
<div><span><b>Heading:</b></span> <span>21&deg;</span></div>
</div>]]></description>
        <TimeStamp>
          <when>2025-08-26T10:24:57+00:00</when>
        </TimeStamp>
        <Style>
          <IconStyle>
            <heading>21</heading>
            <Icon>
              <href>http://maps.google.com/mapfiles/kml/shapes/airports.png</href>
            </Icon>
          </IconStyle>
        </Style>
        <Point>
          <altitudeMode>absolute</altitudeMode>
          <coordinates>-112.156616,33.543167,556.26</coordinates>
        </Point>
      </Placemark>
      <Placemark>
        <name>2025-08-26 10:25:00 UTC</name>
        <description><![CDATA[<div><div><span><b>Altitude:</b></span> <span>1,825 ft</span></div>
<div><span><b>Speed:</b></span> <span>114 kt</span></div>
<div><span><b>Heading:</b></span> <span>21&deg;</span></div>
</div>]]></description>
        <TimeStamp>
          <when>2025-08-26T10:25:00+00:00</when>
        </TimeStamp>
        <Style>
          <IconStyle>
            <heading>21</heading>
            <Icon>
              <href>http://maps.google.com/mapfiles/kml/shapes/airports.png</href>
            </Icon>
          </IconStyle>
        </Style>
        <Point>
          <altitudeMode>absolute</altitudeMode>
          <coordinates>-112.15612,33.544235,556.26</coordinates>
        </Point>
      </Placemark>
      <Placemark>
        <name>2025-08-26 10:25:06 UTC</name>
        <description><![CDATA[<div><div><span><b>Altitude:</b></span> <span>1,875 ft</span></div>
<div><span><b>Speed:</b></span> <span>115 kt</span></div>
<div><span><b>Heading:</b></span> <span>22&deg;</span></div>
</div>]]></description>
        <TimeStamp>
          <when>2025-08-26T10:25:06+00:00</when>
        </TimeStamp>
        <Style>
          <IconStyle>
            <heading>22</heading>
            <Icon>
              <href>http://maps.google.com/mapfiles/kml/shapes/airports.png</href>
            </Icon>
          </IconStyle>
        </Style>
        <Point>
          <altitudeMode>absolute</altitudeMode>
          <coordinates>-112.154549,33.547485,571.5</coordinates>
        </Point>
      </Placemark>
      <Placemark>
        <name>2025-08-26 10:25:13 UTC</name>
        <description><![CDATA[<div><div><span><b>Altitude:</b></span> <span>1,900 ft</span></div>
<div><span><b>Speed:</b></span> <span>118 kt</span></div>
<div><span><b>Heading:</b></span> <span>23&deg;</span></div>
</div>]]></description>
        <TimeStamp>
          <when>2025-08-26T10:25:13+00:00</when>
        </TimeStamp>
        <Style>
          <IconStyle>
            <heading>23</heading>
            <Icon>
              <href>http://maps.google.com/mapfiles/kml/shapes/airports.png</href>
            </Icon>
          </IconStyle>
        </Style>
        <Point>
          <altitudeMode>absolute</altitudeMode>
          <coordinates>-112.152725,33.551128,579.12</coordinates>
        </Point>
      </Placemark>
      <Placemark>
        <name>2025-08-26 10:25:20 UTC</name>
        <description><![CDATA[<div><div><span><b>Altitude:</b></span> <span>1,900 ft</span></div>
<div><span><b>Speed:</b></span> <span>122 kt</span></div>
<div><span><b>Heading:</b></span> <span>22&deg;</span></div>
</div>]]></description>
        <TimeStamp>
          <when>2025-08-26T10:25:20+00:00</when>
        </TimeStamp>
        <Style>
          <IconStyle>
            <heading>22</heading>
            <Icon>
              <href>http://maps.google.com/mapfiles/kml/shapes/airports.png</href>
            </Icon>
          </IconStyle>
        </Style>
        <Point>
          <altitudeMode>absolute</altitudeMode>
          <coordinates>-112.150848,33.55481,579.12</coordinates>
        </Point>
      </Placemark>
      <Placemark>
        <name>2025-08-26 10:25:27 UTC</name>
        <description><![CDATA[<div><div><span><b>Altitude:</b></span> <span>1,900 ft</span></div>
<div><span><b>Speed:</b></span> <span>123 kt</span></div>
<div><span><b>Heading:</b></span> <span>21&deg;</span></div>
</div>]]></description>
        <TimeStamp>
          <when>2025-08-26T10:25:27+00:00</when>
        </TimeStamp>
        <Style>
          <IconStyle>
            <heading>21</heading>
            <Icon>
              <href>http://maps.google.com/mapfiles/kml/shapes/airports.png</href>
            </Icon>
          </IconStyle>
        </Style>
        <Point>
          <altitudeMode>absolute</altitudeMode>
          <coordinates>-112.149185,33.55825,579.12</coordinates>
        </Point>
      </Placemark>
      <Placemark>
        <name>2025-08-26 10:25:35 UTC</name>
        <description><![CDATA[<div><div><span><b>Altitude:</b></span> <span>1,950 ft</span></div>
<div><span><b>Speed:</b></span> <span>122 kt</span></div>
<div><span><b>Heading:</b></span> <span>21&deg;</span></div>
</div>]]></description>
        <TimeStamp>
          <when>2025-08-26T10:25:35+00:00</when>
        </TimeStamp>
        <Style>
          <IconStyle>
            <heading>21</heading>
            <Icon>
              <href>http://maps.google.com/mapfiles/kml/shapes/airports.png</href>
            </Icon>
          </IconStyle>
        </Style>
        <Point>
          <altitudeMode>absolute</altitudeMode>
          <coordinates>-112.146927,33.562912,594.36</coordinates>
        </Point>
      </Placemark>
      <Placemark>
        <name>2025-08-26 10:25:44 UTC</name>
        <description><![CDATA[<div><div><span><b>Altitude:</b></span> <span>1,975 ft</span></div>
<div><span><b>Speed:</b></span> <span>122 kt</span></div>
<div><span><b>Heading:</b></span> <span>21&deg;</span></div>
</div>]]></description>
        <TimeStamp>
          <when>2025-08-26T10:25:44+00:00</when>
        </TimeStamp>
        <Style>
          <IconStyle>
            <heading>21</heading>
            <Icon>
              <href>http://maps.google.com/mapfiles/kml/shapes/airports.png</href>
            </Icon>
          </IconStyle>
        </Style>
        <Point>
          <altitudeMode>absolute</altitudeMode>
          <coordinates>-112.144775,33.567421,601.98</coordinates>
        </Point>
      </Placemark>
      <Placemark>
        <name>2025-08-26 10:25:53 UTC</name>
        <description><![CDATA[<div><div><span><b>Altitude:</b></span> <span>1,975 ft</span></div>
<div><span><b>Speed:</b></span> <span>124 kt</span></div>
<div><span><b>Heading:</b></span> <span>22&deg;</span></div>
</div>]]></description>
        <TimeStamp>
          <when>2025-08-26T10:25:53+00:00</when>
        </TimeStamp>
        <Style>
          <IconStyle>
            <heading>22</heading>
            <Icon>
              <href>http://maps.google.com/mapfiles/kml/shapes/airports.png</href>
            </Icon>
          </IconStyle>
        </Style>
        <Point>
          <altitudeMode>absolute</altitudeMode>
          <coordinates>-112.142609,33.57193,601.98</coordinates>
        </Point>
      </Placemark>
      <Placemark>
        <name>2025-08-26 10:25:59 UTC</name>
        <description><![CDATA[<div><div><span><b>Altitude:</b></span> <span>1,975 ft</span></div>
<div><span><b>Speed:</b></span> <span>124 kt</span></div>
<div><span><b>Heading:</b></span> <span>18&deg;</span></div>
</div>]]></description>
        <TimeStamp>
          <when>2025-08-26T10:25:59+00:00</when>
        </TimeStamp>
        <Style>
          <IconStyle>
            <heading>18</heading>
            <Icon>
              <href>http://maps.google.com/mapfiles/kml/shapes/airports.png</href>
            </Icon>
          </IconStyle>
        </Style>
        <Point>
          <altitudeMode>absolute</altitudeMode>
          <coordinates>-112.141052,33.575474,601.98</coordinates>
        </Point>
      </Placemark>
      <Placemark>
        <name>2025-08-26 10:26:01 UTC</name>
        <description><![CDATA[<div><div><span><b>Altitude:</b></span> <span>1,975 ft</span></div>
<div><span><b>Speed:</b></span> <span>124 kt</span></div>
<div><span><b>Heading:</b></span> <span>17&deg;</span></div>
</div>]]></description>
        <TimeStamp>
          <when>2025-08-26T10:26:01+00:00</when>
        </TimeStamp>
        <Style>
          <IconStyle>
            <heading>17</heading>
            <Icon>
              <href>http://maps.google.com/mapfiles/kml/shapes/airports.png</href>
            </Icon>
          </IconStyle>
        </Style>
        <Point>
          <altitudeMode>absolute</altitudeMode>
          <coordinates>-112.140594,33.576687,601.98</coordinates>
        </Point>
      </Placemark>
      <Placemark>
        <name>2025-08-26 10:26:08 UTC</name>
        <description><![CDATA[<div><div><span><b>Altitude:</b></span> <span>1,975 ft</span></div>
<div><span><b>Speed:</b></span> <span>124 kt</span></div>
<div><span><b>Heading:</b></span> <span>19&deg;</span></div>
</div>]]></description>
        <TimeStamp>
          <when>2025-08-26T10:26:08+00:00</when>
        </TimeStamp>
        <Style>
          <IconStyle>
            <heading>19</heading>
            <Icon>
              <href>http://maps.google.com/mapfiles/kml/shapes/airports.png</href>
            </Icon>
          </IconStyle>
        </Style>
        <Point>
          <altitudeMode>absolute</altitudeMode>
          <coordinates>-112.139114,33.58041,601.98</coordinates>
        </Point>
      </Placemark>
      <Placemark>
        <name>2025-08-26 10:26:15 UTC</name>
        <description><![CDATA[<div><div><span><b>Altitude:</b></span> <span>1,975 ft</span></div>
<div><span><b>Speed:</b></span> <span>126 kt</span></div>
<div><span><b>Heading:</b></span> <span>19&deg;</span></div>
</div>]]></description>
        <TimeStamp>
          <when>2025-08-26T10:26:15+00:00</when>
        </TimeStamp>
        <Style>
          <IconStyle>
            <heading>19</heading>
            <Icon>
              <href>http://maps.google.com/mapfiles/kml/shapes/airports.png</href>
            </Icon>
          </IconStyle>
        </Style>
        <Point>
          <altitudeMode>absolute</altitudeMode>
          <coordinates>-112.137566,33.584244,601.98</coordinates>
        </Point>
      </Placemark>
      <Placemark>
        <name>2025-08-26 10:26:23 UTC</name>
        <description><![CDATA[<div><div><span><b>Altitude:</b></span> <span>1,950 ft</span></div>
<div><span><b>Speed:</b></span> <span>126 kt</span></div>
<div><span><b>Heading:</b></span> <span>19&deg;</span></div>
</div>]]></description>
        <TimeStamp>
          <when>2025-08-26T10:26:23+00:00</when>
        </TimeStamp>
        <Style>
          <IconStyle>
            <heading>19</heading>
            <Icon>
              <href>http://maps.google.com/mapfiles/kml/shapes/airports.png</href>
            </Icon>
          </IconStyle>
        </Style>
        <Point>
          <altitudeMode>absolute</altitudeMode>
          <coordinates>-112.13562,33.588696,594.36</coordinates>
        </Point>
      </Placemark>
      <Placemark>
        <name>2025-08-26 10:26:30 UTC</name>
        <description><![CDATA[<div><div><span><b>Altitude:</b></span> <span>1,950 ft</span></div>
<div><span><b>Speed:</b></span> <span>126 kt</span></div>
<div><span><b>Heading:</b></span> <span>19&deg;</span></div>
</div>]]></description>
        <TimeStamp>
          <when>2025-08-26T10:26:30+00:00</when>
        </TimeStamp>
        <Style>
          <IconStyle>
            <heading>19</heading>
            <Icon>
              <href>http://maps.google.com/mapfiles/kml/shapes/airports.png</href>
            </Icon>
          </IconStyle>
        </Style>
        <Point>
          <altitudeMode>absolute</altitudeMode>
          <coordinates>-112.133972,33.592484,594.36</coordinates>
        </Point>
      </Placemark>
      <Placemark>
        <name>2025-08-26 10:26:39 UTC</name>
        <description><![CDATA[<div><div><span><b>Altitude:</b></span> <span>1,950 ft</span></div>
<div><span><b>Speed:</b></span> <span>125 kt</span></div>
<div><span><b>Heading:</b></span> <span>19&deg;</span></div>
</div>]]></description>
        <TimeStamp>
          <when>2025-08-26T10:26:39+00:00</when>
        </TimeStamp>
        <Style>
          <IconStyle>
            <heading>19</heading>
            <Icon>
              <href>http://maps.google.com/mapfiles/kml/shapes/airports.png</href>
            </Icon>
          </IconStyle>
        </Style>
        <Point>
          <altitudeMode>absolute</altitudeMode>
          <coordinates>-112.131958,33.597427,594.36</coordinates>
        </Point>
      </Placemark>
      <Placemark>
        <name>2025-08-26 10:26:45 UTC</name>
        <description><![CDATA[<div><div><span><b>Altitude:</b></span> <span>1,925 ft</span></div>
<div><span><b>Speed:</b></span> <span>125 kt</span></div>
<div><span><b>Heading:</b></span> <span>20&deg;</span></div>
</div>]]></description>
        <TimeStamp>
          <when>2025-08-26T10:26:45+00:00</when>
        </TimeStamp>
        <Style>
          <IconStyle>
            <heading>20</heading>
            <Icon>
              <href>http://maps.google.com/mapfiles/kml/shapes/airports.png</href>
            </Icon>
          </IconStyle>
        </Style>
        <Point>
          <altitudeMode>absolute</altitudeMode>
          <coordinates>-112.130554,33.600861,586.74</coordinates>
        </Point>
      </Placemark>
      <Placemark>
        <name>2025-08-26 10:26:54 UTC</name>
        <description><![CDATA[<div><div><span><b>Altitude:</b></span> <span>1,950 ft</span></div>
<div><span><b>Speed:</b></span> <span>125 kt</span></div>
<div><span><b>Heading:</b></span> <span>20&deg;</span></div>
</div>]]></description>
        <TimeStamp>
          <when>2025-08-26T10:26:54+00:00</when>
        </TimeStamp>
        <Style>
          <IconStyle>
            <heading>20</heading>
            <Icon>
              <href>http://maps.google.com/mapfiles/kml/shapes/airports.png</href>
            </Icon>
          </IconStyle>
        </Style>
        <Point>
          <altitudeMode>absolute</altitudeMode>
          <coordinates>-112.128426,33.60553,594.36</coordinates>
        </Point>
      </Placemark>
      <Placemark>
        <name>2025-08-26 10:27:00 UTC</name>
        <description><![CDATA[<div><div><span><b>Altitude:</b></span> <span>1,925 ft</span></div>
<div><span><b>Speed:</b></span> <span>124 kt</span></div>
<div><span><b>Heading:</b></span> <span>20&deg;</span></div>
</div>]]></description>
        <TimeStamp>
          <when>2025-08-26T10:27:00+00:00</when>
        </TimeStamp>
        <Style>
          <IconStyle>
            <heading>20</heading>
            <Icon>
              <href>http://maps.google.com/mapfiles/kml/shapes/airports.png</href>
            </Icon>
          </IconStyle>
        </Style>
        <Point>
          <altitudeMode>absolute</altitudeMode>
          <coordinates>-112.126862,33.609039,586.74</coordinates>
        </Point>
      </Placemark>
      <Placemark>
        <name>2025-08-26 10:27:09 UTC</name>
        <description><![CDATA[<div><div><span><b>Altitude:</b></span> <span>1,950 ft</span></div>
<div><span><b>Speed:</b></span> <span>123 kt</span></div>
<div><span><b>Heading:</b></span> <span>21&deg;</span></div>
</div>]]></description>
        <TimeStamp>
          <when>2025-08-26T10:27:09+00:00</when>
        </TimeStamp>
        <Style>
          <IconStyle>
            <heading>21</heading>
            <Icon>
              <href>http://maps.google.com/mapfiles/kml/shapes/airports.png</href>
            </Icon>
          </IconStyle>
        </Style>
        <Point>
          <altitudeMode>absolute</altitudeMode>
          <coordinates>-112.124695,33.613647,594.36</coordinates>
        </Point>
      </Placemark>
      <Placemark>
        <name>2025-08-26 10:27:16 UTC</name>
        <description><![CDATA[<div><div><span><b>Altitude:</b></span> <span>1,950 ft</span></div>
<div><span><b>Speed:</b></span> <span>123 kt</span></div>
<div><span><b>Heading:</b></span> <span>22&deg;</span></div>
</div>]]></description>
        <TimeStamp>
          <when>2025-08-26T10:27:16+00:00</when>
        </TimeStamp>
        <Style>
          <IconStyle>
            <heading>22</heading>
            <Icon>
              <href>http://maps.google.com/mapfiles/kml/shapes/airports.png</href>
            </Icon>
          </IconStyle>
        </Style>
        <Point>
          <altitudeMode>absolute</altitudeMode>
          <coordinates>-112.122818,33.617386,594.36</coordinates>
        </Point>
      </Placemark>
      <Placemark>
        <name>2025-08-26 10:27:25 UTC</name>
        <description><![CDATA[<div><div><span><b>Altitude:</b></span> <span>1,950 ft</span></div>
<div><span><b>Speed:</b></span> <span>124 kt</span></div>
<div><span><b>Heading:</b></span> <span>22&deg;</span></div>
</div>]]></description>
        <TimeStamp>
          <when>2025-08-26T10:27:25+00:00</when>
        </TimeStamp>
        <Style>
          <IconStyle>
            <heading>22</heading>
            <Icon>
              <href>http://maps.google.com/mapfiles/kml/shapes/airports.png</href>
            </Icon>
          </IconStyle>
        </Style>
        <Point>
          <altitudeMode>absolute</altitudeMode>
          <coordinates>-112.120468,33.622055,594.36</coordinates>
        </Point>
      </Placemark>
      <Placemark>
        <name>2025-08-26 10:27:34 UTC</name>
        <description><![CDATA[<div><div><span><b>Altitude:</b></span> <span>1,950 ft</span></div>
<div><span><b>Speed:</b></span> <span>123 kt</span></div>
<div><span><b>Heading:</b></span> <span>24&deg;</span></div>
</div>]]></description>
        <TimeStamp>
          <when>2025-08-26T10:27:34+00:00</when>
        </TimeStamp>
        <Style>
          <IconStyle>
            <heading>24</heading>
            <Icon>
              <href>http://maps.google.com/mapfiles/kml/shapes/airports.png</href>
            </Icon>
          </IconStyle>
        </Style>
        <Point>
          <altitudeMode>absolute</altitudeMode>
          <coordinates>-112.118004,33.62677,594.36</coordinates>
        </Point>
      </Placemark>
      <Placemark>
        <name>2025-08-26 10:27:40 UTC</name>
        <description><![CDATA[<div><div><span><b>Altitude:</b></span> <span>1,950 ft</span></div>
<div><span><b>Speed:</b></span> <span>123 kt</span></div>
<div><span><b>Heading:</b></span> <span>25&deg;</span></div>
</div>]]></description>
        <TimeStamp>
          <when>2025-08-26T10:27:40+00:00</when>
        </TimeStamp>
        <Style>
          <IconStyle>
            <heading>25</heading>
            <Icon>
              <href>http://maps.google.com/mapfiles/kml/shapes/airports.png</href>
            </Icon>
          </IconStyle>
        </Style>
        <Point>
          <altitudeMode>absolute</altitudeMode>
          <coordinates>-112.116211,33.629974,594.36</coordinates>
        </Point>
      </Placemark>
      <Placemark>
        <name>2025-08-26 10:27:47 UTC</name>
        <description><![CDATA[<div><div><span><b>Altitude:</b></span> <span>1,950 ft</span></div>
<div><span><b>Speed:</b></span> <span>122 kt</span></div>
<div><span><b>Heading:</b></span> <span>27&deg;</span></div>
</div>]]></description>
        <TimeStamp>
          <when>2025-08-26T10:27:47+00:00</when>
        </TimeStamp>
        <Style>
          <IconStyle>
            <heading>27</heading>
            <Icon>
              <href>http://maps.google.com/mapfiles/kml/shapes/airports.png</href>
            </Icon>
          </IconStyle>
        </Style>
        <Point>
          <altitudeMode>absolute</altitudeMode>
          <coordinates>-112.114105,33.63348,594.36</coordinates>
        </Point>
      </Placemark>
      <Placemark>
        <name>2025-08-26 10:27:50 UTC</name>
        <description><![CDATA[<div><div><span><b>Altitude:</b></span> <span>1,950 ft</span></div>
<div><span><b>Speed:</b></span> <span>122 kt</span></div>
<div><span><b>Heading:</b></span> <span>27&deg;</span></div>
</div>]]></description>
        <TimeStamp>
          <when>2025-08-26T10:27:50+00:00</when>
        </TimeStamp>
        <Style>
          <IconStyle>
            <heading>27</heading>
            <Icon>
              <href>http://maps.google.com/mapfiles/kml/shapes/airports.png</href>
            </Icon>
          </IconStyle>
        </Style>
        <Point>
          <altitudeMode>absolute</altitudeMode>
          <coordinates>-112.113289,33.634781,594.36</coordinates>
        </Point>
      </Placemark>
      <Placemark>
        <name>2025-08-26 10:27:52 UTC</name>
        <description><![CDATA[<div><div><span><b>Altitude:</b></span> <span>1,950 ft</span></div>
<div><span><b>Speed:</b></span> <span>122 kt</span></div>
<div><span><b>Heading:</b></span> <span>27&deg;</span></div>
</div>]]></description>
        <TimeStamp>
          <when>2025-08-26T10:27:52+00:00</when>
        </TimeStamp>
        <Style>
          <IconStyle>
            <heading>27</heading>
            <Icon>
              <href>http://maps.google.com/mapfiles/kml/shapes/airports.png</href>
            </Icon>
          </IconStyle>
        </Style>
        <Point>
          <altitudeMode>absolute</altitudeMode>
          <coordinates>-112.112511,33.636063,594.36</coordinates>
        </Point>
      </Placemark>
      <Placemark>
        <name>2025-08-26 10:27:56 UTC</name>
        <description><![CDATA[<div><div><span><b>Altitude:</b></span> <span>1,950 ft</span></div>
<div><span><b>Speed:</b></span> <span>123 kt</span></div>
<div><span><b>Heading:</b></span> <span>28&deg;</span></div>
</div>]]></description>
        <TimeStamp>
          <when>2025-08-26T10:27:56+00:00</when>
        </TimeStamp>
        <Style>
          <IconStyle>
            <heading>28</heading>
            <Icon>
              <href>http://maps.google.com/mapfiles/kml/shapes/airports.png</href>
            </Icon>
          </IconStyle>
        </Style>
        <Point>
          <altitudeMode>absolute</altitudeMode>
          <coordinates>-112.111359,33.637947,594.36</coordinates>
        </Point>
      </Placemark>
      <Placemark>
        <name>2025-08-26 10:27:58 UTC</name>
        <description><![CDATA[<div><div><span><b>Altitude:</b></span> <span>1,950 ft</span></div>
<div><span><b>Speed:</b></span> <span>123 kt</span></div>
<div><span><b>Heading:</b></span> <span>28&deg;</span></div>
</div>]]></description>
        <TimeStamp>
          <when>2025-08-26T10:27:58+00:00</when>
        </TimeStamp>
        <Style>
          <IconStyle>
            <heading>28</heading>
            <Icon>
              <href>http://maps.google.com/mapfiles/kml/shapes/airports.png</href>
            </Icon>
          </IconStyle>
        </Style>
        <Point>
          <altitudeMode>absolute</altitudeMode>
          <coordinates>-112.110504,33.639297,594.36</coordinates>
        </Point>
      </Placemark>
      <Placemark>
        <name>2025-08-26 10:28:06 UTC</name>
        <description><![CDATA[<div><div><span><b>Altitude:</b></span> <span>1,950 ft</span></div>
<div><span><b>Speed:</b></span> <span>123 kt</span></div>
<div><span><b>Heading:</b></span> <span>29&deg;</span></div>
</div>]]></description>
        <TimeStamp>
          <when>2025-08-26T10:28:06+00:00</when>
        </TimeStamp>
        <Style>
          <IconStyle>
            <heading>29</heading>
            <Icon>
              <href>http://maps.google.com/mapfiles/kml/shapes/airports.png</href>
            </Icon>
          </IconStyle>
        </Style>
        <Point>
          <altitudeMode>absolute</altitudeMode>
          <coordinates>-112.107796,33.643341,594.36</coordinates>
        </Point>
      </Placemark>
      <Placemark>
        <name>2025-08-26 10:28:15 UTC</name>
        <description><![CDATA[<div><div><span><b>Altitude:</b></span> <span>1,950 ft</span></div>
<div><span><b>Speed:</b></span> <span>124 kt</span></div>
<div><span><b>Heading:</b></span> <span>29&deg;</span></div>
</div>]]></description>
        <TimeStamp>
          <when>2025-08-26T10:28:15+00:00</when>
        </TimeStamp>
        <Style>
          <IconStyle>
            <heading>29</heading>
            <Icon>
              <href>http://maps.google.com/mapfiles/kml/shapes/airports.png</href>
            </Icon>
          </IconStyle>
        </Style>
        <Point>
          <altitudeMode>absolute</altitudeMode>
          <coordinates>-112.104996,33.647598,594.36</coordinates>
        </Point>
      </Placemark>
      <Placemark>
        <name>2025-08-26 10:28:24 UTC</name>
        <description><![CDATA[<div><div><span><b>Altitude:</b></span> <span>1,950 ft</span></div>
<div><span><b>Speed:</b></span> <span>122 kt</span></div>
<div><span><b>Heading:</b></span> <span>29&deg;</span></div>
</div>]]></description>
        <TimeStamp>
          <when>2025-08-26T10:28:24+00:00</when>
        </TimeStamp>
        <Style>
          <IconStyle>
            <heading>29</heading>
            <Icon>
              <href>http://maps.google.com/mapfiles/kml/shapes/airports.png</href>
            </Icon>
          </IconStyle>
        </Style>
        <Point>
          <altitudeMode>absolute</altitudeMode>
          <coordinates>-112.10186,33.652241,594.36</coordinates>
        </Point>
      </Placemark>
      <Placemark>
        <name>2025-08-26 10:28:31 UTC</name>
        <description><![CDATA[<div><div><span><b>Altitude:</b></span> <span>1,950 ft</span></div>
<div><span><b>Speed:</b></span> <span>123 kt</span></div>
<div><span><b>Heading:</b></span> <span>32&deg;</span></div>
</div>]]></description>
        <TimeStamp>
          <when>2025-08-26T10:28:31+00:00</when>
        </TimeStamp>
        <Style>
          <IconStyle>
            <heading>32</heading>
            <Icon>
              <href>http://maps.google.com/mapfiles/kml/shapes/airports.png</href>
            </Icon>
          </IconStyle>
        </Style>
        <Point>
          <altitudeMode>absolute</altitudeMode>
          <coordinates>-112.099518,33.655594,594.36</coordinates>
        </Point>
      </Placemark>
      <Placemark>
        <name>2025-08-26 10:28:33 UTC</name>
        <description><![CDATA[<div><div><span><b>Altitude:</b></span> <span>1,950 ft</span></div>
<div><span><b>Speed:</b></span> <span>124 kt</span></div>
<div><span><b>Heading:</b></span> <span>34&deg;</span></div>
</div>]]></description>
        <TimeStamp>
          <when>2025-08-26T10:28:33+00:00</when>
        </TimeStamp>
        <Style>
          <IconStyle>
            <heading>34</heading>
            <Icon>
              <href>http://maps.google.com/mapfiles/kml/shapes/airports.png</href>
            </Icon>
          </IconStyle>
        </Style>
        <Point>
          <altitudeMode>absolute</altitudeMode>
          <coordinates>-112.098709,33.656525,594.36</coordinates>
        </Point>
      </Placemark>
      <Placemark>
        <name>2025-08-26 10:28:35 UTC</name>
        <description><![CDATA[<div><div><span><b>Altitude:</b></span> <span>1,950 ft</span></div>
<div><span><b>Speed:</b></span> <span>124 kt</span></div>
<div><span><b>Heading:</b></span> <span>35&deg;</span></div>
</div>]]></description>
        <TimeStamp>
          <when>2025-08-26T10:28:35+00:00</when>
        </TimeStamp>
        <Style>
          <IconStyle>
            <heading>35</heading>
            <Icon>
              <href>http://maps.google.com/mapfiles/kml/shapes/airports.png</href>
            </Icon>
          </IconStyle>
        </Style>
        <Point>
          <altitudeMode>absolute</altitudeMode>
          <coordinates>-112.097878,33.657532,594.36</coordinates>
        </Point>
      </Placemark>
      <Placemark>
        <name>2025-08-26 10:28:37 UTC</name>
        <description><![CDATA[<div><div><span><b>Altitude:</b></span> <span>1,950 ft</span></div>
<div><span><b>Speed:</b></span> <span>124 kt</span></div>
<div><span><b>Heading:</b></span> <span>37&deg;</span></div>
</div>]]></description>
        <TimeStamp>
          <when>2025-08-26T10:28:37+00:00</when>
        </TimeStamp>
        <Style>
          <IconStyle>
            <heading>37</heading>
            <Icon>
              <href>http://maps.google.com/mapfiles/kml/shapes/airports.png</href>
            </Icon>
          </IconStyle>
        </Style>
        <Point>
          <altitudeMode>absolute</altitudeMode>
          <coordinates>-112.096809,33.658722,594.36</coordinates>
        </Point>
      </Placemark>
      <Placemark>
        <name>2025-08-26 10:28:40 UTC</name>
        <description><![CDATA[<div><div><span><b>Altitude:</b></span> <span>1,950 ft</span></div>
<div><span><b>Speed:</b></span> <span>124 kt</span></div>
<div><span><b>Heading:</b></span> <span>39&deg;</span></div>
</div>]]></description>
        <TimeStamp>
          <when>2025-08-26T10:28:40+00:00</when>
        </TimeStamp>
        <Style>
          <IconStyle>
            <heading>39</heading>
            <Icon>
              <href>http://maps.google.com/mapfiles/kml/shapes/airports.png</href>
            </Icon>
          </IconStyle>
        </Style>
        <Point>
          <altitudeMode>absolute</altitudeMode>
          <coordinates>-112.096031,33.659546,594.36</coordinates>
        </Point>
      </Placemark>
      <Placemark>
        <name>2025-08-26 10:28:42 UTC</name>
        <description><![CDATA[<div><div><span><b>Altitude:</b></span> <span>1,950 ft</span></div>
<div><span><b>Speed:</b></span> <span>124 kt</span></div>
<div><span><b>Heading:</b></span> <span>40&deg;</span></div>
</div>]]></description>
        <TimeStamp>
          <when>2025-08-26T10:28:42+00:00</when>
        </TimeStamp>
        <Style>
          <IconStyle>
            <heading>40</heading>
            <Icon>
              <href>http://maps.google.com/mapfiles/kml/shapes/airports.png</href>
            </Icon>
          </IconStyle>
        </Style>
        <Point>
          <altitudeMode>absolute</altitudeMode>
          <coordinates>-112.09491,33.66069,594.36</coordinates>
        </Point>
      </Placemark>
      <Placemark>
        <name>2025-08-26 10:28:44 UTC</name>
        <description><![CDATA[<div><div><span><b>Altitude:</b></span> <span>1,950 ft</span></div>
<div><span><b>Speed:</b></span> <span>123 kt</span></div>
<div><span><b>Heading:</b></span> <span>42&deg;</span></div>
</div>]]></description>
        <TimeStamp>
          <when>2025-08-26T10:28:44+00:00</when>
        </TimeStamp>
        <Style>
          <IconStyle>
            <heading>42</heading>
            <Icon>
              <href>http://maps.google.com/mapfiles/kml/shapes/airports.png</href>
            </Icon>
          </IconStyle>
        </Style>
        <Point>
          <altitudeMode>absolute</altitudeMode>
          <coordinates>-112.094025,33.661503,594.36</coordinates>
        </Point>
      </Placemark>
      <Placemark>
        <name>2025-08-26 10:28:46 UTC</name>
        <description><![CDATA[<div><div><span><b>Altitude:</b></span> <span>1,950 ft</span></div>
<div><span><b>Speed:</b></span> <span>122 kt</span></div>
<div><span><b>Heading:</b></span> <span>43&deg;</span></div>
</div>]]></description>
        <TimeStamp>
          <when>2025-08-26T10:28:46+00:00</when>
        </TimeStamp>
        <Style>
          <IconStyle>
            <heading>43</heading>
            <Icon>
              <href>http://maps.google.com/mapfiles/kml/shapes/airports.png</href>
            </Icon>
          </IconStyle>
        </Style>
        <Point>
          <altitudeMode>absolute</altitudeMode>
          <coordinates>-112.092888,33.662521,594.36</coordinates>
        </Point>
      </Placemark>
      <Placemark>
        <name>2025-08-26 10:28:48 UTC</name>
        <description><![CDATA[<div><div><span><b>Altitude:</b></span> <span>1,925 ft</span></div>
<div><span><b>Speed:</b></span> <span>120 kt</span></div>
<div><span><b>Heading:</b></span> <span>45&deg;</span></div>
</div>]]></description>
        <TimeStamp>
          <when>2025-08-26T10:28:48+00:00</when>
        </TimeStamp>
        <Style>
          <IconStyle>
            <heading>45</heading>
            <Icon>
              <href>http://maps.google.com/mapfiles/kml/shapes/airports.png</href>
            </Icon>
          </IconStyle>
        </Style>
        <Point>
          <altitudeMode>absolute</altitudeMode>
          <coordinates>-112.091934,33.663345,586.74</coordinates>
        </Point>
      </Placemark>
      <Placemark>
        <name>2025-08-26 10:28:51 UTC</name>
        <description><![CDATA[<div><div><span><b>Altitude:</b></span> <span>1,900 ft</span></div>
<div><span><b>Speed:</b></span> <span>115 kt</span></div>
<div><span><b>Heading:</b></span> <span>46&deg;</span></div>
</div>]]></description>
        <TimeStamp>
          <when>2025-08-26T10:28:51+00:00</when>
        </TimeStamp>
        <Style>
          <IconStyle>
            <heading>46</heading>
            <Icon>
              <href>http://maps.google.com/mapfiles/kml/shapes/airports.png</href>
            </Icon>
          </IconStyle>
        </Style>
        <Point>
          <altitudeMode>absolute</altitudeMode>
          <coordinates>-112.090874,33.664169,579.12</coordinates>
        </Point>
      </Placemark>
      <Placemark>
        <name>2025-08-26 10:28:53 UTC</name>
        <description><![CDATA[<div><div><span><b>Altitude:</b></span> <span>1,900 ft</span></div>
<div><span><b>Speed:</b></span> <span>111 kt</span></div>
<div><span><b>Heading:</b></span> <span>47&deg;</span></div>
</div>]]></description>
        <TimeStamp>
          <when>2025-08-26T10:28:53+00:00</when>
        </TimeStamp>
        <Style>
          <IconStyle>
            <heading>47</heading>
            <Icon>
              <href>http://maps.google.com/mapfiles/kml/shapes/airports.png</href>
            </Icon>
          </IconStyle>
        </Style>
        <Point>
          <altitudeMode>absolute</altitudeMode>
          <coordinates>-112.089905,33.664948,579.12</coordinates>
        </Point>
      </Placemark>
      <Placemark>
        <name>2025-08-26 10:28:55 UTC</name>
        <description><![CDATA[<div><div><span><b>Altitude:</b></span> <span>1,900 ft</span></div>
<div><span><b>Speed:</b></span> <span>107 kt</span></div>
<div><span><b>Heading:</b></span> <span>48&deg;</span></div>
</div>]]></description>
        <TimeStamp>
          <when>2025-08-26T10:28:55+00:00</when>
        </TimeStamp>
        <Style>
          <IconStyle>
            <heading>48</heading>
            <Icon>
              <href>http://maps.google.com/mapfiles/kml/shapes/airports.png</href>
            </Icon>
          </IconStyle>
        </Style>
        <Point>
          <altitudeMode>absolute</altitudeMode>
          <coordinates>-112.088966,33.665634,579.12</coordinates>
        </Point>
      </Placemark>
      <Placemark>
        <name>2025-08-26 10:28:57 UTC</name>
        <description><![CDATA[<div><div><span><b>Altitude:</b></span> <span>1,900 ft</span></div>
<div><span><b>Speed:</b></span> <span>102 kt</span></div>
<div><span><b>Heading:</b></span> <span>48&deg;</span></div>
</div>]]></description>
        <TimeStamp>
          <when>2025-08-26T10:28:57+00:00</when>
        </TimeStamp>
        <Style>
          <IconStyle>
            <heading>48</heading>
            <Icon>
              <href>http://maps.google.com/mapfiles/kml/shapes/airports.png</href>
            </Icon>
          </IconStyle>
        </Style>
        <Point>
          <altitudeMode>absolute</altitudeMode>
          <coordinates>-112.087845,33.666458,579.12</coordinates>
        </Point>
      </Placemark>
      <Placemark>
        <name>2025-08-26 10:28:59 UTC</name>
        <description><![CDATA[<div><div><span><b>Altitude:</b></span> <span>1,900 ft</span></div>
<div><span><b>Speed:</b></span> <span>98 kt</span></div>
<div><span><b>Heading:</b></span> <span>47&deg;</span></div>
</div>]]></description>
        <TimeStamp>
          <when>2025-08-26T10:28:59+00:00</when>
        </TimeStamp>
        <Style>
          <IconStyle>
            <heading>47</heading>
            <Icon>
              <href>http://maps.google.com/mapfiles/kml/shapes/airports.png</href>
            </Icon>
          </IconStyle>
        </Style>
        <Point>
          <altitudeMode>absolute</altitudeMode>
          <coordinates>-112.087112,33.667053,579.12</coordinates>
        </Point>
      </Placemark>
      <Placemark>
        <name>2025-08-26 10:29:01 UTC</name>
        <description><![CDATA[<div><div><span><b>Altitude:</b></span> <span>1,925 ft</span></div>
<div><span><b>Speed:</b></span> <span>94 kt</span></div>
<div><span><b>Heading:</b></span> <span>44&deg;</span></div>
</div>]]></description>
        <TimeStamp>
          <when>2025-08-26T10:29:01+00:00</when>
        </TimeStamp>
        <Style>
          <IconStyle>
            <heading>44</heading>
            <Icon>
              <href>http://maps.google.com/mapfiles/kml/shapes/airports.png</href>
            </Icon>
          </IconStyle>
        </Style>
        <Point>
          <altitudeMode>absolute</altitudeMode>
          <coordinates>-112.086296,33.667694,586.74</coordinates>
        </Point>
      </Placemark>
      <Placemark>
        <name>2025-08-26 10:29:04 UTC</name>
        <description><![CDATA[<div><div><span><b>Altitude:</b></span> <span>1,925 ft</span></div>
<div><span><b>Speed:</b></span> <span>92 kt</span></div>
<div><span><b>Heading:</b></span> <span>41&deg;</span></div>
</div>]]></description>
        <TimeStamp>
          <when>2025-08-26T10:29:04+00:00</when>
        </TimeStamp>
        <Style>
          <IconStyle>
            <heading>41</heading>
            <Icon>
              <href>http://maps.google.com/mapfiles/kml/shapes/airports.png</href>
            </Icon>
          </IconStyle>
        </Style>
        <Point>
          <altitudeMode>absolute</altitudeMode>
          <coordinates>-112.085381,33.668564,586.74</coordinates>
        </Point>
      </Placemark>
      <Placemark>
        <name>2025-08-26 10:29:08 UTC</name>
        <description><![CDATA[<div><div><span><b>Altitude:</b></span> <span>1,950 ft</span></div>
<div><span><b>Speed:</b></span> <span>86 kt</span></div>
<div><span><b>Heading:</b></span> <span>27&deg;</span></div>
</div>]]></description>
        <TimeStamp>
          <when>2025-08-26T10:29:08+00:00</when>
        </TimeStamp>
        <Style>
          <IconStyle>
            <heading>27</heading>
            <Icon>
              <href>http://maps.google.com/mapfiles/kml/shapes/airports.png</href>
            </Icon>
          </IconStyle>
        </Style>
        <Point>
          <altitudeMode>absolute</altitudeMode>
          <coordinates>-112.084236,33.66993,594.36</coordinates>
        </Point>
      </Placemark>
      <Placemark>
        <name>2025-08-26 10:29:10 UTC</name>
        <description><![CDATA[<div><div><span><b>Altitude:</b></span> <span>1,950 ft</span></div>
<div><span><b>Speed:</b></span> <span>85 kt</span></div>
<div><span><b>Heading:</b></span> <span>21&deg;</span></div>
</div>]]></description>
        <TimeStamp>
          <when>2025-08-26T10:29:10+00:00</when>
        </TimeStamp>
        <Style>
          <IconStyle>
            <heading>21</heading>
            <Icon>
              <href>http://maps.google.com/mapfiles/kml/shapes/airports.png</href>
            </Icon>
          </IconStyle>
        </Style>
        <Point>
          <altitudeMode>absolute</altitudeMode>
          <coordinates>-112.083893,33.670673,594.36</coordinates>
        </Point>
      </Placemark>
      <Placemark>
        <name>2025-08-26 10:29:13 UTC</name>
        <description><![CDATA[<div><div><span><b>Altitude:</b></span> <span>1,950 ft</span></div>
<div><span><b>Speed:</b></span> <span>84 kt</span></div>
<div><span><b>Heading:</b></span> <span>14&deg;</span></div>
</div>]]></description>
        <TimeStamp>
          <when>2025-08-26T10:29:13+00:00</when>
        </TimeStamp>
        <Style>
          <IconStyle>
            <heading>14</heading>
            <Icon>
              <href>http://maps.google.com/mapfiles/kml/shapes/airports.png</href>
            </Icon>
          </IconStyle>
        </Style>
        <Point>
          <altitudeMode>absolute</altitudeMode>
          <coordinates>-112.083496,33.671654,594.36</coordinates>
        </Point>
      </Placemark>
      <Placemark>
        <name>2025-08-26 10:29:15 UTC</name>
        <description><![CDATA[<div><div><span><b>Altitude:</b></span> <span>1,950 ft</span></div>
<div><span><b>Speed:</b></span> <span>84 kt</span></div>
<div><span><b>Heading:</b></span> <span>8&deg;</span></div>
</div>]]></description>
        <TimeStamp>
          <when>2025-08-26T10:29:15+00:00</when>
        </TimeStamp>
        <Style>
          <IconStyle>
            <heading>8</heading>
            <Icon>
              <href>http://maps.google.com/mapfiles/kml/shapes/airports.png</href>
            </Icon>
          </IconStyle>
        </Style>
        <Point>
          <altitudeMode>absolute</altitudeMode>
          <coordinates>-112.083321,33.672443,594.36</coordinates>
        </Point>
      </Placemark>
      <Placemark>
        <name>2025-08-26 10:29:17 UTC</name>
        <description><![CDATA[<div><div><span><b>Altitude:</b></span> <span>1,950 ft</span></div>
<div><span><b>Speed:</b></span> <span>83 kt</span></div>
<div><span><b>Heading:</b></span> <span>5&deg;</span></div>
</div>]]></description>
        <TimeStamp>
          <when>2025-08-26T10:29:17+00:00</when>
        </TimeStamp>
        <Style>
          <IconStyle>
            <heading>5</heading>
            <Icon>
              <href>http://maps.google.com/mapfiles/kml/shapes/airports.png</href>
            </Icon>
          </IconStyle>
        </Style>
        <Point>
          <altitudeMode>absolute</altitudeMode>
          <coordinates>-112.083191,33.673141,594.36</coordinates>
        </Point>
      </Placemark>
      <Placemark>
        <name>2025-08-26 10:29:19 UTC</name>
        <description><![CDATA[<div><div><span><b>Altitude:</b></span> <span>1,950 ft</span></div>
<div><span><b>Speed:</b></span> <span>82 kt</span></div>
<div><span><b>Heading:</b></span> <span>4&deg;</span></div>
</div>]]></description>
        <TimeStamp>
          <when>2025-08-26T10:29:19+00:00</when>
        </TimeStamp>
        <Style>
          <IconStyle>
            <heading>4</heading>
            <Icon>
              <href>http://maps.google.com/mapfiles/kml/shapes/airports.png</href>
            </Icon>
          </IconStyle>
        </Style>
        <Point>
          <altitudeMode>absolute</altitudeMode>
          <coordinates>-112.083092,33.674026,594.36</coordinates>
        </Point>
      </Placemark>
      <Placemark>
        <name>2025-08-26 10:29:21 UTC</name>
        <description><![CDATA[<div><div><span><b>Altitude:</b></span> <span>1,950 ft</span></div>
<div><span><b>Speed:</b></span> <span>82 kt</span></div>
<div><span><b>Heading:</b></span> <span>3&deg;</span></div>
</div>]]></description>
        <TimeStamp>
          <when>2025-08-26T10:29:21+00:00</when>
        </TimeStamp>
        <Style>
          <IconStyle>
            <heading>3</heading>
            <Icon>
              <href>http://maps.google.com/mapfiles/kml/shapes/airports.png</href>
            </Icon>
          </IconStyle>
        </Style>
        <Point>
          <altitudeMode>absolute</altitudeMode>
          <coordinates>-112.083023,33.674927,594.36</coordinates>
        </Point>
      </Placemark>
      <Placemark>
        <name>2025-08-26 10:29:23 UTC</name>
        <description><![CDATA[<div><div><span><b>Altitude:</b></span> <span>1,950 ft</span></div>
<div><span><b>Speed:</b></span> <span>81 kt</span></div>
<div><span><b>Heading:</b></span> <span>3&deg;</span></div>
</div>]]></description>
        <TimeStamp>
          <when>2025-08-26T10:29:23+00:00</when>
        </TimeStamp>
        <Style>
          <IconStyle>
            <heading>3</heading>
            <Icon>
              <href>http://maps.google.com/mapfiles/kml/shapes/airports.png</href>
            </Icon>
          </IconStyle>
        </Style>
        <Point>
          <altitudeMode>absolute</altitudeMode>
          <coordinates>-112.083023,33.675568,594.36</coordinates>
        </Point>
      </Placemark>
      <Placemark>
        <name>2025-08-26 10:29:25 UTC</name>
        <description><![CDATA[<div><div><span><b>Altitude:</b></span> <span>1,950 ft</span></div>
<div><span><b>Speed:</b></span> <span>80 kt</span></div>
<div><span><b>Heading:</b></span> <span>3&deg;</span></div>
</div>]]></description>
        <TimeStamp>
          <when>2025-08-26T10:29:25+00:00</when>
        </TimeStamp>
        <Style>
          <IconStyle>
            <heading>3</heading>
            <Icon>
              <href>http://maps.google.com/mapfiles/kml/shapes/airports.png</href>
            </Icon>
          </IconStyle>
        </Style>
        <Point>
          <altitudeMode>absolute</altitudeMode>
          <coordinates>-112.082909,33.676392,594.36</coordinates>
        </Point>
      </Placemark>
      <Placemark>
        <name>2025-08-26 10:29:28 UTC</name>
        <description><![CDATA[<div><div><span><b>Altitude:</b></span> <span>1,925 ft</span></div>
<div><span><b>Speed:</b></span> <span>79 kt</span></div>
<div><span><b>Heading:</b></span> <span>2&deg;</span></div>
</div>]]></description>
        <TimeStamp>
          <when>2025-08-26T10:29:28+00:00</when>
        </TimeStamp>
        <Style>
          <IconStyle>
            <heading>2</heading>
            <Icon>
              <href>http://maps.google.com/mapfiles/kml/shapes/airports.png</href>
            </Icon>
          </IconStyle>
        </Style>
        <Point>
          <altitudeMode>absolute</altitudeMode>
          <coordinates>-112.082855,33.677444,586.74</coordinates>
        </Point>
      </Placemark>
      <Placemark>
        <name>2025-08-26 10:29:30 UTC</name>
        <description><![CDATA[<div><div><span><b>Altitude:</b></span> <span>1,900 ft</span></div>
<div><span><b>Speed:</b></span> <span>77 kt</span></div>
<div><span><b>Heading:</b></span> <span>2&deg;</span></div>
</div>]]></description>
        <TimeStamp>
          <when>2025-08-26T10:29:30+00:00</when>
        </TimeStamp>
        <Style>
          <IconStyle>
            <heading>2</heading>
            <Icon>
              <href>http://maps.google.com/mapfiles/kml/shapes/airports.png</href>
            </Icon>
          </IconStyle>
        </Style>
        <Point>
          <altitudeMode>absolute</altitudeMode>
          <coordinates>-112.082809,33.678123,579.12</coordinates>
        </Point>
      </Placemark>
      <Placemark>
        <name>2025-08-26 10:29:32 UTC</name>
        <description><![CDATA[<div><div><span><b>Altitude:</b></span> <span>1,875 ft</span></div>
<div><span><b>Speed:</b></span> <span>76 kt</span></div>
<div><span><b>Heading:</b></span> <span>2&deg;</span></div>
</div>]]></description>
        <TimeStamp>
          <when>2025-08-26T10:29:32+00:00</when>
        </TimeStamp>
        <Style>
          <IconStyle>
            <heading>2</heading>
            <Icon>
              <href>http://maps.google.com/mapfiles/kml/shapes/airports.png</href>
            </Icon>
          </IconStyle>
        </Style>
        <Point>
          <altitudeMode>absolute</altitudeMode>
          <coordinates>-112.082802,33.679092,571.5</coordinates>
        </Point>
      </Placemark>
      <Placemark>
        <name>2025-08-26 10:29:35 UTC</name>
        <description><![CDATA[<div><div><span><b>Altitude:</b></span> <span>1,850 ft</span></div>
<div><span><b>Speed:</b></span> <span>75 kt</span></div>
<div><span><b>Heading:</b></span> <span>1&deg;</span></div>
</div>]]></description>
        <TimeStamp>
          <when>2025-08-26T10:29:35+00:00</when>
        </TimeStamp>
        <Style>
          <IconStyle>
            <heading>1</heading>
            <Icon>
              <href>http://maps.google.com/mapfiles/kml/shapes/airports.png</href>
            </Icon>
          </IconStyle>
        </Style>
        <Point>
          <altitudeMode>absolute</altitudeMode>
          <coordinates>-112.082741,33.679779,563.88</coordinates>
        </Point>
      </Placemark>
      <Placemark>
        <name>2025-08-26 10:29:37 UTC</name>
        <description><![CDATA[<div><div><span><b>Altitude:</b></span> <span>1,825 ft</span></div>
<div><span><b>Speed:</b></span> <span>73 kt</span></div>
<div><span><b>Heading:</b></span> <span>1&deg;</span></div>
</div>]]></description>
        <TimeStamp>
          <when>2025-08-26T10:29:37+00:00</when>
        </TimeStamp>
        <Style>
          <IconStyle>
            <heading>1</heading>
            <Icon>
              <href>http://maps.google.com/mapfiles/kml/shapes/airports.png</href>
            </Icon>
          </IconStyle>
        </Style>
        <Point>
          <altitudeMode>absolute</altitudeMode>
          <coordinates>-112.082741,33.680649,556.26</coordinates>
        </Point>
      </Placemark>
      <Placemark>
        <name>2025-08-26 10:29:39 UTC</name>
        <description><![CDATA[<div><div><span><b>Altitude:</b></span> <span>1,800 ft</span></div>
<div><span><b>Speed:</b></span> <span>71 kt</span></div>
<div><span><b>Heading:</b></span> <span>1&deg;</span></div>
</div>]]></description>
        <TimeStamp>
          <when>2025-08-26T10:29:39+00:00</when>
        </TimeStamp>
        <Style>
          <IconStyle>
            <heading>1</heading>
            <Icon>
              <href>http://maps.google.com/mapfiles/kml/shapes/airports.png</href>
            </Icon>
          </IconStyle>
        </Style>
        <Point>
          <altitudeMode>absolute</altitudeMode>
          <coordinates>-112.082741,33.681335,548.64</coordinates>
        </Point>
      </Placemark>
      <Placemark>
        <name>2025-08-26 10:29:42 UTC</name>
        <description><![CDATA[<div><div><span><b>Altitude:</b></span> <span>1,800 ft</span></div>
<div><span><b>Speed:</b></span> <span>69 kt</span></div>
<div><span><b>Heading:</b></span> <span>1&deg;</span></div>
</div>]]></description>
        <TimeStamp>
          <when>2025-08-26T10:29:42+00:00</when>
        </TimeStamp>
        <Style>
          <IconStyle>
            <heading>1</heading>
            <Icon>
              <href>http://maps.google.com/mapfiles/kml/shapes/airports.png</href>
            </Icon>
          </IconStyle>
        </Style>
        <Point>
          <altitudeMode>absolute</altitudeMode>
          <coordinates>-112.082748,33.682125,548.64</coordinates>
        </Point>
      </Placemark>
      <Placemark>
        <name>2025-08-26 10:29:44 UTC</name>
        <description><![CDATA[<div><div><span><b>Altitude:</b></span> <span>1,800 ft</span></div>
<div><span><b>Speed:</b></span> <span>67 kt</span></div>
<div><span><b>Heading:</b></span> <span>1&deg;</span></div>
</div>]]></description>
        <TimeStamp>
          <when>2025-08-26T10:29:44+00:00</when>
        </TimeStamp>
        <Style>
          <IconStyle>
            <heading>1</heading>
            <Icon>
              <href>http://maps.google.com/mapfiles/kml/shapes/airports.png</href>
            </Icon>
          </IconStyle>
        </Style>
        <Point>
          <altitudeMode>absolute</altitudeMode>
          <coordinates>-112.082741,33.682892,548.64</coordinates>
        </Point>
      </Placemark>
      <Placemark>
        <name>2025-08-26 10:29:51 UTC</name>
        <description><![CDATA[<div><div><span><b>Altitude:</b></span> <span>1,750 ft</span></div>
<div><span><b>Speed:</b></span> <span>59 kt</span></div>
<div><span><b>Heading:</b></span> <span>14&deg;</span></div>
</div>]]></description>
        <TimeStamp>
          <when>2025-08-26T10:29:51+00:00</when>
        </TimeStamp>
        <Style>
          <IconStyle>
            <heading>14</heading>
            <Icon>
              <href>http://maps.google.com/mapfiles/kml/shapes/airports.png</href>
            </Icon>
          </IconStyle>
        </Style>
        <Point>
          <altitudeMode>absolute</altitudeMode>
          <coordinates>-112.08252,33.684814,533.4</coordinates>
        </Point>
      </Placemark>
      <Placemark>
        <name>2025-08-26 10:29:53 UTC</name>
        <description><![CDATA[<div><div><span><b>Altitude:</b></span> <span>1,725 ft</span></div>
<div><span><b>Speed:</b></span> <span>56 kt</span></div>
<div><span><b>Heading:</b></span> <span>28&deg;</span></div>
</div>]]></description>
        <TimeStamp>
          <when>2025-08-26T10:29:53+00:00</when>
        </TimeStamp>
        <Style>
          <IconStyle>
            <heading>28</heading>
            <Icon>
              <href>http://maps.google.com/mapfiles/kml/shapes/airports.png</href>
            </Icon>
          </IconStyle>
        </Style>
        <Point>
          <altitudeMode>absolute</altitudeMode>
          <coordinates>-112.08223,33.685432,525.78</coordinates>
        </Point>
      </Placemark>
      <Placemark>
        <name>2025-08-26 10:29:55 UTC</name>
        <description><![CDATA[<div><div><span><b>Altitude:</b></span> <span>1,700 ft</span></div>
<div><span><b>Speed:</b></span> <span>53 kt</span></div>
<div><span><b>Heading:</b></span> <span>41&deg;</span></div>
</div>]]></description>
        <TimeStamp>
          <when>2025-08-26T10:29:55+00:00</when>
        </TimeStamp>
        <Style>
          <IconStyle>
            <heading>41</heading>
            <Icon>
              <href>http://maps.google.com/mapfiles/kml/shapes/airports.png</href>
            </Icon>
          </IconStyle>
        </Style>
        <Point>
          <altitudeMode>absolute</altitudeMode>
          <coordinates>-112.081833,33.685806,518.16</coordinates>
        </Point>
      </Placemark>
      <Placemark>
        <name>2025-08-26 10:29:58 UTC</name>
        <description><![CDATA[<div><div><span><b>Altitude:</b></span> <span>1,675 ft</span></div>
<div><span><b>Speed:</b></span> <span>50 kt</span></div>
<div><span><b>Heading:</b></span> <span>61&deg;</span></div>
</div>]]></description>
        <TimeStamp>
          <when>2025-08-26T10:29:58+00:00</when>
        </TimeStamp>
        <Style>
          <IconStyle>
            <heading>61</heading>
            <Icon>
              <href>http://maps.google.com/mapfiles/kml/shapes/airports.png</href>
            </Icon>
          </IconStyle>
        </Style>
        <Point>
          <altitudeMode>absolute</altitudeMode>
          <coordinates>-112.08123,33.686142,510.54</coordinates>
        </Point>
      </Placemark>
      <Placemark>
        <name>2025-08-26 10:30:00 UTC</name>
        <description><![CDATA[<div><div><span><b>Altitude:</b></span> <span>1,650 ft</span></div>
<div><span><b>Speed:</b></span> <span>47 kt</span></div>
<div><span><b>Heading:</b></span> <span>71&deg;</span></div>
</div>]]></description>
        <TimeStamp>
          <when>2025-08-26T10:30:00+00:00</when>
        </TimeStamp>
        <Style>
          <IconStyle>
            <heading>71</heading>
            <Icon>
              <href>http://maps.google.com/mapfiles/kml/shapes/airports.png</href>
            </Icon>
          </IconStyle>
        </Style>
        <Point>
          <altitudeMode>absolute</altitudeMode>
          <coordinates>-112.08078,33.686325,502.92</coordinates>
        </Point>
      </Placemark>
      <Placemark>
        <name>2025-08-26 10:30:02 UTC</name>
        <description><![CDATA[<div><div><span><b>Altitude:</b></span> <span>1,625 ft</span></div>
<div><span><b>Speed:</b></span> <span>44 kt</span></div>
<div><span><b>Heading:</b></span> <span>78&deg;</span></div>
</div>]]></description>
        <TimeStamp>
          <when>2025-08-26T10:30:02+00:00</when>
        </TimeStamp>
        <Style>
          <IconStyle>
            <heading>78</heading>
            <Icon>
              <href>http://maps.google.com/mapfiles/kml/shapes/airports.png</href>
            </Icon>
          </IconStyle>
        </Style>
        <Point>
          <altitudeMode>absolute</altitudeMode>
          <coordinates>-112.080162,33.686462,495.3</coordinates>
        </Point>
      </Placemark>
      <Placemark>
        <name>2025-08-26 10:30:05 UTC</name>
        <description><![CDATA[<div><div><span><b>Altitude:</b></span> <span>1,600 ft</span></div>
<div><span><b>Speed:</b></span> <span>42 kt</span></div>
<div><span><b>Heading:</b></span> <span>83&deg;</span></div>
</div>]]></description>
        <TimeStamp>
          <when>2025-08-26T10:30:05+00:00</when>
        </TimeStamp>
        <Style>
          <IconStyle>
            <heading>83</heading>
            <Icon>
              <href>http://maps.google.com/mapfiles/kml/shapes/airports.png</href>
            </Icon>
          </IconStyle>
        </Style>
        <Point>
          <altitudeMode>absolute</altitudeMode>
          <coordinates>-112.079491,33.686554,487.68</coordinates>
        </Point>
      </Placemark>
      <Placemark>
        <name>2025-08-26 10:30:07 UTC</name>
        <description><![CDATA[<div><div><span><b>Altitude:</b></span> <span>1,575 ft</span></div>
<div><span><b>Speed:</b></span> <span>40 kt</span></div>
<div><span><b>Heading:</b></span> <span>84&deg;</span></div>
</div>]]></description>
        <TimeStamp>
          <when>2025-08-26T10:30:07+00:00</when>
        </TimeStamp>
        <Style>
          <IconStyle>
            <heading>84</heading>
            <Icon>
              <href>http://maps.google.com/mapfiles/kml/shapes/airports.png</href>
            </Icon>
          </IconStyle>
        </Style>
        <Point>
          <altitudeMode>absolute</altitudeMode>
          <coordinates>-112.078972,33.686596,480.06</coordinates>
        </Point>
      </Placemark>
      <Placemark>
        <name>2025-08-26 10:30:09 UTC</name>
        <description><![CDATA[<div><div><span><b>Altitude:</b></span> <span>1,550 ft</span></div>
<div><span><b>Speed:</b></span> <span>38 kt</span></div>
<div><span><b>Heading:</b></span> <span>85&deg;</span></div>
</div>]]></description>
        <TimeStamp>
          <when>2025-08-26T10:30:09+00:00</when>
        </TimeStamp>
        <Style>
          <IconStyle>
            <heading>85</heading>
            <Icon>
              <href>http://maps.google.com/mapfiles/kml/shapes/airports.png</href>
            </Icon>
          </IconStyle>
        </Style>
        <Point>
          <altitudeMode>absolute</altitudeMode>
          <coordinates>-112.078461,33.686642,472.44</coordinates>
        </Point>
      </Placemark>
      <Placemark>
        <name>2025-08-26 10:30:11 UTC</name>
        <description><![CDATA[<div><div><span><b>Altitude:</b></span> <span>1,525 ft</span></div>
<div><span><b>Speed:</b></span> <span>36 kt</span></div>
<div><span><b>Heading:</b></span> <span>85&deg;</span></div>
</div>]]></description>
        <TimeStamp>
          <when>2025-08-26T10:30:11+00:00</when>
        </TimeStamp>
        <Style>
          <IconStyle>
            <heading>85</heading>
            <Icon>
              <href>http://maps.google.com/mapfiles/kml/shapes/airports.png</href>
            </Icon>
          </IconStyle>
        </Style>
        <Point>
          <altitudeMode>absolute</altitudeMode>
          <coordinates>-112.078094,33.686646,464.82</coordinates>
        </Point>
      </Placemark>
      <Placemark>
        <name>2025-08-26 10:30:14 UTC</name>
        <description><![CDATA[<div><div><span><b>Altitude:</b></span> <span>1,525 ft</span></div>
<div><span><b>Speed:</b></span> <span>34 kt</span></div>
<div><span><b>Heading:</b></span> <span>84&deg;</span></div>
</div>]]></description>
        <TimeStamp>
          <when>2025-08-26T10:30:14+00:00</when>
        </TimeStamp>
        <Style>
          <IconStyle>
            <heading>84</heading>
            <Icon>
              <href>http://maps.google.com/mapfiles/kml/shapes/airports.png</href>
            </Icon>
          </IconStyle>
        </Style>
        <Point>
          <altitudeMode>absolute</altitudeMode>
          <coordinates>-112.077652,33.686687,464.82</coordinates>
        </Point>
      </Placemark>
      <Placemark>
        <name>2025-08-26 10:30:16 UTC</name>
        <description><![CDATA[<div><div><span><b>Altitude:</b></span> <span>1,500 ft</span></div>
<div><span><b>Speed:</b></span> <span>31 kt</span></div>
<div><span><b>Heading:</b></span> <span>86&deg;</span></div>
</div>]]></description>
        <TimeStamp>
          <when>2025-08-26T10:30:16+00:00</when>
        </TimeStamp>
        <Style>
          <IconStyle>
            <heading>86</heading>
            <Icon>
              <href>http://maps.google.com/mapfiles/kml/shapes/airports.png</href>
            </Icon>
          </IconStyle>
        </Style>
        <Point>
          <altitudeMode>absolute</altitudeMode>
          <coordinates>-112.077194,33.686737,457.2</coordinates>
        </Point>
      </Placemark>
      <Placemark>
        <name>2025-08-26 10:30:18 UTC</name>
        <description><![CDATA[<div><div><span><b>Altitude:</b></span> <span>1,475 ft</span></div>
<div><span><b>Speed:</b></span> <span>29 kt</span></div>
<div><span><b>Heading:</b></span> <span>86&deg;</span></div>
</div>]]></description>
        <TimeStamp>
          <when>2025-08-26T10:30:18+00:00</when>
        </TimeStamp>
        <Style>
          <IconStyle>
            <heading>86</heading>
            <Icon>
              <href>http://maps.google.com/mapfiles/kml/shapes/airports.png</href>
            </Icon>
          </IconStyle>
        </Style>
        <Point>
          <altitudeMode>absolute</altitudeMode>
          <coordinates>-112.076859,33.686737,449.58</coordinates>
        </Point>
      </Placemark>
      <Placemark>
        <name>2025-08-26 10:30:20 UTC</name>
        <description><![CDATA[<div><div><span><b>Altitude:</b></span> <span>1,475 ft</span></div>
<div><span><b>Speed:</b></span> <span>28 kt</span></div>
<div><span><b>Heading:</b></span> <span>88&deg;</span></div>
</div>]]></description>
        <TimeStamp>
          <when>2025-08-26T10:30:20+00:00</when>
        </TimeStamp>
        <Style>
          <IconStyle>
            <heading>88</heading>
            <Icon>
              <href>http://maps.google.com/mapfiles/kml/shapes/airports.png</href>
            </Icon>
          </IconStyle>
        </Style>
        <Point>
          <altitudeMode>absolute</altitudeMode>
          <coordinates>-112.076508,33.686737,449.58</coordinates>
        </Point>
      </Placemark>
      <Placemark>
        <name>2025-08-26 10:30:23 UTC</name>
        <description><![CDATA[<div><div><span><b>Altitude:</b></span> <span>1,475 ft</span></div>
<div><span><b>Speed:</b></span> <span>25 kt</span></div>
<div><span><b>Heading:</b></span> <span>87&deg;</span></div>
</div>]]></description>
        <TimeStamp>
          <when>2025-08-26T10:30:23+00:00</when>
        </TimeStamp>
        <Style>
          <IconStyle>
            <heading>87</heading>
            <Icon>
              <href>http://maps.google.com/mapfiles/kml/shapes/airports.png</href>
            </Icon>
          </IconStyle>
        </Style>
        <Point>
          <altitudeMode>absolute</altitudeMode>
          <coordinates>-112.076225,33.686783,449.58</coordinates>
        </Point>
      </Placemark>
      <Placemark>
        <name>2025-08-26 10:30:25 UTC</name>
        <description><![CDATA[<div><div><span><b>Altitude:</b></span> <span>1,450 ft</span></div>
<div><span><b>Speed:</b></span> <span>23 kt</span></div>
<div><span><b>Heading:</b></span> <span>85&deg;</span></div>
</div>]]></description>
        <TimeStamp>
          <when>2025-08-26T10:30:25+00:00</when>
        </TimeStamp>
        <Style>
          <IconStyle>
            <heading>85</heading>
            <Icon>
              <href>http://maps.google.com/mapfiles/kml/shapes/airports.png</href>
            </Icon>
          </IconStyle>
        </Style>
        <Point>
          <altitudeMode>absolute</altitudeMode>
          <coordinates>-112.075882,33.686783,441.96</coordinates>
        </Point>
      </Placemark>
      <Placemark>
        <name>2025-08-26 10:30:27 UTC</name>
        <description><![CDATA[<div><div><span><b>Altitude:</b></span> <span>1,450 ft</span></div>
<div><span><b>Speed:</b></span> <span>21 kt</span></div>
<div><span><b>Heading:</b></span> <span>87&deg;</span></div>
</div>]]></description>
        <TimeStamp>
          <when>2025-08-26T10:30:27+00:00</when>
        </TimeStamp>
        <Style>
          <IconStyle>
            <heading>87</heading>
            <Icon>
              <href>http://maps.google.com/mapfiles/kml/shapes/airports.png</href>
            </Icon>
          </IconStyle>
        </Style>
        <Point>
          <altitudeMode>absolute</altitudeMode>
          <coordinates>-112.075623,33.686783,441.96</coordinates>
        </Point>
      </Placemark>
      <Placemark>
        <name>2025-08-26 10:30:29 UTC</name>
        <description><![CDATA[<div><div><span><b>Altitude:</b></span> <span>1,450 ft</span></div>
<div><span><b>Speed:</b></span> <span>21 kt</span></div>
<div><span><b>Heading:</b></span> <span>87&deg;</span></div>
</div>]]></description>
        <TimeStamp>
          <when>2025-08-26T10:30:29+00:00</when>
        </TimeStamp>
        <Style>
          <IconStyle>
            <heading>87</heading>
            <Icon>
              <href>http://maps.google.com/mapfiles/kml/shapes/airports.png</href>
            </Icon>
          </IconStyle>
        </Style>
        <Point>
          <altitudeMode>absolute</altitudeMode>
          <coordinates>-112.075401,33.686783,441.96</coordinates>
        </Point>
      </Placemark>
      <Placemark>
        <name>2025-08-26 10:30:32 UTC</name>
        <description><![CDATA[<div><div><span><b>Altitude:</b></span> <span>1,450 ft</span></div>
<div><span><b>Speed:</b></span> <span>20 kt</span></div>
<div><span><b>Heading:</b></span> <span>87&deg;</span></div>
</div>]]></description>
        <TimeStamp>
          <when>2025-08-26T10:30:32+00:00</when>
        </TimeStamp>
        <Style>
          <IconStyle>
            <heading>87</heading>
            <Icon>
              <href>http://maps.google.com/mapfiles/kml/shapes/airports.png</href>
            </Icon>
          </IconStyle>
        </Style>
        <Point>
          <altitudeMode>absolute</altitudeMode>
          <coordinates>-112.075066,33.686829,441.96</coordinates>
        </Point>
      </Placemark>
      <Placemark>
        <name>2025-08-26 10:30:34 UTC</name>
        <description><![CDATA[<div><div><span><b>Altitude:</b></span> <span>1,425 ft</span></div>
<div><span><b>Speed:</b></span> <span>17 kt</span></div>
<div><span><b>Heading:</b></span> <span>90&deg;</span></div>
</div>]]></description>
        <TimeStamp>
          <when>2025-08-26T10:30:34+00:00</when>
        </TimeStamp>
        <Style>
          <IconStyle>
            <heading>90</heading>
            <Icon>
              <href>http://maps.google.com/mapfiles/kml/shapes/airports.png</href>
            </Icon>
          </IconStyle>
        </Style>
        <Point>
          <altitudeMode>absolute</altitudeMode>
          <coordinates>-112.074852,33.686829,434.34</coordinates>
        </Point>
      </Placemark>
      <Placemark>
        <name>2025-08-26 10:30:36 UTC</name>
        <description><![CDATA[<div><div><span><b>Altitude:</b></span> <span>1,425 ft</span></div>
<div><span><b>Speed:</b></span> <span>15 kt</span></div>
<div><span><b>Heading:</b></span> <span>93&deg;</span></div>
</div>]]></description>
        <TimeStamp>
          <when>2025-08-26T10:30:36+00:00</when>
        </TimeStamp>
        <Style>
          <IconStyle>
            <heading>93</heading>
            <Icon>
              <href>http://maps.google.com/mapfiles/kml/shapes/airports.png</href>
            </Icon>
          </IconStyle>
        </Style>
        <Point>
          <altitudeMode>absolute</altitudeMode>
          <coordinates>-112.074615,33.686829,434.34</coordinates>
        </Point>
      </Placemark>
      <Placemark>
        <name>2025-08-26 10:30:41 UTC</name>
        <description><![CDATA[<div><div><span><b>Altitude:</b></span> <span>1,425 ft</span></div>
<div><span><b>Speed:</b></span> <span>10 kt</span></div>
<div><span><b>Heading:</b></span> <span>119&deg;</span></div>
</div>]]></description>
        <TimeStamp>
          <when>2025-08-26T10:30:41+00:00</when>
        </TimeStamp>
        <Style>
          <IconStyle>
            <heading>119</heading>
            <Icon>
              <href>http://maps.google.com/mapfiles/kml/shapes/airports.png</href>
            </Icon>
          </IconStyle>
        </Style>
        <Point>
          <altitudeMode>absolute</altitudeMode>
          <coordinates>-112.074333,33.686737,434.34</coordinates>
        </Point>
      </Placemark>
      <Placemark>
        <name>2025-08-26 10:30:49 UTC</name>
        <description><![CDATA[<div><div><span><b>Altitude:</b></span> <span>0 ft</span></div>
<div><span><b>Speed:</b></span> <span>5 kt</span></div>
<div><span><b>Heading:</b></span> <span>104&deg;</span></div>
</div>]]></description>
        <TimeStamp>
          <when>2025-08-26T10:30:49+00:00</when>
        </TimeStamp>
        <Style>
          <IconStyle>
            <heading>104</heading>
            <Icon>
              <href>http://maps.google.com/mapfiles/kml/shapes/airports.png</href>
            </Icon>
          </IconStyle>
        </Style>
        <Point>
          <altitudeMode>absolute</altitudeMode>
          <coordinates>-112.074127,33.686588,0</coordinates>
        </Point>
      </Placemark>
      <Placemark>
        <name>2025-08-26 10:31:04 UTC</name>
        <description><![CDATA[<div><div><span><b>Altitude:</b></span> <span>0 ft</span></div>
<div><span><b>Speed:</b></span> <span>1 kt</span></div>
<div><span><b>Heading:</b></span> <span>2&deg;</span></div>
</div>]]></description>
        <TimeStamp>
          <when>2025-08-26T10:31:04+00:00</when>
        </TimeStamp>
        <Style>
          <IconStyle>
            <heading>2</heading>
            <Icon>
              <href>http://maps.google.com/mapfiles/kml/shapes/airports.png</href>
            </Icon>
          </IconStyle>
        </Style>
        <Point>
          <altitudeMode>absolute</altitudeMode>
          <coordinates>-112.073914,33.686531,0</coordinates>
        </Point>
      </Placemark>
    </Folder>
    <Folder>
      <name>Trail</name>
      <Placemark>
        <Style>
          <LineStyle>
            <color>ffffffff</color>
            <width>2</width>
          </LineStyle>
        </Style>
        <MultiGeometry>
          <LineString>
            <tessellate>1</tessellate>
            <altitudeMode>clampToGround</altitudeMode>
            <coordinates>-112.073883,33.686596,0 -112.074097,33.68676,0</coordinates>
          </LineString>
        </MultiGeometry>
        <name>P-1</name>
        <description><![CDATA[<div><div><span><b>Altitude:</b></span> <span>0 ft</span></div>
<div><span><b>Speed:</b></span> <span>0 kt - 6 kt</span></div>
<div><span><b>Timestamp:</b></span><br/><span>2025-08-26 10:06:06 UTC<br/>2025-08-26 10:06:35 UTC</span></div>
</div>]]></description>
      </Placemark>
      <Placemark>
        <Style>
          <LineStyle>
            <color>ffffffff</color>
            <width>2</width>
          </LineStyle>
        </Style>
        <MultiGeometry>
          <LineString>
            <tessellate>1</tessellate>
            <altitudeMode>clampToGround</altitudeMode>
            <coordinates>-112.074097,33.68676,0 -112.073822,33.68692,441.96</coordinates>
          </LineString>
        </MultiGeometry>
        <name>P-2</name>
        <description><![CDATA[<div><div><span><b>Altitude:</b></span> <span>0 ft - 1,450 ft</span></div>
<div><span><b>Speed:</b></span> <span>6 kt - 22 kt</span></div>
<div><span><b>Timestamp:</b></span><br/><span>2025-08-26 10:06:35 UTC<br/>2025-08-26 10:06:40 UTC</span></div>
</div>]]></description>
      </Placemark>
      <Placemark>
        <Style>
          <LineStyle>
            <color>ffccff00</color>
            <width>2</width>
          </LineStyle>
        </Style>
        <MultiGeometry>
          <LineString>
            <tessellate>1</tessellate>
            <altitudeMode>absolute</altitudeMode>
            <coordinates>-112.073822,33.68692,441.96 -112.073494,33.687057,441.96</coordinates>
          </LineString>
        </MultiGeometry>
        <name>P-3</name>
        <description><![CDATA[<div><div><span><b>Altitude:</b></span> <span>1,450 ft</span></div>
<div><span><b>Speed:</b></span> <span>22 kt - 33 kt</span></div>
<div><span><b>Timestamp:</b></span><br/><span>2025-08-26 10:06:40 UTC<br/>2025-08-26 10:06:42 UTC</span></div>
</div>]]></description>
      </Placemark>
      <Placemark>
        <Style>
          <LineStyle>
            <color>ffccff00</color>
            <width>2</width>
          </LineStyle>
        </Style>
        <MultiGeometry>
          <LineString>
            <tessellate>1</tessellate>
            <altitudeMode>absolute</altitudeMode>
            <coordinates>-112.073494,33.687057,441.96 -112.07299,33.687149,449.58</coordinates>
          </LineString>
        </MultiGeometry>
        <name>P-4</name>
        <description><![CDATA[<div><div><span><b>Altitude:</b></span> <span>1,450 ft - 1,475 ft</span></div>
<div><span><b>Speed:</b></span> <span>33 kt - 42 kt</span></div>
<div><span><b>Timestamp:</b></span><br/><span>2025-08-26 10:06:42 UTC<br/>2025-08-26 10:06:45 UTC</span></div>
</div>]]></description>
      </Placemark>
      <Placemark>
        <Style>
          <LineStyle>
            <color>ffccff00</color>
            <width>2</width>
          </LineStyle>
        </Style>
        <MultiGeometry>
          <LineString>
            <tessellate>1</tessellate>
            <altitudeMode>absolute</altitudeMode>
            <coordinates>-112.07299,33.687149,449.58 -112.072388,33.687202,457.2</coordinates>
          </LineString>
        </MultiGeometry>
        <name>P-5</name>
        <description><![CDATA[<div><div><span><b>Altitude:</b></span> <span>1,475 ft - 1,500 ft</span></div>
<div><span><b>Speed:</b></span> <span>42 kt - 52 kt</span></div>
<div><span><b>Timestamp:</b></span><br/><span>2025-08-26 10:06:45 UTC<br/>2025-08-26 10:06:47 UTC</span></div>
</div>]]></description>
      </Placemark>
      <Placemark>
        <Style>
          <LineStyle>
            <color>ffccff00</color>
            <width>2</width>
          </LineStyle>
        </Style>
        <MultiGeometry>
          <LineString>
            <tessellate>1</tessellate>
            <altitudeMode>absolute</altitudeMode>
            <coordinates>-112.072388,33.687202,457.2 -112.071648,33.687149,464.82</coordinates>
          </LineString>
        </MultiGeometry>
        <name>P-6</name>
        <description><![CDATA[<div><div><span><b>Altitude:</b></span> <span>1,500 ft - 1,525 ft</span></div>
<div><span><b>Speed:</b></span> <span>52 kt - 57 kt</span></div>
<div><span><b>Timestamp:</b></span><br/><span>2025-08-26 10:06:47 UTC<br/>2025-08-26 10:06:49 UTC</span></div>
</div>]]></description>
      </Placemark>
      <Placemark>
        <Style>
          <LineStyle>
            <color>ffccff00</color>
            <width>2</width>
          </LineStyle>
        </Style>
        <MultiGeometry>
          <LineString>
            <tessellate>1</tessellate>
            <altitudeMode>absolute</altitudeMode>
            <coordinates>-112.071648,33.687149,464.82 -112.070908,33.687016,480.06</coordinates>
          </LineString>
        </MultiGeometry>
        <name>P-7</name>
        <description><![CDATA[<div><div><span><b>Altitude:</b></span> <span>1,525 ft - 1,575 ft</span></div>
<div><span><b>Speed:</b></span> <span>57 kt - 61 kt</span></div>
<div><span><b>Timestamp:</b></span><br/><span>2025-08-26 10:06:49 UTC<br/>2025-08-26 10:06:52 UTC</span></div>
</div>]]></description>
      </Placemark>
      <Placemark>
        <Style>
          <LineStyle>
            <color>ffccff00</color>
            <width>2</width>
          </LineStyle>
        </Style>
        <MultiGeometry>
          <LineString>
            <tessellate>1</tessellate>
            <altitudeMode>absolute</altitudeMode>
            <coordinates>-112.070908,33.687016,480.06 -112.070244,33.686783,495.3</coordinates>
          </LineString>
        </MultiGeometry>
        <name>P-8</name>
        <description><![CDATA[<div><div><span><b>Altitude:</b></span> <span>1,575 ft - 1,625 ft</span></div>
<div><span><b>Speed:</b></span> <span>61 kt - 63 kt</span></div>
<div><span><b>Timestamp:</b></span><br/><span>2025-08-26 10:06:52 UTC<br/>2025-08-26 10:06:54 UTC</span></div>
</div>]]></description>
      </Placemark>
      <Placemark>
        <Style>
          <LineStyle>
            <color>ffccff00</color>
            <width>2</width>
          </LineStyle>
        </Style>
        <MultiGeometry>
          <LineString>
            <tessellate>1</tessellate>
            <altitudeMode>absolute</altitudeMode>
            <coordinates>-112.070244,33.686783,495.3 -112.069641,33.686504,502.92</coordinates>
          </LineString>
        </MultiGeometry>
        <name>P-9</name>
        <description><![CDATA[<div><div><span><b>Altitude:</b></span> <span>1,625 ft - 1,650 ft</span></div>
<div><span><b>Speed:</b></span> <span>63 kt - 68 kt</span></div>
<div><span><b>Timestamp:</b></span><br/><span>2025-08-26 10:06:54 UTC<br/>2025-08-26 10:06:56 UTC</span></div>
</div>]]></description>
      </Placemark>
      <Placemark>
        <Style>
          <LineStyle>
            <color>ffccff00</color>
            <width>2</width>
          </LineStyle>
        </Style>
        <MultiGeometry>
          <LineString>
            <tessellate>1</tessellate>
            <altitudeMode>absolute</altitudeMode>
            <coordinates>-112.069641,33.686504,502.92 -112.068954,33.685944,518.16</coordinates>
          </LineString>
        </MultiGeometry>
        <name>P-10</name>
        <description><![CDATA[<div><div><span><b>Altitude:</b></span> <span>1,650 ft - 1,700 ft</span></div>
<div><span><b>Speed:</b></span> <span>68 kt - 72 kt</span></div>
<div><span><b>Timestamp:</b></span><br/><span>2025-08-26 10:06:56 UTC<br/>2025-08-26 10:06:58 UTC</span></div>
</div>]]></description>
      </Placemark>
      <Placemark>
        <Style>
          <LineStyle>
            <color>ffccff00</color>
            <width>2</width>
          </LineStyle>
        </Style>
        <MultiGeometry>
          <LineString>
            <tessellate>1</tessellate>
            <altitudeMode>absolute</altitudeMode>
            <coordinates>-112.068954,33.685944,518.16 -112.068497,33.685291,533.4</coordinates>
          </LineString>
        </MultiGeometry>
        <name>P-11</name>
        <description><![CDATA[<div><div><span><b>Altitude:</b></span> <span>1,700 ft - 1,750 ft</span></div>
<div><span><b>Speed:</b></span> <span>72 kt - 77 kt</span></div>
<div><span><b>Timestamp:</b></span><br/><span>2025-08-26 10:06:58 UTC<br/>2025-08-26 10:07:00 UTC</span></div>
</div>]]></description>
      </Placemark>
      <Placemark>
        <Style>
          <LineStyle>
            <color>ffccff00</color>
            <width>2</width>
          </LineStyle>
        </Style>
        <MultiGeometry>
          <LineString>
            <tessellate>1</tessellate>
            <altitudeMode>absolute</altitudeMode>
            <coordinates>-112.068497,33.685291,533.4 -112.068115,33.684677,541.02</coordinates>
          </LineString>
        </MultiGeometry>
        <name>P-12</name>
        <description><![CDATA[<div><div><span><b>Altitude:</b></span> <span>1,750 ft - 1,775 ft</span></div>
<div><span><b>Speed:</b></span> <span>77 kt - 81 kt</span></div>
<div><span><b>Timestamp:</b></span><br/><span>2025-08-26 10:07:00 UTC<br/>2025-08-26 10:07:03 UTC</span></div>
</div>]]></description>
      </Placemark>
      <Placemark>
        <Style>
          <LineStyle>
            <color>ffccff00</color>
            <width>2</width>
          </LineStyle>
        </Style>
        <MultiGeometry>
          <LineString>
            <tessellate>1</tessellate>
            <altitudeMode>absolute</altitudeMode>
            <coordinates>-112.068115,33.684677,541.02 -112.06781,33.683758,556.26</coordinates>
          </LineString>
        </MultiGeometry>
        <name>P-13</name>
        <description><![CDATA[<div><div><span><b>Altitude:</b></span> <span>1,775 ft - 1,825 ft</span></div>
<div><span><b>Speed:</b></span> <span>81 kt - 85 kt</span></div>
<div><span><b>Timestamp:</b></span><br/><span>2025-08-26 10:07:03 UTC<br/>2025-08-26 10:07:05 UTC</span></div>
</div>]]></description>
      </Placemark>
      <Placemark>
        <Style>
          <LineStyle>
            <color>ffccff00</color>
            <width>2</width>
          </LineStyle>
        </Style>
        <MultiGeometry>
          <LineString>
            <tessellate>1</tessellate>
            <altitudeMode>absolute</altitudeMode>
            <coordinates>-112.06781,33.683758,556.26 -112.067665,33.682983,563.88</coordinates>
          </LineString>
        </MultiGeometry>
        <name>P-14</name>
        <description><![CDATA[<div><div><span><b>Altitude:</b></span> <span>1,825 ft - 1,850 ft</span></div>
<div><span><b>Speed:</b></span> <span>85 kt - 89 kt</span></div>
<div><span><b>Timestamp:</b></span><br/><span>2025-08-26 10:07:05 UTC<br/>2025-08-26 10:07:07 UTC</span></div>
</div>]]></description>
      </Placemark>
      <Placemark>
        <Style>
          <LineStyle>
            <color>ffccff00</color>
            <width>2</width>
          </LineStyle>
        </Style>
        <MultiGeometry>
          <LineString>
            <tessellate>1</tessellate>
            <altitudeMode>absolute</altitudeMode>
            <coordinates>-112.067665,33.682983,563.88 -112.067665,33.681702,579.12</coordinates>
          </LineString>
        </MultiGeometry>
        <name>P-15</name>
        <description><![CDATA[<div><div><span><b>Altitude:</b></span> <span>1,850 ft - 1,900 ft</span></div>
<div><span><b>Speed:</b></span> <span>89 kt - 93 kt</span></div>
<div><span><b>Timestamp:</b></span><br/><span>2025-08-26 10:07:07 UTC<br/>2025-08-26 10:07:10 UTC</span></div>
</div>]]></description>
      </Placemark>
      <Placemark>
        <Style>
          <LineStyle>
            <color>ffccff00</color>
            <width>2</width>
          </LineStyle>
        </Style>
        <MultiGeometry>
          <LineString>
            <tessellate>1</tessellate>
            <altitudeMode>absolute</altitudeMode>
            <coordinates>-112.067665,33.681702,579.12 -112.067833,33.680832,586.74</coordinates>
          </LineString>
        </MultiGeometry>
        <name>P-16</name>
        <description><![CDATA[<div><div><span><b>Altitude:</b></span> <span>1,900 ft - 1,925 ft</span></div>
<div><span><b>Speed:</b></span> <span>93 kt - 97 kt</span></div>
<div><span><b>Timestamp:</b></span><br/><span>2025-08-26 10:07:10 UTC<br/>2025-08-26 10:07:12 UTC</span></div>
</div>]]></description>
      </Placemark>
      <Placemark>
        <Style>
          <LineStyle>
            <color>ffccff00</color>
            <width>2</width>
          </LineStyle>
        </Style>
        <MultiGeometry>
          <LineString>
            <tessellate>1</tessellate>
            <altitudeMode>absolute</altitudeMode>
            <coordinates>-112.067833,33.680832,586.74 -112.068115,33.679916,586.74</coordinates>
          </LineString>
        </MultiGeometry>
        <name>P-17</name>
        <description><![CDATA[<div><div><span><b>Altitude:</b></span> <span>1,925 ft</span></div>
<div><span><b>Speed:</b></span> <span>97 kt - 100 kt</span></div>
<div><span><b>Timestamp:</b></span><br/><span>2025-08-26 10:07:12 UTC<br/>2025-08-26 10:07:14 UTC</span></div>
</div>]]></description>
      </Placemark>
      <Placemark>
        <Style>
          <LineStyle>
            <color>ffccff00</color>
            <width>2</width>
          </LineStyle>
        </Style>
        <MultiGeometry>
          <LineString>
            <tessellate>1</tessellate>
            <altitudeMode>absolute</altitudeMode>
            <coordinates>-112.068115,33.679916,586.74 -112.068451,33.679001,594.36</coordinates>
          </LineString>
        </MultiGeometry>
        <name>P-18</name>
        <description><![CDATA[<div><div><span><b>Altitude:</b></span> <span>1,925 ft - 1,950 ft</span></div>
<div><span><b>Speed:</b></span> <span>100 kt - 105 kt</span></div>
<div><span><b>Timestamp:</b></span><br/><span>2025-08-26 10:07:14 UTC<br/>2025-08-26 10:07:16 UTC</span></div>
</div>]]></description>
      </Placemark>
      <Placemark>
        <Style>
          <LineStyle>
            <color>ffccff00</color>
            <width>2</width>
          </LineStyle>
        </Style>
        <MultiGeometry>
          <LineString>
            <tessellate>1</tessellate>
            <altitudeMode>absolute</altitudeMode>
            <coordinates>-112.068451,33.679001,594.36 -112.069016,33.677845,594.36</coordinates>
          </LineString>
        </MultiGeometry>
        <name>P-19</name>
        <description><![CDATA[<div><div><span><b>Altitude:</b></span> <span>1,950 ft</span></div>
<div><span><b>Speed:</b></span> <span>105 kt - 109 kt</span></div>
<div><span><b>Timestamp:</b></span><br/><span>2025-08-26 10:07:16 UTC<br/>2025-08-26 10:07:18 UTC</span></div>
</div>]]></description>
      </Placemark>
      <Placemark>
        <Style>
          <LineStyle>
            <color>ffccff00</color>
            <width>2</width>
          </LineStyle>
        </Style>
        <MultiGeometry>
          <LineString>
            <tessellate>1</tessellate>
            <altitudeMode>absolute</altitudeMode>
            <coordinates>-112.069016,33.677845,594.36 -112.069359,33.677097,594.36</coordinates>
          </LineString>
        </MultiGeometry>
        <name>P-20</name>
        <description><![CDATA[<div><div><span><b>Altitude:</b></span> <span>1,950 ft</span></div>
<div><span><b>Speed:</b></span> <span>109 kt - 110 kt</span></div>
<div><span><b>Timestamp:</b></span><br/><span>2025-08-26 10:07:18 UTC<br/>2025-08-26 10:07:20 UTC</span></div>
</div>]]></description>
      </Placemark>
      <Placemark>
        <Style>
          <LineStyle>
            <color>ffccff00</color>
            <width>2</width>
          </LineStyle>
        </Style>
        <MultiGeometry>
          <LineString>
            <tessellate>1</tessellate>
            <altitudeMode>absolute</altitudeMode>
            <coordinates>-112.069359,33.677097,594.36 -112.069931,33.676029,601.98</coordinates>
          </LineString>
        </MultiGeometry>
        <name>P-21</name>
        <description><![CDATA[<div><div><span><b>Altitude:</b></span> <span>1,950 ft - 1,975 ft</span></div>
<div><span><b>Speed:</b></span> <span>110 kt - 113 kt</span></div>
<div><span><b>Timestamp:</b></span><br/><span>2025-08-26 10:07:20 UTC<br/>2025-08-26 10:07:22 UTC</span></div>
</div>]]></description>
      </Placemark>
      <Placemark>
        <Style>
          <LineStyle>
            <color>ff42ff00</color>
            <width>2</width>
          </LineStyle>
        </Style>
        <MultiGeometry>
          <LineString>
            <tessellate>1</tessellate>
            <altitudeMode>absolute</altitudeMode>
            <coordinates>-112.069931,33.676029,601.98 -112.070526,33.674927,601.98</coordinates>
          </LineString>
        </MultiGeometry>
        <name>P-22</name>
        <description><![CDATA[<div><div><span><b>Altitude:</b></span> <span>1,975 ft</span></div>
<div><span><b>Speed:</b></span> <span>113 kt - 115 kt</span></div>
<div><span><b>Timestamp:</b></span><br/><span>2025-08-26 10:07:22 UTC<br/>2025-08-26 10:07:24 UTC</span></div>
</div>]]></description>
      </Placemark>
      <Placemark>
        <Style>
          <LineStyle>
            <color>ff42ff00</color>
            <width>2</width>
          </LineStyle>
        </Style>
        <MultiGeometry>
          <LineString>
            <tessellate>1</tessellate>
            <altitudeMode>absolute</altitudeMode>
            <coordinates>-112.070526,33.674927,601.98 -112.071304,33.673607,609.6</coordinates>
          </LineString>
        </MultiGeometry>
        <name>P-23</name>
        <description><![CDATA[<div><div><span><b>Altitude:</b></span> <span>1,975 ft - 2,000 ft</span></div>
<div><span><b>Speed:</b></span> <span>115 kt - 116 kt</span></div>
<div><span><b>Timestamp:</b></span><br/><span>2025-08-26 10:07:24 UTC<br/>2025-08-26 10:07:27 UTC</span></div>
</div>]]></description>
      </Placemark>
      <Placemark>
        <Style>
          <LineStyle>
            <color>ff42ff00</color>
            <width>2</width>
          </LineStyle>
        </Style>
        <MultiGeometry>
          <LineString>
            <tessellate>1</tessellate>
            <altitudeMode>absolute</altitudeMode>
            <coordinates>-112.071304,33.673607,609.6 -112.071877,33.67263,609.6</coordinates>
          </LineString>
        </MultiGeometry>
        <name>P-24</name>
        <description><![CDATA[<div><div><span><b>Altitude:</b></span> <span>2,000 ft</span></div>
<div><span><b>Speed:</b></span> <span>116 kt - 118 kt</span></div>
<div><span><b>Timestamp:</b></span><br/><span>2025-08-26 10:07:27 UTC<br/>2025-08-26 10:07:29 UTC</span></div>
</div>]]></description>
      </Placemark>
      <Placemark>
        <Style>
          <LineStyle>
            <color>ff42ff00</color>
            <width>2</width>
          </LineStyle>
        </Style>
        <MultiGeometry>
          <LineString>
            <tessellate>1</tessellate>
            <altitudeMode>absolute</altitudeMode>
            <coordinates>-112.071877,33.67263,609.6 -112.072487,33.671631,609.6</coordinates>
          </LineString>
        </MultiGeometry>
        <name>P-25</name>
        <description><![CDATA[<div><div><span><b>Altitude:</b></span> <span>2,000 ft</span></div>
<div><span><b>Speed:</b></span> <span>118 kt - 119 kt</span></div>
<div><span><b>Timestamp:</b></span><br/><span>2025-08-26 10:07:29 UTC<br/>2025-08-26 10:07:31 UTC</span></div>
</div>]]></description>
      </Placemark>
      <Placemark>
        <Style>
          <LineStyle>
            <color>ff42ff00</color>
            <width>2</width>
          </LineStyle>
        </Style>
        <MultiGeometry>
          <LineString>
            <tessellate>1</tessellate>
            <altitudeMode>absolute</altitudeMode>
            <coordinates>-112.072487,33.671631,609.6 -112.073074,33.670673,617.22</coordinates>
          </LineString>
        </MultiGeometry>
        <name>P-26</name>
        <description><![CDATA[<div><div><span><b>Altitude:</b></span> <span>2,000 ft - 2,025 ft</span></div>
<div><span><b>Speed:</b></span> <span>119 kt - 121 kt</span></div>
<div><span><b>Timestamp:</b></span><br/><span>2025-08-26 10:07:31 UTC<br/>2025-08-26 10:07:33 UTC</span></div>
</div>]]></description>
      </Placemark>
      <Placemark>
        <Style>
          <LineStyle>
            <color>ff42ff00</color>
            <width>2</width>
          </LineStyle>
        </Style>
        <MultiGeometry>
          <LineString>
            <tessellate>1</tessellate>
            <altitudeMode>absolute</altitudeMode>
            <coordinates>-112.073074,33.670673,617.22 -112.073822,33.669559,609.6</coordinates>
          </LineString>
        </MultiGeometry>
        <name>P-27</name>
        <description><![CDATA[<div><div><span><b>Altitude:</b></span> <span>2,025 ft - 2,000 ft</span></div>
<div><span><b>Speed:</b></span> <span>121 kt - 123 kt</span></div>
<div><span><b>Timestamp:</b></span><br/><span>2025-08-26 10:07:33 UTC<br/>2025-08-26 10:07:35 UTC</span></div>
</div>]]></description>
      </Placemark>
      <Placemark>
        <Style>
          <LineStyle>
            <color>ff42ff00</color>
            <width>2</width>
          </LineStyle>
        </Style>
        <MultiGeometry>
          <LineString>
            <tessellate>1</tessellate>
            <altitudeMode>absolute</altitudeMode>
            <coordinates>-112.073822,33.669559,609.6 -112.074341,33.668766,609.6</coordinates>
          </LineString>
        </MultiGeometry>
        <name>P-28</name>
        <description><![CDATA[<div><div><span><b>Altitude:</b></span> <span>2,000 ft</span></div>
<div><span><b>Speed:</b></span> <span>123 kt - 125 kt</span></div>
<div><span><b>Timestamp:</b></span><br/><span>2025-08-26 10:07:35 UTC<br/>2025-08-26 10:07:37 UTC</span></div>
</div>]]></description>
      </Placemark>
      <Placemark>
        <Style>
          <LineStyle>
            <color>ff42ff00</color>
            <width>2</width>
          </LineStyle>
        </Style>
        <MultiGeometry>
          <LineString>
            <tessellate>1</tessellate>
            <altitudeMode>absolute</altitudeMode>
            <coordinates>-112.074341,33.668766,609.6 -112.075363,33.667229,609.6</coordinates>
          </LineString>
        </MultiGeometry>
        <name>P-29</name>
        <description><![CDATA[<div><div><span><b>Altitude:</b></span> <span>2,000 ft</span></div>
<div><span><b>Speed:</b></span> <span>125 kt - 126 kt</span></div>
<div><span><b>Timestamp:</b></span><br/><span>2025-08-26 10:07:37 UTC<br/>2025-08-26 10:07:40 UTC</span></div>
</div>]]></description>
      </Placemark>
      <Placemark>
        <Style>
          <LineStyle>
            <color>ff42ff00</color>
            <width>2</width>
          </LineStyle>
        </Style>
        <MultiGeometry>
          <LineString>
            <tessellate>1</tessellate>
            <altitudeMode>absolute</altitudeMode>
            <coordinates>-112.075363,33.667229,609.6 -112.076019,33.666275,609.6</coordinates>
          </LineString>
        </MultiGeometry>
        <name>P-30</name>
        <description><![CDATA[<div><div><span><b>Altitude:</b></span> <span>2,000 ft</span></div>
<div><span><b>Speed:</b></span> <span>126 kt - 125 kt</span></div>
<div><span><b>Timestamp:</b></span><br/><span>2025-08-26 10:07:40 UTC<br/>2025-08-26 10:07:42 UTC</span></div>
</div>]]></description>
      </Placemark>
      <Placemark>
        <Style>
          <LineStyle>
            <color>ff42ff00</color>
            <width>2</width>
          </LineStyle>
        </Style>
        <MultiGeometry>
          <LineString>
            <tessellate>1</tessellate>
            <altitudeMode>absolute</altitudeMode>
            <coordinates>-112.076019,33.666275,609.6 -112.076912,33.665085,617.22</coordinates>
          </LineString>
        </MultiGeometry>
        <name>P-31</name>
        <description><![CDATA[<div><div><span><b>Altitude:</b></span> <span>2,000 ft - 2,025 ft</span></div>
<div><span><b>Speed:</b></span> <span>125 kt - 126 kt</span></div>
<div><span><b>Timestamp:</b></span><br/><span>2025-08-26 10:07:42 UTC<br/>2025-08-26 10:07:44 UTC</span></div>
</div>]]></description>
      </Placemark>
      <Placemark>
        <Style>
          <LineStyle>
            <color>ff42ff00</color>
            <width>2</width>
          </LineStyle>
        </Style>
        <MultiGeometry>
          <LineString>
            <tessellate>1</tessellate>
            <altitudeMode>absolute</altitudeMode>
            <coordinates>-112.076912,33.665085,617.22 -112.078033,33.663849,617.22</coordinates>
          </LineString>
        </MultiGeometry>
        <name>P-32</name>
        <description><![CDATA[<div><div><span><b>Altitude:</b></span> <span>2,025 ft</span></div>
<div><span><b>Speed:</b></span> <span>126 kt</span></div>
<div><span><b>Timestamp:</b></span><br/><span>2025-08-26 10:07:44 UTC<br/>2025-08-26 10:07:47 UTC</span></div>
</div>]]></description>
      </Placemark>
      <Placemark>
        <Style>
          <LineStyle>
            <color>ff42ff00</color>
            <width>2</width>
          </LineStyle>
        </Style>
        <MultiGeometry>
          <LineString>
            <tessellate>1</tessellate>
            <altitudeMode>absolute</altitudeMode>
            <coordinates>-112.078033,33.663849,617.22 -112.078873,33.662933,617.22</coordinates>
          </LineString>
        </MultiGeometry>
        <name>P-33</name>
        <description><![CDATA[<div><div><span><b>Altitude:</b></span> <span>2,025 ft</span></div>
<div><span><b>Speed:</b></span> <span>126 kt - 127 kt</span></div>
<div><span><b>Timestamp:</b></span><br/><span>2025-08-26 10:07:47 UTC<br/>2025-08-26 10:07:49 UTC</span></div>
</div>]]></description>
      </Placemark>
      <Placemark>
        <Style>
          <LineStyle>
            <color>ff42ff00</color>
            <width>2</width>
          </LineStyle>
        </Style>
        <MultiGeometry>
          <LineString>
            <tessellate>1</tessellate>
            <altitudeMode>absolute</altitudeMode>
            <coordinates>-112.078873,33.662933,617.22 -112.079941,33.661922,617.22</coordinates>
          </LineString>
        </MultiGeometry>
        <name>P-34</name>
        <description><![CDATA[<div><div><span><b>Altitude:</b></span> <span>2,025 ft</span></div>
<div><span><b>Speed:</b></span> <span>127 kt - 126 kt</span></div>
<div><span><b>Timestamp:</b></span><br/><span>2025-08-26 10:07:49 UTC<br/>2025-08-26 10:07:51 UTC</span></div>
</div>]]></description>
      </Placemark>
      <Placemark>
        <Style>
          <LineStyle>
            <color>ff42ff00</color>
            <width>2</width>
          </LineStyle>
        </Style>
        <MultiGeometry>
          <LineString>
            <tessellate>1</tessellate>
            <altitudeMode>absolute</altitudeMode>
            <coordinates>-112.079941,33.661922,617.22 -112.080917,33.661087,617.22</coordinates>
          </LineString>
        </MultiGeometry>
        <name>P-35</name>
        <description><![CDATA[<div><div><span><b>Altitude:</b></span> <span>2,025 ft</span></div>
<div><span><b>Speed:</b></span> <span>126 kt</span></div>
<div><span><b>Timestamp:</b></span><br/><span>2025-08-26 10:07:51 UTC<br/>2025-08-26 10:07:53 UTC</span></div>
</div>]]></description>
      </Placemark>
      <Placemark>
        <Style>
          <LineStyle>
            <color>ff42ff00</color>
            <width>2</width>
          </LineStyle>
        </Style>
        <MultiGeometry>
          <LineString>
            <tessellate>1</tessellate>
            <altitudeMode>absolute</altitudeMode>
            <coordinates>-112.080917,33.661087,617.22 -112.082001,33.660152,617.22</coordinates>
          </LineString>
        </MultiGeometry>
        <name>P-36</name>
        <description><![CDATA[<div><div><span><b>Altitude:</b></span> <span>2,025 ft</span></div>
<div><span><b>Speed:</b></span> <span>126 kt</span></div>
<div><span><b>Timestamp:</b></span><br/><span>2025-08-26 10:07:53 UTC<br/>2025-08-26 10:07:55 UTC</span></div>
</div>]]></description>
      </Placemark>
      <Placemark>
        <Style>
          <LineStyle>
            <color>ff42ff00</color>
            <width>2</width>
          </LineStyle>
        </Style>
        <MultiGeometry>
          <LineString>
            <tessellate>1</tessellate>
            <altitudeMode>absolute</altitudeMode>
            <coordinates>-112.082001,33.660152,617.22 -112.083145,33.659271,617.22</coordinates>
          </LineString>
        </MultiGeometry>
        <name>P-37</name>
        <description><![CDATA[<div><div><span><b>Altitude:</b></span> <span>2,025 ft</span></div>
<div><span><b>Speed:</b></span> <span>126 kt</span></div>
<div><span><b>Timestamp:</b></span><br/><span>2025-08-26 10:07:55 UTC<br/>2025-08-26 10:07:57 UTC</span></div>
</div>]]></description>
      </Placemark>
      <Placemark>
        <Style>
          <LineStyle>
            <color>ff42ff00</color>
            <width>2</width>
          </LineStyle>
        </Style>
        <MultiGeometry>
          <LineString>
            <tessellate>1</tessellate>
            <altitudeMode>absolute</altitudeMode>
            <coordinates>-112.083145,33.659271,617.22 -112.084122,33.658432,617.22</coordinates>
          </LineString>
        </MultiGeometry>
        <name>P-38</name>
        <description><![CDATA[<div><div><span><b>Altitude:</b></span> <span>2,025 ft</span></div>
<div><span><b>Speed:</b></span> <span>126 kt - 127 kt</span></div>
<div><span><b>Timestamp:</b></span><br/><span>2025-08-26 10:07:57 UTC<br/>2025-08-26 10:08:00 UTC</span></div>
</div>]]></description>
      </Placemark>
      <Placemark>
        <Style>
          <LineStyle>
            <color>ff42ff00</color>
            <width>2</width>
          </LineStyle>
        </Style>
        <MultiGeometry>
          <LineString>
            <tessellate>1</tessellate>
            <altitudeMode>absolute</altitudeMode>
            <coordinates>-112.084122,33.658432,617.22 -112.085098,33.657669,617.22</coordinates>
          </LineString>
        </MultiGeometry>
        <name>P-39</name>
        <description><![CDATA[<div><div><span><b>Altitude:</b></span> <span>2,025 ft</span></div>
<div><span><b>Speed:</b></span> <span>127 kt - 128 kt</span></div>
<div><span><b>Timestamp:</b></span><br/><span>2025-08-26 10:08:00 UTC<br/>2025-08-26 10:08:02 UTC</span></div>
</div>]]></description>
      </Placemark>
      <Placemark>
        <Style>
          <LineStyle>
            <color>ff42ff00</color>
            <width>2</width>
          </LineStyle>
        </Style>
        <MultiGeometry>
          <LineString>
            <tessellate>1</tessellate>
            <altitudeMode>absolute</altitudeMode>
            <coordinates>-112.085098,33.657669,617.22 -112.086349,33.656616,617.22</coordinates>
          </LineString>
        </MultiGeometry>
        <name>P-40</name>
        <description><![CDATA[<div><div><span><b>Altitude:</b></span> <span>2,025 ft</span></div>
<div><span><b>Speed:</b></span> <span>128 kt</span></div>
<div><span><b>Timestamp:</b></span><br/><span>2025-08-26 10:08:02 UTC<br/>2025-08-26 10:08:04 UTC</span></div>
</div>]]></description>
      </Placemark>
      <Placemark>
        <Style>
          <LineStyle>
            <color>ff42ff00</color>
            <width>2</width>
          </LineStyle>
        </Style>
        <MultiGeometry>
          <LineString>
            <tessellate>1</tessellate>
            <altitudeMode>absolute</altitudeMode>
            <coordinates>-112.086349,33.656616,617.22 -112.087387,33.655731,609.6</coordinates>
          </LineString>
        </MultiGeometry>
        <name>P-41</name>
        <description><![CDATA[<div><div><span><b>Altitude:</b></span> <span>2,025 ft - 2,000 ft</span></div>
<div><span><b>Speed:</b></span> <span>128 kt</span></div>
<div><span><b>Timestamp:</b></span><br/><span>2025-08-26 10:08:04 UTC<br/>2025-08-26 10:08:06 UTC</span></div>
</div>]]></description>
      </Placemark>
      <Placemark>
        <Style>
          <LineStyle>
            <color>ff42ff00</color>
            <width>2</width>
          </LineStyle>
        </Style>
        <MultiGeometry>
          <LineString>
            <tessellate>1</tessellate>
            <altitudeMode>absolute</altitudeMode>
            <coordinates>-112.087387,33.655731,609.6 -112.08847,33.654659,609.6</coordinates>
          </LineString>
        </MultiGeometry>
        <name>P-42</name>
        <description><![CDATA[<div><div><span><b>Altitude:</b></span> <span>2,000 ft</span></div>
<div><span><b>Speed:</b></span> <span>128 kt - 130 kt</span></div>
<div><span><b>Timestamp:</b></span><br/><span>2025-08-26 10:08:06 UTC<br/>2025-08-26 10:08:08 UTC</span></div>
</div>]]></description>
      </Placemark>
      <Placemark>
        <Style>
          <LineStyle>
            <color>ff42ff00</color>
            <width>2</width>
          </LineStyle>
        </Style>
        <MultiGeometry>
          <LineString>
            <tessellate>1</tessellate>
            <altitudeMode>absolute</altitudeMode>
            <coordinates>-112.08847,33.654659,609.6 -112.090981,33.651581,601.98</coordinates>
          </LineString>
        </MultiGeometry>
        <name>P-43</name>
        <description><![CDATA[<div><div><span><b>Altitude:</b></span> <span>2,000 ft - 1,975 ft</span></div>
<div><span><b>Speed:</b></span> <span>130 kt - 132 kt</span></div>
<div><span><b>Timestamp:</b></span><br/><span>2025-08-26 10:08:08 UTC<br/>2025-08-26 10:08:15 UTC</span></div>
</div>]]></description>
      </Placemark>
      <Placemark>
        <Style>
          <LineStyle>
            <color>ff42ff00</color>
            <width>2</width>
          </LineStyle>
        </Style>
        <MultiGeometry>
          <LineString>
            <tessellate>1</tessellate>
            <altitudeMode>absolute</altitudeMode>
            <coordinates>-112.090981,33.651581,601.98 -112.091843,33.650238,594.36</coordinates>
          </LineString>
        </MultiGeometry>
        <name>P-44</name>
        <description><![CDATA[<div><div><span><b>Altitude:</b></span> <span>1,975 ft - 1,950 ft</span></div>
<div><span><b>Speed:</b></span> <span>132 kt</span></div>
<div><span><b>Timestamp:</b></span><br/><span>2025-08-26 10:08:15 UTC<br/>2025-08-26 10:08:17 UTC</span></div>
</div>]]></description>
      </Placemark>
      <Placemark>
        <Style>
          <LineStyle>
            <color>ffccff00</color>
            <width>2</width>
          </LineStyle>
        </Style>
        <MultiGeometry>
          <LineString>
            <tessellate>1</tessellate>
            <altitudeMode>absolute</altitudeMode>
            <coordinates>-112.091843,33.650238,594.36 -112.092606,33.648834,594.36</coordinates>
          </LineString>
        </MultiGeometry>
        <name>P-45</name>
        <description><![CDATA[<div><div><span><b>Altitude:</b></span> <span>1,950 ft</span></div>
<div><span><b>Speed:</b></span> <span>132 kt - 133 kt</span></div>
<div><span><b>Timestamp:</b></span><br/><span>2025-08-26 10:08:17 UTC<br/>2025-08-26 10:08:19 UTC</span></div>
</div>]]></description>
      </Placemark>
      <Placemark>
        <Style>
          <LineStyle>
            <color>ffccff00</color>
            <width>2</width>
          </LineStyle>
        </Style>
        <MultiGeometry>
          <LineString>
            <tessellate>1</tessellate>
            <altitudeMode>absolute</altitudeMode>
            <coordinates>-112.092606,33.648834,594.36 -112.093048,33.647957,594.36</coordinates>
          </LineString>
        </MultiGeometry>
        <name>P-46</name>
        <description><![CDATA[<div><div><span><b>Altitude:</b></span> <span>1,950 ft</span></div>
<div><span><b>Speed:</b></span> <span>133 kt</span></div>
<div><span><b>Timestamp:</b></span><br/><span>2025-08-26 10:08:19 UTC<br/>2025-08-26 10:08:21 UTC</span></div>
</div>]]></description>
      </Placemark>
      <Placemark>
        <Style>
          <LineStyle>
            <color>ffccff00</color>
            <width>2</width>
          </LineStyle>
        </Style>
        <MultiGeometry>
          <LineString>
            <tessellate>1</tessellate>
            <altitudeMode>absolute</altitudeMode>
            <coordinates>-112.093048,33.647957,594.36 -112.093735,33.646469,594.36</coordinates>
          </LineString>
        </MultiGeometry>
        <name>P-47</name>
        <description><![CDATA[<div><div><span><b>Altitude:</b></span> <span>1,950 ft</span></div>
<div><span><b>Speed:</b></span> <span>133 kt</span></div>
<div><span><b>Timestamp:</b></span><br/><span>2025-08-26 10:08:21 UTC<br/>2025-08-26 10:08:23 UTC</span></div>
</div>]]></description>
      </Placemark>
      <Placemark>
        <Style>
          <LineStyle>
            <color>ffccff00</color>
            <width>2</width>
          </LineStyle>
        </Style>
        <MultiGeometry>
          <LineString>
            <tessellate>1</tessellate>
            <altitudeMode>absolute</altitudeMode>
            <coordinates>-112.093735,33.646469,594.36 -112.094292,33.645355,586.74</coordinates>
          </LineString>
        </MultiGeometry>
        <name>P-48</name>
        <description><![CDATA[<div><div><span><b>Altitude:</b></span> <span>1,950 ft - 1,925 ft</span></div>
<div><span><b>Speed:</b></span> <span>133 kt - 134 kt</span></div>
<div><span><b>Timestamp:</b></span><br/><span>2025-08-26 10:08:23 UTC<br/>2025-08-26 10:08:26 UTC</span></div>
</div>]]></description>
      </Placemark>
      <Placemark>
        <Style>
          <LineStyle>
            <color>ffccff00</color>
            <width>2</width>
          </LineStyle>
        </Style>
        <MultiGeometry>
          <LineString>
            <tessellate>1</tessellate>
            <altitudeMode>absolute</altitudeMode>
            <coordinates>-112.094292,33.645355,586.74 -112.094849,33.644211,586.74</coordinates>
          </LineString>
        </MultiGeometry>
        <name>P-49</name>
        <description><![CDATA[<div><div><span><b>Altitude:</b></span> <span>1,925 ft</span></div>
<div><span><b>Speed:</b></span> <span>134 kt</span></div>
<div><span><b>Timestamp:</b></span><br/><span>2025-08-26 10:08:26 UTC<br/>2025-08-26 10:08:28 UTC</span></div>
</div>]]></description>
      </Placemark>
      <Placemark>
        <Style>
          <LineStyle>
            <color>ffccff00</color>
            <width>2</width>
          </LineStyle>
        </Style>
        <MultiGeometry>
          <LineString>
            <tessellate>1</tessellate>
            <altitudeMode>absolute</altitudeMode>
            <coordinates>-112.094849,33.644211,586.74 -112.095695,33.642792,579.12</coordinates>
          </LineString>
        </MultiGeometry>
        <name>P-50</name>
        <description><![CDATA[<div><div><span><b>Altitude:</b></span> <span>1,925 ft - 1,900 ft</span></div>
<div><span><b>Speed:</b></span> <span>134 kt - 133 kt</span></div>
<div><span><b>Timestamp:</b></span><br/><span>2025-08-26 10:08:28 UTC<br/>2025-08-26 10:08:30 UTC</span></div>
</div>]]></description>
      </Placemark>
      <Placemark>
        <Style>
          <LineStyle>
            <color>ffccff00</color>
            <width>2</width>
          </LineStyle>
        </Style>
        <MultiGeometry>
          <LineString>
            <tessellate>1</tessellate>
            <altitudeMode>absolute</altitudeMode>
            <coordinates>-112.095695,33.642792,579.12 -112.096313,33.64172,579.12</coordinates>
          </LineString>
        </MultiGeometry>
        <name>P-51</name>
        <description><![CDATA[<div><div><span><b>Altitude:</b></span> <span>1,900 ft</span></div>
<div><span><b>Speed:</b></span> <span>133 kt</span></div>
<div><span><b>Timestamp:</b></span><br/><span>2025-08-26 10:08:30 UTC<br/>2025-08-26 10:08:32 UTC</span></div>
</div>]]></description>
      </Placemark>
      <Placemark>
        <Style>
          <LineStyle>
            <color>ffccff00</color>
            <width>2</width>
          </LineStyle>
        </Style>
        <MultiGeometry>
          <LineString>
            <tessellate>1</tessellate>
            <altitudeMode>absolute</altitudeMode>
            <coordinates>-112.096313,33.64172,579.12 -112.097153,33.640503,579.12</coordinates>
          </LineString>
        </MultiGeometry>
        <name>P-52</name>
        <description><![CDATA[<div><div><span><b>Altitude:</b></span> <span>1,900 ft</span></div>
<div><span><b>Speed:</b></span> <span>133 kt - 132 kt</span></div>
<div><span><b>Timestamp:</b></span><br/><span>2025-08-26 10:08:32 UTC<br/>2025-08-26 10:08:34 UTC</span></div>
</div>]]></description>
      </Placemark>
      <Placemark>
        <Style>
          <LineStyle>
            <color>ffccff00</color>
            <width>2</width>
          </LineStyle>
        </Style>
        <MultiGeometry>
          <LineString>
            <tessellate>1</tessellate>
            <altitudeMode>absolute</altitudeMode>
            <coordinates>-112.097153,33.640503,579.12 -112.098083,33.639206,579.12</coordinates>
          </LineString>
        </MultiGeometry>
        <name>P-53</name>
        <description><![CDATA[<div><div><span><b>Altitude:</b></span> <span>1,900 ft</span></div>
<div><span><b>Speed:</b></span> <span>132 kt</span></div>
<div><span><b>Timestamp:</b></span><br/><span>2025-08-26 10:08:34 UTC<br/>2025-08-26 10:08:36 UTC</span></div>
</div>]]></description>
      </Placemark>
      <Placemark>
        <Style>
          <LineStyle>
            <color>ffccff00</color>
            <width>2</width>
          </LineStyle>
        </Style>
        <MultiGeometry>
          <LineString>
            <tessellate>1</tessellate>
            <altitudeMode>absolute</altitudeMode>
            <coordinates>-112.098083,33.639206,579.12 -112.098778,33.638306,579.12</coordinates>
          </LineString>
        </MultiGeometry>
        <name>P-54</name>
        <description><![CDATA[<div><div><span><b>Altitude:</b></span> <span>1,900 ft</span></div>
<div><span><b>Speed:</b></span> <span>132 kt - 131 kt</span></div>
<div><span><b>Timestamp:</b></span><br/><span>2025-08-26 10:08:36 UTC<br/>2025-08-26 10:08:39 UTC</span></div>
</div>]]></description>
      </Placemark>
      <Placemark>
        <Style>
          <LineStyle>
            <color>ffccff00</color>
            <width>2</width>
          </LineStyle>
        </Style>
        <MultiGeometry>
          <LineString>
            <tessellate>1</tessellate>
            <altitudeMode>absolute</altitudeMode>
            <coordinates>-112.098778,33.638306,579.12 -112.10054,33.635994,579.12</coordinates>
          </LineString>
        </MultiGeometry>
        <name>P-55</name>
        <description><![CDATA[<div><div><span><b>Altitude:</b></span> <span>1,900 ft</span></div>
<div><span><b>Speed:</b></span> <span>131 kt - 130 kt</span></div>
<div><span><b>Timestamp:</b></span><br/><span>2025-08-26 10:08:39 UTC<br/>2025-08-26 10:08:43 UTC</span></div>
</div>]]></description>
      </Placemark>
      <Placemark>
        <Style>
          <LineStyle>
            <color>ffccff00</color>
            <width>2</width>
          </LineStyle>
        </Style>
        <MultiGeometry>
          <LineString>
            <tessellate>1</tessellate>
            <altitudeMode>absolute</altitudeMode>
            <coordinates>-112.10054,33.635994,579.12 -112.101357,33.634964,579.12</coordinates>
          </LineString>
        </MultiGeometry>
        <name>P-56</name>
        <description><![CDATA[<div><div><span><b>Altitude:</b></span> <span>1,900 ft</span></div>
<div><span><b>Speed:</b></span> <span>130 kt</span></div>
<div><span><b>Timestamp:</b></span><br/><span>2025-08-26 10:08:43 UTC<br/>2025-08-26 10:08:45 UTC</span></div>
</div>]]></description>
      </Placemark>
      <Placemark>
        <Style>
          <LineStyle>
            <color>ffccff00</color>
            <width>2</width>
          </LineStyle>
        </Style>
        <MultiGeometry>
          <LineString>
            <tessellate>1</tessellate>
            <altitudeMode>absolute</altitudeMode>
            <coordinates>-112.101357,33.634964,579.12 -112.102661,33.633389,586.74</coordinates>
          </LineString>
        </MultiGeometry>
        <name>P-57</name>
        <description><![CDATA[<div><div><span><b>Altitude:</b></span> <span>1,900 ft - 1,925 ft</span></div>
<div><span><b>Speed:</b></span> <span>130 kt</span></div>
<div><span><b>Timestamp:</b></span><br/><span>2025-08-26 10:08:45 UTC<br/>2025-08-26 10:08:48 UTC</span></div>
</div>]]></description>
      </Placemark>
      <Placemark>
        <Style>
          <LineStyle>
            <color>ffccff00</color>
            <width>2</width>
          </LineStyle>
        </Style>
        <MultiGeometry>
          <LineString>
            <tessellate>1</tessellate>
            <altitudeMode>absolute</altitudeMode>
            <coordinates>-112.102661,33.633389,586.74 -112.103462,33.632408,586.74</coordinates>
          </LineString>
        </MultiGeometry>
        <name>P-58</name>
        <description><![CDATA[<div><div><span><b>Altitude:</b></span> <span>1,925 ft</span></div>
<div><span><b>Speed:</b></span> <span>130 kt - 129 kt</span></div>
<div><span><b>Timestamp:</b></span><br/><span>2025-08-26 10:08:48 UTC<br/>2025-08-26 10:08:50 UTC</span></div>
</div>]]></description>
      </Placemark>
      <Placemark>
        <Style>
          <LineStyle>
            <color>ffccff00</color>
            <width>2</width>
          </LineStyle>
        </Style>
        <MultiGeometry>
          <LineString>
            <tessellate>1</tessellate>
            <altitudeMode>absolute</altitudeMode>
            <coordinates>-112.103462,33.632408,586.74 -112.10421,33.631485,586.74</coordinates>
          </LineString>
        </MultiGeometry>
        <name>P-59</name>
        <description><![CDATA[<div><div><span><b>Altitude:</b></span> <span>1,925 ft</span></div>
<div><span><b>Speed:</b></span> <span>129 kt - 130 kt</span></div>
<div><span><b>Timestamp:</b></span><br/><span>2025-08-26 10:08:50 UTC<br/>2025-08-26 10:08:52 UTC</span></div>
</div>]]></description>
      </Placemark>
      <Placemark>
        <Style>
          <LineStyle>
            <color>ffccff00</color>
            <width>2</width>
          </LineStyle>
        </Style>
        <MultiGeometry>
          <LineString>
            <tessellate>1</tessellate>
            <altitudeMode>absolute</altitudeMode>
            <coordinates>-112.10421,33.631485,586.74 -112.10524,33.630222,586.74</coordinates>
          </LineString>
        </MultiGeometry>
        <name>P-60</name>
        <description><![CDATA[<div><div><span><b>Altitude:</b></span> <span>1,925 ft</span></div>
<div><span><b>Speed:</b></span> <span>130 kt</span></div>
<div><span><b>Timestamp:</b></span><br/><span>2025-08-26 10:08:52 UTC<br/>2025-08-26 10:08:55 UTC</span></div>
</div>]]></description>
      </Placemark>
      <Placemark>
        <Style>
          <LineStyle>
            <color>ffccff00</color>
            <width>2</width>
          </LineStyle>
        </Style>
        <MultiGeometry>
          <LineString>
            <tessellate>1</tessellate>
            <altitudeMode>absolute</altitudeMode>
            <coordinates>-112.10524,33.630222,586.74 -112.106094,33.629242,579.12</coordinates>
          </LineString>
        </MultiGeometry>
        <name>P-61</name>
        <description><![CDATA[<div><div><span><b>Altitude:</b></span> <span>1,925 ft - 1,900 ft</span></div>
<div><span><b>Speed:</b></span> <span>130 kt - 131 kt</span></div>
<div><span><b>Timestamp:</b></span><br/><span>2025-08-26 10:08:55 UTC<br/>2025-08-26 10:08:57 UTC</span></div>
</div>]]></description>
      </Placemark>
      <Placemark>
        <Style>
          <LineStyle>
            <color>ffccff00</color>
            <width>2</width>
          </LineStyle>
        </Style>
        <MultiGeometry>
          <LineString>
            <tessellate>1</tessellate>
            <altitudeMode>absolute</altitudeMode>
            <coordinates>-112.106094,33.629242,579.12 -112.107178,33.628078,579.12</coordinates>
          </LineString>
        </MultiGeometry>
        <name>P-62</name>
        <description><![CDATA[<div><div><span><b>Altitude:</b></span> <span>1,900 ft</span></div>
<div><span><b>Speed:</b></span> <span>131 kt</span></div>
<div><span><b>Timestamp:</b></span><br/><span>2025-08-26 10:08:57 UTC<br/>2025-08-26 10:08:59 UTC</span></div>
</div>]]></description>
      </Placemark>
      <Placemark>
        <Style>
          <LineStyle>
            <color>ffccff00</color>
            <width>2</width>
          </LineStyle>
        </Style>
        <MultiGeometry>
          <LineString>
            <tessellate>1</tessellate>
            <altitudeMode>absolute</altitudeMode>
            <coordinates>-112.107178,33.628078,579.12 -112.107971,33.627136,579.12</coordinates>
          </LineString>
        </MultiGeometry>
        <name>P-63</name>
        <description><![CDATA[<div><div><span><b>Altitude:</b></span> <span>1,900 ft</span></div>
<div><span><b>Speed:</b></span> <span>131 kt - 130 kt</span></div>
<div><span><b>Timestamp:</b></span><br/><span>2025-08-26 10:08:59 UTC<br/>2025-08-26 10:09:01 UTC</span></div>
</div>]]></description>
      </Placemark>
      <Placemark>
        <Style>
          <LineStyle>
            <color>ffccff00</color>
            <width>2</width>
          </LineStyle>
        </Style>
        <MultiGeometry>
          <LineString>
            <tessellate>1</tessellate>
            <altitudeMode>absolute</altitudeMode>
            <coordinates>-112.107971,33.627136,579.12 -112.109535,33.624802,571.5</coordinates>
          </LineString>
        </MultiGeometry>
        <name>P-64</name>
        <description><![CDATA[<div><div><span><b>Altitude:</b></span> <span>1,900 ft - 1,875 ft</span></div>
<div><span><b>Speed:</b></span> <span>130 kt - 131 kt</span></div>
<div><span><b>Timestamp:</b></span><br/><span>2025-08-26 10:09:01 UTC<br/>2025-08-26 10:09:05 UTC</span></div>
</div>]]></description>
      </Placemark>
      <Placemark>
        <Style>
          <LineStyle>
            <color>ffccff00</color>
            <width>2</width>
          </LineStyle>
        </Style>
        <MultiGeometry>
          <LineString>
            <tessellate>1</tessellate>
            <altitudeMode>absolute</altitudeMode>
            <coordinates>-112.109535,33.624802,571.5 -112.109985,33.62347,571.5</coordinates>
          </LineString>
        </MultiGeometry>
        <name>P-65</name>
        <description><![CDATA[<div><div><span><b>Altitude:</b></span> <span>1,875 ft</span></div>
<div><span><b>Speed:</b></span> <span>131 kt</span></div>
<div><span><b>Timestamp:</b></span><br/><span>2025-08-26 10:09:05 UTC<br/>2025-08-26 10:09:07 UTC</span></div>
</div>]]></description>
      </Placemark>
      <Placemark>
        <Style>
          <LineStyle>
            <color>ffccff00</color>
            <width>2</width>
          </LineStyle>
        </Style>
        <MultiGeometry>
          <LineString>
            <tessellate>1</tessellate>
            <altitudeMode>absolute</altitudeMode>
            <coordinates>-112.109985,33.62347,571.5 -112.110275,33.621983,563.88</coordinates>
          </LineString>
        </MultiGeometry>
        <name>P-66</name>
        <description><![CDATA[<div><div><span><b>Altitude:</b></span> <span>1,875 ft - 1,850 ft</span></div>
<div><span><b>Speed:</b></span> <span>131 kt</span></div>
<div><span><b>Timestamp:</b></span><br/><span>2025-08-26 10:09:07 UTC<br/>2025-08-26 10:09:10 UTC</span></div>
</div>]]></description>
      </Placemark>
      <Placemark>
        <Style>
          <LineStyle>
            <color>ffccff00</color>
            <width>2</width>
          </LineStyle>
        </Style>
        <MultiGeometry>
          <LineString>
            <tessellate>1</tessellate>
            <altitudeMode>absolute</altitudeMode>
            <coordinates>-112.110275,33.621983,563.88 -112.110374,33.620819,563.88</coordinates>
          </LineString>
        </MultiGeometry>
        <name>P-67</name>
        <description><![CDATA[<div><div><span><b>Altitude:</b></span> <span>1,850 ft</span></div>
<div><span><b>Speed:</b></span> <span>131 kt - 133 kt</span></div>
<div><span><b>Timestamp:</b></span><br/><span>2025-08-26 10:09:10 UTC<br/>2025-08-26 10:09:12 UTC</span></div>
</div>]]></description>
      </Placemark>
      <Placemark>
        <Style>
          <LineStyle>
            <color>ffccff00</color>
            <width>2</width>
          </LineStyle>
        </Style>
        <MultiGeometry>
          <LineString>
            <tessellate>1</tessellate>
            <altitudeMode>absolute</altitudeMode>
            <coordinates>-112.110374,33.620819,563.88 -112.110321,33.619354,563.88</coordinates>
          </LineString>
        </MultiGeometry>
        <name>P-68</name>
        <description><![CDATA[<div><div><span><b>Altitude:</b></span> <span>1,850 ft</span></div>
<div><span><b>Speed:</b></span> <span>133 kt - 132 kt</span></div>
<div><span><b>Timestamp:</b></span><br/><span>2025-08-26 10:09:12 UTC<br/>2025-08-26 10:09:14 UTC</span></div>
</div>]]></description>
      </Placemark>
      <Placemark>
        <Style>
          <LineStyle>
            <color>ffccff00</color>
            <width>2</width>
          </LineStyle>
        </Style>
        <MultiGeometry>
          <LineString>
            <tessellate>1</tessellate>
            <altitudeMode>absolute</altitudeMode>
            <coordinates>-112.110321,33.619354,563.88 -112.110321,33.617889,563.88</coordinates>
          </LineString>
        </MultiGeometry>
        <name>P-69</name>
        <description><![CDATA[<div><div><span><b>Altitude:</b></span> <span>1,850 ft</span></div>
<div><span><b>Speed:</b></span> <span>132 kt - 131 kt</span></div>
<div><span><b>Timestamp:</b></span><br/><span>2025-08-26 10:09:14 UTC<br/>2025-08-26 10:09:16 UTC</span></div>
</div>]]></description>
      </Placemark>
      <Placemark>
        <Style>
          <LineStyle>
            <color>ffccff00</color>
            <width>2</width>
          </LineStyle>
        </Style>
        <MultiGeometry>
          <LineString>
            <tessellate>1</tessellate>
            <altitudeMode>absolute</altitudeMode>
            <coordinates>-112.110321,33.617889,563.88 -112.110382,33.616627,571.5</coordinates>
          </LineString>
        </MultiGeometry>
        <name>P-70</name>
        <description><![CDATA[<div><div><span><b>Altitude:</b></span> <span>1,850 ft - 1,875 ft</span></div>
<div><span><b>Speed:</b></span> <span>131 kt - 130 kt</span></div>
<div><span><b>Timestamp:</b></span><br/><span>2025-08-26 10:09:16 UTC<br/>2025-08-26 10:09:19 UTC</span></div>
</div>]]></description>
      </Placemark>
      <Placemark>
        <Style>
          <LineStyle>
            <color>ffccff00</color>
            <width>2</width>
          </LineStyle>
        </Style>
        <MultiGeometry>
          <LineString>
            <tessellate>1</tessellate>
            <altitudeMode>absolute</altitudeMode>
            <coordinates>-112.110382,33.616627,571.5 -112.110489,33.615463,571.5</coordinates>
          </LineString>
        </MultiGeometry>
        <name>P-71</name>
        <description><![CDATA[<div><div><span><b>Altitude:</b></span> <span>1,875 ft</span></div>
<div><span><b>Speed:</b></span> <span>130 kt - 129 kt</span></div>
<div><span><b>Timestamp:</b></span><br/><span>2025-08-26 10:09:19 UTC<br/>2025-08-26 10:09:21 UTC</span></div>
</div>]]></description>
      </Placemark>
      <Placemark>
        <Style>
          <LineStyle>
            <color>ffccff00</color>
            <width>2</width>
          </LineStyle>
        </Style>
        <MultiGeometry>
          <LineString>
            <tessellate>1</tessellate>
            <altitudeMode>absolute</altitudeMode>
            <coordinates>-112.110489,33.615463,571.5 -112.110786,33.61388,571.5</coordinates>
          </LineString>
        </MultiGeometry>
        <name>P-72</name>
        <description><![CDATA[<div><div><span><b>Altitude:</b></span> <span>1,875 ft</span></div>
<div><span><b>Speed:</b></span> <span>129 kt</span></div>
<div><span><b>Timestamp:</b></span><br/><span>2025-08-26 10:09:21 UTC<br/>2025-08-26 10:09:23 UTC</span></div>
</div>]]></description>
      </Placemark>
      <Placemark>
        <Style>
          <LineStyle>
            <color>ffccff00</color>
            <width>2</width>
          </LineStyle>
        </Style>
        <MultiGeometry>
          <LineString>
            <tessellate>1</tessellate>
            <altitudeMode>absolute</altitudeMode>
            <coordinates>-112.110786,33.61388,571.5 -112.111015,33.612812,571.5</coordinates>
          </LineString>
        </MultiGeometry>
        <name>P-73</name>
        <description><![CDATA[<div><div><span><b>Altitude:</b></span> <span>1,875 ft</span></div>
<div><span><b>Speed:</b></span> <span>129 kt - 130 kt</span></div>
<div><span><b>Timestamp:</b></span><br/><span>2025-08-26 10:09:23 UTC<br/>2025-08-26 10:09:25 UTC</span></div>
</div>]]></description>
      </Placemark>
      <Placemark>
        <Style>
          <LineStyle>
            <color>ffccff00</color>
            <width>2</width>
          </LineStyle>
        </Style>
        <MultiGeometry>
          <LineString>
            <tessellate>1</tessellate>
            <altitudeMode>absolute</altitudeMode>
            <coordinates>-112.111015,33.612812,571.5 -112.111389,33.611572,571.5</coordinates>
          </LineString>
        </MultiGeometry>
        <name>P-74</name>
        <description><![CDATA[<div><div><span><b>Altitude:</b></span> <span>1,875 ft</span></div>
<div><span><b>Speed:</b></span> <span>130 kt</span></div>
<div><span><b>Timestamp:</b></span><br/><span>2025-08-26 10:09:25 UTC<br/>2025-08-26 10:09:27 UTC</span></div>
</div>]]></description>
      </Placemark>
      <Placemark>
        <Style>
          <LineStyle>
            <color>ffccff00</color>
            <width>2</width>
          </LineStyle>
        </Style>
        <MultiGeometry>
          <LineString>
            <tessellate>1</tessellate>
            <altitudeMode>absolute</altitudeMode>
            <coordinates>-112.111389,33.611572,571.5 -112.111816,33.610481,571.5</coordinates>
          </LineString>
        </MultiGeometry>
        <name>P-75</name>
        <description><![CDATA[<div><div><span><b>Altitude:</b></span> <span>1,875 ft</span></div>
<div><span><b>Speed:</b></span> <span>130 kt</span></div>
<div><span><b>Timestamp:</b></span><br/><span>2025-08-26 10:09:27 UTC<br/>2025-08-26 10:09:29 UTC</span></div>
</div>]]></description>
      </Placemark>
      <Placemark>
        <Style>
          <LineStyle>
            <color>ffccff00</color>
            <width>2</width>
          </LineStyle>
        </Style>
        <MultiGeometry>
          <LineString>
            <tessellate>1</tessellate>
            <altitudeMode>absolute</altitudeMode>
            <coordinates>-112.111816,33.610481,571.5 -112.112274,33.60918,571.5</coordinates>
          </LineString>
        </MultiGeometry>
        <name>P-76</name>
        <description><![CDATA[<div><div><span><b>Altitude:</b></span> <span>1,875 ft</span></div>
<div><span><b>Speed:</b></span> <span>130 kt - 129 kt</span></div>
<div><span><b>Timestamp:</b></span><br/><span>2025-08-26 10:09:29 UTC<br/>2025-08-26 10:09:31 UTC</span></div>
</div>]]></description>
      </Placemark>
      <Placemark>
        <Style>
          <LineStyle>
            <color>ffccff00</color>
            <width>2</width>
          </LineStyle>
        </Style>
        <MultiGeometry>
          <LineString>
            <tessellate>1</tessellate>
            <altitudeMode>absolute</altitudeMode>
            <coordinates>-112.112274,33.60918,571.5 -112.112793,33.60783,571.5</coordinates>
          </LineString>
        </MultiGeometry>
        <name>P-77</name>
        <description><![CDATA[<div><div><span><b>Altitude:</b></span> <span>1,875 ft</span></div>
<div><span><b>Speed:</b></span> <span>129 kt</span></div>
<div><span><b>Timestamp:</b></span><br/><span>2025-08-26 10:09:31 UTC<br/>2025-08-26 10:09:34 UTC</span></div>
</div>]]></description>
      </Placemark>
      <Placemark>
        <Style>
          <LineStyle>
            <color>ffccff00</color>
            <width>2</width>
          </LineStyle>
        </Style>
        <MultiGeometry>
          <LineString>
            <tessellate>1</tessellate>
            <altitudeMode>absolute</altitudeMode>
            <coordinates>-112.112793,33.60783,571.5 -112.113632,33.605209,571.5</coordinates>
          </LineString>
        </MultiGeometry>
        <name>P-78</name>
        <description><![CDATA[<div><div><span><b>Altitude:</b></span> <span>1,875 ft</span></div>
<div><span><b>Speed:</b></span> <span>129 kt</span></div>
<div><span><b>Timestamp:</b></span><br/><span>2025-08-26 10:09:34 UTC<br/>2025-08-26 10:09:38 UTC</span></div>
</div>]]></description>
      </Placemark>
      <Placemark>
        <Style>
          <LineStyle>
            <color>ffccff00</color>
            <width>2</width>
          </LineStyle>
        </Style>
        <MultiGeometry>
          <LineString>
            <tessellate>1</tessellate>
            <altitudeMode>absolute</altitudeMode>
            <coordinates>-112.113632,33.605209,571.5 -112.114021,33.603928,579.12</coordinates>
          </LineString>
        </MultiGeometry>
        <name>P-79</name>
        <description><![CDATA[<div><div><span><b>Altitude:</b></span> <span>1,875 ft - 1,900 ft</span></div>
<div><span><b>Speed:</b></span> <span>129 kt</span></div>
<div><span><b>Timestamp:</b></span><br/><span>2025-08-26 10:09:38 UTC<br/>2025-08-26 10:09:40 UTC</span></div>
</div>]]></description>
      </Placemark>
      <Placemark>
        <Style>
          <LineStyle>
            <color>ffccff00</color>
            <width>2</width>
          </LineStyle>
        </Style>
        <MultiGeometry>
          <LineString>
            <tessellate>1</tessellate>
            <altitudeMode>absolute</altitudeMode>
            <coordinates>-112.114021,33.603928,579.12 -112.11441,33.602646,579.12</coordinates>
          </LineString>
        </MultiGeometry>
        <name>P-80</name>
        <description><![CDATA[<div><div><span><b>Altitude:</b></span> <span>1,900 ft</span></div>
<div><span><b>Speed:</b></span> <span>129 kt - 130 kt</span></div>
<div><span><b>Timestamp:</b></span><br/><span>2025-08-26 10:09:40 UTC<br/>2025-08-26 10:09:43 UTC</span></div>
</div>]]></description>
      </Placemark>
      <Placemark>
        <Style>
          <LineStyle>
            <color>ffccff00</color>
            <width>2</width>
          </LineStyle>
        </Style>
        <MultiGeometry>
          <LineString>
            <tessellate>1</tessellate>
            <altitudeMode>absolute</altitudeMode>
            <coordinates>-112.11441,33.602646,579.12 -112.114807,33.601501,579.12</coordinates>
          </LineString>
        </MultiGeometry>
        <name>P-81</name>
        <description><![CDATA[<div><div><span><b>Altitude:</b></span> <span>1,900 ft</span></div>
<div><span><b>Speed:</b></span> <span>130 kt - 129 kt</span></div>
<div><span><b>Timestamp:</b></span><br/><span>2025-08-26 10:09:43 UTC<br/>2025-08-26 10:09:45 UTC</span></div>
</div>]]></description>
      </Placemark>
      <Placemark>
        <Style>
          <LineStyle>
            <color>ffccff00</color>
            <width>2</width>
          </LineStyle>
        </Style>
        <MultiGeometry>
          <LineString>
            <tessellate>1</tessellate>
            <altitudeMode>absolute</altitudeMode>
            <coordinates>-112.114807,33.601501,579.12 -112.11525,33.599915,579.12</coordinates>
          </LineString>
        </MultiGeometry>
        <name>P-82</name>
        <description><![CDATA[<div><div><span><b>Altitude:</b></span> <span>1,900 ft</span></div>
<div><span><b>Speed:</b></span> <span>129 kt - 130 kt</span></div>
<div><span><b>Timestamp:</b></span><br/><span>2025-08-26 10:09:45 UTC<br/>2025-08-26 10:09:47 UTC</span></div>
</div>]]></description>
      </Placemark>
      <Placemark>
        <Style>
          <LineStyle>
            <color>ffccff00</color>
            <width>2</width>
          </LineStyle>
        </Style>
        <MultiGeometry>
          <LineString>
            <tessellate>1</tessellate>
            <altitudeMode>absolute</altitudeMode>
            <coordinates>-112.11525,33.599915,579.12 -112.115768,33.59605,579.12</coordinates>
          </LineString>
        </MultiGeometry>
        <name>P-83</name>
        <description><![CDATA[<div><div><span><b>Altitude:</b></span> <span>1,900 ft</span></div>
<div><span><b>Speed:</b></span> <span>130 kt - 131 kt</span></div>
<div><span><b>Timestamp:</b></span><br/><span>2025-08-26 10:09:47 UTC<br/>2025-08-26 10:09:53 UTC</span></div>
</div>]]></description>
      </Placemark>
      <Placemark>
        <Style>
          <LineStyle>
            <color>ffccff00</color>
            <width>2</width>
          </LineStyle>
        </Style>
        <MultiGeometry>
          <LineString>
            <tessellate>1</tessellate>
            <altitudeMode>absolute</altitudeMode>
            <coordinates>-112.115768,33.59605,579.12 -112.115822,33.594608,571.5</coordinates>
          </LineString>
        </MultiGeometry>
        <name>P-84</name>
        <description><![CDATA[<div><div><span><b>Altitude:</b></span> <span>1,900 ft - 1,875 ft</span></div>
<div><span><b>Speed:</b></span> <span>131 kt</span></div>
<div><span><b>Timestamp:</b></span><br/><span>2025-08-26 10:09:53 UTC<br/>2025-08-26 10:09:56 UTC</span></div>
</div>]]></description>
      </Placemark>
      <Placemark>
        <Style>
          <LineStyle>
            <color>ffccff00</color>
            <width>2</width>
          </LineStyle>
        </Style>
        <MultiGeometry>
          <LineString>
            <tessellate>1</tessellate>
            <altitudeMode>absolute</altitudeMode>
            <coordinates>-112.115822,33.594608,571.5 -112.115761,33.593079,571.5</coordinates>
          </LineString>
        </MultiGeometry>
        <name>P-85</name>
        <description><![CDATA[<div><div><span><b>Altitude:</b></span> <span>1,875 ft</span></div>
<div><span><b>Speed:</b></span> <span>131 kt</span></div>
<div><span><b>Timestamp:</b></span><br/><span>2025-08-26 10:09:56 UTC<br/>2025-08-26 10:09:58 UTC</span></div>
</div>]]></description>
      </Placemark>
      <Placemark>
        <Style>
          <LineStyle>
            <color>ffccff00</color>
            <width>2</width>
          </LineStyle>
        </Style>
        <MultiGeometry>
          <LineString>
            <tessellate>1</tessellate>
            <altitudeMode>absolute</altitudeMode>
            <coordinates>-112.115761,33.593079,571.5 -112.115646,33.591816,571.5</coordinates>
          </LineString>
        </MultiGeometry>
        <name>P-86</name>
        <description><![CDATA[<div><div><span><b>Altitude:</b></span> <span>1,875 ft</span></div>
<div><span><b>Speed:</b></span> <span>131 kt - 132 kt</span></div>
<div><span><b>Timestamp:</b></span><br/><span>2025-08-26 10:09:58 UTC<br/>2025-08-26 10:10:00 UTC</span></div>
</div>]]></description>
      </Placemark>
      <Placemark>
        <Style>
          <LineStyle>
            <color>ffccff00</color>
            <width>2</width>
          </LineStyle>
        </Style>
        <MultiGeometry>
          <LineString>
            <tessellate>1</tessellate>
            <altitudeMode>absolute</altitudeMode>
            <coordinates>-112.115646,33.591816,571.5 -112.115532,33.590652,571.5</coordinates>
          </LineString>
        </MultiGeometry>
        <name>P-87</name>
        <description><![CDATA[<div><div><span><b>Altitude:</b></span> <span>1,875 ft</span></div>
<div><span><b>Speed:</b></span> <span>132 kt</span></div>
<div><span><b>Timestamp:</b></span><br/><span>2025-08-26 10:10:00 UTC<br/>2025-08-26 10:10:03 UTC</span></div>
</div>]]></description>
      </Placemark>
      <Placemark>
        <Style>
          <LineStyle>
            <color>ffccff00</color>
            <width>2</width>
          </LineStyle>
        </Style>
        <MultiGeometry>
          <LineString>
            <tessellate>1</tessellate>
            <altitudeMode>absolute</altitudeMode>
            <coordinates>-112.115532,33.590652,571.5 -112.115417,33.589348,563.88</coordinates>
          </LineString>
        </MultiGeometry>
        <name>P-88</name>
        <description><![CDATA[<div><div><span><b>Altitude:</b></span> <span>1,875 ft - 1,850 ft</span></div>
<div><span><b>Speed:</b></span> <span>132 kt</span></div>
<div><span><b>Timestamp:</b></span><br/><span>2025-08-26 10:10:03 UTC<br/>2025-08-26 10:10:05 UTC</span></div>
</div>]]></description>
      </Placemark>
      <Placemark>
        <Style>
          <LineStyle>
            <color>ffccff00</color>
            <width>2</width>
          </LineStyle>
        </Style>
        <MultiGeometry>
          <LineString>
            <tessellate>1</tessellate>
            <altitudeMode>absolute</altitudeMode>
            <coordinates>-112.115417,33.589348,563.88 -112.115311,33.587906,563.88</coordinates>
          </LineString>
        </MultiGeometry>
        <name>P-89</name>
        <description><![CDATA[<div><div><span><b>Altitude:</b></span> <span>1,850 ft</span></div>
<div><span><b>Speed:</b></span> <span>132 kt</span></div>
<div><span><b>Timestamp:</b></span><br/><span>2025-08-26 10:10:05 UTC<br/>2025-08-26 10:10:07 UTC</span></div>
</div>]]></description>
      </Placemark>
      <Placemark>
        <Style>
          <LineStyle>
            <color>ffccff00</color>
            <width>2</width>
          </LineStyle>
        </Style>
        <MultiGeometry>
          <LineString>
            <tessellate>1</tessellate>
            <altitudeMode>absolute</altitudeMode>
            <coordinates>-112.115311,33.587906,563.88 -112.115143,33.586349,563.88</coordinates>
          </LineString>
        </MultiGeometry>
        <name>P-90</name>
        <description><![CDATA[<div><div><span><b>Altitude:</b></span> <span>1,850 ft</span></div>
<div><span><b>Speed:</b></span> <span>132 kt</span></div>
<div><span><b>Timestamp:</b></span><br/><span>2025-08-26 10:10:07 UTC<br/>2025-08-26 10:10:09 UTC</span></div>
</div>]]></description>
      </Placemark>
      <Placemark>
        <Style>
          <LineStyle>
            <color>ffccff00</color>
            <width>2</width>
          </LineStyle>
        </Style>
        <MultiGeometry>
          <LineString>
            <tessellate>1</tessellate>
            <altitudeMode>absolute</altitudeMode>
            <coordinates>-112.115143,33.586349,563.88 -112.115089,33.585114,563.88</coordinates>
          </LineString>
        </MultiGeometry>
        <name>P-91</name>
        <description><![CDATA[<div><div><span><b>Altitude:</b></span> <span>1,850 ft</span></div>
<div><span><b>Speed:</b></span> <span>132 kt</span></div>
<div><span><b>Timestamp:</b></span><br/><span>2025-08-26 10:10:09 UTC<br/>2025-08-26 10:10:12 UTC</span></div>
</div>]]></description>
      </Placemark>
      <Placemark>
        <Style>
          <LineStyle>
            <color>ffccff00</color>
            <width>2</width>
          </LineStyle>
        </Style>
        <MultiGeometry>
          <LineString>
            <tessellate>1</tessellate>
            <altitudeMode>absolute</altitudeMode>
            <coordinates>-112.115089,33.585114,563.88 -112.114975,33.583649,563.88</coordinates>
          </LineString>
        </MultiGeometry>
        <name>P-92</name>
        <description><![CDATA[<div><div><span><b>Altitude:</b></span> <span>1,850 ft</span></div>
<div><span><b>Speed:</b></span> <span>132 kt</span></div>
<div><span><b>Timestamp:</b></span><br/><span>2025-08-26 10:10:12 UTC<br/>2025-08-26 10:10:14 UTC</span></div>
</div>]]></description>
      </Placemark>
      <Placemark>
        <Style>
          <LineStyle>
            <color>ffccff00</color>
            <width>2</width>
          </LineStyle>
        </Style>
        <MultiGeometry>
          <LineString>
            <tessellate>1</tessellate>
            <altitudeMode>absolute</altitudeMode>
            <coordinates>-112.114975,33.583649,563.88 -112.114861,33.582184,563.88</coordinates>
          </LineString>
        </MultiGeometry>
        <name>P-93</name>
        <description><![CDATA[<div><div><span><b>Altitude:</b></span> <span>1,850 ft</span></div>
<div><span><b>Speed:</b></span> <span>132 kt</span></div>
<div><span><b>Timestamp:</b></span><br/><span>2025-08-26 10:10:14 UTC<br/>2025-08-26 10:10:16 UTC</span></div>
</div>]]></description>
      </Placemark>
      <Placemark>
        <Style>
          <LineStyle>
            <color>ffccff00</color>
            <width>2</width>
          </LineStyle>
        </Style>
        <MultiGeometry>
          <LineString>
            <tessellate>1</tessellate>
            <altitudeMode>absolute</altitudeMode>
            <coordinates>-112.114861,33.582184,563.88 -112.114861,33.580856,563.88</coordinates>
          </LineString>
        </MultiGeometry>
        <name>P-94</name>
        <description><![CDATA[<div><div><span><b>Altitude:</b></span> <span>1,850 ft</span></div>
<div><span><b>Speed:</b></span> <span>132 kt</span></div>
<div><span><b>Timestamp:</b></span><br/><span>2025-08-26 10:10:16 UTC<br/>2025-08-26 10:10:18 UTC</span></div>
</div>]]></description>
      </Placemark>
      <Placemark>
        <Style>
          <LineStyle>
            <color>ffccff00</color>
            <width>2</width>
          </LineStyle>
        </Style>
        <MultiGeometry>
          <LineString>
            <tessellate>1</tessellate>
            <altitudeMode>absolute</altitudeMode>
            <coordinates>-112.114861,33.580856,563.88 -112.114853,33.579666,556.26</coordinates>
          </LineString>
        </MultiGeometry>
        <name>P-95</name>
        <description><![CDATA[<div><div><span><b>Altitude:</b></span> <span>1,850 ft - 1,825 ft</span></div>
<div><span><b>Speed:</b></span> <span>132 kt</span></div>
<div><span><b>Timestamp:</b></span><br/><span>2025-08-26 10:10:18 UTC<br/>2025-08-26 10:10:20 UTC</span></div>
</div>]]></description>
      </Placemark>
      <Placemark>
        <Style>
          <LineStyle>
            <color>ffccff00</color>
            <width>2</width>
          </LineStyle>
        </Style>
        <MultiGeometry>
          <LineString>
            <tessellate>1</tessellate>
            <altitudeMode>absolute</altitudeMode>
            <coordinates>-112.114853,33.579666,556.26 -112.114906,33.575893,563.88</coordinates>
          </LineString>
        </MultiGeometry>
        <name>P-96</name>
        <description><![CDATA[<div><div><span><b>Altitude:</b></span> <span>1,825 ft - 1,850 ft</span></div>
<div><span><b>Speed:</b></span> <span>132 kt - 131 kt</span></div>
<div><span><b>Timestamp:</b></span><br/><span>2025-08-26 10:10:20 UTC<br/>2025-08-26 10:10:27 UTC</span></div>
</div>]]></description>
      </Placemark>
      <Placemark>
        <Style>
          <LineStyle>
            <color>ffccff00</color>
            <width>2</width>
          </LineStyle>
        </Style>
        <MultiGeometry>
          <LineString>
            <tessellate>1</tessellate>
            <altitudeMode>absolute</altitudeMode>
            <coordinates>-112.114906,33.575893,563.88 -112.11496,33.574543,563.88</coordinates>
          </LineString>
        </MultiGeometry>
        <name>P-97</name>
        <description><![CDATA[<div><div><span><b>Altitude:</b></span> <span>1,850 ft</span></div>
<div><span><b>Speed:</b></span> <span>131 kt</span></div>
<div><span><b>Timestamp:</b></span><br/><span>2025-08-26 10:10:27 UTC<br/>2025-08-26 10:10:29 UTC</span></div>
</div>]]></description>
      </Placemark>
      <Placemark>
        <Style>
          <LineStyle>
            <color>ffccff00</color>
            <width>2</width>
          </LineStyle>
        </Style>
        <MultiGeometry>
          <LineString>
            <tessellate>1</tessellate>
            <altitudeMode>absolute</altitudeMode>
            <coordinates>-112.11496,33.574543,563.88 -112.115082,33.573334,556.26</coordinates>
          </LineString>
        </MultiGeometry>
        <name>P-98</name>
        <description><![CDATA[<div><div><span><b>Altitude:</b></span> <span>1,850 ft - 1,825 ft</span></div>
<div><span><b>Speed:</b></span> <span>131 kt</span></div>
<div><span><b>Timestamp:</b></span><br/><span>2025-08-26 10:10:29 UTC<br/>2025-08-26 10:10:31 UTC</span></div>
</div>]]></description>
      </Placemark>
      <Placemark>
        <Style>
          <LineStyle>
            <color>ffccff00</color>
            <width>2</width>
          </LineStyle>
        </Style>
        <MultiGeometry>
          <LineString>
            <tessellate>1</tessellate>
            <altitudeMode>absolute</altitudeMode>
            <coordinates>-112.115082,33.573334,556.26 -112.11525,33.571892,556.26</coordinates>
          </LineString>
        </MultiGeometry>
        <name>P-99</name>
        <description><![CDATA[<div><div><span><b>Altitude:</b></span> <span>1,825 ft</span></div>
<div><span><b>Speed:</b></span> <span>131 kt</span></div>
<div><span><b>Timestamp:</b></span><br/><span>2025-08-26 10:10:31 UTC<br/>2025-08-26 10:10:33 UTC</span></div>
</div>]]></description>
      </Placemark>
      <Placemark>
        <Style>
          <LineStyle>
            <color>ffccff00</color>
            <width>2</width>
          </LineStyle>
        </Style>
        <MultiGeometry>
          <LineString>
            <tessellate>1</tessellate>
            <altitudeMode>absolute</altitudeMode>
            <coordinates>-112.11525,33.571892,556.26 -112.115425,33.570602,556.26</coordinates>
          </LineString>
        </MultiGeometry>
        <name>P-100</name>
        <description><![CDATA[<div><div><span><b>Altitude:</b></span> <span>1,825 ft</span></div>
<div><span><b>Speed:</b></span> <span>131 kt</span></div>
<div><span><b>Timestamp:</b></span><br/><span>2025-08-26 10:10:33 UTC<br/>2025-08-26 10:10:35 UTC</span></div>
</div>]]></description>
      </Placemark>
      <Placemark>
        <Style>
          <LineStyle>
            <color>ffccff00</color>
            <width>2</width>
          </LineStyle>
        </Style>
        <MultiGeometry>
          <LineString>
            <tessellate>1</tessellate>
            <altitudeMode>absolute</altitudeMode>
            <coordinates>-112.115425,33.570602,556.26 -112.115646,33.569332,556.26</coordinates>
          </LineString>
        </MultiGeometry>
        <name>P-101</name>
        <description><![CDATA[<div><div><span><b>Altitude:</b></span> <span>1,825 ft</span></div>
<div><span><b>Speed:</b></span> <span>131 kt - 132 kt</span></div>
<div><span><b>Timestamp:</b></span><br/><span>2025-08-26 10:10:35 UTC<br/>2025-08-26 10:10:38 UTC</span></div>
</div>]]></description>
      </Placemark>
      <Placemark>
        <Style>
          <LineStyle>
            <color>ffccff00</color>
            <width>2</width>
          </LineStyle>
        </Style>
        <MultiGeometry>
          <LineString>
            <tessellate>1</tessellate>
            <altitudeMode>absolute</altitudeMode>
            <coordinates>-112.115646,33.569332,556.26 -112.115814,33.568085,556.26</coordinates>
          </LineString>
        </MultiGeometry>
        <name>P-102</name>
        <description><![CDATA[<div><div><span><b>Altitude:</b></span> <span>1,825 ft</span></div>
<div><span><b>Speed:</b></span> <span>132 kt - 131 kt</span></div>
<div><span><b>Timestamp:</b></span><br/><span>2025-08-26 10:10:38 UTC<br/>2025-08-26 10:10:40 UTC</span></div>
</div>]]></description>
      </Placemark>
      <Placemark>
        <Style>
          <LineStyle>
            <color>ffccff00</color>
            <width>2</width>
          </LineStyle>
        </Style>
        <MultiGeometry>
          <LineString>
            <tessellate>1</tessellate>
            <altitudeMode>absolute</altitudeMode>
            <coordinates>-112.115814,33.568085,556.26 -112.116096,33.566757,556.26</coordinates>
          </LineString>
        </MultiGeometry>
        <name>P-103</name>
        <description><![CDATA[<div><div><span><b>Altitude:</b></span> <span>1,825 ft</span></div>
<div><span><b>Speed:</b></span> <span>131 kt</span></div>
<div><span><b>Timestamp:</b></span><br/><span>2025-08-26 10:10:40 UTC<br/>2025-08-26 10:10:42 UTC</span></div>
</div>]]></description>
      </Placemark>
      <Placemark>
        <Style>
          <LineStyle>
            <color>ffccff00</color>
            <width>2</width>
          </LineStyle>
        </Style>
        <MultiGeometry>
          <LineString>
            <tessellate>1</tessellate>
            <altitudeMode>absolute</altitudeMode>
            <coordinates>-112.116096,33.566757,556.26 -112.116394,33.565235,556.26</coordinates>
          </LineString>
        </MultiGeometry>
        <name>P-104</name>
        <description><![CDATA[<div><div><span><b>Altitude:</b></span> <span>1,825 ft</span></div>
<div><span><b>Speed:</b></span> <span>131 kt - 130 kt</span></div>
<div><span><b>Timestamp:</b></span><br/><span>2025-08-26 10:10:42 UTC<br/>2025-08-26 10:10:44 UTC</span></div>
</div>]]></description>
      </Placemark>
      <Placemark>
        <Style>
          <LineStyle>
            <color>ffccff00</color>
            <width>2</width>
          </LineStyle>
        </Style>
        <MultiGeometry>
          <LineString>
            <tessellate>1</tessellate>
            <altitudeMode>absolute</altitudeMode>
            <coordinates>-112.116394,33.565235,556.26 -112.116684,33.563789,556.26</coordinates>
          </LineString>
        </MultiGeometry>
        <name>P-105</name>
        <description><![CDATA[<div><div><span><b>Altitude:</b></span> <span>1,825 ft</span></div>
<div><span><b>Speed:</b></span> <span>130 kt - 131 kt</span></div>
<div><span><b>Timestamp:</b></span><br/><span>2025-08-26 10:10:44 UTC<br/>2025-08-26 10:10:46 UTC</span></div>
</div>]]></description>
      </Placemark>
      <Placemark>
        <Style>
          <LineStyle>
            <color>ffccff00</color>
            <width>2</width>
          </LineStyle>
        </Style>
        <MultiGeometry>
          <LineString>
            <tessellate>1</tessellate>
            <altitudeMode>absolute</altitudeMode>
            <coordinates>-112.116684,33.563789,556.26 -112.116966,33.562626,556.26</coordinates>
          </LineString>
        </MultiGeometry>
        <name>P-106</name>
        <description><![CDATA[<div><div><span><b>Altitude:</b></span> <span>1,825 ft</span></div>
<div><span><b>Speed:</b></span> <span>131 kt - 130 kt</span></div>
<div><span><b>Timestamp:</b></span><br/><span>2025-08-26 10:10:46 UTC<br/>2025-08-26 10:10:49 UTC</span></div>
</div>]]></description>
      </Placemark>
      <Placemark>
        <Style>
          <LineStyle>
            <color>ffccff00</color>
            <width>2</width>
          </LineStyle>
        </Style>
        <MultiGeometry>
          <LineString>
            <tessellate>1</tessellate>
            <altitudeMode>absolute</altitudeMode>
            <coordinates>-112.116966,33.562626,556.26 -112.117249,33.561417,556.26</coordinates>
          </LineString>
        </MultiGeometry>
        <name>P-107</name>
        <description><![CDATA[<div><div><span><b>Altitude:</b></span> <span>1,825 ft</span></div>
<div><span><b>Speed:</b></span> <span>130 kt - 129 kt</span></div>
<div><span><b>Timestamp:</b></span><br/><span>2025-08-26 10:10:49 UTC<br/>2025-08-26 10:10:51 UTC</span></div>
</div>]]></description>
      </Placemark>
      <Placemark>
        <Style>
          <LineStyle>
            <color>ffccff00</color>
            <width>2</width>
          </LineStyle>
        </Style>
        <MultiGeometry>
          <LineString>
            <tessellate>1</tessellate>
            <altitudeMode>absolute</altitudeMode>
            <coordinates>-112.117249,33.561417,556.26 -112.117493,33.558472,556.26</coordinates>
          </LineString>
        </MultiGeometry>
        <name>P-108</name>
        <description><![CDATA[<div><div><span><b>Altitude:</b></span> <span>1,825 ft</span></div>
<div><span><b>Speed:</b></span> <span>129 kt - 128 kt</span></div>
<div><span><b>Timestamp:</b></span><br/><span>2025-08-26 10:10:51 UTC<br/>2025-08-26 10:10:55 UTC</span></div>
</div>]]></description>
      </Placemark>
      <Placemark>
        <Style>
          <LineStyle>
            <color>ffccff00</color>
            <width>2</width>
          </LineStyle>
        </Style>
        <MultiGeometry>
          <LineString>
            <tessellate>1</tessellate>
            <altitudeMode>absolute</altitudeMode>
            <coordinates>-112.117493,33.558472,556.26 -112.117249,33.557133,556.26</coordinates>
          </LineString>
        </MultiGeometry>
        <name>P-109</name>
        <description><![CDATA[<div><div><span><b>Altitude:</b></span> <span>1,825 ft</span></div>
<div><span><b>Speed:</b></span> <span>128 kt - 127 kt</span></div>
<div><span><b>Timestamp:</b></span><br/><span>2025-08-26 10:10:55 UTC<br/>2025-08-26 10:10:58 UTC</span></div>
</div>]]></description>
      </Placemark>
      <Placemark>
        <Style>
          <LineStyle>
            <color>ffccff00</color>
            <width>2</width>
          </LineStyle>
        </Style>
        <MultiGeometry>
          <LineString>
            <tessellate>1</tessellate>
            <altitudeMode>absolute</altitudeMode>
            <coordinates>-112.117249,33.557133,556.26 -112.116852,33.555969,556.26</coordinates>
          </LineString>
        </MultiGeometry>
        <name>P-110</name>
        <description><![CDATA[<div><div><span><b>Altitude:</b></span> <span>1,825 ft</span></div>
<div><span><b>Speed:</b></span> <span>127 kt</span></div>
<div><span><b>Timestamp:</b></span><br/><span>2025-08-26 10:10:58 UTC<br/>2025-08-26 10:11:00 UTC</span></div>
</div>]]></description>
      </Placemark>
      <Placemark>
        <Style>
          <LineStyle>
            <color>ffccff00</color>
            <width>2</width>
          </LineStyle>
        </Style>
        <MultiGeometry>
          <LineString>
            <tessellate>1</tessellate>
            <altitudeMode>absolute</altitudeMode>
            <coordinates>-112.116852,33.555969,556.26 -112.116432,33.554901,556.26</coordinates>
          </LineString>
        </MultiGeometry>
        <name>P-111</name>
        <description><![CDATA[<div><div><span><b>Altitude:</b></span> <span>1,825 ft</span></div>
<div><span><b>Speed:</b></span> <span>127 kt - 126 kt</span></div>
<div><span><b>Timestamp:</b></span><br/><span>2025-08-26 10:11:00 UTC<br/>2025-08-26 10:11:02 UTC</span></div>
</div>]]></description>
      </Placemark>
      <Placemark>
        <Style>
          <LineStyle>
            <color>ffccff00</color>
            <width>2</width>
          </LineStyle>
        </Style>
        <MultiGeometry>
          <LineString>
            <tessellate>1</tessellate>
            <altitudeMode>absolute</altitudeMode>
            <coordinates>-112.116432,33.554901,556.26 -112.115822,33.553551,548.64</coordinates>
          </LineString>
        </MultiGeometry>
        <name>P-112</name>
        <description><![CDATA[<div><div><span><b>Altitude:</b></span> <span>1,825 ft - 1,800 ft</span></div>
<div><span><b>Speed:</b></span> <span>126 kt - 123 kt</span></div>
<div><span><b>Timestamp:</b></span><br/><span>2025-08-26 10:11:02 UTC<br/>2025-08-26 10:11:04 UTC</span></div>
</div>]]></description>
      </Placemark>
      <Placemark>
        <Style>
          <LineStyle>
            <color>ffccff00</color>
            <width>2</width>
          </LineStyle>
        </Style>
        <MultiGeometry>
          <LineString>
            <tessellate>1</tessellate>
            <altitudeMode>absolute</altitudeMode>
            <coordinates>-112.115822,33.553551,548.64 -112.115311,33.5522,525.78</coordinates>
          </LineString>
        </MultiGeometry>
        <name>P-113</name>
        <description><![CDATA[<div><div><span><b>Altitude:</b></span> <span>1,800 ft - 1,725 ft</span></div>
<div><span><b>Speed:</b></span> <span>123 kt - 116 kt</span></div>
<div><span><b>Timestamp:</b></span><br/><span>2025-08-26 10:11:04 UTC<br/>2025-08-26 10:11:07 UTC</span></div>
</div>]]></description>
      </Placemark>
      <Placemark>
        <Style>
          <LineStyle>
            <color>ffccff00</color>
            <width>2</width>
          </LineStyle>
        </Style>
        <MultiGeometry>
          <LineString>
            <tessellate>1</tessellate>
            <altitudeMode>absolute</altitudeMode>
            <coordinates>-112.115311,33.5522,525.78 -112.115028,33.551376,525.78</coordinates>
          </LineString>
        </MultiGeometry>
        <name>P-114</name>
        <description><![CDATA[<div><div><span><b>Altitude:</b></span> <span>1,725 ft</span></div>
<div><span><b>Speed:</b></span> <span>116 kt - 105 kt</span></div>
<div><span><b>Timestamp:</b></span><br/><span>2025-08-26 10:11:07 UTC<br/>2025-08-26 10:11:09 UTC</span></div>
</div>]]></description>
      </Placemark>
      <Placemark>
        <Style>
          <LineStyle>
            <color>ffccff00</color>
            <width>2</width>
          </LineStyle>
        </Style>
        <MultiGeometry>
          <LineString>
            <tessellate>1</tessellate>
            <altitudeMode>absolute</altitudeMode>
            <coordinates>-112.115028,33.551376,525.78 -112.114693,33.550186,533.4</coordinates>
          </LineString>
        </MultiGeometry>
        <name>P-115</name>
        <description><![CDATA[<div><div><span><b>Altitude:</b></span> <span>1,725 ft - 1,750 ft</span></div>
<div><span><b>Speed:</b></span> <span>105 kt - 95 kt</span></div>
<div><span><b>Timestamp:</b></span><br/><span>2025-08-26 10:11:09 UTC<br/>2025-08-26 10:11:11 UTC</span></div>
</div>]]></description>
      </Placemark>
      <Placemark>
        <Style>
          <LineStyle>
            <color>ffccff00</color>
            <width>2</width>
          </LineStyle>
        </Style>
        <MultiGeometry>
          <LineString>
            <tessellate>1</tessellate>
            <altitudeMode>absolute</altitudeMode>
            <coordinates>-112.114693,33.550186,533.4 -112.114525,33.549271,541.02</coordinates>
          </LineString>
        </MultiGeometry>
        <name>P-116</name>
        <description><![CDATA[<div><div><span><b>Altitude:</b></span> <span>1,750 ft - 1,775 ft</span></div>
<div><span><b>Speed:</b></span> <span>95 kt - 85 kt</span></div>
<div><span><b>Timestamp:</b></span><br/><span>2025-08-26 10:11:11 UTC<br/>2025-08-26 10:11:13 UTC</span></div>
</div>]]></description>
      </Placemark>
      <Placemark>
        <Style>
          <LineStyle>
            <color>ffccff00</color>
            <width>2</width>
          </LineStyle>
        </Style>
        <MultiGeometry>
          <LineString>
            <tessellate>1</tessellate>
            <altitudeMode>absolute</altitudeMode>
            <coordinates>-112.114525,33.549271,541.02 -112.114471,33.548447,541.02</coordinates>
          </LineString>
        </MultiGeometry>
        <name>P-117</name>
        <description><![CDATA[<div><div><span><b>Altitude:</b></span> <span>1,775 ft</span></div>
<div><span><b>Speed:</b></span> <span>85 kt - 80 kt</span></div>
<div><span><b>Timestamp:</b></span><br/><span>2025-08-26 10:11:13 UTC<br/>2025-08-26 10:11:15 UTC</span></div>
</div>]]></description>
      </Placemark>
      <Placemark>
        <Style>
          <LineStyle>
            <color>ffccff00</color>
            <width>2</width>
          </LineStyle>
        </Style>
        <MultiGeometry>
          <LineString>
            <tessellate>1</tessellate>
            <altitudeMode>absolute</altitudeMode>
            <coordinates>-112.114471,33.548447,541.02 -112.114471,33.54776,548.64</coordinates>
          </LineString>
        </MultiGeometry>
        <name>P-118</name>
        <description><![CDATA[<div><div><span><b>Altitude:</b></span> <span>1,775 ft - 1,800 ft</span></div>
<div><span><b>Speed:</b></span> <span>80 kt - 73 kt</span></div>
<div><span><b>Timestamp:</b></span><br/><span>2025-08-26 10:11:15 UTC<br/>2025-08-26 10:11:18 UTC</span></div>
</div>]]></description>
      </Placemark>
      <Placemark>
        <Style>
          <LineStyle>
            <color>ffccff00</color>
            <width>2</width>
          </LineStyle>
        </Style>
        <MultiGeometry>
          <LineString>
            <tessellate>1</tessellate>
            <altitudeMode>absolute</altitudeMode>
            <coordinates>-112.114471,33.54776,548.64 -112.114449,33.54694,548.64</coordinates>
          </LineString>
        </MultiGeometry>
        <name>P-119</name>
        <description><![CDATA[<div><div><span><b>Altitude:</b></span> <span>1,800 ft</span></div>
<div><span><b>Speed:</b></span> <span>73 kt - 69 kt</span></div>
<div><span><b>Timestamp:</b></span><br/><span>2025-08-26 10:11:18 UTC<br/>2025-08-26 10:11:20 UTC</span></div>
</div>]]></description>
      </Placemark>
      <Placemark>
        <Style>
          <LineStyle>
            <color>ffccff00</color>
            <width>2</width>
          </LineStyle>
        </Style>
        <MultiGeometry>
          <LineString>
            <tessellate>1</tessellate>
            <altitudeMode>absolute</altitudeMode>
            <coordinates>-112.114449,33.54694,548.64 -112.114525,33.5457,548.64</coordinates>
          </LineString>
        </MultiGeometry>
        <name>P-120</name>
        <description><![CDATA[<div><div><span><b>Altitude:</b></span> <span>1,800 ft</span></div>
<div><span><b>Speed:</b></span> <span>69 kt - 68 kt</span></div>
<div><span><b>Timestamp:</b></span><br/><span>2025-08-26 10:11:20 UTC<br/>2025-08-26 10:11:24 UTC</span></div>
</div>]]></description>
      </Placemark>
      <Placemark>
        <Style>
          <LineStyle>
            <color>ffccff00</color>
            <width>2</width>
          </LineStyle>
        </Style>
        <MultiGeometry>
          <LineString>
            <tessellate>1</tessellate>
            <altitudeMode>absolute</altitudeMode>
            <coordinates>-112.114525,33.5457,548.64 -112.114525,33.544922,541.02</coordinates>
          </LineString>
        </MultiGeometry>
        <name>P-121</name>
        <description><![CDATA[<div><div><span><b>Altitude:</b></span> <span>1,800 ft - 1,775 ft</span></div>
<div><span><b>Speed:</b></span> <span>68 kt - 76 kt</span></div>
<div><span><b>Timestamp:</b></span><br/><span>2025-08-26 10:11:24 UTC<br/>2025-08-26 10:11:27 UTC</span></div>
</div>]]></description>
      </Placemark>
      <Placemark>
        <Style>
          <LineStyle>
            <color>ffccff00</color>
            <width>2</width>
          </LineStyle>
        </Style>
        <MultiGeometry>
          <LineString>
            <tessellate>1</tessellate>
            <altitudeMode>absolute</altitudeMode>
            <coordinates>-112.114525,33.544922,541.02 -112.114525,33.544052,533.4</coordinates>
          </LineString>
        </MultiGeometry>
        <name>P-122</name>
        <description><![CDATA[<div><div><span><b>Altitude:</b></span> <span>1,775 ft - 1,750 ft</span></div>
<div><span><b>Speed:</b></span> <span>76 kt - 82 kt</span></div>
<div><span><b>Timestamp:</b></span><br/><span>2025-08-26 10:11:27 UTC<br/>2025-08-26 10:11:29 UTC</span></div>
</div>]]></description>
      </Placemark>
      <Placemark>
        <Style>
          <LineStyle>
            <color>ffccff00</color>
            <width>2</width>
          </LineStyle>
        </Style>
        <MultiGeometry>
          <LineString>
            <tessellate>1</tessellate>
            <altitudeMode>absolute</altitudeMode>
            <coordinates>-112.114525,33.544052,533.4 -112.114502,33.543262,525.78</coordinates>
          </LineString>
        </MultiGeometry>
        <name>P-123</name>
        <description><![CDATA[<div><div><span><b>Altitude:</b></span> <span>1,750 ft - 1,725 ft</span></div>
<div><span><b>Speed:</b></span> <span>82 kt - 86 kt</span></div>
<div><span><b>Timestamp:</b></span><br/><span>2025-08-26 10:11:29 UTC<br/>2025-08-26 10:11:31 UTC</span></div>
</div>]]></description>
      </Placemark>
      <Placemark>
        <Style>
          <LineStyle>
            <color>ffccff00</color>
            <width>2</width>
          </LineStyle>
        </Style>
        <MultiGeometry>
          <LineString>
            <tessellate>1</tessellate>
            <altitudeMode>absolute</altitudeMode>
            <coordinates>-112.114502,33.543262,525.78 -112.11441,33.542175,525.78</coordinates>
          </LineString>
        </MultiGeometry>
        <name>P-124</name>
        <description><![CDATA[<div><div><span><b>Altitude:</b></span> <span>1,725 ft</span></div>
<div><span><b>Speed:</b></span> <span>86 kt - 88 kt</span></div>
<div><span><b>Timestamp:</b></span><br/><span>2025-08-26 10:11:31 UTC<br/>2025-08-26 10:11:33 UTC</span></div>
</div>]]></description>
      </Placemark>
      <Placemark>
        <Style>
          <LineStyle>
            <color>ffccff00</color>
            <width>2</width>
          </LineStyle>
        </Style>
        <MultiGeometry>
          <LineString>
            <tessellate>1</tessellate>
            <altitudeMode>absolute</altitudeMode>
            <coordinates>-112.11441,33.542175,525.78 -112.114395,33.541401,525.78</coordinates>
          </LineString>
        </MultiGeometry>
        <name>P-125</name>
        <description><![CDATA[<div><div><span><b>Altitude:</b></span> <span>1,725 ft</span></div>
<div><span><b>Speed:</b></span> <span>88 kt - 90 kt</span></div>
<div><span><b>Timestamp:</b></span><br/><span>2025-08-26 10:11:33 UTC<br/>2025-08-26 10:11:36 UTC</span></div>
</div>]]></description>
      </Placemark>
      <Placemark>
        <Style>
          <LineStyle>
            <color>ffccff00</color>
            <width>2</width>
          </LineStyle>
        </Style>
        <MultiGeometry>
          <LineString>
            <tessellate>1</tessellate>
            <altitudeMode>absolute</altitudeMode>
            <coordinates>-112.114395,33.541401,525.78 -112.114395,33.540375,518.16</coordinates>
          </LineString>
        </MultiGeometry>
        <name>P-126</name>
        <description><![CDATA[<div><div><span><b>Altitude:</b></span> <span>1,725 ft - 1,700 ft</span></div>
<div><span><b>Speed:</b></span> <span>90 kt - 91 kt</span></div>
<div><span><b>Timestamp:</b></span><br/><span>2025-08-26 10:11:36 UTC<br/>2025-08-26 10:11:38 UTC</span></div>
</div>]]></description>
      </Placemark>
      <Placemark>
        <Style>
          <LineStyle>
            <color>ffccff00</color>
            <width>2</width>
          </LineStyle>
        </Style>
        <MultiGeometry>
          <LineString>
            <tessellate>1</tessellate>
            <altitudeMode>absolute</altitudeMode>
            <coordinates>-112.114395,33.540375,518.16 -112.114357,33.539444,518.16</coordinates>
          </LineString>
        </MultiGeometry>
        <name>P-127</name>
        <description><![CDATA[<div><div><span><b>Altitude:</b></span> <span>1,700 ft</span></div>
<div><span><b>Speed:</b></span> <span>91 kt - 93 kt</span></div>
<div><span><b>Timestamp:</b></span><br/><span>2025-08-26 10:11:38 UTC<br/>2025-08-26 10:11:40 UTC</span></div>
</div>]]></description>
      </Placemark>
      <Placemark>
        <Style>
          <LineStyle>
            <color>ffccff00</color>
            <width>2</width>
          </LineStyle>
        </Style>
        <MultiGeometry>
          <LineString>
            <tessellate>1</tessellate>
            <altitudeMode>absolute</altitudeMode>
            <coordinates>-112.114357,33.539444,518.16 -112.114357,33.538559,518.16</coordinates>
          </LineString>
        </MultiGeometry>
        <name>P-128</name>
        <description><![CDATA[<div><div><span><b>Altitude:</b></span> <span>1,700 ft</span></div>
<div><span><b>Speed:</b></span> <span>93 kt - 94 kt</span></div>
<div><span><b>Timestamp:</b></span><br/><span>2025-08-26 10:11:40 UTC<br/>2025-08-26 10:11:42 UTC</span></div>
</div>]]></description>
      </Placemark>
      <Placemark>
        <Style>
          <LineStyle>
            <color>ffccff00</color>
            <width>2</width>
          </LineStyle>
        </Style>
        <MultiGeometry>
          <LineString>
            <tessellate>1</tessellate>
            <altitudeMode>absolute</altitudeMode>
            <coordinates>-112.114357,33.538559,518.16 -112.114357,33.535255,518.16</coordinates>
          </LineString>
        </MultiGeometry>
        <name>P-129</name>
        <description><![CDATA[<div><div><span><b>Altitude:</b></span> <span>1,700 ft</span></div>
<div><span><b>Speed:</b></span> <span>94 kt - 97 kt</span></div>
<div><span><b>Timestamp:</b></span><br/><span>2025-08-26 10:11:42 UTC<br/>2025-08-26 10:11:49 UTC</span></div>
</div>]]></description>
      </Placemark>
      <Placemark>
        <Style>
          <LineStyle>
            <color>ffccff00</color>
            <width>2</width>
          </LineStyle>
        </Style>
        <MultiGeometry>
          <LineString>
            <tessellate>1</tessellate>
            <altitudeMode>absolute</altitudeMode>
            <coordinates>-112.114357,33.535255,518.16 -112.114326,33.531326,518.16</coordinates>
          </LineString>
        </MultiGeometry>
        <name>P-130</name>
        <description><![CDATA[<div><div><span><b>Altitude:</b></span> <span>1,700 ft</span></div>
<div><span><b>Speed:</b></span> <span>97 kt - 100 kt</span></div>
<div><span><b>Timestamp:</b></span><br/><span>2025-08-26 10:11:49 UTC<br/>2025-08-26 10:11:58 UTC</span></div>
</div>]]></description>
      </Placemark>
      <Placemark>
        <Style>
          <LineStyle>
            <color>ffccff00</color>
            <width>2</width>
          </LineStyle>
        </Style>
        <MultiGeometry>
          <LineString>
            <tessellate>1</tessellate>
            <altitudeMode>absolute</altitudeMode>
            <coordinates>-112.114326,33.531326,518.16 -112.11438,33.530411,518.16</coordinates>
          </LineString>
        </MultiGeometry>
        <name>P-131</name>
        <description><![CDATA[<div><div><span><b>Altitude:</b></span> <span>1,700 ft</span></div>
<div><span><b>Speed:</b></span> <span>100 kt - 98 kt</span></div>
<div><span><b>Timestamp:</b></span><br/><span>2025-08-26 10:11:58 UTC<br/>2025-08-26 10:12:00 UTC</span></div>
</div>]]></description>
      </Placemark>
      <Placemark>
        <Style>
          <LineStyle>
            <color>ffccff00</color>
            <width>2</width>
          </LineStyle>
        </Style>
        <MultiGeometry>
          <LineString>
            <tessellate>1</tessellate>
            <altitudeMode>absolute</altitudeMode>
            <coordinates>-112.11438,33.530411,518.16 -112.114433,33.529541,518.16</coordinates>
          </LineString>
        </MultiGeometry>
        <name>P-132</name>
        <description><![CDATA[<div><div><span><b>Altitude:</b></span> <span>1,700 ft</span></div>
<div><span><b>Speed:</b></span> <span>98 kt - 95 kt</span></div>
<div><span><b>Timestamp:</b></span><br/><span>2025-08-26 10:12:00 UTC<br/>2025-08-26 10:12:02 UTC</span></div>
</div>]]></description>
      </Placemark>
      <Placemark>
        <Style>
          <LineStyle>
            <color>ffccff00</color>
            <width>2</width>
          </LineStyle>
        </Style>
        <MultiGeometry>
          <LineString>
            <tessellate>1</tessellate>
            <altitudeMode>absolute</altitudeMode>
            <coordinates>-112.114433,33.529541,518.16 -112.114525,33.528599,525.78</coordinates>
          </LineString>
        </MultiGeometry>
        <name>P-133</name>
        <description><![CDATA[<div><div><span><b>Altitude:</b></span> <span>1,700 ft - 1,725 ft</span></div>
<div><span><b>Speed:</b></span> <span>95 kt - 92 kt</span></div>
<div><span><b>Timestamp:</b></span><br/><span>2025-08-26 10:12:02 UTC<br/>2025-08-26 10:12:04 UTC</span></div>
</div>]]></description>
      </Placemark>
      <Placemark>
        <Style>
          <LineStyle>
            <color>ffccff00</color>
            <width>2</width>
          </LineStyle>
        </Style>
        <MultiGeometry>
          <LineString>
            <tessellate>1</tessellate>
            <altitudeMode>absolute</altitudeMode>
            <coordinates>-112.114525,33.528599,525.78 -112.114655,33.52771,525.78</coordinates>
          </LineString>
        </MultiGeometry>
        <name>P-134</name>
        <description><![CDATA[<div><div><span><b>Altitude:</b></span> <span>1,725 ft</span></div>
<div><span><b>Speed:</b></span> <span>92 kt - 90 kt</span></div>
<div><span><b>Timestamp:</b></span><br/><span>2025-08-26 10:12:04 UTC<br/>2025-08-26 10:12:06 UTC</span></div>
</div>]]></description>
      </Placemark>
      <Placemark>
        <Style>
          <LineStyle>
            <color>ffccff00</color>
            <width>2</width>
          </LineStyle>
        </Style>
        <MultiGeometry>
          <LineString>
            <tessellate>1</tessellate>
            <altitudeMode>absolute</altitudeMode>
            <coordinates>-112.114655,33.52771,525.78 -112.114861,33.52697,525.78</coordinates>
          </LineString>
        </MultiGeometry>
        <name>P-135</name>
        <description><![CDATA[<div><div><span><b>Altitude:</b></span> <span>1,725 ft</span></div>
<div><span><b>Speed:</b></span> <span>90 kt - 89 kt</span></div>
<div><span><b>Timestamp:</b></span><br/><span>2025-08-26 10:12:06 UTC<br/>2025-08-26 10:12:08 UTC</span></div>
</div>]]></description>
      </Placemark>
      <Placemark>
        <Style>
          <LineStyle>
            <color>ffccff00</color>
            <width>2</width>
          </LineStyle>
        </Style>
        <MultiGeometry>
          <LineString>
            <tessellate>1</tessellate>
            <altitudeMode>absolute</altitudeMode>
            <coordinates>-112.114861,33.52697,525.78 -112.11515,33.525787,525.78</coordinates>
          </LineString>
        </MultiGeometry>
        <name>P-136</name>
        <description><![CDATA[<div><div><span><b>Altitude:</b></span> <span>1,725 ft</span></div>
<div><span><b>Speed:</b></span> <span>89 kt - 86 kt</span></div>
<div><span><b>Timestamp:</b></span><br/><span>2025-08-26 10:12:08 UTC<br/>2025-08-26 10:12:11 UTC</span></div>
</div>]]></description>
      </Placemark>
      <Placemark>
        <Style>
          <LineStyle>
            <color>ffccff00</color>
            <width>2</width>
          </LineStyle>
        </Style>
        <MultiGeometry>
          <LineString>
            <tessellate>1</tessellate>
            <altitudeMode>absolute</altitudeMode>
            <coordinates>-112.11515,33.525787,525.78 -112.115204,33.523407,518.16</coordinates>
          </LineString>
        </MultiGeometry>
        <name>P-137</name>
        <description><![CDATA[<div><div><span><b>Altitude:</b></span> <span>1,725 ft - 1,700 ft</span></div>
<div><span><b>Speed:</b></span> <span>86 kt - 77 kt</span></div>
<div><span><b>Timestamp:</b></span><br/><span>2025-08-26 10:12:11 UTC<br/>2025-08-26 10:12:18 UTC</span></div>
</div>]]></description>
      </Placemark>
      <Placemark>
        <Style>
          <LineStyle>
            <color>ffccff00</color>
            <width>2</width>
          </LineStyle>
        </Style>
        <MultiGeometry>
          <LineString>
            <tessellate>1</tessellate>
            <altitudeMode>absolute</altitudeMode>
            <coordinates>-112.115204,33.523407,518.16 -112.115036,33.521851,518.16</coordinates>
          </LineString>
        </MultiGeometry>
        <name>P-138</name>
        <description><![CDATA[<div><div><span><b>Altitude:</b></span> <span>1,700 ft</span></div>
<div><span><b>Speed:</b></span> <span>77 kt - 73 kt</span></div>
<div><span><b>Timestamp:</b></span><br/><span>2025-08-26 10:12:18 UTC<br/>2025-08-26 10:12:22 UTC</span></div>
</div>]]></description>
      </Placemark>
      <Placemark>
        <Style>
          <LineStyle>
            <color>ffccff00</color>
            <width>2</width>
          </LineStyle>
        </Style>
        <MultiGeometry>
          <LineString>
            <tessellate>1</tessellate>
            <altitudeMode>absolute</altitudeMode>
            <coordinates>-112.115036,33.521851,518.16 -112.114922,33.521149,518.16</coordinates>
          </LineString>
        </MultiGeometry>
        <name>P-139</name>
        <description><![CDATA[<div><div><span><b>Altitude:</b></span> <span>1,700 ft</span></div>
<div><span><b>Speed:</b></span> <span>73 kt - 72 kt</span></div>
<div><span><b>Timestamp:</b></span><br/><span>2025-08-26 10:12:22 UTC<br/>2025-08-26 10:12:24 UTC</span></div>
</div>]]></description>
      </Placemark>
      <Placemark>
        <Style>
          <LineStyle>
            <color>ffccff00</color>
            <width>2</width>
          </LineStyle>
        </Style>
        <MultiGeometry>
          <LineString>
            <tessellate>1</tessellate>
            <altitudeMode>absolute</altitudeMode>
            <coordinates>-112.114922,33.521149,518.16 -112.114876,33.520477,518.16</coordinates>
          </LineString>
        </MultiGeometry>
        <name>P-140</name>
        <description><![CDATA[<div><div><span><b>Altitude:</b></span> <span>1,700 ft</span></div>
<div><span><b>Speed:</b></span> <span>72 kt - 73 kt</span></div>
<div><span><b>Timestamp:</b></span><br/><span>2025-08-26 10:12:24 UTC<br/>2025-08-26 10:12:26 UTC</span></div>
</div>]]></description>
      </Placemark>
      <Placemark>
        <Style>
          <LineStyle>
            <color>ffccff00</color>
            <width>2</width>
          </LineStyle>
        </Style>
        <MultiGeometry>
          <LineString>
            <tessellate>1</tessellate>
            <altitudeMode>absolute</altitudeMode>
            <coordinates>-112.114876,33.520477,518.16 -112.114761,33.519653,518.16</coordinates>
          </LineString>
        </MultiGeometry>
        <name>P-141</name>
        <description><![CDATA[<div><div><span><b>Altitude:</b></span> <span>1,700 ft</span></div>
<div><span><b>Speed:</b></span> <span>73 kt</span></div>
<div><span><b>Timestamp:</b></span><br/><span>2025-08-26 10:12:26 UTC<br/>2025-08-26 10:12:28 UTC</span></div>
</div>]]></description>
      </Placemark>
      <Placemark>
        <Style>
          <LineStyle>
            <color>ffccff00</color>
            <width>2</width>
          </LineStyle>
        </Style>
        <MultiGeometry>
          <LineString>
            <tessellate>1</tessellate>
            <altitudeMode>absolute</altitudeMode>
            <coordinates>-112.114761,33.519653,518.16 -112.114708,33.518967,525.78</coordinates>
          </LineString>
        </MultiGeometry>
        <name>P-142</name>
        <description><![CDATA[<div><div><span><b>Altitude:</b></span> <span>1,700 ft - 1,725 ft</span></div>
<div><span><b>Speed:</b></span> <span>73 kt</span></div>
<div><span><b>Timestamp:</b></span><br/><span>2025-08-26 10:12:28 UTC<br/>2025-08-26 10:12:30 UTC</span></div>
</div>]]></description>
      </Placemark>
      <Placemark>
        <Style>
          <LineStyle>
            <color>ffccff00</color>
            <width>2</width>
          </LineStyle>
        </Style>
        <MultiGeometry>
          <LineString>
            <tessellate>1</tessellate>
            <altitudeMode>absolute</altitudeMode>
            <coordinates>-112.114708,33.518967,525.78 -112.114708,33.517319,533.4</coordinates>
          </LineString>
        </MultiGeometry>
        <name>P-143</name>
        <description><![CDATA[<div><div><span><b>Altitude:</b></span> <span>1,725 ft - 1,750 ft</span></div>
<div><span><b>Speed:</b></span> <span>73 kt - 74 kt</span></div>
<div><span><b>Timestamp:</b></span><br/><span>2025-08-26 10:12:30 UTC<br/>2025-08-26 10:12:35 UTC</span></div>
</div>]]></description>
      </Placemark>
      <Placemark>
        <Style>
          <LineStyle>
            <color>ffccff00</color>
            <width>2</width>
          </LineStyle>
        </Style>
        <MultiGeometry>
          <LineString>
            <tessellate>1</tessellate>
            <altitudeMode>absolute</altitudeMode>
            <coordinates>-112.114708,33.517319,533.4 -112.114746,33.516632,533.4</coordinates>
          </LineString>
        </MultiGeometry>
        <name>P-144</name>
        <description><![CDATA[<div><div><span><b>Altitude:</b></span> <span>1,750 ft</span></div>
<div><span><b>Speed:</b></span> <span>74 kt - 73 kt</span></div>
<div><span><b>Timestamp:</b></span><br/><span>2025-08-26 10:12:35 UTC<br/>2025-08-26 10:12:37 UTC</span></div>
</div>]]></description>
      </Placemark>
      <Placemark>
        <Style>
          <LineStyle>
            <color>ffccff00</color>
            <width>2</width>
          </LineStyle>
        </Style>
        <MultiGeometry>
          <LineString>
            <tessellate>1</tessellate>
            <altitudeMode>absolute</altitudeMode>
            <coordinates>-112.114746,33.516632,533.4 -112.114822,33.515991,533.4</coordinates>
          </LineString>
        </MultiGeometry>
        <name>P-145</name>
        <description><![CDATA[<div><div><span><b>Altitude:</b></span> <span>1,750 ft</span></div>
<div><span><b>Speed:</b></span> <span>73 kt</span></div>
<div><span><b>Timestamp:</b></span><br/><span>2025-08-26 10:12:37 UTC<br/>2025-08-26 10:12:39 UTC</span></div>
</div>]]></description>
      </Placemark>
      <Placemark>
        <Style>
          <LineStyle>
            <color>ffccff00</color>
            <width>2</width>
          </LineStyle>
        </Style>
        <MultiGeometry>
          <LineString>
            <tessellate>1</tessellate>
            <altitudeMode>absolute</altitudeMode>
            <coordinates>-112.114822,33.515991,533.4 -112.114929,33.514435,541.02</coordinates>
          </LineString>
        </MultiGeometry>
        <name>P-146</name>
        <description><![CDATA[<div><div><span><b>Altitude:</b></span> <span>1,750 ft - 1,775 ft</span></div>
<div><span><b>Speed:</b></span> <span>73 kt</span></div>
<div><span><b>Timestamp:</b></span><br/><span>2025-08-26 10:12:39 UTC<br/>2025-08-26 10:12:44 UTC</span></div>
</div>]]></description>
      </Placemark>
      <Placemark>
        <Style>
          <LineStyle>
            <color>ffccff00</color>
            <width>2</width>
          </LineStyle>
        </Style>
        <MultiGeometry>
          <LineString>
            <tessellate>1</tessellate>
            <altitudeMode>absolute</altitudeMode>
            <coordinates>-112.114929,33.514435,541.02 -112.114983,33.513748,541.02</coordinates>
          </LineString>
        </MultiGeometry>
        <name>P-147</name>
        <description><![CDATA[<div><div><span><b>Altitude:</b></span> <span>1,775 ft</span></div>
<div><span><b>Speed:</b></span> <span>73 kt - 71 kt</span></div>
<div><span><b>Timestamp:</b></span><br/><span>2025-08-26 10:12:44 UTC<br/>2025-08-26 10:12:46 UTC</span></div>
</div>]]></description>
      </Placemark>
      <Placemark>
        <Style>
          <LineStyle>
            <color>ffccff00</color>
            <width>2</width>
          </LineStyle>
        </Style>
        <MultiGeometry>
          <LineString>
            <tessellate>1</tessellate>
            <altitudeMode>absolute</altitudeMode>
            <coordinates>-112.114983,33.513748,541.02 -112.115089,33.513004,541.02</coordinates>
          </LineString>
        </MultiGeometry>
        <name>P-148</name>
        <description><![CDATA[<div><div><span><b>Altitude:</b></span> <span>1,775 ft</span></div>
<div><span><b>Speed:</b></span> <span>71 kt - 69 kt</span></div>
<div><span><b>Timestamp:</b></span><br/><span>2025-08-26 10:12:46 UTC<br/>2025-08-26 10:12:48 UTC</span></div>
</div>]]></description>
      </Placemark>
      <Placemark>
        <Style>
          <LineStyle>
            <color>ffccff00</color>
            <width>2</width>
          </LineStyle>
        </Style>
        <MultiGeometry>
          <LineString>
            <tessellate>1</tessellate>
            <altitudeMode>absolute</altitudeMode>
            <coordinates>-112.115089,33.513004,541.02 -112.115196,33.512302,548.64</coordinates>
          </LineString>
        </MultiGeometry>
        <name>P-149</name>
        <description><![CDATA[<div><div><span><b>Altitude:</b></span> <span>1,775 ft - 1,800 ft</span></div>
<div><span><b>Speed:</b></span> <span>69 kt - 68 kt</span></div>
<div><span><b>Timestamp:</b></span><br/><span>2025-08-26 10:12:48 UTC<br/>2025-08-26 10:12:50 UTC</span></div>
</div>]]></description>
      </Placemark>
      <Placemark>
        <Style>
          <LineStyle>
            <color>ffccff00</color>
            <width>2</width>
          </LineStyle>
        </Style>
        <MultiGeometry>
          <LineString>
            <tessellate>1</tessellate>
            <altitudeMode>absolute</altitudeMode>
            <coordinates>-112.115196,33.512302,548.64 -112.115196,33.511559,548.64</coordinates>
          </LineString>
        </MultiGeometry>
        <name>P-150</name>
        <description><![CDATA[<div><div><span><b>Altitude:</b></span> <span>1,800 ft</span></div>
<div><span><b>Speed:</b></span> <span>68 kt - 67 kt</span></div>
<div><span><b>Timestamp:</b></span><br/><span>2025-08-26 10:12:50 UTC<br/>2025-08-26 10:12:52 UTC</span></div>
</div>]]></description>
      </Placemark>
      <Placemark>
        <Style>
          <LineStyle>
            <color>ffccff00</color>
            <width>2</width>
          </LineStyle>
        </Style>
        <MultiGeometry>
          <LineString>
            <tessellate>1</tessellate>
            <altitudeMode>absolute</altitudeMode>
            <coordinates>-112.115196,33.511559,548.64 -112.115257,33.51091,548.64</coordinates>
          </LineString>
        </MultiGeometry>
        <name>P-151</name>
        <description><![CDATA[<div><div><span><b>Altitude:</b></span> <span>1,800 ft</span></div>
<div><span><b>Speed:</b></span> <span>67 kt</span></div>
<div><span><b>Timestamp:</b></span><br/><span>2025-08-26 10:12:52 UTC<br/>2025-08-26 10:12:55 UTC</span></div>
</div>]]></description>
      </Placemark>
      <Placemark>
        <Style>
          <LineStyle>
            <color>ffccff00</color>
            <width>2</width>
          </LineStyle>
        </Style>
        <MultiGeometry>
          <LineString>
            <tessellate>1</tessellate>
            <altitudeMode>absolute</altitudeMode>
            <coordinates>-112.115257,33.51091,548.64 -112.115257,33.510303,548.64</coordinates>
          </LineString>
        </MultiGeometry>
        <name>P-152</name>
        <description><![CDATA[<div><div><span><b>Altitude:</b></span> <span>1,800 ft</span></div>
<div><span><b>Speed:</b></span> <span>67 kt - 68 kt</span></div>
<div><span><b>Timestamp:</b></span><br/><span>2025-08-26 10:12:55 UTC<br/>2025-08-26 10:12:57 UTC</span></div>
</div>]]></description>
      </Placemark>
      <Placemark>
        <Style>
          <LineStyle>
            <color>ffccff00</color>
            <width>2</width>
          </LineStyle>
        </Style>
        <MultiGeometry>
          <LineString>
            <tessellate>1</tessellate>
            <altitudeMode>absolute</altitudeMode>
            <coordinates>-112.115257,33.510303,548.64 -112.115204,33.507935,541.02</coordinates>
          </LineString>
        </MultiGeometry>
        <name>P-153</name>
        <description><![CDATA[<div><div><span><b>Altitude:</b></span> <span>1,800 ft - 1,775 ft</span></div>
<div><span><b>Speed:</b></span> <span>68 kt - 88 kt</span></div>
<div><span><b>Timestamp:</b></span><br/><span>2025-08-26 10:12:57 UTC<br/>2025-08-26 10:13:03 UTC</span></div>
</div>]]></description>
      </Placemark>
      <Placemark>
        <Style>
          <LineStyle>
            <color>ffccff00</color>
            <width>2</width>
          </LineStyle>
        </Style>
        <MultiGeometry>
          <LineString>
            <tessellate>1</tessellate>
            <altitudeMode>absolute</altitudeMode>
            <coordinates>-112.115204,33.507935,541.02 -112.115196,33.505089,525.78</coordinates>
          </LineString>
        </MultiGeometry>
        <name>P-154</name>
        <description><![CDATA[<div><div><span><b>Altitude:</b></span> <span>1,775 ft - 1,725 ft</span></div>
<div><span><b>Speed:</b></span> <span>88 kt - 91 kt</span></div>
<div><span><b>Timestamp:</b></span><br/><span>2025-08-26 10:13:03 UTC<br/>2025-08-26 10:13:10 UTC</span></div>
</div>]]></description>
      </Placemark>
      <Placemark>
        <Style>
          <LineStyle>
            <color>ffccff00</color>
            <width>2</width>
          </LineStyle>
        </Style>
        <MultiGeometry>
          <LineString>
            <tessellate>1</tessellate>
            <altitudeMode>absolute</altitudeMode>
            <coordinates>-112.115196,33.505089,525.78 -112.115372,33.50148,533.4</coordinates>
          </LineString>
        </MultiGeometry>
        <name>P-155</name>
        <description><![CDATA[<div><div><span><b>Altitude:</b></span> <span>1,725 ft - 1,750 ft</span></div>
<div><span><b>Speed:</b></span> <span>91 kt - 85 kt</span></div>
<div><span><b>Timestamp:</b></span><br/><span>2025-08-26 10:13:10 UTC<br/>2025-08-26 10:13:19 UTC</span></div>
</div>]]></description>
      </Placemark>
      <Placemark>
        <Style>
          <LineStyle>
            <color>ffccff00</color>
            <width>2</width>
          </LineStyle>
        </Style>
        <MultiGeometry>
          <LineString>
            <tessellate>1</tessellate>
            <altitudeMode>absolute</altitudeMode>
            <coordinates>-112.115372,33.50148,533.4 -112.115479,33.498779,533.4</coordinates>
          </LineString>
        </MultiGeometry>
        <name>P-156</name>
        <description><![CDATA[<div><div><span><b>Altitude:</b></span> <span>1,750 ft</span></div>
<div><span><b>Speed:</b></span> <span>85 kt - 81 kt</span></div>
<div><span><b>Timestamp:</b></span><br/><span>2025-08-26 10:13:19 UTC<br/>2025-08-26 10:13:26 UTC</span></div>
</div>]]></description>
      </Placemark>
      <Placemark>
        <Style>
          <LineStyle>
            <color>ffccff00</color>
            <width>2</width>
          </LineStyle>
        </Style>
        <MultiGeometry>
          <LineString>
            <tessellate>1</tessellate>
            <altitudeMode>absolute</altitudeMode>
            <coordinates>-112.115479,33.498779,533.4 -112.115532,33.496429,525.78</coordinates>
          </LineString>
        </MultiGeometry>
        <name>P-157</name>
        <description><![CDATA[<div><div><span><b>Altitude:</b></span> <span>1,750 ft - 1,725 ft</span></div>
<div><span><b>Speed:</b></span> <span>81 kt - 82 kt</span></div>
<div><span><b>Timestamp:</b></span><br/><span>2025-08-26 10:13:26 UTC<br/>2025-08-26 10:13:32 UTC</span></div>
</div>]]></description>
      </Placemark>
      <Placemark>
        <Style>
          <LineStyle>
            <color>ffccff00</color>
            <width>2</width>
          </LineStyle>
        </Style>
        <MultiGeometry>
          <LineString>
            <tessellate>1</tessellate>
            <altitudeMode>absolute</altitudeMode>
            <coordinates>-112.115532,33.496429,525.78 -112.115532,33.493103,533.4</coordinates>
          </LineString>
        </MultiGeometry>
        <name>P-158</name>
        <description><![CDATA[<div><div><span><b>Altitude:</b></span> <span>1,725 ft - 1,750 ft</span></div>
<div><span><b>Speed:</b></span> <span>82 kt - 80 kt</span></div>
<div><span><b>Timestamp:</b></span><br/><span>2025-08-26 10:13:32 UTC<br/>2025-08-26 10:13:41 UTC</span></div>
</div>]]></description>
      </Placemark>
      <Placemark>
        <Style>
          <LineStyle>
            <color>ffccff00</color>
            <width>2</width>
          </LineStyle>
        </Style>
        <MultiGeometry>
          <LineString>
            <tessellate>1</tessellate>
            <altitudeMode>absolute</altitudeMode>
            <coordinates>-112.115532,33.493103,533.4 -112.115479,33.48954,541.02</coordinates>
          </LineString>
        </MultiGeometry>
        <name>P-159</name>
        <description><![CDATA[<div><div><span><b>Altitude:</b></span> <span>1,750 ft - 1,775 ft</span></div>
<div><span><b>Speed:</b></span> <span>80 kt - 88 kt</span></div>
<div><span><b>Timestamp:</b></span><br/><span>2025-08-26 10:13:41 UTC<br/>2025-08-26 10:13:50 UTC</span></div>
</div>]]></description>
      </Placemark>
      <Placemark>
        <Style>
          <LineStyle>
            <color>ffccff00</color>
            <width>2</width>
          </LineStyle>
        </Style>
        <MultiGeometry>
          <LineString>
            <tessellate>1</tessellate>
            <altitudeMode>absolute</altitudeMode>
            <coordinates>-112.115479,33.48954,541.02 -112.115532,33.486832,541.02</coordinates>
          </LineString>
        </MultiGeometry>
        <name>P-160</name>
        <description><![CDATA[<div><div><span><b>Altitude:</b></span> <span>1,775 ft</span></div>
<div><span><b>Speed:</b></span> <span>88 kt - 87 kt</span></div>
<div><span><b>Timestamp:</b></span><br/><span>2025-08-26 10:13:50 UTC<br/>2025-08-26 10:13:57 UTC</span></div>
</div>]]></description>
      </Placemark>
      <Placemark>
        <Style>
          <LineStyle>
            <color>ffccff00</color>
            <width>2</width>
          </LineStyle>
        </Style>
        <MultiGeometry>
          <LineString>
            <tessellate>1</tessellate>
            <altitudeMode>absolute</altitudeMode>
            <coordinates>-112.115532,33.486832,541.02 -112.115761,33.483025,548.64</coordinates>
          </LineString>
        </MultiGeometry>
        <name>P-161</name>
        <description><![CDATA[<div><div><span><b>Altitude:</b></span> <span>1,775 ft - 1,800 ft</span></div>
<div><span><b>Speed:</b></span> <span>87 kt - 84 kt</span></div>
<div><span><b>Timestamp:</b></span><br/><span>2025-08-26 10:13:57 UTC<br/>2025-08-26 10:14:06 UTC</span></div>
</div>]]></description>
      </Placemark>
      <Placemark>
        <Style>
          <LineStyle>
            <color>ffccff00</color>
            <width>2</width>
          </LineStyle>
        </Style>
        <MultiGeometry>
          <LineString>
            <tessellate>1</tessellate>
            <altitudeMode>absolute</altitudeMode>
            <coordinates>-112.115761,33.483025,548.64 -112.11586,33.482208,533.4</coordinates>
          </LineString>
        </MultiGeometry>
        <name>P-162</name>
        <description><![CDATA[<div><div><span><b>Altitude:</b></span> <span>1,800 ft - 1,750 ft</span></div>
<div><span><b>Speed:</b></span> <span>84 kt - 86 kt</span></div>
<div><span><b>Timestamp:</b></span><br/><span>2025-08-26 10:14:06 UTC<br/>2025-08-26 10:14:08 UTC</span></div>
</div>]]></description>
      </Placemark>
      <Placemark>
        <Style>
          <LineStyle>
            <color>ffccff00</color>
            <width>2</width>
          </LineStyle>
        </Style>
        <MultiGeometry>
          <LineString>
            <tessellate>1</tessellate>
            <altitudeMode>absolute</altitudeMode>
            <coordinates>-112.11586,33.482208,533.4 -112.115982,33.481209,525.78</coordinates>
          </LineString>
        </MultiGeometry>
        <name>P-163</name>
        <description><![CDATA[<div><div><span><b>Altitude:</b></span> <span>1,750 ft - 1,725 ft</span></div>
<div><span><b>Speed:</b></span> <span>86 kt - 88 kt</span></div>
<div><span><b>Timestamp:</b></span><br/><span>2025-08-26 10:14:08 UTC<br/>2025-08-26 10:14:11 UTC</span></div>
</div>]]></description>
      </Placemark>
      <Placemark>
        <Style>
          <LineStyle>
            <color>ffccff00</color>
            <width>2</width>
          </LineStyle>
        </Style>
        <MultiGeometry>
          <LineString>
            <tessellate>1</tessellate>
            <altitudeMode>absolute</altitudeMode>
            <coordinates>-112.115982,33.481209,525.78 -112.115753,33.479645,525.78</coordinates>
          </LineString>
        </MultiGeometry>
        <name>P-164</name>
        <description><![CDATA[<div><div><span><b>Altitude:</b></span> <span>1,725 ft</span></div>
<div><span><b>Speed:</b></span> <span>88 kt - 77 kt</span></div>
<div><span><b>Timestamp:</b></span><br/><span>2025-08-26 10:14:11 UTC<br/>2025-08-26 10:14:15 UTC</span></div>
</div>]]></description>
      </Placemark>
      <Placemark>
        <Style>
          <LineStyle>
            <color>ffccff00</color>
            <width>2</width>
          </LineStyle>
        </Style>
        <MultiGeometry>
          <LineString>
            <tessellate>1</tessellate>
            <altitudeMode>absolute</altitudeMode>
            <coordinates>-112.115753,33.479645,525.78 -112.115036,33.47905,533.4</coordinates>
          </LineString>
        </MultiGeometry>
        <name>P-165</name>
        <description><![CDATA[<div><div><span><b>Altitude:</b></span> <span>1,725 ft - 1,750 ft</span></div>
<div><span><b>Speed:</b></span> <span>77 kt - 72 kt</span></div>
<div><span><b>Timestamp:</b></span><br/><span>2025-08-26 10:14:15 UTC<br/>2025-08-26 10:14:17 UTC</span></div>
</div>]]></description>
      </Placemark>
      <Placemark>
        <Style>
          <LineStyle>
            <color>ffccff00</color>
            <width>2</width>
          </LineStyle>
        </Style>
        <MultiGeometry>
          <LineString>
            <tessellate>1</tessellate>
            <altitudeMode>absolute</altitudeMode>
            <coordinates>-112.115036,33.47905,533.4 -112.114273,33.478867,533.4</coordinates>
          </LineString>
        </MultiGeometry>
        <name>P-166</name>
        <description><![CDATA[<div><div><span><b>Altitude:</b></span> <span>1,750 ft</span></div>
<div><span><b>Speed:</b></span> <span>72 kt - 71 kt</span></div>
<div><span><b>Timestamp:</b></span><br/><span>2025-08-26 10:14:17 UTC<br/>2025-08-26 10:14:19 UTC</span></div>
</div>]]></description>
      </Placemark>
      <Placemark>
        <Style>
          <LineStyle>
            <color>ffccff00</color>
            <width>2</width>
          </LineStyle>
        </Style>
        <MultiGeometry>
          <LineString>
            <tessellate>1</tessellate>
            <altitudeMode>absolute</altitudeMode>
            <coordinates>-112.114273,33.478867,533.4 -112.113518,33.479065,525.78</coordinates>
          </LineString>
        </MultiGeometry>
        <name>P-167</name>
        <description><![CDATA[<div><div><span><b>Altitude:</b></span> <span>1,750 ft - 1,725 ft</span></div>
<div><span><b>Speed:</b></span> <span>71 kt - 69 kt</span></div>
<div><span><b>Timestamp:</b></span><br/><span>2025-08-26 10:14:19 UTC<br/>2025-08-26 10:14:22 UTC</span></div>
</div>]]></description>
      </Placemark>
      <Placemark>
        <Style>
          <LineStyle>
            <color>ffccff00</color>
            <width>2</width>
          </LineStyle>
        </Style>
        <MultiGeometry>
          <LineString>
            <tessellate>1</tessellate>
            <altitudeMode>absolute</altitudeMode>
            <coordinates>-112.113518,33.479065,525.78 -112.113014,33.479717,525.78</coordinates>
          </LineString>
        </MultiGeometry>
        <name>P-168</name>
        <description><![CDATA[<div><div><span><b>Altitude:</b></span> <span>1,725 ft</span></div>
<div><span><b>Speed:</b></span> <span>69 kt - 72 kt</span></div>
<div><span><b>Timestamp:</b></span><br/><span>2025-08-26 10:14:22 UTC<br/>2025-08-26 10:14:24 UTC</span></div>
</div>]]></description>
      </Placemark>
      <Placemark>
        <Style>
          <LineStyle>
            <color>ffccff00</color>
            <width>2</width>
          </LineStyle>
        </Style>
        <MultiGeometry>
          <LineString>
            <tessellate>1</tessellate>
            <altitudeMode>absolute</altitudeMode>
            <coordinates>-112.113014,33.479717,525.78 -112.113068,33.480278,518.16</coordinates>
          </LineString>
        </MultiGeometry>
        <name>P-169</name>
        <description><![CDATA[<div><div><span><b>Altitude:</b></span> <span>1,725 ft - 1,700 ft</span></div>
<div><span><b>Speed:</b></span> <span>72 kt - 78 kt</span></div>
<div><span><b>Timestamp:</b></span><br/><span>2025-08-26 10:14:24 UTC<br/>2025-08-26 10:14:26 UTC</span></div>
</div>]]></description>
      </Placemark>
      <Placemark>
        <Style>
          <LineStyle>
            <color>ffccff00</color>
            <width>2</width>
          </LineStyle>
        </Style>
        <MultiGeometry>
          <LineString>
            <tessellate>1</tessellate>
            <altitudeMode>absolute</altitudeMode>
            <coordinates>-112.113068,33.480278,518.16 -112.113724,33.48111,510.54</coordinates>
          </LineString>
        </MultiGeometry>
        <name>P-170</name>
        <description><![CDATA[<div><div><span><b>Altitude:</b></span> <span>1,700 ft - 1,675 ft</span></div>
<div><span><b>Speed:</b></span> <span>78 kt - 84 kt</span></div>
<div><span><b>Timestamp:</b></span><br/><span>2025-08-26 10:14:26 UTC<br/>2025-08-26 10:14:28 UTC</span></div>
</div>]]></description>
      </Placemark>
      <Placemark>
        <Style>
          <LineStyle>
            <color>ffccff00</color>
            <width>2</width>
          </LineStyle>
        </Style>
        <MultiGeometry>
          <LineString>
            <tessellate>1</tessellate>
            <altitudeMode>absolute</altitudeMode>
            <coordinates>-112.113724,33.48111,510.54 -112.114471,33.481533,502.92</coordinates>
          </LineString>
        </MultiGeometry>
        <name>P-171</name>
        <description><![CDATA[<div><div><span><b>Altitude:</b></span> <span>1,675 ft - 1,650 ft</span></div>
<div><span><b>Speed:</b></span> <span>84 kt - 87 kt</span></div>
<div><span><b>Timestamp:</b></span><br/><span>2025-08-26 10:14:28 UTC<br/>2025-08-26 10:14:30 UTC</span></div>
</div>]]></description>
      </Placemark>
      <Placemark>
        <Style>
          <LineStyle>
            <color>ffccff00</color>
            <width>2</width>
          </LineStyle>
        </Style>
        <MultiGeometry>
          <LineString>
            <tessellate>1</tessellate>
            <altitudeMode>absolute</altitudeMode>
            <coordinates>-112.114471,33.481533,502.92 -112.115364,33.481907,502.92</coordinates>
          </LineString>
        </MultiGeometry>
        <name>P-172</name>
        <description><![CDATA[<div><div><span><b>Altitude:</b></span> <span>1,650 ft</span></div>
<div><span><b>Speed:</b></span> <span>87 kt</span></div>
<div><span><b>Timestamp:</b></span><br/><span>2025-08-26 10:14:30 UTC<br/>2025-08-26 10:14:32 UTC</span></div>
</div>]]></description>
      </Placemark>
      <Placemark>
        <Style>
          <LineStyle>
            <color>ffccff00</color>
            <width>2</width>
          </LineStyle>
        </Style>
        <MultiGeometry>
          <LineString>
            <tessellate>1</tessellate>
            <altitudeMode>absolute</altitudeMode>
            <coordinates>-112.115364,33.481907,502.92 -112.116547,33.48214,502.92</coordinates>
          </LineString>
        </MultiGeometry>
        <name>P-173</name>
        <description><![CDATA[<div><div><span><b>Altitude:</b></span> <span>1,650 ft</span></div>
<div><span><b>Speed:</b></span> <span>87 kt - 86 kt</span></div>
<div><span><b>Timestamp:</b></span><br/><span>2025-08-26 10:14:32 UTC<br/>2025-08-26 10:14:34 UTC</span></div>
</div>]]></description>
      </Placemark>
      <Placemark>
        <Style>
          <LineStyle>
            <color>ffccff00</color>
            <width>2</width>
          </LineStyle>
        </Style>
        <MultiGeometry>
          <LineString>
            <tessellate>1</tessellate>
            <altitudeMode>absolute</altitudeMode>
            <coordinates>-112.116547,33.48214,502.92 -112.117493,33.482044,502.92</coordinates>
          </LineString>
        </MultiGeometry>
        <name>P-174</name>
        <description><![CDATA[<div><div><span><b>Altitude:</b></span> <span>1,650 ft</span></div>
<div><span><b>Speed:</b></span> <span>86 kt - 80 kt</span></div>
<div><span><b>Timestamp:</b></span><br/><span>2025-08-26 10:14:34 UTC<br/>2025-08-26 10:14:37 UTC</span></div>
</div>]]></description>
      </Placemark>
      <Placemark>
        <Style>
          <LineStyle>
            <color>ffccff00</color>
            <width>2</width>
          </LineStyle>
        </Style>
        <MultiGeometry>
          <LineString>
            <tessellate>1</tessellate>
            <altitudeMode>absolute</altitudeMode>
            <coordinates>-112.117493,33.482044,502.92 -112.118111,33.481579,510.54</coordinates>
          </LineString>
        </MultiGeometry>
        <name>P-175</name>
        <description><![CDATA[<div><div><span><b>Altitude:</b></span> <span>1,650 ft - 1,675 ft</span></div>
<div><span><b>Speed:</b></span> <span>80 kt - 68 kt</span></div>
<div><span><b>Timestamp:</b></span><br/><span>2025-08-26 10:14:37 UTC<br/>2025-08-26 10:14:39 UTC</span></div>
</div>]]></description>
      </Placemark>
      <Placemark>
        <Style>
          <LineStyle>
            <color>ffccff00</color>
            <width>2</width>
          </LineStyle>
        </Style>
        <MultiGeometry>
          <LineString>
            <tessellate>1</tessellate>
            <altitudeMode>absolute</altitudeMode>
            <coordinates>-112.118111,33.481579,510.54 -112.118057,33.480927,510.54</coordinates>
          </LineString>
        </MultiGeometry>
        <name>P-176</name>
        <description><![CDATA[<div><div><span><b>Altitude:</b></span> <span>1,675 ft</span></div>
<div><span><b>Speed:</b></span> <span>68 kt - 57 kt</span></div>
<div><span><b>Timestamp:</b></span><br/><span>2025-08-26 10:14:39 UTC<br/>2025-08-26 10:14:41 UTC</span></div>
</div>]]></description>
      </Placemark>
      <Placemark>
        <Style>
          <LineStyle>
            <color>ffccff00</color>
            <width>2</width>
          </LineStyle>
        </Style>
        <MultiGeometry>
          <LineString>
            <tessellate>1</tessellate>
            <altitudeMode>absolute</altitudeMode>
            <coordinates>-112.118057,33.480927,510.54 -112.117401,33.480652,510.54</coordinates>
          </LineString>
        </MultiGeometry>
        <name>P-177</name>
        <description><![CDATA[<div><div><span><b>Altitude:</b></span> <span>1,675 ft</span></div>
<div><span><b>Speed:</b></span> <span>57 kt - 60 kt</span></div>
<div><span><b>Timestamp:</b></span><br/><span>2025-08-26 10:14:41 UTC<br/>2025-08-26 10:14:43 UTC</span></div>
</div>]]></description>
      </Placemark>
      <Placemark>
        <Style>
          <LineStyle>
            <color>ffccff00</color>
            <width>2</width>
          </LineStyle>
        </Style>
        <MultiGeometry>
          <LineString>
            <tessellate>1</tessellate>
            <altitudeMode>absolute</altitudeMode>
            <coordinates>-112.117401,33.480652,510.54 -112.116577,33.481064,495.3</coordinates>
          </LineString>
        </MultiGeometry>
        <name>P-178</name>
        <description><![CDATA[<div><div><span><b>Altitude:</b></span> <span>1,675 ft - 1,625 ft</span></div>
<div><span><b>Speed:</b></span> <span>60 kt - 69 kt</span></div>
<div><span><b>Timestamp:</b></span><br/><span>2025-08-26 10:14:43 UTC<br/>2025-08-26 10:14:46 UTC</span></div>
</div>]]></description>
      </Placemark>
      <Placemark>
        <Style>
          <LineStyle>
            <color>ffccff00</color>
            <width>2</width>
          </LineStyle>
        </Style>
        <MultiGeometry>
          <LineString>
            <tessellate>1</tessellate>
            <altitudeMode>absolute</altitudeMode>
            <coordinates>-112.116577,33.481064,495.3 -112.11615,33.481625,487.68</coordinates>
          </LineString>
        </MultiGeometry>
        <name>P-179</name>
        <description><![CDATA[<div><div><span><b>Altitude:</b></span> <span>1,625 ft - 1,600 ft</span></div>
<div><span><b>Speed:</b></span> <span>69 kt - 75 kt</span></div>
<div><span><b>Timestamp:</b></span><br/><span>2025-08-26 10:14:46 UTC<br/>2025-08-26 10:14:48 UTC</span></div>
</div>]]></description>
      </Placemark>
      <Placemark>
        <Style>
          <LineStyle>
            <color>ffccff00</color>
            <width>2</width>
          </LineStyle>
        </Style>
        <MultiGeometry>
          <LineString>
            <tessellate>1</tessellate>
            <altitudeMode>absolute</altitudeMode>
            <coordinates>-112.11615,33.481625,487.68 -112.115807,33.4823,487.68</coordinates>
          </LineString>
        </MultiGeometry>
        <name>P-180</name>
        <description><![CDATA[<div><div><span><b>Altitude:</b></span> <span>1,600 ft</span></div>
<div><span><b>Speed:</b></span> <span>75 kt - 79 kt</span></div>
<div><span><b>Timestamp:</b></span><br/><span>2025-08-26 10:14:48 UTC<br/>2025-08-26 10:14:50 UTC</span></div>
</div>]]></description>
      </Placemark>
      <Placemark>
        <Style>
          <LineStyle>
            <color>ffccff00</color>
            <width>2</width>
          </LineStyle>
        </Style>
        <MultiGeometry>
          <LineString>
            <tessellate>1</tessellate>
            <altitudeMode>absolute</altitudeMode>
            <coordinates>-112.115807,33.4823,487.68 -112.115593,33.48307,495.3</coordinates>
          </LineString>
        </MultiGeometry>
        <name>P-181</name>
        <description><![CDATA[<div><div><span><b>Altitude:</b></span> <span>1,600 ft - 1,625 ft</span></div>
<div><span><b>Speed:</b></span> <span>79 kt - 80 kt</span></div>
<div><span><b>Timestamp:</b></span><br/><span>2025-08-26 10:14:50 UTC<br/>2025-08-26 10:14:52 UTC</span></div>
</div>]]></description>
      </Placemark>
      <Placemark>
        <Style>
          <LineStyle>
            <color>ffccff00</color>
            <width>2</width>
          </LineStyle>
        </Style>
        <MultiGeometry>
          <LineString>
            <tessellate>1</tessellate>
            <altitudeMode>absolute</altitudeMode>
            <coordinates>-112.115593,33.48307,495.3 -112.115425,33.483814,495.3</coordinates>
          </LineString>
        </MultiGeometry>
        <name>P-182</name>
        <description><![CDATA[<div><div><span><b>Altitude:</b></span> <span>1,625 ft</span></div>
<div><span><b>Speed:</b></span> <span>80 kt - 81 kt</span></div>
<div><span><b>Timestamp:</b></span><br/><span>2025-08-26 10:14:52 UTC<br/>2025-08-26 10:14:54 UTC</span></div>
</div>]]></description>
      </Placemark>
      <Placemark>
        <Style>
          <LineStyle>
            <color>ffccff00</color>
            <width>2</width>
          </LineStyle>
        </Style>
        <MultiGeometry>
          <LineString>
            <tessellate>1</tessellate>
            <altitudeMode>absolute</altitudeMode>
            <coordinates>-112.115425,33.483814,495.3 -112.115364,33.484699,495.3</coordinates>
          </LineString>
        </MultiGeometry>
        <name>P-183</name>
        <description><![CDATA[<div><div><span><b>Altitude:</b></span> <span>1,625 ft</span></div>
<div><span><b>Speed:</b></span> <span>81 kt - 79 kt</span></div>
<div><span><b>Timestamp:</b></span><br/><span>2025-08-26 10:14:54 UTC<br/>2025-08-26 10:14:56 UTC</span></div>
</div>]]></description>
      </Placemark>
      <Placemark>
        <Style>
          <LineStyle>
            <color>ffccff00</color>
            <width>2</width>
          </LineStyle>
        </Style>
        <MultiGeometry>
          <LineString>
            <tessellate>1</tessellate>
            <altitudeMode>absolute</altitudeMode>
            <coordinates>-112.115364,33.484699,495.3 -112.115257,33.485489,495.3</coordinates>
          </LineString>
        </MultiGeometry>
        <name>P-184</name>
        <description><![CDATA[<div><div><span><b>Altitude:</b></span> <span>1,625 ft</span></div>
<div><span><b>Speed:</b></span> <span>79 kt - 77 kt</span></div>
<div><span><b>Timestamp:</b></span><br/><span>2025-08-26 10:14:56 UTC<br/>2025-08-26 10:14:59 UTC</span></div>
</div>]]></description>
      </Placemark>
      <Placemark>
        <Style>
          <LineStyle>
            <color>ffccff00</color>
            <width>2</width>
          </LineStyle>
        </Style>
        <MultiGeometry>
          <LineString>
            <tessellate>1</tessellate>
            <altitudeMode>absolute</altitudeMode>
            <coordinates>-112.115257,33.485489,495.3 -112.115257,33.486145,502.92</coordinates>
          </LineString>
        </MultiGeometry>
        <name>P-185</name>
        <description><![CDATA[<div><div><span><b>Altitude:</b></span> <span>1,625 ft - 1,650 ft</span></div>
<div><span><b>Speed:</b></span> <span>77 kt - 73 kt</span></div>
<div><span><b>Timestamp:</b></span><br/><span>2025-08-26 10:14:59 UTC<br/>2025-08-26 10:15:01 UTC</span></div>
</div>]]></description>
      </Placemark>
      <Placemark>
        <Style>
          <LineStyle>
            <color>ffccff00</color>
            <width>2</width>
          </LineStyle>
        </Style>
        <MultiGeometry>
          <LineString>
            <tessellate>1</tessellate>
            <altitudeMode>absolute</altitudeMode>
            <coordinates>-112.115257,33.486145,502.92 -112.115196,33.48698,502.92</coordinates>
          </LineString>
        </MultiGeometry>
        <name>P-186</name>
        <description><![CDATA[<div><div><span><b>Altitude:</b></span> <span>1,650 ft</span></div>
<div><span><b>Speed:</b></span> <span>73 kt - 70 kt</span></div>
<div><span><b>Timestamp:</b></span><br/><span>2025-08-26 10:15:01 UTC<br/>2025-08-26 10:15:03 UTC</span></div>
</div>]]></description>
      </Placemark>
      <Placemark>
        <Style>
          <LineStyle>
            <color>ffccff00</color>
            <width>2</width>
          </LineStyle>
        </Style>
        <MultiGeometry>
          <LineString>
            <tessellate>1</tessellate>
            <altitudeMode>absolute</altitudeMode>
            <coordinates>-112.115196,33.48698,502.92 -112.115143,33.48782,510.54</coordinates>
          </LineString>
        </MultiGeometry>
        <name>P-187</name>
        <description><![CDATA[<div><div><span><b>Altitude:</b></span> <span>1,650 ft - 1,675 ft</span></div>
<div><span><b>Speed:</b></span> <span>70 kt - 67 kt</span></div>
<div><span><b>Timestamp:</b></span><br/><span>2025-08-26 10:15:03 UTC<br/>2025-08-26 10:15:05 UTC</span></div>
</div>]]></description>
      </Placemark>
      <Placemark>
        <Style>
          <LineStyle>
            <color>ffccff00</color>
            <width>2</width>
          </LineStyle>
        </Style>
        <MultiGeometry>
          <LineString>
            <tessellate>1</tessellate>
            <altitudeMode>absolute</altitudeMode>
            <coordinates>-112.115143,33.48782,510.54 -112.115089,33.488377,510.54</coordinates>
          </LineString>
        </MultiGeometry>
        <name>P-188</name>
        <description><![CDATA[<div><div><span><b>Altitude:</b></span> <span>1,675 ft</span></div>
<div><span><b>Speed:</b></span> <span>67 kt - 64 kt</span></div>
<div><span><b>Timestamp:</b></span><br/><span>2025-08-26 10:15:05 UTC<br/>2025-08-26 10:15:08 UTC</span></div>
</div>]]></description>
      </Placemark>
      <Placemark>
        <Style>
          <LineStyle>
            <color>ffccff00</color>
            <width>2</width>
          </LineStyle>
        </Style>
        <MultiGeometry>
          <LineString>
            <tessellate>1</tessellate>
            <altitudeMode>absolute</altitudeMode>
            <coordinates>-112.115089,33.488377,510.54 -112.115036,33.489029,510.54</coordinates>
          </LineString>
        </MultiGeometry>
        <name>P-189</name>
        <description><![CDATA[<div><div><span><b>Altitude:</b></span> <span>1,675 ft</span></div>
<div><span><b>Speed:</b></span> <span>64 kt - 63 kt</span></div>
<div><span><b>Timestamp:</b></span><br/><span>2025-08-26 10:15:08 UTC<br/>2025-08-26 10:15:10 UTC</span></div>
</div>]]></description>
      </Placemark>
      <Placemark>
        <Style>
          <LineStyle>
            <color>ffccff00</color>
            <width>2</width>
          </LineStyle>
        </Style>
        <MultiGeometry>
          <LineString>
            <tessellate>1</tessellate>
            <altitudeMode>absolute</altitudeMode>
            <coordinates>-112.115036,33.489029,510.54 -112.115036,33.489624,510.54</coordinates>
          </LineString>
        </MultiGeometry>
        <name>P-190</name>
        <description><![CDATA[<div><div><span><b>Altitude:</b></span> <span>1,675 ft</span></div>
<div><span><b>Speed:</b></span> <span>63 kt - 61 kt</span></div>
<div><span><b>Timestamp:</b></span><br/><span>2025-08-26 10:15:10 UTC<br/>2025-08-26 10:15:12 UTC</span></div>
</div>]]></description>
      </Placemark>
      <Placemark>
        <Style>
          <LineStyle>
            <color>ffccff00</color>
            <width>2</width>
          </LineStyle>
        </Style>
        <MultiGeometry>
          <LineString>
            <tessellate>1</tessellate>
            <altitudeMode>absolute</altitudeMode>
            <coordinates>-112.115036,33.489624,510.54 -112.114983,33.490402,510.54</coordinates>
          </LineString>
        </MultiGeometry>
        <name>P-191</name>
        <description><![CDATA[<div><div><span><b>Altitude:</b></span> <span>1,675 ft</span></div>
<div><span><b>Speed:</b></span> <span>61 kt - 59 kt</span></div>
<div><span><b>Timestamp:</b></span><br/><span>2025-08-26 10:15:12 UTC<br/>2025-08-26 10:15:14 UTC</span></div>
</div>]]></description>
      </Placemark>
      <Placemark>
        <Style>
          <LineStyle>
            <color>ffccff00</color>
            <width>2</width>
          </LineStyle>
        </Style>
        <MultiGeometry>
          <LineString>
            <tessellate>1</tessellate>
            <altitudeMode>absolute</altitudeMode>
            <coordinates>-112.114983,33.490402,510.54 -112.114975,33.491032,518.16</coordinates>
          </LineString>
        </MultiGeometry>
        <name>P-192</name>
        <description><![CDATA[<div><div><span><b>Altitude:</b></span> <span>1,675 ft - 1,700 ft</span></div>
<div><span><b>Speed:</b></span> <span>59 kt - 57 kt</span></div>
<div><span><b>Timestamp:</b></span><br/><span>2025-08-26 10:15:14 UTC<br/>2025-08-26 10:15:17 UTC</span></div>
</div>]]></description>
      </Placemark>
      <Placemark>
        <Style>
          <LineStyle>
            <color>ffccff00</color>
            <width>2</width>
          </LineStyle>
        </Style>
        <MultiGeometry>
          <LineString>
            <tessellate>1</tessellate>
            <altitudeMode>absolute</altitudeMode>
            <coordinates>-112.114975,33.491032,518.16 -112.114922,33.491543,518.16</coordinates>
          </LineString>
        </MultiGeometry>
        <name>P-193</name>
        <description><![CDATA[<div><div><span><b>Altitude:</b></span> <span>1,700 ft</span></div>
<div><span><b>Speed:</b></span> <span>57 kt - 55 kt</span></div>
<div><span><b>Timestamp:</b></span><br/><span>2025-08-26 10:15:17 UTC<br/>2025-08-26 10:15:19 UTC</span></div>
</div>]]></description>
      </Placemark>
      <Placemark>
        <Style>
          <LineStyle>
            <color>ffccff00</color>
            <width>2</width>
          </LineStyle>
        </Style>
        <MultiGeometry>
          <LineString>
            <tessellate>1</tessellate>
            <altitudeMode>absolute</altitudeMode>
            <coordinates>-112.114922,33.491543,518.16 -112.114922,33.492241,518.16</coordinates>
          </LineString>
        </MultiGeometry>
        <name>P-194</name>
        <description><![CDATA[<div><div><span><b>Altitude:</b></span> <span>1,700 ft</span></div>
<div><span><b>Speed:</b></span> <span>55 kt</span></div>
<div><span><b>Timestamp:</b></span><br/><span>2025-08-26 10:15:19 UTC<br/>2025-08-26 10:15:21 UTC</span></div>
</div>]]></description>
      </Placemark>
      <Placemark>
        <Style>
          <LineStyle>
            <color>ffccff00</color>
            <width>2</width>
          </LineStyle>
        </Style>
        <MultiGeometry>
          <LineString>
            <tessellate>1</tessellate>
            <altitudeMode>absolute</altitudeMode>
            <coordinates>-112.114922,33.492241,518.16 -112.114761,33.49379,518.16</coordinates>
          </LineString>
        </MultiGeometry>
        <name>P-195</name>
        <description><![CDATA[<div><div><span><b>Altitude:</b></span> <span>1,700 ft</span></div>
<div><span><b>Speed:</b></span> <span>55 kt - 58 kt</span></div>
<div><span><b>Timestamp:</b></span><br/><span>2025-08-26 10:15:21 UTC<br/>2025-08-26 10:15:28 UTC</span></div>
</div>]]></description>
      </Placemark>
      <Placemark>
        <Style>
          <LineStyle>
            <color>ffccff00</color>
            <width>2</width>
          </LineStyle>
        </Style>
        <MultiGeometry>
          <LineString>
            <tessellate>1</tessellate>
            <altitudeMode>absolute</altitudeMode>
            <coordinates>-112.114761,33.49379,518.16 -112.114876,33.495026,510.54</coordinates>
          </LineString>
        </MultiGeometry>
        <name>P-196</name>
        <description><![CDATA[<div><div><span><b>Altitude:</b></span> <span>1,700 ft - 1,675 ft</span></div>
<div><span><b>Speed:</b></span> <span>58 kt - 61 kt</span></div>
<div><span><b>Timestamp:</b></span><br/><span>2025-08-26 10:15:28 UTC<br/>2025-08-26 10:15:32 UTC</span></div>
</div>]]></description>
      </Placemark>
      <Placemark>
        <Style>
          <LineStyle>
            <color>ffccff00</color>
            <width>2</width>
          </LineStyle>
        </Style>
        <MultiGeometry>
          <LineString>
            <tessellate>1</tessellate>
            <altitudeMode>absolute</altitudeMode>
            <coordinates>-112.114876,33.495026,510.54 -112.115372,33.495621,518.16</coordinates>
          </LineString>
        </MultiGeometry>
        <name>P-197</name>
        <description><![CDATA[<div><div><span><b>Altitude:</b></span> <span>1,675 ft - 1,700 ft</span></div>
<div><span><b>Speed:</b></span> <span>61 kt - 64 kt</span></div>
<div><span><b>Timestamp:</b></span><br/><span>2025-08-26 10:15:32 UTC<br/>2025-08-26 10:15:34 UTC</span></div>
</div>]]></description>
      </Placemark>
      <Placemark>
        <Style>
          <LineStyle>
            <color>ffccff00</color>
            <width>2</width>
          </LineStyle>
        </Style>
        <MultiGeometry>
          <LineString>
            <tessellate>1</tessellate>
            <altitudeMode>absolute</altitudeMode>
            <coordinates>-112.115372,33.495621,518.16 -112.115929,33.495964,518.16</coordinates>
          </LineString>
        </MultiGeometry>
        <name>P-198</name>
        <description><![CDATA[<div><div><span><b>Altitude:</b></span> <span>1,700 ft</span></div>
<div><span><b>Speed:</b></span> <span>64 kt - 68 kt</span></div>
<div><span><b>Timestamp:</b></span><br/><span>2025-08-26 10:15:34 UTC<br/>2025-08-26 10:15:36 UTC</span></div>
</div>]]></description>
      </Placemark>
      <Placemark>
        <Style>
          <LineStyle>
            <color>ffccff00</color>
            <width>2</width>
          </LineStyle>
        </Style>
        <MultiGeometry>
          <LineString>
            <tessellate>1</tessellate>
            <altitudeMode>absolute</altitudeMode>
            <coordinates>-112.115929,33.495964,518.16 -112.116798,33.496216,518.16</coordinates>
          </LineString>
        </MultiGeometry>
        <name>P-199</name>
        <description><![CDATA[<div><div><span><b>Altitude:</b></span> <span>1,700 ft</span></div>
<div><span><b>Speed:</b></span> <span>68 kt - 71 kt</span></div>
<div><span><b>Timestamp:</b></span><br/><span>2025-08-26 10:15:36 UTC<br/>2025-08-26 10:15:39 UTC</span></div>
</div>]]></description>
      </Placemark>
      <Placemark>
        <Style>
          <LineStyle>
            <color>ffccff00</color>
            <width>2</width>
          </LineStyle>
        </Style>
        <MultiGeometry>
          <LineString>
            <tessellate>1</tessellate>
            <altitudeMode>absolute</altitudeMode>
            <coordinates>-112.116798,33.496216,518.16 -112.117607,33.496338,518.16</coordinates>
          </LineString>
        </MultiGeometry>
        <name>P-200</name>
        <description><![CDATA[<div><div><span><b>Altitude:</b></span> <span>1,700 ft</span></div>
<div><span><b>Speed:</b></span> <span>71 kt - 74 kt</span></div>
<div><span><b>Timestamp:</b></span><br/><span>2025-08-26 10:15:39 UTC<br/>2025-08-26 10:15:41 UTC</span></div>
</div>]]></description>
      </Placemark>
      <Placemark>
        <Style>
          <LineStyle>
            <color>ffccff00</color>
            <width>2</width>
          </LineStyle>
        </Style>
        <MultiGeometry>
          <LineString>
            <tessellate>1</tessellate>
            <altitudeMode>absolute</altitudeMode>
            <coordinates>-112.117607,33.496338,518.16 -112.1185,33.49649,518.16</coordinates>
          </LineString>
        </MultiGeometry>
        <name>P-201</name>
        <description><![CDATA[<div><div><span><b>Altitude:</b></span> <span>1,700 ft</span></div>
<div><span><b>Speed:</b></span> <span>74 kt</span></div>
<div><span><b>Timestamp:</b></span><br/><span>2025-08-26 10:15:41 UTC<br/>2025-08-26 10:15:43 UTC</span></div>
</div>]]></description>
      </Placemark>
      <Placemark>
        <Style>
          <LineStyle>
            <color>ffccff00</color>
            <width>2</width>
          </LineStyle>
        </Style>
        <MultiGeometry>
          <LineString>
            <tessellate>1</tessellate>
            <altitudeMode>absolute</altitudeMode>
            <coordinates>-112.1185,33.49649,518.16 -112.119347,33.496571,518.16</coordinates>
          </LineString>
        </MultiGeometry>
        <name>P-202</name>
        <description><![CDATA[<div><div><span><b>Altitude:</b></span> <span>1,700 ft</span></div>
<div><span><b>Speed:</b></span> <span>74 kt - 73 kt</span></div>
<div><span><b>Timestamp:</b></span><br/><span>2025-08-26 10:15:43 UTC<br/>2025-08-26 10:15:45 UTC</span></div>
</div>]]></description>
      </Placemark>
      <Placemark>
        <Style>
          <LineStyle>
            <color>ffccff00</color>
            <width>2</width>
          </LineStyle>
        </Style>
        <MultiGeometry>
          <LineString>
            <tessellate>1</tessellate>
            <altitudeMode>absolute</altitudeMode>
            <coordinates>-112.119347,33.496571,518.16 -112.120071,33.496662,525.78</coordinates>
          </LineString>
        </MultiGeometry>
        <name>P-203</name>
        <description><![CDATA[<div><div><span><b>Altitude:</b></span> <span>1,700 ft - 1,725 ft</span></div>
<div><span><b>Speed:</b></span> <span>73 kt - 72 kt</span></div>
<div><span><b>Timestamp:</b></span><br/><span>2025-08-26 10:15:45 UTC<br/>2025-08-26 10:15:47 UTC</span></div>
</div>]]></description>
      </Placemark>
      <Placemark>
        <Style>
          <LineStyle>
            <color>ffccff00</color>
            <width>2</width>
          </LineStyle>
        </Style>
        <MultiGeometry>
          <LineString>
            <tessellate>1</tessellate>
            <altitudeMode>absolute</altitudeMode>
            <coordinates>-112.120071,33.496662,525.78 -112.121025,33.496765,525.78</coordinates>
          </LineString>
        </MultiGeometry>
        <name>P-204</name>
        <description><![CDATA[<div><div><span><b>Altitude:</b></span> <span>1,725 ft</span></div>
<div><span><b>Speed:</b></span> <span>72 kt - 71 kt</span></div>
<div><span><b>Timestamp:</b></span><br/><span>2025-08-26 10:15:47 UTC<br/>2025-08-26 10:15:49 UTC</span></div>
</div>]]></description>
      </Placemark>
      <Placemark>
        <Style>
          <LineStyle>
            <color>ffccff00</color>
            <width>2</width>
          </LineStyle>
        </Style>
        <MultiGeometry>
          <LineString>
            <tessellate>1</tessellate>
            <altitudeMode>absolute</altitudeMode>
            <coordinates>-112.121025,33.496765,525.78 -112.121925,33.496803,525.78</coordinates>
          </LineString>
        </MultiGeometry>
        <name>P-205</name>
        <description><![CDATA[<div><div><span><b>Altitude:</b></span> <span>1,725 ft</span></div>
<div><span><b>Speed:</b></span> <span>71 kt - 70 kt</span></div>
<div><span><b>Timestamp:</b></span><br/><span>2025-08-26 10:15:49 UTC<br/>2025-08-26 10:15:51 UTC</span></div>
</div>]]></description>
      </Placemark>
      <Placemark>
        <Style>
          <LineStyle>
            <color>ffccff00</color>
            <width>2</width>
          </LineStyle>
        </Style>
        <MultiGeometry>
          <LineString>
            <tessellate>1</tessellate>
            <altitudeMode>absolute</altitudeMode>
            <coordinates>-112.121925,33.496803,525.78 -112.122543,33.496849,525.78</coordinates>
          </LineString>
        </MultiGeometry>
        <name>P-206</name>
        <description><![CDATA[<div><div><span><b>Altitude:</b></span> <span>1,725 ft</span></div>
<div><span><b>Speed:</b></span> <span>70 kt</span></div>
<div><span><b>Timestamp:</b></span><br/><span>2025-08-26 10:15:51 UTC<br/>2025-08-26 10:15:54 UTC</span></div>
</div>]]></description>
      </Placemark>
      <Placemark>
        <Style>
          <LineStyle>
            <color>ffccff00</color>
            <width>2</width>
          </LineStyle>
        </Style>
        <MultiGeometry>
          <LineString>
            <tessellate>1</tessellate>
            <altitudeMode>absolute</altitudeMode>
            <coordinates>-112.122543,33.496849,525.78 -112.123497,33.496857,525.78</coordinates>
          </LineString>
        </MultiGeometry>
        <name>P-207</name>
        <description><![CDATA[<div><div><span><b>Altitude:</b></span> <span>1,725 ft</span></div>
<div><span><b>Speed:</b></span> <span>70 kt - 69 kt</span></div>
<div><span><b>Timestamp:</b></span><br/><span>2025-08-26 10:15:54 UTC<br/>2025-08-26 10:15:56 UTC</span></div>
</div>]]></description>
      </Placemark>
      <Placemark>
        <Style>
          <LineStyle>
            <color>ffccff00</color>
            <width>2</width>
          </LineStyle>
        </Style>
        <MultiGeometry>
          <LineString>
            <tessellate>1</tessellate>
            <altitudeMode>absolute</altitudeMode>
            <coordinates>-112.123497,33.496857,525.78 -112.124268,33.496902,525.78</coordinates>
          </LineString>
        </MultiGeometry>
        <name>P-208</name>
        <description><![CDATA[<div><div><span><b>Altitude:</b></span> <span>1,725 ft</span></div>
<div><span><b>Speed:</b></span> <span>69 kt</span></div>
<div><span><b>Timestamp:</b></span><br/><span>2025-08-26 10:15:56 UTC<br/>2025-08-26 10:15:58 UTC</span></div>
</div>]]></description>
      </Placemark>
      <Placemark>
        <Style>
          <LineStyle>
            <color>ffccff00</color>
            <width>2</width>
          </LineStyle>
        </Style>
        <MultiGeometry>
          <LineString>
            <tessellate>1</tessellate>
            <altitudeMode>absolute</altitudeMode>
            <coordinates>-112.124268,33.496902,525.78 -112.125259,33.496902,525.78</coordinates>
          </LineString>
        </MultiGeometry>
        <name>P-209</name>
        <description><![CDATA[<div><div><span><b>Altitude:</b></span> <span>1,725 ft</span></div>
<div><span><b>Speed:</b></span> <span>69 kt</span></div>
<div><span><b>Timestamp:</b></span><br/><span>2025-08-26 10:15:58 UTC<br/>2025-08-26 10:16:00 UTC</span></div>
</div>]]></description>
      </Placemark>
      <Placemark>
        <Style>
          <LineStyle>
            <color>ffccff00</color>
            <width>2</width>
          </LineStyle>
        </Style>
        <MultiGeometry>
          <LineString>
            <tessellate>1</tessellate>
            <altitudeMode>absolute</altitudeMode>
            <coordinates>-112.125259,33.496902,525.78 -112.126022,33.496902,525.78</coordinates>
          </LineString>
        </MultiGeometry>
        <name>P-210</name>
        <description><![CDATA[<div><div><span><b>Altitude:</b></span> <span>1,725 ft</span></div>
<div><span><b>Speed:</b></span> <span>69 kt</span></div>
<div><span><b>Timestamp:</b></span><br/><span>2025-08-26 10:16:00 UTC<br/>2025-08-26 10:16:02 UTC</span></div>
</div>]]></description>
      </Placemark>
      <Placemark>
        <Style>
          <LineStyle>
            <color>ffccff00</color>
            <width>2</width>
          </LineStyle>
        </Style>
        <MultiGeometry>
          <LineString>
            <tessellate>1</tessellate>
            <altitudeMode>absolute</altitudeMode>
            <coordinates>-112.126022,33.496902,525.78 -112.126793,33.496902,518.16</coordinates>
          </LineString>
        </MultiGeometry>
        <name>P-211</name>
        <description><![CDATA[<div><div><span><b>Altitude:</b></span> <span>1,725 ft - 1,700 ft</span></div>
<div><span><b>Speed:</b></span> <span>69 kt - 70 kt</span></div>
<div><span><b>Timestamp:</b></span><br/><span>2025-08-26 10:16:02 UTC<br/>2025-08-26 10:16:04 UTC</span></div>
</div>]]></description>
      </Placemark>
      <Placemark>
        <Style>
          <LineStyle>
            <color>ffccff00</color>
            <width>2</width>
          </LineStyle>
        </Style>
        <MultiGeometry>
          <LineString>
            <tessellate>1</tessellate>
            <altitudeMode>absolute</altitudeMode>
            <coordinates>-112.126793,33.496902,518.16 -112.12767,33.496902,518.16</coordinates>
          </LineString>
        </MultiGeometry>
        <name>P-212</name>
        <description><![CDATA[<div><div><span><b>Altitude:</b></span> <span>1,700 ft</span></div>
<div><span><b>Speed:</b></span> <span>70 kt</span></div>
<div><span><b>Timestamp:</b></span><br/><span>2025-08-26 10:16:04 UTC<br/>2025-08-26 10:16:06 UTC</span></div>
</div>]]></description>
      </Placemark>
      <Placemark>
        <Style>
          <LineStyle>
            <color>ffccff00</color>
            <width>2</width>
          </LineStyle>
        </Style>
        <MultiGeometry>
          <LineString>
            <tessellate>1</tessellate>
            <altitudeMode>absolute</altitudeMode>
            <coordinates>-112.12767,33.496902,518.16 -112.128334,33.496902,518.16</coordinates>
          </LineString>
        </MultiGeometry>
        <name>P-213</name>
        <description><![CDATA[<div><div><span><b>Altitude:</b></span> <span>1,700 ft</span></div>
<div><span><b>Speed:</b></span> <span>70 kt</span></div>
<div><span><b>Timestamp:</b></span><br/><span>2025-08-26 10:16:06 UTC<br/>2025-08-26 10:16:09 UTC</span></div>
</div>]]></description>
      </Placemark>
      <Placemark>
        <Style>
          <LineStyle>
            <color>ffccff00</color>
            <width>2</width>
          </LineStyle>
        </Style>
        <MultiGeometry>
          <LineString>
            <tessellate>1</tessellate>
            <altitudeMode>absolute</altitudeMode>
            <coordinates>-112.128334,33.496902,518.16 -112.129265,33.496895,518.16</coordinates>
          </LineString>
        </MultiGeometry>
        <name>P-214</name>
        <description><![CDATA[<div><div><span><b>Altitude:</b></span> <span>1,700 ft</span></div>
<div><span><b>Speed:</b></span> <span>70 kt - 68 kt</span></div>
<div><span><b>Timestamp:</b></span><br/><span>2025-08-26 10:16:09 UTC<br/>2025-08-26 10:16:11 UTC</span></div>
</div>]]></description>
      </Placemark>
      <Placemark>
        <Style>
          <LineStyle>
            <color>ffccff00</color>
            <width>2</width>
          </LineStyle>
        </Style>
        <MultiGeometry>
          <LineString>
            <tessellate>1</tessellate>
            <altitudeMode>absolute</altitudeMode>
            <coordinates>-112.129265,33.496895,518.16 -112.130142,33.496582,518.16</coordinates>
          </LineString>
        </MultiGeometry>
        <name>P-215</name>
        <description><![CDATA[<div><div><span><b>Altitude:</b></span> <span>1,700 ft</span></div>
<div><span><b>Speed:</b></span> <span>68 kt - 65 kt</span></div>
<div><span><b>Timestamp:</b></span><br/><span>2025-08-26 10:16:11 UTC<br/>2025-08-26 10:16:13 UTC</span></div>
</div>]]></description>
      </Placemark>
      <Placemark>
        <Style>
          <LineStyle>
            <color>ffccff00</color>
            <width>2</width>
          </LineStyle>
        </Style>
        <MultiGeometry>
          <LineString>
            <tessellate>1</tessellate>
            <altitudeMode>absolute</altitudeMode>
            <coordinates>-112.130142,33.496582,518.16 -112.130501,33.496105,518.16</coordinates>
          </LineString>
        </MultiGeometry>
        <name>P-216</name>
        <description><![CDATA[<div><div><span><b>Altitude:</b></span> <span>1,700 ft</span></div>
<div><span><b>Speed:</b></span> <span>65 kt</span></div>
<div><span><b>Timestamp:</b></span><br/><span>2025-08-26 10:16:13 UTC<br/>2025-08-26 10:16:15 UTC</span></div>
</div>]]></description>
      </Placemark>
      <Placemark>
        <Style>
          <LineStyle>
            <color>ffccff00</color>
            <width>2</width>
          </LineStyle>
        </Style>
        <MultiGeometry>
          <LineString>
            <tessellate>1</tessellate>
            <altitudeMode>absolute</altitudeMode>
            <coordinates>-112.130501,33.496105,518.16 -112.130417,33.495438,510.54</coordinates>
          </LineString>
        </MultiGeometry>
        <name>P-217</name>
        <description><![CDATA[<div><div><span><b>Altitude:</b></span> <span>1,700 ft - 1,675 ft</span></div>
<div><span><b>Speed:</b></span> <span>65 kt</span></div>
<div><span><b>Timestamp:</b></span><br/><span>2025-08-26 10:16:15 UTC<br/>2025-08-26 10:16:17 UTC</span></div>
</div>]]></description>
      </Placemark>
      <Placemark>
        <Style>
          <LineStyle>
            <color>ffccff00</color>
            <width>2</width>
          </LineStyle>
        </Style>
        <MultiGeometry>
          <LineString>
            <tessellate>1</tessellate>
            <altitudeMode>absolute</altitudeMode>
            <coordinates>-112.130417,33.495438,510.54 -112.129814,33.49498,510.54</coordinates>
          </LineString>
        </MultiGeometry>
        <name>P-218</name>
        <description><![CDATA[<div><div><span><b>Altitude:</b></span> <span>1,675 ft</span></div>
<div><span><b>Speed:</b></span> <span>65 kt - 64 kt</span></div>
<div><span><b>Timestamp:</b></span><br/><span>2025-08-26 10:16:17 UTC<br/>2025-08-26 10:16:20 UTC</span></div>
</div>]]></description>
      </Placemark>
      <Placemark>
        <Style>
          <LineStyle>
            <color>ffccff00</color>
            <width>2</width>
          </LineStyle>
        </Style>
        <MultiGeometry>
          <LineString>
            <tessellate>1</tessellate>
            <altitudeMode>absolute</altitudeMode>
            <coordinates>-112.129814,33.49498,510.54 -112.129105,33.49498,502.92</coordinates>
          </LineString>
        </MultiGeometry>
        <name>P-219</name>
        <description><![CDATA[<div><div><span><b>Altitude:</b></span> <span>1,675 ft - 1,650 ft</span></div>
<div><span><b>Speed:</b></span> <span>64 kt - 68 kt</span></div>
<div><span><b>Timestamp:</b></span><br/><span>2025-08-26 10:16:20 UTC<br/>2025-08-26 10:16:22 UTC</span></div>
</div>]]></description>
      </Placemark>
      <Placemark>
        <Style>
          <LineStyle>
            <color>ffccff00</color>
            <width>2</width>
          </LineStyle>
        </Style>
        <MultiGeometry>
          <LineString>
            <tessellate>1</tessellate>
            <altitudeMode>absolute</altitudeMode>
            <coordinates>-112.129105,33.49498,502.92 -112.128494,33.495163,495.3</coordinates>
          </LineString>
        </MultiGeometry>
        <name>P-220</name>
        <description><![CDATA[<div><div><span><b>Altitude:</b></span> <span>1,650 ft - 1,625 ft</span></div>
<div><span><b>Speed:</b></span> <span>68 kt - 74 kt</span></div>
<div><span><b>Timestamp:</b></span><br/><span>2025-08-26 10:16:22 UTC<br/>2025-08-26 10:16:24 UTC</span></div>
</div>]]></description>
      </Placemark>
      <Placemark>
        <Style>
          <LineStyle>
            <color>ffccff00</color>
            <width>2</width>
          </LineStyle>
        </Style>
        <MultiGeometry>
          <LineString>
            <tessellate>1</tessellate>
            <altitudeMode>absolute</altitudeMode>
            <coordinates>-112.128494,33.495163,495.3 -112.127892,33.49585,495.3</coordinates>
          </LineString>
        </MultiGeometry>
        <name>P-221</name>
        <description><![CDATA[<div><div><span><b>Altitude:</b></span> <span>1,625 ft</span></div>
<div><span><b>Speed:</b></span> <span>74 kt - 75 kt</span></div>
<div><span><b>Timestamp:</b></span><br/><span>2025-08-26 10:16:24 UTC<br/>2025-08-26 10:16:26 UTC</span></div>
</div>]]></description>
      </Placemark>
      <Placemark>
        <Style>
          <LineStyle>
            <color>ffccff00</color>
            <width>2</width>
          </LineStyle>
        </Style>
        <MultiGeometry>
          <LineString>
            <tessellate>1</tessellate>
            <altitudeMode>absolute</altitudeMode>
            <coordinates>-112.127892,33.49585,495.3 -112.127838,33.496582,495.3</coordinates>
          </LineString>
        </MultiGeometry>
        <name>P-222</name>
        <description><![CDATA[<div><div><span><b>Altitude:</b></span> <span>1,625 ft</span></div>
<div><span><b>Speed:</b></span> <span>75 kt - 77 kt</span></div>
<div><span><b>Timestamp:</b></span><br/><span>2025-08-26 10:16:26 UTC<br/>2025-08-26 10:16:28 UTC</span></div>
</div>]]></description>
      </Placemark>
      <Placemark>
        <Style>
          <LineStyle>
            <color>ffccff00</color>
            <width>2</width>
          </LineStyle>
        </Style>
        <MultiGeometry>
          <LineString>
            <tessellate>1</tessellate>
            <altitudeMode>absolute</altitudeMode>
            <coordinates>-112.127838,33.496582,495.3 -112.12822,33.49736,495.3</coordinates>
          </LineString>
        </MultiGeometry>
        <name>P-223</name>
        <description><![CDATA[<div><div><span><b>Altitude:</b></span> <span>1,625 ft</span></div>
<div><span><b>Speed:</b></span> <span>77 kt</span></div>
<div><span><b>Timestamp:</b></span><br/><span>2025-08-26 10:16:28 UTC<br/>2025-08-26 10:16:30 UTC</span></div>
</div>]]></description>
      </Placemark>
      <Placemark>
        <Style>
          <LineStyle>
            <color>ffccff00</color>
            <width>2</width>
          </LineStyle>
        </Style>
        <MultiGeometry>
          <LineString>
            <tessellate>1</tessellate>
            <altitudeMode>absolute</altitudeMode>
            <coordinates>-112.12822,33.49736,495.3 -112.128929,33.497921,502.92</coordinates>
          </LineString>
        </MultiGeometry>
        <name>P-224</name>
        <description><![CDATA[<div><div><span><b>Altitude:</b></span> <span>1,625 ft - 1,650 ft</span></div>
<div><span><b>Speed:</b></span> <span>77 kt - 75 kt</span></div>
<div><span><b>Timestamp:</b></span><br/><span>2025-08-26 10:16:30 UTC<br/>2025-08-26 10:16:33 UTC</span></div>
</div>]]></description>
      </Placemark>
      <Placemark>
        <Style>
          <LineStyle>
            <color>ffccff00</color>
            <width>2</width>
          </LineStyle>
        </Style>
        <MultiGeometry>
          <LineString>
            <tessellate>1</tessellate>
            <altitudeMode>absolute</altitudeMode>
            <coordinates>-112.128929,33.497921,502.92 -112.129868,33.498138,502.92</coordinates>
          </LineString>
        </MultiGeometry>
        <name>P-225</name>
        <description><![CDATA[<div><div><span><b>Altitude:</b></span> <span>1,650 ft</span></div>
<div><span><b>Speed:</b></span> <span>75 kt - 72 kt</span></div>
<div><span><b>Timestamp:</b></span><br/><span>2025-08-26 10:16:33 UTC<br/>2025-08-26 10:16:35 UTC</span></div>
</div>]]></description>
      </Placemark>
      <Placemark>
        <Style>
          <LineStyle>
            <color>ffccff00</color>
            <width>2</width>
          </LineStyle>
        </Style>
        <MultiGeometry>
          <LineString>
            <tessellate>1</tessellate>
            <altitudeMode>absolute</altitudeMode>
            <coordinates>-112.129868,33.498138,502.92 -112.130638,33.497864,510.54</coordinates>
          </LineString>
        </MultiGeometry>
        <name>P-226</name>
        <description><![CDATA[<div><div><span><b>Altitude:</b></span> <span>1,650 ft - 1,675 ft</span></div>
<div><span><b>Speed:</b></span> <span>72 kt - 62 kt</span></div>
<div><span><b>Timestamp:</b></span><br/><span>2025-08-26 10:16:35 UTC<br/>2025-08-26 10:16:37 UTC</span></div>
</div>]]></description>
      </Placemark>
      <Placemark>
        <Style>
          <LineStyle>
            <color>ffccff00</color>
            <width>2</width>
          </LineStyle>
        </Style>
        <MultiGeometry>
          <LineString>
            <tessellate>1</tessellate>
            <altitudeMode>absolute</altitudeMode>
            <coordinates>-112.130638,33.497864,510.54 -112.130806,33.497406,510.54</coordinates>
          </LineString>
        </MultiGeometry>
        <name>P-227</name>
        <description><![CDATA[<div><div><span><b>Altitude:</b></span> <span>1,675 ft</span></div>
<div><span><b>Speed:</b></span> <span>62 kt - 57 kt</span></div>
<div><span><b>Timestamp:</b></span><br/><span>2025-08-26 10:16:37 UTC<br/>2025-08-26 10:16:40 UTC</span></div>
</div>]]></description>
      </Placemark>
      <Placemark>
        <Style>
          <LineStyle>
            <color>ffccff00</color>
            <width>2</width>
          </LineStyle>
        </Style>
        <MultiGeometry>
          <LineString>
            <tessellate>1</tessellate>
            <altitudeMode>absolute</altitudeMode>
            <coordinates>-112.130806,33.497406,510.54 -112.130531,33.496902,502.92</coordinates>
          </LineString>
        </MultiGeometry>
        <name>P-228</name>
        <description><![CDATA[<div><div><span><b>Altitude:</b></span> <span>1,675 ft - 1,650 ft</span></div>
<div><span><b>Speed:</b></span> <span>57 kt</span></div>
<div><span><b>Timestamp:</b></span><br/><span>2025-08-26 10:16:40 UTC<br/>2025-08-26 10:16:42 UTC</span></div>
</div>]]></description>
      </Placemark>
      <Placemark>
        <Style>
          <LineStyle>
            <color>ffccff00</color>
            <width>2</width>
          </LineStyle>
        </Style>
        <MultiGeometry>
          <LineString>
            <tessellate>1</tessellate>
            <altitudeMode>absolute</altitudeMode>
            <coordinates>-112.130531,33.496902,502.92 -112.129761,33.496719,495.3</coordinates>
          </LineString>
        </MultiGeometry>
        <name>P-229</name>
        <description><![CDATA[<div><div><span><b>Altitude:</b></span> <span>1,650 ft - 1,625 ft</span></div>
<div><span><b>Speed:</b></span> <span>57 kt - 63 kt</span></div>
<div><span><b>Timestamp:</b></span><br/><span>2025-08-26 10:16:42 UTC<br/>2025-08-26 10:16:44 UTC</span></div>
</div>]]></description>
      </Placemark>
      <Placemark>
        <Style>
          <LineStyle>
            <color>ffccff00</color>
            <width>2</width>
          </LineStyle>
        </Style>
        <MultiGeometry>
          <LineString>
            <tessellate>1</tessellate>
            <altitudeMode>absolute</altitudeMode>
            <coordinates>-112.129761,33.496719,495.3 -112.128937,33.496994,495.3</coordinates>
          </LineString>
        </MultiGeometry>
        <name>P-230</name>
        <description><![CDATA[<div><div><span><b>Altitude:</b></span> <span>1,625 ft</span></div>
<div><span><b>Speed:</b></span> <span>63 kt - 66 kt</span></div>
<div><span><b>Timestamp:</b></span><br/><span>2025-08-26 10:16:44 UTC<br/>2025-08-26 10:16:46 UTC</span></div>
</div>]]></description>
      </Placemark>
      <Placemark>
        <Style>
          <LineStyle>
            <color>ffccff00</color>
            <width>2</width>
          </LineStyle>
        </Style>
        <MultiGeometry>
          <LineString>
            <tessellate>1</tessellate>
            <altitudeMode>absolute</altitudeMode>
            <coordinates>-112.128937,33.496994,495.3 -112.128441,33.497452,495.3</coordinates>
          </LineString>
        </MultiGeometry>
        <name>P-231</name>
        <description><![CDATA[<div><div><span><b>Altitude:</b></span> <span>1,625 ft</span></div>
<div><span><b>Speed:</b></span> <span>66 kt - 65 kt</span></div>
<div><span><b>Timestamp:</b></span><br/><span>2025-08-26 10:16:46 UTC<br/>2025-08-26 10:16:48 UTC</span></div>
</div>]]></description>
      </Placemark>
      <Placemark>
        <Style>
          <LineStyle>
            <color>ffccff00</color>
            <width>2</width>
          </LineStyle>
        </Style>
        <MultiGeometry>
          <LineString>
            <tessellate>1</tessellate>
            <altitudeMode>absolute</altitudeMode>
            <coordinates>-112.128441,33.497452,495.3 -112.128334,33.49823,502.92</coordinates>
          </LineString>
        </MultiGeometry>
        <name>P-232</name>
        <description><![CDATA[<div><div><span><b>Altitude:</b></span> <span>1,625 ft - 1,650 ft</span></div>
<div><span><b>Speed:</b></span> <span>65 kt - 62 kt</span></div>
<div><span><b>Timestamp:</b></span><br/><span>2025-08-26 10:16:48 UTC<br/>2025-08-26 10:16:51 UTC</span></div>
</div>]]></description>
      </Placemark>
      <Placemark>
        <Style>
          <LineStyle>
            <color>ffccff00</color>
            <width>2</width>
          </LineStyle>
        </Style>
        <MultiGeometry>
          <LineString>
            <tessellate>1</tessellate>
            <altitudeMode>absolute</altitudeMode>
            <coordinates>-112.128334,33.49823,502.92 -112.128876,33.498806,502.92</coordinates>
          </LineString>
        </MultiGeometry>
        <name>P-233</name>
        <description><![CDATA[<div><div><span><b>Altitude:</b></span> <span>1,650 ft</span></div>
<div><span><b>Speed:</b></span> <span>62 kt - 60 kt</span></div>
<div><span><b>Timestamp:</b></span><br/><span>2025-08-26 10:16:51 UTC<br/>2025-08-26 10:16:53 UTC</span></div>
</div>]]></description>
      </Placemark>
      <Placemark>
        <Style>
          <LineStyle>
            <color>ffccff00</color>
            <width>2</width>
          </LineStyle>
        </Style>
        <MultiGeometry>
          <LineString>
            <tessellate>1</tessellate>
            <altitudeMode>absolute</altitudeMode>
            <coordinates>-112.128876,33.498806,502.92 -112.129539,33.498825,502.92</coordinates>
          </LineString>
        </MultiGeometry>
        <name>P-234</name>
        <description><![CDATA[<div><div><span><b>Altitude:</b></span> <span>1,650 ft</span></div>
<div><span><b>Speed:</b></span> <span>60 kt - 57 kt</span></div>
<div><span><b>Timestamp:</b></span><br/><span>2025-08-26 10:16:53 UTC<br/>2025-08-26 10:16:56 UTC</span></div>
</div>]]></description>
      </Placemark>
      <Placemark>
        <Style>
          <LineStyle>
            <color>ffccff00</color>
            <width>2</width>
          </LineStyle>
        </Style>
        <MultiGeometry>
          <LineString>
            <tessellate>1</tessellate>
            <altitudeMode>absolute</altitudeMode>
            <coordinates>-112.129539,33.498825,502.92 -112.130051,33.498337,502.92</coordinates>
          </LineString>
        </MultiGeometry>
        <name>P-235</name>
        <description><![CDATA[<div><div><span><b>Altitude:</b></span> <span>1,650 ft</span></div>
<div><span><b>Speed:</b></span> <span>57 kt - 58 kt</span></div>
<div><span><b>Timestamp:</b></span><br/><span>2025-08-26 10:16:56 UTC<br/>2025-08-26 10:16:58 UTC</span></div>
</div>]]></description>
      </Placemark>
      <Placemark>
        <Style>
          <LineStyle>
            <color>ffccff00</color>
            <width>2</width>
          </LineStyle>
        </Style>
        <MultiGeometry>
          <LineString>
            <tessellate>1</tessellate>
            <altitudeMode>absolute</altitudeMode>
            <coordinates>-112.130051,33.498337,502.92 -112.130112,33.497734,495.3</coordinates>
          </LineString>
        </MultiGeometry>
        <name>P-236</name>
        <description><![CDATA[<div><div><span><b>Altitude:</b></span> <span>1,650 ft - 1,625 ft</span></div>
<div><span><b>Speed:</b></span> <span>58 kt - 65 kt</span></div>
<div><span><b>Timestamp:</b></span><br/><span>2025-08-26 10:16:58 UTC<br/>2025-08-26 10:17:00 UTC</span></div>
</div>]]></description>
      </Placemark>
      <Placemark>
        <Style>
          <LineStyle>
            <color>ffccff00</color>
            <width>2</width>
          </LineStyle>
        </Style>
        <MultiGeometry>
          <LineString>
            <tessellate>1</tessellate>
            <altitudeMode>absolute</altitudeMode>
            <coordinates>-112.130112,33.497734,495.3 -112.129829,33.497082,487.68</coordinates>
          </LineString>
        </MultiGeometry>
        <name>P-237</name>
        <description><![CDATA[<div><div><span><b>Altitude:</b></span> <span>1,625 ft - 1,600 ft</span></div>
<div><span><b>Speed:</b></span> <span>65 kt - 69 kt</span></div>
<div><span><b>Timestamp:</b></span><br/><span>2025-08-26 10:17:00 UTC<br/>2025-08-26 10:17:02 UTC</span></div>
</div>]]></description>
      </Placemark>
      <Placemark>
        <Style>
          <LineStyle>
            <color>ffccff00</color>
            <width>2</width>
          </LineStyle>
        </Style>
        <MultiGeometry>
          <LineString>
            <tessellate>1</tessellate>
            <altitudeMode>absolute</altitudeMode>
            <coordinates>-112.129829,33.497082,487.68 -112.129326,33.496525,487.68</coordinates>
          </LineString>
        </MultiGeometry>
        <name>P-238</name>
        <description><![CDATA[<div><div><span><b>Altitude:</b></span> <span>1,600 ft</span></div>
<div><span><b>Speed:</b></span> <span>69 kt - 68 kt</span></div>
<div><span><b>Timestamp:</b></span><br/><span>2025-08-26 10:17:02 UTC<br/>2025-08-26 10:17:05 UTC</span></div>
</div>]]></description>
      </Placemark>
      <Placemark>
        <Style>
          <LineStyle>
            <color>ffccff00</color>
            <width>2</width>
          </LineStyle>
        </Style>
        <MultiGeometry>
          <LineString>
            <tessellate>1</tessellate>
            <altitudeMode>absolute</altitudeMode>
            <coordinates>-112.129326,33.496525,487.68 -112.128609,33.496262,495.3</coordinates>
          </LineString>
        </MultiGeometry>
        <name>P-239</name>
        <description><![CDATA[<div><div><span><b>Altitude:</b></span> <span>1,600 ft - 1,625 ft</span></div>
<div><span><b>Speed:</b></span> <span>68 kt - 63 kt</span></div>
<div><span><b>Timestamp:</b></span><br/><span>2025-08-26 10:17:05 UTC<br/>2025-08-26 10:17:07 UTC</span></div>
</div>]]></description>
      </Placemark>
      <Placemark>
        <Style>
          <LineStyle>
            <color>ffccff00</color>
            <width>2</width>
          </LineStyle>
        </Style>
        <MultiGeometry>
          <LineString>
            <tessellate>1</tessellate>
            <altitudeMode>absolute</altitudeMode>
            <coordinates>-112.128609,33.496262,495.3 -112.127892,33.496445,502.92</coordinates>
          </LineString>
        </MultiGeometry>
        <name>P-240</name>
        <description><![CDATA[<div><div><span><b>Altitude:</b></span> <span>1,625 ft - 1,650 ft</span></div>
<div><span><b>Speed:</b></span> <span>63 kt - 55 kt</span></div>
<div><span><b>Timestamp:</b></span><br/><span>2025-08-26 10:17:07 UTC<br/>2025-08-26 10:17:09 UTC</span></div>
</div>]]></description>
      </Placemark>
      <Placemark>
        <Style>
          <LineStyle>
            <color>ffccff00</color>
            <width>2</width>
          </LineStyle>
        </Style>
        <MultiGeometry>
          <LineString>
            <tessellate>1</tessellate>
            <altitudeMode>absolute</altitudeMode>
            <coordinates>-112.127892,33.496445,502.92 -112.127731,33.49704,510.54</coordinates>
          </LineString>
        </MultiGeometry>
        <name>P-241</name>
        <description><![CDATA[<div><div><span><b>Altitude:</b></span> <span>1,650 ft - 1,675 ft</span></div>
<div><span><b>Speed:</b></span> <span>55 kt - 54 kt</span></div>
<div><span><b>Timestamp:</b></span><br/><span>2025-08-26 10:17:09 UTC<br/>2025-08-26 10:17:11 UTC</span></div>
</div>]]></description>
      </Placemark>
      <Placemark>
        <Style>
          <LineStyle>
            <color>ffccff00</color>
            <width>2</width>
          </LineStyle>
        </Style>
        <MultiGeometry>
          <LineString>
            <tessellate>1</tessellate>
            <altitudeMode>absolute</altitudeMode>
            <coordinates>-112.127731,33.49704,510.54 -112.128311,33.497501,502.92</coordinates>
          </LineString>
        </MultiGeometry>
        <name>P-242</name>
        <description><![CDATA[<div><div><span><b>Altitude:</b></span> <span>1,675 ft - 1,650 ft</span></div>
<div><span><b>Speed:</b></span> <span>54 kt - 62 kt</span></div>
<div><span><b>Timestamp:</b></span><br/><span>2025-08-26 10:17:11 UTC<br/>2025-08-26 10:17:14 UTC</span></div>
</div>]]></description>
      </Placemark>
      <Placemark>
        <Style>
          <LineStyle>
            <color>ffccff00</color>
            <width>2</width>
          </LineStyle>
        </Style>
        <MultiGeometry>
          <LineString>
            <tessellate>1</tessellate>
            <altitudeMode>absolute</altitudeMode>
            <coordinates>-112.128311,33.497501,502.92 -112.129097,33.497593,495.3</coordinates>
          </LineString>
        </MultiGeometry>
        <name>P-243</name>
        <description><![CDATA[<div><div><span><b>Altitude:</b></span> <span>1,650 ft - 1,625 ft</span></div>
<div><span><b>Speed:</b></span> <span>62 kt - 65 kt</span></div>
<div><span><b>Timestamp:</b></span><br/><span>2025-08-26 10:17:14 UTC<br/>2025-08-26 10:17:16 UTC</span></div>
</div>]]></description>
      </Placemark>
      <Placemark>
        <Style>
          <LineStyle>
            <color>ffccff00</color>
            <width>2</width>
          </LineStyle>
        </Style>
        <MultiGeometry>
          <LineString>
            <tessellate>1</tessellate>
            <altitudeMode>absolute</altitudeMode>
            <coordinates>-112.129097,33.497593,495.3 -112.129654,33.49736,495.3</coordinates>
          </LineString>
        </MultiGeometry>
        <name>P-244</name>
        <description><![CDATA[<div><div><span><b>Altitude:</b></span> <span>1,625 ft</span></div>
<div><span><b>Speed:</b></span> <span>65 kt - 67 kt</span></div>
<div><span><b>Timestamp:</b></span><br/><span>2025-08-26 10:17:16 UTC<br/>2025-08-26 10:17:18 UTC</span></div>
</div>]]></description>
      </Placemark>
      <Placemark>
        <Style>
          <LineStyle>
            <color>ffccff00</color>
            <width>2</width>
          </LineStyle>
        </Style>
        <MultiGeometry>
          <LineString>
            <tessellate>1</tessellate>
            <altitudeMode>absolute</altitudeMode>
            <coordinates>-112.129654,33.49736,495.3 -112.130203,33.496765,495.3</coordinates>
          </LineString>
        </MultiGeometry>
        <name>P-245</name>
        <description><![CDATA[<div><div><span><b>Altitude:</b></span> <span>1,625 ft</span></div>
<div><span><b>Speed:</b></span> <span>67 kt - 70 kt</span></div>
<div><span><b>Timestamp:</b></span><br/><span>2025-08-26 10:17:18 UTC<br/>2025-08-26 10:17:20 UTC</span></div>
</div>]]></description>
      </Placemark>
      <Placemark>
        <Style>
          <LineStyle>
            <color>ffccff00</color>
            <width>2</width>
          </LineStyle>
        </Style>
        <MultiGeometry>
          <LineString>
            <tessellate>1</tessellate>
            <altitudeMode>absolute</altitudeMode>
            <coordinates>-112.130203,33.496765,495.3 -112.130554,33.495964,495.3</coordinates>
          </LineString>
        </MultiGeometry>
        <name>P-246</name>
        <description><![CDATA[<div><div><span><b>Altitude:</b></span> <span>1,625 ft</span></div>
<div><span><b>Speed:</b></span> <span>70 kt - 73 kt</span></div>
<div><span><b>Timestamp:</b></span><br/><span>2025-08-26 10:17:20 UTC<br/>2025-08-26 10:17:23 UTC</span></div>
</div>]]></description>
      </Placemark>
      <Placemark>
        <Style>
          <LineStyle>
            <color>ffccff00</color>
            <width>2</width>
          </LineStyle>
        </Style>
        <MultiGeometry>
          <LineString>
            <tessellate>1</tessellate>
            <altitudeMode>absolute</altitudeMode>
            <coordinates>-112.130554,33.495964,495.3 -112.130615,33.495266,495.3</coordinates>
          </LineString>
        </MultiGeometry>
        <name>P-247</name>
        <description><![CDATA[<div><div><span><b>Altitude:</b></span> <span>1,625 ft</span></div>
<div><span><b>Speed:</b></span> <span>73 kt - 74 kt</span></div>
<div><span><b>Timestamp:</b></span><br/><span>2025-08-26 10:17:23 UTC<br/>2025-08-26 10:17:25 UTC</span></div>
</div>]]></description>
      </Placemark>
      <Placemark>
        <Style>
          <LineStyle>
            <color>ffccff00</color>
            <width>2</width>
          </LineStyle>
        </Style>
        <MultiGeometry>
          <LineString>
            <tessellate>1</tessellate>
            <altitudeMode>absolute</altitudeMode>
            <coordinates>-112.130615,33.495266,495.3 -112.130478,33.494659,502.92</coordinates>
          </LineString>
        </MultiGeometry>
        <name>P-248</name>
        <description><![CDATA[<div><div><span><b>Altitude:</b></span> <span>1,625 ft - 1,650 ft</span></div>
<div><span><b>Speed:</b></span> <span>74 kt</span></div>
<div><span><b>Timestamp:</b></span><br/><span>2025-08-26 10:17:25 UTC<br/>2025-08-26 10:17:27 UTC</span></div>
</div>]]></description>
      </Placemark>
      <Placemark>
        <Style>
          <LineStyle>
            <color>ffccff00</color>
            <width>2</width>
          </LineStyle>
        </Style>
        <MultiGeometry>
          <LineString>
            <tessellate>1</tessellate>
            <altitudeMode>absolute</altitudeMode>
            <coordinates>-112.130478,33.494659,502.92 -112.129814,33.493927,502.92</coordinates>
          </LineString>
        </MultiGeometry>
        <name>P-249</name>
        <description><![CDATA[<div><div><span><b>Altitude:</b></span> <span>1,650 ft</span></div>
<div><span><b>Speed:</b></span> <span>74 kt - 69 kt</span></div>
<div><span><b>Timestamp:</b></span><br/><span>2025-08-26 10:17:27 UTC<br/>2025-08-26 10:17:29 UTC</span></div>
</div>]]></description>
      </Placemark>
      <Placemark>
        <Style>
          <LineStyle>
            <color>ffccff00</color>
            <width>2</width>
          </LineStyle>
        </Style>
        <MultiGeometry>
          <LineString>
            <tessellate>1</tessellate>
            <altitudeMode>absolute</altitudeMode>
            <coordinates>-112.129814,33.493927,502.92 -112.129211,33.493835,502.92</coordinates>
          </LineString>
        </MultiGeometry>
        <name>P-250</name>
        <description><![CDATA[<div><div><span><b>Altitude:</b></span> <span>1,650 ft</span></div>
<div><span><b>Speed:</b></span> <span>69 kt - 66 kt</span></div>
<div><span><b>Timestamp:</b></span><br/><span>2025-08-26 10:17:29 UTC<br/>2025-08-26 10:17:31 UTC</span></div>
</div>]]></description>
      </Placemark>
      <Placemark>
        <Style>
          <LineStyle>
            <color>ffccff00</color>
            <width>2</width>
          </LineStyle>
        </Style>
        <MultiGeometry>
          <LineString>
            <tessellate>1</tessellate>
            <altitudeMode>absolute</altitudeMode>
            <coordinates>-112.129211,33.493835,502.92 -112.12854,33.494194,502.92</coordinates>
          </LineString>
        </MultiGeometry>
        <name>P-251</name>
        <description><![CDATA[<div><div><span><b>Altitude:</b></span> <span>1,650 ft</span></div>
<div><span><b>Speed:</b></span> <span>66 kt - 67 kt</span></div>
<div><span><b>Timestamp:</b></span><br/><span>2025-08-26 10:17:31 UTC<br/>2025-08-26 10:17:34 UTC</span></div>
</div>]]></description>
      </Placemark>
      <Placemark>
        <Style>
          <LineStyle>
            <color>ffccff00</color>
            <width>2</width>
          </LineStyle>
        </Style>
        <MultiGeometry>
          <LineString>
            <tessellate>1</tessellate>
            <altitudeMode>absolute</altitudeMode>
            <coordinates>-112.12854,33.494194,502.92 -112.128311,33.494801,502.92</coordinates>
          </LineString>
        </MultiGeometry>
        <name>P-252</name>
        <description><![CDATA[<div><div><span><b>Altitude:</b></span> <span>1,650 ft</span></div>
<div><span><b>Speed:</b></span> <span>67 kt - 70 kt</span></div>
<div><span><b>Timestamp:</b></span><br/><span>2025-08-26 10:17:34 UTC<br/>2025-08-26 10:17:36 UTC</span></div>
</div>]]></description>
      </Placemark>
      <Placemark>
        <Style>
          <LineStyle>
            <color>ffccff00</color>
            <width>2</width>
          </LineStyle>
        </Style>
        <MultiGeometry>
          <LineString>
            <tessellate>1</tessellate>
            <altitudeMode>absolute</altitudeMode>
            <coordinates>-112.128311,33.494801,502.92 -112.128662,33.495529,495.3</coordinates>
          </LineString>
        </MultiGeometry>
        <name>P-253</name>
        <description><![CDATA[<div><div><span><b>Altitude:</b></span> <span>1,650 ft - 1,625 ft</span></div>
<div><span><b>Speed:</b></span> <span>70 kt - 72 kt</span></div>
<div><span><b>Timestamp:</b></span><br/><span>2025-08-26 10:17:36 UTC<br/>2025-08-26 10:17:38 UTC</span></div>
</div>]]></description>
      </Placemark>
      <Placemark>
        <Style>
          <LineStyle>
            <color>ffccff00</color>
            <width>2</width>
          </LineStyle>
        </Style>
        <MultiGeometry>
          <LineString>
            <tessellate>1</tessellate>
            <altitudeMode>absolute</altitudeMode>
            <coordinates>-112.128662,33.495529,495.3 -112.129539,33.495987,495.3</coordinates>
          </LineString>
        </MultiGeometry>
        <name>P-254</name>
        <description><![CDATA[<div><div><span><b>Altitude:</b></span> <span>1,625 ft</span></div>
<div><span><b>Speed:</b></span> <span>72 kt - 75 kt</span></div>
<div><span><b>Timestamp:</b></span><br/><span>2025-08-26 10:17:38 UTC<br/>2025-08-26 10:17:40 UTC</span></div>
</div>]]></description>
      </Placemark>
      <Placemark>
        <Style>
          <LineStyle>
            <color>ffccff00</color>
            <width>2</width>
          </LineStyle>
        </Style>
        <MultiGeometry>
          <LineString>
            <tessellate>1</tessellate>
            <altitudeMode>absolute</altitudeMode>
            <coordinates>-112.129539,33.495987,495.3 -112.130386,33.496243,502.92</coordinates>
          </LineString>
        </MultiGeometry>
        <name>P-255</name>
        <description><![CDATA[<div><div><span><b>Altitude:</b></span> <span>1,625 ft - 1,650 ft</span></div>
<div><span><b>Speed:</b></span> <span>75 kt - 77 kt</span></div>
<div><span><b>Timestamp:</b></span><br/><span>2025-08-26 10:17:40 UTC<br/>2025-08-26 10:17:42 UTC</span></div>
</div>]]></description>
      </Placemark>
      <Placemark>
        <Style>
          <LineStyle>
            <color>ffccff00</color>
            <width>2</width>
          </LineStyle>
        </Style>
        <MultiGeometry>
          <LineString>
            <tessellate>1</tessellate>
            <altitudeMode>absolute</altitudeMode>
            <coordinates>-112.130386,33.496243,502.92 -112.131508,33.496429,510.54</coordinates>
          </LineString>
        </MultiGeometry>
        <name>P-256</name>
        <description><![CDATA[<div><div><span><b>Altitude:</b></span> <span>1,650 ft - 1,675 ft</span></div>
<div><span><b>Speed:</b></span> <span>77 kt - 76 kt</span></div>
<div><span><b>Timestamp:</b></span><br/><span>2025-08-26 10:17:42 UTC<br/>2025-08-26 10:17:45 UTC</span></div>
</div>]]></description>
      </Placemark>
      <Placemark>
        <Style>
          <LineStyle>
            <color>ffccff00</color>
            <width>2</width>
          </LineStyle>
        </Style>
        <MultiGeometry>
          <LineString>
            <tessellate>1</tessellate>
            <altitudeMode>absolute</altitudeMode>
            <coordinates>-112.131508,33.496429,510.54 -112.132401,33.496582,518.16</coordinates>
          </LineString>
        </MultiGeometry>
        <name>P-257</name>
        <description><![CDATA[<div><div><span><b>Altitude:</b></span> <span>1,675 ft - 1,700 ft</span></div>
<div><span><b>Speed:</b></span> <span>76 kt - 75 kt</span></div>
<div><span><b>Timestamp:</b></span><br/><span>2025-08-26 10:17:45 UTC<br/>2025-08-26 10:17:47 UTC</span></div>
</div>]]></description>
      </Placemark>
      <Placemark>
        <Style>
          <LineStyle>
            <color>ffccff00</color>
            <width>2</width>
          </LineStyle>
        </Style>
        <MultiGeometry>
          <LineString>
            <tessellate>1</tessellate>
            <altitudeMode>absolute</altitudeMode>
            <coordinates>-112.132401,33.496582,518.16 -112.133247,33.496803,518.16</coordinates>
          </LineString>
        </MultiGeometry>
        <name>P-258</name>
        <description><![CDATA[<div><div><span><b>Altitude:</b></span> <span>1,700 ft</span></div>
<div><span><b>Speed:</b></span> <span>75 kt - 76 kt</span></div>
<div><span><b>Timestamp:</b></span><br/><span>2025-08-26 10:17:47 UTC<br/>2025-08-26 10:17:49 UTC</span></div>
</div>]]></description>
      </Placemark>
      <Placemark>
        <Style>
          <LineStyle>
            <color>ffccff00</color>
            <width>2</width>
          </LineStyle>
        </Style>
        <MultiGeometry>
          <LineString>
            <tessellate>1</tessellate>
            <altitudeMode>absolute</altitudeMode>
            <coordinates>-112.133247,33.496803,518.16 -112.134155,33.49704,518.16</coordinates>
          </LineString>
        </MultiGeometry>
        <name>P-259</name>
        <description><![CDATA[<div><div><span><b>Altitude:</b></span> <span>1,700 ft</span></div>
<div><span><b>Speed:</b></span> <span>76 kt</span></div>
<div><span><b>Timestamp:</b></span><br/><span>2025-08-26 10:17:49 UTC<br/>2025-08-26 10:17:52 UTC</span></div>
</div>]]></description>
      </Placemark>
      <Placemark>
        <Style>
          <LineStyle>
            <color>ffccff00</color>
            <width>2</width>
          </LineStyle>
        </Style>
        <MultiGeometry>
          <LineString>
            <tessellate>1</tessellate>
            <altitudeMode>absolute</altitudeMode>
            <coordinates>-112.134155,33.49704,518.16 -112.135033,33.497131,518.16</coordinates>
          </LineString>
        </MultiGeometry>
        <name>P-260</name>
        <description><![CDATA[<div><div><span><b>Altitude:</b></span> <span>1,700 ft</span></div>
<div><span><b>Speed:</b></span> <span>76 kt - 82 kt</span></div>
<div><span><b>Timestamp:</b></span><br/><span>2025-08-26 10:17:52 UTC<br/>2025-08-26 10:17:54 UTC</span></div>
</div>]]></description>
      </Placemark>
      <Placemark>
        <Style>
          <LineStyle>
            <color>ffccff00</color>
            <width>2</width>
          </LineStyle>
        </Style>
        <MultiGeometry>
          <LineString>
            <tessellate>1</tessellate>
            <altitudeMode>absolute</altitudeMode>
            <coordinates>-112.135033,33.497131,518.16 -112.136078,33.496948,510.54</coordinates>
          </LineString>
        </MultiGeometry>
        <name>P-261</name>
        <description><![CDATA[<div><div><span><b>Altitude:</b></span> <span>1,700 ft - 1,675 ft</span></div>
<div><span><b>Speed:</b></span> <span>82 kt - 83 kt</span></div>
<div><span><b>Timestamp:</b></span><br/><span>2025-08-26 10:17:54 UTC<br/>2025-08-26 10:17:56 UTC</span></div>
</div>]]></description>
      </Placemark>
      <Placemark>
        <Style>
          <LineStyle>
            <color>ffccff00</color>
            <width>2</width>
          </LineStyle>
        </Style>
        <MultiGeometry>
          <LineString>
            <tessellate>1</tessellate>
            <altitudeMode>absolute</altitudeMode>
            <coordinates>-112.136078,33.496948,510.54 -112.136612,33.496475,510.54</coordinates>
          </LineString>
        </MultiGeometry>
        <name>P-262</name>
        <description><![CDATA[<div><div><span><b>Altitude:</b></span> <span>1,675 ft</span></div>
<div><span><b>Speed:</b></span> <span>83 kt - 72 kt</span></div>
<div><span><b>Timestamp:</b></span><br/><span>2025-08-26 10:17:56 UTC<br/>2025-08-26 10:17:58 UTC</span></div>
</div>]]></description>
      </Placemark>
      <Placemark>
        <Style>
          <LineStyle>
            <color>ffccff00</color>
            <width>2</width>
          </LineStyle>
        </Style>
        <MultiGeometry>
          <LineString>
            <tessellate>1</tessellate>
            <altitudeMode>absolute</altitudeMode>
            <coordinates>-112.136612,33.496475,510.54 -112.136551,33.495918,510.54</coordinates>
          </LineString>
        </MultiGeometry>
        <name>P-263</name>
        <description><![CDATA[<div><div><span><b>Altitude:</b></span> <span>1,675 ft</span></div>
<div><span><b>Speed:</b></span> <span>72 kt - 53 kt</span></div>
<div><span><b>Timestamp:</b></span><br/><span>2025-08-26 10:17:58 UTC<br/>2025-08-26 10:18:00 UTC</span></div>
</div>]]></description>
      </Placemark>
      <Placemark>
        <Style>
          <LineStyle>
            <color>ffccff00</color>
            <width>2</width>
          </LineStyle>
        </Style>
        <MultiGeometry>
          <LineString>
            <tessellate>1</tessellate>
            <altitudeMode>absolute</altitudeMode>
            <coordinates>-112.136551,33.495918,510.54 -112.135941,33.495731,510.54</coordinates>
          </LineString>
        </MultiGeometry>
        <name>P-264</name>
        <description><![CDATA[<div><div><span><b>Altitude:</b></span> <span>1,675 ft</span></div>
<div><span><b>Speed:</b></span> <span>53 kt</span></div>
<div><span><b>Timestamp:</b></span><br/><span>2025-08-26 10:18:00 UTC<br/>2025-08-26 10:18:03 UTC</span></div>
</div>]]></description>
      </Placemark>
      <Placemark>
        <Style>
          <LineStyle>
            <color>ffccff00</color>
            <width>2</width>
          </LineStyle>
        </Style>
        <MultiGeometry>
          <LineString>
            <tessellate>1</tessellate>
            <altitudeMode>absolute</altitudeMode>
            <coordinates>-112.135941,33.495731,510.54 -112.135529,33.496033,495.3</coordinates>
          </LineString>
        </MultiGeometry>
        <name>P-265</name>
        <description><![CDATA[<div><div><span><b>Altitude:</b></span> <span>1,675 ft - 1,625 ft</span></div>
<div><span><b>Speed:</b></span> <span>53 kt - 64 kt</span></div>
<div><span><b>Timestamp:</b></span><br/><span>2025-08-26 10:18:03 UTC<br/>2025-08-26 10:18:05 UTC</span></div>
</div>]]></description>
      </Placemark>
      <Placemark>
        <Style>
          <LineStyle>
            <color>ffccff00</color>
            <width>2</width>
          </LineStyle>
        </Style>
        <MultiGeometry>
          <LineString>
            <tessellate>1</tessellate>
            <altitudeMode>absolute</altitudeMode>
            <coordinates>-112.135529,33.496033,495.3 -112.135422,33.496857,480.06</coordinates>
          </LineString>
        </MultiGeometry>
        <name>P-266</name>
        <description><![CDATA[<div><div><span><b>Altitude:</b></span> <span>1,625 ft - 1,575 ft</span></div>
<div><span><b>Speed:</b></span> <span>64 kt - 74 kt</span></div>
<div><span><b>Timestamp:</b></span><br/><span>2025-08-26 10:18:05 UTC<br/>2025-08-26 10:18:07 UTC</span></div>
</div>]]></description>
      </Placemark>
      <Placemark>
        <Style>
          <LineStyle>
            <color>ffccff00</color>
            <width>2</width>
          </LineStyle>
        </Style>
        <MultiGeometry>
          <LineString>
            <tessellate>1</tessellate>
            <altitudeMode>absolute</altitudeMode>
            <coordinates>-112.135422,33.496857,480.06 -112.135773,33.497593,480.06</coordinates>
          </LineString>
        </MultiGeometry>
        <name>P-267</name>
        <description><![CDATA[<div><div><span><b>Altitude:</b></span> <span>1,575 ft</span></div>
<div><span><b>Speed:</b></span> <span>74 kt - 79 kt</span></div>
<div><span><b>Timestamp:</b></span><br/><span>2025-08-26 10:18:07 UTC<br/>2025-08-26 10:18:09 UTC</span></div>
</div>]]></description>
      </Placemark>
      <Placemark>
        <Style>
          <LineStyle>
            <color>ffccff00</color>
            <width>2</width>
          </LineStyle>
        </Style>
        <MultiGeometry>
          <LineString>
            <tessellate>1</tessellate>
            <altitudeMode>absolute</altitudeMode>
            <coordinates>-112.135773,33.497593,480.06 -112.136276,33.498199,480.06</coordinates>
          </LineString>
        </MultiGeometry>
        <name>P-268</name>
        <description><![CDATA[<div><div><span><b>Altitude:</b></span> <span>1,575 ft</span></div>
<div><span><b>Speed:</b></span> <span>79 kt - 81 kt</span></div>
<div><span><b>Timestamp:</b></span><br/><span>2025-08-26 10:18:09 UTC<br/>2025-08-26 10:18:11 UTC</span></div>
</div>]]></description>
      </Placemark>
      <Placemark>
        <Style>
          <LineStyle>
            <color>ffccff00</color>
            <width>2</width>
          </LineStyle>
        </Style>
        <MultiGeometry>
          <LineString>
            <tessellate>1</tessellate>
            <altitudeMode>absolute</altitudeMode>
            <coordinates>-112.136276,33.498199,480.06 -112.136955,33.498917,495.3</coordinates>
          </LineString>
        </MultiGeometry>
        <name>P-269</name>
        <description><![CDATA[<div><div><span><b>Altitude:</b></span> <span>1,575 ft - 1,625 ft</span></div>
<div><span><b>Speed:</b></span> <span>81 kt - 82 kt</span></div>
<div><span><b>Timestamp:</b></span><br/><span>2025-08-26 10:18:11 UTC<br/>2025-08-26 10:18:13 UTC</span></div>
</div>]]></description>
      </Placemark>
      <Placemark>
        <Style>
          <LineStyle>
            <color>ffccff00</color>
            <width>2</width>
          </LineStyle>
        </Style>
        <MultiGeometry>
          <LineString>
            <tessellate>1</tessellate>
            <altitudeMode>absolute</altitudeMode>
            <coordinates>-112.136955,33.498917,495.3 -112.137672,33.499557,510.54</coordinates>
          </LineString>
        </MultiGeometry>
        <name>P-270</name>
        <description><![CDATA[<div><div><span><b>Altitude:</b></span> <span>1,625 ft - 1,675 ft</span></div>
<div><span><b>Speed:</b></span> <span>82 kt - 84 kt</span></div>
<div><span><b>Timestamp:</b></span><br/><span>2025-08-26 10:18:13 UTC<br/>2025-08-26 10:18:16 UTC</span></div>
</div>]]></description>
      </Placemark>
      <Placemark>
        <Style>
          <LineStyle>
            <color>ffccff00</color>
            <width>2</width>
          </LineStyle>
        </Style>
        <MultiGeometry>
          <LineString>
            <tessellate>1</tessellate>
            <altitudeMode>absolute</altitudeMode>
            <coordinates>-112.137672,33.499557,510.54 -112.138237,33.500153,502.92</coordinates>
          </LineString>
        </MultiGeometry>
        <name>P-271</name>
        <description><![CDATA[<div><div><span><b>Altitude:</b></span> <span>1,675 ft - 1,650 ft</span></div>
<div><span><b>Speed:</b></span> <span>84 kt - 86 kt</span></div>
<div><span><b>Timestamp:</b></span><br/><span>2025-08-26 10:18:16 UTC<br/>2025-08-26 10:18:18 UTC</span></div>
</div>]]></description>
      </Placemark>
      <Placemark>
        <Style>
          <LineStyle>
            <color>ffccff00</color>
            <width>2</width>
          </LineStyle>
        </Style>
        <MultiGeometry>
          <LineString>
            <tessellate>1</tessellate>
            <altitudeMode>absolute</altitudeMode>
            <coordinates>-112.138237,33.500153,502.92 -112.138962,33.500851,510.54</coordinates>
          </LineString>
        </MultiGeometry>
        <name>P-272</name>
        <description><![CDATA[<div><div><span><b>Altitude:</b></span> <span>1,650 ft - 1,675 ft</span></div>
<div><span><b>Speed:</b></span> <span>86 kt - 80 kt</span></div>
<div><span><b>Timestamp:</b></span><br/><span>2025-08-26 10:18:18 UTC<br/>2025-08-26 10:18:20 UTC</span></div>
</div>]]></description>
      </Placemark>
      <Placemark>
        <Style>
          <LineStyle>
            <color>ffccff00</color>
            <width>2</width>
          </LineStyle>
        </Style>
        <MultiGeometry>
          <LineString>
            <tessellate>1</tessellate>
            <altitudeMode>absolute</altitudeMode>
            <coordinates>-112.138962,33.500851,510.54 -112.139694,33.501553,518.16</coordinates>
          </LineString>
        </MultiGeometry>
        <name>P-273</name>
        <description><![CDATA[<div><div><span><b>Altitude:</b></span> <span>1,675 ft - 1,700 ft</span></div>
<div><span><b>Speed:</b></span> <span>80 kt - 76 kt</span></div>
<div><span><b>Timestamp:</b></span><br/><span>2025-08-26 10:18:20 UTC<br/>2025-08-26 10:18:23 UTC</span></div>
</div>]]></description>
      </Placemark>
      <Placemark>
        <Style>
          <LineStyle>
            <color>ffccff00</color>
            <width>2</width>
          </LineStyle>
        </Style>
        <MultiGeometry>
          <LineString>
            <tessellate>1</tessellate>
            <altitudeMode>absolute</altitudeMode>
            <coordinates>-112.139694,33.501553,518.16 -112.140251,33.502075,518.16</coordinates>
          </LineString>
        </MultiGeometry>
        <name>P-274</name>
        <description><![CDATA[<div><div><span><b>Altitude:</b></span> <span>1,700 ft</span></div>
<div><span><b>Speed:</b></span> <span>76 kt - 71 kt</span></div>
<div><span><b>Timestamp:</b></span><br/><span>2025-08-26 10:18:23 UTC<br/>2025-08-26 10:18:25 UTC</span></div>
</div>]]></description>
      </Placemark>
      <Placemark>
        <Style>
          <LineStyle>
            <color>ffccff00</color>
            <width>2</width>
          </LineStyle>
        </Style>
        <MultiGeometry>
          <LineString>
            <tessellate>1</tessellate>
            <altitudeMode>absolute</altitudeMode>
            <coordinates>-112.140251,33.502075,518.16 -112.140755,33.502575,525.78</coordinates>
          </LineString>
        </MultiGeometry>
        <name>P-275</name>
        <description><![CDATA[<div><div><span><b>Altitude:</b></span> <span>1,700 ft - 1,725 ft</span></div>
<div><span><b>Speed:</b></span> <span>71 kt - 68 kt</span></div>
<div><span><b>Timestamp:</b></span><br/><span>2025-08-26 10:18:25 UTC<br/>2025-08-26 10:18:27 UTC</span></div>
</div>]]></description>
      </Placemark>
      <Placemark>
        <Style>
          <LineStyle>
            <color>ffccff00</color>
            <width>2</width>
          </LineStyle>
        </Style>
        <MultiGeometry>
          <LineString>
            <tessellate>1</tessellate>
            <altitudeMode>absolute</altitudeMode>
            <coordinates>-112.140755,33.502575,525.78 -112.141266,33.503086,525.78</coordinates>
          </LineString>
        </MultiGeometry>
        <name>P-276</name>
        <description><![CDATA[<div><div><span><b>Altitude:</b></span> <span>1,725 ft</span></div>
<div><span><b>Speed:</b></span> <span>68 kt - 66 kt</span></div>
<div><span><b>Timestamp:</b></span><br/><span>2025-08-26 10:18:27 UTC<br/>2025-08-26 10:18:29 UTC</span></div>
</div>]]></description>
      </Placemark>
      <Placemark>
        <Style>
          <LineStyle>
            <color>ffccff00</color>
            <width>2</width>
          </LineStyle>
        </Style>
        <MultiGeometry>
          <LineString>
            <tessellate>1</tessellate>
            <altitudeMode>absolute</altitudeMode>
            <coordinates>-112.141266,33.503086,525.78 -112.141876,33.503693,525.78</coordinates>
          </LineString>
        </MultiGeometry>
        <name>P-277</name>
        <description><![CDATA[<div><div><span><b>Altitude:</b></span> <span>1,725 ft</span></div>
<div><span><b>Speed:</b></span> <span>66 kt - 63 kt</span></div>
<div><span><b>Timestamp:</b></span><br/><span>2025-08-26 10:18:29 UTC<br/>2025-08-26 10:18:31 UTC</span></div>
</div>]]></description>
      </Placemark>
      <Placemark>
        <Style>
          <LineStyle>
            <color>ffccff00</color>
            <width>2</width>
          </LineStyle>
        </Style>
        <MultiGeometry>
          <LineString>
            <tessellate>1</tessellate>
            <altitudeMode>absolute</altitudeMode>
            <coordinates>-112.141876,33.503693,525.78 -112.142342,33.504135,525.78</coordinates>
          </LineString>
        </MultiGeometry>
        <name>P-278</name>
        <description><![CDATA[<div><div><span><b>Altitude:</b></span> <span>1,725 ft</span></div>
<div><span><b>Speed:</b></span> <span>63 kt - 61 kt</span></div>
<div><span><b>Timestamp:</b></span><br/><span>2025-08-26 10:18:31 UTC<br/>2025-08-26 10:18:33 UTC</span></div>
</div>]]></description>
      </Placemark>
      <Placemark>
        <Style>
          <LineStyle>
            <color>ffccff00</color>
            <width>2</width>
          </LineStyle>
        </Style>
        <MultiGeometry>
          <LineString>
            <tessellate>1</tessellate>
            <altitudeMode>absolute</altitudeMode>
            <coordinates>-112.142342,33.504135,525.78 -112.14283,33.504578,533.4</coordinates>
          </LineString>
        </MultiGeometry>
        <name>P-279</name>
        <description><![CDATA[<div><div><span><b>Altitude:</b></span> <span>1,725 ft - 1,750 ft</span></div>
<div><span><b>Speed:</b></span> <span>61 kt - 60 kt</span></div>
<div><span><b>Timestamp:</b></span><br/><span>2025-08-26 10:18:33 UTC<br/>2025-08-26 10:18:36 UTC</span></div>
</div>]]></description>
      </Placemark>
      <Placemark>
        <Style>
          <LineStyle>
            <color>ffccff00</color>
            <width>2</width>
          </LineStyle>
        </Style>
        <MultiGeometry>
          <LineString>
            <tessellate>1</tessellate>
            <altitudeMode>absolute</altitudeMode>
            <coordinates>-112.14283,33.504578,533.4 -112.14328,33.504997,533.4</coordinates>
          </LineString>
        </MultiGeometry>
        <name>P-280</name>
        <description><![CDATA[<div><div><span><b>Altitude:</b></span> <span>1,750 ft</span></div>
<div><span><b>Speed:</b></span> <span>60 kt - 59 kt</span></div>
<div><span><b>Timestamp:</b></span><br/><span>2025-08-26 10:18:36 UTC<br/>2025-08-26 10:18:38 UTC</span></div>
</div>]]></description>
      </Placemark>
      <Placemark>
        <Style>
          <LineStyle>
            <color>ffccff00</color>
            <width>2</width>
          </LineStyle>
        </Style>
        <MultiGeometry>
          <LineString>
            <tessellate>1</tessellate>
            <altitudeMode>absolute</altitudeMode>
            <coordinates>-112.14328,33.504997,533.4 -112.143822,33.505463,541.02</coordinates>
          </LineString>
        </MultiGeometry>
        <name>P-281</name>
        <description><![CDATA[<div><div><span><b>Altitude:</b></span> <span>1,750 ft - 1,775 ft</span></div>
<div><span><b>Speed:</b></span> <span>59 kt - 57 kt</span></div>
<div><span><b>Timestamp:</b></span><br/><span>2025-08-26 10:18:38 UTC<br/>2025-08-26 10:18:40 UTC</span></div>
</div>]]></description>
      </Placemark>
      <Placemark>
        <Style>
          <LineStyle>
            <color>ffccff00</color>
            <width>2</width>
          </LineStyle>
        </Style>
        <MultiGeometry>
          <LineString>
            <tessellate>1</tessellate>
            <altitudeMode>absolute</altitudeMode>
            <coordinates>-112.143822,33.505463,541.02 -112.145409,33.50695,541.02</coordinates>
          </LineString>
        </MultiGeometry>
        <name>P-282</name>
        <description><![CDATA[<div><div><span><b>Altitude:</b></span> <span>1,775 ft</span></div>
<div><span><b>Speed:</b></span> <span>57 kt - 44 kt</span></div>
<div><span><b>Timestamp:</b></span><br/><span>2025-08-26 10:18:40 UTC<br/>2025-08-26 10:18:49 UTC</span></div>
</div>]]></description>
      </Placemark>
      <Placemark>
        <Style>
          <LineStyle>
            <color>ffccff00</color>
            <width>2</width>
          </LineStyle>
        </Style>
        <MultiGeometry>
          <LineString>
            <tessellate>1</tessellate>
            <altitudeMode>absolute</altitudeMode>
            <coordinates>-112.145409,33.50695,541.02 -112.146736,33.508392,525.78</coordinates>
          </LineString>
        </MultiGeometry>
        <name>P-283</name>
        <description><![CDATA[<div><div><span><b>Altitude:</b></span> <span>1,775 ft - 1,725 ft</span></div>
<div><span><b>Speed:</b></span> <span>44 kt - 56 kt</span></div>
<div><span><b>Timestamp:</b></span><br/><span>2025-08-26 10:18:49 UTC<br/>2025-08-26 10:18:58 UTC</span></div>
</div>]]></description>
      </Placemark>
      <Placemark>
        <Style>
          <LineStyle>
            <color>ffccff00</color>
            <width>2</width>
          </LineStyle>
        </Style>
        <MultiGeometry>
          <LineString>
            <tessellate>1</tessellate>
            <altitudeMode>absolute</altitudeMode>
            <coordinates>-112.146736,33.508392,525.78 -112.148552,33.509884,525.78</coordinates>
          </LineString>
        </MultiGeometry>
        <name>P-284</name>
        <description><![CDATA[<div><div><span><b>Altitude:</b></span> <span>1,725 ft</span></div>
<div><span><b>Speed:</b></span> <span>56 kt - 77 kt</span></div>
<div><span><b>Timestamp:</b></span><br/><span>2025-08-26 10:18:58 UTC<br/>2025-08-26 10:19:04 UTC</span></div>
</div>]]></description>
      </Placemark>
      <Placemark>
        <Style>
          <LineStyle>
            <color>ffccff00</color>
            <width>2</width>
          </LineStyle>
        </Style>
        <MultiGeometry>
          <LineString>
            <tessellate>1</tessellate>
            <altitudeMode>absolute</altitudeMode>
            <coordinates>-112.148552,33.509884,525.78 -112.151291,33.512054,533.4</coordinates>
          </LineString>
        </MultiGeometry>
        <name>P-285</name>
        <description><![CDATA[<div><div><span><b>Altitude:</b></span> <span>1,725 ft - 1,750 ft</span></div>
<div><span><b>Speed:</b></span> <span>77 kt - 82 kt</span></div>
<div><span><b>Timestamp:</b></span><br/><span>2025-08-26 10:19:04 UTC<br/>2025-08-26 10:19:13 UTC</span></div>
</div>]]></description>
      </Placemark>
      <Placemark>
        <Style>
          <LineStyle>
            <color>ffccff00</color>
            <width>2</width>
          </LineStyle>
        </Style>
        <MultiGeometry>
          <LineString>
            <tessellate>1</tessellate>
            <altitudeMode>absolute</altitudeMode>
            <coordinates>-112.151291,33.512054,533.4 -112.152809,33.51342,541.02</coordinates>
          </LineString>
        </MultiGeometry>
        <name>P-286</name>
        <description><![CDATA[<div><div><span><b>Altitude:</b></span> <span>1,750 ft - 1,775 ft</span></div>
<div><span><b>Speed:</b></span> <span>82 kt - 77 kt</span></div>
<div><span><b>Timestamp:</b></span><br/><span>2025-08-26 10:19:13 UTC<br/>2025-08-26 10:19:17 UTC</span></div>
</div>]]></description>
      </Placemark>
      <Placemark>
        <Style>
          <LineStyle>
            <color>ffccff00</color>
            <width>2</width>
          </LineStyle>
        </Style>
        <MultiGeometry>
          <LineString>
            <tessellate>1</tessellate>
            <altitudeMode>absolute</altitudeMode>
            <coordinates>-112.152809,33.51342,541.02 -112.153381,33.513885,548.64</coordinates>
          </LineString>
        </MultiGeometry>
        <name>P-287</name>
        <description><![CDATA[<div><div><span><b>Altitude:</b></span> <span>1,775 ft - 1,800 ft</span></div>
<div><span><b>Speed:</b></span> <span>77 kt - 74 kt</span></div>
<div><span><b>Timestamp:</b></span><br/><span>2025-08-26 10:19:17 UTC<br/>2025-08-26 10:19:19 UTC</span></div>
</div>]]></description>
      </Placemark>
      <Placemark>
        <Style>
          <LineStyle>
            <color>ffccff00</color>
            <width>2</width>
          </LineStyle>
        </Style>
        <MultiGeometry>
          <LineString>
            <tessellate>1</tessellate>
            <altitudeMode>absolute</altitudeMode>
            <coordinates>-112.153381,33.513885,548.64 -112.153984,33.514389,548.64</coordinates>
          </LineString>
        </MultiGeometry>
        <name>P-288</name>
        <description><![CDATA[<div><div><span><b>Altitude:</b></span> <span>1,800 ft</span></div>
<div><span><b>Speed:</b></span> <span>74 kt - 73 kt</span></div>
<div><span><b>Timestamp:</b></span><br/><span>2025-08-26 10:19:19 UTC<br/>2025-08-26 10:19:22 UTC</span></div>
</div>]]></description>
      </Placemark>
      <Placemark>
        <Style>
          <LineStyle>
            <color>ffccff00</color>
            <width>2</width>
          </LineStyle>
        </Style>
        <MultiGeometry>
          <LineString>
            <tessellate>1</tessellate>
            <altitudeMode>absolute</altitudeMode>
            <coordinates>-112.153984,33.514389,548.64 -112.155724,33.515888,548.64</coordinates>
          </LineString>
        </MultiGeometry>
        <name>P-289</name>
        <description><![CDATA[<div><div><span><b>Altitude:</b></span> <span>1,800 ft</span></div>
<div><span><b>Speed:</b></span> <span>73 kt - 67 kt</span></div>
<div><span><b>Timestamp:</b></span><br/><span>2025-08-26 10:19:22 UTC<br/>2025-08-26 10:19:28 UTC</span></div>
</div>]]></description>
      </Placemark>
      <Placemark>
        <Style>
          <LineStyle>
            <color>ffccff00</color>
            <width>2</width>
          </LineStyle>
        </Style>
        <MultiGeometry>
          <LineString>
            <tessellate>1</tessellate>
            <altitudeMode>absolute</altitudeMode>
            <coordinates>-112.155724,33.515888,548.64 -112.156731,33.516907,548.64</coordinates>
          </LineString>
        </MultiGeometry>
        <name>P-290</name>
        <description><![CDATA[<div><div><span><b>Altitude:</b></span> <span>1,800 ft</span></div>
<div><span><b>Speed:</b></span> <span>67 kt - 55 kt</span></div>
<div><span><b>Timestamp:</b></span><br/><span>2025-08-26 10:19:28 UTC<br/>2025-08-26 10:19:33 UTC</span></div>
</div>]]></description>
      </Placemark>
      <Placemark>
        <Style>
          <LineStyle>
            <color>ffccff00</color>
            <width>2</width>
          </LineStyle>
        </Style>
        <MultiGeometry>
          <LineString>
            <tessellate>1</tessellate>
            <altitudeMode>absolute</altitudeMode>
            <coordinates>-112.156731,33.516907,548.64 -112.157127,33.51733,548.64</coordinates>
          </LineString>
        </MultiGeometry>
        <name>P-291</name>
        <description><![CDATA[<div><div><span><b>Altitude:</b></span> <span>1,800 ft</span></div>
<div><span><b>Speed:</b></span> <span>55 kt - 52 kt</span></div>
<div><span><b>Timestamp:</b></span><br/><span>2025-08-26 10:19:33 UTC<br/>2025-08-26 10:19:35 UTC</span></div>
</div>]]></description>
      </Placemark>
      <Placemark>
        <Style>
          <LineStyle>
            <color>ffccff00</color>
            <width>2</width>
          </LineStyle>
        </Style>
        <MultiGeometry>
          <LineString>
            <tessellate>1</tessellate>
            <altitudeMode>absolute</altitudeMode>
            <coordinates>-112.157127,33.51733,548.64 -112.157578,33.517845,548.64</coordinates>
          </LineString>
        </MultiGeometry>
        <name>P-292</name>
        <description><![CDATA[<div><div><span><b>Altitude:</b></span> <span>1,800 ft</span></div>
<div><span><b>Speed:</b></span> <span>52 kt - 48 kt</span></div>
<div><span><b>Timestamp:</b></span><br/><span>2025-08-26 10:19:35 UTC<br/>2025-08-26 10:19:37 UTC</span></div>
</div>]]></description>
      </Placemark>
      <Placemark>
        <Style>
          <LineStyle>
            <color>ffccff00</color>
            <width>2</width>
          </LineStyle>
        </Style>
        <MultiGeometry>
          <LineString>
            <tessellate>1</tessellate>
            <altitudeMode>absolute</altitudeMode>
            <coordinates>-112.157578,33.517845,548.64 -112.157913,33.518169,548.64</coordinates>
          </LineString>
        </MultiGeometry>
        <name>P-293</name>
        <description><![CDATA[<div><div><span><b>Altitude:</b></span> <span>1,800 ft</span></div>
<div><span><b>Speed:</b></span> <span>48 kt - 47 kt</span></div>
<div><span><b>Timestamp:</b></span><br/><span>2025-08-26 10:19:37 UTC<br/>2025-08-26 10:19:39 UTC</span></div>
</div>]]></description>
      </Placemark>
      <Placemark>
        <Style>
          <LineStyle>
            <color>ffccff00</color>
            <width>2</width>
          </LineStyle>
        </Style>
        <MultiGeometry>
          <LineString>
            <tessellate>1</tessellate>
            <altitudeMode>absolute</altitudeMode>
            <coordinates>-112.157913,33.518169,548.64 -112.158821,33.518829,548.64</coordinates>
          </LineString>
        </MultiGeometry>
        <name>P-294</name>
        <description><![CDATA[<div><div><span><b>Altitude:</b></span> <span>1,800 ft</span></div>
<div><span><b>Speed:</b></span> <span>47 kt - 51 kt</span></div>
<div><span><b>Timestamp:</b></span><br/><span>2025-08-26 10:19:39 UTC<br/>2025-08-26 10:19:43 UTC</span></div>
</div>]]></description>
      </Placemark>
      <Placemark>
        <Style>
          <LineStyle>
            <color>ffccff00</color>
            <width>2</width>
          </LineStyle>
        </Style>
        <MultiGeometry>
          <LineString>
            <tessellate>1</tessellate>
            <altitudeMode>absolute</altitudeMode>
            <coordinates>-112.158821,33.518829,548.64 -112.159317,33.519058,541.02</coordinates>
          </LineString>
        </MultiGeometry>
        <name>P-295</name>
        <description><![CDATA[<div><div><span><b>Altitude:</b></span> <span>1,800 ft - 1,775 ft</span></div>
<div><span><b>Speed:</b></span> <span>51 kt - 63 kt</span></div>
<div><span><b>Timestamp:</b></span><br/><span>2025-08-26 10:19:43 UTC<br/>2025-08-26 10:19:45 UTC</span></div>
</div>]]></description>
      </Placemark>
      <Placemark>
        <Style>
          <LineStyle>
            <color>ffccff00</color>
            <width>2</width>
          </LineStyle>
        </Style>
        <MultiGeometry>
          <LineString>
            <tessellate>1</tessellate>
            <altitudeMode>absolute</altitudeMode>
            <coordinates>-112.159317,33.519058,541.02 -112.159981,33.519333,533.4</coordinates>
          </LineString>
        </MultiGeometry>
        <name>P-296</name>
        <description><![CDATA[<div><div><span><b>Altitude:</b></span> <span>1,775 ft - 1,750 ft</span></div>
<div><span><b>Speed:</b></span> <span>63 kt - 68 kt</span></div>
<div><span><b>Timestamp:</b></span><br/><span>2025-08-26 10:19:45 UTC<br/>2025-08-26 10:19:48 UTC</span></div>
</div>]]></description>
      </Placemark>
      <Placemark>
        <Style>
          <LineStyle>
            <color>ffccff00</color>
            <width>2</width>
          </LineStyle>
        </Style>
        <MultiGeometry>
          <LineString>
            <tessellate>1</tessellate>
            <altitudeMode>absolute</altitudeMode>
            <coordinates>-112.159981,33.519333,533.4 -112.160904,33.519882,541.02</coordinates>
          </LineString>
        </MultiGeometry>
        <name>P-297</name>
        <description><![CDATA[<div><div><span><b>Altitude:</b></span> <span>1,750 ft - 1,775 ft</span></div>
<div><span><b>Speed:</b></span> <span>68 kt - 71 kt</span></div>
<div><span><b>Timestamp:</b></span><br/><span>2025-08-26 10:19:48 UTC<br/>2025-08-26 10:19:50 UTC</span></div>
</div>]]></description>
      </Placemark>
      <Placemark>
        <Style>
          <LineStyle>
            <color>ffccff00</color>
            <width>2</width>
          </LineStyle>
        </Style>
        <MultiGeometry>
          <LineString>
            <tessellate>1</tessellate>
            <altitudeMode>absolute</altitudeMode>
            <coordinates>-112.160904,33.519882,541.02 -112.162666,33.521347,541.02</coordinates>
          </LineString>
        </MultiGeometry>
        <name>P-298</name>
        <description><![CDATA[<div><div><span><b>Altitude:</b></span> <span>1,775 ft</span></div>
<div><span><b>Speed:</b></span> <span>71 kt - 68 kt</span></div>
<div><span><b>Timestamp:</b></span><br/><span>2025-08-26 10:19:50 UTC<br/>2025-08-26 10:19:57 UTC</span></div>
</div>]]></description>
      </Placemark>
      <Placemark>
        <Style>
          <LineStyle>
            <color>ffccff00</color>
            <width>2</width>
          </LineStyle>
        </Style>
        <MultiGeometry>
          <LineString>
            <tessellate>1</tessellate>
            <altitudeMode>absolute</altitudeMode>
            <coordinates>-112.162666,33.521347,541.02 -112.164917,33.523571,548.64</coordinates>
          </LineString>
        </MultiGeometry>
        <name>P-299</name>
        <description><![CDATA[<div><div><span><b>Altitude:</b></span> <span>1,775 ft - 1,800 ft</span></div>
<div><span><b>Speed:</b></span> <span>68 kt</span></div>
<div><span><b>Timestamp:</b></span><br/><span>2025-08-26 10:19:57 UTC<br/>2025-08-26 10:20:06 UTC</span></div>
</div>]]></description>
      </Placemark>
      <Placemark>
        <Style>
          <LineStyle>
            <color>ffccff00</color>
            <width>2</width>
          </LineStyle>
        </Style>
        <MultiGeometry>
          <LineString>
            <tessellate>1</tessellate>
            <altitudeMode>absolute</altitudeMode>
            <coordinates>-112.164917,33.523571,548.64 -112.166458,33.525101,556.26</coordinates>
          </LineString>
        </MultiGeometry>
        <name>P-300</name>
        <description><![CDATA[<div><div><span><b>Altitude:</b></span> <span>1,800 ft - 1,825 ft</span></div>
<div><span><b>Speed:</b></span> <span>68 kt - 53 kt</span></div>
<div><span><b>Timestamp:</b></span><br/><span>2025-08-26 10:20:06 UTC<br/>2025-08-26 10:20:13 UTC</span></div>
</div>]]></description>
      </Placemark>
      <Placemark>
        <Style>
          <LineStyle>
            <color>ffccff00</color>
            <width>2</width>
          </LineStyle>
        </Style>
        <MultiGeometry>
          <LineString>
            <tessellate>1</tessellate>
            <altitudeMode>absolute</altitudeMode>
            <coordinates>-112.166458,33.525101,556.26 -112.166824,33.525433,556.26</coordinates>
          </LineString>
        </MultiGeometry>
        <name>P-301</name>
        <description><![CDATA[<div><div><span><b>Altitude:</b></span> <span>1,825 ft</span></div>
<div><span><b>Speed:</b></span> <span>53 kt - 47 kt</span></div>
<div><span><b>Timestamp:</b></span><br/><span>2025-08-26 10:20:13 UTC<br/>2025-08-26 10:20:15 UTC</span></div>
</div>]]></description>
      </Placemark>
      <Placemark>
        <Style>
          <LineStyle>
            <color>ffccff00</color>
            <width>2</width>
          </LineStyle>
        </Style>
        <MultiGeometry>
          <LineString>
            <tessellate>1</tessellate>
            <altitudeMode>absolute</altitudeMode>
            <coordinates>-112.166824,33.525433,556.26 -112.167282,33.525833,556.26</coordinates>
          </LineString>
        </MultiGeometry>
        <name>P-302</name>
        <description><![CDATA[<div><div><span><b>Altitude:</b></span> <span>1,825 ft</span></div>
<div><span><b>Speed:</b></span> <span>47 kt - 43 kt</span></div>
<div><span><b>Timestamp:</b></span><br/><span>2025-08-26 10:20:15 UTC<br/>2025-08-26 10:20:17 UTC</span></div>
</div>]]></description>
      </Placemark>
      <Placemark>
        <Style>
          <LineStyle>
            <color>ffccff00</color>
            <width>2</width>
          </LineStyle>
        </Style>
        <MultiGeometry>
          <LineString>
            <tessellate>1</tessellate>
            <altitudeMode>absolute</altitudeMode>
            <coordinates>-112.167282,33.525833,556.26 -112.16761,33.526131,556.26</coordinates>
          </LineString>
        </MultiGeometry>
        <name>P-303</name>
        <description><![CDATA[<div><div><span><b>Altitude:</b></span> <span>1,825 ft</span></div>
<div><span><b>Speed:</b></span> <span>43 kt - 40 kt</span></div>
<div><span><b>Timestamp:</b></span><br/><span>2025-08-26 10:20:17 UTC<br/>2025-08-26 10:20:20 UTC</span></div>
</div>]]></description>
      </Placemark>
      <Placemark>
        <Style>
          <LineStyle>
            <color>ffccff00</color>
            <width>2</width>
          </LineStyle>
        </Style>
        <MultiGeometry>
          <LineString>
            <tessellate>1</tessellate>
            <altitudeMode>absolute</altitudeMode>
            <coordinates>-112.16761,33.526131,556.26 -112.168671,33.527016,548.64</coordinates>
          </LineString>
        </MultiGeometry>
        <name>P-304</name>
        <description><![CDATA[<div><div><span><b>Altitude:</b></span> <span>1,825 ft - 1,800 ft</span></div>
<div><span><b>Speed:</b></span> <span>40 kt - 41 kt</span></div>
<div><span><b>Timestamp:</b></span><br/><span>2025-08-26 10:20:20 UTC<br/>2025-08-26 10:20:26 UTC</span></div>
</div>]]></description>
      </Placemark>
      <Placemark>
        <Style>
          <LineStyle>
            <color>ffccff00</color>
            <width>2</width>
          </LineStyle>
        </Style>
        <MultiGeometry>
          <LineString>
            <tessellate>1</tessellate>
            <altitudeMode>absolute</altitudeMode>
            <coordinates>-112.168671,33.527016,548.64 -112.169365,33.527664,548.64</coordinates>
          </LineString>
        </MultiGeometry>
        <name>P-305</name>
        <description><![CDATA[<div><div><span><b>Altitude:</b></span> <span>1,800 ft</span></div>
<div><span><b>Speed:</b></span> <span>41 kt - 42 kt</span></div>
<div><span><b>Timestamp:</b></span><br/><span>2025-08-26 10:20:26 UTC<br/>2025-08-26 10:20:30 UTC</span></div>
</div>]]></description>
      </Placemark>
      <Placemark>
        <Style>
          <LineStyle>
            <color>ffccff00</color>
            <width>2</width>
          </LineStyle>
        </Style>
        <MultiGeometry>
          <LineString>
            <tessellate>1</tessellate>
            <altitudeMode>absolute</altitudeMode>
            <coordinates>-112.169365,33.527664,548.64 -112.169754,33.527939,548.64</coordinates>
          </LineString>
        </MultiGeometry>
        <name>P-306</name>
        <description><![CDATA[<div><div><span><b>Altitude:</b></span> <span>1,800 ft</span></div>
<div><span><b>Speed:</b></span> <span>42 kt - 46 kt</span></div>
<div><span><b>Timestamp:</b></span><br/><span>2025-08-26 10:20:30 UTC<br/>2025-08-26 10:20:33 UTC</span></div>
</div>]]></description>
      </Placemark>
      <Placemark>
        <Style>
          <LineStyle>
            <color>ffccff00</color>
            <width>2</width>
          </LineStyle>
        </Style>
        <MultiGeometry>
          <LineString>
            <tessellate>1</tessellate>
            <altitudeMode>absolute</altitudeMode>
            <coordinates>-112.169754,33.527939,548.64 -112.170082,33.528214,541.02</coordinates>
          </LineString>
        </MultiGeometry>
        <name>P-307</name>
        <description><![CDATA[<div><div><span><b>Altitude:</b></span> <span>1,800 ft - 1,775 ft</span></div>
<div><span><b>Speed:</b></span> <span>46 kt - 51 kt</span></div>
<div><span><b>Timestamp:</b></span><br/><span>2025-08-26 10:20:33 UTC<br/>2025-08-26 10:20:35 UTC</span></div>
</div>]]></description>
      </Placemark>
      <Placemark>
        <Style>
          <LineStyle>
            <color>ffccff00</color>
            <width>2</width>
          </LineStyle>
        </Style>
        <MultiGeometry>
          <LineString>
            <tessellate>1</tessellate>
            <altitudeMode>absolute</altitudeMode>
            <coordinates>-112.170082,33.528214,541.02 -112.170746,33.528645,541.02</coordinates>
          </LineString>
        </MultiGeometry>
        <name>P-308</name>
        <description><![CDATA[<div><div><span><b>Altitude:</b></span> <span>1,775 ft</span></div>
<div><span><b>Speed:</b></span> <span>51 kt - 56 kt</span></div>
<div><span><b>Timestamp:</b></span><br/><span>2025-08-26 10:20:35 UTC<br/>2025-08-26 10:20:37 UTC</span></div>
</div>]]></description>
      </Placemark>
      <Placemark>
        <Style>
          <LineStyle>
            <color>ffccff00</color>
            <width>2</width>
          </LineStyle>
        </Style>
        <MultiGeometry>
          <LineString>
            <tessellate>1</tessellate>
            <altitudeMode>absolute</altitudeMode>
            <coordinates>-112.170746,33.528645,541.02 -112.171234,33.528946,541.02</coordinates>
          </LineString>
        </MultiGeometry>
        <name>P-309</name>
        <description><![CDATA[<div><div><span><b>Altitude:</b></span> <span>1,775 ft</span></div>
<div><span><b>Speed:</b></span> <span>56 kt - 59 kt</span></div>
<div><span><b>Timestamp:</b></span><br/><span>2025-08-26 10:20:37 UTC<br/>2025-08-26 10:20:39 UTC</span></div>
</div>]]></description>
      </Placemark>
      <Placemark>
        <Style>
          <LineStyle>
            <color>ffccff00</color>
            <width>2</width>
          </LineStyle>
        </Style>
        <MultiGeometry>
          <LineString>
            <tessellate>1</tessellate>
            <altitudeMode>absolute</altitudeMode>
            <coordinates>-112.171234,33.528946,541.02 -112.171837,33.529404,548.64</coordinates>
          </LineString>
        </MultiGeometry>
        <name>P-310</name>
        <description><![CDATA[<div><div><span><b>Altitude:</b></span> <span>1,775 ft - 1,800 ft</span></div>
<div><span><b>Speed:</b></span> <span>59 kt - 61 kt</span></div>
<div><span><b>Timestamp:</b></span><br/><span>2025-08-26 10:20:39 UTC<br/>2025-08-26 10:20:41 UTC</span></div>
</div>]]></description>
      </Placemark>
      <Placemark>
        <Style>
          <LineStyle>
            <color>ffccff00</color>
            <width>2</width>
          </LineStyle>
        </Style>
        <MultiGeometry>
          <LineString>
            <tessellate>1</tessellate>
            <altitudeMode>absolute</altitudeMode>
            <coordinates>-112.171837,33.529404,548.64 -112.172485,33.529716,541.02</coordinates>
          </LineString>
        </MultiGeometry>
        <name>P-311</name>
        <description><![CDATA[<div><div><span><b>Altitude:</b></span> <span>1,800 ft - 1,775 ft</span></div>
<div><span><b>Speed:</b></span> <span>61 kt - 65 kt</span></div>
<div><span><b>Timestamp:</b></span><br/><span>2025-08-26 10:20:41 UTC<br/>2025-08-26 10:20:43 UTC</span></div>
</div>]]></description>
      </Placemark>
      <Placemark>
        <Style>
          <LineStyle>
            <color>ffccff00</color>
            <width>2</width>
          </LineStyle>
        </Style>
        <MultiGeometry>
          <LineString>
            <tessellate>1</tessellate>
            <altitudeMode>absolute</altitudeMode>
            <coordinates>-112.172485,33.529716,541.02 -112.17321,33.529816,533.4</coordinates>
          </LineString>
        </MultiGeometry>
        <name>P-312</name>
        <description><![CDATA[<div><div><span><b>Altitude:</b></span> <span>1,775 ft - 1,750 ft</span></div>
<div><span><b>Speed:</b></span> <span>65 kt - 74 kt</span></div>
<div><span><b>Timestamp:</b></span><br/><span>2025-08-26 10:20:43 UTC<br/>2025-08-26 10:20:46 UTC</span></div>
</div>]]></description>
      </Placemark>
      <Placemark>
        <Style>
          <LineStyle>
            <color>ffccff00</color>
            <width>2</width>
          </LineStyle>
        </Style>
        <MultiGeometry>
          <LineString>
            <tessellate>1</tessellate>
            <altitudeMode>absolute</altitudeMode>
            <coordinates>-112.17321,33.529816,533.4 -112.174278,33.529575,518.16</coordinates>
          </LineString>
        </MultiGeometry>
        <name>P-313</name>
        <description><![CDATA[<div><div><span><b>Altitude:</b></span> <span>1,750 ft - 1,700 ft</span></div>
<div><span><b>Speed:</b></span> <span>74 kt - 76 kt</span></div>
<div><span><b>Timestamp:</b></span><br/><span>2025-08-26 10:20:46 UTC<br/>2025-08-26 10:20:48 UTC</span></div>
</div>]]></description>
      </Placemark>
      <Placemark>
        <Style>
          <LineStyle>
            <color>ffccff00</color>
            <width>2</width>
          </LineStyle>
        </Style>
        <MultiGeometry>
          <LineString>
            <tessellate>1</tessellate>
            <altitudeMode>absolute</altitudeMode>
            <coordinates>-112.174278,33.529575,518.16 -112.174896,33.529018,518.16</coordinates>
          </LineString>
        </MultiGeometry>
        <name>P-314</name>
        <description><![CDATA[<div><div><span><b>Altitude:</b></span> <span>1,700 ft</span></div>
<div><span><b>Speed:</b></span> <span>76 kt - 75 kt</span></div>
<div><span><b>Timestamp:</b></span><br/><span>2025-08-26 10:20:48 UTC<br/>2025-08-26 10:20:50 UTC</span></div>
</div>]]></description>
      </Placemark>
      <Placemark>
        <Style>
          <LineStyle>
            <color>ffccff00</color>
            <width>2</width>
          </LineStyle>
        </Style>
        <MultiGeometry>
          <LineString>
            <tessellate>1</tessellate>
            <altitudeMode>absolute</altitudeMode>
            <coordinates>-112.174896,33.529018,518.16 -112.175186,33.528259,518.16</coordinates>
          </LineString>
        </MultiGeometry>
        <name>P-315</name>
        <description><![CDATA[<div><div><span><b>Altitude:</b></span> <span>1,700 ft</span></div>
<div><span><b>Speed:</b></span> <span>75 kt - 74 kt</span></div>
<div><span><b>Timestamp:</b></span><br/><span>2025-08-26 10:20:50 UTC<br/>2025-08-26 10:20:52 UTC</span></div>
</div>]]></description>
      </Placemark>
      <Placemark>
        <Style>
          <LineStyle>
            <color>ffccff00</color>
            <width>2</width>
          </LineStyle>
        </Style>
        <MultiGeometry>
          <LineString>
            <tessellate>1</tessellate>
            <altitudeMode>absolute</altitudeMode>
            <coordinates>-112.175186,33.528259,518.16 -112.17495,33.527435,518.16</coordinates>
          </LineString>
        </MultiGeometry>
        <name>P-316</name>
        <description><![CDATA[<div><div><span><b>Altitude:</b></span> <span>1,700 ft</span></div>
<div><span><b>Speed:</b></span> <span>74 kt - 73 kt</span></div>
<div><span><b>Timestamp:</b></span><br/><span>2025-08-26 10:20:52 UTC<br/>2025-08-26 10:20:55 UTC</span></div>
</div>]]></description>
      </Placemark>
      <Placemark>
        <Style>
          <LineStyle>
            <color>ffccff00</color>
            <width>2</width>
          </LineStyle>
        </Style>
        <MultiGeometry>
          <LineString>
            <tessellate>1</tessellate>
            <altitudeMode>absolute</altitudeMode>
            <coordinates>-112.17495,33.527435,518.16 -112.174393,33.52697,518.16</coordinates>
          </LineString>
        </MultiGeometry>
        <name>P-317</name>
        <description><![CDATA[<div><div><span><b>Altitude:</b></span> <span>1,700 ft</span></div>
<div><span><b>Speed:</b></span> <span>73 kt - 71 kt</span></div>
<div><span><b>Timestamp:</b></span><br/><span>2025-08-26 10:20:55 UTC<br/>2025-08-26 10:20:57 UTC</span></div>
</div>]]></description>
      </Placemark>
      <Placemark>
        <Style>
          <LineStyle>
            <color>ffccff00</color>
            <width>2</width>
          </LineStyle>
        </Style>
        <MultiGeometry>
          <LineString>
            <tessellate>1</tessellate>
            <altitudeMode>absolute</altitudeMode>
            <coordinates>-112.174393,33.52697,518.16 -112.173546,33.526737,518.16</coordinates>
          </LineString>
        </MultiGeometry>
        <name>P-318</name>
        <description><![CDATA[<div><div><span><b>Altitude:</b></span> <span>1,700 ft</span></div>
<div><span><b>Speed:</b></span> <span>71 kt - 70 kt</span></div>
<div><span><b>Timestamp:</b></span><br/><span>2025-08-26 10:20:57 UTC<br/>2025-08-26 10:20:59 UTC</span></div>
</div>]]></description>
      </Placemark>
      <Placemark>
        <Style>
          <LineStyle>
            <color>ffccff00</color>
            <width>2</width>
          </LineStyle>
        </Style>
        <MultiGeometry>
          <LineString>
            <tessellate>1</tessellate>
            <altitudeMode>absolute</altitudeMode>
            <coordinates>-112.173546,33.526737,518.16 -112.172707,33.52697,518.16</coordinates>
          </LineString>
        </MultiGeometry>
        <name>P-319</name>
        <description><![CDATA[<div><div><span><b>Altitude:</b></span> <span>1,700 ft</span></div>
<div><span><b>Speed:</b></span> <span>70 kt - 68 kt</span></div>
<div><span><b>Timestamp:</b></span><br/><span>2025-08-26 10:20:59 UTC<br/>2025-08-26 10:21:02 UTC</span></div>
</div>]]></description>
      </Placemark>
      <Placemark>
        <Style>
          <LineStyle>
            <color>ffccff00</color>
            <width>2</width>
          </LineStyle>
        </Style>
        <MultiGeometry>
          <LineString>
            <tessellate>1</tessellate>
            <altitudeMode>absolute</altitudeMode>
            <coordinates>-112.172707,33.52697,518.16 -112.172165,33.527435,518.16</coordinates>
          </LineString>
        </MultiGeometry>
        <name>P-320</name>
        <description><![CDATA[<div><div><span><b>Altitude:</b></span> <span>1,700 ft</span></div>
<div><span><b>Speed:</b></span> <span>68 kt - 70 kt</span></div>
<div><span><b>Timestamp:</b></span><br/><span>2025-08-26 10:21:02 UTC<br/>2025-08-26 10:21:04 UTC</span></div>
</div>]]></description>
      </Placemark>
      <Placemark>
        <Style>
          <LineStyle>
            <color>ffccff00</color>
            <width>2</width>
          </LineStyle>
        </Style>
        <MultiGeometry>
          <LineString>
            <tessellate>1</tessellate>
            <altitudeMode>absolute</altitudeMode>
            <coordinates>-112.172165,33.527435,518.16 -112.171982,33.528084,510.54</coordinates>
          </LineString>
        </MultiGeometry>
        <name>P-321</name>
        <description><![CDATA[<div><div><span><b>Altitude:</b></span> <span>1,700 ft - 1,675 ft</span></div>
<div><span><b>Speed:</b></span> <span>70 kt</span></div>
<div><span><b>Timestamp:</b></span><br/><span>2025-08-26 10:21:04 UTC<br/>2025-08-26 10:21:06 UTC</span></div>
</div>]]></description>
      </Placemark>
      <Placemark>
        <Style>
          <LineStyle>
            <color>ffccff00</color>
            <width>2</width>
          </LineStyle>
        </Style>
        <MultiGeometry>
          <LineString>
            <tessellate>1</tessellate>
            <altitudeMode>absolute</altitudeMode>
            <coordinates>-112.171982,33.528084,510.54 -112.172279,33.528809,510.54</coordinates>
          </LineString>
        </MultiGeometry>
        <name>P-322</name>
        <description><![CDATA[<div><div><span><b>Altitude:</b></span> <span>1,675 ft</span></div>
<div><span><b>Speed:</b></span> <span>70 kt - 69 kt</span></div>
<div><span><b>Timestamp:</b></span><br/><span>2025-08-26 10:21:06 UTC<br/>2025-08-26 10:21:08 UTC</span></div>
</div>]]></description>
      </Placemark>
      <Placemark>
        <Style>
          <LineStyle>
            <color>ffccff00</color>
            <width>2</width>
          </LineStyle>
        </Style>
        <MultiGeometry>
          <LineString>
            <tessellate>1</tessellate>
            <altitudeMode>absolute</altitudeMode>
            <coordinates>-112.172279,33.528809,510.54 -112.172874,33.529202,510.54</coordinates>
          </LineString>
        </MultiGeometry>
        <name>P-323</name>
        <description><![CDATA[<div><div><span><b>Altitude:</b></span> <span>1,675 ft</span></div>
<div><span><b>Speed:</b></span> <span>69 kt</span></div>
<div><span><b>Timestamp:</b></span><br/><span>2025-08-26 10:21:08 UTC<br/>2025-08-26 10:21:10 UTC</span></div>
</div>]]></description>
      </Placemark>
      <Placemark>
        <Style>
          <LineStyle>
            <color>ffccff00</color>
            <width>2</width>
          </LineStyle>
        </Style>
        <MultiGeometry>
          <LineString>
            <tessellate>1</tessellate>
            <altitudeMode>absolute</altitudeMode>
            <coordinates>-112.172874,33.529202,510.54 -112.173874,33.529266,502.92</coordinates>
          </LineString>
        </MultiGeometry>
        <name>P-324</name>
        <description><![CDATA[<div><div><span><b>Altitude:</b></span> <span>1,675 ft - 1,650 ft</span></div>
<div><span><b>Speed:</b></span> <span>69 kt - 68 kt</span></div>
<div><span><b>Timestamp:</b></span><br/><span>2025-08-26 10:21:10 UTC<br/>2025-08-26 10:21:13 UTC</span></div>
</div>]]></description>
      </Placemark>
      <Placemark>
        <Style>
          <LineStyle>
            <color>ffccff00</color>
            <width>2</width>
          </LineStyle>
        </Style>
        <MultiGeometry>
          <LineString>
            <tessellate>1</tessellate>
            <altitudeMode>absolute</altitudeMode>
            <coordinates>-112.173874,33.529266,502.92 -112.1745,33.528923,502.92</coordinates>
          </LineString>
        </MultiGeometry>
        <name>P-325</name>
        <description><![CDATA[<div><div><span><b>Altitude:</b></span> <span>1,650 ft</span></div>
<div><span><b>Speed:</b></span> <span>68 kt - 65 kt</span></div>
<div><span><b>Timestamp:</b></span><br/><span>2025-08-26 10:21:13 UTC<br/>2025-08-26 10:21:15 UTC</span></div>
</div>]]></description>
      </Placemark>
      <Placemark>
        <Style>
          <LineStyle>
            <color>ffccff00</color>
            <width>2</width>
          </LineStyle>
        </Style>
        <MultiGeometry>
          <LineString>
            <tessellate>1</tessellate>
            <altitudeMode>absolute</altitudeMode>
            <coordinates>-112.1745,33.528923,502.92 -112.174835,33.528316,502.92</coordinates>
          </LineString>
        </MultiGeometry>
        <name>P-326</name>
        <description><![CDATA[<div><div><span><b>Altitude:</b></span> <span>1,650 ft</span></div>
<div><span><b>Speed:</b></span> <span>65 kt - 64 kt</span></div>
<div><span><b>Timestamp:</b></span><br/><span>2025-08-26 10:21:15 UTC<br/>2025-08-26 10:21:17 UTC</span></div>
</div>]]></description>
      </Placemark>
      <Placemark>
        <Style>
          <LineStyle>
            <color>ffccff00</color>
            <width>2</width>
          </LineStyle>
        </Style>
        <MultiGeometry>
          <LineString>
            <tessellate>1</tessellate>
            <altitudeMode>absolute</altitudeMode>
            <coordinates>-112.174835,33.528316,502.92 -112.174698,33.527618,502.92</coordinates>
          </LineString>
        </MultiGeometry>
        <name>P-327</name>
        <description><![CDATA[<div><div><span><b>Altitude:</b></span> <span>1,650 ft</span></div>
<div><span><b>Speed:</b></span> <span>64 kt</span></div>
<div><span><b>Timestamp:</b></span><br/><span>2025-08-26 10:21:17 UTC<br/>2025-08-26 10:21:19 UTC</span></div>
</div>]]></description>
      </Placemark>
      <Placemark>
        <Style>
          <LineStyle>
            <color>ffccff00</color>
            <width>2</width>
          </LineStyle>
        </Style>
        <MultiGeometry>
          <LineString>
            <tessellate>1</tessellate>
            <altitudeMode>absolute</altitudeMode>
            <coordinates>-112.174698,33.527618,502.92 -112.174255,33.527161,502.92</coordinates>
          </LineString>
        </MultiGeometry>
        <name>P-328</name>
        <description><![CDATA[<div><div><span><b>Altitude:</b></span> <span>1,650 ft</span></div>
<div><span><b>Speed:</b></span> <span>64 kt - 66 kt</span></div>
<div><span><b>Timestamp:</b></span><br/><span>2025-08-26 10:21:19 UTC<br/>2025-08-26 10:21:21 UTC</span></div>
</div>]]></description>
      </Placemark>
      <Placemark>
        <Style>
          <LineStyle>
            <color>ffccff00</color>
            <width>2</width>
          </LineStyle>
        </Style>
        <MultiGeometry>
          <LineString>
            <tessellate>1</tessellate>
            <altitudeMode>absolute</altitudeMode>
            <coordinates>-112.174255,33.527161,502.92 -112.173599,33.526932,502.92</coordinates>
          </LineString>
        </MultiGeometry>
        <name>P-329</name>
        <description><![CDATA[<div><div><span><b>Altitude:</b></span> <span>1,650 ft</span></div>
<div><span><b>Speed:</b></span> <span>66 kt - 65 kt</span></div>
<div><span><b>Timestamp:</b></span><br/><span>2025-08-26 10:21:21 UTC<br/>2025-08-26 10:21:24 UTC</span></div>
</div>]]></description>
      </Placemark>
      <Placemark>
        <Style>
          <LineStyle>
            <color>ffccff00</color>
            <width>2</width>
          </LineStyle>
        </Style>
        <MultiGeometry>
          <LineString>
            <tessellate>1</tessellate>
            <altitudeMode>absolute</altitudeMode>
            <coordinates>-112.173599,33.526932,502.92 -112.172874,33.527016,502.92</coordinates>
          </LineString>
        </MultiGeometry>
        <name>P-330</name>
        <description><![CDATA[<div><div><span><b>Altitude:</b></span> <span>1,650 ft</span></div>
<div><span><b>Speed:</b></span> <span>65 kt - 62 kt</span></div>
<div><span><b>Timestamp:</b></span><br/><span>2025-08-26 10:21:24 UTC<br/>2025-08-26 10:21:26 UTC</span></div>
</div>]]></description>
      </Placemark>
      <Placemark>
        <Style>
          <LineStyle>
            <color>ffccff00</color>
            <width>2</width>
          </LineStyle>
        </Style>
        <MultiGeometry>
          <LineString>
            <tessellate>1</tessellate>
            <altitudeMode>absolute</altitudeMode>
            <coordinates>-112.172874,33.527016,502.92 -112.172333,33.527435,502.92</coordinates>
          </LineString>
        </MultiGeometry>
        <name>P-331</name>
        <description><![CDATA[<div><div><span><b>Altitude:</b></span> <span>1,650 ft</span></div>
<div><span><b>Speed:</b></span> <span>62 kt - 63 kt</span></div>
<div><span><b>Timestamp:</b></span><br/><span>2025-08-26 10:21:26 UTC<br/>2025-08-26 10:21:28 UTC</span></div>
</div>]]></description>
      </Placemark>
      <Placemark>
        <Style>
          <LineStyle>
            <color>ffccff00</color>
            <width>2</width>
          </LineStyle>
        </Style>
        <MultiGeometry>
          <LineString>
            <tessellate>1</tessellate>
            <altitudeMode>absolute</altitudeMode>
            <coordinates>-112.172333,33.527435,502.92 -112.172058,33.528122,502.92</coordinates>
          </LineString>
        </MultiGeometry>
        <name>P-332</name>
        <description><![CDATA[<div><div><span><b>Altitude:</b></span> <span>1,650 ft</span></div>
<div><span><b>Speed:</b></span> <span>63 kt - 64 kt</span></div>
<div><span><b>Timestamp:</b></span><br/><span>2025-08-26 10:21:28 UTC<br/>2025-08-26 10:21:30 UTC</span></div>
</div>]]></description>
      </Placemark>
      <Placemark>
        <Style>
          <LineStyle>
            <color>ffccff00</color>
            <width>2</width>
          </LineStyle>
        </Style>
        <MultiGeometry>
          <LineString>
            <tessellate>1</tessellate>
            <altitudeMode>absolute</altitudeMode>
            <coordinates>-112.172058,33.528122,502.92 -112.172318,33.528831,502.92</coordinates>
          </LineString>
        </MultiGeometry>
        <name>P-333</name>
        <description><![CDATA[<div><div><span><b>Altitude:</b></span> <span>1,650 ft</span></div>
<div><span><b>Speed:</b></span> <span>64 kt - 65 kt</span></div>
<div><span><b>Timestamp:</b></span><br/><span>2025-08-26 10:21:30 UTC<br/>2025-08-26 10:21:33 UTC</span></div>
</div>]]></description>
      </Placemark>
      <Placemark>
        <Style>
          <LineStyle>
            <color>ffccff00</color>
            <width>2</width>
          </LineStyle>
        </Style>
        <MultiGeometry>
          <LineString>
            <tessellate>1</tessellate>
            <altitudeMode>absolute</altitudeMode>
            <coordinates>-112.172318,33.528831,502.92 -112.172882,33.529221,502.92</coordinates>
          </LineString>
        </MultiGeometry>
        <name>P-334</name>
        <description><![CDATA[<div><div><span><b>Altitude:</b></span> <span>1,650 ft</span></div>
<div><span><b>Speed:</b></span> <span>65 kt - 64 kt</span></div>
<div><span><b>Timestamp:</b></span><br/><span>2025-08-26 10:21:33 UTC<br/>2025-08-26 10:21:35 UTC</span></div>
</div>]]></description>
      </Placemark>
      <Placemark>
        <Style>
          <LineStyle>
            <color>ffccff00</color>
            <width>2</width>
          </LineStyle>
        </Style>
        <MultiGeometry>
          <LineString>
            <tessellate>1</tessellate>
            <altitudeMode>absolute</altitudeMode>
            <coordinates>-112.172882,33.529221,502.92 -112.173538,33.529404,502.92</coordinates>
          </LineString>
        </MultiGeometry>
        <name>P-335</name>
        <description><![CDATA[<div><div><span><b>Altitude:</b></span> <span>1,650 ft</span></div>
<div><span><b>Speed:</b></span> <span>64 kt</span></div>
<div><span><b>Timestamp:</b></span><br/><span>2025-08-26 10:21:35 UTC<br/>2025-08-26 10:21:37 UTC</span></div>
</div>]]></description>
      </Placemark>
      <Placemark>
        <Style>
          <LineStyle>
            <color>ffccff00</color>
            <width>2</width>
          </LineStyle>
        </Style>
        <MultiGeometry>
          <LineString>
            <tessellate>1</tessellate>
            <altitudeMode>absolute</altitudeMode>
            <coordinates>-112.173538,33.529404,502.92 -112.174225,33.529297,502.92</coordinates>
          </LineString>
        </MultiGeometry>
        <name>P-336</name>
        <description><![CDATA[<div><div><span><b>Altitude:</b></span> <span>1,650 ft</span></div>
<div><span><b>Speed:</b></span> <span>64 kt - 65 kt</span></div>
<div><span><b>Timestamp:</b></span><br/><span>2025-08-26 10:21:37 UTC<br/>2025-08-26 10:21:39 UTC</span></div>
</div>]]></description>
      </Placemark>
      <Placemark>
        <Style>
          <LineStyle>
            <color>ffccff00</color>
            <width>2</width>
          </LineStyle>
        </Style>
        <MultiGeometry>
          <LineString>
            <tessellate>1</tessellate>
            <altitudeMode>absolute</altitudeMode>
            <coordinates>-112.174225,33.529297,502.92 -112.17495,33.528831,510.54</coordinates>
          </LineString>
        </MultiGeometry>
        <name>P-337</name>
        <description><![CDATA[<div><div><span><b>Altitude:</b></span> <span>1,650 ft - 1,675 ft</span></div>
<div><span><b>Speed:</b></span> <span>65 kt - 64 kt</span></div>
<div><span><b>Timestamp:</b></span><br/><span>2025-08-26 10:21:39 UTC<br/>2025-08-26 10:21:41 UTC</span></div>
</div>]]></description>
      </Placemark>
      <Placemark>
        <Style>
          <LineStyle>
            <color>ffccff00</color>
            <width>2</width>
          </LineStyle>
        </Style>
        <MultiGeometry>
          <LineString>
            <tessellate>1</tessellate>
            <altitudeMode>absolute</altitudeMode>
            <coordinates>-112.17495,33.528831,510.54 -112.175232,33.528133,510.54</coordinates>
          </LineString>
        </MultiGeometry>
        <name>P-338</name>
        <description><![CDATA[<div><div><span><b>Altitude:</b></span> <span>1,675 ft</span></div>
<div><span><b>Speed:</b></span> <span>64 kt - 66 kt</span></div>
<div><span><b>Timestamp:</b></span><br/><span>2025-08-26 10:21:41 UTC<br/>2025-08-26 10:21:43 UTC</span></div>
</div>]]></description>
      </Placemark>
      <Placemark>
        <Style>
          <LineStyle>
            <color>ffccff00</color>
            <width>2</width>
          </LineStyle>
        </Style>
        <MultiGeometry>
          <LineString>
            <tessellate>1</tessellate>
            <altitudeMode>absolute</altitudeMode>
            <coordinates>-112.175232,33.528133,510.54 -112.175133,33.527618,510.54</coordinates>
          </LineString>
        </MultiGeometry>
        <name>P-339</name>
        <description><![CDATA[<div><div><span><b>Altitude:</b></span> <span>1,675 ft</span></div>
<div><span><b>Speed:</b></span> <span>66 kt - 67 kt</span></div>
<div><span><b>Timestamp:</b></span><br/><span>2025-08-26 10:21:43 UTC<br/>2025-08-26 10:21:46 UTC</span></div>
</div>]]></description>
      </Placemark>
      <Placemark>
        <Style>
          <LineStyle>
            <color>ffccff00</color>
            <width>2</width>
          </LineStyle>
        </Style>
        <MultiGeometry>
          <LineString>
            <tessellate>1</tessellate>
            <altitudeMode>absolute</altitudeMode>
            <coordinates>-112.175133,33.527618,510.54 -112.174782,33.527016,502.92</coordinates>
          </LineString>
        </MultiGeometry>
        <name>P-340</name>
        <description><![CDATA[<div><div><span><b>Altitude:</b></span> <span>1,675 ft - 1,650 ft</span></div>
<div><span><b>Speed:</b></span> <span>67 kt - 70 kt</span></div>
<div><span><b>Timestamp:</b></span><br/><span>2025-08-26 10:21:46 UTC<br/>2025-08-26 10:21:48 UTC</span></div>
</div>]]></description>
      </Placemark>
      <Placemark>
        <Style>
          <LineStyle>
            <color>ffccff00</color>
            <width>2</width>
          </LineStyle>
        </Style>
        <MultiGeometry>
          <LineString>
            <tessellate>1</tessellate>
            <altitudeMode>absolute</altitudeMode>
            <coordinates>-112.174782,33.527016,502.92 -112.173981,33.526474,502.92</coordinates>
          </LineString>
        </MultiGeometry>
        <name>P-341</name>
        <description><![CDATA[<div><div><span><b>Altitude:</b></span> <span>1,650 ft</span></div>
<div><span><b>Speed:</b></span> <span>70 kt</span></div>
<div><span><b>Timestamp:</b></span><br/><span>2025-08-26 10:21:48 UTC<br/>2025-08-26 10:21:50 UTC</span></div>
</div>]]></description>
      </Placemark>
      <Placemark>
        <Style>
          <LineStyle>
            <color>ffccff00</color>
            <width>2</width>
          </LineStyle>
        </Style>
        <MultiGeometry>
          <LineString>
            <tessellate>1</tessellate>
            <altitudeMode>absolute</altitudeMode>
            <coordinates>-112.173981,33.526474,502.92 -112.17321,33.526382,510.54</coordinates>
          </LineString>
        </MultiGeometry>
        <name>P-342</name>
        <description><![CDATA[<div><div><span><b>Altitude:</b></span> <span>1,650 ft - 1,675 ft</span></div>
<div><span><b>Speed:</b></span> <span>70 kt - 71 kt</span></div>
<div><span><b>Timestamp:</b></span><br/><span>2025-08-26 10:21:50 UTC<br/>2025-08-26 10:21:52 UTC</span></div>
</div>]]></description>
      </Placemark>
      <Placemark>
        <Style>
          <LineStyle>
            <color>ffccff00</color>
            <width>2</width>
          </LineStyle>
        </Style>
        <MultiGeometry>
          <LineString>
            <tessellate>1</tessellate>
            <altitudeMode>absolute</altitudeMode>
            <coordinates>-112.17321,33.526382,510.54 -112.172424,33.52655,510.54</coordinates>
          </LineString>
        </MultiGeometry>
        <name>P-343</name>
        <description><![CDATA[<div><div><span><b>Altitude:</b></span> <span>1,675 ft</span></div>
<div><span><b>Speed:</b></span> <span>71 kt</span></div>
<div><span><b>Timestamp:</b></span><br/><span>2025-08-26 10:21:52 UTC<br/>2025-08-26 10:21:54 UTC</span></div>
</div>]]></description>
      </Placemark>
      <Placemark>
        <Style>
          <LineStyle>
            <color>ffccff00</color>
            <width>2</width>
          </LineStyle>
        </Style>
        <MultiGeometry>
          <LineString>
            <tessellate>1</tessellate>
            <altitudeMode>absolute</altitudeMode>
            <coordinates>-112.172424,33.52655,510.54 -112.171753,33.527107,510.54</coordinates>
          </LineString>
        </MultiGeometry>
        <name>P-344</name>
        <description><![CDATA[<div><div><span><b>Altitude:</b></span> <span>1,675 ft</span></div>
<div><span><b>Speed:</b></span> <span>71 kt - 72 kt</span></div>
<div><span><b>Timestamp:</b></span><br/><span>2025-08-26 10:21:54 UTC<br/>2025-08-26 10:21:57 UTC</span></div>
</div>]]></description>
      </Placemark>
      <Placemark>
        <Style>
          <LineStyle>
            <color>ffccff00</color>
            <width>2</width>
          </LineStyle>
        </Style>
        <MultiGeometry>
          <LineString>
            <tessellate>1</tessellate>
            <altitudeMode>absolute</altitudeMode>
            <coordinates>-112.171753,33.527107,510.54 -112.171562,33.527802,502.92</coordinates>
          </LineString>
        </MultiGeometry>
        <name>P-345</name>
        <description><![CDATA[<div><div><span><b>Altitude:</b></span> <span>1,675 ft - 1,650 ft</span></div>
<div><span><b>Speed:</b></span> <span>72 kt - 76 kt</span></div>
<div><span><b>Timestamp:</b></span><br/><span>2025-08-26 10:21:57 UTC<br/>2025-08-26 10:21:59 UTC</span></div>
</div>]]></description>
      </Placemark>
      <Placemark>
        <Style>
          <LineStyle>
            <color>ffccff00</color>
            <width>2</width>
          </LineStyle>
        </Style>
        <MultiGeometry>
          <LineString>
            <tessellate>1</tessellate>
            <altitudeMode>absolute</altitudeMode>
            <coordinates>-112.171562,33.527802,502.92 -112.171753,33.528549,510.54</coordinates>
          </LineString>
        </MultiGeometry>
        <name>P-346</name>
        <description><![CDATA[<div><div><span><b>Altitude:</b></span> <span>1,650 ft - 1,675 ft</span></div>
<div><span><b>Speed:</b></span> <span>76 kt</span></div>
<div><span><b>Timestamp:</b></span><br/><span>2025-08-26 10:21:59 UTC<br/>2025-08-26 10:22:01 UTC</span></div>
</div>]]></description>
      </Placemark>
      <Placemark>
        <Style>
          <LineStyle>
            <color>ffccff00</color>
            <width>2</width>
          </LineStyle>
        </Style>
        <MultiGeometry>
          <LineString>
            <tessellate>1</tessellate>
            <altitudeMode>absolute</altitudeMode>
            <coordinates>-112.171753,33.528549,510.54 -112.172371,33.529202,510.54</coordinates>
          </LineString>
        </MultiGeometry>
        <name>P-347</name>
        <description><![CDATA[<div><div><span><b>Altitude:</b></span> <span>1,675 ft</span></div>
<div><span><b>Speed:</b></span> <span>76 kt - 75 kt</span></div>
<div><span><b>Timestamp:</b></span><br/><span>2025-08-26 10:22:01 UTC<br/>2025-08-26 10:22:03 UTC</span></div>
</div>]]></description>
      </Placemark>
      <Placemark>
        <Style>
          <LineStyle>
            <color>ffccff00</color>
            <width>2</width>
          </LineStyle>
        </Style>
        <MultiGeometry>
          <LineString>
            <tessellate>1</tessellate>
            <altitudeMode>absolute</altitudeMode>
            <coordinates>-112.172371,33.529202,510.54 -112.173103,33.529495,510.54</coordinates>
          </LineString>
        </MultiGeometry>
        <name>P-348</name>
        <description><![CDATA[<div><div><span><b>Altitude:</b></span> <span>1,675 ft</span></div>
<div><span><b>Speed:</b></span> <span>75 kt - 73 kt</span></div>
<div><span><b>Timestamp:</b></span><br/><span>2025-08-26 10:22:03 UTC<br/>2025-08-26 10:22:05 UTC</span></div>
</div>]]></description>
      </Placemark>
      <Placemark>
        <Style>
          <LineStyle>
            <color>ffccff00</color>
            <width>2</width>
          </LineStyle>
        </Style>
        <MultiGeometry>
          <LineString>
            <tessellate>1</tessellate>
            <altitudeMode>absolute</altitudeMode>
            <coordinates>-112.173103,33.529495,510.54 -112.173943,33.529484,510.54</coordinates>
          </LineString>
        </MultiGeometry>
        <name>P-349</name>
        <description><![CDATA[<div><div><span><b>Altitude:</b></span> <span>1,675 ft</span></div>
<div><span><b>Speed:</b></span> <span>73 kt - 71 kt</span></div>
<div><span><b>Timestamp:</b></span><br/><span>2025-08-26 10:22:05 UTC<br/>2025-08-26 10:22:07 UTC</span></div>
</div>]]></description>
      </Placemark>
      <Placemark>
        <Style>
          <LineStyle>
            <color>ffccff00</color>
            <width>2</width>
          </LineStyle>
        </Style>
        <MultiGeometry>
          <LineString>
            <tessellate>1</tessellate>
            <altitudeMode>absolute</altitudeMode>
            <coordinates>-112.173943,33.529484,510.54 -112.174637,33.529129,510.54</coordinates>
          </LineString>
        </MultiGeometry>
        <name>P-350</name>
        <description><![CDATA[<div><div><span><b>Altitude:</b></span> <span>1,675 ft</span></div>
<div><span><b>Speed:</b></span> <span>71 kt</span></div>
<div><span><b>Timestamp:</b></span><br/><span>2025-08-26 10:22:07 UTC<br/>2025-08-26 10:22:10 UTC</span></div>
</div>]]></description>
      </Placemark>
      <Placemark>
        <Style>
          <LineStyle>
            <color>ffccff00</color>
            <width>2</width>
          </LineStyle>
        </Style>
        <MultiGeometry>
          <LineString>
            <tessellate>1</tessellate>
            <altitudeMode>absolute</altitudeMode>
            <coordinates>-112.174637,33.529129,510.54 -112.175026,33.528488,502.92</coordinates>
          </LineString>
        </MultiGeometry>
        <name>P-351</name>
        <description><![CDATA[<div><div><span><b>Altitude:</b></span> <span>1,675 ft - 1,650 ft</span></div>
<div><span><b>Speed:</b></span> <span>71 kt - 72 kt</span></div>
<div><span><b>Timestamp:</b></span><br/><span>2025-08-26 10:22:10 UTC<br/>2025-08-26 10:22:12 UTC</span></div>
</div>]]></description>
      </Placemark>
      <Placemark>
        <Style>
          <LineStyle>
            <color>ffccff00</color>
            <width>2</width>
          </LineStyle>
        </Style>
        <MultiGeometry>
          <LineString>
            <tessellate>1</tessellate>
            <altitudeMode>absolute</altitudeMode>
            <coordinates>-112.175026,33.528488,502.92 -112.174973,33.527664,502.92</coordinates>
          </LineString>
        </MultiGeometry>
        <name>P-352</name>
        <description><![CDATA[<div><div><span><b>Altitude:</b></span> <span>1,650 ft</span></div>
<div><span><b>Speed:</b></span> <span>72 kt - 71 kt</span></div>
<div><span><b>Timestamp:</b></span><br/><span>2025-08-26 10:22:12 UTC<br/>2025-08-26 10:22:14 UTC</span></div>
</div>]]></description>
      </Placemark>
      <Placemark>
        <Style>
          <LineStyle>
            <color>ffccff00</color>
            <width>2</width>
          </LineStyle>
        </Style>
        <MultiGeometry>
          <LineString>
            <tessellate>1</tessellate>
            <altitudeMode>absolute</altitudeMode>
            <coordinates>-112.174973,33.527664,502.92 -112.17453,33.527161,502.92</coordinates>
          </LineString>
        </MultiGeometry>
        <name>P-353</name>
        <description><![CDATA[<div><div><span><b>Altitude:</b></span> <span>1,650 ft</span></div>
<div><span><b>Speed:</b></span> <span>71 kt - 69 kt</span></div>
<div><span><b>Timestamp:</b></span><br/><span>2025-08-26 10:22:14 UTC<br/>2025-08-26 10:22:16 UTC</span></div>
</div>]]></description>
      </Placemark>
      <Placemark>
        <Style>
          <LineStyle>
            <color>ffccff00</color>
            <width>2</width>
          </LineStyle>
        </Style>
        <MultiGeometry>
          <LineString>
            <tessellate>1</tessellate>
            <altitudeMode>absolute</altitudeMode>
            <coordinates>-112.17453,33.527161,502.92 -112.173607,33.526829,502.92</coordinates>
          </LineString>
        </MultiGeometry>
        <name>P-354</name>
        <description><![CDATA[<div><div><span><b>Altitude:</b></span> <span>1,650 ft</span></div>
<div><span><b>Speed:</b></span> <span>69 kt - 67 kt</span></div>
<div><span><b>Timestamp:</b></span><br/><span>2025-08-26 10:22:16 UTC<br/>2025-08-26 10:22:18 UTC</span></div>
</div>]]></description>
      </Placemark>
      <Placemark>
        <Style>
          <LineStyle>
            <color>ffccff00</color>
            <width>2</width>
          </LineStyle>
        </Style>
        <MultiGeometry>
          <LineString>
            <tessellate>1</tessellate>
            <altitudeMode>absolute</altitudeMode>
            <coordinates>-112.173607,33.526829,502.92 -112.17305,33.526932,502.92</coordinates>
          </LineString>
        </MultiGeometry>
        <name>P-355</name>
        <description><![CDATA[<div><div><span><b>Altitude:</b></span> <span>1,650 ft</span></div>
<div><span><b>Speed:</b></span> <span>67 kt - 68 kt</span></div>
<div><span><b>Timestamp:</b></span><br/><span>2025-08-26 10:22:18 UTC<br/>2025-08-26 10:22:21 UTC</span></div>
</div>]]></description>
      </Placemark>
      <Placemark>
        <Style>
          <LineStyle>
            <color>ffccff00</color>
            <width>2</width>
          </LineStyle>
        </Style>
        <MultiGeometry>
          <LineString>
            <tessellate>1</tessellate>
            <altitudeMode>absolute</altitudeMode>
            <coordinates>-112.17305,33.526932,502.92 -112.172333,33.527344,495.3</coordinates>
          </LineString>
        </MultiGeometry>
        <name>P-356</name>
        <description><![CDATA[<div><div><span><b>Altitude:</b></span> <span>1,650 ft - 1,625 ft</span></div>
<div><span><b>Speed:</b></span> <span>68 kt</span></div>
<div><span><b>Timestamp:</b></span><br/><span>2025-08-26 10:22:21 UTC<br/>2025-08-26 10:22:23 UTC</span></div>
</div>]]></description>
      </Placemark>
      <Placemark>
        <Style>
          <LineStyle>
            <color>ffccff00</color>
            <width>2</width>
          </LineStyle>
        </Style>
        <MultiGeometry>
          <LineString>
            <tessellate>1</tessellate>
            <altitudeMode>absolute</altitudeMode>
            <coordinates>-112.172333,33.527344,495.3 -112.172035,33.528084,502.92</coordinates>
          </LineString>
        </MultiGeometry>
        <name>P-357</name>
        <description><![CDATA[<div><div><span><b>Altitude:</b></span> <span>1,625 ft - 1,650 ft</span></div>
<div><span><b>Speed:</b></span> <span>68 kt - 67 kt</span></div>
<div><span><b>Timestamp:</b></span><br/><span>2025-08-26 10:22:23 UTC<br/>2025-08-26 10:22:25 UTC</span></div>
</div>]]></description>
      </Placemark>
      <Placemark>
        <Style>
          <LineStyle>
            <color>ffccff00</color>
            <width>2</width>
          </LineStyle>
        </Style>
        <MultiGeometry>
          <LineString>
            <tessellate>1</tessellate>
            <altitudeMode>absolute</altitudeMode>
            <coordinates>-112.172035,33.528084,502.92 -112.172333,33.528763,502.92</coordinates>
          </LineString>
        </MultiGeometry>
        <name>P-358</name>
        <description><![CDATA[<div><div><span><b>Altitude:</b></span> <span>1,650 ft</span></div>
<div><span><b>Speed:</b></span> <span>67 kt - 66 kt</span></div>
<div><span><b>Timestamp:</b></span><br/><span>2025-08-26 10:22:25 UTC<br/>2025-08-26 10:22:27 UTC</span></div>
</div>]]></description>
      </Placemark>
      <Placemark>
        <Style>
          <LineStyle>
            <color>ffccff00</color>
            <width>2</width>
          </LineStyle>
        </Style>
        <MultiGeometry>
          <LineString>
            <tessellate>1</tessellate>
            <altitudeMode>absolute</altitudeMode>
            <coordinates>-112.172333,33.528763,502.92 -112.172768,33.529064,502.92</coordinates>
          </LineString>
        </MultiGeometry>
        <name>P-359</name>
        <description><![CDATA[<div><div><span><b>Altitude:</b></span> <span>1,650 ft</span></div>
<div><span><b>Speed:</b></span> <span>66 kt - 67 kt</span></div>
<div><span><b>Timestamp:</b></span><br/><span>2025-08-26 10:22:27 UTC<br/>2025-08-26 10:22:29 UTC</span></div>
</div>]]></description>
      </Placemark>
      <Placemark>
        <Style>
          <LineStyle>
            <color>ffccff00</color>
            <width>2</width>
          </LineStyle>
        </Style>
        <MultiGeometry>
          <LineString>
            <tessellate>1</tessellate>
            <altitudeMode>absolute</altitudeMode>
            <coordinates>-112.172768,33.529064,502.92 -112.17366,33.529251,502.92</coordinates>
          </LineString>
        </MultiGeometry>
        <name>P-360</name>
        <description><![CDATA[<div><div><span><b>Altitude:</b></span> <span>1,650 ft</span></div>
<div><span><b>Speed:</b></span> <span>67 kt - 68 kt</span></div>
<div><span><b>Timestamp:</b></span><br/><span>2025-08-26 10:22:29 UTC<br/>2025-08-26 10:22:31 UTC</span></div>
</div>]]></description>
      </Placemark>
      <Placemark>
        <Style>
          <LineStyle>
            <color>ffccff00</color>
            <width>2</width>
          </LineStyle>
        </Style>
        <MultiGeometry>
          <LineString>
            <tessellate>1</tessellate>
            <altitudeMode>absolute</altitudeMode>
            <coordinates>-112.17366,33.529251,502.92 -112.174309,33.529037,502.92</coordinates>
          </LineString>
        </MultiGeometry>
        <name>P-361</name>
        <description><![CDATA[<div><div><span><b>Altitude:</b></span> <span>1,650 ft</span></div>
<div><span><b>Speed:</b></span> <span>68 kt - 67 kt</span></div>
<div><span><b>Timestamp:</b></span><br/><span>2025-08-26 10:22:31 UTC<br/>2025-08-26 10:22:34 UTC</span></div>
</div>]]></description>
      </Placemark>
      <Placemark>
        <Style>
          <LineStyle>
            <color>ffccff00</color>
            <width>2</width>
          </LineStyle>
        </Style>
        <MultiGeometry>
          <LineString>
            <tessellate>1</tessellate>
            <altitudeMode>absolute</altitudeMode>
            <coordinates>-112.174309,33.529037,502.92 -112.174896,33.528366,495.3</coordinates>
          </LineString>
        </MultiGeometry>
        <name>P-362</name>
        <description><![CDATA[<div><div><span><b>Altitude:</b></span> <span>1,650 ft - 1,625 ft</span></div>
<div><span><b>Speed:</b></span> <span>67 kt - 66 kt</span></div>
<div><span><b>Timestamp:</b></span><br/><span>2025-08-26 10:22:34 UTC<br/>2025-08-26 10:22:36 UTC</span></div>
</div>]]></description>
      </Placemark>
      <Placemark>
        <Style>
          <LineStyle>
            <color>ffccff00</color>
            <width>2</width>
          </LineStyle>
        </Style>
        <MultiGeometry>
          <LineString>
            <tessellate>1</tessellate>
            <altitudeMode>absolute</altitudeMode>
            <coordinates>-112.174896,33.528366,495.3 -112.174858,33.527802,495.3</coordinates>
          </LineString>
        </MultiGeometry>
        <name>P-363</name>
        <description><![CDATA[<div><div><span><b>Altitude:</b></span> <span>1,625 ft</span></div>
<div><span><b>Speed:</b></span> <span>66 kt - 63 kt</span></div>
<div><span><b>Timestamp:</b></span><br/><span>2025-08-26 10:22:36 UTC<br/>2025-08-26 10:22:38 UTC</span></div>
</div>]]></description>
      </Placemark>
      <Placemark>
        <Style>
          <LineStyle>
            <color>ffccff00</color>
            <width>2</width>
          </LineStyle>
        </Style>
        <MultiGeometry>
          <LineString>
            <tessellate>1</tessellate>
            <altitudeMode>absolute</altitudeMode>
            <coordinates>-112.174858,33.527802,495.3 -112.17453,33.527298,495.3</coordinates>
          </LineString>
        </MultiGeometry>
        <name>P-364</name>
        <description><![CDATA[<div><div><span><b>Altitude:</b></span> <span>1,625 ft</span></div>
<div><span><b>Speed:</b></span> <span>63 kt</span></div>
<div><span><b>Timestamp:</b></span><br/><span>2025-08-26 10:22:38 UTC<br/>2025-08-26 10:22:40 UTC</span></div>
</div>]]></description>
      </Placemark>
      <Placemark>
        <Style>
          <LineStyle>
            <color>ffccff00</color>
            <width>2</width>
          </LineStyle>
        </Style>
        <MultiGeometry>
          <LineString>
            <tessellate>1</tessellate>
            <altitudeMode>absolute</altitudeMode>
            <coordinates>-112.17453,33.527298,495.3 -112.17366,33.52697,495.3</coordinates>
          </LineString>
        </MultiGeometry>
        <name>P-365</name>
        <description><![CDATA[<div><div><span><b>Altitude:</b></span> <span>1,625 ft</span></div>
<div><span><b>Speed:</b></span> <span>63 kt - 64 kt</span></div>
<div><span><b>Timestamp:</b></span><br/><span>2025-08-26 10:22:40 UTC<br/>2025-08-26 10:22:43 UTC</span></div>
</div>]]></description>
      </Placemark>
      <Placemark>
        <Style>
          <LineStyle>
            <color>ffccff00</color>
            <width>2</width>
          </LineStyle>
        </Style>
        <MultiGeometry>
          <LineString>
            <tessellate>1</tessellate>
            <altitudeMode>absolute</altitudeMode>
            <coordinates>-112.17366,33.52697,495.3 -112.173042,33.527016,495.3</coordinates>
          </LineString>
        </MultiGeometry>
        <name>P-366</name>
        <description><![CDATA[<div><div><span><b>Altitude:</b></span> <span>1,625 ft</span></div>
<div><span><b>Speed:</b></span> <span>64 kt - 65 kt</span></div>
<div><span><b>Timestamp:</b></span><br/><span>2025-08-26 10:22:43 UTC<br/>2025-08-26 10:22:45 UTC</span></div>
</div>]]></description>
      </Placemark>
      <Placemark>
        <Style>
          <LineStyle>
            <color>ffccff00</color>
            <width>2</width>
          </LineStyle>
        </Style>
        <MultiGeometry>
          <LineString>
            <tessellate>1</tessellate>
            <altitudeMode>absolute</altitudeMode>
            <coordinates>-112.173042,33.527016,495.3 -112.172371,33.527435,495.3</coordinates>
          </LineString>
        </MultiGeometry>
        <name>P-367</name>
        <description><![CDATA[<div><div><span><b>Altitude:</b></span> <span>1,625 ft</span></div>
<div><span><b>Speed:</b></span> <span>65 kt - 64 kt</span></div>
<div><span><b>Timestamp:</b></span><br/><span>2025-08-26 10:22:45 UTC<br/>2025-08-26 10:22:47 UTC</span></div>
</div>]]></description>
      </Placemark>
      <Placemark>
        <Style>
          <LineStyle>
            <color>ffccff00</color>
            <width>2</width>
          </LineStyle>
        </Style>
        <MultiGeometry>
          <LineString>
            <tessellate>1</tessellate>
            <altitudeMode>absolute</altitudeMode>
            <coordinates>-112.172371,33.527435,495.3 -112.172112,33.52803,495.3</coordinates>
          </LineString>
        </MultiGeometry>
        <name>P-368</name>
        <description><![CDATA[<div><div><span><b>Altitude:</b></span> <span>1,625 ft</span></div>
<div><span><b>Speed:</b></span> <span>64 kt - 66 kt</span></div>
<div><span><b>Timestamp:</b></span><br/><span>2025-08-26 10:22:47 UTC<br/>2025-08-26 10:22:49 UTC</span></div>
</div>]]></description>
      </Placemark>
      <Placemark>
        <Style>
          <LineStyle>
            <color>ffccff00</color>
            <width>2</width>
          </LineStyle>
        </Style>
        <MultiGeometry>
          <LineString>
            <tessellate>1</tessellate>
            <altitudeMode>absolute</altitudeMode>
            <coordinates>-112.172112,33.52803,495.3 -112.172279,33.528717,495.3</coordinates>
          </LineString>
        </MultiGeometry>
        <name>P-369</name>
        <description><![CDATA[<div><div><span><b>Altitude:</b></span> <span>1,625 ft</span></div>
<div><span><b>Speed:</b></span> <span>66 kt</span></div>
<div><span><b>Timestamp:</b></span><br/><span>2025-08-26 10:22:49 UTC<br/>2025-08-26 10:22:51 UTC</span></div>
</div>]]></description>
      </Placemark>
      <Placemark>
        <Style>
          <LineStyle>
            <color>ffccff00</color>
            <width>2</width>
          </LineStyle>
        </Style>
        <MultiGeometry>
          <LineString>
            <tessellate>1</tessellate>
            <altitudeMode>absolute</altitudeMode>
            <coordinates>-112.172279,33.528717,495.3 -112.172935,33.529175,495.3</coordinates>
          </LineString>
        </MultiGeometry>
        <name>P-370</name>
        <description><![CDATA[<div><div><span><b>Altitude:</b></span> <span>1,625 ft</span></div>
<div><span><b>Speed:</b></span> <span>66 kt</span></div>
<div><span><b>Timestamp:</b></span><br/><span>2025-08-26 10:22:51 UTC<br/>2025-08-26 10:22:54 UTC</span></div>
</div>]]></description>
      </Placemark>
      <Placemark>
        <Style>
          <LineStyle>
            <color>ffccff00</color>
            <width>2</width>
          </LineStyle>
        </Style>
        <MultiGeometry>
          <LineString>
            <tessellate>1</tessellate>
            <altitudeMode>absolute</altitudeMode>
            <coordinates>-112.172935,33.529175,495.3 -112.173714,33.529251,495.3</coordinates>
          </LineString>
        </MultiGeometry>
        <name>P-371</name>
        <description><![CDATA[<div><div><span><b>Altitude:</b></span> <span>1,625 ft</span></div>
<div><span><b>Speed:</b></span> <span>66 kt</span></div>
<div><span><b>Timestamp:</b></span><br/><span>2025-08-26 10:22:54 UTC<br/>2025-08-26 10:22:56 UTC</span></div>
</div>]]></description>
      </Placemark>
      <Placemark>
        <Style>
          <LineStyle>
            <color>ffccff00</color>
            <width>2</width>
          </LineStyle>
        </Style>
        <MultiGeometry>
          <LineString>
            <tessellate>1</tessellate>
            <altitudeMode>absolute</altitudeMode>
            <coordinates>-112.173714,33.529251,495.3 -112.174423,33.528992,495.3</coordinates>
          </LineString>
        </MultiGeometry>
        <name>P-372</name>
        <description><![CDATA[<div><div><span><b>Altitude:</b></span> <span>1,625 ft</span></div>
<div><span><b>Speed:</b></span> <span>66 kt - 65 kt</span></div>
<div><span><b>Timestamp:</b></span><br/><span>2025-08-26 10:22:56 UTC<br/>2025-08-26 10:22:58 UTC</span></div>
</div>]]></description>
      </Placemark>
      <Placemark>
        <Style>
          <LineStyle>
            <color>ffccff00</color>
            <width>2</width>
          </LineStyle>
        </Style>
        <MultiGeometry>
          <LineString>
            <tessellate>1</tessellate>
            <altitudeMode>absolute</altitudeMode>
            <coordinates>-112.174423,33.528992,495.3 -112.174805,33.528625,495.3</coordinates>
          </LineString>
        </MultiGeometry>
        <name>P-373</name>
        <description><![CDATA[<div><div><span><b>Altitude:</b></span> <span>1,625 ft</span></div>
<div><span><b>Speed:</b></span> <span>65 kt</span></div>
<div><span><b>Timestamp:</b></span><br/><span>2025-08-26 10:22:58 UTC<br/>2025-08-26 10:23:00 UTC</span></div>
</div>]]></description>
      </Placemark>
      <Placemark>
        <Style>
          <LineStyle>
            <color>ffccff00</color>
            <width>2</width>
          </LineStyle>
        </Style>
        <MultiGeometry>
          <LineString>
            <tessellate>1</tessellate>
            <altitudeMode>absolute</altitudeMode>
            <coordinates>-112.174805,33.528625,495.3 -112.174973,33.527893,502.92</coordinates>
          </LineString>
        </MultiGeometry>
        <name>P-374</name>
        <description><![CDATA[<div><div><span><b>Altitude:</b></span> <span>1,625 ft - 1,650 ft</span></div>
<div><span><b>Speed:</b></span> <span>65 kt</span></div>
<div><span><b>Timestamp:</b></span><br/><span>2025-08-26 10:23:00 UTC<br/>2025-08-26 10:23:02 UTC</span></div>
</div>]]></description>
      </Placemark>
      <Placemark>
        <Style>
          <LineStyle>
            <color>ffccff00</color>
            <width>2</width>
          </LineStyle>
        </Style>
        <MultiGeometry>
          <LineString>
            <tessellate>1</tessellate>
            <altitudeMode>absolute</altitudeMode>
            <coordinates>-112.174973,33.527893,502.92 -112.174782,33.52734,502.92</coordinates>
          </LineString>
        </MultiGeometry>
        <name>P-375</name>
        <description><![CDATA[<div><div><span><b>Altitude:</b></span> <span>1,650 ft</span></div>
<div><span><b>Speed:</b></span> <span>65 kt</span></div>
<div><span><b>Timestamp:</b></span><br/><span>2025-08-26 10:23:02 UTC<br/>2025-08-26 10:23:04 UTC</span></div>
</div>]]></description>
      </Placemark>
      <Placemark>
        <Style>
          <LineStyle>
            <color>ffccff00</color>
            <width>2</width>
          </LineStyle>
        </Style>
        <MultiGeometry>
          <LineString>
            <tessellate>1</tessellate>
            <altitudeMode>absolute</altitudeMode>
            <coordinates>-112.174782,33.52734,502.92 -112.17411,33.526875,502.92</coordinates>
          </LineString>
        </MultiGeometry>
        <name>P-376</name>
        <description><![CDATA[<div><div><span><b>Altitude:</b></span> <span>1,650 ft</span></div>
<div><span><b>Speed:</b></span> <span>65 kt</span></div>
<div><span><b>Timestamp:</b></span><br/><span>2025-08-26 10:23:04 UTC<br/>2025-08-26 10:23:06 UTC</span></div>
</div>]]></description>
      </Placemark>
      <Placemark>
        <Style>
          <LineStyle>
            <color>ffccff00</color>
            <width>2</width>
          </LineStyle>
        </Style>
        <MultiGeometry>
          <LineString>
            <tessellate>1</tessellate>
            <altitudeMode>absolute</altitudeMode>
            <coordinates>-112.17411,33.526875,502.92 -112.173264,33.526794,502.92</coordinates>
          </LineString>
        </MultiGeometry>
        <name>P-377</name>
        <description><![CDATA[<div><div><span><b>Altitude:</b></span> <span>1,650 ft</span></div>
<div><span><b>Speed:</b></span> <span>65 kt - 67 kt</span></div>
<div><span><b>Timestamp:</b></span><br/><span>2025-08-26 10:23:06 UTC<br/>2025-08-26 10:23:09 UTC</span></div>
</div>]]></description>
      </Placemark>
      <Placemark>
        <Style>
          <LineStyle>
            <color>ffccff00</color>
            <width>2</width>
          </LineStyle>
        </Style>
        <MultiGeometry>
          <LineString>
            <tessellate>1</tessellate>
            <altitudeMode>absolute</altitudeMode>
            <coordinates>-112.173264,33.526794,502.92 -112.172539,33.527016,502.92</coordinates>
          </LineString>
        </MultiGeometry>
        <name>P-378</name>
        <description><![CDATA[<div><div><span><b>Altitude:</b></span> <span>1,650 ft</span></div>
<div><span><b>Speed:</b></span> <span>67 kt - 69 kt</span></div>
<div><span><b>Timestamp:</b></span><br/><span>2025-08-26 10:23:09 UTC<br/>2025-08-26 10:23:11 UTC</span></div>
</div>]]></description>
      </Placemark>
      <Placemark>
        <Style>
          <LineStyle>
            <color>ffccff00</color>
            <width>2</width>
          </LineStyle>
        </Style>
        <MultiGeometry>
          <LineString>
            <tessellate>1</tessellate>
            <altitudeMode>absolute</altitudeMode>
            <coordinates>-112.172539,33.527016,502.92 -112.172058,33.527573,502.92</coordinates>
          </LineString>
        </MultiGeometry>
        <name>P-379</name>
        <description><![CDATA[<div><div><span><b>Altitude:</b></span> <span>1,650 ft</span></div>
<div><span><b>Speed:</b></span> <span>69 kt - 70 kt</span></div>
<div><span><b>Timestamp:</b></span><br/><span>2025-08-26 10:23:11 UTC<br/>2025-08-26 10:23:13 UTC</span></div>
</div>]]></description>
      </Placemark>
      <Placemark>
        <Style>
          <LineStyle>
            <color>ffccff00</color>
            <width>2</width>
          </LineStyle>
        </Style>
        <MultiGeometry>
          <LineString>
            <tessellate>1</tessellate>
            <altitudeMode>absolute</altitudeMode>
            <coordinates>-112.172058,33.527573,502.92 -112.171921,33.528179,502.92</coordinates>
          </LineString>
        </MultiGeometry>
        <name>P-380</name>
        <description><![CDATA[<div><div><span><b>Altitude:</b></span> <span>1,650 ft</span></div>
<div><span><b>Speed:</b></span> <span>70 kt</span></div>
<div><span><b>Timestamp:</b></span><br/><span>2025-08-26 10:23:13 UTC<br/>2025-08-26 10:23:15 UTC</span></div>
</div>]]></description>
      </Placemark>
      <Placemark>
        <Style>
          <LineStyle>
            <color>ffccff00</color>
            <width>2</width>
          </LineStyle>
        </Style>
        <MultiGeometry>
          <LineString>
            <tessellate>1</tessellate>
            <altitudeMode>absolute</altitudeMode>
            <coordinates>-112.171921,33.528179,502.92 -112.172371,33.528923,502.92</coordinates>
          </LineString>
        </MultiGeometry>
        <name>P-381</name>
        <description><![CDATA[<div><div><span><b>Altitude:</b></span> <span>1,650 ft</span></div>
<div><span><b>Speed:</b></span> <span>70 kt - 71 kt</span></div>
<div><span><b>Timestamp:</b></span><br/><span>2025-08-26 10:23:15 UTC<br/>2025-08-26 10:23:17 UTC</span></div>
</div>]]></description>
      </Placemark>
      <Placemark>
        <Style>
          <LineStyle>
            <color>ffccff00</color>
            <width>2</width>
          </LineStyle>
        </Style>
        <MultiGeometry>
          <LineString>
            <tessellate>1</tessellate>
            <altitudeMode>absolute</altitudeMode>
            <coordinates>-112.172371,33.528923,502.92 -112.172989,33.529266,502.92</coordinates>
          </LineString>
        </MultiGeometry>
        <name>P-382</name>
        <description><![CDATA[<div><div><span><b>Altitude:</b></span> <span>1,650 ft</span></div>
<div><span><b>Speed:</b></span> <span>71 kt - 69 kt</span></div>
<div><span><b>Timestamp:</b></span><br/><span>2025-08-26 10:23:17 UTC<br/>2025-08-26 10:23:19 UTC</span></div>
</div>]]></description>
      </Placemark>
      <Placemark>
        <Style>
          <LineStyle>
            <color>ffccff00</color>
            <width>2</width>
          </LineStyle>
        </Style>
        <MultiGeometry>
          <LineString>
            <tessellate>1</tessellate>
            <altitudeMode>absolute</altitudeMode>
            <coordinates>-112.172989,33.529266,502.92 -112.173759,33.529266,502.92</coordinates>
          </LineString>
        </MultiGeometry>
        <name>P-383</name>
        <description><![CDATA[<div><div><span><b>Altitude:</b></span> <span>1,650 ft</span></div>
<div><span><b>Speed:</b></span> <span>69 kt - 70 kt</span></div>
<div><span><b>Timestamp:</b></span><br/><span>2025-08-26 10:23:19 UTC<br/>2025-08-26 10:23:21 UTC</span></div>
</div>]]></description>
      </Placemark>
      <Placemark>
        <Style>
          <LineStyle>
            <color>ffccff00</color>
            <width>2</width>
          </LineStyle>
        </Style>
        <MultiGeometry>
          <LineString>
            <tessellate>1</tessellate>
            <altitudeMode>absolute</altitudeMode>
            <coordinates>-112.173759,33.529266,502.92 -112.174477,33.529037,502.92</coordinates>
          </LineString>
        </MultiGeometry>
        <name>P-384</name>
        <description><![CDATA[<div><div><span><b>Altitude:</b></span> <span>1,650 ft</span></div>
<div><span><b>Speed:</b></span> <span>70 kt - 68 kt</span></div>
<div><span><b>Timestamp:</b></span><br/><span>2025-08-26 10:23:21 UTC<br/>2025-08-26 10:23:24 UTC</span></div>
</div>]]></description>
      </Placemark>
      <Placemark>
        <Style>
          <LineStyle>
            <color>ffccff00</color>
            <width>2</width>
          </LineStyle>
        </Style>
        <MultiGeometry>
          <LineString>
            <tessellate>1</tessellate>
            <altitudeMode>absolute</altitudeMode>
            <coordinates>-112.174477,33.529037,502.92 -112.174911,33.528397,510.54</coordinates>
          </LineString>
        </MultiGeometry>
        <name>P-385</name>
        <description><![CDATA[<div><div><span><b>Altitude:</b></span> <span>1,650 ft - 1,675 ft</span></div>
<div><span><b>Speed:</b></span> <span>68 kt - 64 kt</span></div>
<div><span><b>Timestamp:</b></span><br/><span>2025-08-26 10:23:24 UTC<br/>2025-08-26 10:23:26 UTC</span></div>
</div>]]></description>
      </Placemark>
      <Placemark>
        <Style>
          <LineStyle>
            <color>ffccff00</color>
            <width>2</width>
          </LineStyle>
        </Style>
        <MultiGeometry>
          <LineString>
            <tessellate>1</tessellate>
            <altitudeMode>absolute</altitudeMode>
            <coordinates>-112.174911,33.528397,510.54 -112.174896,33.527573,510.54</coordinates>
          </LineString>
        </MultiGeometry>
        <name>P-386</name>
        <description><![CDATA[<div><div><span><b>Altitude:</b></span> <span>1,675 ft</span></div>
<div><span><b>Speed:</b></span> <span>64 kt - 65 kt</span></div>
<div><span><b>Timestamp:</b></span><br/><span>2025-08-26 10:23:26 UTC<br/>2025-08-26 10:23:28 UTC</span></div>
</div>]]></description>
      </Placemark>
      <Placemark>
        <Style>
          <LineStyle>
            <color>ffccff00</color>
            <width>2</width>
          </LineStyle>
        </Style>
        <MultiGeometry>
          <LineString>
            <tessellate>1</tessellate>
            <altitudeMode>absolute</altitudeMode>
            <coordinates>-112.174896,33.527573,510.54 -112.174393,33.527016,510.54</coordinates>
          </LineString>
        </MultiGeometry>
        <name>P-387</name>
        <description><![CDATA[<div><div><span><b>Altitude:</b></span> <span>1,675 ft</span></div>
<div><span><b>Speed:</b></span> <span>65 kt - 66 kt</span></div>
<div><span><b>Timestamp:</b></span><br/><span>2025-08-26 10:23:28 UTC<br/>2025-08-26 10:23:31 UTC</span></div>
</div>]]></description>
      </Placemark>
      <Placemark>
        <Style>
          <LineStyle>
            <color>ffccff00</color>
            <width>2</width>
          </LineStyle>
        </Style>
        <MultiGeometry>
          <LineString>
            <tessellate>1</tessellate>
            <altitudeMode>absolute</altitudeMode>
            <coordinates>-112.174393,33.527016,510.54 -112.173759,33.526749,510.54</coordinates>
          </LineString>
        </MultiGeometry>
        <name>P-388</name>
        <description><![CDATA[<div><div><span><b>Altitude:</b></span> <span>1,675 ft</span></div>
<div><span><b>Speed:</b></span> <span>66 kt - 67 kt</span></div>
<div><span><b>Timestamp:</b></span><br/><span>2025-08-26 10:23:31 UTC<br/>2025-08-26 10:23:33 UTC</span></div>
</div>]]></description>
      </Placemark>
      <Placemark>
        <Style>
          <LineStyle>
            <color>ffccff00</color>
            <width>2</width>
          </LineStyle>
        </Style>
        <MultiGeometry>
          <LineString>
            <tessellate>1</tessellate>
            <altitudeMode>absolute</altitudeMode>
            <coordinates>-112.173759,33.526749,510.54 -112.172821,33.526783,510.54</coordinates>
          </LineString>
        </MultiGeometry>
        <name>P-389</name>
        <description><![CDATA[<div><div><span><b>Altitude:</b></span> <span>1,675 ft</span></div>
<div><span><b>Speed:</b></span> <span>67 kt - 69 kt</span></div>
<div><span><b>Timestamp:</b></span><br/><span>2025-08-26 10:23:33 UTC<br/>2025-08-26 10:23:35 UTC</span></div>
</div>]]></description>
      </Placemark>
      <Placemark>
        <Style>
          <LineStyle>
            <color>ffccff00</color>
            <width>2</width>
          </LineStyle>
        </Style>
        <MultiGeometry>
          <LineString>
            <tessellate>1</tessellate>
            <altitudeMode>absolute</altitudeMode>
            <coordinates>-112.172821,33.526783,510.54 -112.172165,33.527069,518.16</coordinates>
          </LineString>
        </MultiGeometry>
        <name>P-390</name>
        <description><![CDATA[<div><div><span><b>Altitude:</b></span> <span>1,675 ft - 1,700 ft</span></div>
<div><span><b>Speed:</b></span> <span>69 kt - 71 kt</span></div>
<div><span><b>Timestamp:</b></span><br/><span>2025-08-26 10:23:35 UTC<br/>2025-08-26 10:23:37 UTC</span></div>
</div>]]></description>
      </Placemark>
      <Placemark>
        <Style>
          <LineStyle>
            <color>ffccff00</color>
            <width>2</width>
          </LineStyle>
        </Style>
        <MultiGeometry>
          <LineString>
            <tessellate>1</tessellate>
            <altitudeMode>absolute</altitudeMode>
            <coordinates>-112.172165,33.527069,518.16 -112.171585,33.527668,518.16</coordinates>
          </LineString>
        </MultiGeometry>
        <name>P-391</name>
        <description><![CDATA[<div><div><span><b>Altitude:</b></span> <span>1,700 ft</span></div>
<div><span><b>Speed:</b></span> <span>71 kt - 72 kt</span></div>
<div><span><b>Timestamp:</b></span><br/><span>2025-08-26 10:23:37 UTC<br/>2025-08-26 10:23:39 UTC</span></div>
</div>]]></description>
      </Placemark>
      <Placemark>
        <Style>
          <LineStyle>
            <color>ffccff00</color>
            <width>2</width>
          </LineStyle>
        </Style>
        <MultiGeometry>
          <LineString>
            <tessellate>1</tessellate>
            <altitudeMode>absolute</altitudeMode>
            <coordinates>-112.171585,33.527668,518.16 -112.171417,33.528412,518.16</coordinates>
          </LineString>
        </MultiGeometry>
        <name>P-392</name>
        <description><![CDATA[<div><div><span><b>Altitude:</b></span> <span>1,700 ft</span></div>
<div><span><b>Speed:</b></span> <span>72 kt - 75 kt</span></div>
<div><span><b>Timestamp:</b></span><br/><span>2025-08-26 10:23:39 UTC<br/>2025-08-26 10:23:41 UTC</span></div>
</div>]]></description>
      </Placemark>
      <Placemark>
        <Style>
          <LineStyle>
            <color>ffccff00</color>
            <width>2</width>
          </LineStyle>
        </Style>
        <MultiGeometry>
          <LineString>
            <tessellate>1</tessellate>
            <altitudeMode>absolute</altitudeMode>
            <coordinates>-112.171417,33.528412,518.16 -112.17173,33.529266,518.16</coordinates>
          </LineString>
        </MultiGeometry>
        <name>P-393</name>
        <description><![CDATA[<div><div><span><b>Altitude:</b></span> <span>1,700 ft</span></div>
<div><span><b>Speed:</b></span> <span>75 kt</span></div>
<div><span><b>Timestamp:</b></span><br/><span>2025-08-26 10:23:41 UTC<br/>2025-08-26 10:23:44 UTC</span></div>
</div>]]></description>
      </Placemark>
      <Placemark>
        <Style>
          <LineStyle>
            <color>ffccff00</color>
            <width>2</width>
          </LineStyle>
        </Style>
        <MultiGeometry>
          <LineString>
            <tessellate>1</tessellate>
            <altitudeMode>absolute</altitudeMode>
            <coordinates>-112.17173,33.529266,518.16 -112.172226,33.529816,518.16</coordinates>
          </LineString>
        </MultiGeometry>
        <name>P-394</name>
        <description><![CDATA[<div><div><span><b>Altitude:</b></span> <span>1,700 ft</span></div>
<div><span><b>Speed:</b></span> <span>75 kt</span></div>
<div><span><b>Timestamp:</b></span><br/><span>2025-08-26 10:23:44 UTC<br/>2025-08-26 10:23:46 UTC</span></div>
</div>]]></description>
      </Placemark>
      <Placemark>
        <Style>
          <LineStyle>
            <color>ffccff00</color>
            <width>2</width>
          </LineStyle>
        </Style>
        <MultiGeometry>
          <LineString>
            <tessellate>1</tessellate>
            <altitudeMode>absolute</altitudeMode>
            <coordinates>-112.172226,33.529816,518.16 -112.173157,33.530228,525.78</coordinates>
          </LineString>
        </MultiGeometry>
        <name>P-395</name>
        <description><![CDATA[<div><div><span><b>Altitude:</b></span> <span>1,700 ft - 1,725 ft</span></div>
<div><span><b>Speed:</b></span> <span>75 kt</span></div>
<div><span><b>Timestamp:</b></span><br/><span>2025-08-26 10:23:46 UTC<br/>2025-08-26 10:23:49 UTC</span></div>
</div>]]></description>
      </Placemark>
      <Placemark>
        <Style>
          <LineStyle>
            <color>ffccff00</color>
            <width>2</width>
          </LineStyle>
        </Style>
        <MultiGeometry>
          <LineString>
            <tessellate>1</tessellate>
            <altitudeMode>absolute</altitudeMode>
            <coordinates>-112.173157,33.530228,525.78 -112.174057,33.530228,533.4</coordinates>
          </LineString>
        </MultiGeometry>
        <name>P-396</name>
        <description><![CDATA[<div><div><span><b>Altitude:</b></span> <span>1,725 ft - 1,750 ft</span></div>
<div><span><b>Speed:</b></span> <span>75 kt</span></div>
<div><span><b>Timestamp:</b></span><br/><span>2025-08-26 10:23:49 UTC<br/>2025-08-26 10:23:51 UTC</span></div>
</div>]]></description>
      </Placemark>
      <Placemark>
        <Style>
          <LineStyle>
            <color>ffccff00</color>
            <width>2</width>
          </LineStyle>
        </Style>
        <MultiGeometry>
          <LineString>
            <tessellate>1</tessellate>
            <altitudeMode>absolute</altitudeMode>
            <coordinates>-112.174057,33.530228,533.4 -112.174858,33.529999,533.4</coordinates>
          </LineString>
        </MultiGeometry>
        <name>P-397</name>
        <description><![CDATA[<div><div><span><b>Altitude:</b></span> <span>1,750 ft</span></div>
<div><span><b>Speed:</b></span> <span>75 kt - 74 kt</span></div>
<div><span><b>Timestamp:</b></span><br/><span>2025-08-26 10:23:51 UTC<br/>2025-08-26 10:23:53 UTC</span></div>
</div>]]></description>
      </Placemark>
      <Placemark>
        <Style>
          <LineStyle>
            <color>ffccff00</color>
            <width>2</width>
          </LineStyle>
        </Style>
        <MultiGeometry>
          <LineString>
            <tessellate>1</tessellate>
            <altitudeMode>absolute</altitudeMode>
            <coordinates>-112.174858,33.529999,533.4 -112.175682,33.529449,541.02</coordinates>
          </LineString>
        </MultiGeometry>
        <name>P-398</name>
        <description><![CDATA[<div><div><span><b>Altitude:</b></span> <span>1,750 ft - 1,775 ft</span></div>
<div><span><b>Speed:</b></span> <span>74 kt - 73 kt</span></div>
<div><span><b>Timestamp:</b></span><br/><span>2025-08-26 10:23:53 UTC<br/>2025-08-26 10:23:56 UTC</span></div>
</div>]]></description>
      </Placemark>
      <Placemark>
        <Style>
          <LineStyle>
            <color>ffccff00</color>
            <width>2</width>
          </LineStyle>
        </Style>
        <MultiGeometry>
          <LineString>
            <tessellate>1</tessellate>
            <altitudeMode>absolute</altitudeMode>
            <coordinates>-112.175682,33.529449,541.02 -112.176125,33.528782,541.02</coordinates>
          </LineString>
        </MultiGeometry>
        <name>P-399</name>
        <description><![CDATA[<div><div><span><b>Altitude:</b></span> <span>1,775 ft</span></div>
<div><span><b>Speed:</b></span> <span>73 kt</span></div>
<div><span><b>Timestamp:</b></span><br/><span>2025-08-26 10:23:56 UTC<br/>2025-08-26 10:23:58 UTC</span></div>
</div>]]></description>
      </Placemark>
      <Placemark>
        <Style>
          <LineStyle>
            <color>ffccff00</color>
            <width>2</width>
          </LineStyle>
        </Style>
        <MultiGeometry>
          <LineString>
            <tessellate>1</tessellate>
            <altitudeMode>absolute</altitudeMode>
            <coordinates>-112.176125,33.528782,541.02 -112.176231,33.528076,548.64</coordinates>
          </LineString>
        </MultiGeometry>
        <name>P-400</name>
        <description><![CDATA[<div><div><span><b>Altitude:</b></span> <span>1,775 ft - 1,800 ft</span></div>
<div><span><b>Speed:</b></span> <span>73 kt - 74 kt</span></div>
<div><span><b>Timestamp:</b></span><br/><span>2025-08-26 10:23:58 UTC<br/>2025-08-26 10:24:00 UTC</span></div>
</div>]]></description>
      </Placemark>
      <Placemark>
        <Style>
          <LineStyle>
            <color>ffccff00</color>
            <width>2</width>
          </LineStyle>
        </Style>
        <MultiGeometry>
          <LineString>
            <tessellate>1</tessellate>
            <altitudeMode>absolute</altitudeMode>
            <coordinates>-112.176231,33.528076,548.64 -112.175957,33.52734,548.64</coordinates>
          </LineString>
        </MultiGeometry>
        <name>P-401</name>
        <description><![CDATA[<div><div><span><b>Altitude:</b></span> <span>1,800 ft</span></div>
<div><span><b>Speed:</b></span> <span>74 kt - 77 kt</span></div>
<div><span><b>Timestamp:</b></span><br/><span>2025-08-26 10:24:00 UTC<br/>2025-08-26 10:24:02 UTC</span></div>
</div>]]></description>
      </Placemark>
      <Placemark>
        <Style>
          <LineStyle>
            <color>ffccff00</color>
            <width>2</width>
          </LineStyle>
        </Style>
        <MultiGeometry>
          <LineString>
            <tessellate>1</tessellate>
            <altitudeMode>absolute</altitudeMode>
            <coordinates>-112.175957,33.52734,548.64 -112.175514,33.526737,548.64</coordinates>
          </LineString>
        </MultiGeometry>
        <name>P-402</name>
        <description><![CDATA[<div><div><span><b>Altitude:</b></span> <span>1,800 ft</span></div>
<div><span><b>Speed:</b></span> <span>77 kt - 82 kt</span></div>
<div><span><b>Timestamp:</b></span><br/><span>2025-08-26 10:24:02 UTC<br/>2025-08-26 10:24:04 UTC</span></div>
</div>]]></description>
      </Placemark>
      <Placemark>
        <Style>
          <LineStyle>
            <color>ffccff00</color>
            <width>2</width>
          </LineStyle>
        </Style>
        <MultiGeometry>
          <LineString>
            <tessellate>1</tessellate>
            <altitudeMode>absolute</altitudeMode>
            <coordinates>-112.175514,33.526737,548.64 -112.174751,33.526154,541.02</coordinates>
          </LineString>
        </MultiGeometry>
        <name>P-403</name>
        <description><![CDATA[<div><div><span><b>Altitude:</b></span> <span>1,800 ft - 1,775 ft</span></div>
<div><span><b>Speed:</b></span> <span>82 kt - 88 kt</span></div>
<div><span><b>Timestamp:</b></span><br/><span>2025-08-26 10:24:04 UTC<br/>2025-08-26 10:24:06 UTC</span></div>
</div>]]></description>
      </Placemark>
      <Placemark>
        <Style>
          <LineStyle>
            <color>ffccff00</color>
            <width>2</width>
          </LineStyle>
        </Style>
        <MultiGeometry>
          <LineString>
            <tessellate>1</tessellate>
            <altitudeMode>absolute</altitudeMode>
            <coordinates>-112.174751,33.526154,541.02 -112.173828,33.525757,541.02</coordinates>
          </LineString>
        </MultiGeometry>
        <name>P-404</name>
        <description><![CDATA[<div><div><span><b>Altitude:</b></span> <span>1,775 ft</span></div>
<div><span><b>Speed:</b></span> <span>88 kt - 93 kt</span></div>
<div><span><b>Timestamp:</b></span><br/><span>2025-08-26 10:24:06 UTC<br/>2025-08-26 10:24:08 UTC</span></div>
</div>]]></description>
      </Placemark>
      <Placemark>
        <Style>
          <LineStyle>
            <color>ffccff00</color>
            <width>2</width>
          </LineStyle>
        </Style>
        <MultiGeometry>
          <LineString>
            <tessellate>1</tessellate>
            <altitudeMode>absolute</altitudeMode>
            <coordinates>-112.173828,33.525757,541.02 -112.172539,33.525433,533.4</coordinates>
          </LineString>
        </MultiGeometry>
        <name>P-405</name>
        <description><![CDATA[<div><div><span><b>Altitude:</b></span> <span>1,775 ft - 1,750 ft</span></div>
<div><span><b>Speed:</b></span> <span>93 kt - 99 kt</span></div>
<div><span><b>Timestamp:</b></span><br/><span>2025-08-26 10:24:08 UTC<br/>2025-08-26 10:24:11 UTC</span></div>
</div>]]></description>
      </Placemark>
      <Placemark>
        <Style>
          <LineStyle>
            <color>ffccff00</color>
            <width>2</width>
          </LineStyle>
        </Style>
        <MultiGeometry>
          <LineString>
            <tessellate>1</tessellate>
            <altitudeMode>absolute</altitudeMode>
            <coordinates>-112.172539,33.525433,533.4 -112.171181,33.525421,525.78</coordinates>
          </LineString>
        </MultiGeometry>
        <name>P-406</name>
        <description><![CDATA[<div><div><span><b>Altitude:</b></span> <span>1,750 ft - 1,725 ft</span></div>
<div><span><b>Speed:</b></span> <span>99 kt - 104 kt</span></div>
<div><span><b>Timestamp:</b></span><br/><span>2025-08-26 10:24:11 UTC<br/>2025-08-26 10:24:13 UTC</span></div>
</div>]]></description>
      </Placemark>
      <Placemark>
        <Style>
          <LineStyle>
            <color>ffccff00</color>
            <width>2</width>
          </LineStyle>
        </Style>
        <MultiGeometry>
          <LineString>
            <tessellate>1</tessellate>
            <altitudeMode>absolute</altitudeMode>
            <coordinates>-112.171181,33.525421,525.78 -112.170029,33.525558,518.16</coordinates>
          </LineString>
        </MultiGeometry>
        <name>P-407</name>
        <description><![CDATA[<div><div><span><b>Altitude:</b></span> <span>1,725 ft - 1,700 ft</span></div>
<div><span><b>Speed:</b></span> <span>104 kt - 106 kt</span></div>
<div><span><b>Timestamp:</b></span><br/><span>2025-08-26 10:24:13 UTC<br/>2025-08-26 10:24:15 UTC</span></div>
</div>]]></description>
      </Placemark>
      <Placemark>
        <Style>
          <LineStyle>
            <color>ffccff00</color>
            <width>2</width>
          </LineStyle>
        </Style>
        <MultiGeometry>
          <LineString>
            <tessellate>1</tessellate>
            <altitudeMode>absolute</altitudeMode>
            <coordinates>-112.170029,33.525558,518.16 -112.168732,33.525898,518.16</coordinates>
          </LineString>
        </MultiGeometry>
        <name>P-408</name>
        <description><![CDATA[<div><div><span><b>Altitude:</b></span> <span>1,700 ft</span></div>
<div><span><b>Speed:</b></span> <span>106 kt - 107 kt</span></div>
<div><span><b>Timestamp:</b></span><br/><span>2025-08-26 10:24:15 UTC<br/>2025-08-26 10:24:17 UTC</span></div>
</div>]]></description>
      </Placemark>
      <Placemark>
        <Style>
          <LineStyle>
            <color>ffccff00</color>
            <width>2</width>
          </LineStyle>
        </Style>
        <MultiGeometry>
          <LineString>
            <tessellate>1</tessellate>
            <altitudeMode>absolute</altitudeMode>
            <coordinates>-112.168732,33.525898,518.16 -112.16777,33.526291,518.16</coordinates>
          </LineString>
        </MultiGeometry>
        <name>P-409</name>
        <description><![CDATA[<div><div><span><b>Altitude:</b></span> <span>1,700 ft</span></div>
<div><span><b>Speed:</b></span> <span>107 kt</span></div>
<div><span><b>Timestamp:</b></span><br/><span>2025-08-26 10:24:17 UTC<br/>2025-08-26 10:24:20 UTC</span></div>
</div>]]></description>
      </Placemark>
      <Placemark>
        <Style>
          <LineStyle>
            <color>ffccff00</color>
            <width>2</width>
          </LineStyle>
        </Style>
        <MultiGeometry>
          <LineString>
            <tessellate>1</tessellate>
            <altitudeMode>absolute</altitudeMode>
            <coordinates>-112.16777,33.526291,518.16 -112.166428,33.527016,518.16</coordinates>
          </LineString>
        </MultiGeometry>
        <name>P-410</name>
        <description><![CDATA[<div><div><span><b>Altitude:</b></span> <span>1,700 ft</span></div>
<div><span><b>Speed:</b></span> <span>107 kt - 108 kt</span></div>
<div><span><b>Timestamp:</b></span><br/><span>2025-08-26 10:24:20 UTC<br/>2025-08-26 10:24:22 UTC</span></div>
</div>]]></description>
      </Placemark>
      <Placemark>
        <Style>
          <LineStyle>
            <color>ffccff00</color>
            <width>2</width>
          </LineStyle>
        </Style>
        <MultiGeometry>
          <LineString>
            <tessellate>1</tessellate>
            <altitudeMode>absolute</altitudeMode>
            <coordinates>-112.166428,33.527016,518.16 -112.165535,33.527668,518.16</coordinates>
          </LineString>
        </MultiGeometry>
        <name>P-411</name>
        <description><![CDATA[<div><div><span><b>Altitude:</b></span> <span>1,700 ft</span></div>
<div><span><b>Speed:</b></span> <span>108 kt</span></div>
<div><span><b>Timestamp:</b></span><br/><span>2025-08-26 10:24:22 UTC<br/>2025-08-26 10:24:24 UTC</span></div>
</div>]]></description>
      </Placemark>
      <Placemark>
        <Style>
          <LineStyle>
            <color>ffccff00</color>
            <width>2</width>
          </LineStyle>
        </Style>
        <MultiGeometry>
          <LineString>
            <tessellate>1</tessellate>
            <altitudeMode>absolute</altitudeMode>
            <coordinates>-112.165535,33.527668,518.16 -112.164581,33.528599,525.78</coordinates>
          </LineString>
        </MultiGeometry>
        <name>P-412</name>
        <description><![CDATA[<div><div><span><b>Altitude:</b></span> <span>1,700 ft - 1,725 ft</span></div>
<div><span><b>Speed:</b></span> <span>108 kt - 109 kt</span></div>
<div><span><b>Timestamp:</b></span><br/><span>2025-08-26 10:24:24 UTC<br/>2025-08-26 10:24:26 UTC</span></div>
</div>]]></description>
      </Placemark>
      <Placemark>
        <Style>
          <LineStyle>
            <color>ffccff00</color>
            <width>2</width>
          </LineStyle>
        </Style>
        <MultiGeometry>
          <LineString>
            <tessellate>1</tessellate>
            <altitudeMode>absolute</altitudeMode>
            <coordinates>-112.164581,33.528599,525.78 -112.163849,33.529388,525.78</coordinates>
          </LineString>
        </MultiGeometry>
        <name>P-413</name>
        <description><![CDATA[<div><div><span><b>Altitude:</b></span> <span>1,725 ft</span></div>
<div><span><b>Speed:</b></span> <span>109 kt - 110 kt</span></div>
<div><span><b>Timestamp:</b></span><br/><span>2025-08-26 10:24:26 UTC<br/>2025-08-26 10:24:29 UTC</span></div>
</div>]]></description>
      </Placemark>
      <Placemark>
        <Style>
          <LineStyle>
            <color>ffccff00</color>
            <width>2</width>
          </LineStyle>
        </Style>
        <MultiGeometry>
          <LineString>
            <tessellate>1</tessellate>
            <altitudeMode>absolute</altitudeMode>
            <coordinates>-112.163849,33.529388,525.78 -112.16301,33.530552,525.78</coordinates>
          </LineString>
        </MultiGeometry>
        <name>P-414</name>
        <description><![CDATA[<div><div><span><b>Altitude:</b></span> <span>1,725 ft</span></div>
<div><span><b>Speed:</b></span> <span>110 kt - 111 kt</span></div>
<div><span><b>Timestamp:</b></span><br/><span>2025-08-26 10:24:29 UTC<br/>2025-08-26 10:24:31 UTC</span></div>
</div>]]></description>
      </Placemark>
      <Placemark>
        <Style>
          <LineStyle>
            <color>ffccff00</color>
            <width>2</width>
          </LineStyle>
        </Style>
        <MultiGeometry>
          <LineString>
            <tessellate>1</tessellate>
            <altitudeMode>absolute</altitudeMode>
            <coordinates>-112.16301,33.530552,525.78 -112.162445,33.531509,525.78</coordinates>
          </LineString>
        </MultiGeometry>
        <name>P-415</name>
        <description><![CDATA[<div><div><span><b>Altitude:</b></span> <span>1,725 ft</span></div>
<div><span><b>Speed:</b></span> <span>111 kt - 110 kt</span></div>
<div><span><b>Timestamp:</b></span><br/><span>2025-08-26 10:24:31 UTC<br/>2025-08-26 10:24:33 UTC</span></div>
</div>]]></description>
      </Placemark>
      <Placemark>
        <Style>
          <LineStyle>
            <color>ffccff00</color>
            <width>2</width>
          </LineStyle>
        </Style>
        <MultiGeometry>
          <LineString>
            <tessellate>1</tessellate>
            <altitudeMode>absolute</altitudeMode>
            <coordinates>-112.162445,33.531509,525.78 -112.162003,33.532322,533.4</coordinates>
          </LineString>
        </MultiGeometry>
        <name>P-416</name>
        <description><![CDATA[<div><div><span><b>Altitude:</b></span> <span>1,725 ft - 1,750 ft</span></div>
<div><span><b>Speed:</b></span> <span>110 kt - 111 kt</span></div>
<div><span><b>Timestamp:</b></span><br/><span>2025-08-26 10:24:33 UTC<br/>2025-08-26 10:24:35 UTC</span></div>
</div>]]></description>
      </Placemark>
      <Placemark>
        <Style>
          <LineStyle>
            <color>ffccff00</color>
            <width>2</width>
          </LineStyle>
        </Style>
        <MultiGeometry>
          <LineString>
            <tessellate>1</tessellate>
            <altitudeMode>absolute</altitudeMode>
            <coordinates>-112.162003,33.532322,533.4 -112.161568,33.53334,533.4</coordinates>
          </LineString>
        </MultiGeometry>
        <name>P-417</name>
        <description><![CDATA[<div><div><span><b>Altitude:</b></span> <span>1,750 ft</span></div>
<div><span><b>Speed:</b></span> <span>111 kt</span></div>
<div><span><b>Timestamp:</b></span><br/><span>2025-08-26 10:24:35 UTC<br/>2025-08-26 10:24:37 UTC</span></div>
</div>]]></description>
      </Placemark>
      <Placemark>
        <Style>
          <LineStyle>
            <color>ffccff00</color>
            <width>2</width>
          </LineStyle>
        </Style>
        <MultiGeometry>
          <LineString>
            <tessellate>1</tessellate>
            <altitudeMode>absolute</altitudeMode>
            <coordinates>-112.161568,33.53334,533.4 -112.161018,33.534485,533.4</coordinates>
          </LineString>
        </MultiGeometry>
        <name>P-418</name>
        <description><![CDATA[<div><div><span><b>Altitude:</b></span> <span>1,750 ft</span></div>
<div><span><b>Speed:</b></span> <span>111 kt</span></div>
<div><span><b>Timestamp:</b></span><br/><span>2025-08-26 10:24:37 UTC<br/>2025-08-26 10:24:39 UTC</span></div>
</div>]]></description>
      </Placemark>
      <Placemark>
        <Style>
          <LineStyle>
            <color>ffccff00</color>
            <width>2</width>
          </LineStyle>
        </Style>
        <MultiGeometry>
          <LineString>
            <tessellate>1</tessellate>
            <altitudeMode>absolute</altitudeMode>
            <coordinates>-112.161018,33.534485,533.4 -112.160545,33.535393,541.02</coordinates>
          </LineString>
        </MultiGeometry>
        <name>P-419</name>
        <description><![CDATA[<div><div><span><b>Altitude:</b></span> <span>1,750 ft - 1,775 ft</span></div>
<div><span><b>Speed:</b></span> <span>111 kt</span></div>
<div><span><b>Timestamp:</b></span><br/><span>2025-08-26 10:24:39 UTC<br/>2025-08-26 10:24:41 UTC</span></div>
</div>]]></description>
      </Placemark>
      <Placemark>
        <Style>
          <LineStyle>
            <color>ffccff00</color>
            <width>2</width>
          </LineStyle>
        </Style>
        <MultiGeometry>
          <LineString>
            <tessellate>1</tessellate>
            <altitudeMode>absolute</altitudeMode>
            <coordinates>-112.160545,33.535393,541.02 -112.16008,33.536407,541.02</coordinates>
          </LineString>
        </MultiGeometry>
        <name>P-420</name>
        <description><![CDATA[<div><div><span><b>Altitude:</b></span> <span>1,775 ft</span></div>
<div><span><b>Speed:</b></span> <span>111 kt</span></div>
<div><span><b>Timestamp:</b></span><br/><span>2025-08-26 10:24:41 UTC<br/>2025-08-26 10:24:43 UTC</span></div>
</div>]]></description>
      </Placemark>
      <Placemark>
        <Style>
          <LineStyle>
            <color>ffccff00</color>
            <width>2</width>
          </LineStyle>
        </Style>
        <MultiGeometry>
          <LineString>
            <tessellate>1</tessellate>
            <altitudeMode>absolute</altitudeMode>
            <coordinates>-112.16008,33.536407,541.02 -112.159424,33.537674,541.02</coordinates>
          </LineString>
        </MultiGeometry>
        <name>P-421</name>
        <description><![CDATA[<div><div><span><b>Altitude:</b></span> <span>1,775 ft</span></div>
<div><span><b>Speed:</b></span> <span>111 kt - 112 kt</span></div>
<div><span><b>Timestamp:</b></span><br/><span>2025-08-26 10:24:43 UTC<br/>2025-08-26 10:24:46 UTC</span></div>
</div>]]></description>
      </Placemark>
      <Placemark>
        <Style>
          <LineStyle>
            <color>ffccff00</color>
            <width>2</width>
          </LineStyle>
        </Style>
        <MultiGeometry>
          <LineString>
            <tessellate>1</tessellate>
            <altitudeMode>absolute</altitudeMode>
            <coordinates>-112.159424,33.537674,541.02 -112.158928,33.538605,548.64</coordinates>
          </LineString>
        </MultiGeometry>
        <name>P-422</name>
        <description><![CDATA[<div><div><span><b>Altitude:</b></span> <span>1,775 ft - 1,800 ft</span></div>
<div><span><b>Speed:</b></span> <span>112 kt</span></div>
<div><span><b>Timestamp:</b></span><br/><span>2025-08-26 10:24:46 UTC<br/>2025-08-26 10:24:48 UTC</span></div>
</div>]]></description>
      </Placemark>
      <Placemark>
        <Style>
          <LineStyle>
            <color>ffccff00</color>
            <width>2</width>
          </LineStyle>
        </Style>
        <MultiGeometry>
          <LineString>
            <tessellate>1</tessellate>
            <altitudeMode>absolute</altitudeMode>
            <coordinates>-112.158928,33.538605,548.64 -112.158325,33.539749,548.64</coordinates>
          </LineString>
        </MultiGeometry>
        <name>P-423</name>
        <description><![CDATA[<div><div><span><b>Altitude:</b></span> <span>1,800 ft</span></div>
<div><span><b>Speed:</b></span> <span>112 kt</span></div>
<div><span><b>Timestamp:</b></span><br/><span>2025-08-26 10:24:48 UTC<br/>2025-08-26 10:24:50 UTC</span></div>
</div>]]></description>
      </Placemark>
      <Placemark>
        <Style>
          <LineStyle>
            <color>ffccff00</color>
            <width>2</width>
          </LineStyle>
        </Style>
        <MultiGeometry>
          <LineString>
            <tessellate>1</tessellate>
            <altitudeMode>absolute</altitudeMode>
            <coordinates>-112.158325,33.539749,548.64 -112.157799,33.540802,548.64</coordinates>
          </LineString>
        </MultiGeometry>
        <name>P-424</name>
        <description><![CDATA[<div><div><span><b>Altitude:</b></span> <span>1,800 ft</span></div>
<div><span><b>Speed:</b></span> <span>112 kt - 113 kt</span></div>
<div><span><b>Timestamp:</b></span><br/><span>2025-08-26 10:24:50 UTC<br/>2025-08-26 10:24:53 UTC</span></div>
</div>]]></description>
      </Placemark>
      <Placemark>
        <Style>
          <LineStyle>
            <color>ffccff00</color>
            <width>2</width>
          </LineStyle>
        </Style>
        <MultiGeometry>
          <LineString>
            <tessellate>1</tessellate>
            <altitudeMode>absolute</altitudeMode>
            <coordinates>-112.157799,33.540802,548.64 -112.157295,33.541763,548.64</coordinates>
          </LineString>
        </MultiGeometry>
        <name>P-425</name>
        <description><![CDATA[<div><div><span><b>Altitude:</b></span> <span>1,800 ft</span></div>
<div><span><b>Speed:</b></span> <span>113 kt - 112 kt</span></div>
<div><span><b>Timestamp:</b></span><br/><span>2025-08-26 10:24:53 UTC<br/>2025-08-26 10:24:55 UTC</span></div>
</div>]]></description>
      </Placemark>
      <Placemark>
        <Style>
          <LineStyle>
            <color>ffccff00</color>
            <width>2</width>
          </LineStyle>
        </Style>
        <MultiGeometry>
          <LineString>
            <tessellate>1</tessellate>
            <altitudeMode>absolute</altitudeMode>
            <coordinates>-112.157295,33.541763,548.64 -112.156616,33.543167,556.26</coordinates>
          </LineString>
        </MultiGeometry>
        <name>P-426</name>
        <description><![CDATA[<div><div><span><b>Altitude:</b></span> <span>1,800 ft - 1,825 ft</span></div>
<div><span><b>Speed:</b></span> <span>112 kt - 113 kt</span></div>
<div><span><b>Timestamp:</b></span><br/><span>2025-08-26 10:24:55 UTC<br/>2025-08-26 10:24:57 UTC</span></div>
</div>]]></description>
      </Placemark>
      <Placemark>
        <Style>
          <LineStyle>
            <color>ffccff00</color>
            <width>2</width>
          </LineStyle>
        </Style>
        <MultiGeometry>
          <LineString>
            <tessellate>1</tessellate>
            <altitudeMode>absolute</altitudeMode>
            <coordinates>-112.156616,33.543167,556.26 -112.15612,33.544235,556.26</coordinates>
          </LineString>
        </MultiGeometry>
        <name>P-427</name>
        <description><![CDATA[<div><div><span><b>Altitude:</b></span> <span>1,825 ft</span></div>
<div><span><b>Speed:</b></span> <span>113 kt - 114 kt</span></div>
<div><span><b>Timestamp:</b></span><br/><span>2025-08-26 10:24:57 UTC<br/>2025-08-26 10:25:00 UTC</span></div>
</div>]]></description>
      </Placemark>
      <Placemark>
        <Style>
          <LineStyle>
            <color>ffccff00</color>
            <width>2</width>
          </LineStyle>
        </Style>
        <MultiGeometry>
          <LineString>
            <tessellate>1</tessellate>
            <altitudeMode>absolute</altitudeMode>
            <coordinates>-112.15612,33.544235,556.26 -112.154549,33.547485,571.5</coordinates>
          </LineString>
        </MultiGeometry>
        <name>P-428</name>
        <description><![CDATA[<div><div><span><b>Altitude:</b></span> <span>1,825 ft - 1,875 ft</span></div>
<div><span><b>Speed:</b></span> <span>114 kt - 115 kt</span></div>
<div><span><b>Timestamp:</b></span><br/><span>2025-08-26 10:25:00 UTC<br/>2025-08-26 10:25:06 UTC</span></div>
</div>]]></description>
      </Placemark>
      <Placemark>
        <Style>
          <LineStyle>
            <color>ffccff00</color>
            <width>2</width>
          </LineStyle>
        </Style>
        <MultiGeometry>
          <LineString>
            <tessellate>1</tessellate>
            <altitudeMode>absolute</altitudeMode>
            <coordinates>-112.154549,33.547485,571.5 -112.152725,33.551128,579.12</coordinates>
          </LineString>
        </MultiGeometry>
        <name>P-429</name>
        <description><![CDATA[<div><div><span><b>Altitude:</b></span> <span>1,875 ft - 1,900 ft</span></div>
<div><span><b>Speed:</b></span> <span>115 kt - 118 kt</span></div>
<div><span><b>Timestamp:</b></span><br/><span>2025-08-26 10:25:06 UTC<br/>2025-08-26 10:25:13 UTC</span></div>
</div>]]></description>
      </Placemark>
      <Placemark>
        <Style>
          <LineStyle>
            <color>ffccff00</color>
            <width>2</width>
          </LineStyle>
        </Style>
        <MultiGeometry>
          <LineString>
            <tessellate>1</tessellate>
            <altitudeMode>absolute</altitudeMode>
            <coordinates>-112.152725,33.551128,579.12 -112.150848,33.55481,579.12</coordinates>
          </LineString>
        </MultiGeometry>
        <name>P-430</name>
        <description><![CDATA[<div><div><span><b>Altitude:</b></span> <span>1,900 ft</span></div>
<div><span><b>Speed:</b></span> <span>118 kt - 122 kt</span></div>
<div><span><b>Timestamp:</b></span><br/><span>2025-08-26 10:25:13 UTC<br/>2025-08-26 10:25:20 UTC</span></div>
</div>]]></description>
      </Placemark>
      <Placemark>
        <Style>
          <LineStyle>
            <color>ffccff00</color>
            <width>2</width>
          </LineStyle>
        </Style>
        <MultiGeometry>
          <LineString>
            <tessellate>1</tessellate>
            <altitudeMode>absolute</altitudeMode>
            <coordinates>-112.150848,33.55481,579.12 -112.149185,33.55825,579.12</coordinates>
          </LineString>
        </MultiGeometry>
        <name>P-431</name>
        <description><![CDATA[<div><div><span><b>Altitude:</b></span> <span>1,900 ft</span></div>
<div><span><b>Speed:</b></span> <span>122 kt - 123 kt</span></div>
<div><span><b>Timestamp:</b></span><br/><span>2025-08-26 10:25:20 UTC<br/>2025-08-26 10:25:27 UTC</span></div>
</div>]]></description>
      </Placemark>
      <Placemark>
        <Style>
          <LineStyle>
            <color>ffccff00</color>
            <width>2</width>
          </LineStyle>
        </Style>
        <MultiGeometry>
          <LineString>
            <tessellate>1</tessellate>
            <altitudeMode>absolute</altitudeMode>
            <coordinates>-112.149185,33.55825,579.12 -112.146927,33.562912,594.36</coordinates>
          </LineString>
        </MultiGeometry>
        <name>P-432</name>
        <description><![CDATA[<div><div><span><b>Altitude:</b></span> <span>1,900 ft - 1,950 ft</span></div>
<div><span><b>Speed:</b></span> <span>123 kt - 122 kt</span></div>
<div><span><b>Timestamp:</b></span><br/><span>2025-08-26 10:25:27 UTC<br/>2025-08-26 10:25:35 UTC</span></div>
</div>]]></description>
      </Placemark>
      <Placemark>
        <Style>
          <LineStyle>
            <color>ffccff00</color>
            <width>2</width>
          </LineStyle>
        </Style>
        <MultiGeometry>
          <LineString>
            <tessellate>1</tessellate>
            <altitudeMode>absolute</altitudeMode>
            <coordinates>-112.146927,33.562912,594.36 -112.144775,33.567421,601.98</coordinates>
          </LineString>
        </MultiGeometry>
        <name>P-433</name>
        <description><![CDATA[<div><div><span><b>Altitude:</b></span> <span>1,950 ft - 1,975 ft</span></div>
<div><span><b>Speed:</b></span> <span>122 kt</span></div>
<div><span><b>Timestamp:</b></span><br/><span>2025-08-26 10:25:35 UTC<br/>2025-08-26 10:25:44 UTC</span></div>
</div>]]></description>
      </Placemark>
      <Placemark>
        <Style>
          <LineStyle>
            <color>ff42ff00</color>
            <width>2</width>
          </LineStyle>
        </Style>
        <MultiGeometry>
          <LineString>
            <tessellate>1</tessellate>
            <altitudeMode>absolute</altitudeMode>
            <coordinates>-112.144775,33.567421,601.98 -112.142609,33.57193,601.98</coordinates>
          </LineString>
        </MultiGeometry>
        <name>P-434</name>
        <description><![CDATA[<div><div><span><b>Altitude:</b></span> <span>1,975 ft</span></div>
<div><span><b>Speed:</b></span> <span>122 kt - 124 kt</span></div>
<div><span><b>Timestamp:</b></span><br/><span>2025-08-26 10:25:44 UTC<br/>2025-08-26 10:25:53 UTC</span></div>
</div>]]></description>
      </Placemark>
      <Placemark>
        <Style>
          <LineStyle>
            <color>ff42ff00</color>
            <width>2</width>
          </LineStyle>
        </Style>
        <MultiGeometry>
          <LineString>
            <tessellate>1</tessellate>
            <altitudeMode>absolute</altitudeMode>
            <coordinates>-112.142609,33.57193,601.98 -112.141052,33.575474,601.98</coordinates>
          </LineString>
        </MultiGeometry>
        <name>P-435</name>
        <description><![CDATA[<div><div><span><b>Altitude:</b></span> <span>1,975 ft</span></div>
<div><span><b>Speed:</b></span> <span>124 kt</span></div>
<div><span><b>Timestamp:</b></span><br/><span>2025-08-26 10:25:53 UTC<br/>2025-08-26 10:25:59 UTC</span></div>
</div>]]></description>
      </Placemark>
      <Placemark>
        <Style>
          <LineStyle>
            <color>ff42ff00</color>
            <width>2</width>
          </LineStyle>
        </Style>
        <MultiGeometry>
          <LineString>
            <tessellate>1</tessellate>
            <altitudeMode>absolute</altitudeMode>
            <coordinates>-112.141052,33.575474,601.98 -112.140594,33.576687,601.98</coordinates>
          </LineString>
        </MultiGeometry>
        <name>P-436</name>
        <description><![CDATA[<div><div><span><b>Altitude:</b></span> <span>1,975 ft</span></div>
<div><span><b>Speed:</b></span> <span>124 kt</span></div>
<div><span><b>Timestamp:</b></span><br/><span>2025-08-26 10:25:59 UTC<br/>2025-08-26 10:26:01 UTC</span></div>
</div>]]></description>
      </Placemark>
      <Placemark>
        <Style>
          <LineStyle>
            <color>ff42ff00</color>
            <width>2</width>
          </LineStyle>
        </Style>
        <MultiGeometry>
          <LineString>
            <tessellate>1</tessellate>
            <altitudeMode>absolute</altitudeMode>
            <coordinates>-112.140594,33.576687,601.98 -112.139114,33.58041,601.98</coordinates>
          </LineString>
        </MultiGeometry>
        <name>P-437</name>
        <description><![CDATA[<div><div><span><b>Altitude:</b></span> <span>1,975 ft</span></div>
<div><span><b>Speed:</b></span> <span>124 kt</span></div>
<div><span><b>Timestamp:</b></span><br/><span>2025-08-26 10:26:01 UTC<br/>2025-08-26 10:26:08 UTC</span></div>
</div>]]></description>
      </Placemark>
      <Placemark>
        <Style>
          <LineStyle>
            <color>ff42ff00</color>
            <width>2</width>
          </LineStyle>
        </Style>
        <MultiGeometry>
          <LineString>
            <tessellate>1</tessellate>
            <altitudeMode>absolute</altitudeMode>
            <coordinates>-112.139114,33.58041,601.98 -112.137566,33.584244,601.98</coordinates>
          </LineString>
        </MultiGeometry>
        <name>P-438</name>
        <description><![CDATA[<div><div><span><b>Altitude:</b></span> <span>1,975 ft</span></div>
<div><span><b>Speed:</b></span> <span>124 kt - 126 kt</span></div>
<div><span><b>Timestamp:</b></span><br/><span>2025-08-26 10:26:08 UTC<br/>2025-08-26 10:26:15 UTC</span></div>
</div>]]></description>
      </Placemark>
      <Placemark>
        <Style>
          <LineStyle>
            <color>ff42ff00</color>
            <width>2</width>
          </LineStyle>
        </Style>
        <MultiGeometry>
          <LineString>
            <tessellate>1</tessellate>
            <altitudeMode>absolute</altitudeMode>
            <coordinates>-112.137566,33.584244,601.98 -112.13562,33.588696,594.36</coordinates>
          </LineString>
        </MultiGeometry>
        <name>P-439</name>
        <description><![CDATA[<div><div><span><b>Altitude:</b></span> <span>1,975 ft - 1,950 ft</span></div>
<div><span><b>Speed:</b></span> <span>126 kt</span></div>
<div><span><b>Timestamp:</b></span><br/><span>2025-08-26 10:26:15 UTC<br/>2025-08-26 10:26:23 UTC</span></div>
</div>]]></description>
      </Placemark>
      <Placemark>
        <Style>
          <LineStyle>
            <color>ffccff00</color>
            <width>2</width>
          </LineStyle>
        </Style>
        <MultiGeometry>
          <LineString>
            <tessellate>1</tessellate>
            <altitudeMode>absolute</altitudeMode>
            <coordinates>-112.13562,33.588696,594.36 -112.133972,33.592484,594.36</coordinates>
          </LineString>
        </MultiGeometry>
        <name>P-440</name>
        <description><![CDATA[<div><div><span><b>Altitude:</b></span> <span>1,950 ft</span></div>
<div><span><b>Speed:</b></span> <span>126 kt</span></div>
<div><span><b>Timestamp:</b></span><br/><span>2025-08-26 10:26:23 UTC<br/>2025-08-26 10:26:30 UTC</span></div>
</div>]]></description>
      </Placemark>
      <Placemark>
        <Style>
          <LineStyle>
            <color>ffccff00</color>
            <width>2</width>
          </LineStyle>
        </Style>
        <MultiGeometry>
          <LineString>
            <tessellate>1</tessellate>
            <altitudeMode>absolute</altitudeMode>
            <coordinates>-112.133972,33.592484,594.36 -112.131958,33.597427,594.36</coordinates>
          </LineString>
        </MultiGeometry>
        <name>P-441</name>
        <description><![CDATA[<div><div><span><b>Altitude:</b></span> <span>1,950 ft</span></div>
<div><span><b>Speed:</b></span> <span>126 kt - 125 kt</span></div>
<div><span><b>Timestamp:</b></span><br/><span>2025-08-26 10:26:30 UTC<br/>2025-08-26 10:26:39 UTC</span></div>
</div>]]></description>
      </Placemark>
      <Placemark>
        <Style>
          <LineStyle>
            <color>ffccff00</color>
            <width>2</width>
          </LineStyle>
        </Style>
        <MultiGeometry>
          <LineString>
            <tessellate>1</tessellate>
            <altitudeMode>absolute</altitudeMode>
            <coordinates>-112.131958,33.597427,594.36 -112.130554,33.600861,586.74</coordinates>
          </LineString>
        </MultiGeometry>
        <name>P-442</name>
        <description><![CDATA[<div><div><span><b>Altitude:</b></span> <span>1,950 ft - 1,925 ft</span></div>
<div><span><b>Speed:</b></span> <span>125 kt</span></div>
<div><span><b>Timestamp:</b></span><br/><span>2025-08-26 10:26:39 UTC<br/>2025-08-26 10:26:45 UTC</span></div>
</div>]]></description>
      </Placemark>
      <Placemark>
        <Style>
          <LineStyle>
            <color>ffccff00</color>
            <width>2</width>
          </LineStyle>
        </Style>
        <MultiGeometry>
          <LineString>
            <tessellate>1</tessellate>
            <altitudeMode>absolute</altitudeMode>
            <coordinates>-112.130554,33.600861,586.74 -112.128426,33.60553,594.36</coordinates>
          </LineString>
        </MultiGeometry>
        <name>P-443</name>
        <description><![CDATA[<div><div><span><b>Altitude:</b></span> <span>1,925 ft - 1,950 ft</span></div>
<div><span><b>Speed:</b></span> <span>125 kt</span></div>
<div><span><b>Timestamp:</b></span><br/><span>2025-08-26 10:26:45 UTC<br/>2025-08-26 10:26:54 UTC</span></div>
</div>]]></description>
      </Placemark>
      <Placemark>
        <Style>
          <LineStyle>
            <color>ffccff00</color>
            <width>2</width>
          </LineStyle>
        </Style>
        <MultiGeometry>
          <LineString>
            <tessellate>1</tessellate>
            <altitudeMode>absolute</altitudeMode>
            <coordinates>-112.128426,33.60553,594.36 -112.126862,33.609039,586.74</coordinates>
          </LineString>
        </MultiGeometry>
        <name>P-444</name>
        <description><![CDATA[<div><div><span><b>Altitude:</b></span> <span>1,950 ft - 1,925 ft</span></div>
<div><span><b>Speed:</b></span> <span>125 kt - 124 kt</span></div>
<div><span><b>Timestamp:</b></span><br/><span>2025-08-26 10:26:54 UTC<br/>2025-08-26 10:27:00 UTC</span></div>
</div>]]></description>
      </Placemark>
      <Placemark>
        <Style>
          <LineStyle>
            <color>ffccff00</color>
            <width>2</width>
          </LineStyle>
        </Style>
        <MultiGeometry>
          <LineString>
            <tessellate>1</tessellate>
            <altitudeMode>absolute</altitudeMode>
            <coordinates>-112.126862,33.609039,586.74 -112.124695,33.613647,594.36</coordinates>
          </LineString>
        </MultiGeometry>
        <name>P-445</name>
        <description><![CDATA[<div><div><span><b>Altitude:</b></span> <span>1,925 ft - 1,950 ft</span></div>
<div><span><b>Speed:</b></span> <span>124 kt - 123 kt</span></div>
<div><span><b>Timestamp:</b></span><br/><span>2025-08-26 10:27:00 UTC<br/>2025-08-26 10:27:09 UTC</span></div>
</div>]]></description>
      </Placemark>
      <Placemark>
        <Style>
          <LineStyle>
            <color>ffccff00</color>
            <width>2</width>
          </LineStyle>
        </Style>
        <MultiGeometry>
          <LineString>
            <tessellate>1</tessellate>
            <altitudeMode>absolute</altitudeMode>
            <coordinates>-112.124695,33.613647,594.36 -112.122818,33.617386,594.36</coordinates>
          </LineString>
        </MultiGeometry>
        <name>P-446</name>
        <description><![CDATA[<div><div><span><b>Altitude:</b></span> <span>1,950 ft</span></div>
<div><span><b>Speed:</b></span> <span>123 kt</span></div>
<div><span><b>Timestamp:</b></span><br/><span>2025-08-26 10:27:09 UTC<br/>2025-08-26 10:27:16 UTC</span></div>
</div>]]></description>
      </Placemark>
      <Placemark>
        <Style>
          <LineStyle>
            <color>ffccff00</color>
            <width>2</width>
          </LineStyle>
        </Style>
        <MultiGeometry>
          <LineString>
            <tessellate>1</tessellate>
            <altitudeMode>absolute</altitudeMode>
            <coordinates>-112.122818,33.617386,594.36 -112.120468,33.622055,594.36</coordinates>
          </LineString>
        </MultiGeometry>
        <name>P-447</name>
        <description><![CDATA[<div><div><span><b>Altitude:</b></span> <span>1,950 ft</span></div>
<div><span><b>Speed:</b></span> <span>123 kt - 124 kt</span></div>
<div><span><b>Timestamp:</b></span><br/><span>2025-08-26 10:27:16 UTC<br/>2025-08-26 10:27:25 UTC</span></div>
</div>]]></description>
      </Placemark>
      <Placemark>
        <Style>
          <LineStyle>
            <color>ffccff00</color>
            <width>2</width>
          </LineStyle>
        </Style>
        <MultiGeometry>
          <LineString>
            <tessellate>1</tessellate>
            <altitudeMode>absolute</altitudeMode>
            <coordinates>-112.120468,33.622055,594.36 -112.118004,33.62677,594.36</coordinates>
          </LineString>
        </MultiGeometry>
        <name>P-448</name>
        <description><![CDATA[<div><div><span><b>Altitude:</b></span> <span>1,950 ft</span></div>
<div><span><b>Speed:</b></span> <span>124 kt - 123 kt</span></div>
<div><span><b>Timestamp:</b></span><br/><span>2025-08-26 10:27:25 UTC<br/>2025-08-26 10:27:34 UTC</span></div>
</div>]]></description>
      </Placemark>
      <Placemark>
        <Style>
          <LineStyle>
            <color>ffccff00</color>
            <width>2</width>
          </LineStyle>
        </Style>
        <MultiGeometry>
          <LineString>
            <tessellate>1</tessellate>
            <altitudeMode>absolute</altitudeMode>
            <coordinates>-112.118004,33.62677,594.36 -112.116211,33.629974,594.36</coordinates>
          </LineString>
        </MultiGeometry>
        <name>P-449</name>
        <description><![CDATA[<div><div><span><b>Altitude:</b></span> <span>1,950 ft</span></div>
<div><span><b>Speed:</b></span> <span>123 kt</span></div>
<div><span><b>Timestamp:</b></span><br/><span>2025-08-26 10:27:34 UTC<br/>2025-08-26 10:27:40 UTC</span></div>
</div>]]></description>
      </Placemark>
      <Placemark>
        <Style>
          <LineStyle>
            <color>ffccff00</color>
            <width>2</width>
          </LineStyle>
        </Style>
        <MultiGeometry>
          <LineString>
            <tessellate>1</tessellate>
            <altitudeMode>absolute</altitudeMode>
            <coordinates>-112.116211,33.629974,594.36 -112.114105,33.63348,594.36</coordinates>
          </LineString>
        </MultiGeometry>
        <name>P-450</name>
        <description><![CDATA[<div><div><span><b>Altitude:</b></span> <span>1,950 ft</span></div>
<div><span><b>Speed:</b></span> <span>123 kt - 122 kt</span></div>
<div><span><b>Timestamp:</b></span><br/><span>2025-08-26 10:27:40 UTC<br/>2025-08-26 10:27:47 UTC</span></div>
</div>]]></description>
      </Placemark>
      <Placemark>
        <Style>
          <LineStyle>
            <color>ffccff00</color>
            <width>2</width>
          </LineStyle>
        </Style>
        <MultiGeometry>
          <LineString>
            <tessellate>1</tessellate>
            <altitudeMode>absolute</altitudeMode>
            <coordinates>-112.114105,33.63348,594.36 -112.113289,33.634781,594.36</coordinates>
          </LineString>
        </MultiGeometry>
        <name>P-451</name>
        <description><![CDATA[<div><div><span><b>Altitude:</b></span> <span>1,950 ft</span></div>
<div><span><b>Speed:</b></span> <span>122 kt</span></div>
<div><span><b>Timestamp:</b></span><br/><span>2025-08-26 10:27:47 UTC<br/>2025-08-26 10:27:50 UTC</span></div>
</div>]]></description>
      </Placemark>
      <Placemark>
        <Style>
          <LineStyle>
            <color>ffccff00</color>
            <width>2</width>
          </LineStyle>
        </Style>
        <MultiGeometry>
          <LineString>
            <tessellate>1</tessellate>
            <altitudeMode>absolute</altitudeMode>
            <coordinates>-112.113289,33.634781,594.36 -112.112511,33.636063,594.36</coordinates>
          </LineString>
        </MultiGeometry>
        <name>P-452</name>
        <description><![CDATA[<div><div><span><b>Altitude:</b></span> <span>1,950 ft</span></div>
<div><span><b>Speed:</b></span> <span>122 kt</span></div>
<div><span><b>Timestamp:</b></span><br/><span>2025-08-26 10:27:50 UTC<br/>2025-08-26 10:27:52 UTC</span></div>
</div>]]></description>
      </Placemark>
      <Placemark>
        <Style>
          <LineStyle>
            <color>ffccff00</color>
            <width>2</width>
          </LineStyle>
        </Style>
        <MultiGeometry>
          <LineString>
            <tessellate>1</tessellate>
            <altitudeMode>absolute</altitudeMode>
            <coordinates>-112.112511,33.636063,594.36 -112.111359,33.637947,594.36</coordinates>
          </LineString>
        </MultiGeometry>
        <name>P-453</name>
        <description><![CDATA[<div><div><span><b>Altitude:</b></span> <span>1,950 ft</span></div>
<div><span><b>Speed:</b></span> <span>122 kt - 123 kt</span></div>
<div><span><b>Timestamp:</b></span><br/><span>2025-08-26 10:27:52 UTC<br/>2025-08-26 10:27:56 UTC</span></div>
</div>]]></description>
      </Placemark>
      <Placemark>
        <Style>
          <LineStyle>
            <color>ffccff00</color>
            <width>2</width>
          </LineStyle>
        </Style>
        <MultiGeometry>
          <LineString>
            <tessellate>1</tessellate>
            <altitudeMode>absolute</altitudeMode>
            <coordinates>-112.111359,33.637947,594.36 -112.110504,33.639297,594.36</coordinates>
          </LineString>
        </MultiGeometry>
        <name>P-454</name>
        <description><![CDATA[<div><div><span><b>Altitude:</b></span> <span>1,950 ft</span></div>
<div><span><b>Speed:</b></span> <span>123 kt</span></div>
<div><span><b>Timestamp:</b></span><br/><span>2025-08-26 10:27:56 UTC<br/>2025-08-26 10:27:58 UTC</span></div>
</div>]]></description>
      </Placemark>
      <Placemark>
        <Style>
          <LineStyle>
            <color>ffccff00</color>
            <width>2</width>
          </LineStyle>
        </Style>
        <MultiGeometry>
          <LineString>
            <tessellate>1</tessellate>
            <altitudeMode>absolute</altitudeMode>
            <coordinates>-112.110504,33.639297,594.36 -112.107796,33.643341,594.36</coordinates>
          </LineString>
        </MultiGeometry>
        <name>P-455</name>
        <description><![CDATA[<div><div><span><b>Altitude:</b></span> <span>1,950 ft</span></div>
<div><span><b>Speed:</b></span> <span>123 kt</span></div>
<div><span><b>Timestamp:</b></span><br/><span>2025-08-26 10:27:58 UTC<br/>2025-08-26 10:28:06 UTC</span></div>
</div>]]></description>
      </Placemark>
      <Placemark>
        <Style>
          <LineStyle>
            <color>ffccff00</color>
            <width>2</width>
          </LineStyle>
        </Style>
        <MultiGeometry>
          <LineString>
            <tessellate>1</tessellate>
            <altitudeMode>absolute</altitudeMode>
            <coordinates>-112.107796,33.643341,594.36 -112.104996,33.647598,594.36</coordinates>
          </LineString>
        </MultiGeometry>
        <name>P-456</name>
        <description><![CDATA[<div><div><span><b>Altitude:</b></span> <span>1,950 ft</span></div>
<div><span><b>Speed:</b></span> <span>123 kt - 124 kt</span></div>
<div><span><b>Timestamp:</b></span><br/><span>2025-08-26 10:28:06 UTC<br/>2025-08-26 10:28:15 UTC</span></div>
</div>]]></description>
      </Placemark>
      <Placemark>
        <Style>
          <LineStyle>
            <color>ffccff00</color>
            <width>2</width>
          </LineStyle>
        </Style>
        <MultiGeometry>
          <LineString>
            <tessellate>1</tessellate>
            <altitudeMode>absolute</altitudeMode>
            <coordinates>-112.104996,33.647598,594.36 -112.10186,33.652241,594.36</coordinates>
          </LineString>
        </MultiGeometry>
        <name>P-457</name>
        <description><![CDATA[<div><div><span><b>Altitude:</b></span> <span>1,950 ft</span></div>
<div><span><b>Speed:</b></span> <span>124 kt - 122 kt</span></div>
<div><span><b>Timestamp:</b></span><br/><span>2025-08-26 10:28:15 UTC<br/>2025-08-26 10:28:24 UTC</span></div>
</div>]]></description>
      </Placemark>
      <Placemark>
        <Style>
          <LineStyle>
            <color>ffccff00</color>
            <width>2</width>
          </LineStyle>
        </Style>
        <MultiGeometry>
          <LineString>
            <tessellate>1</tessellate>
            <altitudeMode>absolute</altitudeMode>
            <coordinates>-112.10186,33.652241,594.36 -112.099518,33.655594,594.36</coordinates>
          </LineString>
        </MultiGeometry>
        <name>P-458</name>
        <description><![CDATA[<div><div><span><b>Altitude:</b></span> <span>1,950 ft</span></div>
<div><span><b>Speed:</b></span> <span>122 kt - 123 kt</span></div>
<div><span><b>Timestamp:</b></span><br/><span>2025-08-26 10:28:24 UTC<br/>2025-08-26 10:28:31 UTC</span></div>
</div>]]></description>
      </Placemark>
      <Placemark>
        <Style>
          <LineStyle>
            <color>ffccff00</color>
            <width>2</width>
          </LineStyle>
        </Style>
        <MultiGeometry>
          <LineString>
            <tessellate>1</tessellate>
            <altitudeMode>absolute</altitudeMode>
            <coordinates>-112.099518,33.655594,594.36 -112.098709,33.656525,594.36</coordinates>
          </LineString>
        </MultiGeometry>
        <name>P-459</name>
        <description><![CDATA[<div><div><span><b>Altitude:</b></span> <span>1,950 ft</span></div>
<div><span><b>Speed:</b></span> <span>123 kt - 124 kt</span></div>
<div><span><b>Timestamp:</b></span><br/><span>2025-08-26 10:28:31 UTC<br/>2025-08-26 10:28:33 UTC</span></div>
</div>]]></description>
      </Placemark>
      <Placemark>
        <Style>
          <LineStyle>
            <color>ffccff00</color>
            <width>2</width>
          </LineStyle>
        </Style>
        <MultiGeometry>
          <LineString>
            <tessellate>1</tessellate>
            <altitudeMode>absolute</altitudeMode>
            <coordinates>-112.098709,33.656525,594.36 -112.097878,33.657532,594.36</coordinates>
          </LineString>
        </MultiGeometry>
        <name>P-460</name>
        <description><![CDATA[<div><div><span><b>Altitude:</b></span> <span>1,950 ft</span></div>
<div><span><b>Speed:</b></span> <span>124 kt</span></div>
<div><span><b>Timestamp:</b></span><br/><span>2025-08-26 10:28:33 UTC<br/>2025-08-26 10:28:35 UTC</span></div>
</div>]]></description>
      </Placemark>
      <Placemark>
        <Style>
          <LineStyle>
            <color>ffccff00</color>
            <width>2</width>
          </LineStyle>
        </Style>
        <MultiGeometry>
          <LineString>
            <tessellate>1</tessellate>
            <altitudeMode>absolute</altitudeMode>
            <coordinates>-112.097878,33.657532,594.36 -112.096809,33.658722,594.36</coordinates>
          </LineString>
        </MultiGeometry>
        <name>P-461</name>
        <description><![CDATA[<div><div><span><b>Altitude:</b></span> <span>1,950 ft</span></div>
<div><span><b>Speed:</b></span> <span>124 kt</span></div>
<div><span><b>Timestamp:</b></span><br/><span>2025-08-26 10:28:35 UTC<br/>2025-08-26 10:28:37 UTC</span></div>
</div>]]></description>
      </Placemark>
      <Placemark>
        <Style>
          <LineStyle>
            <color>ffccff00</color>
            <width>2</width>
          </LineStyle>
        </Style>
        <MultiGeometry>
          <LineString>
            <tessellate>1</tessellate>
            <altitudeMode>absolute</altitudeMode>
            <coordinates>-112.096809,33.658722,594.36 -112.096031,33.659546,594.36</coordinates>
          </LineString>
        </MultiGeometry>
        <name>P-462</name>
        <description><![CDATA[<div><div><span><b>Altitude:</b></span> <span>1,950 ft</span></div>
<div><span><b>Speed:</b></span> <span>124 kt</span></div>
<div><span><b>Timestamp:</b></span><br/><span>2025-08-26 10:28:37 UTC<br/>2025-08-26 10:28:40 UTC</span></div>
</div>]]></description>
      </Placemark>
      <Placemark>
        <Style>
          <LineStyle>
            <color>ffccff00</color>
            <width>2</width>
          </LineStyle>
        </Style>
        <MultiGeometry>
          <LineString>
            <tessellate>1</tessellate>
            <altitudeMode>absolute</altitudeMode>
            <coordinates>-112.096031,33.659546,594.36 -112.09491,33.66069,594.36</coordinates>
          </LineString>
        </MultiGeometry>
        <name>P-463</name>
        <description><![CDATA[<div><div><span><b>Altitude:</b></span> <span>1,950 ft</span></div>
<div><span><b>Speed:</b></span> <span>124 kt</span></div>
<div><span><b>Timestamp:</b></span><br/><span>2025-08-26 10:28:40 UTC<br/>2025-08-26 10:28:42 UTC</span></div>
</div>]]></description>
      </Placemark>
      <Placemark>
        <Style>
          <LineStyle>
            <color>ffccff00</color>
            <width>2</width>
          </LineStyle>
        </Style>
        <MultiGeometry>
          <LineString>
            <tessellate>1</tessellate>
            <altitudeMode>absolute</altitudeMode>
            <coordinates>-112.09491,33.66069,594.36 -112.094025,33.661503,594.36</coordinates>
          </LineString>
        </MultiGeometry>
        <name>P-464</name>
        <description><![CDATA[<div><div><span><b>Altitude:</b></span> <span>1,950 ft</span></div>
<div><span><b>Speed:</b></span> <span>124 kt - 123 kt</span></div>
<div><span><b>Timestamp:</b></span><br/><span>2025-08-26 10:28:42 UTC<br/>2025-08-26 10:28:44 UTC</span></div>
</div>]]></description>
      </Placemark>
      <Placemark>
        <Style>
          <LineStyle>
            <color>ffccff00</color>
            <width>2</width>
          </LineStyle>
        </Style>
        <MultiGeometry>
          <LineString>
            <tessellate>1</tessellate>
            <altitudeMode>absolute</altitudeMode>
            <coordinates>-112.094025,33.661503,594.36 -112.092888,33.662521,594.36</coordinates>
          </LineString>
        </MultiGeometry>
        <name>P-465</name>
        <description><![CDATA[<div><div><span><b>Altitude:</b></span> <span>1,950 ft</span></div>
<div><span><b>Speed:</b></span> <span>123 kt - 122 kt</span></div>
<div><span><b>Timestamp:</b></span><br/><span>2025-08-26 10:28:44 UTC<br/>2025-08-26 10:28:46 UTC</span></div>
</div>]]></description>
      </Placemark>
      <Placemark>
        <Style>
          <LineStyle>
            <color>ffccff00</color>
            <width>2</width>
          </LineStyle>
        </Style>
        <MultiGeometry>
          <LineString>
            <tessellate>1</tessellate>
            <altitudeMode>absolute</altitudeMode>
            <coordinates>-112.092888,33.662521,594.36 -112.091934,33.663345,586.74</coordinates>
          </LineString>
        </MultiGeometry>
        <name>P-466</name>
        <description><![CDATA[<div><div><span><b>Altitude:</b></span> <span>1,950 ft - 1,925 ft</span></div>
<div><span><b>Speed:</b></span> <span>122 kt - 120 kt</span></div>
<div><span><b>Timestamp:</b></span><br/><span>2025-08-26 10:28:46 UTC<br/>2025-08-26 10:28:48 UTC</span></div>
</div>]]></description>
      </Placemark>
      <Placemark>
        <Style>
          <LineStyle>
            <color>ffccff00</color>
            <width>2</width>
          </LineStyle>
        </Style>
        <MultiGeometry>
          <LineString>
            <tessellate>1</tessellate>
            <altitudeMode>absolute</altitudeMode>
            <coordinates>-112.091934,33.663345,586.74 -112.090874,33.664169,579.12</coordinates>
          </LineString>
        </MultiGeometry>
        <name>P-467</name>
        <description><![CDATA[<div><div><span><b>Altitude:</b></span> <span>1,925 ft - 1,900 ft</span></div>
<div><span><b>Speed:</b></span> <span>120 kt - 115 kt</span></div>
<div><span><b>Timestamp:</b></span><br/><span>2025-08-26 10:28:48 UTC<br/>2025-08-26 10:28:51 UTC</span></div>
</div>]]></description>
      </Placemark>
      <Placemark>
        <Style>
          <LineStyle>
            <color>ffccff00</color>
            <width>2</width>
          </LineStyle>
        </Style>
        <MultiGeometry>
          <LineString>
            <tessellate>1</tessellate>
            <altitudeMode>absolute</altitudeMode>
            <coordinates>-112.090874,33.664169,579.12 -112.089905,33.664948,579.12</coordinates>
          </LineString>
        </MultiGeometry>
        <name>P-468</name>
        <description><![CDATA[<div><div><span><b>Altitude:</b></span> <span>1,900 ft</span></div>
<div><span><b>Speed:</b></span> <span>115 kt - 111 kt</span></div>
<div><span><b>Timestamp:</b></span><br/><span>2025-08-26 10:28:51 UTC<br/>2025-08-26 10:28:53 UTC</span></div>
</div>]]></description>
      </Placemark>
      <Placemark>
        <Style>
          <LineStyle>
            <color>ffccff00</color>
            <width>2</width>
          </LineStyle>
        </Style>
        <MultiGeometry>
          <LineString>
            <tessellate>1</tessellate>
            <altitudeMode>absolute</altitudeMode>
            <coordinates>-112.089905,33.664948,579.12 -112.088966,33.665634,579.12</coordinates>
          </LineString>
        </MultiGeometry>
        <name>P-469</name>
        <description><![CDATA[<div><div><span><b>Altitude:</b></span> <span>1,900 ft</span></div>
<div><span><b>Speed:</b></span> <span>111 kt - 107 kt</span></div>
<div><span><b>Timestamp:</b></span><br/><span>2025-08-26 10:28:53 UTC<br/>2025-08-26 10:28:55 UTC</span></div>
</div>]]></description>
      </Placemark>
      <Placemark>
        <Style>
          <LineStyle>
            <color>ffccff00</color>
            <width>2</width>
          </LineStyle>
        </Style>
        <MultiGeometry>
          <LineString>
            <tessellate>1</tessellate>
            <altitudeMode>absolute</altitudeMode>
            <coordinates>-112.088966,33.665634,579.12 -112.087845,33.666458,579.12</coordinates>
          </LineString>
        </MultiGeometry>
        <name>P-470</name>
        <description><![CDATA[<div><div><span><b>Altitude:</b></span> <span>1,900 ft</span></div>
<div><span><b>Speed:</b></span> <span>107 kt - 102 kt</span></div>
<div><span><b>Timestamp:</b></span><br/><span>2025-08-26 10:28:55 UTC<br/>2025-08-26 10:28:57 UTC</span></div>
</div>]]></description>
      </Placemark>
      <Placemark>
        <Style>
          <LineStyle>
            <color>ffccff00</color>
            <width>2</width>
          </LineStyle>
        </Style>
        <MultiGeometry>
          <LineString>
            <tessellate>1</tessellate>
            <altitudeMode>absolute</altitudeMode>
            <coordinates>-112.087845,33.666458,579.12 -112.087112,33.667053,579.12</coordinates>
          </LineString>
        </MultiGeometry>
        <name>P-471</name>
        <description><![CDATA[<div><div><span><b>Altitude:</b></span> <span>1,900 ft</span></div>
<div><span><b>Speed:</b></span> <span>102 kt - 98 kt</span></div>
<div><span><b>Timestamp:</b></span><br/><span>2025-08-26 10:28:57 UTC<br/>2025-08-26 10:28:59 UTC</span></div>
</div>]]></description>
      </Placemark>
      <Placemark>
        <Style>
          <LineStyle>
            <color>ffccff00</color>
            <width>2</width>
          </LineStyle>
        </Style>
        <MultiGeometry>
          <LineString>
            <tessellate>1</tessellate>
            <altitudeMode>absolute</altitudeMode>
            <coordinates>-112.087112,33.667053,579.12 -112.086296,33.667694,586.74</coordinates>
          </LineString>
        </MultiGeometry>
        <name>P-472</name>
        <description><![CDATA[<div><div><span><b>Altitude:</b></span> <span>1,900 ft - 1,925 ft</span></div>
<div><span><b>Speed:</b></span> <span>98 kt - 94 kt</span></div>
<div><span><b>Timestamp:</b></span><br/><span>2025-08-26 10:28:59 UTC<br/>2025-08-26 10:29:01 UTC</span></div>
</div>]]></description>
      </Placemark>
      <Placemark>
        <Style>
          <LineStyle>
            <color>ffccff00</color>
            <width>2</width>
          </LineStyle>
        </Style>
        <MultiGeometry>
          <LineString>
            <tessellate>1</tessellate>
            <altitudeMode>absolute</altitudeMode>
            <coordinates>-112.086296,33.667694,586.74 -112.085381,33.668564,586.74</coordinates>
          </LineString>
        </MultiGeometry>
        <name>P-473</name>
        <description><![CDATA[<div><div><span><b>Altitude:</b></span> <span>1,925 ft</span></div>
<div><span><b>Speed:</b></span> <span>94 kt - 92 kt</span></div>
<div><span><b>Timestamp:</b></span><br/><span>2025-08-26 10:29:01 UTC<br/>2025-08-26 10:29:04 UTC</span></div>
</div>]]></description>
      </Placemark>
      <Placemark>
        <Style>
          <LineStyle>
            <color>ffccff00</color>
            <width>2</width>
          </LineStyle>
        </Style>
        <MultiGeometry>
          <LineString>
            <tessellate>1</tessellate>
            <altitudeMode>absolute</altitudeMode>
            <coordinates>-112.085381,33.668564,586.74 -112.084236,33.66993,594.36</coordinates>
          </LineString>
        </MultiGeometry>
        <name>P-474</name>
        <description><![CDATA[<div><div><span><b>Altitude:</b></span> <span>1,925 ft - 1,950 ft</span></div>
<div><span><b>Speed:</b></span> <span>92 kt - 86 kt</span></div>
<div><span><b>Timestamp:</b></span><br/><span>2025-08-26 10:29:04 UTC<br/>2025-08-26 10:29:08 UTC</span></div>
</div>]]></description>
      </Placemark>
      <Placemark>
        <Style>
          <LineStyle>
            <color>ffccff00</color>
            <width>2</width>
          </LineStyle>
        </Style>
        <MultiGeometry>
          <LineString>
            <tessellate>1</tessellate>
            <altitudeMode>absolute</altitudeMode>
            <coordinates>-112.084236,33.66993,594.36 -112.083893,33.670673,594.36</coordinates>
          </LineString>
        </MultiGeometry>
        <name>P-475</name>
        <description><![CDATA[<div><div><span><b>Altitude:</b></span> <span>1,950 ft</span></div>
<div><span><b>Speed:</b></span> <span>86 kt - 85 kt</span></div>
<div><span><b>Timestamp:</b></span><br/><span>2025-08-26 10:29:08 UTC<br/>2025-08-26 10:29:10 UTC</span></div>
</div>]]></description>
      </Placemark>
      <Placemark>
        <Style>
          <LineStyle>
            <color>ffccff00</color>
            <width>2</width>
          </LineStyle>
        </Style>
        <MultiGeometry>
          <LineString>
            <tessellate>1</tessellate>
            <altitudeMode>absolute</altitudeMode>
            <coordinates>-112.083893,33.670673,594.36 -112.083496,33.671654,594.36</coordinates>
          </LineString>
        </MultiGeometry>
        <name>P-476</name>
        <description><![CDATA[<div><div><span><b>Altitude:</b></span> <span>1,950 ft</span></div>
<div><span><b>Speed:</b></span> <span>85 kt - 84 kt</span></div>
<div><span><b>Timestamp:</b></span><br/><span>2025-08-26 10:29:10 UTC<br/>2025-08-26 10:29:13 UTC</span></div>
</div>]]></description>
      </Placemark>
      <Placemark>
        <Style>
          <LineStyle>
            <color>ffccff00</color>
            <width>2</width>
          </LineStyle>
        </Style>
        <MultiGeometry>
          <LineString>
            <tessellate>1</tessellate>
            <altitudeMode>absolute</altitudeMode>
            <coordinates>-112.083496,33.671654,594.36 -112.083321,33.672443,594.36</coordinates>
          </LineString>
        </MultiGeometry>
        <name>P-477</name>
        <description><![CDATA[<div><div><span><b>Altitude:</b></span> <span>1,950 ft</span></div>
<div><span><b>Speed:</b></span> <span>84 kt</span></div>
<div><span><b>Timestamp:</b></span><br/><span>2025-08-26 10:29:13 UTC<br/>2025-08-26 10:29:15 UTC</span></div>
</div>]]></description>
      </Placemark>
      <Placemark>
        <Style>
          <LineStyle>
            <color>ffccff00</color>
            <width>2</width>
          </LineStyle>
        </Style>
        <MultiGeometry>
          <LineString>
            <tessellate>1</tessellate>
            <altitudeMode>absolute</altitudeMode>
            <coordinates>-112.083321,33.672443,594.36 -112.083191,33.673141,594.36</coordinates>
          </LineString>
        </MultiGeometry>
        <name>P-478</name>
        <description><![CDATA[<div><div><span><b>Altitude:</b></span> <span>1,950 ft</span></div>
<div><span><b>Speed:</b></span> <span>84 kt - 83 kt</span></div>
<div><span><b>Timestamp:</b></span><br/><span>2025-08-26 10:29:15 UTC<br/>2025-08-26 10:29:17 UTC</span></div>
</div>]]></description>
      </Placemark>
      <Placemark>
        <Style>
          <LineStyle>
            <color>ffccff00</color>
            <width>2</width>
          </LineStyle>
        </Style>
        <MultiGeometry>
          <LineString>
            <tessellate>1</tessellate>
            <altitudeMode>absolute</altitudeMode>
            <coordinates>-112.083191,33.673141,594.36 -112.083092,33.674026,594.36</coordinates>
          </LineString>
        </MultiGeometry>
        <name>P-479</name>
        <description><![CDATA[<div><div><span><b>Altitude:</b></span> <span>1,950 ft</span></div>
<div><span><b>Speed:</b></span> <span>83 kt - 82 kt</span></div>
<div><span><b>Timestamp:</b></span><br/><span>2025-08-26 10:29:17 UTC<br/>2025-08-26 10:29:19 UTC</span></div>
</div>]]></description>
      </Placemark>
      <Placemark>
        <Style>
          <LineStyle>
            <color>ffccff00</color>
            <width>2</width>
          </LineStyle>
        </Style>
        <MultiGeometry>
          <LineString>
            <tessellate>1</tessellate>
            <altitudeMode>absolute</altitudeMode>
            <coordinates>-112.083092,33.674026,594.36 -112.083023,33.674927,594.36</coordinates>
          </LineString>
        </MultiGeometry>
        <name>P-480</name>
        <description><![CDATA[<div><div><span><b>Altitude:</b></span> <span>1,950 ft</span></div>
<div><span><b>Speed:</b></span> <span>82 kt</span></div>
<div><span><b>Timestamp:</b></span><br/><span>2025-08-26 10:29:19 UTC<br/>2025-08-26 10:29:21 UTC</span></div>
</div>]]></description>
      </Placemark>
      <Placemark>
        <Style>
          <LineStyle>
            <color>ffccff00</color>
            <width>2</width>
          </LineStyle>
        </Style>
        <MultiGeometry>
          <LineString>
            <tessellate>1</tessellate>
            <altitudeMode>absolute</altitudeMode>
            <coordinates>-112.083023,33.674927,594.36 -112.083023,33.675568,594.36</coordinates>
          </LineString>
        </MultiGeometry>
        <name>P-481</name>
        <description><![CDATA[<div><div><span><b>Altitude:</b></span> <span>1,950 ft</span></div>
<div><span><b>Speed:</b></span> <span>82 kt - 81 kt</span></div>
<div><span><b>Timestamp:</b></span><br/><span>2025-08-26 10:29:21 UTC<br/>2025-08-26 10:29:23 UTC</span></div>
</div>]]></description>
      </Placemark>
      <Placemark>
        <Style>
          <LineStyle>
            <color>ffccff00</color>
            <width>2</width>
          </LineStyle>
        </Style>
        <MultiGeometry>
          <LineString>
            <tessellate>1</tessellate>
            <altitudeMode>absolute</altitudeMode>
            <coordinates>-112.083023,33.675568,594.36 -112.082909,33.676392,594.36</coordinates>
          </LineString>
        </MultiGeometry>
        <name>P-482</name>
        <description><![CDATA[<div><div><span><b>Altitude:</b></span> <span>1,950 ft</span></div>
<div><span><b>Speed:</b></span> <span>81 kt - 80 kt</span></div>
<div><span><b>Timestamp:</b></span><br/><span>2025-08-26 10:29:23 UTC<br/>2025-08-26 10:29:25 UTC</span></div>
</div>]]></description>
      </Placemark>
      <Placemark>
        <Style>
          <LineStyle>
            <color>ffccff00</color>
            <width>2</width>
          </LineStyle>
        </Style>
        <MultiGeometry>
          <LineString>
            <tessellate>1</tessellate>
            <altitudeMode>absolute</altitudeMode>
            <coordinates>-112.082909,33.676392,594.36 -112.082855,33.677444,586.74</coordinates>
          </LineString>
        </MultiGeometry>
        <name>P-483</name>
        <description><![CDATA[<div><div><span><b>Altitude:</b></span> <span>1,950 ft - 1,925 ft</span></div>
<div><span><b>Speed:</b></span> <span>80 kt - 79 kt</span></div>
<div><span><b>Timestamp:</b></span><br/><span>2025-08-26 10:29:25 UTC<br/>2025-08-26 10:29:28 UTC</span></div>
</div>]]></description>
      </Placemark>
      <Placemark>
        <Style>
          <LineStyle>
            <color>ffccff00</color>
            <width>2</width>
          </LineStyle>
        </Style>
        <MultiGeometry>
          <LineString>
            <tessellate>1</tessellate>
            <altitudeMode>absolute</altitudeMode>
            <coordinates>-112.082855,33.677444,586.74 -112.082809,33.678123,579.12</coordinates>
          </LineString>
        </MultiGeometry>
        <name>P-484</name>
        <description><![CDATA[<div><div><span><b>Altitude:</b></span> <span>1,925 ft - 1,900 ft</span></div>
<div><span><b>Speed:</b></span> <span>79 kt - 77 kt</span></div>
<div><span><b>Timestamp:</b></span><br/><span>2025-08-26 10:29:28 UTC<br/>2025-08-26 10:29:30 UTC</span></div>
</div>]]></description>
      </Placemark>
      <Placemark>
        <Style>
          <LineStyle>
            <color>ffccff00</color>
            <width>2</width>
          </LineStyle>
        </Style>
        <MultiGeometry>
          <LineString>
            <tessellate>1</tessellate>
            <altitudeMode>absolute</altitudeMode>
            <coordinates>-112.082809,33.678123,579.12 -112.082802,33.679092,571.5</coordinates>
          </LineString>
        </MultiGeometry>
        <name>P-485</name>
        <description><![CDATA[<div><div><span><b>Altitude:</b></span> <span>1,900 ft - 1,875 ft</span></div>
<div><span><b>Speed:</b></span> <span>77 kt - 76 kt</span></div>
<div><span><b>Timestamp:</b></span><br/><span>2025-08-26 10:29:30 UTC<br/>2025-08-26 10:29:32 UTC</span></div>
</div>]]></description>
      </Placemark>
      <Placemark>
        <Style>
          <LineStyle>
            <color>ffccff00</color>
            <width>2</width>
          </LineStyle>
        </Style>
        <MultiGeometry>
          <LineString>
            <tessellate>1</tessellate>
            <altitudeMode>absolute</altitudeMode>
            <coordinates>-112.082802,33.679092,571.5 -112.082741,33.679779,563.88</coordinates>
          </LineString>
        </MultiGeometry>
        <name>P-486</name>
        <description><![CDATA[<div><div><span><b>Altitude:</b></span> <span>1,875 ft - 1,850 ft</span></div>
<div><span><b>Speed:</b></span> <span>76 kt - 75 kt</span></div>
<div><span><b>Timestamp:</b></span><br/><span>2025-08-26 10:29:32 UTC<br/>2025-08-26 10:29:35 UTC</span></div>
</div>]]></description>
      </Placemark>
      <Placemark>
        <Style>
          <LineStyle>
            <color>ffccff00</color>
            <width>2</width>
          </LineStyle>
        </Style>
        <MultiGeometry>
          <LineString>
            <tessellate>1</tessellate>
            <altitudeMode>absolute</altitudeMode>
            <coordinates>-112.082741,33.679779,563.88 -112.082741,33.680649,556.26</coordinates>
          </LineString>
        </MultiGeometry>
        <name>P-487</name>
        <description><![CDATA[<div><div><span><b>Altitude:</b></span> <span>1,850 ft - 1,825 ft</span></div>
<div><span><b>Speed:</b></span> <span>75 kt - 73 kt</span></div>
<div><span><b>Timestamp:</b></span><br/><span>2025-08-26 10:29:35 UTC<br/>2025-08-26 10:29:37 UTC</span></div>
</div>]]></description>
      </Placemark>
      <Placemark>
        <Style>
          <LineStyle>
            <color>ffccff00</color>
            <width>2</width>
          </LineStyle>
        </Style>
        <MultiGeometry>
          <LineString>
            <tessellate>1</tessellate>
            <altitudeMode>absolute</altitudeMode>
            <coordinates>-112.082741,33.680649,556.26 -112.082741,33.681335,548.64</coordinates>
          </LineString>
        </MultiGeometry>
        <name>P-488</name>
        <description><![CDATA[<div><div><span><b>Altitude:</b></span> <span>1,825 ft - 1,800 ft</span></div>
<div><span><b>Speed:</b></span> <span>73 kt - 71 kt</span></div>
<div><span><b>Timestamp:</b></span><br/><span>2025-08-26 10:29:37 UTC<br/>2025-08-26 10:29:39 UTC</span></div>
</div>]]></description>
      </Placemark>
      <Placemark>
        <Style>
          <LineStyle>
            <color>ffccff00</color>
            <width>2</width>
          </LineStyle>
        </Style>
        <MultiGeometry>
          <LineString>
            <tessellate>1</tessellate>
            <altitudeMode>absolute</altitudeMode>
            <coordinates>-112.082741,33.681335,548.64 -112.082748,33.682125,548.64</coordinates>
          </LineString>
        </MultiGeometry>
        <name>P-489</name>
        <description><![CDATA[<div><div><span><b>Altitude:</b></span> <span>1,800 ft</span></div>
<div><span><b>Speed:</b></span> <span>71 kt - 69 kt</span></div>
<div><span><b>Timestamp:</b></span><br/><span>2025-08-26 10:29:39 UTC<br/>2025-08-26 10:29:42 UTC</span></div>
</div>]]></description>
      </Placemark>
      <Placemark>
        <Style>
          <LineStyle>
            <color>ffccff00</color>
            <width>2</width>
          </LineStyle>
        </Style>
        <MultiGeometry>
          <LineString>
            <tessellate>1</tessellate>
            <altitudeMode>absolute</altitudeMode>
            <coordinates>-112.082748,33.682125,548.64 -112.082741,33.682892,548.64</coordinates>
          </LineString>
        </MultiGeometry>
        <name>P-490</name>
        <description><![CDATA[<div><div><span><b>Altitude:</b></span> <span>1,800 ft</span></div>
<div><span><b>Speed:</b></span> <span>69 kt - 67 kt</span></div>
<div><span><b>Timestamp:</b></span><br/><span>2025-08-26 10:29:42 UTC<br/>2025-08-26 10:29:44 UTC</span></div>
</div>]]></description>
      </Placemark>
      <Placemark>
        <Style>
          <LineStyle>
            <color>ffccff00</color>
            <width>2</width>
          </LineStyle>
        </Style>
        <MultiGeometry>
          <LineString>
            <tessellate>1</tessellate>
            <altitudeMode>absolute</altitudeMode>
            <coordinates>-112.082741,33.682892,548.64 -112.08252,33.684814,533.4</coordinates>
          </LineString>
        </MultiGeometry>
        <name>P-491</name>
        <description><![CDATA[<div><div><span><b>Altitude:</b></span> <span>1,800 ft - 1,750 ft</span></div>
<div><span><b>Speed:</b></span> <span>67 kt - 59 kt</span></div>
<div><span><b>Timestamp:</b></span><br/><span>2025-08-26 10:29:44 UTC<br/>2025-08-26 10:29:51 UTC</span></div>
</div>]]></description>
      </Placemark>
      <Placemark>
        <Style>
          <LineStyle>
            <color>ffccff00</color>
            <width>2</width>
          </LineStyle>
        </Style>
        <MultiGeometry>
          <LineString>
            <tessellate>1</tessellate>
            <altitudeMode>absolute</altitudeMode>
            <coordinates>-112.08252,33.684814,533.4 -112.08223,33.685432,525.78</coordinates>
          </LineString>
        </MultiGeometry>
        <name>P-492</name>
        <description><![CDATA[<div><div><span><b>Altitude:</b></span> <span>1,750 ft - 1,725 ft</span></div>
<div><span><b>Speed:</b></span> <span>59 kt - 56 kt</span></div>
<div><span><b>Timestamp:</b></span><br/><span>2025-08-26 10:29:51 UTC<br/>2025-08-26 10:29:53 UTC</span></div>
</div>]]></description>
      </Placemark>
      <Placemark>
        <Style>
          <LineStyle>
            <color>ffccff00</color>
            <width>2</width>
          </LineStyle>
        </Style>
        <MultiGeometry>
          <LineString>
            <tessellate>1</tessellate>
            <altitudeMode>absolute</altitudeMode>
            <coordinates>-112.08223,33.685432,525.78 -112.081833,33.685806,518.16</coordinates>
          </LineString>
        </MultiGeometry>
        <name>P-493</name>
        <description><![CDATA[<div><div><span><b>Altitude:</b></span> <span>1,725 ft - 1,700 ft</span></div>
<div><span><b>Speed:</b></span> <span>56 kt - 53 kt</span></div>
<div><span><b>Timestamp:</b></span><br/><span>2025-08-26 10:29:53 UTC<br/>2025-08-26 10:29:55 UTC</span></div>
</div>]]></description>
      </Placemark>
      <Placemark>
        <Style>
          <LineStyle>
            <color>ffccff00</color>
            <width>2</width>
          </LineStyle>
        </Style>
        <MultiGeometry>
          <LineString>
            <tessellate>1</tessellate>
            <altitudeMode>absolute</altitudeMode>
            <coordinates>-112.081833,33.685806,518.16 -112.08123,33.686142,510.54</coordinates>
          </LineString>
        </MultiGeometry>
        <name>P-494</name>
        <description><![CDATA[<div><div><span><b>Altitude:</b></span> <span>1,700 ft - 1,675 ft</span></div>
<div><span><b>Speed:</b></span> <span>53 kt - 50 kt</span></div>
<div><span><b>Timestamp:</b></span><br/><span>2025-08-26 10:29:55 UTC<br/>2025-08-26 10:29:58 UTC</span></div>
</div>]]></description>
      </Placemark>
      <Placemark>
        <Style>
          <LineStyle>
            <color>ffccff00</color>
            <width>2</width>
          </LineStyle>
        </Style>
        <MultiGeometry>
          <LineString>
            <tessellate>1</tessellate>
            <altitudeMode>absolute</altitudeMode>
            <coordinates>-112.08123,33.686142,510.54 -112.08078,33.686325,502.92</coordinates>
          </LineString>
        </MultiGeometry>
        <name>P-495</name>
        <description><![CDATA[<div><div><span><b>Altitude:</b></span> <span>1,675 ft - 1,650 ft</span></div>
<div><span><b>Speed:</b></span> <span>50 kt - 47 kt</span></div>
<div><span><b>Timestamp:</b></span><br/><span>2025-08-26 10:29:58 UTC<br/>2025-08-26 10:30:00 UTC</span></div>
</div>]]></description>
      </Placemark>
      <Placemark>
        <Style>
          <LineStyle>
            <color>ffccff00</color>
            <width>2</width>
          </LineStyle>
        </Style>
        <MultiGeometry>
          <LineString>
            <tessellate>1</tessellate>
            <altitudeMode>absolute</altitudeMode>
            <coordinates>-112.08078,33.686325,502.92 -112.080162,33.686462,495.3</coordinates>
          </LineString>
        </MultiGeometry>
        <name>P-496</name>
        <description><![CDATA[<div><div><span><b>Altitude:</b></span> <span>1,650 ft - 1,625 ft</span></div>
<div><span><b>Speed:</b></span> <span>47 kt - 44 kt</span></div>
<div><span><b>Timestamp:</b></span><br/><span>2025-08-26 10:30:00 UTC<br/>2025-08-26 10:30:02 UTC</span></div>
</div>]]></description>
      </Placemark>
      <Placemark>
        <Style>
          <LineStyle>
            <color>ffccff00</color>
            <width>2</width>
          </LineStyle>
        </Style>
        <MultiGeometry>
          <LineString>
            <tessellate>1</tessellate>
            <altitudeMode>absolute</altitudeMode>
            <coordinates>-112.080162,33.686462,495.3 -112.079491,33.686554,487.68</coordinates>
          </LineString>
        </MultiGeometry>
        <name>P-497</name>
        <description><![CDATA[<div><div><span><b>Altitude:</b></span> <span>1,625 ft - 1,600 ft</span></div>
<div><span><b>Speed:</b></span> <span>44 kt - 42 kt</span></div>
<div><span><b>Timestamp:</b></span><br/><span>2025-08-26 10:30:02 UTC<br/>2025-08-26 10:30:05 UTC</span></div>
</div>]]></description>
      </Placemark>
      <Placemark>
        <Style>
          <LineStyle>
            <color>ffccff00</color>
            <width>2</width>
          </LineStyle>
        </Style>
        <MultiGeometry>
          <LineString>
            <tessellate>1</tessellate>
            <altitudeMode>absolute</altitudeMode>
            <coordinates>-112.079491,33.686554,487.68 -112.078972,33.686596,480.06</coordinates>
          </LineString>
        </MultiGeometry>
        <name>P-498</name>
        <description><![CDATA[<div><div><span><b>Altitude:</b></span> <span>1,600 ft - 1,575 ft</span></div>
<div><span><b>Speed:</b></span> <span>42 kt - 40 kt</span></div>
<div><span><b>Timestamp:</b></span><br/><span>2025-08-26 10:30:05 UTC<br/>2025-08-26 10:30:07 UTC</span></div>
</div>]]></description>
      </Placemark>
      <Placemark>
        <Style>
          <LineStyle>
            <color>ffccff00</color>
            <width>2</width>
          </LineStyle>
        </Style>
        <MultiGeometry>
          <LineString>
            <tessellate>1</tessellate>
            <altitudeMode>absolute</altitudeMode>
            <coordinates>-112.078972,33.686596,480.06 -112.078461,33.686642,472.44</coordinates>
          </LineString>
        </MultiGeometry>
        <name>P-499</name>
        <description><![CDATA[<div><div><span><b>Altitude:</b></span> <span>1,575 ft - 1,550 ft</span></div>
<div><span><b>Speed:</b></span> <span>40 kt - 38 kt</span></div>
<div><span><b>Timestamp:</b></span><br/><span>2025-08-26 10:30:07 UTC<br/>2025-08-26 10:30:09 UTC</span></div>
</div>]]></description>
      </Placemark>
      <Placemark>
        <Style>
          <LineStyle>
            <color>ffccff00</color>
            <width>2</width>
          </LineStyle>
        </Style>
        <MultiGeometry>
          <LineString>
            <tessellate>1</tessellate>
            <altitudeMode>absolute</altitudeMode>
            <coordinates>-112.078461,33.686642,472.44 -112.078094,33.686646,464.82</coordinates>
          </LineString>
        </MultiGeometry>
        <name>P-500</name>
        <description><![CDATA[<div><div><span><b>Altitude:</b></span> <span>1,550 ft - 1,525 ft</span></div>
<div><span><b>Speed:</b></span> <span>38 kt - 36 kt</span></div>
<div><span><b>Timestamp:</b></span><br/><span>2025-08-26 10:30:09 UTC<br/>2025-08-26 10:30:11 UTC</span></div>
</div>]]></description>
      </Placemark>
      <Placemark>
        <Style>
          <LineStyle>
            <color>ffccff00</color>
            <width>2</width>
          </LineStyle>
        </Style>
        <MultiGeometry>
          <LineString>
            <tessellate>1</tessellate>
            <altitudeMode>absolute</altitudeMode>
            <coordinates>-112.078094,33.686646,464.82 -112.077652,33.686687,464.82</coordinates>
          </LineString>
        </MultiGeometry>
        <name>P-501</name>
        <description><![CDATA[<div><div><span><b>Altitude:</b></span> <span>1,525 ft</span></div>
<div><span><b>Speed:</b></span> <span>36 kt - 34 kt</span></div>
<div><span><b>Timestamp:</b></span><br/><span>2025-08-26 10:30:11 UTC<br/>2025-08-26 10:30:14 UTC</span></div>
</div>]]></description>
      </Placemark>
      <Placemark>
        <Style>
          <LineStyle>
            <color>ffccff00</color>
            <width>2</width>
          </LineStyle>
        </Style>
        <MultiGeometry>
          <LineString>
            <tessellate>1</tessellate>
            <altitudeMode>absolute</altitudeMode>
            <coordinates>-112.077652,33.686687,464.82 -112.077194,33.686737,457.2</coordinates>
          </LineString>
        </MultiGeometry>
        <name>P-502</name>
        <description><![CDATA[<div><div><span><b>Altitude:</b></span> <span>1,525 ft - 1,500 ft</span></div>
<div><span><b>Speed:</b></span> <span>34 kt - 31 kt</span></div>
<div><span><b>Timestamp:</b></span><br/><span>2025-08-26 10:30:14 UTC<br/>2025-08-26 10:30:16 UTC</span></div>
</div>]]></description>
      </Placemark>
      <Placemark>
        <Style>
          <LineStyle>
            <color>ffccff00</color>
            <width>2</width>
          </LineStyle>
        </Style>
        <MultiGeometry>
          <LineString>
            <tessellate>1</tessellate>
            <altitudeMode>absolute</altitudeMode>
            <coordinates>-112.077194,33.686737,457.2 -112.076859,33.686737,449.58</coordinates>
          </LineString>
        </MultiGeometry>
        <name>P-503</name>
        <description><![CDATA[<div><div><span><b>Altitude:</b></span> <span>1,500 ft - 1,475 ft</span></div>
<div><span><b>Speed:</b></span> <span>31 kt - 29 kt</span></div>
<div><span><b>Timestamp:</b></span><br/><span>2025-08-26 10:30:16 UTC<br/>2025-08-26 10:30:18 UTC</span></div>
</div>]]></description>
      </Placemark>
      <Placemark>
        <Style>
          <LineStyle>
            <color>ffccff00</color>
            <width>2</width>
          </LineStyle>
        </Style>
        <MultiGeometry>
          <LineString>
            <tessellate>1</tessellate>
            <altitudeMode>absolute</altitudeMode>
            <coordinates>-112.076859,33.686737,449.58 -112.076508,33.686737,449.58</coordinates>
          </LineString>
        </MultiGeometry>
        <name>P-504</name>
        <description><![CDATA[<div><div><span><b>Altitude:</b></span> <span>1,475 ft</span></div>
<div><span><b>Speed:</b></span> <span>29 kt - 28 kt</span></div>
<div><span><b>Timestamp:</b></span><br/><span>2025-08-26 10:30:18 UTC<br/>2025-08-26 10:30:20 UTC</span></div>
</div>]]></description>
      </Placemark>
      <Placemark>
        <Style>
          <LineStyle>
            <color>ffccff00</color>
            <width>2</width>
          </LineStyle>
        </Style>
        <MultiGeometry>
          <LineString>
            <tessellate>1</tessellate>
            <altitudeMode>absolute</altitudeMode>
            <coordinates>-112.076508,33.686737,449.58 -112.076225,33.686783,449.58</coordinates>
          </LineString>
        </MultiGeometry>
        <name>P-505</name>
        <description><![CDATA[<div><div><span><b>Altitude:</b></span> <span>1,475 ft</span></div>
<div><span><b>Speed:</b></span> <span>28 kt - 25 kt</span></div>
<div><span><b>Timestamp:</b></span><br/><span>2025-08-26 10:30:20 UTC<br/>2025-08-26 10:30:23 UTC</span></div>
</div>]]></description>
      </Placemark>
      <Placemark>
        <Style>
          <LineStyle>
            <color>ffccff00</color>
            <width>2</width>
          </LineStyle>
        </Style>
        <MultiGeometry>
          <LineString>
            <tessellate>1</tessellate>
            <altitudeMode>absolute</altitudeMode>
            <coordinates>-112.076225,33.686783,449.58 -112.075882,33.686783,441.96</coordinates>
          </LineString>
        </MultiGeometry>
        <name>P-506</name>
        <description><![CDATA[<div><div><span><b>Altitude:</b></span> <span>1,475 ft - 1,450 ft</span></div>
<div><span><b>Speed:</b></span> <span>25 kt - 23 kt</span></div>
<div><span><b>Timestamp:</b></span><br/><span>2025-08-26 10:30:23 UTC<br/>2025-08-26 10:30:25 UTC</span></div>
</div>]]></description>
      </Placemark>
      <Placemark>
        <Style>
          <LineStyle>
            <color>ffccff00</color>
            <width>2</width>
          </LineStyle>
        </Style>
        <MultiGeometry>
          <LineString>
            <tessellate>1</tessellate>
            <altitudeMode>absolute</altitudeMode>
            <coordinates>-112.075882,33.686783,441.96 -112.075623,33.686783,441.96</coordinates>
          </LineString>
        </MultiGeometry>
        <name>P-507</name>
        <description><![CDATA[<div><div><span><b>Altitude:</b></span> <span>1,450 ft</span></div>
<div><span><b>Speed:</b></span> <span>23 kt - 21 kt</span></div>
<div><span><b>Timestamp:</b></span><br/><span>2025-08-26 10:30:25 UTC<br/>2025-08-26 10:30:27 UTC</span></div>
</div>]]></description>
      </Placemark>
      <Placemark>
        <Style>
          <LineStyle>
            <color>ffccff00</color>
            <width>2</width>
          </LineStyle>
        </Style>
        <MultiGeometry>
          <LineString>
            <tessellate>1</tessellate>
            <altitudeMode>absolute</altitudeMode>
            <coordinates>-112.075623,33.686783,441.96 -112.075401,33.686783,441.96</coordinates>
          </LineString>
        </MultiGeometry>
        <name>P-508</name>
        <description><![CDATA[<div><div><span><b>Altitude:</b></span> <span>1,450 ft</span></div>
<div><span><b>Speed:</b></span> <span>21 kt</span></div>
<div><span><b>Timestamp:</b></span><br/><span>2025-08-26 10:30:27 UTC<br/>2025-08-26 10:30:29 UTC</span></div>
</div>]]></description>
      </Placemark>
      <Placemark>
        <Style>
          <LineStyle>
            <color>ffccff00</color>
            <width>2</width>
          </LineStyle>
        </Style>
        <MultiGeometry>
          <LineString>
            <tessellate>1</tessellate>
            <altitudeMode>absolute</altitudeMode>
            <coordinates>-112.075401,33.686783,441.96 -112.075066,33.686829,441.96</coordinates>
          </LineString>
        </MultiGeometry>
        <name>P-509</name>
        <description><![CDATA[<div><div><span><b>Altitude:</b></span> <span>1,450 ft</span></div>
<div><span><b>Speed:</b></span> <span>21 kt - 20 kt</span></div>
<div><span><b>Timestamp:</b></span><br/><span>2025-08-26 10:30:29 UTC<br/>2025-08-26 10:30:32 UTC</span></div>
</div>]]></description>
      </Placemark>
      <Placemark>
        <Style>
          <LineStyle>
            <color>ffccff00</color>
            <width>2</width>
          </LineStyle>
        </Style>
        <MultiGeometry>
          <LineString>
            <tessellate>1</tessellate>
            <altitudeMode>absolute</altitudeMode>
            <coordinates>-112.075066,33.686829,441.96 -112.074852,33.686829,434.34</coordinates>
          </LineString>
        </MultiGeometry>
        <name>P-510</name>
        <description><![CDATA[<div><div><span><b>Altitude:</b></span> <span>1,450 ft - 1,425 ft</span></div>
<div><span><b>Speed:</b></span> <span>20 kt - 17 kt</span></div>
<div><span><b>Timestamp:</b></span><br/><span>2025-08-26 10:30:32 UTC<br/>2025-08-26 10:30:34 UTC</span></div>
</div>]]></description>
      </Placemark>
      <Placemark>
        <Style>
          <LineStyle>
            <color>ffccff00</color>
            <width>2</width>
          </LineStyle>
        </Style>
        <MultiGeometry>
          <LineString>
            <tessellate>1</tessellate>
            <altitudeMode>absolute</altitudeMode>
            <coordinates>-112.074852,33.686829,434.34 -112.074615,33.686829,434.34</coordinates>
          </LineString>
        </MultiGeometry>
        <name>P-511</name>
        <description><![CDATA[<div><div><span><b>Altitude:</b></span> <span>1,425 ft</span></div>
<div><span><b>Speed:</b></span> <span>17 kt - 15 kt</span></div>
<div><span><b>Timestamp:</b></span><br/><span>2025-08-26 10:30:34 UTC<br/>2025-08-26 10:30:36 UTC</span></div>
</div>]]></description>
      </Placemark>
      <Placemark>
        <Style>
          <LineStyle>
            <color>ffccff00</color>
            <width>2</width>
          </LineStyle>
        </Style>
        <MultiGeometry>
          <LineString>
            <tessellate>1</tessellate>
            <altitudeMode>absolute</altitudeMode>
            <coordinates>-112.074615,33.686829,434.34 -112.074333,33.686737,434.34</coordinates>
          </LineString>
        </MultiGeometry>
        <name>P-512</name>
        <description><![CDATA[<div><div><span><b>Altitude:</b></span> <span>1,425 ft</span></div>
<div><span><b>Speed:</b></span> <span>15 kt - 10 kt</span></div>
<div><span><b>Timestamp:</b></span><br/><span>2025-08-26 10:30:36 UTC<br/>2025-08-26 10:30:41 UTC</span></div>
</div>]]></description>
      </Placemark>
      <Placemark>
        <Style>
          <LineStyle>
            <color>ffccff00</color>
            <width>2</width>
          </LineStyle>
        </Style>
        <MultiGeometry>
          <LineString>
            <tessellate>1</tessellate>
            <altitudeMode>clampToGround</altitudeMode>
            <coordinates>-112.074333,33.686737,434.34 -112.074127,33.686588,0</coordinates>
          </LineString>
        </MultiGeometry>
        <name>P-513</name>
        <description><![CDATA[<div><div><span><b>Altitude:</b></span> <span>1,425 ft - 0 ft</span></div>
<div><span><b>Speed:</b></span> <span>10 kt - 5 kt</span></div>
<div><span><b>Timestamp:</b></span><br/><span>2025-08-26 10:30:41 UTC<br/>2025-08-26 10:30:49 UTC</span></div>
</div>]]></description>
      </Placemark>
      <Placemark>
        <Style>
          <LineStyle>
            <color>ffffffff</color>
            <width>2</width>
          </LineStyle>
        </Style>
        <MultiGeometry>
          <LineString>
            <tessellate>1</tessellate>
            <altitudeMode>clampToGround</altitudeMode>
            <coordinates>-112.074127,33.686588,0 -112.073914,33.686531,0</coordinates>
          </LineString>
        </MultiGeometry>
        <name>P-514</name>
        <description><![CDATA[<div><div><span><b>Altitude:</b></span> <span>0 ft</span></div>
<div><span><b>Speed:</b></span> <span>5 kt - 1 kt</span></div>
<div><span><b>Timestamp:</b></span><br/><span>2025-08-26 10:30:49 UTC<br/>2025-08-26 10:31:04 UTC</span></div>
</div>]]></description>
      </Placemark>
    </Folder>
  </Document>
</kml>
