Timestamp,UTC,Callsign,Position,Altitude,Speed,Direction
1755747246,2025-08-21T03:34:06Z,N623FB,"33.686794,-112.07399",0,6,36
1755747277,2025-08-21T03:34:37Z,N623FB,"33.686829,-112.074226",1575,24,255
1755747279,2025-08-21T03:34:39Z,N623FB,"33.686783,-112.074669",1575,35,263
1755747282,2025-08-21T03:34:42Z,N623FB,"33.686737,-112.07518",1575,49,266
1755747288,2025-08-21T03:34:48Z,N623FB,"33.686642,-112.077255",1650,55,263
1755747295,2025-08-21T03:34:55Z,N623FB,"33.686455,-112.079376",1775,55,264
1755747302,2025-08-21T03:35:02Z,N623FB,"33.686272,-112.081436",1900,55,256
1755747304,2025-08-21T03:35:04Z,N623FB,"33.686039,-112.082001",1950,57,232
1755747306,2025-08-21T03:35:06Z,N623FB,"33.685455,-112.082573",1950,60,210
1755747308,2025-08-21T03:35:08Z,N623FB,"33.684998,-112.082741",1975,67,191
1755747310,2025-08-21T03:35:10Z,N623FB,"33.684219,-112.082855",1975,73,180
1755747313,2025-08-21T03:35:13Z,N623FB,"33.683475,-112.082809",1975,77,176
1755747315,2025-08-21T03:35:15Z,N623FB,"33.682571,-112.082741",2000,82,177
1755747317,2025-08-21T03:35:17Z,N623FB,"33.681755,-112.082687",2000,84,178
1755747319,2025-08-21T03:35:19Z,N623FB,"33.680832,-112.082687",2000,87,180
1755747321,2025-08-21T03:35:21Z,N623FB,"33.68008,-112.082748",2000,89,180
1755747324,2025-08-21T03:35:24Z,N623FB,"33.679054,-112.082748",2025,92,182
1755747326,2025-08-21T03:35:26Z,N623FB,"33.677948,-112.082855",2025,94,183
1755747328,2025-08-21T03:35:28Z,N623FB,"33.677078,-112.082909",2025,97,183
1755747330,2025-08-21T03:35:30Z,N623FB,"33.676071,-112.08297",2025,98,184
1755747332,2025-08-21T03:35:32Z,N623FB,"33.675423,-112.083038",2000,99,184
1755747335,2025-08-21T03:35:35Z,N623FB,"33.674213,-112.083145",2025,100,185
1755747337,2025-08-21T03:35:37Z,N623FB,"33.673325,-112.083305",2025,101,186
1755747339,2025-08-21T03:35:39Z,N623FB,"33.672165,-112.083496",2025,102,189
1755747341,2025-08-21T03:35:41Z,N623FB,"33.671173,-112.083694",2025,102,192
1755747343,2025-08-21T03:35:43Z,N623FB,"33.670116,-112.084061",2025,102,198
1755747346,2025-08-21T03:35:46Z,N623FB,"33.669388,-112.084427",2025,101,205
1755747348,2025-08-21T03:35:48Z,N623FB,"33.668255,-112.085205",2025,101,213
1755747350,2025-08-21T03:35:50Z,N623FB,"33.667511,-112.085823",2025,100,213
1755747352,2025-08-21T03:35:52Z,N623FB,"33.666763,-112.086349",2050,100,207
1755747354,2025-08-21T03:35:54Z,N623FB,"33.665646,-112.086929",2050,100,199
1755747356,2025-08-21T03:35:56Z,N623FB,"33.664764,-112.087158",2075,101,189
1755747363,2025-08-21T03:36:03Z,N623FB,"33.661285,-112.087624",2075,101,190
1755747365,2025-08-21T03:36:05Z,N623FB,"33.660618,-112.087845",2075,101,197
1755747368,2025-08-21T03:36:08Z,N623FB,"33.6595,-112.088348",2075,101,203
1755747370,2025-08-21T03:36:10Z,N623FB,"33.658619,-112.088867",2075,101,208
1755747372,2025-08-21T03:36:12Z,N623FB,"33.657623,-112.089584",2075,101,208
1755747377,2025-08-21T03:36:17Z,N623FB,"33.655563,-112.090538",2100,103,194
1755747379,2025-08-21T03:36:19Z,N623FB,"33.654381,-112.09082",2100,104,191
1755747381,2025-08-21T03:36:21Z,N623FB,"33.653503,-112.091042",2075,105,194
1755747386,2025-08-21T03:36:26Z,N623FB,"33.651398,-112.091934",2075,104,204
1755747388,2025-08-21T03:36:28Z,N623FB,"33.650566,-112.092422",2075,104,208
1755747390,2025-08-21T03:36:30Z,N623FB,"33.649567,-112.093056",2075,105,206
1755747392,2025-08-21T03:36:32Z,N623FB,"33.648468,-112.093674",2100,105,202
1755747399,2025-08-21T03:36:39Z,N623FB,"33.645538,-112.09465",2075,108,192
1755747401,2025-08-21T03:36:41Z,N623FB,"33.644485,-112.09491",2075,108,191
1755747403,2025-08-21T03:36:43Z,N623FB,"33.643478,-112.095131",2075,109,191
1755747412,2025-08-21T03:36:52Z,N623FB,"33.638992,-112.096252",2050,111,191
1755747414,2025-08-21T03:36:54Z,N623FB,"33.637802,-112.096535",2050,112,191
1755747417,2025-08-21T03:36:57Z,N623FB,"33.636566,-112.09687",2025,112,191
1755747419,2025-08-21T03:36:59Z,N623FB,"33.63533,-112.097153",2025,112,191
1755747421,2025-08-21T03:37:01Z,N623FB,"33.634323,-112.097427",2025,112,191
1755747423,2025-08-21T03:37:03Z,N623FB,"33.633152,-112.097687",2025,112,191
1755747430,2025-08-21T03:37:10Z,N623FB,"33.629745,-112.09861",2025,110,193
1755747438,2025-08-21T03:37:18Z,N623FB,"33.625443,-112.099617",2025,110,188
1755747440,2025-08-21T03:37:20Z,N623FB,"33.624496,-112.0998",2025,109,186
1755747443,2025-08-21T03:37:23Z,N623FB,"33.623199,-112.099899",2025,110,184
1755747445,2025-08-21T03:37:25Z,N623FB,"33.622261,-112.100029",2000,111,183
1755747447,2025-08-21T03:37:27Z,N623FB,"33.621098,-112.100082",2000,111,182
1755747449,2025-08-21T03:37:29Z,N623FB,"33.620071,-112.100143",2000,111,182
1755747452,2025-08-21T03:37:32Z,N623FB,"33.618862,-112.100143",2000,111,181
1755747454,2025-08-21T03:37:34Z,N623FB,"33.617569,-112.100235",2025,110,182
1755747457,2025-08-21T03:37:37Z,N623FB,"33.61615,-112.100288",2000,110,182
1755747459,2025-08-21T03:37:39Z,N623FB,"33.615097,-112.100342",2025,110,183
1755747461,2025-08-21T03:37:41Z,N623FB,"33.614021,-112.100433",2025,110,183
1755747463,2025-08-21T03:37:43Z,N623FB,"33.612904,-112.100487",2025,109,183
1755747465,2025-08-21T03:37:45Z,N623FB,"33.611599,-112.100601",2000,109,184
1755747472,2025-08-21T03:37:52Z,N623FB,"33.608295,-112.100998",2025,108,186
1755747479,2025-08-21T03:37:59Z,N623FB,"33.604942,-112.101349",2000,110,183
1755747488,2025-08-21T03:38:08Z,N623FB,"33.600586,-112.101295",2025,110,177
1755747490,2025-08-21T03:38:10Z,N623FB,"33.59935,-112.101242",2025,110,177
1755747492,2025-08-21T03:38:12Z,N623FB,"33.59816,-112.101242",2025,110,177
1755747494,2025-08-21T03:38:14Z,N623FB,"33.597015,-112.101189",2025,110,177
1755747496,2025-08-21T03:38:16Z,N623FB,"33.59605,-112.10112",2050,110,177
1755747499,2025-08-21T03:38:19Z,N623FB,"33.594772,-112.101074",2050,110,178
1755747501,2025-08-21T03:38:21Z,N623FB,"33.593819,-112.101059",2050,110,178
1755747503,2025-08-21T03:38:23Z,N623FB,"33.592934,-112.100998",2050,110,178
1755747505,2025-08-21T03:38:25Z,N623FB,"33.591522,-112.10096",2075,110,178
1755747514,2025-08-21T03:38:34Z,N623FB,"33.587173,-112.100845",2075,110,178
1755747520,2025-08-21T03:38:40Z,N623FB,"33.583694,-112.100792",2100,110,178
1755747527,2025-08-21T03:38:47Z,N623FB,"33.580399,-112.100677",2075,112,178
1755747536,2025-08-21T03:38:56Z,N623FB,"33.575802,-112.100601",2025,115,179
1755747542,2025-08-21T03:39:02Z,N623FB,"33.572662,-112.100571",2000,117,180
1755747551,2025-08-21T03:39:11Z,N623FB,"33.567936,-112.100662",1950,117,181
1755747553,2025-08-21T03:39:13Z,N623FB,"33.566757,-112.100677",1925,116,184
1755747555,2025-08-21T03:39:15Z,N623FB,"33.565468,-112.100891",1925,114,188
1755747557,2025-08-21T03:39:17Z,N623FB,"33.564148,-112.101189",1900,113,193
1755747559,2025-08-21T03:39:19Z,N623FB,"33.563278,-112.101463",1875,111,197
1755747562,2025-08-21T03:39:22Z,N623FB,"33.562069,-112.102036",1875,108,202
1755747564,2025-08-21T03:39:24Z,N623FB,"33.561138,-112.102493",1850,106,204
1755747566,2025-08-21T03:39:26Z,N623FB,"33.560028,-112.103088",1850,104,204
1755747568,2025-08-21T03:39:28Z,N623FB,"33.559113,-112.103539",1850,102,200
1755747570,2025-08-21T03:39:30Z,N623FB,"33.558205,-112.103867",1825,99,190
1755747575,2025-08-21T03:39:35Z,N623FB,"33.556183,-112.10376",1850,95,166
1755747577,2025-08-21T03:39:37Z,N623FB,"33.555359,-112.103317",1850,94,146
1755747579,2025-08-21T03:39:39Z,N623FB,"33.554581,-112.102417",1875,96,133
1755747581,2025-08-21T03:39:41Z,N623FB,"33.554153,-112.101456",1875,96,112
1755747583,2025-08-21T03:39:43Z,N623FB,"33.55394,-112.100403",1875,94,98
1755747586,2025-08-21T03:39:46Z,N623FB,"33.55397,-112.099457",1900,90,79
1755747588,2025-08-21T03:39:48Z,N623FB,"33.554203,-112.098427",1900,85,63
1755747590,2025-08-21T03:39:50Z,N623FB,"33.554806,-112.097458",1925,79,45
1755747592,2025-08-21T03:39:52Z,N623FB,"33.555412,-112.096878",1925,75,28
1755747594,2025-08-21T03:39:54Z,N623FB,"33.556065,-112.096649",1925,74,14
1755747597,2025-08-21T03:39:57Z,N623FB,"33.556915,-112.096474",1925,74,3
1755747599,2025-08-21T03:39:59Z,N623FB,"33.557648,-112.096481",1925,73,359
1755747601,2025-08-21T03:40:01Z,N623FB,"33.558472,-112.096535",1925,71,351
1755747603,2025-08-21T03:40:03Z,N623FB,"33.559181,-112.09671",1925,71,344
1755747606,2025-08-21T03:40:06Z,N623FB,"33.559742,-112.096939",1925,69,336
1755747608,2025-08-21T03:40:08Z,N623FB,"33.560577,-112.097542",1925,67,324
1755747610,2025-08-21T03:40:10Z,N623FB,"33.561035,-112.098045",1925,66,316
1755747612,2025-08-21T03:40:12Z,N623FB,"33.561417,-112.098541",1925,66,307
1755747615,2025-08-21T03:40:15Z,N623FB,"33.56179,-112.099289",1900,66,298
1755747617,2025-08-21T03:40:17Z,N623FB,"33.562115,-112.100143",1900,66,291
1755747619,2025-08-21T03:40:19Z,N623FB,"33.562256,-112.10083",1900,65,280
1755747622,2025-08-21T03:40:22Z,N623FB,"33.562363,-112.101799",1900,65,275
1755747624,2025-08-21T03:40:24Z,N623FB,"33.562363,-112.102531",1900,65,267
1755747626,2025-08-21T03:40:26Z,N623FB,"33.562302,-112.10318",1900,65,262
1755747628,2025-08-21T03:40:28Z,N623FB,"33.56218,-112.103989",1900,65,254
1755747630,2025-08-21T03:40:30Z,N623FB,"33.561951,-112.10466",1900,64,246
1755747632,2025-08-21T03:40:32Z,N623FB,"33.561584,-112.105499",1900,64,235
1755747635,2025-08-21T03:40:35Z,N623FB,"33.56123,-112.10598",1900,63,223
1755747637,2025-08-21T03:40:37Z,N623FB,"33.560719,-112.106491",1900,64,212
1755747639,2025-08-21T03:40:39Z,N623FB,"33.560074,-112.10685",1900,65,201
1755747641,2025-08-21T03:40:41Z,N623FB,"33.559341,-112.107071",1900,66,191
1755747644,2025-08-21T03:40:44Z,N623FB,"33.558624,-112.107178",1900,67,183
1755747646,2025-08-21T03:40:46Z,N623FB,"33.558064,-112.107178",1900,68,179
1755747648,2025-08-21T03:40:48Z,N623FB,"33.557327,-112.107124",1900,67,176
1755747650,2025-08-21T03:40:50Z,N623FB,"33.556549,-112.107071",1900,66,174
1755747652,2025-08-21T03:40:52Z,N623FB,"33.555969,-112.106949",1900,64,167
1755747655,2025-08-21T03:40:55Z,N623FB,"33.555317,-112.106613",1925,63,149
1755747657,2025-08-21T03:40:57Z,N623FB,"33.554806,-112.106209",1925,65,138
1755747659,2025-08-21T03:40:59Z,N623FB,"33.554295,-112.105522",1950,66,123
1755747662,2025-08-21T03:41:02Z,N623FB,"33.55397,-112.104782",1950,68,114
1755747664,2025-08-21T03:41:04Z,N623FB,"33.553783,-112.104034",1950,68,101
1755747666,2025-08-21T03:41:06Z,N623FB,"33.553711,-112.103088",1950,70,91
1755747668,2025-08-21T03:41:08Z,N623FB,"33.553783,-112.102371",1950,69,81
1755747670,2025-08-21T03:41:10Z,N623FB,"33.55394,-112.101463",1950,69,74
1755747672,2025-08-21T03:41:12Z,N623FB,"33.554123,-112.100739",1950,69,67
1755747674,2025-08-21T03:41:14Z,N623FB,"33.554443,-112.100006",1975,69,62
1755747677,2025-08-21T03:41:17Z,N623FB,"33.554855,-112.09922",1975,68,56
1755747679,2025-08-21T03:41:19Z,N623FB,"33.555225,-112.098541",1975,68,52
1755747681,2025-08-21T03:41:21Z,N623FB,"33.555634,-112.098045",1975,67,47
1755747683,2025-08-21T03:41:23Z,N623FB,"33.556202,-112.097397",2000,65,41
1755747686,2025-08-21T03:41:26Z,N623FB,"33.556667,-112.096939",2000,65,36
1755747688,2025-08-21T03:41:28Z,N623FB,"33.557274,-112.096481",2000,63,32
1755747690,2025-08-21T03:41:30Z,N623FB,"33.557739,-112.096138",2000,62,26
1755747692,2025-08-21T03:41:32Z,N623FB,"33.558346,-112.095795",2025,61,22
1755747695,2025-08-21T03:41:35Z,N623FB,"33.558929,-112.09552",2025,62,20
1755747697,2025-08-21T03:41:37Z,N623FB,"33.559616,-112.095245",2025,61,17
1755747699,2025-08-21T03:41:39Z,N623FB,"33.560112,-112.095047",2025,62,14
1755747701,2025-08-21T03:41:41Z,N623FB,"33.56081,-112.094879",2025,62,12
1755747703,2025-08-21T03:41:43Z,N623FB,"33.561417,-112.094711",2025,62,9
1755747706,2025-08-21T03:41:46Z,N623FB,"33.562115,-112.094589",2025,63,6
1755747708,2025-08-21T03:41:48Z,N623FB,"33.562721,-112.094536",2025,63,3
1755747710,2025-08-21T03:41:50Z,N623FB,"33.563324,-112.094482",2050,64,2
1755747712,2025-08-21T03:41:52Z,N623FB,"33.564102,-112.09446",2050,64,1
1755747714,2025-08-21T03:41:54Z,N623FB,"33.564606,-112.09446",2050,64,1
1755747717,2025-08-21T03:41:57Z,N623FB,"33.56543,-112.094513",2050,63,358
1755747719,2025-08-21T03:41:59Z,N623FB,"33.565933,-112.094574",2050,61,351
1755747721,2025-08-21T03:42:01Z,N623FB,"33.566483,-112.094681",2050,62,347
1755747723,2025-08-21T03:42:03Z,N623FB,"33.567234,-112.094765",2050,67,5
1755747725,2025-08-21T03:42:05Z,N623FB,"33.567841,-112.094421",2050,73,35
1755747727,2025-08-21T03:42:07Z,N623FB,"33.568306,-112.093735",2025,79,60
1755747729,2025-08-21T03:42:09Z,N623FB,"33.568584,-112.092758",2000,84,76
1755747731,2025-08-21T03:42:11Z,N623FB,"33.56868,-112.091904",2000,85,83
1755747734,2025-08-21T03:42:14Z,N623FB,"33.568771,-112.090759",2000,84,87
1755747736,2025-08-21T03:42:16Z,N623FB,"33.568726,-112.089844",2025,83,92
1755747738,2025-08-21T03:42:18Z,N623FB,"33.568634,-112.088913",2050,79,106
1755747740,2025-08-21T03:42:20Z,N623FB,"33.568268,-112.088013",2075,76,122
1755747742,2025-08-21T03:42:22Z,N623FB,"33.567703,-112.087326",2100,74,138
1755747744,2025-08-21T03:42:24Z,N623FB,"33.567078,-112.086891",2100,73,152
1755747747,2025-08-21T03:42:27Z,N623FB,"33.566536,-112.086639",2100,74,162
1755747749,2025-08-21T03:42:29Z,N623FB,"33.565842,-112.086388",2100,75,168
1755747751,2025-08-21T03:42:31Z,N623FB,"33.564926,-112.08622",2100,75,171
1755747753,2025-08-21T03:42:33Z,N623FB,"33.564304,-112.086121",2100,75,172
1755747755,2025-08-21T03:42:35Z,N623FB,"33.563374,-112.085953",2125,76,171
1755747758,2025-08-21T03:42:38Z,N623FB,"33.562546,-112.08577",2125,78,170
1755747760,2025-08-21T03:42:40Z,N623FB,"33.561813,-112.085655",2125,79,169
1755747762,2025-08-21T03:42:42Z,N623FB,"33.561127,-112.085434",2125,79,166
1755747764,2025-08-21T03:42:44Z,N623FB,"33.560257,-112.085213",2125,79,166
1755747766,2025-08-21T03:42:46Z,N623FB,"33.559509,-112.084976",2150,80,163
1755747768,2025-08-21T03:42:48Z,N623FB,"33.558746,-112.084648",2150,81,156
1755747771,2025-08-21T03:42:51Z,N623FB,"33.557926,-112.084122",2150,82,149
1755747773,2025-08-21T03:42:53Z,N623FB,"33.557274,-112.083549",2150,83,143
1755747775,2025-08-21T03:42:55Z,N623FB,"33.556717,-112.082977",2150,84,136
1755747777,2025-08-21T03:42:57Z,N623FB,"33.556065,-112.082123",2150,84,132
1755747779,2025-08-21T03:42:59Z,N623FB,"33.55555,-112.081436",2175,83,129
1755747781,2025-08-21T03:43:01Z,N623FB,"33.555038,-112.080627",2175,83,125
1755747784,2025-08-21T03:43:04Z,N623FB,"33.554668,-112.079887",2175,83,121
1755747786,2025-08-21T03:43:06Z,N623FB,"33.554153,-112.078796",2175,83,117
1755747788,2025-08-21T03:43:08Z,N623FB,"33.553802,-112.077927",2175,81,111
1755747790,2025-08-21T03:43:10Z,N623FB,"33.553528,-112.076973",2200,81,107
1755747792,2025-08-21T03:43:12Z,N623FB,"33.553364,-112.076111",2200,82,103
1755747795,2025-08-21T03:43:15Z,N623FB,"33.553223,-112.074966",2200,79,97
1755747797,2025-08-21T03:43:17Z,N623FB,"33.553085,-112.073883",2225,78,95
1755747799,2025-08-21T03:43:19Z,N623FB,"33.553036,-112.073021",2225,77,92
1755747801,2025-08-21T03:43:21Z,N623FB,"33.553024,-112.07209",2225,76,91
1755747804,2025-08-21T03:43:24Z,N623FB,"33.553024,-112.071365",2225,75,88
1755747806,2025-08-21T03:43:26Z,N623FB,"33.55307,-112.070297",2225,75,86
1755747808,2025-08-21T03:43:28Z,N623FB,"33.553162,-112.069458",2225,74,84
1755747810,2025-08-21T03:43:30Z,N623FB,"33.553223,-112.068726",2225,72,80
1755747812,2025-08-21T03:43:32Z,N623FB,"33.553364,-112.067757",2225,71,77
1755747814,2025-08-21T03:43:34Z,N623FB,"33.553501,-112.06707",2225,70,75
1755747816,2025-08-21T03:43:36Z,N623FB,"33.553711,-112.066322",2250,68,70
1755747819,2025-08-21T03:43:39Z,N623FB,"33.553921,-112.065582",2250,67,67
1755747821,2025-08-21T03:43:41Z,N623FB,"33.554295,-112.064667",2250,66,64
1755747823,2025-08-21T03:43:43Z,N623FB,"33.554527,-112.064095",2250,64,61
1755747825,2025-08-21T03:43:45Z,N623FB,"33.554901,-112.063347",2250,63,57
1755747828,2025-08-21T03:43:48Z,N623FB,"33.555317,-112.062668",2250,61,51
1755747830,2025-08-21T03:43:50Z,N623FB,"33.555691,-112.062149",2250,60,48
1755747832,2025-08-21T03:43:52Z,N623FB,"33.556183,-112.061554",2250,58,45
1755747834,2025-08-21T03:43:54Z,N623FB,"33.556549,-112.06105",2250,58,43
1755747836,2025-08-21T03:43:56Z,N623FB,"33.556961,-112.060661",2250,57,42
1755747839,2025-08-21T03:43:59Z,N623FB,"33.557461,-112.060089",2250,57,41
1755747841,2025-08-21T03:44:01Z,N623FB,"33.557831,-112.059692",2250,56,39
1755747843,2025-08-21T03:44:03Z,N623FB,"33.558289,-112.059258",2250,56,38
1755747845,2025-08-21T03:44:05Z,N623FB,"33.558701,-112.058922",2250,57,36
1755747847,2025-08-21T03:44:07Z,N623FB,"33.559181,-112.058487",2250,57,35
1755747849,2025-08-21T03:44:09Z,N623FB,"33.559662,-112.058083",2225,57,32
1755747852,2025-08-21T03:44:12Z,N623FB,"33.560162,-112.057739",2225,56,30
1755747854,2025-08-21T03:44:14Z,N623FB,"33.56076,-112.05735",2225,56,26
1755747856,2025-08-21T03:44:16Z,N623FB,"33.56123,-112.057053",2225,55,23
1755747858,2025-08-21T03:44:18Z,N623FB,"33.561741,-112.056824",2225,55,20
1755747861,2025-08-21T03:44:21Z,N623FB,"33.562347,-112.056595",2225,54,18
1755747863,2025-08-21T03:44:23Z,N623FB,"33.562859,-112.056427",2225,54,14
1755747865,2025-08-21T03:44:25Z,N623FB,"33.563324,-112.056259",2225,54,13
1755747867,2025-08-21T03:44:27Z,N623FB,"33.563931,-112.056084",2225,55,11
1755747869,2025-08-21T03:44:29Z,N623FB,"33.56456,-112.055954",2225,54,9
1755747872,2025-08-21T03:44:32Z,N623FB,"33.565063,-112.055893",2225,55,8
1755747874,2025-08-21T03:44:34Z,N623FB,"33.565701,-112.055801",2225,56,7
1755747876,2025-08-21T03:44:36Z,N623FB,"33.566254,-112.055725",2200,57,5
1755747879,2025-08-21T03:44:39Z,N623FB,"33.566895,-112.055672",2200,57,3
1755747881,2025-08-21T03:44:41Z,N623FB,"33.567562,-112.055679",2200,57,358
1755747883,2025-08-21T03:44:43Z,N623FB,"33.568073,-112.055679",2200,56,355
1755747886,2025-08-21T03:44:46Z,N623FB,"33.568771,-112.055801",2200,55,351
1755747888,2025-08-21T03:44:48Z,N623FB,"33.569283,-112.055908",2200,54,347
1755747890,2025-08-21T03:44:50Z,N623FB,"33.56987,-112.056061",2200,54,343
1755747892,2025-08-21T03:44:52Z,N623FB,"33.570282,-112.056229",2200,52,341
1755747894,2025-08-21T03:44:54Z,N623FB,"33.570831,-112.056511",2200,52,337
1755747896,2025-08-21T03:44:56Z,N623FB,"33.571289,-112.056732",2200,52,335
1755747898,2025-08-21T03:44:58Z,N623FB,"33.571796,-112.056999",2200,52,332
1755747901,2025-08-21T03:45:01Z,N623FB,"33.57225,-112.057297",2200,54,332
1755747903,2025-08-21T03:45:03Z,N623FB,"33.572617,-112.057518",2200,54,334
1755747905,2025-08-21T03:45:05Z,N623FB,"33.573166,-112.0578",2200,55,337
1755747907,2025-08-21T03:45:07Z,N623FB,"33.573662,-112.058029",2200,54,338
1755747909,2025-08-21T03:45:09Z,N623FB,"33.574127,-112.058258",2200,54,337
1755747911,2025-08-21T03:45:11Z,N623FB,"33.574638,-112.058548",2200,54,334
1755747914,2025-08-21T03:45:14Z,N623FB,"33.575226,-112.058922",2200,54,332
1755747916,2025-08-21T03:45:16Z,N623FB,"33.575661,-112.059174",2200,54,329
1755747918,2025-08-21T03:45:18Z,N623FB,"33.57605,-112.059479",2200,53,327
1755747920,2025-08-21T03:45:20Z,N623FB,"33.576546,-112.059921",2200,53,324
1755747922,2025-08-21T03:45:22Z,N623FB,"33.576965,-112.060265",2200,52,322
1755747924,2025-08-21T03:45:24Z,N623FB,"33.577385,-112.060661",2200,51,320
1755747926,2025-08-21T03:45:26Z,N623FB,"33.577744,-112.06105",2200,51,318
1755747928,2025-08-21T03:45:28Z,N623FB,"33.578129,-112.061462",2200,50,316
1755747931,2025-08-21T03:45:31Z,N623FB,"33.578407,-112.061806",2200,48,310
1755747933,2025-08-21T03:45:33Z,N623FB,"33.57869,-112.062439",2175,48,297
1755747935,2025-08-21T03:45:35Z,N623FB,"33.578796,-112.062958",2175,54,271
1755747937,2025-08-21T03:45:37Z,N623FB,"33.578705,-112.063683",2150,60,260
1755747939,2025-08-21T03:45:39Z,N623FB,"33.578476,-112.064468",2100,69,247
1755747941,2025-08-21T03:45:41Z,N623FB,"33.578156,-112.065254",2075,73,241
1755747944,2025-08-21T03:45:44Z,N623FB,"33.577789,-112.065987",2050,76,237
1755747946,2025-08-21T03:45:46Z,N623FB,"33.577431,-112.066612",2050,79,235
1755747948,2025-08-21T03:45:48Z,N623FB,"33.576874,-112.067551",2025,79,232
1755747950,2025-08-21T03:45:50Z,N623FB,"33.576324,-112.06823",2050,82,222
1755747952,2025-08-21T03:45:52Z,N623FB,"33.575729,-112.068787",2000,87,210
1755747954,2025-08-21T03:45:54Z,N623FB,"33.574768,-112.06929",1950,95,199
1755747956,2025-08-21T03:45:56Z,N623FB,"33.573898,-112.069572",1925,99,192
1755747959,2025-08-21T03:45:59Z,N623FB,"33.573009,-112.069763",1900,102,189
1755747961,2025-08-21T03:46:01Z,N623FB,"33.571838,-112.070023",1850,100,190
1755747963,2025-08-21T03:46:03Z,N623FB,"33.570694,-112.070358",1825,97,195
1755747965,2025-08-21T03:46:05Z,N623FB,"33.570076,-112.070557",1825,92,199
1755747967,2025-08-21T03:46:07Z,N623FB,"33.56905,-112.071014",1850,88,199
1755747970,2025-08-21T03:46:10Z,N623FB,"33.568314,-112.071198",1850,82,184
1755747972,2025-08-21T03:46:12Z,N623FB,"33.567352,-112.071083",1875,80,168
1755747974,2025-08-21T03:46:14Z,N623FB,"33.566757,-112.070633",1875,76,141
1755747976,2025-08-21T03:46:16Z,N623FB,"33.566353,-112.069992",1900,73,109
1755747978,2025-08-21T03:46:18Z,N623FB,"33.566303,-112.069016",1900,68,84
1755747980,2025-08-21T03:46:20Z,N623FB,"33.566483,-112.068336",1900,65,62
1755747983,2025-08-21T03:46:23Z,N623FB,"33.566864,-112.06781",1900,62,43
1755747985,2025-08-21T03:46:25Z,N623FB,"33.567375,-112.067413",1900,54,18
1755747987,2025-08-21T03:46:27Z,N623FB,"33.568027,-112.067413",1875,50,355
1755747989,2025-08-21T03:46:29Z,N623FB,"33.568451,-112.067612",1850,48,328
1755747992,2025-08-21T03:46:32Z,N623FB,"33.568771,-112.067932",1850,46,311
1755747994,2025-08-21T03:46:34Z,N623FB,"33.569092,-112.068504",1850,47,296
1755747996,2025-08-21T03:46:36Z,N623FB,"33.569183,-112.069008",1825,48,282
1755747998,2025-08-21T03:46:38Z,N623FB,"33.569145,-112.069588",1825,47,263
1755748000,2025-08-21T03:46:40Z,N623FB,"33.569004,-112.070045",1825,48,247
1755748002,2025-08-21T03:46:42Z,N623FB,"33.568771,-112.070526",1825,50,226
1755748004,2025-08-21T03:46:44Z,N623FB,"33.568306,-112.070961",1850,51,213
1755748007,2025-08-21T03:46:47Z,N623FB,"33.567703,-112.071136",1850,52,187
1755748009,2025-08-21T03:46:49Z,N623FB,"33.567284,-112.071136",1850,53,167
1755748011,2025-08-21T03:46:51Z,N623FB,"33.566723,-112.070847",1850,54,149
1755748013,2025-08-21T03:46:53Z,N623FB,"33.566345,-112.070465",1850,56,133
1755748016,2025-08-21T03:46:56Z,N623FB,"33.566025,-112.069931",1850,56,111
1755748018,2025-08-21T03:46:58Z,N623FB,"33.565887,-112.069183",1875,54,96
1755748020,2025-08-21T03:47:00Z,N623FB,"33.565979,-112.068619",1850,52,75
1755748022,2025-08-21T03:47:02Z,N623FB,"33.566212,-112.0681",1850,51,54
1755748024,2025-08-21T03:47:04Z,N623FB,"33.566711,-112.067612",1850,50,32
1755748027,2025-08-21T03:47:07Z,N623FB,"33.567188,-112.067413",1850,50,11
1755748029,2025-08-21T03:47:09Z,N623FB,"33.567673,-112.067383",1850,49,355
1755748031,2025-08-21T03:47:11Z,N623FB,"33.568169,-112.067581",1850,48,337
1755748033,2025-08-21T03:47:13Z,N623FB,"33.568584,-112.067871",1850,47,320
1755748036,2025-08-21T03:47:16Z,N623FB,"33.568913,-112.068329",1875,45,306
1755748038,2025-08-21T03:47:18Z,N623FB,"33.569099,-112.068787",1875,46,284
1755748040,2025-08-21T03:47:20Z,N623FB,"33.569138,-112.06929",1875,49,266
1755748042,2025-08-21T03:47:22Z,N623FB,"33.56905,-112.070045",1875,50,250
1755748044,2025-08-21T03:47:24Z,N623FB,"33.568771,-112.07058",1875,51,234
1755748047,2025-08-21T03:47:27Z,N623FB,"33.568497,-112.070915",1875,52,218
1755748049,2025-08-21T03:47:29Z,N623FB,"33.568085,-112.071198",1900,53,198
1755748051,2025-08-21T03:47:31Z,N623FB,"33.567352,-112.071312",1900,57,181
1755748053,2025-08-21T03:47:33Z,N623FB,"33.566818,-112.07119",1900,58,162
1755748055,2025-08-21T03:47:35Z,N623FB,"33.566353,-112.070847",1925,60,139
1755748058,2025-08-21T03:47:38Z,N623FB,"33.565979,-112.070221",1925,58,121
1755748060,2025-08-21T03:47:40Z,N623FB,"33.565887,-112.069572",1950,56,88
1755748062,2025-08-21T03:47:42Z,N623FB,"33.566116,-112.068901",1950,58,53
1755748064,2025-08-21T03:47:44Z,N623FB,"33.56662,-112.068398",1925,59,20
1755748066,2025-08-21T03:47:46Z,N623FB,"33.567261,-112.068283",1925,61,358
1755748069,2025-08-21T03:47:49Z,N623FB,"33.56781,-112.068504",1900,61,328
1755748071,2025-08-21T03:47:51Z,N623FB,"33.56826,-112.068954",1900,59,303
1755748073,2025-08-21T03:47:53Z,N623FB,"33.568539,-112.069641",1875,60,277
1755748075,2025-08-21T03:47:55Z,N623FB,"33.568497,-112.070358",1875,62,261
1755748078,2025-08-21T03:47:58Z,N623FB,"33.568306,-112.071243",1875,67,249
1755748080,2025-08-21T03:48:00Z,N623FB,"33.568039,-112.072037",1875,70,247
1755748082,2025-08-21T03:48:02Z,N623FB,"33.567749,-112.072845",1900,72,247
1755748084,2025-08-21T03:48:04Z,N623FB,"33.567444,-112.073662",1900,73,246
1755748087,2025-08-21T03:48:07Z,N623FB,"33.567169,-112.074448",1900,75,245
1755748089,2025-08-21T03:48:09Z,N623FB,"33.566849,-112.075287",1900,76,243
1755748091,2025-08-21T03:48:11Z,N623FB,"33.566536,-112.075996",1925,78,241
1755748093,2025-08-21T03:48:13Z,N623FB,"33.566025,-112.077141",1925,79,240
1755748095,2025-08-21T03:48:15Z,N623FB,"33.565655,-112.077827",1925,79,238
1755748098,2025-08-21T03:48:18Z,N623FB,"33.565281,-112.078568",1950,80,237
1755748100,2025-08-21T03:48:20Z,N623FB,"33.564724,-112.079544",1950,81,235
1755748102,2025-08-21T03:48:22Z,N623FB,"33.564304,-112.080292",1950,82,232
1755748104,2025-08-21T03:48:24Z,N623FB,"33.563789,-112.081032",1975,83,230
1755748106,2025-08-21T03:48:26Z,N623FB,"33.563187,-112.081848",1975,82,228
1755748109,2025-08-21T03:48:29Z,N623FB,"33.562592,-112.082634",1975,84,227
1755748111,2025-08-21T03:48:31Z,N623FB,"33.562042,-112.08342",2000,84,227
1755748113,2025-08-21T03:48:33Z,N623FB,"33.561462,-112.084122",2000,85,228
1755748115,2025-08-21T03:48:35Z,N623FB,"33.560852,-112.08493",2000,85,228
1755748117,2025-08-21T03:48:37Z,N623FB,"33.560349,-112.085655",2025,85,228
1755748120,2025-08-21T03:48:40Z,N623FB,"33.559788,-112.086411",2025,82,229
1755748122,2025-08-21T03:48:42Z,N623FB,"33.559158,-112.08728",2025,82,229
1755748124,2025-08-21T03:48:44Z,N623FB,"33.558624,-112.088013",2025,82,228
1755748126,2025-08-21T03:48:46Z,N623FB,"33.558064,-112.08876",2050,82,227
1755748128,2025-08-21T03:48:48Z,N623FB,"33.557602,-112.089355",2050,82,226
1755748130,2025-08-21T03:48:50Z,N623FB,"33.556961,-112.090141",2050,81,226
1755748132,2025-08-21T03:48:52Z,N623FB,"33.556484,-112.090759",2050,81,226
1755748135,2025-08-21T03:48:55Z,N623FB,"33.555969,-112.091446",2050,81,225
1755748141,2025-08-21T03:49:01Z,N623FB,"33.554123,-112.093674",2050,82,226
1755748145,2025-08-21T03:49:05Z,N623FB,"33.553177,-112.094994",2050,82,233
1755748147,2025-08-21T03:49:07Z,N623FB,"33.552795,-112.095802",2050,81,245
1755748150,2025-08-21T03:49:10Z,N623FB,"33.55262,-112.096825",2025,80,278
1755748152,2025-08-21T03:49:12Z,N623FB,"33.552887,-112.09771",2025,83,298
1755748154,2025-08-21T03:49:14Z,N623FB,"33.553482,-112.09861",2000,85,313
1755748156,2025-08-21T03:49:16Z,N623FB,"33.554077,-112.099388",2025,80,308
1755748158,2025-08-21T03:49:18Z,N623FB,"33.554436,-112.100082",2050,76,293
1755748161,2025-08-21T03:49:21Z,N623FB,"33.554626,-112.10096",2050,74,275
1755748163,2025-08-21T03:49:23Z,N623FB,"33.554581,-112.101967",2025,71,259
1755748165,2025-08-21T03:49:25Z,N623FB,"33.554306,-112.102699",2050,68,234
1755748167,2025-08-21T03:49:27Z,N623FB,"33.553738,-112.103348",2050,70,217
1755748170,2025-08-21T03:49:30Z,N623FB,"33.552898,-112.103691",2025,73,194
1755748172,2025-08-21T03:49:32Z,N623FB,"33.552246,-112.103691",2025,74,173
1755748174,2025-08-21T03:49:34Z,N623FB,"33.551651,-112.103371",2050,75,145
1755748176,2025-08-21T03:49:36Z,N623FB,"33.55101,-112.102585",2050,76,127
1755748179,2025-08-21T03:49:39Z,N623FB,"33.550709,-112.10186",2075,76,102
1755748181,2025-08-21T03:49:41Z,N623FB,"33.550644,-112.10096",2075,77,84
1755748183,2025-08-21T03:49:43Z,N623FB,"33.550941,-112.099915",2075,76,64
1755748185,2025-08-21T03:49:45Z,N623FB,"33.551285,-112.099388",2075,74,43
1755748187,2025-08-21T03:49:47Z,N623FB,"33.551926,-112.098946",2075,73,21
1755748189,2025-08-21T03:49:49Z,N623FB,"33.552711,-112.098831",2050,71,359
1755748192,2025-08-21T03:49:52Z,N623FB,"33.553391,-112.098999",2050,69,339
1755748194,2025-08-21T03:49:54Z,N623FB,"33.55397,-112.099457",2025,69,320
1755748196,2025-08-21T03:49:56Z,N623FB,"33.554386,-112.100029",2000,68,310
1755748198,2025-08-21T03:49:58Z,N623FB,"33.554718,-112.100845",2000,67,290
1755748200,2025-08-21T03:50:00Z,N623FB,"33.554852,-112.101517",2000,66,272
1755748202,2025-08-21T03:50:02Z,N623FB,"33.554764,-112.102417",1975,66,259
1755748204,2025-08-21T03:50:04Z,N623FB,"33.554581,-112.103088",1975,66,248
1755748207,2025-08-21T03:50:07Z,N623FB,"33.554295,-112.103745",1975,69,239
1755748209,2025-08-21T03:50:09Z,N623FB,"33.553875,-112.104553",1975,70,236
1755748211,2025-08-21T03:50:11Z,N623FB,"33.553551,-112.105118",1975,71,235
1755748214,2025-08-21T03:50:14Z,N623FB,"33.553036,-112.10598",1975,73,235
1755748216,2025-08-21T03:50:16Z,N623FB,"33.552521,-112.106903",1975,73,235
1755748218,2025-08-21T03:50:18Z,N623FB,"33.552109,-112.107574",1975,74,235
1755748220,2025-08-21T03:50:20Z,N623FB,"33.551735,-112.108215",1975,73,234
1755748222,2025-08-21T03:50:22Z,N623FB,"33.55127,-112.109009",1975,73,233
1755748225,2025-08-21T03:50:25Z,N623FB,"33.550804,-112.109756",2000,73,234
1755748227,2025-08-21T03:50:27Z,N623FB,"33.550369,-112.110489",2000,73,235
1755748229,2025-08-21T03:50:29Z,N623FB,"33.550011,-112.11113",2000,73,237
1755748231,2025-08-21T03:50:31Z,N623FB,"33.549591,-112.111877",2000,73,237
1755748233,2025-08-21T03:50:33Z,N623FB,"33.549179,-112.112679",2000,74,235
1755748236,2025-08-21T03:50:36Z,N623FB,"33.548676,-112.113571",2000,74,234
1755748242,2025-08-21T03:50:42Z,N623FB,"33.547394,-112.1157",2000,73,236
1755748251,2025-08-21T03:50:51Z,N623FB,"33.545914,-112.118622",2025,72,239
1755748253,2025-08-21T03:50:53Z,N623FB,"33.545589,-112.119308",2025,72,239
1755748261,2025-08-21T03:51:01Z,N623FB,"33.544144,-112.122314",2050,72,242
1755748264,2025-08-21T03:51:04Z,N623FB,"33.543774,-112.123146",2050,72,241
1755748266,2025-08-21T03:51:06Z,N623FB,"33.543449,-112.123886",2025,73,240
1755748275,2025-08-21T03:51:15Z,N623FB,"33.541958,-112.126923",2075,71,237
1755748279,2025-08-21T03:51:19Z,N623FB,"33.541168,-112.128235",2050,73,233
1755748281,2025-08-21T03:51:21Z,N623FB,"33.540665,-112.129044",2050,74,232
1755748283,2025-08-21T03:51:23Z,N623FB,"33.540188,-112.129784",2050,75,230
1755748286,2025-08-21T03:51:26Z,N623FB,"33.539658,-112.130531",2050,76,230
1755748288,2025-08-21T03:51:28Z,N623FB,"33.539246,-112.131134",2050,77,229
1755748290,2025-08-21T03:51:30Z,N623FB,"33.538654,-112.131958",2025,77,228
1755748292,2025-08-21T03:51:32Z,N623FB,"33.538189,-112.132576",2025,77,228
1755748294,2025-08-21T03:51:34Z,N623FB,"33.537689,-112.133278",2025,78,227
1755748296,2025-08-21T03:51:36Z,N623FB,"33.537117,-112.133972",2025,77,227
1755748299,2025-08-21T03:51:39Z,N623FB,"33.536606,-112.134651",2025,77,227
1755748301,2025-08-21T03:51:41Z,N623FB,"33.53614,-112.135262",2025,77,226
1755748303,2025-08-21T03:51:43Z,N623FB,"33.535488,-112.136047",2025,78,225
1755748305,2025-08-21T03:51:45Z,N623FB,"33.534988,-112.136681",2025,79,225
1755748307,2025-08-21T03:51:47Z,N623FB,"33.534275,-112.137505",2000,78,225
1755748310,2025-08-21T03:51:50Z,N623FB,"33.533718,-112.138184",2000,78,224
1755748312,2025-08-21T03:51:52Z,N623FB,"33.533161,-112.138741",2000,79,222
1755748314,2025-08-21T03:51:54Z,N623FB,"33.532696,-112.139297",2000,79,223
1755748316,2025-08-21T03:51:56Z,N623FB,"33.531998,-112.140083",2000,79,224
1755748323,2025-08-21T03:52:03Z,N623FB,"33.530228,-112.142273",1975,81,226
1755748332,2025-08-21T03:52:12Z,N623FB,"33.528084,-112.145073",1950,80,229
1755748334,2025-08-21T03:52:14Z,N623FB,"33.527527,-112.145912",1950,80,230
1755748336,2025-08-21T03:52:16Z,N623FB,"33.527115,-112.146461",1950,80,230
1755748338,2025-08-21T03:52:18Z,N623FB,"33.526474,-112.147339",1950,80,229
1755748340,2025-08-21T03:52:20Z,N623FB,"33.526035,-112.147987",1950,80,229
1755748342,2025-08-21T03:52:22Z,N623FB,"33.525524,-112.148659",1950,80,228
1755748349,2025-08-21T03:52:29Z,N623FB,"33.523819,-112.150856",1950,80,227
1755748358,2025-08-21T03:52:38Z,N623FB,"33.521523,-112.153816",1950,80,228
1755748367,2025-08-21T03:52:47Z,N623FB,"33.519333,-112.15696",1925,80,231
1755748373,2025-08-21T03:52:53Z,N623FB,"33.517891,-112.159203",1925,77,232
1755748376,2025-08-21T03:52:56Z,N623FB,"33.517426,-112.159927",1925,77,233
1755748378,2025-08-21T03:52:58Z,N623FB,"33.516998,-112.160576",1900,75,233
1755748380,2025-08-21T03:53:00Z,N623FB,"33.516449,-112.161514",1900,74,232
1755748382,2025-08-21T03:53:02Z,N623FB,"33.516037,-112.16217",1900,72,232
1755748389,2025-08-21T03:53:09Z,N623FB,"33.514633,-112.164246",1900,71,230
1755748395,2025-08-21T03:53:15Z,N623FB,"33.513283,-112.166039",1900,69,226
1755748397,2025-08-21T03:53:17Z,N623FB,"33.512878,-112.166512",1900,70,224
1755748399,2025-08-21T03:53:19Z,N623FB,"33.512444,-112.167046",1900,70,222
1755748402,2025-08-21T03:53:22Z,N623FB,"33.511826,-112.167664",1900,70,220
1755748404,2025-08-21T03:53:24Z,N623FB,"33.51128,-112.168167",1900,71,218
1755748406,2025-08-21T03:53:26Z,N623FB,"33.510769,-112.168617",1900,71,214
1755748408,2025-08-21T03:53:28Z,N623FB,"33.510025,-112.169235",1900,72,211
1755748411,2025-08-21T03:53:31Z,N623FB,"33.509399,-112.16964",1900,72,209
1755748413,2025-08-21T03:53:33Z,N623FB,"33.508766,-112.170074",1900,72,207
1755748415,2025-08-21T03:53:35Z,N623FB,"33.508022,-112.170525",1900,72,206
1755748417,2025-08-21T03:53:37Z,N623FB,"33.507462,-112.17086",1900,72,204
1755748419,2025-08-21T03:53:39Z,N623FB,"33.50679,-112.171181",1875,72,202
1755748421,2025-08-21T03:53:41Z,N623FB,"33.506104,-112.171509",1875,71,197
1755748423,2025-08-21T03:53:43Z,N623FB,"33.505463,-112.1717",1900,71,195
1755748426,2025-08-21T03:53:46Z,N623FB,"33.504639,-112.171951",1900,73,193
1755748428,2025-08-21T03:53:48Z,N623FB,"33.503925,-112.17215",1875,73,193
1755748430,2025-08-21T03:53:50Z,N623FB,"33.50322,-112.172333",1875,74,191
1755748432,2025-08-21T03:53:52Z,N623FB,"33.502575,-112.172485",1875,74,190
1755748434,2025-08-21T03:53:54Z,N623FB,"33.501709,-112.172661",1875,74,189
1755748437,2025-08-21T03:53:57Z,N623FB,"33.500977,-112.172829",1875,73,188
1755748439,2025-08-21T03:53:59Z,N623FB,"33.500153,-112.172989",1875,73,189
1755748441,2025-08-21T03:54:01Z,N623FB,"33.499557,-112.173103",1875,73,189
1755748443,2025-08-21T03:54:03Z,N623FB,"33.498852,-112.17321",1850,73,189
1755748445,2025-08-21T03:54:05Z,N623FB,"33.498013,-112.173378",1850,73,189
1755748447,2025-08-21T03:54:07Z,N623FB,"33.49736,-112.173538",1850,74,188
1755748450,2025-08-21T03:54:10Z,N623FB,"33.49649,-112.173653",1825,73,188
1755748452,2025-08-21T03:54:12Z,N623FB,"33.495804,-112.173813",1825,73,187
1755748454,2025-08-21T03:54:14Z,N623FB,"33.495255,-112.173874",1825,74,187
1755748456,2025-08-21T03:54:16Z,N623FB,"33.494385,-112.173981",1825,74,186
1755748458,2025-08-21T03:54:18Z,N623FB,"33.493698,-112.174088",1825,75,186
1755748461,2025-08-21T03:54:21Z,N623FB,"33.492828,-112.174202",1800,75,186
1755748463,2025-08-21T03:54:23Z,N623FB,"33.492054,-112.174278",1800,74,185
1755748465,2025-08-21T03:54:25Z,N623FB,"33.491356,-112.174332",1800,75,184
1755748471,2025-08-21T03:54:31Z,N623FB,"33.489258,-112.174583",1800,75,186
1755748480,2025-08-21T03:54:40Z,N623FB,"33.485962,-112.175026",1775,72,186
1755748489,2025-08-21T03:54:49Z,N623FB,"33.483261,-112.175186",1800,68,181
1755748491,2025-08-21T03:54:51Z,N623FB,"33.482529,-112.175247",1800,66,180
1755748498,2025-08-21T03:54:58Z,N623FB,"33.48056,-112.175247",1825,62,180
1755748500,2025-08-21T03:55:00Z,N623FB,"33.479919,-112.175247",1825,60,180
1755748507,2025-08-21T03:55:07Z,N623FB,"33.477997,-112.175514",1850,61,191
1755748509,2025-08-21T03:55:09Z,N623FB,"33.477402,-112.175629",1825,61,194
1755748511,2025-08-21T03:55:11Z,N623FB,"33.476879,-112.17585",1825,62,197
1755748513,2025-08-21T03:55:13Z,N623FB,"33.476227,-112.176125",1825,63,198
1755748515,2025-08-21T03:55:15Z,N623FB,"33.475616,-112.176346",1825,63,199
1755748517,2025-08-21T03:55:17Z,N623FB,"33.475067,-112.17662",1825,63,199
1755748520,2025-08-21T03:55:20Z,N623FB,"33.474197,-112.177002",1800,63,201
1755748523,2025-08-21T03:55:23Z,N623FB,"33.473785,-112.17717",1800,63,202
1755748525,2025-08-21T03:55:25Z,N623FB,"33.473152,-112.177528",1800,63,204
1755748527,2025-08-21T03:55:27Z,N623FB,"33.472454,-112.177917",1800,63,206
1755748529,2025-08-21T03:55:29Z,N623FB,"33.471943,-112.178261",1775,63,208
1755748531,2025-08-21T03:55:31Z,N623FB,"33.471359,-112.17865",1775,63,209
1755748533,2025-08-21T03:55:33Z,N623FB,"33.47081,-112.179031",1775,63,211
1755748536,2025-08-21T03:55:36Z,N623FB,"33.470261,-112.179474",1775,62,216
1755748538,2025-08-21T03:55:38Z,N623FB,"33.469849,-112.179916",1775,61,220
1755748540,2025-08-21T03:55:40Z,N623FB,"33.469437,-112.180351",1775,61,225
1755748542,2025-08-21T03:55:42Z,N623FB,"33.468979,-112.181015",1775,60,233
1755748544,2025-08-21T03:55:44Z,N623FB,"33.468704,-112.181564",1775,59,243
1755748547,2025-08-21T03:55:47Z,N623FB,"33.468475,-112.182388",1775,58,253
1755748549,2025-08-21T03:55:49Z,N623FB,"33.468311,-112.183075",1775,59,258
1755748551,2025-08-21T03:55:51Z,N623FB,"33.46822,-112.183861",1750,59,261
1755748553,2025-08-21T03:55:53Z,N623FB,"33.468155,-112.184586",1750,60,263
1755748556,2025-08-21T03:55:56Z,N623FB,"33.468079,-112.185211",1750,60,265
1755748558,2025-08-21T03:55:58Z,N623FB,"33.468018,-112.185898",1750,59,265
1755748560,2025-08-21T03:56:00Z,N623FB,"33.467987,-112.186554",1750,58,265
1755748562,2025-08-21T03:56:02Z,N623FB,"33.467926,-112.187386",1750,58,266
1755748564,2025-08-21T03:56:04Z,N623FB,"33.46788,-112.188156",1750,57,265
1755748567,2025-08-21T03:56:07Z,N623FB,"33.467834,-112.188812",1725,57,265
1755748569,2025-08-21T03:56:09Z,N623FB,"33.467846,-112.189415",1750,57,265
1755748571,2025-08-21T03:56:11Z,N623FB,"33.467789,-112.190018",1750,57,266
1755748573,2025-08-21T03:56:13Z,N623FB,"33.467754,-112.190872",1750,57,266
1755748575,2025-08-21T03:56:15Z,N623FB,"33.467754,-112.191429",1750,58,267
1755748578,2025-08-21T03:56:18Z,N623FB,"33.467709,-112.192162",1750,58,267
1755748580,2025-08-21T03:56:20Z,N623FB,"33.467709,-112.193001",1775,58,269
1755748582,2025-08-21T03:56:22Z,N623FB,"33.467697,-112.193535",1775,58,270
1755748584,2025-08-21T03:56:24Z,N623FB,"33.467697,-112.194359",1775,57,270
1755748587,2025-08-21T03:56:27Z,N623FB,"33.467709,-112.195129",1775,57,271
1755748589,2025-08-21T03:56:29Z,N623FB,"33.467709,-112.195747",1750,56,270
1755748597,2025-08-21T03:56:37Z,N623FB,"33.467697,-112.198425",1775,59,269
1755748604,2025-08-21T03:56:44Z,N623FB,"33.467651,-112.200569",1775,60,269
1755748612,2025-08-21T03:56:52Z,N623FB,"33.467613,-112.203369",1775,61,269
1755748619,2025-08-21T03:56:59Z,N623FB,"33.467613,-112.205666",1775,61,270
1755748628,2025-08-21T03:57:08Z,N623FB,"33.467567,-112.20858",1775,61,269
1755748634,2025-08-21T03:57:14Z,N623FB,"33.46756,-112.210678",1775,61,270
1755748643,2025-08-21T03:57:23Z,N623FB,"33.467468,-112.213585",1750,59,269
1755748649,2025-08-21T03:57:29Z,N623FB,"33.467426,-112.215698",1750,57,266
1755748651,2025-08-21T03:57:31Z,N623FB,"33.467335,-112.216484",1750,57,263
1755748653,2025-08-21T03:57:33Z,N623FB,"33.467285,-112.216934",1750,56,260
1755748656,2025-08-21T03:57:36Z,N623FB,"33.467102,-112.21772",1750,56,246
1755748658,2025-08-21T03:57:38Z,N623FB,"33.466824,-112.218277",1750,57,228
1755748660,2025-08-21T03:57:40Z,N623FB,"33.46637,-112.21875",1725,59,213
1755748662,2025-08-21T03:57:42Z,N623FB,"33.465797,-112.219009",1725,61,202
1755748664,2025-08-21T03:57:44Z,N623FB,"33.46524,-112.219177",1700,64,183
1755748667,2025-08-21T03:57:47Z,N623FB,"33.464493,-112.219131",1700,66,167
1755748669,2025-08-21T03:57:49Z,N623FB,"33.463749,-112.218781",1700,71,154
1755748671,2025-08-21T03:57:51Z,N623FB,"33.463146,-112.218391",1675,74,148
1755748673,2025-08-21T03:57:53Z,N623FB,"33.46257,-112.217979",1675,78,146
1755748675,2025-08-21T03:57:55Z,N623FB,"33.461746,-112.217323",1675,83,147
1755748678,2025-08-21T03:57:58Z,N623FB,"33.460968,-112.216721",1675,86,147
1755748680,2025-08-21T03:58:00Z,N623FB,"33.460304,-112.216202",1675,89,147
1755748682,2025-08-21T03:58:02Z,N623FB,"33.459457,-112.215561",1700,92,148
1755748684,2025-08-21T03:58:04Z,N623FB,"33.45863,-112.214973",1700,95,148
1755748686,2025-08-21T03:58:06Z,N623FB,"33.457901,-112.214409",1700,98,148
1755748689,2025-08-21T03:58:09Z,N623FB,"33.457077,-112.21386",1700,101,148
1755748691,2025-08-21T03:58:11Z,N623FB,"33.456207,-112.213203",1700,104,148
1755748693,2025-08-21T03:58:13Z,N623FB,"33.455292,-112.21254",1700,106,148
1755748695,2025-08-21T03:58:15Z,N623FB,"33.454391,-112.211891",1700,108,148
1755748697,2025-08-21T03:58:17Z,N623FB,"33.453552,-112.211281",1700,109,149
1755748703,2025-08-21T03:58:23Z,N623FB,"33.450531,-112.20919",1700,111,151
1755748710,2025-08-21T03:58:30Z,N623FB,"33.447552,-112.207237",1700,114,152
1755748718,2025-08-21T03:58:38Z,N623FB,"33.443314,-112.204605",1700,118,152
1755748721,2025-08-21T03:58:41Z,N623FB,"33.442245,-112.204025",1725,118,153
1755748723,2025-08-21T03:58:43Z,N623FB,"33.441128,-112.203369",1725,118,154
1755748726,2025-08-21T03:58:46Z,N623FB,"33.439911,-112.202599",1725,119,153
1755748732,2025-08-21T03:58:52Z,N623FB,"33.43689,-112.20079",1750,119,152
1755748741,2025-08-21T03:59:01Z,N623FB,"33.432449,-112.197876",1750,122,151
1755748747,2025-08-21T03:59:07Z,N623FB,"33.429256,-112.195801",1750,123,151
1755748756,2025-08-21T03:59:16Z,N623FB,"33.424973,-112.193001",1750,123,149
1755748765,2025-08-21T03:59:25Z,N623FB,"33.420502,-112.189743",1750,124,147
1755748771,2025-08-21T03:59:31Z,N623FB,"33.417572,-112.187546",1725,124,147
1755748780,2025-08-21T03:59:40Z,N623FB,"33.413315,-112.184311",1725,124,144
1755748782,2025-08-21T03:59:42Z,N623FB,"33.412357,-112.183411",1725,124,141
1755748784,2025-08-21T03:59:44Z,N623FB,"33.411438,-112.182495",1725,125,137
1755748786,2025-08-21T03:59:46Z,N623FB,"33.4104,-112.181282",1725,125,135
1755748788,2025-08-21T03:59:48Z,N623FB,"33.409611,-112.180275",1725,125,133
1755748790,2025-08-21T03:59:50Z,N623FB,"33.408829,-112.179146",1725,125,129
1755748793,2025-08-21T03:59:53Z,N623FB,"33.407932,-112.17775",1725,125,127
1755748795,2025-08-21T03:59:55Z,N623FB,"33.407097,-112.176407",1725,125,124
1755748797,2025-08-21T03:59:57Z,N623FB,"33.40649,-112.175285",1725,123,122
1755748799,2025-08-21T03:59:59Z,N623FB,"33.405853,-112.174034",1725,124,120
1755748802,2025-08-21T04:00:02Z,N623FB,"33.405186,-112.172653",1725,123,119
1755748804,2025-08-21T04:00:04Z,N623FB,"33.404709,-112.171509",1750,123,117
1755748806,2025-08-21T04:00:06Z,N623FB,"33.404068,-112.170082",1750,122,116
1755748808,2025-08-21T04:00:08Z,N623FB,"33.403557,-112.168839",1750,121,115
1755748811,2025-08-21T04:00:11Z,N623FB,"33.403015,-112.167557",1775,121,115
1755748813,2025-08-21T04:00:13Z,N623FB,"33.402557,-112.166344",1775,120,114
1755748815,2025-08-21T04:00:15Z,N623FB,"33.4021,-112.165138",1775,121,112
1755748817,2025-08-21T04:00:17Z,N623FB,"33.401558,-112.16346",1800,120,110
1755748819,2025-08-21T04:00:19Z,N623FB,"33.40123,-112.162453",1800,121,107
1755748821,2025-08-21T04:00:21Z,N623FB,"33.400764,-112.160492",1800,122,105
1755748823,2025-08-21T04:00:23Z,N623FB,"33.400497,-112.159256",1800,123,103
1755748826,2025-08-21T04:00:26Z,N623FB,"33.400223,-112.157776",1800,123,101
1755748828,2025-08-21T04:00:28Z,N623FB,"33.400021,-112.156509",1800,124,99
1755748830,2025-08-21T04:00:30Z,N623FB,"33.399811,-112.154755",1800,124,98
1755748832,2025-08-21T04:00:32Z,N623FB,"33.399647,-112.153198",1800,125,97
1755748835,2025-08-21T04:00:35Z,N623FB,"33.39949,-112.151627",1825,124,96
1755748837,2025-08-21T04:00:37Z,N623FB,"33.399323,-112.150063",1825,124,95
1755748839,2025-08-21T04:00:39Z,N623FB,"33.399216,-112.148605",1825,124,95
1755748841,2025-08-21T04:00:41Z,N623FB,"33.39909,-112.146866",1825,125,94
1755748844,2025-08-21T04:00:44Z,N623FB,"33.398987,-112.145309",1825,125,93
1755748846,2025-08-21T04:00:46Z,N623FB,"33.398895,-112.143768",1825,126,93
1755748848,2025-08-21T04:00:48Z,N623FB,"33.398849,-112.142395",1825,126,93
1755748850,2025-08-21T04:00:50Z,N623FB,"33.398758,-112.140854",1850,126,93
1755748852,2025-08-21T04:00:52Z,N623FB,"33.398712,-112.139206",1850,126,93
1755748855,2025-08-21T04:00:55Z,N623FB,"33.398624,-112.137733",1850,126,92
1755748857,2025-08-21T04:00:57Z,N623FB,"33.398575,-112.136131",1850,126,92
1755748859,2025-08-21T04:00:59Z,N623FB,"33.398529,-112.134819",1850,126,92
1755748861,2025-08-21T04:01:01Z,N623FB,"33.398483,-112.133415",1875,126,92
1755748870,2025-08-21T04:01:10Z,N623FB,"33.398251,-112.127419",1875,126,92
1755748876,2025-08-21T04:01:16Z,N623FB,"33.398113,-112.122932",1900,127,92
1755748885,2025-08-21T04:01:25Z,N623FB,"33.397926,-112.11705",1900,126,92
1755748891,2025-08-21T04:01:31Z,N623FB,"33.397785,-112.112617",1925,125,92
1755748899,2025-08-21T04:01:39Z,N623FB,"33.397461,-112.106682",1950,126,93
1755748908,2025-08-21T04:01:48Z,N623FB,"33.397202,-112.100594",1950,126,92
1755748914,2025-08-21T04:01:54Z,N623FB,"33.397087,-112.096367",1975,126,91
1755748921,2025-08-21T04:02:01Z,N623FB,"33.396996,-112.091713",1975,126,90
1755748929,2025-08-21T04:02:09Z,N623FB,"33.396881,-112.085815",2000,127,92
1755748938,2025-08-21T04:02:18Z,N623FB,"33.396576,-112.07972",2000,127,94
1755748944,2025-08-21T04:02:24Z,N623FB,"33.396202,-112.075233",1975,126,99
1755748946,2025-08-21T04:02:26Z,N623FB,"33.395969,-112.07383",1975,126,101
1755748948,2025-08-21T04:02:28Z,N623FB,"33.395737,-112.072578",1950,126,103
1755748950,2025-08-21T04:02:30Z,N623FB,"33.395416,-112.07093",1950,125,102
1755748952,2025-08-21T04:02:32Z,N623FB,"33.39518,-112.069519",1950,125,100
1755748956,2025-08-21T04:02:36Z,N623FB,"33.394993,-112.067719",1950,123,96
1755748964,2025-08-21T04:02:44Z,N623FB,"33.39476,-112.06189",1925,122,90
1755748972,2025-08-21T04:02:52Z,N623FB,"33.394714,-112.05629",1900,119,92
1755748974,2025-08-21T04:02:54Z,N623FB,"33.394638,-112.054779",1875,117,93
1755748977,2025-08-21T04:02:57Z,N623FB,"33.394547,-112.053513",1875,115,95
1755748979,2025-08-21T04:02:59Z,N623FB,"33.394482,-112.052422",1875,113,96
1755748985,2025-08-21T04:03:05Z,N623FB,"33.393951,-112.048187",1875,105,98
1755748989,2025-08-21T04:03:09Z,N623FB,"33.393723,-112.046158",1875,99,98
1755748991,2025-08-21T04:03:11Z,N623FB,"33.393539,-112.044891",1875,96,97
1755748993,2025-08-21T04:03:13Z,N623FB,"33.393456,-112.0439",1875,93,96
1755748996,2025-08-21T04:03:16Z,N623FB,"33.393356,-112.042801",1875,91,94
1755749000,2025-08-21T04:03:20Z,N623FB,"33.39341,-112.040421",1875,84,81
1755749002,2025-08-21T04:03:22Z,N623FB,"33.393597,-112.039642",1875,82,73
1755749004,2025-08-21T04:03:24Z,N623FB,"33.393875,-112.038857",1900,76,62
1755749006,2025-08-21T04:03:26Z,N623FB,"33.394272,-112.038132",1925,68,44
1755749009,2025-08-21T04:03:29Z,N623FB,"33.39476,-112.037621",1925,65,32
1755749011,2025-08-21T04:03:31Z,N623FB,"33.395412,-112.037338",1950,61,13
1755749013,2025-08-21T04:03:33Z,N623FB,"33.396011,-112.037254",1925,60,1
1755749015,2025-08-21T04:03:35Z,N623FB,"33.396713,-112.037453",1925,57,341
1755749017,2025-08-21T04:03:37Z,N623FB,"33.397202,-112.03775",1925,55,329
1755749019,2025-08-21T04:03:39Z,N623FB,"33.397568,-112.038132",1900,53,315
1755749021,2025-08-21T04:03:41Z,N623FB,"33.397831,-112.038574",1900,50,301
1755749023,2025-08-21T04:03:43Z,N623FB,"33.39798,-112.039017",1900,50,286
1755749026,2025-08-21T04:03:46Z,N623FB,"33.398018,-112.039642",1900,50,270
1755749028,2025-08-21T04:03:48Z,N623FB,"33.39798,-112.040222",1900,50,259
1755749030,2025-08-21T04:03:50Z,N623FB,"33.397842,-112.040878",1875,51,249
1755749032,2025-08-21T04:03:52Z,N623FB,"33.397614,-112.041428",1875,50,238
1755749034,2025-08-21T04:03:54Z,N623FB,"33.397366,-112.041824",1875,47,229
1755749036,2025-08-21T04:03:56Z,N623FB,"33.396927,-112.042252",1875,45,215
1755749039,2025-08-21T04:03:59Z,N623FB,"33.396561,-112.042473",1875,44,203
1755749041,2025-08-21T04:04:01Z,N623FB,"33.39624,-112.042587",1875,43,191
1755749043,2025-08-21T04:04:03Z,N623FB,"33.395691,-112.042641",1875,43,181
1755749045,2025-08-21T04:04:05Z,N623FB,"33.395279,-112.042587",1875,43,172
1755749047,2025-08-21T04:04:07Z,N623FB,"33.394901,-112.042496",1875,43,162
1755749049,2025-08-21T04:04:09Z,N623FB,"33.394527,-112.042274",1875,42,153
1755749051,2025-08-21T04:04:11Z,N623FB,"33.39418,-112.042038",1850,43,139
1755749053,2025-08-21T04:04:13Z,N623FB,"33.393921,-112.041656",1850,44,122
1755749056,2025-08-21T04:04:16Z,N623FB,"33.393688,-112.041153",1825,44,113
1755749058,2025-08-21T04:04:18Z,N623FB,"33.393539,-112.04055",1800,44,105
1755749060,2025-08-21T04:04:20Z,N623FB,"33.393501,-112.040031",1800,45,96
1755749062,2025-08-21T04:04:22Z,N623FB,"33.393456,-112.039528",1800,45,88
1755749064,2025-08-21T04:04:24Z,N623FB,"33.393551,-112.039024",1800,44,79
1755749066,2025-08-21T04:04:26Z,N623FB,"33.393631,-112.038521",1800,44,71
1755749069,2025-08-21T04:04:29Z,N623FB,"33.393829,-112.038017",1800,44,61
1755749071,2025-08-21T04:04:31Z,N623FB,"33.394043,-112.037582",1800,43,53
1755749073,2025-08-21T04:04:33Z,N623FB,"33.394409,-112.037148",1800,43,42
1755749075,2025-08-21T04:04:35Z,N623FB,"33.394684,-112.036926",1800,41,33
1755749077,2025-08-21T04:04:37Z,N623FB,"33.395004,-112.036652",1800,40,27
1755749079,2025-08-21T04:04:39Z,N623FB,"33.39537,-112.036484",1800,39,14
1755749081,2025-08-21T04:04:41Z,N623FB,"33.395737,-112.036385",1800,39,4
1755749083,2025-08-21T04:04:43Z,N623FB,"33.396194,-112.03643",1800,39,349
1755749085,2025-08-21T04:04:45Z,N623FB,"33.39653,-112.03656",1775,39,342
1755749087,2025-08-21T04:04:47Z,N623FB,"33.396809,-112.036728",1775,40,330
1755749090,2025-08-21T04:04:50Z,N623FB,"33.397182,-112.037003",1775,40,322
1755749092,2025-08-21T04:04:52Z,N623FB,"33.397522,-112.037369",1775,41,313
1755749094,2025-08-21T04:04:54Z,N623FB,"33.397739,-112.037735",1775,41,304
1755749096,2025-08-21T04:04:56Z,N623FB,"33.397934,-112.038132",1750,40,294
1755749098,2025-08-21T04:04:58Z,N623FB,"33.398064,-112.038574",1775,40,284
1755749100,2025-08-21T04:05:00Z,N623FB,"33.398071,-112.03907",1775,41,271
1755749102,2025-08-21T04:05:02Z,N623FB,"33.398026,-112.039566",1775,40,258
1755749104,2025-08-21T04:05:04Z,N623FB,"33.397934,-112.040001",1775,40,248
1755749106,2025-08-21T04:05:06Z,N623FB,"33.397751,-112.040329",1775,41,237
1755749108,2025-08-21T04:05:08Z,N623FB,"33.397507,-112.040764",1775,42,228
1755749111,2025-08-21T04:05:11Z,N623FB,"33.397133,-112.041153",1775,43,218
1755749113,2025-08-21T04:05:13Z,N623FB,"33.396809,-112.041435",1775,44,208
1755749115,2025-08-21T04:05:15Z,N623FB,"33.396378,-112.041595",1775,44,198
1755749117,2025-08-21T04:05:17Z,N623FB,"33.395969,-112.04171",1775,45,190
1755749119,2025-08-21T04:05:19Z,N623FB,"33.395458,-112.041771",1775,47,178
1755749122,2025-08-21T04:05:22Z,N623FB,"33.394947,-112.04171",1775,46,168
1755749124,2025-08-21T04:05:24Z,N623FB,"33.394501,-112.041542",1800,45,156
1755749126,2025-08-21T04:05:26Z,N623FB,"33.39418,-112.041321",1800,47,141
1755749128,2025-08-21T04:05:28Z,N623FB,"33.393814,-112.040939",1825,50,129
1755749130,2025-08-21T04:05:30Z,N623FB,"33.393501,-112.040253",1825,54,111
1755749132,2025-08-21T04:05:32Z,N623FB,"33.393356,-112.039673",1800,54,100
1755749135,2025-08-21T04:05:35Z,N623FB,"33.393356,-112.03907",1825,54,86
1755749137,2025-08-21T04:05:37Z,N623FB,"33.393494,-112.038353",1825,52,71
1755749139,2025-08-21T04:05:39Z,N623FB,"33.393723,-112.037857",1825,51,55
1755749141,2025-08-21T04:05:41Z,N623FB,"33.394062,-112.037453",1850,50,40
1755749143,2025-08-21T04:05:43Z,N623FB,"33.394527,-112.037117",1825,49,29
1755749145,2025-08-21T04:05:45Z,N623FB,"33.394947,-112.036949",1850,48,15
1755749147,2025-08-21T04:05:47Z,N623FB,"33.395367,-112.036835",1850,48,7
1755749149,2025-08-21T04:05:49Z,N623FB,"33.395782,-112.036873",1850,48,355
1755749152,2025-08-21T04:05:52Z,N623FB,"33.396248,-112.036949",1850,49,341
1755749154,2025-08-21T04:05:54Z,N623FB,"33.396698,-112.037201",1850,50,331
1755749156,2025-08-21T04:05:56Z,N623FB,"33.397182,-112.037621",1850,50,320
1755749158,2025-08-21T04:05:58Z,N623FB,"33.397507,-112.038017",1850,51,311
1755749160,2025-08-21T04:06:00Z,N623FB,"33.397797,-112.038521",1850,55,306
1755749162,2025-08-21T04:06:02Z,N623FB,"33.398113,-112.039024",1825,59,303
1755749164,2025-08-21T04:06:04Z,N623FB,"33.398483,-112.039726",1825,61,304
1755749166,2025-08-21T04:06:06Z,N623FB,"33.398849,-112.040276",1825,63,305
1755749169,2025-08-21T04:06:09Z,N623FB,"33.39917,-112.040825",1850,66,304
1755749171,2025-08-21T04:06:11Z,N623FB,"33.399536,-112.041489",1825,69,300
1755749173,2025-08-21T04:06:13Z,N623FB,"33.399929,-112.042274",1825,72,297
1755749175,2025-08-21T04:06:15Z,N623FB,"33.400208,-112.042999",1825,72,294
1755749177,2025-08-21T04:06:17Z,N623FB,"33.400543,-112.043961",1850,72,291
1755749179,2025-08-21T04:06:19Z,N623FB,"33.400818,-112.044724",1850,71,290
1755749182,2025-08-21T04:06:22Z,N623FB,"33.401001,-112.045494",1850,72,288
1755749184,2025-08-21T04:06:24Z,N623FB,"33.40123,-112.04631",1850,74,287
1755749186,2025-08-21T04:06:26Z,N623FB,"33.401505,-112.047256",1850,75,286
1755749188,2025-08-21T04:06:28Z,N623FB,"33.401695,-112.048103",1850,76,286
1755749190,2025-08-21T04:06:30Z,N623FB,"33.401882,-112.048828",1850,77,286
1755749192,2025-08-21T04:06:32Z,N623FB,"33.4021,-112.049728",1850,77,286
1755749194,2025-08-21T04:06:34Z,N623FB,"33.402348,-112.050735",1850,76,285
1755749197,2025-08-21T04:06:37Z,N623FB,"33.402534,-112.051575",1850,78,284
1755749199,2025-08-21T04:06:39Z,N623FB,"33.40274,-112.052582",1850,81,281
1755749201,2025-08-21T04:06:41Z,N623FB,"33.402878,-112.053406",1850,85,280
1755749203,2025-08-21T04:06:43Z,N623FB,"33.403,-112.054382",1825,89,279
1755749205,2025-08-21T04:06:45Z,N623FB,"33.403152,-112.055435",1850,90,278
1755749207,2025-08-21T04:06:47Z,N623FB,"33.403233,-112.056511",1825,93,276
1755749209,2025-08-21T04:06:49Z,N623FB,"33.403336,-112.057472",1850,95,274
1755749211,2025-08-21T04:06:51Z,N623FB,"33.403419,-112.058807",1850,97,273
1755749213,2025-08-21T04:06:53Z,N623FB,"33.403465,-112.060043",1850,99,272
1755749216,2025-08-21T04:06:56Z,N623FB,"33.403473,-112.061203",1850,102,271
1755749218,2025-08-21T04:06:58Z,N623FB,"33.403511,-112.062393",1850,104,271
1755749220,2025-08-21T04:07:00Z,N623FB,"33.403519,-112.063843",1850,105,271
1755749222,2025-08-21T04:07:02Z,N623FB,"33.403519,-112.064774",1850,107,270
1755749224,2025-08-21T04:07:04Z,N623FB,"33.403564,-112.066208",1850,109,270
1755749226,2025-08-21T04:07:06Z,N623FB,"33.403564,-112.067413",1850,110,270
1755749228,2025-08-21T04:07:08Z,N623FB,"33.403511,-112.06884",1850,110,269
1755749231,2025-08-21T04:07:11Z,N623FB,"33.403511,-112.07019",1850,111,269
1755749233,2025-08-21T04:07:13Z,N623FB,"33.403519,-112.071365",1850,112,269
1755749235,2025-08-21T04:07:15Z,N623FB,"33.403511,-112.072655",1850,112,270
1755749237,2025-08-21T04:07:17Z,N623FB,"33.403511,-112.074165",1850,113,270
1755749244,2025-08-21T04:07:24Z,N623FB,"33.403473,-112.078232",1850,113,269
1755749253,2025-08-21T04:07:33Z,N623FB,"33.403427,-112.083618",1850,114,268
1755749259,2025-08-21T04:07:39Z,N623FB,"33.403336,-112.087685",1875,114,268
1755749267,2025-08-21T04:07:47Z,N623FB,"33.403278,-112.093002",1875,115,270
1755749276,2025-08-21T04:07:56Z,N623FB,"33.403427,-112.098557",1875,116,273
1755749280,2025-08-21T04:08:00Z,N623FB,"33.403564,-112.101303",1875,117,273
1755749282,2025-08-21T04:08:02Z,N623FB,"33.403652,-112.102531",1875,117,274
1755749284,2025-08-21T04:08:04Z,N623FB,"33.403748,-112.103996",1875,117,274
1755749286,2025-08-21T04:08:06Z,N623FB,"33.403839,-112.105331",1875,117,274
1755749289,2025-08-21T04:08:09Z,N623FB,"33.403976,-112.106689",1850,117,275
1755749291,2025-08-21T04:08:11Z,N623FB,"33.404114,-112.108284",1850,117,277
1755749293,2025-08-21T04:08:13Z,N623FB,"33.404305,-112.109985",1850,118,278
1755749295,2025-08-21T04:08:15Z,N623FB,"33.40448,-112.111252",1850,117,280
1755749297,2025-08-21T04:08:17Z,N623FB,"33.404709,-112.112625",1850,117,281
1755749300,2025-08-21T04:08:20Z,N623FB,"33.404938,-112.114052",1850,117,281
1755749302,2025-08-21T04:08:22Z,N623FB,"33.405167,-112.115311",1850,117,282
1755749304,2025-08-21T04:08:24Z,N623FB,"33.405468,-112.116768",1850,119,285
1755749306,2025-08-21T04:08:26Z,N623FB,"33.405807,-112.118118",1825,120,288
1755749309,2025-08-21T04:08:29Z,N623FB,"33.406311,-112.119705",1825,121,292
1755749311,2025-08-21T04:08:31Z,N623FB,"33.406769,-112.120972",1800,122,295
1755749313,2025-08-21T04:08:33Z,N623FB,"33.407467,-112.122597",1800,123,297
1755749316,2025-08-21T04:08:36Z,N623FB,"33.408005,-112.123718",1775,122,300
1755749318,2025-08-21T04:08:38Z,N623FB,"33.408585,-112.12484",1775,122,303
1755749320,2025-08-21T04:08:40Z,N623FB,"33.409378,-112.126244",1775,122,306
1755749322,2025-08-21T04:08:42Z,N623FB,"33.410168,-112.127304",1775,123,313
1755749324,2025-08-21T04:08:44Z,N623FB,"33.410866,-112.128204",1750,123,317
1755749326,2025-08-21T04:08:46Z,N623FB,"33.411846,-112.129211",1750,124,320
1755749328,2025-08-21T04:08:48Z,N623FB,"33.412823,-112.130112",1750,124,323
1755749332,2025-08-21T04:08:52Z,N623FB,"33.414459,-112.131355",1725,125,328
1755749334,2025-08-21T04:08:54Z,N623FB,"33.415524,-112.132011",1725,125,335
1755749336,2025-08-21T04:08:56Z,N623FB,"33.41692,-112.132629",1725,124,341
1755749338,2025-08-21T04:08:58Z,N623FB,"33.417984,-112.133003",1725,125,345
1755749341,2025-08-21T04:09:01Z,N623FB,"33.419666,-112.133415",1725,125,349
1755749343,2025-08-21T04:09:03Z,N623FB,"33.42083,-112.133583",1725,126,353
1755749345,2025-08-21T04:09:05Z,N623FB,"33.421738,-112.133659",1700,127,355
1755749347,2025-08-21T04:09:07Z,N623FB,"33.423111,-112.133774",1700,127,355
1755749349,2025-08-21T04:09:09Z,N623FB,"33.424599,-112.133865",1700,126,357
1755749352,2025-08-21T04:09:12Z,N623FB,"33.426178,-112.133987",1700,126,357
1755749355,2025-08-21T04:09:15Z,N623FB,"33.427917,-112.134048",1700,125,358
1755749358,2025-08-21T04:09:18Z,N623FB,"33.429722,-112.134033",1700,125,359
1755749360,2025-08-21T04:09:20Z,N623FB,"33.430847,-112.134048",1700,125,358
1755749362,2025-08-21T04:09:22Z,N623FB,"33.431953,-112.134087",1700,125,359
1755749364,2025-08-21T04:09:24Z,N623FB,"33.433071,-112.134087",1700,125,359
1755749367,2025-08-21T04:09:27Z,N623FB,"33.434608,-112.134087",1700,125,359
1755749369,2025-08-21T04:09:29Z,N623FB,"33.4361,-112.134087",1700,126,359
1755749371,2025-08-21T04:09:31Z,N623FB,"33.437077,-112.134087",1700,126,359
1755749373,2025-08-21T04:09:33Z,N623FB,"33.438309,-112.134102",1700,126,359
1755749375,2025-08-21T04:09:35Z,N623FB,"33.43959,-112.134048",1700,126,2
1755749377,2025-08-21T04:09:37Z,N623FB,"33.441032,-112.133919",1675,126,5
1755749380,2025-08-21T04:09:40Z,N623FB,"33.442196,-112.133698",1700,125,10
1755749382,2025-08-21T04:09:42Z,N623FB,"33.443359,-112.133415",1700,126,12
1755749384,2025-08-21T04:09:44Z,N623FB,"33.444805,-112.132965",1700,126,15
1755749386,2025-08-21T04:09:46Z,N623FB,"33.445919,-112.132576",1700,126,17
1755749388,2025-08-21T04:09:48Z,N623FB,"33.447006,-112.132126",1700,126,19
1755749390,2025-08-21T04:09:50Z,N623FB,"33.448425,-112.131516",1700,126,19
1755749393,2025-08-21T04:09:53Z,N623FB,"33.449524,-112.131027",1700,126,19
1755749395,2025-08-21T04:09:55Z,N623FB,"33.450851,-112.130478",1725,123,19
1755749397,2025-08-21T04:09:57Z,N623FB,"33.451878,-112.130051",1750,123,18
1755749399,2025-08-21T04:09:59Z,N623FB,"33.453094,-112.129593",1750,122,18
1755749401,2025-08-21T04:10:01Z,N623FB,"33.454208,-112.129097",1775,118,19
1755749404,2025-08-21T04:10:04Z,N623FB,"33.455292,-112.128662",1775,116,19
1755749406,2025-08-21T04:10:06Z,N623FB,"33.456348,-112.128204",1800,115,20
1755749408,2025-08-21T04:10:08Z,N623FB,"33.457489,-112.12767",1800,114,23
1755749410,2025-08-21T04:10:10Z,N623FB,"33.45845,-112.127121",1800,114,27
1755749412,2025-08-21T04:10:12Z,N623FB,"33.459469,-112.12635",1800,113,33
1755749414,2025-08-21T04:10:14Z,N623FB,"33.460354,-112.125511",1800,113,44
1755749417,2025-08-21T04:10:17Z,N623FB,"33.461243,-112.124321",1825,112,51
1755749419,2025-08-21T04:10:19Z,N623FB,"33.461746,-112.123222",1825,112,59
1755749421,2025-08-21T04:10:21Z,N623FB,"33.462204,-112.122124",1825,112,69
1755749423,2025-08-21T04:10:23Z,N623FB,"33.462479,-112.120918",1825,111,75
1755749425,2025-08-21T04:10:25Z,N623FB,"33.462681,-112.119797",1850,110,78
1755749427,2025-08-21T04:10:27Z,N623FB,"33.462891,-112.118393",1850,109,79
1755749429,2025-08-21T04:10:29Z,N623FB,"33.4631,-112.11705",1875,108,80
1755749431,2025-08-21T04:10:31Z,N623FB,"33.463238,-112.115982",1875,104,82
1755749434,2025-08-21T04:10:34Z,N623FB,"33.463379,-112.114746",1875,102,82
1755749436,2025-08-21T04:10:36Z,N623FB,"33.463516,-112.113403",1875,101,82
1755749438,2025-08-21T04:10:38Z,N623FB,"33.463669,-112.11235",1875,100,83
1755749440,2025-08-21T04:10:40Z,N623FB,"33.463806,-112.110916",1875,99,83
1755749442,2025-08-21T04:10:42Z,N623FB,"33.463898,-112.109818",1875,97,84
1755749444,2025-08-21T04:10:44Z,N623FB,"33.463943,-112.108994",1875,96,83
1755749446,2025-08-21T04:10:46Z,N623FB,"33.464077,-112.107857",1875,95,83
1755749448,2025-08-21T04:10:48Z,N623FB,"33.464172,-112.106583",1900,94,83
1755749450,2025-08-21T04:10:50Z,N623FB,"33.464264,-112.105614",1875,93,85
1755749453,2025-08-21T04:10:53Z,N623FB,"33.464355,-112.104378",1875,92,85
1755749455,2025-08-21T04:10:55Z,N623FB,"33.464401,-112.103371",1875,91,85
1755749457,2025-08-21T04:10:57Z,N623FB,"33.464447,-112.102364",1875,90,86
1755749459,2025-08-21T04:10:59Z,N623FB,"33.464493,-112.101089",1875,89,90
1755749461,2025-08-21T04:11:01Z,N623FB,"33.464493,-112.100098",1875,88,90
1755749463,2025-08-21T04:11:03Z,N623FB,"33.464447,-112.099167",1875,88,92
1755749465,2025-08-21T04:11:05Z,N623FB,"33.464355,-112.097931",1875,87,94
1755749468,2025-08-21T04:11:08Z,N623FB,"33.46431,-112.096985",1875,86,95
1755749470,2025-08-21T04:11:10Z,N623FB,"33.464214,-112.095863",1875,85,94
1755749472,2025-08-21T04:11:12Z,N623FB,"33.464123,-112.094742",1875,84,94
1755749475,2025-08-21T04:11:15Z,N623FB,"33.464077,-112.093674",1875,85,92
1755749477,2025-08-21T04:11:17Z,N623FB,"33.464081,-112.092789",1875,85,91
1755749479,2025-08-21T04:11:19Z,N623FB,"33.464077,-112.091881",1875,86,90
1755749481,2025-08-21T04:11:21Z,N623FB,"33.464035,-112.090706",1875,86,90
1755749483,2025-08-21T04:11:23Z,N623FB,"33.464031,-112.08992",1850,85,90
1755749492,2025-08-21T04:11:32Z,N623FB,"33.464127,-112.085594",1875,82,87
1755749494,2025-08-21T04:11:34Z,N623FB,"33.464172,-112.084717",1875,81,84
1755749496,2025-08-21T04:11:36Z,N623FB,"33.464264,-112.083755",1875,81,82
1755749498,2025-08-21T04:11:38Z,N623FB,"33.464401,-112.082741",1875,81,81
1755749500,2025-08-21T04:11:40Z,N623FB,"33.464497,-112.081902",1850,81,81
1755749502,2025-08-21T04:11:42Z,N623FB,"33.46463,-112.081039",1850,82,80
1755749505,2025-08-21T04:11:45Z,N623FB,"33.464729,-112.080109",1850,82,80
1755749507,2025-08-21T04:11:47Z,N623FB,"33.464905,-112.07917",1850,81,80
1755749509,2025-08-21T04:11:49Z,N623FB,"33.465008,-112.078316",1850,81,80
1755749511,2025-08-21T04:11:51Z,N623FB,"33.465145,-112.077362",1825,80,81
1755749513,2025-08-21T04:11:53Z,N623FB,"33.465286,-112.076187",1825,80,80
1755749515,2025-08-21T04:11:55Z,N623FB,"33.465378,-112.075401",1825,80,80
1755749517,2025-08-21T04:11:57Z,N623FB,"33.465565,-112.07428",1825,80,79
1755749520,2025-08-21T04:12:00Z,N623FB,"33.465683,-112.073456",1825,80,80
1755749526,2025-08-21T04:12:06Z,N623FB,"33.466049,-112.070541",1800,77,82
1755749535,2025-08-21T04:12:15Z,N623FB,"33.46637,-112.067085",1800,73,85
1755749537,2025-08-21T04:12:17Z,N623FB,"33.466415,-112.066261",1800,73,86
1755749539,2025-08-21T04:12:19Z,N623FB,"33.466415,-112.065269",1800,73,87
1755749541,2025-08-21T04:12:21Z,N623FB,"33.46645,-112.064301",1800,73,88
1755749544,2025-08-21T04:12:24Z,N623FB,"33.466496,-112.063461",1775,73,89
1755749546,2025-08-21T04:12:26Z,N623FB,"33.466507,-112.062691",1775,73,90
1755749548,2025-08-21T04:12:28Z,N623FB,"33.466507,-112.061867",1775,74,90
1755749550,2025-08-21T04:12:30Z,N623FB,"33.466496,-112.06105",1775,75,90
1755749552,2025-08-21T04:12:32Z,N623FB,"33.466496,-112.059929",1750,74,90
1755749554,2025-08-21T04:12:34Z,N623FB,"33.466496,-112.058975",1750,73,90
1755749557,2025-08-21T04:12:37Z,N623FB,"33.466461,-112.058128",1750,73,91
1755749559,2025-08-21T04:12:39Z,N623FB,"33.466461,-112.057304",1750,71,92
1755749561,2025-08-21T04:12:41Z,N623FB,"33.466404,-112.056564",1750,70,93
1755749563,2025-08-21T04:12:43Z,N623FB,"33.466358,-112.055611",1750,69,93
1755749565,2025-08-21T04:12:45Z,N623FB,"33.466324,-112.054886",1775,69,91
1755749567,2025-08-21T04:12:47Z,N623FB,"33.466312,-112.054047",1750,69,92
1755749569,2025-08-21T04:12:49Z,N623FB,"33.466263,-112.053261",1775,68,99
1755749571,2025-08-21T04:12:51Z,N623FB,"33.466125,-112.052475",1775,69,110
1755749574,2025-08-21T04:12:54Z,N623FB,"33.465729,-112.05159",1750,69,120
1755749576,2025-08-21T04:12:56Z,N623FB,"33.465332,-112.050903",1750,69,123
1755749578,2025-08-21T04:12:58Z,N623FB,"33.464962,-112.050293",1750,70,122
1755749580,2025-08-21T04:13:00Z,N623FB,"33.46463,-112.049561",1775,70,119
1755749583,2025-08-21T04:13:03Z,N623FB,"33.464264,-112.048721",1775,69,114
1755749585,2025-08-21T04:13:05Z,N623FB,"33.464077,-112.047989",1775,68,106
1755749587,2025-08-21T04:13:07Z,N623FB,"33.463943,-112.04731",1775,67,99
1755749591,2025-08-21T04:13:11Z,N623FB,"33.46389,-112.045692",1800,65,88
1755749593,2025-08-21T04:13:13Z,N623FB,"33.463943,-112.044998",1800,64,82
1755749595,2025-08-21T04:13:15Z,N623FB,"33.464081,-112.044289",1800,67,71
1755749597,2025-08-21T04:13:17Z,N623FB,"33.464355,-112.043518",1800,72,63
1755749599,2025-08-21T04:13:19Z,N623FB,"33.464722,-112.042694",1775,78,61
1755749602,2025-08-21T04:13:22Z,N623FB,"33.465099,-112.041878",1775,83,62
1755749604,2025-08-21T04:13:24Z,N623FB,"33.465473,-112.040985",1750,87,64
1755749606,2025-08-21T04:13:26Z,N623FB,"33.465847,-112.039917",1775,90,69
1755749608,2025-08-21T04:13:28Z,N623FB,"33.466125,-112.038963",1775,92,72
1755749610,2025-08-21T04:13:30Z,N623FB,"33.46637,-112.037804",1775,92,75
1755749612,2025-08-21T04:13:32Z,N623FB,"33.466553,-112.036705",1775,92,78
1755749615,2025-08-21T04:13:35Z,N623FB,"33.466736,-112.0355",1800,91,80
1755749617,2025-08-21T04:13:37Z,N623FB,"33.466915,-112.034485",1800,91,80
1755749619,2025-08-21T04:13:39Z,N623FB,"33.467056,-112.03347",1825,91,79
1755749621,2025-08-21T04:13:41Z,N623FB,"33.467194,-112.032463",1825,91,79
1755749625,2025-08-21T04:13:45Z,N623FB,"33.467514,-112.030388",1850,93,80
1755749628,2025-08-21T04:13:48Z,N623FB,"33.467651,-112.029182",1850,93,82
1755749630,2025-08-21T04:13:50Z,N623FB,"33.467789,-112.027916",1850,94,83
1755749632,2025-08-21T04:13:52Z,N623FB,"33.467846,-112.026802",1850,95,84
1755749634,2025-08-21T04:13:54Z,N623FB,"33.467926,-112.025833",1850,95,85
1755749636,2025-08-21T04:13:56Z,N623FB,"33.467987,-112.02462",1875,94,86
1755749638,2025-08-21T04:13:58Z,N623FB,"33.468063,-112.023521",1875,94,85
1755749641,2025-08-21T04:14:01Z,N623FB,"33.468174,-112.02243",1900,94,83
1755749647,2025-08-21T04:14:07Z,N623FB,"33.468475,-112.018906",1900,96,87
1755749649,2025-08-21T04:14:09Z,N623FB,"33.468498,-112.01767",1900,96,90
1755749651,2025-08-21T04:14:11Z,N623FB,"33.468475,-112.016655",1900,96,93
1755749654,2025-08-21T04:14:14Z,N623FB,"33.468357,-112.015366",1900,95,97
1755749656,2025-08-21T04:14:16Z,N623FB,"33.468266,-112.014473",1925,96,98
1755749658,2025-08-21T04:14:18Z,N623FB,"33.468079,-112.013237",1925,96,101
1755749660,2025-08-21T04:14:20Z,N623FB,"33.46788,-112.012154",1925,98,101
1755749662,2025-08-21T04:14:22Z,N623FB,"33.467659,-112.010826",1925,98,102
1755749665,2025-08-21T04:14:25Z,N623FB,"33.467422,-112.009567",1925,98,102
1755749667,2025-08-21T04:14:27Z,N623FB,"33.467194,-112.008476",1925,98,102
1755749669,2025-08-21T04:14:29Z,N623FB,"33.46701,-112.007484",1925,98,101
1755749671,2025-08-21T04:14:31Z,N623FB,"33.466782,-112.006218",1925,96,102
1755749673,2025-08-21T04:14:33Z,N623FB,"33.466599,-112.005066",1925,93,101
1755749675,2025-08-21T04:14:35Z,N623FB,"33.46645,-112.004105",1925,91,102
1755749678,2025-08-21T04:14:38Z,N623FB,"33.466187,-112.002922",1900,89,102
1755749680,2025-08-21T04:14:40Z,N623FB,"33.46603,-112.002029",1900,87,103
1755749682,2025-08-21T04:14:42Z,N623FB,"33.465797,-112.000908",1900,86,105
1755749684,2025-08-21T04:14:44Z,N623FB,"33.465546,-111.999954",1900,85,105
1755749686,2025-08-21T04:14:46Z,N623FB,"33.465286,-111.998833",1900,83,107
1755749689,2025-08-21T04:14:49Z,N623FB,"33.465054,-111.997932",1900,83,108
1755749691,2025-08-21T04:14:51Z,N623FB,"33.464775,-111.99704",1875,82,108
1755749693,2025-08-21T04:14:53Z,N623FB,"33.464447,-111.995895",1900,81,108
1755749695,2025-08-21T04:14:55Z,N623FB,"33.464214,-111.995018",1900,80,107
1755749697,2025-08-21T04:14:57Z,N623FB,"33.463982,-111.994072",1900,78,106
1755749706,2025-08-21T04:15:06Z,N623FB,"33.463257,-111.99073",1900,73,101
1755749708,2025-08-21T04:15:08Z,N623FB,"33.4631,-111.989639",1900,72,98
1755749710,2025-08-21T04:15:10Z,N623FB,"33.463005,-111.988747",1900,71,96
1755749713,2025-08-21T04:15:13Z,N623FB,"33.462936,-111.988037",1900,71,94
1755749715,2025-08-21T04:15:15Z,N623FB,"33.462891,-111.987106",1900,70,93
1755749717,2025-08-21T04:15:17Z,N623FB,"33.462864,-111.986336",1900,69,92
1755749719,2025-08-21T04:15:19Z,N623FB,"33.462864,-111.985603",1925,68,92
1755749721,2025-08-21T04:15:21Z,N623FB,"33.462799,-111.984848",1900,66,93
1755749724,2025-08-21T04:15:24Z,N623FB,"33.462799,-111.984024",1900,65,93
1755749726,2025-08-21T04:15:26Z,N623FB,"33.462708,-111.983093",1925,64,93
1755749728,2025-08-21T04:15:28Z,N623FB,"33.462708,-111.982323",1900,63,93
1755749730,2025-08-21T04:15:30Z,N623FB,"33.462681,-111.981735",1925,63,92
1755749732,2025-08-21T04:15:32Z,N623FB,"33.462662,-111.980843",1925,64,91
1755749735,2025-08-21T04:15:35Z,N623FB,"33.462631,-111.979942",1925,64,89
1755749737,2025-08-21T04:15:37Z,N623FB,"33.462662,-111.979301",1925,64,85
1755749739,2025-08-21T04:15:39Z,N623FB,"33.462753,-111.978592",1925,64,79
1755749741,2025-08-21T04:15:41Z,N623FB,"33.462936,-111.977768",1925,65,72
1755749743,2025-08-21T04:15:43Z,N623FB,"33.463192,-111.977142",1950,66,61
1755749745,2025-08-21T04:15:45Z,N623FB,"33.463531,-111.976448",1950,67,51
1755749747,2025-08-21T04:15:47Z,N623FB,"33.463982,-111.975906",1950,68,42
1755749749,2025-08-21T04:15:49Z,N623FB,"33.46463,-111.975349",1950,69,31
1755749752,2025-08-21T04:15:52Z,N623FB,"33.465225,-111.975021",1950,71,22
1755749754,2025-08-21T04:15:54Z,N623FB,"33.465866,-111.9748",1950,73,13
1755749756,2025-08-21T04:15:56Z,N623FB,"33.466545,-111.974617",1950,73,9
1755749758,2025-08-21T04:15:58Z,N623FB,"33.467331,-111.974472",1950,74,6
1755749761,2025-08-21T04:16:01Z,N623FB,"33.468246,-111.974411",1950,73,3
1755749763,2025-08-21T04:16:03Z,N623FB,"33.468918,-111.974335",1950,71,3
1755749765,2025-08-21T04:16:05Z,N623FB,"33.469574,-111.974304",1950,71,3
1755749767,2025-08-21T04:16:07Z,N623FB,"33.470455,-111.974281",1975,71,1
1755749769,2025-08-21T04:16:09Z,N623FB,"33.47113,-111.974251",1950,72,358
1755749772,2025-08-21T04:16:12Z,N623FB,"33.472038,-111.974335",1950,72,353
1755749774,2025-08-21T04:16:14Z,N623FB,"33.47287,-111.974579",1950,72,346
1755749777,2025-08-21T04:16:17Z,N623FB,"33.473526,-111.974846",1975,72,339
1755749779,2025-08-21T04:16:19Z,N623FB,"33.474335,-111.975235",1950,74,334
1755749781,2025-08-21T04:16:21Z,N623FB,"33.474968,-111.975624",1950,74,330
1755749783,2025-08-21T04:16:23Z,N623FB,"33.475574,-111.976074",1950,76,327
1755749785,2025-08-21T04:16:25Z,N623FB,"33.476212,-111.976608",1950,76,325
1755749788,2025-08-21T04:16:28Z,N623FB,"33.476833,-111.977142",1925,78,322
1755749790,2025-08-21T04:16:30Z,N623FB,"33.477539,-111.977821",1925,78,320
1755749792,2025-08-21T04:16:32Z,N623FB,"33.478043,-111.978317",1925,78,319
1755749794,2025-08-21T04:16:34Z,N623FB,"33.478683,-111.979027",1925,77,318
1755749796,2025-08-21T04:16:36Z,N623FB,"33.479233,-111.979576",1925,76,317
1755749798,2025-08-21T04:16:38Z,N623FB,"33.479763,-111.980164",1925,74,316
1755749801,2025-08-21T04:16:41Z,N623FB,"33.480423,-111.980949",1925,73,315
1755749803,2025-08-21T04:16:43Z,N623FB,"33.480835,-111.981499",1925,72,312
1755749805,2025-08-21T04:16:45Z,N623FB,"33.4813,-111.982132",1950,74,308
1755749808,2025-08-21T04:16:48Z,N623FB,"33.481842,-111.98304",1950,75,303
1755749810,2025-08-21T04:16:50Z,N623FB,"33.48209,-111.983589",1925,76,298
1755749812,2025-08-21T04:16:52Z,N623FB,"33.482464,-111.984596",1925,75,291
1755749814,2025-08-21T04:16:54Z,N623FB,"33.482666,-111.985344",1950,75,284
1755749816,2025-08-21T04:16:56Z,N623FB,"33.482803,-111.986282",1950,75,279
1755749818,2025-08-21T04:16:58Z,N623FB,"33.482941,-111.986992",1950,73,278
1755749820,2025-08-21T04:17:00Z,N623FB,"33.483025,-111.987846",1950,72,277
1755749822,2025-08-21T04:17:02Z,N623FB,"33.483116,-111.9888",1950,71,277
1755749824,2025-08-21T04:17:04Z,N623FB,"33.483208,-111.989639",1950,70,275
1755749827,2025-08-21T04:17:07Z,N623FB,"33.483307,-111.990509",1925,69,276
1755749829,2025-08-21T04:17:09Z,N623FB,"33.483353,-111.991501",1950,69,274
1755749832,2025-08-21T04:17:12Z,N623FB,"33.483444,-111.992264",1950,69,275
1755749834,2025-08-21T04:17:14Z,N623FB,"33.483536,-111.993172",1950,69,275
1755749836,2025-08-21T04:17:16Z,N623FB,"33.483582,-111.993896",1925,70,274
1755749838,2025-08-21T04:17:18Z,N623FB,"33.483627,-111.994736",1925,70,275
1755749840,2025-08-21T04:17:20Z,N623FB,"33.483719,-111.995834",1925,70,275
1755749842,2025-08-21T04:17:22Z,N623FB,"33.483765,-111.996605",1925,69,274
1755749845,2025-08-21T04:17:25Z,N623FB,"33.483814,-111.997322",1925,69,274
1755749847,2025-08-21T04:17:27Z,N623FB,"33.48386,-111.998215",1925,69,273
1755749849,2025-08-21T04:17:29Z,N623FB,"33.483902,-111.999077",1925,69,272
1755749858,2025-08-21T04:17:38Z,N623FB,"33.484047,-112.002312",1925,66,272
1755749863,2025-08-21T04:17:43Z,N623FB,"33.484093,-112.003937",1900,65,269
1755749865,2025-08-21T04:17:45Z,N623FB,"33.484093,-112.004608",1925,65,269
1755749867,2025-08-21T04:17:47Z,N623FB,"33.484047,-112.005501",1900,65,268
1755749869,2025-08-21T04:17:49Z,N623FB,"33.484039,-112.006165",1900,64,267
1755749871,2025-08-21T04:17:51Z,N623FB,"33.484001,-112.006958",1900,64,267
1755749873,2025-08-21T04:17:53Z,N623FB,"33.483994,-112.007812",1900,64,266
1755749875,2025-08-21T04:17:55Z,N623FB,"33.483902,-112.008636",1900,64,264
1755749878,2025-08-21T04:17:58Z,N623FB,"33.483856,-112.009354",1900,64,263
1755749880,2025-08-21T04:18:00Z,N623FB,"33.483768,-112.010155",1900,63,261
1755749882,2025-08-21T04:18:02Z,N623FB,"33.483673,-112.010887",1900,62,262
1755749884,2025-08-21T04:18:04Z,N623FB,"33.483627,-112.011612",1900,62,263
1755749886,2025-08-21T04:18:06Z,N623FB,"33.483536,-112.012482",1900,63,263
1755749889,2025-08-21T04:18:09Z,N623FB,"33.48349,-112.013138",1900,62,264
1755749891,2025-08-21T04:18:11Z,N623FB,"33.483395,-112.013855",1900,62,265
1755749898,2025-08-21T04:18:18Z,N623FB,"33.483307,-112.016159",1900,62,268
1755749904,2025-08-21T04:18:24Z,N623FB,"33.483257,-112.018394",1900,61,270
1755749906,2025-08-21T04:18:26Z,N623FB,"33.483261,-112.019295",1900,60,270
1755749909,2025-08-21T04:18:29Z,N623FB,"33.483257,-112.019852",1900,60,270
1755749911,2025-08-21T04:18:31Z,N623FB,"33.483261,-112.020615",1900,60,270
1755749913,2025-08-21T04:18:33Z,N623FB,"33.483261,-112.021271",1900,59,271
1755749915,2025-08-21T04:18:35Z,N623FB,"33.483307,-112.022041",1900,59,271
1755749917,2025-08-21T04:18:37Z,N623FB,"33.483307,-112.022697",1900,59,271
1755749919,2025-08-21T04:18:39Z,N623FB,"33.483353,-112.023361",1900,59,270
1755749921,2025-08-21T04:18:41Z,N623FB,"33.483349,-112.024109",1900,59,271
1755749928,2025-08-21T04:18:48Z,N623FB,"33.483349,-112.026352",1875,56,268
1755749937,2025-08-21T04:18:57Z,N623FB,"33.483398,-112.028908",1875,56,272
1755749945,2025-08-21T04:19:05Z,N623FB,"33.48344,-112.031509",1875,55,271
1755749952,2025-08-21T04:19:12Z,N623FB,"33.48349,-112.033585",1900,57,270
1755749959,2025-08-21T04:19:19Z,N623FB,"33.48349,-112.035881",1900,61,270
1755749967,2025-08-21T04:19:27Z,N623FB,"33.483536,-112.038742",1925,64,270
1755749974,2025-08-21T04:19:34Z,N623FB,"33.483536,-112.041321",1925,66,270
1755749978,2025-08-21T04:19:38Z,N623FB,"33.483627,-112.042831",1925,68,278
1755749980,2025-08-21T04:19:40Z,N623FB,"33.483765,-112.043625",1925,69,285
1755749983,2025-08-21T04:19:43Z,N623FB,"33.484001,-112.044456",1925,71,292
1755749985,2025-08-21T04:19:45Z,N623FB,"33.484314,-112.045219",1925,72,297
1755749987,2025-08-21T04:19:47Z,N623FB,"33.48468,-112.045937",1925,73,302
1755749989,2025-08-21T04:19:49Z,N623FB,"33.485184,-112.046707",1925,74,307
1755749991,2025-08-21T04:19:51Z,N623FB,"33.485584,-112.047318",1925,75,309
1755749993,2025-08-21T04:19:53Z,N623FB,"33.486099,-112.04808",1925,75,311
1755749996,2025-08-21T04:19:56Z,N623FB,"33.486607,-112.048721",1925,76,310
1755749998,2025-08-21T04:19:58Z,N623FB,"33.487061,-112.049393",1900,76,309
1755750000,2025-08-21T04:20:00Z,N623FB,"33.487537,-112.050117",1900,76,308
1755750002,2025-08-21T04:20:02Z,N623FB,"33.488068,-112.05088",1925,77,306
1755750005,2025-08-21T04:20:05Z,N623FB,"33.488564,-112.05175",1925,76,305
1755750007,2025-08-21T04:20:07Z,N623FB,"33.488934,-112.052361",1925,75,304
1755750009,2025-08-21T04:20:09Z,N623FB,"33.489449,-112.053261",1925,74,304
1755750011,2025-08-21T04:20:11Z,N623FB,"33.489853,-112.054008",1925,75,303
1755750013,2025-08-21T04:20:13Z,N623FB,"33.490219,-112.054672",1925,76,302
1755750019,2025-08-21T04:20:19Z,N623FB,"33.491447,-112.057014",1925,76,302
1755750021,2025-08-21T04:20:21Z,N623FB,"33.491867,-112.0578",1925,76,303
1755750024,2025-08-21T04:20:24Z,N623FB,"33.492233,-112.058456",1925,76,303
1755750026,2025-08-21T04:20:26Z,N623FB,"33.492661,-112.059311",1925,76,303
1755750028,2025-08-21T04:20:28Z,N623FB,"33.493126,-112.060097",1925,77,301
1755750030,2025-08-21T04:20:30Z,N623FB,"33.49345,-112.060768",1900,77,300
1755750032,2025-08-21T04:20:32Z,N623FB,"33.493835,-112.061592",1900,77,299
1755750034,2025-08-21T04:20:34Z,N623FB,"33.494202,-112.062469",1900,77,296
1755750037,2025-08-21T04:20:37Z,N623FB,"33.494522,-112.063187",1900,76,294
1755750039,2025-08-21T04:20:39Z,N623FB,"33.494843,-112.064064",1900,75,292
1755750041,2025-08-21T04:20:41Z,N623FB,"33.495174,-112.065033",1900,74,290
1755750043,2025-08-21T04:20:43Z,N623FB,"33.495358,-112.065819",1925,74,288
1755750045,2025-08-21T04:20:45Z,N623FB,"33.495575,-112.066536",1900,73,285
1755750047,2025-08-21T04:20:47Z,N623FB,"33.495777,-112.067444",1900,73,284
1755750049,2025-08-21T04:20:49Z,N623FB,"33.495918,-112.06823",1900,73,282
1755750051,2025-08-21T04:20:51Z,N623FB,"33.496059,-112.069122",1900,74,280
1755750054,2025-08-21T04:20:54Z,N623FB,"33.49617,-112.069885",1900,73,277
1755750056,2025-08-21T04:20:56Z,N623FB,"33.496262,-112.070709",1900,73,276
1755750058,2025-08-21T04:20:58Z,N623FB,"33.496307,-112.07148",1900,72,274
1755750060,2025-08-21T04:21:00Z,N623FB,"33.496384,-112.072487",1900,72,273
1755750062,2025-08-21T04:21:02Z,N623FB,"33.496429,-112.073273",1900,71,273
1755750064,2025-08-21T04:21:04Z,N623FB,"33.496475,-112.074226",1900,71,273
1755750066,2025-08-21T04:21:06Z,N623FB,"33.496536,-112.074936",1900,70,273
1755750069,2025-08-21T04:21:09Z,N623FB,"33.496571,-112.075851",1900,70,273
1755750071,2025-08-21T04:21:11Z,N623FB,"33.496616,-112.076576",1925,71,273
1755750073,2025-08-21T04:21:13Z,N623FB,"33.496674,-112.077522",1900,71,273
1755750075,2025-08-21T04:21:15Z,N623FB,"33.496708,-112.078316",1900,71,274
1755750077,2025-08-21T04:21:17Z,N623FB,"33.496758,-112.079155",1900,71,274
1755750079,2025-08-21T04:21:19Z,N623FB,"33.496803,-112.079994",1900,70,275
1755750086,2025-08-21T04:21:26Z,N623FB,"33.497036,-112.082573",1925,70,274
1755750095,2025-08-21T04:21:35Z,N623FB,"33.497131,-112.085983",1925,69,270
1755750101,2025-08-21T04:21:41Z,N623FB,"33.497128,-112.088463",1925,69,270
1755750110,2025-08-21T04:21:50Z,N623FB,"33.497131,-112.09169",1950,70,270
1755750112,2025-08-21T04:21:52Z,N623FB,"33.497128,-112.092667",1950,70,270
1755750121,2025-08-21T04:22:01Z,N623FB,"33.497177,-112.095924",1950,70,270
1755750127,2025-08-21T04:22:07Z,N623FB,"33.497128,-112.098549",1950,68,268
1755750134,2025-08-21T04:22:14Z,N623FB,"33.497223,-112.101143",1950,69,280
1755750136,2025-08-21T04:22:16Z,N623FB,"33.497406,-112.101799",1950,68,291
1755750138,2025-08-21T04:22:18Z,N623FB,"33.497681,-112.10257",1950,70,299
1755750140,2025-08-21T04:22:20Z,N623FB,"33.498138,-112.10334",1950,71,304
1755750143,2025-08-21T04:22:23Z,N623FB,"33.498569,-112.104042",1950,73,309
1755750145,2025-08-21T04:22:25Z,N623FB,"33.499039,-112.104607",1950,73,312
1755750147,2025-08-21T04:22:27Z,N623FB,"33.499641,-112.105392",1925,72,315
1755750150,2025-08-21T04:22:30Z,N623FB,"33.500107,-112.105919",1950,72,316
1755750152,2025-08-21T04:22:32Z,N623FB,"33.50061,-112.106522",1925,72,316
1755750154,2025-08-21T04:22:34Z,N623FB,"33.501083,-112.107071",1925,72,315
1755750156,2025-08-21T04:22:36Z,N623FB,"33.501755,-112.107841",1925,72,315
1755750158,2025-08-21T04:22:38Z,N623FB,"33.502304,-112.108505",1900,71,314
1755750160,2025-08-21T04:22:40Z,N623FB,"33.502716,-112.108994",1900,70,313
1755750163,2025-08-21T04:22:43Z,N623FB,"33.503227,-112.10965",1900,70,313
1755750165,2025-08-21T04:22:45Z,N623FB,"33.503784,-112.110374",1900,69,312
1755750167,2025-08-21T04:22:47Z,N623FB,"33.50425,-112.110992",1900,70,312
1755750169,2025-08-21T04:22:49Z,N623FB,"33.504684,-112.111526",1900,70,312
1755750178,2025-08-21T04:22:58Z,N623FB,"33.506607,-112.114052",1900,68,310
1755750180,2025-08-21T04:23:00Z,N623FB,"33.506973,-112.114601",1875,67,307
1755750182,2025-08-21T04:23:02Z,N623FB,"33.507339,-112.115204",1875,66,302
1755750184,2025-08-21T04:23:04Z,N623FB,"33.507694,-112.115982",1875,65,298
1755750186,2025-08-21T04:23:06Z,N623FB,"33.507977,-112.116653",1875,65,295
1755750188,2025-08-21T04:23:08Z,N623FB,"33.508209,-112.117294",1875,65,293
1755750190,2025-08-21T04:23:10Z,N623FB,"33.508442,-112.117889",1875,65,291
1755750193,2025-08-21T04:23:13Z,N623FB,"33.508675,-112.118729",1875,66,290
1755750195,2025-08-21T04:23:15Z,N623FB,"33.508907,-112.119461",1875,65,288
1755750197,2025-08-21T04:23:17Z,N623FB,"33.50909,-112.120186",1875,65,286
1755750199,2025-08-21T04:23:19Z,N623FB,"33.509277,-112.121025",1875,64,283
1755750201,2025-08-21T04:23:21Z,N623FB,"33.509399,-112.121742",1875,64,277
1755750204,2025-08-21T04:23:24Z,N623FB,"33.509464,-112.122711",1875,65,272
1755750206,2025-08-21T04:23:26Z,N623FB,"33.509491,-112.123444",1850,65,269
1755750208,2025-08-21T04:23:28Z,N623FB,"33.509464,-112.124336",1850,64,268
1755750211,2025-08-21T04:23:31Z,N623FB,"33.509464,-112.125061",1850,63,268
1755750213,2025-08-21T04:23:33Z,N623FB,"33.509445,-112.125809",1850,62,270
1755750215,2025-08-21T04:23:35Z,N623FB,"33.50951,-112.126411",1850,62,280
1755750217,2025-08-21T04:23:37Z,N623FB,"33.509766,-112.127235",1875,65,298
1755750219,2025-08-21T04:23:39Z,N623FB,"33.510132,-112.127785",1875,71,315
1755750221,2025-08-21T04:23:41Z,N623FB,"33.510723,-112.128372",1850,76,326
1755750223,2025-08-21T04:23:43Z,N623FB,"33.511505,-112.12883",1850,80,336
1755750226,2025-08-21T04:23:46Z,N623FB,"33.512283,-112.129211",1850,82,340
1755750228,2025-08-21T04:23:48Z,N623FB,"33.513004,-112.129433",1850,86,343
1755750230,2025-08-21T04:23:50Z,N623FB,"33.513935,-112.129768",1850,88,344
1755750232,2025-08-21T04:23:52Z,N623FB,"33.514725,-112.129997",1850,90,345
1755750234,2025-08-21T04:23:54Z,N623FB,"33.515564,-112.13028",1850,92,346
1755750237,2025-08-21T04:23:57Z,N623FB,"33.516495,-112.130501",1850,94,347
1755750239,2025-08-21T04:23:59Z,N623FB,"33.517612,-112.130836",1875,96,347
1755750241,2025-08-21T04:24:01Z,N623FB,"33.518497,-112.131058",1875,98,347
1755750243,2025-08-21T04:24:03Z,N623FB,"33.519753,-112.131401",1875,101,347
1755750246,2025-08-21T04:24:06Z,N623FB,"33.520615,-112.13163",1875,103,347
1755750248,2025-08-21T04:24:08Z,N623FB,"33.521576,-112.131905",1875,105,347
1755750250,2025-08-21T04:24:10Z,N623FB,"33.522591,-112.132179",1875,106,347
1755750252,2025-08-21T04:24:12Z,N623FB,"33.523758,-112.132462",1900,106,347
1755750254,2025-08-21T04:24:14Z,N623FB,"33.524826,-112.132744",1900,106,347
1755750263,2025-08-21T04:24:23Z,N623FB,"33.529037,-112.133934",1950,108,347
1755750269,2025-08-21T04:24:29Z,N623FB,"33.532322,-112.134758",1950,112,348
1755750278,2025-08-21T04:24:38Z,N623FB,"33.536652,-112.135773",1975,115,348
1755750287,2025-08-21T04:24:47Z,N623FB,"33.541443,-112.137062",2000,115,347
1755750293,2025-08-21T04:24:53Z,N623FB,"33.54475,-112.13797",2000,117,346
1755750302,2025-08-21T04:25:02Z,N623FB,"33.549267,-112.139282",2000,117,346
1755750311,2025-08-21T04:25:11Z,N623FB,"33.554077,-112.140587",2000,120,347
1755750317,2025-08-21T04:25:17Z,N623FB,"33.557507,-112.14151",2025,120,347
1755750326,2025-08-21T04:25:26Z,N623FB,"33.562134,-112.142662",2050,121,348
1755750335,2025-08-21T04:25:35Z,N623FB,"33.567329,-112.14386",2075,122,350
1755750337,2025-08-21T04:25:37Z,N623FB,"33.568493,-112.144089",2100,123,351
1755750339,2025-08-21T04:25:39Z,N623FB,"33.569611,-112.144257",2100,123,353
1755750341,2025-08-21T04:25:41Z,N623FB,"33.570786,-112.144402",2100,123,355
1755750343,2025-08-21T04:25:43Z,N623FB,"33.572296,-112.144516",2100,123,357
1755750345,2025-08-21T04:25:45Z,N623FB,"33.57338,-112.144608",2125,124,357
1755750347,2025-08-21T04:25:47Z,N623FB,"33.574543,-112.144661",2100,124,357
1755750350,2025-08-21T04:25:50Z,N623FB,"33.576035,-112.144714",2100,124,357
1755750352,2025-08-21T04:25:52Z,N623FB,"33.577148,-112.144791",2100,125,357
1755750354,2025-08-21T04:25:54Z,N623FB,"33.578594,-112.144836",2100,125,357
1755750356,2025-08-21T04:25:56Z,N623FB,"33.579853,-112.144943",2075,125,357
1755750358,2025-08-21T04:25:58Z,N623FB,"33.580921,-112.145004",2075,125,357
1755750361,2025-08-21T04:26:01Z,N623FB,"33.58223,-112.145073",2075,125,357
1755750363,2025-08-21T04:26:03Z,N623FB,"33.58342,-112.145134",2075,125,357
1755750365,2025-08-21T04:26:05Z,N623FB,"33.584656,-112.145241",2075,125,357
1755750372,2025-08-21T04:26:12Z,N623FB,"33.588417,-112.145462",2075,125,357
1755750378,2025-08-21T04:26:18Z,N623FB,"33.592529,-112.145576",2075,124,358
1755750387,2025-08-21T04:26:27Z,N623FB,"33.597633,-112.145752",2100,124,358
1755750394,2025-08-21T04:26:34Z,N623FB,"33.601364,-112.145973",2100,123,356
1755750403,2025-08-21T04:26:43Z,N623FB,"33.606339,-112.146317",2075,124,356
1755750409,2025-08-21T04:26:49Z,N623FB,"33.610199,-112.146645",2075,124,355
1755750418,2025-08-21T04:26:58Z,N623FB,"33.615189,-112.147095",2050,125,355
1755750427,2025-08-21T04:27:07Z,N623FB,"33.620499,-112.147537",2025,125,355
1755750436,2025-08-21T04:27:16Z,N623FB,"33.625519,-112.148094",2025,124,354
1755750442,2025-08-21T04:27:22Z,N623FB,"33.629242,-112.148499",2025,124,355
1755750449,2025-08-21T04:27:29Z,N623FB,"33.63295,-112.148827",2050,124,357
1755750457,2025-08-21T04:27:37Z,N623FB,"33.637714,-112.149063",2050,124,357
1755750464,2025-08-21T04:27:44Z,N623FB,"33.641647,-112.149559",2050,121,348
1755750466,2025-08-21T04:27:46Z,N623FB,"33.642792,-112.149872",2075,121,346
1755750468,2025-08-21T04:27:48Z,N623FB,"33.644165,-112.150284",2075,122,346
1755750470,2025-08-21T04:27:50Z,N623FB,"33.64521,-112.150558",2075,122,348
1755750473,2025-08-21T04:27:53Z,N623FB,"33.6465,-112.150795",2075,122,350
1755750481,2025-08-21T04:28:01Z,N623FB,"33.651215,-112.151352",2075,124,356
1755750487,2025-08-21T04:28:07Z,N623FB,"33.654846,-112.151642",2075,125,356
1755750493,2025-08-21T04:28:13Z,N623FB,"33.65863,-112.151855",2075,126,357
1755750495,2025-08-21T04:28:15Z,N623FB,"33.659775,-112.15197",2075,127,357
1755750498,2025-08-21T04:28:18Z,N623FB,"33.660965,-112.152023",2050,127,356
1755750500,2025-08-21T04:28:20Z,N623FB,"33.662292,-112.152084",2050,127,356
1755750502,2025-08-21T04:28:22Z,N623FB,"33.663506,-112.152161",2050,127,357
1755750504,2025-08-21T04:28:24Z,N623FB,"33.664948,-112.152267",2050,127,357
1755750511,2025-08-21T04:28:31Z,N623FB,"33.669022,-112.152473",2050,127,357
1755750518,2025-08-21T04:28:38Z,N623FB,"33.673096,-112.152672",2050,127,356
1755750527,2025-08-21T04:28:47Z,N623FB,"33.677948,-112.152977",2075,126,357
1755750533,2025-08-21T04:28:53Z,N623FB,"33.681702,-112.153145",2050,126,357
1755750541,2025-08-21T04:29:01Z,N623FB,"33.686783,-112.153313",2050,129,359
1755750548,2025-08-21T04:29:08Z,N623FB,"33.691017,-112.153305",2050,128,359
1755750551,2025-08-21T04:29:11Z,N623FB,"33.692089,-112.153244",2050,125,1
1755750557,2025-08-21T04:29:17Z,N623FB,"33.69614,-112.15313",2050,119,1
1755750566,2025-08-21T04:29:26Z,N623FB,"33.700287,-112.153259",2025,107,358
1755750570,2025-08-21T04:29:30Z,N623FB,"33.702702,-112.153412",2025,98,353
1755750573,2025-08-21T04:29:33Z,N623FB,"33.703587,-112.153587",2025,96,351
1755750575,2025-08-21T04:29:35Z,N623FB,"33.704498,-112.153763",2025,95,347
1755750577,2025-08-21T04:29:37Z,N623FB,"33.705505,-112.154099",2000,93,345
1755750579,2025-08-21T04:29:39Z,N623FB,"33.70652,-112.154449",2000,90,341
1755750582,2025-08-21T04:29:42Z,N623FB,"33.70731,-112.154846",2000,87,335
1755750584,2025-08-21T04:29:44Z,N623FB,"33.708149,-112.155365",1975,86,331
1755750586,2025-08-21T04:29:46Z,N623FB,"33.708893,-112.155945",2000,81,324
1755750588,2025-08-21T04:29:48Z,N623FB,"33.709442,-112.156509",2000,77,316
1755750591,2025-08-21T04:29:51Z,N623FB,"33.709854,-112.157181",2000,71,299
1755750593,2025-08-21T04:29:53Z,N623FB,"33.710129,-112.157967",2000,68,289
1755750595,2025-08-21T04:29:55Z,N623FB,"33.710293,-112.158676",2025,65,274
1755750597,2025-08-21T04:29:57Z,N623FB,"33.710266,-112.159538",2000,63,264
1755750599,2025-08-21T04:29:59Z,N623FB,"33.710056,-112.160225",2000,59,243
1755750602,2025-08-21T04:30:02Z,N623FB,"33.709625,-112.160881",2025,59,223
1755750604,2025-08-21T04:30:04Z,N623FB,"33.70903,-112.161385",2000,59,207
1755750607,2025-08-21T04:30:07Z,N623FB,"33.708382,-112.161598",2025,59,202
1755750609,2025-08-21T04:30:09Z,N623FB,"33.70784,-112.161499",2025,57,172
1755750611,2025-08-21T04:30:11Z,N623FB,"33.707291,-112.161163",2025,56,146
1755750614,2025-08-21T04:30:14Z,N623FB,"33.706924,-112.160713",2025,56,137
1755750616,2025-08-21T04:30:16Z,N623FB,"33.706741,-112.16021",2050,55,106
1755750618,2025-08-21T04:30:18Z,N623FB,"33.706604,-112.15937",2050,56,93
1755750620,2025-08-21T04:30:20Z,N623FB,"33.706604,-112.158752",2050,57,76
1755750622,2025-08-21T04:30:22Z,N623FB,"33.706894,-112.15799",2050,56,64
1755750625,2025-08-21T04:30:25Z,N623FB,"33.707245,-112.15741",2050,55,45
1755750627,2025-08-21T04:30:27Z,N623FB,"33.707638,-112.157074",2025,54,30
1755750629,2025-08-21T04:30:29Z,N623FB,"33.708115,-112.156845",2025,53,19
1755750631,2025-08-21T04:30:31Z,N623FB,"33.70871,-112.156677",2025,52,12
1755750634,2025-08-21T04:30:34Z,N623FB,"33.709312,-112.156677",2025,49,353
1755750636,2025-08-21T04:30:36Z,N623FB,"33.709763,-112.156792",2000,48,341
1755750638,2025-08-21T04:30:38Z,N623FB,"33.710152,-112.157021",2000,47,332
1755750640,2025-08-21T04:30:40Z,N623FB,"33.710571,-112.157364",2000,45,323
1755750642,2025-08-21T04:30:42Z,N623FB,"33.710953,-112.157799",2000,45,311
1755750645,2025-08-21T04:30:45Z,N623FB,"33.711174,-112.158218",2000,44,299
1755750647,2025-08-21T04:30:47Z,N623FB,"33.711407,-112.158737",2000,44,288
1755750649,2025-08-21T04:30:49Z,N623FB,"33.711456,-112.159256",2000,45,275
1755750652,2025-08-21T04:30:52Z,N623FB,"33.711456,-112.159874",2000,45,259
1755750654,2025-08-21T04:30:54Z,N623FB,"33.711361,-112.160225",2000,46,245
1755750656,2025-08-21T04:30:56Z,N623FB,"33.711082,-112.160912",2000,46,234
1755750659,2025-08-21T04:30:59Z,N623FB,"33.710758,-112.161423",2000,47,224
1755750661,2025-08-21T04:31:01Z,N623FB,"33.710293,-112.161774",2000,49,219
1755750663,2025-08-21T04:31:03Z,N623FB,"33.709873,-112.162003",2000,55,197
1755750665,2025-08-21T04:31:05Z,N623FB,"33.709408,-112.162109",1975,56,190
1755750667,2025-08-21T04:31:07Z,N623FB,"33.70871,-112.162117",1975,59,178
1755750669,2025-08-21T04:31:09Z,N623FB,"33.708344,-112.162056",1975,61,160
1755750671,2025-08-21T04:31:11Z,N623FB,"33.707638,-112.161652",1975,62,144
1755750674,2025-08-21T04:31:14Z,N623FB,"33.707199,-112.161049",1975,64,120
1755750676,2025-08-21T04:31:16Z,N623FB,"33.706833,-112.160095",1975,62,106
1755750679,2025-08-21T04:31:19Z,N623FB,"33.706844,-112.159256",2000,59,87
1755750681,2025-08-21T04:31:21Z,N623FB,"33.706985,-112.158676",2000,57,66
1755750683,2025-08-21T04:31:23Z,N623FB,"33.707405,-112.15799",2000,57,45
1755750686,2025-08-21T04:31:26Z,N623FB,"33.707962,-112.157654",1975,62,21
1755750688,2025-08-21T04:31:28Z,N623FB,"33.708614,-112.157532",1975,63,5
1755750690,2025-08-21T04:31:30Z,N623FB,"33.709126,-112.157654",1950,61,346
1755750692,2025-08-21T04:31:32Z,N623FB,"33.709488,-112.157852",1950,58,325
1755750696,2025-08-21T04:31:36Z,N623FB,"33.710197,-112.158798",1950,51,287
1755750698,2025-08-21T04:31:38Z,N623FB,"33.710293,-112.159485",1950,50,266
1755750700,2025-08-21T04:31:40Z,N623FB,"33.71022,-112.160095",1950,50,251
1755750703,2025-08-21T04:31:43Z,N623FB,"33.709946,-112.16066",1950,50,233
1755750705,2025-08-21T04:31:45Z,N623FB,"33.709545,-112.16114",1950,50,223
1755750708,2025-08-21T04:31:48Z,N623FB,"33.709034,-112.161423",1950,54,196
1755750710,2025-08-21T04:31:50Z,N623FB,"33.708252,-112.161385",1950,56,169
1755750713,2025-08-21T04:31:53Z,N623FB,"33.707748,-112.161049",1950,60,143
1755750715,2025-08-21T04:31:55Z,N623FB,"33.707218,-112.1604",1950,61,128
1755750717,2025-08-21T04:31:57Z,N623FB,"33.707016,-112.15976",1950,63,100
1755750720,2025-08-21T04:32:00Z,N623FB,"33.707016,-112.159088",1950,64,88
1755750722,2025-08-21T04:32:02Z,N623FB,"33.707199,-112.158188",1975,63,64
1755750724,2025-08-21T04:32:04Z,N623FB,"33.707638,-112.157478",1975,60,49
1755750726,2025-08-21T04:32:06Z,N623FB,"33.708069,-112.157127",1975,57,31
1755750728,2025-08-21T04:32:08Z,N623FB,"33.708477,-112.156906",2000,54,17
1755750730,2025-08-21T04:32:10Z,N623FB,"33.70908,-112.156845",2000,54,358
1755750733,2025-08-21T04:32:13Z,N623FB,"33.709579,-112.156898",2000,54,348
1755750735,2025-08-21T04:32:15Z,N623FB,"33.710056,-112.157135",2000,52,332
1755750737,2025-08-21T04:32:17Z,N623FB,"33.710526,-112.157593",2025,51,318
1755750739,2025-08-21T04:32:19Z,N623FB,"33.710815,-112.158081",2025,51,300
1755750741,2025-08-21T04:32:21Z,N623FB,"33.711037,-112.158798",2025,53,285
1755750744,2025-08-21T04:32:24Z,N623FB,"33.711082,-112.159363",2000,55,273
1755750746,2025-08-21T04:32:26Z,N623FB,"33.711037,-112.159882",2000,56,263
1755750748,2025-08-21T04:32:28Z,N623FB,"33.710861,-112.160767",2025,56,249
1755750750,2025-08-21T04:32:30Z,N623FB,"33.710632,-112.161331",2025,57,239
1755750752,2025-08-21T04:32:32Z,N623FB,"33.710175,-112.161949",2025,58,224
1755750755,2025-08-21T04:32:35Z,N623FB,"33.709763,-112.162285",2000,62,208
1755750757,2025-08-21T04:32:37Z,N623FB,"33.709175,-112.162628",2000,63,193
1755750759,2025-08-21T04:32:39Z,N623FB,"33.708382,-112.162743",2000,64,178
1755750762,2025-08-21T04:32:42Z,N623FB,"33.707729,-112.162628",2000,65,164
1755750764,2025-08-21T04:32:44Z,N623FB,"33.707062,-112.162224",2000,65,146
1755750766,2025-08-21T04:32:46Z,N623FB,"33.70665,-112.161667",2000,68,126
1755750768,2025-08-21T04:32:48Z,N623FB,"33.706284,-112.160767",2025,68,109
1755750771,2025-08-21T04:32:51Z,N623FB,"33.706238,-112.160042",2025,68,84
1755750773,2025-08-21T04:32:53Z,N623FB,"33.706429,-112.159256",2025,67,68
1755750775,2025-08-21T04:32:55Z,N623FB,"33.706741,-112.158524",2025,68,59
1755750777,2025-08-21T04:32:57Z,N623FB,"33.707336,-112.157799",2025,65,40
1755750780,2025-08-21T04:33:00Z,N623FB,"33.70784,-112.157463",2025,63,24
1755750782,2025-08-21T04:33:02Z,N623FB,"33.708477,-112.157249",2025,60,13
1755750784,2025-08-21T04:33:04Z,N623FB,"33.708988,-112.157196",2025,58,357
1755750787,2025-08-21T04:33:07Z,N623FB,"33.709686,-112.157425",2050,56,340
1755750789,2025-08-21T04:33:09Z,N623FB,"33.710197,-112.157761",2050,55,322
1755750791,2025-08-21T04:33:11Z,N623FB,"33.710541,-112.158249",2050,55,307
1755750793,2025-08-21T04:33:13Z,N623FB,"33.71077,-112.158806",2025,55,294
1755750795,2025-08-21T04:33:15Z,N623FB,"33.710896,-112.159363",2025,54,280
1755750797,2025-08-21T04:33:17Z,N623FB,"33.710907,-112.160095",2050,53,263
1755750799,2025-08-21T04:33:19Z,N623FB,"33.71077,-112.16066",2050,53,251
1755750802,2025-08-21T04:33:22Z,N623FB,"33.710632,-112.161102",2050,54,237
1755750804,2025-08-21T04:33:24Z,N623FB,"33.710037,-112.161888",2050,56,220
1755750806,2025-08-21T04:33:26Z,N623FB,"33.709534,-112.162224",2050,58,207
1755750811,2025-08-21T04:33:31Z,N623FB,"33.708344,-112.162392",2050,61,169
1755750813,2025-08-21T04:33:33Z,N623FB,"33.707684,-112.162109",2050,65,156
1755750815,2025-08-21T04:33:35Z,N623FB,"33.707218,-112.161713",2050,68,140
1755750817,2025-08-21T04:33:37Z,N623FB,"33.706741,-112.161049",2050,70,122
1755750819,2025-08-21T04:33:39Z,N623FB,"33.706474,-112.160339",2050,70,105
1755750821,2025-08-21T04:33:41Z,N623FB,"33.706375,-112.15976",2075,69,90
1755750824,2025-08-21T04:33:44Z,N623FB,"33.70652,-112.158508",2100,68,69
1755750826,2025-08-21T04:33:46Z,N623FB,"33.706799,-112.157883",2100,67,53
1755750829,2025-08-21T04:33:49Z,N623FB,"33.707359,-112.157196",2100,65,35
1755750831,2025-08-21T04:33:51Z,N623FB,"33.707962,-112.156845",2100,64,22
1755750833,2025-08-21T04:33:53Z,N623FB,"33.708523,-112.156677",2100,63,8
1755750835,2025-08-21T04:33:55Z,N623FB,"33.709126,-112.156738",2100,61,349
1755750837,2025-08-21T04:33:57Z,N623FB,"33.709778,-112.157021",2100,60,336
1755750839,2025-08-21T04:33:59Z,N623FB,"33.710266,-112.157463",2075,58,320
1755750842,2025-08-21T04:34:02Z,N623FB,"33.710632,-112.157967",2075,58,303
1755750844,2025-08-21T04:34:04Z,N623FB,"33.71085,-112.158569",2075,58,286
1755750846,2025-08-21T04:34:06Z,N623FB,"33.710999,-112.15937",2075,58,272
1755750849,2025-08-21T04:34:09Z,N623FB,"33.710941,-112.160049",2075,57,262
1755750851,2025-08-21T04:34:11Z,N623FB,"33.71077,-112.160828",2075,56,248
1755750853,2025-08-21T04:34:13Z,N623FB,"33.710526,-112.161316",2075,55,236
1755750855,2025-08-21T04:34:15Z,N623FB,"33.710056,-112.161827",2075,57,221
1755750857,2025-08-21T04:34:17Z,N623FB,"33.709641,-112.16217",2075,57,203
1755750861,2025-08-21T04:34:21Z,N623FB,"33.708755,-112.162392",2075,60,180
1755750863,2025-08-21T04:34:23Z,N623FB,"33.708115,-112.162338",2075,61,165
1755750865,2025-08-21T04:34:25Z,N623FB,"33.707497,-112.162003",2075,62,151
1755750867,2025-08-21T04:34:27Z,N623FB,"33.707062,-112.161552",2100,65,131
1755750869,2025-08-21T04:34:29Z,N623FB,"33.70665,-112.160881",2100,66,119
1755750871,2025-08-21T04:34:31Z,N623FB,"33.706421,-112.160095",2100,67,103
1755750874,2025-08-21T04:34:34Z,N623FB,"33.706375,-112.159142",2100,68,89
1755750876,2025-08-21T04:34:36Z,N623FB,"33.706429,-112.158394",2100,67,77
1755750879,2025-08-21T04:34:39Z,N623FB,"33.706753,-112.157532",2125,65,63
1755750881,2025-08-21T04:34:41Z,N623FB,"33.707199,-112.156845",2125,64,46
1755750883,2025-08-21T04:34:43Z,N623FB,"33.707592,-112.156448",2125,64,32
1755750885,2025-08-21T04:34:45Z,N623FB,"33.708336,-112.156052",2125,62,22
1755750887,2025-08-21T04:34:47Z,N623FB,"33.708893,-112.155891",2150,61,10
1755750890,2025-08-21T04:34:50Z,N623FB,"33.709534,-112.155838",2150,58,4
1755750892,2025-08-21T04:34:52Z,N623FB,"33.710037,-112.155945",2150,53,345
1755750894,2025-08-21T04:34:54Z,N623FB,"33.710495,-112.15612",2150,51,332
1755750896,2025-08-21T04:34:56Z,N623FB,"33.710896,-112.156448",2175,51,321
1755750898,2025-08-21T04:34:58Z,N623FB,"33.711269,-112.156906",2175,51,310
1755750901,2025-08-21T04:35:01Z,N623FB,"33.711639,-112.157425",2150,51,298
1755750903,2025-08-21T04:35:03Z,N623FB,"33.711823,-112.158081",2175,50,285
1755750905,2025-08-21T04:35:05Z,N623FB,"33.711872,-112.158623",2175,50,275
1755750907,2025-08-21T04:35:07Z,N623FB,"33.711872,-112.159195",2175,51,261
1755750909,2025-08-21T04:35:09Z,N623FB,"33.711731,-112.159874",2175,52,253
1755750912,2025-08-21T04:35:12Z,N623FB,"33.711502,-112.160507",2175,52,243
1755750914,2025-08-21T04:35:14Z,N623FB,"33.711319,-112.160881",2175,53,238
1755750916,2025-08-21T04:35:16Z,N623FB,"33.710991,-112.161423",2175,53,227
1755750918,2025-08-21T04:35:18Z,N623FB,"33.710476,-112.161942",2175,54,218
1755750920,2025-08-21T04:35:20Z,N623FB,"33.709991,-112.162224",2175,57,201
1755750922,2025-08-21T04:35:22Z,N623FB,"33.709499,-112.162399",2175,61,193
1755750924,2025-08-21T04:35:24Z,N623FB,"33.708755,-112.16246",2175,64,178
1755750927,2025-08-21T04:35:27Z,N623FB,"33.708195,-112.162338",2175,65,165
1755750929,2025-08-21T04:35:29Z,N623FB,"33.707474,-112.161949",2150,71,148
1755750931,2025-08-21T04:35:31Z,N623FB,"33.706879,-112.161331",2150,74,136
1755750933,2025-08-21T04:35:33Z,N623FB,"33.706467,-112.160599",2125,75,122
1755750935,2025-08-21T04:35:35Z,N623FB,"33.706242,-112.159821",2150,73,106
1755750938,2025-08-21T04:35:38Z,N623FB,"33.706146,-112.158974",2150,72,93
1755750940,2025-08-21T04:35:40Z,N623FB,"33.706196,-112.158218",2175,73,78
1755750942,2025-08-21T04:35:42Z,N623FB,"33.706379,-112.157425",2175,72,68
1755750944,2025-08-21T04:35:44Z,N623FB,"33.706799,-112.156563",2175,69,50
1755750946,2025-08-21T04:35:46Z,N623FB,"33.707359,-112.15593",2175,70,41
1755750948,2025-08-21T04:35:48Z,N623FB,"33.707916,-112.155533",2175,69,27
1755750951,2025-08-21T04:35:51Z,N623FB,"33.708614,-112.15519",2175,68,16
1755750953,2025-08-21T04:35:53Z,N623FB,"33.709175,-112.155136",2175,68,2
1755750955,2025-08-21T04:35:55Z,N623FB,"33.709854,-112.155167",2175,65,350
1755750957,2025-08-21T04:35:57Z,N623FB,"33.710449,-112.155388",2175,64,338
1755750959,2025-08-21T04:35:59Z,N623FB,"33.711182,-112.155891",2200,63,323
1755750962,2025-08-21T04:36:02Z,N623FB,"33.711548,-112.156334",2200,62,307
1755750964,2025-08-21T04:36:04Z,N623FB,"33.711922,-112.157135",2200,61,296
1755750966,2025-08-21T04:36:06Z,N623FB,"33.712105,-112.157761",2225,62,287
1755750968,2025-08-21T04:36:08Z,N623FB,"33.712246,-112.158447",2200,64,280
1755750970,2025-08-21T04:36:10Z,N623FB,"33.712337,-112.159256",2200,65,275
1755750972,2025-08-21T04:36:12Z,N623FB,"33.712292,-112.159943",2200,65,265
1755750974,2025-08-21T04:36:14Z,N623FB,"33.712246,-112.160629",2200,65,256
1755750976,2025-08-21T04:36:16Z,N623FB,"33.712097,-112.161163",2200,65,248
1755750978,2025-08-21T04:36:18Z,N623FB,"33.711685,-112.162117",2200,65,238
1755750981,2025-08-21T04:36:21Z,N623FB,"33.711361,-112.162689",2200,65,229
1755750983,2025-08-21T04:36:23Z,N623FB,"33.710804,-112.163254",2200,65,220
1755750985,2025-08-21T04:36:25Z,N623FB,"33.710358,-112.163681",2200,65,211
1755750987,2025-08-21T04:36:27Z,N623FB,"33.709763,-112.164017",2200,64,204
1755750989,2025-08-21T04:36:29Z,N623FB,"33.708984,-112.164299",2200,65,194
1755750992,2025-08-21T04:36:32Z,N623FB,"33.708435,-112.164413",2200,65,183
1755750994,2025-08-21T04:36:34Z,N623FB,"33.707825,-112.164398",2225,65,175
1755750996,2025-08-21T04:36:36Z,N623FB,"33.707016,-112.164131",2225,66,161
1755750998,2025-08-21T04:36:38Z,N623FB,"33.706429,-112.163773",2225,66,150
1755751000,2025-08-21T04:36:40Z,N623FB,"33.705917,-112.163292",2225,67,139
1755751002,2025-08-21T04:36:42Z,N623FB,"33.705544,-112.162743",2250,67,126
1755751004,2025-08-21T04:36:44Z,N623FB,"33.705185,-112.162117",2250,65,116
1755751007,2025-08-21T04:36:47Z,N623FB,"33.704956,-112.16127",2250,65,106
1755751009,2025-08-21T04:36:49Z,N623FB,"33.7048,-112.160568",2275,65,99
1755751011,2025-08-21T04:36:51Z,N623FB,"33.70475,-112.159714",2275,67,90
1755751013,2025-08-21T04:36:53Z,N623FB,"33.704865,-112.158867",2275,67,81
1755751015,2025-08-21T04:36:55Z,N623FB,"33.705002,-112.158249",2275,67,71
1755751018,2025-08-21T04:36:58Z,N623FB,"33.705276,-112.157463",2275,69,58
1755751020,2025-08-21T04:37:00Z,N623FB,"33.705734,-112.156731",2250,69,48
1755751022,2025-08-21T04:37:02Z,N623FB,"33.706284,-112.156059",2250,69,38
1755751024,2025-08-21T04:37:04Z,N623FB,"33.706833,-112.15567",2250,68,29
1755751027,2025-08-21T04:37:07Z,N623FB,"33.707565,-112.15522",2250,69,22
1755751029,2025-08-21T04:37:09Z,N623FB,"33.708069,-112.154999",2250,70,18
1755751031,2025-08-21T04:37:11Z,N623FB,"33.708847,-112.15477",2225,69,14
1755751033,2025-08-21T04:37:13Z,N623FB,"33.709488,-112.154663",2225,68,5
1755751036,2025-08-21T04:37:16Z,N623FB,"33.710266,-112.154602",2225,68,357
1755751038,2025-08-21T04:37:18Z,N623FB,"33.710941,-112.154732",2225,65,347
1755751040,2025-08-21T04:37:20Z,N623FB,"33.711502,-112.154961",2225,63,334
1755751042,2025-08-21T04:37:22Z,N623FB,"33.712189,-112.155441",2225,62,323
1755751044,2025-08-21T04:37:24Z,N623FB,"33.712555,-112.155891",2225,61,311
1755751046,2025-08-21T04:37:26Z,N623FB,"33.712921,-112.156509",2225,61,300
1755751049,2025-08-21T04:37:29Z,N623FB,"33.713131,-112.157074",2225,62,288
1755751051,2025-08-21T04:37:31Z,N623FB,"33.713318,-112.157883",2200,62,279
1755751053,2025-08-21T04:37:33Z,N623FB,"33.713379,-112.158638",2200,63,273
1755751055,2025-08-21T04:37:35Z,N623FB,"33.713364,-112.159309",2225,63,265
1755751057,2025-08-21T04:37:37Z,N623FB,"33.713272,-112.16011",2225,63,256
1755751060,2025-08-21T04:37:40Z,N623FB,"33.713013,-112.161049",2225,64,248
1755751062,2025-08-21T04:37:42Z,N623FB,"33.712692,-112.161835",2225,65,239
1755751065,2025-08-21T04:37:45Z,N623FB,"33.712246,-112.162514",2225,66,230
1755751067,2025-08-21T04:37:47Z,N623FB,"33.711735,-112.163086",2225,65,221
1755751070,2025-08-21T04:37:50Z,N623FB,"33.710953,-112.163742",2225,67,208
1755751072,2025-08-21T04:37:52Z,N623FB,"33.710339,-112.164062",2225,68,199
1755751074,2025-08-21T04:37:54Z,N623FB,"33.709763,-112.164246",2225,70,190
1755751076,2025-08-21T04:37:56Z,N623FB,"33.70908,-112.164291",2225,72,182
1755751079,2025-08-21T04:37:59Z,N623FB,"33.708382,-112.164291",2225,73,174
1755751081,2025-08-21T04:38:01Z,N623FB,"33.70731,-112.16394",2250,74,162
1755751083,2025-08-21T04:38:03Z,N623FB,"33.706604,-112.163513",2250,76,150
1755751086,2025-08-21T04:38:06Z,N623FB,"33.705963,-112.162857",2250,78,136
1755751088,2025-08-21T04:38:08Z,N623FB,"33.705402,-112.162003",2250,79,124
1755751090,2025-08-21T04:38:10Z,N623FB,"33.70517,-112.161369",2250,81,112
1755751092,2025-08-21T04:38:12Z,N623FB,"33.704865,-112.160324",2250,81,104
1755751094,2025-08-21T04:38:14Z,N623FB,"33.704773,-112.159592",2250,80,93
1755751096,2025-08-21T04:38:16Z,N623FB,"33.70475,-112.158676",2275,79,83
1755751099,2025-08-21T04:38:19Z,N623FB,"33.704937,-112.157654",2275,79,73
1755751101,2025-08-21T04:38:21Z,N623FB,"33.705215,-112.156845",2300,78,61
1755751103,2025-08-21T04:38:23Z,N623FB,"33.70573,-112.155991",2300,78,48
1755751105,2025-08-21T04:38:25Z,N623FB,"33.706238,-112.155388",2300,77,38
1755751107,2025-08-21T04:38:27Z,N623FB,"33.706844,-112.154907",2300,76,27
1755751110,2025-08-21T04:38:30Z,N623FB,"33.707729,-112.154503",2300,75,16
1755751112,2025-08-21T04:38:32Z,N623FB,"33.708435,-112.15432",2300,73,6
1755751114,2025-08-21T04:38:34Z,N623FB,"33.70903,-112.154381",2325,71,352
1755751116,2025-08-21T04:38:36Z,N623FB,"33.709732,-112.154556",2325,70,342
1755751118,2025-08-21T04:38:38Z,N623FB,"33.710476,-112.154907",2325,68,334
1755751121,2025-08-21T04:38:41Z,N623FB,"33.71109,-112.155388",2325,65,323
1755751123,2025-08-21T04:38:43Z,N623FB,"33.711639,-112.155991",2350,63,310
1755751125,2025-08-21T04:38:45Z,N623FB,"33.712006,-112.156731",2350,62,300
1755751128,2025-08-21T04:38:48Z,N623FB,"33.712246,-112.157303",2350,60,290
1755751130,2025-08-21T04:38:50Z,N623FB,"33.712418,-112.158134",2350,60,281
1755751132,2025-08-21T04:38:52Z,N623FB,"33.712479,-112.158623",2350,60,272
1755751134,2025-08-21T04:38:54Z,N623FB,"33.712479,-112.159538",2350,62,268
1755751136,2025-08-21T04:38:56Z,N623FB,"33.712387,-112.160225",2325,64,257
1755751138,2025-08-21T04:38:58Z,N623FB,"33.712097,-112.161049",2300,64,246
1755751141,2025-08-21T04:39:01Z,N623FB,"33.711868,-112.161552",2300,64,238
1755751143,2025-08-21T04:39:03Z,N623FB,"33.711456,-112.162285",2275,62,231
1755751145,2025-08-21T04:39:05Z,N623FB,"33.71109,-112.162727",2300,59,222
1755751147,2025-08-21T04:39:07Z,N623FB,"33.710632,-112.163124",2300,59,213
1755751149,2025-08-21T04:39:09Z,N623FB,"33.709854,-112.163574",2275,60,203
1755751152,2025-08-21T04:39:12Z,N623FB,"33.709267,-112.163712",2275,61,192
1755751154,2025-08-21T04:39:14Z,N623FB,"33.70866,-112.163834",2250,61,180
1755751156,2025-08-21T04:39:16Z,N623FB,"33.708103,-112.163773",2250,60,170
1755751158,2025-08-21T04:39:18Z,N623FB,"33.707592,-112.163605",2250,61,160
1755751161,2025-08-21T04:39:21Z,N623FB,"33.706799,-112.1632",2225,62,149
1755751163,2025-08-21T04:39:23Z,N623FB,"33.706333,-112.162743",2225,63,140
1755751165,2025-08-21T04:39:25Z,N623FB,"33.705826,-112.162117",2225,63,132
1755751167,2025-08-21T04:39:27Z,N623FB,"33.705498,-112.161545",2225,64,120
1755751169,2025-08-21T04:39:29Z,N623FB,"33.705265,-112.160858",2225,63,108
1755751172,2025-08-21T04:39:32Z,N623FB,"33.705124,-112.160049",2200,61,98
1755751174,2025-08-21T04:39:34Z,N623FB,"33.705078,-112.159363",2200,62,87
1755751176,2025-08-21T04:39:36Z,N623FB,"33.705215,-112.158508",2200,63,78
1755751178,2025-08-21T04:39:38Z,N623FB,"33.705357,-112.157883",2200,64,67
1755751181,2025-08-21T04:39:41Z,N623FB,"33.705688,-112.157127",2175,64,57
1755751183,2025-08-21T04:39:43Z,N623FB,"33.706146,-112.156448",2175,63,48
1755751185,2025-08-21T04:39:45Z,N623FB,"33.706604,-112.155945",2175,63,39
1755751187,2025-08-21T04:39:47Z,N623FB,"33.707127,-112.155533",2175,62,32
1755751189,2025-08-21T04:39:49Z,N623FB,"33.707638,-112.155243",2175,61,21
1755751191,2025-08-21T04:39:51Z,N623FB,"33.70816,-112.155106",2150,61,12
1755751193,2025-08-21T04:39:53Z,N623FB,"33.708847,-112.154999",2150,60,9
1755751196,2025-08-21T04:39:56Z,N623FB,"33.709396,-112.155052",2150,58,351
1755751198,2025-08-21T04:39:58Z,N623FB,"33.710037,-112.155273",2150,56,342
1755751200,2025-08-21T04:40:00Z,N623FB,"33.710571,-112.155594",2125,54,327
1755751202,2025-08-21T04:40:02Z,N623FB,"33.710907,-112.155891",2125,54,318
1755751204,2025-08-21T04:40:04Z,N623FB,"33.711319,-112.156395",2125,53,309
1755751207,2025-08-21T04:40:07Z,N623FB,"33.711594,-112.156898",2125,54,303
1755751209,2025-08-21T04:40:09Z,N623FB,"33.711914,-112.157516",2125,55,294
1755751211,2025-08-21T04:40:11Z,N623FB,"33.712097,-112.158188",2100,56,286
1755751213,2025-08-21T04:40:13Z,N623FB,"33.712154,-112.158798",2100,57,274
1755751215,2025-08-21T04:40:15Z,N623FB,"33.712105,-112.159424",2100,60,258
1755751218,2025-08-21T04:40:18Z,N623FB,"33.711914,-112.160263",2075,64,245
1755751220,2025-08-21T04:40:20Z,N623FB,"33.711548,-112.160965",2075,69,236
1755751222,2025-08-21T04:40:22Z,N623FB,"33.711082,-112.161827",2050,71,232
1755751225,2025-08-21T04:40:25Z,N623FB,"33.710663,-112.16246",2050,73,230
1755751227,2025-08-21T04:40:27Z,N623FB,"33.710152,-112.163147",2050,76,228
1755751230,2025-08-21T04:40:30Z,N623FB,"33.709545,-112.16394",2025,77,227
1755751232,2025-08-21T04:40:32Z,N623FB,"33.708893,-112.164749",2025,79,226
1755751234,2025-08-21T04:40:34Z,N623FB,"33.708435,-112.165306",2025,79,225
1755751236,2025-08-21T04:40:36Z,N623FB,"33.707794,-112.166092",2025,81,225
1755751238,2025-08-21T04:40:38Z,N623FB,"33.707127,-112.166916",2025,82,225
1755751241,2025-08-21T04:40:41Z,N623FB,"33.706429,-112.167725",2000,82,225
1755751243,2025-08-21T04:40:43Z,N623FB,"33.70573,-112.16864",2000,83,227
1755751245,2025-08-21T04:40:45Z,N623FB,"33.705276,-112.169289",2000,82,228
1755751248,2025-08-21T04:40:48Z,N623FB,"33.704891,-112.169785",2000,82,229
1755751250,2025-08-21T04:40:50Z,N623FB,"33.704178,-112.170799",2000,82,229
1755751259,2025-08-21T04:40:59Z,N623FB,"33.701912,-112.173843",2000,82,225
1755751268,2025-08-21T04:41:08Z,N623FB,"33.699444,-112.17688",2000,80,227
1755751276,2025-08-21T04:41:16Z,N623FB,"33.697586,-112.179489",2025,75,228
1755751281,2025-08-21T04:41:21Z,N623FB,"33.696419,-112.180939",2000,74,224
1755751283,2025-08-21T04:41:23Z,N623FB,"33.695766,-112.181625",2000,75,221
1755751286,2025-08-21T04:41:26Z,N623FB,"33.695297,-112.182129",2000,75,220
1755751292,2025-08-21T04:41:32Z,N623FB,"33.693485,-112.183975",1975,75,221
1755751294,2025-08-21T04:41:34Z,N623FB,"33.692917,-112.184532",1975,75,218
1755751297,2025-08-21T04:41:37Z,N623FB,"33.692413,-112.184998",1975,76,213
1755751299,2025-08-21T04:41:39Z,N623FB,"33.691483,-112.185684",1950,77,209
1755751301,2025-08-21T04:41:41Z,N623FB,"33.690857,-112.18605",1950,76,204
1755751303,2025-08-21T04:41:43Z,N623FB,"33.690182,-112.186432",1950,75,200
1755751305,2025-08-21T04:41:45Z,N623FB,"33.689575,-112.186668",1950,75,197
1755751308,2025-08-21T04:41:48Z,N623FB,"33.688614,-112.18689",1975,75,189
1755751310,2025-08-21T04:41:50Z,N623FB,"33.687698,-112.187057",1975,75,188
1755751313,2025-08-21T04:41:53Z,N623FB,"33.687057,-112.187172",1975,75,186
1755751315,2025-08-21T04:41:55Z,N623FB,"33.686188,-112.187225",1975,75,184
1755751317,2025-08-21T04:41:57Z,N623FB,"33.685455,-112.18734",1975,75,184
1755751319,2025-08-21T04:41:59Z,N623FB,"33.684826,-112.187347",1975,75,184
1755751321,2025-08-21T04:42:01Z,N623FB,"33.683945,-112.187447",2000,75,184
1755751324,2025-08-21T04:42:04Z,N623FB,"33.68306,-112.187515",2000,75,183
1755751326,2025-08-21T04:42:06Z,N623FB,"33.682388,-112.187561",2000,75,183
1755751328,2025-08-21T04:42:08Z,N623FB,"33.681564,-112.187622",2000,75,182
1755751330,2025-08-21T04:42:10Z,N623FB,"33.680824,-112.187637",2000,75,182
1755751333,2025-08-21T04:42:13Z,N623FB,"33.680099,-112.187675",2025,75,181
1755751335,2025-08-21T04:42:15Z,N623FB,"33.679092,-112.187729",2025,75,181
1755751337,2025-08-21T04:42:17Z,N623FB,"33.678402,-112.187744",2025,76,181
1755751340,2025-08-21T04:42:20Z,N623FB,"33.677444,-112.18779",2025,76,181
1755751342,2025-08-21T04:42:22Z,N623FB,"33.676914,-112.187805",2025,76,181
1755751348,2025-08-21T04:42:28Z,N623FB,"33.674469,-112.187843",2025,78,179
1755751351,2025-08-21T04:42:31Z,N623FB,"33.67347,-112.187805",2025,78,179
1755751359,2025-08-21T04:42:39Z,N623FB,"33.670395,-112.187843",2025,80,182
1755751366,2025-08-21T04:42:46Z,N623FB,"33.667927,-112.188034",2025,80,184
1755751373,2025-08-21T04:42:53Z,N623FB,"33.665367,-112.188202",2025,80,182
1755751380,2025-08-21T04:43:00Z,N623FB,"33.662853,-112.188263",2050,79,180
1755751387,2025-08-21T04:43:07Z,N623FB,"33.660187,-112.188293",2050,80,180
1755751394,2025-08-21T04:43:14Z,N623FB,"33.657547,-112.188263",2050,81,179
1755751403,2025-08-21T04:43:23Z,N623FB,"33.654144,-112.188232",2050,80,180
1755751410,2025-08-21T04:43:30Z,N623FB,"33.65173,-112.188263",2050,80,181
1755751418,2025-08-21T04:43:38Z,N623FB,"33.648468,-112.188431",2050,81,182
1755751425,2025-08-21T04:43:45Z,N623FB,"33.646088,-112.188461",2050,81,180
1755751434,2025-08-21T04:43:54Z,N623FB,"33.642563,-112.188347",2025,83,176
1755751436,2025-08-21T04:43:56Z,N623FB,"33.641785,-112.188293",2025,83,176
1755751438,2025-08-21T04:43:58Z,N623FB,"33.640961,-112.188232",2025,83,176
1755751440,2025-08-21T04:44:00Z,N623FB,"33.640228,-112.188202",2025,83,176
1755751442,2025-08-21T04:44:02Z,N623FB,"33.639206,-112.188095",2025,83,176
1755751444,2025-08-21T04:44:04Z,N623FB,"33.638489,-112.188065",2025,83,176
1755751447,2025-08-21T04:44:07Z,N623FB,"33.637711,-112.188011",2025,83,176
1755751449,2025-08-21T04:44:09Z,N623FB,"33.636932,-112.187958",2025,83,175
1755751451,2025-08-21T04:44:11Z,N623FB,"33.636017,-112.187843",2025,84,175
1755751457,2025-08-21T04:44:17Z,N623FB,"33.633636,-112.187675",2000,85,177
1755751466,2025-08-21T04:44:26Z,N623FB,"33.62999,-112.187637",2000,84,180
1755751470,2025-08-21T04:44:30Z,N623FB,"33.628418,-112.187675",2000,84,181
1755751479,2025-08-21T04:44:39Z,N623FB,"33.625168,-112.187675",2000,83,179
1755751488,2025-08-21T04:44:48Z,N623FB,"33.621597,-112.187622",1975,82,180
1755751497,2025-08-21T04:44:57Z,N623FB,"33.618351,-112.187691",1975,79,182
1755751503,2025-08-21T04:45:03Z,N623FB,"33.616207,-112.187805",1975,78,181
1755751512,2025-08-21T04:45:12Z,N623FB,"33.612995,-112.187866",1950,80,180
1755751519,2025-08-21T04:45:19Z,N623FB,"33.610382,-112.187897",1950,78,180
1755751525,2025-08-21T04:45:25Z,N623FB,"33.607956,-112.18779",1975,77,174
1755751527,2025-08-21T04:45:27Z,N623FB,"33.607269,-112.187691",1950,78,171
1755751529,2025-08-21T04:45:29Z,N623FB,"33.606537,-112.187508",1950,79,169
1755751531,2025-08-21T04:45:31Z,N623FB,"33.605782,-112.187286",1950,80,165
1755751534,2025-08-21T04:45:34Z,N623FB,"33.604889,-112.186943",1950,81,160
1755751536,2025-08-21T04:45:36Z,N623FB,"33.604156,-112.186668",1925,82,157
1755751538,2025-08-21T04:45:38Z,N623FB,"33.603268,-112.186203",1925,82,154
1755751540,2025-08-21T04:45:40Z,N623FB,"33.602615,-112.185745",1925,81,151
1755751543,2025-08-21T04:45:43Z,N623FB,"33.601963,-112.185287",1925,81,149
1755751545,2025-08-21T04:45:45Z,N623FB,"33.601128,-112.184715",1925,80,148
1755751547,2025-08-21T04:45:47Z,N623FB,"33.600567,-112.184311",1925,79,148
1755751549,2025-08-21T04:45:49Z,N623FB,"33.599625,-112.183693",1925,79,151
1755751552,2025-08-21T04:45:52Z,N623FB,"33.598938,-112.183411",1925,79,167
1755751554,2025-08-21T04:45:54Z,N623FB,"33.597916,-112.183395",1925,82,185
1755751557,2025-08-21T04:45:57Z,N623FB,"33.597168,-112.183624",1900,86,197
1755751559,2025-08-21T04:45:59Z,N623FB,"33.596378,-112.183975",1900,91,201
1755751561,2025-08-21T04:46:01Z,N623FB,"33.595306,-112.184433",1900,93,201
1755751563,2025-08-21T04:46:03Z,N623FB,"33.594517,-112.18483",1900,97,201
1755751565,2025-08-21T04:46:05Z,N623FB,"33.593628,-112.185265",1900,99,201
1755751567,2025-08-21T04:46:07Z,N623FB,"33.592606,-112.185684",1900,101,200
1755751570,2025-08-21T04:46:10Z,N623FB,"33.59166,-112.186104",1900,103,200
1755751572,2025-08-21T04:46:12Z,N623FB,"33.590511,-112.1866",1900,104,200
1755751574,2025-08-21T04:46:14Z,N623FB,"33.589645,-112.187004",1900,105,199
1755751576,2025-08-21T04:46:16Z,N623FB,"33.588547,-112.187447",1900,106,198
1755751578,2025-08-21T04:46:18Z,N623FB,"33.587402,-112.187897",1900,107,197
1755751581,2025-08-21T04:46:21Z,N623FB,"33.586441,-112.188232",1900,108,196
1755751583,2025-08-21T04:46:23Z,N623FB,"33.585114,-112.18866",1900,108,195
1755751587,2025-08-21T04:46:27Z,N623FB,"33.583191,-112.189301",1875,110,194
1755751589,2025-08-21T04:46:29Z,N623FB,"33.582039,-112.189636",1875,110,193
1755751591,2025-08-21T04:46:31Z,N623FB,"33.581062,-112.189865",1875,110,192
1755751594,2025-08-21T04:46:34Z,N623FB,"33.580036,-112.190155",1875,111,191
1755751596,2025-08-21T04:46:36Z,N623FB,"33.578796,-112.190475",1875,110,192
1755751598,2025-08-21T04:46:38Z,N623FB,"33.577755,-112.19072",1875,109,192
1755751600,2025-08-21T04:46:40Z,N623FB,"33.576546,-112.191071",1875,108,192
1755751602,2025-08-21T04:46:42Z,N623FB,"33.576004,-112.191208",1900,108,192
1755751605,2025-08-21T04:46:45Z,N623FB,"33.574593,-112.191582",1900,109,191
1755751607,2025-08-21T04:46:47Z,N623FB,"33.573475,-112.191864",1900,109,192
1755751614,2025-08-21T04:46:54Z,N623FB,"33.570122,-112.19278",1900,108,192
1755751620,2025-08-21T04:47:00Z,N623FB,"33.566895,-112.193619",1900,107,192
1755751629,2025-08-21T04:47:09Z,N623FB,"33.562729,-112.194908",1900,108,197
1755751631,2025-08-21T04:47:11Z,N623FB,"33.561604,-112.195358",1900,109,198
1755751633,2025-08-21T04:47:13Z,N623FB,"33.560623,-112.195747",1900,108,198
1755751635,2025-08-21T04:47:15Z,N623FB,"33.559662,-112.196136",1900,109,199
1755751637,2025-08-21T04:47:17Z,N623FB,"33.558701,-112.196587",1900,109,199
1755751639,2025-08-21T04:47:19Z,N623FB,"33.557465,-112.197144",1900,109,200
1755751642,2025-08-21T04:47:22Z,N623FB,"33.556576,-112.197533",1900,109,201
1755751644,2025-08-21T04:47:24Z,N623FB,"33.555412,-112.198044",1900,109,200
1755751646,2025-08-21T04:47:26Z,N623FB,"33.554482,-112.198502",1925,107,201
1755751648,2025-08-21T04:47:28Z,N623FB,"33.553551,-112.198959",1925,108,201
1755751651,2025-08-21T04:47:31Z,N623FB,"33.552475,-112.199448",1925,108,201
1755751653,2025-08-21T04:47:33Z,N623FB,"33.551315,-112.199997",1925,107,201
1755751655,2025-08-21T04:47:35Z,N623FB,"33.550289,-112.200455",1925,108,202
1755751659,2025-08-21T04:47:39Z,N623FB,"33.54829,-112.201477",1925,109,203
1755751662,2025-08-21T04:47:42Z,N623FB,"33.547264,-112.202057",1925,109,204
1755751664,2025-08-21T04:47:44Z,N623FB,"33.546242,-112.202568",1925,109,203
1755751666,2025-08-21T04:47:46Z,N623FB,"33.545029,-112.203255",1925,109,204
1755751674,2025-08-21T04:47:54Z,N623FB,"33.541492,-112.205139",1950,110,204
1755751681,2025-08-21T04:48:01Z,N623FB,"33.538147,-112.206772",1950,107,197
1755751683,2025-08-21T04:48:03Z,N623FB,"33.536865,-112.207108",1975,109,188
1755751686,2025-08-21T04:48:06Z,N623FB,"33.535812,-112.207184",1975,111,181
1755751688,2025-08-21T04:48:08Z,N623FB,"33.534744,-112.207123",1950,113,176
1755751690,2025-08-21T04:48:10Z,N623FB,"33.533661,-112.206993",1925,114,174
1755751692,2025-08-21T04:48:12Z,N623FB,"33.532322,-112.206787",1900,114,172
1755751694,2025-08-21T04:48:14Z,N623FB,"33.531326,-112.206665",1950,113,171
1755751697,2025-08-21T04:48:17Z,N623FB,"33.530041,-112.206398",1950,113,170
1755751699,2025-08-21T04:48:19Z,N623FB,"33.5289,-112.206169",1925,115,169
1755751701,2025-08-21T04:48:21Z,N623FB,"33.527985,-112.205948",1900,117,168
1755751703,2025-08-21T04:48:23Z,N623FB,"33.526474,-112.205566",1850,118,168
1755751705,2025-08-21T04:48:25Z,N623FB,"33.525337,-112.205276",1825,116,168
1755751708,2025-08-21T04:48:28Z,N623FB,"33.524368,-112.20507",1775,112,169
1755751710,2025-08-21T04:48:30Z,N623FB,"33.523315,-112.204849",1775,109,171
1755751712,2025-08-21T04:48:32Z,N623FB,"33.522125,-112.204659",1750,104,169
1755751714,2025-08-21T04:48:34Z,N623FB,"33.521118,-112.204361",1750,101,163
1755751716,2025-08-21T04:48:36Z,N623FB,"33.520294,-112.203918",1750,92,145
1755751718,2025-08-21T04:48:38Z,N623FB,"33.519611,-112.203148",1775,86,128
1755751721,2025-08-21T04:48:41Z,N623FB,"33.519287,-112.202301",1775,80,106
1755751723,2025-08-21T04:48:43Z,N623FB,"33.519287,-112.201279",1800,75,79
1755751725,2025-08-21T04:48:45Z,N623FB,"33.519699,-112.200455",1825,69,50
1755751727,2025-08-21T04:48:47Z,N623FB,"33.519974,-112.200241",1825,68,25
1755751729,2025-08-21T04:48:49Z,N623FB,"33.52087,-112.19989",1825,67,4
1755751732,2025-08-21T04:48:52Z,N623FB,"33.521484,-112.20002",1800,63,341
1755751734,2025-08-21T04:48:54Z,N623FB,"33.521942,-112.20034",1775,58,318
1755751736,2025-08-21T04:48:56Z,N623FB,"33.5224,-112.201065",1750,58,298
1755751738,2025-08-21T04:48:58Z,N623FB,"33.522499,-112.20163",1750,59,279
1755751740,2025-08-21T04:49:00Z,N623FB,"33.522491,-112.202271",1725,59,262
1755751742,2025-08-21T04:49:02Z,N623FB,"33.522217,-112.203041",1725,55,239
1755751745,2025-08-21T04:49:05Z,N623FB,"33.521893,-112.203484",1725,56,217
1755751747,2025-08-21T04:49:07Z,N623FB,"33.521381,-112.203819",1725,57,199
1755751749,2025-08-21T04:49:09Z,N623FB,"33.520683,-112.203987",1700,60,187
1755751751,2025-08-21T04:49:11Z,N623FB,"33.520203,-112.204086",1675,64,189
1755751754,2025-08-21T04:49:14Z,N623FB,"33.519424,-112.2043",1650,72,196
1755751756,2025-08-21T04:49:16Z,N623FB,"33.518589,-112.204659",1625,76,201
1755751758,2025-08-21T04:49:18Z,N623FB,"33.517937,-112.204994",1650,79,203
1755751760,2025-08-21T04:49:20Z,N623FB,"33.517044,-112.205399",1650,80,201
1755751762,2025-08-21T04:49:22Z,N623FB,"33.516682,-112.205612",1675,81,203
1755751764,2025-08-21T04:49:24Z,N623FB,"33.515671,-112.206116",1675,82,202
1755751767,2025-08-21T04:49:27Z,N623FB,"33.514938,-112.206497",1675,82,204
1755751769,2025-08-21T04:49:29Z,N623FB,"33.514252,-112.206886",1675,81,205
1755751771,2025-08-21T04:49:31Z,N623FB,"33.513561,-112.207237",1675,80,204
1755751773,2025-08-21T04:49:33Z,N623FB,"33.512741,-112.20771",1700,82,204
1755751775,2025-08-21T04:49:35Z,N623FB,"33.51207,-112.208076",1700,84,204
1755751777,2025-08-21T04:49:37Z,N623FB,"33.511234,-112.208527",1725,85,204
1755751780,2025-08-21T04:49:40Z,N623FB,"33.510395,-112.208977",1725,86,204
1755751782,2025-08-21T04:49:42Z,N623FB,"33.509697,-112.209366",1750,86,205
1755751789,2025-08-21T04:49:49Z,N623FB,"33.507137,-112.210876",1775,86,207
1755751791,2025-08-21T04:49:51Z,N623FB,"33.506378,-112.211388",1750,90,209
1755751793,2025-08-21T04:49:53Z,N623FB,"33.505463,-112.211998",1750,92,212
1755751795,2025-08-21T04:49:55Z,N623FB,"33.504765,-112.212563",1750,92,213
1755751797,2025-08-21T04:49:57Z,N623FB,"33.503998,-112.213203",1750,93,215
1755751800,2025-08-21T04:50:00Z,N623FB,"33.503319,-112.213737",1750,91,215
1755751802,2025-08-21T04:50:02Z,N623FB,"33.502487,-112.214523",1775,90,215
1755751804,2025-08-21T04:50:04Z,N623FB,"33.50169,-112.215195",1800,89,217
1755751806,2025-08-21T04:50:06Z,N623FB,"33.501133,-112.215759",1800,87,220
1755751808,2025-08-21T04:50:08Z,N623FB,"33.500427,-112.216499",1775,87,224
1755751810,2025-08-21T04:50:10Z,N623FB,"33.499832,-112.21727",1800,87,227
1755751812,2025-08-21T04:50:12Z,N623FB,"33.499317,-112.217941",1775,86,227
1755751814,2025-08-21T04:50:14Z,N623FB,"33.498852,-112.218559",1775,84,226
1755751816,2025-08-21T04:50:16Z,N623FB,"33.498104,-112.21946",1775,83,224
1755751819,2025-08-21T04:50:19Z,N623FB,"33.497547,-112.220016",1775,81,218
1755751823,2025-08-21T04:50:23Z,N623FB,"33.49601,-112.221138",1775,78,204
1755751826,2025-08-21T04:50:26Z,N623FB,"33.495392,-112.221443",1775,78,199
1755751828,2025-08-21T04:50:28Z,N623FB,"33.494522,-112.221756",1750,78,196
1755751830,2025-08-21T04:50:30Z,N623FB,"33.493698,-112.221992",1750,78,193
1755751832,2025-08-21T04:50:32Z,N623FB,"33.493011,-112.222153",1725,77,190
1755751835,2025-08-21T04:50:35Z,N623FB,"33.492054,-112.222374",1750,77,189
1755751837,2025-08-21T04:50:37Z,N623FB,"33.491215,-112.222481",1725,76,186
1755751839,2025-08-21T04:50:39Z,N623FB,"33.490448,-112.222595",1725,74,186
1755751841,2025-08-21T04:50:41Z,N623FB,"33.489819,-112.22271",1700,72,186
1755751843,2025-08-21T04:50:43Z,N623FB,"33.489212,-112.222763",1700,70,186
1755751845,2025-08-21T04:50:45Z,N623FB,"33.488518,-112.222878",1700,67,185
1755751847,2025-08-21T04:50:47Z,N623FB,"33.487839,-112.222923",1700,66,186
1755751849,2025-08-21T04:50:49Z,N623FB,"33.487244,-112.222977",1700,65,184
1755751851,2025-08-21T04:50:51Z,N623FB,"33.486694,-112.223038",1700,64,185
1755751854,2025-08-21T04:50:54Z,N623FB,"33.486004,-112.223099",1700,64,185
1755751856,2025-08-21T04:50:56Z,N623FB,"33.485306,-112.223213",1700,64,185
1755751858,2025-08-21T04:50:58Z,N623FB,"33.484558,-112.223267",1675,64,182
1755751860,2025-08-21T04:51:00Z,N623FB,"33.483994,-112.223312",1675,65,182
1755751862,2025-08-21T04:51:02Z,N623FB,"33.483395,-112.223328",1650,64,181
1755751864,2025-08-21T04:51:04Z,N623FB,"33.482758,-112.223366",1650,64,182
1755751869,2025-08-21T04:51:09Z,N623FB,"33.481441,-112.223381",1650,62,181
1755751871,2025-08-21T04:51:11Z,N623FB,"33.480881,-112.223381",1650,58,173
1755751873,2025-08-21T04:51:13Z,N623FB,"33.480331,-112.223198",1625,55,156
1755751876,2025-08-21T04:51:16Z,N623FB,"33.479904,-112.222763",1625,54,129
1755751878,2025-08-21T04:51:18Z,N623FB,"33.47958,-112.222092",1625,58,105
1755751880,2025-08-21T04:51:20Z,N623FB,"33.479553,-112.221275",1625,63,88
1755751882,2025-08-21T04:51:22Z,N623FB,"33.479691,-112.220566",1625,67,69
1755751884,2025-08-21T04:51:24Z,N623FB,"33.479996,-112.219902",1625,71,55
1755751886,2025-08-21T04:51:26Z,N623FB,"33.480511,-112.219231",1625,76,40
1755751889,2025-08-21T04:51:29Z,N623FB,"33.481155,-112.21875",1650,83,27
1755751891,2025-08-21T04:51:31Z,N623FB,"33.482025,-112.218254",1650,89,20
1755751893,2025-08-21T04:51:33Z,N623FB,"33.483078,-112.217873",1650,92,17
1755751895,2025-08-21T04:51:35Z,N623FB,"33.48381,-112.217598",1650,95,16
1755751897,2025-08-21T04:51:37Z,N623FB,"33.484745,-112.21727",1675,98,16
1755751899,2025-08-21T04:51:39Z,N623FB,"33.48555,-112.216934",1675,98,18
1755751901,2025-08-21T04:51:41Z,N623FB,"33.486561,-112.216545",1700,101,17
1755751904,2025-08-21T04:51:44Z,N623FB,"33.487518,-112.216171",1725,102,20
1755751906,2025-08-21T04:51:46Z,N623FB,"33.488564,-112.215698",1725,105,20
1755751908,2025-08-21T04:51:48Z,N623FB,"33.489532,-112.215233",1750,107,20
1755751910,2025-08-21T04:51:50Z,N623FB,"33.490723,-112.214684",1775,109,21
1755751913,2025-08-21T04:51:53Z,N623FB,"33.491634,-112.214188",1775,110,22
1755751915,2025-08-21T04:51:55Z,N623FB,"33.492828,-112.213585",1800,112,24
1755751917,2025-08-21T04:51:57Z,N623FB,"33.493729,-112.21312",1800,114,22
1755751923,2025-08-21T04:52:03Z,N623FB,"33.496941,-112.211494",1825,118,23
1755751926,2025-08-21T04:52:06Z,N623FB,"33.498001,-112.210953",1850,118,23
1755751928,2025-08-21T04:52:08Z,N623FB,"33.499329,-112.210236",1850,118,24
1755751930,2025-08-21T04:52:10Z,N623FB,"33.500061,-112.209869",1875,118,24
1755751932,2025-08-21T04:52:12Z,N623FB,"33.501553,-112.20903",1875,119,25
1755751937,2025-08-21T04:52:17Z,N623FB,"33.503586,-112.20787",1875,124,25
1755751941,2025-08-21T04:52:21Z,N623FB,"33.506065,-112.206451",1900,127,27
1755751943,2025-08-21T04:52:23Z,N623FB,"33.506996,-112.205894",1900,128,27
1755751948,2025-08-21T04:52:28Z,N623FB,"33.509583,-112.204193",1900,128,29
1755751950,2025-08-21T04:52:30Z,N623FB,"33.510727,-112.203423",1900,128,28
1755751952,2025-08-21T04:52:32Z,N623FB,"33.5117,-112.202751",1900,127,29
1755751954,2025-08-21T04:52:34Z,N623FB,"33.513004,-112.201859",1900,127,29
1755751956,2025-08-21T04:52:36Z,N623FB,"33.513748,-112.201408",1900,125,29
1755751958,2025-08-21T04:52:38Z,N623FB,"33.515049,-112.200508",1900,123,30
1755751960,2025-08-21T04:52:40Z,N623FB,"33.515842,-112.199951",1900,122,30
1755751963,2025-08-21T04:52:43Z,N623FB,"33.517006,-112.199112",1900,121,30
1755751965,2025-08-21T04:52:45Z,N623FB,"33.518188,-112.198257",1900,119,31
1755751967,2025-08-21T04:52:47Z,N623FB,"33.519054,-112.197594",1900,119,31
1755751976,2025-08-21T04:52:56Z,N623FB,"33.52327,-112.194527",1900,119,31
1755751980,2025-08-21T04:53:00Z,N623FB,"33.525238,-112.192986",1900,120,33
1755751989,2025-08-21T04:53:09Z,N623FB,"33.529064,-112.190025",1900,122,33
1755751995,2025-08-21T04:53:15Z,N623FB,"33.532196,-112.187607",1925,120,32
1755752004,2025-08-21T04:53:24Z,N623FB,"33.536453,-112.184418",1925,121,31
1755752012,2025-08-21T04:53:32Z,N623FB,"33.540703,-112.181282",1975,123,31
1755752019,2025-08-21T04:53:39Z,N623FB,"33.544144,-112.178871",2000,124,29
1755752026,2025-08-21T04:53:46Z,N623FB,"33.547543,-112.17659",2000,126,29
1755752035,2025-08-21T04:53:55Z,N623FB,"33.551834,-112.173607",2025,124,29
1755752042,2025-08-21T04:54:02Z,N623FB,"33.555317,-112.171265",2025,125,29
1755752051,2025-08-21T04:54:11Z,N623FB,"33.559929,-112.168236",2025,126,27
1755752057,2025-08-21T04:54:17Z,N623FB,"33.563416,-112.166153",2050,126,26
1755752066,2025-08-21T04:54:26Z,N623FB,"33.567719,-112.163574",2075,126,26
1755752072,2025-08-21T04:54:32Z,N623FB,"33.571289,-112.161331",2075,126,28
1755752081,2025-08-21T04:54:41Z,N623FB,"33.575684,-112.158417",2100,125,28
1755752087,2025-08-21T04:54:47Z,N623FB,"33.57906,-112.156158",2125,123,29
1755752094,2025-08-21T04:54:54Z,N623FB,"33.582275,-112.154099",2125,124,28
1755752103,2025-08-21T04:55:03Z,N623FB,"33.586788,-112.151123",2125,125,28
1755752109,2025-08-21T04:55:09Z,N623FB,"33.590092,-112.149063",2125,125,27
1755752118,2025-08-21T04:55:18Z,N623FB,"33.594654,-112.146263",2100,126,26
1755752127,2025-08-21T04:55:27Z,N623FB,"33.599171,-112.143631",2125,124,26
1755752133,2025-08-21T04:55:33Z,N623FB,"33.602554,-112.141655",2125,124,25
1755752142,2025-08-21T04:55:42Z,N623FB,"33.606945,-112.139168",2100,123,25
1755752150,2025-08-21T04:55:50Z,N623FB,"33.611553,-112.136475",2100,122,26
1755752157,2025-08-21T04:55:57Z,N623FB,"33.614906,-112.134476",2100,122,26
1755752165,2025-08-21T04:56:05Z,N623FB,"33.618896,-112.132011",2100,120,28
1755752172,2025-08-21T04:56:12Z,N623FB,"33.622467,-112.129715",2100,122,27
1755752180,2025-08-21T04:56:20Z,N623FB,"33.626633,-112.127136",2050,123,27
1755752187,2025-08-21T04:56:27Z,N623FB,"33.629883,-112.125122",2075,123,27
1755752196,2025-08-21T04:56:36Z,N623FB,"33.63446,-112.122314",2050,122,26
1755752202,2025-08-21T04:56:42Z,N623FB,"33.637802,-112.120186",2025,124,30
1755752205,2025-08-21T04:56:45Z,N623FB,"33.638718,-112.119514",2000,124,34
1755752207,2025-08-21T04:56:47Z,N623FB,"33.63995,-112.118393",2025,123,38
1755752209,2025-08-21T04:56:49Z,N623FB,"33.640835,-112.117371",2025,122,45
1755752211,2025-08-21T04:56:51Z,N623FB,"33.641579,-112.116394",2000,120,50
1755752214,2025-08-21T04:56:54Z,N623FB,"33.642517,-112.114975",2000,118,52
1755752216,2025-08-21T04:56:56Z,N623FB,"33.643158,-112.113907",1975,115,53
1755752218,2025-08-21T04:56:58Z,N623FB,"33.643955,-112.112671",2000,111,54
1755752220,2025-08-21T04:57:00Z,N623FB,"33.644531,-112.11161",2000,107,54
1755752223,2025-08-21T04:57:03Z,N623FB,"33.645073,-112.110733",2025,104,55
1755752225,2025-08-21T04:57:05Z,N623FB,"33.645721,-112.109589",2025,101,55
1755752227,2025-08-21T04:57:07Z,N623FB,"33.646362,-112.108414",2025,99,55
1755752229,2025-08-21T04:57:09Z,N623FB,"33.646912,-112.107574",2025,97,54
1755752231,2025-08-21T04:57:11Z,N623FB,"33.647491,-112.106667",2050,94,49
1755752234,2025-08-21T04:57:14Z,N623FB,"33.648239,-112.105728",2050,93,43
1755752236,2025-08-21T04:57:16Z,N623FB,"33.648926,-112.10511",2050,92,32
1755752238,2025-08-21T04:57:18Z,N623FB,"33.649796,-112.104492",2050,91,26
1755752240,2025-08-21T04:57:20Z,N623FB,"33.650574,-112.104156",2050,88,19
1755752242,2025-08-21T04:57:22Z,N623FB,"33.651398,-112.103935",2050,86,8
1755752245,2025-08-21T04:57:25Z,N623FB,"33.652267,-112.103821",2075,85,357
1755752247,2025-08-21T04:57:27Z,N623FB,"33.653358,-112.104034",2075,82,345
1755752249,2025-08-21T04:57:29Z,N623FB,"33.654011,-112.104324",2100,80,334
1755752251,2025-08-21T04:57:31Z,N623FB,"33.654739,-112.104942",2100,76,320
1755752254,2025-08-21T04:57:34Z,N623FB,"33.655174,-112.105522",2100,72,303
1755752256,2025-08-21T04:57:36Z,N623FB,"33.655499,-112.106262",2100,67,288
1755752258,2025-08-21T04:57:38Z,N623FB,"33.655655,-112.107239",2125,65,278
1755752260,2025-08-21T04:57:40Z,N623FB,"33.655701,-112.107857",2125,65,266
1755752262,2025-08-21T04:57:42Z,N623FB,"33.655594,-112.108727",2100,66,259
1755752265,2025-08-21T04:57:45Z,N623FB,"33.655426,-112.109482",2100,65,250
1755752267,2025-08-21T04:57:47Z,N623FB,"33.655079,-112.110275",2075,64,236
1755752269,2025-08-21T04:57:49Z,N623FB,"33.654648,-112.110825",2075,64,221
1755752271,2025-08-21T04:57:51Z,N623FB,"33.654194,-112.11113",2075,64,210
1755752273,2025-08-21T04:57:53Z,N623FB,"33.653549,-112.111443",2075,62,196
1755752275,2025-08-21T04:57:55Z,N623FB,"33.653,-112.111496",2050,62,181
1755752277,2025-08-21T04:57:57Z,N623FB,"33.652428,-112.11142",2050,60,165
1755752280,2025-08-21T04:58:00Z,N623FB,"33.651855,-112.11116",2050,61,155
1755752282,2025-08-21T04:58:02Z,N623FB,"33.651264,-112.110672",2025,61,140
1755752284,2025-08-21T04:58:04Z,N623FB,"33.650894,-112.110153",2025,61,129
1755752286,2025-08-21T04:58:06Z,N623FB,"33.650658,-112.109467",2025,63,108
1755752288,2025-08-21T04:58:08Z,N623FB,"33.650574,-112.10881",2025,64,90
1755752290,2025-08-21T04:58:10Z,N623FB,"33.650658,-112.107925",2025,64,78
1755752293,2025-08-21T04:58:13Z,N623FB,"33.650936,-112.1073",2000,65,57
1755752295,2025-08-21T04:58:15Z,N623FB,"33.651398,-112.106682",2025,65,45
1755752297,2025-08-21T04:58:17Z,N623FB,"33.651821,-112.106323",2025,64,24
1755752299,2025-08-21T04:58:19Z,N623FB,"33.652588,-112.106117",2025,65,7
1755752301,2025-08-21T04:58:21Z,N623FB,"33.653229,-112.106117",2000,68,357
1755752303,2025-08-21T04:58:23Z,N623FB,"33.653778,-112.106232",2000,69,344
1755752305,2025-08-21T04:58:25Z,N623FB,"33.654419,-112.106567",2000,66,330
1755752308,2025-08-21T04:58:28Z,N623FB,"33.654968,-112.107124",1975,64,311
1755752310,2025-08-21T04:58:30Z,N623FB,"33.655312,-112.107758",1975,64,295
1755752312,2025-08-21T04:58:32Z,N623FB,"33.655563,-112.108528",1975,65,285
1755752314,2025-08-21T04:58:34Z,N623FB,"33.655685,-112.109299",1950,65,279
1755752316,2025-08-21T04:58:36Z,N623FB,"33.655746,-112.109985",1950,65,275
1755752319,2025-08-21T04:58:39Z,N623FB,"33.655777,-112.111015",1950,64,269
1755752321,2025-08-21T04:58:41Z,N623FB,"33.655701,-112.111496",1950,61,253
1755752323,2025-08-21T04:58:43Z,N623FB,"33.655407,-112.112335",1950,59,238
1755752325,2025-08-21T04:58:45Z,N623FB,"33.655125,-112.112671",1950,56,215
1755752327,2025-08-21T04:58:47Z,N623FB,"33.654476,-112.113075",1950,55,197
1755752330,2025-08-21T04:58:50Z,N623FB,"33.653915,-112.113129",1950,56,182
1755752332,2025-08-21T04:58:52Z,N623FB,"33.653404,-112.113022",1950,56,160
1755752334,2025-08-21T04:58:54Z,N623FB,"33.652985,-112.112671",1950,58,141
1755752336,2025-08-21T04:58:56Z,N623FB,"33.652588,-112.112175",1950,61,121
1755752338,2025-08-21T04:58:58Z,N623FB,"33.652332,-112.111359",1950,62,106
1755752340,2025-08-21T04:59:00Z,N623FB,"33.652313,-112.110657",1950,63,86
1755752342,2025-08-21T04:59:02Z,N623FB,"33.652428,-112.109924",1950,62,69
1755752344,2025-08-21T04:59:04Z,N623FB,"33.652771,-112.109314",1975,62,51
1755752346,2025-08-21T04:59:06Z,N623FB,"33.653172,-112.108955",1975,63,32
1755752348,2025-08-21T04:59:08Z,N623FB,"33.653728,-112.108673",1975,64,13
1755752351,2025-08-21T04:59:11Z,N623FB,"33.654465,-112.108582",2000,65,359
1755752353,2025-08-21T04:59:13Z,N623FB,"33.655079,-112.10878",2000,62,338
1755752355,2025-08-21T04:59:15Z,N623FB,"33.655655,-112.109253",2000,60,315
1755752357,2025-08-21T04:59:17Z,N623FB,"33.65601,-112.109818",2000,58,297
1755752359,2025-08-21T04:59:19Z,N623FB,"33.656151,-112.110329",2000,58,280
1755752362,2025-08-21T04:59:22Z,N623FB,"33.656197,-112.111191",2000,57,263
1755752364,2025-08-21T04:59:24Z,N623FB,"33.656059,-112.111816",1975,58,250
1755752366,2025-08-21T04:59:26Z,N623FB,"33.655731,-112.112335",1975,56,225
1755752368,2025-08-21T04:59:28Z,N623FB,"33.655174,-112.1129",1975,57,211
1755752371,2025-08-21T04:59:31Z,N623FB,"33.654755,-112.113129",1975,58,199
1755752373,2025-08-21T04:59:33Z,N623FB,"33.654057,-112.113251",1950,58,180
1755752375,2025-08-21T04:59:35Z,N623FB,"33.653496,-112.113129",1950,58,160
1755752377,2025-08-21T04:59:37Z,N623FB,"33.652908,-112.112679",1950,61,141
1755752380,2025-08-21T04:59:40Z,N623FB,"33.652565,-112.11216",1950,62,120
1755752382,2025-08-21T04:59:42Z,N623FB,"33.652405,-112.111389",1950,63,98
1755752384,2025-08-21T04:59:44Z,N623FB,"33.652405,-112.110657",1950,63,81
1755752386,2025-08-21T04:59:46Z,N623FB,"33.652588,-112.109985",1950,64,63
1755752388,2025-08-21T04:59:48Z,N623FB,"33.65303,-112.109299",1950,66,47
1755752390,2025-08-21T04:59:50Z,N623FB,"33.653549,-112.108864",1950,66,25
1755752393,2025-08-21T04:59:53Z,N623FB,"33.654282,-112.108643",1975,64,8
1755752395,2025-08-21T04:59:55Z,N623FB,"33.654739,-112.108643",1975,63,347
1755752397,2025-08-21T04:59:57Z,N623FB,"33.65538,-112.108917",1975,63,331
1755752399,2025-08-21T04:59:59Z,N623FB,"33.655975,-112.109482",1975,60,312
1755752401,2025-08-21T05:00:01Z,N623FB,"33.65625,-112.110039",1975,59,293
1755752403,2025-08-21T05:00:03Z,N623FB,"33.656338,-112.110672",1975,58,275
1755752406,2025-08-21T05:00:06Z,N623FB,"33.656296,-112.111328",1975,56,255
1755752408,2025-08-21T05:00:08Z,N623FB,"33.656059,-112.111984",1950,56,239
1755752410,2025-08-21T05:00:10Z,N623FB,"33.655731,-112.112503",1950,57,225
1755752412,2025-08-21T05:00:12Z,N623FB,"33.655289,-112.1129",1950,57,213
1755752414,2025-08-21T05:00:14Z,N623FB,"33.654831,-112.113182",1950,57,201
1755752416,2025-08-21T05:00:16Z,N623FB,"33.654144,-112.113403",1950,58,191
1755752418,2025-08-21T05:00:18Z,N623FB,"33.653732,-112.113403",1950,57,174
1755752421,2025-08-21T05:00:21Z,N623FB,"33.653137,-112.113182",1950,58,146
1755752423,2025-08-21T05:00:23Z,N623FB,"33.652634,-112.112617",1925,63,125
1755752425,2025-08-21T05:00:25Z,N623FB,"33.652287,-112.111816",1925,66,111
1755752427,2025-08-21T05:00:27Z,N623FB,"33.652195,-112.111069",1925,69,97
1755752429,2025-08-21T05:00:29Z,N623FB,"33.652195,-112.110275",1925,71,82
1755752431,2025-08-21T05:00:31Z,N623FB,"33.652378,-112.109467",1925,75,70
1755752434,2025-08-21T05:00:34Z,N623FB,"33.652679,-112.108643",1950,77,61
1755752436,2025-08-21T05:00:36Z,N623FB,"33.653183,-112.107742",1950,81,56
1755752438,2025-08-21T05:00:38Z,N623FB,"33.653591,-112.10701",1950,84,56
1755752440,2025-08-21T05:00:40Z,N623FB,"33.654144,-112.106064",1950,85,55
1755752442,2025-08-21T05:00:42Z,N623FB,"33.654568,-112.105293",1950,86,56
1755752444,2025-08-21T05:00:44Z,N623FB,"33.655079,-112.104324",1975,87,58
1755752447,2025-08-21T05:00:47Z,N623FB,"33.655544,-112.103409",1975,88,57
1755752449,2025-08-21T05:00:49Z,N623FB,"33.656067,-112.102531",1975,91,54
1755752451,2025-08-21T05:00:51Z,N623FB,"33.656662,-112.101631",1950,94,46
1755752453,2025-08-21T05:00:53Z,N623FB,"33.65744,-112.100792",1950,96,39
1755752456,2025-08-21T05:00:56Z,N623FB,"33.658199,-112.100143",1950,97,37
1755752458,2025-08-21T05:00:58Z,N623FB,"33.65913,-112.099289",1950,98,35
1755752460,2025-08-21T05:01:00Z,N623FB,"33.659866,-112.098663",1950,98,34
1755752462,2025-08-21T05:01:02Z,N623FB,"33.660618,-112.098022",1975,99,34
1755752464,2025-08-21T05:01:04Z,N623FB,"33.661411,-112.097397",1975,99,34
1755752467,2025-08-21T05:01:07Z,N623FB,"33.662201,-112.096756",1975,100,34
1755752469,2025-08-21T05:01:09Z,N623FB,"33.663025,-112.096085",1975,100,34
1755752471,2025-08-21T05:01:11Z,N623FB,"33.664032,-112.095245",1975,99,32
1755752473,2025-08-21T05:01:13Z,N623FB,"33.664948,-112.094589",1975,98,31
1755752476,2025-08-21T05:01:16Z,N623FB,"33.665909,-112.093895",1975,97,31
1755752478,2025-08-21T05:01:18Z,N623FB,"33.666779,-112.093285",1975,96,30
1755752480,2025-08-21T05:01:20Z,N623FB,"33.667511,-112.09272",1975,94,29
1755752482,2025-08-21T05:01:22Z,N623FB,"33.668301,-112.092194",1975,93,28
1755752484,2025-08-21T05:01:24Z,N623FB,"33.669113,-112.091713",1975,91,27
1755752486,2025-08-21T05:01:26Z,N623FB,"33.6698,-112.091263",1975,90,27
1755752488,2025-08-21T05:01:28Z,N623FB,"33.670532,-112.090813",1975,89,27
1755752491,2025-08-21T05:01:31Z,N623FB,"33.671421,-112.09024",1975,88,26
1755752493,2025-08-21T05:01:33Z,N623FB,"33.672306,-112.089729",1950,88,26
1755752495,2025-08-21T05:01:35Z,N623FB,"33.673096,-112.089272",1950,86,26
1755752497,2025-08-21T05:01:37Z,N623FB,"33.673885,-112.088814",1950,85,25
1755752499,2025-08-21T05:01:39Z,N623FB,"33.674587,-112.088409",1925,84,25
1755752501,2025-08-21T05:01:41Z,N623FB,"33.675236,-112.088074",1925,82,24
1755752504,2025-08-21T05:01:44Z,N623FB,"33.676121,-112.087616",1925,80,22
1755752506,2025-08-21T05:01:46Z,N623FB,"33.676819,-112.087265",1925,78,21
1755752508,2025-08-21T05:01:48Z,N623FB,"33.677471,-112.086929",1925,77,21
1755752510,2025-08-21T05:01:50Z,N623FB,"33.678265,-112.086578",1925,76,19
1755752513,2025-08-21T05:01:53Z,N623FB,"33.679092,-112.08622",1900,74,18
1755752515,2025-08-21T05:01:55Z,N623FB,"33.679733,-112.085999",1900,72,17
1755752517,2025-08-21T05:01:57Z,N623FB,"33.680359,-112.085724",1900,69,16
1755752519,2025-08-21T05:01:59Z,N623FB,"33.681149,-112.085495",1875,69,15
1755752521,2025-08-21T05:02:01Z,N623FB,"33.68161,-112.08532",1875,68,14
1755752523,2025-08-21T05:02:03Z,N623FB,"33.682388,-112.085098",1875,67,14
1755752525,2025-08-21T05:02:05Z,N623FB,"33.682964,-112.084923",1875,66,18
1755752532,2025-08-21T05:02:12Z,N623FB,"33.684631,-112.083923",1850,56,34
1755752534,2025-08-21T05:02:14Z,N623FB,"33.685059,-112.083549",1825,53,41
1755752536,2025-08-21T05:02:16Z,N623FB,"33.685478,-112.083038",1800,50,48
1755752538,2025-08-21T05:02:18Z,N623FB,"33.685757,-112.082581",1775,49,56
1755752540,2025-08-21T05:02:20Z,N623FB,"33.686005,-112.082069",1775,47,62
1755752543,2025-08-21T05:02:23Z,N623FB,"33.686176,-112.081604",1750,45,71
1755752545,2025-08-21T05:02:25Z,N623FB,"33.686317,-112.080978",1750,44,75
1755752547,2025-08-21T05:02:27Z,N623FB,"33.686417,-112.080444",1725,44,78
1755752549,2025-08-21T05:02:29Z,N623FB,"33.686462,-112.079941",1725,44,82
1755752552,2025-08-21T05:02:32Z,N623FB,"33.68655,-112.079376",1700,44,83
1755752554,2025-08-21T05:02:34Z,N623FB,"33.686554,-112.078873",1700,43,84
1755752556,2025-08-21T05:02:36Z,N623FB,"33.6866,-112.07843",1675,40,84
1755752558,2025-08-21T05:02:38Z,N623FB,"33.686642,-112.078003",1675,37,83
1755752560,2025-08-21T05:02:40Z,N623FB,"33.686691,-112.07753",1650,35,81
1755752562,2025-08-21T05:02:42Z,N623FB,"33.686737,-112.077141",1625,31,82
1755752565,2025-08-21T05:02:45Z,N623FB,"33.686783,-112.076744",1625,29,80
1755752567,2025-08-21T05:02:47Z,N623FB,"33.686829,-112.076355",1600,27,83
1755752569,2025-08-21T05:02:49Z,N623FB,"33.686874,-112.076019",1600,26,83
1755752572,2025-08-21T05:02:52Z,N623FB,"33.686874,-112.075768",1575,24,85
1755752574,2025-08-21T05:02:54Z,N623FB,"33.68692,-112.075516",1575,22,84
1755752576,2025-08-21T05:02:56Z,N623FB,"33.68692,-112.075233",1575,22,84
1755752578,2025-08-21T05:02:58Z,N623FB,"33.68692,-112.075012",1550,19,96
1755752580,2025-08-21T05:03:00Z,N623FB,"33.686874,-112.074799",1550,16,100
1755752584,2025-08-21T05:03:04Z,N623FB,"33.686829,-112.074448",1550,12,104
1755752590,2025-08-21T05:03:10Z,N623FB,"33.686749,-112.074181",0,5,118
1755752601,2025-08-21T05:03:21Z,N623FB,"33.686539,-112.074051",0,4,67
