<?xml version="1.0" encoding="UTF-8"?>
<kml xmlns="http://www.opengis.net/kml/2.2">
  <Document>
    <name>-/N623FB</name>
    <description><![CDATA[<div style="width:220px; text-align:center;">
<div style="width:210px; text-align:center;">
<div style=" background: #000; color: #fff; font-size: 14px; text-align:left; border: 1px solid #000; padding: 2px 6px; text-shadow: 0 1px 0 #000; box-shadow: 0 1px 3px rgba(0,0,0,0.6); background: -webkit-gradient(linear, left top, left bottom, color-stop(0%,#808080), color-stop(2%,#303030), color-stop(100%,#0c0c0c));"><span style="font-size: 14px; font-weight: bold;"><a href="javascript:void(0);" style="color: #fff; cursor: pointer;text-decoration: none;">-</a></span> / N623FB<br/>United States - Phoenix Police Department</div>

<div style="border-top: 1px solid #005c90; color: #fff; padding-bottom: 5px; box-shadow: 0 0 1px #9BE3F6 inset, 0 1px 0 #9BE3F6 inset, 0 -1px 3px rgba(0,0,0,0.4); background:rgba(43,114,173,1); background: -webkit-gradient(linear, left top, left bottom, color-stop(0%,rgba(92,184,229,1)), color-stop(100%,rgba(43,114,173,1)));">
<a style="text-decoration: none; color: rgb(255, 255, 255); font-size: 12px; width:77px; display: inline-block;" title="Glendale Airport" href="https://www.flightradar24.com/airport/qsu/departures"><h3 style="padding: 0px; margin: 10px 0px 0px; font-size: 16px; ">QSU</h3>Glendale</a>
<span style="background: url(https://www.flightradar24.com/static/images/userUI_sprite.png?14) no-repeat scroll 0 -464px rgba(0, 0, 0, 0); border: medium none; display: inline-block; height: 16px; width: 45px;"></span>
<a style="text-decoration: none; color: rgb(255, 255, 255); font-size: 12px; width:77px; display: inline-block;" title="Phoenix Airport" href="https://www.flightradar24.com/airport/dvt/arrivals"><h3 style="padding: 0px; margin: 10px 0px 0px; font-size: 16px;">DVT</h3>Phoenix</a>
<div style=" margin-top:10px;">
<div style="display: inline-block; font-size: 12px; padding: 0 5px;">
<div>
<span style="color: #c1eaff;" title="Actual Time of Departure">ATD </span>
<span title="2025-08-25 09:20">09:20</span> <span title="Coordinated Universal Time">UTC</span>
</div>
</div>
<div style="display: inline-block; font-size: 12px; padding: 0 5px;">
<div>
<span style="color: #c1eaff;" title="Estimated Time of Arrival">ETA </span>
<span title="2025-08-25 09:35">09:35</span> <span title="Coordinated Universal Time">UTC</span>
</div>
</div>
</div>
<br style="clear: both;"/>
</div>

<div style="display: block;">
<table style="border-collapse: collapse; width: 100%;">
<tr style="border-right: 1px solid #dadada; ">
<td style="background: none repeat scroll 0 0 #dadada; padding: 0; width: 31px;">
<span style="background: url(https://www.flightradar24.com/static/images/userUI_sprite.png?14) no-repeat scroll -208px -464px rgba(0, 0, 0, 0); height: 26px; margin: 8px 0 0 4px; width: 23px; display: block;"></span>
</td>
<td colspan="2" style="border-bottom: 1px solid #dadada; border-left: 1px solid #dadada; color: #666; line-height: 1.1em; padding: 3px 6px; vertical-align: top; font-size: 14px;">
Aircraft<span style="float: right; font-size: 12px;">(AS50)</span><br>
<span style="color: #333; font-size: 16px; font-weight: bold; line-height: 1.3em;">Airbus Helicopters H125</span>
</td>
</tr>
<tr style="border-right: 1px solid #dadada; ">
<td style="background: none repeat scroll 0 0 #dadada; padding: 0; width: 31px;">
<td colspan="2" style="border-bottom: 1px solid #dadada; border-left: 1px solid #dadada; color: #666; line-height: 1.1em; padding: 3px 6px; vertical-align: top; font-size: 14px;">
Registration<br>
<span style="color: #333; font-size: 16px; font-weight: bold; line-height: 1.3em;"><a href="https://www.flightradar24.com/reg/n623fb" style="text-decoration: none; color: #333;">N623FB</a></span>
</td>
</tr>
</table>
</div>

</div>
</div>]]></description>
    <Folder>
      <name>Route</name>
      <Placemark>
        <name>2025-08-25 09:20:07 UTC</name>
        <description><![CDATA[<div><div><span><b>Altitude:</b></span> <span>1,175 ft</span></div>
<div><span><b>Speed:</b></span> <span>50 kt</span></div>
<div><span><b>Heading:</b></span> <span>206&deg;</span></div>
</div>]]></description>
        <TimeStamp>
          <when>2025-08-25T09:20:07+00:00</when>
        </TimeStamp>
        <Style>
          <IconStyle>
            <heading>206</heading>
            <Icon>
              <href>http://maps.google.com/mapfiles/kml/shapes/airports.png</href>
            </Icon>
          </IconStyle>
        </Style>
        <Point>
          <altitudeMode>absolute</altitudeMode>
          <coordinates>-112.293556,33.529667,358.14</coordinates>
        </Point>
      </Placemark>
      <Placemark>
        <name>2025-08-25 09:20:16 UTC</name>
        <description><![CDATA[<div><div><span><b>Altitude:</b></span> <span>1,225 ft</span></div>
<div><span><b>Speed:</b></span> <span>61 kt</span></div>
<div><span><b>Heading:</b></span> <span>206&deg;</span></div>
</div>]]></description>
        <TimeStamp>
          <when>2025-08-25T09:20:16+00:00</when>
        </TimeStamp>
        <Style>
          <IconStyle>
            <heading>206</heading>
            <Icon>
              <href>http://maps.google.com/mapfiles/kml/shapes/airports.png</href>
            </Icon>
          </IconStyle>
        </Style>
        <Point>
          <altitudeMode>absolute</altitudeMode>
          <coordinates>-112.294624,33.527851,373.38</coordinates>
        </Point>
      </Placemark>
      <Placemark>
        <name>2025-08-25 09:20:22 UTC</name>
        <description><![CDATA[<div><div><span><b>Altitude:</b></span> <span>1,350 ft</span></div>
<div><span><b>Speed:</b></span> <span>67 kt</span></div>
<div><span><b>Heading:</b></span> <span>206&deg;</span></div>
</div>]]></description>
        <TimeStamp>
          <when>2025-08-25T09:20:22+00:00</when>
        </TimeStamp>
        <Style>
          <IconStyle>
            <heading>206</heading>
            <Icon>
              <href>http://maps.google.com/mapfiles/kml/shapes/airports.png</href>
            </Icon>
          </IconStyle>
        </Style>
        <Point>
          <altitudeMode>absolute</altitudeMode>
          <coordinates>-112.295746,33.525803,411.48</coordinates>
        </Point>
      </Placemark>
      <Placemark>
        <name>2025-08-25 09:20:29 UTC</name>
        <description><![CDATA[<div><div><span><b>Altitude:</b></span> <span>1,500 ft</span></div>
<div><span><b>Speed:</b></span> <span>71 kt</span></div>
<div><span><b>Heading:</b></span> <span>206&deg;</span></div>
</div>]]></description>
        <TimeStamp>
          <when>2025-08-25T09:20:29+00:00</when>
        </TimeStamp>
        <Style>
          <IconStyle>
            <heading>206</heading>
            <Icon>
              <href>http://maps.google.com/mapfiles/kml/shapes/airports.png</href>
            </Icon>
          </IconStyle>
        </Style>
        <Point>
          <altitudeMode>absolute</altitudeMode>
          <coordinates>-112.296921,33.523895,457.2</coordinates>
        </Point>
      </Placemark>
      <Placemark>
        <name>2025-08-25 09:20:36 UTC</name>
        <description><![CDATA[<div><div><span><b>Altitude:</b></span> <span>1,650 ft</span></div>
<div><span><b>Speed:</b></span> <span>77 kt</span></div>
<div><span><b>Heading:</b></span> <span>206&deg;</span></div>
</div>]]></description>
        <TimeStamp>
          <when>2025-08-25T09:20:36+00:00</when>
        </TimeStamp>
        <Style>
          <IconStyle>
            <heading>206</heading>
            <Icon>
              <href>http://maps.google.com/mapfiles/kml/shapes/airports.png</href>
            </Icon>
          </IconStyle>
        </Style>
        <Point>
          <altitudeMode>absolute</altitudeMode>
          <coordinates>-112.298264,33.52166,502.92</coordinates>
        </Point>
      </Placemark>
      <Placemark>
        <name>2025-08-25 09:20:43 UTC</name>
        <description><![CDATA[<div><div><span><b>Altitude:</b></span> <span>1,775 ft</span></div>
<div><span><b>Speed:</b></span> <span>81 kt</span></div>
<div><span><b>Heading:</b></span> <span>199&deg;</span></div>
</div>]]></description>
        <TimeStamp>
          <when>2025-08-25T09:20:43+00:00</when>
        </TimeStamp>
        <Style>
          <IconStyle>
            <heading>199</heading>
            <Icon>
              <href>http://maps.google.com/mapfiles/kml/shapes/airports.png</href>
            </Icon>
          </IconStyle>
        </Style>
        <Point>
          <altitudeMode>absolute</altitudeMode>
          <coordinates>-112.2995,33.519287,541.02</coordinates>
        </Point>
      </Placemark>
      <Placemark>
        <name>2025-08-25 09:20:45 UTC</name>
        <description><![CDATA[<div><div><span><b>Altitude:</b></span> <span>1,825 ft</span></div>
<div><span><b>Speed:</b></span> <span>80 kt</span></div>
<div><span><b>Heading:</b></span> <span>185&deg;</span></div>
</div>]]></description>
        <TimeStamp>
          <when>2025-08-25T09:20:45+00:00</when>
        </TimeStamp>
        <Style>
          <IconStyle>
            <heading>185</heading>
            <Icon>
              <href>http://maps.google.com/mapfiles/kml/shapes/airports.png</href>
            </Icon>
          </IconStyle>
        </Style>
        <Point>
          <altitudeMode>absolute</altitudeMode>
          <coordinates>-112.299614,33.518543,556.26</coordinates>
        </Point>
      </Placemark>
      <Placemark>
        <name>2025-08-25 09:20:48 UTC</name>
        <description><![CDATA[<div><div><span><b>Altitude:</b></span> <span>1,875 ft</span></div>
<div><span><b>Speed:</b></span> <span>77 kt</span></div>
<div><span><b>Heading:</b></span> <span>159&deg;</span></div>
</div>]]></description>
        <TimeStamp>
          <when>2025-08-25T09:20:48+00:00</when>
        </TimeStamp>
        <Style>
          <IconStyle>
            <heading>159</heading>
            <Icon>
              <href>http://maps.google.com/mapfiles/kml/shapes/airports.png</href>
            </Icon>
          </IconStyle>
        </Style>
        <Point>
          <altitudeMode>absolute</altitudeMode>
          <coordinates>-112.2995,33.517639,571.5</coordinates>
        </Point>
      </Placemark>
      <Placemark>
        <name>2025-08-25 09:20:50 UTC</name>
        <description><![CDATA[<div><div><span><b>Altitude:</b></span> <span>1,900 ft</span></div>
<div><span><b>Speed:</b></span> <span>75 kt</span></div>
<div><span><b>Heading:</b></span> <span>130&deg;</span></div>
</div>]]></description>
        <TimeStamp>
          <when>2025-08-25T09:20:50+00:00</when>
        </TimeStamp>
        <Style>
          <IconStyle>
            <heading>130</heading>
            <Icon>
              <href>http://maps.google.com/mapfiles/kml/shapes/airports.png</href>
            </Icon>
          </IconStyle>
        </Style>
        <Point>
          <altitudeMode>absolute</altitudeMode>
          <coordinates>-112.299049,33.517052,579.12</coordinates>
        </Point>
      </Placemark>
      <Placemark>
        <name>2025-08-25 09:20:52 UTC</name>
        <description><![CDATA[<div><div><span><b>Altitude:</b></span> <span>1,925 ft</span></div>
<div><span><b>Speed:</b></span> <span>73 kt</span></div>
<div><span><b>Heading:</b></span> <span>103&deg;</span></div>
</div>]]></description>
        <TimeStamp>
          <when>2025-08-25T09:20:52+00:00</when>
        </TimeStamp>
        <Style>
          <IconStyle>
            <heading>103</heading>
            <Icon>
              <href>http://maps.google.com/mapfiles/kml/shapes/airports.png</href>
            </Icon>
          </IconStyle>
        </Style>
        <Point>
          <altitudeMode>absolute</altitudeMode>
          <coordinates>-112.298233,33.516678,586.74</coordinates>
        </Point>
      </Placemark>
      <Placemark>
        <name>2025-08-25 09:20:54 UTC</name>
        <description><![CDATA[<div><div><span><b>Altitude:</b></span> <span>1,950 ft</span></div>
<div><span><b>Speed:</b></span> <span>71 kt</span></div>
<div><span><b>Heading:</b></span> <span>85&deg;</span></div>
</div>]]></description>
        <TimeStamp>
          <when>2025-08-25T09:20:54+00:00</when>
        </TimeStamp>
        <Style>
          <IconStyle>
            <heading>85</heading>
            <Icon>
              <href>http://maps.google.com/mapfiles/kml/shapes/airports.png</href>
            </Icon>
          </IconStyle>
        </Style>
        <Point>
          <altitudeMode>absolute</altitudeMode>
          <coordinates>-112.297371,33.516632,594.36</coordinates>
        </Point>
      </Placemark>
      <Placemark>
        <name>2025-08-25 09:20:57 UTC</name>
        <description><![CDATA[<div><div><span><b>Altitude:</b></span> <span>2,000 ft</span></div>
<div><span><b>Speed:</b></span> <span>69 kt</span></div>
<div><span><b>Heading:</b></span> <span>60&deg;</span></div>
</div>]]></description>
        <TimeStamp>
          <when>2025-08-25T09:20:57+00:00</when>
        </TimeStamp>
        <Style>
          <IconStyle>
            <heading>60</heading>
            <Icon>
              <href>http://maps.google.com/mapfiles/kml/shapes/airports.png</href>
            </Icon>
          </IconStyle>
        </Style>
        <Point>
          <altitudeMode>absolute</altitudeMode>
          <coordinates>-112.296532,33.516861,609.6</coordinates>
        </Point>
      </Placemark>
      <Placemark>
        <name>2025-08-25 09:20:59 UTC</name>
        <description><![CDATA[<div><div><span><b>Altitude:</b></span> <span>2,025 ft</span></div>
<div><span><b>Speed:</b></span> <span>73 kt</span></div>
<div><span><b>Heading:</b></span> <span>51&deg;</span></div>
</div>]]></description>
        <TimeStamp>
          <when>2025-08-25T09:20:59+00:00</when>
        </TimeStamp>
        <Style>
          <IconStyle>
            <heading>51</heading>
            <Icon>
              <href>http://maps.google.com/mapfiles/kml/shapes/airports.png</href>
            </Icon>
          </IconStyle>
        </Style>
        <Point>
          <altitudeMode>absolute</altitudeMode>
          <coordinates>-112.295853,33.517284,617.22</coordinates>
        </Point>
      </Placemark>
      <Placemark>
        <name>2025-08-25 09:21:01 UTC</name>
        <description><![CDATA[<div><div><span><b>Altitude:</b></span> <span>2,050 ft</span></div>
<div><span><b>Speed:</b></span> <span>75 kt</span></div>
<div><span><b>Heading:</b></span> <span>45&deg;</span></div>
</div>]]></description>
        <TimeStamp>
          <when>2025-08-25T09:21:01+00:00</when>
        </TimeStamp>
        <Style>
          <IconStyle>
            <heading>45</heading>
            <Icon>
              <href>http://maps.google.com/mapfiles/kml/shapes/airports.png</href>
            </Icon>
          </IconStyle>
        </Style>
        <Point>
          <altitudeMode>absolute</altitudeMode>
          <coordinates>-112.295242,33.517704,624.84</coordinates>
        </Point>
      </Placemark>
      <Placemark>
        <name>2025-08-25 09:21:03 UTC</name>
        <description><![CDATA[<div><div><span><b>Altitude:</b></span> <span>2,050 ft</span></div>
<div><span><b>Speed:</b></span> <span>77 kt</span></div>
<div><span><b>Heading:</b></span> <span>38&deg;</span></div>
</div>]]></description>
        <TimeStamp>
          <when>2025-08-25T09:21:03+00:00</when>
        </TimeStamp>
        <Style>
          <IconStyle>
            <heading>38</heading>
            <Icon>
              <href>http://maps.google.com/mapfiles/kml/shapes/airports.png</href>
            </Icon>
          </IconStyle>
        </Style>
        <Point>
          <altitudeMode>absolute</altitudeMode>
          <coordinates>-112.294556,33.518372,624.84</coordinates>
        </Point>
      </Placemark>
      <Placemark>
        <name>2025-08-25 09:21:06 UTC</name>
        <description><![CDATA[<div><div><span><b>Altitude:</b></span> <span>2,075 ft</span></div>
<div><span><b>Speed:</b></span> <span>79 kt</span></div>
<div><span><b>Heading:</b></span> <span>35&deg;</span></div>
</div>]]></description>
        <TimeStamp>
          <when>2025-08-25T09:21:06+00:00</when>
        </TimeStamp>
        <Style>
          <IconStyle>
            <heading>35</heading>
            <Icon>
              <href>http://maps.google.com/mapfiles/kml/shapes/airports.png</href>
            </Icon>
          </IconStyle>
        </Style>
        <Point>
          <altitudeMode>absolute</altitudeMode>
          <coordinates>-112.293892,33.5191,632.46</coordinates>
        </Point>
      </Placemark>
      <Placemark>
        <name>2025-08-25 09:21:08 UTC</name>
        <description><![CDATA[<div><div><span><b>Altitude:</b></span> <span>2,100 ft</span></div>
<div><span><b>Speed:</b></span> <span>80 kt</span></div>
<div><span><b>Heading:</b></span> <span>32&deg;</span></div>
</div>]]></description>
        <TimeStamp>
          <when>2025-08-25T09:21:08+00:00</when>
        </TimeStamp>
        <Style>
          <IconStyle>
            <heading>32</heading>
            <Icon>
              <href>http://maps.google.com/mapfiles/kml/shapes/airports.png</href>
            </Icon>
          </IconStyle>
        </Style>
        <Point>
          <altitudeMode>absolute</altitudeMode>
          <coordinates>-112.293274,33.519844,640.08</coordinates>
        </Point>
      </Placemark>
      <Placemark>
        <name>2025-08-25 09:21:10 UTC</name>
        <description><![CDATA[<div><div><span><b>Altitude:</b></span> <span>2,125 ft</span></div>
<div><span><b>Speed:</b></span> <span>81 kt</span></div>
<div><span><b>Heading:</b></span> <span>30&deg;</span></div>
</div>]]></description>
        <TimeStamp>
          <when>2025-08-25T09:21:10+00:00</when>
        </TimeStamp>
        <Style>
          <IconStyle>
            <heading>30</heading>
            <Icon>
              <href>http://maps.google.com/mapfiles/kml/shapes/airports.png</href>
            </Icon>
          </IconStyle>
        </Style>
        <Point>
          <altitudeMode>absolute</altitudeMode>
          <coordinates>-112.292854,33.520477,647.7</coordinates>
        </Point>
      </Placemark>
      <Placemark>
        <name>2025-08-25 09:21:12 UTC</name>
        <description><![CDATA[<div><div><span><b>Altitude:</b></span> <span>2,175 ft</span></div>
<div><span><b>Speed:</b></span> <span>81 kt</span></div>
<div><span><b>Heading:</b></span> <span>30&deg;</span></div>
</div>]]></description>
        <TimeStamp>
          <when>2025-08-25T09:21:12+00:00</when>
        </TimeStamp>
        <Style>
          <IconStyle>
            <heading>30</heading>
            <Icon>
              <href>http://maps.google.com/mapfiles/kml/shapes/airports.png</href>
            </Icon>
          </IconStyle>
        </Style>
        <Point>
          <altitudeMode>absolute</altitudeMode>
          <coordinates>-112.292267,33.52129,662.94</coordinates>
        </Point>
      </Placemark>
      <Placemark>
        <name>2025-08-25 09:21:14 UTC</name>
        <description><![CDATA[<div><div><span><b>Altitude:</b></span> <span>2,200 ft</span></div>
<div><span><b>Speed:</b></span> <span>81 kt</span></div>
<div><span><b>Heading:</b></span> <span>30&deg;</span></div>
</div>]]></description>
        <TimeStamp>
          <when>2025-08-25T09:21:14+00:00</when>
        </TimeStamp>
        <Style>
          <IconStyle>
            <heading>30</heading>
            <Icon>
              <href>http://maps.google.com/mapfiles/kml/shapes/airports.png</href>
            </Icon>
          </IconStyle>
        </Style>
        <Point>
          <altitudeMode>absolute</altitudeMode>
          <coordinates>-112.291817,33.521942,670.56</coordinates>
        </Point>
      </Placemark>
      <Placemark>
        <name>2025-08-25 09:21:17 UTC</name>
        <description><![CDATA[<div><div><span><b>Altitude:</b></span> <span>2,200 ft</span></div>
<div><span><b>Speed:</b></span> <span>81 kt</span></div>
<div><span><b>Heading:</b></span> <span>30&deg;</span></div>
</div>]]></description>
        <TimeStamp>
          <when>2025-08-25T09:21:17+00:00</when>
        </TimeStamp>
        <Style>
          <IconStyle>
            <heading>30</heading>
            <Icon>
              <href>http://maps.google.com/mapfiles/kml/shapes/airports.png</href>
            </Icon>
          </IconStyle>
        </Style>
        <Point>
          <altitudeMode>absolute</altitudeMode>
          <coordinates>-112.291367,33.522629,670.56</coordinates>
        </Point>
      </Placemark>
      <Placemark>
        <name>2025-08-25 09:21:19 UTC</name>
        <description><![CDATA[<div><div><span><b>Altitude:</b></span> <span>2,250 ft</span></div>
<div><span><b>Speed:</b></span> <span>82 kt</span></div>
<div><span><b>Heading:</b></span> <span>30&deg;</span></div>
</div>]]></description>
        <TimeStamp>
          <when>2025-08-25T09:21:19+00:00</when>
        </TimeStamp>
        <Style>
          <IconStyle>
            <heading>30</heading>
            <Icon>
              <href>http://maps.google.com/mapfiles/kml/shapes/airports.png</href>
            </Icon>
          </IconStyle>
        </Style>
        <Point>
          <altitudeMode>absolute</altitudeMode>
          <coordinates>-112.290756,33.523476,685.8</coordinates>
        </Point>
      </Placemark>
      <Placemark>
        <name>2025-08-25 09:21:21 UTC</name>
        <description><![CDATA[<div><div><span><b>Altitude:</b></span> <span>2,275 ft</span></div>
<div><span><b>Speed:</b></span> <span>82 kt</span></div>
<div><span><b>Heading:</b></span> <span>30&deg;</span></div>
</div>]]></description>
        <TimeStamp>
          <when>2025-08-25T09:21:21+00:00</when>
        </TimeStamp>
        <Style>
          <IconStyle>
            <heading>30</heading>
            <Icon>
              <href>http://maps.google.com/mapfiles/kml/shapes/airports.png</href>
            </Icon>
          </IconStyle>
        </Style>
        <Point>
          <altitudeMode>absolute</altitudeMode>
          <coordinates>-112.290215,33.524277,693.42</coordinates>
        </Point>
      </Placemark>
      <Placemark>
        <name>2025-08-25 09:21:23 UTC</name>
        <description><![CDATA[<div><div><span><b>Altitude:</b></span> <span>2,275 ft</span></div>
<div><span><b>Speed:</b></span> <span>83 kt</span></div>
<div><span><b>Heading:</b></span> <span>30&deg;</span></div>
</div>]]></description>
        <TimeStamp>
          <when>2025-08-25T09:21:23+00:00</when>
        </TimeStamp>
        <Style>
          <IconStyle>
            <heading>30</heading>
            <Icon>
              <href>http://maps.google.com/mapfiles/kml/shapes/airports.png</href>
            </Icon>
          </IconStyle>
        </Style>
        <Point>
          <altitudeMode>absolute</altitudeMode>
          <coordinates>-112.289833,33.524826,693.42</coordinates>
        </Point>
      </Placemark>
      <Placemark>
        <name>2025-08-25 09:21:26 UTC</name>
        <description><![CDATA[<div><div><span><b>Altitude:</b></span> <span>2,325 ft</span></div>
<div><span><b>Speed:</b></span> <span>83 kt</span></div>
<div><span><b>Heading:</b></span> <span>29&deg;</span></div>
</div>]]></description>
        <TimeStamp>
          <when>2025-08-25T09:21:26+00:00</when>
        </TimeStamp>
        <Style>
          <IconStyle>
            <heading>29</heading>
            <Icon>
              <href>http://maps.google.com/mapfiles/kml/shapes/airports.png</href>
            </Icon>
          </IconStyle>
        </Style>
        <Point>
          <altitudeMode>absolute</altitudeMode>
          <coordinates>-112.289246,33.525665,708.66</coordinates>
        </Point>
      </Placemark>
      <Placemark>
        <name>2025-08-25 09:21:28 UTC</name>
        <description><![CDATA[<div><div><span><b>Altitude:</b></span> <span>2,325 ft</span></div>
<div><span><b>Speed:</b></span> <span>84 kt</span></div>
<div><span><b>Heading:</b></span> <span>27&deg;</span></div>
</div>]]></description>
        <TimeStamp>
          <when>2025-08-25T09:21:28+00:00</when>
        </TimeStamp>
        <Style>
          <IconStyle>
            <heading>27</heading>
            <Icon>
              <href>http://maps.google.com/mapfiles/kml/shapes/airports.png</href>
            </Icon>
          </IconStyle>
        </Style>
        <Point>
          <altitudeMode>absolute</altitudeMode>
          <coordinates>-112.288841,33.526291,708.66</coordinates>
        </Point>
      </Placemark>
      <Placemark>
        <name>2025-08-25 09:21:30 UTC</name>
        <description><![CDATA[<div><div><span><b>Altitude:</b></span> <span>2,350 ft</span></div>
<div><span><b>Speed:</b></span> <span>85 kt</span></div>
<div><span><b>Heading:</b></span> <span>27&deg;</span></div>
</div>]]></description>
        <TimeStamp>
          <when>2025-08-25T09:21:30+00:00</when>
        </TimeStamp>
        <Style>
          <IconStyle>
            <heading>27</heading>
            <Icon>
              <href>http://maps.google.com/mapfiles/kml/shapes/airports.png</href>
            </Icon>
          </IconStyle>
        </Style>
        <Point>
          <altitudeMode>absolute</altitudeMode>
          <coordinates>-112.288406,33.527023,716.28</coordinates>
        </Point>
      </Placemark>
      <Placemark>
        <name>2025-08-25 09:21:32 UTC</name>
        <description><![CDATA[<div><div><span><b>Altitude:</b></span> <span>2,375 ft</span></div>
<div><span><b>Speed:</b></span> <span>86 kt</span></div>
<div><span><b>Heading:</b></span> <span>26&deg;</span></div>
</div>]]></description>
        <TimeStamp>
          <when>2025-08-25T09:21:32+00:00</when>
        </TimeStamp>
        <Style>
          <IconStyle>
            <heading>26</heading>
            <Icon>
              <href>http://maps.google.com/mapfiles/kml/shapes/airports.png</href>
            </Icon>
          </IconStyle>
        </Style>
        <Point>
          <altitudeMode>absolute</altitudeMode>
          <coordinates>-112.287857,33.527939,723.9</coordinates>
        </Point>
      </Placemark>
      <Placemark>
        <name>2025-08-25 09:21:34 UTC</name>
        <description><![CDATA[<div><div><span><b>Altitude:</b></span> <span>2,400 ft</span></div>
<div><span><b>Speed:</b></span> <span>87 kt</span></div>
<div><span><b>Heading:</b></span> <span>26&deg;</span></div>
</div>]]></description>
        <TimeStamp>
          <when>2025-08-25T09:21:34+00:00</when>
        </TimeStamp>
        <Style>
          <IconStyle>
            <heading>26</heading>
            <Icon>
              <href>http://maps.google.com/mapfiles/kml/shapes/airports.png</href>
            </Icon>
          </IconStyle>
        </Style>
        <Point>
          <altitudeMode>absolute</altitudeMode>
          <coordinates>-112.287277,33.528831,731.52</coordinates>
        </Point>
      </Placemark>
      <Placemark>
        <name>2025-08-25 09:21:36 UTC</name>
        <description><![CDATA[<div><div><span><b>Altitude:</b></span> <span>2,425 ft</span></div>
<div><span><b>Speed:</b></span> <span>87 kt</span></div>
<div><span><b>Heading:</b></span> <span>25&deg;</span></div>
</div>]]></description>
        <TimeStamp>
          <when>2025-08-25T09:21:36+00:00</when>
        </TimeStamp>
        <Style>
          <IconStyle>
            <heading>25</heading>
            <Icon>
              <href>http://maps.google.com/mapfiles/kml/shapes/airports.png</href>
            </Icon>
          </IconStyle>
        </Style>
        <Point>
          <altitudeMode>absolute</altitudeMode>
          <coordinates>-112.286835,33.529621,739.14</coordinates>
        </Point>
      </Placemark>
      <Placemark>
        <name>2025-08-25 09:21:39 UTC</name>
        <description><![CDATA[<div><div><span><b>Altitude:</b></span> <span>2,450 ft</span></div>
<div><span><b>Speed:</b></span> <span>89 kt</span></div>
<div><span><b>Heading:</b></span> <span>25&deg;</span></div>
</div>]]></description>
        <TimeStamp>
          <when>2025-08-25T09:21:39+00:00</when>
        </TimeStamp>
        <Style>
          <IconStyle>
            <heading>25</heading>
            <Icon>
              <href>http://maps.google.com/mapfiles/kml/shapes/airports.png</href>
            </Icon>
          </IconStyle>
        </Style>
        <Point>
          <altitudeMode>absolute</altitudeMode>
          <coordinates>-112.286438,33.530365,746.76</coordinates>
        </Point>
      </Placemark>
      <Placemark>
        <name>2025-08-25 09:21:41 UTC</name>
        <description><![CDATA[<div><div><span><b>Altitude:</b></span> <span>2,450 ft</span></div>
<div><span><b>Speed:</b></span> <span>91 kt</span></div>
<div><span><b>Heading:</b></span> <span>25&deg;</span></div>
</div>]]></description>
        <TimeStamp>
          <when>2025-08-25T09:21:41+00:00</when>
        </TimeStamp>
        <Style>
          <IconStyle>
            <heading>25</heading>
            <Icon>
              <href>http://maps.google.com/mapfiles/kml/shapes/airports.png</href>
            </Icon>
          </IconStyle>
        </Style>
        <Point>
          <altitudeMode>absolute</altitudeMode>
          <coordinates>-112.285934,33.531235,746.76</coordinates>
        </Point>
      </Placemark>
      <Placemark>
        <name>2025-08-25 09:21:43 UTC</name>
        <description><![CDATA[<div><div><span><b>Altitude:</b></span> <span>2,450 ft</span></div>
<div><span><b>Speed:</b></span> <span>92 kt</span></div>
<div><span><b>Heading:</b></span> <span>24&deg;</span></div>
</div>]]></description>
        <TimeStamp>
          <when>2025-08-25T09:21:43+00:00</when>
        </TimeStamp>
        <Style>
          <IconStyle>
            <heading>24</heading>
            <Icon>
              <href>http://maps.google.com/mapfiles/kml/shapes/airports.png</href>
            </Icon>
          </IconStyle>
        </Style>
        <Point>
          <altitudeMode>absolute</altitudeMode>
          <coordinates>-112.285492,33.532013,746.76</coordinates>
        </Point>
      </Placemark>
      <Placemark>
        <name>2025-08-25 09:21:45 UTC</name>
        <description><![CDATA[<div><div><span><b>Altitude:</b></span> <span>2,475 ft</span></div>
<div><span><b>Speed:</b></span> <span>93 kt</span></div>
<div><span><b>Heading:</b></span> <span>24&deg;</span></div>
</div>]]></description>
        <TimeStamp>
          <when>2025-08-25T09:21:45+00:00</when>
        </TimeStamp>
        <Style>
          <IconStyle>
            <heading>24</heading>
            <Icon>
              <href>http://maps.google.com/mapfiles/kml/shapes/airports.png</href>
            </Icon>
          </IconStyle>
        </Style>
        <Point>
          <altitudeMode>absolute</altitudeMode>
          <coordinates>-112.284927,33.53302,754.38</coordinates>
        </Point>
      </Placemark>
      <Placemark>
        <name>2025-08-25 09:21:48 UTC</name>
        <description><![CDATA[<div><div><span><b>Altitude:</b></span> <span>2,500 ft</span></div>
<div><span><b>Speed:</b></span> <span>95 kt</span></div>
<div><span><b>Heading:</b></span> <span>24&deg;</span></div>
</div>]]></description>
        <TimeStamp>
          <when>2025-08-25T09:21:48+00:00</when>
        </TimeStamp>
        <Style>
          <IconStyle>
            <heading>24</heading>
            <Icon>
              <href>http://maps.google.com/mapfiles/kml/shapes/airports.png</href>
            </Icon>
          </IconStyle>
        </Style>
        <Point>
          <altitudeMode>absolute</altitudeMode>
          <coordinates>-112.2845,33.533844,762</coordinates>
        </Point>
      </Placemark>
      <Placemark>
        <name>2025-08-25 09:21:50 UTC</name>
        <description><![CDATA[<div><div><span><b>Altitude:</b></span> <span>2,500 ft</span></div>
<div><span><b>Speed:</b></span> <span>95 kt</span></div>
<div><span><b>Heading:</b></span> <span>23&deg;</span></div>
</div>]]></description>
        <TimeStamp>
          <when>2025-08-25T09:21:50+00:00</when>
        </TimeStamp>
        <Style>
          <IconStyle>
            <heading>23</heading>
            <Icon>
              <href>http://maps.google.com/mapfiles/kml/shapes/airports.png</href>
            </Icon>
          </IconStyle>
        </Style>
        <Point>
          <altitudeMode>absolute</altitudeMode>
          <coordinates>-112.283974,33.534882,762</coordinates>
        </Point>
      </Placemark>
      <Placemark>
        <name>2025-08-25 09:21:52 UTC</name>
        <description><![CDATA[<div><div><span><b>Altitude:</b></span> <span>2,525 ft</span></div>
<div><span><b>Speed:</b></span> <span>95 kt</span></div>
<div><span><b>Heading:</b></span> <span>22&deg;</span></div>
</div>]]></description>
        <TimeStamp>
          <when>2025-08-25T09:21:52+00:00</when>
        </TimeStamp>
        <Style>
          <IconStyle>
            <heading>22</heading>
            <Icon>
              <href>http://maps.google.com/mapfiles/kml/shapes/airports.png</href>
            </Icon>
          </IconStyle>
        </Style>
        <Point>
          <altitudeMode>absolute</altitudeMode>
          <coordinates>-112.283577,33.535675,769.62</coordinates>
        </Point>
      </Placemark>
      <Placemark>
        <name>2025-08-25 09:21:54 UTC</name>
        <description><![CDATA[<div><div><span><b>Altitude:</b></span> <span>2,550 ft</span></div>
<div><span><b>Speed:</b></span> <span>94 kt</span></div>
<div><span><b>Heading:</b></span> <span>21&deg;</span></div>
</div>]]></description>
        <TimeStamp>
          <when>2025-08-25T09:21:54+00:00</when>
        </TimeStamp>
        <Style>
          <IconStyle>
            <heading>21</heading>
            <Icon>
              <href>http://maps.google.com/mapfiles/kml/shapes/airports.png</href>
            </Icon>
          </IconStyle>
        </Style>
        <Point>
          <altitudeMode>absolute</altitudeMode>
          <coordinates>-112.283188,33.536453,777.24</coordinates>
        </Point>
      </Placemark>
      <Placemark>
        <name>2025-08-25 09:21:56 UTC</name>
        <description><![CDATA[<div><div><span><b>Altitude:</b></span> <span>2,575 ft</span></div>
<div><span><b>Speed:</b></span> <span>95 kt</span></div>
<div><span><b>Heading:</b></span> <span>21&deg;</span></div>
</div>]]></description>
        <TimeStamp>
          <when>2025-08-25T09:21:56+00:00</when>
        </TimeStamp>
        <Style>
          <IconStyle>
            <heading>21</heading>
            <Icon>
              <href>http://maps.google.com/mapfiles/kml/shapes/airports.png</href>
            </Icon>
          </IconStyle>
        </Style>
        <Point>
          <altitudeMode>absolute</altitudeMode>
          <coordinates>-112.282684,33.537491,784.86</coordinates>
        </Point>
      </Placemark>
      <Placemark>
        <name>2025-08-25 09:21:58 UTC</name>
        <description><![CDATA[<div><div><span><b>Altitude:</b></span> <span>2,600 ft</span></div>
<div><span><b>Speed:</b></span> <span>95 kt</span></div>
<div><span><b>Heading:</b></span> <span>20&deg;</span></div>
</div>]]></description>
        <TimeStamp>
          <when>2025-08-25T09:21:58+00:00</when>
        </TimeStamp>
        <Style>
          <IconStyle>
            <heading>20</heading>
            <Icon>
              <href>http://maps.google.com/mapfiles/kml/shapes/airports.png</href>
            </Icon>
          </IconStyle>
        </Style>
        <Point>
          <altitudeMode>absolute</altitudeMode>
          <coordinates>-112.282288,33.538326,792.48</coordinates>
        </Point>
      </Placemark>
      <Placemark>
        <name>2025-08-25 09:22:01 UTC</name>
        <description><![CDATA[<div><div><span><b>Altitude:</b></span> <span>2,600 ft</span></div>
<div><span><b>Speed:</b></span> <span>96 kt</span></div>
<div><span><b>Heading:</b></span> <span>20&deg;</span></div>
</div>]]></description>
        <TimeStamp>
          <when>2025-08-25T09:22:01+00:00</when>
        </TimeStamp>
        <Style>
          <IconStyle>
            <heading>20</heading>
            <Icon>
              <href>http://maps.google.com/mapfiles/kml/shapes/airports.png</href>
            </Icon>
          </IconStyle>
        </Style>
        <Point>
          <altitudeMode>absolute</altitudeMode>
          <coordinates>-112.281845,33.539303,792.48</coordinates>
        </Point>
      </Placemark>
      <Placemark>
        <name>2025-08-25 09:22:03 UTC</name>
        <description><![CDATA[<div><div><span><b>Altitude:</b></span> <span>2,625 ft</span></div>
<div><span><b>Speed:</b></span> <span>96 kt</span></div>
<div><span><b>Heading:</b></span> <span>21&deg;</span></div>
</div>]]></description>
        <TimeStamp>
          <when>2025-08-25T09:22:03+00:00</when>
        </TimeStamp>
        <Style>
          <IconStyle>
            <heading>21</heading>
            <Icon>
              <href>http://maps.google.com/mapfiles/kml/shapes/airports.png</href>
            </Icon>
          </IconStyle>
        </Style>
        <Point>
          <altitudeMode>absolute</altitudeMode>
          <coordinates>-112.281509,33.540115,800.1</coordinates>
        </Point>
      </Placemark>
      <Placemark>
        <name>2025-08-25 09:22:12 UTC</name>
        <description><![CDATA[<div><div><span><b>Altitude:</b></span> <span>2,700 ft</span></div>
<div><span><b>Speed:</b></span> <span>98 kt</span></div>
<div><span><b>Heading:</b></span> <span>22&deg;</span></div>
</div>]]></description>
        <TimeStamp>
          <when>2025-08-25T09:22:12+00:00</when>
        </TimeStamp>
        <Style>
          <IconStyle>
            <heading>22</heading>
            <Icon>
              <href>http://maps.google.com/mapfiles/kml/shapes/airports.png</href>
            </Icon>
          </IconStyle>
        </Style>
        <Point>
          <altitudeMode>absolute</altitudeMode>
          <coordinates>-112.279648,33.543915,822.96</coordinates>
        </Point>
      </Placemark>
      <Placemark>
        <name>2025-08-25 09:22:18 UTC</name>
        <description><![CDATA[<div><div><span><b>Altitude:</b></span> <span>2,750 ft</span></div>
<div><span><b>Speed:</b></span> <span>98 kt</span></div>
<div><span><b>Heading:</b></span> <span>21&deg;</span></div>
</div>]]></description>
        <TimeStamp>
          <when>2025-08-25T09:22:18+00:00</when>
        </TimeStamp>
        <Style>
          <IconStyle>
            <heading>21</heading>
            <Icon>
              <href>http://maps.google.com/mapfiles/kml/shapes/airports.png</href>
            </Icon>
          </IconStyle>
        </Style>
        <Point>
          <altitudeMode>absolute</altitudeMode>
          <coordinates>-112.278427,33.54657,838.2</coordinates>
        </Point>
      </Placemark>
      <Placemark>
        <name>2025-08-25 09:22:27 UTC</name>
        <description><![CDATA[<div><div><span><b>Altitude:</b></span> <span>2,825 ft</span></div>
<div><span><b>Speed:</b></span> <span>99 kt</span></div>
<div><span><b>Heading:</b></span> <span>22&deg;</span></div>
</div>]]></description>
        <TimeStamp>
          <when>2025-08-25T09:22:27+00:00</when>
        </TimeStamp>
        <Style>
          <IconStyle>
            <heading>22</heading>
            <Icon>
              <href>http://maps.google.com/mapfiles/kml/shapes/airports.png</href>
            </Icon>
          </IconStyle>
        </Style>
        <Point>
          <altitudeMode>absolute</altitudeMode>
          <coordinates>-112.276573,33.550415,861.06</coordinates>
        </Point>
      </Placemark>
      <Placemark>
        <name>2025-08-25 09:22:36 UTC</name>
        <description><![CDATA[<div><div><span><b>Altitude:</b></span> <span>2,900 ft</span></div>
<div><span><b>Speed:</b></span> <span>99 kt</span></div>
<div><span><b>Heading:</b></span> <span>21&deg;</span></div>
</div>]]></description>
        <TimeStamp>
          <when>2025-08-25T09:22:36+00:00</when>
        </TimeStamp>
        <Style>
          <IconStyle>
            <heading>21</heading>
            <Icon>
              <href>http://maps.google.com/mapfiles/kml/shapes/airports.png</href>
            </Icon>
          </IconStyle>
        </Style>
        <Point>
          <altitudeMode>absolute</altitudeMode>
          <coordinates>-112.27478,33.554062,883.92</coordinates>
        </Point>
      </Placemark>
      <Placemark>
        <name>2025-08-25 09:22:42 UTC</name>
        <description><![CDATA[<div><div><span><b>Altitude:</b></span> <span>2,950 ft</span></div>
<div><span><b>Speed:</b></span> <span>99 kt</span></div>
<div><span><b>Heading:</b></span> <span>20&deg;</span></div>
</div>]]></description>
        <TimeStamp>
          <when>2025-08-25T09:22:42+00:00</when>
        </TimeStamp>
        <Style>
          <IconStyle>
            <heading>20</heading>
            <Icon>
              <href>http://maps.google.com/mapfiles/kml/shapes/airports.png</href>
            </Icon>
          </IconStyle>
        </Style>
        <Point>
          <altitudeMode>absolute</altitudeMode>
          <coordinates>-112.273468,33.556995,899.16</coordinates>
        </Point>
      </Placemark>
      <Placemark>
        <name>2025-08-25 09:22:49 UTC</name>
        <description><![CDATA[<div><div><span><b>Altitude:</b></span> <span>3,025 ft</span></div>
<div><span><b>Speed:</b></span> <span>98 kt</span></div>
<div><span><b>Heading:</b></span> <span>17&deg;</span></div>
</div>]]></description>
        <TimeStamp>
          <when>2025-08-25T09:22:49+00:00</when>
        </TimeStamp>
        <Style>
          <IconStyle>
            <heading>17</heading>
            <Icon>
              <href>http://maps.google.com/mapfiles/kml/shapes/airports.png</href>
            </Icon>
          </IconStyle>
        </Style>
        <Point>
          <altitudeMode>absolute</altitudeMode>
          <coordinates>-112.272377,33.559696,922.02</coordinates>
        </Point>
      </Placemark>
      <Placemark>
        <name>2025-08-25 09:22:51 UTC</name>
        <description><![CDATA[<div><div><span><b>Altitude:</b></span> <span>3,050 ft</span></div>
<div><span><b>Speed:</b></span> <span>100 kt</span></div>
<div><span><b>Heading:</b></span> <span>16&deg;</span></div>
</div>]]></description>
        <TimeStamp>
          <when>2025-08-25T09:22:51+00:00</when>
        </TimeStamp>
        <Style>
          <IconStyle>
            <heading>16</heading>
            <Icon>
              <href>http://maps.google.com/mapfiles/kml/shapes/airports.png</href>
            </Icon>
          </IconStyle>
        </Style>
        <Point>
          <altitudeMode>absolute</altitudeMode>
          <coordinates>-112.271919,33.560898,929.64</coordinates>
        </Point>
      </Placemark>
      <Placemark>
        <name>2025-08-25 09:22:54 UTC</name>
        <description><![CDATA[<div><div><span><b>Altitude:</b></span> <span>3,050 ft</span></div>
<div><span><b>Speed:</b></span> <span>101 kt</span></div>
<div><span><b>Heading:</b></span> <span>17&deg;</span></div>
</div>]]></description>
        <TimeStamp>
          <when>2025-08-25T09:22:54+00:00</when>
        </TimeStamp>
        <Style>
          <IconStyle>
            <heading>17</heading>
            <Icon>
              <href>http://maps.google.com/mapfiles/kml/shapes/airports.png</href>
            </Icon>
          </IconStyle>
        </Style>
        <Point>
          <altitudeMode>absolute</altitudeMode>
          <coordinates>-112.27153,33.561951,929.64</coordinates>
        </Point>
      </Placemark>
      <Placemark>
        <name>2025-08-25 09:22:56 UTC</name>
        <description><![CDATA[<div><div><span><b>Altitude:</b></span> <span>3,050 ft</span></div>
<div><span><b>Speed:</b></span> <span>103 kt</span></div>
<div><span><b>Heading:</b></span> <span>17&deg;</span></div>
</div>]]></description>
        <TimeStamp>
          <when>2025-08-25T09:22:56+00:00</when>
        </TimeStamp>
        <Style>
          <IconStyle>
            <heading>17</heading>
            <Icon>
              <href>http://maps.google.com/mapfiles/kml/shapes/airports.png</href>
            </Icon>
          </IconStyle>
        </Style>
        <Point>
          <altitudeMode>absolute</altitudeMode>
          <coordinates>-112.271233,33.562859,929.64</coordinates>
        </Point>
      </Placemark>
      <Placemark>
        <name>2025-08-25 09:22:58 UTC</name>
        <description><![CDATA[<div><div><span><b>Altitude:</b></span> <span>3,050 ft</span></div>
<div><span><b>Speed:</b></span> <span>104 kt</span></div>
<div><span><b>Heading:</b></span> <span>17&deg;</span></div>
</div>]]></description>
        <TimeStamp>
          <when>2025-08-25T09:22:58+00:00</when>
        </TimeStamp>
        <Style>
          <IconStyle>
            <heading>17</heading>
            <Icon>
              <href>http://maps.google.com/mapfiles/kml/shapes/airports.png</href>
            </Icon>
          </IconStyle>
        </Style>
        <Point>
          <altitudeMode>absolute</altitudeMode>
          <coordinates>-112.270798,33.564011,929.64</coordinates>
        </Point>
      </Placemark>
      <Placemark>
        <name>2025-08-25 09:23:00 UTC</name>
        <description><![CDATA[<div><div><span><b>Altitude:</b></span> <span>3,075 ft</span></div>
<div><span><b>Speed:</b></span> <span>104 kt</span></div>
<div><span><b>Heading:</b></span> <span>17&deg;</span></div>
</div>]]></description>
        <TimeStamp>
          <when>2025-08-25T09:23:00+00:00</when>
        </TimeStamp>
        <Style>
          <IconStyle>
            <heading>17</heading>
            <Icon>
              <href>http://maps.google.com/mapfiles/kml/shapes/airports.png</href>
            </Icon>
          </IconStyle>
        </Style>
        <Point>
          <altitudeMode>absolute</altitudeMode>
          <coordinates>-112.270355,33.565109,937.26</coordinates>
        </Point>
      </Placemark>
      <Placemark>
        <name>2025-08-25 09:23:07 UTC</name>
        <description><![CDATA[<div><div><span><b>Altitude:</b></span> <span>3,100 ft</span></div>
<div><span><b>Speed:</b></span> <span>107 kt</span></div>
<div><span><b>Heading:</b></span> <span>18&deg;</span></div>
</div>]]></description>
        <TimeStamp>
          <when>2025-08-25T09:23:07+00:00</when>
        </TimeStamp>
        <Style>
          <IconStyle>
            <heading>18</heading>
            <Icon>
              <href>http://maps.google.com/mapfiles/kml/shapes/airports.png</href>
            </Icon>
          </IconStyle>
        </Style>
        <Point>
          <altitudeMode>absolute</altitudeMode>
          <coordinates>-112.269119,33.568176,944.88</coordinates>
        </Point>
      </Placemark>
      <Placemark>
        <name>2025-08-25 09:23:16 UTC</name>
        <description><![CDATA[<div><div><span><b>Altitude:</b></span> <span>3,075 ft</span></div>
<div><span><b>Speed:</b></span> <span>112 kt</span></div>
<div><span><b>Heading:</b></span> <span>18&deg;</span></div>
</div>]]></description>
        <TimeStamp>
          <when>2025-08-25T09:23:16+00:00</when>
        </TimeStamp>
        <Style>
          <IconStyle>
            <heading>18</heading>
            <Icon>
              <href>http://maps.google.com/mapfiles/kml/shapes/airports.png</href>
            </Icon>
          </IconStyle>
        </Style>
        <Point>
          <altitudeMode>absolute</altitudeMode>
          <coordinates>-112.267326,33.572433,937.26</coordinates>
        </Point>
      </Placemark>
      <Placemark>
        <name>2025-08-25 09:23:25 UTC</name>
        <description><![CDATA[<div><div><span><b>Altitude:</b></span> <span>3,050 ft</span></div>
<div><span><b>Speed:</b></span> <span>114 kt</span></div>
<div><span><b>Heading:</b></span> <span>20&deg;</span></div>
</div>]]></description>
        <TimeStamp>
          <when>2025-08-25T09:23:25+00:00</when>
        </TimeStamp>
        <Style>
          <IconStyle>
            <heading>20</heading>
            <Icon>
              <href>http://maps.google.com/mapfiles/kml/shapes/airports.png</href>
            </Icon>
          </IconStyle>
        </Style>
        <Point>
          <altitudeMode>absolute</altitudeMode>
          <coordinates>-112.265625,33.576687,929.64</coordinates>
        </Point>
      </Placemark>
      <Placemark>
        <name>2025-08-25 09:23:29 UTC</name>
        <description><![CDATA[<div><div><span><b>Altitude:</b></span> <span>3,025 ft</span></div>
<div><span><b>Speed:</b></span> <span>114 kt</span></div>
<div><span><b>Heading:</b></span> <span>22&deg;</span></div>
</div>]]></description>
        <TimeStamp>
          <when>2025-08-25T09:23:29+00:00</when>
        </TimeStamp>
        <Style>
          <IconStyle>
            <heading>22</heading>
            <Icon>
              <href>http://maps.google.com/mapfiles/kml/shapes/airports.png</href>
            </Icon>
          </IconStyle>
        </Style>
        <Point>
          <altitudeMode>absolute</altitudeMode>
          <coordinates>-112.264633,33.578796,922.02</coordinates>
        </Point>
      </Placemark>
      <Placemark>
        <name>2025-08-25 09:23:38 UTC</name>
        <description><![CDATA[<div><div><span><b>Altitude:</b></span> <span>2,950 ft</span></div>
<div><span><b>Speed:</b></span> <span>115 kt</span></div>
<div><span><b>Heading:</b></span> <span>21&deg;</span></div>
</div>]]></description>
        <TimeStamp>
          <when>2025-08-25T09:23:38+00:00</when>
        </TimeStamp>
        <Style>
          <IconStyle>
            <heading>21</heading>
            <Icon>
              <href>http://maps.google.com/mapfiles/kml/shapes/airports.png</href>
            </Icon>
          </IconStyle>
        </Style>
        <Point>
          <altitudeMode>absolute</altitudeMode>
          <coordinates>-112.262482,33.583298,899.16</coordinates>
        </Point>
      </Placemark>
      <Placemark>
        <name>2025-08-25 09:23:46 UTC</name>
        <description><![CDATA[<div><div><span><b>Altitude:</b></span> <span>2,900 ft</span></div>
<div><span><b>Speed:</b></span> <span>112 kt</span></div>
<div><span><b>Heading:</b></span> <span>20&deg;</span></div>
</div>]]></description>
        <TimeStamp>
          <when>2025-08-25T09:23:46+00:00</when>
        </TimeStamp>
        <Style>
          <IconStyle>
            <heading>20</heading>
            <Icon>
              <href>http://maps.google.com/mapfiles/kml/shapes/airports.png</href>
            </Icon>
          </IconStyle>
        </Style>
        <Point>
          <altitudeMode>absolute</altitudeMode>
          <coordinates>-112.260651,33.58744,883.92</coordinates>
        </Point>
      </Placemark>
      <Placemark>
        <name>2025-08-25 09:23:53 UTC</name>
        <description><![CDATA[<div><div><span><b>Altitude:</b></span> <span>2,850 ft</span></div>
<div><span><b>Speed:</b></span> <span>111 kt</span></div>
<div><span><b>Heading:</b></span> <span>19&deg;</span></div>
</div>]]></description>
        <TimeStamp>
          <when>2025-08-25T09:23:53+00:00</when>
        </TimeStamp>
        <Style>
          <IconStyle>
            <heading>19</heading>
            <Icon>
              <href>http://maps.google.com/mapfiles/kml/shapes/airports.png</href>
            </Icon>
          </IconStyle>
        </Style>
        <Point>
          <altitudeMode>absolute</altitudeMode>
          <coordinates>-112.259277,33.590557,868.68</coordinates>
        </Point>
      </Placemark>
      <Placemark>
        <name>2025-08-25 09:23:59 UTC</name>
        <description><![CDATA[<div><div><span><b>Altitude:</b></span> <span>2,800 ft</span></div>
<div><span><b>Speed:</b></span> <span>110 kt</span></div>
<div><span><b>Heading:</b></span> <span>16&deg;</span></div>
</div>]]></description>
        <TimeStamp>
          <when>2025-08-25T09:23:59+00:00</when>
        </TimeStamp>
        <Style>
          <IconStyle>
            <heading>16</heading>
            <Icon>
              <href>http://maps.google.com/mapfiles/kml/shapes/airports.png</href>
            </Icon>
          </IconStyle>
        </Style>
        <Point>
          <altitudeMode>absolute</altitudeMode>
          <coordinates>-112.257965,33.593811,853.44</coordinates>
        </Point>
      </Placemark>
      <Placemark>
        <name>2025-08-25 09:24:02 UTC</name>
        <description><![CDATA[<div><div><span><b>Altitude:</b></span> <span>2,800 ft</span></div>
<div><span><b>Speed:</b></span> <span>110 kt</span></div>
<div><span><b>Heading:</b></span> <span>12&deg;</span></div>
</div>]]></description>
        <TimeStamp>
          <when>2025-08-25T09:24:02+00:00</when>
        </TimeStamp>
        <Style>
          <IconStyle>
            <heading>12</heading>
            <Icon>
              <href>http://maps.google.com/mapfiles/kml/shapes/airports.png</href>
            </Icon>
          </IconStyle>
        </Style>
        <Point>
          <altitudeMode>absolute</altitudeMode>
          <coordinates>-112.257629,33.594818,853.44</coordinates>
        </Point>
      </Placemark>
      <Placemark>
        <name>2025-08-25 09:24:04 UTC</name>
        <description><![CDATA[<div><div><span><b>Altitude:</b></span> <span>2,775 ft</span></div>
<div><span><b>Speed:</b></span> <span>111 kt</span></div>
<div><span><b>Heading:</b></span> <span>7&deg;</span></div>
</div>]]></description>
        <TimeStamp>
          <when>2025-08-25T09:24:04+00:00</when>
        </TimeStamp>
        <Style>
          <IconStyle>
            <heading>7</heading>
            <Icon>
              <href>http://maps.google.com/mapfiles/kml/shapes/airports.png</href>
            </Icon>
          </IconStyle>
        </Style>
        <Point>
          <altitudeMode>absolute</altitudeMode>
          <coordinates>-112.257347,33.596008,845.82</coordinates>
        </Point>
      </Placemark>
      <Placemark>
        <name>2025-08-25 09:24:06 UTC</name>
        <description><![CDATA[<div><div><span><b>Altitude:</b></span> <span>2,750 ft</span></div>
<div><span><b>Speed:</b></span> <span>111 kt</span></div>
<div><span><b>Heading:</b></span> <span>5&deg;</span></div>
</div>]]></description>
        <TimeStamp>
          <when>2025-08-25T09:24:06+00:00</when>
        </TimeStamp>
        <Style>
          <IconStyle>
            <heading>5</heading>
            <Icon>
              <href>http://maps.google.com/mapfiles/kml/shapes/airports.png</href>
            </Icon>
          </IconStyle>
        </Style>
        <Point>
          <altitudeMode>absolute</altitudeMode>
          <coordinates>-112.257217,33.597309,838.2</coordinates>
        </Point>
      </Placemark>
      <Placemark>
        <name>2025-08-25 09:24:09 UTC</name>
        <description><![CDATA[<div><div><span><b>Altitude:</b></span> <span>2,750 ft</span></div>
<div><span><b>Speed:</b></span> <span>110 kt</span></div>
<div><span><b>Heading:</b></span> <span>4&deg;</span></div>
</div>]]></description>
        <TimeStamp>
          <when>2025-08-25T09:24:09+00:00</when>
        </TimeStamp>
        <Style>
          <IconStyle>
            <heading>4</heading>
            <Icon>
              <href>http://maps.google.com/mapfiles/kml/shapes/airports.png</href>
            </Icon>
          </IconStyle>
        </Style>
        <Point>
          <altitudeMode>absolute</altitudeMode>
          <coordinates>-112.257095,33.59866,838.2</coordinates>
        </Point>
      </Placemark>
      <Placemark>
        <name>2025-08-25 09:24:11 UTC</name>
        <description><![CDATA[<div><div><span><b>Altitude:</b></span> <span>2,725 ft</span></div>
<div><span><b>Speed:</b></span> <span>109 kt</span></div>
<div><span><b>Heading:</b></span> <span>5&deg;</span></div>
</div>]]></description>
        <TimeStamp>
          <when>2025-08-25T09:24:11+00:00</when>
        </TimeStamp>
        <Style>
          <IconStyle>
            <heading>5</heading>
            <Icon>
              <href>http://maps.google.com/mapfiles/kml/shapes/airports.png</href>
            </Icon>
          </IconStyle>
        </Style>
        <Point>
          <altitudeMode>absolute</altitudeMode>
          <coordinates>-112.257011,33.599487,830.58</coordinates>
        </Point>
      </Placemark>
      <Placemark>
        <name>2025-08-25 09:24:13 UTC</name>
        <description><![CDATA[<div><div><span><b>Altitude:</b></span> <span>2,725 ft</span></div>
<div><span><b>Speed:</b></span> <span>107 kt</span></div>
<div><span><b>Heading:</b></span> <span>6&deg;</span></div>
</div>]]></description>
        <TimeStamp>
          <when>2025-08-25T09:24:13+00:00</when>
        </TimeStamp>
        <Style>
          <IconStyle>
            <heading>6</heading>
            <Icon>
              <href>http://maps.google.com/mapfiles/kml/shapes/airports.png</href>
            </Icon>
          </IconStyle>
        </Style>
        <Point>
          <altitudeMode>absolute</altitudeMode>
          <coordinates>-112.256866,33.600567,830.58</coordinates>
        </Point>
      </Placemark>
      <Placemark>
        <name>2025-08-25 09:24:15 UTC</name>
        <description><![CDATA[<div><div><span><b>Altitude:</b></span> <span>2,725 ft</span></div>
<div><span><b>Speed:</b></span> <span>105 kt</span></div>
<div><span><b>Heading:</b></span> <span>7&deg;</span></div>
</div>]]></description>
        <TimeStamp>
          <when>2025-08-25T09:24:15+00:00</when>
        </TimeStamp>
        <Style>
          <IconStyle>
            <heading>7</heading>
            <Icon>
              <href>http://maps.google.com/mapfiles/kml/shapes/airports.png</href>
            </Icon>
          </IconStyle>
        </Style>
        <Point>
          <altitudeMode>absolute</altitudeMode>
          <coordinates>-112.256676,33.601685,830.58</coordinates>
        </Point>
      </Placemark>
      <Placemark>
        <name>2025-08-25 09:24:17 UTC</name>
        <description><![CDATA[<div><div><span><b>Altitude:</b></span> <span>2,725 ft</span></div>
<div><span><b>Speed:</b></span> <span>104 kt</span></div>
<div><span><b>Heading:</b></span> <span>7&deg;</span></div>
</div>]]></description>
        <TimeStamp>
          <when>2025-08-25T09:24:17+00:00</when>
        </TimeStamp>
        <Style>
          <IconStyle>
            <heading>7</heading>
            <Icon>
              <href>http://maps.google.com/mapfiles/kml/shapes/airports.png</href>
            </Icon>
          </IconStyle>
        </Style>
        <Point>
          <altitudeMode>absolute</altitudeMode>
          <coordinates>-112.256508,33.602966,830.58</coordinates>
        </Point>
      </Placemark>
      <Placemark>
        <name>2025-08-25 09:24:20 UTC</name>
        <description><![CDATA[<div><div><span><b>Altitude:</b></span> <span>2,725 ft</span></div>
<div><span><b>Speed:</b></span> <span>104 kt</span></div>
<div><span><b>Heading:</b></span> <span>8&deg;</span></div>
</div>]]></description>
        <TimeStamp>
          <when>2025-08-25T09:24:20+00:00</when>
        </TimeStamp>
        <Style>
          <IconStyle>
            <heading>8</heading>
            <Icon>
              <href>http://maps.google.com/mapfiles/kml/shapes/airports.png</href>
            </Icon>
          </IconStyle>
        </Style>
        <Point>
          <altitudeMode>absolute</altitudeMode>
          <coordinates>-112.25634,33.603928,830.58</coordinates>
        </Point>
      </Placemark>
      <Placemark>
        <name>2025-08-25 09:24:22 UTC</name>
        <description><![CDATA[<div><div><span><b>Altitude:</b></span> <span>2,725 ft</span></div>
<div><span><b>Speed:</b></span> <span>103 kt</span></div>
<div><span><b>Heading:</b></span> <span>10&deg;</span></div>
</div>]]></description>
        <TimeStamp>
          <when>2025-08-25T09:24:22+00:00</when>
        </TimeStamp>
        <Style>
          <IconStyle>
            <heading>10</heading>
            <Icon>
              <href>http://maps.google.com/mapfiles/kml/shapes/airports.png</href>
            </Icon>
          </IconStyle>
        </Style>
        <Point>
          <altitudeMode>absolute</altitudeMode>
          <coordinates>-112.256126,33.605083,830.58</coordinates>
        </Point>
      </Placemark>
      <Placemark>
        <name>2025-08-25 09:24:24 UTC</name>
        <description><![CDATA[<div><div><span><b>Altitude:</b></span> <span>2,725 ft</span></div>
<div><span><b>Speed:</b></span> <span>103 kt</span></div>
<div><span><b>Heading:</b></span> <span>11&deg;</span></div>
</div>]]></description>
        <TimeStamp>
          <when>2025-08-25T09:24:24+00:00</when>
        </TimeStamp>
        <Style>
          <IconStyle>
            <heading>11</heading>
            <Icon>
              <href>http://maps.google.com/mapfiles/kml/shapes/airports.png</href>
            </Icon>
          </IconStyle>
        </Style>
        <Point>
          <altitudeMode>absolute</altitudeMode>
          <coordinates>-112.25589,33.605988,830.58</coordinates>
        </Point>
      </Placemark>
      <Placemark>
        <name>2025-08-25 09:24:26 UTC</name>
        <description><![CDATA[<div><div><span><b>Altitude:</b></span> <span>2,725 ft</span></div>
<div><span><b>Speed:</b></span> <span>102 kt</span></div>
<div><span><b>Heading:</b></span> <span>13&deg;</span></div>
</div>]]></description>
        <TimeStamp>
          <when>2025-08-25T09:24:26+00:00</when>
        </TimeStamp>
        <Style>
          <IconStyle>
            <heading>13</heading>
            <Icon>
              <href>http://maps.google.com/mapfiles/kml/shapes/airports.png</href>
            </Icon>
          </IconStyle>
        </Style>
        <Point>
          <altitudeMode>absolute</altitudeMode>
          <coordinates>-112.255669,33.606903,830.58</coordinates>
        </Point>
      </Placemark>
      <Placemark>
        <name>2025-08-25 09:24:33 UTC</name>
        <description><![CDATA[<div><div><span><b>Altitude:</b></span> <span>2,675 ft</span></div>
<div><span><b>Speed:</b></span> <span>104 kt</span></div>
<div><span><b>Heading:</b></span> <span>16&deg;</span></div>
</div>]]></description>
        <TimeStamp>
          <when>2025-08-25T09:24:33+00:00</when>
        </TimeStamp>
        <Style>
          <IconStyle>
            <heading>16</heading>
            <Icon>
              <href>http://maps.google.com/mapfiles/kml/shapes/airports.png</href>
            </Icon>
          </IconStyle>
        </Style>
        <Point>
          <altitudeMode>absolute</altitudeMode>
          <coordinates>-112.254524,33.61039,815.34</coordinates>
        </Point>
      </Placemark>
      <Placemark>
        <name>2025-08-25 09:24:35 UTC</name>
        <description><![CDATA[<div><div><span><b>Altitude:</b></span> <span>2,650 ft</span></div>
<div><span><b>Speed:</b></span> <span>104 kt</span></div>
<div><span><b>Heading:</b></span> <span>17&deg;</span></div>
</div>]]></description>
        <TimeStamp>
          <when>2025-08-25T09:24:35+00:00</when>
        </TimeStamp>
        <Style>
          <IconStyle>
            <heading>17</heading>
            <Icon>
              <href>http://maps.google.com/mapfiles/kml/shapes/airports.png</href>
            </Icon>
          </IconStyle>
        </Style>
        <Point>
          <altitudeMode>absolute</altitudeMode>
          <coordinates>-112.254211,33.611389,807.72</coordinates>
        </Point>
      </Placemark>
      <Placemark>
        <name>2025-08-25 09:24:37 UTC</name>
        <description><![CDATA[<div><div><span><b>Altitude:</b></span> <span>2,650 ft</span></div>
<div><span><b>Speed:</b></span> <span>104 kt</span></div>
<div><span><b>Heading:</b></span> <span>17&deg;</span></div>
</div>]]></description>
        <TimeStamp>
          <when>2025-08-25T09:24:37+00:00</when>
        </TimeStamp>
        <Style>
          <IconStyle>
            <heading>17</heading>
            <Icon>
              <href>http://maps.google.com/mapfiles/kml/shapes/airports.png</href>
            </Icon>
          </IconStyle>
        </Style>
        <Point>
          <altitudeMode>absolute</altitudeMode>
          <coordinates>-112.253838,33.612251,807.72</coordinates>
        </Point>
      </Placemark>
      <Placemark>
        <name>2025-08-25 09:24:40 UTC</name>
        <description><![CDATA[<div><div><span><b>Altitude:</b></span> <span>2,650 ft</span></div>
<div><span><b>Speed:</b></span> <span>104 kt</span></div>
<div><span><b>Heading:</b></span> <span>18&deg;</span></div>
</div>]]></description>
        <TimeStamp>
          <when>2025-08-25T09:24:40+00:00</when>
        </TimeStamp>
        <Style>
          <IconStyle>
            <heading>18</heading>
            <Icon>
              <href>http://maps.google.com/mapfiles/kml/shapes/airports.png</href>
            </Icon>
          </IconStyle>
        </Style>
        <Point>
          <altitudeMode>absolute</altitudeMode>
          <coordinates>-112.253365,33.613403,807.72</coordinates>
        </Point>
      </Placemark>
      <Placemark>
        <name>2025-08-25 09:24:42 UTC</name>
        <description><![CDATA[<div><div><span><b>Altitude:</b></span> <span>2,625 ft</span></div>
<div><span><b>Speed:</b></span> <span>105 kt</span></div>
<div><span><b>Heading:</b></span> <span>19&deg;</span></div>
</div>]]></description>
        <TimeStamp>
          <when>2025-08-25T09:24:42+00:00</when>
        </TimeStamp>
        <Style>
          <IconStyle>
            <heading>19</heading>
            <Icon>
              <href>http://maps.google.com/mapfiles/kml/shapes/airports.png</href>
            </Icon>
          </IconStyle>
        </Style>
        <Point>
          <altitudeMode>absolute</altitudeMode>
          <coordinates>-112.25309,33.614136,800.1</coordinates>
        </Point>
      </Placemark>
      <Placemark>
        <name>2025-08-25 09:24:44 UTC</name>
        <description><![CDATA[<div><div><span><b>Altitude:</b></span> <span>2,600 ft</span></div>
<div><span><b>Speed:</b></span> <span>106 kt</span></div>
<div><span><b>Heading:</b></span> <span>19&deg;</span></div>
</div>]]></description>
        <TimeStamp>
          <when>2025-08-25T09:24:44+00:00</when>
        </TimeStamp>
        <Style>
          <IconStyle>
            <heading>19</heading>
            <Icon>
              <href>http://maps.google.com/mapfiles/kml/shapes/airports.png</href>
            </Icon>
          </IconStyle>
        </Style>
        <Point>
          <altitudeMode>absolute</altitudeMode>
          <coordinates>-112.252693,33.615051,792.48</coordinates>
        </Point>
      </Placemark>
      <Placemark>
        <name>2025-08-25 09:24:46 UTC</name>
        <description><![CDATA[<div><div><span><b>Altitude:</b></span> <span>2,575 ft</span></div>
<div><span><b>Speed:</b></span> <span>107 kt</span></div>
<div><span><b>Heading:</b></span> <span>19&deg;</span></div>
</div>]]></description>
        <TimeStamp>
          <when>2025-08-25T09:24:46+00:00</when>
        </TimeStamp>
        <Style>
          <IconStyle>
            <heading>19</heading>
            <Icon>
              <href>http://maps.google.com/mapfiles/kml/shapes/airports.png</href>
            </Icon>
          </IconStyle>
        </Style>
        <Point>
          <altitudeMode>absolute</altitudeMode>
          <coordinates>-112.252251,33.616196,784.86</coordinates>
        </Point>
      </Placemark>
      <Placemark>
        <name>2025-08-25 09:24:48 UTC</name>
        <description><![CDATA[<div><div><span><b>Altitude:</b></span> <span>2,575 ft</span></div>
<div><span><b>Speed:</b></span> <span>106 kt</span></div>
<div><span><b>Heading:</b></span> <span>19&deg;</span></div>
</div>]]></description>
        <TimeStamp>
          <when>2025-08-25T09:24:48+00:00</when>
        </TimeStamp>
        <Style>
          <IconStyle>
            <heading>19</heading>
            <Icon>
              <href>http://maps.google.com/mapfiles/kml/shapes/airports.png</href>
            </Icon>
          </IconStyle>
        </Style>
        <Point>
          <altitudeMode>absolute</altitudeMode>
          <coordinates>-112.251801,33.617111,784.86</coordinates>
        </Point>
      </Placemark>
      <Placemark>
        <name>2025-08-25 09:24:50 UTC</name>
        <description><![CDATA[<div><div><span><b>Altitude:</b></span> <span>2,550 ft</span></div>
<div><span><b>Speed:</b></span> <span>105 kt</span></div>
<div><span><b>Heading:</b></span> <span>19&deg;</span></div>
</div>]]></description>
        <TimeStamp>
          <when>2025-08-25T09:24:50+00:00</when>
        </TimeStamp>
        <Style>
          <IconStyle>
            <heading>19</heading>
            <Icon>
              <href>http://maps.google.com/mapfiles/kml/shapes/airports.png</href>
            </Icon>
          </IconStyle>
        </Style>
        <Point>
          <altitudeMode>absolute</altitudeMode>
          <coordinates>-112.25132,33.618256,777.24</coordinates>
        </Point>
      </Placemark>
      <Placemark>
        <name>2025-08-25 09:24:53 UTC</name>
        <description><![CDATA[<div><div><span><b>Altitude:</b></span> <span>2,550 ft</span></div>
<div><span><b>Speed:</b></span> <span>103 kt</span></div>
<div><span><b>Heading:</b></span> <span>19&deg;</span></div>
</div>]]></description>
        <TimeStamp>
          <when>2025-08-25T09:24:53+00:00</when>
        </TimeStamp>
        <Style>
          <IconStyle>
            <heading>19</heading>
            <Icon>
              <href>http://maps.google.com/mapfiles/kml/shapes/airports.png</href>
            </Icon>
          </IconStyle>
        </Style>
        <Point>
          <altitudeMode>absolute</altitudeMode>
          <coordinates>-112.250961,33.619217,777.24</coordinates>
        </Point>
      </Placemark>
      <Placemark>
        <name>2025-08-25 09:24:55 UTC</name>
        <description><![CDATA[<div><div><span><b>Altitude:</b></span> <span>2,550 ft</span></div>
<div><span><b>Speed:</b></span> <span>102 kt</span></div>
<div><span><b>Heading:</b></span> <span>17&deg;</span></div>
</div>]]></description>
        <TimeStamp>
          <when>2025-08-25T09:24:55+00:00</when>
        </TimeStamp>
        <Style>
          <IconStyle>
            <heading>17</heading>
            <Icon>
              <href>http://maps.google.com/mapfiles/kml/shapes/airports.png</href>
            </Icon>
          </IconStyle>
        </Style>
        <Point>
          <altitudeMode>absolute</altitudeMode>
          <coordinates>-112.250565,33.620224,777.24</coordinates>
        </Point>
      </Placemark>
      <Placemark>
        <name>2025-08-25 09:25:02 UTC</name>
        <description><![CDATA[<div><div><span><b>Altitude:</b></span> <span>2,525 ft</span></div>
<div><span><b>Speed:</b></span> <span>100 kt</span></div>
<div><span><b>Heading:</b></span> <span>15&deg;</span></div>
</div>]]></description>
        <TimeStamp>
          <when>2025-08-25T09:25:02+00:00</when>
        </TimeStamp>
        <Style>
          <IconStyle>
            <heading>15</heading>
            <Icon>
              <href>http://maps.google.com/mapfiles/kml/shapes/airports.png</href>
            </Icon>
          </IconStyle>
        </Style>
        <Point>
          <altitudeMode>absolute</altitudeMode>
          <coordinates>-112.249374,33.623566,769.62</coordinates>
        </Point>
      </Placemark>
      <Placemark>
        <name>2025-08-25 09:25:06 UTC</name>
        <description><![CDATA[<div><div><span><b>Altitude:</b></span> <span>2,575 ft</span></div>
<div><span><b>Speed:</b></span> <span>94 kt</span></div>
<div><span><b>Heading:</b></span> <span>12&deg;</span></div>
</div>]]></description>
        <TimeStamp>
          <when>2025-08-25T09:25:06+00:00</when>
        </TimeStamp>
        <Style>
          <IconStyle>
            <heading>12</heading>
            <Icon>
              <href>http://maps.google.com/mapfiles/kml/shapes/airports.png</href>
            </Icon>
          </IconStyle>
        </Style>
        <Point>
          <altitudeMode>absolute</altitudeMode>
          <coordinates>-112.248856,33.625286,784.86</coordinates>
        </Point>
      </Placemark>
      <Placemark>
        <name>2025-08-25 09:25:08 UTC</name>
        <description><![CDATA[<div><div><span><b>Altitude:</b></span> <span>2,600 ft</span></div>
<div><span><b>Speed:</b></span> <span>92 kt</span></div>
<div><span><b>Heading:</b></span> <span>11&deg;</span></div>
</div>]]></description>
        <TimeStamp>
          <when>2025-08-25T09:25:08+00:00</when>
        </TimeStamp>
        <Style>
          <IconStyle>
            <heading>11</heading>
            <Icon>
              <href>http://maps.google.com/mapfiles/kml/shapes/airports.png</href>
            </Icon>
          </IconStyle>
        </Style>
        <Point>
          <altitudeMode>absolute</altitudeMode>
          <coordinates>-112.248573,33.626404,792.48</coordinates>
        </Point>
      </Placemark>
      <Placemark>
        <name>2025-08-25 09:25:11 UTC</name>
        <description><![CDATA[<div><div><span><b>Altitude:</b></span> <span>2,625 ft</span></div>
<div><span><b>Speed:</b></span> <span>90 kt</span></div>
<div><span><b>Heading:</b></span> <span>12&deg;</span></div>
</div>]]></description>
        <TimeStamp>
          <when>2025-08-25T09:25:11+00:00</when>
        </TimeStamp>
        <Style>
          <IconStyle>
            <heading>12</heading>
            <Icon>
              <href>http://maps.google.com/mapfiles/kml/shapes/airports.png</href>
            </Icon>
          </IconStyle>
        </Style>
        <Point>
          <altitudeMode>absolute</altitudeMode>
          <coordinates>-112.248344,33.627243,800.1</coordinates>
        </Point>
      </Placemark>
      <Placemark>
        <name>2025-08-25 09:25:13 UTC</name>
        <description><![CDATA[<div><div><span><b>Altitude:</b></span> <span>2,650 ft</span></div>
<div><span><b>Speed:</b></span> <span>89 kt</span></div>
<div><span><b>Heading:</b></span> <span>12&deg;</span></div>
</div>]]></description>
        <TimeStamp>
          <when>2025-08-25T09:25:13+00:00</when>
        </TimeStamp>
        <Style>
          <IconStyle>
            <heading>12</heading>
            <Icon>
              <href>http://maps.google.com/mapfiles/kml/shapes/airports.png</href>
            </Icon>
          </IconStyle>
        </Style>
        <Point>
          <altitudeMode>absolute</altitudeMode>
          <coordinates>-112.2481,33.628143,807.72</coordinates>
        </Point>
      </Placemark>
      <Placemark>
        <name>2025-08-25 09:25:15 UTC</name>
        <description><![CDATA[<div><div><span><b>Altitude:</b></span> <span>2,675 ft</span></div>
<div><span><b>Speed:</b></span> <span>86 kt</span></div>
<div><span><b>Heading:</b></span> <span>12&deg;</span></div>
</div>]]></description>
        <TimeStamp>
          <when>2025-08-25T09:25:15+00:00</when>
        </TimeStamp>
        <Style>
          <IconStyle>
            <heading>12</heading>
            <Icon>
              <href>http://maps.google.com/mapfiles/kml/shapes/airports.png</href>
            </Icon>
          </IconStyle>
        </Style>
        <Point>
          <altitudeMode>absolute</altitudeMode>
          <coordinates>-112.247887,33.628963,815.34</coordinates>
        </Point>
      </Placemark>
      <Placemark>
        <name>2025-08-25 09:25:17 UTC</name>
        <description><![CDATA[<div><div><span><b>Altitude:</b></span> <span>2,700 ft</span></div>
<div><span><b>Speed:</b></span> <span>85 kt</span></div>
<div><span><b>Heading:</b></span> <span>14&deg;</span></div>
</div>]]></description>
        <TimeStamp>
          <when>2025-08-25T09:25:17+00:00</when>
        </TimeStamp>
        <Style>
          <IconStyle>
            <heading>14</heading>
            <Icon>
              <href>http://maps.google.com/mapfiles/kml/shapes/airports.png</href>
            </Icon>
          </IconStyle>
        </Style>
        <Point>
          <altitudeMode>absolute</altitudeMode>
          <coordinates>-112.247704,33.629562,822.96</coordinates>
        </Point>
      </Placemark>
      <Placemark>
        <name>2025-08-25 09:25:19 UTC</name>
        <description><![CDATA[<div><div><span><b>Altitude:</b></span> <span>2,700 ft</span></div>
<div><span><b>Speed:</b></span> <span>84 kt</span></div>
<div><span><b>Heading:</b></span> <span>13&deg;</span></div>
</div>]]></description>
        <TimeStamp>
          <when>2025-08-25T09:25:19+00:00</when>
        </TimeStamp>
        <Style>
          <IconStyle>
            <heading>13</heading>
            <Icon>
              <href>http://maps.google.com/mapfiles/kml/shapes/airports.png</href>
            </Icon>
          </IconStyle>
        </Style>
        <Point>
          <altitudeMode>absolute</altitudeMode>
          <coordinates>-112.247429,33.630478,822.96</coordinates>
        </Point>
      </Placemark>
      <Placemark>
        <name>2025-08-25 09:25:21 UTC</name>
        <description><![CDATA[<div><div><span><b>Altitude:</b></span> <span>2,725 ft</span></div>
<div><span><b>Speed:</b></span> <span>84 kt</span></div>
<div><span><b>Heading:</b></span> <span>13&deg;</span></div>
</div>]]></description>
        <TimeStamp>
          <when>2025-08-25T09:25:21+00:00</when>
        </TimeStamp>
        <Style>
          <IconStyle>
            <heading>13</heading>
            <Icon>
              <href>http://maps.google.com/mapfiles/kml/shapes/airports.png</href>
            </Icon>
          </IconStyle>
        </Style>
        <Point>
          <altitudeMode>absolute</altitudeMode>
          <coordinates>-112.247253,33.631199,830.58</coordinates>
        </Point>
      </Placemark>
      <Placemark>
        <name>2025-08-25 09:25:23 UTC</name>
        <description><![CDATA[<div><div><span><b>Altitude:</b></span> <span>2,750 ft</span></div>
<div><span><b>Speed:</b></span> <span>83 kt</span></div>
<div><span><b>Heading:</b></span> <span>11&deg;</span></div>
</div>]]></description>
        <TimeStamp>
          <when>2025-08-25T09:25:23+00:00</when>
        </TimeStamp>
        <Style>
          <IconStyle>
            <heading>11</heading>
            <Icon>
              <href>http://maps.google.com/mapfiles/kml/shapes/airports.png</href>
            </Icon>
          </IconStyle>
        </Style>
        <Point>
          <altitudeMode>absolute</altitudeMode>
          <coordinates>-112.246971,33.63213,838.2</coordinates>
        </Point>
      </Placemark>
      <Placemark>
        <name>2025-08-25 09:25:25 UTC</name>
        <description><![CDATA[<div><div><span><b>Altitude:</b></span> <span>2,750 ft</span></div>
<div><span><b>Speed:</b></span> <span>84 kt</span></div>
<div><span><b>Heading:</b></span> <span>10&deg;</span></div>
</div>]]></description>
        <TimeStamp>
          <when>2025-08-25T09:25:25+00:00</when>
        </TimeStamp>
        <Style>
          <IconStyle>
            <heading>10</heading>
            <Icon>
              <href>http://maps.google.com/mapfiles/kml/shapes/airports.png</href>
            </Icon>
          </IconStyle>
        </Style>
        <Point>
          <altitudeMode>absolute</altitudeMode>
          <coordinates>-112.246796,33.632874,838.2</coordinates>
        </Point>
      </Placemark>
      <Placemark>
        <name>2025-08-25 09:25:27 UTC</name>
        <description><![CDATA[<div><div><span><b>Altitude:</b></span> <span>2,775 ft</span></div>
<div><span><b>Speed:</b></span> <span>84 kt</span></div>
<div><span><b>Heading:</b></span> <span>10&deg;</span></div>
</div>]]></description>
        <TimeStamp>
          <when>2025-08-25T09:25:27+00:00</when>
        </TimeStamp>
        <Style>
          <IconStyle>
            <heading>10</heading>
            <Icon>
              <href>http://maps.google.com/mapfiles/kml/shapes/airports.png</href>
            </Icon>
          </IconStyle>
        </Style>
        <Point>
          <altitudeMode>absolute</altitudeMode>
          <coordinates>-112.246643,33.633774,845.82</coordinates>
        </Point>
      </Placemark>
      <Placemark>
        <name>2025-08-25 09:25:29 UTC</name>
        <description><![CDATA[<div><div><span><b>Altitude:</b></span> <span>2,800 ft</span></div>
<div><span><b>Speed:</b></span> <span>85 kt</span></div>
<div><span><b>Heading:</b></span> <span>9&deg;</span></div>
</div>]]></description>
        <TimeStamp>
          <when>2025-08-25T09:25:29+00:00</when>
        </TimeStamp>
        <Style>
          <IconStyle>
            <heading>9</heading>
            <Icon>
              <href>http://maps.google.com/mapfiles/kml/shapes/airports.png</href>
            </Icon>
          </IconStyle>
        </Style>
        <Point>
          <altitudeMode>absolute</altitudeMode>
          <coordinates>-112.246475,33.634552,853.44</coordinates>
        </Point>
      </Placemark>
      <Placemark>
        <name>2025-08-25 09:25:38 UTC</name>
        <description><![CDATA[<div><div><span><b>Altitude:</b></span> <span>2,850 ft</span></div>
<div><span><b>Speed:</b></span> <span>87 kt</span></div>
<div><span><b>Heading:</b></span> <span>12&deg;</span></div>
</div>]]></description>
        <TimeStamp>
          <when>2025-08-25T09:25:38+00:00</when>
        </TimeStamp>
        <Style>
          <IconStyle>
            <heading>12</heading>
            <Icon>
              <href>http://maps.google.com/mapfiles/kml/shapes/airports.png</href>
            </Icon>
          </IconStyle>
        </Style>
        <Point>
          <altitudeMode>absolute</altitudeMode>
          <coordinates>-112.245712,33.637947,868.68</coordinates>
        </Point>
      </Placemark>
      <Placemark>
        <name>2025-08-25 09:25:44 UTC</name>
        <description><![CDATA[<div><div><span><b>Altitude:</b></span> <span>2,850 ft</span></div>
<div><span><b>Speed:</b></span> <span>86 kt</span></div>
<div><span><b>Heading:</b></span> <span>18&deg;</span></div>
</div>]]></description>
        <TimeStamp>
          <when>2025-08-25T09:25:44+00:00</when>
        </TimeStamp>
        <Style>
          <IconStyle>
            <heading>18</heading>
            <Icon>
              <href>http://maps.google.com/mapfiles/kml/shapes/airports.png</href>
            </Icon>
          </IconStyle>
        </Style>
        <Point>
          <altitudeMode>absolute</altitudeMode>
          <coordinates>-112.244904,33.64032,868.68</coordinates>
        </Point>
      </Placemark>
      <Placemark>
        <name>2025-08-25 09:25:49 UTC</name>
        <description><![CDATA[<div><div><span><b>Altitude:</b></span> <span>2,900 ft</span></div>
<div><span><b>Speed:</b></span> <span>82 kt</span></div>
<div><span><b>Heading:</b></span> <span>19&deg;</span></div>
</div>]]></description>
        <TimeStamp>
          <when>2025-08-25T09:25:49+00:00</when>
        </TimeStamp>
        <Style>
          <IconStyle>
            <heading>19</heading>
            <Icon>
              <href>http://maps.google.com/mapfiles/kml/shapes/airports.png</href>
            </Icon>
          </IconStyle>
        </Style>
        <Point>
          <altitudeMode>absolute</altitudeMode>
          <coordinates>-112.244232,33.641968,883.92</coordinates>
        </Point>
      </Placemark>
      <Placemark>
        <name>2025-08-25 09:25:51 UTC</name>
        <description><![CDATA[<div><div><span><b>Altitude:</b></span> <span>2,900 ft</span></div>
<div><span><b>Speed:</b></span> <span>81 kt</span></div>
<div><span><b>Heading:</b></span> <span>18&deg;</span></div>
</div>]]></description>
        <TimeStamp>
          <when>2025-08-25T09:25:51+00:00</when>
        </TimeStamp>
        <Style>
          <IconStyle>
            <heading>18</heading>
            <Icon>
              <href>http://maps.google.com/mapfiles/kml/shapes/airports.png</href>
            </Icon>
          </IconStyle>
        </Style>
        <Point>
          <altitudeMode>absolute</altitudeMode>
          <coordinates>-112.24395,33.642746,883.92</coordinates>
        </Point>
      </Placemark>
      <Placemark>
        <name>2025-08-25 09:25:53 UTC</name>
        <description><![CDATA[<div><div><span><b>Altitude:</b></span> <span>2,925 ft</span></div>
<div><span><b>Speed:</b></span> <span>81 kt</span></div>
<div><span><b>Heading:</b></span> <span>18&deg;</span></div>
</div>]]></description>
        <TimeStamp>
          <when>2025-08-25T09:25:53+00:00</when>
        </TimeStamp>
        <Style>
          <IconStyle>
            <heading>18</heading>
            <Icon>
              <href>http://maps.google.com/mapfiles/kml/shapes/airports.png</href>
            </Icon>
          </IconStyle>
        </Style>
        <Point>
          <altitudeMode>absolute</altitudeMode>
          <coordinates>-112.243561,33.643616,891.54</coordinates>
        </Point>
      </Placemark>
      <Placemark>
        <name>2025-08-25 09:25:55 UTC</name>
        <description><![CDATA[<div><div><span><b>Altitude:</b></span> <span>2,950 ft</span></div>
<div><span><b>Speed:</b></span> <span>81 kt</span></div>
<div><span><b>Heading:</b></span> <span>18&deg;</span></div>
</div>]]></description>
        <TimeStamp>
          <when>2025-08-25T09:25:55+00:00</when>
        </TimeStamp>
        <Style>
          <IconStyle>
            <heading>18</heading>
            <Icon>
              <href>http://maps.google.com/mapfiles/kml/shapes/airports.png</href>
            </Icon>
          </IconStyle>
        </Style>
        <Point>
          <altitudeMode>absolute</altitudeMode>
          <coordinates>-112.243225,33.644485,899.16</coordinates>
        </Point>
      </Placemark>
      <Placemark>
        <name>2025-08-25 09:25:58 UTC</name>
        <description><![CDATA[<div><div><span><b>Altitude:</b></span> <span>2,975 ft</span></div>
<div><span><b>Speed:</b></span> <span>80 kt</span></div>
<div><span><b>Heading:</b></span> <span>18&deg;</span></div>
</div>]]></description>
        <TimeStamp>
          <when>2025-08-25T09:25:58+00:00</when>
        </TimeStamp>
        <Style>
          <IconStyle>
            <heading>18</heading>
            <Icon>
              <href>http://maps.google.com/mapfiles/kml/shapes/airports.png</href>
            </Icon>
          </IconStyle>
        </Style>
        <Point>
          <altitudeMode>absolute</altitudeMode>
          <coordinates>-112.242943,33.645172,906.78</coordinates>
        </Point>
      </Placemark>
      <Placemark>
        <name>2025-08-25 09:26:00 UTC</name>
        <description><![CDATA[<div><div><span><b>Altitude:</b></span> <span>2,975 ft</span></div>
<div><span><b>Speed:</b></span> <span>80 kt</span></div>
<div><span><b>Heading:</b></span> <span>18&deg;</span></div>
</div>]]></description>
        <TimeStamp>
          <when>2025-08-25T09:26:00+00:00</when>
        </TimeStamp>
        <Style>
          <IconStyle>
            <heading>18</heading>
            <Icon>
              <href>http://maps.google.com/mapfiles/kml/shapes/airports.png</href>
            </Icon>
          </IconStyle>
        </Style>
        <Point>
          <altitudeMode>absolute</altitudeMode>
          <coordinates>-112.242676,33.645863,906.78</coordinates>
        </Point>
      </Placemark>
      <Placemark>
        <name>2025-08-25 09:26:02 UTC</name>
        <description><![CDATA[<div><div><span><b>Altitude:</b></span> <span>3,000 ft</span></div>
<div><span><b>Speed:</b></span> <span>79 kt</span></div>
<div><span><b>Heading:</b></span> <span>16&deg;</span></div>
</div>]]></description>
        <TimeStamp>
          <when>2025-08-25T09:26:02+00:00</when>
        </TimeStamp>
        <Style>
          <IconStyle>
            <heading>16</heading>
            <Icon>
              <href>http://maps.google.com/mapfiles/kml/shapes/airports.png</href>
            </Icon>
          </IconStyle>
        </Style>
        <Point>
          <altitudeMode>absolute</altitudeMode>
          <coordinates>-112.242325,33.646729,914.4</coordinates>
        </Point>
      </Placemark>
      <Placemark>
        <name>2025-08-25 09:26:11 UTC</name>
        <description><![CDATA[<div><div><span><b>Altitude:</b></span> <span>3,050 ft</span></div>
<div><span><b>Speed:</b></span> <span>84 kt</span></div>
<div><span><b>Heading:</b></span> <span>13&deg;</span></div>
</div>]]></description>
        <TimeStamp>
          <when>2025-08-25T09:26:11+00:00</when>
        </TimeStamp>
        <Style>
          <IconStyle>
            <heading>13</heading>
            <Icon>
              <href>http://maps.google.com/mapfiles/kml/shapes/airports.png</href>
            </Icon>
          </IconStyle>
        </Style>
        <Point>
          <altitudeMode>absolute</altitudeMode>
          <coordinates>-112.241302,33.650101,929.64</coordinates>
        </Point>
      </Placemark>
      <Placemark>
        <name>2025-08-25 09:26:13 UTC</name>
        <description><![CDATA[<div><div><span><b>Altitude:</b></span> <span>3,050 ft</span></div>
<div><span><b>Speed:</b></span> <span>84 kt</span></div>
<div><span><b>Heading:</b></span> <span>13&deg;</span></div>
</div>]]></description>
        <TimeStamp>
          <when>2025-08-25T09:26:13+00:00</when>
        </TimeStamp>
        <Style>
          <IconStyle>
            <heading>13</heading>
            <Icon>
              <href>http://maps.google.com/mapfiles/kml/shapes/airports.png</href>
            </Icon>
          </IconStyle>
        </Style>
        <Point>
          <altitudeMode>absolute</altitudeMode>
          <coordinates>-112.241035,33.650894,929.64</coordinates>
        </Point>
      </Placemark>
      <Placemark>
        <name>2025-08-25 09:26:16 UTC</name>
        <description><![CDATA[<div><div><span><b>Altitude:</b></span> <span>3,050 ft</span></div>
<div><span><b>Speed:</b></span> <span>84 kt</span></div>
<div><span><b>Heading:</b></span> <span>13&deg;</span></div>
</div>]]></description>
        <TimeStamp>
          <when>2025-08-25T09:26:16+00:00</when>
        </TimeStamp>
        <Style>
          <IconStyle>
            <heading>13</heading>
            <Icon>
              <href>http://maps.google.com/mapfiles/kml/shapes/airports.png</href>
            </Icon>
          </IconStyle>
        </Style>
        <Point>
          <altitudeMode>absolute</altitudeMode>
          <coordinates>-112.240791,33.651775,929.64</coordinates>
        </Point>
      </Placemark>
      <Placemark>
        <name>2025-08-25 09:26:18 UTC</name>
        <description><![CDATA[<div><div><span><b>Altitude:</b></span> <span>3,050 ft</span></div>
<div><span><b>Speed:</b></span> <span>83 kt</span></div>
<div><span><b>Heading:</b></span> <span>12&deg;</span></div>
</div>]]></description>
        <TimeStamp>
          <when>2025-08-25T09:26:18+00:00</when>
        </TimeStamp>
        <Style>
          <IconStyle>
            <heading>12</heading>
            <Icon>
              <href>http://maps.google.com/mapfiles/kml/shapes/airports.png</href>
            </Icon>
          </IconStyle>
        </Style>
        <Point>
          <altitudeMode>absolute</altitudeMode>
          <coordinates>-112.240616,33.652519,929.64</coordinates>
        </Point>
      </Placemark>
      <Placemark>
        <name>2025-08-25 09:26:20 UTC</name>
        <description><![CDATA[<div><div><span><b>Altitude:</b></span> <span>3,075 ft</span></div>
<div><span><b>Speed:</b></span> <span>84 kt</span></div>
<div><span><b>Heading:</b></span> <span>12&deg;</span></div>
</div>]]></description>
        <TimeStamp>
          <when>2025-08-25T09:26:20+00:00</when>
        </TimeStamp>
        <Style>
          <IconStyle>
            <heading>12</heading>
            <Icon>
              <href>http://maps.google.com/mapfiles/kml/shapes/airports.png</href>
            </Icon>
          </IconStyle>
        </Style>
        <Point>
          <altitudeMode>absolute</altitudeMode>
          <coordinates>-112.240364,33.65332,937.26</coordinates>
        </Point>
      </Placemark>
      <Placemark>
        <name>2025-08-25 09:26:22 UTC</name>
        <description><![CDATA[<div><div><span><b>Altitude:</b></span> <span>3,050 ft</span></div>
<div><span><b>Speed:</b></span> <span>84 kt</span></div>
<div><span><b>Heading:</b></span> <span>10&deg;</span></div>
</div>]]></description>
        <TimeStamp>
          <when>2025-08-25T09:26:22+00:00</when>
        </TimeStamp>
        <Style>
          <IconStyle>
            <heading>10</heading>
            <Icon>
              <href>http://maps.google.com/mapfiles/kml/shapes/airports.png</href>
            </Icon>
          </IconStyle>
        </Style>
        <Point>
          <altitudeMode>absolute</altitudeMode>
          <coordinates>-112.240143,33.654236,929.64</coordinates>
        </Point>
      </Placemark>
      <Placemark>
        <name>2025-08-25 09:26:24 UTC</name>
        <description><![CDATA[<div><div><span><b>Altitude:</b></span> <span>3,050 ft</span></div>
<div><span><b>Speed:</b></span> <span>84 kt</span></div>
<div><span><b>Heading:</b></span> <span>10&deg;</span></div>
</div>]]></description>
        <TimeStamp>
          <when>2025-08-25T09:26:24+00:00</when>
        </TimeStamp>
        <Style>
          <IconStyle>
            <heading>10</heading>
            <Icon>
              <href>http://maps.google.com/mapfiles/kml/shapes/airports.png</href>
            </Icon>
          </IconStyle>
        </Style>
        <Point>
          <altitudeMode>absolute</altitudeMode>
          <coordinates>-112.23999,33.655079,929.64</coordinates>
        </Point>
      </Placemark>
      <Placemark>
        <name>2025-08-25 09:26:27 UTC</name>
        <description><![CDATA[<div><div><span><b>Altitude:</b></span> <span>3,050 ft</span></div>
<div><span><b>Speed:</b></span> <span>84 kt</span></div>
<div><span><b>Heading:</b></span> <span>9&deg;</span></div>
</div>]]></description>
        <TimeStamp>
          <when>2025-08-25T09:26:27+00:00</when>
        </TimeStamp>
        <Style>
          <IconStyle>
            <heading>9</heading>
            <Icon>
              <href>http://maps.google.com/mapfiles/kml/shapes/airports.png</href>
            </Icon>
          </IconStyle>
        </Style>
        <Point>
          <altitudeMode>absolute</altitudeMode>
          <coordinates>-112.239822,33.655964,929.64</coordinates>
        </Point>
      </Placemark>
      <Placemark>
        <name>2025-08-25 09:26:29 UTC</name>
        <description><![CDATA[<div><div><span><b>Altitude:</b></span> <span>3,050 ft</span></div>
<div><span><b>Speed:</b></span> <span>85 kt</span></div>
<div><span><b>Heading:</b></span> <span>8&deg;</span></div>
</div>]]></description>
        <TimeStamp>
          <when>2025-08-25T09:26:29+00:00</when>
        </TimeStamp>
        <Style>
          <IconStyle>
            <heading>8</heading>
            <Icon>
              <href>http://maps.google.com/mapfiles/kml/shapes/airports.png</href>
            </Icon>
          </IconStyle>
        </Style>
        <Point>
          <altitudeMode>absolute</altitudeMode>
          <coordinates>-112.239647,33.656757,929.64</coordinates>
        </Point>
      </Placemark>
      <Placemark>
        <name>2025-08-25 09:26:31 UTC</name>
        <description><![CDATA[<div><div><span><b>Altitude:</b></span> <span>3,025 ft</span></div>
<div><span><b>Speed:</b></span> <span>85 kt</span></div>
<div><span><b>Heading:</b></span> <span>8&deg;</span></div>
</div>]]></description>
        <TimeStamp>
          <when>2025-08-25T09:26:31+00:00</when>
        </TimeStamp>
        <Style>
          <IconStyle>
            <heading>8</heading>
            <Icon>
              <href>http://maps.google.com/mapfiles/kml/shapes/airports.png</href>
            </Icon>
          </IconStyle>
        </Style>
        <Point>
          <altitudeMode>absolute</altitudeMode>
          <coordinates>-112.239471,33.657547,922.02</coordinates>
        </Point>
      </Placemark>
      <Placemark>
        <name>2025-08-25 09:26:33 UTC</name>
        <description><![CDATA[<div><div><span><b>Altitude:</b></span> <span>3,025 ft</span></div>
<div><span><b>Speed:</b></span> <span>85 kt</span></div>
<div><span><b>Heading:</b></span> <span>7&deg;</span></div>
</div>]]></description>
        <TimeStamp>
          <when>2025-08-25T09:26:33+00:00</when>
        </TimeStamp>
        <Style>
          <IconStyle>
            <heading>7</heading>
            <Icon>
              <href>http://maps.google.com/mapfiles/kml/shapes/airports.png</href>
            </Icon>
          </IconStyle>
        </Style>
        <Point>
          <altitudeMode>absolute</altitudeMode>
          <coordinates>-112.239357,33.658539,922.02</coordinates>
        </Point>
      </Placemark>
      <Placemark>
        <name>2025-08-25 09:26:35 UTC</name>
        <description><![CDATA[<div><div><span><b>Altitude:</b></span> <span>3,025 ft</span></div>
<div><span><b>Speed:</b></span> <span>85 kt</span></div>
<div><span><b>Heading:</b></span> <span>6&deg;</span></div>
</div>]]></description>
        <TimeStamp>
          <when>2025-08-25T09:26:35+00:00</when>
        </TimeStamp>
        <Style>
          <IconStyle>
            <heading>6</heading>
            <Icon>
              <href>http://maps.google.com/mapfiles/kml/shapes/airports.png</href>
            </Icon>
          </IconStyle>
        </Style>
        <Point>
          <altitudeMode>absolute</altitudeMode>
          <coordinates>-112.239243,33.659176,922.02</coordinates>
        </Point>
      </Placemark>
      <Placemark>
        <name>2025-08-25 09:26:37 UTC</name>
        <description><![CDATA[<div><div><span><b>Altitude:</b></span> <span>3,000 ft</span></div>
<div><span><b>Speed:</b></span> <span>85 kt</span></div>
<div><span><b>Heading:</b></span> <span>6&deg;</span></div>
</div>]]></description>
        <TimeStamp>
          <when>2025-08-25T09:26:37+00:00</when>
        </TimeStamp>
        <Style>
          <IconStyle>
            <heading>6</heading>
            <Icon>
              <href>http://maps.google.com/mapfiles/kml/shapes/airports.png</href>
            </Icon>
          </IconStyle>
        </Style>
        <Point>
          <altitudeMode>absolute</altitudeMode>
          <coordinates>-112.239128,33.660187,914.4</coordinates>
        </Point>
      </Placemark>
      <Placemark>
        <name>2025-08-25 09:26:40 UTC</name>
        <description><![CDATA[<div><div><span><b>Altitude:</b></span> <span>3,000 ft</span></div>
<div><span><b>Speed:</b></span> <span>83 kt</span></div>
<div><span><b>Heading:</b></span> <span>8&deg;</span></div>
</div>]]></description>
        <TimeStamp>
          <when>2025-08-25T09:26:40+00:00</when>
        </TimeStamp>
        <Style>
          <IconStyle>
            <heading>8</heading>
            <Icon>
              <href>http://maps.google.com/mapfiles/kml/shapes/airports.png</href>
            </Icon>
          </IconStyle>
        </Style>
        <Point>
          <altitudeMode>absolute</altitudeMode>
          <coordinates>-112.23896,33.661057,914.4</coordinates>
        </Point>
      </Placemark>
      <Placemark>
        <name>2025-08-25 09:26:46 UTC</name>
        <description><![CDATA[<div><div><span><b>Altitude:</b></span> <span>3,000 ft</span></div>
<div><span><b>Speed:</b></span> <span>80 kt</span></div>
<div><span><b>Heading:</b></span> <span>12&deg;</span></div>
</div>]]></description>
        <TimeStamp>
          <when>2025-08-25T09:26:46+00:00</when>
        </TimeStamp>
        <Style>
          <IconStyle>
            <heading>12</heading>
            <Icon>
              <href>http://maps.google.com/mapfiles/kml/shapes/airports.png</href>
            </Icon>
          </IconStyle>
        </Style>
        <Point>
          <altitudeMode>absolute</altitudeMode>
          <coordinates>-112.238457,33.663483,914.4</coordinates>
        </Point>
      </Placemark>
      <Placemark>
        <name>2025-08-25 09:26:53 UTC</name>
        <description><![CDATA[<div><div><span><b>Altitude:</b></span> <span>2,975 ft</span></div>
<div><span><b>Speed:</b></span> <span>82 kt</span></div>
<div><span><b>Heading:</b></span> <span>11&deg;</span></div>
</div>]]></description>
        <TimeStamp>
          <when>2025-08-25T09:26:53+00:00</when>
        </TimeStamp>
        <Style>
          <IconStyle>
            <heading>11</heading>
            <Icon>
              <href>http://maps.google.com/mapfiles/kml/shapes/airports.png</href>
            </Icon>
          </IconStyle>
        </Style>
        <Point>
          <altitudeMode>absolute</altitudeMode>
          <coordinates>-112.237671,33.666092,906.78</coordinates>
        </Point>
      </Placemark>
      <Placemark>
        <name>2025-08-25 09:27:02 UTC</name>
        <description><![CDATA[<div><div><span><b>Altitude:</b></span> <span>2,975 ft</span></div>
<div><span><b>Speed:</b></span> <span>81 kt</span></div>
<div><span><b>Heading:</b></span> <span>10&deg;</span></div>
</div>]]></description>
        <TimeStamp>
          <when>2025-08-25T09:27:02+00:00</when>
        </TimeStamp>
        <Style>
          <IconStyle>
            <heading>10</heading>
            <Icon>
              <href>http://maps.google.com/mapfiles/kml/shapes/airports.png</href>
            </Icon>
          </IconStyle>
        </Style>
        <Point>
          <altitudeMode>absolute</altitudeMode>
          <coordinates>-112.236954,33.669277,906.78</coordinates>
        </Point>
      </Placemark>
      <Placemark>
        <name>2025-08-25 09:27:09 UTC</name>
        <description><![CDATA[<div><div><span><b>Altitude:</b></span> <span>2,975 ft</span></div>
<div><span><b>Speed:</b></span> <span>81 kt</span></div>
<div><span><b>Heading:</b></span> <span>12&deg;</span></div>
</div>]]></description>
        <TimeStamp>
          <when>2025-08-25T09:27:09+00:00</when>
        </TimeStamp>
        <Style>
          <IconStyle>
            <heading>12</heading>
            <Icon>
              <href>http://maps.google.com/mapfiles/kml/shapes/airports.png</href>
            </Icon>
          </IconStyle>
        </Style>
        <Point>
          <altitudeMode>absolute</altitudeMode>
          <coordinates>-112.236382,33.671814,906.78</coordinates>
        </Point>
      </Placemark>
      <Placemark>
        <name>2025-08-25 09:27:11 UTC</name>
        <description><![CDATA[<div><div><span><b>Altitude:</b></span> <span>2,975 ft</span></div>
<div><span><b>Speed:</b></span> <span>79 kt</span></div>
<div><span><b>Heading:</b></span> <span>15&deg;</span></div>
</div>]]></description>
        <TimeStamp>
          <when>2025-08-25T09:27:11+00:00</when>
        </TimeStamp>
        <Style>
          <IconStyle>
            <heading>15</heading>
            <Icon>
              <href>http://maps.google.com/mapfiles/kml/shapes/airports.png</href>
            </Icon>
          </IconStyle>
        </Style>
        <Point>
          <altitudeMode>absolute</altitudeMode>
          <coordinates>-112.23616,33.672722,906.78</coordinates>
        </Point>
      </Placemark>
      <Placemark>
        <name>2025-08-25 09:27:13 UTC</name>
        <description><![CDATA[<div><div><span><b>Altitude:</b></span> <span>2,975 ft</span></div>
<div><span><b>Speed:</b></span> <span>78 kt</span></div>
<div><span><b>Heading:</b></span> <span>17&deg;</span></div>
</div>]]></description>
        <TimeStamp>
          <when>2025-08-25T09:27:13+00:00</when>
        </TimeStamp>
        <Style>
          <IconStyle>
            <heading>17</heading>
            <Icon>
              <href>http://maps.google.com/mapfiles/kml/shapes/airports.png</href>
            </Icon>
          </IconStyle>
        </Style>
        <Point>
          <altitudeMode>absolute</altitudeMode>
          <coordinates>-112.23587,33.673515,906.78</coordinates>
        </Point>
      </Placemark>
      <Placemark>
        <name>2025-08-25 09:27:16 UTC</name>
        <description><![CDATA[<div><div><span><b>Altitude:</b></span> <span>2,975 ft</span></div>
<div><span><b>Speed:</b></span> <span>77 kt</span></div>
<div><span><b>Heading:</b></span> <span>21&deg;</span></div>
</div>]]></description>
        <TimeStamp>
          <when>2025-08-25T09:27:16+00:00</when>
        </TimeStamp>
        <Style>
          <IconStyle>
            <heading>21</heading>
            <Icon>
              <href>http://maps.google.com/mapfiles/kml/shapes/airports.png</href>
            </Icon>
          </IconStyle>
        </Style>
        <Point>
          <altitudeMode>absolute</altitudeMode>
          <coordinates>-112.235527,33.674213,906.78</coordinates>
        </Point>
      </Placemark>
      <Placemark>
        <name>2025-08-25 09:27:18 UTC</name>
        <description><![CDATA[<div><div><span><b>Altitude:</b></span> <span>2,975 ft</span></div>
<div><span><b>Speed:</b></span> <span>76 kt</span></div>
<div><span><b>Heading:</b></span> <span>26&deg;</span></div>
</div>]]></description>
        <TimeStamp>
          <when>2025-08-25T09:27:18+00:00</when>
        </TimeStamp>
        <Style>
          <IconStyle>
            <heading>26</heading>
            <Icon>
              <href>http://maps.google.com/mapfiles/kml/shapes/airports.png</href>
            </Icon>
          </IconStyle>
        </Style>
        <Point>
          <altitudeMode>absolute</altitudeMode>
          <coordinates>-112.235245,33.67482,906.78</coordinates>
        </Point>
      </Placemark>
      <Placemark>
        <name>2025-08-25 09:27:20 UTC</name>
        <description><![CDATA[<div><div><span><b>Altitude:</b></span> <span>3,000 ft</span></div>
<div><span><b>Speed:</b></span> <span>74 kt</span></div>
<div><span><b>Heading:</b></span> <span>30&deg;</span></div>
</div>]]></description>
        <TimeStamp>
          <when>2025-08-25T09:27:20+00:00</when>
        </TimeStamp>
        <Style>
          <IconStyle>
            <heading>30</heading>
            <Icon>
              <href>http://maps.google.com/mapfiles/kml/shapes/airports.png</href>
            </Icon>
          </IconStyle>
        </Style>
        <Point>
          <altitudeMode>absolute</altitudeMode>
          <coordinates>-112.23484,33.675423,914.4</coordinates>
        </Point>
      </Placemark>
      <Placemark>
        <name>2025-08-25 09:27:22 UTC</name>
        <description><![CDATA[<div><div><span><b>Altitude:</b></span> <span>3,000 ft</span></div>
<div><span><b>Speed:</b></span> <span>73 kt</span></div>
<div><span><b>Heading:</b></span> <span>32&deg;</span></div>
</div>]]></description>
        <TimeStamp>
          <when>2025-08-25T09:27:22+00:00</when>
        </TimeStamp>
        <Style>
          <IconStyle>
            <heading>32</heading>
            <Icon>
              <href>http://maps.google.com/mapfiles/kml/shapes/airports.png</href>
            </Icon>
          </IconStyle>
        </Style>
        <Point>
          <altitudeMode>absolute</altitudeMode>
          <coordinates>-112.234329,33.676121,914.4</coordinates>
        </Point>
      </Placemark>
      <Placemark>
        <name>2025-08-25 09:27:24 UTC</name>
        <description><![CDATA[<div><div><span><b>Altitude:</b></span> <span>3,000 ft</span></div>
<div><span><b>Speed:</b></span> <span>72 kt</span></div>
<div><span><b>Heading:</b></span> <span>37&deg;</span></div>
</div>]]></description>
        <TimeStamp>
          <when>2025-08-25T09:27:24+00:00</when>
        </TimeStamp>
        <Style>
          <IconStyle>
            <heading>37</heading>
            <Icon>
              <href>http://maps.google.com/mapfiles/kml/shapes/airports.png</href>
            </Icon>
          </IconStyle>
        </Style>
        <Point>
          <altitudeMode>absolute</altitudeMode>
          <coordinates>-112.233696,33.676804,914.4</coordinates>
        </Point>
      </Placemark>
      <Placemark>
        <name>2025-08-25 09:27:26 UTC</name>
        <description><![CDATA[<div><div><span><b>Altitude:</b></span> <span>3,000 ft</span></div>
<div><span><b>Speed:</b></span> <span>71 kt</span></div>
<div><span><b>Heading:</b></span> <span>42&deg;</span></div>
</div>]]></description>
        <TimeStamp>
          <when>2025-08-25T09:27:26+00:00</when>
        </TimeStamp>
        <Style>
          <IconStyle>
            <heading>42</heading>
            <Icon>
              <href>http://maps.google.com/mapfiles/kml/shapes/airports.png</href>
            </Icon>
          </IconStyle>
        </Style>
        <Point>
          <altitudeMode>absolute</altitudeMode>
          <coordinates>-112.233192,33.677307,914.4</coordinates>
        </Point>
      </Placemark>
      <Placemark>
        <name>2025-08-25 09:27:29 UTC</name>
        <description><![CDATA[<div><div><span><b>Altitude:</b></span> <span>3,000 ft</span></div>
<div><span><b>Speed:</b></span> <span>71 kt</span></div>
<div><span><b>Heading:</b></span> <span>50&deg;</span></div>
</div>]]></description>
        <TimeStamp>
          <when>2025-08-25T09:27:29+00:00</when>
        </TimeStamp>
        <Style>
          <IconStyle>
            <heading>50</heading>
            <Icon>
              <href>http://maps.google.com/mapfiles/kml/shapes/airports.png</href>
            </Icon>
          </IconStyle>
        </Style>
        <Point>
          <altitudeMode>absolute</altitudeMode>
          <coordinates>-112.232552,33.677845,914.4</coordinates>
        </Point>
      </Placemark>
      <Placemark>
        <name>2025-08-25 09:27:31 UTC</name>
        <description><![CDATA[<div><div><span><b>Altitude:</b></span> <span>3,025 ft</span></div>
<div><span><b>Speed:</b></span> <span>69 kt</span></div>
<div><span><b>Heading:</b></span> <span>58&deg;</span></div>
</div>]]></description>
        <TimeStamp>
          <when>2025-08-25T09:27:31+00:00</when>
        </TimeStamp>
        <Style>
          <IconStyle>
            <heading>58</heading>
            <Icon>
              <href>http://maps.google.com/mapfiles/kml/shapes/airports.png</href>
            </Icon>
          </IconStyle>
        </Style>
        <Point>
          <altitudeMode>absolute</altitudeMode>
          <coordinates>-112.231903,33.678223,922.02</coordinates>
        </Point>
      </Placemark>
      <Placemark>
        <name>2025-08-25 09:27:33 UTC</name>
        <description><![CDATA[<div><div><span><b>Altitude:</b></span> <span>3,025 ft</span></div>
<div><span><b>Speed:</b></span> <span>67 kt</span></div>
<div><span><b>Heading:</b></span> <span>65&deg;</span></div>
</div>]]></description>
        <TimeStamp>
          <when>2025-08-25T09:27:33+00:00</when>
        </TimeStamp>
        <Style>
          <IconStyle>
            <heading>65</heading>
            <Icon>
              <href>http://maps.google.com/mapfiles/kml/shapes/airports.png</href>
            </Icon>
          </IconStyle>
        </Style>
        <Point>
          <altitudeMode>absolute</altitudeMode>
          <coordinates>-112.231003,33.678635,922.02</coordinates>
        </Point>
      </Placemark>
      <Placemark>
        <name>2025-08-25 09:27:35 UTC</name>
        <description><![CDATA[<div><div><span><b>Altitude:</b></span> <span>3,025 ft</span></div>
<div><span><b>Speed:</b></span> <span>65 kt</span></div>
<div><span><b>Heading:</b></span> <span>70&deg;</span></div>
</div>]]></description>
        <TimeStamp>
          <when>2025-08-25T09:27:35+00:00</when>
        </TimeStamp>
        <Style>
          <IconStyle>
            <heading>70</heading>
            <Icon>
              <href>http://maps.google.com/mapfiles/kml/shapes/airports.png</href>
            </Icon>
          </IconStyle>
        </Style>
        <Point>
          <altitudeMode>absolute</altitudeMode>
          <coordinates>-112.230263,33.678867,922.02</coordinates>
        </Point>
      </Placemark>
      <Placemark>
        <name>2025-08-25 09:27:37 UTC</name>
        <description><![CDATA[<div><div><span><b>Altitude:</b></span> <span>3,025 ft</span></div>
<div><span><b>Speed:</b></span> <span>65 kt</span></div>
<div><span><b>Heading:</b></span> <span>75&deg;</span></div>
</div>]]></description>
        <TimeStamp>
          <when>2025-08-25T09:27:37+00:00</when>
        </TimeStamp>
        <Style>
          <IconStyle>
            <heading>75</heading>
            <Icon>
              <href>http://maps.google.com/mapfiles/kml/shapes/airports.png</href>
            </Icon>
          </IconStyle>
        </Style>
        <Point>
          <altitudeMode>absolute</altitudeMode>
          <coordinates>-112.229523,33.679054,922.02</coordinates>
        </Point>
      </Placemark>
      <Placemark>
        <name>2025-08-25 09:27:40 UTC</name>
        <description><![CDATA[<div><div><span><b>Altitude:</b></span> <span>3,025 ft</span></div>
<div><span><b>Speed:</b></span> <span>64 kt</span></div>
<div><span><b>Heading:</b></span> <span>77&deg;</span></div>
</div>]]></description>
        <TimeStamp>
          <when>2025-08-25T09:27:40+00:00</when>
        </TimeStamp>
        <Style>
          <IconStyle>
            <heading>77</heading>
            <Icon>
              <href>http://maps.google.com/mapfiles/kml/shapes/airports.png</href>
            </Icon>
          </IconStyle>
        </Style>
        <Point>
          <altitudeMode>absolute</altitudeMode>
          <coordinates>-112.228874,33.679184,922.02</coordinates>
        </Point>
      </Placemark>
      <Placemark>
        <name>2025-08-25 09:27:42 UTC</name>
        <description><![CDATA[<div><div><span><b>Altitude:</b></span> <span>3,025 ft</span></div>
<div><span><b>Speed:</b></span> <span>64 kt</span></div>
<div><span><b>Heading:</b></span> <span>76&deg;</span></div>
</div>]]></description>
        <TimeStamp>
          <when>2025-08-25T09:27:42+00:00</when>
        </TimeStamp>
        <Style>
          <IconStyle>
            <heading>76</heading>
            <Icon>
              <href>http://maps.google.com/mapfiles/kml/shapes/airports.png</href>
            </Icon>
          </IconStyle>
        </Style>
        <Point>
          <altitudeMode>absolute</altitudeMode>
          <coordinates>-112.227859,33.679379,922.02</coordinates>
        </Point>
      </Placemark>
      <Placemark>
        <name>2025-08-25 09:27:45 UTC</name>
        <description><![CDATA[<div><div><span><b>Altitude:</b></span> <span>3,025 ft</span></div>
<div><span><b>Speed:</b></span> <span>64 kt</span></div>
<div><span><b>Heading:</b></span> <span>81&deg;</span></div>
</div>]]></description>
        <TimeStamp>
          <when>2025-08-25T09:27:45+00:00</when>
        </TimeStamp>
        <Style>
          <IconStyle>
            <heading>81</heading>
            <Icon>
              <href>http://maps.google.com/mapfiles/kml/shapes/airports.png</href>
            </Icon>
          </IconStyle>
        </Style>
        <Point>
          <altitudeMode>absolute</altitudeMode>
          <coordinates>-112.227135,33.679504,922.02</coordinates>
        </Point>
      </Placemark>
      <Placemark>
        <name>2025-08-25 09:27:47 UTC</name>
        <description><![CDATA[<div><div><span><b>Altitude:</b></span> <span>3,025 ft</span></div>
<div><span><b>Speed:</b></span> <span>64 kt</span></div>
<div><span><b>Heading:</b></span> <span>85&deg;</span></div>
</div>]]></description>
        <TimeStamp>
          <when>2025-08-25T09:27:47+00:00</when>
        </TimeStamp>
        <Style>
          <IconStyle>
            <heading>85</heading>
            <Icon>
              <href>http://maps.google.com/mapfiles/kml/shapes/airports.png</href>
            </Icon>
          </IconStyle>
        </Style>
        <Point>
          <altitudeMode>absolute</altitudeMode>
          <coordinates>-112.226425,33.679565,922.02</coordinates>
        </Point>
      </Placemark>
      <Placemark>
        <name>2025-08-25 09:27:49 UTC</name>
        <description><![CDATA[<div><div><span><b>Altitude:</b></span> <span>3,000 ft</span></div>
<div><span><b>Speed:</b></span> <span>65 kt</span></div>
<div><span><b>Heading:</b></span> <span>88&deg;</span></div>
</div>]]></description>
        <TimeStamp>
          <when>2025-08-25T09:27:49+00:00</when>
        </TimeStamp>
        <Style>
          <IconStyle>
            <heading>88</heading>
            <Icon>
              <href>http://maps.google.com/mapfiles/kml/shapes/airports.png</href>
            </Icon>
          </IconStyle>
        </Style>
        <Point>
          <altitudeMode>absolute</altitudeMode>
          <coordinates>-112.225571,33.679565,914.4</coordinates>
        </Point>
      </Placemark>
      <Placemark>
        <name>2025-08-25 09:27:51 UTC</name>
        <description><![CDATA[<div><div><span><b>Altitude:</b></span> <span>3,000 ft</span></div>
<div><span><b>Speed:</b></span> <span>65 kt</span></div>
<div><span><b>Heading:</b></span> <span>91&deg;</span></div>
</div>]]></description>
        <TimeStamp>
          <when>2025-08-25T09:27:51+00:00</when>
        </TimeStamp>
        <Style>
          <IconStyle>
            <heading>91</heading>
            <Icon>
              <href>http://maps.google.com/mapfiles/kml/shapes/airports.png</href>
            </Icon>
          </IconStyle>
        </Style>
        <Point>
          <altitudeMode>absolute</altitudeMode>
          <coordinates>-112.224655,33.679565,914.4</coordinates>
        </Point>
      </Placemark>
      <Placemark>
        <name>2025-08-25 09:27:53 UTC</name>
        <description><![CDATA[<div><div><span><b>Altitude:</b></span> <span>3,000 ft</span></div>
<div><span><b>Speed:</b></span> <span>64 kt</span></div>
<div><span><b>Heading:</b></span> <span>92&deg;</span></div>
</div>]]></description>
        <TimeStamp>
          <when>2025-08-25T09:27:53+00:00</when>
        </TimeStamp>
        <Style>
          <IconStyle>
            <heading>92</heading>
            <Icon>
              <href>http://maps.google.com/mapfiles/kml/shapes/airports.png</href>
            </Icon>
          </IconStyle>
        </Style>
        <Point>
          <altitudeMode>absolute</altitudeMode>
          <coordinates>-112.223854,33.679565,914.4</coordinates>
        </Point>
      </Placemark>
      <Placemark>
        <name>2025-08-25 09:27:56 UTC</name>
        <description><![CDATA[<div><div><span><b>Altitude:</b></span> <span>3,000 ft</span></div>
<div><span><b>Speed:</b></span> <span>64 kt</span></div>
<div><span><b>Heading:</b></span> <span>94&deg;</span></div>
</div>]]></description>
        <TimeStamp>
          <when>2025-08-25T09:27:56+00:00</when>
        </TimeStamp>
        <Style>
          <IconStyle>
            <heading>94</heading>
            <Icon>
              <href>http://maps.google.com/mapfiles/kml/shapes/airports.png</href>
            </Icon>
          </IconStyle>
        </Style>
        <Point>
          <altitudeMode>absolute</altitudeMode>
          <coordinates>-112.223213,33.679504,914.4</coordinates>
        </Point>
      </Placemark>
      <Placemark>
        <name>2025-08-25 09:27:58 UTC</name>
        <description><![CDATA[<div><div><span><b>Altitude:</b></span> <span>3,000 ft</span></div>
<div><span><b>Speed:</b></span> <span>64 kt</span></div>
<div><span><b>Heading:</b></span> <span>93&deg;</span></div>
</div>]]></description>
        <TimeStamp>
          <when>2025-08-25T09:27:58+00:00</when>
        </TimeStamp>
        <Style>
          <IconStyle>
            <heading>93</heading>
            <Icon>
              <href>http://maps.google.com/mapfiles/kml/shapes/airports.png</href>
            </Icon>
          </IconStyle>
        </Style>
        <Point>
          <altitudeMode>absolute</altitudeMode>
          <coordinates>-112.222313,33.679459,914.4</coordinates>
        </Point>
      </Placemark>
      <Placemark>
        <name>2025-08-25 09:28:00 UTC</name>
        <description><![CDATA[<div><div><span><b>Altitude:</b></span> <span>2,975 ft</span></div>
<div><span><b>Speed:</b></span> <span>64 kt</span></div>
<div><span><b>Heading:</b></span> <span>93&deg;</span></div>
</div>]]></description>
        <TimeStamp>
          <when>2025-08-25T09:28:00+00:00</when>
        </TimeStamp>
        <Style>
          <IconStyle>
            <heading>93</heading>
            <Icon>
              <href>http://maps.google.com/mapfiles/kml/shapes/airports.png</href>
            </Icon>
          </IconStyle>
        </Style>
        <Point>
          <altitudeMode>absolute</altitudeMode>
          <coordinates>-112.221741,33.679428,906.78</coordinates>
        </Point>
      </Placemark>
      <Placemark>
        <name>2025-08-25 09:28:02 UTC</name>
        <description><![CDATA[<div><div><span><b>Altitude:</b></span> <span>3,000 ft</span></div>
<div><span><b>Speed:</b></span> <span>65 kt</span></div>
<div><span><b>Heading:</b></span> <span>91&deg;</span></div>
</div>]]></description>
        <TimeStamp>
          <when>2025-08-25T09:28:02+00:00</when>
        </TimeStamp>
        <Style>
          <IconStyle>
            <heading>91</heading>
            <Icon>
              <href>http://maps.google.com/mapfiles/kml/shapes/airports.png</href>
            </Icon>
          </IconStyle>
        </Style>
        <Point>
          <altitudeMode>absolute</altitudeMode>
          <coordinates>-112.220856,33.679413,914.4</coordinates>
        </Point>
      </Placemark>
      <Placemark>
        <name>2025-08-25 09:28:05 UTC</name>
        <description><![CDATA[<div><div><span><b>Altitude:</b></span> <span>2,975 ft</span></div>
<div><span><b>Speed:</b></span> <span>66 kt</span></div>
<div><span><b>Heading:</b></span> <span>89&deg;</span></div>
</div>]]></description>
        <TimeStamp>
          <when>2025-08-25T09:28:05+00:00</when>
        </TimeStamp>
        <Style>
          <IconStyle>
            <heading>89</heading>
            <Icon>
              <href>http://maps.google.com/mapfiles/kml/shapes/airports.png</href>
            </Icon>
          </IconStyle>
        </Style>
        <Point>
          <altitudeMode>absolute</altitudeMode>
          <coordinates>-112.219963,33.679367,906.78</coordinates>
        </Point>
      </Placemark>
      <Placemark>
        <name>2025-08-25 09:28:07 UTC</name>
        <description><![CDATA[<div><div><span><b>Altitude:</b></span> <span>2,975 ft</span></div>
<div><span><b>Speed:</b></span> <span>66 kt</span></div>
<div><span><b>Heading:</b></span> <span>88&deg;</span></div>
</div>]]></description>
        <TimeStamp>
          <when>2025-08-25T09:28:07+00:00</when>
        </TimeStamp>
        <Style>
          <IconStyle>
            <heading>88</heading>
            <Icon>
              <href>http://maps.google.com/mapfiles/kml/shapes/airports.png</href>
            </Icon>
          </IconStyle>
        </Style>
        <Point>
          <altitudeMode>absolute</altitudeMode>
          <coordinates>-112.219223,33.679379,906.78</coordinates>
        </Point>
      </Placemark>
      <Placemark>
        <name>2025-08-25 09:28:09 UTC</name>
        <description><![CDATA[<div><div><span><b>Altitude:</b></span> <span>2,975 ft</span></div>
<div><span><b>Speed:</b></span> <span>67 kt</span></div>
<div><span><b>Heading:</b></span> <span>88&deg;</span></div>
</div>]]></description>
        <TimeStamp>
          <when>2025-08-25T09:28:09+00:00</when>
        </TimeStamp>
        <Style>
          <IconStyle>
            <heading>88</heading>
            <Icon>
              <href>http://maps.google.com/mapfiles/kml/shapes/airports.png</href>
            </Icon>
          </IconStyle>
        </Style>
        <Point>
          <altitudeMode>absolute</altitudeMode>
          <coordinates>-112.218307,33.679428,906.78</coordinates>
        </Point>
      </Placemark>
      <Placemark>
        <name>2025-08-25 09:28:11 UTC</name>
        <description><![CDATA[<div><div><span><b>Altitude:</b></span> <span>3,000 ft</span></div>
<div><span><b>Speed:</b></span> <span>67 kt</span></div>
<div><span><b>Heading:</b></span> <span>90&deg;</span></div>
</div>]]></description>
        <TimeStamp>
          <when>2025-08-25T09:28:11+00:00</when>
        </TimeStamp>
        <Style>
          <IconStyle>
            <heading>90</heading>
            <Icon>
              <href>http://maps.google.com/mapfiles/kml/shapes/airports.png</href>
            </Icon>
          </IconStyle>
        </Style>
        <Point>
          <altitudeMode>absolute</altitudeMode>
          <coordinates>-112.217499,33.679428,914.4</coordinates>
        </Point>
      </Placemark>
      <Placemark>
        <name>2025-08-25 09:28:14 UTC</name>
        <description><![CDATA[<div><div><span><b>Altitude:</b></span> <span>2,975 ft</span></div>
<div><span><b>Speed:</b></span> <span>67 kt</span></div>
<div><span><b>Heading:</b></span> <span>90&deg;</span></div>
</div>]]></description>
        <TimeStamp>
          <when>2025-08-25T09:28:14+00:00</when>
        </TimeStamp>
        <Style>
          <IconStyle>
            <heading>90</heading>
            <Icon>
              <href>http://maps.google.com/mapfiles/kml/shapes/airports.png</href>
            </Icon>
          </IconStyle>
        </Style>
        <Point>
          <altitudeMode>absolute</altitudeMode>
          <coordinates>-112.216599,33.679413,906.78</coordinates>
        </Point>
      </Placemark>
      <Placemark>
        <name>2025-08-25 09:28:16 UTC</name>
        <description><![CDATA[<div><div><span><b>Altitude:</b></span> <span>2,975 ft</span></div>
<div><span><b>Speed:</b></span> <span>67 kt</span></div>
<div><span><b>Heading:</b></span> <span>92&deg;</span></div>
</div>]]></description>
        <TimeStamp>
          <when>2025-08-25T09:28:16+00:00</when>
        </TimeStamp>
        <Style>
          <IconStyle>
            <heading>92</heading>
            <Icon>
              <href>http://maps.google.com/mapfiles/kml/shapes/airports.png</href>
            </Icon>
          </IconStyle>
        </Style>
        <Point>
          <altitudeMode>absolute</altitudeMode>
          <coordinates>-112.215759,33.679413,906.78</coordinates>
        </Point>
      </Placemark>
      <Placemark>
        <name>2025-08-25 09:28:23 UTC</name>
        <description><![CDATA[<div><div><span><b>Altitude:</b></span> <span>2,950 ft</span></div>
<div><span><b>Speed:</b></span> <span>69 kt</span></div>
<div><span><b>Heading:</b></span> <span>85&deg;</span></div>
</div>]]></description>
        <TimeStamp>
          <when>2025-08-25T09:28:23+00:00</when>
        </TimeStamp>
        <Style>
          <IconStyle>
            <heading>85</heading>
            <Icon>
              <href>http://maps.google.com/mapfiles/kml/shapes/airports.png</href>
            </Icon>
          </IconStyle>
        </Style>
        <Point>
          <altitudeMode>absolute</altitudeMode>
          <coordinates>-112.213287,33.679413,899.16</coordinates>
        </Point>
      </Placemark>
      <Placemark>
        <name>2025-08-25 09:28:25 UTC</name>
        <description><![CDATA[<div><div><span><b>Altitude:</b></span> <span>2,950 ft</span></div>
<div><span><b>Speed:</b></span> <span>69 kt</span></div>
<div><span><b>Heading:</b></span> <span>82&deg;</span></div>
</div>]]></description>
        <TimeStamp>
          <when>2025-08-25T09:28:25+00:00</when>
        </TimeStamp>
        <Style>
          <IconStyle>
            <heading>82</heading>
            <Icon>
              <href>http://maps.google.com/mapfiles/kml/shapes/airports.png</href>
            </Icon>
          </IconStyle>
        </Style>
        <Point>
          <altitudeMode>absolute</altitudeMode>
          <coordinates>-112.21228,33.679504,899.16</coordinates>
        </Point>
      </Placemark>
      <Placemark>
        <name>2025-08-25 09:28:27 UTC</name>
        <description><![CDATA[<div><div><span><b>Altitude:</b></span> <span>2,950 ft</span></div>
<div><span><b>Speed:</b></span> <span>68 kt</span></div>
<div><span><b>Heading:</b></span> <span>81&deg;</span></div>
</div>]]></description>
        <TimeStamp>
          <when>2025-08-25T09:28:27+00:00</when>
        </TimeStamp>
        <Style>
          <IconStyle>
            <heading>81</heading>
            <Icon>
              <href>http://maps.google.com/mapfiles/kml/shapes/airports.png</href>
            </Icon>
          </IconStyle>
        </Style>
        <Point>
          <altitudeMode>absolute</altitudeMode>
          <coordinates>-112.211662,33.67955,899.16</coordinates>
        </Point>
      </Placemark>
      <Placemark>
        <name>2025-08-25 09:28:29 UTC</name>
        <description><![CDATA[<div><div><span><b>Altitude:</b></span> <span>2,950 ft</span></div>
<div><span><b>Speed:</b></span> <span>66 kt</span></div>
<div><span><b>Heading:</b></span> <span>80&deg;</span></div>
</div>]]></description>
        <TimeStamp>
          <when>2025-08-25T09:28:29+00:00</when>
        </TimeStamp>
        <Style>
          <IconStyle>
            <heading>80</heading>
            <Icon>
              <href>http://maps.google.com/mapfiles/kml/shapes/airports.png</href>
            </Icon>
          </IconStyle>
        </Style>
        <Point>
          <altitudeMode>absolute</altitudeMode>
          <coordinates>-112.21077,33.679688,899.16</coordinates>
        </Point>
      </Placemark>
      <Placemark>
        <name>2025-08-25 09:28:31 UTC</name>
        <description><![CDATA[<div><div><span><b>Altitude:</b></span> <span>2,950 ft</span></div>
<div><span><b>Speed:</b></span> <span>65 kt</span></div>
<div><span><b>Heading:</b></span> <span>79&deg;</span></div>
</div>]]></description>
        <TimeStamp>
          <when>2025-08-25T09:28:31+00:00</when>
        </TimeStamp>
        <Style>
          <IconStyle>
            <heading>79</heading>
            <Icon>
              <href>http://maps.google.com/mapfiles/kml/shapes/airports.png</href>
            </Icon>
          </IconStyle>
        </Style>
        <Point>
          <altitudeMode>absolute</altitudeMode>
          <coordinates>-112.209892,33.679844,899.16</coordinates>
        </Point>
      </Placemark>
      <Placemark>
        <name>2025-08-25 09:28:34 UTC</name>
        <description><![CDATA[<div><div><span><b>Altitude:</b></span> <span>2,950 ft</span></div>
<div><span><b>Speed:</b></span> <span>65 kt</span></div>
<div><span><b>Heading:</b></span> <span>76&deg;</span></div>
</div>]]></description>
        <TimeStamp>
          <when>2025-08-25T09:28:34+00:00</when>
        </TimeStamp>
        <Style>
          <IconStyle>
            <heading>76</heading>
            <Icon>
              <href>http://maps.google.com/mapfiles/kml/shapes/airports.png</href>
            </Icon>
          </IconStyle>
        </Style>
        <Point>
          <altitudeMode>absolute</altitudeMode>
          <coordinates>-112.209198,33.679962,899.16</coordinates>
        </Point>
      </Placemark>
      <Placemark>
        <name>2025-08-25 09:28:36 UTC</name>
        <description><![CDATA[<div><div><span><b>Altitude:</b></span> <span>2,975 ft</span></div>
<div><span><b>Speed:</b></span> <span>65 kt</span></div>
<div><span><b>Heading:</b></span> <span>75&deg;</span></div>
</div>]]></description>
        <TimeStamp>
          <when>2025-08-25T09:28:36+00:00</when>
        </TimeStamp>
        <Style>
          <IconStyle>
            <heading>75</heading>
            <Icon>
              <href>http://maps.google.com/mapfiles/kml/shapes/airports.png</href>
            </Icon>
          </IconStyle>
        </Style>
        <Point>
          <altitudeMode>absolute</altitudeMode>
          <coordinates>-112.208305,33.680145,906.78</coordinates>
        </Point>
      </Placemark>
      <Placemark>
        <name>2025-08-25 09:28:38 UTC</name>
        <description><![CDATA[<div><div><span><b>Altitude:</b></span> <span>2,975 ft</span></div>
<div><span><b>Speed:</b></span> <span>64 kt</span></div>
<div><span><b>Heading:</b></span> <span>76&deg;</span></div>
</div>]]></description>
        <TimeStamp>
          <when>2025-08-25T09:28:38+00:00</when>
        </TimeStamp>
        <Style>
          <IconStyle>
            <heading>76</heading>
            <Icon>
              <href>http://maps.google.com/mapfiles/kml/shapes/airports.png</href>
            </Icon>
          </IconStyle>
        </Style>
        <Point>
          <altitudeMode>absolute</altitudeMode>
          <coordinates>-112.207603,33.680264,906.78</coordinates>
        </Point>
      </Placemark>
      <Placemark>
        <name>2025-08-25 09:28:40 UTC</name>
        <description><![CDATA[<div><div><span><b>Altitude:</b></span> <span>2,975 ft</span></div>
<div><span><b>Speed:</b></span> <span>63 kt</span></div>
<div><span><b>Heading:</b></span> <span>77&deg;</span></div>
</div>]]></description>
        <TimeStamp>
          <when>2025-08-25T09:28:40+00:00</when>
        </TimeStamp>
        <Style>
          <IconStyle>
            <heading>77</heading>
            <Icon>
              <href>http://maps.google.com/mapfiles/kml/shapes/airports.png</href>
            </Icon>
          </IconStyle>
        </Style>
        <Point>
          <altitudeMode>absolute</altitudeMode>
          <coordinates>-112.20697,33.680405,906.78</coordinates>
        </Point>
      </Placemark>
      <Placemark>
        <name>2025-08-25 09:28:42 UTC</name>
        <description><![CDATA[<div><div><span><b>Altitude:</b></span> <span>3,000 ft</span></div>
<div><span><b>Speed:</b></span> <span>62 kt</span></div>
<div><span><b>Heading:</b></span> <span>77&deg;</span></div>
</div>]]></description>
        <TimeStamp>
          <when>2025-08-25T09:28:42+00:00</when>
        </TimeStamp>
        <Style>
          <IconStyle>
            <heading>77</heading>
            <Icon>
              <href>http://maps.google.com/mapfiles/kml/shapes/airports.png</href>
            </Icon>
          </IconStyle>
        </Style>
        <Point>
          <altitudeMode>absolute</altitudeMode>
          <coordinates>-112.206116,33.680557,914.4</coordinates>
        </Point>
      </Placemark>
      <Placemark>
        <name>2025-08-25 09:28:45 UTC</name>
        <description><![CDATA[<div><div><span><b>Altitude:</b></span> <span>3,000 ft</span></div>
<div><span><b>Speed:</b></span> <span>62 kt</span></div>
<div><span><b>Heading:</b></span> <span>78&deg;</span></div>
</div>]]></description>
        <TimeStamp>
          <when>2025-08-25T09:28:45+00:00</when>
        </TimeStamp>
        <Style>
          <IconStyle>
            <heading>78</heading>
            <Icon>
              <href>http://maps.google.com/mapfiles/kml/shapes/airports.png</href>
            </Icon>
          </IconStyle>
        </Style>
        <Point>
          <altitudeMode>absolute</altitudeMode>
          <coordinates>-112.205276,33.680695,914.4</coordinates>
        </Point>
      </Placemark>
      <Placemark>
        <name>2025-08-25 09:28:47 UTC</name>
        <description><![CDATA[<div><div><span><b>Altitude:</b></span> <span>3,000 ft</span></div>
<div><span><b>Speed:</b></span> <span>61 kt</span></div>
<div><span><b>Heading:</b></span> <span>80&deg;</span></div>
</div>]]></description>
        <TimeStamp>
          <when>2025-08-25T09:28:47+00:00</when>
        </TimeStamp>
        <Style>
          <IconStyle>
            <heading>80</heading>
            <Icon>
              <href>http://maps.google.com/mapfiles/kml/shapes/airports.png</href>
            </Icon>
          </IconStyle>
        </Style>
        <Point>
          <altitudeMode>absolute</altitudeMode>
          <coordinates>-112.204575,33.680779,914.4</coordinates>
        </Point>
      </Placemark>
      <Placemark>
        <name>2025-08-25 09:28:49 UTC</name>
        <description><![CDATA[<div><div><span><b>Altitude:</b></span> <span>3,025 ft</span></div>
<div><span><b>Speed:</b></span> <span>64 kt</span></div>
<div><span><b>Heading:</b></span> <span>78&deg;</span></div>
</div>]]></description>
        <TimeStamp>
          <when>2025-08-25T09:28:49+00:00</when>
        </TimeStamp>
        <Style>
          <IconStyle>
            <heading>78</heading>
            <Icon>
              <href>http://maps.google.com/mapfiles/kml/shapes/airports.png</href>
            </Icon>
          </IconStyle>
        </Style>
        <Point>
          <altitudeMode>absolute</altitudeMode>
          <coordinates>-112.203941,33.68087,922.02</coordinates>
        </Point>
      </Placemark>
      <Placemark>
        <name>2025-08-25 09:28:51 UTC</name>
        <description><![CDATA[<div><div><span><b>Altitude:</b></span> <span>3,025 ft</span></div>
<div><span><b>Speed:</b></span> <span>66 kt</span></div>
<div><span><b>Heading:</b></span> <span>79&deg;</span></div>
</div>]]></description>
        <TimeStamp>
          <when>2025-08-25T09:28:51+00:00</when>
        </TimeStamp>
        <Style>
          <IconStyle>
            <heading>79</heading>
            <Icon>
              <href>http://maps.google.com/mapfiles/kml/shapes/airports.png</href>
            </Icon>
          </IconStyle>
        </Style>
        <Point>
          <altitudeMode>absolute</altitudeMode>
          <coordinates>-112.203033,33.681015,922.02</coordinates>
        </Point>
      </Placemark>
      <Placemark>
        <name>2025-08-25 09:29:00 UTC</name>
        <description><![CDATA[<div><div><span><b>Altitude:</b></span> <span>3,050 ft</span></div>
<div><span><b>Speed:</b></span> <span>70 kt</span></div>
<div><span><b>Heading:</b></span> <span>85&deg;</span></div>
</div>]]></description>
        <TimeStamp>
          <when>2025-08-25T09:29:00+00:00</when>
        </TimeStamp>
        <Style>
          <IconStyle>
            <heading>85</heading>
            <Icon>
              <href>http://maps.google.com/mapfiles/kml/shapes/airports.png</href>
            </Icon>
          </IconStyle>
        </Style>
        <Point>
          <altitudeMode>absolute</altitudeMode>
          <coordinates>-112.199875,33.681381,929.64</coordinates>
        </Point>
      </Placemark>
      <Placemark>
        <name>2025-08-25 09:29:02 UTC</name>
        <description><![CDATA[<div><div><span><b>Altitude:</b></span> <span>3,050 ft</span></div>
<div><span><b>Speed:</b></span> <span>72 kt</span></div>
<div><span><b>Heading:</b></span> <span>83&deg;</span></div>
</div>]]></description>
        <TimeStamp>
          <when>2025-08-25T09:29:02+00:00</when>
        </TimeStamp>
        <Style>
          <IconStyle>
            <heading>83</heading>
            <Icon>
              <href>http://maps.google.com/mapfiles/kml/shapes/airports.png</href>
            </Icon>
          </IconStyle>
        </Style>
        <Point>
          <altitudeMode>absolute</altitudeMode>
          <coordinates>-112.199051,33.681427,929.64</coordinates>
        </Point>
      </Placemark>
      <Placemark>
        <name>2025-08-25 09:29:04 UTC</name>
        <description><![CDATA[<div><div><span><b>Altitude:</b></span> <span>3,050 ft</span></div>
<div><span><b>Speed:</b></span> <span>74 kt</span></div>
<div><span><b>Heading:</b></span> <span>84&deg;</span></div>
</div>]]></description>
        <TimeStamp>
          <when>2025-08-25T09:29:04+00:00</when>
        </TimeStamp>
        <Style>
          <IconStyle>
            <heading>84</heading>
            <Icon>
              <href>http://maps.google.com/mapfiles/kml/shapes/airports.png</href>
            </Icon>
          </IconStyle>
        </Style>
        <Point>
          <altitudeMode>absolute</altitudeMode>
          <coordinates>-112.198273,33.681477,929.64</coordinates>
        </Point>
      </Placemark>
      <Placemark>
        <name>2025-08-25 09:29:06 UTC</name>
        <description><![CDATA[<div><div><span><b>Altitude:</b></span> <span>3,050 ft</span></div>
<div><span><b>Speed:</b></span> <span>76 kt</span></div>
<div><span><b>Heading:</b></span> <span>83&deg;</span></div>
</div>]]></description>
        <TimeStamp>
          <when>2025-08-25T09:29:06+00:00</when>
        </TimeStamp>
        <Style>
          <IconStyle>
            <heading>83</heading>
            <Icon>
              <href>http://maps.google.com/mapfiles/kml/shapes/airports.png</href>
            </Icon>
          </IconStyle>
        </Style>
        <Point>
          <altitudeMode>absolute</altitudeMode>
          <coordinates>-112.197258,33.681564,929.64</coordinates>
        </Point>
      </Placemark>
      <Placemark>
        <name>2025-08-25 09:29:08 UTC</name>
        <description><![CDATA[<div><div><span><b>Altitude:</b></span> <span>3,050 ft</span></div>
<div><span><b>Speed:</b></span> <span>77 kt</span></div>
<div><span><b>Heading:</b></span> <span>83&deg;</span></div>
</div>]]></description>
        <TimeStamp>
          <when>2025-08-25T09:29:08+00:00</when>
        </TimeStamp>
        <Style>
          <IconStyle>
            <heading>83</heading>
            <Icon>
              <href>http://maps.google.com/mapfiles/kml/shapes/airports.png</href>
            </Icon>
          </IconStyle>
        </Style>
        <Point>
          <altitudeMode>absolute</altitudeMode>
          <coordinates>-112.196472,33.681656,929.64</coordinates>
        </Point>
      </Placemark>
      <Placemark>
        <name>2025-08-25 09:29:15 UTC</name>
        <description><![CDATA[<div><div><span><b>Altitude:</b></span> <span>3,050 ft</span></div>
<div><span><b>Speed:</b></span> <span>78 kt</span></div>
<div><span><b>Heading:</b></span> <span>81&deg;</span></div>
</div>]]></description>
        <TimeStamp>
          <when>2025-08-25T09:29:15+00:00</when>
        </TimeStamp>
        <Style>
          <IconStyle>
            <heading>81</heading>
            <Icon>
              <href>http://maps.google.com/mapfiles/kml/shapes/airports.png</href>
            </Icon>
          </IconStyle>
        </Style>
        <Point>
          <altitudeMode>absolute</altitudeMode>
          <coordinates>-112.193359,33.681988,929.64</coordinates>
        </Point>
      </Placemark>
      <Placemark>
        <name>2025-08-25 09:29:20 UTC</name>
        <description><![CDATA[<div><div><span><b>Altitude:</b></span> <span>3,025 ft</span></div>
<div><span><b>Speed:</b></span> <span>79 kt</span></div>
<div><span><b>Heading:</b></span> <span>87&deg;</span></div>
</div>]]></description>
        <TimeStamp>
          <when>2025-08-25T09:29:20+00:00</when>
        </TimeStamp>
        <Style>
          <IconStyle>
            <heading>87</heading>
            <Icon>
              <href>http://maps.google.com/mapfiles/kml/shapes/airports.png</href>
            </Icon>
          </IconStyle>
        </Style>
        <Point>
          <altitudeMode>absolute</altitudeMode>
          <coordinates>-112.191544,33.682159,922.02</coordinates>
        </Point>
      </Placemark>
      <Placemark>
        <name>2025-08-25 09:29:22 UTC</name>
        <description><![CDATA[<div><div><span><b>Altitude:</b></span> <span>3,000 ft</span></div>
<div><span><b>Speed:</b></span> <span>79 kt</span></div>
<div><span><b>Heading:</b></span> <span>87&deg;</span></div>
</div>]]></description>
        <TimeStamp>
          <when>2025-08-25T09:29:22+00:00</when>
        </TimeStamp>
        <Style>
          <IconStyle>
            <heading>87</heading>
            <Icon>
              <href>http://maps.google.com/mapfiles/kml/shapes/airports.png</href>
            </Icon>
          </IconStyle>
        </Style>
        <Point>
          <altitudeMode>absolute</altitudeMode>
          <coordinates>-112.19059,33.682205,914.4</coordinates>
        </Point>
      </Placemark>
      <Placemark>
        <name>2025-08-25 09:29:24 UTC</name>
        <description><![CDATA[<div><div><span><b>Altitude:</b></span> <span>3,000 ft</span></div>
<div><span><b>Speed:</b></span> <span>80 kt</span></div>
<div><span><b>Heading:</b></span> <span>88&deg;</span></div>
</div>]]></description>
        <TimeStamp>
          <when>2025-08-25T09:29:24+00:00</when>
        </TimeStamp>
        <Style>
          <IconStyle>
            <heading>88</heading>
            <Icon>
              <href>http://maps.google.com/mapfiles/kml/shapes/airports.png</href>
            </Icon>
          </IconStyle>
        </Style>
        <Point>
          <altitudeMode>absolute</altitudeMode>
          <coordinates>-112.189522,33.68222,914.4</coordinates>
        </Point>
      </Placemark>
      <Placemark>
        <name>2025-08-25 09:29:26 UTC</name>
        <description><![CDATA[<div><div><span><b>Altitude:</b></span> <span>3,000 ft</span></div>
<div><span><b>Speed:</b></span> <span>80 kt</span></div>
<div><span><b>Heading:</b></span> <span>90&deg;</span></div>
</div>]]></description>
        <TimeStamp>
          <when>2025-08-25T09:29:26+00:00</when>
        </TimeStamp>
        <Style>
          <IconStyle>
            <heading>90</heading>
            <Icon>
              <href>http://maps.google.com/mapfiles/kml/shapes/airports.png</href>
            </Icon>
          </IconStyle>
        </Style>
        <Point>
          <altitudeMode>absolute</altitudeMode>
          <coordinates>-112.188553,33.68222,914.4</coordinates>
        </Point>
      </Placemark>
      <Placemark>
        <name>2025-08-25 09:29:29 UTC</name>
        <description><![CDATA[<div><div><span><b>Altitude:</b></span> <span>2,975 ft</span></div>
<div><span><b>Speed:</b></span> <span>80 kt</span></div>
<div><span><b>Heading:</b></span> <span>93&deg;</span></div>
</div>]]></description>
        <TimeStamp>
          <when>2025-08-25T09:29:29+00:00</when>
        </TimeStamp>
        <Style>
          <IconStyle>
            <heading>93</heading>
            <Icon>
              <href>http://maps.google.com/mapfiles/kml/shapes/airports.png</href>
            </Icon>
          </IconStyle>
        </Style>
        <Point>
          <altitudeMode>absolute</altitudeMode>
          <coordinates>-112.187637,33.682175,906.78</coordinates>
        </Point>
      </Placemark>
      <Placemark>
        <name>2025-08-25 09:29:31 UTC</name>
        <description><![CDATA[<div><div><span><b>Altitude:</b></span> <span>2,950 ft</span></div>
<div><span><b>Speed:</b></span> <span>80 kt</span></div>
<div><span><b>Heading:</b></span> <span>95&deg;</span></div>
</div>]]></description>
        <TimeStamp>
          <when>2025-08-25T09:29:31+00:00</when>
        </TimeStamp>
        <Style>
          <IconStyle>
            <heading>95</heading>
            <Icon>
              <href>http://maps.google.com/mapfiles/kml/shapes/airports.png</href>
            </Icon>
          </IconStyle>
        </Style>
        <Point>
          <altitudeMode>absolute</altitudeMode>
          <coordinates>-112.1866,33.682125,899.16</coordinates>
        </Point>
      </Placemark>
      <Placemark>
        <name>2025-08-25 09:29:33 UTC</name>
        <description><![CDATA[<div><div><span><b>Altitude:</b></span> <span>2,925 ft</span></div>
<div><span><b>Speed:</b></span> <span>81 kt</span></div>
<div><span><b>Heading:</b></span> <span>95&deg;</span></div>
</div>]]></description>
        <TimeStamp>
          <when>2025-08-25T09:29:33+00:00</when>
        </TimeStamp>
        <Style>
          <IconStyle>
            <heading>95</heading>
            <Icon>
              <href>http://maps.google.com/mapfiles/kml/shapes/airports.png</href>
            </Icon>
          </IconStyle>
        </Style>
        <Point>
          <altitudeMode>absolute</altitudeMode>
          <coordinates>-112.185516,33.682034,891.54</coordinates>
        </Point>
      </Placemark>
      <Placemark>
        <name>2025-08-25 09:29:35 UTC</name>
        <description><![CDATA[<div><div><span><b>Altitude:</b></span> <span>2,925 ft</span></div>
<div><span><b>Speed:</b></span> <span>80 kt</span></div>
<div><span><b>Heading:</b></span> <span>97&deg;</span></div>
</div>]]></description>
        <TimeStamp>
          <when>2025-08-25T09:29:35+00:00</when>
        </TimeStamp>
        <Style>
          <IconStyle>
            <heading>97</heading>
            <Icon>
              <href>http://maps.google.com/mapfiles/kml/shapes/airports.png</href>
            </Icon>
          </IconStyle>
        </Style>
        <Point>
          <altitudeMode>absolute</altitudeMode>
          <coordinates>-112.184364,33.681931,891.54</coordinates>
        </Point>
      </Placemark>
      <Placemark>
        <name>2025-08-25 09:29:38 UTC</name>
        <description><![CDATA[<div><div><span><b>Altitude:</b></span> <span>2,900 ft</span></div>
<div><span><b>Speed:</b></span> <span>80 kt</span></div>
<div><span><b>Heading:</b></span> <span>97&deg;</span></div>
</div>]]></description>
        <TimeStamp>
          <when>2025-08-25T09:29:38+00:00</when>
        </TimeStamp>
        <Style>
          <IconStyle>
            <heading>97</heading>
            <Icon>
              <href>http://maps.google.com/mapfiles/kml/shapes/airports.png</href>
            </Icon>
          </IconStyle>
        </Style>
        <Point>
          <altitudeMode>absolute</altitudeMode>
          <coordinates>-112.183525,33.681839,883.92</coordinates>
        </Point>
      </Placemark>
      <Placemark>
        <name>2025-08-25 09:29:40 UTC</name>
        <description><![CDATA[<div><div><span><b>Altitude:</b></span> <span>2,875 ft</span></div>
<div><span><b>Speed:</b></span> <span>80 kt</span></div>
<div><span><b>Heading:</b></span> <span>96&deg;</span></div>
</div>]]></description>
        <TimeStamp>
          <when>2025-08-25T09:29:40+00:00</when>
        </TimeStamp>
        <Style>
          <IconStyle>
            <heading>96</heading>
            <Icon>
              <href>http://maps.google.com/mapfiles/kml/shapes/airports.png</href>
            </Icon>
          </IconStyle>
        </Style>
        <Point>
          <altitudeMode>absolute</altitudeMode>
          <coordinates>-112.182602,33.681755,876.3</coordinates>
        </Point>
      </Placemark>
      <Placemark>
        <name>2025-08-25 09:29:42 UTC</name>
        <description><![CDATA[<div><div><span><b>Altitude:</b></span> <span>2,875 ft</span></div>
<div><span><b>Speed:</b></span> <span>78 kt</span></div>
<div><span><b>Heading:</b></span> <span>97&deg;</span></div>
</div>]]></description>
        <TimeStamp>
          <when>2025-08-25T09:29:42+00:00</when>
        </TimeStamp>
        <Style>
          <IconStyle>
            <heading>97</heading>
            <Icon>
              <href>http://maps.google.com/mapfiles/kml/shapes/airports.png</href>
            </Icon>
          </IconStyle>
        </Style>
        <Point>
          <altitudeMode>absolute</altitudeMode>
          <coordinates>-112.181732,33.681656,876.3</coordinates>
        </Point>
      </Placemark>
      <Placemark>
        <name>2025-08-25 09:29:44 UTC</name>
        <description><![CDATA[<div><div><span><b>Altitude:</b></span> <span>2,875 ft</span></div>
<div><span><b>Speed:</b></span> <span>77 kt</span></div>
<div><span><b>Heading:</b></span> <span>95&deg;</span></div>
</div>]]></description>
        <TimeStamp>
          <when>2025-08-25T09:29:44+00:00</when>
        </TimeStamp>
        <Style>
          <IconStyle>
            <heading>95</heading>
            <Icon>
              <href>http://maps.google.com/mapfiles/kml/shapes/airports.png</href>
            </Icon>
          </IconStyle>
        </Style>
        <Point>
          <altitudeMode>absolute</altitudeMode>
          <coordinates>-112.180611,33.681519,876.3</coordinates>
        </Point>
      </Placemark>
      <Placemark>
        <name>2025-08-25 09:29:46 UTC</name>
        <description><![CDATA[<div><div><span><b>Altitude:</b></span> <span>2,850 ft</span></div>
<div><span><b>Speed:</b></span> <span>78 kt</span></div>
<div><span><b>Heading:</b></span> <span>90&deg;</span></div>
</div>]]></description>
        <TimeStamp>
          <when>2025-08-25T09:29:46+00:00</when>
        </TimeStamp>
        <Style>
          <IconStyle>
            <heading>90</heading>
            <Icon>
              <href>http://maps.google.com/mapfiles/kml/shapes/airports.png</href>
            </Icon>
          </IconStyle>
        </Style>
        <Point>
          <altitudeMode>absolute</altitudeMode>
          <coordinates>-112.179794,33.681477,868.68</coordinates>
        </Point>
      </Placemark>
      <Placemark>
        <name>2025-08-25 09:29:51 UTC</name>
        <description><![CDATA[<div><div><span><b>Altitude:</b></span> <span>2,800 ft</span></div>
<div><span><b>Speed:</b></span> <span>77 kt</span></div>
<div><span><b>Heading:</b></span> <span>82&deg;</span></div>
</div>]]></description>
        <TimeStamp>
          <when>2025-08-25T09:29:51+00:00</when>
        </TimeStamp>
        <Style>
          <IconStyle>
            <heading>82</heading>
            <Icon>
              <href>http://maps.google.com/mapfiles/kml/shapes/airports.png</href>
            </Icon>
          </IconStyle>
        </Style>
        <Point>
          <altitudeMode>absolute</altitudeMode>
          <coordinates>-112.177673,33.681614,853.44</coordinates>
        </Point>
      </Placemark>
      <Placemark>
        <name>2025-08-25 09:29:53 UTC</name>
        <description><![CDATA[<div><div><span><b>Altitude:</b></span> <span>2,800 ft</span></div>
<div><span><b>Speed:</b></span> <span>78 kt</span></div>
<div><span><b>Heading:</b></span> <span>79&deg;</span></div>
</div>]]></description>
        <TimeStamp>
          <when>2025-08-25T09:29:53+00:00</when>
        </TimeStamp>
        <Style>
          <IconStyle>
            <heading>79</heading>
            <Icon>
              <href>http://maps.google.com/mapfiles/kml/shapes/airports.png</href>
            </Icon>
          </IconStyle>
        </Style>
        <Point>
          <altitudeMode>absolute</altitudeMode>
          <coordinates>-112.17691,33.681747,853.44</coordinates>
        </Point>
      </Placemark>
      <Placemark>
        <name>2025-08-25 09:29:55 UTC</name>
        <description><![CDATA[<div><div><span><b>Altitude:</b></span> <span>2,775 ft</span></div>
<div><span><b>Speed:</b></span> <span>79 kt</span></div>
<div><span><b>Heading:</b></span> <span>76&deg;</span></div>
</div>]]></description>
        <TimeStamp>
          <when>2025-08-25T09:29:55+00:00</when>
        </TimeStamp>
        <Style>
          <IconStyle>
            <heading>76</heading>
            <Icon>
              <href>http://maps.google.com/mapfiles/kml/shapes/airports.png</href>
            </Icon>
          </IconStyle>
        </Style>
        <Point>
          <altitudeMode>absolute</altitudeMode>
          <coordinates>-112.176071,33.681885,845.82</coordinates>
        </Point>
      </Placemark>
      <Placemark>
        <name>2025-08-25 09:29:58 UTC</name>
        <description><![CDATA[<div><div><span><b>Altitude:</b></span> <span>2,750 ft</span></div>
<div><span><b>Speed:</b></span> <span>79 kt</span></div>
<div><span><b>Heading:</b></span> <span>75&deg;</span></div>
</div>]]></description>
        <TimeStamp>
          <when>2025-08-25T09:29:58+00:00</when>
        </TimeStamp>
        <Style>
          <IconStyle>
            <heading>75</heading>
            <Icon>
              <href>http://maps.google.com/mapfiles/kml/shapes/airports.png</href>
            </Icon>
          </IconStyle>
        </Style>
        <Point>
          <altitudeMode>absolute</altitudeMode>
          <coordinates>-112.174927,33.682125,838.2</coordinates>
        </Point>
      </Placemark>
      <Placemark>
        <name>2025-08-25 09:30:00 UTC</name>
        <description><![CDATA[<div><div><span><b>Altitude:</b></span> <span>2,725 ft</span></div>
<div><span><b>Speed:</b></span> <span>79 kt</span></div>
<div><span><b>Heading:</b></span> <span>75&deg;</span></div>
</div>]]></description>
        <TimeStamp>
          <when>2025-08-25T09:30:00+00:00</when>
        </TimeStamp>
        <Style>
          <IconStyle>
            <heading>75</heading>
            <Icon>
              <href>http://maps.google.com/mapfiles/kml/shapes/airports.png</href>
            </Icon>
          </IconStyle>
        </Style>
        <Point>
          <altitudeMode>absolute</altitudeMode>
          <coordinates>-112.173828,33.682343,830.58</coordinates>
        </Point>
      </Placemark>
      <Placemark>
        <name>2025-08-25 09:30:02 UTC</name>
        <description><![CDATA[<div><div><span><b>Altitude:</b></span> <span>2,725 ft</span></div>
<div><span><b>Speed:</b></span> <span>79 kt</span></div>
<div><span><b>Heading:</b></span> <span>76&deg;</span></div>
</div>]]></description>
        <TimeStamp>
          <when>2025-08-25T09:30:02+00:00</when>
        </TimeStamp>
        <Style>
          <IconStyle>
            <heading>76</heading>
            <Icon>
              <href>http://maps.google.com/mapfiles/kml/shapes/airports.png</href>
            </Icon>
          </IconStyle>
        </Style>
        <Point>
          <altitudeMode>absolute</altitudeMode>
          <coordinates>-112.173042,33.682499,830.58</coordinates>
        </Point>
      </Placemark>
      <Placemark>
        <name>2025-08-25 09:30:05 UTC</name>
        <description><![CDATA[<div><div><span><b>Altitude:</b></span> <span>2,700 ft</span></div>
<div><span><b>Speed:</b></span> <span>78 kt</span></div>
<div><span><b>Heading:</b></span> <span>77&deg;</span></div>
</div>]]></description>
        <TimeStamp>
          <when>2025-08-25T09:30:05+00:00</when>
        </TimeStamp>
        <Style>
          <IconStyle>
            <heading>77</heading>
            <Icon>
              <href>http://maps.google.com/mapfiles/kml/shapes/airports.png</href>
            </Icon>
          </IconStyle>
        </Style>
        <Point>
          <altitudeMode>absolute</altitudeMode>
          <coordinates>-112.171844,33.682732,822.96</coordinates>
        </Point>
      </Placemark>
      <Placemark>
        <name>2025-08-25 09:30:07 UTC</name>
        <description><![CDATA[<div><div><span><b>Altitude:</b></span> <span>2,675 ft</span></div>
<div><span><b>Speed:</b></span> <span>78 kt</span></div>
<div><span><b>Heading:</b></span> <span>78&deg;</span></div>
</div>]]></description>
        <TimeStamp>
          <when>2025-08-25T09:30:07+00:00</when>
        </TimeStamp>
        <Style>
          <IconStyle>
            <heading>78</heading>
            <Icon>
              <href>http://maps.google.com/mapfiles/kml/shapes/airports.png</href>
            </Icon>
          </IconStyle>
        </Style>
        <Point>
          <altitudeMode>absolute</altitudeMode>
          <coordinates>-112.170914,33.682892,815.34</coordinates>
        </Point>
      </Placemark>
      <Placemark>
        <name>2025-08-25 09:30:09 UTC</name>
        <description><![CDATA[<div><div><span><b>Altitude:</b></span> <span>2,700 ft</span></div>
<div><span><b>Speed:</b></span> <span>77 kt</span></div>
<div><span><b>Heading:</b></span> <span>80&deg;</span></div>
</div>]]></description>
        <TimeStamp>
          <when>2025-08-25T09:30:09+00:00</when>
        </TimeStamp>
        <Style>
          <IconStyle>
            <heading>80</heading>
            <Icon>
              <href>http://maps.google.com/mapfiles/kml/shapes/airports.png</href>
            </Icon>
          </IconStyle>
        </Style>
        <Point>
          <altitudeMode>absolute</altitudeMode>
          <coordinates>-112.170067,33.68306,822.96</coordinates>
        </Point>
      </Placemark>
      <Placemark>
        <name>2025-08-25 09:30:11 UTC</name>
        <description><![CDATA[<div><div><span><b>Altitude:</b></span> <span>2,675 ft</span></div>
<div><span><b>Speed:</b></span> <span>75 kt</span></div>
<div><span><b>Heading:</b></span> <span>81&deg;</span></div>
</div>]]></description>
        <TimeStamp>
          <when>2025-08-25T09:30:11+00:00</when>
        </TimeStamp>
        <Style>
          <IconStyle>
            <heading>81</heading>
            <Icon>
              <href>http://maps.google.com/mapfiles/kml/shapes/airports.png</href>
            </Icon>
          </IconStyle>
        </Style>
        <Point>
          <altitudeMode>absolute</altitudeMode>
          <coordinates>-112.169037,33.683151,815.34</coordinates>
        </Point>
      </Placemark>
      <Placemark>
        <name>2025-08-25 09:30:13 UTC</name>
        <description><![CDATA[<div><div><span><b>Altitude:</b></span> <span>2,675 ft</span></div>
<div><span><b>Speed:</b></span> <span>74 kt</span></div>
<div><span><b>Heading:</b></span> <span>82&deg;</span></div>
</div>]]></description>
        <TimeStamp>
          <when>2025-08-25T09:30:13+00:00</when>
        </TimeStamp>
        <Style>
          <IconStyle>
            <heading>82</heading>
            <Icon>
              <href>http://maps.google.com/mapfiles/kml/shapes/airports.png</href>
            </Icon>
          </IconStyle>
        </Style>
        <Point>
          <altitudeMode>absolute</altitudeMode>
          <coordinates>-112.168167,33.683258,815.34</coordinates>
        </Point>
      </Placemark>
      <Placemark>
        <name>2025-08-25 09:30:16 UTC</name>
        <description><![CDATA[<div><div><span><b>Altitude:</b></span> <span>2,675 ft</span></div>
<div><span><b>Speed:</b></span> <span>72 kt</span></div>
<div><span><b>Heading:</b></span> <span>80&deg;</span></div>
</div>]]></description>
        <TimeStamp>
          <when>2025-08-25T09:30:16+00:00</when>
        </TimeStamp>
        <Style>
          <IconStyle>
            <heading>80</heading>
            <Icon>
              <href>http://maps.google.com/mapfiles/kml/shapes/airports.png</href>
            </Icon>
          </IconStyle>
        </Style>
        <Point>
          <altitudeMode>absolute</altitudeMode>
          <coordinates>-112.167145,33.683384,815.34</coordinates>
        </Point>
      </Placemark>
      <Placemark>
        <name>2025-08-25 09:30:25 UTC</name>
        <description><![CDATA[<div><div><span><b>Altitude:</b></span> <span>2,675 ft</span></div>
<div><span><b>Speed:</b></span> <span>71 kt</span></div>
<div><span><b>Heading:</b></span> <span>84&deg;</span></div>
</div>]]></description>
        <TimeStamp>
          <when>2025-08-25T09:30:25+00:00</when>
        </TimeStamp>
        <Style>
          <IconStyle>
            <heading>84</heading>
            <Icon>
              <href>http://maps.google.com/mapfiles/kml/shapes/airports.png</href>
            </Icon>
          </IconStyle>
        </Style>
        <Point>
          <altitudeMode>absolute</altitudeMode>
          <coordinates>-112.16391,33.683762,815.34</coordinates>
        </Point>
      </Placemark>
      <Placemark>
        <name>2025-08-25 09:30:27 UTC</name>
        <description><![CDATA[<div><div><span><b>Altitude:</b></span> <span>2,675 ft</span></div>
<div><span><b>Speed:</b></span> <span>71 kt</span></div>
<div><span><b>Heading:</b></span> <span>85&deg;</span></div>
</div>]]></description>
        <TimeStamp>
          <when>2025-08-25T09:30:27+00:00</when>
        </TimeStamp>
        <Style>
          <IconStyle>
            <heading>85</heading>
            <Icon>
              <href>http://maps.google.com/mapfiles/kml/shapes/airports.png</href>
            </Icon>
          </IconStyle>
        </Style>
        <Point>
          <altitudeMode>absolute</altitudeMode>
          <coordinates>-112.162971,33.683849,815.34</coordinates>
        </Point>
      </Placemark>
      <Placemark>
        <name>2025-08-25 09:30:29 UTC</name>
        <description><![CDATA[<div><div><span><b>Altitude:</b></span> <span>2,650 ft</span></div>
<div><span><b>Speed:</b></span> <span>72 kt</span></div>
<div><span><b>Heading:</b></span> <span>86&deg;</span></div>
</div>]]></description>
        <TimeStamp>
          <when>2025-08-25T09:30:29+00:00</when>
        </TimeStamp>
        <Style>
          <IconStyle>
            <heading>86</heading>
            <Icon>
              <href>http://maps.google.com/mapfiles/kml/shapes/airports.png</href>
            </Icon>
          </IconStyle>
        </Style>
        <Point>
          <altitudeMode>absolute</altitudeMode>
          <coordinates>-112.16217,33.683895,807.72</coordinates>
        </Point>
      </Placemark>
      <Placemark>
        <name>2025-08-25 09:30:31 UTC</name>
        <description><![CDATA[<div><div><span><b>Altitude:</b></span> <span>2,650 ft</span></div>
<div><span><b>Speed:</b></span> <span>73 kt</span></div>
<div><span><b>Heading:</b></span> <span>86&deg;</span></div>
</div>]]></description>
        <TimeStamp>
          <when>2025-08-25T09:30:31+00:00</when>
        </TimeStamp>
        <Style>
          <IconStyle>
            <heading>86</heading>
            <Icon>
              <href>http://maps.google.com/mapfiles/kml/shapes/airports.png</href>
            </Icon>
          </IconStyle>
        </Style>
        <Point>
          <altitudeMode>absolute</altitudeMode>
          <coordinates>-112.161331,33.683945,807.72</coordinates>
        </Point>
      </Placemark>
      <Placemark>
        <name>2025-08-25 09:30:33 UTC</name>
        <description><![CDATA[<div><div><span><b>Altitude:</b></span> <span>2,625 ft</span></div>
<div><span><b>Speed:</b></span> <span>74 kt</span></div>
<div><span><b>Heading:</b></span> <span>88&deg;</span></div>
</div>]]></description>
        <TimeStamp>
          <when>2025-08-25T09:30:33+00:00</when>
        </TimeStamp>
        <Style>
          <IconStyle>
            <heading>88</heading>
            <Icon>
              <href>http://maps.google.com/mapfiles/kml/shapes/airports.png</href>
            </Icon>
          </IconStyle>
        </Style>
        <Point>
          <altitudeMode>absolute</altitudeMode>
          <coordinates>-112.160378,33.683945,800.1</coordinates>
        </Point>
      </Placemark>
      <Placemark>
        <name>2025-08-25 09:30:35 UTC</name>
        <description><![CDATA[<div><div><span><b>Altitude:</b></span> <span>2,600 ft</span></div>
<div><span><b>Speed:</b></span> <span>75 kt</span></div>
<div><span><b>Heading:</b></span> <span>87&deg;</span></div>
</div>]]></description>
        <TimeStamp>
          <when>2025-08-25T09:30:35+00:00</when>
        </TimeStamp>
        <Style>
          <IconStyle>
            <heading>87</heading>
            <Icon>
              <href>http://maps.google.com/mapfiles/kml/shapes/airports.png</href>
            </Icon>
          </IconStyle>
        </Style>
        <Point>
          <altitudeMode>absolute</altitudeMode>
          <coordinates>-112.159424,33.68399,792.48</coordinates>
        </Point>
      </Placemark>
      <Placemark>
        <name>2025-08-25 09:30:38 UTC</name>
        <description><![CDATA[<div><div><span><b>Altitude:</b></span> <span>2,600 ft</span></div>
<div><span><b>Speed:</b></span> <span>76 kt</span></div>
<div><span><b>Heading:</b></span> <span>93&deg;</span></div>
</div>]]></description>
        <TimeStamp>
          <when>2025-08-25T09:30:38+00:00</when>
        </TimeStamp>
        <Style>
          <IconStyle>
            <heading>93</heading>
            <Icon>
              <href>http://maps.google.com/mapfiles/kml/shapes/airports.png</href>
            </Icon>
          </IconStyle>
        </Style>
        <Point>
          <altitudeMode>absolute</altitudeMode>
          <coordinates>-112.158623,33.68399,792.48</coordinates>
        </Point>
      </Placemark>
      <Placemark>
        <name>2025-08-25 09:30:40 UTC</name>
        <description><![CDATA[<div><div><span><b>Altitude:</b></span> <span>2,575 ft</span></div>
<div><span><b>Speed:</b></span> <span>77 kt</span></div>
<div><span><b>Heading:</b></span> <span>96&deg;</span></div>
</div>]]></description>
        <TimeStamp>
          <when>2025-08-25T09:30:40+00:00</when>
        </TimeStamp>
        <Style>
          <IconStyle>
            <heading>96</heading>
            <Icon>
              <href>http://maps.google.com/mapfiles/kml/shapes/airports.png</href>
            </Icon>
          </IconStyle>
        </Style>
        <Point>
          <altitudeMode>absolute</altitudeMode>
          <coordinates>-112.157578,33.683899,784.86</coordinates>
        </Point>
      </Placemark>
      <Placemark>
        <name>2025-08-25 09:30:42 UTC</name>
        <description><![CDATA[<div><div><span><b>Altitude:</b></span> <span>2,550 ft</span></div>
<div><span><b>Speed:</b></span> <span>80 kt</span></div>
<div><span><b>Heading:</b></span> <span>99&deg;</span></div>
</div>]]></description>
        <TimeStamp>
          <when>2025-08-25T09:30:42+00:00</when>
        </TimeStamp>
        <Style>
          <IconStyle>
            <heading>99</heading>
            <Icon>
              <href>http://maps.google.com/mapfiles/kml/shapes/airports.png</href>
            </Icon>
          </IconStyle>
        </Style>
        <Point>
          <altitudeMode>absolute</altitudeMode>
          <coordinates>-112.156509,33.683804,777.24</coordinates>
        </Point>
      </Placemark>
      <Placemark>
        <name>2025-08-25 09:30:44 UTC</name>
        <description><![CDATA[<div><div><span><b>Altitude:</b></span> <span>2,525 ft</span></div>
<div><span><b>Speed:</b></span> <span>81 kt</span></div>
<div><span><b>Heading:</b></span> <span>100&deg;</span></div>
</div>]]></description>
        <TimeStamp>
          <when>2025-08-25T09:30:44+00:00</when>
        </TimeStamp>
        <Style>
          <IconStyle>
            <heading>100</heading>
            <Icon>
              <href>http://maps.google.com/mapfiles/kml/shapes/airports.png</href>
            </Icon>
          </IconStyle>
        </Style>
        <Point>
          <altitudeMode>absolute</altitudeMode>
          <coordinates>-112.155594,33.683662,769.62</coordinates>
        </Point>
      </Placemark>
      <Placemark>
        <name>2025-08-25 09:30:47 UTC</name>
        <description><![CDATA[<div><div><span><b>Altitude:</b></span> <span>2,475 ft</span></div>
<div><span><b>Speed:</b></span> <span>83 kt</span></div>
<div><span><b>Heading:</b></span> <span>99&deg;</span></div>
</div>]]></description>
        <TimeStamp>
          <when>2025-08-25T09:30:47+00:00</when>
        </TimeStamp>
        <Style>
          <IconStyle>
            <heading>99</heading>
            <Icon>
              <href>http://maps.google.com/mapfiles/kml/shapes/airports.png</href>
            </Icon>
          </IconStyle>
        </Style>
        <Point>
          <altitudeMode>absolute</altitudeMode>
          <coordinates>-112.154549,33.683487,754.38</coordinates>
        </Point>
      </Placemark>
      <Placemark>
        <name>2025-08-25 09:30:49 UTC</name>
        <description><![CDATA[<div><div><span><b>Altitude:</b></span> <span>2,450 ft</span></div>
<div><span><b>Speed:</b></span> <span>85 kt</span></div>
<div><span><b>Heading:</b></span> <span>98&deg;</span></div>
</div>]]></description>
        <TimeStamp>
          <when>2025-08-25T09:30:49+00:00</when>
        </TimeStamp>
        <Style>
          <IconStyle>
            <heading>98</heading>
            <Icon>
              <href>http://maps.google.com/mapfiles/kml/shapes/airports.png</href>
            </Icon>
          </IconStyle>
        </Style>
        <Point>
          <altitudeMode>absolute</altitudeMode>
          <coordinates>-112.153587,33.683384,746.76</coordinates>
        </Point>
      </Placemark>
      <Placemark>
        <name>2025-08-25 09:30:51 UTC</name>
        <description><![CDATA[<div><div><span><b>Altitude:</b></span> <span>2,425 ft</span></div>
<div><span><b>Speed:</b></span> <span>86 kt</span></div>
<div><span><b>Heading:</b></span> <span>96&deg;</span></div>
</div>]]></description>
        <TimeStamp>
          <when>2025-08-25T09:30:51+00:00</when>
        </TimeStamp>
        <Style>
          <IconStyle>
            <heading>96</heading>
            <Icon>
              <href>http://maps.google.com/mapfiles/kml/shapes/airports.png</href>
            </Icon>
          </IconStyle>
        </Style>
        <Point>
          <altitudeMode>absolute</altitudeMode>
          <coordinates>-112.152306,33.683212,739.14</coordinates>
        </Point>
      </Placemark>
      <Placemark>
        <name>2025-08-25 09:30:53 UTC</name>
        <description><![CDATA[<div><div><span><b>Altitude:</b></span> <span>2,400 ft</span></div>
<div><span><b>Speed:</b></span> <span>88 kt</span></div>
<div><span><b>Heading:</b></span> <span>93&deg;</span></div>
</div>]]></description>
        <TimeStamp>
          <when>2025-08-25T09:30:53+00:00</when>
        </TimeStamp>
        <Style>
          <IconStyle>
            <heading>93</heading>
            <Icon>
              <href>http://maps.google.com/mapfiles/kml/shapes/airports.png</href>
            </Icon>
          </IconStyle>
        </Style>
        <Point>
          <altitudeMode>absolute</altitudeMode>
          <coordinates>-112.15152,33.683167,731.52</coordinates>
        </Point>
      </Placemark>
      <Placemark>
        <name>2025-08-25 09:30:55 UTC</name>
        <description><![CDATA[<div><div><span><b>Altitude:</b></span> <span>2,350 ft</span></div>
<div><span><b>Speed:</b></span> <span>89 kt</span></div>
<div><span><b>Heading:</b></span> <span>90&deg;</span></div>
</div>]]></description>
        <TimeStamp>
          <when>2025-08-25T09:30:55+00:00</when>
        </TimeStamp>
        <Style>
          <IconStyle>
            <heading>90</heading>
            <Icon>
              <href>http://maps.google.com/mapfiles/kml/shapes/airports.png</href>
            </Icon>
          </IconStyle>
        </Style>
        <Point>
          <altitudeMode>absolute</altitudeMode>
          <coordinates>-112.15023,33.683121,716.28</coordinates>
        </Point>
      </Placemark>
      <Placemark>
        <name>2025-08-25 09:31:00 UTC</name>
        <description><![CDATA[<div><div><span><b>Altitude:</b></span> <span>2,300 ft</span></div>
<div><span><b>Speed:</b></span> <span>85 kt</span></div>
<div><span><b>Heading:</b></span> <span>81&deg;</span></div>
</div>]]></description>
        <TimeStamp>
          <when>2025-08-25T09:31:00+00:00</when>
        </TimeStamp>
        <Style>
          <IconStyle>
            <heading>81</heading>
            <Icon>
              <href>http://maps.google.com/mapfiles/kml/shapes/airports.png</href>
            </Icon>
          </IconStyle>
        </Style>
        <Point>
          <altitudeMode>absolute</altitudeMode>
          <coordinates>-112.148102,33.683258,701.04</coordinates>
        </Point>
      </Placemark>
      <Placemark>
        <name>2025-08-25 09:31:02 UTC</name>
        <description><![CDATA[<div><div><span><b>Altitude:</b></span> <span>2,300 ft</span></div>
<div><span><b>Speed:</b></span> <span>83 kt</span></div>
<div><span><b>Heading:</b></span> <span>78&deg;</span></div>
</div>]]></description>
        <TimeStamp>
          <when>2025-08-25T09:31:02+00:00</when>
        </TimeStamp>
        <Style>
          <IconStyle>
            <heading>78</heading>
            <Icon>
              <href>http://maps.google.com/mapfiles/kml/shapes/airports.png</href>
            </Icon>
          </IconStyle>
        </Style>
        <Point>
          <altitudeMode>absolute</altitudeMode>
          <coordinates>-112.147232,33.683384,701.04</coordinates>
        </Point>
      </Placemark>
      <Placemark>
        <name>2025-08-25 09:31:04 UTC</name>
        <description><![CDATA[<div><div><span><b>Altitude:</b></span> <span>2,300 ft</span></div>
<div><span><b>Speed:</b></span> <span>82 kt</span></div>
<div><span><b>Heading:</b></span> <span>75&deg;</span></div>
</div>]]></description>
        <TimeStamp>
          <when>2025-08-25T09:31:04+00:00</when>
        </TimeStamp>
        <Style>
          <IconStyle>
            <heading>75</heading>
            <Icon>
              <href>http://maps.google.com/mapfiles/kml/shapes/airports.png</href>
            </Icon>
          </IconStyle>
        </Style>
        <Point>
          <altitudeMode>absolute</altitudeMode>
          <coordinates>-112.146317,33.683571,701.04</coordinates>
        </Point>
      </Placemark>
      <Placemark>
        <name>2025-08-25 09:31:06 UTC</name>
        <description><![CDATA[<div><div><span><b>Altitude:</b></span> <span>2,300 ft</span></div>
<div><span><b>Speed:</b></span> <span>81 kt</span></div>
<div><span><b>Heading:</b></span> <span>74&deg;</span></div>
</div>]]></description>
        <TimeStamp>
          <when>2025-08-25T09:31:06+00:00</when>
        </TimeStamp>
        <Style>
          <IconStyle>
            <heading>74</heading>
            <Icon>
              <href>http://maps.google.com/mapfiles/kml/shapes/airports.png</href>
            </Icon>
          </IconStyle>
        </Style>
        <Point>
          <altitudeMode>absolute</altitudeMode>
          <coordinates>-112.145294,33.683804,701.04</coordinates>
        </Point>
      </Placemark>
      <Placemark>
        <name>2025-08-25 09:31:08 UTC</name>
        <description><![CDATA[<div><div><span><b>Altitude:</b></span> <span>2,325 ft</span></div>
<div><span><b>Speed:</b></span> <span>78 kt</span></div>
<div><span><b>Heading:</b></span> <span>77&deg;</span></div>
</div>]]></description>
        <TimeStamp>
          <when>2025-08-25T09:31:08+00:00</when>
        </TimeStamp>
        <Style>
          <IconStyle>
            <heading>77</heading>
            <Icon>
              <href>http://maps.google.com/mapfiles/kml/shapes/airports.png</href>
            </Icon>
          </IconStyle>
        </Style>
        <Point>
          <altitudeMode>absolute</altitudeMode>
          <coordinates>-112.144432,33.68399,708.66</coordinates>
        </Point>
      </Placemark>
      <Placemark>
        <name>2025-08-25 09:31:11 UTC</name>
        <description><![CDATA[<div><div><span><b>Altitude:</b></span> <span>2,325 ft</span></div>
<div><span><b>Speed:</b></span> <span>76 kt</span></div>
<div><span><b>Heading:</b></span> <span>83&deg;</span></div>
</div>]]></description>
        <TimeStamp>
          <when>2025-08-25T09:31:11+00:00</when>
        </TimeStamp>
        <Style>
          <IconStyle>
            <heading>83</heading>
            <Icon>
              <href>http://maps.google.com/mapfiles/kml/shapes/airports.png</href>
            </Icon>
          </IconStyle>
        </Style>
        <Point>
          <altitudeMode>absolute</altitudeMode>
          <coordinates>-112.143562,33.684128,708.66</coordinates>
        </Point>
      </Placemark>
      <Placemark>
        <name>2025-08-25 09:31:20 UTC</name>
        <description><![CDATA[<div><div><span><b>Altitude:</b></span> <span>2,325 ft</span></div>
<div><span><b>Speed:</b></span> <span>73 kt</span></div>
<div><span><b>Heading:</b></span> <span>89&deg;</span></div>
</div>]]></description>
        <TimeStamp>
          <when>2025-08-25T09:31:20+00:00</when>
        </TimeStamp>
        <Style>
          <IconStyle>
            <heading>89</heading>
            <Icon>
              <href>http://maps.google.com/mapfiles/kml/shapes/airports.png</href>
            </Icon>
          </IconStyle>
        </Style>
        <Point>
          <altitudeMode>absolute</altitudeMode>
          <coordinates>-112.139572,33.684223,708.66</coordinates>
        </Point>
      </Placemark>
      <Placemark>
        <name>2025-08-25 09:31:23 UTC</name>
        <description><![CDATA[<div><div><span><b>Altitude:</b></span> <span>2,325 ft</span></div>
<div><span><b>Speed:</b></span> <span>73 kt</span></div>
<div><span><b>Heading:</b></span> <span>86&deg;</span></div>
</div>]]></description>
        <TimeStamp>
          <when>2025-08-25T09:31:23+00:00</when>
        </TimeStamp>
        <Style>
          <IconStyle>
            <heading>86</heading>
            <Icon>
              <href>http://maps.google.com/mapfiles/kml/shapes/airports.png</href>
            </Icon>
          </IconStyle>
        </Style>
        <Point>
          <altitudeMode>absolute</altitudeMode>
          <coordinates>-112.138687,33.684219,708.66</coordinates>
        </Point>
      </Placemark>
      <Placemark>
        <name>2025-08-25 09:31:30 UTC</name>
        <description><![CDATA[<div><div><span><b>Altitude:</b></span> <span>2,275 ft</span></div>
<div><span><b>Speed:</b></span> <span>77 kt</span></div>
<div><span><b>Heading:</b></span> <span>83&deg;</span></div>
</div>]]></description>
        <TimeStamp>
          <when>2025-08-25T09:31:30+00:00</when>
        </TimeStamp>
        <Style>
          <IconStyle>
            <heading>83</heading>
            <Icon>
              <href>http://maps.google.com/mapfiles/kml/shapes/airports.png</href>
            </Icon>
          </IconStyle>
        </Style>
        <Point>
          <altitudeMode>absolute</altitudeMode>
          <coordinates>-112.135437,33.684494,693.42</coordinates>
        </Point>
      </Placemark>
      <Placemark>
        <name>2025-08-25 09:31:33 UTC</name>
        <description><![CDATA[<div><div><span><b>Altitude:</b></span> <span>2,250 ft</span></div>
<div><span><b>Speed:</b></span> <span>78 kt</span></div>
<div><span><b>Heading:</b></span> <span>84&deg;</span></div>
</div>]]></description>
        <TimeStamp>
          <when>2025-08-25T09:31:33+00:00</when>
        </TimeStamp>
        <Style>
          <IconStyle>
            <heading>84</heading>
            <Icon>
              <href>http://maps.google.com/mapfiles/kml/shapes/airports.png</href>
            </Icon>
          </IconStyle>
        </Style>
        <Point>
          <altitudeMode>absolute</altitudeMode>
          <coordinates>-112.134537,33.684593,685.8</coordinates>
        </Point>
      </Placemark>
      <Placemark>
        <name>2025-08-25 09:31:35 UTC</name>
        <description><![CDATA[<div><div><span><b>Altitude:</b></span> <span>2,225 ft</span></div>
<div><span><b>Speed:</b></span> <span>80 kt</span></div>
<div><span><b>Heading:</b></span> <span>86&deg;</span></div>
</div>]]></description>
        <TimeStamp>
          <when>2025-08-25T09:31:35+00:00</when>
        </TimeStamp>
        <Style>
          <IconStyle>
            <heading>86</heading>
            <Icon>
              <href>http://maps.google.com/mapfiles/kml/shapes/airports.png</href>
            </Icon>
          </IconStyle>
        </Style>
        <Point>
          <altitudeMode>absolute</altitudeMode>
          <coordinates>-112.13356,33.684639,678.18</coordinates>
        </Point>
      </Placemark>
      <Placemark>
        <name>2025-08-25 09:31:37 UTC</name>
        <description><![CDATA[<div><div><span><b>Altitude:</b></span> <span>2,200 ft</span></div>
<div><span><b>Speed:</b></span> <span>80 kt</span></div>
<div><span><b>Heading:</b></span> <span>87&deg;</span></div>
</div>]]></description>
        <TimeStamp>
          <when>2025-08-25T09:31:37+00:00</when>
        </TimeStamp>
        <Style>
          <IconStyle>
            <heading>87</heading>
            <Icon>
              <href>http://maps.google.com/mapfiles/kml/shapes/airports.png</href>
            </Icon>
          </IconStyle>
        </Style>
        <Point>
          <altitudeMode>absolute</altitudeMode>
          <coordinates>-112.132462,33.684723,670.56</coordinates>
        </Point>
      </Placemark>
      <Placemark>
        <name>2025-08-25 09:31:46 UTC</name>
        <description><![CDATA[<div><div><span><b>Altitude:</b></span> <span>2,100 ft</span></div>
<div><span><b>Speed:</b></span> <span>82 kt</span></div>
<div><span><b>Heading:</b></span> <span>86&deg;</span></div>
</div>]]></description>
        <TimeStamp>
          <when>2025-08-25T09:31:46+00:00</when>
        </TimeStamp>
        <Style>
          <IconStyle>
            <heading>86</heading>
            <Icon>
              <href>http://maps.google.com/mapfiles/kml/shapes/airports.png</href>
            </Icon>
          </IconStyle>
        </Style>
        <Point>
          <altitudeMode>absolute</altitudeMode>
          <coordinates>-112.12854,33.684906,640.08</coordinates>
        </Point>
      </Placemark>
      <Placemark>
        <name>2025-08-25 09:31:52 UTC</name>
        <description><![CDATA[<div><div><span><b>Altitude:</b></span> <span>2,050 ft</span></div>
<div><span><b>Speed:</b></span> <span>81 kt</span></div>
<div><span><b>Heading:</b></span> <span>87&deg;</span></div>
</div>]]></description>
        <TimeStamp>
          <when>2025-08-25T09:31:52+00:00</when>
        </TimeStamp>
        <Style>
          <IconStyle>
            <heading>87</heading>
            <Icon>
              <href>http://maps.google.com/mapfiles/kml/shapes/airports.png</href>
            </Icon>
          </IconStyle>
        </Style>
        <Point>
          <altitudeMode>absolute</altitudeMode>
          <coordinates>-112.125893,33.685059,624.84</coordinates>
        </Point>
      </Placemark>
      <Placemark>
        <name>2025-08-25 09:32:01 UTC</name>
        <description><![CDATA[<div><div><span><b>Altitude:</b></span> <span>2,000 ft</span></div>
<div><span><b>Speed:</b></span> <span>79 kt</span></div>
<div><span><b>Heading:</b></span> <span>84&deg;</span></div>
</div>]]></description>
        <TimeStamp>
          <when>2025-08-25T09:32:01+00:00</when>
        </TimeStamp>
        <Style>
          <IconStyle>
            <heading>84</heading>
            <Icon>
              <href>http://maps.google.com/mapfiles/kml/shapes/airports.png</href>
            </Icon>
          </IconStyle>
        </Style>
        <Point>
          <altitudeMode>absolute</altitudeMode>
          <coordinates>-112.122002,33.685246,609.6</coordinates>
        </Point>
      </Placemark>
      <Placemark>
        <name>2025-08-25 09:32:07 UTC</name>
        <description><![CDATA[<div><div><span><b>Altitude:</b></span> <span>1,975 ft</span></div>
<div><span><b>Speed:</b></span> <span>75 kt</span></div>
<div><span><b>Heading:</b></span> <span>83&deg;</span></div>
</div>]]></description>
        <TimeStamp>
          <when>2025-08-25T09:32:07+00:00</when>
        </TimeStamp>
        <Style>
          <IconStyle>
            <heading>83</heading>
            <Icon>
              <href>http://maps.google.com/mapfiles/kml/shapes/airports.png</href>
            </Icon>
          </IconStyle>
        </Style>
        <Point>
          <altitudeMode>absolute</altitudeMode>
          <coordinates>-112.119232,33.685501,601.98</coordinates>
        </Point>
      </Placemark>
      <Placemark>
        <name>2025-08-25 09:32:16 UTC</name>
        <description><![CDATA[<div><div><span><b>Altitude:</b></span> <span>1,900 ft</span></div>
<div><span><b>Speed:</b></span> <span>73 kt</span></div>
<div><span><b>Heading:</b></span> <span>86&deg;</span></div>
</div>]]></description>
        <TimeStamp>
          <when>2025-08-25T09:32:16+00:00</when>
        </TimeStamp>
        <Style>
          <IconStyle>
            <heading>86</heading>
            <Icon>
              <href>http://maps.google.com/mapfiles/kml/shapes/airports.png</href>
            </Icon>
          </IconStyle>
        </Style>
        <Point>
          <altitudeMode>absolute</altitudeMode>
          <coordinates>-112.11554,33.685806,579.12</coordinates>
        </Point>
      </Placemark>
      <Placemark>
        <name>2025-08-25 09:32:24 UTC</name>
        <description><![CDATA[<div><div><span><b>Altitude:</b></span> <span>1,875 ft</span></div>
<div><span><b>Speed:</b></span> <span>68 kt</span></div>
<div><span><b>Heading:</b></span> <span>87&deg;</span></div>
</div>]]></description>
        <TimeStamp>
          <when>2025-08-25T09:32:24+00:00</when>
        </TimeStamp>
        <Style>
          <IconStyle>
            <heading>87</heading>
            <Icon>
              <href>http://maps.google.com/mapfiles/kml/shapes/airports.png</href>
            </Icon>
          </IconStyle>
        </Style>
        <Point>
          <altitudeMode>absolute</altitudeMode>
          <coordinates>-112.112175,33.685959,571.5</coordinates>
        </Point>
      </Placemark>
      <Placemark>
        <name>2025-08-25 09:32:31 UTC</name>
        <description><![CDATA[<div><div><span><b>Altitude:</b></span> <span>1,900 ft</span></div>
<div><span><b>Speed:</b></span> <span>65 kt</span></div>
<div><span><b>Heading:</b></span> <span>90&deg;</span></div>
</div>]]></description>
        <TimeStamp>
          <when>2025-08-25T09:32:31+00:00</when>
        </TimeStamp>
        <Style>
          <IconStyle>
            <heading>90</heading>
            <Icon>
              <href>http://maps.google.com/mapfiles/kml/shapes/airports.png</href>
            </Icon>
          </IconStyle>
        </Style>
        <Point>
          <altitudeMode>absolute</altitudeMode>
          <coordinates>-112.109818,33.68605,579.12</coordinates>
        </Point>
      </Placemark>
      <Placemark>
        <name>2025-08-25 09:32:33 UTC</name>
        <description><![CDATA[<div><div><span><b>Altitude:</b></span> <span>1,900 ft</span></div>
<div><span><b>Speed:</b></span> <span>66 kt</span></div>
<div><span><b>Heading:</b></span> <span>96&deg;</span></div>
</div>]]></description>
        <TimeStamp>
          <when>2025-08-25T09:32:33+00:00</when>
        </TimeStamp>
        <Style>
          <IconStyle>
            <heading>96</heading>
            <Icon>
              <href>http://maps.google.com/mapfiles/kml/shapes/airports.png</href>
            </Icon>
          </IconStyle>
        </Style>
        <Point>
          <altitudeMode>absolute</altitudeMode>
          <coordinates>-112.108841,33.685989,579.12</coordinates>
        </Point>
      </Placemark>
      <Placemark>
        <name>2025-08-25 09:32:36 UTC</name>
        <description><![CDATA[<div><div><span><b>Altitude:</b></span> <span>1,900 ft</span></div>
<div><span><b>Speed:</b></span> <span>68 kt</span></div>
<div><span><b>Heading:</b></span> <span>97&deg;</span></div>
</div>]]></description>
        <TimeStamp>
          <when>2025-08-25T09:32:36+00:00</when>
        </TimeStamp>
        <Style>
          <IconStyle>
            <heading>97</heading>
            <Icon>
              <href>http://maps.google.com/mapfiles/kml/shapes/airports.png</href>
            </Icon>
          </IconStyle>
        </Style>
        <Point>
          <altitudeMode>absolute</altitudeMode>
          <coordinates>-112.107971,33.685867,579.12</coordinates>
        </Point>
      </Placemark>
      <Placemark>
        <name>2025-08-25 09:32:38 UTC</name>
        <description><![CDATA[<div><div><span><b>Altitude:</b></span> <span>1,900 ft</span></div>
<div><span><b>Speed:</b></span> <span>71 kt</span></div>
<div><span><b>Heading:</b></span> <span>95&deg;</span></div>
</div>]]></description>
        <TimeStamp>
          <when>2025-08-25T09:32:38+00:00</when>
        </TimeStamp>
        <Style>
          <IconStyle>
            <heading>95</heading>
            <Icon>
              <href>http://maps.google.com/mapfiles/kml/shapes/airports.png</href>
            </Icon>
          </IconStyle>
        </Style>
        <Point>
          <altitudeMode>absolute</altitudeMode>
          <coordinates>-112.107239,33.685806,579.12</coordinates>
        </Point>
      </Placemark>
      <Placemark>
        <name>2025-08-25 09:32:40 UTC</name>
        <description><![CDATA[<div><div><span><b>Altitude:</b></span> <span>1,900 ft</span></div>
<div><span><b>Speed:</b></span> <span>73 kt</span></div>
<div><span><b>Heading:</b></span> <span>96&deg;</span></div>
</div>]]></description>
        <TimeStamp>
          <when>2025-08-25T09:32:40+00:00</when>
        </TimeStamp>
        <Style>
          <IconStyle>
            <heading>96</heading>
            <Icon>
              <href>http://maps.google.com/mapfiles/kml/shapes/airports.png</href>
            </Icon>
          </IconStyle>
        </Style>
        <Point>
          <altitudeMode>absolute</altitudeMode>
          <coordinates>-112.106384,33.685711,579.12</coordinates>
        </Point>
      </Placemark>
      <Placemark>
        <name>2025-08-25 09:32:42 UTC</name>
        <description><![CDATA[<div><div><span><b>Altitude:</b></span> <span>1,900 ft</span></div>
<div><span><b>Speed:</b></span> <span>76 kt</span></div>
<div><span><b>Heading:</b></span> <span>95&deg;</span></div>
</div>]]></description>
        <TimeStamp>
          <when>2025-08-25T09:32:42+00:00</when>
        </TimeStamp>
        <Style>
          <IconStyle>
            <heading>95</heading>
            <Icon>
              <href>http://maps.google.com/mapfiles/kml/shapes/airports.png</href>
            </Icon>
          </IconStyle>
        </Style>
        <Point>
          <altitudeMode>absolute</altitudeMode>
          <coordinates>-112.105331,33.685638,579.12</coordinates>
        </Point>
      </Placemark>
      <Placemark>
        <name>2025-08-25 09:32:44 UTC</name>
        <description><![CDATA[<div><div><span><b>Altitude:</b></span> <span>1,875 ft</span></div>
<div><span><b>Speed:</b></span> <span>78 kt</span></div>
<div><span><b>Heading:</b></span> <span>94&deg;</span></div>
</div>]]></description>
        <TimeStamp>
          <when>2025-08-25T09:32:44+00:00</when>
        </TimeStamp>
        <Style>
          <IconStyle>
            <heading>94</heading>
            <Icon>
              <href>http://maps.google.com/mapfiles/kml/shapes/airports.png</href>
            </Icon>
          </IconStyle>
        </Style>
        <Point>
          <altitudeMode>absolute</altitudeMode>
          <coordinates>-112.104378,33.685593,571.5</coordinates>
        </Point>
      </Placemark>
      <Placemark>
        <name>2025-08-25 09:32:47 UTC</name>
        <description><![CDATA[<div><div><span><b>Altitude:</b></span> <span>1,875 ft</span></div>
<div><span><b>Speed:</b></span> <span>80 kt</span></div>
<div><span><b>Heading:</b></span> <span>94&deg;</span></div>
</div>]]></description>
        <TimeStamp>
          <when>2025-08-25T09:32:47+00:00</when>
        </TimeStamp>
        <Style>
          <IconStyle>
            <heading>94</heading>
            <Icon>
              <href>http://maps.google.com/mapfiles/kml/shapes/airports.png</href>
            </Icon>
          </IconStyle>
        </Style>
        <Point>
          <altitudeMode>absolute</altitudeMode>
          <coordinates>-112.103317,33.685501,571.5</coordinates>
        </Point>
      </Placemark>
      <Placemark>
        <name>2025-08-25 09:32:49 UTC</name>
        <description><![CDATA[<div><div><span><b>Altitude:</b></span> <span>1,875 ft</span></div>
<div><span><b>Speed:</b></span> <span>80 kt</span></div>
<div><span><b>Heading:</b></span> <span>93&deg;</span></div>
</div>]]></description>
        <TimeStamp>
          <when>2025-08-25T09:32:49+00:00</when>
        </TimeStamp>
        <Style>
          <IconStyle>
            <heading>93</heading>
            <Icon>
              <href>http://maps.google.com/mapfiles/kml/shapes/airports.png</href>
            </Icon>
          </IconStyle>
        </Style>
        <Point>
          <altitudeMode>absolute</altitudeMode>
          <coordinates>-112.102417,33.685455,571.5</coordinates>
        </Point>
      </Placemark>
      <Placemark>
        <name>2025-08-25 09:32:51 UTC</name>
        <description><![CDATA[<div><div><span><b>Altitude:</b></span> <span>1,875 ft</span></div>
<div><span><b>Speed:</b></span> <span>81 kt</span></div>
<div><span><b>Heading:</b></span> <span>92&deg;</span></div>
</div>]]></description>
        <TimeStamp>
          <when>2025-08-25T09:32:51+00:00</when>
        </TimeStamp>
        <Style>
          <IconStyle>
            <heading>92</heading>
            <Icon>
              <href>http://maps.google.com/mapfiles/kml/shapes/airports.png</href>
            </Icon>
          </IconStyle>
        </Style>
        <Point>
          <altitudeMode>absolute</altitudeMode>
          <coordinates>-112.101357,33.68541,571.5</coordinates>
        </Point>
      </Placemark>
      <Placemark>
        <name>2025-08-25 09:33:00 UTC</name>
        <description><![CDATA[<div><div><span><b>Altitude:</b></span> <span>1,850 ft</span></div>
<div><span><b>Speed:</b></span> <span>80 kt</span></div>
<div><span><b>Heading:</b></span> <span>87&deg;</span></div>
</div>]]></description>
        <TimeStamp>
          <when>2025-08-25T09:33:00+00:00</when>
        </TimeStamp>
        <Style>
          <IconStyle>
            <heading>87</heading>
            <Icon>
              <href>http://maps.google.com/mapfiles/kml/shapes/airports.png</href>
            </Icon>
          </IconStyle>
        </Style>
        <Point>
          <altitudeMode>absolute</altitudeMode>
          <coordinates>-112.097282,33.685478,563.88</coordinates>
        </Point>
      </Placemark>
      <Placemark>
        <name>2025-08-25 09:33:03 UTC</name>
        <description><![CDATA[<div><div><span><b>Altitude:</b></span> <span>1,850 ft</span></div>
<div><span><b>Speed:</b></span> <span>79 kt</span></div>
<div><span><b>Heading:</b></span> <span>87&deg;</span></div>
</div>]]></description>
        <TimeStamp>
          <when>2025-08-25T09:33:03+00:00</when>
        </TimeStamp>
        <Style>
          <IconStyle>
            <heading>87</heading>
            <Icon>
              <href>http://maps.google.com/mapfiles/kml/shapes/airports.png</href>
            </Icon>
          </IconStyle>
        </Style>
        <Point>
          <altitudeMode>absolute</altitudeMode>
          <coordinates>-112.096474,33.685501,563.88</coordinates>
        </Point>
      </Placemark>
      <Placemark>
        <name>2025-08-25 09:33:05 UTC</name>
        <description><![CDATA[<div><div><span><b>Altitude:</b></span> <span>1,850 ft</span></div>
<div><span><b>Speed:</b></span> <span>78 kt</span></div>
<div><span><b>Heading:</b></span> <span>87&deg;</span></div>
</div>]]></description>
        <TimeStamp>
          <when>2025-08-25T09:33:05+00:00</when>
        </TimeStamp>
        <Style>
          <IconStyle>
            <heading>87</heading>
            <Icon>
              <href>http://maps.google.com/mapfiles/kml/shapes/airports.png</href>
            </Icon>
          </IconStyle>
        </Style>
        <Point>
          <altitudeMode>absolute</altitudeMode>
          <coordinates>-112.095413,33.685547,563.88</coordinates>
        </Point>
      </Placemark>
      <Placemark>
        <name>2025-08-25 09:33:07 UTC</name>
        <description><![CDATA[<div><div><span><b>Altitude:</b></span> <span>1,850 ft</span></div>
<div><span><b>Speed:</b></span> <span>77 kt</span></div>
<div><span><b>Heading:</b></span> <span>87&deg;</span></div>
</div>]]></description>
        <TimeStamp>
          <when>2025-08-25T09:33:07+00:00</when>
        </TimeStamp>
        <Style>
          <IconStyle>
            <heading>87</heading>
            <Icon>
              <href>http://maps.google.com/mapfiles/kml/shapes/airports.png</href>
            </Icon>
          </IconStyle>
        </Style>
        <Point>
          <altitudeMode>absolute</altitudeMode>
          <coordinates>-112.094574,33.685593,563.88</coordinates>
        </Point>
      </Placemark>
      <Placemark>
        <name>2025-08-25 09:33:09 UTC</name>
        <description><![CDATA[<div><div><span><b>Altitude:</b></span> <span>1,850 ft</span></div>
<div><span><b>Speed:</b></span> <span>76 kt</span></div>
<div><span><b>Heading:</b></span> <span>86&deg;</span></div>
</div>]]></description>
        <TimeStamp>
          <when>2025-08-25T09:33:09+00:00</when>
        </TimeStamp>
        <Style>
          <IconStyle>
            <heading>86</heading>
            <Icon>
              <href>http://maps.google.com/mapfiles/kml/shapes/airports.png</href>
            </Icon>
          </IconStyle>
        </Style>
        <Point>
          <altitudeMode>absolute</altitudeMode>
          <coordinates>-112.093506,33.685665,563.88</coordinates>
        </Point>
      </Placemark>
      <Placemark>
        <name>2025-08-25 09:33:11 UTC</name>
        <description><![CDATA[<div><div><span><b>Altitude:</b></span> <span>1,850 ft</span></div>
<div><span><b>Speed:</b></span> <span>75 kt</span></div>
<div><span><b>Heading:</b></span> <span>85&deg;</span></div>
</div>]]></description>
        <TimeStamp>
          <when>2025-08-25T09:33:11+00:00</when>
        </TimeStamp>
        <Style>
          <IconStyle>
            <heading>85</heading>
            <Icon>
              <href>http://maps.google.com/mapfiles/kml/shapes/airports.png</href>
            </Icon>
          </IconStyle>
        </Style>
        <Point>
          <altitudeMode>absolute</altitudeMode>
          <coordinates>-112.092758,33.685711,563.88</coordinates>
        </Point>
      </Placemark>
      <Placemark>
        <name>2025-08-25 09:33:14 UTC</name>
        <description><![CDATA[<div><div><span><b>Altitude:</b></span> <span>1,825 ft</span></div>
<div><span><b>Speed:</b></span> <span>74 kt</span></div>
<div><span><b>Heading:</b></span> <span>84&deg;</span></div>
</div>]]></description>
        <TimeStamp>
          <when>2025-08-25T09:33:14+00:00</when>
        </TimeStamp>
        <Style>
          <IconStyle>
            <heading>84</heading>
            <Icon>
              <href>http://maps.google.com/mapfiles/kml/shapes/airports.png</href>
            </Icon>
          </IconStyle>
        </Style>
        <Point>
          <altitudeMode>absolute</altitudeMode>
          <coordinates>-112.091713,33.685776,556.26</coordinates>
        </Point>
      </Placemark>
      <Placemark>
        <name>2025-08-25 09:33:16 UTC</name>
        <description><![CDATA[<div><div><span><b>Altitude:</b></span> <span>1,825 ft</span></div>
<div><span><b>Speed:</b></span> <span>72 kt</span></div>
<div><span><b>Heading:</b></span> <span>85&deg;</span></div>
</div>]]></description>
        <TimeStamp>
          <when>2025-08-25T09:33:16+00:00</when>
        </TimeStamp>
        <Style>
          <IconStyle>
            <heading>85</heading>
            <Icon>
              <href>http://maps.google.com/mapfiles/kml/shapes/airports.png</href>
            </Icon>
          </IconStyle>
        </Style>
        <Point>
          <altitudeMode>absolute</altitudeMode>
          <coordinates>-112.090874,33.685852,556.26</coordinates>
        </Point>
      </Placemark>
      <Placemark>
        <name>2025-08-25 09:33:18 UTC</name>
        <description><![CDATA[<div><div><span><b>Altitude:</b></span> <span>1,825 ft</span></div>
<div><span><b>Speed:</b></span> <span>71 kt</span></div>
<div><span><b>Heading:</b></span> <span>85&deg;</span></div>
</div>]]></description>
        <TimeStamp>
          <when>2025-08-25T09:33:18+00:00</when>
        </TimeStamp>
        <Style>
          <IconStyle>
            <heading>85</heading>
            <Icon>
              <href>http://maps.google.com/mapfiles/kml/shapes/airports.png</href>
            </Icon>
          </IconStyle>
        </Style>
        <Point>
          <altitudeMode>absolute</altitudeMode>
          <coordinates>-112.089859,33.685913,556.26</coordinates>
        </Point>
      </Placemark>
      <Placemark>
        <name>2025-08-25 09:33:20 UTC</name>
        <description><![CDATA[<div><div><span><b>Altitude:</b></span> <span>1,825 ft</span></div>
<div><span><b>Speed:</b></span> <span>69 kt</span></div>
<div><span><b>Heading:</b></span> <span>85&deg;</span></div>
</div>]]></description>
        <TimeStamp>
          <when>2025-08-25T09:33:20+00:00</when>
        </TimeStamp>
        <Style>
          <IconStyle>
            <heading>85</heading>
            <Icon>
              <href>http://maps.google.com/mapfiles/kml/shapes/airports.png</href>
            </Icon>
          </IconStyle>
        </Style>
        <Point>
          <altitudeMode>absolute</altitudeMode>
          <coordinates>-112.089081,33.685959,556.26</coordinates>
        </Point>
      </Placemark>
      <Placemark>
        <name>2025-08-25 09:33:23 UTC</name>
        <description><![CDATA[<div><div><span><b>Altitude:</b></span> <span>1,825 ft</span></div>
<div><span><b>Speed:</b></span> <span>68 kt</span></div>
<div><span><b>Heading:</b></span> <span>85&deg;</span></div>
</div>]]></description>
        <TimeStamp>
          <when>2025-08-25T09:33:23+00:00</when>
        </TimeStamp>
        <Style>
          <IconStyle>
            <heading>85</heading>
            <Icon>
              <href>http://maps.google.com/mapfiles/kml/shapes/airports.png</href>
            </Icon>
          </IconStyle>
        </Style>
        <Point>
          <altitudeMode>absolute</altitudeMode>
          <coordinates>-112.088234,33.686005,556.26</coordinates>
        </Point>
      </Placemark>
      <Placemark>
        <name>2025-08-25 09:33:25 UTC</name>
        <description><![CDATA[<div><div><span><b>Altitude:</b></span> <span>1,800 ft</span></div>
<div><span><b>Speed:</b></span> <span>65 kt</span></div>
<div><span><b>Heading:</b></span> <span>83&deg;</span></div>
</div>]]></description>
        <TimeStamp>
          <when>2025-08-25T09:33:25+00:00</when>
        </TimeStamp>
        <Style>
          <IconStyle>
            <heading>83</heading>
            <Icon>
              <href>http://maps.google.com/mapfiles/kml/shapes/airports.png</href>
            </Icon>
          </IconStyle>
        </Style>
        <Point>
          <altitudeMode>absolute</altitudeMode>
          <coordinates>-112.087265,33.686085,548.64</coordinates>
        </Point>
      </Placemark>
      <Placemark>
        <name>2025-08-25 09:33:27 UTC</name>
        <description><![CDATA[<div><div><span><b>Altitude:</b></span> <span>1,800 ft</span></div>
<div><span><b>Speed:</b></span> <span>63 kt</span></div>
<div><span><b>Heading:</b></span> <span>83&deg;</span></div>
</div>]]></description>
        <TimeStamp>
          <when>2025-08-25T09:33:27+00:00</when>
        </TimeStamp>
        <Style>
          <IconStyle>
            <heading>83</heading>
            <Icon>
              <href>http://maps.google.com/mapfiles/kml/shapes/airports.png</href>
            </Icon>
          </IconStyle>
        </Style>
        <Point>
          <altitudeMode>absolute</altitudeMode>
          <coordinates>-112.086555,33.686188,548.64</coordinates>
        </Point>
      </Placemark>
      <Placemark>
        <name>2025-08-25 09:33:36 UTC</name>
        <description><![CDATA[<div><div><span><b>Altitude:</b></span> <span>1,775 ft</span></div>
<div><span><b>Speed:</b></span> <span>54 kt</span></div>
<div><span><b>Heading:</b></span> <span>87&deg;</span></div>
</div>]]></description>
        <TimeStamp>
          <when>2025-08-25T09:33:36+00:00</when>
        </TimeStamp>
        <Style>
          <IconStyle>
            <heading>87</heading>
            <Icon>
              <href>http://maps.google.com/mapfiles/kml/shapes/airports.png</href>
            </Icon>
          </IconStyle>
        </Style>
        <Point>
          <altitudeMode>absolute</altitudeMode>
          <coordinates>-112.083862,33.686325,541.02</coordinates>
        </Point>
      </Placemark>
      <Placemark>
        <name>2025-08-25 09:33:42 UTC</name>
        <description><![CDATA[<div><div><span><b>Altitude:</b></span> <span>1,750 ft</span></div>
<div><span><b>Speed:</b></span> <span>50 kt</span></div>
<div><span><b>Heading:</b></span> <span>87&deg;</span></div>
</div>]]></description>
        <TimeStamp>
          <when>2025-08-25T09:33:42+00:00</when>
        </TimeStamp>
        <Style>
          <IconStyle>
            <heading>87</heading>
            <Icon>
              <href>http://maps.google.com/mapfiles/kml/shapes/airports.png</href>
            </Icon>
          </IconStyle>
        </Style>
        <Point>
          <altitudeMode>absolute</altitudeMode>
          <coordinates>-112.082001,33.686363,533.4</coordinates>
        </Point>
      </Placemark>
      <Placemark>
        <name>2025-08-25 09:33:51 UTC</name>
        <description><![CDATA[<div><div><span><b>Altitude:</b></span> <span>1,675 ft</span></div>
<div><span><b>Speed:</b></span> <span>40 kt</span></div>
<div><span><b>Heading:</b></span> <span>85&deg;</span></div>
</div>]]></description>
        <TimeStamp>
          <when>2025-08-25T09:33:51+00:00</when>
        </TimeStamp>
        <Style>
          <IconStyle>
            <heading>85</heading>
            <Icon>
              <href>http://maps.google.com/mapfiles/kml/shapes/airports.png</href>
            </Icon>
          </IconStyle>
        </Style>
        <Point>
          <altitudeMode>absolute</altitudeMode>
          <coordinates>-112.079834,33.686504,510.54</coordinates>
        </Point>
      </Placemark>
      <Placemark>
        <name>2025-08-25 09:33:58 UTC</name>
        <description><![CDATA[<div><div><span><b>Altitude:</b></span> <span>1,650 ft</span></div>
<div><span><b>Speed:</b></span> <span>35 kt</span></div>
<div><span><b>Heading:</b></span> <span>85&deg;</span></div>
</div>]]></description>
        <TimeStamp>
          <when>2025-08-25T09:33:58+00:00</when>
        </TimeStamp>
        <Style>
          <IconStyle>
            <heading>85</heading>
            <Icon>
              <href>http://maps.google.com/mapfiles/kml/shapes/airports.png</href>
            </Icon>
          </IconStyle>
        </Style>
        <Point>
          <altitudeMode>absolute</altitudeMode>
          <coordinates>-112.078369,33.6866,502.92</coordinates>
        </Point>
      </Placemark>
      <Placemark>
        <name>2025-08-25 09:34:07 UTC</name>
        <description><![CDATA[<div><div><span><b>Altitude:</b></span> <span>1,600 ft</span></div>
<div><span><b>Speed:</b></span> <span>31 kt</span></div>
<div><span><b>Heading:</b></span> <span>86&deg;</span></div>
</div>]]></description>
        <TimeStamp>
          <when>2025-08-25T09:34:07+00:00</when>
        </TimeStamp>
        <Style>
          <IconStyle>
            <heading>86</heading>
            <Icon>
              <href>http://maps.google.com/mapfiles/kml/shapes/airports.png</href>
            </Icon>
          </IconStyle>
        </Style>
        <Point>
          <altitudeMode>absolute</altitudeMode>
          <coordinates>-112.076683,33.686687,487.68</coordinates>
        </Point>
      </Placemark>
      <Placemark>
        <name>2025-08-25 09:34:14 UTC</name>
        <description><![CDATA[<div><div><span><b>Altitude:</b></span> <span>1,600 ft</span></div>
<div><span><b>Speed:</b></span> <span>21 kt</span></div>
<div><span><b>Heading:</b></span> <span>84&deg;</span></div>
</div>]]></description>
        <TimeStamp>
          <when>2025-08-25T09:34:14+00:00</when>
        </TimeStamp>
        <Style>
          <IconStyle>
            <heading>84</heading>
            <Icon>
              <href>http://maps.google.com/mapfiles/kml/shapes/airports.png</href>
            </Icon>
          </IconStyle>
        </Style>
        <Point>
          <altitudeMode>absolute</altitudeMode>
          <coordinates>-112.075653,33.686737,487.68</coordinates>
        </Point>
      </Placemark>
      <Placemark>
        <name>2025-08-25 09:34:22 UTC</name>
        <description><![CDATA[<div><div><span><b>Altitude:</b></span> <span>1,575 ft</span></div>
<div><span><b>Speed:</b></span> <span>16 kt</span></div>
<div><span><b>Heading:</b></span> <span>79&deg;</span></div>
</div>]]></description>
        <TimeStamp>
          <when>2025-08-25T09:34:22+00:00</when>
        </TimeStamp>
        <Style>
          <IconStyle>
            <heading>79</heading>
            <Icon>
              <href>http://maps.google.com/mapfiles/kml/shapes/airports.png</href>
            </Icon>
          </IconStyle>
        </Style>
        <Point>
          <altitudeMode>absolute</altitudeMode>
          <coordinates>-112.074852,33.686829,480.06</coordinates>
        </Point>
      </Placemark>
      <Placemark>
        <name>2025-08-25 09:34:24 UTC</name>
        <description><![CDATA[<div><div><span><b>Altitude:</b></span> <span>1,575 ft</span></div>
<div><span><b>Speed:</b></span> <span>14 kt</span></div>
<div><span><b>Heading:</b></span> <span>81&deg;</span></div>
</div>]]></description>
        <TimeStamp>
          <when>2025-08-25T09:34:24+00:00</when>
        </TimeStamp>
        <Style>
          <IconStyle>
            <heading>81</heading>
            <Icon>
              <href>http://maps.google.com/mapfiles/kml/shapes/airports.png</href>
            </Icon>
          </IconStyle>
        </Style>
        <Point>
          <altitudeMode>absolute</altitudeMode>
          <coordinates>-112.074623,33.686829,480.06</coordinates>
        </Point>
      </Placemark>
      <Placemark>
        <name>2025-08-25 09:34:29 UTC</name>
        <description><![CDATA[<div><div><span><b>Altitude:</b></span> <span>1,575 ft</span></div>
<div><span><b>Speed:</b></span> <span>9 kt</span></div>
<div><span><b>Heading:</b></span> <span>113&deg;</span></div>
</div>]]></description>
        <TimeStamp>
          <when>2025-08-25T09:34:29+00:00</when>
        </TimeStamp>
        <Style>
          <IconStyle>
            <heading>113</heading>
            <Icon>
              <href>http://maps.google.com/mapfiles/kml/shapes/airports.png</href>
            </Icon>
          </IconStyle>
        </Style>
        <Point>
          <altitudeMode>absolute</altitudeMode>
          <coordinates>-112.074341,33.686783,480.06</coordinates>
        </Point>
      </Placemark>
      <Placemark>
        <name>2025-08-25 09:34:38 UTC</name>
        <description><![CDATA[<div><div><span><b>Altitude:</b></span> <span>0 ft</span></div>
<div><span><b>Speed:</b></span> <span>8 kt</span></div>
<div><span><b>Heading:</b></span> <span>92&deg;</span></div>
</div>]]></description>
        <TimeStamp>
          <when>2025-08-25T09:34:38+00:00</when>
        </TimeStamp>
        <Style>
          <IconStyle>
            <heading>92</heading>
            <Icon>
              <href>http://maps.google.com/mapfiles/kml/shapes/airports.png</href>
            </Icon>
          </IconStyle>
        </Style>
        <Point>
          <altitudeMode>absolute</altitudeMode>
          <coordinates>-112.074135,33.686562,0</coordinates>
        </Point>
      </Placemark>
      <Placemark>
        <name>2025-08-25 09:34:50 UTC</name>
        <description><![CDATA[<div><div><span><b>Altitude:</b></span> <span>0 ft</span></div>
<div><span><b>Speed:</b></span> <span>2 kt</span></div>
<div><span><b>Heading:</b></span> <span>2&deg;</span></div>
</div>]]></description>
        <TimeStamp>
          <when>2025-08-25T09:34:50+00:00</when>
        </TimeStamp>
        <Style>
          <IconStyle>
            <heading>2</heading>
            <Icon>
              <href>http://maps.google.com/mapfiles/kml/shapes/airports.png</href>
            </Icon>
          </IconStyle>
        </Style>
        <Point>
          <altitudeMode>absolute</altitudeMode>
          <coordinates>-112.073921,33.686493,0</coordinates>
        </Point>
      </Placemark>
    </Folder>
    <Folder>
      <name>Trail</name>
      <Placemark>
        <Style>
          <LineStyle>
            <color>fff0ff00</color>
            <width>2</width>
          </LineStyle>
        </Style>
        <MultiGeometry>
          <LineString>
            <tessellate>1</tessellate>
            <altitudeMode>absolute</altitudeMode>
            <coordinates>-112.293556,33.529667,358.14 -112.294624,33.527851,373.38</coordinates>
          </LineString>
        </MultiGeometry>
        <name>P-1</name>
        <description><![CDATA[<div><div><span><b>Altitude:</b></span> <span>1,175 ft - 1,225 ft</span></div>
<div><span><b>Speed:</b></span> <span>50 kt - 61 kt</span></div>
<div><span><b>Timestamp:</b></span><br/><span>2025-08-25 09:20:07 UTC<br/>2025-08-25 09:20:16 UTC</span></div>
</div>]]></description>
      </Placemark>
      <Placemark>
        <Style>
          <LineStyle>
            <color>fff0ff00</color>
            <width>2</width>
          </LineStyle>
        </Style>
        <MultiGeometry>
          <LineString>
            <tessellate>1</tessellate>
            <altitudeMode>absolute</altitudeMode>
            <coordinates>-112.294624,33.527851,373.38 -112.295746,33.525803,411.48</coordinates>
          </LineString>
        </MultiGeometry>
        <name>P-2</name>
        <description><![CDATA[<div><div><span><b>Altitude:</b></span> <span>1,225 ft - 1,350 ft</span></div>
<div><span><b>Speed:</b></span> <span>61 kt - 67 kt</span></div>
<div><span><b>Timestamp:</b></span><br/><span>2025-08-25 09:20:16 UTC<br/>2025-08-25 09:20:22 UTC</span></div>
</div>]]></description>
      </Placemark>
      <Placemark>
        <Style>
          <LineStyle>
            <color>ffccff00</color>
            <width>2</width>
          </LineStyle>
        </Style>
        <MultiGeometry>
          <LineString>
            <tessellate>1</tessellate>
            <altitudeMode>absolute</altitudeMode>
            <coordinates>-112.295746,33.525803,411.48 -112.296921,33.523895,457.2</coordinates>
          </LineString>
        </MultiGeometry>
        <name>P-3</name>
        <description><![CDATA[<div><div><span><b>Altitude:</b></span> <span>1,350 ft - 1,500 ft</span></div>
<div><span><b>Speed:</b></span> <span>67 kt - 71 kt</span></div>
<div><span><b>Timestamp:</b></span><br/><span>2025-08-25 09:20:22 UTC<br/>2025-08-25 09:20:29 UTC</span></div>
</div>]]></description>
      </Placemark>
      <Placemark>
        <Style>
          <LineStyle>
            <color>ffccff00</color>
            <width>2</width>
          </LineStyle>
        </Style>
        <MultiGeometry>
          <LineString>
            <tessellate>1</tessellate>
            <altitudeMode>absolute</altitudeMode>
            <coordinates>-112.296921,33.523895,457.2 -112.298264,33.52166,502.92</coordinates>
          </LineString>
        </MultiGeometry>
        <name>P-4</name>
        <description><![CDATA[<div><div><span><b>Altitude:</b></span> <span>1,500 ft - 1,650 ft</span></div>
<div><span><b>Speed:</b></span> <span>71 kt - 77 kt</span></div>
<div><span><b>Timestamp:</b></span><br/><span>2025-08-25 09:20:29 UTC<br/>2025-08-25 09:20:36 UTC</span></div>
</div>]]></description>
      </Placemark>
      <Placemark>
        <Style>
          <LineStyle>
            <color>ffccff00</color>
            <width>2</width>
          </LineStyle>
        </Style>
        <MultiGeometry>
          <LineString>
            <tessellate>1</tessellate>
            <altitudeMode>absolute</altitudeMode>
            <coordinates>-112.298264,33.52166,502.92 -112.2995,33.519287,541.02</coordinates>
          </LineString>
        </MultiGeometry>
        <name>P-5</name>
        <description><![CDATA[<div><div><span><b>Altitude:</b></span> <span>1,650 ft - 1,775 ft</span></div>
<div><span><b>Speed:</b></span> <span>77 kt - 81 kt</span></div>
<div><span><b>Timestamp:</b></span><br/><span>2025-08-25 09:20:36 UTC<br/>2025-08-25 09:20:43 UTC</span></div>
</div>]]></description>
      </Placemark>
      <Placemark>
        <Style>
          <LineStyle>
            <color>ffccff00</color>
            <width>2</width>
          </LineStyle>
        </Style>
        <MultiGeometry>
          <LineString>
            <tessellate>1</tessellate>
            <altitudeMode>absolute</altitudeMode>
            <coordinates>-112.2995,33.519287,541.02 -112.299614,33.518543,556.26</coordinates>
          </LineString>
        </MultiGeometry>
        <name>P-6</name>
        <description><![CDATA[<div><div><span><b>Altitude:</b></span> <span>1,775 ft - 1,825 ft</span></div>
<div><span><b>Speed:</b></span> <span>81 kt - 80 kt</span></div>
<div><span><b>Timestamp:</b></span><br/><span>2025-08-25 09:20:43 UTC<br/>2025-08-25 09:20:45 UTC</span></div>
</div>]]></description>
      </Placemark>
      <Placemark>
        <Style>
          <LineStyle>
            <color>ffccff00</color>
            <width>2</width>
          </LineStyle>
        </Style>
        <MultiGeometry>
          <LineString>
            <tessellate>1</tessellate>
            <altitudeMode>absolute</altitudeMode>
            <coordinates>-112.299614,33.518543,556.26 -112.2995,33.517639,571.5</coordinates>
          </LineString>
        </MultiGeometry>
        <name>P-7</name>
        <description><![CDATA[<div><div><span><b>Altitude:</b></span> <span>1,825 ft - 1,875 ft</span></div>
<div><span><b>Speed:</b></span> <span>80 kt - 77 kt</span></div>
<div><span><b>Timestamp:</b></span><br/><span>2025-08-25 09:20:45 UTC<br/>2025-08-25 09:20:48 UTC</span></div>
</div>]]></description>
      </Placemark>
      <Placemark>
        <Style>
          <LineStyle>
            <color>ffccff00</color>
            <width>2</width>
          </LineStyle>
        </Style>
        <MultiGeometry>
          <LineString>
            <tessellate>1</tessellate>
            <altitudeMode>absolute</altitudeMode>
            <coordinates>-112.2995,33.517639,571.5 -112.299049,33.517052,579.12</coordinates>
          </LineString>
        </MultiGeometry>
        <name>P-8</name>
        <description><![CDATA[<div><div><span><b>Altitude:</b></span> <span>1,875 ft - 1,900 ft</span></div>
<div><span><b>Speed:</b></span> <span>77 kt - 75 kt</span></div>
<div><span><b>Timestamp:</b></span><br/><span>2025-08-25 09:20:48 UTC<br/>2025-08-25 09:20:50 UTC</span></div>
</div>]]></description>
      </Placemark>
      <Placemark>
        <Style>
          <LineStyle>
            <color>ffccff00</color>
            <width>2</width>
          </LineStyle>
        </Style>
        <MultiGeometry>
          <LineString>
            <tessellate>1</tessellate>
            <altitudeMode>absolute</altitudeMode>
            <coordinates>-112.299049,33.517052,579.12 -112.298233,33.516678,586.74</coordinates>
          </LineString>
        </MultiGeometry>
        <name>P-9</name>
        <description><![CDATA[<div><div><span><b>Altitude:</b></span> <span>1,900 ft - 1,925 ft</span></div>
<div><span><b>Speed:</b></span> <span>75 kt - 73 kt</span></div>
<div><span><b>Timestamp:</b></span><br/><span>2025-08-25 09:20:50 UTC<br/>2025-08-25 09:20:52 UTC</span></div>
</div>]]></description>
      </Placemark>
      <Placemark>
        <Style>
          <LineStyle>
            <color>ffccff00</color>
            <width>2</width>
          </LineStyle>
        </Style>
        <MultiGeometry>
          <LineString>
            <tessellate>1</tessellate>
            <altitudeMode>absolute</altitudeMode>
            <coordinates>-112.298233,33.516678,586.74 -112.297371,33.516632,594.36</coordinates>
          </LineString>
        </MultiGeometry>
        <name>P-10</name>
        <description><![CDATA[<div><div><span><b>Altitude:</b></span> <span>1,925 ft - 1,950 ft</span></div>
<div><span><b>Speed:</b></span> <span>73 kt - 71 kt</span></div>
<div><span><b>Timestamp:</b></span><br/><span>2025-08-25 09:20:52 UTC<br/>2025-08-25 09:20:54 UTC</span></div>
</div>]]></description>
      </Placemark>
      <Placemark>
        <Style>
          <LineStyle>
            <color>ffccff00</color>
            <width>2</width>
          </LineStyle>
        </Style>
        <MultiGeometry>
          <LineString>
            <tessellate>1</tessellate>
            <altitudeMode>absolute</altitudeMode>
            <coordinates>-112.297371,33.516632,594.36 -112.296532,33.516861,609.6</coordinates>
          </LineString>
        </MultiGeometry>
        <name>P-11</name>
        <description><![CDATA[<div><div><span><b>Altitude:</b></span> <span>1,950 ft - 2,000 ft</span></div>
<div><span><b>Speed:</b></span> <span>71 kt - 69 kt</span></div>
<div><span><b>Timestamp:</b></span><br/><span>2025-08-25 09:20:54 UTC<br/>2025-08-25 09:20:57 UTC</span></div>
</div>]]></description>
      </Placemark>
      <Placemark>
        <Style>
          <LineStyle>
            <color>ff42ff00</color>
            <width>2</width>
          </LineStyle>
        </Style>
        <MultiGeometry>
          <LineString>
            <tessellate>1</tessellate>
            <altitudeMode>absolute</altitudeMode>
            <coordinates>-112.296532,33.516861,609.6 -112.295853,33.517284,617.22</coordinates>
          </LineString>
        </MultiGeometry>
        <name>P-12</name>
        <description><![CDATA[<div><div><span><b>Altitude:</b></span> <span>2,000 ft - 2,025 ft</span></div>
<div><span><b>Speed:</b></span> <span>69 kt - 73 kt</span></div>
<div><span><b>Timestamp:</b></span><br/><span>2025-08-25 09:20:57 UTC<br/>2025-08-25 09:20:59 UTC</span></div>
</div>]]></description>
      </Placemark>
      <Placemark>
        <Style>
          <LineStyle>
            <color>ff42ff00</color>
            <width>2</width>
          </LineStyle>
        </Style>
        <MultiGeometry>
          <LineString>
            <tessellate>1</tessellate>
            <altitudeMode>absolute</altitudeMode>
            <coordinates>-112.295853,33.517284,617.22 -112.295242,33.517704,624.84</coordinates>
          </LineString>
        </MultiGeometry>
        <name>P-13</name>
        <description><![CDATA[<div><div><span><b>Altitude:</b></span> <span>2,025 ft - 2,050 ft</span></div>
<div><span><b>Speed:</b></span> <span>73 kt - 75 kt</span></div>
<div><span><b>Timestamp:</b></span><br/><span>2025-08-25 09:20:59 UTC<br/>2025-08-25 09:21:01 UTC</span></div>
</div>]]></description>
      </Placemark>
      <Placemark>
        <Style>
          <LineStyle>
            <color>ff42ff00</color>
            <width>2</width>
          </LineStyle>
        </Style>
        <MultiGeometry>
          <LineString>
            <tessellate>1</tessellate>
            <altitudeMode>absolute</altitudeMode>
            <coordinates>-112.295242,33.517704,624.84 -112.294556,33.518372,624.84</coordinates>
          </LineString>
        </MultiGeometry>
        <name>P-14</name>
        <description><![CDATA[<div><div><span><b>Altitude:</b></span> <span>2,050 ft</span></div>
<div><span><b>Speed:</b></span> <span>75 kt - 77 kt</span></div>
<div><span><b>Timestamp:</b></span><br/><span>2025-08-25 09:21:01 UTC<br/>2025-08-25 09:21:03 UTC</span></div>
</div>]]></description>
      </Placemark>
      <Placemark>
        <Style>
          <LineStyle>
            <color>ff42ff00</color>
            <width>2</width>
          </LineStyle>
        </Style>
        <MultiGeometry>
          <LineString>
            <tessellate>1</tessellate>
            <altitudeMode>absolute</altitudeMode>
            <coordinates>-112.294556,33.518372,624.84 -112.293892,33.5191,632.46</coordinates>
          </LineString>
        </MultiGeometry>
        <name>P-15</name>
        <description><![CDATA[<div><div><span><b>Altitude:</b></span> <span>2,050 ft - 2,075 ft</span></div>
<div><span><b>Speed:</b></span> <span>77 kt - 79 kt</span></div>
<div><span><b>Timestamp:</b></span><br/><span>2025-08-25 09:21:03 UTC<br/>2025-08-25 09:21:06 UTC</span></div>
</div>]]></description>
      </Placemark>
      <Placemark>
        <Style>
          <LineStyle>
            <color>ff42ff00</color>
            <width>2</width>
          </LineStyle>
        </Style>
        <MultiGeometry>
          <LineString>
            <tessellate>1</tessellate>
            <altitudeMode>absolute</altitudeMode>
            <coordinates>-112.293892,33.5191,632.46 -112.293274,33.519844,640.08</coordinates>
          </LineString>
        </MultiGeometry>
        <name>P-16</name>
        <description><![CDATA[<div><div><span><b>Altitude:</b></span> <span>2,075 ft - 2,100 ft</span></div>
<div><span><b>Speed:</b></span> <span>79 kt - 80 kt</span></div>
<div><span><b>Timestamp:</b></span><br/><span>2025-08-25 09:21:06 UTC<br/>2025-08-25 09:21:08 UTC</span></div>
</div>]]></description>
      </Placemark>
      <Placemark>
        <Style>
          <LineStyle>
            <color>ff42ff00</color>
            <width>2</width>
          </LineStyle>
        </Style>
        <MultiGeometry>
          <LineString>
            <tessellate>1</tessellate>
            <altitudeMode>absolute</altitudeMode>
            <coordinates>-112.293274,33.519844,640.08 -112.292854,33.520477,647.7</coordinates>
          </LineString>
        </MultiGeometry>
        <name>P-17</name>
        <description><![CDATA[<div><div><span><b>Altitude:</b></span> <span>2,100 ft - 2,125 ft</span></div>
<div><span><b>Speed:</b></span> <span>80 kt - 81 kt</span></div>
<div><span><b>Timestamp:</b></span><br/><span>2025-08-25 09:21:08 UTC<br/>2025-08-25 09:21:10 UTC</span></div>
</div>]]></description>
      </Placemark>
      <Placemark>
        <Style>
          <LineStyle>
            <color>ff42ff00</color>
            <width>2</width>
          </LineStyle>
        </Style>
        <MultiGeometry>
          <LineString>
            <tessellate>1</tessellate>
            <altitudeMode>absolute</altitudeMode>
            <coordinates>-112.292854,33.520477,647.7 -112.292267,33.52129,662.94</coordinates>
          </LineString>
        </MultiGeometry>
        <name>P-18</name>
        <description><![CDATA[<div><div><span><b>Altitude:</b></span> <span>2,125 ft - 2,175 ft</span></div>
<div><span><b>Speed:</b></span> <span>81 kt</span></div>
<div><span><b>Timestamp:</b></span><br/><span>2025-08-25 09:21:10 UTC<br/>2025-08-25 09:21:12 UTC</span></div>
</div>]]></description>
      </Placemark>
      <Placemark>
        <Style>
          <LineStyle>
            <color>ff42ff00</color>
            <width>2</width>
          </LineStyle>
        </Style>
        <MultiGeometry>
          <LineString>
            <tessellate>1</tessellate>
            <altitudeMode>absolute</altitudeMode>
            <coordinates>-112.292267,33.52129,662.94 -112.291817,33.521942,670.56</coordinates>
          </LineString>
        </MultiGeometry>
        <name>P-19</name>
        <description><![CDATA[<div><div><span><b>Altitude:</b></span> <span>2,175 ft - 2,200 ft</span></div>
<div><span><b>Speed:</b></span> <span>81 kt</span></div>
<div><span><b>Timestamp:</b></span><br/><span>2025-08-25 09:21:12 UTC<br/>2025-08-25 09:21:14 UTC</span></div>
</div>]]></description>
      </Placemark>
      <Placemark>
        <Style>
          <LineStyle>
            <color>ff42ff00</color>
            <width>2</width>
          </LineStyle>
        </Style>
        <MultiGeometry>
          <LineString>
            <tessellate>1</tessellate>
            <altitudeMode>absolute</altitudeMode>
            <coordinates>-112.291817,33.521942,670.56 -112.291367,33.522629,670.56</coordinates>
          </LineString>
        </MultiGeometry>
        <name>P-20</name>
        <description><![CDATA[<div><div><span><b>Altitude:</b></span> <span>2,200 ft</span></div>
<div><span><b>Speed:</b></span> <span>81 kt</span></div>
<div><span><b>Timestamp:</b></span><br/><span>2025-08-25 09:21:14 UTC<br/>2025-08-25 09:21:17 UTC</span></div>
</div>]]></description>
      </Placemark>
      <Placemark>
        <Style>
          <LineStyle>
            <color>ff42ff00</color>
            <width>2</width>
          </LineStyle>
        </Style>
        <MultiGeometry>
          <LineString>
            <tessellate>1</tessellate>
            <altitudeMode>absolute</altitudeMode>
            <coordinates>-112.291367,33.522629,670.56 -112.290756,33.523476,685.8</coordinates>
          </LineString>
        </MultiGeometry>
        <name>P-21</name>
        <description><![CDATA[<div><div><span><b>Altitude:</b></span> <span>2,200 ft - 2,250 ft</span></div>
<div><span><b>Speed:</b></span> <span>81 kt - 82 kt</span></div>
<div><span><b>Timestamp:</b></span><br/><span>2025-08-25 09:21:17 UTC<br/>2025-08-25 09:21:19 UTC</span></div>
</div>]]></description>
      </Placemark>
      <Placemark>
        <Style>
          <LineStyle>
            <color>ff42ff00</color>
            <width>2</width>
          </LineStyle>
        </Style>
        <MultiGeometry>
          <LineString>
            <tessellate>1</tessellate>
            <altitudeMode>absolute</altitudeMode>
            <coordinates>-112.290756,33.523476,685.8 -112.290215,33.524277,693.42</coordinates>
          </LineString>
        </MultiGeometry>
        <name>P-22</name>
        <description><![CDATA[<div><div><span><b>Altitude:</b></span> <span>2,250 ft - 2,275 ft</span></div>
<div><span><b>Speed:</b></span> <span>82 kt</span></div>
<div><span><b>Timestamp:</b></span><br/><span>2025-08-25 09:21:19 UTC<br/>2025-08-25 09:21:21 UTC</span></div>
</div>]]></description>
      </Placemark>
      <Placemark>
        <Style>
          <LineStyle>
            <color>ff42ff00</color>
            <width>2</width>
          </LineStyle>
        </Style>
        <MultiGeometry>
          <LineString>
            <tessellate>1</tessellate>
            <altitudeMode>absolute</altitudeMode>
            <coordinates>-112.290215,33.524277,693.42 -112.289833,33.524826,693.42</coordinates>
          </LineString>
        </MultiGeometry>
        <name>P-23</name>
        <description><![CDATA[<div><div><span><b>Altitude:</b></span> <span>2,275 ft</span></div>
<div><span><b>Speed:</b></span> <span>82 kt - 83 kt</span></div>
<div><span><b>Timestamp:</b></span><br/><span>2025-08-25 09:21:21 UTC<br/>2025-08-25 09:21:23 UTC</span></div>
</div>]]></description>
      </Placemark>
      <Placemark>
        <Style>
          <LineStyle>
            <color>ff42ff00</color>
            <width>2</width>
          </LineStyle>
        </Style>
        <MultiGeometry>
          <LineString>
            <tessellate>1</tessellate>
            <altitudeMode>absolute</altitudeMode>
            <coordinates>-112.289833,33.524826,693.42 -112.289246,33.525665,708.66</coordinates>
          </LineString>
        </MultiGeometry>
        <name>P-24</name>
        <description><![CDATA[<div><div><span><b>Altitude:</b></span> <span>2,275 ft - 2,325 ft</span></div>
<div><span><b>Speed:</b></span> <span>83 kt</span></div>
<div><span><b>Timestamp:</b></span><br/><span>2025-08-25 09:21:23 UTC<br/>2025-08-25 09:21:26 UTC</span></div>
</div>]]></description>
      </Placemark>
      <Placemark>
        <Style>
          <LineStyle>
            <color>ff42ff00</color>
            <width>2</width>
          </LineStyle>
        </Style>
        <MultiGeometry>
          <LineString>
            <tessellate>1</tessellate>
            <altitudeMode>absolute</altitudeMode>
            <coordinates>-112.289246,33.525665,708.66 -112.288841,33.526291,708.66</coordinates>
          </LineString>
        </MultiGeometry>
        <name>P-25</name>
        <description><![CDATA[<div><div><span><b>Altitude:</b></span> <span>2,325 ft</span></div>
<div><span><b>Speed:</b></span> <span>83 kt - 84 kt</span></div>
<div><span><b>Timestamp:</b></span><br/><span>2025-08-25 09:21:26 UTC<br/>2025-08-25 09:21:28 UTC</span></div>
</div>]]></description>
      </Placemark>
      <Placemark>
        <Style>
          <LineStyle>
            <color>ff42ff00</color>
            <width>2</width>
          </LineStyle>
        </Style>
        <MultiGeometry>
          <LineString>
            <tessellate>1</tessellate>
            <altitudeMode>absolute</altitudeMode>
            <coordinates>-112.288841,33.526291,708.66 -112.288406,33.527023,716.28</coordinates>
          </LineString>
        </MultiGeometry>
        <name>P-26</name>
        <description><![CDATA[<div><div><span><b>Altitude:</b></span> <span>2,325 ft - 2,350 ft</span></div>
<div><span><b>Speed:</b></span> <span>84 kt - 85 kt</span></div>
<div><span><b>Timestamp:</b></span><br/><span>2025-08-25 09:21:28 UTC<br/>2025-08-25 09:21:30 UTC</span></div>
</div>]]></description>
      </Placemark>
      <Placemark>
        <Style>
          <LineStyle>
            <color>ff42ff00</color>
            <width>2</width>
          </LineStyle>
        </Style>
        <MultiGeometry>
          <LineString>
            <tessellate>1</tessellate>
            <altitudeMode>absolute</altitudeMode>
            <coordinates>-112.288406,33.527023,716.28 -112.287857,33.527939,723.9</coordinates>
          </LineString>
        </MultiGeometry>
        <name>P-27</name>
        <description><![CDATA[<div><div><span><b>Altitude:</b></span> <span>2,350 ft - 2,375 ft</span></div>
<div><span><b>Speed:</b></span> <span>85 kt - 86 kt</span></div>
<div><span><b>Timestamp:</b></span><br/><span>2025-08-25 09:21:30 UTC<br/>2025-08-25 09:21:32 UTC</span></div>
</div>]]></description>
      </Placemark>
      <Placemark>
        <Style>
          <LineStyle>
            <color>ff42ff00</color>
            <width>2</width>
          </LineStyle>
        </Style>
        <MultiGeometry>
          <LineString>
            <tessellate>1</tessellate>
            <altitudeMode>absolute</altitudeMode>
            <coordinates>-112.287857,33.527939,723.9 -112.287277,33.528831,731.52</coordinates>
          </LineString>
        </MultiGeometry>
        <name>P-28</name>
        <description><![CDATA[<div><div><span><b>Altitude:</b></span> <span>2,375 ft - 2,400 ft</span></div>
<div><span><b>Speed:</b></span> <span>86 kt - 87 kt</span></div>
<div><span><b>Timestamp:</b></span><br/><span>2025-08-25 09:21:32 UTC<br/>2025-08-25 09:21:34 UTC</span></div>
</div>]]></description>
      </Placemark>
      <Placemark>
        <Style>
          <LineStyle>
            <color>ff42ff00</color>
            <width>2</width>
          </LineStyle>
        </Style>
        <MultiGeometry>
          <LineString>
            <tessellate>1</tessellate>
            <altitudeMode>absolute</altitudeMode>
            <coordinates>-112.287277,33.528831,731.52 -112.286835,33.529621,739.14</coordinates>
          </LineString>
        </MultiGeometry>
        <name>P-29</name>
        <description><![CDATA[<div><div><span><b>Altitude:</b></span> <span>2,400 ft - 2,425 ft</span></div>
<div><span><b>Speed:</b></span> <span>87 kt</span></div>
<div><span><b>Timestamp:</b></span><br/><span>2025-08-25 09:21:34 UTC<br/>2025-08-25 09:21:36 UTC</span></div>
</div>]]></description>
      </Placemark>
      <Placemark>
        <Style>
          <LineStyle>
            <color>ff42ff00</color>
            <width>2</width>
          </LineStyle>
        </Style>
        <MultiGeometry>
          <LineString>
            <tessellate>1</tessellate>
            <altitudeMode>absolute</altitudeMode>
            <coordinates>-112.286835,33.529621,739.14 -112.286438,33.530365,746.76</coordinates>
          </LineString>
        </MultiGeometry>
        <name>P-30</name>
        <description><![CDATA[<div><div><span><b>Altitude:</b></span> <span>2,425 ft - 2,450 ft</span></div>
<div><span><b>Speed:</b></span> <span>87 kt - 89 kt</span></div>
<div><span><b>Timestamp:</b></span><br/><span>2025-08-25 09:21:36 UTC<br/>2025-08-25 09:21:39 UTC</span></div>
</div>]]></description>
      </Placemark>
      <Placemark>
        <Style>
          <LineStyle>
            <color>ff42ff00</color>
            <width>2</width>
          </LineStyle>
        </Style>
        <MultiGeometry>
          <LineString>
            <tessellate>1</tessellate>
            <altitudeMode>absolute</altitudeMode>
            <coordinates>-112.286438,33.530365,746.76 -112.285934,33.531235,746.76</coordinates>
          </LineString>
        </MultiGeometry>
        <name>P-31</name>
        <description><![CDATA[<div><div><span><b>Altitude:</b></span> <span>2,450 ft</span></div>
<div><span><b>Speed:</b></span> <span>89 kt - 91 kt</span></div>
<div><span><b>Timestamp:</b></span><br/><span>2025-08-25 09:21:39 UTC<br/>2025-08-25 09:21:41 UTC</span></div>
</div>]]></description>
      </Placemark>
      <Placemark>
        <Style>
          <LineStyle>
            <color>ff42ff00</color>
            <width>2</width>
          </LineStyle>
        </Style>
        <MultiGeometry>
          <LineString>
            <tessellate>1</tessellate>
            <altitudeMode>absolute</altitudeMode>
            <coordinates>-112.285934,33.531235,746.76 -112.285492,33.532013,746.76</coordinates>
          </LineString>
        </MultiGeometry>
        <name>P-32</name>
        <description><![CDATA[<div><div><span><b>Altitude:</b></span> <span>2,450 ft</span></div>
<div><span><b>Speed:</b></span> <span>91 kt - 92 kt</span></div>
<div><span><b>Timestamp:</b></span><br/><span>2025-08-25 09:21:41 UTC<br/>2025-08-25 09:21:43 UTC</span></div>
</div>]]></description>
      </Placemark>
      <Placemark>
        <Style>
          <LineStyle>
            <color>ff42ff00</color>
            <width>2</width>
          </LineStyle>
        </Style>
        <MultiGeometry>
          <LineString>
            <tessellate>1</tessellate>
            <altitudeMode>absolute</altitudeMode>
            <coordinates>-112.285492,33.532013,746.76 -112.284927,33.53302,754.38</coordinates>
          </LineString>
        </MultiGeometry>
        <name>P-33</name>
        <description><![CDATA[<div><div><span><b>Altitude:</b></span> <span>2,450 ft - 2,475 ft</span></div>
<div><span><b>Speed:</b></span> <span>92 kt - 93 kt</span></div>
<div><span><b>Timestamp:</b></span><br/><span>2025-08-25 09:21:43 UTC<br/>2025-08-25 09:21:45 UTC</span></div>
</div>]]></description>
      </Placemark>
      <Placemark>
        <Style>
          <LineStyle>
            <color>ff42ff00</color>
            <width>2</width>
          </LineStyle>
        </Style>
        <MultiGeometry>
          <LineString>
            <tessellate>1</tessellate>
            <altitudeMode>absolute</altitudeMode>
            <coordinates>-112.284927,33.53302,754.38 -112.2845,33.533844,762</coordinates>
          </LineString>
        </MultiGeometry>
        <name>P-34</name>
        <description><![CDATA[<div><div><span><b>Altitude:</b></span> <span>2,475 ft - 2,500 ft</span></div>
<div><span><b>Speed:</b></span> <span>93 kt - 95 kt</span></div>
<div><span><b>Timestamp:</b></span><br/><span>2025-08-25 09:21:45 UTC<br/>2025-08-25 09:21:48 UTC</span></div>
</div>]]></description>
      </Placemark>
      <Placemark>
        <Style>
          <LineStyle>
            <color>ff42ff00</color>
            <width>2</width>
          </LineStyle>
        </Style>
        <MultiGeometry>
          <LineString>
            <tessellate>1</tessellate>
            <altitudeMode>absolute</altitudeMode>
            <coordinates>-112.2845,33.533844,762 -112.283974,33.534882,762</coordinates>
          </LineString>
        </MultiGeometry>
        <name>P-35</name>
        <description><![CDATA[<div><div><span><b>Altitude:</b></span> <span>2,500 ft</span></div>
<div><span><b>Speed:</b></span> <span>95 kt</span></div>
<div><span><b>Timestamp:</b></span><br/><span>2025-08-25 09:21:48 UTC<br/>2025-08-25 09:21:50 UTC</span></div>
</div>]]></description>
      </Placemark>
      <Placemark>
        <Style>
          <LineStyle>
            <color>ff42ff00</color>
            <width>2</width>
          </LineStyle>
        </Style>
        <MultiGeometry>
          <LineString>
            <tessellate>1</tessellate>
            <altitudeMode>absolute</altitudeMode>
            <coordinates>-112.283974,33.534882,762 -112.283577,33.535675,769.62</coordinates>
          </LineString>
        </MultiGeometry>
        <name>P-36</name>
        <description><![CDATA[<div><div><span><b>Altitude:</b></span> <span>2,500 ft - 2,525 ft</span></div>
<div><span><b>Speed:</b></span> <span>95 kt</span></div>
<div><span><b>Timestamp:</b></span><br/><span>2025-08-25 09:21:50 UTC<br/>2025-08-25 09:21:52 UTC</span></div>
</div>]]></description>
      </Placemark>
      <Placemark>
        <Style>
          <LineStyle>
            <color>ff42ff00</color>
            <width>2</width>
          </LineStyle>
        </Style>
        <MultiGeometry>
          <LineString>
            <tessellate>1</tessellate>
            <altitudeMode>absolute</altitudeMode>
            <coordinates>-112.283577,33.535675,769.62 -112.283188,33.536453,777.24</coordinates>
          </LineString>
        </MultiGeometry>
        <name>P-37</name>
        <description><![CDATA[<div><div><span><b>Altitude:</b></span> <span>2,525 ft - 2,550 ft</span></div>
<div><span><b>Speed:</b></span> <span>95 kt - 94 kt</span></div>
<div><span><b>Timestamp:</b></span><br/><span>2025-08-25 09:21:52 UTC<br/>2025-08-25 09:21:54 UTC</span></div>
</div>]]></description>
      </Placemark>
      <Placemark>
        <Style>
          <LineStyle>
            <color>ff42ff00</color>
            <width>2</width>
          </LineStyle>
        </Style>
        <MultiGeometry>
          <LineString>
            <tessellate>1</tessellate>
            <altitudeMode>absolute</altitudeMode>
            <coordinates>-112.283188,33.536453,777.24 -112.282684,33.537491,784.86</coordinates>
          </LineString>
        </MultiGeometry>
        <name>P-38</name>
        <description><![CDATA[<div><div><span><b>Altitude:</b></span> <span>2,550 ft - 2,575 ft</span></div>
<div><span><b>Speed:</b></span> <span>94 kt - 95 kt</span></div>
<div><span><b>Timestamp:</b></span><br/><span>2025-08-25 09:21:54 UTC<br/>2025-08-25 09:21:56 UTC</span></div>
</div>]]></description>
      </Placemark>
      <Placemark>
        <Style>
          <LineStyle>
            <color>ff42ff00</color>
            <width>2</width>
          </LineStyle>
        </Style>
        <MultiGeometry>
          <LineString>
            <tessellate>1</tessellate>
            <altitudeMode>absolute</altitudeMode>
            <coordinates>-112.282684,33.537491,784.86 -112.282288,33.538326,792.48</coordinates>
          </LineString>
        </MultiGeometry>
        <name>P-39</name>
        <description><![CDATA[<div><div><span><b>Altitude:</b></span> <span>2,575 ft - 2,600 ft</span></div>
<div><span><b>Speed:</b></span> <span>95 kt</span></div>
<div><span><b>Timestamp:</b></span><br/><span>2025-08-25 09:21:56 UTC<br/>2025-08-25 09:21:58 UTC</span></div>
</div>]]></description>
      </Placemark>
      <Placemark>
        <Style>
          <LineStyle>
            <color>ff42ff00</color>
            <width>2</width>
          </LineStyle>
        </Style>
        <MultiGeometry>
          <LineString>
            <tessellate>1</tessellate>
            <altitudeMode>absolute</altitudeMode>
            <coordinates>-112.282288,33.538326,792.48 -112.281845,33.539303,792.48</coordinates>
          </LineString>
        </MultiGeometry>
        <name>P-40</name>
        <description><![CDATA[<div><div><span><b>Altitude:</b></span> <span>2,600 ft</span></div>
<div><span><b>Speed:</b></span> <span>95 kt - 96 kt</span></div>
<div><span><b>Timestamp:</b></span><br/><span>2025-08-25 09:21:58 UTC<br/>2025-08-25 09:22:01 UTC</span></div>
</div>]]></description>
      </Placemark>
      <Placemark>
        <Style>
          <LineStyle>
            <color>ff42ff00</color>
            <width>2</width>
          </LineStyle>
        </Style>
        <MultiGeometry>
          <LineString>
            <tessellate>1</tessellate>
            <altitudeMode>absolute</altitudeMode>
            <coordinates>-112.281845,33.539303,792.48 -112.281509,33.540115,800.1</coordinates>
          </LineString>
        </MultiGeometry>
        <name>P-41</name>
        <description><![CDATA[<div><div><span><b>Altitude:</b></span> <span>2,600 ft - 2,625 ft</span></div>
<div><span><b>Speed:</b></span> <span>96 kt</span></div>
<div><span><b>Timestamp:</b></span><br/><span>2025-08-25 09:22:01 UTC<br/>2025-08-25 09:22:03 UTC</span></div>
</div>]]></description>
      </Placemark>
      <Placemark>
        <Style>
          <LineStyle>
            <color>ff1eff00</color>
            <width>2</width>
          </LineStyle>
        </Style>
        <MultiGeometry>
          <LineString>
            <tessellate>1</tessellate>
            <altitudeMode>absolute</altitudeMode>
            <coordinates>-112.281509,33.540115,800.1 -112.279648,33.543915,822.96</coordinates>
          </LineString>
        </MultiGeometry>
        <name>P-42</name>
        <description><![CDATA[<div><div><span><b>Altitude:</b></span> <span>2,625 ft - 2,700 ft</span></div>
<div><span><b>Speed:</b></span> <span>96 kt - 98 kt</span></div>
<div><span><b>Timestamp:</b></span><br/><span>2025-08-25 09:22:03 UTC<br/>2025-08-25 09:22:12 UTC</span></div>
</div>]]></description>
      </Placemark>
      <Placemark>
        <Style>
          <LineStyle>
            <color>ff1eff00</color>
            <width>2</width>
          </LineStyle>
        </Style>
        <MultiGeometry>
          <LineString>
            <tessellate>1</tessellate>
            <altitudeMode>absolute</altitudeMode>
            <coordinates>-112.279648,33.543915,822.96 -112.278427,33.54657,838.2</coordinates>
          </LineString>
        </MultiGeometry>
        <name>P-43</name>
        <description><![CDATA[<div><div><span><b>Altitude:</b></span> <span>2,700 ft - 2,750 ft</span></div>
<div><span><b>Speed:</b></span> <span>98 kt</span></div>
<div><span><b>Timestamp:</b></span><br/><span>2025-08-25 09:22:12 UTC<br/>2025-08-25 09:22:18 UTC</span></div>
</div>]]></description>
      </Placemark>
      <Placemark>
        <Style>
          <LineStyle>
            <color>ff1eff00</color>
            <width>2</width>
          </LineStyle>
        </Style>
        <MultiGeometry>
          <LineString>
            <tessellate>1</tessellate>
            <altitudeMode>absolute</altitudeMode>
            <coordinates>-112.278427,33.54657,838.2 -112.276573,33.550415,861.06</coordinates>
          </LineString>
        </MultiGeometry>
        <name>P-44</name>
        <description><![CDATA[<div><div><span><b>Altitude:</b></span> <span>2,750 ft - 2,825 ft</span></div>
<div><span><b>Speed:</b></span> <span>98 kt - 99 kt</span></div>
<div><span><b>Timestamp:</b></span><br/><span>2025-08-25 09:22:18 UTC<br/>2025-08-25 09:22:27 UTC</span></div>
</div>]]></description>
      </Placemark>
      <Placemark>
        <Style>
          <LineStyle>
            <color>ff1eff00</color>
            <width>2</width>
          </LineStyle>
        </Style>
        <MultiGeometry>
          <LineString>
            <tessellate>1</tessellate>
            <altitudeMode>absolute</altitudeMode>
            <coordinates>-112.276573,33.550415,861.06 -112.27478,33.554062,883.92</coordinates>
          </LineString>
        </MultiGeometry>
        <name>P-45</name>
        <description><![CDATA[<div><div><span><b>Altitude:</b></span> <span>2,825 ft - 2,900 ft</span></div>
<div><span><b>Speed:</b></span> <span>99 kt</span></div>
<div><span><b>Timestamp:</b></span><br/><span>2025-08-25 09:22:27 UTC<br/>2025-08-25 09:22:36 UTC</span></div>
</div>]]></description>
      </Placemark>
      <Placemark>
        <Style>
          <LineStyle>
            <color>ff1eff00</color>
            <width>2</width>
          </LineStyle>
        </Style>
        <MultiGeometry>
          <LineString>
            <tessellate>1</tessellate>
            <altitudeMode>absolute</altitudeMode>
            <coordinates>-112.27478,33.554062,883.92 -112.273468,33.556995,899.16</coordinates>
          </LineString>
        </MultiGeometry>
        <name>P-46</name>
        <description><![CDATA[<div><div><span><b>Altitude:</b></span> <span>2,900 ft - 2,950 ft</span></div>
<div><span><b>Speed:</b></span> <span>99 kt</span></div>
<div><span><b>Timestamp:</b></span><br/><span>2025-08-25 09:22:36 UTC<br/>2025-08-25 09:22:42 UTC</span></div>
</div>]]></description>
      </Placemark>
      <Placemark>
        <Style>
          <LineStyle>
            <color>ff1eff00</color>
            <width>2</width>
          </LineStyle>
        </Style>
        <MultiGeometry>
          <LineString>
            <tessellate>1</tessellate>
            <altitudeMode>absolute</altitudeMode>
            <coordinates>-112.273468,33.556995,899.16 -112.272377,33.559696,922.02</coordinates>
          </LineString>
        </MultiGeometry>
        <name>P-47</name>
        <description><![CDATA[<div><div><span><b>Altitude:</b></span> <span>2,950 ft - 3,025 ft</span></div>
<div><span><b>Speed:</b></span> <span>99 kt - 98 kt</span></div>
<div><span><b>Timestamp:</b></span><br/><span>2025-08-25 09:22:42 UTC<br/>2025-08-25 09:22:49 UTC</span></div>
</div>]]></description>
      </Placemark>
      <Placemark>
        <Style>
          <LineStyle>
            <color>ff1eff00</color>
            <width>2</width>
          </LineStyle>
        </Style>
        <MultiGeometry>
          <LineString>
            <tessellate>1</tessellate>
            <altitudeMode>absolute</altitudeMode>
            <coordinates>-112.272377,33.559696,922.02 -112.271919,33.560898,929.64</coordinates>
          </LineString>
        </MultiGeometry>
        <name>P-48</name>
        <description><![CDATA[<div><div><span><b>Altitude:</b></span> <span>3,025 ft - 3,050 ft</span></div>
<div><span><b>Speed:</b></span> <span>98 kt - 100 kt</span></div>
<div><span><b>Timestamp:</b></span><br/><span>2025-08-25 09:22:49 UTC<br/>2025-08-25 09:22:51 UTC</span></div>
</div>]]></description>
      </Placemark>
      <Placemark>
        <Style>
          <LineStyle>
            <color>ff1eff00</color>
            <width>2</width>
          </LineStyle>
        </Style>
        <MultiGeometry>
          <LineString>
            <tessellate>1</tessellate>
            <altitudeMode>absolute</altitudeMode>
            <coordinates>-112.271919,33.560898,929.64 -112.27153,33.561951,929.64</coordinates>
          </LineString>
        </MultiGeometry>
        <name>P-49</name>
        <description><![CDATA[<div><div><span><b>Altitude:</b></span> <span>3,050 ft</span></div>
<div><span><b>Speed:</b></span> <span>100 kt - 101 kt</span></div>
<div><span><b>Timestamp:</b></span><br/><span>2025-08-25 09:22:51 UTC<br/>2025-08-25 09:22:54 UTC</span></div>
</div>]]></description>
      </Placemark>
      <Placemark>
        <Style>
          <LineStyle>
            <color>ff1eff00</color>
            <width>2</width>
          </LineStyle>
        </Style>
        <MultiGeometry>
          <LineString>
            <tessellate>1</tessellate>
            <altitudeMode>absolute</altitudeMode>
            <coordinates>-112.27153,33.561951,929.64 -112.271233,33.562859,929.64</coordinates>
          </LineString>
        </MultiGeometry>
        <name>P-50</name>
        <description><![CDATA[<div><div><span><b>Altitude:</b></span> <span>3,050 ft</span></div>
<div><span><b>Speed:</b></span> <span>101 kt - 103 kt</span></div>
<div><span><b>Timestamp:</b></span><br/><span>2025-08-25 09:22:54 UTC<br/>2025-08-25 09:22:56 UTC</span></div>
</div>]]></description>
      </Placemark>
      <Placemark>
        <Style>
          <LineStyle>
            <color>ff1eff00</color>
            <width>2</width>
          </LineStyle>
        </Style>
        <MultiGeometry>
          <LineString>
            <tessellate>1</tessellate>
            <altitudeMode>absolute</altitudeMode>
            <coordinates>-112.271233,33.562859,929.64 -112.270798,33.564011,929.64</coordinates>
          </LineString>
        </MultiGeometry>
        <name>P-51</name>
        <description><![CDATA[<div><div><span><b>Altitude:</b></span> <span>3,050 ft</span></div>
<div><span><b>Speed:</b></span> <span>103 kt - 104 kt</span></div>
<div><span><b>Timestamp:</b></span><br/><span>2025-08-25 09:22:56 UTC<br/>2025-08-25 09:22:58 UTC</span></div>
</div>]]></description>
      </Placemark>
      <Placemark>
        <Style>
          <LineStyle>
            <color>ff1eff00</color>
            <width>2</width>
          </LineStyle>
        </Style>
        <MultiGeometry>
          <LineString>
            <tessellate>1</tessellate>
            <altitudeMode>absolute</altitudeMode>
            <coordinates>-112.270798,33.564011,929.64 -112.270355,33.565109,937.26</coordinates>
          </LineString>
        </MultiGeometry>
        <name>P-52</name>
        <description><![CDATA[<div><div><span><b>Altitude:</b></span> <span>3,050 ft - 3,075 ft</span></div>
<div><span><b>Speed:</b></span> <span>104 kt</span></div>
<div><span><b>Timestamp:</b></span><br/><span>2025-08-25 09:22:58 UTC<br/>2025-08-25 09:23:00 UTC</span></div>
</div>]]></description>
      </Placemark>
      <Placemark>
        <Style>
          <LineStyle>
            <color>ff1eff00</color>
            <width>2</width>
          </LineStyle>
        </Style>
        <MultiGeometry>
          <LineString>
            <tessellate>1</tessellate>
            <altitudeMode>absolute</altitudeMode>
            <coordinates>-112.270355,33.565109,937.26 -112.269119,33.568176,944.88</coordinates>
          </LineString>
        </MultiGeometry>
        <name>P-53</name>
        <description><![CDATA[<div><div><span><b>Altitude:</b></span> <span>3,075 ft - 3,100 ft</span></div>
<div><span><b>Speed:</b></span> <span>104 kt - 107 kt</span></div>
<div><span><b>Timestamp:</b></span><br/><span>2025-08-25 09:23:00 UTC<br/>2025-08-25 09:23:07 UTC</span></div>
</div>]]></description>
      </Placemark>
      <Placemark>
        <Style>
          <LineStyle>
            <color>ff1eff00</color>
            <width>2</width>
          </LineStyle>
        </Style>
        <MultiGeometry>
          <LineString>
            <tessellate>1</tessellate>
            <altitudeMode>absolute</altitudeMode>
            <coordinates>-112.269119,33.568176,944.88 -112.267326,33.572433,937.26</coordinates>
          </LineString>
        </MultiGeometry>
        <name>P-54</name>
        <description><![CDATA[<div><div><span><b>Altitude:</b></span> <span>3,100 ft - 3,075 ft</span></div>
<div><span><b>Speed:</b></span> <span>107 kt - 112 kt</span></div>
<div><span><b>Timestamp:</b></span><br/><span>2025-08-25 09:23:07 UTC<br/>2025-08-25 09:23:16 UTC</span></div>
</div>]]></description>
      </Placemark>
      <Placemark>
        <Style>
          <LineStyle>
            <color>ff1eff00</color>
            <width>2</width>
          </LineStyle>
        </Style>
        <MultiGeometry>
          <LineString>
            <tessellate>1</tessellate>
            <altitudeMode>absolute</altitudeMode>
            <coordinates>-112.267326,33.572433,937.26 -112.265625,33.576687,929.64</coordinates>
          </LineString>
        </MultiGeometry>
        <name>P-55</name>
        <description><![CDATA[<div><div><span><b>Altitude:</b></span> <span>3,075 ft - 3,050 ft</span></div>
<div><span><b>Speed:</b></span> <span>112 kt - 114 kt</span></div>
<div><span><b>Timestamp:</b></span><br/><span>2025-08-25 09:23:16 UTC<br/>2025-08-25 09:23:25 UTC</span></div>
</div>]]></description>
      </Placemark>
      <Placemark>
        <Style>
          <LineStyle>
            <color>ff1eff00</color>
            <width>2</width>
          </LineStyle>
        </Style>
        <MultiGeometry>
          <LineString>
            <tessellate>1</tessellate>
            <altitudeMode>absolute</altitudeMode>
            <coordinates>-112.265625,33.576687,929.64 -112.264633,33.578796,922.02</coordinates>
          </LineString>
        </MultiGeometry>
        <name>P-56</name>
        <description><![CDATA[<div><div><span><b>Altitude:</b></span> <span>3,050 ft - 3,025 ft</span></div>
<div><span><b>Speed:</b></span> <span>114 kt</span></div>
<div><span><b>Timestamp:</b></span><br/><span>2025-08-25 09:23:25 UTC<br/>2025-08-25 09:23:29 UTC</span></div>
</div>]]></description>
      </Placemark>
      <Placemark>
        <Style>
          <LineStyle>
            <color>ff1eff00</color>
            <width>2</width>
          </LineStyle>
        </Style>
        <MultiGeometry>
          <LineString>
            <tessellate>1</tessellate>
            <altitudeMode>absolute</altitudeMode>
            <coordinates>-112.264633,33.578796,922.02 -112.262482,33.583298,899.16</coordinates>
          </LineString>
        </MultiGeometry>
        <name>P-57</name>
        <description><![CDATA[<div><div><span><b>Altitude:</b></span> <span>3,025 ft - 2,950 ft</span></div>
<div><span><b>Speed:</b></span> <span>114 kt - 115 kt</span></div>
<div><span><b>Timestamp:</b></span><br/><span>2025-08-25 09:23:29 UTC<br/>2025-08-25 09:23:38 UTC</span></div>
</div>]]></description>
      </Placemark>
      <Placemark>
        <Style>
          <LineStyle>
            <color>ff1eff00</color>
            <width>2</width>
          </LineStyle>
        </Style>
        <MultiGeometry>
          <LineString>
            <tessellate>1</tessellate>
            <altitudeMode>absolute</altitudeMode>
            <coordinates>-112.262482,33.583298,899.16 -112.260651,33.58744,883.92</coordinates>
          </LineString>
        </MultiGeometry>
        <name>P-58</name>
        <description><![CDATA[<div><div><span><b>Altitude:</b></span> <span>2,950 ft - 2,900 ft</span></div>
<div><span><b>Speed:</b></span> <span>115 kt - 112 kt</span></div>
<div><span><b>Timestamp:</b></span><br/><span>2025-08-25 09:23:38 UTC<br/>2025-08-25 09:23:46 UTC</span></div>
</div>]]></description>
      </Placemark>
      <Placemark>
        <Style>
          <LineStyle>
            <color>ff1eff00</color>
            <width>2</width>
          </LineStyle>
        </Style>
        <MultiGeometry>
          <LineString>
            <tessellate>1</tessellate>
            <altitudeMode>absolute</altitudeMode>
            <coordinates>-112.260651,33.58744,883.92 -112.259277,33.590557,868.68</coordinates>
          </LineString>
        </MultiGeometry>
        <name>P-59</name>
        <description><![CDATA[<div><div><span><b>Altitude:</b></span> <span>2,900 ft - 2,850 ft</span></div>
<div><span><b>Speed:</b></span> <span>112 kt - 111 kt</span></div>
<div><span><b>Timestamp:</b></span><br/><span>2025-08-25 09:23:46 UTC<br/>2025-08-25 09:23:53 UTC</span></div>
</div>]]></description>
      </Placemark>
      <Placemark>
        <Style>
          <LineStyle>
            <color>ff1eff00</color>
            <width>2</width>
          </LineStyle>
        </Style>
        <MultiGeometry>
          <LineString>
            <tessellate>1</tessellate>
            <altitudeMode>absolute</altitudeMode>
            <coordinates>-112.259277,33.590557,868.68 -112.257965,33.593811,853.44</coordinates>
          </LineString>
        </MultiGeometry>
        <name>P-60</name>
        <description><![CDATA[<div><div><span><b>Altitude:</b></span> <span>2,850 ft - 2,800 ft</span></div>
<div><span><b>Speed:</b></span> <span>111 kt - 110 kt</span></div>
<div><span><b>Timestamp:</b></span><br/><span>2025-08-25 09:23:53 UTC<br/>2025-08-25 09:23:59 UTC</span></div>
</div>]]></description>
      </Placemark>
      <Placemark>
        <Style>
          <LineStyle>
            <color>ff1eff00</color>
            <width>2</width>
          </LineStyle>
        </Style>
        <MultiGeometry>
          <LineString>
            <tessellate>1</tessellate>
            <altitudeMode>absolute</altitudeMode>
            <coordinates>-112.257965,33.593811,853.44 -112.257629,33.594818,853.44</coordinates>
          </LineString>
        </MultiGeometry>
        <name>P-61</name>
        <description><![CDATA[<div><div><span><b>Altitude:</b></span> <span>2,800 ft</span></div>
<div><span><b>Speed:</b></span> <span>110 kt</span></div>
<div><span><b>Timestamp:</b></span><br/><span>2025-08-25 09:23:59 UTC<br/>2025-08-25 09:24:02 UTC</span></div>
</div>]]></description>
      </Placemark>
      <Placemark>
        <Style>
          <LineStyle>
            <color>ff1eff00</color>
            <width>2</width>
          </LineStyle>
        </Style>
        <MultiGeometry>
          <LineString>
            <tessellate>1</tessellate>
            <altitudeMode>absolute</altitudeMode>
            <coordinates>-112.257629,33.594818,853.44 -112.257347,33.596008,845.82</coordinates>
          </LineString>
        </MultiGeometry>
        <name>P-62</name>
        <description><![CDATA[<div><div><span><b>Altitude:</b></span> <span>2,800 ft - 2,775 ft</span></div>
<div><span><b>Speed:</b></span> <span>110 kt - 111 kt</span></div>
<div><span><b>Timestamp:</b></span><br/><span>2025-08-25 09:24:02 UTC<br/>2025-08-25 09:24:04 UTC</span></div>
</div>]]></description>
      </Placemark>
      <Placemark>
        <Style>
          <LineStyle>
            <color>ff1eff00</color>
            <width>2</width>
          </LineStyle>
        </Style>
        <MultiGeometry>
          <LineString>
            <tessellate>1</tessellate>
            <altitudeMode>absolute</altitudeMode>
            <coordinates>-112.257347,33.596008,845.82 -112.257217,33.597309,838.2</coordinates>
          </LineString>
        </MultiGeometry>
        <name>P-63</name>
        <description><![CDATA[<div><div><span><b>Altitude:</b></span> <span>2,775 ft - 2,750 ft</span></div>
<div><span><b>Speed:</b></span> <span>111 kt</span></div>
<div><span><b>Timestamp:</b></span><br/><span>2025-08-25 09:24:04 UTC<br/>2025-08-25 09:24:06 UTC</span></div>
</div>]]></description>
      </Placemark>
      <Placemark>
        <Style>
          <LineStyle>
            <color>ff1eff00</color>
            <width>2</width>
          </LineStyle>
        </Style>
        <MultiGeometry>
          <LineString>
            <tessellate>1</tessellate>
            <altitudeMode>absolute</altitudeMode>
            <coordinates>-112.257217,33.597309,838.2 -112.257095,33.59866,838.2</coordinates>
          </LineString>
        </MultiGeometry>
        <name>P-64</name>
        <description><![CDATA[<div><div><span><b>Altitude:</b></span> <span>2,750 ft</span></div>
<div><span><b>Speed:</b></span> <span>111 kt - 110 kt</span></div>
<div><span><b>Timestamp:</b></span><br/><span>2025-08-25 09:24:06 UTC<br/>2025-08-25 09:24:09 UTC</span></div>
</div>]]></description>
      </Placemark>
      <Placemark>
        <Style>
          <LineStyle>
            <color>ff1eff00</color>
            <width>2</width>
          </LineStyle>
        </Style>
        <MultiGeometry>
          <LineString>
            <tessellate>1</tessellate>
            <altitudeMode>absolute</altitudeMode>
            <coordinates>-112.257095,33.59866,838.2 -112.257011,33.599487,830.58</coordinates>
          </LineString>
        </MultiGeometry>
        <name>P-65</name>
        <description><![CDATA[<div><div><span><b>Altitude:</b></span> <span>2,750 ft - 2,725 ft</span></div>
<div><span><b>Speed:</b></span> <span>110 kt - 109 kt</span></div>
<div><span><b>Timestamp:</b></span><br/><span>2025-08-25 09:24:09 UTC<br/>2025-08-25 09:24:11 UTC</span></div>
</div>]]></description>
      </Placemark>
      <Placemark>
        <Style>
          <LineStyle>
            <color>ff1eff00</color>
            <width>2</width>
          </LineStyle>
        </Style>
        <MultiGeometry>
          <LineString>
            <tessellate>1</tessellate>
            <altitudeMode>absolute</altitudeMode>
            <coordinates>-112.257011,33.599487,830.58 -112.256866,33.600567,830.58</coordinates>
          </LineString>
        </MultiGeometry>
        <name>P-66</name>
        <description><![CDATA[<div><div><span><b>Altitude:</b></span> <span>2,725 ft</span></div>
<div><span><b>Speed:</b></span> <span>109 kt - 107 kt</span></div>
<div><span><b>Timestamp:</b></span><br/><span>2025-08-25 09:24:11 UTC<br/>2025-08-25 09:24:13 UTC</span></div>
</div>]]></description>
      </Placemark>
      <Placemark>
        <Style>
          <LineStyle>
            <color>ff1eff00</color>
            <width>2</width>
          </LineStyle>
        </Style>
        <MultiGeometry>
          <LineString>
            <tessellate>1</tessellate>
            <altitudeMode>absolute</altitudeMode>
            <coordinates>-112.256866,33.600567,830.58 -112.256676,33.601685,830.58</coordinates>
          </LineString>
        </MultiGeometry>
        <name>P-67</name>
        <description><![CDATA[<div><div><span><b>Altitude:</b></span> <span>2,725 ft</span></div>
<div><span><b>Speed:</b></span> <span>107 kt - 105 kt</span></div>
<div><span><b>Timestamp:</b></span><br/><span>2025-08-25 09:24:13 UTC<br/>2025-08-25 09:24:15 UTC</span></div>
</div>]]></description>
      </Placemark>
      <Placemark>
        <Style>
          <LineStyle>
            <color>ff1eff00</color>
            <width>2</width>
          </LineStyle>
        </Style>
        <MultiGeometry>
          <LineString>
            <tessellate>1</tessellate>
            <altitudeMode>absolute</altitudeMode>
            <coordinates>-112.256676,33.601685,830.58 -112.256508,33.602966,830.58</coordinates>
          </LineString>
        </MultiGeometry>
        <name>P-68</name>
        <description><![CDATA[<div><div><span><b>Altitude:</b></span> <span>2,725 ft</span></div>
<div><span><b>Speed:</b></span> <span>105 kt - 104 kt</span></div>
<div><span><b>Timestamp:</b></span><br/><span>2025-08-25 09:24:15 UTC<br/>2025-08-25 09:24:17 UTC</span></div>
</div>]]></description>
      </Placemark>
      <Placemark>
        <Style>
          <LineStyle>
            <color>ff1eff00</color>
            <width>2</width>
          </LineStyle>
        </Style>
        <MultiGeometry>
          <LineString>
            <tessellate>1</tessellate>
            <altitudeMode>absolute</altitudeMode>
            <coordinates>-112.256508,33.602966,830.58 -112.25634,33.603928,830.58</coordinates>
          </LineString>
        </MultiGeometry>
        <name>P-69</name>
        <description><![CDATA[<div><div><span><b>Altitude:</b></span> <span>2,725 ft</span></div>
<div><span><b>Speed:</b></span> <span>104 kt</span></div>
<div><span><b>Timestamp:</b></span><br/><span>2025-08-25 09:24:17 UTC<br/>2025-08-25 09:24:20 UTC</span></div>
</div>]]></description>
      </Placemark>
      <Placemark>
        <Style>
          <LineStyle>
            <color>ff1eff00</color>
            <width>2</width>
          </LineStyle>
        </Style>
        <MultiGeometry>
          <LineString>
            <tessellate>1</tessellate>
            <altitudeMode>absolute</altitudeMode>
            <coordinates>-112.25634,33.603928,830.58 -112.256126,33.605083,830.58</coordinates>
          </LineString>
        </MultiGeometry>
        <name>P-70</name>
        <description><![CDATA[<div><div><span><b>Altitude:</b></span> <span>2,725 ft</span></div>
<div><span><b>Speed:</b></span> <span>104 kt - 103 kt</span></div>
<div><span><b>Timestamp:</b></span><br/><span>2025-08-25 09:24:20 UTC<br/>2025-08-25 09:24:22 UTC</span></div>
</div>]]></description>
      </Placemark>
      <Placemark>
        <Style>
          <LineStyle>
            <color>ff1eff00</color>
            <width>2</width>
          </LineStyle>
        </Style>
        <MultiGeometry>
          <LineString>
            <tessellate>1</tessellate>
            <altitudeMode>absolute</altitudeMode>
            <coordinates>-112.256126,33.605083,830.58 -112.25589,33.605988,830.58</coordinates>
          </LineString>
        </MultiGeometry>
        <name>P-71</name>
        <description><![CDATA[<div><div><span><b>Altitude:</b></span> <span>2,725 ft</span></div>
<div><span><b>Speed:</b></span> <span>103 kt</span></div>
<div><span><b>Timestamp:</b></span><br/><span>2025-08-25 09:24:22 UTC<br/>2025-08-25 09:24:24 UTC</span></div>
</div>]]></description>
      </Placemark>
      <Placemark>
        <Style>
          <LineStyle>
            <color>ff1eff00</color>
            <width>2</width>
          </LineStyle>
        </Style>
        <MultiGeometry>
          <LineString>
            <tessellate>1</tessellate>
            <altitudeMode>absolute</altitudeMode>
            <coordinates>-112.25589,33.605988,830.58 -112.255669,33.606903,830.58</coordinates>
          </LineString>
        </MultiGeometry>
        <name>P-72</name>
        <description><![CDATA[<div><div><span><b>Altitude:</b></span> <span>2,725 ft</span></div>
<div><span><b>Speed:</b></span> <span>103 kt - 102 kt</span></div>
<div><span><b>Timestamp:</b></span><br/><span>2025-08-25 09:24:24 UTC<br/>2025-08-25 09:24:26 UTC</span></div>
</div>]]></description>
      </Placemark>
      <Placemark>
        <Style>
          <LineStyle>
            <color>ff1eff00</color>
            <width>2</width>
          </LineStyle>
        </Style>
        <MultiGeometry>
          <LineString>
            <tessellate>1</tessellate>
            <altitudeMode>absolute</altitudeMode>
            <coordinates>-112.255669,33.606903,830.58 -112.254524,33.61039,815.34</coordinates>
          </LineString>
        </MultiGeometry>
        <name>P-73</name>
        <description><![CDATA[<div><div><span><b>Altitude:</b></span> <span>2,725 ft - 2,675 ft</span></div>
<div><span><b>Speed:</b></span> <span>102 kt - 104 kt</span></div>
<div><span><b>Timestamp:</b></span><br/><span>2025-08-25 09:24:26 UTC<br/>2025-08-25 09:24:33 UTC</span></div>
</div>]]></description>
      </Placemark>
      <Placemark>
        <Style>
          <LineStyle>
            <color>ff1eff00</color>
            <width>2</width>
          </LineStyle>
        </Style>
        <MultiGeometry>
          <LineString>
            <tessellate>1</tessellate>
            <altitudeMode>absolute</altitudeMode>
            <coordinates>-112.254524,33.61039,815.34 -112.254211,33.611389,807.72</coordinates>
          </LineString>
        </MultiGeometry>
        <name>P-74</name>
        <description><![CDATA[<div><div><span><b>Altitude:</b></span> <span>2,675 ft - 2,650 ft</span></div>
<div><span><b>Speed:</b></span> <span>104 kt</span></div>
<div><span><b>Timestamp:</b></span><br/><span>2025-08-25 09:24:33 UTC<br/>2025-08-25 09:24:35 UTC</span></div>
</div>]]></description>
      </Placemark>
      <Placemark>
        <Style>
          <LineStyle>
            <color>ff1eff00</color>
            <width>2</width>
          </LineStyle>
        </Style>
        <MultiGeometry>
          <LineString>
            <tessellate>1</tessellate>
            <altitudeMode>absolute</altitudeMode>
            <coordinates>-112.254211,33.611389,807.72 -112.253838,33.612251,807.72</coordinates>
          </LineString>
        </MultiGeometry>
        <name>P-75</name>
        <description><![CDATA[<div><div><span><b>Altitude:</b></span> <span>2,650 ft</span></div>
<div><span><b>Speed:</b></span> <span>104 kt</span></div>
<div><span><b>Timestamp:</b></span><br/><span>2025-08-25 09:24:35 UTC<br/>2025-08-25 09:24:37 UTC</span></div>
</div>]]></description>
      </Placemark>
      <Placemark>
        <Style>
          <LineStyle>
            <color>ff1eff00</color>
            <width>2</width>
          </LineStyle>
        </Style>
        <MultiGeometry>
          <LineString>
            <tessellate>1</tessellate>
            <altitudeMode>absolute</altitudeMode>
            <coordinates>-112.253838,33.612251,807.72 -112.253365,33.613403,807.72</coordinates>
          </LineString>
        </MultiGeometry>
        <name>P-76</name>
        <description><![CDATA[<div><div><span><b>Altitude:</b></span> <span>2,650 ft</span></div>
<div><span><b>Speed:</b></span> <span>104 kt</span></div>
<div><span><b>Timestamp:</b></span><br/><span>2025-08-25 09:24:37 UTC<br/>2025-08-25 09:24:40 UTC</span></div>
</div>]]></description>
      </Placemark>
      <Placemark>
        <Style>
          <LineStyle>
            <color>ff1eff00</color>
            <width>2</width>
          </LineStyle>
        </Style>
        <MultiGeometry>
          <LineString>
            <tessellate>1</tessellate>
            <altitudeMode>absolute</altitudeMode>
            <coordinates>-112.253365,33.613403,807.72 -112.25309,33.614136,800.1</coordinates>
          </LineString>
        </MultiGeometry>
        <name>P-77</name>
        <description><![CDATA[<div><div><span><b>Altitude:</b></span> <span>2,650 ft - 2,625 ft</span></div>
<div><span><b>Speed:</b></span> <span>104 kt - 105 kt</span></div>
<div><span><b>Timestamp:</b></span><br/><span>2025-08-25 09:24:40 UTC<br/>2025-08-25 09:24:42 UTC</span></div>
</div>]]></description>
      </Placemark>
      <Placemark>
        <Style>
          <LineStyle>
            <color>ff1eff00</color>
            <width>2</width>
          </LineStyle>
        </Style>
        <MultiGeometry>
          <LineString>
            <tessellate>1</tessellate>
            <altitudeMode>absolute</altitudeMode>
            <coordinates>-112.25309,33.614136,800.1 -112.252693,33.615051,792.48</coordinates>
          </LineString>
        </MultiGeometry>
        <name>P-78</name>
        <description><![CDATA[<div><div><span><b>Altitude:</b></span> <span>2,625 ft - 2,600 ft</span></div>
<div><span><b>Speed:</b></span> <span>105 kt - 106 kt</span></div>
<div><span><b>Timestamp:</b></span><br/><span>2025-08-25 09:24:42 UTC<br/>2025-08-25 09:24:44 UTC</span></div>
</div>]]></description>
      </Placemark>
      <Placemark>
        <Style>
          <LineStyle>
            <color>ff42ff00</color>
            <width>2</width>
          </LineStyle>
        </Style>
        <MultiGeometry>
          <LineString>
            <tessellate>1</tessellate>
            <altitudeMode>absolute</altitudeMode>
            <coordinates>-112.252693,33.615051,792.48 -112.252251,33.616196,784.86</coordinates>
          </LineString>
        </MultiGeometry>
        <name>P-79</name>
        <description><![CDATA[<div><div><span><b>Altitude:</b></span> <span>2,600 ft - 2,575 ft</span></div>
<div><span><b>Speed:</b></span> <span>106 kt - 107 kt</span></div>
<div><span><b>Timestamp:</b></span><br/><span>2025-08-25 09:24:44 UTC<br/>2025-08-25 09:24:46 UTC</span></div>
</div>]]></description>
      </Placemark>
      <Placemark>
        <Style>
          <LineStyle>
            <color>ff42ff00</color>
            <width>2</width>
          </LineStyle>
        </Style>
        <MultiGeometry>
          <LineString>
            <tessellate>1</tessellate>
            <altitudeMode>absolute</altitudeMode>
            <coordinates>-112.252251,33.616196,784.86 -112.251801,33.617111,784.86</coordinates>
          </LineString>
        </MultiGeometry>
        <name>P-80</name>
        <description><![CDATA[<div><div><span><b>Altitude:</b></span> <span>2,575 ft</span></div>
<div><span><b>Speed:</b></span> <span>107 kt - 106 kt</span></div>
<div><span><b>Timestamp:</b></span><br/><span>2025-08-25 09:24:46 UTC<br/>2025-08-25 09:24:48 UTC</span></div>
</div>]]></description>
      </Placemark>
      <Placemark>
        <Style>
          <LineStyle>
            <color>ff42ff00</color>
            <width>2</width>
          </LineStyle>
        </Style>
        <MultiGeometry>
          <LineString>
            <tessellate>1</tessellate>
            <altitudeMode>absolute</altitudeMode>
            <coordinates>-112.251801,33.617111,784.86 -112.25132,33.618256,777.24</coordinates>
          </LineString>
        </MultiGeometry>
        <name>P-81</name>
        <description><![CDATA[<div><div><span><b>Altitude:</b></span> <span>2,575 ft - 2,550 ft</span></div>
<div><span><b>Speed:</b></span> <span>106 kt - 105 kt</span></div>
<div><span><b>Timestamp:</b></span><br/><span>2025-08-25 09:24:48 UTC<br/>2025-08-25 09:24:50 UTC</span></div>
</div>]]></description>
      </Placemark>
      <Placemark>
        <Style>
          <LineStyle>
            <color>ff42ff00</color>
            <width>2</width>
          </LineStyle>
        </Style>
        <MultiGeometry>
          <LineString>
            <tessellate>1</tessellate>
            <altitudeMode>absolute</altitudeMode>
            <coordinates>-112.25132,33.618256,777.24 -112.250961,33.619217,777.24</coordinates>
          </LineString>
        </MultiGeometry>
        <name>P-82</name>
        <description><![CDATA[<div><div><span><b>Altitude:</b></span> <span>2,550 ft</span></div>
<div><span><b>Speed:</b></span> <span>105 kt - 103 kt</span></div>
<div><span><b>Timestamp:</b></span><br/><span>2025-08-25 09:24:50 UTC<br/>2025-08-25 09:24:53 UTC</span></div>
</div>]]></description>
      </Placemark>
      <Placemark>
        <Style>
          <LineStyle>
            <color>ff42ff00</color>
            <width>2</width>
          </LineStyle>
        </Style>
        <MultiGeometry>
          <LineString>
            <tessellate>1</tessellate>
            <altitudeMode>absolute</altitudeMode>
            <coordinates>-112.250961,33.619217,777.24 -112.250565,33.620224,777.24</coordinates>
          </LineString>
        </MultiGeometry>
        <name>P-83</name>
        <description><![CDATA[<div><div><span><b>Altitude:</b></span> <span>2,550 ft</span></div>
<div><span><b>Speed:</b></span> <span>103 kt - 102 kt</span></div>
<div><span><b>Timestamp:</b></span><br/><span>2025-08-25 09:24:53 UTC<br/>2025-08-25 09:24:55 UTC</span></div>
</div>]]></description>
      </Placemark>
      <Placemark>
        <Style>
          <LineStyle>
            <color>ff42ff00</color>
            <width>2</width>
          </LineStyle>
        </Style>
        <MultiGeometry>
          <LineString>
            <tessellate>1</tessellate>
            <altitudeMode>absolute</altitudeMode>
            <coordinates>-112.250565,33.620224,777.24 -112.249374,33.623566,769.62</coordinates>
          </LineString>
        </MultiGeometry>
        <name>P-84</name>
        <description><![CDATA[<div><div><span><b>Altitude:</b></span> <span>2,550 ft - 2,525 ft</span></div>
<div><span><b>Speed:</b></span> <span>102 kt - 100 kt</span></div>
<div><span><b>Timestamp:</b></span><br/><span>2025-08-25 09:24:55 UTC<br/>2025-08-25 09:25:02 UTC</span></div>
</div>]]></description>
      </Placemark>
      <Placemark>
        <Style>
          <LineStyle>
            <color>ff42ff00</color>
            <width>2</width>
          </LineStyle>
        </Style>
        <MultiGeometry>
          <LineString>
            <tessellate>1</tessellate>
            <altitudeMode>absolute</altitudeMode>
            <coordinates>-112.249374,33.623566,769.62 -112.248856,33.625286,784.86</coordinates>
          </LineString>
        </MultiGeometry>
        <name>P-85</name>
        <description><![CDATA[<div><div><span><b>Altitude:</b></span> <span>2,525 ft - 2,575 ft</span></div>
<div><span><b>Speed:</b></span> <span>100 kt - 94 kt</span></div>
<div><span><b>Timestamp:</b></span><br/><span>2025-08-25 09:25:02 UTC<br/>2025-08-25 09:25:06 UTC</span></div>
</div>]]></description>
      </Placemark>
      <Placemark>
        <Style>
          <LineStyle>
            <color>ff42ff00</color>
            <width>2</width>
          </LineStyle>
        </Style>
        <MultiGeometry>
          <LineString>
            <tessellate>1</tessellate>
            <altitudeMode>absolute</altitudeMode>
            <coordinates>-112.248856,33.625286,784.86 -112.248573,33.626404,792.48</coordinates>
          </LineString>
        </MultiGeometry>
        <name>P-86</name>
        <description><![CDATA[<div><div><span><b>Altitude:</b></span> <span>2,575 ft - 2,600 ft</span></div>
<div><span><b>Speed:</b></span> <span>94 kt - 92 kt</span></div>
<div><span><b>Timestamp:</b></span><br/><span>2025-08-25 09:25:06 UTC<br/>2025-08-25 09:25:08 UTC</span></div>
</div>]]></description>
      </Placemark>
      <Placemark>
        <Style>
          <LineStyle>
            <color>ff42ff00</color>
            <width>2</width>
          </LineStyle>
        </Style>
        <MultiGeometry>
          <LineString>
            <tessellate>1</tessellate>
            <altitudeMode>absolute</altitudeMode>
            <coordinates>-112.248573,33.626404,792.48 -112.248344,33.627243,800.1</coordinates>
          </LineString>
        </MultiGeometry>
        <name>P-87</name>
        <description><![CDATA[<div><div><span><b>Altitude:</b></span> <span>2,600 ft - 2,625 ft</span></div>
<div><span><b>Speed:</b></span> <span>92 kt - 90 kt</span></div>
<div><span><b>Timestamp:</b></span><br/><span>2025-08-25 09:25:08 UTC<br/>2025-08-25 09:25:11 UTC</span></div>
</div>]]></description>
      </Placemark>
      <Placemark>
        <Style>
          <LineStyle>
            <color>ff1eff00</color>
            <width>2</width>
          </LineStyle>
        </Style>
        <MultiGeometry>
          <LineString>
            <tessellate>1</tessellate>
            <altitudeMode>absolute</altitudeMode>
            <coordinates>-112.248344,33.627243,800.1 -112.2481,33.628143,807.72</coordinates>
          </LineString>
        </MultiGeometry>
        <name>P-88</name>
        <description><![CDATA[<div><div><span><b>Altitude:</b></span> <span>2,625 ft - 2,650 ft</span></div>
<div><span><b>Speed:</b></span> <span>90 kt - 89 kt</span></div>
<div><span><b>Timestamp:</b></span><br/><span>2025-08-25 09:25:11 UTC<br/>2025-08-25 09:25:13 UTC</span></div>
</div>]]></description>
      </Placemark>
      <Placemark>
        <Style>
          <LineStyle>
            <color>ff1eff00</color>
            <width>2</width>
          </LineStyle>
        </Style>
        <MultiGeometry>
          <LineString>
            <tessellate>1</tessellate>
            <altitudeMode>absolute</altitudeMode>
            <coordinates>-112.2481,33.628143,807.72 -112.247887,33.628963,815.34</coordinates>
          </LineString>
        </MultiGeometry>
        <name>P-89</name>
        <description><![CDATA[<div><div><span><b>Altitude:</b></span> <span>2,650 ft - 2,675 ft</span></div>
<div><span><b>Speed:</b></span> <span>89 kt - 86 kt</span></div>
<div><span><b>Timestamp:</b></span><br/><span>2025-08-25 09:25:13 UTC<br/>2025-08-25 09:25:15 UTC</span></div>
</div>]]></description>
      </Placemark>
      <Placemark>
        <Style>
          <LineStyle>
            <color>ff1eff00</color>
            <width>2</width>
          </LineStyle>
        </Style>
        <MultiGeometry>
          <LineString>
            <tessellate>1</tessellate>
            <altitudeMode>absolute</altitudeMode>
            <coordinates>-112.247887,33.628963,815.34 -112.247704,33.629562,822.96</coordinates>
          </LineString>
        </MultiGeometry>
        <name>P-90</name>
        <description><![CDATA[<div><div><span><b>Altitude:</b></span> <span>2,675 ft - 2,700 ft</span></div>
<div><span><b>Speed:</b></span> <span>86 kt - 85 kt</span></div>
<div><span><b>Timestamp:</b></span><br/><span>2025-08-25 09:25:15 UTC<br/>2025-08-25 09:25:17 UTC</span></div>
</div>]]></description>
      </Placemark>
      <Placemark>
        <Style>
          <LineStyle>
            <color>ff1eff00</color>
            <width>2</width>
          </LineStyle>
        </Style>
        <MultiGeometry>
          <LineString>
            <tessellate>1</tessellate>
            <altitudeMode>absolute</altitudeMode>
            <coordinates>-112.247704,33.629562,822.96 -112.247429,33.630478,822.96</coordinates>
          </LineString>
        </MultiGeometry>
        <name>P-91</name>
        <description><![CDATA[<div><div><span><b>Altitude:</b></span> <span>2,700 ft</span></div>
<div><span><b>Speed:</b></span> <span>85 kt - 84 kt</span></div>
<div><span><b>Timestamp:</b></span><br/><span>2025-08-25 09:25:17 UTC<br/>2025-08-25 09:25:19 UTC</span></div>
</div>]]></description>
      </Placemark>
      <Placemark>
        <Style>
          <LineStyle>
            <color>ff1eff00</color>
            <width>2</width>
          </LineStyle>
        </Style>
        <MultiGeometry>
          <LineString>
            <tessellate>1</tessellate>
            <altitudeMode>absolute</altitudeMode>
            <coordinates>-112.247429,33.630478,822.96 -112.247253,33.631199,830.58</coordinates>
          </LineString>
        </MultiGeometry>
        <name>P-92</name>
        <description><![CDATA[<div><div><span><b>Altitude:</b></span> <span>2,700 ft - 2,725 ft</span></div>
<div><span><b>Speed:</b></span> <span>84 kt</span></div>
<div><span><b>Timestamp:</b></span><br/><span>2025-08-25 09:25:19 UTC<br/>2025-08-25 09:25:21 UTC</span></div>
</div>]]></description>
      </Placemark>
      <Placemark>
        <Style>
          <LineStyle>
            <color>ff1eff00</color>
            <width>2</width>
          </LineStyle>
        </Style>
        <MultiGeometry>
          <LineString>
            <tessellate>1</tessellate>
            <altitudeMode>absolute</altitudeMode>
            <coordinates>-112.247253,33.631199,830.58 -112.246971,33.63213,838.2</coordinates>
          </LineString>
        </MultiGeometry>
        <name>P-93</name>
        <description><![CDATA[<div><div><span><b>Altitude:</b></span> <span>2,725 ft - 2,750 ft</span></div>
<div><span><b>Speed:</b></span> <span>84 kt - 83 kt</span></div>
<div><span><b>Timestamp:</b></span><br/><span>2025-08-25 09:25:21 UTC<br/>2025-08-25 09:25:23 UTC</span></div>
</div>]]></description>
      </Placemark>
      <Placemark>
        <Style>
          <LineStyle>
            <color>ff1eff00</color>
            <width>2</width>
          </LineStyle>
        </Style>
        <MultiGeometry>
          <LineString>
            <tessellate>1</tessellate>
            <altitudeMode>absolute</altitudeMode>
            <coordinates>-112.246971,33.63213,838.2 -112.246796,33.632874,838.2</coordinates>
          </LineString>
        </MultiGeometry>
        <name>P-94</name>
        <description><![CDATA[<div><div><span><b>Altitude:</b></span> <span>2,750 ft</span></div>
<div><span><b>Speed:</b></span> <span>83 kt - 84 kt</span></div>
<div><span><b>Timestamp:</b></span><br/><span>2025-08-25 09:25:23 UTC<br/>2025-08-25 09:25:25 UTC</span></div>
</div>]]></description>
      </Placemark>
      <Placemark>
        <Style>
          <LineStyle>
            <color>ff1eff00</color>
            <width>2</width>
          </LineStyle>
        </Style>
        <MultiGeometry>
          <LineString>
            <tessellate>1</tessellate>
            <altitudeMode>absolute</altitudeMode>
            <coordinates>-112.246796,33.632874,838.2 -112.246643,33.633774,845.82</coordinates>
          </LineString>
        </MultiGeometry>
        <name>P-95</name>
        <description><![CDATA[<div><div><span><b>Altitude:</b></span> <span>2,750 ft - 2,775 ft</span></div>
<div><span><b>Speed:</b></span> <span>84 kt</span></div>
<div><span><b>Timestamp:</b></span><br/><span>2025-08-25 09:25:25 UTC<br/>2025-08-25 09:25:27 UTC</span></div>
</div>]]></description>
      </Placemark>
      <Placemark>
        <Style>
          <LineStyle>
            <color>ff1eff00</color>
            <width>2</width>
          </LineStyle>
        </Style>
        <MultiGeometry>
          <LineString>
            <tessellate>1</tessellate>
            <altitudeMode>absolute</altitudeMode>
            <coordinates>-112.246643,33.633774,845.82 -112.246475,33.634552,853.44</coordinates>
          </LineString>
        </MultiGeometry>
        <name>P-96</name>
        <description><![CDATA[<div><div><span><b>Altitude:</b></span> <span>2,775 ft - 2,800 ft</span></div>
<div><span><b>Speed:</b></span> <span>84 kt - 85 kt</span></div>
<div><span><b>Timestamp:</b></span><br/><span>2025-08-25 09:25:27 UTC<br/>2025-08-25 09:25:29 UTC</span></div>
</div>]]></description>
      </Placemark>
      <Placemark>
        <Style>
          <LineStyle>
            <color>ff1eff00</color>
            <width>2</width>
          </LineStyle>
        </Style>
        <MultiGeometry>
          <LineString>
            <tessellate>1</tessellate>
            <altitudeMode>absolute</altitudeMode>
            <coordinates>-112.246475,33.634552,853.44 -112.245712,33.637947,868.68</coordinates>
          </LineString>
        </MultiGeometry>
        <name>P-97</name>
        <description><![CDATA[<div><div><span><b>Altitude:</b></span> <span>2,800 ft - 2,850 ft</span></div>
<div><span><b>Speed:</b></span> <span>85 kt - 87 kt</span></div>
<div><span><b>Timestamp:</b></span><br/><span>2025-08-25 09:25:29 UTC<br/>2025-08-25 09:25:38 UTC</span></div>
</div>]]></description>
      </Placemark>
      <Placemark>
        <Style>
          <LineStyle>
            <color>ff1eff00</color>
            <width>2</width>
          </LineStyle>
        </Style>
        <MultiGeometry>
          <LineString>
            <tessellate>1</tessellate>
            <altitudeMode>absolute</altitudeMode>
            <coordinates>-112.245712,33.637947,868.68 -112.244904,33.64032,868.68</coordinates>
          </LineString>
        </MultiGeometry>
        <name>P-98</name>
        <description><![CDATA[<div><div><span><b>Altitude:</b></span> <span>2,850 ft</span></div>
<div><span><b>Speed:</b></span> <span>87 kt - 86 kt</span></div>
<div><span><b>Timestamp:</b></span><br/><span>2025-08-25 09:25:38 UTC<br/>2025-08-25 09:25:44 UTC</span></div>
</div>]]></description>
      </Placemark>
      <Placemark>
        <Style>
          <LineStyle>
            <color>ff1eff00</color>
            <width>2</width>
          </LineStyle>
        </Style>
        <MultiGeometry>
          <LineString>
            <tessellate>1</tessellate>
            <altitudeMode>absolute</altitudeMode>
            <coordinates>-112.244904,33.64032,868.68 -112.244232,33.641968,883.92</coordinates>
          </LineString>
        </MultiGeometry>
        <name>P-99</name>
        <description><![CDATA[<div><div><span><b>Altitude:</b></span> <span>2,850 ft - 2,900 ft</span></div>
<div><span><b>Speed:</b></span> <span>86 kt - 82 kt</span></div>
<div><span><b>Timestamp:</b></span><br/><span>2025-08-25 09:25:44 UTC<br/>2025-08-25 09:25:49 UTC</span></div>
</div>]]></description>
      </Placemark>
      <Placemark>
        <Style>
          <LineStyle>
            <color>ff1eff00</color>
            <width>2</width>
          </LineStyle>
        </Style>
        <MultiGeometry>
          <LineString>
            <tessellate>1</tessellate>
            <altitudeMode>absolute</altitudeMode>
            <coordinates>-112.244232,33.641968,883.92 -112.24395,33.642746,883.92</coordinates>
          </LineString>
        </MultiGeometry>
        <name>P-100</name>
        <description><![CDATA[<div><div><span><b>Altitude:</b></span> <span>2,900 ft</span></div>
<div><span><b>Speed:</b></span> <span>82 kt - 81 kt</span></div>
<div><span><b>Timestamp:</b></span><br/><span>2025-08-25 09:25:49 UTC<br/>2025-08-25 09:25:51 UTC</span></div>
</div>]]></description>
      </Placemark>
      <Placemark>
        <Style>
          <LineStyle>
            <color>ff1eff00</color>
            <width>2</width>
          </LineStyle>
        </Style>
        <MultiGeometry>
          <LineString>
            <tessellate>1</tessellate>
            <altitudeMode>absolute</altitudeMode>
            <coordinates>-112.24395,33.642746,883.92 -112.243561,33.643616,891.54</coordinates>
          </LineString>
        </MultiGeometry>
        <name>P-101</name>
        <description><![CDATA[<div><div><span><b>Altitude:</b></span> <span>2,900 ft - 2,925 ft</span></div>
<div><span><b>Speed:</b></span> <span>81 kt</span></div>
<div><span><b>Timestamp:</b></span><br/><span>2025-08-25 09:25:51 UTC<br/>2025-08-25 09:25:53 UTC</span></div>
</div>]]></description>
      </Placemark>
      <Placemark>
        <Style>
          <LineStyle>
            <color>ff1eff00</color>
            <width>2</width>
          </LineStyle>
        </Style>
        <MultiGeometry>
          <LineString>
            <tessellate>1</tessellate>
            <altitudeMode>absolute</altitudeMode>
            <coordinates>-112.243561,33.643616,891.54 -112.243225,33.644485,899.16</coordinates>
          </LineString>
        </MultiGeometry>
        <name>P-102</name>
        <description><![CDATA[<div><div><span><b>Altitude:</b></span> <span>2,925 ft - 2,950 ft</span></div>
<div><span><b>Speed:</b></span> <span>81 kt</span></div>
<div><span><b>Timestamp:</b></span><br/><span>2025-08-25 09:25:53 UTC<br/>2025-08-25 09:25:55 UTC</span></div>
</div>]]></description>
      </Placemark>
      <Placemark>
        <Style>
          <LineStyle>
            <color>ff1eff00</color>
            <width>2</width>
          </LineStyle>
        </Style>
        <MultiGeometry>
          <LineString>
            <tessellate>1</tessellate>
            <altitudeMode>absolute</altitudeMode>
            <coordinates>-112.243225,33.644485,899.16 -112.242943,33.645172,906.78</coordinates>
          </LineString>
        </MultiGeometry>
        <name>P-103</name>
        <description><![CDATA[<div><div><span><b>Altitude:</b></span> <span>2,950 ft - 2,975 ft</span></div>
<div><span><b>Speed:</b></span> <span>81 kt - 80 kt</span></div>
<div><span><b>Timestamp:</b></span><br/><span>2025-08-25 09:25:55 UTC<br/>2025-08-25 09:25:58 UTC</span></div>
</div>]]></description>
      </Placemark>
      <Placemark>
        <Style>
          <LineStyle>
            <color>ff1eff00</color>
            <width>2</width>
          </LineStyle>
        </Style>
        <MultiGeometry>
          <LineString>
            <tessellate>1</tessellate>
            <altitudeMode>absolute</altitudeMode>
            <coordinates>-112.242943,33.645172,906.78 -112.242676,33.645863,906.78</coordinates>
          </LineString>
        </MultiGeometry>
        <name>P-104</name>
        <description><![CDATA[<div><div><span><b>Altitude:</b></span> <span>2,975 ft</span></div>
<div><span><b>Speed:</b></span> <span>80 kt</span></div>
<div><span><b>Timestamp:</b></span><br/><span>2025-08-25 09:25:58 UTC<br/>2025-08-25 09:26:00 UTC</span></div>
</div>]]></description>
      </Placemark>
      <Placemark>
        <Style>
          <LineStyle>
            <color>ff1eff00</color>
            <width>2</width>
          </LineStyle>
        </Style>
        <MultiGeometry>
          <LineString>
            <tessellate>1</tessellate>
            <altitudeMode>absolute</altitudeMode>
            <coordinates>-112.242676,33.645863,906.78 -112.242325,33.646729,914.4</coordinates>
          </LineString>
        </MultiGeometry>
        <name>P-105</name>
        <description><![CDATA[<div><div><span><b>Altitude:</b></span> <span>2,975 ft - 3,000 ft</span></div>
<div><span><b>Speed:</b></span> <span>80 kt - 79 kt</span></div>
<div><span><b>Timestamp:</b></span><br/><span>2025-08-25 09:26:00 UTC<br/>2025-08-25 09:26:02 UTC</span></div>
</div>]]></description>
      </Placemark>
      <Placemark>
        <Style>
          <LineStyle>
            <color>ff1eff00</color>
            <width>2</width>
          </LineStyle>
        </Style>
        <MultiGeometry>
          <LineString>
            <tessellate>1</tessellate>
            <altitudeMode>absolute</altitudeMode>
            <coordinates>-112.242325,33.646729,914.4 -112.241302,33.650101,929.64</coordinates>
          </LineString>
        </MultiGeometry>
        <name>P-106</name>
        <description><![CDATA[<div><div><span><b>Altitude:</b></span> <span>3,000 ft - 3,050 ft</span></div>
<div><span><b>Speed:</b></span> <span>79 kt - 84 kt</span></div>
<div><span><b>Timestamp:</b></span><br/><span>2025-08-25 09:26:02 UTC<br/>2025-08-25 09:26:11 UTC</span></div>
</div>]]></description>
      </Placemark>
      <Placemark>
        <Style>
          <LineStyle>
            <color>ff1eff00</color>
            <width>2</width>
          </LineStyle>
        </Style>
        <MultiGeometry>
          <LineString>
            <tessellate>1</tessellate>
            <altitudeMode>absolute</altitudeMode>
            <coordinates>-112.241302,33.650101,929.64 -112.241035,33.650894,929.64</coordinates>
          </LineString>
        </MultiGeometry>
        <name>P-107</name>
        <description><![CDATA[<div><div><span><b>Altitude:</b></span> <span>3,050 ft</span></div>
<div><span><b>Speed:</b></span> <span>84 kt</span></div>
<div><span><b>Timestamp:</b></span><br/><span>2025-08-25 09:26:11 UTC<br/>2025-08-25 09:26:13 UTC</span></div>
</div>]]></description>
      </Placemark>
      <Placemark>
        <Style>
          <LineStyle>
            <color>ff1eff00</color>
            <width>2</width>
          </LineStyle>
        </Style>
        <MultiGeometry>
          <LineString>
            <tessellate>1</tessellate>
            <altitudeMode>absolute</altitudeMode>
            <coordinates>-112.241035,33.650894,929.64 -112.240791,33.651775,929.64</coordinates>
          </LineString>
        </MultiGeometry>
        <name>P-108</name>
        <description><![CDATA[<div><div><span><b>Altitude:</b></span> <span>3,050 ft</span></div>
<div><span><b>Speed:</b></span> <span>84 kt</span></div>
<div><span><b>Timestamp:</b></span><br/><span>2025-08-25 09:26:13 UTC<br/>2025-08-25 09:26:16 UTC</span></div>
</div>]]></description>
      </Placemark>
      <Placemark>
        <Style>
          <LineStyle>
            <color>ff1eff00</color>
            <width>2</width>
          </LineStyle>
        </Style>
        <MultiGeometry>
          <LineString>
            <tessellate>1</tessellate>
            <altitudeMode>absolute</altitudeMode>
            <coordinates>-112.240791,33.651775,929.64 -112.240616,33.652519,929.64</coordinates>
          </LineString>
        </MultiGeometry>
        <name>P-109</name>
        <description><![CDATA[<div><div><span><b>Altitude:</b></span> <span>3,050 ft</span></div>
<div><span><b>Speed:</b></span> <span>84 kt - 83 kt</span></div>
<div><span><b>Timestamp:</b></span><br/><span>2025-08-25 09:26:16 UTC<br/>2025-08-25 09:26:18 UTC</span></div>
</div>]]></description>
      </Placemark>
      <Placemark>
        <Style>
          <LineStyle>
            <color>ff1eff00</color>
            <width>2</width>
          </LineStyle>
        </Style>
        <MultiGeometry>
          <LineString>
            <tessellate>1</tessellate>
            <altitudeMode>absolute</altitudeMode>
            <coordinates>-112.240616,33.652519,929.64 -112.240364,33.65332,937.26</coordinates>
          </LineString>
        </MultiGeometry>
        <name>P-110</name>
        <description><![CDATA[<div><div><span><b>Altitude:</b></span> <span>3,050 ft - 3,075 ft</span></div>
<div><span><b>Speed:</b></span> <span>83 kt - 84 kt</span></div>
<div><span><b>Timestamp:</b></span><br/><span>2025-08-25 09:26:18 UTC<br/>2025-08-25 09:26:20 UTC</span></div>
</div>]]></description>
      </Placemark>
      <Placemark>
        <Style>
          <LineStyle>
            <color>ff1eff00</color>
            <width>2</width>
          </LineStyle>
        </Style>
        <MultiGeometry>
          <LineString>
            <tessellate>1</tessellate>
            <altitudeMode>absolute</altitudeMode>
            <coordinates>-112.240364,33.65332,937.26 -112.240143,33.654236,929.64</coordinates>
          </LineString>
        </MultiGeometry>
        <name>P-111</name>
        <description><![CDATA[<div><div><span><b>Altitude:</b></span> <span>3,075 ft - 3,050 ft</span></div>
<div><span><b>Speed:</b></span> <span>84 kt</span></div>
<div><span><b>Timestamp:</b></span><br/><span>2025-08-25 09:26:20 UTC<br/>2025-08-25 09:26:22 UTC</span></div>
</div>]]></description>
      </Placemark>
      <Placemark>
        <Style>
          <LineStyle>
            <color>ff1eff00</color>
            <width>2</width>
          </LineStyle>
        </Style>
        <MultiGeometry>
          <LineString>
            <tessellate>1</tessellate>
            <altitudeMode>absolute</altitudeMode>
            <coordinates>-112.240143,33.654236,929.64 -112.23999,33.655079,929.64</coordinates>
          </LineString>
        </MultiGeometry>
        <name>P-112</name>
        <description><![CDATA[<div><div><span><b>Altitude:</b></span> <span>3,050 ft</span></div>
<div><span><b>Speed:</b></span> <span>84 kt</span></div>
<div><span><b>Timestamp:</b></span><br/><span>2025-08-25 09:26:22 UTC<br/>2025-08-25 09:26:24 UTC</span></div>
</div>]]></description>
      </Placemark>
      <Placemark>
        <Style>
          <LineStyle>
            <color>ff1eff00</color>
            <width>2</width>
          </LineStyle>
        </Style>
        <MultiGeometry>
          <LineString>
            <tessellate>1</tessellate>
            <altitudeMode>absolute</altitudeMode>
            <coordinates>-112.23999,33.655079,929.64 -112.239822,33.655964,929.64</coordinates>
          </LineString>
        </MultiGeometry>
        <name>P-113</name>
        <description><![CDATA[<div><div><span><b>Altitude:</b></span> <span>3,050 ft</span></div>
<div><span><b>Speed:</b></span> <span>84 kt</span></div>
<div><span><b>Timestamp:</b></span><br/><span>2025-08-25 09:26:24 UTC<br/>2025-08-25 09:26:27 UTC</span></div>
</div>]]></description>
      </Placemark>
      <Placemark>
        <Style>
          <LineStyle>
            <color>ff1eff00</color>
            <width>2</width>
          </LineStyle>
        </Style>
        <MultiGeometry>
          <LineString>
            <tessellate>1</tessellate>
            <altitudeMode>absolute</altitudeMode>
            <coordinates>-112.239822,33.655964,929.64 -112.239647,33.656757,929.64</coordinates>
          </LineString>
        </MultiGeometry>
        <name>P-114</name>
        <description><![CDATA[<div><div><span><b>Altitude:</b></span> <span>3,050 ft</span></div>
<div><span><b>Speed:</b></span> <span>84 kt - 85 kt</span></div>
<div><span><b>Timestamp:</b></span><br/><span>2025-08-25 09:26:27 UTC<br/>2025-08-25 09:26:29 UTC</span></div>
</div>]]></description>
      </Placemark>
      <Placemark>
        <Style>
          <LineStyle>
            <color>ff1eff00</color>
            <width>2</width>
          </LineStyle>
        </Style>
        <MultiGeometry>
          <LineString>
            <tessellate>1</tessellate>
            <altitudeMode>absolute</altitudeMode>
            <coordinates>-112.239647,33.656757,929.64 -112.239471,33.657547,922.02</coordinates>
          </LineString>
        </MultiGeometry>
        <name>P-115</name>
        <description><![CDATA[<div><div><span><b>Altitude:</b></span> <span>3,050 ft - 3,025 ft</span></div>
<div><span><b>Speed:</b></span> <span>85 kt</span></div>
<div><span><b>Timestamp:</b></span><br/><span>2025-08-25 09:26:29 UTC<br/>2025-08-25 09:26:31 UTC</span></div>
</div>]]></description>
      </Placemark>
      <Placemark>
        <Style>
          <LineStyle>
            <color>ff1eff00</color>
            <width>2</width>
          </LineStyle>
        </Style>
        <MultiGeometry>
          <LineString>
            <tessellate>1</tessellate>
            <altitudeMode>absolute</altitudeMode>
            <coordinates>-112.239471,33.657547,922.02 -112.239357,33.658539,922.02</coordinates>
          </LineString>
        </MultiGeometry>
        <name>P-116</name>
        <description><![CDATA[<div><div><span><b>Altitude:</b></span> <span>3,025 ft</span></div>
<div><span><b>Speed:</b></span> <span>85 kt</span></div>
<div><span><b>Timestamp:</b></span><br/><span>2025-08-25 09:26:31 UTC<br/>2025-08-25 09:26:33 UTC</span></div>
</div>]]></description>
      </Placemark>
      <Placemark>
        <Style>
          <LineStyle>
            <color>ff1eff00</color>
            <width>2</width>
          </LineStyle>
        </Style>
        <MultiGeometry>
          <LineString>
            <tessellate>1</tessellate>
            <altitudeMode>absolute</altitudeMode>
            <coordinates>-112.239357,33.658539,922.02 -112.239243,33.659176,922.02</coordinates>
          </LineString>
        </MultiGeometry>
        <name>P-117</name>
        <description><![CDATA[<div><div><span><b>Altitude:</b></span> <span>3,025 ft</span></div>
<div><span><b>Speed:</b></span> <span>85 kt</span></div>
<div><span><b>Timestamp:</b></span><br/><span>2025-08-25 09:26:33 UTC<br/>2025-08-25 09:26:35 UTC</span></div>
</div>]]></description>
      </Placemark>
      <Placemark>
        <Style>
          <LineStyle>
            <color>ff1eff00</color>
            <width>2</width>
          </LineStyle>
        </Style>
        <MultiGeometry>
          <LineString>
            <tessellate>1</tessellate>
            <altitudeMode>absolute</altitudeMode>
            <coordinates>-112.239243,33.659176,922.02 -112.239128,33.660187,914.4</coordinates>
          </LineString>
        </MultiGeometry>
        <name>P-118</name>
        <description><![CDATA[<div><div><span><b>Altitude:</b></span> <span>3,025 ft - 3,000 ft</span></div>
<div><span><b>Speed:</b></span> <span>85 kt</span></div>
<div><span><b>Timestamp:</b></span><br/><span>2025-08-25 09:26:35 UTC<br/>2025-08-25 09:26:37 UTC</span></div>
</div>]]></description>
      </Placemark>
      <Placemark>
        <Style>
          <LineStyle>
            <color>ff1eff00</color>
            <width>2</width>
          </LineStyle>
        </Style>
        <MultiGeometry>
          <LineString>
            <tessellate>1</tessellate>
            <altitudeMode>absolute</altitudeMode>
            <coordinates>-112.239128,33.660187,914.4 -112.23896,33.661057,914.4</coordinates>
          </LineString>
        </MultiGeometry>
        <name>P-119</name>
        <description><![CDATA[<div><div><span><b>Altitude:</b></span> <span>3,000 ft</span></div>
<div><span><b>Speed:</b></span> <span>85 kt - 83 kt</span></div>
<div><span><b>Timestamp:</b></span><br/><span>2025-08-25 09:26:37 UTC<br/>2025-08-25 09:26:40 UTC</span></div>
</div>]]></description>
      </Placemark>
      <Placemark>
        <Style>
          <LineStyle>
            <color>ff1eff00</color>
            <width>2</width>
          </LineStyle>
        </Style>
        <MultiGeometry>
          <LineString>
            <tessellate>1</tessellate>
            <altitudeMode>absolute</altitudeMode>
            <coordinates>-112.23896,33.661057,914.4 -112.238457,33.663483,914.4</coordinates>
          </LineString>
        </MultiGeometry>
        <name>P-120</name>
        <description><![CDATA[<div><div><span><b>Altitude:</b></span> <span>3,000 ft</span></div>
<div><span><b>Speed:</b></span> <span>83 kt - 80 kt</span></div>
<div><span><b>Timestamp:</b></span><br/><span>2025-08-25 09:26:40 UTC<br/>2025-08-25 09:26:46 UTC</span></div>
</div>]]></description>
      </Placemark>
      <Placemark>
        <Style>
          <LineStyle>
            <color>ff1eff00</color>
            <width>2</width>
          </LineStyle>
        </Style>
        <MultiGeometry>
          <LineString>
            <tessellate>1</tessellate>
            <altitudeMode>absolute</altitudeMode>
            <coordinates>-112.238457,33.663483,914.4 -112.237671,33.666092,906.78</coordinates>
          </LineString>
        </MultiGeometry>
        <name>P-121</name>
        <description><![CDATA[<div><div><span><b>Altitude:</b></span> <span>3,000 ft - 2,975 ft</span></div>
<div><span><b>Speed:</b></span> <span>80 kt - 82 kt</span></div>
<div><span><b>Timestamp:</b></span><br/><span>2025-08-25 09:26:46 UTC<br/>2025-08-25 09:26:53 UTC</span></div>
</div>]]></description>
      </Placemark>
      <Placemark>
        <Style>
          <LineStyle>
            <color>ff1eff00</color>
            <width>2</width>
          </LineStyle>
        </Style>
        <MultiGeometry>
          <LineString>
            <tessellate>1</tessellate>
            <altitudeMode>absolute</altitudeMode>
            <coordinates>-112.237671,33.666092,906.78 -112.236954,33.669277,906.78</coordinates>
          </LineString>
        </MultiGeometry>
        <name>P-122</name>
        <description><![CDATA[<div><div><span><b>Altitude:</b></span> <span>2,975 ft</span></div>
<div><span><b>Speed:</b></span> <span>82 kt - 81 kt</span></div>
<div><span><b>Timestamp:</b></span><br/><span>2025-08-25 09:26:53 UTC<br/>2025-08-25 09:27:02 UTC</span></div>
</div>]]></description>
      </Placemark>
      <Placemark>
        <Style>
          <LineStyle>
            <color>ff1eff00</color>
            <width>2</width>
          </LineStyle>
        </Style>
        <MultiGeometry>
          <LineString>
            <tessellate>1</tessellate>
            <altitudeMode>absolute</altitudeMode>
            <coordinates>-112.236954,33.669277,906.78 -112.236382,33.671814,906.78</coordinates>
          </LineString>
        </MultiGeometry>
        <name>P-123</name>
        <description><![CDATA[<div><div><span><b>Altitude:</b></span> <span>2,975 ft</span></div>
<div><span><b>Speed:</b></span> <span>81 kt</span></div>
<div><span><b>Timestamp:</b></span><br/><span>2025-08-25 09:27:02 UTC<br/>2025-08-25 09:27:09 UTC</span></div>
</div>]]></description>
      </Placemark>
      <Placemark>
        <Style>
          <LineStyle>
            <color>ff1eff00</color>
            <width>2</width>
          </LineStyle>
        </Style>
        <MultiGeometry>
          <LineString>
            <tessellate>1</tessellate>
            <altitudeMode>absolute</altitudeMode>
            <coordinates>-112.236382,33.671814,906.78 -112.23616,33.672722,906.78</coordinates>
          </LineString>
        </MultiGeometry>
        <name>P-124</name>
        <description><![CDATA[<div><div><span><b>Altitude:</b></span> <span>2,975 ft</span></div>
<div><span><b>Speed:</b></span> <span>81 kt - 79 kt</span></div>
<div><span><b>Timestamp:</b></span><br/><span>2025-08-25 09:27:09 UTC<br/>2025-08-25 09:27:11 UTC</span></div>
</div>]]></description>
      </Placemark>
      <Placemark>
        <Style>
          <LineStyle>
            <color>ff1eff00</color>
            <width>2</width>
          </LineStyle>
        </Style>
        <MultiGeometry>
          <LineString>
            <tessellate>1</tessellate>
            <altitudeMode>absolute</altitudeMode>
            <coordinates>-112.23616,33.672722,906.78 -112.23587,33.673515,906.78</coordinates>
          </LineString>
        </MultiGeometry>
        <name>P-125</name>
        <description><![CDATA[<div><div><span><b>Altitude:</b></span> <span>2,975 ft</span></div>
<div><span><b>Speed:</b></span> <span>79 kt - 78 kt</span></div>
<div><span><b>Timestamp:</b></span><br/><span>2025-08-25 09:27:11 UTC<br/>2025-08-25 09:27:13 UTC</span></div>
</div>]]></description>
      </Placemark>
      <Placemark>
        <Style>
          <LineStyle>
            <color>ff1eff00</color>
            <width>2</width>
          </LineStyle>
        </Style>
        <MultiGeometry>
          <LineString>
            <tessellate>1</tessellate>
            <altitudeMode>absolute</altitudeMode>
            <coordinates>-112.23587,33.673515,906.78 -112.235527,33.674213,906.78</coordinates>
          </LineString>
        </MultiGeometry>
        <name>P-126</name>
        <description><![CDATA[<div><div><span><b>Altitude:</b></span> <span>2,975 ft</span></div>
<div><span><b>Speed:</b></span> <span>78 kt - 77 kt</span></div>
<div><span><b>Timestamp:</b></span><br/><span>2025-08-25 09:27:13 UTC<br/>2025-08-25 09:27:16 UTC</span></div>
</div>]]></description>
      </Placemark>
      <Placemark>
        <Style>
          <LineStyle>
            <color>ff1eff00</color>
            <width>2</width>
          </LineStyle>
        </Style>
        <MultiGeometry>
          <LineString>
            <tessellate>1</tessellate>
            <altitudeMode>absolute</altitudeMode>
            <coordinates>-112.235527,33.674213,906.78 -112.235245,33.67482,906.78</coordinates>
          </LineString>
        </MultiGeometry>
        <name>P-127</name>
        <description><![CDATA[<div><div><span><b>Altitude:</b></span> <span>2,975 ft</span></div>
<div><span><b>Speed:</b></span> <span>77 kt - 76 kt</span></div>
<div><span><b>Timestamp:</b></span><br/><span>2025-08-25 09:27:16 UTC<br/>2025-08-25 09:27:18 UTC</span></div>
</div>]]></description>
      </Placemark>
      <Placemark>
        <Style>
          <LineStyle>
            <color>ff1eff00</color>
            <width>2</width>
          </LineStyle>
        </Style>
        <MultiGeometry>
          <LineString>
            <tessellate>1</tessellate>
            <altitudeMode>absolute</altitudeMode>
            <coordinates>-112.235245,33.67482,906.78 -112.23484,33.675423,914.4</coordinates>
          </LineString>
        </MultiGeometry>
        <name>P-128</name>
        <description><![CDATA[<div><div><span><b>Altitude:</b></span> <span>2,975 ft - 3,000 ft</span></div>
<div><span><b>Speed:</b></span> <span>76 kt - 74 kt</span></div>
<div><span><b>Timestamp:</b></span><br/><span>2025-08-25 09:27:18 UTC<br/>2025-08-25 09:27:20 UTC</span></div>
</div>]]></description>
      </Placemark>
      <Placemark>
        <Style>
          <LineStyle>
            <color>ff1eff00</color>
            <width>2</width>
          </LineStyle>
        </Style>
        <MultiGeometry>
          <LineString>
            <tessellate>1</tessellate>
            <altitudeMode>absolute</altitudeMode>
            <coordinates>-112.23484,33.675423,914.4 -112.234329,33.676121,914.4</coordinates>
          </LineString>
        </MultiGeometry>
        <name>P-129</name>
        <description><![CDATA[<div><div><span><b>Altitude:</b></span> <span>3,000 ft</span></div>
<div><span><b>Speed:</b></span> <span>74 kt - 73 kt</span></div>
<div><span><b>Timestamp:</b></span><br/><span>2025-08-25 09:27:20 UTC<br/>2025-08-25 09:27:22 UTC</span></div>
</div>]]></description>
      </Placemark>
      <Placemark>
        <Style>
          <LineStyle>
            <color>ff1eff00</color>
            <width>2</width>
          </LineStyle>
        </Style>
        <MultiGeometry>
          <LineString>
            <tessellate>1</tessellate>
            <altitudeMode>absolute</altitudeMode>
            <coordinates>-112.234329,33.676121,914.4 -112.233696,33.676804,914.4</coordinates>
          </LineString>
        </MultiGeometry>
        <name>P-130</name>
        <description><![CDATA[<div><div><span><b>Altitude:</b></span> <span>3,000 ft</span></div>
<div><span><b>Speed:</b></span> <span>73 kt - 72 kt</span></div>
<div><span><b>Timestamp:</b></span><br/><span>2025-08-25 09:27:22 UTC<br/>2025-08-25 09:27:24 UTC</span></div>
</div>]]></description>
      </Placemark>
      <Placemark>
        <Style>
          <LineStyle>
            <color>ff1eff00</color>
            <width>2</width>
          </LineStyle>
        </Style>
        <MultiGeometry>
          <LineString>
            <tessellate>1</tessellate>
            <altitudeMode>absolute</altitudeMode>
            <coordinates>-112.233696,33.676804,914.4 -112.233192,33.677307,914.4</coordinates>
          </LineString>
        </MultiGeometry>
        <name>P-131</name>
        <description><![CDATA[<div><div><span><b>Altitude:</b></span> <span>3,000 ft</span></div>
<div><span><b>Speed:</b></span> <span>72 kt - 71 kt</span></div>
<div><span><b>Timestamp:</b></span><br/><span>2025-08-25 09:27:24 UTC<br/>2025-08-25 09:27:26 UTC</span></div>
</div>]]></description>
      </Placemark>
      <Placemark>
        <Style>
          <LineStyle>
            <color>ff1eff00</color>
            <width>2</width>
          </LineStyle>
        </Style>
        <MultiGeometry>
          <LineString>
            <tessellate>1</tessellate>
            <altitudeMode>absolute</altitudeMode>
            <coordinates>-112.233192,33.677307,914.4 -112.232552,33.677845,914.4</coordinates>
          </LineString>
        </MultiGeometry>
        <name>P-132</name>
        <description><![CDATA[<div><div><span><b>Altitude:</b></span> <span>3,000 ft</span></div>
<div><span><b>Speed:</b></span> <span>71 kt</span></div>
<div><span><b>Timestamp:</b></span><br/><span>2025-08-25 09:27:26 UTC<br/>2025-08-25 09:27:29 UTC</span></div>
</div>]]></description>
      </Placemark>
      <Placemark>
        <Style>
          <LineStyle>
            <color>ff1eff00</color>
            <width>2</width>
          </LineStyle>
        </Style>
        <MultiGeometry>
          <LineString>
            <tessellate>1</tessellate>
            <altitudeMode>absolute</altitudeMode>
            <coordinates>-112.232552,33.677845,914.4 -112.231903,33.678223,922.02</coordinates>
          </LineString>
        </MultiGeometry>
        <name>P-133</name>
        <description><![CDATA[<div><div><span><b>Altitude:</b></span> <span>3,000 ft - 3,025 ft</span></div>
<div><span><b>Speed:</b></span> <span>71 kt - 69 kt</span></div>
<div><span><b>Timestamp:</b></span><br/><span>2025-08-25 09:27:29 UTC<br/>2025-08-25 09:27:31 UTC</span></div>
</div>]]></description>
      </Placemark>
      <Placemark>
        <Style>
          <LineStyle>
            <color>ff1eff00</color>
            <width>2</width>
          </LineStyle>
        </Style>
        <MultiGeometry>
          <LineString>
            <tessellate>1</tessellate>
            <altitudeMode>absolute</altitudeMode>
            <coordinates>-112.231903,33.678223,922.02 -112.231003,33.678635,922.02</coordinates>
          </LineString>
        </MultiGeometry>
        <name>P-134</name>
        <description><![CDATA[<div><div><span><b>Altitude:</b></span> <span>3,025 ft</span></div>
<div><span><b>Speed:</b></span> <span>69 kt - 67 kt</span></div>
<div><span><b>Timestamp:</b></span><br/><span>2025-08-25 09:27:31 UTC<br/>2025-08-25 09:27:33 UTC</span></div>
</div>]]></description>
      </Placemark>
      <Placemark>
        <Style>
          <LineStyle>
            <color>ff1eff00</color>
            <width>2</width>
          </LineStyle>
        </Style>
        <MultiGeometry>
          <LineString>
            <tessellate>1</tessellate>
            <altitudeMode>absolute</altitudeMode>
            <coordinates>-112.231003,33.678635,922.02 -112.230263,33.678867,922.02</coordinates>
          </LineString>
        </MultiGeometry>
        <name>P-135</name>
        <description><![CDATA[<div><div><span><b>Altitude:</b></span> <span>3,025 ft</span></div>
<div><span><b>Speed:</b></span> <span>67 kt - 65 kt</span></div>
<div><span><b>Timestamp:</b></span><br/><span>2025-08-25 09:27:33 UTC<br/>2025-08-25 09:27:35 UTC</span></div>
</div>]]></description>
      </Placemark>
      <Placemark>
        <Style>
          <LineStyle>
            <color>ff1eff00</color>
            <width>2</width>
          </LineStyle>
        </Style>
        <MultiGeometry>
          <LineString>
            <tessellate>1</tessellate>
            <altitudeMode>absolute</altitudeMode>
            <coordinates>-112.230263,33.678867,922.02 -112.229523,33.679054,922.02</coordinates>
          </LineString>
        </MultiGeometry>
        <name>P-136</name>
        <description><![CDATA[<div><div><span><b>Altitude:</b></span> <span>3,025 ft</span></div>
<div><span><b>Speed:</b></span> <span>65 kt</span></div>
<div><span><b>Timestamp:</b></span><br/><span>2025-08-25 09:27:35 UTC<br/>2025-08-25 09:27:37 UTC</span></div>
</div>]]></description>
      </Placemark>
      <Placemark>
        <Style>
          <LineStyle>
            <color>ff1eff00</color>
            <width>2</width>
          </LineStyle>
        </Style>
        <MultiGeometry>
          <LineString>
            <tessellate>1</tessellate>
            <altitudeMode>absolute</altitudeMode>
            <coordinates>-112.229523,33.679054,922.02 -112.228874,33.679184,922.02</coordinates>
          </LineString>
        </MultiGeometry>
        <name>P-137</name>
        <description><![CDATA[<div><div><span><b>Altitude:</b></span> <span>3,025 ft</span></div>
<div><span><b>Speed:</b></span> <span>65 kt - 64 kt</span></div>
<div><span><b>Timestamp:</b></span><br/><span>2025-08-25 09:27:37 UTC<br/>2025-08-25 09:27:40 UTC</span></div>
</div>]]></description>
      </Placemark>
      <Placemark>
        <Style>
          <LineStyle>
            <color>ff1eff00</color>
            <width>2</width>
          </LineStyle>
        </Style>
        <MultiGeometry>
          <LineString>
            <tessellate>1</tessellate>
            <altitudeMode>absolute</altitudeMode>
            <coordinates>-112.228874,33.679184,922.02 -112.227859,33.679379,922.02</coordinates>
          </LineString>
        </MultiGeometry>
        <name>P-138</name>
        <description><![CDATA[<div><div><span><b>Altitude:</b></span> <span>3,025 ft</span></div>
<div><span><b>Speed:</b></span> <span>64 kt</span></div>
<div><span><b>Timestamp:</b></span><br/><span>2025-08-25 09:27:40 UTC<br/>2025-08-25 09:27:42 UTC</span></div>
</div>]]></description>
      </Placemark>
      <Placemark>
        <Style>
          <LineStyle>
            <color>ff1eff00</color>
            <width>2</width>
          </LineStyle>
        </Style>
        <MultiGeometry>
          <LineString>
            <tessellate>1</tessellate>
            <altitudeMode>absolute</altitudeMode>
            <coordinates>-112.227859,33.679379,922.02 -112.227135,33.679504,922.02</coordinates>
          </LineString>
        </MultiGeometry>
        <name>P-139</name>
        <description><![CDATA[<div><div><span><b>Altitude:</b></span> <span>3,025 ft</span></div>
<div><span><b>Speed:</b></span> <span>64 kt</span></div>
<div><span><b>Timestamp:</b></span><br/><span>2025-08-25 09:27:42 UTC<br/>2025-08-25 09:27:45 UTC</span></div>
</div>]]></description>
      </Placemark>
      <Placemark>
        <Style>
          <LineStyle>
            <color>ff1eff00</color>
            <width>2</width>
          </LineStyle>
        </Style>
        <MultiGeometry>
          <LineString>
            <tessellate>1</tessellate>
            <altitudeMode>absolute</altitudeMode>
            <coordinates>-112.227135,33.679504,922.02 -112.226425,33.679565,922.02</coordinates>
          </LineString>
        </MultiGeometry>
        <name>P-140</name>
        <description><![CDATA[<div><div><span><b>Altitude:</b></span> <span>3,025 ft</span></div>
<div><span><b>Speed:</b></span> <span>64 kt</span></div>
<div><span><b>Timestamp:</b></span><br/><span>2025-08-25 09:27:45 UTC<br/>2025-08-25 09:27:47 UTC</span></div>
</div>]]></description>
      </Placemark>
      <Placemark>
        <Style>
          <LineStyle>
            <color>ff1eff00</color>
            <width>2</width>
          </LineStyle>
        </Style>
        <MultiGeometry>
          <LineString>
            <tessellate>1</tessellate>
            <altitudeMode>absolute</altitudeMode>
            <coordinates>-112.226425,33.679565,922.02 -112.225571,33.679565,914.4</coordinates>
          </LineString>
        </MultiGeometry>
        <name>P-141</name>
        <description><![CDATA[<div><div><span><b>Altitude:</b></span> <span>3,025 ft - 3,000 ft</span></div>
<div><span><b>Speed:</b></span> <span>64 kt - 65 kt</span></div>
<div><span><b>Timestamp:</b></span><br/><span>2025-08-25 09:27:47 UTC<br/>2025-08-25 09:27:49 UTC</span></div>
</div>]]></description>
      </Placemark>
      <Placemark>
        <Style>
          <LineStyle>
            <color>ff1eff00</color>
            <width>2</width>
          </LineStyle>
        </Style>
        <MultiGeometry>
          <LineString>
            <tessellate>1</tessellate>
            <altitudeMode>absolute</altitudeMode>
            <coordinates>-112.225571,33.679565,914.4 -112.224655,33.679565,914.4</coordinates>
          </LineString>
        </MultiGeometry>
        <name>P-142</name>
        <description><![CDATA[<div><div><span><b>Altitude:</b></span> <span>3,000 ft</span></div>
<div><span><b>Speed:</b></span> <span>65 kt</span></div>
<div><span><b>Timestamp:</b></span><br/><span>2025-08-25 09:27:49 UTC<br/>2025-08-25 09:27:51 UTC</span></div>
</div>]]></description>
      </Placemark>
      <Placemark>
        <Style>
          <LineStyle>
            <color>ff1eff00</color>
            <width>2</width>
          </LineStyle>
        </Style>
        <MultiGeometry>
          <LineString>
            <tessellate>1</tessellate>
            <altitudeMode>absolute</altitudeMode>
            <coordinates>-112.224655,33.679565,914.4 -112.223854,33.679565,914.4</coordinates>
          </LineString>
        </MultiGeometry>
        <name>P-143</name>
        <description><![CDATA[<div><div><span><b>Altitude:</b></span> <span>3,000 ft</span></div>
<div><span><b>Speed:</b></span> <span>65 kt - 64 kt</span></div>
<div><span><b>Timestamp:</b></span><br/><span>2025-08-25 09:27:51 UTC<br/>2025-08-25 09:27:53 UTC</span></div>
</div>]]></description>
      </Placemark>
      <Placemark>
        <Style>
          <LineStyle>
            <color>ff1eff00</color>
            <width>2</width>
          </LineStyle>
        </Style>
        <MultiGeometry>
          <LineString>
            <tessellate>1</tessellate>
            <altitudeMode>absolute</altitudeMode>
            <coordinates>-112.223854,33.679565,914.4 -112.223213,33.679504,914.4</coordinates>
          </LineString>
        </MultiGeometry>
        <name>P-144</name>
        <description><![CDATA[<div><div><span><b>Altitude:</b></span> <span>3,000 ft</span></div>
<div><span><b>Speed:</b></span> <span>64 kt</span></div>
<div><span><b>Timestamp:</b></span><br/><span>2025-08-25 09:27:53 UTC<br/>2025-08-25 09:27:56 UTC</span></div>
</div>]]></description>
      </Placemark>
      <Placemark>
        <Style>
          <LineStyle>
            <color>ff1eff00</color>
            <width>2</width>
          </LineStyle>
        </Style>
        <MultiGeometry>
          <LineString>
            <tessellate>1</tessellate>
            <altitudeMode>absolute</altitudeMode>
            <coordinates>-112.223213,33.679504,914.4 -112.222313,33.679459,914.4</coordinates>
          </LineString>
        </MultiGeometry>
        <name>P-145</name>
        <description><![CDATA[<div><div><span><b>Altitude:</b></span> <span>3,000 ft</span></div>
<div><span><b>Speed:</b></span> <span>64 kt</span></div>
<div><span><b>Timestamp:</b></span><br/><span>2025-08-25 09:27:56 UTC<br/>2025-08-25 09:27:58 UTC</span></div>
</div>]]></description>
      </Placemark>
      <Placemark>
        <Style>
          <LineStyle>
            <color>ff1eff00</color>
            <width>2</width>
          </LineStyle>
        </Style>
        <MultiGeometry>
          <LineString>
            <tessellate>1</tessellate>
            <altitudeMode>absolute</altitudeMode>
            <coordinates>-112.222313,33.679459,914.4 -112.221741,33.679428,906.78</coordinates>
          </LineString>
        </MultiGeometry>
        <name>P-146</name>
        <description><![CDATA[<div><div><span><b>Altitude:</b></span> <span>3,000 ft - 2,975 ft</span></div>
<div><span><b>Speed:</b></span> <span>64 kt</span></div>
<div><span><b>Timestamp:</b></span><br/><span>2025-08-25 09:27:58 UTC<br/>2025-08-25 09:28:00 UTC</span></div>
</div>]]></description>
      </Placemark>
      <Placemark>
        <Style>
          <LineStyle>
            <color>ff1eff00</color>
            <width>2</width>
          </LineStyle>
        </Style>
        <MultiGeometry>
          <LineString>
            <tessellate>1</tessellate>
            <altitudeMode>absolute</altitudeMode>
            <coordinates>-112.221741,33.679428,906.78 -112.220856,33.679413,914.4</coordinates>
          </LineString>
        </MultiGeometry>
        <name>P-147</name>
        <description><![CDATA[<div><div><span><b>Altitude:</b></span> <span>2,975 ft - 3,000 ft</span></div>
<div><span><b>Speed:</b></span> <span>64 kt - 65 kt</span></div>
<div><span><b>Timestamp:</b></span><br/><span>2025-08-25 09:28:00 UTC<br/>2025-08-25 09:28:02 UTC</span></div>
</div>]]></description>
      </Placemark>
      <Placemark>
        <Style>
          <LineStyle>
            <color>ff1eff00</color>
            <width>2</width>
          </LineStyle>
        </Style>
        <MultiGeometry>
          <LineString>
            <tessellate>1</tessellate>
            <altitudeMode>absolute</altitudeMode>
            <coordinates>-112.220856,33.679413,914.4 -112.219963,33.679367,906.78</coordinates>
          </LineString>
        </MultiGeometry>
        <name>P-148</name>
        <description><![CDATA[<div><div><span><b>Altitude:</b></span> <span>3,000 ft - 2,975 ft</span></div>
<div><span><b>Speed:</b></span> <span>65 kt - 66 kt</span></div>
<div><span><b>Timestamp:</b></span><br/><span>2025-08-25 09:28:02 UTC<br/>2025-08-25 09:28:05 UTC</span></div>
</div>]]></description>
      </Placemark>
      <Placemark>
        <Style>
          <LineStyle>
            <color>ff1eff00</color>
            <width>2</width>
          </LineStyle>
        </Style>
        <MultiGeometry>
          <LineString>
            <tessellate>1</tessellate>
            <altitudeMode>absolute</altitudeMode>
            <coordinates>-112.219963,33.679367,906.78 -112.219223,33.679379,906.78</coordinates>
          </LineString>
        </MultiGeometry>
        <name>P-149</name>
        <description><![CDATA[<div><div><span><b>Altitude:</b></span> <span>2,975 ft</span></div>
<div><span><b>Speed:</b></span> <span>66 kt</span></div>
<div><span><b>Timestamp:</b></span><br/><span>2025-08-25 09:28:05 UTC<br/>2025-08-25 09:28:07 UTC</span></div>
</div>]]></description>
      </Placemark>
      <Placemark>
        <Style>
          <LineStyle>
            <color>ff1eff00</color>
            <width>2</width>
          </LineStyle>
        </Style>
        <MultiGeometry>
          <LineString>
            <tessellate>1</tessellate>
            <altitudeMode>absolute</altitudeMode>
            <coordinates>-112.219223,33.679379,906.78 -112.218307,33.679428,906.78</coordinates>
          </LineString>
        </MultiGeometry>
        <name>P-150</name>
        <description><![CDATA[<div><div><span><b>Altitude:</b></span> <span>2,975 ft</span></div>
<div><span><b>Speed:</b></span> <span>66 kt - 67 kt</span></div>
<div><span><b>Timestamp:</b></span><br/><span>2025-08-25 09:28:07 UTC<br/>2025-08-25 09:28:09 UTC</span></div>
</div>]]></description>
      </Placemark>
      <Placemark>
        <Style>
          <LineStyle>
            <color>ff1eff00</color>
            <width>2</width>
          </LineStyle>
        </Style>
        <MultiGeometry>
          <LineString>
            <tessellate>1</tessellate>
            <altitudeMode>absolute</altitudeMode>
            <coordinates>-112.218307,33.679428,906.78 -112.217499,33.679428,914.4</coordinates>
          </LineString>
        </MultiGeometry>
        <name>P-151</name>
        <description><![CDATA[<div><div><span><b>Altitude:</b></span> <span>2,975 ft - 3,000 ft</span></div>
<div><span><b>Speed:</b></span> <span>67 kt</span></div>
<div><span><b>Timestamp:</b></span><br/><span>2025-08-25 09:28:09 UTC<br/>2025-08-25 09:28:11 UTC</span></div>
</div>]]></description>
      </Placemark>
      <Placemark>
        <Style>
          <LineStyle>
            <color>ff1eff00</color>
            <width>2</width>
          </LineStyle>
        </Style>
        <MultiGeometry>
          <LineString>
            <tessellate>1</tessellate>
            <altitudeMode>absolute</altitudeMode>
            <coordinates>-112.217499,33.679428,914.4 -112.216599,33.679413,906.78</coordinates>
          </LineString>
        </MultiGeometry>
        <name>P-152</name>
        <description><![CDATA[<div><div><span><b>Altitude:</b></span> <span>3,000 ft - 2,975 ft</span></div>
<div><span><b>Speed:</b></span> <span>67 kt</span></div>
<div><span><b>Timestamp:</b></span><br/><span>2025-08-25 09:28:11 UTC<br/>2025-08-25 09:28:14 UTC</span></div>
</div>]]></description>
      </Placemark>
      <Placemark>
        <Style>
          <LineStyle>
            <color>ff1eff00</color>
            <width>2</width>
          </LineStyle>
        </Style>
        <MultiGeometry>
          <LineString>
            <tessellate>1</tessellate>
            <altitudeMode>absolute</altitudeMode>
            <coordinates>-112.216599,33.679413,906.78 -112.215759,33.679413,906.78</coordinates>
          </LineString>
        </MultiGeometry>
        <name>P-153</name>
        <description><![CDATA[<div><div><span><b>Altitude:</b></span> <span>2,975 ft</span></div>
<div><span><b>Speed:</b></span> <span>67 kt</span></div>
<div><span><b>Timestamp:</b></span><br/><span>2025-08-25 09:28:14 UTC<br/>2025-08-25 09:28:16 UTC</span></div>
</div>]]></description>
      </Placemark>
      <Placemark>
        <Style>
          <LineStyle>
            <color>ff1eff00</color>
            <width>2</width>
          </LineStyle>
        </Style>
        <MultiGeometry>
          <LineString>
            <tessellate>1</tessellate>
            <altitudeMode>absolute</altitudeMode>
            <coordinates>-112.215759,33.679413,906.78 -112.213287,33.679413,899.16</coordinates>
          </LineString>
        </MultiGeometry>
        <name>P-154</name>
        <description><![CDATA[<div><div><span><b>Altitude:</b></span> <span>2,975 ft - 2,950 ft</span></div>
<div><span><b>Speed:</b></span> <span>67 kt - 69 kt</span></div>
<div><span><b>Timestamp:</b></span><br/><span>2025-08-25 09:28:16 UTC<br/>2025-08-25 09:28:23 UTC</span></div>
</div>]]></description>
      </Placemark>
      <Placemark>
        <Style>
          <LineStyle>
            <color>ff1eff00</color>
            <width>2</width>
          </LineStyle>
        </Style>
        <MultiGeometry>
          <LineString>
            <tessellate>1</tessellate>
            <altitudeMode>absolute</altitudeMode>
            <coordinates>-112.213287,33.679413,899.16 -112.21228,33.679504,899.16</coordinates>
          </LineString>
        </MultiGeometry>
        <name>P-155</name>
        <description><![CDATA[<div><div><span><b>Altitude:</b></span> <span>2,950 ft</span></div>
<div><span><b>Speed:</b></span> <span>69 kt</span></div>
<div><span><b>Timestamp:</b></span><br/><span>2025-08-25 09:28:23 UTC<br/>2025-08-25 09:28:25 UTC</span></div>
</div>]]></description>
      </Placemark>
      <Placemark>
        <Style>
          <LineStyle>
            <color>ff1eff00</color>
            <width>2</width>
          </LineStyle>
        </Style>
        <MultiGeometry>
          <LineString>
            <tessellate>1</tessellate>
            <altitudeMode>absolute</altitudeMode>
            <coordinates>-112.21228,33.679504,899.16 -112.211662,33.67955,899.16</coordinates>
          </LineString>
        </MultiGeometry>
        <name>P-156</name>
        <description><![CDATA[<div><div><span><b>Altitude:</b></span> <span>2,950 ft</span></div>
<div><span><b>Speed:</b></span> <span>69 kt - 68 kt</span></div>
<div><span><b>Timestamp:</b></span><br/><span>2025-08-25 09:28:25 UTC<br/>2025-08-25 09:28:27 UTC</span></div>
</div>]]></description>
      </Placemark>
      <Placemark>
        <Style>
          <LineStyle>
            <color>ff1eff00</color>
            <width>2</width>
          </LineStyle>
        </Style>
        <MultiGeometry>
          <LineString>
            <tessellate>1</tessellate>
            <altitudeMode>absolute</altitudeMode>
            <coordinates>-112.211662,33.67955,899.16 -112.21077,33.679688,899.16</coordinates>
          </LineString>
        </MultiGeometry>
        <name>P-157</name>
        <description><![CDATA[<div><div><span><b>Altitude:</b></span> <span>2,950 ft</span></div>
<div><span><b>Speed:</b></span> <span>68 kt - 66 kt</span></div>
<div><span><b>Timestamp:</b></span><br/><span>2025-08-25 09:28:27 UTC<br/>2025-08-25 09:28:29 UTC</span></div>
</div>]]></description>
      </Placemark>
      <Placemark>
        <Style>
          <LineStyle>
            <color>ff1eff00</color>
            <width>2</width>
          </LineStyle>
        </Style>
        <MultiGeometry>
          <LineString>
            <tessellate>1</tessellate>
            <altitudeMode>absolute</altitudeMode>
            <coordinates>-112.21077,33.679688,899.16 -112.209892,33.679844,899.16</coordinates>
          </LineString>
        </MultiGeometry>
        <name>P-158</name>
        <description><![CDATA[<div><div><span><b>Altitude:</b></span> <span>2,950 ft</span></div>
<div><span><b>Speed:</b></span> <span>66 kt - 65 kt</span></div>
<div><span><b>Timestamp:</b></span><br/><span>2025-08-25 09:28:29 UTC<br/>2025-08-25 09:28:31 UTC</span></div>
</div>]]></description>
      </Placemark>
      <Placemark>
        <Style>
          <LineStyle>
            <color>ff1eff00</color>
            <width>2</width>
          </LineStyle>
        </Style>
        <MultiGeometry>
          <LineString>
            <tessellate>1</tessellate>
            <altitudeMode>absolute</altitudeMode>
            <coordinates>-112.209892,33.679844,899.16 -112.209198,33.679962,899.16</coordinates>
          </LineString>
        </MultiGeometry>
        <name>P-159</name>
        <description><![CDATA[<div><div><span><b>Altitude:</b></span> <span>2,950 ft</span></div>
<div><span><b>Speed:</b></span> <span>65 kt</span></div>
<div><span><b>Timestamp:</b></span><br/><span>2025-08-25 09:28:31 UTC<br/>2025-08-25 09:28:34 UTC</span></div>
</div>]]></description>
      </Placemark>
      <Placemark>
        <Style>
          <LineStyle>
            <color>ff1eff00</color>
            <width>2</width>
          </LineStyle>
        </Style>
        <MultiGeometry>
          <LineString>
            <tessellate>1</tessellate>
            <altitudeMode>absolute</altitudeMode>
            <coordinates>-112.209198,33.679962,899.16 -112.208305,33.680145,906.78</coordinates>
          </LineString>
        </MultiGeometry>
        <name>P-160</name>
        <description><![CDATA[<div><div><span><b>Altitude:</b></span> <span>2,950 ft - 2,975 ft</span></div>
<div><span><b>Speed:</b></span> <span>65 kt</span></div>
<div><span><b>Timestamp:</b></span><br/><span>2025-08-25 09:28:34 UTC<br/>2025-08-25 09:28:36 UTC</span></div>
</div>]]></description>
      </Placemark>
      <Placemark>
        <Style>
          <LineStyle>
            <color>ff1eff00</color>
            <width>2</width>
          </LineStyle>
        </Style>
        <MultiGeometry>
          <LineString>
            <tessellate>1</tessellate>
            <altitudeMode>absolute</altitudeMode>
            <coordinates>-112.208305,33.680145,906.78 -112.207603,33.680264,906.78</coordinates>
          </LineString>
        </MultiGeometry>
        <name>P-161</name>
        <description><![CDATA[<div><div><span><b>Altitude:</b></span> <span>2,975 ft</span></div>
<div><span><b>Speed:</b></span> <span>65 kt - 64 kt</span></div>
<div><span><b>Timestamp:</b></span><br/><span>2025-08-25 09:28:36 UTC<br/>2025-08-25 09:28:38 UTC</span></div>
</div>]]></description>
      </Placemark>
      <Placemark>
        <Style>
          <LineStyle>
            <color>ff1eff00</color>
            <width>2</width>
          </LineStyle>
        </Style>
        <MultiGeometry>
          <LineString>
            <tessellate>1</tessellate>
            <altitudeMode>absolute</altitudeMode>
            <coordinates>-112.207603,33.680264,906.78 -112.20697,33.680405,906.78</coordinates>
          </LineString>
        </MultiGeometry>
        <name>P-162</name>
        <description><![CDATA[<div><div><span><b>Altitude:</b></span> <span>2,975 ft</span></div>
<div><span><b>Speed:</b></span> <span>64 kt - 63 kt</span></div>
<div><span><b>Timestamp:</b></span><br/><span>2025-08-25 09:28:38 UTC<br/>2025-08-25 09:28:40 UTC</span></div>
</div>]]></description>
      </Placemark>
      <Placemark>
        <Style>
          <LineStyle>
            <color>ff1eff00</color>
            <width>2</width>
          </LineStyle>
        </Style>
        <MultiGeometry>
          <LineString>
            <tessellate>1</tessellate>
            <altitudeMode>absolute</altitudeMode>
            <coordinates>-112.20697,33.680405,906.78 -112.206116,33.680557,914.4</coordinates>
          </LineString>
        </MultiGeometry>
        <name>P-163</name>
        <description><![CDATA[<div><div><span><b>Altitude:</b></span> <span>2,975 ft - 3,000 ft</span></div>
<div><span><b>Speed:</b></span> <span>63 kt - 62 kt</span></div>
<div><span><b>Timestamp:</b></span><br/><span>2025-08-25 09:28:40 UTC<br/>2025-08-25 09:28:42 UTC</span></div>
</div>]]></description>
      </Placemark>
      <Placemark>
        <Style>
          <LineStyle>
            <color>ff1eff00</color>
            <width>2</width>
          </LineStyle>
        </Style>
        <MultiGeometry>
          <LineString>
            <tessellate>1</tessellate>
            <altitudeMode>absolute</altitudeMode>
            <coordinates>-112.206116,33.680557,914.4 -112.205276,33.680695,914.4</coordinates>
          </LineString>
        </MultiGeometry>
        <name>P-164</name>
        <description><![CDATA[<div><div><span><b>Altitude:</b></span> <span>3,000 ft</span></div>
<div><span><b>Speed:</b></span> <span>62 kt</span></div>
<div><span><b>Timestamp:</b></span><br/><span>2025-08-25 09:28:42 UTC<br/>2025-08-25 09:28:45 UTC</span></div>
</div>]]></description>
      </Placemark>
      <Placemark>
        <Style>
          <LineStyle>
            <color>ff1eff00</color>
            <width>2</width>
          </LineStyle>
        </Style>
        <MultiGeometry>
          <LineString>
            <tessellate>1</tessellate>
            <altitudeMode>absolute</altitudeMode>
            <coordinates>-112.205276,33.680695,914.4 -112.204575,33.680779,914.4</coordinates>
          </LineString>
        </MultiGeometry>
        <name>P-165</name>
        <description><![CDATA[<div><div><span><b>Altitude:</b></span> <span>3,000 ft</span></div>
<div><span><b>Speed:</b></span> <span>62 kt - 61 kt</span></div>
<div><span><b>Timestamp:</b></span><br/><span>2025-08-25 09:28:45 UTC<br/>2025-08-25 09:28:47 UTC</span></div>
</div>]]></description>
      </Placemark>
      <Placemark>
        <Style>
          <LineStyle>
            <color>ff1eff00</color>
            <width>2</width>
          </LineStyle>
        </Style>
        <MultiGeometry>
          <LineString>
            <tessellate>1</tessellate>
            <altitudeMode>absolute</altitudeMode>
            <coordinates>-112.204575,33.680779,914.4 -112.203941,33.68087,922.02</coordinates>
          </LineString>
        </MultiGeometry>
        <name>P-166</name>
        <description><![CDATA[<div><div><span><b>Altitude:</b></span> <span>3,000 ft - 3,025 ft</span></div>
<div><span><b>Speed:</b></span> <span>61 kt - 64 kt</span></div>
<div><span><b>Timestamp:</b></span><br/><span>2025-08-25 09:28:47 UTC<br/>2025-08-25 09:28:49 UTC</span></div>
</div>]]></description>
      </Placemark>
      <Placemark>
        <Style>
          <LineStyle>
            <color>ff1eff00</color>
            <width>2</width>
          </LineStyle>
        </Style>
        <MultiGeometry>
          <LineString>
            <tessellate>1</tessellate>
            <altitudeMode>absolute</altitudeMode>
            <coordinates>-112.203941,33.68087,922.02 -112.203033,33.681015,922.02</coordinates>
          </LineString>
        </MultiGeometry>
        <name>P-167</name>
        <description><![CDATA[<div><div><span><b>Altitude:</b></span> <span>3,025 ft</span></div>
<div><span><b>Speed:</b></span> <span>64 kt - 66 kt</span></div>
<div><span><b>Timestamp:</b></span><br/><span>2025-08-25 09:28:49 UTC<br/>2025-08-25 09:28:51 UTC</span></div>
</div>]]></description>
      </Placemark>
      <Placemark>
        <Style>
          <LineStyle>
            <color>ff1eff00</color>
            <width>2</width>
          </LineStyle>
        </Style>
        <MultiGeometry>
          <LineString>
            <tessellate>1</tessellate>
            <altitudeMode>absolute</altitudeMode>
            <coordinates>-112.203033,33.681015,922.02 -112.199875,33.681381,929.64</coordinates>
          </LineString>
        </MultiGeometry>
        <name>P-168</name>
        <description><![CDATA[<div><div><span><b>Altitude:</b></span> <span>3,025 ft - 3,050 ft</span></div>
<div><span><b>Speed:</b></span> <span>66 kt - 70 kt</span></div>
<div><span><b>Timestamp:</b></span><br/><span>2025-08-25 09:28:51 UTC<br/>2025-08-25 09:29:00 UTC</span></div>
</div>]]></description>
      </Placemark>
      <Placemark>
        <Style>
          <LineStyle>
            <color>ff1eff00</color>
            <width>2</width>
          </LineStyle>
        </Style>
        <MultiGeometry>
          <LineString>
            <tessellate>1</tessellate>
            <altitudeMode>absolute</altitudeMode>
            <coordinates>-112.199875,33.681381,929.64 -112.199051,33.681427,929.64</coordinates>
          </LineString>
        </MultiGeometry>
        <name>P-169</name>
        <description><![CDATA[<div><div><span><b>Altitude:</b></span> <span>3,050 ft</span></div>
<div><span><b>Speed:</b></span> <span>70 kt - 72 kt</span></div>
<div><span><b>Timestamp:</b></span><br/><span>2025-08-25 09:29:00 UTC<br/>2025-08-25 09:29:02 UTC</span></div>
</div>]]></description>
      </Placemark>
      <Placemark>
        <Style>
          <LineStyle>
            <color>ff1eff00</color>
            <width>2</width>
          </LineStyle>
        </Style>
        <MultiGeometry>
          <LineString>
            <tessellate>1</tessellate>
            <altitudeMode>absolute</altitudeMode>
            <coordinates>-112.199051,33.681427,929.64 -112.198273,33.681477,929.64</coordinates>
          </LineString>
        </MultiGeometry>
        <name>P-170</name>
        <description><![CDATA[<div><div><span><b>Altitude:</b></span> <span>3,050 ft</span></div>
<div><span><b>Speed:</b></span> <span>72 kt - 74 kt</span></div>
<div><span><b>Timestamp:</b></span><br/><span>2025-08-25 09:29:02 UTC<br/>2025-08-25 09:29:04 UTC</span></div>
</div>]]></description>
      </Placemark>
      <Placemark>
        <Style>
          <LineStyle>
            <color>ff1eff00</color>
            <width>2</width>
          </LineStyle>
        </Style>
        <MultiGeometry>
          <LineString>
            <tessellate>1</tessellate>
            <altitudeMode>absolute</altitudeMode>
            <coordinates>-112.198273,33.681477,929.64 -112.197258,33.681564,929.64</coordinates>
          </LineString>
        </MultiGeometry>
        <name>P-171</name>
        <description><![CDATA[<div><div><span><b>Altitude:</b></span> <span>3,050 ft</span></div>
<div><span><b>Speed:</b></span> <span>74 kt - 76 kt</span></div>
<div><span><b>Timestamp:</b></span><br/><span>2025-08-25 09:29:04 UTC<br/>2025-08-25 09:29:06 UTC</span></div>
</div>]]></description>
      </Placemark>
      <Placemark>
        <Style>
          <LineStyle>
            <color>ff1eff00</color>
            <width>2</width>
          </LineStyle>
        </Style>
        <MultiGeometry>
          <LineString>
            <tessellate>1</tessellate>
            <altitudeMode>absolute</altitudeMode>
            <coordinates>-112.197258,33.681564,929.64 -112.196472,33.681656,929.64</coordinates>
          </LineString>
        </MultiGeometry>
        <name>P-172</name>
        <description><![CDATA[<div><div><span><b>Altitude:</b></span> <span>3,050 ft</span></div>
<div><span><b>Speed:</b></span> <span>76 kt - 77 kt</span></div>
<div><span><b>Timestamp:</b></span><br/><span>2025-08-25 09:29:06 UTC<br/>2025-08-25 09:29:08 UTC</span></div>
</div>]]></description>
      </Placemark>
      <Placemark>
        <Style>
          <LineStyle>
            <color>ff1eff00</color>
            <width>2</width>
          </LineStyle>
        </Style>
        <MultiGeometry>
          <LineString>
            <tessellate>1</tessellate>
            <altitudeMode>absolute</altitudeMode>
            <coordinates>-112.196472,33.681656,929.64 -112.193359,33.681988,929.64</coordinates>
          </LineString>
        </MultiGeometry>
        <name>P-173</name>
        <description><![CDATA[<div><div><span><b>Altitude:</b></span> <span>3,050 ft</span></div>
<div><span><b>Speed:</b></span> <span>77 kt - 78 kt</span></div>
<div><span><b>Timestamp:</b></span><br/><span>2025-08-25 09:29:08 UTC<br/>2025-08-25 09:29:15 UTC</span></div>
</div>]]></description>
      </Placemark>
      <Placemark>
        <Style>
          <LineStyle>
            <color>ff1eff00</color>
            <width>2</width>
          </LineStyle>
        </Style>
        <MultiGeometry>
          <LineString>
            <tessellate>1</tessellate>
            <altitudeMode>absolute</altitudeMode>
            <coordinates>-112.193359,33.681988,929.64 -112.191544,33.682159,922.02</coordinates>
          </LineString>
        </MultiGeometry>
        <name>P-174</name>
        <description><![CDATA[<div><div><span><b>Altitude:</b></span> <span>3,050 ft - 3,025 ft</span></div>
<div><span><b>Speed:</b></span> <span>78 kt - 79 kt</span></div>
<div><span><b>Timestamp:</b></span><br/><span>2025-08-25 09:29:15 UTC<br/>2025-08-25 09:29:20 UTC</span></div>
</div>]]></description>
      </Placemark>
      <Placemark>
        <Style>
          <LineStyle>
            <color>ff1eff00</color>
            <width>2</width>
          </LineStyle>
        </Style>
        <MultiGeometry>
          <LineString>
            <tessellate>1</tessellate>
            <altitudeMode>absolute</altitudeMode>
            <coordinates>-112.191544,33.682159,922.02 -112.19059,33.682205,914.4</coordinates>
          </LineString>
        </MultiGeometry>
        <name>P-175</name>
        <description><![CDATA[<div><div><span><b>Altitude:</b></span> <span>3,025 ft - 3,000 ft</span></div>
<div><span><b>Speed:</b></span> <span>79 kt</span></div>
<div><span><b>Timestamp:</b></span><br/><span>2025-08-25 09:29:20 UTC<br/>2025-08-25 09:29:22 UTC</span></div>
</div>]]></description>
      </Placemark>
      <Placemark>
        <Style>
          <LineStyle>
            <color>ff1eff00</color>
            <width>2</width>
          </LineStyle>
        </Style>
        <MultiGeometry>
          <LineString>
            <tessellate>1</tessellate>
            <altitudeMode>absolute</altitudeMode>
            <coordinates>-112.19059,33.682205,914.4 -112.189522,33.68222,914.4</coordinates>
          </LineString>
        </MultiGeometry>
        <name>P-176</name>
        <description><![CDATA[<div><div><span><b>Altitude:</b></span> <span>3,000 ft</span></div>
<div><span><b>Speed:</b></span> <span>79 kt - 80 kt</span></div>
<div><span><b>Timestamp:</b></span><br/><span>2025-08-25 09:29:22 UTC<br/>2025-08-25 09:29:24 UTC</span></div>
</div>]]></description>
      </Placemark>
      <Placemark>
        <Style>
          <LineStyle>
            <color>ff1eff00</color>
            <width>2</width>
          </LineStyle>
        </Style>
        <MultiGeometry>
          <LineString>
            <tessellate>1</tessellate>
            <altitudeMode>absolute</altitudeMode>
            <coordinates>-112.189522,33.68222,914.4 -112.188553,33.68222,914.4</coordinates>
          </LineString>
        </MultiGeometry>
        <name>P-177</name>
        <description><![CDATA[<div><div><span><b>Altitude:</b></span> <span>3,000 ft</span></div>
<div><span><b>Speed:</b></span> <span>80 kt</span></div>
<div><span><b>Timestamp:</b></span><br/><span>2025-08-25 09:29:24 UTC<br/>2025-08-25 09:29:26 UTC</span></div>
</div>]]></description>
      </Placemark>
      <Placemark>
        <Style>
          <LineStyle>
            <color>ff1eff00</color>
            <width>2</width>
          </LineStyle>
        </Style>
        <MultiGeometry>
          <LineString>
            <tessellate>1</tessellate>
            <altitudeMode>absolute</altitudeMode>
            <coordinates>-112.188553,33.68222,914.4 -112.187637,33.682175,906.78</coordinates>
          </LineString>
        </MultiGeometry>
        <name>P-178</name>
        <description><![CDATA[<div><div><span><b>Altitude:</b></span> <span>3,000 ft - 2,975 ft</span></div>
<div><span><b>Speed:</b></span> <span>80 kt</span></div>
<div><span><b>Timestamp:</b></span><br/><span>2025-08-25 09:29:26 UTC<br/>2025-08-25 09:29:29 UTC</span></div>
</div>]]></description>
      </Placemark>
      <Placemark>
        <Style>
          <LineStyle>
            <color>ff1eff00</color>
            <width>2</width>
          </LineStyle>
        </Style>
        <MultiGeometry>
          <LineString>
            <tessellate>1</tessellate>
            <altitudeMode>absolute</altitudeMode>
            <coordinates>-112.187637,33.682175,906.78 -112.1866,33.682125,899.16</coordinates>
          </LineString>
        </MultiGeometry>
        <name>P-179</name>
        <description><![CDATA[<div><div><span><b>Altitude:</b></span> <span>2,975 ft - 2,950 ft</span></div>
<div><span><b>Speed:</b></span> <span>80 kt</span></div>
<div><span><b>Timestamp:</b></span><br/><span>2025-08-25 09:29:29 UTC<br/>2025-08-25 09:29:31 UTC</span></div>
</div>]]></description>
      </Placemark>
      <Placemark>
        <Style>
          <LineStyle>
            <color>ff1eff00</color>
            <width>2</width>
          </LineStyle>
        </Style>
        <MultiGeometry>
          <LineString>
            <tessellate>1</tessellate>
            <altitudeMode>absolute</altitudeMode>
            <coordinates>-112.1866,33.682125,899.16 -112.185516,33.682034,891.54</coordinates>
          </LineString>
        </MultiGeometry>
        <name>P-180</name>
        <description><![CDATA[<div><div><span><b>Altitude:</b></span> <span>2,950 ft - 2,925 ft</span></div>
<div><span><b>Speed:</b></span> <span>80 kt - 81 kt</span></div>
<div><span><b>Timestamp:</b></span><br/><span>2025-08-25 09:29:31 UTC<br/>2025-08-25 09:29:33 UTC</span></div>
</div>]]></description>
      </Placemark>
      <Placemark>
        <Style>
          <LineStyle>
            <color>ff1eff00</color>
            <width>2</width>
          </LineStyle>
        </Style>
        <MultiGeometry>
          <LineString>
            <tessellate>1</tessellate>
            <altitudeMode>absolute</altitudeMode>
            <coordinates>-112.185516,33.682034,891.54 -112.184364,33.681931,891.54</coordinates>
          </LineString>
        </MultiGeometry>
        <name>P-181</name>
        <description><![CDATA[<div><div><span><b>Altitude:</b></span> <span>2,925 ft</span></div>
<div><span><b>Speed:</b></span> <span>81 kt - 80 kt</span></div>
<div><span><b>Timestamp:</b></span><br/><span>2025-08-25 09:29:33 UTC<br/>2025-08-25 09:29:35 UTC</span></div>
</div>]]></description>
      </Placemark>
      <Placemark>
        <Style>
          <LineStyle>
            <color>ff1eff00</color>
            <width>2</width>
          </LineStyle>
        </Style>
        <MultiGeometry>
          <LineString>
            <tessellate>1</tessellate>
            <altitudeMode>absolute</altitudeMode>
            <coordinates>-112.184364,33.681931,891.54 -112.183525,33.681839,883.92</coordinates>
          </LineString>
        </MultiGeometry>
        <name>P-182</name>
        <description><![CDATA[<div><div><span><b>Altitude:</b></span> <span>2,925 ft - 2,900 ft</span></div>
<div><span><b>Speed:</b></span> <span>80 kt</span></div>
<div><span><b>Timestamp:</b></span><br/><span>2025-08-25 09:29:35 UTC<br/>2025-08-25 09:29:38 UTC</span></div>
</div>]]></description>
      </Placemark>
      <Placemark>
        <Style>
          <LineStyle>
            <color>ff1eff00</color>
            <width>2</width>
          </LineStyle>
        </Style>
        <MultiGeometry>
          <LineString>
            <tessellate>1</tessellate>
            <altitudeMode>absolute</altitudeMode>
            <coordinates>-112.183525,33.681839,883.92 -112.182602,33.681755,876.3</coordinates>
          </LineString>
        </MultiGeometry>
        <name>P-183</name>
        <description><![CDATA[<div><div><span><b>Altitude:</b></span> <span>2,900 ft - 2,875 ft</span></div>
<div><span><b>Speed:</b></span> <span>80 kt</span></div>
<div><span><b>Timestamp:</b></span><br/><span>2025-08-25 09:29:38 UTC<br/>2025-08-25 09:29:40 UTC</span></div>
</div>]]></description>
      </Placemark>
      <Placemark>
        <Style>
          <LineStyle>
            <color>ff1eff00</color>
            <width>2</width>
          </LineStyle>
        </Style>
        <MultiGeometry>
          <LineString>
            <tessellate>1</tessellate>
            <altitudeMode>absolute</altitudeMode>
            <coordinates>-112.182602,33.681755,876.3 -112.181732,33.681656,876.3</coordinates>
          </LineString>
        </MultiGeometry>
        <name>P-184</name>
        <description><![CDATA[<div><div><span><b>Altitude:</b></span> <span>2,875 ft</span></div>
<div><span><b>Speed:</b></span> <span>80 kt - 78 kt</span></div>
<div><span><b>Timestamp:</b></span><br/><span>2025-08-25 09:29:40 UTC<br/>2025-08-25 09:29:42 UTC</span></div>
</div>]]></description>
      </Placemark>
      <Placemark>
        <Style>
          <LineStyle>
            <color>ff1eff00</color>
            <width>2</width>
          </LineStyle>
        </Style>
        <MultiGeometry>
          <LineString>
            <tessellate>1</tessellate>
            <altitudeMode>absolute</altitudeMode>
            <coordinates>-112.181732,33.681656,876.3 -112.180611,33.681519,876.3</coordinates>
          </LineString>
        </MultiGeometry>
        <name>P-185</name>
        <description><![CDATA[<div><div><span><b>Altitude:</b></span> <span>2,875 ft</span></div>
<div><span><b>Speed:</b></span> <span>78 kt - 77 kt</span></div>
<div><span><b>Timestamp:</b></span><br/><span>2025-08-25 09:29:42 UTC<br/>2025-08-25 09:29:44 UTC</span></div>
</div>]]></description>
      </Placemark>
      <Placemark>
        <Style>
          <LineStyle>
            <color>ff1eff00</color>
            <width>2</width>
          </LineStyle>
        </Style>
        <MultiGeometry>
          <LineString>
            <tessellate>1</tessellate>
            <altitudeMode>absolute</altitudeMode>
            <coordinates>-112.180611,33.681519,876.3 -112.179794,33.681477,868.68</coordinates>
          </LineString>
        </MultiGeometry>
        <name>P-186</name>
        <description><![CDATA[<div><div><span><b>Altitude:</b></span> <span>2,875 ft - 2,850 ft</span></div>
<div><span><b>Speed:</b></span> <span>77 kt - 78 kt</span></div>
<div><span><b>Timestamp:</b></span><br/><span>2025-08-25 09:29:44 UTC<br/>2025-08-25 09:29:46 UTC</span></div>
</div>]]></description>
      </Placemark>
      <Placemark>
        <Style>
          <LineStyle>
            <color>ff1eff00</color>
            <width>2</width>
          </LineStyle>
        </Style>
        <MultiGeometry>
          <LineString>
            <tessellate>1</tessellate>
            <altitudeMode>absolute</altitudeMode>
            <coordinates>-112.179794,33.681477,868.68 -112.177673,33.681614,853.44</coordinates>
          </LineString>
        </MultiGeometry>
        <name>P-187</name>
        <description><![CDATA[<div><div><span><b>Altitude:</b></span> <span>2,850 ft - 2,800 ft</span></div>
<div><span><b>Speed:</b></span> <span>78 kt - 77 kt</span></div>
<div><span><b>Timestamp:</b></span><br/><span>2025-08-25 09:29:46 UTC<br/>2025-08-25 09:29:51 UTC</span></div>
</div>]]></description>
      </Placemark>
      <Placemark>
        <Style>
          <LineStyle>
            <color>ff1eff00</color>
            <width>2</width>
          </LineStyle>
        </Style>
        <MultiGeometry>
          <LineString>
            <tessellate>1</tessellate>
            <altitudeMode>absolute</altitudeMode>
            <coordinates>-112.177673,33.681614,853.44 -112.17691,33.681747,853.44</coordinates>
          </LineString>
        </MultiGeometry>
        <name>P-188</name>
        <description><![CDATA[<div><div><span><b>Altitude:</b></span> <span>2,800 ft</span></div>
<div><span><b>Speed:</b></span> <span>77 kt - 78 kt</span></div>
<div><span><b>Timestamp:</b></span><br/><span>2025-08-25 09:29:51 UTC<br/>2025-08-25 09:29:53 UTC</span></div>
</div>]]></description>
      </Placemark>
      <Placemark>
        <Style>
          <LineStyle>
            <color>ff1eff00</color>
            <width>2</width>
          </LineStyle>
        </Style>
        <MultiGeometry>
          <LineString>
            <tessellate>1</tessellate>
            <altitudeMode>absolute</altitudeMode>
            <coordinates>-112.17691,33.681747,853.44 -112.176071,33.681885,845.82</coordinates>
          </LineString>
        </MultiGeometry>
        <name>P-189</name>
        <description><![CDATA[<div><div><span><b>Altitude:</b></span> <span>2,800 ft - 2,775 ft</span></div>
<div><span><b>Speed:</b></span> <span>78 kt - 79 kt</span></div>
<div><span><b>Timestamp:</b></span><br/><span>2025-08-25 09:29:53 UTC<br/>2025-08-25 09:29:55 UTC</span></div>
</div>]]></description>
      </Placemark>
      <Placemark>
        <Style>
          <LineStyle>
            <color>ff1eff00</color>
            <width>2</width>
          </LineStyle>
        </Style>
        <MultiGeometry>
          <LineString>
            <tessellate>1</tessellate>
            <altitudeMode>absolute</altitudeMode>
            <coordinates>-112.176071,33.681885,845.82 -112.174927,33.682125,838.2</coordinates>
          </LineString>
        </MultiGeometry>
        <name>P-190</name>
        <description><![CDATA[<div><div><span><b>Altitude:</b></span> <span>2,775 ft - 2,750 ft</span></div>
<div><span><b>Speed:</b></span> <span>79 kt</span></div>
<div><span><b>Timestamp:</b></span><br/><span>2025-08-25 09:29:55 UTC<br/>2025-08-25 09:29:58 UTC</span></div>
</div>]]></description>
      </Placemark>
      <Placemark>
        <Style>
          <LineStyle>
            <color>ff1eff00</color>
            <width>2</width>
          </LineStyle>
        </Style>
        <MultiGeometry>
          <LineString>
            <tessellate>1</tessellate>
            <altitudeMode>absolute</altitudeMode>
            <coordinates>-112.174927,33.682125,838.2 -112.173828,33.682343,830.58</coordinates>
          </LineString>
        </MultiGeometry>
        <name>P-191</name>
        <description><![CDATA[<div><div><span><b>Altitude:</b></span> <span>2,750 ft - 2,725 ft</span></div>
<div><span><b>Speed:</b></span> <span>79 kt</span></div>
<div><span><b>Timestamp:</b></span><br/><span>2025-08-25 09:29:58 UTC<br/>2025-08-25 09:30:00 UTC</span></div>
</div>]]></description>
      </Placemark>
      <Placemark>
        <Style>
          <LineStyle>
            <color>ff1eff00</color>
            <width>2</width>
          </LineStyle>
        </Style>
        <MultiGeometry>
          <LineString>
            <tessellate>1</tessellate>
            <altitudeMode>absolute</altitudeMode>
            <coordinates>-112.173828,33.682343,830.58 -112.173042,33.682499,830.58</coordinates>
          </LineString>
        </MultiGeometry>
        <name>P-192</name>
        <description><![CDATA[<div><div><span><b>Altitude:</b></span> <span>2,725 ft</span></div>
<div><span><b>Speed:</b></span> <span>79 kt</span></div>
<div><span><b>Timestamp:</b></span><br/><span>2025-08-25 09:30:00 UTC<br/>2025-08-25 09:30:02 UTC</span></div>
</div>]]></description>
      </Placemark>
      <Placemark>
        <Style>
          <LineStyle>
            <color>ff1eff00</color>
            <width>2</width>
          </LineStyle>
        </Style>
        <MultiGeometry>
          <LineString>
            <tessellate>1</tessellate>
            <altitudeMode>absolute</altitudeMode>
            <coordinates>-112.173042,33.682499,830.58 -112.171844,33.682732,822.96</coordinates>
          </LineString>
        </MultiGeometry>
        <name>P-193</name>
        <description><![CDATA[<div><div><span><b>Altitude:</b></span> <span>2,725 ft - 2,700 ft</span></div>
<div><span><b>Speed:</b></span> <span>79 kt - 78 kt</span></div>
<div><span><b>Timestamp:</b></span><br/><span>2025-08-25 09:30:02 UTC<br/>2025-08-25 09:30:05 UTC</span></div>
</div>]]></description>
      </Placemark>
      <Placemark>
        <Style>
          <LineStyle>
            <color>ff1eff00</color>
            <width>2</width>
          </LineStyle>
        </Style>
        <MultiGeometry>
          <LineString>
            <tessellate>1</tessellate>
            <altitudeMode>absolute</altitudeMode>
            <coordinates>-112.171844,33.682732,822.96 -112.170914,33.682892,815.34</coordinates>
          </LineString>
        </MultiGeometry>
        <name>P-194</name>
        <description><![CDATA[<div><div><span><b>Altitude:</b></span> <span>2,700 ft - 2,675 ft</span></div>
<div><span><b>Speed:</b></span> <span>78 kt</span></div>
<div><span><b>Timestamp:</b></span><br/><span>2025-08-25 09:30:05 UTC<br/>2025-08-25 09:30:07 UTC</span></div>
</div>]]></description>
      </Placemark>
      <Placemark>
        <Style>
          <LineStyle>
            <color>ff1eff00</color>
            <width>2</width>
          </LineStyle>
        </Style>
        <MultiGeometry>
          <LineString>
            <tessellate>1</tessellate>
            <altitudeMode>absolute</altitudeMode>
            <coordinates>-112.170914,33.682892,815.34 -112.170067,33.68306,822.96</coordinates>
          </LineString>
        </MultiGeometry>
        <name>P-195</name>
        <description><![CDATA[<div><div><span><b>Altitude:</b></span> <span>2,675 ft - 2,700 ft</span></div>
<div><span><b>Speed:</b></span> <span>78 kt - 77 kt</span></div>
<div><span><b>Timestamp:</b></span><br/><span>2025-08-25 09:30:07 UTC<br/>2025-08-25 09:30:09 UTC</span></div>
</div>]]></description>
      </Placemark>
      <Placemark>
        <Style>
          <LineStyle>
            <color>ff1eff00</color>
            <width>2</width>
          </LineStyle>
        </Style>
        <MultiGeometry>
          <LineString>
            <tessellate>1</tessellate>
            <altitudeMode>absolute</altitudeMode>
            <coordinates>-112.170067,33.68306,822.96 -112.169037,33.683151,815.34</coordinates>
          </LineString>
        </MultiGeometry>
        <name>P-196</name>
        <description><![CDATA[<div><div><span><b>Altitude:</b></span> <span>2,700 ft - 2,675 ft</span></div>
<div><span><b>Speed:</b></span> <span>77 kt - 75 kt</span></div>
<div><span><b>Timestamp:</b></span><br/><span>2025-08-25 09:30:09 UTC<br/>2025-08-25 09:30:11 UTC</span></div>
</div>]]></description>
      </Placemark>
      <Placemark>
        <Style>
          <LineStyle>
            <color>ff1eff00</color>
            <width>2</width>
          </LineStyle>
        </Style>
        <MultiGeometry>
          <LineString>
            <tessellate>1</tessellate>
            <altitudeMode>absolute</altitudeMode>
            <coordinates>-112.169037,33.683151,815.34 -112.168167,33.683258,815.34</coordinates>
          </LineString>
        </MultiGeometry>
        <name>P-197</name>
        <description><![CDATA[<div><div><span><b>Altitude:</b></span> <span>2,675 ft</span></div>
<div><span><b>Speed:</b></span> <span>75 kt - 74 kt</span></div>
<div><span><b>Timestamp:</b></span><br/><span>2025-08-25 09:30:11 UTC<br/>2025-08-25 09:30:13 UTC</span></div>
</div>]]></description>
      </Placemark>
      <Placemark>
        <Style>
          <LineStyle>
            <color>ff1eff00</color>
            <width>2</width>
          </LineStyle>
        </Style>
        <MultiGeometry>
          <LineString>
            <tessellate>1</tessellate>
            <altitudeMode>absolute</altitudeMode>
            <coordinates>-112.168167,33.683258,815.34 -112.167145,33.683384,815.34</coordinates>
          </LineString>
        </MultiGeometry>
        <name>P-198</name>
        <description><![CDATA[<div><div><span><b>Altitude:</b></span> <span>2,675 ft</span></div>
<div><span><b>Speed:</b></span> <span>74 kt - 72 kt</span></div>
<div><span><b>Timestamp:</b></span><br/><span>2025-08-25 09:30:13 UTC<br/>2025-08-25 09:30:16 UTC</span></div>
</div>]]></description>
      </Placemark>
      <Placemark>
        <Style>
          <LineStyle>
            <color>ff1eff00</color>
            <width>2</width>
          </LineStyle>
        </Style>
        <MultiGeometry>
          <LineString>
            <tessellate>1</tessellate>
            <altitudeMode>absolute</altitudeMode>
            <coordinates>-112.167145,33.683384,815.34 -112.16391,33.683762,815.34</coordinates>
          </LineString>
        </MultiGeometry>
        <name>P-199</name>
        <description><![CDATA[<div><div><span><b>Altitude:</b></span> <span>2,675 ft</span></div>
<div><span><b>Speed:</b></span> <span>72 kt - 71 kt</span></div>
<div><span><b>Timestamp:</b></span><br/><span>2025-08-25 09:30:16 UTC<br/>2025-08-25 09:30:25 UTC</span></div>
</div>]]></description>
      </Placemark>
      <Placemark>
        <Style>
          <LineStyle>
            <color>ff1eff00</color>
            <width>2</width>
          </LineStyle>
        </Style>
        <MultiGeometry>
          <LineString>
            <tessellate>1</tessellate>
            <altitudeMode>absolute</altitudeMode>
            <coordinates>-112.16391,33.683762,815.34 -112.162971,33.683849,815.34</coordinates>
          </LineString>
        </MultiGeometry>
        <name>P-200</name>
        <description><![CDATA[<div><div><span><b>Altitude:</b></span> <span>2,675 ft</span></div>
<div><span><b>Speed:</b></span> <span>71 kt</span></div>
<div><span><b>Timestamp:</b></span><br/><span>2025-08-25 09:30:25 UTC<br/>2025-08-25 09:30:27 UTC</span></div>
</div>]]></description>
      </Placemark>
      <Placemark>
        <Style>
          <LineStyle>
            <color>ff1eff00</color>
            <width>2</width>
          </LineStyle>
        </Style>
        <MultiGeometry>
          <LineString>
            <tessellate>1</tessellate>
            <altitudeMode>absolute</altitudeMode>
            <coordinates>-112.162971,33.683849,815.34 -112.16217,33.683895,807.72</coordinates>
          </LineString>
        </MultiGeometry>
        <name>P-201</name>
        <description><![CDATA[<div><div><span><b>Altitude:</b></span> <span>2,675 ft - 2,650 ft</span></div>
<div><span><b>Speed:</b></span> <span>71 kt - 72 kt</span></div>
<div><span><b>Timestamp:</b></span><br/><span>2025-08-25 09:30:27 UTC<br/>2025-08-25 09:30:29 UTC</span></div>
</div>]]></description>
      </Placemark>
      <Placemark>
        <Style>
          <LineStyle>
            <color>ff1eff00</color>
            <width>2</width>
          </LineStyle>
        </Style>
        <MultiGeometry>
          <LineString>
            <tessellate>1</tessellate>
            <altitudeMode>absolute</altitudeMode>
            <coordinates>-112.16217,33.683895,807.72 -112.161331,33.683945,807.72</coordinates>
          </LineString>
        </MultiGeometry>
        <name>P-202</name>
        <description><![CDATA[<div><div><span><b>Altitude:</b></span> <span>2,650 ft</span></div>
<div><span><b>Speed:</b></span> <span>72 kt - 73 kt</span></div>
<div><span><b>Timestamp:</b></span><br/><span>2025-08-25 09:30:29 UTC<br/>2025-08-25 09:30:31 UTC</span></div>
</div>]]></description>
      </Placemark>
      <Placemark>
        <Style>
          <LineStyle>
            <color>ff1eff00</color>
            <width>2</width>
          </LineStyle>
        </Style>
        <MultiGeometry>
          <LineString>
            <tessellate>1</tessellate>
            <altitudeMode>absolute</altitudeMode>
            <coordinates>-112.161331,33.683945,807.72 -112.160378,33.683945,800.1</coordinates>
          </LineString>
        </MultiGeometry>
        <name>P-203</name>
        <description><![CDATA[<div><div><span><b>Altitude:</b></span> <span>2,650 ft - 2,625 ft</span></div>
<div><span><b>Speed:</b></span> <span>73 kt - 74 kt</span></div>
<div><span><b>Timestamp:</b></span><br/><span>2025-08-25 09:30:31 UTC<br/>2025-08-25 09:30:33 UTC</span></div>
</div>]]></description>
      </Placemark>
      <Placemark>
        <Style>
          <LineStyle>
            <color>ff1eff00</color>
            <width>2</width>
          </LineStyle>
        </Style>
        <MultiGeometry>
          <LineString>
            <tessellate>1</tessellate>
            <altitudeMode>absolute</altitudeMode>
            <coordinates>-112.160378,33.683945,800.1 -112.159424,33.68399,792.48</coordinates>
          </LineString>
        </MultiGeometry>
        <name>P-204</name>
        <description><![CDATA[<div><div><span><b>Altitude:</b></span> <span>2,625 ft - 2,600 ft</span></div>
<div><span><b>Speed:</b></span> <span>74 kt - 75 kt</span></div>
<div><span><b>Timestamp:</b></span><br/><span>2025-08-25 09:30:33 UTC<br/>2025-08-25 09:30:35 UTC</span></div>
</div>]]></description>
      </Placemark>
      <Placemark>
        <Style>
          <LineStyle>
            <color>ff42ff00</color>
            <width>2</width>
          </LineStyle>
        </Style>
        <MultiGeometry>
          <LineString>
            <tessellate>1</tessellate>
            <altitudeMode>absolute</altitudeMode>
            <coordinates>-112.159424,33.68399,792.48 -112.158623,33.68399,792.48</coordinates>
          </LineString>
        </MultiGeometry>
        <name>P-205</name>
        <description><![CDATA[<div><div><span><b>Altitude:</b></span> <span>2,600 ft</span></div>
<div><span><b>Speed:</b></span> <span>75 kt - 76 kt</span></div>
<div><span><b>Timestamp:</b></span><br/><span>2025-08-25 09:30:35 UTC<br/>2025-08-25 09:30:38 UTC</span></div>
</div>]]></description>
      </Placemark>
      <Placemark>
        <Style>
          <LineStyle>
            <color>ff42ff00</color>
            <width>2</width>
          </LineStyle>
        </Style>
        <MultiGeometry>
          <LineString>
            <tessellate>1</tessellate>
            <altitudeMode>absolute</altitudeMode>
            <coordinates>-112.158623,33.68399,792.48 -112.157578,33.683899,784.86</coordinates>
          </LineString>
        </MultiGeometry>
        <name>P-206</name>
        <description><![CDATA[<div><div><span><b>Altitude:</b></span> <span>2,600 ft - 2,575 ft</span></div>
<div><span><b>Speed:</b></span> <span>76 kt - 77 kt</span></div>
<div><span><b>Timestamp:</b></span><br/><span>2025-08-25 09:30:38 UTC<br/>2025-08-25 09:30:40 UTC</span></div>
</div>]]></description>
      </Placemark>
      <Placemark>
        <Style>
          <LineStyle>
            <color>ff42ff00</color>
            <width>2</width>
          </LineStyle>
        </Style>
        <MultiGeometry>
          <LineString>
            <tessellate>1</tessellate>
            <altitudeMode>absolute</altitudeMode>
            <coordinates>-112.157578,33.683899,784.86 -112.156509,33.683804,777.24</coordinates>
          </LineString>
        </MultiGeometry>
        <name>P-207</name>
        <description><![CDATA[<div><div><span><b>Altitude:</b></span> <span>2,575 ft - 2,550 ft</span></div>
<div><span><b>Speed:</b></span> <span>77 kt - 80 kt</span></div>
<div><span><b>Timestamp:</b></span><br/><span>2025-08-25 09:30:40 UTC<br/>2025-08-25 09:30:42 UTC</span></div>
</div>]]></description>
      </Placemark>
      <Placemark>
        <Style>
          <LineStyle>
            <color>ff42ff00</color>
            <width>2</width>
          </LineStyle>
        </Style>
        <MultiGeometry>
          <LineString>
            <tessellate>1</tessellate>
            <altitudeMode>absolute</altitudeMode>
            <coordinates>-112.156509,33.683804,777.24 -112.155594,33.683662,769.62</coordinates>
          </LineString>
        </MultiGeometry>
        <name>P-208</name>
        <description><![CDATA[<div><div><span><b>Altitude:</b></span> <span>2,550 ft - 2,525 ft</span></div>
<div><span><b>Speed:</b></span> <span>80 kt - 81 kt</span></div>
<div><span><b>Timestamp:</b></span><br/><span>2025-08-25 09:30:42 UTC<br/>2025-08-25 09:30:44 UTC</span></div>
</div>]]></description>
      </Placemark>
      <Placemark>
        <Style>
          <LineStyle>
            <color>ff42ff00</color>
            <width>2</width>
          </LineStyle>
        </Style>
        <MultiGeometry>
          <LineString>
            <tessellate>1</tessellate>
            <altitudeMode>absolute</altitudeMode>
            <coordinates>-112.155594,33.683662,769.62 -112.154549,33.683487,754.38</coordinates>
          </LineString>
        </MultiGeometry>
        <name>P-209</name>
        <description><![CDATA[<div><div><span><b>Altitude:</b></span> <span>2,525 ft - 2,475 ft</span></div>
<div><span><b>Speed:</b></span> <span>81 kt - 83 kt</span></div>
<div><span><b>Timestamp:</b></span><br/><span>2025-08-25 09:30:44 UTC<br/>2025-08-25 09:30:47 UTC</span></div>
</div>]]></description>
      </Placemark>
      <Placemark>
        <Style>
          <LineStyle>
            <color>ff42ff00</color>
            <width>2</width>
          </LineStyle>
        </Style>
        <MultiGeometry>
          <LineString>
            <tessellate>1</tessellate>
            <altitudeMode>absolute</altitudeMode>
            <coordinates>-112.154549,33.683487,754.38 -112.153587,33.683384,746.76</coordinates>
          </LineString>
        </MultiGeometry>
        <name>P-210</name>
        <description><![CDATA[<div><div><span><b>Altitude:</b></span> <span>2,475 ft - 2,450 ft</span></div>
<div><span><b>Speed:</b></span> <span>83 kt - 85 kt</span></div>
<div><span><b>Timestamp:</b></span><br/><span>2025-08-25 09:30:47 UTC<br/>2025-08-25 09:30:49 UTC</span></div>
</div>]]></description>
      </Placemark>
      <Placemark>
        <Style>
          <LineStyle>
            <color>ff42ff00</color>
            <width>2</width>
          </LineStyle>
        </Style>
        <MultiGeometry>
          <LineString>
            <tessellate>1</tessellate>
            <altitudeMode>absolute</altitudeMode>
            <coordinates>-112.153587,33.683384,746.76 -112.152306,33.683212,739.14</coordinates>
          </LineString>
        </MultiGeometry>
        <name>P-211</name>
        <description><![CDATA[<div><div><span><b>Altitude:</b></span> <span>2,450 ft - 2,425 ft</span></div>
<div><span><b>Speed:</b></span> <span>85 kt - 86 kt</span></div>
<div><span><b>Timestamp:</b></span><br/><span>2025-08-25 09:30:49 UTC<br/>2025-08-25 09:30:51 UTC</span></div>
</div>]]></description>
      </Placemark>
      <Placemark>
        <Style>
          <LineStyle>
            <color>ff42ff00</color>
            <width>2</width>
          </LineStyle>
        </Style>
        <MultiGeometry>
          <LineString>
            <tessellate>1</tessellate>
            <altitudeMode>absolute</altitudeMode>
            <coordinates>-112.152306,33.683212,739.14 -112.15152,33.683167,731.52</coordinates>
          </LineString>
        </MultiGeometry>
        <name>P-212</name>
        <description><![CDATA[<div><div><span><b>Altitude:</b></span> <span>2,425 ft - 2,400 ft</span></div>
<div><span><b>Speed:</b></span> <span>86 kt - 88 kt</span></div>
<div><span><b>Timestamp:</b></span><br/><span>2025-08-25 09:30:51 UTC<br/>2025-08-25 09:30:53 UTC</span></div>
</div>]]></description>
      </Placemark>
      <Placemark>
        <Style>
          <LineStyle>
            <color>ff42ff00</color>
            <width>2</width>
          </LineStyle>
        </Style>
        <MultiGeometry>
          <LineString>
            <tessellate>1</tessellate>
            <altitudeMode>absolute</altitudeMode>
            <coordinates>-112.15152,33.683167,731.52 -112.15023,33.683121,716.28</coordinates>
          </LineString>
        </MultiGeometry>
        <name>P-213</name>
        <description><![CDATA[<div><div><span><b>Altitude:</b></span> <span>2,400 ft - 2,350 ft</span></div>
<div><span><b>Speed:</b></span> <span>88 kt - 89 kt</span></div>
<div><span><b>Timestamp:</b></span><br/><span>2025-08-25 09:30:53 UTC<br/>2025-08-25 09:30:55 UTC</span></div>
</div>]]></description>
      </Placemark>
      <Placemark>
        <Style>
          <LineStyle>
            <color>ff42ff00</color>
            <width>2</width>
          </LineStyle>
        </Style>
        <MultiGeometry>
          <LineString>
            <tessellate>1</tessellate>
            <altitudeMode>absolute</altitudeMode>
            <coordinates>-112.15023,33.683121,716.28 -112.148102,33.683258,701.04</coordinates>
          </LineString>
        </MultiGeometry>
        <name>P-214</name>
        <description><![CDATA[<div><div><span><b>Altitude:</b></span> <span>2,350 ft - 2,300 ft</span></div>
<div><span><b>Speed:</b></span> <span>89 kt - 85 kt</span></div>
<div><span><b>Timestamp:</b></span><br/><span>2025-08-25 09:30:55 UTC<br/>2025-08-25 09:31:00 UTC</span></div>
</div>]]></description>
      </Placemark>
      <Placemark>
        <Style>
          <LineStyle>
            <color>ff42ff00</color>
            <width>2</width>
          </LineStyle>
        </Style>
        <MultiGeometry>
          <LineString>
            <tessellate>1</tessellate>
            <altitudeMode>absolute</altitudeMode>
            <coordinates>-112.148102,33.683258,701.04 -112.147232,33.683384,701.04</coordinates>
          </LineString>
        </MultiGeometry>
        <name>P-215</name>
        <description><![CDATA[<div><div><span><b>Altitude:</b></span> <span>2,300 ft</span></div>
<div><span><b>Speed:</b></span> <span>85 kt - 83 kt</span></div>
<div><span><b>Timestamp:</b></span><br/><span>2025-08-25 09:31:00 UTC<br/>2025-08-25 09:31:02 UTC</span></div>
</div>]]></description>
      </Placemark>
      <Placemark>
        <Style>
          <LineStyle>
            <color>ff42ff00</color>
            <width>2</width>
          </LineStyle>
        </Style>
        <MultiGeometry>
          <LineString>
            <tessellate>1</tessellate>
            <altitudeMode>absolute</altitudeMode>
            <coordinates>-112.147232,33.683384,701.04 -112.146317,33.683571,701.04</coordinates>
          </LineString>
        </MultiGeometry>
        <name>P-216</name>
        <description><![CDATA[<div><div><span><b>Altitude:</b></span> <span>2,300 ft</span></div>
<div><span><b>Speed:</b></span> <span>83 kt - 82 kt</span></div>
<div><span><b>Timestamp:</b></span><br/><span>2025-08-25 09:31:02 UTC<br/>2025-08-25 09:31:04 UTC</span></div>
</div>]]></description>
      </Placemark>
      <Placemark>
        <Style>
          <LineStyle>
            <color>ff42ff00</color>
            <width>2</width>
          </LineStyle>
        </Style>
        <MultiGeometry>
          <LineString>
            <tessellate>1</tessellate>
            <altitudeMode>absolute</altitudeMode>
            <coordinates>-112.146317,33.683571,701.04 -112.145294,33.683804,701.04</coordinates>
          </LineString>
        </MultiGeometry>
        <name>P-217</name>
        <description><![CDATA[<div><div><span><b>Altitude:</b></span> <span>2,300 ft</span></div>
<div><span><b>Speed:</b></span> <span>82 kt - 81 kt</span></div>
<div><span><b>Timestamp:</b></span><br/><span>2025-08-25 09:31:04 UTC<br/>2025-08-25 09:31:06 UTC</span></div>
</div>]]></description>
      </Placemark>
      <Placemark>
        <Style>
          <LineStyle>
            <color>ff42ff00</color>
            <width>2</width>
          </LineStyle>
        </Style>
        <MultiGeometry>
          <LineString>
            <tessellate>1</tessellate>
            <altitudeMode>absolute</altitudeMode>
            <coordinates>-112.145294,33.683804,701.04 -112.144432,33.68399,708.66</coordinates>
          </LineString>
        </MultiGeometry>
        <name>P-218</name>
        <description><![CDATA[<div><div><span><b>Altitude:</b></span> <span>2,300 ft - 2,325 ft</span></div>
<div><span><b>Speed:</b></span> <span>81 kt - 78 kt</span></div>
<div><span><b>Timestamp:</b></span><br/><span>2025-08-25 09:31:06 UTC<br/>2025-08-25 09:31:08 UTC</span></div>
</div>]]></description>
      </Placemark>
      <Placemark>
        <Style>
          <LineStyle>
            <color>ff42ff00</color>
            <width>2</width>
          </LineStyle>
        </Style>
        <MultiGeometry>
          <LineString>
            <tessellate>1</tessellate>
            <altitudeMode>absolute</altitudeMode>
            <coordinates>-112.144432,33.68399,708.66 -112.143562,33.684128,708.66</coordinates>
          </LineString>
        </MultiGeometry>
        <name>P-219</name>
        <description><![CDATA[<div><div><span><b>Altitude:</b></span> <span>2,325 ft</span></div>
<div><span><b>Speed:</b></span> <span>78 kt - 76 kt</span></div>
<div><span><b>Timestamp:</b></span><br/><span>2025-08-25 09:31:08 UTC<br/>2025-08-25 09:31:11 UTC</span></div>
</div>]]></description>
      </Placemark>
      <Placemark>
        <Style>
          <LineStyle>
            <color>ff42ff00</color>
            <width>2</width>
          </LineStyle>
        </Style>
        <MultiGeometry>
          <LineString>
            <tessellate>1</tessellate>
            <altitudeMode>absolute</altitudeMode>
            <coordinates>-112.143562,33.684128,708.66 -112.139572,33.684223,708.66</coordinates>
          </LineString>
        </MultiGeometry>
        <name>P-220</name>
        <description><![CDATA[<div><div><span><b>Altitude:</b></span> <span>2,325 ft</span></div>
<div><span><b>Speed:</b></span> <span>76 kt - 73 kt</span></div>
<div><span><b>Timestamp:</b></span><br/><span>2025-08-25 09:31:11 UTC<br/>2025-08-25 09:31:20 UTC</span></div>
</div>]]></description>
      </Placemark>
      <Placemark>
        <Style>
          <LineStyle>
            <color>ff42ff00</color>
            <width>2</width>
          </LineStyle>
        </Style>
        <MultiGeometry>
          <LineString>
            <tessellate>1</tessellate>
            <altitudeMode>absolute</altitudeMode>
            <coordinates>-112.139572,33.684223,708.66 -112.138687,33.684219,708.66</coordinates>
          </LineString>
        </MultiGeometry>
        <name>P-221</name>
        <description><![CDATA[<div><div><span><b>Altitude:</b></span> <span>2,325 ft</span></div>
<div><span><b>Speed:</b></span> <span>73 kt</span></div>
<div><span><b>Timestamp:</b></span><br/><span>2025-08-25 09:31:20 UTC<br/>2025-08-25 09:31:23 UTC</span></div>
</div>]]></description>
      </Placemark>
      <Placemark>
        <Style>
          <LineStyle>
            <color>ff42ff00</color>
            <width>2</width>
          </LineStyle>
        </Style>
        <MultiGeometry>
          <LineString>
            <tessellate>1</tessellate>
            <altitudeMode>absolute</altitudeMode>
            <coordinates>-112.138687,33.684219,708.66 -112.135437,33.684494,693.42</coordinates>
          </LineString>
        </MultiGeometry>
        <name>P-222</name>
        <description><![CDATA[<div><div><span><b>Altitude:</b></span> <span>2,325 ft - 2,275 ft</span></div>
<div><span><b>Speed:</b></span> <span>73 kt - 77 kt</span></div>
<div><span><b>Timestamp:</b></span><br/><span>2025-08-25 09:31:23 UTC<br/>2025-08-25 09:31:30 UTC</span></div>
</div>]]></description>
      </Placemark>
      <Placemark>
        <Style>
          <LineStyle>
            <color>ff42ff00</color>
            <width>2</width>
          </LineStyle>
        </Style>
        <MultiGeometry>
          <LineString>
            <tessellate>1</tessellate>
            <altitudeMode>absolute</altitudeMode>
            <coordinates>-112.135437,33.684494,693.42 -112.134537,33.684593,685.8</coordinates>
          </LineString>
        </MultiGeometry>
        <name>P-223</name>
        <description><![CDATA[<div><div><span><b>Altitude:</b></span> <span>2,275 ft - 2,250 ft</span></div>
<div><span><b>Speed:</b></span> <span>77 kt - 78 kt</span></div>
<div><span><b>Timestamp:</b></span><br/><span>2025-08-25 09:31:30 UTC<br/>2025-08-25 09:31:33 UTC</span></div>
</div>]]></description>
      </Placemark>
      <Placemark>
        <Style>
          <LineStyle>
            <color>ff42ff00</color>
            <width>2</width>
          </LineStyle>
        </Style>
        <MultiGeometry>
          <LineString>
            <tessellate>1</tessellate>
            <altitudeMode>absolute</altitudeMode>
            <coordinates>-112.134537,33.684593,685.8 -112.13356,33.684639,678.18</coordinates>
          </LineString>
        </MultiGeometry>
        <name>P-224</name>
        <description><![CDATA[<div><div><span><b>Altitude:</b></span> <span>2,250 ft - 2,225 ft</span></div>
<div><span><b>Speed:</b></span> <span>78 kt - 80 kt</span></div>
<div><span><b>Timestamp:</b></span><br/><span>2025-08-25 09:31:33 UTC<br/>2025-08-25 09:31:35 UTC</span></div>
</div>]]></description>
      </Placemark>
      <Placemark>
        <Style>
          <LineStyle>
            <color>ff42ff00</color>
            <width>2</width>
          </LineStyle>
        </Style>
        <MultiGeometry>
          <LineString>
            <tessellate>1</tessellate>
            <altitudeMode>absolute</altitudeMode>
            <coordinates>-112.13356,33.684639,678.18 -112.132462,33.684723,670.56</coordinates>
          </LineString>
        </MultiGeometry>
        <name>P-225</name>
        <description><![CDATA[<div><div><span><b>Altitude:</b></span> <span>2,225 ft - 2,200 ft</span></div>
<div><span><b>Speed:</b></span> <span>80 kt</span></div>
<div><span><b>Timestamp:</b></span><br/><span>2025-08-25 09:31:35 UTC<br/>2025-08-25 09:31:37 UTC</span></div>
</div>]]></description>
      </Placemark>
      <Placemark>
        <Style>
          <LineStyle>
            <color>ff42ff00</color>
            <width>2</width>
          </LineStyle>
        </Style>
        <MultiGeometry>
          <LineString>
            <tessellate>1</tessellate>
            <altitudeMode>absolute</altitudeMode>
            <coordinates>-112.132462,33.684723,670.56 -112.12854,33.684906,640.08</coordinates>
          </LineString>
        </MultiGeometry>
        <name>P-226</name>
        <description><![CDATA[<div><div><span><b>Altitude:</b></span> <span>2,200 ft - 2,100 ft</span></div>
<div><span><b>Speed:</b></span> <span>80 kt - 82 kt</span></div>
<div><span><b>Timestamp:</b></span><br/><span>2025-08-25 09:31:37 UTC<br/>2025-08-25 09:31:46 UTC</span></div>
</div>]]></description>
      </Placemark>
      <Placemark>
        <Style>
          <LineStyle>
            <color>ff42ff00</color>
            <width>2</width>
          </LineStyle>
        </Style>
        <MultiGeometry>
          <LineString>
            <tessellate>1</tessellate>
            <altitudeMode>absolute</altitudeMode>
            <coordinates>-112.12854,33.684906,640.08 -112.125893,33.685059,624.84</coordinates>
          </LineString>
        </MultiGeometry>
        <name>P-227</name>
        <description><![CDATA[<div><div><span><b>Altitude:</b></span> <span>2,100 ft - 2,050 ft</span></div>
<div><span><b>Speed:</b></span> <span>82 kt - 81 kt</span></div>
<div><span><b>Timestamp:</b></span><br/><span>2025-08-25 09:31:46 UTC<br/>2025-08-25 09:31:52 UTC</span></div>
</div>]]></description>
      </Placemark>
      <Placemark>
        <Style>
          <LineStyle>
            <color>ff42ff00</color>
            <width>2</width>
          </LineStyle>
        </Style>
        <MultiGeometry>
          <LineString>
            <tessellate>1</tessellate>
            <altitudeMode>absolute</altitudeMode>
            <coordinates>-112.125893,33.685059,624.84 -112.122002,33.685246,609.6</coordinates>
          </LineString>
        </MultiGeometry>
        <name>P-228</name>
        <description><![CDATA[<div><div><span><b>Altitude:</b></span> <span>2,050 ft - 2,000 ft</span></div>
<div><span><b>Speed:</b></span> <span>81 kt - 79 kt</span></div>
<div><span><b>Timestamp:</b></span><br/><span>2025-08-25 09:31:52 UTC<br/>2025-08-25 09:32:01 UTC</span></div>
</div>]]></description>
      </Placemark>
      <Placemark>
        <Style>
          <LineStyle>
            <color>ff42ff00</color>
            <width>2</width>
          </LineStyle>
        </Style>
        <MultiGeometry>
          <LineString>
            <tessellate>1</tessellate>
            <altitudeMode>absolute</altitudeMode>
            <coordinates>-112.122002,33.685246,609.6 -112.119232,33.685501,601.98</coordinates>
          </LineString>
        </MultiGeometry>
        <name>P-229</name>
        <description><![CDATA[<div><div><span><b>Altitude:</b></span> <span>2,000 ft - 1,975 ft</span></div>
<div><span><b>Speed:</b></span> <span>79 kt - 75 kt</span></div>
<div><span><b>Timestamp:</b></span><br/><span>2025-08-25 09:32:01 UTC<br/>2025-08-25 09:32:07 UTC</span></div>
</div>]]></description>
      </Placemark>
      <Placemark>
        <Style>
          <LineStyle>
            <color>ff42ff00</color>
            <width>2</width>
          </LineStyle>
        </Style>
        <MultiGeometry>
          <LineString>
            <tessellate>1</tessellate>
            <altitudeMode>absolute</altitudeMode>
            <coordinates>-112.119232,33.685501,601.98 -112.11554,33.685806,579.12</coordinates>
          </LineString>
        </MultiGeometry>
        <name>P-230</name>
        <description><![CDATA[<div><div><span><b>Altitude:</b></span> <span>1,975 ft - 1,900 ft</span></div>
<div><span><b>Speed:</b></span> <span>75 kt - 73 kt</span></div>
<div><span><b>Timestamp:</b></span><br/><span>2025-08-25 09:32:07 UTC<br/>2025-08-25 09:32:16 UTC</span></div>
</div>]]></description>
      </Placemark>
      <Placemark>
        <Style>
          <LineStyle>
            <color>ffccff00</color>
            <width>2</width>
          </LineStyle>
        </Style>
        <MultiGeometry>
          <LineString>
            <tessellate>1</tessellate>
            <altitudeMode>absolute</altitudeMode>
            <coordinates>-112.11554,33.685806,579.12 -112.112175,33.685959,571.5</coordinates>
          </LineString>
        </MultiGeometry>
        <name>P-231</name>
        <description><![CDATA[<div><div><span><b>Altitude:</b></span> <span>1,900 ft - 1,875 ft</span></div>
<div><span><b>Speed:</b></span> <span>73 kt - 68 kt</span></div>
<div><span><b>Timestamp:</b></span><br/><span>2025-08-25 09:32:16 UTC<br/>2025-08-25 09:32:24 UTC</span></div>
</div>]]></description>
      </Placemark>
      <Placemark>
        <Style>
          <LineStyle>
            <color>ffccff00</color>
            <width>2</width>
          </LineStyle>
        </Style>
        <MultiGeometry>
          <LineString>
            <tessellate>1</tessellate>
            <altitudeMode>absolute</altitudeMode>
            <coordinates>-112.112175,33.685959,571.5 -112.109818,33.68605,579.12</coordinates>
          </LineString>
        </MultiGeometry>
        <name>P-232</name>
        <description><![CDATA[<div><div><span><b>Altitude:</b></span> <span>1,875 ft - 1,900 ft</span></div>
<div><span><b>Speed:</b></span> <span>68 kt - 65 kt</span></div>
<div><span><b>Timestamp:</b></span><br/><span>2025-08-25 09:32:24 UTC<br/>2025-08-25 09:32:31 UTC</span></div>
</div>]]></description>
      </Placemark>
      <Placemark>
        <Style>
          <LineStyle>
            <color>ffccff00</color>
            <width>2</width>
          </LineStyle>
        </Style>
        <MultiGeometry>
          <LineString>
            <tessellate>1</tessellate>
            <altitudeMode>absolute</altitudeMode>
            <coordinates>-112.109818,33.68605,579.12 -112.108841,33.685989,579.12</coordinates>
          </LineString>
        </MultiGeometry>
        <name>P-233</name>
        <description><![CDATA[<div><div><span><b>Altitude:</b></span> <span>1,900 ft</span></div>
<div><span><b>Speed:</b></span> <span>65 kt - 66 kt</span></div>
<div><span><b>Timestamp:</b></span><br/><span>2025-08-25 09:32:31 UTC<br/>2025-08-25 09:32:33 UTC</span></div>
</div>]]></description>
      </Placemark>
      <Placemark>
        <Style>
          <LineStyle>
            <color>ffccff00</color>
            <width>2</width>
          </LineStyle>
        </Style>
        <MultiGeometry>
          <LineString>
            <tessellate>1</tessellate>
            <altitudeMode>absolute</altitudeMode>
            <coordinates>-112.108841,33.685989,579.12 -112.107971,33.685867,579.12</coordinates>
          </LineString>
        </MultiGeometry>
        <name>P-234</name>
        <description><![CDATA[<div><div><span><b>Altitude:</b></span> <span>1,900 ft</span></div>
<div><span><b>Speed:</b></span> <span>66 kt - 68 kt</span></div>
<div><span><b>Timestamp:</b></span><br/><span>2025-08-25 09:32:33 UTC<br/>2025-08-25 09:32:36 UTC</span></div>
</div>]]></description>
      </Placemark>
      <Placemark>
        <Style>
          <LineStyle>
            <color>ffccff00</color>
            <width>2</width>
          </LineStyle>
        </Style>
        <MultiGeometry>
          <LineString>
            <tessellate>1</tessellate>
            <altitudeMode>absolute</altitudeMode>
            <coordinates>-112.107971,33.685867,579.12 -112.107239,33.685806,579.12</coordinates>
          </LineString>
        </MultiGeometry>
        <name>P-235</name>
        <description><![CDATA[<div><div><span><b>Altitude:</b></span> <span>1,900 ft</span></div>
<div><span><b>Speed:</b></span> <span>68 kt - 71 kt</span></div>
<div><span><b>Timestamp:</b></span><br/><span>2025-08-25 09:32:36 UTC<br/>2025-08-25 09:32:38 UTC</span></div>
</div>]]></description>
      </Placemark>
      <Placemark>
        <Style>
          <LineStyle>
            <color>ffccff00</color>
            <width>2</width>
          </LineStyle>
        </Style>
        <MultiGeometry>
          <LineString>
            <tessellate>1</tessellate>
            <altitudeMode>absolute</altitudeMode>
            <coordinates>-112.107239,33.685806,579.12 -112.106384,33.685711,579.12</coordinates>
          </LineString>
        </MultiGeometry>
        <name>P-236</name>
        <description><![CDATA[<div><div><span><b>Altitude:</b></span> <span>1,900 ft</span></div>
<div><span><b>Speed:</b></span> <span>71 kt - 73 kt</span></div>
<div><span><b>Timestamp:</b></span><br/><span>2025-08-25 09:32:38 UTC<br/>2025-08-25 09:32:40 UTC</span></div>
</div>]]></description>
      </Placemark>
      <Placemark>
        <Style>
          <LineStyle>
            <color>ffccff00</color>
            <width>2</width>
          </LineStyle>
        </Style>
        <MultiGeometry>
          <LineString>
            <tessellate>1</tessellate>
            <altitudeMode>absolute</altitudeMode>
            <coordinates>-112.106384,33.685711,579.12 -112.105331,33.685638,579.12</coordinates>
          </LineString>
        </MultiGeometry>
        <name>P-237</name>
        <description><![CDATA[<div><div><span><b>Altitude:</b></span> <span>1,900 ft</span></div>
<div><span><b>Speed:</b></span> <span>73 kt - 76 kt</span></div>
<div><span><b>Timestamp:</b></span><br/><span>2025-08-25 09:32:40 UTC<br/>2025-08-25 09:32:42 UTC</span></div>
</div>]]></description>
      </Placemark>
      <Placemark>
        <Style>
          <LineStyle>
            <color>ffccff00</color>
            <width>2</width>
          </LineStyle>
        </Style>
        <MultiGeometry>
          <LineString>
            <tessellate>1</tessellate>
            <altitudeMode>absolute</altitudeMode>
            <coordinates>-112.105331,33.685638,579.12 -112.104378,33.685593,571.5</coordinates>
          </LineString>
        </MultiGeometry>
        <name>P-238</name>
        <description><![CDATA[<div><div><span><b>Altitude:</b></span> <span>1,900 ft - 1,875 ft</span></div>
<div><span><b>Speed:</b></span> <span>76 kt - 78 kt</span></div>
<div><span><b>Timestamp:</b></span><br/><span>2025-08-25 09:32:42 UTC<br/>2025-08-25 09:32:44 UTC</span></div>
</div>]]></description>
      </Placemark>
      <Placemark>
        <Style>
          <LineStyle>
            <color>ffccff00</color>
            <width>2</width>
          </LineStyle>
        </Style>
        <MultiGeometry>
          <LineString>
            <tessellate>1</tessellate>
            <altitudeMode>absolute</altitudeMode>
            <coordinates>-112.104378,33.685593,571.5 -112.103317,33.685501,571.5</coordinates>
          </LineString>
        </MultiGeometry>
        <name>P-239</name>
        <description><![CDATA[<div><div><span><b>Altitude:</b></span> <span>1,875 ft</span></div>
<div><span><b>Speed:</b></span> <span>78 kt - 80 kt</span></div>
<div><span><b>Timestamp:</b></span><br/><span>2025-08-25 09:32:44 UTC<br/>2025-08-25 09:32:47 UTC</span></div>
</div>]]></description>
      </Placemark>
      <Placemark>
        <Style>
          <LineStyle>
            <color>ffccff00</color>
            <width>2</width>
          </LineStyle>
        </Style>
        <MultiGeometry>
          <LineString>
            <tessellate>1</tessellate>
            <altitudeMode>absolute</altitudeMode>
            <coordinates>-112.103317,33.685501,571.5 -112.102417,33.685455,571.5</coordinates>
          </LineString>
        </MultiGeometry>
        <name>P-240</name>
        <description><![CDATA[<div><div><span><b>Altitude:</b></span> <span>1,875 ft</span></div>
<div><span><b>Speed:</b></span> <span>80 kt</span></div>
<div><span><b>Timestamp:</b></span><br/><span>2025-08-25 09:32:47 UTC<br/>2025-08-25 09:32:49 UTC</span></div>
</div>]]></description>
      </Placemark>
      <Placemark>
        <Style>
          <LineStyle>
            <color>ffccff00</color>
            <width>2</width>
          </LineStyle>
        </Style>
        <MultiGeometry>
          <LineString>
            <tessellate>1</tessellate>
            <altitudeMode>absolute</altitudeMode>
            <coordinates>-112.102417,33.685455,571.5 -112.101357,33.68541,571.5</coordinates>
          </LineString>
        </MultiGeometry>
        <name>P-241</name>
        <description><![CDATA[<div><div><span><b>Altitude:</b></span> <span>1,875 ft</span></div>
<div><span><b>Speed:</b></span> <span>80 kt - 81 kt</span></div>
<div><span><b>Timestamp:</b></span><br/><span>2025-08-25 09:32:49 UTC<br/>2025-08-25 09:32:51 UTC</span></div>
</div>]]></description>
      </Placemark>
      <Placemark>
        <Style>
          <LineStyle>
            <color>ffccff00</color>
            <width>2</width>
          </LineStyle>
        </Style>
        <MultiGeometry>
          <LineString>
            <tessellate>1</tessellate>
            <altitudeMode>absolute</altitudeMode>
            <coordinates>-112.101357,33.68541,571.5 -112.097282,33.685478,563.88</coordinates>
          </LineString>
        </MultiGeometry>
        <name>P-242</name>
        <description><![CDATA[<div><div><span><b>Altitude:</b></span> <span>1,875 ft - 1,850 ft</span></div>
<div><span><b>Speed:</b></span> <span>81 kt - 80 kt</span></div>
<div><span><b>Timestamp:</b></span><br/><span>2025-08-25 09:32:51 UTC<br/>2025-08-25 09:33:00 UTC</span></div>
</div>]]></description>
      </Placemark>
      <Placemark>
        <Style>
          <LineStyle>
            <color>ffccff00</color>
            <width>2</width>
          </LineStyle>
        </Style>
        <MultiGeometry>
          <LineString>
            <tessellate>1</tessellate>
            <altitudeMode>absolute</altitudeMode>
            <coordinates>-112.097282,33.685478,563.88 -112.096474,33.685501,563.88</coordinates>
          </LineString>
        </MultiGeometry>
        <name>P-243</name>
        <description><![CDATA[<div><div><span><b>Altitude:</b></span> <span>1,850 ft</span></div>
<div><span><b>Speed:</b></span> <span>80 kt - 79 kt</span></div>
<div><span><b>Timestamp:</b></span><br/><span>2025-08-25 09:33:00 UTC<br/>2025-08-25 09:33:03 UTC</span></div>
</div>]]></description>
      </Placemark>
      <Placemark>
        <Style>
          <LineStyle>
            <color>ffccff00</color>
            <width>2</width>
          </LineStyle>
        </Style>
        <MultiGeometry>
          <LineString>
            <tessellate>1</tessellate>
            <altitudeMode>absolute</altitudeMode>
            <coordinates>-112.096474,33.685501,563.88 -112.095413,33.685547,563.88</coordinates>
          </LineString>
        </MultiGeometry>
        <name>P-244</name>
        <description><![CDATA[<div><div><span><b>Altitude:</b></span> <span>1,850 ft</span></div>
<div><span><b>Speed:</b></span> <span>79 kt - 78 kt</span></div>
<div><span><b>Timestamp:</b></span><br/><span>2025-08-25 09:33:03 UTC<br/>2025-08-25 09:33:05 UTC</span></div>
</div>]]></description>
      </Placemark>
      <Placemark>
        <Style>
          <LineStyle>
            <color>ffccff00</color>
            <width>2</width>
          </LineStyle>
        </Style>
        <MultiGeometry>
          <LineString>
            <tessellate>1</tessellate>
            <altitudeMode>absolute</altitudeMode>
            <coordinates>-112.095413,33.685547,563.88 -112.094574,33.685593,563.88</coordinates>
          </LineString>
        </MultiGeometry>
        <name>P-245</name>
        <description><![CDATA[<div><div><span><b>Altitude:</b></span> <span>1,850 ft</span></div>
<div><span><b>Speed:</b></span> <span>78 kt - 77 kt</span></div>
<div><span><b>Timestamp:</b></span><br/><span>2025-08-25 09:33:05 UTC<br/>2025-08-25 09:33:07 UTC</span></div>
</div>]]></description>
      </Placemark>
      <Placemark>
        <Style>
          <LineStyle>
            <color>ffccff00</color>
            <width>2</width>
          </LineStyle>
        </Style>
        <MultiGeometry>
          <LineString>
            <tessellate>1</tessellate>
            <altitudeMode>absolute</altitudeMode>
            <coordinates>-112.094574,33.685593,563.88 -112.093506,33.685665,563.88</coordinates>
          </LineString>
        </MultiGeometry>
        <name>P-246</name>
        <description><![CDATA[<div><div><span><b>Altitude:</b></span> <span>1,850 ft</span></div>
<div><span><b>Speed:</b></span> <span>77 kt - 76 kt</span></div>
<div><span><b>Timestamp:</b></span><br/><span>2025-08-25 09:33:07 UTC<br/>2025-08-25 09:33:09 UTC</span></div>
</div>]]></description>
      </Placemark>
      <Placemark>
        <Style>
          <LineStyle>
            <color>ffccff00</color>
            <width>2</width>
          </LineStyle>
        </Style>
        <MultiGeometry>
          <LineString>
            <tessellate>1</tessellate>
            <altitudeMode>absolute</altitudeMode>
            <coordinates>-112.093506,33.685665,563.88 -112.092758,33.685711,563.88</coordinates>
          </LineString>
        </MultiGeometry>
        <name>P-247</name>
        <description><![CDATA[<div><div><span><b>Altitude:</b></span> <span>1,850 ft</span></div>
<div><span><b>Speed:</b></span> <span>76 kt - 75 kt</span></div>
<div><span><b>Timestamp:</b></span><br/><span>2025-08-25 09:33:09 UTC<br/>2025-08-25 09:33:11 UTC</span></div>
</div>]]></description>
      </Placemark>
      <Placemark>
        <Style>
          <LineStyle>
            <color>ffccff00</color>
            <width>2</width>
          </LineStyle>
        </Style>
        <MultiGeometry>
          <LineString>
            <tessellate>1</tessellate>
            <altitudeMode>absolute</altitudeMode>
            <coordinates>-112.092758,33.685711,563.88 -112.091713,33.685776,556.26</coordinates>
          </LineString>
        </MultiGeometry>
        <name>P-248</name>
        <description><![CDATA[<div><div><span><b>Altitude:</b></span> <span>1,850 ft - 1,825 ft</span></div>
<div><span><b>Speed:</b></span> <span>75 kt - 74 kt</span></div>
<div><span><b>Timestamp:</b></span><br/><span>2025-08-25 09:33:11 UTC<br/>2025-08-25 09:33:14 UTC</span></div>
</div>]]></description>
      </Placemark>
      <Placemark>
        <Style>
          <LineStyle>
            <color>ffccff00</color>
            <width>2</width>
          </LineStyle>
        </Style>
        <MultiGeometry>
          <LineString>
            <tessellate>1</tessellate>
            <altitudeMode>absolute</altitudeMode>
            <coordinates>-112.091713,33.685776,556.26 -112.090874,33.685852,556.26</coordinates>
          </LineString>
        </MultiGeometry>
        <name>P-249</name>
        <description><![CDATA[<div><div><span><b>Altitude:</b></span> <span>1,825 ft</span></div>
<div><span><b>Speed:</b></span> <span>74 kt - 72 kt</span></div>
<div><span><b>Timestamp:</b></span><br/><span>2025-08-25 09:33:14 UTC<br/>2025-08-25 09:33:16 UTC</span></div>
</div>]]></description>
      </Placemark>
      <Placemark>
        <Style>
          <LineStyle>
            <color>ffccff00</color>
            <width>2</width>
          </LineStyle>
        </Style>
        <MultiGeometry>
          <LineString>
            <tessellate>1</tessellate>
            <altitudeMode>absolute</altitudeMode>
            <coordinates>-112.090874,33.685852,556.26 -112.089859,33.685913,556.26</coordinates>
          </LineString>
        </MultiGeometry>
        <name>P-250</name>
        <description><![CDATA[<div><div><span><b>Altitude:</b></span> <span>1,825 ft</span></div>
<div><span><b>Speed:</b></span> <span>72 kt - 71 kt</span></div>
<div><span><b>Timestamp:</b></span><br/><span>2025-08-25 09:33:16 UTC<br/>2025-08-25 09:33:18 UTC</span></div>
</div>]]></description>
      </Placemark>
      <Placemark>
        <Style>
          <LineStyle>
            <color>ffccff00</color>
            <width>2</width>
          </LineStyle>
        </Style>
        <MultiGeometry>
          <LineString>
            <tessellate>1</tessellate>
            <altitudeMode>absolute</altitudeMode>
            <coordinates>-112.089859,33.685913,556.26 -112.089081,33.685959,556.26</coordinates>
          </LineString>
        </MultiGeometry>
        <name>P-251</name>
        <description><![CDATA[<div><div><span><b>Altitude:</b></span> <span>1,825 ft</span></div>
<div><span><b>Speed:</b></span> <span>71 kt - 69 kt</span></div>
<div><span><b>Timestamp:</b></span><br/><span>2025-08-25 09:33:18 UTC<br/>2025-08-25 09:33:20 UTC</span></div>
</div>]]></description>
      </Placemark>
      <Placemark>
        <Style>
          <LineStyle>
            <color>ffccff00</color>
            <width>2</width>
          </LineStyle>
        </Style>
        <MultiGeometry>
          <LineString>
            <tessellate>1</tessellate>
            <altitudeMode>absolute</altitudeMode>
            <coordinates>-112.089081,33.685959,556.26 -112.088234,33.686005,556.26</coordinates>
          </LineString>
        </MultiGeometry>
        <name>P-252</name>
        <description><![CDATA[<div><div><span><b>Altitude:</b></span> <span>1,825 ft</span></div>
<div><span><b>Speed:</b></span> <span>69 kt - 68 kt</span></div>
<div><span><b>Timestamp:</b></span><br/><span>2025-08-25 09:33:20 UTC<br/>2025-08-25 09:33:23 UTC</span></div>
</div>]]></description>
      </Placemark>
      <Placemark>
        <Style>
          <LineStyle>
            <color>ffccff00</color>
            <width>2</width>
          </LineStyle>
        </Style>
        <MultiGeometry>
          <LineString>
            <tessellate>1</tessellate>
            <altitudeMode>absolute</altitudeMode>
            <coordinates>-112.088234,33.686005,556.26 -112.087265,33.686085,548.64</coordinates>
          </LineString>
        </MultiGeometry>
        <name>P-253</name>
        <description><![CDATA[<div><div><span><b>Altitude:</b></span> <span>1,825 ft - 1,800 ft</span></div>
<div><span><b>Speed:</b></span> <span>68 kt - 65 kt</span></div>
<div><span><b>Timestamp:</b></span><br/><span>2025-08-25 09:33:23 UTC<br/>2025-08-25 09:33:25 UTC</span></div>
</div>]]></description>
      </Placemark>
      <Placemark>
        <Style>
          <LineStyle>
            <color>ffccff00</color>
            <width>2</width>
          </LineStyle>
        </Style>
        <MultiGeometry>
          <LineString>
            <tessellate>1</tessellate>
            <altitudeMode>absolute</altitudeMode>
            <coordinates>-112.087265,33.686085,548.64 -112.086555,33.686188,548.64</coordinates>
          </LineString>
        </MultiGeometry>
        <name>P-254</name>
        <description><![CDATA[<div><div><span><b>Altitude:</b></span> <span>1,800 ft</span></div>
<div><span><b>Speed:</b></span> <span>65 kt - 63 kt</span></div>
<div><span><b>Timestamp:</b></span><br/><span>2025-08-25 09:33:25 UTC<br/>2025-08-25 09:33:27 UTC</span></div>
</div>]]></description>
      </Placemark>
      <Placemark>
        <Style>
          <LineStyle>
            <color>ffccff00</color>
            <width>2</width>
          </LineStyle>
        </Style>
        <MultiGeometry>
          <LineString>
            <tessellate>1</tessellate>
            <altitudeMode>absolute</altitudeMode>
            <coordinates>-112.086555,33.686188,548.64 -112.083862,33.686325,541.02</coordinates>
          </LineString>
        </MultiGeometry>
        <name>P-255</name>
        <description><![CDATA[<div><div><span><b>Altitude:</b></span> <span>1,800 ft - 1,775 ft</span></div>
<div><span><b>Speed:</b></span> <span>63 kt - 54 kt</span></div>
<div><span><b>Timestamp:</b></span><br/><span>2025-08-25 09:33:27 UTC<br/>2025-08-25 09:33:36 UTC</span></div>
</div>]]></description>
      </Placemark>
      <Placemark>
        <Style>
          <LineStyle>
            <color>ffccff00</color>
            <width>2</width>
          </LineStyle>
        </Style>
        <MultiGeometry>
          <LineString>
            <tessellate>1</tessellate>
            <altitudeMode>absolute</altitudeMode>
            <coordinates>-112.083862,33.686325,541.02 -112.082001,33.686363,533.4</coordinates>
          </LineString>
        </MultiGeometry>
        <name>P-256</name>
        <description><![CDATA[<div><div><span><b>Altitude:</b></span> <span>1,775 ft - 1,750 ft</span></div>
<div><span><b>Speed:</b></span> <span>54 kt - 50 kt</span></div>
<div><span><b>Timestamp:</b></span><br/><span>2025-08-25 09:33:36 UTC<br/>2025-08-25 09:33:42 UTC</span></div>
</div>]]></description>
      </Placemark>
      <Placemark>
        <Style>
          <LineStyle>
            <color>ffccff00</color>
            <width>2</width>
          </LineStyle>
        </Style>
        <MultiGeometry>
          <LineString>
            <tessellate>1</tessellate>
            <altitudeMode>absolute</altitudeMode>
            <coordinates>-112.082001,33.686363,533.4 -112.079834,33.686504,510.54</coordinates>
          </LineString>
        </MultiGeometry>
        <name>P-257</name>
        <description><![CDATA[<div><div><span><b>Altitude:</b></span> <span>1,750 ft - 1,675 ft</span></div>
<div><span><b>Speed:</b></span> <span>50 kt - 40 kt</span></div>
<div><span><b>Timestamp:</b></span><br/><span>2025-08-25 09:33:42 UTC<br/>2025-08-25 09:33:51 UTC</span></div>
</div>]]></description>
      </Placemark>
      <Placemark>
        <Style>
          <LineStyle>
            <color>ffccff00</color>
            <width>2</width>
          </LineStyle>
        </Style>
        <MultiGeometry>
          <LineString>
            <tessellate>1</tessellate>
            <altitudeMode>absolute</altitudeMode>
            <coordinates>-112.079834,33.686504,510.54 -112.078369,33.6866,502.92</coordinates>
          </LineString>
        </MultiGeometry>
        <name>P-258</name>
        <description><![CDATA[<div><div><span><b>Altitude:</b></span> <span>1,675 ft - 1,650 ft</span></div>
<div><span><b>Speed:</b></span> <span>40 kt - 35 kt</span></div>
<div><span><b>Timestamp:</b></span><br/><span>2025-08-25 09:33:51 UTC<br/>2025-08-25 09:33:58 UTC</span></div>
</div>]]></description>
      </Placemark>
      <Placemark>
        <Style>
          <LineStyle>
            <color>ffccff00</color>
            <width>2</width>
          </LineStyle>
        </Style>
        <MultiGeometry>
          <LineString>
            <tessellate>1</tessellate>
            <altitudeMode>absolute</altitudeMode>
            <coordinates>-112.078369,33.6866,502.92 -112.076683,33.686687,487.68</coordinates>
          </LineString>
        </MultiGeometry>
        <name>P-259</name>
        <description><![CDATA[<div><div><span><b>Altitude:</b></span> <span>1,650 ft - 1,600 ft</span></div>
<div><span><b>Speed:</b></span> <span>35 kt - 31 kt</span></div>
<div><span><b>Timestamp:</b></span><br/><span>2025-08-25 09:33:58 UTC<br/>2025-08-25 09:34:07 UTC</span></div>
</div>]]></description>
      </Placemark>
      <Placemark>
        <Style>
          <LineStyle>
            <color>ffccff00</color>
            <width>2</width>
          </LineStyle>
        </Style>
        <MultiGeometry>
          <LineString>
            <tessellate>1</tessellate>
            <altitudeMode>absolute</altitudeMode>
            <coordinates>-112.076683,33.686687,487.68 -112.075653,33.686737,487.68</coordinates>
          </LineString>
        </MultiGeometry>
        <name>P-260</name>
        <description><![CDATA[<div><div><span><b>Altitude:</b></span> <span>1,600 ft</span></div>
<div><span><b>Speed:</b></span> <span>31 kt - 21 kt</span></div>
<div><span><b>Timestamp:</b></span><br/><span>2025-08-25 09:34:07 UTC<br/>2025-08-25 09:34:14 UTC</span></div>
</div>]]></description>
      </Placemark>
      <Placemark>
        <Style>
          <LineStyle>
            <color>ffccff00</color>
            <width>2</width>
          </LineStyle>
        </Style>
        <MultiGeometry>
          <LineString>
            <tessellate>1</tessellate>
            <altitudeMode>absolute</altitudeMode>
            <coordinates>-112.075653,33.686737,487.68 -112.074852,33.686829,480.06</coordinates>
          </LineString>
        </MultiGeometry>
        <name>P-261</name>
        <description><![CDATA[<div><div><span><b>Altitude:</b></span> <span>1,600 ft - 1,575 ft</span></div>
<div><span><b>Speed:</b></span> <span>21 kt - 16 kt</span></div>
<div><span><b>Timestamp:</b></span><br/><span>2025-08-25 09:34:14 UTC<br/>2025-08-25 09:34:22 UTC</span></div>
</div>]]></description>
      </Placemark>
      <Placemark>
        <Style>
          <LineStyle>
            <color>ffccff00</color>
            <width>2</width>
          </LineStyle>
        </Style>
        <MultiGeometry>
          <LineString>
            <tessellate>1</tessellate>
            <altitudeMode>absolute</altitudeMode>
            <coordinates>-112.074852,33.686829,480.06 -112.074623,33.686829,480.06</coordinates>
          </LineString>
        </MultiGeometry>
        <name>P-262</name>
        <description><![CDATA[<div><div><span><b>Altitude:</b></span> <span>1,575 ft</span></div>
<div><span><b>Speed:</b></span> <span>16 kt - 14 kt</span></div>
<div><span><b>Timestamp:</b></span><br/><span>2025-08-25 09:34:22 UTC<br/>2025-08-25 09:34:24 UTC</span></div>
</div>]]></description>
      </Placemark>
      <Placemark>
        <Style>
          <LineStyle>
            <color>ffccff00</color>
            <width>2</width>
          </LineStyle>
        </Style>
        <MultiGeometry>
          <LineString>
            <tessellate>1</tessellate>
            <altitudeMode>absolute</altitudeMode>
            <coordinates>-112.074623,33.686829,480.06 -112.074341,33.686783,480.06</coordinates>
          </LineString>
        </MultiGeometry>
        <name>P-263</name>
        <description><![CDATA[<div><div><span><b>Altitude:</b></span> <span>1,575 ft</span></div>
<div><span><b>Speed:</b></span> <span>14 kt - 9 kt</span></div>
<div><span><b>Timestamp:</b></span><br/><span>2025-08-25 09:34:24 UTC<br/>2025-08-25 09:34:29 UTC</span></div>
</div>]]></description>
      </Placemark>
      <Placemark>
        <Style>
          <LineStyle>
            <color>ffccff00</color>
            <width>2</width>
          </LineStyle>
        </Style>
        <MultiGeometry>
          <LineString>
            <tessellate>1</tessellate>
            <altitudeMode>clampToGround</altitudeMode>
            <coordinates>-112.074341,33.686783,480.06 -112.074135,33.686562,0</coordinates>
          </LineString>
        </MultiGeometry>
        <name>P-264</name>
        <description><![CDATA[<div><div><span><b>Altitude:</b></span> <span>1,575 ft - 0 ft</span></div>
<div><span><b>Speed:</b></span> <span>9 kt - 8 kt</span></div>
<div><span><b>Timestamp:</b></span><br/><span>2025-08-25 09:34:29 UTC<br/>2025-08-25 09:34:38 UTC</span></div>
</div>]]></description>
      </Placemark>
      <Placemark>
        <Style>
          <LineStyle>
            <color>ffffffff</color>
            <width>2</width>
          </LineStyle>
        </Style>
        <MultiGeometry>
          <LineString>
            <tessellate>1</tessellate>
            <altitudeMode>clampToGround</altitudeMode>
            <coordinates>-112.074135,33.686562,0 -112.073921,33.686493,0</coordinates>
          </LineString>
        </MultiGeometry>
        <name>P-265</name>
        <description><![CDATA[<div><div><span><b>Altitude:</b></span> <span>0 ft</span></div>
<div><span><b>Speed:</b></span> <span>8 kt - 2 kt</span></div>
<div><span><b>Timestamp:</b></span><br/><span>2025-08-25 09:34:38 UTC<br/>2025-08-25 09:34:50 UTC</span></div>
</div>]]></description>
      </Placemark>
    </Folder>
  </Document>
</kml>
